# Blender 4.4.0
# www.blender.org
mtllib Meshy_AI_a_women_named_Adriana_0428000007_texture.mtl
o Meshy_AI_a_women_named_Adriana_0428000007_texture
v 0.008720 0.470517 -0.361276
v -0.016180 0.510020 -0.353142
v 0.024388 0.502055 -0.357749
v -0.015818 0.473800 -0.346460
v -0.034416 0.474726 -0.347804
v -0.043923 0.494677 -0.353815
v -0.002389 0.455970 -0.337527
v 0.057936 0.459086 -0.333766
v 0.027712 0.365351 -0.344743
v 0.016623 0.368608 -0.340856
v 0.011268 0.382440 -0.356162
v -0.043673 0.546218 -0.323434
v 0.018217 0.390671 -0.319732
v 0.060332 0.519363 -0.330131
v 0.007365 0.542747 -0.340152
v 0.038337 0.556323 -0.333830
v 0.048964 0.426154 -0.321472
v -0.036860 0.459553 -0.324234
v -0.051885 0.462307 -0.332969
v 0.046057 0.389006 -0.319883
v -0.069116 0.517394 -0.310316
v -0.003599 0.570575 -0.327586
v -0.006616 0.615867 -0.331841
v 0.073906 0.561240 -0.324146
v 0.062081 0.628048 -0.333883
v -0.052864 0.589860 -0.327976
v 0.039005 0.650403 -0.323986
v 0.068326 0.660420 -0.319367
v -0.082670 0.339766 -0.326589
v -0.100672 0.367046 -0.323499
v -0.073897 0.342565 -0.335753
v 0.061749 0.413373 -0.310248
v -0.060110 0.499405 -0.322296
v 0.086473 0.632404 -0.329193
v 0.086757 0.578471 -0.315933
v -0.082935 0.617681 -0.325763
v -0.037631 0.635615 -0.324094
v 0.018731 0.412079 -0.306899
v -0.012407 0.406952 -0.300152
v -0.083771 0.470516 -0.315968
v 0.095803 0.469038 -0.306296
v -0.001147 0.658471 -0.310670
v -0.117579 0.364511 -0.311570
v 0.051283 0.381069 -0.300956
v 0.086307 0.448934 -0.309665
v -0.100324 0.482900 -0.314301
v -0.092574 0.508363 -0.312864
v 0.092750 0.520439 -0.301225
v -0.091332 0.577262 -0.308017
v 0.126027 0.633994 -0.306138
v 0.123964 0.656980 -0.303483
v -0.087510 0.344416 -0.308775
v -0.079028 0.548883 -0.302763
v -0.107796 0.618520 -0.298787
v 0.114068 0.603193 -0.295021
v -0.041659 0.674704 -0.289184
v -0.088228 0.367203 -0.303177
v -0.118395 0.401844 -0.304419
v -0.039160 0.411958 -0.290437
v -0.081391 0.406940 -0.285325
v -0.130658 0.466104 -0.297940
v -0.100192 0.448003 -0.296266
v -0.133891 0.512671 -0.294769
v -0.094938 0.668373 -0.277144
v 0.046073 0.700871 -0.273230
v -0.068740 0.323481 -0.305039
v 0.039566 0.386418 -0.286229
v -0.122334 0.447339 -0.298358
v -0.142767 0.404532 -0.298634
v -0.104238 0.540391 -0.290591
v -0.004230 0.701504 -0.287105
v -0.097023 0.332901 -0.278562
v -0.068781 0.367268 -0.272793
v 0.022414 0.392315 -0.287218
v -0.153316 0.428797 -0.288460
v -0.111091 0.565719 -0.291171
v -0.122353 0.610975 -0.287519
v 0.066220 0.687981 -0.274256
v -0.025771 0.344790 -0.292338
v -0.045383 0.372395 -0.290143
v -0.028096 0.375853 -0.282786
v -0.137909 0.374926 -0.278747
v -0.085362 0.378779 -0.289265
v 0.071809 0.424128 -0.275529
v 0.086824 0.550001 -0.274291
v 0.143791 0.638563 -0.286641
v -0.146982 0.389166 -0.282753
v -0.162819 0.465719 -0.277649
v 0.081020 0.490963 -0.273263
v -0.127248 0.561475 -0.288437
v -0.132044 0.591735 -0.290083
v 0.148031 0.661516 -0.265020
v -0.017038 0.359570 -0.262879
v -0.062915 0.384842 -0.282543
v -0.006912 0.373483 -0.266297
v 0.088670 0.443195 -0.280880
v 0.100829 0.586677 -0.268493
v -0.150172 0.605806 -0.279011
v -0.132314 0.639771 -0.271500
v 0.108835 0.675043 -0.262664
v -0.155196 0.415625 -0.267233
v -0.173814 0.526623 -0.258550
v -0.163013 0.575448 -0.275875
v -0.046200 0.719654 -0.281595
v -0.101677 0.727989 -0.270171
v -0.004512 0.755290 -0.270109
v 0.028283 0.736726 -0.265159
v -0.041046 0.763629 -0.275325
v -0.078872 0.760288 -0.273596
v -0.017312 0.354506 -0.256805
v 0.034096 0.411708 -0.268432
v 0.057275 0.417642 -0.263549
v 0.075756 0.456192 -0.266734
v 0.076772 0.507223 -0.272578
v -0.159076 0.638682 -0.261877
v -0.105375 0.700442 -0.258658
v -0.107533 0.781316 -0.249712
v -0.032274 0.798880 -0.258530
v 0.001812 0.063220 -0.262804
v 0.037262 0.074459 -0.261121
v -0.021583 0.017031 -0.263618
v 0.029667 0.010270 -0.264393
v -0.076068 0.345976 -0.254948
v -0.104465 0.338556 -0.245049
v 0.018323 0.395539 -0.265211
v 0.078046 0.496523 -0.267797
v 0.086130 0.526034 -0.266446
v 0.134418 0.543045 -0.246803
v -0.204692 0.597970 -0.247689
v 0.125057 0.611715 -0.253887
v -0.186213 0.637436 -0.249857
v 0.156703 0.629216 -0.242220
v -0.096267 0.009417 -0.261485
v -0.114125 0.038978 -0.261837
v -0.069318 0.065288 -0.262432
v -0.043641 0.092422 -0.253545
v -0.129543 0.363662 -0.236294
v 0.045263 0.394474 -0.261360
v 0.081100 0.479416 -0.259649
v -0.186078 0.561552 -0.246938
v 0.140980 0.571506 -0.252663
v -0.151254 0.687015 -0.229147
v 0.138870 0.683066 -0.227251
v 0.005200 -0.026701 -0.253377
v -0.021922 -0.015327 -0.252097
v -0.151869 -0.009303 -0.243410
v 0.086842 0.025078 -0.251105
v 0.085892 0.084498 -0.239871
v 0.028715 0.094031 -0.252437
v -0.043424 0.297145 -0.254486
v 0.010158 0.292109 -0.259733
v -0.026137 0.249713 -0.255117
v 0.008845 0.381506 -0.258917
v -0.060405 0.358903 -0.255204
v 0.074303 0.357265 -0.248187
v 0.072001 0.446168 -0.259816
v 0.111477 0.509535 -0.249780
v 0.122281 0.515043 -0.244727
v -0.131460 0.746319 -0.243695
v -0.067802 0.816446 -0.242735
v 0.015911 0.785106 -0.251819
v 0.060215 -0.018356 -0.255370
v -0.157562 0.057027 -0.238351
v -0.104065 0.095662 -0.250448
v -0.057463 0.108415 -0.259894
v 0.002884 0.118438 -0.253315
v -0.055018 0.131583 -0.252723
v -0.082821 0.139073 -0.246104
v -0.072311 0.181135 -0.253608
v -0.048985 0.159967 -0.260740
v 0.005744 0.160567 -0.250072
v -0.019936 0.192451 -0.253549
v 0.026340 0.217077 -0.253967
v 0.040165 0.271633 -0.251863
v -0.073281 0.240322 -0.253418
v 0.101389 0.429036 -0.234070
v 0.108141 0.472319 -0.238952
v 0.167612 0.649979 -0.222311
v 0.062757 0.780462 -0.226160
v -0.049072 -0.036632 -0.236357
v -0.111465 0.127945 -0.243402
v 0.042228 0.163614 -0.229173
v -0.006814 0.138750 -0.238621
v -0.112883 0.151683 -0.228861
v -0.104431 0.292989 -0.244991
v 0.079933 0.307663 -0.240067
v 0.090535 0.388034 -0.237828
v -0.167378 0.430298 -0.242101
v 0.189142 0.596646 -0.243471
v 0.070751 0.713938 -0.232462
v -0.135850 0.716125 -0.236811
v -0.098817 0.811975 -0.227890
v 0.039935 -0.065434 -0.234996
v -0.084712 -0.045117 -0.238862
v -0.126356 -0.057632 -0.233374
v -0.182188 0.033429 -0.225480
v 0.126241 0.049994 -0.217916
v 0.063286 0.196230 -0.238965
v -0.118735 0.206923 -0.230547
v 0.077905 0.267239 -0.238260
v -0.123088 0.269605 -0.229621
v -0.147680 0.385852 -0.223762
v -0.168197 0.477913 -0.219658
v 0.058174 0.742660 -0.237622
v 0.031029 0.824469 -0.233827
v -0.099260 -0.936310 -0.244674
v -0.102925 -0.904506 -0.236696
v -0.058200 -0.937246 -0.237222
v 0.077116 -0.058181 -0.239292
v -0.025564 -0.043909 -0.226302
v -0.176445 -0.076232 -0.212610
v -0.150229 0.109006 -0.223319
v -0.180609 0.519837 -0.221966
v 0.159410 0.538875 -0.235222
v 0.201552 0.542058 -0.234558
v -0.218778 0.629529 -0.211979
v 0.098260 0.698198 -0.209613
v -0.127227 0.782375 -0.230598
v -0.018651 0.849069 -0.242528
v -0.121638 -0.940917 -0.232927
v -0.114703 -0.951129 -0.225264
v -0.066376 -0.890365 -0.232442
v -0.076773 -0.859903 -0.232953
v -0.133504 -0.651013 -0.233482
v -0.142975 -0.580020 -0.238851
v -0.086929 -0.612538 -0.233287
v -0.119073 -0.550241 -0.240608
v 0.120538 -0.030089 -0.226540
v 0.080809 0.125022 -0.226462
v 0.104384 0.328182 -0.220137
v -0.047508 0.856390 -0.237390
v -0.042284 -0.948499 -0.203617
v -0.113597 -0.874408 -0.229063
v -0.138259 0.179639 -0.218365
v -0.142620 0.335387 -0.223412
v 0.240022 0.569558 -0.230374
v 0.207783 0.522594 -0.228786
v -0.173248 0.663355 -0.231024
v 0.029276 0.871252 -0.227492
v 0.072381 -0.946307 -0.222693
v 0.049291 -0.931022 -0.241789
v 0.077510 -0.936622 -0.230123
v 0.014484 -0.889087 -0.216441
v 0.047075 -0.846837 -0.227602
v -0.088623 -0.827170 -0.230630
v -0.085501 -0.673615 -0.218805
v -0.191038 -0.055905 -0.210436
v -0.201026 -0.002592 -0.210831
v -0.173854 0.086947 -0.211308
v 0.108970 0.103246 -0.212267
v -0.154418 0.149735 -0.217972
v 0.083047 0.147864 -0.210543
v 0.102491 0.257202 -0.218714
v -0.159094 0.432888 -0.219237
v -0.201252 0.573585 -0.217365
v -0.217062 0.648875 -0.194160
v 0.162345 0.663296 -0.203682
v 0.083973 0.775290 -0.201654
v -0.102859 0.868677 -0.206364
v -0.071062 0.892295 -0.216030
v 0.014497 -0.941703 -0.222385
v -0.128124 -0.894910 -0.215278
v 0.026023 -0.843156 -0.217362
v -0.121032 -0.687295 -0.225708
v -0.151688 -0.673772 -0.214216
v -0.171265 -0.628691 -0.208263
v 0.032378 -0.601697 -0.219192
v 0.093021 -0.593755 -0.226201
v 0.065202 -0.648228 -0.225033
v -0.077993 -0.544163 -0.222770
v 0.054194 -0.557002 -0.226855
v -0.169581 -0.538763 -0.219392
v -0.119565 -0.497524 -0.228737
v 0.126455 -0.096044 -0.197716
v 0.100041 0.217994 -0.213002
v -0.185962 0.497045 -0.210984
v 0.141938 0.509994 -0.219228
v 0.169099 0.525825 -0.220185
v 0.228649 0.612236 -0.213509
v -0.161764 0.729876 -0.198987
v 0.058250 0.862039 -0.202016
v -0.008830 0.908569 -0.218229
v -0.085459 -0.953475 -0.170726
v 0.087775 -0.872784 -0.212283
v -0.053868 -0.851266 -0.214350
v 0.069330 -0.830633 -0.221079
v -0.106028 -0.827043 -0.204223
v 0.038076 -0.824559 -0.217773
v -0.084942 -0.819140 -0.212945
v -0.112208 -0.721049 -0.219664
v 0.084420 -0.672878 -0.217770
v 0.109648 -0.660236 -0.206333
v 0.036272 -0.638732 -0.214607
v 0.112928 -0.557069 -0.215106
v -0.169742 -0.577369 -0.218807
v 0.084350 -0.117866 -0.192633
v -0.140955 -0.095166 -0.198676
v -0.111886 -0.078756 -0.213668
v 0.015129 -0.080332 -0.206167
v -0.044830 -0.057524 -0.200162
v -0.192701 0.088333 -0.195250
v -0.182435 0.127048 -0.185901
v 0.072974 0.185822 -0.213011
v -0.142265 0.170955 -0.209457
v -0.131303 -0.715302 -0.215703
v -0.077610 -0.709717 -0.206980
v -0.061085 -0.636527 -0.197581
v 0.092515 -0.504961 -0.212359
v 0.052524 -0.493028 -0.208841
v -0.150243 -0.465020 -0.207362
v -0.099735 -0.454579 -0.211978
v 0.154398 -0.051726 -0.192991
v 0.100683 0.142897 -0.209588
v -0.164994 0.236385 -0.207805
v -0.158967 0.288603 -0.210600
v -0.169723 0.355280 -0.203632
v 0.113649 0.396089 -0.197235
v 0.244307 0.531621 -0.221680
v 0.278157 0.557819 -0.212053
v -0.136864 0.801169 -0.209260
v 0.027676 0.905194 -0.210749
v -0.044599 -0.891338 -0.203967
v 0.009983 -0.849970 -0.181802
v 0.053810 -0.703995 -0.211752
v 0.125780 -0.595894 -0.201090
v -0.071510 -0.470796 -0.193598
v 0.041165 -0.100560 -0.190937
v 0.116569 0.292669 -0.199943
v -0.182505 0.418917 -0.193288
v 0.223837 0.490883 -0.205384
v 0.318392 0.518338 -0.208792
v -0.224395 0.603182 -0.199920
v -0.170547 0.697338 -0.199906
v 0.087730 0.724147 -0.188146
v 0.077427 0.831231 -0.187373
v 0.093214 -0.950213 -0.201226
v -0.136732 -0.948637 -0.193229
v 0.099975 -0.917161 -0.189613
v -0.123585 -0.846308 -0.183937
v 0.070282 -0.826261 -0.199710
v -0.098698 -0.783665 -0.212420
v -0.118366 -0.801941 -0.197980
v -0.136743 -0.750019 -0.200064
v -0.070954 -0.740205 -0.199478
v 0.127821 -0.564939 -0.196446
v 0.005784 -0.581876 -0.183728
v 0.124809 -0.511011 -0.193912
v -0.174837 -0.504977 -0.198705
v -0.029024 -0.060119 -0.195856
v 0.156930 0.019734 -0.184203
v -0.176899 0.217921 -0.189801
v 0.133101 0.441574 -0.169498
v -0.186485 0.465619 -0.192461
v 0.142131 0.476144 -0.182693
v 0.253824 0.515220 -0.214902
v 0.171640 0.511351 -0.187938
v 0.215560 0.631448 -0.184203
v -0.054225 0.928729 -0.193698
v 0.001640 0.942358 -0.187547
v 0.010314 -0.949338 -0.150376
v 0.002648 -0.936716 -0.200061
v -0.137242 -0.934590 -0.172000
v 0.052289 -0.814798 -0.204046
v -0.071112 -0.790627 -0.186597
v 0.074726 -0.756072 -0.202578
v -0.055926 -0.580508 -0.194319
v 0.021091 -0.525388 -0.197298
v -0.166656 -0.099168 -0.194605
v -0.222252 0.028419 -0.175425
v 0.207127 0.478559 -0.179727
v 0.293937 0.479441 -0.182155
v 0.237570 0.496571 -0.195931
v 0.362556 0.488228 -0.191411
v 0.349745 0.535191 -0.195715
v 0.273190 0.579623 -0.203503
v 0.116932 0.691153 -0.182865
v -0.138522 -0.874041 -0.177936
v 0.040950 -0.776570 -0.196473
v -0.151716 -0.723322 -0.185017
v -0.164272 -0.678329 -0.185409
v 0.014110 -0.640880 -0.185779
v -0.188621 -0.534821 -0.185054
v 0.123452 -0.475858 -0.183398
v -0.098267 -0.090671 -0.186280
v -0.160255 0.185659 -0.191652
v 0.114023 0.236649 -0.195817
v -0.179142 0.266072 -0.183070
v 0.385666 0.515095 -0.192042
v -0.247728 0.553971 -0.186787
v -0.196488 0.674850 -0.169853
v -0.168834 0.779663 -0.173555
v -0.132066 0.847858 -0.175745
v 0.005046 -0.892760 -0.175348
v 0.102580 -0.878151 -0.183542
v -0.045176 -0.849934 -0.184580
v 0.037805 -0.819979 -0.192052
v -0.056155 -0.830960 -0.170394
v 0.080307 -0.780767 -0.191026
v 0.023243 -0.737982 -0.181369
v 0.021239 -0.691176 -0.186926
v -0.060003 -0.688049 -0.175798
v -0.183549 -0.600602 -0.177733
v -0.058228 -0.520472 -0.174711
v 0.071673 -0.448422 -0.194666
v -0.166659 -0.433110 -0.177595
v -0.137996 -0.423499 -0.192644
v -0.071123 -0.419351 -0.191891
v -0.093050 -0.391334 -0.196545
v 0.150554 -0.099549 -0.178667
v 0.167088 -0.033869 -0.175788
v -0.223837 0.054870 -0.157894
v 0.127277 0.133731 -0.184785
v 0.133793 0.173653 -0.175720
v 0.101014 0.209818 -0.189438
v 0.061031 0.892254 -0.178219
v 0.108714 -0.728210 -0.171579
v 0.133576 -0.614657 -0.158678
v -0.181048 -0.468270 -0.163567
v -0.116486 -0.347519 -0.189437
v -0.182862 0.165646 -0.189186
v -0.178048 0.295264 -0.171627
v -0.187400 0.388643 -0.164620
v -0.221742 0.621255 -0.187992
v 0.262075 0.606587 -0.176419
v -0.103090 0.910650 -0.171325
v 0.035534 0.938300 -0.168135
v -0.044410 -0.925866 -0.154732
v -0.172351 -0.642181 -0.152234
v 0.009930 -0.635221 -0.156848
v 0.026569 -0.453871 -0.179296
v -0.072956 -0.360914 -0.186693
v -0.161548 -0.284166 -0.180700
v -0.158592 -0.237477 -0.185224
v -0.124275 -0.227482 -0.191205
v -0.119264 -0.189684 -0.190275
v -0.155663 -0.155848 -0.188014
v -0.121716 -0.132628 -0.191742
v -0.200703 -0.103963 -0.178280
v 0.133261 0.202283 -0.157983
v -0.172289 0.206801 -0.171472
v 0.359169 0.465907 -0.168823
v 0.228159 0.491880 -0.178979
v 0.427621 0.480206 -0.174029
v -0.230852 0.519241 -0.178925
v -0.228216 0.498914 -0.161408
v -0.258890 0.540199 -0.174414
v 0.361170 0.560359 -0.174282
v 0.323344 0.573458 -0.172682
v -0.052162 0.944954 -0.166476
v -0.047675 -0.952296 -0.168682
v 0.089086 -0.794109 -0.174225
v -0.139635 -0.780429 -0.156101
v -0.185079 -0.505472 -0.169229
v -0.050942 -0.388082 -0.173312
v -0.160425 -0.399577 -0.173315
v -0.143616 -0.350014 -0.183907
v -0.141493 -0.323491 -0.185557
v -0.104570 -0.295087 -0.187247
v -0.083786 -0.248073 -0.179803
v -0.090443 -0.196025 -0.182412
v -0.181606 -0.194200 -0.175585
v 0.066049 -0.223525 -0.186533
v 0.022931 -0.192597 -0.176075
v 0.071839 -0.170465 -0.188360
v 0.138576 -0.138779 -0.173508
v 0.117217 -0.189639 -0.178240
v -0.195023 -0.137405 -0.171513
v -0.085764 -0.134079 -0.182013
v -0.229684 -0.048796 -0.166612
v -0.200128 0.103684 -0.174218
v 0.110581 0.220924 -0.172306
v 0.127803 0.291849 -0.157765
v -0.182444 0.346289 -0.167784
v 0.126916 0.368114 -0.158130
v 0.121220 0.353779 -0.167930
v 0.174401 0.503800 -0.150236
v 0.163932 0.652873 -0.178491
v 0.112689 0.799405 -0.154541
v 0.052506 -0.951164 -0.126167
v -0.136861 -0.906756 -0.157561
v -0.036581 -0.872906 -0.147138
v 0.082631 -0.842600 -0.180208
v 0.022120 -0.809881 -0.152836
v -0.061105 -0.755925 -0.160658
v 0.103429 -0.771560 -0.154456
v -0.056960 -0.635394 -0.161945
v 0.004430 -0.566933 -0.154240
v 0.140463 -0.532807 -0.150229
v -0.057414 -0.458935 -0.169746
v 0.067588 -0.420338 -0.182605
v -0.072849 -0.176746 -0.173671
v 0.014468 -0.142567 -0.174255
v -0.217917 -0.092485 -0.169817
v 0.169714 -0.083580 -0.163861
v 0.152949 0.077353 -0.166920
v 0.227065 0.473091 -0.168704
v -0.279191 0.572299 -0.152951
v 0.090748 0.716466 -0.155719
v 0.101189 -0.950509 -0.158264
v 0.016549 -0.921774 -0.122747
v -0.156442 -0.708766 -0.155627
v -0.063520 -0.562339 -0.139256
v 0.105493 -0.436218 -0.174045
v 0.026521 -0.394259 -0.175651
v -0.059686 -0.315716 -0.164526
v 0.063028 -0.302502 -0.179758
v 0.046524 -0.264577 -0.178897
v 0.093563 -0.277733 -0.178292
v -0.060610 -0.207468 -0.157592
v -0.028147 -0.066834 -0.167043
v -0.003573 -0.083951 -0.155803
v -0.045869 -0.063712 -0.165493
v 0.295747 0.587308 -0.164082
v -0.243912 0.617799 -0.168468
v 0.106780 0.769964 -0.160482
v 0.104872 -0.844264 -0.157364
v -0.132455 -0.839766 -0.162431
v 0.021618 -0.775420 -0.150546
v -0.058331 -0.503896 -0.151837
v 0.008033 -0.471730 -0.148464
v 0.089968 -0.380263 -0.173602
v 0.033337 -0.328096 -0.168781
v 0.056686 -0.356264 -0.178324
v -0.065327 -0.276820 -0.162002
v -0.187520 -0.270938 -0.156383
v 0.124933 -0.250968 -0.163788
v 0.018969 -0.253473 -0.163382
v -0.209605 -0.164165 -0.155129
v -0.236871 -0.014931 -0.145591
v 0.439941 0.531124 -0.159935
v -0.258453 0.514287 -0.171492
v -0.123830 -0.954942 -0.130847
v 0.119133 -0.671028 -0.161624
v -0.059269 -0.656295 -0.157911
v -0.183509 -0.555655 -0.140744
v 0.136828 -0.568950 -0.166092
v 0.009262 -0.527982 -0.152717
v 0.131790 -0.468129 -0.146017
v -0.175282 -0.341875 -0.149706
v 0.100505 -0.341692 -0.166259
v 0.143278 -0.213738 -0.151842
v 0.156436 -0.162589 -0.148282
v -0.009083 -0.163976 -0.143663
v -0.056940 -0.113750 -0.160937
v 0.151593 0.133284 -0.146265
v 0.247521 0.494372 -0.155312
v 0.476363 0.480585 -0.149845
v 0.126283 0.652084 -0.171160
v -0.181250 0.696622 -0.141351
v 0.102043 -0.950509 -0.124779
v 0.113529 -0.891079 -0.123754
v 0.016716 -0.830628 -0.135021
v -0.075594 -0.687423 -0.134929
v -0.063182 -0.591792 -0.143766
v -0.047807 -0.436672 -0.145793
v 0.002641 -0.414081 -0.153477
v -0.043865 -0.364625 -0.147536
v 0.009746 -0.292379 -0.151115
v -0.206799 -0.191872 -0.147196
v -0.051647 -0.164636 -0.152986
v -0.063912 -0.079762 -0.155278
v 0.177580 -0.007587 -0.138661
v -0.199862 0.171532 -0.162225
v -0.219702 0.481415 -0.124674
v 0.332646 0.470611 -0.136658
v -0.310697 0.511913 -0.134398
v -0.278250 0.474683 -0.155796
v -0.264543 0.605065 -0.145724
v 0.028217 -0.954427 -0.113316
v -0.036584 -0.843702 -0.136097
v 0.123945 -0.643572 -0.140253
v -0.175989 -0.379176 -0.134018
v 0.129122 -0.305020 -0.142806
v -0.050217 -0.248802 -0.137895
v -0.225401 -0.138405 -0.137392
v -0.222035 0.077075 -0.143070
v -0.185215 0.251498 -0.141771
v 0.134040 0.312988 -0.140524
v 0.221358 0.499316 -0.167789
v 0.369492 0.562589 -0.144276
v 0.066403 0.888198 -0.153209
v -0.065214 -0.794186 -0.139709
v -0.053887 -0.814935 -0.119944
v 0.018936 -0.688991 -0.144965
v 0.121031 -0.429527 -0.155194
v 0.009333 -0.348221 -0.157262
v 0.003058 -0.334882 -0.143573
v 0.137371 -0.270034 -0.144985
v 0.155366 0.167310 -0.129661
v 0.127004 0.263883 -0.129270
v 0.130974 0.356383 -0.144567
v 0.299781 0.481146 -0.145616
v 0.223170 0.479671 -0.143093
v -0.260717 0.457071 -0.137125
v 0.212957 0.496444 -0.156995
v 0.440005 0.548377 -0.135809
v -0.241754 0.637150 -0.136842
v 0.209245 0.613826 -0.151564
v -0.217096 0.645244 -0.148137
v 0.112340 0.648265 -0.167603
v 0.087660 0.655064 -0.156863
v 0.068677 0.642170 -0.161942
v 0.110913 0.662534 -0.161988
v -0.182039 0.752656 -0.148240
v 0.090744 0.846957 -0.119802
v -0.040165 -0.887502 -0.123300
v 0.005902 -0.837371 -0.121119
v 0.096151 -0.817414 -0.106183
v -0.178766 -0.484121 -0.140108
v -0.190365 -0.316783 -0.120646
v -0.042821 -0.322173 -0.124071
v -0.206694 -0.239072 -0.126232
v -0.036863 -0.145578 -0.125830
v -0.040679 -0.102947 -0.131309
v -0.043774 -0.062429 -0.134881
v 0.172854 0.038814 -0.133684
v -0.177855 0.218633 -0.151946
v 0.132978 0.402774 -0.124791
v 0.457287 0.459069 -0.142638
v 0.205680 0.477529 -0.135871
v 0.475551 0.500827 -0.135626
v 0.283494 0.577686 -0.130584
v 0.253475 0.593420 -0.139522
v 0.124978 0.631990 -0.142204
v 0.017679 0.954239 -0.142424
v -0.073799 -0.763046 -0.130375
v 0.028603 -0.728134 -0.129730
v -0.180407 -0.536935 -0.138059
v 0.124182 -0.366044 -0.135482
v 0.001091 -0.220730 -0.140923
v 0.157425 -0.215074 -0.114111
v -0.240972 -0.102671 -0.120531
v -0.247958 -0.071099 -0.119347
v 0.157644 0.206236 -0.125464
v 0.087345 -0.787733 -0.121761
v 0.101855 -0.709305 -0.126376
v -0.171611 -0.599920 -0.135517
v 0.127090 -0.574323 -0.120171
v -0.057850 -0.462346 -0.123251
v -0.008793 -0.382345 -0.127177
v 0.176016 -0.116222 -0.132373
v -0.017422 -0.104091 -0.134815
v -0.016195 -0.063646 -0.119496
v 0.164624 0.070493 -0.131022
v -0.210166 0.163333 -0.118371
v 0.407356 0.450339 -0.122036
v -0.272981 0.451503 -0.131620
v 0.221807 0.519160 -0.127829
v -0.321669 0.534272 -0.122429
v 0.043344 0.658926 -0.148897
v 0.082115 0.679850 -0.135264
v -0.153696 0.828957 -0.125801
v -0.098366 0.919760 -0.128073
v -0.049824 -0.918791 -0.116854
v -0.126149 -0.798480 -0.131704
v 0.111265 -0.678722 -0.127451
v -0.152181 -0.663582 -0.129522
v 0.019261 -0.536049 -0.121529
v 0.126028 -0.407145 -0.122028
v -0.199194 -0.277382 -0.117977
v -0.005709 -0.257255 -0.113613
v -0.050921 -0.070365 -0.132827
v 0.185741 -0.069496 -0.105868
v 0.183879 -0.031926 -0.113379
v -0.207145 0.205968 -0.103972
v 0.135211 0.250641 -0.109339
v -0.201564 0.437010 -0.106465
v 0.478524 0.469780 -0.134559
v 0.145764 0.457054 -0.126439
v 0.413273 0.555416 -0.126007
v 0.163565 0.608459 -0.123731
v 0.088892 0.616297 -0.124441
v -0.202407 0.668876 -0.130856
v -0.172453 0.782065 -0.129600
v 0.043258 0.928948 -0.113930
v -0.127887 -0.828683 -0.098311
v -0.134955 -0.738895 -0.132115
v -0.155646 -0.557990 -0.109403
v -0.077027 -0.534790 -0.119664
v -0.171885 -0.430165 -0.127069
v 0.173763 -0.151151 -0.106773
v 0.212962 0.507351 -0.129149
v 0.024640 0.621864 -0.119433
v -0.144749 -0.858833 -0.134959
v -0.083532 -0.635380 -0.123796
v 0.026127 -0.597825 -0.118786
v -0.012602 -0.200644 -0.100590
v -0.045050 -0.205073 -0.110502
v -0.235892 0.045227 -0.107766
v 0.163072 0.127101 -0.103104
v -0.177987 0.223808 -0.124976
v -0.211583 0.466589 -0.101103
v -0.287334 0.477008 -0.130020
v 0.175769 0.513146 -0.120234
v 0.347950 0.557599 -0.121764
v -0.183141 0.722904 -0.123196
v -0.134596 0.874689 -0.124762
v -0.052526 -0.954690 -0.096400
v -0.048110 -0.830498 -0.093312
v -0.082136 -0.788204 -0.120243
v -0.094442 -0.705319 -0.120717
v -0.002041 -0.429261 -0.123069
v -0.228382 -0.156693 -0.112862
v -0.019032 -0.139111 -0.099001
v -0.231278 0.066567 -0.090009
v -0.189988 0.385269 -0.087571
v 0.281682 0.504229 -0.123147
v 0.196575 0.590340 -0.129181
v -0.251986 0.618741 -0.112759
v 0.089216 0.758880 -0.124203
v 0.028701 0.946760 -0.096722
v -0.020200 0.953739 -0.136151
v 0.016213 -0.947078 -0.100231
v -0.138185 -0.948780 -0.104645
v -0.133363 -0.861914 -0.078602
v 0.093078 -0.755831 -0.118923
v 0.037410 -0.697935 -0.120075
v 0.091626 -0.632476 -0.097682
v 0.016798 -0.487033 -0.109232
v 0.127654 -0.487309 -0.116236
v -0.165844 -0.404573 -0.096351
v -0.175618 -0.359499 -0.093530
v -0.006870 -0.308355 -0.099566
v 0.472516 0.465515 -0.120080
v -0.268084 0.468284 -0.117284
v 0.272826 0.519992 -0.116952
v -0.291490 0.588226 -0.113985
v 0.055701 0.626609 -0.139507
v -0.074978 0.688196 -0.138731
v -0.069521 0.703950 -0.128700
v -0.081059 0.709542 -0.125294
v 0.070377 0.886107 -0.096368
v -0.112268 0.903032 -0.104537
v -0.051035 0.953749 -0.093969
v 0.002421 0.955257 -0.102917
v -0.132698 -0.955645 -0.096224
v 0.110037 -0.847032 -0.104152
v 0.033942 -0.798959 -0.114243
v -0.168902 -0.493139 -0.115522
v -0.040361 -0.377823 -0.106835
v 0.128087 -0.379184 -0.099945
v -0.022446 -0.113357 -0.093770
v -0.243982 -0.017658 -0.081166
v 0.180291 0.002402 -0.113057
v -0.175934 0.235642 -0.110457
v -0.232309 0.451658 -0.095943
v 0.392764 0.465467 -0.098686
v -0.340476 0.464829 -0.107021
v 0.211715 0.496535 -0.106298
v 0.378302 0.542863 -0.100155
v 0.228951 0.564855 -0.114173
v -0.237178 0.657241 -0.107362
v 0.053666 0.688649 -0.110897
v 0.029821 0.697566 -0.112720
v -0.178738 0.749211 -0.094766
v 0.048630 -0.649227 -0.106709
v -0.100687 -0.597371 -0.106602
v -0.156605 -0.528437 -0.105144
v -0.072936 -0.483644 -0.108762
v 0.017753 -0.457084 -0.089097
v -0.007298 -0.371645 -0.101390
v 0.143747 -0.288805 -0.095068
v -0.223757 0.108362 -0.092940
v -0.180801 0.346006 -0.085172
v 0.143825 0.467401 -0.074551
v 0.196252 0.500637 -0.109685
v 0.464598 0.529858 -0.104033
v 0.122447 0.606070 -0.110661
v 0.014604 0.665627 -0.110262
v -0.073757 0.668056 -0.137320
v -0.046204 0.678954 -0.104528
v -0.082005 0.727262 -0.112171
v -0.177058 0.698831 -0.116343
v 0.061784 0.721307 -0.113280
v 0.104211 0.817394 -0.099701
v 0.085103 -0.954785 -0.080776
v -0.144997 -0.915090 -0.085563
v -0.039403 -0.917422 -0.077077
v -0.113442 -0.795791 -0.113347
v -0.095652 -0.765726 -0.117344
v 0.047562 -0.771010 -0.113516
v 0.060175 -0.718001 -0.107226
v -0.122541 -0.703322 -0.116799
v 0.119314 -0.525773 -0.104833
v -0.091602 -0.507000 -0.100387
v 0.112624 -0.414880 -0.079282
v -0.049416 -0.291065 -0.091330
v 0.164121 0.062700 -0.068773
v 0.130319 0.404388 -0.078348
v 0.330782 0.501426 -0.106023
v -0.361540 0.497548 -0.100195
v 0.238767 0.537343 -0.111577
v 0.314071 0.550753 -0.109488
v 0.194598 0.565194 -0.114700
v -0.068449 0.647002 -0.130216
v -0.082963 0.651362 -0.108332
v 0.062032 0.749091 -0.113275
v 0.106784 0.783144 -0.082317
v -0.041173 -0.883421 -0.069025
v 0.079591 -0.723593 -0.107786
v 0.081121 -0.673280 -0.100932
v -0.148678 -0.459027 -0.092222
v -0.218148 -0.200973 -0.100791
v -0.047809 -0.064803 -0.105932
v -0.021875 -0.051186 -0.096235
v 0.131406 0.307063 -0.089051
v -0.359501 0.518945 -0.083255
v -0.331786 0.551234 -0.077260
v 0.300062 0.538717 -0.106945
v 0.163124 0.571588 -0.097490
v 0.030234 0.603967 -0.100371
v -0.190429 0.665893 -0.095773
v -0.071000 0.721025 -0.098013
v 0.063791 -0.785017 -0.107659
v -0.120311 -0.627403 -0.105504
v 0.049838 -0.504655 -0.081215
v -0.085758 -0.470970 -0.088554
v 0.132531 -0.338815 -0.097182
v -0.043748 -0.238469 -0.095398
v -0.041947 -0.086849 -0.080883
v 0.174695 0.028807 -0.089524
v 0.143072 0.185427 -0.072464
v -0.187222 0.290268 -0.083723
v -0.000059 0.626758 -0.105522
v 0.052633 0.609698 -0.099004
v -0.074981 0.628920 -0.110967
v -0.048002 0.635998 -0.111298
v -0.152139 0.818663 -0.100182
v -0.023205 0.951194 -0.098012
v 0.125900 -0.918531 -0.045295
v -0.068492 -0.805290 -0.096141
v 0.071771 -0.804187 -0.090271
v -0.116384 -0.559922 -0.097522
v 0.057487 -0.537645 -0.084623
v -0.061508 -0.436662 -0.083477
v -0.186619 -0.298514 -0.074159
v -0.200788 -0.239750 -0.065093
v -0.048442 -0.191462 -0.065316
v 0.159668 -0.185934 -0.055305
v -0.035518 -0.140832 -0.089478
v 0.173948 -0.116448 -0.062876
v -0.006602 -0.052921 -0.070827
v -0.342436 0.439283 -0.086720
v -0.300028 0.451272 -0.094568
v -0.398323 0.469276 -0.077509
v 0.372429 0.492861 -0.088577
v 0.220640 0.525174 -0.094979
v 0.187841 0.537626 -0.110264
v 0.367118 0.515843 -0.095757
v 0.038514 0.711004 -0.105869
v 0.033141 0.711033 -0.102173
v -0.089652 0.706214 -0.091390
v 0.050000 0.724751 -0.101019
v 0.069633 0.773555 -0.090234
v 0.013330 -0.897146 -0.073362
v 0.021778 -0.868250 -0.055001
v 0.038753 -0.800289 -0.094396
v -0.093799 -0.800653 -0.098953
v -0.051365 -0.049898 -0.067952
v -0.235377 0.037935 -0.071839
v -0.212601 0.148311 -0.078972
v -0.203768 0.196187 -0.080643
v 0.150208 0.216422 -0.091547
v -0.183964 0.370344 -0.068782
v -0.254441 0.474494 -0.091650
v -0.250828 0.608982 -0.098270
v -0.046989 0.601905 -0.095537
v -0.009635 0.657669 -0.100384
v -0.001204 0.681976 -0.088230
v -0.097255 0.670266 -0.090081
v -0.122269 0.873533 -0.071809
v -0.061662 0.948348 -0.056333
v 0.029075 -0.822494 -0.087639
v 0.064515 -0.591456 -0.090110
v 0.097406 -0.550948 -0.088629
v -0.048901 -0.331682 -0.078933
v 0.149475 0.162700 -0.073583
v -0.173446 0.233503 -0.089210
v -0.222392 0.411348 -0.090917
v -0.207825 0.380196 -0.083127
v -0.244146 0.452119 -0.080554
v 0.418798 0.466288 -0.066973
v 0.444454 0.556402 -0.083578
v -0.299392 0.574222 -0.074849
v 0.067033 0.577547 -0.075904
v -0.018325 0.580158 -0.083261
v -0.221287 0.632127 -0.092172
v -0.038348 0.690849 -0.087987
v -0.091868 0.737806 -0.095465
v 0.046245 0.924907 -0.065008
v -0.125300 -0.512624 -0.092710
v -0.127887 -0.478156 -0.085775
v 0.000223 -0.259941 -0.067929
v -0.218846 -0.163109 -0.059983
v 0.175956 -0.018008 -0.063965
v -0.167715 0.244786 -0.076346
v -0.388432 0.490101 -0.080954
v 0.401972 0.571521 -0.066939
v -0.070772 0.584622 -0.070346
v -0.154423 0.693668 -0.069853
v -0.151739 0.714974 -0.067192
v -0.094625 0.746804 -0.097814
v -0.113381 0.743294 -0.086918
v -0.156519 0.794265 -0.072747
v -0.137756 -0.891993 -0.039248
v 0.111117 -0.886262 -0.057777
v 0.098501 -0.857591 -0.070208
v 0.089514 -0.514287 -0.079021
v 0.112533 -0.466862 -0.088961
v -0.173730 -0.323273 -0.068414
v 0.147106 -0.239381 -0.055256
v -0.238988 -0.109532 -0.087576
v 0.137246 0.276784 -0.069039
v -0.384408 0.433128 -0.075594
v 0.146335 0.513493 -0.065061
v 0.058712 0.741332 -0.064937
v 0.097471 0.797454 -0.061968
v 0.018570 -0.428349 -0.063711
v -0.058052 -0.361356 -0.059321
v -0.060350 -0.396665 -0.061749
v 0.004602 -0.362682 -0.065105
v 0.135276 -0.301570 -0.068509
v -0.225427 -0.132474 -0.052335
v -0.227420 0.393888 -0.073381
v -0.300264 0.448276 -0.062430
v -0.228180 0.593401 -0.085178
v -0.099105 0.628357 -0.065620
v -0.104677 0.687755 -0.065614
v 0.038011 0.714856 -0.054949
v -0.112841 0.731801 -0.076759
v -0.098161 0.765849 -0.085627
v -0.001609 0.941145 -0.059368
v 0.012554 -0.954838 -0.040721
v -0.099521 -0.842463 -0.069545
v 0.061785 -0.831179 -0.073983
v 0.113799 -0.346470 -0.053606
v -0.232978 -0.063315 -0.049039
v 0.174204 -0.077976 -0.057085
v -0.046450 -0.037491 -0.058043
v -0.039140 0.581971 -0.070170
v -0.264728 0.584479 -0.076460
v 0.018148 0.586135 -0.065640
v -0.111167 0.647196 -0.069025
v -0.148226 0.702933 -0.064285
v -0.093871 0.761136 -0.063554
v 0.067619 0.871569 -0.059326
v 0.029088 0.940387 -0.059280
v -0.028541 0.962993 -0.058049
v -0.048383 -0.955042 -0.019342
v 0.078073 -0.455654 -0.057347
v -0.101353 -0.443767 -0.060943
v -0.113583 -0.411911 -0.051692
v -0.069815 -0.428713 -0.065390
v -0.058028 -0.286455 -0.059783
v -0.064590 -0.238773 -0.045211
v -0.000917 -0.183298 -0.061186
v -0.179729 0.244395 -0.039860
v -0.165379 0.263594 -0.063641
v -0.229464 0.362933 -0.062023
v -0.245247 0.481050 -0.049658
v 0.359666 0.531389 -0.046065
v 0.365417 0.550644 -0.054147
v 0.122903 0.549155 -0.059589
v -0.213015 0.634163 -0.060318
v -0.012178 0.687568 -0.065879
v -0.057422 0.705710 -0.053970
v -0.098821 0.905963 -0.049772
v -0.153421 -0.940288 -0.053068
v 0.004475 -0.940917 -0.026463
v 0.049576 -0.468762 -0.064973
v 0.091991 -0.378808 -0.042441
v 0.001500 -0.111184 -0.045616
v -0.223704 0.090525 -0.067808
v 0.139017 0.143006 -0.045131
v -0.220875 0.344269 -0.051540
v -0.241814 0.429796 -0.057673
v 0.456684 0.515282 -0.044840
v 0.442744 0.483292 -0.052817
v -0.367280 0.525284 -0.039871
v -0.160834 0.738514 -0.052692
v -0.107868 0.761295 -0.072224
v -0.126331 0.821706 -0.042358
v 0.124704 -0.946052 -0.056281
v -0.054001 -0.868869 -0.048269
v 0.020441 -0.318663 -0.043256
v -0.004916 -0.031511 -0.048577
v 0.153617 0.021845 -0.041231
v -0.248689 0.492346 -0.064726
v -0.274969 0.481223 -0.046365
v -0.217906 0.546873 -0.067602
v -0.209052 0.610194 -0.049948
v -0.118648 0.702706 -0.055845
v -0.082242 0.742247 -0.052607
v 0.120693 -0.950397 -0.009885
v -0.033640 -0.946506 -0.053394
v -0.143833 -0.350221 -0.048786
v -0.180129 -0.249258 -0.039659
v -0.060492 -0.139445 -0.042830
v 0.164664 0.011022 -0.056501
v -0.407288 0.412383 -0.044774
v -0.387355 0.407832 -0.038337
v -0.424798 0.443504 -0.054190
v -0.389597 0.507541 -0.055413
v 0.005909 0.689384 -0.021193
v -0.096561 0.768995 -0.053489
v -0.138659 -0.956886 -0.045644
v 0.047943 -0.435941 -0.041475
v -0.074833 -0.315446 -0.042609
v -0.157503 -0.266463 -0.028640
v 0.017892 -0.233288 -0.037763
v -0.228829 -0.005801 -0.044201
v -0.197717 0.137516 -0.038209
v -0.183438 0.167735 -0.039958
v -0.191203 0.198294 -0.057350
v 0.123399 0.258233 -0.035563
v -0.166426 0.259418 -0.048479
v -0.168904 0.340406 -0.054328
v 0.128549 0.354678 -0.035602
v 0.128458 0.428415 -0.037357
v -0.220714 0.393444 -0.050770
v -0.429460 0.474478 -0.045974
v 0.413203 0.573137 -0.025775
v 0.438465 0.547893 -0.023421
v -0.254101 0.537719 -0.037568
v -0.308907 0.553574 -0.045163
v 0.081174 0.792322 -0.047075
v 0.035391 -0.862973 -0.045406
v -0.201843 -0.193013 -0.041042
v -0.211563 0.022754 -0.034045
v -0.199778 0.081495 -0.031335
v 0.104480 0.208895 -0.028699
v -0.245953 0.344139 -0.047457
v -0.336746 0.424470 -0.047849
v 0.395086 0.482962 -0.018961
v 0.363939 0.571661 -0.001348
v 0.021414 0.551263 -0.050156
v -0.119116 0.630367 -0.046481
v 0.061456 0.791808 -0.041431
v 0.039351 0.912555 -0.027987
v 0.071430 -0.953293 -0.006246
v -0.091678 -0.874879 -0.033504
v 0.147384 0.058395 -0.045628
v -0.171304 0.188083 -0.035966
v -0.182249 0.227770 -0.028825
v -0.158674 0.303237 -0.037840
v 0.127619 0.273061 -0.045230
v 0.116023 0.303783 -0.043548
v -0.219459 0.312501 -0.044682
v -0.184183 0.362334 -0.048908
v -0.034305 0.545903 -0.041377
v -0.106552 0.569518 -0.023763
v -0.133583 0.725100 -0.047482
v -0.115363 0.753156 -0.028646
v -0.146023 0.765645 -0.022368
v -0.145546 -0.942873 -0.011603
v -0.028179 -0.938742 -0.016887
v 0.091708 -0.879641 -0.027639
v 0.027354 -0.395813 -0.038423
v 0.087765 -0.322196 -0.029301
v 0.109975 -0.264498 -0.028850
v -0.193426 -0.101717 -0.014189
v 0.153238 -0.132371 -0.033690
v 0.149630 -0.074609 -0.024380
v -0.066074 -0.038842 -0.044179
v 0.123284 0.176961 -0.038967
v -0.233542 0.368480 -0.048437
v -0.449375 0.408430 -0.027315
v 0.110203 0.518292 -0.031979
v -0.176312 0.651964 -0.037319
v 0.056753 0.845718 -0.029297
v 0.005374 0.916584 -0.027824
v -0.094908 -0.378967 -0.041433
v -0.123362 -0.304176 -0.032360
v -0.078660 -0.260918 -0.034715
v -0.080656 -0.190465 -0.028172
v -0.071038 -0.079176 -0.028193
v 0.005048 -0.077460 -0.040230
v 0.009975 -0.031063 -0.043476
v 0.101825 0.243765 -0.026751
v -0.227787 0.350226 -0.038293
v 0.121719 0.401399 -0.014888
v -0.229990 0.433933 -0.029550
v 0.116392 0.470921 -0.009970
v -0.246809 0.510235 -0.036185
v -0.150976 0.647906 -0.023818
v 0.031759 0.738611 -0.030730
v -0.082391 0.765498 -0.035056
v -0.055133 0.928632 -0.005269
v 0.035462 -0.272269 -0.027938
v 0.025143 -0.196817 -0.028003
v 0.146861 -0.003272 -0.027125
v -0.162575 0.281689 0.000249
v -0.210307 0.295045 -0.037721
v -0.202461 0.324781 -0.023345
v -0.165721 0.369312 -0.025179
v -0.468366 0.427638 -0.019062
v 0.369685 0.497828 -0.017980
v -0.422352 0.495271 -0.020401
v 0.442154 0.522623 -0.020940
v -0.266064 0.519978 -0.037808
v -0.221710 0.510433 -0.020912
v -0.198524 0.544741 -0.038794
v -0.319499 0.536523 -0.026173
v 0.071538 0.530966 -0.028188
v -0.294302 0.534005 -0.031757
v -0.087549 0.540100 -0.023966
v -0.148675 0.615373 -0.032574
v -0.032184 0.692577 -0.025463
v -0.031697 0.707754 -0.014969
v 0.036271 0.776058 -0.012728
v -0.016158 0.943458 -0.025521
v 0.022226 -0.947303 0.017411
v -0.044766 -0.894756 -0.012782
v 0.070224 -0.366168 -0.027258
v -0.179868 -0.203831 -0.023830
v 0.125747 -0.186548 -0.022054
v -0.183281 -0.169044 -0.016648
v -0.188853 -0.132137 -0.013306
v -0.030619 0.000352 -0.024956
v -0.066218 -0.000458 -0.030177
v 0.120363 0.110058 -0.022576
v -0.155851 0.294780 -0.019165
v 0.111977 0.339671 -0.028767
v -0.207997 0.374967 -0.035222
v -0.393374 0.507914 -0.019621
v -0.354641 0.519086 -0.018381
v 0.044262 0.505489 0.003612
v -0.182790 0.622411 -0.021063
v -0.083143 0.776748 -0.021713
v 0.045653 0.883329 -0.025592
v -0.127910 -0.953576 -0.003965
v 0.112531 -0.900593 -0.002368
v 0.081991 -0.880894 -0.015662
v 0.047367 -0.329592 -0.028298
v -0.105612 -0.286925 -0.026991
v -0.088828 -0.164998 -0.016780
v 0.047828 -0.167526 -0.011702
v -0.082075 -0.012301 -0.032090
v 0.130009 0.019895 -0.023553
v -0.392919 0.397056 -0.010787
v -0.318246 0.465813 -0.009568
v -0.228777 0.490052 -0.009452
v -0.046815 0.738370 -0.032695
v 0.010999 0.709143 -0.012404
v -0.137447 0.741963 -0.029605
v -0.104232 0.866589 -0.023341
v -0.088325 0.897319 -0.015291
v 0.035168 -0.885807 -0.009667
v 0.106193 -0.225738 -0.015931
v -0.091179 -0.112046 -0.011706
v 0.021250 0.002193 -0.027237
v -0.182341 0.057148 -0.020445
v -0.168731 0.240869 -0.012983
v 0.118015 0.294964 -0.023402
v -0.214610 0.296355 -0.019075
v -0.155214 0.369267 -0.012011
v -0.457060 0.476826 -0.008202
v -0.000919 0.525024 -0.020470
v -0.031504 0.515103 -0.011528
v 0.345043 0.556858 0.019546
v -0.126935 0.595401 -0.025347
v -0.062629 0.776031 -0.015089
v -0.137606 -0.904602 0.000782
v 0.015008 -0.895129 -0.019710
v 0.073148 -0.275191 -0.019355
v -0.100334 -0.219750 -0.018567
v -0.193714 -0.074938 -0.010051
v 0.059122 -0.071868 -0.005341
v 0.050444 -0.030926 -0.013120
v -0.204657 -0.015824 -0.019916
v 0.080641 0.139607 -0.007177
v -0.179849 0.356167 -0.004484
v -0.220286 0.350914 -0.015218
v -0.182573 0.392776 -0.002981
v -0.216482 0.415085 -0.017631
v -0.348307 0.426047 -0.011392
v -0.044264 0.784710 -0.012012
v 0.040632 0.813947 -0.029085
v 0.041886 0.843706 -0.027829
v 0.021417 0.881438 -0.033314
v -0.046852 -0.940380 0.032980
v 0.114003 -0.927846 0.018279
v -0.083576 -0.887243 0.022620
v -0.144673 -0.236831 -0.017495
v 0.055686 -0.117378 -0.005170
v -0.108958 -0.054958 -0.002287
v -0.081790 0.036822 -0.016358
v -0.170843 0.129120 -0.015717
v 0.066172 0.188737 0.003422
v -0.146726 0.337289 0.000978
v 0.104106 0.381161 -0.005246
v -0.478062 0.440486 0.010648
v -0.164868 0.558858 -0.027924
v -0.023349 0.748248 -0.012069
v -0.000667 0.881752 -0.023963
v 0.003926 0.902831 -0.026113
v 0.071427 -0.214738 -0.010894
v -0.107041 0.014818 -0.018707
v -0.113226 -0.019672 -0.007916
v 0.004520 0.036219 -0.013245
v -0.026229 0.057255 -0.001046
v 0.052674 0.018470 -0.020250
v -0.139044 0.177316 -0.012211
v -0.451417 0.387860 -0.004261
v -0.472133 0.393912 0.002132
v -0.198922 0.519942 0.000949
v -0.378358 0.485183 0.009637
v 0.346440 0.541246 0.001538
v 0.398117 0.580860 0.000123
v 0.004180 0.764866 -0.002960
v -0.102961 0.801932 -0.004527
v 0.016469 0.811582 -0.023834
v -0.045706 0.882582 -0.022825
v -0.061864 0.858120 -0.022954
v -0.035637 0.882432 -0.026371
v -0.016982 0.920584 -0.000779
v 0.124365 -0.047657 -0.008263
v -0.173469 0.033509 -0.013144
v 0.084787 0.009137 -0.010142
v 0.106523 0.061406 -0.021027
v -0.163316 0.094259 -0.012396
v -0.149544 0.139377 -0.013650
v 0.107611 0.322374 -0.004093
v -0.205229 0.340988 -0.004426
v -0.220882 0.445226 0.008017
v 0.089190 0.491341 0.008076
v -0.326724 0.498590 -0.005315
v -0.103078 0.774019 -0.003873
v -0.031641 0.817126 -0.016507
v -0.070881 0.797500 -0.018066
v -0.064954 0.832862 -0.013162
v 0.008696 0.836404 -0.012715
v -0.029192 0.900916 -0.006238
v -0.121597 -0.190569 -0.007582
v 0.103818 -0.138293 -0.003478
v -0.164880 -0.017402 -0.002064
v -0.119193 0.032730 -0.016738
v -0.155976 0.020108 -0.011000
v -0.126913 0.049523 -0.016931
v -0.063357 0.062308 -0.008129
v -0.007279 0.070764 0.003920
v 0.053480 0.221160 0.017610
v 0.402656 0.502399 0.024411
v -0.407414 0.499492 0.004553
v -0.384901 0.494391 0.004085
v -0.103398 0.509724 -0.000041
v -0.119269 0.535881 0.009092
v -0.004884 0.746587 -0.013272
v -0.019601 0.776059 0.014300
v 0.000180 0.793535 -0.002201
v -0.003213 0.824254 -0.016537
v -0.038738 0.832581 -0.006934
v -0.057384 0.837887 -0.010496
v -0.069527 0.863307 0.002814
v -0.053175 -0.897231 0.033921
v -0.122970 -0.147439 -0.002707
v -0.131913 -0.099649 0.003265
v -0.108414 0.077141 -0.006052
v 0.064064 0.094249 0.001337
v 0.061189 0.263848 0.015806
v 0.087443 0.312630 0.001545
v 0.090648 0.393516 0.016767
v -0.184056 0.419321 0.001197
v -0.380834 0.409385 0.013639
v -0.066065 0.486062 0.018201
v -0.039370 0.905317 0.006904
v 0.025717 -0.902032 0.027765
v 0.095173 -0.097814 0.000579
v 0.091218 -0.052810 -0.002389
v -0.108507 0.119491 0.009645
v 0.043472 0.135409 0.001999
v -0.148806 0.312642 0.016633
v 0.380069 0.500201 0.022481
v -0.427482 0.502874 0.016023
v 0.421875 0.527556 0.025962
v -0.160640 0.524538 0.019542
v -0.081514 0.806414 0.001137
v -0.088594 0.867338 0.004290
v -0.052378 0.914974 0.008669
v 0.066889 -0.892313 0.049162
v -0.159381 -0.066203 0.002330
v -0.060440 0.093834 0.013884
v -0.108055 0.164287 -0.002527
v -0.118140 0.205616 0.005712
v -0.438805 0.382034 0.027461
v -0.152877 0.400419 0.006184
v 0.102823 0.446937 0.013020
v -0.368784 0.428468 0.016310
v 0.002216 0.486245 0.014517
v 0.350027 0.520763 0.030759
v -0.113002 0.523306 0.012600
v -0.005456 0.776626 0.013193
v 0.094083 -0.938022 0.039569
v -0.119272 -0.914241 0.037420
v -0.130153 0.260179 0.004364
v 0.090810 0.362954 0.011796
v -0.216278 0.483172 0.019092
v -0.369257 0.452330 0.020326
v -0.372516 0.472387 0.016880
v -0.003365 0.092602 0.014004
v 0.007152 0.108259 0.011202
v -0.075377 0.138744 0.003561
v -0.069068 0.169443 0.013685
v 0.033380 0.171356 0.023995
v -0.090384 0.263101 0.021076
v 0.050269 0.287331 0.024387
v -0.474320 0.393333 0.027651
v -0.396708 0.402814 0.041152
v 0.086598 0.421128 0.023333
v -0.155409 0.441463 0.010854
v -0.390231 0.499223 0.019443
v 0.417100 0.559671 0.023512
v -0.102179 -0.931881 0.050384
v 0.090333 -0.907216 0.055507
v -0.068223 0.207738 0.019058
v 0.042566 0.327488 0.026698
v -0.132793 0.383689 0.023064
v -0.131879 0.451438 0.026854
v -0.122244 0.500130 0.008278
v -0.028874 0.114427 0.016947
v -0.009784 0.163678 0.017309
v -0.113576 0.310595 0.017884
v -0.199234 0.475568 0.025284
v -0.143602 0.477218 0.011864
v -0.162982 0.492629 0.025068
v -0.128211 0.342224 0.024785
v 0.049400 0.376304 0.026888
v 0.050296 0.465750 0.030807
v -0.105108 0.473406 0.028569
v 0.383741 0.584952 0.055267
v 0.029816 0.212230 0.026450
v 0.005558 0.244388 0.019143
v -0.043597 0.266035 0.024268
v 0.005165 0.299022 0.022265
v -0.076746 0.319281 0.026302
v -0.107038 0.399249 0.031384
v -0.045174 0.450925 0.031030
v -0.458825 0.474155 0.058109
v 0.368386 0.591819 0.044650
v 0.042706 -0.929523 0.049316
v -0.002578 0.346607 0.026198
v -0.105251 0.364740 0.026208
v 0.038707 0.406817 0.031535
v -0.461531 0.420455 0.052673
v -0.347453 0.500992 0.079963
v -0.432583 0.510262 0.056447
v -0.090527 0.353577 0.030676
v -0.035372 0.378337 0.026729
v -0.011527 0.390413 0.031046
v 0.003100 0.402081 0.027195
v -0.001070 0.431408 0.030670
v -0.105835 0.437793 0.037525
v -0.358800 0.455920 0.053200
v 0.356925 0.523464 0.073466
v 0.395116 0.544190 0.071364
v -0.086836 -0.904563 0.057046
v -0.430984 0.408625 0.062332
v -0.374545 0.430494 0.071938
v 0.377742 0.522112 0.071263
v -0.375441 0.530321 0.065927
v 0.336252 0.540114 0.057348
v -0.407151 0.530852 0.082881
v 0.390927 0.570947 0.078344
v 0.335106 0.588676 0.078446
v 0.355010 0.597953 0.078462
v -0.334120 0.489141 0.126492
v 0.323892 0.566575 0.085080
v -0.386207 0.454009 0.121760
v -0.362662 0.451501 0.106345
v -0.419325 0.522309 0.094074
v 0.317863 0.591064 0.109156
v 0.329506 0.544789 0.098496
v -0.437457 0.480789 0.098652
v -0.418548 0.450092 0.108445
v -0.346643 0.540229 0.103431
v 0.343404 0.608353 0.117077
v 0.355325 0.540455 0.122969
v 0.328615 0.544783 0.132710
v 0.358718 0.575001 0.150961
v -0.415040 0.490432 0.125809
v 0.354520 0.598123 0.143664
v -0.341000 0.576699 0.148896
v 0.294234 0.577211 0.159087
v 0.319482 0.616837 0.138193
v -0.391663 0.536538 0.144194
v -0.303712 0.544677 0.170428
v -0.317054 0.562678 0.147734
v -0.350902 0.488812 0.159641
v -0.356999 0.572862 0.181515
v 0.285755 0.610992 0.176305
v -0.387098 0.510954 0.156746
v 0.342699 0.555590 0.157089
v -0.348038 0.517509 0.188819
v -0.361791 0.550852 0.192470
v 0.302902 0.560672 0.174359
v 0.335283 0.615471 0.187946
v -0.315217 0.520572 0.179603
v -0.331824 0.595419 0.180885
v 0.319640 0.555143 0.177586
v -0.304872 0.587300 0.176561
v -0.283664 0.568466 0.197801
v 0.340471 0.563866 0.186830
v 0.315195 0.628934 0.194284
v 0.348504 0.586120 0.192279
v 0.269831 0.607472 0.204236
v 0.277185 0.578019 0.209923
v 0.317847 0.547172 0.204037
v -0.278471 0.602003 0.212307
v -0.306877 0.532872 0.216577
v -0.334866 0.602809 0.216000
v -0.351224 0.562740 0.220402
v 0.347574 0.617815 0.219732
v 0.366995 0.567351 0.257560
v -0.301229 0.622985 0.228722
v -0.333122 0.539163 0.218995
v 0.277013 0.643544 0.241433
v 0.341626 0.546306 0.226014
v 0.318817 0.550711 0.231670
v 0.373421 0.584074 0.261885
v -0.269216 0.582437 0.234841
v -0.271097 0.615348 0.248621
v 0.270134 0.614242 0.255140
v -0.322353 0.533698 0.264603
v -0.354387 0.536154 0.256882
v -0.280922 0.567656 0.254967
v 0.285043 0.599454 0.260145
v -0.306474 0.643141 0.251367
v -0.341626 0.530923 0.266554
v -0.362305 0.608555 0.253372
v 0.341555 0.649877 0.253972
v 0.302019 0.661349 0.264215
v -0.376716 0.562984 0.270242
v 0.328424 0.582339 0.260102
v -0.279104 0.632872 0.263872
v 0.363345 0.634498 0.266716
v 0.348781 0.563155 0.272466
v -0.356441 0.634403 0.275539
v -0.269729 0.595789 0.274137
v 0.311292 0.614904 0.274209
v -0.325209 0.661915 0.296519
v 0.328581 0.613269 0.279943
v -0.372086 0.619939 0.289454
v 0.368831 0.596508 0.314082
v -0.302334 0.577751 0.276065
v 0.280581 0.618738 0.298715
v -0.278819 0.619488 0.312318
v 0.293145 0.646304 0.299803
v 0.333544 0.663168 0.295413
v 0.291553 0.664162 0.293041
v -0.335534 0.551881 0.284738
v 0.321533 0.632503 0.301131
v -0.307419 0.667764 0.298893
v -0.325797 0.582579 0.278911
v -0.379562 0.568913 0.308958
v 0.282491 0.632369 0.306812
v -0.355522 0.553016 0.304495
v 0.353365 0.575284 0.307560
v 0.360696 0.627489 0.323089
v 0.316223 0.692166 0.306346
v 0.337947 0.605371 0.302358
v -0.292009 0.603183 0.312824
v -0.326288 0.604774 0.290291
v -0.293063 0.633668 0.327788
v -0.338754 0.583092 0.304830
v -0.314137 0.618510 0.320306
v 0.301636 0.614336 0.315780
v 0.332019 0.620655 0.312238
v 0.309225 0.631543 0.310010
v -0.337541 0.599197 0.311600
v -0.323846 0.622475 0.314154
v -0.372070 0.580332 0.318768
v 0.323571 0.573783 0.318652
v -0.334483 0.675627 0.321831
v 0.341276 0.696737 0.329296
v -0.321547 0.565104 0.320971
v 0.354693 0.583407 0.329575
v 0.316024 0.641835 0.312921
v 0.300252 0.681863 0.321786
v -0.314051 0.608687 0.325612
v -0.347739 0.649226 0.326694
v 0.295664 0.625592 0.322750
v 0.328418 0.656222 0.317814
v 0.304991 0.602850 0.329962
v -0.371671 0.593744 0.338879
v -0.306411 0.681183 0.341029
v 0.323490 0.705262 0.339609
v -0.351174 0.561141 0.332667
v -0.298484 0.611955 0.335120
v 0.320497 0.636991 0.333476
v -0.320130 0.583650 0.342658
v 0.305649 0.615196 0.344895
v -0.316345 0.646923 0.339858
v 0.331359 0.678930 0.345888
v -0.333195 0.700921 0.342696
v -0.359468 0.587509 0.349155
v 0.334852 0.604184 0.338125
v -0.349772 0.685299 0.345024
v -0.347763 0.631000 0.349978
v -0.340976 0.689969 0.364833
v -0.314541 0.622702 0.353133
vn -0.0957 -0.3816 -0.9194
vn -0.1416 0.1498 -0.9785
vn 0.2638 0.1885 -0.9460
vn -0.2744 -0.5314 -0.8015
vn -0.0068 -0.5485 -0.8361
vn -0.5893 -0.0053 -0.8079
vn -0.2684 -0.6339 -0.7254
vn 0.5093 -0.2059 -0.8356
vn 0.4387 -0.7415 -0.5076
vn -0.5841 -0.7825 0.2157
vn -0.4402 0.2032 -0.8746
vn -0.3859 0.2136 -0.8975
vn -0.9594 -0.0386 -0.2793
vn 0.5573 0.0571 -0.8284
vn -0.1070 0.4051 -0.9080
vn 0.1281 0.1368 -0.9823
vn 0.0683 -0.3180 -0.9456
vn -0.1023 -0.6866 -0.7198
vn -0.3192 -0.4515 -0.8332
vn 0.6597 0.0784 -0.7474
vn -0.4950 0.2260 -0.8390
vn -0.1074 0.0838 -0.9907
vn -0.0923 0.1722 -0.9807
vn 0.4910 -0.0596 -0.8691
vn 0.1581 0.1193 -0.9802
vn -0.2117 -0.1198 -0.9700
vn -0.0347 0.5892 -0.8072
vn 0.1263 0.6846 -0.7179
vn -0.4219 -0.8073 -0.4127
vn -0.1564 0.2772 -0.9480
vn 0.9534 -0.2544 -0.1622
vn 0.7388 -0.3892 -0.5502
vn -0.5103 0.0924 -0.8550
vn 0.3376 0.1201 -0.9336
vn 0.7141 -0.2333 -0.6600
vn -0.4154 0.2533 -0.8737
vn -0.0955 0.4061 -0.9088
vn -0.4737 -0.4112 -0.7788
vn -0.0478 -0.5708 -0.8197
vn -0.3497 -0.2227 -0.9100
vn 0.9338 -0.0631 -0.3522
vn -0.0677 0.5436 -0.8366
vn -0.7163 -0.4488 -0.5343
vn 0.6446 -0.7486 0.1554
vn 0.7745 -0.4679 -0.4257
vn -0.3640 0.0649 -0.9291
vn -0.3162 0.3120 -0.8959
vn 0.9899 0.0026 -0.1420
vn -0.5308 -0.2165 -0.8194
vn 0.6747 -0.1793 -0.7160
vn 0.5060 0.5500 -0.6644
vn 0.0866 -0.9499 -0.3002
vn -0.4095 -0.0517 -0.9108
vn -0.6430 0.1802 -0.7444
vn 0.7699 -0.5980 -0.2228
vn -0.1989 0.4115 -0.8894
vn 0.7698 0.4550 -0.4476
vn 0.0623 0.1518 -0.9864
vn -0.1534 -0.3324 -0.9306
vn 0.1105 -0.2102 -0.9714
vn -0.3554 -0.1621 -0.9205
vn -0.1105 -0.2018 -0.9732
vn -0.4190 0.1060 -0.9018
vn -0.5199 0.3453 -0.7813
vn 0.3340 0.5888 -0.7361
vn 0.6511 -0.3415 -0.6778
vn -0.1901 -0.7895 0.5836
vn -0.2343 0.0807 -0.9688
vn -0.5103 -0.2205 -0.8312
vn -0.3349 0.1586 -0.9288
vn 0.0801 0.3444 -0.9354
vn -0.1951 -0.9739 -0.1156
vn 0.3831 -0.6746 -0.6310
vn -0.0653 -0.9978 0.0089
vn -0.8064 -0.0469 -0.5895
vn -0.3735 -0.1237 -0.9193
vn -0.3719 0.1088 -0.9219
vn 0.3556 0.7817 -0.5124
vn 0.5361 -0.3828 -0.7524
vn -0.1963 -0.1478 -0.9693
vn 0.5901 -0.2824 -0.7564
vn -0.7333 -0.5767 -0.3601
vn 0.5567 0.1227 -0.8216
vn 0.8343 -0.4844 0.2631
vn 0.9054 -0.2627 -0.3337
vn 0.8535 -0.0996 -0.5116
vn -0.8792 -0.4144 -0.2350
vn -0.8271 -0.0601 -0.5588
vn 0.9336 0.0960 0.3453
vn -0.1146 0.0241 -0.9931
vn -0.2328 0.0716 -0.9699
vn 0.7555 0.5390 -0.3724
vn 0.8257 -0.3241 -0.4617
vn -0.0805 -0.1906 -0.9784
vn 0.5138 -0.6779 -0.5258
vn 0.8949 -0.2924 0.3371
vn 0.7051 -0.3082 -0.6387
vn -0.4122 0.2563 -0.8743
vn -0.4435 0.3908 -0.8066
vn 0.2738 0.8870 -0.3718
vn -0.9462 -0.2657 -0.1845
vn -0.8764 -0.1314 -0.4633
vn -0.5485 -0.0330 -0.8355
vn -0.0490 0.1793 -0.9826
vn -0.4657 0.0571 -0.8831
vn 0.2090 0.3029 -0.9298
vn 0.4910 0.3020 -0.8171
vn 0.0179 0.2107 -0.9774
vn -0.2200 0.3401 -0.9143
vn 0.2749 -0.5845 -0.7635
vn 0.3303 -0.9434 -0.0298
vn 0.7430 -0.6396 -0.1971
vn 0.9108 -0.1942 0.3642
vn 0.9992 -0.0385 0.0097
vn -0.3795 0.5000 -0.7784
vn -0.6518 0.1192 -0.7489
vn -0.5054 0.4293 -0.7486
vn 0.0734 0.3821 -0.9212
vn -0.0088 0.1708 -0.9853
vn 0.1400 0.1908 -0.9716
vn -0.0361 -0.1427 -0.9891
vn 0.0839 -0.1064 -0.9908
vn 0.3495 -0.6213 -0.7014
vn -0.4931 -0.5276 -0.6917
vn 0.5375 -0.6970 -0.4746
vn 0.9012 -0.0134 -0.4333
vn 0.5841 -0.2004 -0.7866
vn 0.4376 -0.3009 -0.8473
vn -0.7827 -0.0799 -0.6173
vn 0.5455 -0.3138 -0.7772
vn -0.5707 0.4628 -0.6783
vn 0.8056 -0.1503 -0.5730
vn -0.0478 -0.2353 -0.9707
vn -0.2562 0.0644 -0.9645
vn -0.0361 0.1693 -0.9849
vn 0.0131 0.0466 -0.9988
vn -0.7872 -0.4776 -0.3902
vn 0.2322 -0.1979 -0.9523
vn 0.8505 -0.1774 -0.4952
vn -0.8486 -0.2928 -0.4407
vn 0.2571 -0.1550 -0.9539
vn -0.5652 0.4147 -0.7131
vn 0.4423 0.8789 -0.1786
vn -0.1341 -0.4303 -0.8926
vn -0.0891 -0.5104 -0.8553
vn -0.4111 -0.1434 -0.9002
vn 0.4134 0.0330 -0.9100
vn 0.4601 0.2992 -0.8359
vn 0.1538 0.2911 -0.9443
vn -0.1089 -0.0234 -0.9938
vn 0.0774 -0.0538 -0.9955
vn -0.0007 -0.0358 -0.9994
vn 0.2443 -0.3757 -0.8940
vn 0.1101 -0.4748 -0.8732
vn 0.4769 -0.0635 -0.8767
vn 0.9397 -0.3075 -0.1495
vn 0.5635 -0.2836 -0.7759
vn 0.5653 -0.3485 -0.7477
vn -0.7301 0.1570 -0.6651
vn -0.3005 0.4026 -0.8646
vn 0.3511 0.3216 -0.8794
vn 0.1773 -0.2545 -0.9507
vn -0.5128 0.2014 -0.8345
vn -0.2631 0.1379 -0.9549
vn -0.0769 0.0605 -0.9952
vn 0.0901 0.2550 -0.9627
vn 0.0491 0.0253 -0.9985
vn -0.3022 0.1306 -0.9443
vn -0.2756 0.0077 -0.9612
vn -0.0658 -0.0581 -0.9961
vn 0.2844 -0.3294 -0.9003
vn 0.0366 0.0354 -0.9987
vn 0.1766 -0.0607 -0.9824
vn 0.2200 -0.0530 -0.9741
vn -0.2761 -0.0195 -0.9609
vn 0.7332 -0.1640 -0.6600
vn 0.7304 -0.3005 -0.6134
vn 0.6631 0.5476 -0.5103
vn 0.6390 0.2331 -0.7330
vn 0.0593 -0.7190 -0.6925
vn -0.3268 0.2651 -0.9071
vn 0.4330 -0.0186 -0.9012
vn 0.2427 -0.0031 -0.9701
vn -0.4381 0.1423 -0.8876
vn -0.3822 -0.0385 -0.9233
vn 0.4525 -0.0563 -0.8900
vn 0.6611 -0.0923 -0.7446
vn -0.9739 -0.2255 0.0263
vn 0.3134 0.2161 -0.9247
vn 0.6938 0.4918 -0.5261
vn -0.7222 0.0431 -0.6903
vn -0.4846 0.4649 -0.7410
vn -0.1696 -0.6238 -0.7629
vn 0.1706 -0.6120 -0.7723
vn -0.0731 -0.5126 -0.8555
vn -0.6536 0.1530 -0.7412
vn 0.7038 0.1737 -0.6888
vn 0.5378 -0.3536 -0.7653
vn -0.4569 -0.0411 -0.8886
vn 0.5048 -0.0783 -0.8597
vn -0.4870 -0.0574 -0.8715
vn -0.8730 -0.2644 -0.4098
vn -0.9253 -0.2105 -0.3155
vn 0.7709 0.1279 -0.6240
vn 0.4764 0.2150 -0.8525
vn -0.1369 -0.3295 -0.9342
vn -0.2352 0.1394 -0.9619
vn 0.3738 -0.3148 -0.8725
vn 0.2173 -0.4353 -0.8736
vn -0.2280 -0.7296 -0.6448
vn -0.3338 -0.4808 -0.8108
vn -0.5819 0.1801 -0.7931
vn -0.7842 -0.2583 -0.5642
vn 0.2186 -0.5404 -0.8125
vn 0.0972 -0.3393 -0.9356
vn -0.9223 0.1317 -0.3633
vn 0.5224 0.7880 -0.3258
vn -0.6849 0.3927 -0.6138
vn 0.0371 0.2817 -0.9588
vn -0.6618 -0.2307 -0.7133
vn -0.1180 -0.9202 -0.3732
vn 0.5949 0.1039 -0.7970
vn 0.2013 0.1431 -0.9690
vn -0.2156 -0.1904 -0.9577
vn -0.3603 -0.0422 -0.9319
vn 0.4650 -0.0728 -0.8823
vn 0.0251 0.1328 -0.9908
vn 0.6004 -0.0963 -0.7939
vn 0.4145 0.3533 -0.8387
vn 0.8190 -0.0010 -0.5738
vn -0.2398 0.3188 -0.9170
vn 0.7800 -0.5633 -0.2727
vn -0.6298 0.2293 -0.7422
vn -0.6542 -0.2224 -0.7229
vn -0.5540 -0.0684 -0.8297
vn 0.3483 0.0324 -0.9368
vn -0.0855 -0.5468 -0.8329
vn -0.5795 0.6145 -0.5354
vn 0.4656 0.3184 -0.8257
vn 0.0652 -0.9228 -0.3797
vn -0.0065 -0.1830 -0.9831
vn 0.6377 -0.2668 -0.7226
vn -0.7892 0.1296 -0.6003
vn -0.1000 0.1732 -0.9798
vn -0.0356 0.5824 -0.8121
vn 0.5301 -0.1513 -0.8343
vn -0.6329 -0.2027 -0.7472
vn -0.7525 -0.0141 -0.6585
vn -0.6265 0.3031 -0.7180
vn 0.6736 0.2362 -0.7004
vn -0.4971 0.2955 -0.8158
vn 0.3932 0.3666 -0.8432
vn 0.7558 -0.0865 -0.6491
vn -0.9390 -0.1753 -0.2959
vn -0.8034 -0.2290 -0.5496
vn -0.8284 0.5076 -0.2368
vn 0.6366 0.7712 -0.0034
vn 0.8223 0.0618 -0.5656
vn -0.5774 0.3613 -0.7322
vn -0.3806 0.4891 -0.7848
vn -0.5407 -0.6367 -0.5498
vn -0.9017 0.1206 -0.4152
vn -0.6912 0.2901 -0.6619
vn -0.1405 -0.2065 -0.9683
vn -0.6582 -0.2859 -0.6964
vn -0.8457 -0.1955 -0.4966
vn -0.5233 -0.0458 -0.8509
vn 0.3451 -0.0442 -0.9375
vn -0.0154 -0.1145 -0.9933
vn 0.6645 0.1501 -0.7320
vn -0.2529 0.1432 -0.9568
vn -0.6704 0.1323 -0.7301
vn 0.0923 0.2609 -0.9609
vn 0.4295 -0.3767 -0.8207
vn 0.7611 -0.3637 -0.5370
vn -0.6539 -0.3672 -0.6615
vn 0.5666 -0.5509 -0.6128
vn 0.0972 -0.7330 -0.6732
vn 0.5099 0.6006 -0.6159
vn -0.8700 0.1475 -0.4704
vn 0.8106 0.2253 -0.5405
vn 0.0117 0.5106 -0.8597
vn -0.0018 -0.9987 -0.0517
vn 0.6795 0.1060 -0.7259
vn 0.7521 0.3456 -0.5612
vn 0.6304 0.5332 -0.5642
vn -0.6975 0.3282 -0.6370
vn -0.3224 0.7317 -0.6005
vn 0.3983 0.5346 -0.7453
vn 0.0661 -0.1940 -0.9788
vn 0.3667 -0.2078 -0.9068
vn 0.7377 -0.1888 -0.6482
vn -0.5930 -0.1763 -0.7856
vn 0.5138 0.0929 -0.8529
vn -0.8080 -0.0512 -0.5869
vn -0.0106 -0.4348 -0.9005
vn 0.0558 -0.5507 -0.8328
vn 0.2096 -0.7495 -0.6280
vn -0.4157 -0.8148 -0.4040
vn 0.2864 -0.8727 -0.3955
vn -0.7516 0.2788 -0.5978
vn -0.7331 0.1454 -0.6644
vn 0.6826 -0.2011 -0.7026
vn -0.5767 0.1108 -0.8094
vn -0.5966 -0.2654 -0.7574
vn 0.6588 -0.0705 -0.7490
vn 0.9021 -0.1038 -0.4189
vn 0.2801 0.3212 -0.9047
vn -0.1785 0.3492 -0.9199
vn -0.5297 0.3343 -0.7795
vn 0.1678 0.3015 -0.9386
vn 0.7032 -0.1589 -0.6930
vn 0.4961 0.3318 -0.8024
vn -0.6489 -0.0301 -0.7602
vn -0.7204 0.0186 -0.6933
vn -0.8277 -0.0695 -0.5568
vn 0.9066 -0.0905 -0.4121
vn 0.2061 -0.2434 -0.9478
vn 0.3705 0.2425 -0.8966
vn -0.7095 0.3479 -0.6129
vn 0.4744 0.5352 -0.6989
vn 0.9771 -0.0135 -0.2125
vn -0.8895 0.4024 -0.2164
vn -0.4126 -0.1611 -0.8966
vn 0.8630 -0.0736 -0.4997
vn 0.7259 0.0869 -0.6823
vn -0.4068 -0.5723 -0.7120
vn 0.9170 0.0030 -0.3990
vn -0.8711 -0.1238 -0.4752
vn 0.3111 -0.7515 -0.5817
vn 0.1991 -0.0576 -0.9783
vn -0.7662 0.2057 -0.6088
vn -0.8003 0.4189 -0.4290
vn 0.8942 0.2731 -0.3547
vn 0.7962 0.3223 -0.5121
vn 0.5790 -0.7389 -0.3446
vn -0.7772 -0.6092 -0.1578
vn 0.9577 -0.0510 -0.2830
vn -0.8524 0.2107 -0.4785
vn 0.6368 0.5132 -0.5754
vn 0.0779 -0.0990 -0.9920
vn -0.7199 -0.1352 -0.6808
vn -0.6822 -0.2774 -0.6765
vn 0.7574 -0.0778 -0.6483
vn 0.8628 0.0054 -0.5055
vn -0.9158 0.0260 -0.4008
vn 0.8275 0.1592 -0.5384
vn -0.8474 0.2541 -0.4662
vn -0.2189 -0.9123 -0.3462
vn 0.8604 0.1176 -0.4959
vn -0.9118 -0.2340 -0.3373
vn 0.9267 -0.2139 -0.3089
vn -0.7870 -0.2938 -0.5425
vn 0.7873 -0.5092 -0.3477
vn 0.1264 -0.5762 -0.8075
vn 0.1022 -0.8861 -0.4521
vn 0.4652 0.8776 0.1161
vn -0.2894 0.7201 -0.6306
vn 0.1146 0.8241 -0.5548
vn -0.5573 -0.8302 -0.0130
vn -0.9859 -0.1327 -0.1016
vn -0.9826 -0.1778 -0.0530
vn 0.1743 0.2399 -0.9550
vn 0.8990 0.0429 -0.4358
vn 0.3312 -0.1535 -0.9310
vn 0.9786 0.0163 -0.2053
vn -0.8372 0.1502 -0.5258
vn -0.2193 -0.3622 -0.9060
vn -0.8847 0.1380 -0.4452
vn -0.4375 -0.8396 -0.3219
vn -0.1785 -0.9338 -0.3102
vn 0.2865 -0.9503 -0.1221
vn 0.1107 -0.5051 -0.8559
vn 0.3126 0.4521 -0.8354
vn 0.4725 0.6454 -0.6002
vn 0.6605 0.6738 0.3313
vn -0.9591 0.1022 -0.2639
vn -0.6885 -0.0578 -0.7229
vn -0.9172 -0.2464 -0.3130
vn -0.9269 -0.2747 -0.2559
vn -0.8625 -0.1440 -0.4851
vn -0.9861 0.0742 -0.1485
vn 0.6077 0.3460 -0.7149
vn 0.4661 -0.3741 -0.8018
vn -0.7328 0.0721 -0.6766
vn 0.9301 -0.2438 -0.2747
vn -0.9257 0.0759 -0.3707
vn 0.3281 0.1681 -0.9296
vn -0.6075 -0.1553 -0.7790
vn -0.7740 0.6146 -0.1523
vn -0.8928 0.3214 -0.3157
vn -0.8372 0.4164 -0.3546
vn -0.9995 -0.0040 -0.0305
vn 0.9144 0.2196 -0.3401
vn 0.8885 0.3899 -0.2420
vn -0.7817 0.4618 -0.4191
vn 0.8546 0.4473 -0.2637
vn 0.7578 -0.2173 -0.6152
vn -0.9456 -0.0987 -0.3100
vn -0.9163 -0.1192 -0.3822
vn 0.9859 -0.0648 -0.1543
vn -0.9877 -0.1278 -0.0897
vn 0.9784 0.0345 -0.2036
vn 0.0770 0.3628 -0.9287
vn -0.8139 0.2724 -0.5131
vn -0.2810 0.2436 -0.9283
vn 0.5677 0.0582 -0.8212
vn 0.0836 0.0652 -0.9944
vn 0.6859 -0.2786 -0.6723
vn 0.8980 0.0227 -0.4395
vn -0.9212 0.2382 -0.3075
vn 0.7702 0.1161 -0.6272
vn 0.7125 0.2205 -0.6662
vn 0.8533 -0.2834 -0.4376
vn 0.8212 0.3801 -0.4257
vn 0.9257 -0.2344 -0.2970
vn 0.9859 -0.1656 -0.0244
vn -0.9563 0.1991 -0.2140
vn -0.1382 0.0573 -0.9887
vn -0.6860 0.2542 -0.6817
vn -0.9643 0.0268 -0.2636
vn -0.9738 -0.1225 -0.1915
vn -0.8338 0.4690 -0.2912
vn 0.4974 0.8675 -0.0101
vn -0.6999 0.6277 -0.3407
vn 0.6809 0.6771 -0.2792
vn 0.9924 -0.0502 0.1119
vn -0.9548 -0.2125 0.2078
vn -0.9876 -0.1154 0.1064
vn -0.5744 0.1746 -0.7997
vn 0.3964 0.1465 -0.9063
vn -0.5199 -0.1237 -0.8452
vn -0.3870 -0.0253 -0.9217
vn 0.0589 -0.0226 -0.9980
vn -0.0346 -0.0139 -0.9993
vn -0.2406 -0.1087 -0.9645
vn 0.1556 -0.0646 -0.9857
vn -0.5264 -0.3952 -0.7528
vn 0.7277 0.3266 -0.6031
vn -0.9211 0.0770 -0.3816
vn -0.0916 -0.9390 -0.3315
vn 0.9565 -0.0938 0.2764
vn 0.3162 -0.3693 -0.8739
vn -0.4343 -0.4570 -0.7762
vn -0.3089 -0.6805 -0.6645
vn -0.5409 -0.1067 -0.8343
vn 0.3049 0.8027 -0.5126
vn 0.3404 0.8261 -0.4491
vn -0.2924 0.9219 -0.2540
vn 0.7754 -0.6285 0.0618
vn 0.8949 -0.0143 -0.4461
vn -0.9742 -0.2221 0.0392
vn -0.9926 0.1189 -0.0254
vn 0.8311 0.0258 -0.5555
vn -0.7615 0.0475 -0.6465
vn -0.4826 -0.0204 -0.8756
vn -0.3739 -0.0282 -0.9270
vn 0.2141 0.0441 -0.9758
vn 0.5058 -0.0148 -0.8625
vn 0.4106 -0.0195 -0.9116
vn -0.5825 -0.1238 -0.8033
vn -0.0360 -0.0714 -0.9968
vn -0.5581 -0.0910 -0.8248
vn -0.0065 -0.0398 -0.9992
vn 0.4370 -0.2414 -0.8665
vn 0.4650 -0.1160 -0.8777
vn -0.5734 -0.1394 -0.8073
vn 0.4838 -0.0101 -0.8751
vn -0.8538 -0.0782 -0.5147
vn -0.8168 0.2274 -0.5302
vn 0.9063 -0.0112 -0.4226
vn 0.9680 -0.0211 -0.2500
vn -0.9878 -0.0747 -0.1367
vn 0.9509 -0.0786 -0.2994
vn 0.9334 -0.0223 -0.3582
vn 0.0994 -0.9935 -0.0559
vn 0.3124 0.7566 0.5745
vn 0.9559 0.1942 -0.2205
vn 0.0097 -0.9986 -0.0521
vn -0.9913 -0.0636 -0.1156
vn 0.9966 -0.0461 -0.0684
vn 0.8399 0.2909 -0.4583
vn -0.9688 0.2141 -0.1251
vn 0.9963 -0.0163 0.0839
vn 0.9698 -0.2440 -0.0046
vn 0.9775 -0.0394 0.2071
vn -0.9880 0.0369 0.1497
vn 0.9981 0.0185 0.0586
vn 0.9658 -0.0518 -0.2541
vn 0.0258 0.2318 -0.9724
vn 0.5404 -0.0502 -0.8399
vn -0.5417 -0.0641 -0.8381
vn -0.7565 -0.2658 -0.5975
vn 0.8711 -0.1629 -0.4633
vn 0.8635 0.2081 -0.4594
vn 0.5524 -0.8316 -0.0575
vn -0.7293 0.2499 -0.6369
vn 0.9078 0.0473 0.4167
vn 0.6830 -0.7267 -0.0738
vn -0.9946 -0.0353 0.0973
vn -0.9372 -0.2361 0.2567
vn 0.8781 -0.0514 0.4758
vn 0.4805 0.3098 -0.8205
vn -0.4236 0.0868 -0.9017
vn 0.7699 0.1792 -0.6125
vn -0.1445 -0.0401 -0.9887
vn -0.3127 -0.0850 -0.9460
vn 0.3701 -0.1238 -0.9207
vn 0.7960 -0.0464 -0.6035
vn -0.3457 -0.9369 -0.0514
vn -0.7870 -0.4527 -0.4192
vn 0.2859 -0.9530 -0.1003
vn 0.3706 0.9288 0.0072
vn -0.6773 0.5363 -0.5036
vn 0.9512 -0.2873 -0.1125
vn 0.9276 0.2353 -0.2902
vn -0.9740 0.1563 -0.1639
vn -0.9912 0.0103 0.1317
vn 0.9444 -0.1137 0.3084
vn -0.9885 -0.0827 -0.1264
vn 0.4124 0.0944 -0.9061
vn -0.4863 0.1315 -0.8638
vn -0.0076 0.0188 -0.9998
vn 0.7587 0.0201 -0.6511
vn -0.8153 -0.1824 -0.5496
vn 0.5518 -0.1447 -0.8213
vn -0.6921 -0.0720 -0.7182
vn -0.8063 -0.1772 -0.5643
vn -0.9520 0.0800 -0.2956
vn 0.5457 0.4375 -0.7147
vn -0.2012 -0.3502 -0.9148
vn -0.4254 -0.9031 -0.0590
vn 0.9742 -0.2255 -0.0112
vn 0.9071 -0.0733 0.4145
vn -0.9207 -0.0516 0.3868
vn 0.9944 -0.0645 -0.0834
vn -0.9979 0.0160 0.0632
vn 0.9840 0.1369 -0.1139
vn -0.8862 -0.0973 -0.4529
vn 0.4987 -0.0675 -0.8641
vn 0.7994 -0.1464 -0.5827
vn 0.8141 -0.2184 -0.5381
vn -0.9001 -0.1178 -0.4194
vn 0.7411 0.0949 -0.6646
vn 0.9207 0.0983 -0.3777
vn -0.3020 -0.8839 0.3570
vn 0.7330 -0.1388 -0.6659
vn 0.2670 0.4636 0.8449
vn -0.9534 0.2919 -0.0759
vn 0.7778 -0.6109 -0.1481
vn 0.9932 0.0378 -0.1098
vn -0.8580 0.5081 -0.0747
vn 0.8250 -0.0193 0.5648
vn 0.8789 -0.0331 0.4759
vn 0.9779 -0.1652 -0.1281
vn -0.8756 -0.0244 -0.4824
vn 0.9715 0.0476 -0.2322
vn -0.7452 -0.0187 -0.6666
vn -0.8669 -0.2319 -0.4412
vn 0.8148 -0.0750 -0.5749
vn 0.8164 -0.3432 -0.4644
vn 0.9638 0.0913 -0.2504
vn -0.8530 0.2379 -0.4646
vn -0.4212 -0.7836 -0.4567
vn -0.3156 -0.9014 0.2965
vn -0.6130 -0.1103 -0.7823
vn -0.4577 -0.5606 -0.6901
vn -0.7765 0.5356 -0.3320
vn -0.2329 -0.9713 -0.0478
vn 0.9602 0.2776 -0.0292
vn 0.9081 -0.1947 0.3708
vn -0.9935 -0.0984 -0.0579
vn 0.8612 -0.1638 -0.4812
vn 0.9652 0.0039 -0.2616
vn -0.8140 -0.2372 -0.5302
vn -0.9501 0.1863 -0.2502
vn -0.9929 -0.1186 -0.0103
vn 0.9854 -0.0338 -0.1667
vn 0.4905 -0.7138 0.4999
vn 0.2198 0.9693 0.1101
vn 0.9016 0.4063 -0.1484
vn 0.9514 0.2425 0.1896
vn 0.8004 0.5957 0.0673
vn -0.9296 -0.0833 0.3591
vn 0.8567 0.2124 -0.4701
vn -0.8253 0.1574 -0.5424
vn -0.8748 0.0742 -0.4787
vn 0.8333 -0.2219 -0.5064
vn 0.9895 0.0971 -0.1069
vn 0.9759 -0.0040 -0.2182
vn 0.9801 0.0051 -0.1984
vn -0.3170 -0.8552 0.4100
vn 0.9523 -0.0941 0.2904
vn 0.3122 -0.7091 -0.6322
vn 0.9418 -0.0846 0.3254
vn 0.5327 0.7942 -0.2923
vn -0.6627 0.6753 -0.3237
vn 0.2882 0.7183 0.6333
vn -0.7693 0.6050 -0.2054
vn 0.1339 0.2727 0.9527
vn 0.2456 -0.5629 0.7892
vn 0.2509 0.3314 0.9095
vn 0.5771 -0.0784 0.8129
vn -0.9836 0.1230 -0.1323
vn 0.8851 0.4526 -0.1083
vn 0.9852 -0.1696 -0.0246
vn -0.9172 0.3850 0.1026
vn 0.8657 0.4289 0.2582
vn -0.9465 0.0766 0.3136
vn -0.9551 -0.2721 -0.1175
vn 0.9864 0.0892 -0.1378
vn -0.9409 -0.2115 -0.2645
vn 0.9726 -0.0794 -0.2187
vn 0.9453 0.1774 -0.2738
vn 0.2699 -0.9569 0.1071
vn 0.9672 0.2053 -0.1494
vn -0.9199 0.2943 -0.2593
vn 0.9935 -0.0874 -0.0725
vn 0.3128 -0.8648 -0.3928
vn -0.3169 -0.9006 0.2975
vn 0.9386 0.3279 -0.1076
vn 0.1564 0.7437 0.6499
vn 0.2177 0.7570 0.6161
vn 0.0399 0.7972 0.6024
vn 0.2917 0.9487 -0.1222
vn 0.7167 0.0812 0.6926
vn -0.8398 -0.0413 0.5413
vn -0.9119 0.0087 0.4103
vn 0.9226 -0.0348 -0.3842
vn -0.8896 -0.1285 -0.4383
vn 0.9681 -0.2070 -0.1409
vn -0.9468 -0.2146 -0.2398
vn -0.9874 -0.0845 -0.1337
vn 0.9520 0.2248 -0.2077
vn 0.8601 0.1062 0.4990
vn 0.7778 -0.0499 0.6265
vn -0.7963 -0.1692 0.5808
vn 0.8740 -0.1179 0.4715
vn 0.9444 -0.2630 0.1975
vn -0.9515 0.0567 -0.3024
vn 0.9412 -0.2007 -0.2717
vn -0.9371 -0.0071 -0.3489
vn -0.8243 -0.5544 0.1150
vn 0.9757 0.1631 -0.1466
vn -0.9853 0.1612 -0.0571
vn -0.0885 -0.9881 0.1256
vn -0.4904 -0.8713 -0.0190
vn 0.4879 -0.7890 0.3734
vn -0.7174 0.4059 -0.5662
vn 0.4018 -0.3960 0.8257
vn 0.6429 -0.1912 0.7417
vn -0.9180 0.3955 -0.0284
vn -0.6504 0.7595 -0.0087
vn 0.9869 -0.1592 -0.0266
vn -0.9188 0.0499 0.3916
vn 0.8544 -0.2131 0.4738
vn -0.6994 -0.1681 0.6947
vn -0.8321 -0.0985 0.5458
vn 0.9995 0.0024 0.0313
vn -0.9737 -0.2233 -0.0458
vn -0.9746 -0.0520 -0.2179
vn 0.9114 -0.3714 -0.1771
vn 0.9990 -0.0380 -0.0232
vn 0.9953 0.0527 -0.0809
vn -0.8798 0.4752 -0.0090
vn 0.8896 0.3187 -0.3272
vn -0.7457 -0.2864 -0.6015
vn 0.9047 -0.4177 -0.0843
vn 0.9282 -0.3706 -0.0344
vn 0.0590 0.9937 -0.0958
vn 0.2780 0.6533 0.7042
vn 0.0442 0.8093 0.5857
vn -0.6852 0.7244 -0.0754
vn -0.9338 0.3502 0.0734
vn 0.7973 0.6032 -0.0197
vn -0.7627 0.4713 0.4429
vn -0.7016 -0.1186 0.7026
vn -0.5575 -0.1270 0.8204
vn 0.7349 -0.0992 0.6709
vn -0.9928 0.0273 0.1169
vn 0.9774 -0.1972 -0.0762
vn 0.9896 -0.1438 0.0068
vn 0.5278 0.4383 0.7276
vn -0.9711 0.2386 0.0083
vn 0.6793 -0.0622 0.7312
vn -0.7620 -0.0927 0.6409
vn -0.9909 -0.1047 0.0841
vn 0.9849 -0.0620 -0.1615
vn -0.9806 0.1654 -0.1050
vn 0.9912 0.1180 0.0598
vn -0.9554 0.2947 0.0213
vn -0.4413 -0.5097 -0.7386
vn -0.4840 -0.7310 -0.4811
vn 0.3581 -0.7167 0.5985
vn 0.0831 0.7773 0.6237
vn -0.9585 -0.1626 0.2343
vn -0.8870 0.4616 0.0149
vn 0.5379 -0.8365 -0.1048
vn 0.7373 0.5081 0.4452
vn 0.4728 0.5667 0.6748
vn 0.4139 -0.0157 0.9102
vn -0.9731 -0.2094 0.0965
vn -0.9605 -0.2575 -0.1054
vn -0.9859 -0.1175 0.1193
vn -0.9779 0.2076 -0.0240
vn -0.8521 -0.4157 -0.3179
vn -0.3428 -0.6566 0.6718
vn 0.2590 0.5452 0.7973
vn -0.7533 0.5823 0.3057
vn 0.6237 -0.5444 0.5609
vn 0.5743 0.8163 0.0618
vn -0.0551 0.9972 -0.0504
vn -0.9283 -0.3687 -0.0476
vn -0.8932 -0.4220 -0.1556
vn -0.7742 0.4624 0.4323
vn 0.7276 -0.1264 0.6743
vn -0.6872 -0.0363 0.7256
vn 0.4165 -0.1610 0.8948
vn -0.8976 -0.1731 0.4054
vn 0.9316 -0.0028 0.3634
vn -0.8520 -0.2115 0.4789
vn -0.9384 -0.2323 0.2558
vn -0.9974 0.0094 0.0718
vn 0.7479 -0.5903 0.3037
vn -0.5791 -0.7483 0.3237
vn -0.2370 -0.5125 0.8253
vn -0.7067 0.7039 -0.0715
vn 0.0944 0.8396 0.5350
vn 0.5129 -0.1084 0.8516
vn -0.5733 -0.5098 0.6415
vn 0.6104 -0.3728 0.6989
vn 0.8843 0.4560 0.1005
vn -0.7940 0.6014 0.0888
vn -0.2637 0.9616 -0.0761
vn 0.0549 0.9873 0.1493
vn -0.3681 -0.9266 -0.0768
vn 0.9361 0.3200 0.1461
vn -0.7353 0.5371 0.4134
vn -0.7706 -0.0147 0.6372
vn 0.9803 -0.0790 0.1811
vn 0.9569 -0.1569 0.2445
vn -0.9864 0.0058 0.1640
vn -0.9887 0.0705 0.1323
vn 0.9921 0.1253 -0.0065
vn -0.9718 -0.0789 0.2221
vn -0.1763 -0.7160 -0.6754
vn -0.4309 -0.8313 0.3510
vn -0.3554 -0.3491 -0.8671
vn 0.5955 -0.6286 0.5002
vn -0.6027 0.7927 0.0916
vn 0.1145 0.4526 0.8843
vn -0.6643 0.6635 0.3442
vn 0.1732 -0.4655 0.8679
vn 0.3829 -0.5298 0.7568
vn -0.9599 0.1435 0.2407
vn -0.4724 -0.0915 0.8766
vn 0.5503 -0.0792 0.8312
vn -0.5736 -0.1122 0.8114
vn 0.7585 -0.3978 0.5162
vn -0.7997 -0.3559 0.4835
vn -0.9972 -0.0353 0.0656
vn 0.9761 -0.2161 -0.0234
vn -0.9795 0.2012 0.0093
vn -0.9788 -0.1086 0.1734
vn 0.9396 -0.2002 0.2777
vn -0.4688 -0.4145 0.7800
vn 0.9169 0.3956 0.0523
vn 0.1300 0.7054 0.6968
vn 0.6161 -0.1980 0.7624
vn 0.0977 0.2147 0.9718
vn -0.6828 -0.2421 0.6893
vn 0.1623 -0.7101 0.6851
vn -0.9020 0.2643 0.3413
vn 0.6186 -0.1524 0.7708
vn 0.9279 0.3317 0.1703
vn 0.0897 -0.9955 -0.0291
vn -0.9973 0.0462 -0.0575
vn 0.9741 -0.1089 -0.1983
vn -0.4062 0.4067 0.8183
vn 0.1250 0.0557 0.9906
vn -0.4921 0.0606 0.8684
vn -0.2044 -0.0002 0.9789
vn -0.2700 -0.1217 0.9551
vn 0.7838 -0.0705 0.6170
vn 0.5990 -0.2367 0.7650
vn 0.8445 -0.1335 0.5186
vn 0.9916 0.0130 0.1290
vn 0.9417 0.1579 0.2972
vn 0.9911 -0.1081 0.0776
vn -0.3475 -0.4348 0.8308
vn -0.6063 0.1821 -0.7741
vn 0.2222 -0.3431 0.9126
vn 0.0023 0.5105 0.8599
vn 0.1352 0.3424 0.9298
vn -0.0318 0.3376 0.9407
vn 0.8640 0.2262 0.4498
vn 0.7924 -0.3359 0.5093
vn 0.8018 -0.4889 0.3437
vn 0.9787 0.1915 0.0737
vn 0.2263 0.1086 0.9680
vn 0.2865 -0.1724 0.9425
vn -0.7023 -0.1665 0.6922
vn -0.9685 -0.2445 0.0466
vn 0.9348 -0.3527 0.0414
vn -0.0459 -0.9110 0.4099
vn 0.9983 0.0430 -0.0390
vn -0.6535 0.6382 -0.4070
vn -0.6422 0.7658 0.0334
vn -0.1140 0.0931 0.9891
vn 0.4678 0.3874 0.7944
vn 0.0083 0.8211 0.5707
vn -0.6212 0.6836 0.3831
vn -0.6799 -0.7219 0.1289
vn 0.0829 0.2167 0.9727
vn -0.0992 -0.1487 0.9839
vn -0.5202 -0.2927 0.8023
vn 0.4185 -0.4634 0.7811
vn 0.9807 -0.1839 0.0663
vn 0.9886 -0.0517 0.1414
vn 0.9642 0.1219 0.2357
vn 0.9520 0.1963 0.2348
vn 0.9019 0.1575 0.4022
vn -0.9667 -0.0821 0.2422
vn 0.1909 0.2589 0.9469
vn 0.0475 0.8449 0.5328
vn 0.4710 0.5363 0.7004
vn -0.2019 0.3903 0.8983
vn -0.8904 0.3790 0.2520
vn 0.1128 0.9936 0.0012
vn 0.9898 0.1423 0.0062
vn 0.4183 0.7015 0.5770
vn 0.2608 0.6815 0.6838
vn 0.2627 -0.1314 0.9559
vn -0.3488 -0.1604 0.9234
vn 0.8427 -0.3492 0.4097
vn -0.8558 -0.3088 0.4150
vn -0.8999 -0.2587 0.3510
vn 0.9347 -0.0796 0.3464
vn 0.8976 -0.2004 0.3927
vn 0.9831 -0.0032 0.1830
vn 0.9591 -0.1180 0.2572
vn -0.8551 -0.2373 0.4610
vn 0.0904 -0.8482 -0.5219
vn 0.2766 -0.9195 -0.2792
vn -0.5806 -0.0213 -0.8139
vn -0.7997 -0.4854 0.3535
vn 0.2206 -0.1051 0.9697
vn 0.1277 -0.0548 0.9903
vn -0.5347 0.2557 0.8055
vn 0.3182 -0.4727 0.8218
vn 0.6011 -0.7029 0.3802
vn 0.8891 0.0283 0.4568
vn 0.7339 -0.5639 0.3786
vn 0.5429 -0.7476 0.3826
vn -0.9985 0.0393 0.0374
vn -0.7921 0.4776 0.3802
vn -0.4355 0.6998 0.5662
vn -0.1815 0.7070 0.6836
vn 0.7942 -0.3540 0.4939
vn -0.9266 0.1684 0.3363
vn -0.9313 0.2531 0.2618
vn -0.9256 0.2076 0.3166
vn 0.9151 0.0142 0.4030
vn -0.4895 -0.7982 -0.3512
vn -0.1599 -0.9036 0.3975
vn -0.3887 0.6725 0.6298
vn 0.0920 0.6130 0.7847
vn -0.1067 -0.2948 0.9496
vn 0.4166 -0.7216 0.5529
vn 0.8636 0.0565 0.5010
vn -0.8749 0.3880 0.2897
vn -0.5005 0.8314 0.2415
vn -0.5648 0.5355 0.6279
vn -0.2327 -0.1442 0.9618
vn 0.3835 -0.1365 0.9134
vn 0.9355 0.0334 0.3517
vn 0.9401 0.2012 0.2753
vn -0.8249 0.5598 -0.0784
vn -0.6555 -0.3086 -0.6893
vn -0.2523 -0.5221 -0.8147
vn -0.8742 -0.4585 0.1599
vn 0.0644 -0.9381 0.3402
vn 0.6065 0.7949 -0.0172
vn -0.4240 0.8153 0.3943
vn 0.1645 0.6648 0.7287
vn 0.0242 0.8189 0.5734
vn -0.7067 0.3501 0.6148
vn -0.5217 -0.7308 0.4402
vn -0.3775 -0.3856 0.8419
vn 0.7979 0.5838 0.1500
vn -0.0470 -0.1883 0.9810
vn -0.2841 -0.2742 0.9188
vn -0.9082 -0.0568 0.4146
vn -0.8763 -0.2208 0.4282
vn 0.9279 0.1002 0.3591
vn -0.9395 0.3414 -0.0278
vn -0.6487 0.4422 -0.6194
vn -0.2027 0.9514 -0.2318
vn 0.4008 0.6108 0.6829
vn -0.7915 0.4451 0.4189
vn -0.7690 -0.2108 0.6035
vn -0.4487 -0.2595 0.8552
vn 0.7851 -0.0252 0.6188
vn -0.8728 0.3924 0.2903
vn -0.7474 0.6247 0.2261
vn 0.8555 0.4795 0.1956
vn 0.6434 0.5460 0.5365
vn 0.2469 -0.2313 0.9410
vn 0.7298 -0.1157 0.6738
vn -0.7518 -0.2896 0.5923
vn 0.8431 -0.2167 0.4922
vn -0.9729 -0.1840 0.1403
vn 0.9677 0.1362 0.2121
vn -0.2158 -0.6500 -0.7287
vn 0.7784 0.0593 0.6250
vn 0.8789 -0.3774 0.2918
vn 0.8395 0.1045 0.5332
vn -0.8260 -0.2938 0.4811
vn 0.7680 -0.0541 0.6382
vn 0.7521 -0.1909 0.6308
vn -0.8883 -0.0594 0.4554
vn 0.8356 -0.2374 0.4954
vn -0.8665 -0.2037 0.4557
vn -0.9118 -0.2718 -0.3078
vn 0.5275 -0.8403 0.1249
vn -0.4704 0.3490 0.8105
vn 0.7175 0.3825 0.5821
vn 0.8001 0.0240 0.5994
vn 0.7145 -0.6567 0.2412
vn 0.7989 0.1997 0.5674
vn 0.1862 -0.8862 0.4243
vn 0.3596 0.8864 0.2915
vn -0.3538 -0.9352 0.0139
vn -0.1274 0.6228 0.7719
vn 0.0478 0.6127 0.7889
vn 0.7568 -0.1961 0.6236
vn -0.8632 -0.0595 0.5013
vn 0.8934 -0.0269 0.4484
vn 0.2533 -0.6799 0.6882
vn 0.0734 0.8380 0.5407
vn 0.0374 0.6695 0.7419
vn -0.0163 0.7867 0.6171
vn 0.7282 0.2263 0.6470
vn -0.6428 0.1266 0.7555
vn -0.7498 -0.6093 0.2580
vn 0.8634 0.3225 0.3881
vn 0.3194 0.8629 0.3917
vn 0.1372 0.9864 0.0910
vn 0.2615 -0.9615 0.0850
vn 0.4091 -0.3081 0.8589
vn -0.0305 -0.4434 0.8958
vn -0.2830 -0.2903 0.9141
vn 0.4601 -0.3818 0.8016
vn 0.8700 -0.0412 0.4914
vn 0.7644 -0.0587 0.6421
vn -0.8843 -0.0905 0.4580
vn -0.8616 0.5076 0.0091
vn -0.9665 -0.0692 0.2471
vn -0.7722 -0.0852 -0.6296
vn -0.9529 -0.1425 0.2677
vn -0.9808 -0.0516 -0.1882
vn -0.8240 0.4774 -0.3052
vn 0.3637 0.5513 0.7509
vn -0.7794 0.4863 0.3949
vn -0.0270 -0.9941 0.1055
vn -0.6567 -0.7279 0.1973
vn -0.7799 0.5650 0.2692
vn -0.9769 -0.2130 -0.0147
vn -0.9880 -0.1142 0.1035
vn -0.3098 -0.4524 0.8362
vn 0.6302 -0.2244 0.7433
vn -0.7999 -0.0418 0.5987
vn -0.9267 0.1858 0.3267
vn 0.8243 0.1495 0.5461
vn -0.0954 -0.7274 -0.6795
vn -0.9460 -0.3225 -0.0320
vn 0.9280 0.0439 0.3700
vn 0.5964 -0.6523 0.4678
vn -0.4808 0.8690 0.1173
vn -0.7270 -0.4258 0.5387
vn 0.6778 -0.7139 0.1761
vn -0.8152 0.3567 0.4563
vn 0.7772 -0.6209 -0.1020
vn 0.4619 0.7574 0.4616
vn -0.7435 -0.0258 0.6682
vn -0.2330 -0.6485 0.7247
vn 0.7737 0.1872 0.6053
vn -0.3992 -0.6453 0.6513
vn 0.6416 -0.5546 0.5299
vn -0.3227 0.5098 0.7975
vn -0.8371 0.1177 0.5343
vn 0.2844 0.2792 0.9172
vn -0.7601 -0.3702 0.5341
vn 0.6651 -0.7143 0.2179
vn 0.9140 -0.3784 -0.1465
vn -0.5580 -0.2322 0.7967
vn -0.6453 -0.2590 0.7187
vn 0.7925 -0.0315 0.6091
vn 0.8517 0.1963 0.4859
vn -0.2180 -0.6911 -0.6891
vn 0.0997 -0.8800 -0.4645
vn -0.5583 -0.2068 -0.8034
vn -0.5848 0.7631 -0.2750
vn 0.1865 -0.7120 0.6769
vn -0.1211 -0.9408 0.3167
vn -0.4430 -0.8945 0.0595
vn -0.1951 -0.4257 0.8836
vn 0.5364 -0.1089 0.8369
vn -0.4381 -0.2894 0.8511
vn -0.7362 -0.0802 0.6719
vn -0.8208 0.1054 0.5614
vn -0.7616 0.2431 0.6007
vn -0.6657 0.2474 0.7040
vn -0.8489 0.1125 0.5164
vn 0.7827 -0.0768 0.6176
vn -0.9406 0.3328 -0.0673
vn -0.8862 -0.2592 0.3839
vn 0.8777 -0.1251 0.4626
vn 0.9674 -0.0300 0.2514
vn -0.9023 -0.1431 0.4067
vn -0.6892 0.4067 -0.5997
vn 0.3128 0.9489 -0.0407
vn 0.8446 0.4581 0.2772
vn 0.0667 0.3956 0.9160
vn -0.1766 0.7604 0.6250
vn 0.4449 -0.5561 0.7020
vn -0.2056 0.7863 0.5827
vn -0.8180 -0.2263 0.5288
vn -0.6732 0.1583 0.7223
vn -0.6548 0.0857 0.7510
vn 0.6935 0.0398 0.7194
vn -0.8836 -0.4682 0.0045
vn 0.4394 -0.8915 -0.1104
vn -0.2128 -0.9351 0.2834
vn -0.4572 0.8306 -0.3179
vn 0.0660 0.6478 0.7590
vn 0.5353 0.3578 0.7651
vn 0.6241 -0.2945 0.7237
vn 0.5896 0.4418 0.6761
vn 0.0255 -0.9874 0.1562
vn -0.2442 0.8390 0.4862
vn 0.6621 0.1130 0.7409
vn -0.6755 -0.0530 0.7354
vn -0.8460 -0.0421 0.5316
vn -0.9483 0.0162 0.3168
vn 0.9347 0.1626 0.3160
vn 0.8928 0.0587 0.4466
vn -0.3421 -0.4934 -0.7997
vn 0.1848 -0.8864 -0.4243
vn 0.0546 0.6443 0.7628
vn 0.4397 0.4212 0.7933
vn 0.1550 -0.5329 0.8319
vn 0.5678 -0.7777 0.2697
vn -0.7298 0.0677 0.6803
vn -0.8354 -0.3969 0.3803
vn 0.9794 -0.1335 0.1517
vn 0.4198 0.7999 0.4288
vn -0.5440 -0.1422 0.8269
vn 0.3959 -0.1372 0.9080
vn 0.4528 -0.2222 0.8635
vn -0.5174 -0.1149 0.8480
vn 0.7151 -0.1082 0.6906
vn 0.6386 -0.0155 0.7694
vn 0.6112 -0.1627 0.7746
vn 0.6629 0.1727 0.7285
vn -0.8017 0.4347 0.4102
vn -0.4399 -0.4953 -0.7491
vn 0.5289 0.4929 0.6909
vn -0.5590 0.5373 0.6315
vn 0.4886 0.0125 0.8724
vn 0.4561 0.5357 0.7107
vn 0.1801 -0.1865 0.9658
vn -0.1850 -0.2332 0.9547
vn 0.4892 -0.0949 0.8670
vn 0.6215 -0.0902 0.7782
vn 0.7181 0.0599 0.6934
vn -0.7076 0.0525 0.7047
vn -0.5697 -0.2143 0.7934
vn 0.5761 -0.1463 0.8042
vn -0.8950 -0.0373 0.4446
vn 0.8306 -0.1004 0.5478
vn -0.8966 -0.2542 0.3626
vn 0.8324 0.1481 0.5341
vn -0.6702 -0.1257 0.7315
vn 0.3702 0.1820 0.9110
vn 0.6108 -0.3208 0.7239
vn -0.5818 -0.5854 0.5646
vn -0.3672 0.7477 0.5533
vn -0.5085 -0.0786 0.8575
vn -0.6128 -0.0932 0.7847
vn 0.6815 0.1385 0.7186
vn -0.8214 0.0968 0.5621
vn 0.6474 -0.5956 -0.4754
vn 0.8642 -0.5030 0.0101
vn 0.1812 -0.9656 0.1865
vn -0.7863 0.0100 -0.6178
vn -0.7592 -0.6508 0.0082
vn -0.4284 0.8783 -0.2121
vn 0.8731 -0.1092 0.4752
vn 0.2980 -0.1842 0.9366
vn -0.4892 0.5675 0.6623
vn -0.6659 0.3463 0.6608
vn -0.1240 0.7372 0.6642
vn 0.1498 0.7051 0.6931
vn 0.2155 0.3993 0.8911
vn 0.4728 0.5039 0.7229
vn 0.2227 0.0390 0.9741
vn -0.4085 -0.8234 0.3939
vn -0.5004 -0.2164 0.8383
vn 0.5565 0.0030 0.8308
vn 0.3203 0.8063 0.4973
vn -0.5301 -0.7289 0.4332
vn 0.7530 0.6231 0.2115
vn 0.2138 -0.1379 0.9671
vn -0.5270 -0.2345 0.8169
vn 0.5197 -0.1376 0.8432
vn -0.4928 -0.1544 0.8563
vn -0.4995 -0.1511 0.8530
vn -0.0174 -0.4997 0.8660
vn 0.0842 -0.4019 0.9118
vn 0.4901 0.0311 0.8711
vn -0.9682 0.2366 0.0811
vn 0.8971 -0.0484 0.4392
vn -0.7099 0.3881 0.5877
vn -0.3015 0.9230 0.2392
vn -0.1867 0.7831 0.5932
vn 0.0184 0.6767 0.7360
vn -0.2933 0.1043 0.9503
vn 0.2051 -0.7198 0.6632
vn 0.2647 -0.0108 0.9643
vn -0.2481 -0.9167 0.3132
vn 0.7332 0.6231 0.2723
vn 0.2367 0.9168 0.3217
vn -0.2300 -0.0679 0.9708
vn 0.0985 -0.1992 0.9750
vn 0.5171 -0.1098 0.8489
vn -0.3708 -0.0727 0.9259
vn 0.4020 -0.0928 0.9109
vn 0.4340 0.1985 0.8788
vn 0.3775 -0.9252 -0.0394
vn 0.6305 -0.3232 0.7057
vn -0.8552 0.1842 0.4844
vn -0.4596 -0.2583 0.8497
vn 0.4337 -0.1740 0.8841
vn -0.1507 -0.6615 0.7347
vn -0.8578 0.2665 0.4396
vn -0.7464 0.4465 0.4935
vn -0.3624 0.8583 0.3633
vn 0.3958 -0.1665 0.9031
vn 0.5023 -0.0033 0.8647
vn -0.1889 -0.2958 0.9364
vn -0.3293 0.0404 0.9434
vn -0.6362 -0.0717 0.7682
vn 0.9084 0.0328 0.4168
vn -0.5797 -0.5840 0.5683
vn -0.5759 -0.5434 0.6107
vn -0.7403 0.6092 -0.2843
vn -0.0221 0.7054 0.7085
vn 0.0546 0.6711 0.7393
vn -0.9130 0.2799 -0.2969
vn 0.0857 0.2683 0.9595
vn -0.2454 -0.3482 0.9047
vn -0.7672 0.5424 0.3424
vn -0.8525 0.4800 0.2068
vn 0.0337 -0.1282 0.9912
vn 0.3857 -0.1402 0.9119
vn -0.5096 -0.0316 0.8598
vn -0.3155 0.0624 0.9469
vn -0.3889 0.0770 0.9181
vn -0.5635 0.0938 0.8208
vn 0.4031 -0.0249 0.9148
vn 0.3890 -0.6043 0.6953
vn -0.8009 0.2549 0.5419
vn -0.5169 -0.0382 0.8552
vn -0.6643 -0.4703 0.5810
vn 0.6533 -0.6714 0.3499
vn -0.4066 -0.1028 0.9078
vn 0.3160 0.0700 0.9462
vn 0.1932 0.0280 0.9808
vn 0.0632 -0.0456 0.9970
vn 0.4962 -0.6016 0.6260
vn 0.9163 -0.0092 0.4004
vn -0.0501 0.9455 0.3216
vn -0.1204 -0.1984 0.9727
vn -0.3572 -0.0428 0.9331
vn 0.3965 0.1044 0.9121
vn -0.0176 -0.2186 0.9757
vn -0.4418 0.2183 0.8701
vn 0.5614 -0.0855 0.8231
vn -0.9140 0.0600 0.4013
vn 0.7814 -0.1432 0.6074
vn -0.9924 0.1233 -0.0030
vn -0.1826 0.4275 0.8854
vn -0.3388 -0.2686 0.9017
vn 0.1483 0.2557 0.9553
vn 0.1964 -0.1236 0.9727
vn -0.0955 -0.1284 0.9871
vn 0.2285 -0.0007 0.9735
vn 0.3235 0.2015 0.9245
vn 0.0802 -0.3462 0.9347
vn -0.0811 -0.3089 0.9476
vn -0.1378 0.0183 0.9903
vn -0.4956 -0.0538 0.8669
vn -0.1194 -0.8942 -0.4314
vn -0.7076 -0.6130 -0.3515
vn -0.5608 0.6399 0.5254
vn 0.3415 0.6495 0.6794
vn -0.9679 -0.1227 -0.2195
vn 0.3725 0.9262 -0.0579
vn 0.4924 -0.3230 0.8082
vn -0.5722 0.1237 0.8108
vn 0.3451 0.1066 0.9325
vn 0.5597 -0.6156 0.5548
vn 0.3658 0.0204 0.9305
vn 0.2170 -0.2228 0.9504
vn 0.5707 0.0622 0.8188
vn 0.3395 0.0896 0.9363
vn -0.1551 0.1941 0.9686
vn -0.0035 0.1642 0.9864
vn 0.2540 -0.0657 0.9650
vn -0.3414 -0.0871 0.9359
vn -0.4030 0.2728 0.8736
vn 0.7415 -0.0844 0.6656
vn 0.0463 -0.2514 0.9668
vn -0.6799 -0.3303 0.6547
vn 0.4026 0.5037 0.7643
vn 0.2999 0.3020 0.9049
vn 0.1036 -0.4881 0.8666
vn -0.1803 -0.0208 0.9834
vn 0.1676 -0.1128 0.9794
vn 0.3137 -0.1749 0.9333
vn 0.2392 -0.1064 0.9651
vn 0.6029 -0.6428 0.4727
vn 0.1048 -0.1553 0.9823
vn 0.2214 -0.1026 0.9698
vn -0.1180 0.1389 0.9833
vn 0.0693 -0.0085 0.9976
vn 0.1089 0.1571 0.9816
vn -0.0197 -0.0498 0.9986
vn -0.1233 -0.3420 0.9316
vn 0.0409 -0.3630 0.9309
vn 0.5604 -0.0642 0.8257
vn 0.3584 -0.8060 0.4711
vn 0.0377 0.9993 -0.0033
vn 0.2532 0.8893 0.3809
vn 0.2937 0.4190 0.8592
vn 0.2465 0.5989 0.7620
vn 0.2330 -0.4108 0.8814
vn -0.2044 0.0460 0.9778
vn 0.4529 0.3804 0.8063
vn 0.2076 0.0221 0.9780
vn -0.0242 -0.1843 0.9826
vn -0.2461 0.2888 0.9252
vn 0.6634 -0.3521 0.6602
vn 0.6778 0.5704 0.4640
vn 0.0784 -0.1063 0.9912
vn 0.0848 -0.0404 0.9956
vn -0.1581 -0.3370 0.9281
vn 0.2536 -0.1098 0.9611
vn 0.6171 -0.0908 0.7816
vn 0.4881 -0.1450 0.8606
vn 0.6049 -0.1642 0.7792
vn -0.2440 -0.3283 0.9125
vn 0.6709 -0.7043 0.2320
vn 0.0617 0.5021 0.8626
vn 0.3265 -0.2472 0.9123
vn -0.7756 0.4101 0.4798
vn 0.1158 -0.0134 0.9932
vn -0.0383 0.1055 0.9937
vn -0.2252 0.0791 0.9711
vn 0.3662 -0.1191 0.9229
vn -0.7437 0.0768 0.6641
vn -0.2541 -0.9193 0.3004
vn -0.2119 0.9344 -0.2864
vn 0.8435 -0.2137 0.4929
vn -0.1267 0.4985 0.8576
vn 0.4077 -0.2482 0.8787
vn -0.3984 0.0797 0.9137
vn -0.2145 0.3807 0.8995
vn -0.1610 0.7762 0.6095
vn -0.1584 -0.0223 0.9871
vn -0.1029 -0.2149 0.9712
vn -0.2596 -0.0504 0.9644
vn -0.3536 -0.1619 0.9213
vn -0.0168 -0.9833 0.1814
vn -0.3485 -0.2004 0.9156
vn 0.6255 0.0795 0.7762
vn 0.8524 -0.3944 0.3433
vn -0.0194 0.5146 0.8572
vn -0.7436 -0.6680 0.0279
vn 0.4842 0.0599 0.8729
vn 0.4711 -0.1565 0.8681
vn 0.3206 -0.7380 0.5938
vn -0.7454 0.1617 0.6467
vn -0.3354 -0.1363 0.9322
vn 0.5185 -0.1122 0.8477
vn -0.5176 0.2692 0.8122
vn 0.9823 0.0460 0.1818
vn 0.7862 0.4248 0.4488
vn 0.0647 -0.2481 0.9666
vn 0.2313 -0.0837 0.9693
vn -0.1382 0.0372 0.9897
vn -0.2222 -0.2128 0.9515
vn 0.2781 -0.1600 0.9471
vn -0.2274 -0.0837 0.9702
vn 0.4321 -0.0331 0.9012
vn -0.7202 -0.5597 0.4099
vn 0.4075 -0.8457 0.3445
vn 0.3409 -0.0474 0.9389
vn -0.2414 -0.1237 0.9625
vn 0.5648 0.7826 -0.2617
vn 0.8427 0.4464 0.3010
vn -0.3995 -0.4979 0.7697
vn 0.5536 0.3362 0.7619
vn -0.0964 -0.1008 0.9902
vn 0.1835 -0.0463 0.9819
vn -0.5525 -0.0864 0.8290
vn -0.4558 0.0631 0.8879
vn 0.2460 0.0309 0.9688
vn -0.0544 -0.0036 0.9985
vn -0.1362 -0.0524 0.9893
vn -0.1495 -0.1901 0.9703
vn -0.0466 -0.2179 0.9749
vn -0.0775 0.0295 0.9966
vn 0.1584 -0.0575 0.9857
vn -0.3618 -0.0091 0.9322
vn 0.1464 -0.0963 0.9845
vn 0.1154 0.2655 0.9572
vn -0.1219 0.4312 0.8940
vn 0.5434 0.8370 0.0648
vn 0.0051 -0.0316 0.9995
vn -0.0949 -0.0452 0.9945
vn 0.0176 -0.0678 0.9975
vn -0.0741 -0.0525 0.9959
vn -0.1200 -0.0960 0.9881
vn -0.1998 -0.1129 0.9733
vn 0.0614 0.1399 0.9883
vn -0.9015 0.3671 0.2293
vn -0.0536 0.9747 -0.2170
vn -0.3530 -0.2246 0.9083
vn 0.0274 -0.0501 0.9984
vn -0.2172 -0.1477 0.9649
vn 0.0317 -0.0815 0.9962
vn -0.7729 -0.2234 0.5939
vn 0.8638 0.1695 -0.4745
vn -0.6602 0.7470 -0.0778
vn -0.0559 -0.2340 0.9706
vn 0.1224 -0.3284 0.9366
vn 0.2042 -0.2588 0.9441
vn 0.0802 -0.0912 0.9926
vn 0.0174 0.0557 0.9983
vn -0.0740 0.1147 0.9906
vn 0.9476 -0.2900 -0.1340
vn -0.3876 -0.8996 0.2012
vn 0.8336 -0.2295 0.5024
vn -0.1195 0.5037 0.8556
vn -0.1606 -0.7311 0.6631
vn 0.6731 -0.6993 0.2406
vn 0.3592 -0.7876 0.5007
vn 0.2970 0.8026 -0.5173
vn -0.9096 -0.4009 -0.1089
vn -0.4072 0.8951 -0.1817
vn 0.8470 0.4447 0.2913
vn -0.6307 0.6758 -0.3815
vn -0.0257 0.9735 -0.2271
vn 0.8598 -0.5105 -0.0113
vn -0.9426 -0.0152 -0.3335
vn -0.0501 -0.7257 0.6862
vn 0.5965 -0.7499 0.2860
vn -0.7767 0.5813 0.2427
vn -0.7337 0.4643 -0.4961
vn -0.7768 -0.6226 -0.0945
vn -0.8236 0.0727 0.5625
vn -0.4988 -0.4414 0.7459
vn 0.3886 0.7025 -0.5962
vn 0.1576 0.9701 -0.1843
vn 0.3844 -0.7950 0.4692
vn -0.3480 -0.9271 0.1389
vn 0.9198 -0.1254 0.3719
vn -0.7199 -0.0383 0.6930
vn 0.7308 0.6641 0.1580
vn -0.0275 0.8482 -0.5289
vn -0.8891 -0.3278 -0.3194
vn 0.0197 0.9568 -0.2902
vn -0.8278 0.4181 0.3741
vn 0.9154 -0.3002 -0.2683
vn 0.6970 0.3510 -0.6253
vn 0.1735 -0.7739 0.6091
vn -0.7918 0.6074 0.0641
vn -0.7110 0.5354 -0.4558
vn -0.6235 -0.2940 0.7244
vn 0.4425 -0.8230 0.3562
vn -0.2651 -0.6947 0.6687
vn -0.8351 -0.0805 0.5442
vn -0.5659 -0.8122 -0.1418
vn 0.7573 0.6473 -0.0863
vn 0.6175 -0.7464 0.2482
vn -0.3130 0.8675 -0.3866
vn 0.0860 -0.9956 0.0366
vn 0.4553 0.6245 -0.6346
vn 0.9038 -0.2280 -0.3622
vn 0.7059 -0.7053 -0.0648
vn 0.1422 0.9157 -0.3758
vn 0.9855 0.0291 -0.1673
vn -0.9674 0.0563 -0.2471
vn -0.7913 -0.6095 0.0481
vn -0.1520 -0.9792 -0.1346
vn 0.7631 0.4242 -0.4876
vn 0.5056 -0.8502 0.1470
vn -0.6319 0.6863 -0.3602
vn -0.9825 -0.0831 -0.1667
vn 0.7699 0.5073 -0.3872
vn 0.7973 -0.6035 0.0068
vn 0.2042 0.8245 -0.5277
vn -0.4459 -0.8828 0.1480
vn -0.7600 0.6262 -0.1740
vn 0.2928 -0.9560 0.0169
vn -0.4400 -0.7878 0.4311
vn 0.9847 0.0110 -0.1738
vn 0.9754 -0.1911 -0.1095
vn 0.8914 0.4165 -0.1787
vn -0.9833 -0.0546 0.1736
vn 0.3466 -0.8312 0.4347
vn -0.6504 -0.7497 -0.1223
vn 0.6815 -0.6591 0.3180
vn -0.4151 -0.7111 0.5675
vn -0.1083 0.8179 -0.5650
vn 0.0119 -0.9586 0.2844
vn -0.7530 0.4274 -0.5003
vn 0.4736 0.8053 -0.3567
vn -0.0625 0.9070 -0.4164
vn -0.9345 -0.3059 -0.1819
vn -0.6132 -0.4796 0.6277
vn 0.7320 0.6572 -0.1797
vn 0.8709 0.4747 -0.1269
vn -0.1761 -0.8835 0.4341
vn -0.6061 0.7122 -0.3542
vn 0.9169 -0.2903 0.2738
vn 0.1041 -0.8181 0.5656
vn -0.4735 0.7643 -0.4378
vn -0.7012 -0.5400 0.4656
vn -0.9421 0.3334 -0.0359
vn 0.9383 -0.2220 0.2653
vn 0.0909 -0.5663 0.8192
vn -0.6070 -0.6841 0.4044
vn 0.9278 0.0183 0.3727
vn -0.8545 0.1338 0.5020
vn 0.8110 0.5674 -0.1427
vn -0.8425 0.5362 -0.0510
vn 0.4518 -0.3704 0.8116
vn -0.2533 -0.8260 0.5035
vn 0.3583 0.8395 -0.4085
vn 0.5761 -0.2411 0.7810
vn -0.8688 -0.3580 0.3421
vn -0.6687 0.3767 0.6410
vn 0.0822 -0.9377 0.3375
vn 0.0377 -0.9801 0.1947
vn 0.6717 0.4003 0.6234
vn -0.1410 0.8628 -0.4854
vn -0.8638 -0.2785 -0.4198
vn 0.2499 -0.8762 0.4120
vn 0.3449 -0.6243 0.7009
vn 0.8157 0.2826 0.5047
vn 0.9687 -0.2441 -0.0455
vn -0.2658 -0.9403 -0.2125
vn -0.5111 -0.6768 -0.5298
vn -0.8335 -0.3247 -0.4471
vn 0.7633 0.2069 0.6121
vn 0.8409 -0.2317 -0.4891
vn 0.4682 -0.8830 -0.0318
vn -0.8735 -0.2263 0.4309
vn -0.5106 -0.8594 0.0260
vn -0.5836 0.5347 -0.6111
vn 0.8378 0.5418 -0.0669
vn 0.8152 -0.4723 -0.3353
vn 0.4898 -0.4863 0.7236
vn -0.4432 -0.3782 0.8127
vn -0.8860 0.2926 0.3597
vn 0.4995 -0.6053 -0.6197
vn -0.8397 0.5306 0.1158
vn -0.8671 0.1936 0.4590
vn 0.6008 0.3066 0.7383
vn -0.7328 -0.5805 0.3549
vn -0.9067 0.0920 0.4115
vn 0.7810 0.3786 0.4966
vn -0.2029 0.8823 0.4247
vn -0.2481 -0.7359 0.6300
vn 0.7263 -0.4961 0.4758
vn -0.2436 0.7145 0.6558
vn 0.5947 -0.5637 0.5733
vn -0.4738 -0.0498 0.8792
vn 0.0634 0.0559 0.9964
vn 0.3046 -0.3999 0.8644
vn -0.1671 0.9500 -0.2637
vn -0.3662 -0.3402 0.8661
vn 0.1081 -0.2160 0.9704
vn -0.9869 0.1523 0.0534
vn -0.3832 0.4197 0.8228
vn -0.1321 0.2964 0.9459
vn 0.3855 0.0719 0.9199
vt 0.392057 0.810546
vt 0.376303 0.796228
vt 0.395005 0.795161
vt 0.380021 0.812198
vt 0.372011 0.813781
vt 0.366129 0.805933
vt 0.387135 0.818774
vt 0.412476 0.810948
vt 0.538824 0.775319
vt 0.544075 0.775589
vt 0.543421 0.782529
vt 0.358195 0.784240
vt 0.441073 0.918469
vt 0.448688 0.906994
vt 0.448688 0.923823
vt 0.406480 0.784458
vt 0.381803 0.779731
vt 0.393144 0.770605
vt 0.411388 0.826655
vt 0.370902 0.821334
vt 0.364776 0.821523
vt 0.955705 0.143557
vt 0.970437 0.137457
vt 0.962175 0.150125
vt 0.987734 0.312733
vt 0.973476 0.295702
vt 0.983911 0.286020
vt 0.373027 0.769120
vt 0.366968 0.749545
vt 0.407184 0.764854
vt 0.395330 0.736685
vt 0.989420 0.448495
vt 0.980348 0.434173
vt 0.989420 0.425641
vt 0.794648 0.972724
vt 0.794648 0.986538
vt 0.788330 0.978231
vt 0.349685 0.766050
vt 0.382152 0.729709
vt 0.393308 0.722270
vt 0.781392 0.947001
vt 0.782982 0.932279
vt 0.785786 0.948952
vt 0.981976 0.232622
vt 0.986259 0.255728
vt 0.974550 0.255728
vt 0.417488 0.831159
vt 0.973476 0.322628
vt 0.975390 0.305294
vt 0.404993 0.732257
vt 0.410173 0.756157
vt 0.333455 0.757233
vt 0.350825 0.744512
vt 0.398864 0.836502
vt 0.385530 0.842321
vt 0.787161 0.988548
vt 0.348861 0.821884
vt 0.356281 0.806511
vt 0.425615 0.803245
vt 0.362969 0.730929
vt 0.775721 0.927784
vt 0.536661 0.752620
vt 0.979467 0.139117
vt 0.401999 0.845552
vt 0.414182 0.843243
vt 0.424031 0.812967
vt 0.340222 0.818324
vt 0.340598 0.806397
vt 0.952631 0.081331
vt 0.950845 0.062480
vt 0.964711 0.078353
vt 0.333048 0.776299
vt 0.420125 0.727899
vt 0.416463 0.718157
vt 0.594502 0.962717
vt 0.601790 0.974250
vt 0.595923 0.968262
vt 0.349494 0.799968
vt 0.341134 0.787503
vt 0.320648 0.760327
vt 0.952522 0.054235
vt 0.950633 0.029307
vt 0.958798 0.041598
vt 0.342107 0.728850
vt 0.314657 0.977362
vt 0.323017 0.970669
vt 0.323017 0.986969
vt 0.785786 0.914330
vt 0.508241 0.973367
vt 0.506038 0.955330
vt 0.515455 0.968098
vt 0.372727 0.843320
vt 0.354728 0.850253
vt 0.327826 0.829421
vt 0.967589 0.101497
vt 0.594252 0.985055
vt 0.342847 0.834057
vt 0.320979 0.809520
vt 0.318982 0.737754
vt 0.577575 0.899999
vt 0.604743 0.889945
vt 0.592560 0.911399
vt 0.276734 0.732029
vt 0.273263 0.720076
vt 0.276734 0.710423
vt 0.990243 0.618326
vt 0.983543 0.628809
vt 0.983543 0.610126
vt 0.544075 0.748459
vt 0.971977 0.125965
vt 0.333545 0.836700
vt 0.340792 0.855975
vt 0.329567 0.857617
vt 0.330326 0.794298
vt 0.418161 0.781265
vt 0.355061 0.713125
vt 0.169737 0.985960
vt 0.171952 0.973402
vt 0.179379 0.985960
vt 0.526278 0.984809
vt 0.526278 0.960297
vt 0.443447 0.892722
vt 0.287134 0.985345
vt 0.287134 0.970669
vt 0.296489 0.979085
vt 0.321547 0.848450
vt 0.324580 0.783964
vt 0.314386 0.765523
vt 0.612654 0.893356
vt 0.606164 0.913362
vt 0.386162 0.871150
vt 0.374461 0.861288
vt 0.380968 0.858100
vt 0.853279 0.703906
vt 0.869030 0.698176
vt 0.864506 0.714717
vt 0.333494 0.870577
vt 0.984552 0.528748
vt 0.990803 0.533101
vt 0.984552 0.546524
vt 0.517383 0.960229
vt 0.985997 0.117887
vt 0.968275 0.110561
vt 0.973678 0.062593
vt 0.949527 0.018910
vt 0.958460 0.025560
vt 0.610927 0.985055
vt 0.328290 0.865232
vt 0.401198 0.845285
vt 0.356468 0.862877
vt 0.312511 0.833658
vt 0.980143 0.088381
vt 0.317896 0.787654
vt 0.312562 0.774912
vt 0.965593 0.013357
vt 0.375754 0.708311
vt 0.844864 0.721028
vt 0.813438 0.657737
vt 0.822913 0.651220
vt 0.825835 0.665605
vt 0.363669 0.866560
vt 0.364951 0.857972
vt 0.389124 0.857289
vt 0.857729 0.698904
vt 0.867914 0.683969
vt 0.867214 0.695853
vt 0.981464 0.110237
vt 0.972324 0.046053
vt 0.302355 0.771048
vt 0.305676 0.754476
vt 0.631899 0.894480
vt 0.631979 0.914330
vt 0.802860 0.984602
vt 0.811586 0.972724
vt 0.813437 0.984602
vt 0.201538 0.989908
vt 0.195199 0.978673
vt 0.201538 0.973402
vt 0.856700 0.685077
vt 0.870872 0.666837
vt 0.299527 0.808784
vt 0.299996 0.785796
vt 0.647742 0.901119
vt 0.334548 0.709921
vt 0.802752 0.662870
vt 0.813437 0.645385
vt 0.813437 0.665605
vt 0.308878 0.712641
vt 0.347645 0.690135
vt 0.427862 0.865897
vt 0.434800 0.861460
vt 0.434800 0.869656
vt 0.363475 0.694812
vt 0.331370 0.690325
vt 0.315331 0.695952
vt 0.825835 0.649171
vt 0.634339 0.986255
vt 0.641596 0.977040
vt 0.642170 0.988397
vt 0.540419 0.735151
vt 0.992144 0.119369
vt 0.986584 0.102956
vt 0.978881 0.081113
vt 0.293559 0.758135
vt 0.116884 0.940569
vt 0.110274 0.925198
vt 0.116884 0.913474
vt 0.298855 0.690555
vt 0.329944 0.674440
vt 0.137036 0.273147
vt 0.150577 0.263914
vt 0.133051 0.296014
vt 0.155816 0.292514
vt 0.731331 0.970275
vt 0.731331 0.982846
vt 0.719814 0.980519
vt 0.832416 0.712052
vt 0.577575 0.962717
vt 0.594252 0.962717
vt 0.582019 0.983319
vt 0.860580 0.424717
vt 0.853236 0.415284
vt 0.860580 0.414615
vt 0.634339 0.968755
vt 0.982035 0.085355
vt 0.979540 0.072340
vt 0.111657 0.051719
vt 0.130813 0.049627
vt 0.113860 0.062408
vt 0.112494 0.034291
vt 0.277427 0.781283
vt 0.975846 0.033871
vt 0.281120 0.761971
vt 0.978715 0.025384
vt 0.309516 0.725398
vt 0.102044 0.308697
vt 0.090667 0.298135
vt 0.106430 0.281147
vt 0.113239 0.266482
vt 0.833853 0.700059
vt 0.980348 0.464854
vt 0.980348 0.448495
vt 0.987652 0.455527
vt 0.101614 0.127333
vt 0.106499 0.118274
vt 0.112949 0.124547
vt 0.115256 0.112964
vt 0.946275 0.978759
vt 0.940930 0.969233
vt 0.946275 0.963950
vt 0.987283 0.092099
vt 0.875239 0.638342
vt 0.877475 0.621849
vt 0.891961 0.622053
vt 0.130388 0.036322
vt 0.289069 0.737084
vt 0.649947 0.883361
vt 0.149323 0.311891
vt 0.136212 0.310400
vt 0.079423 0.324288
vt 0.177306 0.279380
vt 0.168453 0.254153
vt 0.143786 0.256785
vt 0.087136 0.177913
vt 0.111002 0.173239
vt 0.100635 0.196243
vt 0.091075 0.149781
vt 0.973035 0.413197
vt 0.960484 0.422389
vt 0.960484 0.407817
vt 0.098914 0.134776
vt 0.588555 0.988759
vt 0.590422 0.981683
vt 0.816482 0.651262
vt 0.980797 0.471252
vt 0.987266 0.460747
vt 0.129131 0.137413
vt 0.990689 0.106628
vt 0.114300 0.076135
vt 0.125554 0.066888
vt 0.117198 0.083400
vt 0.129081 0.063312
vt 0.448897 0.874994
vt 0.441073 0.892722
vt 0.441073 0.861460
vt 0.292028 0.708616
vt 0.311502 0.671077
vt 0.351732 0.675397
vt 0.171844 0.301353
vt 0.068116 0.296476
vt 0.086846 0.272721
vt 0.105763 0.261098
vt 0.129711 0.249431
vt 0.103306 0.250996
vt 0.090011 0.251433
vt 0.089645 0.231704
vt 0.102825 0.237725
vt 0.125287 0.230959
vt 0.110508 0.220274
vt 0.127101 0.203836
vt 0.125839 0.178586
vt 0.081624 0.206242
vt 0.055117 0.167921
vt 0.066994 0.160863
vt 0.072029 0.153310
vt 0.117598 0.098906
vt 0.130429 0.103434
vt 0.128112 0.083727
vt 0.289467 0.795186
vt 0.118535 0.020888
vt 0.985208 0.014395
vt 0.370507 0.673041
vt 0.126219 0.323484
vt 0.079033 0.259904
vt 0.138909 0.225727
vt 0.121894 0.242311
vt 0.074315 0.250264
vt 0.060974 0.187619
vt 0.137297 0.158405
vt 0.131340 0.122401
vt 0.849436 0.674099
vt 0.147013 0.019721
vt 0.621456 0.875718
vt 0.293009 0.722476
vt 0.297544 0.676822
vt 0.167745 0.324865
vt 0.112303 0.331526
vt 0.095759 0.342306
vt 0.059703 0.310149
vt 0.188462 0.264707
vt 0.144418 0.208696
vt 0.064858 0.227060
vt 0.141486 0.176191
vt 0.054894 0.200531
vt 0.833183 0.688520
vt 0.849811 0.650356
vt 0.469520 0.809248
vt 0.454462 0.820512
vt 0.452836 0.803807
vt 0.463245 0.797609
vt 0.462449 0.779875
vt 0.352487 0.657059
vt 0.726838 0.963425
vt 0.724537 0.949151
vt 0.744484 0.963921
vt 0.182975 0.316954
vt 0.136432 0.324004
vt 0.075274 0.357239
vt 0.063468 0.273549
vt 0.859075 0.633796
vt 0.141148 0.048664
vt 0.158650 0.042046
vt 0.128918 0.009728
vt 0.876820 0.587262
vt 0.893738 0.591702
vt 0.885011 0.607187
vt 0.635666 0.869950
vt 0.288833 0.692771
vt 0.328990 0.651480
vt 0.715978 0.965601
vt 0.718465 0.970275
vt 0.740413 0.942819
vt 0.735795 0.929074
vt 0.168847 0.599745
vt 0.156097 0.570069
vt 0.183745 0.577301
vt 0.162592 0.554155
vt 0.196939 0.299778
vt 0.160103 0.237678
vt 0.143621 0.147092
vt 0.315363 0.651567
vt 0.160553 0.977057
vt 0.153703 0.985873
vt 0.135084 0.983438
vt 0.127444 0.968859
vt 0.719155 0.935642
vt 0.059144 0.241668
vt 0.538586 0.838300
vt 0.544348 0.827271
vt 0.544348 0.855601
vt 0.037675 0.174719
vt 0.040566 0.160466
vt 0.171209 0.025481
vt 0.163378 0.049861
vt 0.282393 0.749762
vt 0.346016 0.636990
vt 0.773356 0.967211
vt 0.763891 0.961117
vt 0.775721 0.962501
vt 0.744484 0.944389
vt 0.757661 0.923725
vt 0.730306 0.914330
vt 0.191125 0.603973
vt 0.066288 0.350340
vt 0.055221 0.328525
vt 0.055348 0.286405
vt 0.173855 0.244013
vt 0.056065 0.256627
vt 0.156957 0.228012
vt 0.151816 0.178061
vt 0.840695 0.668535
vt 0.867887 0.611046
vt 0.813437 0.672982
vt 0.826867 0.695242
vt 0.817358 0.701488
vt 0.827002 0.710789
vt 0.992144 0.006615
vt 0.455645 0.826426
vt 0.481184 0.812942
vt 0.473341 0.778738
vt 0.287843 0.653095
vt 0.299605 0.639044
vt 0.355685 0.990112
vt 0.381350 0.994231
vt 0.364237 1.000000
vt 0.711640 0.945006
vt 0.747544 0.967873
vt 0.747387 0.923240
vt 0.178246 0.614113
vt 0.162602 0.612447
vt 0.148039 0.595583
vt 0.232162 0.558149
vt 0.257502 0.546927
vt 0.252549 0.573988
vt 0.178008 0.546946
vt 0.236288 0.535865
vt 0.138037 0.556151
vt 0.154747 0.531789
vt 0.205805 0.328440
vt 0.155382 0.195493
vt 0.029070 0.153522
vt 0.884932 0.742102
vt 0.878103 0.733656
vt 0.896827 0.739718
vt 0.275110 0.766186
vt 0.273263 0.760990
vt 0.275110 0.746749
vt 0.981549 0.704644
vt 0.988607 0.694224
vt 0.988607 0.713597
vt 0.136233 0.063823
vt 0.983618 0.220862
vt 0.983618 0.201805
vt 0.990072 0.216647
vt 0.159648 0.008967
vt 0.129441 0.000000
vt 0.891519 0.544247
vt 0.914763 0.529392
vt 0.912899 0.546579
vt 0.460688 0.741499
vt 0.453116 0.761839
vt 0.448897 0.740953
vt 0.324737 0.625097
vt 0.146284 0.953190
vt 0.775721 0.933706
vt 0.744484 0.925347
vt 0.766183 0.915527
vt 0.703804 0.629130
vt 0.692782 0.607701
vt 0.704723 0.607904
vt 0.751825 0.914330
vt 0.896770 0.935940
vt 0.890661 0.941697
vt 0.890661 0.927431
vt 0.185893 0.627791
vt 0.263368 0.582469
vt 0.271657 0.574204
vt 0.238236 0.573815
vt 0.260464 0.528921
vt 0.142878 0.572880
vt 0.190288 0.343288
vt 0.091804 0.361422
vt 0.103188 0.350237
vt 0.156968 0.335288
vt 0.507335 0.920374
vt 0.499049 0.897126
vt 0.523679 0.916457
vt 0.493339 0.912060
vt 0.045959 0.288652
vt 0.044680 0.270918
vt 0.147976 0.212783
vt 0.057896 0.246196
vt 0.453593 0.043368
vt 0.448897 0.026537
vt 0.462111 0.026776
vt 0.145847 0.053558
vt 0.904109 0.557422
vt 0.708039 0.368741
vt 0.715886 0.365032
vt 0.714918 0.379786
vt 0.176727 0.627811
vt 0.198251 0.618960
vt 0.705296 0.271987
vt 0.721091 0.282778
vt 0.712228 0.299443
vt 0.244878 0.509025
vt 0.226046 0.508967
vt 0.135934 0.522222
vt 0.156457 0.511260
vt 0.211680 0.305934
vt 0.165039 0.227986
vt 0.452597 0.167524
vt 0.464049 0.172471
vt 0.457181 0.182137
vt 0.039695 0.220796
vt 0.035769 0.197381
vt 0.022119 0.170110
vt 0.455633 0.062868
vt 0.471793 0.078074
vt 0.453869 0.081248
vt 0.177263 0.041615
vt 0.187621 0.026357
vt 0.873450 0.575893
vt 0.980177 0.000000
vt 0.280987 0.686206
vt 0.340274 0.622805
vt 0.705296 0.418676
vt 0.707267 0.397435
vt 0.720233 0.423656
vt 0.719714 0.397863
vt 0.944426 0.376987
vt 0.927065 0.361027
vt 0.942738 0.356369
vt 0.253873 0.599930
vt 0.269892 0.544532
vt 0.169216 0.515311
vt 0.466532 0.877406
vt 0.457896 0.894555
vt 0.448897 0.869951
vt 0.459974 0.234101
vt 0.451044 0.218078
vt 0.463185 0.209992
vt 0.463769 0.158172
vt 0.469841 0.124715
vt 0.461407 0.140471
vt 0.461196 0.108468
vt 0.007749 0.144510
vt 0.172570 0.062285
vt 0.209593 0.038503
vt 0.835174 0.730535
vt 0.827115 0.721028
vt 0.852650 0.728164
vt 0.885421 0.557574
vt 0.895216 0.567632
vt 0.486625 0.798572
vt 0.909855 0.517507
vt 0.471215 0.752712
vt 0.352680 0.992816
vt 0.348127 0.979094
vt 0.697488 0.638285
vt 0.705296 0.659118
vt 0.687336 0.662414
vt 0.466870 0.670231
vt 0.448897 0.678555
vt 0.457167 0.649970
vt 0.683533 0.616265
vt 0.332769 0.970669
vt 0.331898 0.984569
vt 0.199151 0.653398
vt 0.209603 0.667002
vt 0.192054 0.664199
vt 0.177714 0.643981
vt 0.204448 0.631541
vt 0.266449 0.531037
vt 0.215681 0.553988
vt 0.258061 0.508175
vt 0.129943 0.542835
vt 0.473825 0.888218
vt 0.485910 0.903510
vt 0.493542 0.892311
vt 0.455667 0.270111
vt 0.474408 0.248215
vt 0.035668 0.230818
vt 0.017839 0.134750
vt 0.484235 0.057903
vt 0.895920 0.751456
vt 0.478351 0.042293
vt 0.182926 0.047726
vt 0.560263 0.985651
vt 0.561821 0.973190
vt 0.576066 0.974292
vt 0.687128 0.890885
vt 0.661471 0.885675
vt 0.686390 0.876242
vt 0.277427 0.735493
vt 0.301106 0.621919
vt 0.323170 0.610054
vt 0.388813 0.962725
vt 0.388229 0.985097
vt 0.461543 0.685004
vt 0.677810 0.656001
vt 0.939255 0.399082
vt 0.949527 0.400320
vt 0.200990 0.673320
vt 0.505701 0.975187
vt 0.497906 0.985477
vt 0.497157 0.978775
vt 0.716120 0.348917
vt 0.727309 0.352111
vt 0.268794 0.620115
vt 0.709392 0.241157
vt 0.722072 0.257537
vt 0.452628 0.524086
vt 0.457505 0.507773
vt 0.465590 0.511565
vt 0.215954 0.527238
vt 0.081066 0.366486
vt 0.705296 0.219435
vt 0.698527 0.235573
vt 0.682630 0.221396
vt 0.165145 0.070487
vt 0.202205 0.059191
vt 0.176998 0.058401
vt 0.634339 0.977036
vt 0.625548 0.988597
vt 0.626686 0.977396
vt 0.231000 0.046540
vt 0.560263 0.955444
vt 0.219832 0.027703
vt 0.182079 0.017813
vt 0.647011 0.861167
vt 0.662355 0.876777
vt 0.169737 0.962107
vt 0.163623 0.980174
vt 0.680701 0.628708
vt 0.256581 0.633382
vt 0.691126 0.572852
vt 0.684407 0.560712
vt 0.698313 0.557265
vt 0.684722 0.540382
vt 0.697754 0.538467
vt 0.932066 0.264804
vt 0.919185 0.267040
vt 0.932402 0.247964
vt 0.685029 0.475579
vt 0.691317 0.462208
vt 0.700537 0.477536
vt 0.252201 0.493468
vt 0.538586 0.916597
vt 0.523753 0.902987
vt 0.691838 0.194532
vt 0.698629 0.157468
vt 0.690619 0.150718
vt 0.702685 0.153595
vt 0.471380 0.149986
vt 0.698076 0.127882
vt 0.687000 0.114361
vt 0.699534 0.104357
vt 0.836350 0.649865
vt 0.146418 0.060488
vt 0.237448 0.032019
vt 0.847395 0.752365
vt 0.825867 0.906400
vt 0.813437 0.923046
vt 0.813437 0.894917
vt 0.891113 0.519008
vt 0.905564 0.491959
vt 0.922109 0.489716
vt 0.042806 0.980491
vt 0.022875 0.969312
vt 0.048415 0.965681
vt 0.926138 0.380511
vt 0.469814 0.652702
vt 0.728169 0.379057
vt 0.942088 0.348039
vt 0.930335 0.347174
vt 0.734626 0.370314
vt 0.844778 0.415835
vt 0.853236 0.414615
vt 0.853236 0.423922
vt 0.266875 0.648262
vt 0.273492 0.630450
vt 0.242976 0.619373
vt 0.236525 0.599216
vt 0.731251 0.305874
vt 0.695194 0.518053
vt 0.681502 0.505238
vt 0.700136 0.494946
vt 0.721904 0.207929
vt 0.730527 0.230313
vt 0.227442 0.487726
vt 0.122657 0.511389
vt 0.134745 0.503193
vt 0.162656 0.493073
vt 0.150059 0.483555
vt 0.215125 0.327530
vt 0.477663 0.272524
vt 0.674814 0.209399
vt 0.464803 0.192066
vt 0.475435 0.196575
vt 0.047035 0.242631
vt 0.172716 0.211594
vt 0.474316 0.162029
vt 0.000000 0.124840
vt 0.575867 0.988401
vt 0.827002 0.665605
vt 0.466295 0.725146
vt 0.451011 0.723998
vt 0.260485 0.652679
vt 0.277427 0.604776
vt 0.226950 0.578396
vt 0.463332 0.525476
vt 0.482179 0.534289
vt 0.460842 0.554331
vt 0.915517 0.240637
vt 0.467141 0.487240
vt 0.675587 0.445508
vt 0.695408 0.444290
vt 0.133928 0.467755
vt 0.470026 0.280360
vt 0.039788 0.254183
vt 0.689869 0.136110
vt 0.681944 0.101157
vt 0.696609 0.074226
vt 0.679100 0.058986
vt 0.692147 0.045447
vt 0.866699 0.595514
vt 0.865461 0.585835
vt 0.706121 0.893217
vt 0.706260 0.879699
vt 0.493345 0.812237
vt 0.280427 0.635763
vt 0.464127 0.703699
vt 0.742142 0.413103
vt 0.209903 0.653756
vt 0.467486 0.608563
vt 0.462544 0.597304
vt 0.476076 0.585215
vt 0.456066 0.559758
vt 0.717669 0.315709
vt 0.669872 0.523935
vt 0.905933 0.265828
vt 0.207791 0.496185
vt 0.153996 0.468196
vt 0.105955 0.446260
vt 0.101557 0.425565
vt 0.115339 0.416775
vt 0.112557 0.399836
vt 0.092538 0.389821
vt 0.104299 0.375429
vt 0.108509 0.354528
vt 0.065973 0.373312
vt 0.479663 0.178685
vt 0.167514 0.199827
vt 0.681570 0.141075
vt 0.230761 0.057307
vt 0.625548 0.968756
vt 0.258480 0.042417
vt 0.685939 0.000000
vt 0.700400 0.010260
vt 0.677971 0.009114
vt 0.864318 0.755375
vt 0.849349 0.760797
vt 0.219897 0.016053
vt 0.201980 0.015162
vt 0.731522 0.887052
vt 0.737982 0.901107
vt 0.024097 0.956605
vt 0.736100 0.425088
vt 0.497157 0.962138
vt 0.461908 0.623603
vt 0.474810 0.614763
vt 0.690033 0.596319
vt 0.671183 0.586404
vt 0.933841 0.294267
vt 0.678002 0.462296
vt 0.165880 0.477603
vt 0.120698 0.496244
vt 0.122280 0.472392
vt 0.119904 0.460608
vt 0.132119 0.443666
vt 0.134398 0.420972
vt 0.125075 0.399220
vt 0.085490 0.410024
vt 0.195596 0.391443
vt 0.172485 0.383776
vt 0.191390 0.367723
vt 0.214675 0.346146
vt 0.212445 0.370657
vt 0.072186 0.387269
vt 0.119093 0.371866
vt 0.045688 0.353437
vt 0.682392 0.187511
vt 0.687777 0.177068
vt 0.481935 0.157212
vt 0.488638 0.125461
vt 0.680385 0.078115
vt 0.488990 0.091060
vt 0.484583 0.097413
vt 0.691933 0.024367
vt 0.973152 0.381701
vt 0.973199 0.398585
vt 0.958084 0.394582
vt 0.666037 0.866331
vt 0.489403 0.761885
vt 0.063284 0.956749
vt 0.059007 0.976889
vt 0.371940 0.948836
vt 0.671397 0.643397
vt 0.745049 0.389234
vt 0.471914 0.636539
vt 0.453817 0.630758
vt 0.463458 0.628941
vt 0.912239 0.344414
vt 0.930317 0.327501
vt 0.721145 0.329462
vt 0.738573 0.336371
vt 0.483605 0.604841
vt 0.737068 0.282061
vt 0.919025 0.214707
vt 0.901592 0.235293
vt 0.486398 0.497490
vt 0.732315 0.202537
vt 0.682065 0.429742
vt 0.221213 0.476464
vt 0.129458 0.388956
vt 0.162326 0.363258
vt 0.169539 0.341250
vt 0.056542 0.370758
vt 0.476238 0.301995
vt 0.482664 0.295043
vt 0.482647 0.222320
vt 0.487853 0.165892
vt 0.965939 0.528748
vt 0.969280 0.517399
vt 0.978783 0.515656
vt 0.831489 0.761779
vt 0.501526 0.797086
vt 0.000000 0.960159
vt 0.014215 0.980491
vt 0.480757 0.685495
vt 0.903903 0.395995
vt 0.194490 0.684464
vt 0.671194 0.554028
vt 0.746895 0.248911
vt 0.722303 0.184722
vt 0.238775 0.478859
vt 0.199855 0.470530
vt 0.152224 0.447678
vt 0.203943 0.426174
vt 0.191981 0.411864
vt 0.213670 0.411697
vt 0.137433 0.401204
vt 0.499002 0.880665
vt 0.491474 0.871676
vt 0.506448 0.883481
vt 0.037713 0.235613
vt 0.721508 0.879344
vt 0.104068 0.987431
vt 0.110095 0.976095
vt 0.112116 0.987431
vt 0.491328 0.775223
vt 0.347857 0.959416
vt 0.481791 0.637618
vt 0.673840 0.613212
vt 0.909616 0.329057
vt 0.921718 0.310837
vt 0.740720 0.222684
vt 0.894604 0.192855
vt 0.907650 0.183467
vt 0.224948 0.456619
vt 0.193767 0.441284
vt 0.208032 0.450254
vt 0.144645 0.431642
vt 0.091404 0.444530
vt 0.222540 0.396653
vt 0.177674 0.410980
vt 0.068202 0.401162
vt 0.678367 0.256170
vt 0.668993 0.240799
vt 0.256162 0.019297
vt 0.859078 0.767318
vt 0.916262 0.465756
vt 0.162740 0.934419
vt 0.129210 0.953081
vt 0.480746 0.559578
vt 0.922041 0.289573
vt 0.739075 0.291440
vt 0.664978 0.484834
vt 0.479078 0.513652
vt 0.899117 0.217901
vt 0.472134 0.471450
vt 0.488878 0.468286
vt 0.105230 0.473877
vt 0.733698 0.137899
vt 0.730091 0.170664
vt 0.724266 0.158321
vt 0.223950 0.438852
vt 0.476448 0.342366
vt 0.487710 0.353617
vt 0.482418 0.370182
vt 0.929085 0.986782
vt 0.929085 0.963950
vt 0.940929 0.973963
vt 0.152789 0.376394
vt 0.127220 0.360124
vt 0.492347 0.197229
vt 0.949527 0.389192
vt 0.949618 0.405425
vt 0.816631 0.632062
vt 0.790918 0.632944
vt 0.807591 0.615590
vt 0.475679 0.026608
vt 0.492569 0.030294
vt 0.277427 0.036909
vt 0.984718 0.189582
vt 0.974550 0.201805
vt 0.974550 0.174458
vt 0.976475 0.883482
vt 0.986426 0.871719
vt 0.986426 0.898533
vt 0.350025 0.944477
vt 0.496473 0.659027
vt 0.905194 0.354532
vt 0.749946 0.305187
vt 0.745064 0.262225
vt 0.742779 0.192416
vt 0.190593 0.482762
vt 0.741414 0.159971
vt 0.177834 0.429330
vt 0.726770 0.107300
vt 0.736076 0.089031
vt 0.734663 0.120296
vt 0.736941 0.664348
vt 0.737650 0.645188
vt 0.751566 0.664348
vt 0.072370 0.413035
vt 0.728833 0.075184
vt 0.725006 0.055893
vt 0.737687 0.069760
vt 0.119473 0.346473
vt 0.515939 0.883351
vt 0.494375 0.261008
vt 0.974550 0.232312
vt 0.983618 0.221946
vt 0.677225 0.156867
vt 0.689395 0.159668
vt 0.661354 0.016902
vt 0.761314 0.635021
vt 0.768960 0.617831
vt 0.761951 0.644964
vt 0.731811 0.645188
vt 0.845685 0.789799
vt 0.868473 0.785625
vt 0.602921 0.951290
vt 0.614010 0.941061
vt 0.625548 0.962717
vt 0.624112 0.947082
vt 0.383763 0.945026
vt 0.749819 0.375991
vt 0.490469 0.547381
vt 0.894175 0.166742
vt 0.680265 0.414621
vt 0.662585 0.405233
vt 0.669795 0.388466
vt 0.481157 0.410888
vt 0.476280 0.381909
vt 0.491443 0.394733
vt 0.745056 0.107624
vt 0.135420 0.381708
vt 0.056863 0.392542
vt 0.668210 0.199336
vt 0.668310 0.120770
vt 0.496432 0.116096
vt 0.964876 0.524167
vt 0.967679 0.511423
vt 0.871957 0.760720
vt 0.746902 0.893170
vt 0.754674 0.881428
vt 0.861566 0.546190
vt 0.477467 0.723246
vt 0.917562 0.407066
vt 0.748358 0.353449
vt 0.757207 0.362767
vt 0.903108 0.290528
vt 0.476937 0.453500
vt 0.485192 0.450732
vt 0.477787 0.428150
vt 0.185273 0.453336
vt 0.179883 0.448772
vt 0.229718 0.420143
vt 0.228905 0.403920
vt 0.145762 0.340734
vt 0.499983 0.182029
vt 0.501311 0.138263
vt 0.494951 0.096475
vt 0.784048 0.617712
vt 0.979607 0.503692
vt 0.878735 0.784878
vt 0.970429 0.507049
vt 0.785360 0.887788
vt 0.781271 0.898354
vt 0.967836 0.712021
vt 0.964750 0.697511
vt 0.980192 0.717102
vt 0.687402 0.861598
vt 0.854092 0.568217
vt 0.546690 0.983480
vt 0.550198 0.973688
vt 0.560263 0.970363
vt 0.541629 0.979355
vt 0.541819 0.987032
vt 0.503990 0.827271
vt 0.506567 0.821255
vt 0.875491 0.524867
vt 0.497455 0.736195
vt 0.495831 0.685731
vt 0.755959 0.395626
vt 0.899246 0.358171
vt 0.505191 0.625794
vt 0.664954 0.452581
vt 0.656750 0.377000
vt 0.684005 0.362588
vt 0.673037 0.356457
vt 0.751670 0.140679
vt 0.659517 0.341920
vt 0.681982 0.321931
vt 0.749524 0.061105
vt 0.733841 0.046823
vt 0.746823 0.041886
vt 0.736277 0.031400
vt 0.511697 0.870662
vt 0.497009 0.240081
vt 0.672795 0.135652
vt 0.504131 0.075706
vt 0.271529 0.048815
vt 0.959979 0.374914
vt 0.820313 0.617866
vt 0.251110 0.901162
vt 0.258272 0.909725
vt 0.234964 0.907516
vt 0.720448 0.863400
vt 0.707074 0.862852
vt 0.977114 0.698559
vt 0.645276 0.854549
vt 0.653455 0.845628
vt 0.650914 0.857963
vt 0.055561 0.944906
vt 0.752499 0.339273
vt 0.898103 0.308823
vt 0.663839 0.476390
vt 0.494434 0.422264
vt 0.879594 0.080566
vt 0.878176 0.054946
vt 0.894110 0.066378
vt 0.489410 0.330677
vt 0.504447 0.354588
vt 0.223488 0.354984
vt 0.664876 0.296497
vt 0.657370 0.280273
vt 0.679678 0.275923
vt 0.656936 0.266007
vt 0.502088 0.164521
vt 0.951870 0.377646
vt 0.624444 0.930369
vt 0.868775 0.560617
vt 0.498527 0.612235
vt 0.496696 0.576948
vt 0.662484 0.504817
vt 0.499916 0.516315
vt 0.753300 0.203758
vt 0.880882 0.153688
vt 0.903257 0.156889
vt 0.892840 0.137035
vt 0.496525 0.310029
vt 0.890961 0.043990
vt 0.871418 0.028463
vt 0.879932 0.018494
vt 0.503626 0.858994
vt 0.498566 0.225750
vt 0.657397 0.160378
vt 0.715739 0.635303
vt 0.735247 0.620552
vt 0.877590 0.791181
vt 0.106033 0.974846
vt 0.087538 0.976095
vt 0.092488 0.960258
vt 0.814949 0.600277
vt 0.822769 0.612213
vt 0.834137 0.789104
vt 0.560263 0.957707
vt 0.515792 0.809536
vt 0.881577 0.489611
vt 0.001979 0.940402
vt 0.659199 0.665075
vt 0.759259 0.409612
vt 0.660138 0.594500
vt 0.496240 0.563222
vt 0.659588 0.533569
vt 0.885518 0.222992
vt 0.500194 0.440905
vt 0.655671 0.359192
vt 0.869015 0.098198
vt 0.891223 0.094268
vt 0.887500 0.112266
vt 0.076930 0.434072
vt 0.515075 0.871456
vt 0.746094 0.027119
vt 0.731235 0.024381
vt 0.744983 0.023614
vt 0.508598 0.289214
vt 0.505494 0.272207
vt 0.651059 0.141106
vt 0.510056 0.144435
vt 0.653016 0.036921
vt 0.707768 0.640417
vt 0.705296 0.634159
vt 0.503510 0.051316
vt 0.230263 0.895005
vt 0.775584 0.879774
vt 0.671461 0.843380
vt 0.639784 0.833200
vt 0.627123 0.846132
vt 0.851795 0.555265
vt 0.873791 0.509288
vt 0.472966 0.692865
vt 0.488478 0.699765
vt 0.538586 0.855601
vt 0.543392 0.861955
vt 0.538586 0.883296
vt 0.644966 0.607999
vt 0.660520 0.567599
vt 0.432034 0.516971
vt 0.422351 0.497779
vt 0.437620 0.497016
vt 0.755774 0.236244
vt 0.659277 0.428219
vt 0.490540 0.379005
vt 0.507874 0.325938
vt 0.969726 0.493591
vt 0.427862 0.861460
vt 0.427862 0.851443
vt 0.448897 0.855656
vt 0.541385 0.966224
vt 0.661359 0.621677
vt 0.754739 0.281578
vt 0.887159 0.250856
vt 0.860539 0.073382
vt 0.756999 0.087763
vt 0.652148 0.213534
vt 0.511547 0.200403
vt 0.660648 0.133222
vt 0.650685 0.023530
vt 0.884348 0.970009
vt 0.895897 0.971835
vt 0.884348 0.981581
vt 0.887298 0.954353
vt 0.506126 0.026296
vt 0.964876 0.491523
vt 0.748337 0.868843
vt 0.859437 0.531933
vt 0.890251 0.470953
vt 0.129913 0.920476
vt 0.769215 0.369653
vt 0.757393 0.350481
vt 0.389011 0.591107
vt 0.389966 0.557078
vt 0.396981 0.564793
vt 0.881224 0.174947
vt 0.669141 0.320704
vt 0.653741 0.304650
vt 0.672813 0.308227
vt 0.856966 0.045829
vt 0.644223 0.203860
vt 0.644330 0.060226
vt 0.788723 0.605502
vt 0.948020 0.717505
vt 0.958882 0.703594
vt 0.961582 0.717505
vt 0.945574 0.790323
vt 0.944292 0.767771
vt 0.955034 0.768136
vt 0.611809 0.925150
vt 0.981549 0.688248
vt 0.508672 0.774337
vt 0.493372 0.689436
vt 0.038449 0.942433
vt 0.389970 0.939957
vt 0.168518 0.922198
vt 0.169223 0.952290
vt 0.635948 0.622901
vt 0.499910 0.597912
vt 0.892393 0.295745
vt 0.510317 0.542420
vt 0.877727 0.201561
vt 0.502249 0.477108
vt 0.645523 0.416585
vt 0.644394 0.396215
vt 0.886068 0.131667
vt 0.865074 0.121773
vt 0.706313 0.627203
vt 0.844778 0.425018
vt 0.836236 0.425018
vt 0.836787 0.414615
vt 0.978094 0.817551
vt 0.972492 0.811897
vt 0.989026 0.802298
vt 0.581236 0.947931
vt 0.600273 0.932453
vt 0.088547 0.868964
vt 0.106186 0.862061
vt 0.104896 0.878383
vt 0.952153 0.752051
vt 0.613247 0.822045
vt 0.623977 0.834911
vt 0.230263 0.870866
vt 0.225916 0.864164
vt 0.230263 0.860905
vt 0.501918 0.715779
vt 0.887701 0.455535
vt 0.900560 0.453488
vt 0.024124 0.923718
vt 0.048303 0.927229
vt 0.166013 0.918650
vt 0.505659 0.639272
vt 0.894442 0.341332
vt 0.653850 0.456591
vt 0.759786 0.165678
vt 0.510291 0.428464
vt 0.853420 0.034506
vt 0.639912 0.241780
vt 0.505929 0.256701
vt 0.654145 0.127839
vt 0.112116 0.975543
vt 0.104058 0.952551
vt 0.738486 0.608475
vt 0.854990 0.814482
vt 0.864406 0.790214
vt 0.957733 0.361071
vt 0.977607 0.485333
vt 0.791466 0.601559
vt 0.763636 0.863990
vt 0.960117 0.786839
vt 0.625548 0.914330
vt 0.963023 0.683549
vt 0.540597 0.972391
vt 0.526278 0.986687
vt 0.526278 0.960779
vt 0.535354 0.955331
vt 0.853154 0.515646
vt 0.894971 0.408390
vt 0.647377 0.662160
vt 0.349261 0.558604
vt 0.332373 0.540297
vt 0.343262 0.517157
vt 0.762528 0.264181
vt 0.649065 0.472512
vt 0.760252 0.213140
vt 0.867310 0.189058
vt 0.868820 0.150084
vt 0.512795 0.387862
vt 0.862676 0.011028
vt 0.645706 0.185041
vt 0.643124 0.077955
vt 0.526996 0.046992
vt 0.964516 0.362932
vt 0.973199 0.367984
vt 0.242116 0.883811
vt 0.655573 0.832090
vt 0.439698 0.837584
vt 0.665253 0.923230
vt 0.649097 0.922243
vt 0.663433 0.914330
vt 0.544227 0.955444
vt 0.983544 0.632467
vt 0.968289 0.627797
vt 0.983544 0.624062
vt 0.228284 0.852900
vt 0.851879 0.540340
vt 0.519295 0.788352
vt 0.510203 0.745994
vt 0.360971 0.926298
vt 0.768779 0.425641
vt 0.638878 0.646876
vt 0.776987 0.408814
vt 0.651890 0.593260
vt 0.416050 0.579819
vt 0.404977 0.605325
vt 0.397409 0.591960
vt 0.892851 0.328864
vt 0.333931 0.595288
vt 0.327580 0.571386
vt 0.343684 0.576080
vt 0.408986 0.563634
vt 0.423125 0.545710
vt 0.884166 0.274540
vt 0.507288 0.494467
vt 0.764528 0.223462
vt 0.519652 0.444584
vt 0.766325 0.126375
vt 0.526577 0.229689
vt 0.525119 0.075277
vt 0.986171 0.826834
vt 0.985170 0.842855
vt 0.970961 0.839742
vt 0.765430 0.603886
vt 0.264770 0.904372
vt 0.837246 0.814556
vt 0.981145 0.790012
vt 0.970099 0.795494
vt 0.952871 0.824691
vt 0.945424 0.836592
vt 0.947200 0.805993
vt 0.965232 0.772528
vt 0.664906 0.933091
vt 0.181448 0.901989
vt 0.169737 0.892311
vt 0.170734 0.883252
vt 0.981821 0.586977
vt 0.981821 0.566983
vt 0.988651 0.576480
vt 0.428157 0.693534
vt 0.436415 0.712912
vt 0.428157 0.729009
vt 0.522648 0.758043
vt 0.059733 0.924434
vt 0.780408 0.393413
vt 0.391809 0.602232
vt 0.505387 0.583347
vt 0.338771 0.562380
vt 0.508777 0.560717
vt 0.756816 0.313006
vt 0.435928 0.488558
vt 0.643497 0.441183
vt 0.648157 0.324610
vt 0.758119 0.024456
vt 0.510443 0.850404
vt 0.979397 0.464354
vt 0.980348 0.476597
vt 0.964876 0.456546
vt 0.519638 0.119101
vt 0.268300 0.898448
vt 0.053248 0.867350
vt 0.065229 0.859912
vt 0.075238 0.878561
vt 0.959957 0.821022
vt 0.577575 0.926450
vt 0.966488 0.759928
vt 0.617475 0.814884
vt 0.981549 0.671690
vt 0.976005 0.610126
vt 0.982904 0.611144
vt 0.317242 0.603234
vt 0.314329 0.588850
vt 0.326268 0.601626
vt 0.406651 0.529255
vt 0.392215 0.533392
vt 0.397998 0.515873
vt 0.346064 0.467004
vt 0.346329 0.489306
vt 0.328885 0.474745
vt 0.769501 0.207183
vt 0.511720 0.410313
vt 0.764018 0.102732
vt 0.769457 0.034277
vt 0.516810 0.244912
vt 0.526103 0.174157
vt 0.642261 0.103071
vt 0.976328 0.871719
vt 0.765204 0.660267
vt 0.776760 0.645188
vt 0.776760 0.664488
vt 0.604810 0.812580
vt 0.627487 0.817336
vt 0.208898 0.984736
vt 0.213910 0.973402
vt 0.217873 0.984736
vt 0.171114 0.902249
vt 0.869158 0.488693
vt 0.036582 0.925358
vt 0.531424 0.672041
vt 0.768129 0.358136
vt 0.512894 0.619751
vt 0.340105 0.607802
vt 0.319094 0.574052
vt 0.766639 0.247102
vt 0.325957 0.489722
vt 0.771109 0.191879
vt 0.635854 0.368606
vt 0.631949 0.342026
vt 0.777328 0.081293
vt 0.531098 0.341868
vt 0.765849 0.058731
vt 0.527880 0.310592
vt 0.840363 0.008495
vt 0.519129 0.859826
vt 0.154482 0.846061
vt 0.123442 0.852900
vt 0.135440 0.841262
vt 0.117934 0.844366
vt 0.094651 0.949603
vt 0.837928 0.836789
vt 0.967377 0.859793
vt 0.991172 0.791235
vt 0.977181 0.791318
vt 0.991963 0.783902
vt 0.966978 0.476597
vt 0.977672 0.774489
vt 0.990322 0.772557
vt 0.802860 0.987647
vt 0.794648 0.980218
vt 0.802860 0.972724
vt 0.958845 0.853339
vt 0.627554 0.955594
vt 0.625548 0.935469
vt 0.636068 0.950567
vt 0.429586 0.827401
vt 0.837000 0.549543
vt 0.922109 0.649419
vt 0.925515 0.645293
vt 0.927142 0.647743
vt 0.668037 0.982199
vt 0.656711 0.983788
vt 0.665032 0.975216
vt 0.525274 0.801798
vt 0.178506 0.874817
vt 0.193448 0.878955
vt 0.900742 0.963950
vt 0.896827 0.952049
vt 0.905682 0.960596
vt 0.445062 0.697378
vt 0.448897 0.708241
vt 0.880599 0.387221
vt 0.871041 0.375129
vt 0.885609 0.342861
vt 0.744484 0.979128
vt 0.744484 0.967873
vt 0.754284 0.974348
vt 0.311005 0.568055
vt 0.317584 0.551278
vt 0.384608 0.500848
vt 0.388592 0.488033
vt 0.403915 0.498742
vt 0.650882 0.485860
vt 0.393075 0.475106
vt 0.528001 0.844804
vt 0.635918 0.216697
vt 0.639568 0.167007
vt 0.640508 0.145445
vt 0.517576 0.160104
vt 0.635813 0.066910
vt 0.863349 0.823022
vt 0.116937 0.831166
vt 0.104442 0.856037
vt 0.658020 0.955659
vt 0.655782 0.940583
vt 0.668037 0.940327
vt 0.635833 0.936031
vt 0.442866 0.825317
vt 0.191321 0.894984
vt 0.656711 0.968756
vt 0.185753 0.867991
vt 0.922540 0.634545
vt 0.928045 0.639885
vt 0.868583 0.460941
vt 0.018732 0.907013
vt 0.883584 0.353110
vt 0.749929 0.988347
vt 0.642170 0.982091
vt 0.648571 0.968756
vt 0.648571 0.988616
vt 0.321157 0.610054
vt 0.890661 0.916696
vt 0.896711 0.911678
vt 0.896711 0.927431
vt 0.312496 0.532909
vt 0.323576 0.514112
vt 0.514825 0.505762
vt 0.772189 0.144612
vt 0.525332 0.184448
vt 0.980348 0.447858
vt 0.644558 0.128735
vt 0.794711 0.939929
vt 0.802665 0.926407
vt 0.803252 0.952624
vt 0.787165 0.922849
vt 0.795248 0.914330
vt 0.112116 0.949118
vt 0.723424 0.597739
vt 0.945960 0.853300
vt 0.794779 0.865898
vt 0.079446 0.853721
vt 0.958785 0.736512
vt 0.635413 0.809855
vt 0.647376 0.968755
vt 0.625548 0.964244
vt 0.813438 0.794142
vt 0.813438 0.777427
vt 0.826924 0.781099
vt 0.178343 0.911779
vt 0.642720 0.918225
vt 0.964876 0.619292
vt 0.194192 0.864595
vt 0.509861 0.694287
vt 0.407216 0.477285
vt 0.422260 0.484385
vt 0.407570 0.461623
vt 0.428546 0.468549
vt 0.343611 0.453199
vt 0.848654 0.101535
vt 0.629884 0.307385
vt 0.509354 0.837145
vt 0.527998 0.266208
vt 0.638807 0.123618
vt 0.810904 0.948730
vt 0.888683 0.954353
vt 0.874684 0.936125
vt 0.890661 0.944613
vt 0.885732 0.933822
vt 0.832683 0.827694
vt 0.232877 0.871420
vt 0.779560 0.852655
vt 0.667782 0.960480
vt 0.116937 0.848639
vt 0.628111 0.926655
vt 0.832035 0.533270
vt 0.835193 0.524124
vt 0.928450 0.694502
vt 0.929765 0.703594
vt 0.922109 0.699223
vt 0.179379 0.986355
vt 0.180233 0.982164
vt 0.187579 0.982466
vt 0.853199 0.493105
vt 0.618082 0.636316
vt 0.526281 0.657290
vt 0.521097 0.644177
vt 0.308791 0.496061
vt 0.519540 0.489234
vt 0.514951 0.467958
vt 0.633197 0.379792
vt 0.530999 0.365874
vt 0.642485 0.283257
vt 0.528351 0.132938
vt 0.854870 0.840826
vt 0.531529 0.026291
vt 0.510558 0.015419
vt 0.516989 0.000000
vt 0.822429 0.759494
vt 0.429395 0.819751
vt 0.918669 0.948539
vt 0.529323 0.748811
vt 0.522103 0.920375
vt 0.506541 0.932131
vt 0.506832 0.921899
vt 0.389238 0.458723
vt 0.417282 0.452955
vt 0.854591 0.177343
vt 0.781402 0.157786
vt 0.780598 0.173706
vt 0.852149 0.147775
vt 0.524835 0.393735
vt 0.626532 0.293520
vt 0.792753 0.948504
vt 0.141452 0.828144
vt 0.968973 0.545741
vt 0.964876 0.528748
vt 0.979459 0.537758
vt 0.198880 0.915529
vt 0.203706 0.889134
vt 0.932622 0.663903
vt 0.948529 0.645856
vt 0.202417 0.868654
vt 0.187095 0.987604
vt 0.179379 0.973401
vt 0.045490 0.908038
vt 0.396252 0.913965
vt 0.524352 0.936551
vt 0.461053 0.936486
vt 0.448897 0.937570
vt 0.449293 0.922517
vt 0.531649 0.413920
vt 0.625278 0.262292
vt 0.530738 0.293285
vt 0.775194 0.017449
vt 0.527870 0.839505
vt 0.829094 0.809654
vt 0.585037 0.802102
vt 0.591006 0.792576
vt 0.598028 0.801109
vt 0.094828 0.849412
vt 0.616298 0.798543
vt 0.272250 0.928274
vt 0.272250 0.909725
vt 0.277179 0.919362
vt 0.413776 0.891631
vt 0.409952 0.887883
vt 0.411008 0.882288
vt 0.506039 0.924670
vt 0.488877 0.929530
vt 0.503484 0.921335
vt 0.903135 0.938432
vt 0.519884 0.716452
vt 0.059257 0.907745
vt 0.034175 0.907099
vt 0.126423 0.885883
vt 0.311220 0.479332
vt 0.529901 0.462854
vt 0.393377 0.445925
vt 0.397770 0.431336
vt 0.425048 0.428353
vt 0.779354 0.188104
vt 0.780664 0.124013
vt 0.787013 0.102359
vt 0.842081 0.067455
vt 0.975952 0.425641
vt 0.622327 0.123629
vt 0.633147 0.115097
vt 0.896467 0.941697
vt 0.896467 0.953969
vt 0.890661 0.947949
vt 0.793770 0.962637
vt 0.876389 0.917106
vt 0.577575 0.887204
vt 0.565406 0.889114
vt 0.565049 0.865612
vt 0.764780 0.842362
vt 0.977556 0.721028
vt 0.980224 0.750023
vt 0.984552 0.547941
vt 0.884348 0.954353
vt 0.884348 0.975526
vt 0.865392 0.975916
vt 0.942721 0.668919
vt 0.932631 0.680466
vt 0.948103 0.689043
vt 0.926982 0.958205
vt 0.493318 0.920374
vt 0.866112 0.443512
vt 0.643564 0.665243
vt 0.624116 0.658101
vt 0.868620 0.414615
vt 0.861562 0.409006
vt 0.459582 0.920374
vt 0.327319 0.458314
vt 0.536868 0.428410
vt 0.831764 0.035826
vt 0.634307 0.192998
vt 0.538216 0.193443
vt 0.798386 0.970395
vt 0.813438 0.955257
vt 0.863043 0.951202
vt 0.860393 0.934199
vt 0.878780 0.941762
vt 0.255351 0.859586
vt 0.268316 0.866512
vt 0.554535 0.889305
vt 0.044189 0.849536
vt 0.448897 0.615641
vt 0.441507 0.629390
vt 0.433319 0.610054
vt 0.577575 0.788219
vt 0.833997 0.511679
vt 0.198834 0.862739
vt 0.206675 0.855944
vt 0.200904 0.852900
vt 0.944292 0.871719
vt 0.953932 0.874480
vt 0.947631 0.878379
vt 0.846357 0.476060
vt 0.110274 0.903138
vt 0.116937 0.878561
vt 0.116937 0.913474
vt 0.845901 0.989085
vt 0.827115 0.958535
vt 0.845901 0.954353
vt 0.345094 0.912247
vt 0.526315 0.684367
vt 0.789890 0.386605
vt 0.248974 0.964992
vt 0.268670 0.956702
vt 0.272250 0.976106
vt 0.506039 0.943742
vt 0.515043 0.955331
vt 0.840343 0.129080
vt 0.512904 0.827271
vt 0.895773 0.911678
vt 0.890661 0.901418
vt 0.895773 0.888469
vt 0.538913 0.248220
vt 0.710938 0.594190
vt 0.884593 0.919314
vt 0.133614 0.816088
vt 0.119303 0.818579
vt 0.964876 0.566983
vt 0.964876 0.580151
vt 0.981821 0.584715
vt 0.977792 0.606807
vt 0.874883 0.987365
vt 0.209497 0.883209
vt 0.492589 0.938673
vt 0.350478 0.892033
vt 0.787761 0.421817
vt 0.536485 0.923161
vt 0.313982 0.452487
vt 0.624301 0.391968
vt 0.620479 0.346287
vt 0.787311 0.057586
vt 0.531759 0.253081
vt 0.851974 0.949800
vt 0.189176 0.841284
vt 0.173883 0.849284
vt 0.182189 0.835115
vt 0.855866 0.856625
vt 0.840198 0.854641
vt 0.036229 0.859829
vt 0.039714 0.871265
vt 0.991963 0.764934
vt 0.192764 0.934701
vt 0.199098 0.906838
vt 0.963022 0.661095
vt 0.957651 0.877517
vt 0.510252 0.686615
vt 0.620735 0.665605
vt 0.470481 0.954604
vt 0.325676 0.443145
vt 0.379845 0.439429
vt 0.788911 0.136832
vt 0.431705 0.380057
vt 0.414406 0.365111
vt 0.425371 0.357367
vt 0.833923 0.091021
vt 0.623308 0.236346
vt 0.621170 0.171776
vt 0.622092 0.158195
vt 0.630031 0.144450
vt 0.543569 0.141426
vt 0.626292 0.116924
vt 0.629214 0.080407
vt 0.544089 0.097974
vt 0.543783 0.064709
vt 0.845528 0.941909
vt 0.827115 0.849200
vt 0.574426 0.866364
vt 0.232238 0.843694
vt 0.243588 0.846106
vt 0.968618 0.986214
vt 0.954584 0.977422
vt 0.973115 0.966875
vt 0.070751 0.842990
vt 0.967538 0.568667
vt 0.439634 0.677545
vt 0.536661 0.748573
vt 0.167651 0.895770
vt 0.475981 0.929684
vt 0.428926 0.407923
vt 0.410605 0.403272
vt 0.425563 0.391219
vt 0.621265 0.320857
vt 0.618859 0.223483
vt 0.617866 0.197014
vt 0.546685 0.163577
vt 0.787165 0.972723
vt 0.159412 0.829389
vt 0.813437 0.858106
vt 0.824582 0.887768
vt 0.772308 0.819233
vt 0.425756 0.629585
vt 0.790080 0.836540
vt 0.207916 0.916069
vt 0.506039 0.948348
vt 0.448548 0.675061
vt 0.527555 0.693976
vt 0.372691 0.894187
vt 0.536485 0.946444
vt 0.479451 0.923204
vt 0.340722 0.439860
vt 0.537285 0.231660
vt 0.425361 0.169389
vt 0.419558 0.160241
vt 0.430336 0.155830
vt 0.617286 0.131081
vt 0.621663 0.097145
vt 0.539232 0.134706
vt 0.540404 0.120774
vt 0.988025 0.504171
vt 0.979606 0.492503
vt 0.988025 0.476597
vt 0.648711 0.987406
vt 0.648711 0.968756
vt 0.656711 0.972448
vt 0.837819 0.954353
vt 0.727699 0.573833
vt 0.428403 0.653255
vt 0.444863 0.654918
vt 0.448897 0.668348
vt 0.212919 0.944951
vt 0.400547 0.878894
vt 0.412089 0.871150
vt 0.215273 0.873864
vt 0.963487 0.890260
vt 0.827115 0.494718
vt 0.605419 0.659143
vt 0.804060 0.418116
vt 0.736941 0.664003
vt 0.721397 0.664003
vt 0.734192 0.645188
vt 0.346777 0.410184
vt 0.334317 0.424865
vt 0.337549 0.390116
vt 0.543238 0.402939
vt 0.543413 0.377095
vt 0.446131 0.304605
vt 0.428269 0.290375
vt 0.448897 0.273327
vt 0.541307 0.317813
vt 0.545947 0.291801
vt 0.538586 0.837838
vt 0.541504 0.178052
vt 0.827115 0.954341
vt 0.836023 0.947970
vt 0.626820 0.070452
vt 0.846299 0.874368
vt 0.016915 0.862292
vt 0.534657 0.010066
vt 0.547130 0.024075
vt 0.109941 0.878561
vt 0.109136 0.899711
vt 0.088494 0.884049
vt 0.866638 0.955707
vt 0.277427 0.686958
vt 0.273263 0.710423
vt 0.273263 0.684464
vt 0.422796 0.908733
vt 0.396252 0.889883
vt 0.921585 0.923648
vt 0.536661 0.722871
vt 0.047376 0.894432
vt 0.251686 0.949682
vt 0.375210 0.424994
vt 0.373838 0.409057
vt 0.388439 0.416459
vt 0.399846 0.382407
vt 0.792153 0.112158
vt 0.794641 0.080327
vt 0.793673 0.030222
vt 0.786094 0.012182
vt 0.827794 0.020954
vt 0.827115 0.000000
vt 0.341151 0.260410
vt 0.348205 0.260587
vt 0.351150 0.270570
vt 0.542973 0.806780
vt 0.537190 0.821473
vt 0.536661 0.798117
vt 0.442880 0.748369
vt 0.448814 0.751192
vt 0.445446 0.765463
vt 0.553855 0.076995
vt 0.854039 0.923092
vt 0.556625 0.045636
vt 0.883023 0.904207
vt 0.219976 0.909939
vt 0.410697 0.912154
vt 0.934100 0.944542
vt 0.479451 0.938452
vt 0.000400 0.905525
vt 0.020376 0.884495
vt 0.232921 0.969084
vt 0.230263 0.952055
vt 0.479451 0.957007
vt 0.841758 0.163939
vt 0.329297 0.369073
vt 0.348608 0.363887
vt 0.337841 0.351530
vt 0.827872 0.075129
vt 0.545229 0.259592
vt 0.604399 0.106717
vt 0.537622 0.735151
vt 0.536661 0.699473
vt 0.543970 0.722194
vt 0.847947 0.986719
vt 0.845901 0.978484
vt 0.855763 0.974185
vt 0.845901 0.956145
vt 0.711608 0.977227
vt 0.711640 0.989393
vt 0.704906 0.982946
vt 0.949527 0.422389
vt 0.954172 0.409048
vt 0.960484 0.418015
vt 0.834088 0.877155
vt 0.745479 0.601324
vt 0.738270 0.570216
vt 0.017069 0.849616
vt 0.254899 0.848042
vt 0.195199 0.988004
vt 0.187579 0.977164
vt 0.195199 0.973402
vt 0.546678 0.858359
vt 0.953298 0.962360
vt 0.964306 0.954119
vt 0.063148 0.836866
vt 0.558075 0.908662
vt 0.577575 0.889305
vt 0.577575 0.914217
vt 0.561341 0.932095
vt 0.097585 0.898683
vt 0.210127 0.958084
vt 0.979606 0.528716
vt 0.979606 0.504170
vt 0.988501 0.522251
vt 0.400101 0.922116
vt 0.412588 0.926849
vt 0.960882 0.678161
vt 0.494568 0.961652
vt 0.225505 0.862995
vt 0.967836 0.875547
vt 0.936467 0.926030
vt 0.038662 0.892868
vt 0.120331 0.901386
vt 0.396252 0.887251
vt 0.116937 0.884934
vt 0.805899 0.398116
vt 0.540261 0.654361
vt 0.306146 0.417716
vt 0.297484 0.403466
vt 0.314245 0.411631
vt 0.379474 0.387986
vt 0.436874 0.353330
vt 0.423580 0.336648
vt 0.434873 0.331883
vt 0.546698 0.342112
vt 0.826503 0.948218
vt 0.813437 0.933500
vt 0.826503 0.923046
vt 0.444070 0.318578
vt 0.426278 0.304106
vt 0.367439 0.263137
vt 0.357163 0.245678
vt 0.373358 0.245874
vt 0.374770 0.263394
vt 0.548506 0.208312
vt 0.613214 0.100902
vt 0.543605 0.705762
vt 0.867364 0.414615
vt 0.867238 0.423936
vt 0.701701 0.968982
vt 0.711640 0.964806
vt 0.482181 0.971746
vt 0.479451 0.962138
vt 0.029753 0.844954
vt 0.046520 0.838844
vt 0.541385 0.917844
vt 0.430605 0.675061
vt 0.965223 0.610126
vt 0.439369 0.955152
vt 0.425907 0.921458
vt 0.440922 0.925284
vt 0.973353 0.878430
vt 0.532820 0.706154
vt 0.161861 0.877185
vt 0.169737 0.880046
vt 0.551131 0.664144
vt 0.698671 0.945691
vt 0.703107 0.951055
vt 0.678447 0.958604
vt 0.324289 0.395000
vt 0.306551 0.391965
vt 0.391447 0.374673
vt 0.380211 0.363259
vt 0.613501 0.325742
vt 0.424273 0.320833
vt 0.799742 0.068699
vt 0.321918 0.321695
vt 0.345379 0.296499
vt 0.333581 0.334991
vt 0.380573 0.251131
vt 0.286152 0.237976
vt 0.279148 0.248592
vt 0.277427 0.237536
vt 0.620385 0.149040
vt 0.856534 0.954353
vt 0.189641 0.825054
vt 0.158351 0.809209
vt 0.868403 0.900369
vt 0.765204 0.662888
vt 0.751566 0.661201
vt 0.765204 0.645188
vt 0.104951 0.906384
vt 0.936181 0.718708
vt 0.922109 0.718708
vt 0.923746 0.703594
vt 0.295443 0.964171
vt 0.309945 0.957570
vt 0.325350 0.966054
vt 0.946406 0.954318
vt 0.944292 0.903903
vt 0.951517 0.894086
vt 0.958382 0.899085
vt 0.969190 0.361071
vt 0.959189 0.353327
vt 0.967187 0.345408
vt 0.273263 0.739072
vt 0.276784 0.732029
vt 0.276784 0.746749
vt 0.847582 0.454183
vt 0.850434 0.440196
vt 0.852610 0.425641
vt 0.062500 0.894311
vt 0.547268 0.686615
vt 0.672148 0.963057
vt 0.677429 0.943104
vt 0.549558 0.359676
vt 0.801698 0.044767
vt 0.334510 0.245248
vt 0.423410 0.218942
vt 0.432050 0.208014
vt 0.437715 0.234450
vt 0.610211 0.125157
vt 0.549388 0.124905
vt 0.442171 0.773302
vt 0.433765 0.772536
vt 0.949527 0.405425
vt 0.000000 0.849680
vt 0.085269 0.893048
vt 0.076553 0.888758
vt 0.550962 0.955444
vt 0.546171 0.939415
vt 0.985838 0.400463
vt 0.978237 0.424679
vt 0.973199 0.400463
vt 0.566705 0.833869
vt 0.575959 0.840773
vt 0.396252 0.950030
vt 0.403665 0.937156
vt 0.502875 0.962138
vt 0.945500 0.963950
vt 0.330018 0.956220
vt 0.323994 0.946146
vt 0.614706 0.980351
vt 0.611278 0.962717
vt 0.623799 0.971957
vt 0.599982 0.641862
vt 0.856436 0.388804
vt 0.296510 0.366107
vt 0.311875 0.370521
vt 0.374932 0.353538
vt 0.388074 0.344300
vt 0.380212 0.331387
vt 0.427904 0.278239
vt 0.315989 0.278558
vt 0.320410 0.260163
vt 0.343180 0.281239
vt 0.433459 0.251669
vt 0.446399 0.247357
vt 0.289987 0.197252
vt 0.290025 0.167370
vt 0.305919 0.183416
vt 0.856444 0.987071
vt 0.547374 0.104661
vt 0.865392 0.961229
vt 0.432492 0.747880
vt 0.441746 0.737245
vt 0.427405 0.729009
vt 0.448897 0.729009
vt 0.844012 0.924134
vt 0.170833 0.816442
vt 0.069280 0.878561
vt 0.354422 0.013441
vt 0.341759 0.009322
vt 0.358399 0.000000
vt 0.319203 0.938232
vt 0.924060 0.912153
vt 0.284156 0.911856
vt 0.298586 0.892018
vt 0.296516 0.907808
vt 0.277427 0.907251
vt 0.303447 0.896285
vt 0.311864 0.880395
vt 0.320847 0.887505
vt 0.124320 0.862103
vt 0.560230 0.676587
vt 0.711640 0.940228
vt 0.255514 0.924837
vt 0.407579 0.351672
vt 0.317650 0.299045
vt 0.805860 0.018813
vt 0.378768 0.228747
vt 0.431597 0.182883
vt 0.417631 0.186508
vt 0.311108 0.161005
vt 0.561728 0.172591
vt 0.604296 0.081684
vt 0.610253 0.067281
vt 0.543970 0.686615
vt 0.920044 0.910557
vt 0.919295 0.895948
vt 0.937718 0.896339
vt 0.944293 0.912153
vt 0.422754 0.951009
vt 0.302347 0.946798
vt 0.225797 0.883802
vt 0.225797 0.870866
vt 0.230263 0.879466
vt 0.328394 0.892128
vt 0.332154 0.883269
vt 0.321697 0.871150
vt 0.335198 0.877885
vt 0.668037 0.947862
vt 0.311608 0.343129
vt 0.791643 0.000000
vt 0.390202 0.238524
vt 0.392021 0.253860
vt 0.340426 0.229577
vt 0.352739 0.219690
vt 0.319932 0.238024
vt 0.280463 0.221086
vt 0.403106 0.164953
vt 0.542973 0.782529
vt 0.558389 0.086051
vt 0.215042 0.833261
vt 0.852669 0.881889
vt 0.420639 0.067386
vt 0.436906 0.057319
vt 0.442016 0.067557
vt 0.845039 0.888469
vt 0.489688 0.988750
vt 0.063284 0.885541
vt 0.947848 0.948814
vt 0.107647 0.922761
vt 0.100460 0.937804
vt 0.965228 0.937650
vt 0.562564 0.843794
vt 0.231851 0.831225
vt 0.280959 0.938262
vt 0.287449 0.921953
vt 0.295757 0.933285
vt 0.957241 0.320891
vt 0.973476 0.320405
vt 0.304443 0.914212
vt 0.345094 0.902683
vt 0.344898 0.915769
vt 0.341600 0.900529
vt 0.037176 0.882349
vt 0.296803 0.348410
vt 0.287421 0.268149
vt 0.277921 0.280724
vt 0.418886 0.229547
vt 0.304843 0.242300
vt 0.296114 0.219061
vt 0.414121 0.202224
vt 0.408008 0.182002
vt 0.423558 0.142165
vt 0.558460 0.112596
vt 0.547840 0.147845
vt 0.865119 0.967884
vt 0.847608 0.906633
vt 0.565388 0.036342
vt 0.092236 0.917330
vt 0.545016 0.898455
vt 0.564526 0.892892
vt 0.787521 0.823232
vt 0.277427 0.962325
vt 0.292544 0.970668
vt 0.976475 0.890093
vt 0.323022 0.923336
vt 0.332636 0.940316
vt 0.338999 0.925318
vt 0.827115 0.476629
vt 0.312762 0.906072
vt 0.791072 0.646806
vt 0.800917 0.645253
vt 0.791852 0.651555
vt 0.611278 0.985567
vt 0.625548 0.987060
vt 0.396293 0.330828
vt 0.288628 0.330977
vt 0.296346 0.308785
vt 0.382635 0.319674
vt 0.277427 0.306930
vt 0.389729 0.269708
vt 0.414224 0.252383
vt 0.395307 0.230335
vt 0.411018 0.235677
vt 0.398668 0.222714
vt 0.369765 0.217261
vt 0.343863 0.213657
vt 0.568566 0.157970
vt 0.201538 0.987518
vt 0.208898 0.982553
vt 0.718847 0.555606
vt 0.020206 0.836755
vt 0.029790 0.834130
vt 0.078313 0.923533
vt 0.876101 0.888469
vt 0.878821 0.898806
vt 0.385036 0.015183
vt 0.380227 0.001972
vt 0.957575 0.913519
vt 0.973115 0.912153
vt 0.295220 0.943014
vt 0.279904 0.953109
vt 0.936181 0.707525
vt 0.948020 0.703594
vt 0.948020 0.720103
vt 0.332186 0.951303
vt 0.304382 0.923479
vt 0.306109 0.933723
vt 0.314358 0.913765
vt 0.328847 0.918639
vt 0.337290 0.921421
vt 0.825239 0.719557
vt 0.813437 0.721695
vt 0.813437 0.710789
vt 0.705296 0.645188
vt 0.708239 0.653749
vt 0.705296 0.665585
vt 0.791072 0.664488
vt 0.776760 0.653176
vt 0.791072 0.649201
vt 0.827115 0.398848
vt 0.396277 0.311302
vt 0.382996 0.295711
vt 0.399477 0.289605
vt 0.375575 0.281291
vt 0.389374 0.210227
vt 0.312576 0.203613
vt 0.416038 0.136110
vt 0.567892 0.138767
vt 0.561305 0.116873
vt 0.298077 0.136918
vt 0.293080 0.101176
vt 0.301466 0.105339
vt 0.436645 0.110872
vt 0.430950 0.090593
vt 0.438583 0.086180
vt 0.094854 0.976095
vt 0.094854 0.987348
vt 0.087538 0.985349
vt 0.568637 0.080527
vt 0.420798 0.055346
vt 0.188999 0.812482
vt 0.948035 0.619675
vt 0.940523 0.634545
vt 0.932776 0.610714
vt 0.366921 0.025828
vt 0.951070 0.331843
vt 0.712213 0.648672
vt 0.842209 0.413951
vt 0.835477 0.394128
vt 0.272250 0.941499
vt 0.299624 0.290415
vt 0.301490 0.270148
vt 0.387763 0.190894
vt 0.321442 0.184905
vt 0.597143 0.092739
vt 0.902174 0.908746
vt 0.728949 0.553806
vt 0.010128 0.834390
vt 0.258163 0.826652
vt 0.946406 0.929560
vt 0.815216 0.749009
vt 0.824150 0.745102
vt 0.813596 0.758236
vt 0.836547 0.448443
vt 0.800917 0.664488
vt 0.020957 0.878561
vt 0.268925 0.920420
vt 0.691338 0.916792
vt 0.411555 0.274351
vt 0.366262 0.202731
vt 0.388567 0.170894
vt 0.392077 0.152066
vt 0.215714 0.818044
vt 0.406645 0.064008
vt 0.567075 0.056505
vt 0.953287 0.607873
vt 0.268884 0.829881
vt 0.105775 0.938107
vt 0.337173 0.026282
vt 0.319611 0.018072
vt 0.549648 0.834187
vt 0.218634 0.973402
vt 0.225505 0.968334
vt 0.225068 0.962443
vt 0.821973 0.759494
vt 0.827115 0.423833
vt 0.836236 0.414615
vt 0.836236 0.424965
vt 0.817661 0.733159
vt 0.365858 0.871798
vt 0.583455 0.646134
vt 0.397305 0.127409
vt 0.566193 0.094276
vt 0.419713 0.083930
vt 0.409526 0.078314
vt 0.960206 0.612924
vt 0.858015 0.892175
vt 0.085688 0.942519
vt 0.093961 0.938567
vt 0.740544 0.546392
vt 0.827081 0.455454
vt 0.822769 0.450353
vt 0.827081 0.442961
vt 0.949527 0.314216
vt 0.965483 0.291595
vt 0.721397 0.665018
vt 0.961700 0.264897
vt 0.966829 0.260967
vt 0.973476 0.280951
vt 0.954678 0.266028
vt 0.949988 0.255728
vt 0.230320 0.934350
vt 0.672507 0.926666
vt 0.341095 0.203685
vt 0.336671 0.196745
vt 0.373672 0.182542
vt 0.369813 0.168593
vt 0.700045 0.972294
vt 0.690104 0.988676
vt 0.690104 0.964806
vt 0.378167 0.126112
vt 0.411913 0.117549
vt 0.311852 0.126922
vt 0.315761 0.116127
vt 0.224685 0.834251
vt 0.230263 0.824154
vt 0.200647 0.804210
vt 0.571850 0.068089
vt 0.896827 0.898545
vt 0.407168 0.045417
vt 0.436287 0.043305
vt 0.025549 0.828076
vt 0.243870 0.823883
vt 0.301125 0.930149
vt 0.957344 0.289207
vt 0.441073 0.942315
vt 0.447634 0.923823
vt 0.447634 0.949523
vt 0.577575 0.654096
vt 0.701309 0.914330
vt 0.368790 0.151254
vt 0.298822 0.082520
vt 0.318792 0.097937
vt 0.594524 0.060719
vt 0.396239 0.071429
vt 0.395231 0.040839
vt 0.077108 0.949118
vt 0.924731 0.597694
vt 0.926261 0.590495
vt 0.929566 0.597694
vt 0.392584 0.019246
vt 0.388013 0.008797
vt 0.570122 0.681168
vt 0.826881 0.418364
vt 0.351980 0.193623
vt 0.323660 0.168290
vt 0.343354 0.171552
vt 0.388525 0.104591
vt 0.424985 0.029513
vt 0.936187 0.597814
vt 0.401738 0.029368
vt 0.408964 0.022081
vt 0.404167 0.103440
vt 0.593608 0.079429
vt 0.299368 0.056090
vt 0.315586 0.075978
vt 0.298308 0.068666
vt 0.314496 0.035606
vt 0.383186 0.031098
vt 0.391066 0.003140
vt 0.408345 0.007800
vt 0.236461 0.806460
vt 0.577575 0.667357
vt 0.324850 0.149804
vt 0.315231 0.146081
vt 0.336126 0.135251
vt 0.357227 0.125069
vt 0.335805 0.110574
vt 0.371454 0.100804
vt 0.394203 0.090124
vt 0.384034 0.064467
vt 0.293108 0.044730
vt 0.299431 0.024696
vt 0.433063 0.026062
vt 0.356612 0.041614
vt 0.923344 0.870078
vt 0.427014 0.009890
vt 0.781399 0.799856
vt 0.389285 0.871150
vt 0.338671 0.089010
vt 0.383865 0.080115
vt 0.319746 0.062077
vt 0.902743 0.883034
vt 0.938942 0.567221
vt 0.944817 0.600985
vt 0.002650 0.817452
vt 0.789121 0.797528
vt 0.827115 0.407507
vt 0.376988 0.085181
vt 0.352963 0.074469
vt 0.341996 0.069126
vt 0.335874 0.064029
vt 0.337275 0.050727
vt 0.382779 0.047007
vt 0.950699 0.587507
vt 0.428157 0.711407
vt 0.426245 0.686092
vt 0.428157 0.675061
vt 0.938217 0.863586
vt 0.732469 0.528589
vt 0.256135 0.804425
vt 0.148675 0.852900
vt 0.238621 0.918351
vt 0.253794 0.909725
vt 0.218588 0.801588
vt 0.964876 0.585502
vt 0.723707 0.532024
vt 0.265689 0.806700
vt 0.026446 0.805025
vt 0.554205 0.820024
vt 0.924367 0.565652
vt 0.010546 0.801965
vt 0.245279 0.798187
vt 0.467162 0.978931
vt 0.478399 0.969905
vt 0.476092 0.986552
vt 0.404561 0.955152
vt 0.414646 0.966809
vt 0.396252 0.974119
vt 0.572020 0.804114
vt 0.771673 0.780776
vt 0.949527 0.233851
vt 0.962813 0.241496
vt 0.958311 0.255728
vt 0.544745 0.815532
vt 0.459777 0.957007
vt 0.196851 0.786794
vt 0.414646 0.988926
vt 0.400766 0.986127
vt 0.780588 0.783413
vt 0.953914 0.551879
vt 0.561641 0.804370
vt 0.210525 0.767808
vt 0.964261 0.567580
vt 0.003561 0.799093
vt 0.935513 0.846007
vt 0.568737 0.790577
vt 0.742947 0.532947
vt 0.740939 0.514186
vt 0.550399 0.801722
vt 0.198026 0.769928
vt 0.917854 0.852430
vt 0.958060 0.213824
vt 0.928762 0.549317
vt 0.949527 0.200716
vt 0.974550 0.212113
vt 0.781378 0.765100
vt 0.726945 0.506641
vt 0.263665 0.781615
vt 0.233359 0.776036
vt 0.737313 0.499192
vt 0.251891 0.765471
vt 0.916262 0.839590
vt 0.033984 0.784719
vt 0.794750 0.788814
vt 0.789333 0.755378
vt 0.031243 0.763135
vt 0.555792 0.771090
vt 0.774419 0.752606
vt 0.970156 0.199524
vt 0.009017 0.773368
vt 0.768620 0.765175
vt 0.941832 0.522913
vt 0.931159 0.822985
vt 0.929747 0.527544
vt 0.240953 0.765872
vt 0.189547 0.755481
vt 0.202535 0.744896
vt 0.938285 0.800724
vt 0.941187 0.848852
vt 0.764977 0.731648
vt 0.949626 0.175624
vt 0.967760 0.181617
vt 0.545557 0.787066
vt 0.041287 0.760938
vt 0.918296 0.823057
vt 0.728066 0.490110
vt 0.261015 0.764751
vt 0.019835 0.751407
vt 0.957305 0.163921
vt 0.927204 0.800697
vt 0.546527 0.766912
vt 0.787941 0.733481
vt 0.953355 0.524446
vt 0.031355 0.747502
vt 0.567842 0.758913
vt 0.191141 0.729370
vt 0.743223 0.477829
vt 0.735699 0.478473
vt 0.238505 0.744197
vt 0.926472 0.511011
vt 0.938544 0.507290
vt 0.043284 0.746049
vt 0.206387 0.731634
vt 0.725345 0.476799
vt 0.260875 0.750796
vt 0.780810 0.727792
vt 0.972581 0.158589
vt 0.251839 0.745989
vt 0.562418 0.747406
vt 0.548983 0.749158
vt 0.733569 0.466853
vt 0.928600 0.494251
vt 0.194339 0.712313
vt 0.749814 0.459094
vt 0.025482 0.732568
vt 0.926386 0.787059
vt 0.241231 0.730327
vt 0.956735 0.507383
vt 0.267693 0.720120
vt 0.038752 0.721886
vt 0.050166 0.726646
vt 0.797659 0.721526
vt 0.959057 0.150125
vt 0.943427 0.780851
vt 0.771594 0.702068
vt 0.205531 0.715942
vt 0.720671 0.460109
vt 0.729819 0.454898
vt 0.273103 0.735806
vt 0.260931 0.716415
vt 0.572587 0.726390
vt 0.917108 0.792409
vt 0.941271 0.489950
vt 0.931425 0.477196
vt 0.558114 0.724647
vt 0.209499 0.695334
vt 0.908335 0.777642
vt 0.951571 0.485115
vt 0.739985 0.437894
vt 0.033984 0.712140
vt 0.217829 0.698113
vt 0.938305 0.764518
vt 0.048766 0.709591
vt 0.801180 0.705579
vt 0.786185 0.695538
vt 0.221261 0.704291
vt 0.916538 0.766798
vt 0.421330 0.971339
vt 0.436649 0.957452
vt 0.432847 0.982796
vt 0.008785 0.719983
vt 0.043745 0.703483
vt 0.231241 0.711569
vt 0.239495 0.708240
vt 0.190296 0.690895
vt 0.414666 0.982796
vt 0.551038 0.724636
vt 0.009009 0.708754
vt 0.711701 0.440526
vt 0.705427 0.449110
vt 0.944772 0.471568
vt 0.422091 0.955152
vt 0.020329 0.694584
vt 0.414646 0.958586
vt 0.935688 0.747628
vt 0.944293 0.750396
vt 0.261592 0.692153
vt 0.436868 0.981122
vt 0.438820 0.972403
vt 0.459777 0.980027
vt 0.986796 0.345542
vt 0.973476 0.341862
vt 0.984352 0.327889
vt 0.927956 0.467164
vt 0.943982 0.451154
vt 0.565473 0.701043
vt 0.804021 0.686515
vt 0.811575 0.703346
vt 0.785789 0.681682
vt 0.456685 0.971139
vt 0.332769 0.986876
vt 0.332769 0.976577
vt 0.340925 0.987219
vt 0.027805 0.690977
vt 0.574082 0.701408
vt 0.218422 0.688986
vt 0.444525 0.963787
vt 0.911174 0.749958
vt 0.553849 0.705376
vt 0.558536 0.699984
vt 0.905601 0.755020
vt 0.439528 0.819751
vt 0.429158 0.806615
vt 0.448897 0.815408
vt 0.249121 0.684464
vt 0.799380 0.679035
vt 0.438462 0.796405
vt 0.448897 0.798834
vt 0.230263 0.684464
vt 0.978015 0.936352
vt 0.986840 0.942524
vt 0.973115 0.953542
vt 0.705296 0.425641
vt 0.973476 0.255728
vt 0.991139 0.276266
vt 0.974797 0.269214
vt 0.950520 0.454319
vt 0.436868 0.957007
vt 0.941887 0.441656
vt 0.973115 0.969544
vt 0.983581 0.983962
vt 0.974298 0.983545
vt 0.984989 0.970604
vt 0.270031 0.697162
vt 0.979382 0.960199
vt 0.987708 0.286020
vt 0.973476 0.281521
vt 0.438434 0.788176
vt 0.713296 0.988029
vt 0.711640 0.970275
vt 0.719814 0.970275
vt 0.988841 0.963755
vt 0.990945 0.953542
vt 0.871761 0.417321
vt 0.867364 0.425180
vt 0.445537 0.786346
vt 0.913807 0.743727
vt 0.813437 0.852256
vt 0.826861 0.843037
vt 0.826296 0.858106
vt 0.813437 0.831589
vt 0.826969 0.835414
vt 0.337045 0.971225
vt 0.013291 0.684464
vt 0.311061 0.985084
vt 0.305171 0.970668
vt 0.314657 0.970668
vt 0.983477 0.361071
vt 0.973476 0.349313
vt 0.983477 0.346318
vt 0.269066 0.686658
vt 0.990945 0.979613
vt 0.984394 0.400463
vt 0.973199 0.389113
vt 0.983963 0.393140
vt 0.230263 0.691823
vt 0.922109 0.445121
vt 0.794222 0.670328
vt 0.913407 0.963950
vt 0.903471 0.968819
vt 0.900972 0.965086
vt 0.333491 0.970668
vt 0.000000 0.705391
vt 0.006204 0.685096
vt 0.973710 0.394788
vt 0.929085 0.985870
vt 0.922667 0.979579
vt 0.928842 0.973809
vt 0.305171 0.986479
vt 0.296489 0.981039
vt 0.898769 0.977864
vt 0.913407 0.985976
vt 0.679156 0.986982
vt 0.681865 0.973112
vt 0.690042 0.972148
vt 0.915191 0.732913
vt 0.440367 0.861460
vt 0.440322 0.871036
vt 0.553349 0.694152
vt 0.820424 0.826428
vt 0.443335 0.779913
vt 0.926212 0.425641
vt 0.807620 0.665605
vt 0.813437 0.672614
vt 0.986043 0.926103
vt 0.224644 0.973401
vt 0.217902 0.986940
vt 0.217873 0.973401
vt 0.981821 0.603635
vt 0.981821 0.592185
vt 0.989176 0.599788
vt 0.896827 0.966027
vt 0.918693 0.967569
vt 0.434351 0.776762
vt 0.974550 0.165164
vt 0.986038 0.161446
vt 0.986038 0.174458
vt 0.577575 0.686615
vt 0.973115 0.919740
vt 0.756539 0.987565
vt 0.756539 0.967873
vt 0.765411 0.978292
vt 0.952049 0.443501
vt 0.940006 0.726781
vt 0.690104 0.966156
vt 0.679156 0.964806
vt 0.817683 0.979168
vt 0.813438 0.957411
vt 0.823616 0.969844
vt 0.973199 0.369262
vt 0.987595 0.376352
vt 0.768459 0.976964
vt 0.775721 0.968334
vt 0.775721 0.989217
vt 0.444980 0.773302
vt 0.277427 0.985022
vt 0.277427 0.970669
vt 0.287134 0.973461
vt 0.910589 0.730047
vt 0.986349 0.610126
vt 0.913407 0.974600
vt 0.963022 0.645951
vt 0.979005 0.634545
vt 0.980135 0.643091
vt 0.982610 0.361071
vt 0.786724 0.970598
vt 0.777902 0.976564
vt 0.786724 0.954381
vt 0.775721 0.955322
vt 0.813437 0.808150
vt 0.826777 0.794142
vt 0.821135 0.816528
vt 0.977257 0.671690
vt 0.963022 0.665799
vt 0.971890 0.657086
vt 0.985696 0.659136
vt 0.976475 0.910697
vt 0.983355 0.898533
vt 0.983355 0.911881
vt 0.984904 0.150125
vt 0.826950 0.442961
vt 0.822769 0.438156
vt 0.826950 0.425641
vt 0.765411 0.967873
vt 0.979887 0.912152
vt 0.903226 0.742021
vt 0.927973 0.721028
vt 0.063284 0.966538
vt 0.074471 0.979126
vt 0.063284 0.984381
vt 0.984583 0.653186
vt 0.679156 0.977115
vt 0.668037 0.987369
vt 0.668037 0.964806
vt 0.826777 0.822291
vt 0.817759 0.826428
vt 0.964876 0.446410
vt 0.951870 0.433734
vt 0.731331 0.984668
vt 0.736550 0.970275
vt 0.741369 0.984668
vt 0.939416 0.433519
vt 0.988220 0.677966
vt 0.981549 0.694224
vt 0.775755 0.948952
vt 0.085836 0.949118
vt 0.087538 0.963636
vt 0.075871 0.953548
vt 0.080311 0.982809
vt 0.823616 0.948218
s 1
usemtl Material.008
f 1/1/1 2/2/2 3/3/3
f 4/4/4 2/2/2 1/1/1
f 5/5/5 6/6/6 2/2/2
f 7/7/7 4/4/4 1/1/1
f 1/1/1 3/3/3 8/8/8
f 2/2/2 4/4/4 5/5/5
f 9/9/9 10/10/10 11/11/11
f 6/6/6 12/12/12 2/2/2
f 10/13/10 13/14/13 11/15/11
f 3/3/3 14/16/14 8/8/8
f 3/3/3 15/17/15 16/18/16
f 8/8/8 17/19/17 1/1/1
f 18/20/18 4/4/4 7/7/7
f 6/6/6 5/5/5 19/21/19
f 12/12/12 15/17/15 2/2/2
f 2/2/2 15/17/15 3/3/3
f 11/22/11 20/23/20 9/24/9
f 6/25/6 21/26/21 12/27/12
f 15/17/15 22/28/22 16/18/16
f 22/28/22 23/29/23 16/18/16
f 24/30/24 16/18/16 25/31/25
f 16/18/16 23/29/23 25/31/25
f 11/32/11 13/33/13 20/34/20
f 4/35/4 18/36/18 5/37/5
f 3/3/3 16/18/16 14/16/14
f 16/18/16 24/30/24 14/16/14
f 26/38/26 23/29/23 22/28/22
f 23/29/23 27/39/27 25/31/25
f 27/39/27 28/40/28 25/31/25
f 29/41/29 30/42/30 31/43/31
f 17/44/17 7/45/7 1/46/1
f 17/19/17 8/8/8 32/47/32
f 19/48/19 33/49/33 6/25/6
f 6/25/6 33/49/33 21/26/21
f 12/12/12 22/28/22 15/17/15
f 25/31/25 34/50/34 35/51/35
f 24/30/24 25/31/25 35/51/35
f 26/38/26 36/52/36 37/53/37
f 37/53/37 23/29/23 26/38/26
f 25/31/25 28/40/28 34/50/34
f 7/7/7 17/19/17 38/54/38
f 39/55/39 18/20/18 7/7/7
f 19/56/19 5/37/5 18/36/18
f 40/57/40 33/58/33 19/21/19
f 8/8/8 14/16/14 41/59/41
f 12/12/12 26/38/26 22/28/22
f 23/29/23 42/60/42 27/39/27
f 29/41/29 43/61/43 30/42/30
f 9/9/9 44/62/44 10/10/10
f 9/24/9 20/23/20 44/63/44
f 13/64/13 17/19/17 20/65/20
f 8/8/8 41/59/41 45/66/45
f 40/57/40 46/67/46 33/58/33
f 47/68/47 33/58/33 46/67/46
f 14/69/14 24/70/24 48/71/48
f 26/38/26 49/72/49 36/52/36
f 35/51/35 34/50/34 50/73/50
f 34/50/34 51/74/51 50/73/50
f 37/53/37 42/60/42 23/29/23
f 31/75/31 52/76/52 29/77/29
f 13/64/13 38/54/38 17/19/17
f 17/19/17 32/47/32 20/65/20
f 38/54/38 39/55/39 7/7/7
f 8/8/8 45/66/45 32/47/32
f 47/68/47 21/78/21 33/58/33
f 21/78/21 53/79/53 12/12/12
f 12/12/12 53/79/53 26/38/26
f 36/52/36 49/72/49 54/80/54
f 35/81/35 50/82/50 55/83/55
f 36/52/36 56/84/56 37/53/37
f 34/50/34 28/40/28 51/74/51
f 30/85/30 57/86/57 31/87/31
f 30/42/30 43/61/43 58/88/58
f 30/89/30 58/90/58 57/91/57
f 39/55/39 59/92/59 18/20/18
f 19/21/19 59/92/59 60/93/60
f 19/21/19 18/20/18 59/92/59
f 61/94/61 46/67/46 40/57/40
f 14/69/14 48/71/48 41/95/41
f 26/38/26 53/79/53 49/72/49
f 52/76/52 43/96/43 29/77/29
f 19/21/19 62/97/62 40/57/40
f 62/97/62 61/94/61 40/57/40
f 61/94/61 63/98/63 46/67/46
f 47/68/47 53/79/53 21/78/21
f 54/80/54 64/99/64 36/52/36
f 42/60/42 37/53/37 56/84/56
f 42/100/42 65/101/65 27/102/27
f 66/103/66 52/104/52 57/105/57
f 52/106/52 31/107/31 57/108/57
f 10/10/10 44/62/44 67/109/67
f 20/23/20 32/110/32 44/63/44
f 68/111/68 58/112/58 69/113/69
f 46/67/46 70/114/70 47/68/47
f 48/115/48 24/30/24 35/51/35
f 56/84/56 71/116/71 42/60/42
f 66/117/66 72/118/72 52/119/52
f 66/120/66 57/91/57 73/121/73
f 67/122/67 13/14/13 10/13/10
f 13/123/13 74/124/74 38/125/38
f 69/113/69 75/126/75 68/111/68
f 62/97/62 19/21/19 60/93/60
f 68/111/68 61/94/61 62/97/62
f 46/67/46 63/98/63 70/114/70
f 47/68/47 70/114/70 53/79/53
f 70/114/70 76/127/76 53/79/53
f 76/127/76 49/72/49 53/79/53
f 49/72/49 76/127/76 77/128/77
f 49/72/49 77/128/77 54/80/54
f 36/52/36 64/99/64 56/84/56
f 78/129/78 28/130/28 27/102/27
f 79/131/79 80/132/80 81/133/81
f 82/134/82 58/135/58 43/136/43
f 69/113/69 58/112/58 82/137/82
f 67/138/67 74/139/74 13/140/13
f 57/91/57 58/90/58 83/141/83
f 44/63/44 32/110/32 84/142/84
f 32/110/32 45/143/45 84/142/84
f 58/112/58 62/97/62 60/93/60
f 58/112/58 68/111/68 62/97/62
f 85/144/85 48/71/48 35/81/35
f 51/145/51 86/146/86 50/82/50
f 72/147/72 43/96/43 52/76/52
f 82/137/82 87/148/87 69/113/69
f 80/132/80 59/92/59 39/55/39
f 80/132/80 39/55/39 81/133/81
f 74/149/74 39/55/39 38/54/38
f 58/112/58 60/93/60 83/150/83
f 75/126/75 88/151/88 68/111/68
f 88/151/88 61/94/61 68/111/68
f 89/152/89 41/95/41 48/71/48
f 63/98/63 90/153/90 70/114/70
f 90/153/90 76/127/76 70/114/70
f 85/144/85 35/81/35 55/83/55
f 90/153/90 77/128/77 76/127/76
f 90/153/90 91/154/91 77/128/77
f 51/145/51 92/155/92 86/146/86
f 71/116/71 65/156/65 42/60/42
f 43/136/43 72/157/72 82/134/82
f 81/158/81 93/159/93 79/160/79
f 79/131/79 73/161/73 80/132/80
f 73/161/73 94/162/94 80/132/80
f 57/91/57 83/141/83 73/121/73
f 83/150/83 60/93/60 94/162/94
f 80/132/80 94/162/94 59/92/59
f 74/149/74 95/163/95 39/55/39
f 87/164/87 75/165/75 69/166/69
f 41/95/41 96/167/96 45/143/45
f 88/151/88 63/98/63 61/94/61
f 55/83/55 97/168/97 85/144/85
f 91/154/91 98/169/98 77/128/77
f 77/128/77 99/170/99 54/80/54
f 28/130/28 100/171/100 51/172/51
f 39/173/39 95/174/95 81/175/81
f 94/162/94 60/93/60 59/92/59
f 45/176/45 96/177/96 84/178/84
f 75/165/75 101/179/101 88/180/88
f 41/95/41 89/152/89 96/167/96
f 63/98/63 88/151/88 102/181/102
f 63/98/63 103/182/103 90/153/90
f 103/182/103 91/154/91 90/153/90
f 103/182/103 98/169/98 91/154/91
f 50/82/50 86/146/86 55/83/55
f 99/170/99 64/99/64 54/80/54
f 100/171/100 92/183/92 51/172/51
f 27/102/27 65/101/65 78/129/78
f 104/184/104 71/116/71 56/84/56
f 66/185/66 73/186/73 72/187/72
f 102/181/102 103/182/103 63/98/63
f 99/170/99 77/128/77 98/169/98
f 78/129/78 100/171/100 28/130/28
f 105/188/105 104/184/104 56/84/56
f 104/184/104 106/189/106 71/116/71
f 73/161/73 83/150/83 94/162/94
f 93/190/93 81/191/81 95/192/95
f 64/99/64 105/188/105 56/84/56
f 71/116/71 107/193/107 65/156/65
f 108/194/108 104/184/104 105/188/105
f 71/116/71 106/189/106 107/193/107
f 105/188/105 109/195/109 108/194/108
f 108/194/108 106/189/106 104/184/104
f 93/159/93 110/196/110 79/160/79
f 67/197/67 111/198/111 74/199/74
f 44/62/44 112/200/112 67/109/67
f 84/142/84 112/201/112 44/63/44
f 96/167/96 89/152/89 113/202/113
f 89/152/89 48/71/48 114/203/114
f 48/71/48 85/144/85 114/203/114
f 115/204/115 99/170/99 98/169/98
f 64/205/64 116/206/116 105/207/105
f 105/188/105 117/208/117 109/195/109
f 109/195/109 118/209/118 108/194/108
f 119/210/119 120/211/120 121/212/121
f 122/213/122 121/212/121 120/211/120
f 73/214/73 123/215/123 72/216/72
f 72/157/72 124/217/124 82/134/82
f 79/218/79 110/219/110 73/220/73
f 74/221/74 111/222/111 125/223/125
f 67/197/67 112/224/112 111/198/111
f 89/152/89 114/203/114 126/225/126
f 114/203/114 127/226/127 126/225/126
f 114/203/114 85/144/85 127/226/127
f 85/227/85 128/228/128 127/229/127
f 85/227/85 97/230/97 128/228/128
f 103/182/103 129/231/129 98/169/98
f 55/83/55 130/232/130 97/168/97
f 131/233/131 98/169/98 129/231/129
f 55/83/55 86/146/86 132/234/132
f 86/146/86 92/155/92 132/234/132
f 99/170/99 116/235/116 64/99/64
f 133/236/133 134/237/134 135/238/135
f 133/236/133 135/238/135 119/210/119
f 133/236/133 119/210/119 121/212/121
f 135/238/135 136/239/136 119/210/119
f 124/217/124 137/240/137 82/134/82
f 95/241/95 74/242/74 125/243/125
f 125/244/125 111/245/111 138/246/138
f 111/245/111 112/247/112 138/246/138
f 84/248/84 96/249/96 113/250/113
f 126/225/126 139/251/139 89/152/89
f 102/252/102 140/253/140 103/254/103
f 97/230/97 141/255/141 128/228/128
f 131/233/131 115/204/115 98/169/98
f 142/256/142 99/170/99 115/204/115
f 142/256/142 116/235/116 99/170/99
f 143/257/143 92/183/92 100/171/100
f 106/189/106 108/194/108 118/209/118
f 144/258/144 121/212/121 122/213/122
f 121/212/121 145/259/145 133/236/133
f 134/237/134 133/236/133 146/260/146
f 120/211/120 147/261/147 122/213/122
f 148/262/148 147/261/147 120/211/120
f 119/210/119 149/263/149 120/211/120
f 119/210/119 136/239/136 149/263/149
f 150/264/150 151/265/151 152/266/152
f 150/264/150 110/267/110 151/265/151
f 124/268/124 72/269/72 123/270/123
f 110/267/110 153/271/153 151/265/151
f 123/272/123 73/220/73 154/273/154
f 154/273/154 73/220/73 110/219/110
f 93/159/93 95/274/95 110/196/110
f 110/275/110 95/241/95 153/276/153
f 153/271/153 138/246/138 151/265/151
f 95/241/95 125/243/125 153/276/153
f 153/271/153 125/244/125 138/246/138
f 151/265/151 138/246/138 155/277/155
f 101/179/101 75/165/75 87/164/87
f 84/142/84 113/202/113 156/278/156
f 156/278/156 113/202/113 139/251/139
f 139/251/139 113/202/113 89/152/89
f 126/279/126 157/280/157 139/281/139
f 126/279/126 127/229/127 157/280/157
f 127/229/127 128/228/128 158/282/158
f 130/283/130 55/284/55 132/285/132
f 105/188/105 159/286/159 117/208/117
f 160/287/160 109/195/109 117/208/117
f 106/189/106 118/209/118 161/288/161
f 160/287/160 118/209/118 109/195/109
f 145/259/145 121/212/121 144/258/144
f 162/289/162 122/213/122 147/261/147
f 163/290/163 164/291/164 134/237/134
f 164/291/164 135/238/135 134/237/134
f 135/238/135 164/291/164 136/239/136
f 136/239/136 165/292/165 166/293/166
f 136/239/136 166/293/166 149/263/149
f 136/239/136 164/291/164 165/292/165
f 165/292/165 167/294/167 166/293/166
f 168/295/168 169/296/169 170/297/170
f 167/294/167 170/297/170 171/298/171
f 169/296/169 172/299/172 170/297/170
f 169/296/169 152/266/152 172/299/172
f 152/266/152 173/300/173 172/299/172
f 152/266/152 174/301/174 173/300/173
f 151/265/151 174/301/174 152/266/152
f 175/302/175 150/264/150 152/266/152
f 124/303/124 123/304/123 150/264/150
f 150/264/150 123/304/123 154/305/154
f 154/305/154 110/267/110 150/264/150
f 84/142/84 156/278/156 112/201/112
f 156/306/156 139/281/139 176/307/176
f 177/308/177 139/281/139 157/280/157
f 127/229/127 158/282/158 157/280/157
f 140/309/140 129/231/129 103/182/103
f 97/230/97 130/310/130 141/255/141
f 92/155/92 178/311/178 132/234/132
f 106/189/106 161/288/161 107/193/107
f 107/193/107 161/288/161 179/312/179
f 122/213/122 162/289/162 144/258/144
f 145/259/145 180/313/180 133/236/133
f 134/237/134 146/260/146 163/290/163
f 120/211/120 149/263/149 148/262/148
f 164/291/164 181/314/181 165/292/165
f 149/263/149 166/293/166 182/315/182
f 167/294/167 183/316/183 166/293/166
f 165/292/165 168/295/168 167/294/167
f 167/294/167 168/295/168 170/297/170
f 168/295/168 184/317/184 169/296/169
f 170/297/170 172/299/172 171/298/171
f 171/298/171 172/299/172 173/300/173
f 169/296/169 175/302/175 152/266/152
f 175/302/175 185/318/185 150/264/150
f 174/301/174 151/265/151 186/319/186
f 124/303/124 150/264/150 185/318/185
f 151/265/151 155/277/155 186/319/186
f 138/246/138 112/247/112 187/320/187
f 101/179/101 188/321/188 88/180/88
f 112/247/112 156/306/156 176/307/176
f 139/281/139 177/308/177 176/307/176
f 141/255/141 130/310/130 189/322/189
f 78/129/78 65/101/65 190/323/190
f 116/235/116 191/324/191 105/188/105
f 191/324/191 159/286/159 105/188/105
f 160/287/160 117/208/117 192/325/192
f 162/289/162 193/326/193 144/258/144
f 133/236/133 180/313/180 194/327/194
f 195/328/195 146/260/146 133/236/133
f 146/260/146 196/329/196 163/290/163
f 147/261/147 148/262/148 197/330/197
f 165/292/165 181/314/181 168/295/168
f 171/298/171 183/316/183 167/294/167
f 171/298/171 173/300/173 198/331/198
f 199/332/199 175/302/175 169/296/169
f 174/301/174 200/333/200 173/300/173
f 201/334/201 185/318/185 175/302/175
f 174/301/174 186/319/186 200/333/200
f 187/320/187 155/277/155 138/246/138
f 87/164/87 202/335/202 101/179/101
f 112/247/112 176/307/176 187/320/187
f 88/180/88 203/336/203 102/252/102
f 190/337/190 65/338/65 107/339/107
f 204/340/204 107/339/107 179/341/179
f 118/209/118 205/342/205 161/288/161
f 206/343/206 207/344/207 208/345/208
f 193/326/193 162/289/162 209/346/209
f 133/236/133 194/327/194 195/328/195
f 144/258/144 210/347/210 145/259/145
f 210/347/210 180/313/180 145/259/145
f 195/328/195 211/348/211 146/260/146
f 164/291/164 212/349/212 181/314/181
f 171/298/171 198/331/198 182/315/182
f 184/317/184 199/332/199 169/296/169
f 137/240/137 87/164/87 82/134/82
f 203/336/203 213/350/213 102/252/102
f 213/350/213 140/253/140 102/252/102
f 128/228/128 141/255/141 214/351/214
f 141/255/141 189/322/189 215/352/215
f 130/310/130 132/353/132 189/322/189
f 216/354/216 131/355/131 129/356/129
f 100/171/100 78/129/78 217/357/217
f 190/337/190 107/339/107 204/340/204
f 218/358/218 117/208/117 159/286/159
f 118/209/118 160/287/160 219/359/219
f 219/359/219 205/342/205 118/209/118
f 220/360/220 206/343/206 221/361/221
f 207/344/207 222/362/222 208/345/208
f 207/344/207 223/363/223 222/362/222
f 224/364/224 225/365/225 226/366/226
f 225/365/225 227/367/227 226/366/226
f 209/346/209 162/289/162 228/368/228
f 147/261/147 228/368/228 162/289/162
f 163/290/163 212/349/212 164/291/164
f 149/263/149 229/369/229 148/262/148
f 149/263/149 182/315/182 229/369/229
f 183/316/183 182/315/182 166/293/166
f 183/316/183 171/298/171 182/315/182
f 155/277/155 230/370/230 186/319/186
f 137/240/137 202/335/202 87/164/87
f 188/321/188 203/336/203 88/180/88
f 160/287/160 231/371/231 219/359/219
f 221/372/221 206/373/206 208/374/208
f 221/372/221 208/374/208 232/375/232
f 206/343/206 220/360/220 207/344/207
f 207/344/207 233/376/233 223/363/223
f 181/314/181 184/317/184 168/295/168
f 184/317/184 234/377/234 199/332/199
f 173/300/173 200/333/200 198/331/198
f 186/378/186 230/379/230 200/380/200
f 235/381/235 137/382/137 124/303/124
f 101/179/101 202/335/202 188/321/188
f 141/255/141 215/352/215 214/351/214
f 215/352/215 236/383/236 237/384/237
f 189/322/189 236/383/236 215/352/215
f 238/385/238 142/256/142 115/204/115
f 117/208/117 218/358/218 192/325/192
f 205/342/205 219/359/219 239/386/239
f 240/387/240 241/388/241 242/389/242
f 241/388/241 243/390/243 244/391/244
f 233/376/233 245/392/245 223/363/223
f 246/393/246 224/364/224 226/366/226
f 193/326/193 210/347/210 144/258/144
f 247/394/247 248/395/248 146/260/146
f 248/395/248 196/329/196 146/260/146
f 163/290/163 249/396/249 212/349/212
f 229/369/229 250/397/250 148/262/148
f 212/349/212 251/398/251 181/314/181
f 182/315/182 252/399/252 229/369/229
f 251/398/251 184/317/184 181/314/181
f 200/333/200 230/370/230 253/400/253
f 124/303/124 185/318/185 235/381/235
f 254/401/254 203/336/203 188/321/188
f 140/253/140 255/402/255 129/356/129
f 256/403/256 238/404/238 131/405/131
f 131/405/131 238/404/238 115/406/115
f 92/155/92 257/407/257 178/311/178
f 116/235/116 142/256/142 191/324/191
f 78/408/78 190/337/190 217/409/217
f 204/340/204 179/341/179 258/410/258
f 259/411/259 260/412/260 231/371/231
f 240/413/240 261/414/261 241/415/241
f 220/360/220 262/416/262 207/344/207
f 261/417/261 243/390/243 241/388/241
f 262/416/262 233/376/233 207/344/207
f 243/390/243 263/418/263 244/391/244
f 264/419/264 224/364/224 246/393/246
f 264/419/264 265/420/265 224/364/224
f 266/421/266 225/365/225 224/364/224
f 267/422/267 268/423/268 269/424/269
f 227/367/227 270/425/270 226/366/226
f 267/422/267 271/426/271 268/423/268
f 272/427/272 227/367/227 225/365/225
f 227/367/227 273/428/273 270/425/270
f 274/429/274 209/346/209 228/368/228
f 211/348/211 247/394/247 146/260/146
f 197/330/197 228/368/228 147/261/147
f 198/331/198 200/333/200 275/430/275
f 199/332/199 201/334/201 175/302/175
f 200/333/200 253/400/253 275/430/275
f 187/320/187 230/370/230 155/277/155
f 202/431/202 137/382/137 235/381/235
f 202/335/202 254/401/254 188/321/188
f 276/432/276 213/433/213 203/434/203
f 157/435/157 158/436/158 277/437/277
f 158/438/158 128/439/128 277/440/277
f 128/228/128 214/351/214 277/441/277
f 214/442/214 215/443/215 278/444/278
f 279/445/279 236/383/236 189/322/189
f 178/446/178 189/322/189 132/353/132
f 280/447/280 218/448/218 159/449/159
f 161/288/161 205/342/205 179/312/179
f 160/287/160 259/411/259 231/371/231
f 281/450/281 205/451/205 239/452/239
f 282/453/282 239/386/239 219/359/219
f 282/453/282 219/359/219 231/371/231
f 283/454/283 221/372/221 232/375/232
f 241/388/241 284/455/284 242/389/242
f 222/362/222 223/363/223 285/456/285
f 241/388/241 244/391/244 284/455/284
f 244/391/244 286/457/286 284/455/284
f 233/458/233 287/459/287 245/460/245
f 223/363/223 245/392/245 285/456/285
f 244/391/244 288/461/288 286/457/286
f 289/462/289 245/463/245 287/464/287
f 264/419/264 246/393/246 290/465/290
f 291/466/291 269/424/269 292/467/292
f 293/468/293 267/422/267 269/424/269
f 269/424/269 268/423/268 292/467/292
f 268/423/268 271/426/271 294/469/294
f 295/470/295 272/427/272 225/365/225
f 272/427/272 273/428/273 227/367/227
f 296/471/296 209/346/209 274/429/274
f 297/472/297 195/328/195 298/473/298
f 210/347/210 193/326/193 299/474/299
f 211/348/211 195/328/195 297/472/297
f 194/327/194 298/473/298 195/328/195
f 194/475/194 300/476/300 298/477/298
f 300/476/300 194/475/194 180/478/180
f 196/329/196 301/479/301 249/396/249
f 196/329/196 249/396/249 163/290/163
f 212/349/212 302/480/302 251/398/251
f 252/399/252 182/315/182 303/481/303
f 184/317/184 304/482/304 234/377/234
f 201/334/201 235/381/235 185/318/185
f 177/483/177 157/484/157 277/485/277
f 278/486/278 215/352/215 237/384/237
f 255/402/255 216/354/216 129/356/129
f 189/322/189 178/446/178 279/445/279
f 191/487/191 280/447/280 159/449/159
f 192/325/192 259/411/259 160/287/160
f 245/488/245 289/489/289 285/490/285
f 263/418/263 288/461/288 244/391/244
f 305/491/305 264/419/264 290/465/290
f 290/465/290 246/393/246 306/492/306
f 226/493/226 307/494/307 246/495/246
f 265/420/265 266/421/266 224/364/224
f 271/426/271 308/496/308 294/469/294
f 271/426/271 309/497/309 308/496/308
f 272/427/272 310/498/310 273/428/273
f 273/428/273 310/498/310 311/499/311
f 209/346/209 296/471/296 193/326/193
f 274/429/274 228/368/228 312/500/312
f 229/369/229 252/399/252 313/501/313
f 251/398/251 304/482/304 184/317/184
f 198/502/198 303/503/303 182/504/182
f 199/332/199 314/505/314 201/334/201
f 201/334/201 315/506/315 235/381/235
f 235/381/235 316/507/316 202/431/202
f 176/508/176 317/509/317 187/510/187
f 237/384/237 236/383/236 318/511/318
f 318/511/318 236/383/236 319/512/319
f 213/350/213 255/402/255 140/253/140
f 256/513/256 131/355/131 216/354/216
f 92/155/92 143/514/143 257/407/257
f 218/358/218 320/515/320 192/325/192
f 260/412/260 282/453/282 231/371/231
f 239/386/239 282/453/282 321/516/321
f 208/517/208 222/518/222 232/519/232
f 222/518/222 285/490/285 322/520/322
f 243/521/243 323/522/323 263/523/263
f 269/424/269 291/466/291 324/524/324
f 325/525/325 292/467/292 268/423/268
f 295/470/295 225/365/225 266/421/266
f 273/428/273 326/526/326 270/425/270
f 326/526/326 273/428/273 311/499/311
f 327/527/327 193/528/193 296/529/296
f 197/530/197 148/531/148 250/532/250
f 303/503/303 198/502/198 275/533/275
f 234/377/234 314/505/314 199/332/199
f 315/506/315 201/334/201 314/505/314
f 328/534/328 253/535/253 230/536/230
f 329/537/329 202/431/202 316/507/316
f 237/384/237 318/511/318 330/538/330
f 277/441/277 214/351/214 278/486/278
f 331/539/331 318/511/318 319/512/319
f 332/540/332 216/541/216 255/542/255
f 333/543/333 191/487/191 142/544/142
f 334/545/334 190/337/190 204/340/204
f 334/545/334 204/340/204 258/410/258
f 280/447/280 320/546/320 218/448/218
f 179/341/179 205/451/205 335/547/335
f 320/515/320 259/411/259 192/325/192
f 240/413/240 242/548/242 336/549/336
f 262/550/262 220/551/220 337/552/337
f 322/520/322 232/519/232 222/518/222
f 338/553/338 242/554/242 284/555/284
f 262/550/262 339/556/339 233/458/233
f 340/86/340 286/557/286 288/558/288
f 341/559/341 289/560/289 342/561/342
f 341/559/341 343/562/343 290/465/290
f 341/559/341 290/465/290 344/563/344
f 343/562/343 305/491/305 290/465/290
f 325/525/325 268/423/268 345/564/345
f 267/422/267 346/565/346 271/426/271
f 308/496/308 347/566/347 294/469/294
f 272/427/272 348/567/348 310/498/310
f 299/568/299 193/528/193 327/527/327
f 180/478/180 210/569/210 349/570/349
f 180/478/180 349/570/349 300/476/300
f 228/571/228 197/530/197 350/572/350
f 249/396/249 302/480/302 212/349/212
f 250/397/250 229/369/229 313/501/313
f 234/377/234 351/573/351 314/505/314
f 316/507/316 235/381/235 315/506/315
f 329/537/329 254/574/254 202/431/202
f 176/508/176 177/483/177 352/575/352
f 203/434/203 353/576/353 276/432/276
f 177/483/177 277/485/277 354/577/354
f 330/538/330 318/511/318 355/578/355
f 277/579/277 278/580/278 356/581/356
f 355/578/355 318/511/318 331/539/331
f 279/445/279 319/512/319 236/383/236
f 279/582/279 178/583/178 357/584/357
f 238/385/238 333/585/333 142/256/142
f 100/171/100 217/357/217 143/257/143
f 205/451/205 281/450/281 335/547/335
f 358/586/358 282/453/282 260/412/260
f 282/453/282 359/587/359 321/516/321
f 360/588/360 361/589/361 261/414/261
f 336/590/336 242/554/242 338/553/338
f 337/552/337 362/591/362 262/550/262
f 361/592/361 243/521/243 261/593/261
f 287/594/287 342/561/342 289/560/289
f 340/595/340 288/596/288 363/597/363
f 289/489/289 341/598/341 364/599/364
f 290/465/290 306/492/306 344/563/344
f 365/600/365 324/524/324 291/466/291
f 305/491/305 265/420/265 264/419/264
f 324/524/324 293/468/293 269/424/269
f 226/493/226 270/601/270 366/602/366
f 268/603/268 294/604/294 345/605/345
f 271/426/271 367/606/367 309/497/309
f 346/565/346 367/606/367 271/426/271
f 211/348/211 297/472/297 368/607/368
f 299/568/299 349/570/349 210/569/210
f 196/608/196 248/609/248 369/610/369
f 237/384/237 330/538/330 370/611/370
f 355/578/355 371/612/371 372/613/372
f 330/614/330 355/615/355 372/616/372
f 331/539/331 373/617/373 355/578/355
f 237/618/237 356/581/356 278/580/278
f 331/539/331 319/512/319 374/619/374
f 319/512/319 279/445/279 375/620/375
f 143/257/143 217/357/217 376/621/376
f 143/257/143 376/621/376 257/622/257
f 221/372/221 337/623/337 220/624/220
f 377/625/377 339/556/339 262/550/262
f 339/556/339 287/459/287 233/458/233
f 343/562/343 341/559/341 342/561/342
f 378/626/378 324/524/324 365/600/365
f 343/627/343 379/628/379 305/629/305
f 380/630/380 265/631/265 305/629/305
f 293/632/293 381/633/381 267/634/267
f 382/635/382 348/636/348 272/637/272
f 383/638/383 308/496/308 309/497/309
f 297/639/297 298/477/298 384/640/384
f 369/610/369 301/641/301 196/608/196
f 304/642/304 385/643/385 234/644/234
f 275/533/275 253/535/253 386/645/386
f 314/646/314 387/647/387 315/648/315
f 353/649/353 203/336/203 254/401/254
f 352/575/352 177/483/177 354/577/354
f 370/611/370 356/650/356 237/384/237
f 373/617/373 331/539/331 388/651/388
f 389/652/389 213/433/213 276/432/276
f 255/542/255 213/433/213 389/652/389
f 333/653/333 238/654/238 390/655/390
f 280/447/280 191/487/191 333/543/333
f 391/656/391 320/546/320 280/447/280
f 392/657/392 259/658/259 320/546/320
f 282/659/282 358/660/358 359/661/359
f 361/592/361 393/662/393 243/521/243
f 338/553/338 284/555/284 394/663/394
f 322/520/322 285/490/285 395/664/395
f 395/664/395 285/490/285 289/489/289
f 323/522/323 288/665/288 263/523/263
f 323/522/323 396/666/396 288/665/288
f 289/489/289 364/599/364 397/667/397
f 396/668/396 363/669/363 288/670/288
f 378/626/378 365/600/365 363/671/363
f 363/671/363 365/600/365 398/672/398
f 399/673/399 400/674/400 324/524/324
f 307/494/307 401/675/401 246/495/246
f 266/676/266 402/677/402 295/678/295
f 270/601/270 326/679/326 403/680/403
f 308/496/308 383/638/383 347/566/347
f 309/497/309 404/681/404 383/638/383
f 405/682/405 406/683/406 310/498/310
f 310/498/310 406/683/406 311/499/311
f 406/683/406 407/684/407 311/499/311
f 406/683/406 408/685/408 407/684/407
f 274/429/274 312/500/312 409/686/409
f 410/687/410 228/571/228 350/572/350
f 411/688/411 301/641/301 369/610/369
f 301/479/301 302/480/302 249/396/249
f 250/532/250 313/689/313 412/690/412
f 251/398/251 385/691/385 304/482/304
f 252/399/252 303/481/303 413/692/413
f 414/693/414 303/503/303 275/533/275
f 230/536/230 187/510/187 317/509/317
f 329/537/329 353/694/353 254/574/254
f 354/695/354 277/579/277 356/581/356
f 371/612/371 355/578/355 373/617/373
f 331/539/331 374/619/374 388/651/388
f 375/620/375 374/619/374 319/512/319
f 255/542/255 389/652/389 332/540/332
f 257/622/257 357/584/357 178/583/178
f 256/403/256 390/696/390 238/404/238
f 179/341/179 335/547/335 258/410/258
f 281/450/281 239/452/239 415/697/415
f 239/452/239 321/698/321 415/697/415
f 363/671/363 396/699/396 378/626/378
f 291/466/291 292/467/292 416/700/416
f 400/674/400 381/701/381 324/524/324
f 266/676/266 265/631/265 380/630/380
f 325/702/325 417/703/417 292/704/292
f 381/633/381 346/705/346 267/634/267
f 272/637/272 402/677/402 382/635/382
f 294/604/294 347/706/347 345/605/345
f 348/636/348 418/707/418 310/708/310
f 406/683/406 419/709/419 408/685/408
f 228/571/228 410/687/410 312/710/312
f 302/480/302 420/711/420 251/398/251
f 252/399/252 413/692/413 313/501/313
f 251/398/251 420/711/420 385/691/385
f 234/644/234 385/643/385 351/712/351
f 386/645/386 414/693/414 275/533/275
f 387/647/387 421/713/421 315/648/315
f 421/713/421 316/714/316 315/648/315
f 316/714/316 422/715/422 329/716/329
f 176/508/176 352/575/352 317/509/317
f 332/717/332 423/718/423 216/354/216
f 375/719/375 279/582/279 424/720/424
f 357/584/357 424/720/424 279/582/279
f 217/409/217 334/545/334 376/721/376
f 217/409/217 190/337/190 334/545/334
f 260/412/260 259/411/259 425/722/425
f 321/698/321 426/723/426 415/697/415
f 261/414/261 240/413/240 360/588/360
f 232/519/232 322/520/322 427/724/427
f 289/489/289 397/667/397 395/664/395
f 341/559/341 344/563/344 364/725/364
f 378/626/378 399/673/399 324/524/324
f 398/726/398 365/727/365 416/728/416
f 365/727/365 291/729/291 416/728/416
f 305/629/305 379/628/379 380/630/380
f 246/495/246 401/675/401 306/730/306
f 380/630/380 428/731/428 266/676/266
f 381/633/381 429/732/429 346/705/346
f 295/678/295 402/677/402 272/637/272
f 366/602/366 270/601/270 403/680/403
f 430/733/430 404/681/404 309/497/309
f 311/499/311 407/684/407 326/526/326
f 408/685/408 431/734/431 407/684/407
f 431/734/431 408/685/408 419/709/419
f 432/735/432 433/736/433 434/737/434
f 433/736/433 435/738/435 434/737/434
f 436/739/436 368/607/368 437/740/437
f 368/607/368 297/472/297 437/740/437
f 437/740/437 297/472/297 384/741/384
f 368/607/368 438/742/438 211/348/211
f 313/689/313 413/743/413 412/690/412
f 303/481/303 439/744/439 413/692/413
f 385/643/385 440/745/440 351/712/351
f 373/617/373 441/746/441 371/612/371
f 372/616/372 442/747/442 330/614/330
f 373/617/373 388/651/388 443/748/443
f 444/749/444 276/750/276 445/751/445
f 444/752/444 446/753/446 389/652/389
f 447/754/447 374/619/374 448/755/448
f 375/719/375 448/756/448 374/757/374
f 449/758/449 359/661/359 358/660/358
f 232/519/232 427/724/427 450/759/450
f 340/595/340 363/597/363 451/760/451
f 363/761/363 398/726/398 451/762/451
f 342/763/342 452/764/452 343/627/343
f 381/633/381 293/632/293 324/765/324
f 226/493/226 366/602/366 307/494/307
f 348/636/348 382/635/382 453/766/453
f 367/606/367 430/733/430 309/497/309
f 454/767/454 407/684/407 431/734/431
f 406/683/406 455/768/455 419/709/419
f 455/768/455 456/769/456 419/709/419
f 456/769/456 457/770/457 419/709/419
f 457/770/457 458/771/458 419/709/419
f 432/735/432 458/771/458 457/770/457
f 434/737/434 458/771/458 432/735/432
f 434/737/434 459/772/459 458/771/458
f 435/738/435 460/773/460 434/737/434
f 435/738/435 461/774/461 436/739/436
f 462/775/462 463/776/463 464/777/464
f 464/777/464 465/778/465 466/779/466
f 435/738/435 437/740/437 460/773/460
f 435/738/435 436/739/436 437/740/437
f 368/607/368 436/739/436 467/780/467
f 467/780/467 438/742/438 368/607/368
f 437/740/437 384/741/384 468/781/468
f 298/477/298 300/476/300 384/640/384
f 247/394/247 469/782/469 248/395/248
f 301/641/301 470/783/470 302/784/302
f 414/693/414 386/645/386 471/785/471
f 230/536/230 472/786/472 328/534/328
f 316/714/316 473/787/473 422/715/422
f 317/509/317 474/788/474 475/789/475
f 353/790/353 445/751/445 276/750/276
f 476/791/476 356/792/356 370/793/370
f 374/619/374 447/754/447 388/651/388
f 376/621/376 477/794/477 257/622/257
f 258/410/258 335/547/335 478/795/478
f 426/796/426 321/797/321 359/661/359
f 283/454/283 337/623/337 221/372/221
f 479/798/479 240/413/240 336/549/336
f 480/799/480 262/550/262 362/591/362
f 395/664/395 481/800/481 322/520/322
f 482/801/482 286/802/286 340/803/340
f 451/762/451 482/801/482 340/803/340
f 483/804/483 378/805/378 396/666/396
f 364/599/364 344/806/344 484/807/484
f 485/808/485 398/726/398 416/728/416
f 344/806/344 306/730/306 401/675/401
f 307/494/307 366/602/366 486/809/486
f 367/810/367 346/705/346 487/811/487
f 488/812/488 345/605/345 347/706/347
f 403/680/403 326/679/326 489/813/489
f 418/707/418 405/814/405 310/708/310
f 404/681/404 430/733/430 490/815/490
f 431/734/431 419/709/419 458/771/458
f 459/772/459 434/737/434 460/773/460
f 433/736/433 461/774/461 435/738/435
f 437/740/437 491/816/491 460/773/460
f 437/740/437 468/781/468 491/816/491
f 463/776/463 492/817/492 464/777/464
f 464/777/464 492/817/492 296/471/296
f 465/778/465 464/777/464 296/471/296
f 492/817/492 327/818/327 296/471/296
f 274/429/274 465/778/465 296/471/296
f 493/819/493 247/394/247 211/348/211
f 409/820/409 312/710/312 494/821/494
f 495/822/495 250/532/250 412/690/412
f 303/503/303 414/693/414 439/823/439
f 386/645/386 253/535/253 328/534/328
f 230/536/230 317/509/317 475/789/475
f 330/824/330 442/825/442 496/826/496
f 444/752/444 389/652/389 276/432/276
f 497/827/497 332/540/332 389/652/389
f 423/718/423 256/513/256 216/354/216
f 477/794/477 357/584/357 257/622/257
f 498/828/498 376/721/376 334/545/334
f 425/829/425 358/660/358 260/830/260
f 336/590/336 338/553/338 499/831/499
f 361/592/361 500/832/500 393/662/393
f 262/550/262 480/799/480 377/625/377
f 243/521/243 393/662/393 323/522/323
f 284/555/284 286/802/286 394/663/394
f 394/663/394 286/802/286 482/801/482
f 287/594/287 339/833/339 342/561/342
f 379/628/379 501/834/501 380/630/380
f 401/675/401 307/494/307 486/809/486
f 502/835/502 366/602/366 403/680/403
f 326/679/326 407/836/407 489/813/489
f 383/638/383 404/681/404 503/837/503
f 404/681/404 490/815/490 503/837/503
f 430/733/430 504/838/504 490/815/490
f 405/682/405 455/768/455 406/683/406
f 458/771/458 505/839/505 431/734/431
f 506/840/506 507/841/507 508/842/508
f 508/842/508 507/841/507 462/775/462
f 460/773/460 509/843/509 459/772/459
f 462/775/462 464/777/464 466/779/466
f 467/780/467 436/739/436 461/774/461
f 510/844/510 349/570/349 299/568/299
f 510/844/510 299/568/299 511/845/511
f 300/476/300 349/570/349 512/846/512
f 350/572/350 197/530/197 495/822/495
f 440/847/440 385/691/385 420/711/420
f 314/646/314 351/712/351 387/647/387
f 386/645/386 328/534/328 472/786/472
f 316/714/316 421/713/421 473/787/473
f 375/719/375 513/848/513 448/756/448
f 332/849/332 514/850/514 423/851/423
f 334/545/334 258/410/258 515/852/515
f 499/853/499 479/798/479 336/549/336
f 394/663/394 482/801/482 516/854/516
f 482/801/482 451/762/451 516/854/516
f 339/556/339 517/855/517 342/763/342
f 452/764/452 379/628/379 343/627/343
f 378/805/378 518/856/518 399/857/399
f 489/813/489 519/858/519 403/680/403
f 367/810/367 520/859/520 430/860/430
f 348/636/348 453/766/453 418/707/418
f 504/838/504 521/861/521 490/815/490
f 522/862/522 523/863/523 504/838/504
f 521/861/521 504/838/504 523/863/523
f 523/863/523 522/862/522 506/840/506
f 458/771/458 524/864/524 505/839/505
f 458/771/458 459/772/459 524/864/524
f 432/735/432 525/865/525 433/736/433
f 508/842/508 462/775/462 526/866/526
f 462/775/462 527/867/527 463/776/463
f 528/868/528 467/780/467 461/774/461
f 465/778/465 274/429/274 409/686/409
f 299/568/299 327/527/327 511/845/511
f 211/348/211 438/742/438 493/819/493
f 349/570/349 510/844/510 512/846/512
f 494/821/494 312/710/312 410/687/410
f 469/869/469 529/870/529 248/609/248
f 248/609/248 529/870/529 369/610/369
f 301/641/301 411/688/411 470/783/470
f 443/748/443 388/651/388 530/871/530
f 444/752/444 531/872/531 446/753/446
f 447/754/447 530/871/530 388/651/388
f 375/719/375 424/720/424 513/848/513
f 320/546/320 391/656/391 392/657/392
f 259/658/259 392/657/392 425/873/425
f 358/660/358 425/829/425 449/758/449
f 337/623/337 283/454/283 532/874/532
f 232/375/232 450/875/450 283/454/283
f 396/666/396 323/522/323 483/804/483
f 398/726/398 485/808/485 451/762/451
f 292/704/292 533/876/533 416/728/416
f 429/732/429 381/633/381 400/877/400
f 401/675/401 486/809/486 534/878/534
f 292/704/292 417/703/417 533/876/533
f 402/677/402 535/879/535 382/635/382
f 325/702/325 345/605/345 536/880/536
f 487/811/487 537/881/537 367/810/367
f 367/810/367 537/881/537 520/859/520
f 347/706/347 383/882/383 538/883/538
f 521/861/521 503/837/503 490/815/490
f 455/768/455 539/884/539 456/769/456
f 456/769/456 539/884/539 457/770/457
f 505/885/505 454/886/454 431/887/431
f 523/863/523 506/840/506 540/888/540
f 506/840/506 508/842/508 540/888/540
f 507/841/507 527/867/527 462/775/462
f 462/775/462 466/779/466 526/866/526
f 466/889/466 541/890/541 526/891/526
f 466/892/466 465/893/465 542/894/542
f 543/895/543 492/817/492 463/776/463
f 468/781/468 384/741/384 544/896/544
f 247/394/247 493/819/493 469/782/469
f 250/532/250 495/822/495 197/530/197
f 412/690/412 545/897/545 495/822/495
f 414/693/414 471/785/471 439/823/439
f 230/536/230 475/789/475 472/786/472
f 496/898/496 370/793/370 330/899/330
f 372/900/372 371/901/371 546/902/546
f 354/577/354 356/903/356 476/904/476
f 443/748/443 530/871/530 547/905/547
f 548/906/548 477/907/477 376/908/376
f 390/909/390 549/910/549 333/911/333
f 258/410/258 478/795/478 515/852/515
f 240/413/240 479/798/479 360/588/360
f 499/853/499 550/912/550 479/798/479
f 338/553/338 394/663/394 551/913/551
f 377/625/377 517/855/517 339/556/339
f 323/522/323 552/914/552 483/804/483
f 342/763/342 517/855/517 452/764/452
f 483/804/483 518/856/518 378/805/378
f 401/675/401 484/807/484 344/806/344
f 401/675/401 553/915/553 484/807/484
f 266/676/266 428/731/428 402/677/402
f 366/602/366 502/835/502 554/916/554
f 407/836/407 454/886/454 555/917/555
f 556/918/556 504/838/504 430/733/430
f 521/861/521 523/863/523 540/888/540
f 505/885/505 557/919/557 454/886/454
f 522/862/522 558/920/558 506/840/506
f 506/840/506 558/920/558 507/841/507
f 525/865/525 461/774/461 433/736/433
f 459/921/459 509/922/509 524/923/524
f 460/773/460 491/816/491 509/843/509
f 466/924/466 542/925/542 541/926/541
f 461/774/461 559/927/559 528/868/528
f 491/928/491 468/929/468 560/930/560
f 384/741/384 561/931/561 544/896/544
f 384/640/384 300/476/300 561/932/561
f 410/687/410 350/572/350 562/933/562
f 470/934/470 563/907/563 302/935/302
f 302/784/302 563/936/563 420/937/420
f 412/690/412 413/743/413 545/897/545
f 353/790/353 329/716/329 564/938/564
f 441/939/441 565/940/565 371/901/371
f 373/941/373 443/942/443 441/939/441
f 566/943/566 531/872/531 567/944/567
f 497/945/497 568/946/568 332/947/332
f 568/946/568 514/948/514 332/947/332
f 569/949/569 360/588/360 479/798/479
f 481/800/481 395/664/395 570/950/570
f 533/876/533 417/703/417 571/951/571
f 417/703/417 325/702/325 536/880/536
f 429/732/429 487/811/487 346/705/346
f 345/605/345 488/812/488 536/880/536
f 556/952/556 430/860/430 520/859/520
f 489/813/489 407/836/407 555/917/555
f 555/917/555 454/886/454 557/919/557
f 455/953/455 572/954/572 539/955/539
f 540/956/540 508/957/508 573/958/573
f 507/841/507 558/920/558 527/867/527
f 524/923/524 509/922/509 574/959/574
f 544/896/544 560/960/560 468/781/468
f 575/961/575 493/819/493 438/742/438
f 470/783/470 411/688/411 576/962/576
f 577/963/577 351/712/351 440/745/440
f 577/963/577 387/647/387 351/712/351
f 472/786/472 475/789/475 578/964/578
f 474/788/474 317/509/317 352/575/352
f 442/825/442 372/965/372 579/966/579
f 445/967/445 531/872/531 444/752/444
f 566/943/566 446/753/446 531/872/531
f 446/753/446 497/827/497 389/652/389
f 447/968/447 448/756/448 580/969/580
f 333/543/333 549/970/549 280/447/280
f 334/545/334 515/852/515 498/828/498
f 281/450/281 415/697/415 581/971/581
f 360/972/360 500/832/500 361/592/361
f 397/667/397 582/973/582 583/974/583
f 397/667/397 364/599/364 582/973/582
f 452/764/452 501/834/501 379/628/379
f 399/857/399 584/975/584 400/877/400
f 400/877/400 584/975/584 429/732/429
f 486/809/486 366/602/366 554/916/554
f 502/835/502 403/680/403 519/858/519
f 383/882/383 503/976/503 585/977/585
f 585/977/585 503/976/503 521/978/521
f 586/979/586 587/980/587 522/862/522
f 539/884/539 432/735/432 457/770/457
f 573/981/573 508/842/508 588/982/588
f 508/842/508 526/866/526 588/982/588
f 467/780/467 575/961/575 438/742/438
f 492/817/492 511/983/511 327/818/327
f 561/932/561 300/476/300 512/846/512
f 413/743/413 589/984/589 545/897/545
f 420/937/420 563/936/563 440/745/440
f 471/785/471 386/645/386 590/985/590
f 591/986/591 578/964/578 475/789/475
f 565/940/565 592/987/592 371/901/371
f 496/826/496 442/825/442 593/988/593
f 531/872/531 594/989/594 567/944/567
f 531/872/531 445/967/445 594/989/594
f 442/825/442 595/990/595 593/988/593
f 579/966/579 595/990/595 442/825/442
f 596/991/596 530/992/530 447/968/447
f 514/993/514 597/994/597 423/995/423
f 357/584/357 477/794/477 598/996/598
f 423/718/423 599/997/599 256/513/256
f 600/998/600 601/999/601 602/1000/602
f 600/998/600 603/1001/603 601/999/601
f 548/1002/548 603/1001/603 600/998/600
f 548/1003/548 376/721/376 603/1004/603
f 391/656/391 280/447/280 604/1005/604
f 335/547/335 581/971/581 605/1006/605
f 335/547/335 281/450/281 581/971/581
f 499/831/499 338/553/338 550/1007/550
f 322/520/322 481/800/481 606/1008/606
f 516/854/516 551/913/551 394/663/394
f 393/662/393 607/1009/607 323/522/323
f 516/854/516 451/762/451 608/1010/608
f 364/599/364 484/807/484 582/973/582
f 401/675/401 534/878/534 553/915/553
f 538/883/538 488/812/488 347/706/347
f 453/766/453 609/1011/609 418/707/418
f 383/882/383 585/977/585 538/883/538
f 586/979/586 522/862/522 504/838/504
f 587/980/587 558/920/558 522/862/522
f 610/1012/610 432/1013/432 539/955/539
f 525/1014/525 432/1013/432 610/1012/610
f 505/885/505 524/923/524 611/1015/611
f 525/1014/525 612/1016/612 461/1017/461
f 613/1018/613 560/930/560 544/1019/544
f 614/1020/614 544/1019/544 561/1021/561
f 615/1022/615 512/846/512 510/844/510
f 350/572/350 495/822/495 616/1023/616
f 576/962/576 563/936/563 470/783/470
f 617/1024/617 440/745/440 563/936/563
f 440/745/440 617/1024/617 577/963/577
f 590/985/590 386/645/386 472/786/472
f 618/1025/618 474/788/474 352/575/352
f 443/748/443 547/905/547 619/1026/619
f 496/898/496 620/1027/620 370/793/370
f 592/987/592 546/902/546 371/901/371
f 620/1027/620 476/791/476 370/793/370
f 579/1028/579 372/900/372 546/902/546
f 621/1029/621 547/1030/547 530/1031/530
f 497/827/497 446/753/446 566/943/566
f 622/1032/622 513/848/513 424/720/424
f 623/1033/623 357/584/357 598/996/598
f 623/1033/623 424/720/424 357/584/357
f 597/994/597 599/1034/599 423/995/423
f 600/1035/600 624/1036/624 548/1037/548
f 549/970/549 604/1005/604 280/447/280
f 449/758/449 625/1038/625 359/661/359
f 570/950/570 395/664/395 397/667/397
f 570/950/570 397/667/397 583/974/583
f 582/973/582 484/807/484 626/1039/626
f 399/857/399 627/1040/627 584/975/584
f 535/879/535 628/1041/628 382/635/382
f 521/978/521 629/1042/629 585/977/585
f 540/956/540 573/958/573 629/1042/629
f 630/1043/630 543/1044/543 463/1045/463
f 542/1046/542 631/1047/631 541/890/541
f 465/778/465 409/686/409 542/1048/542
f 575/1049/575 632/1050/632 493/1051/493
f 493/1051/493 633/1052/633 469/869/469
f 413/743/413 439/823/439 634/1053/634
f 471/785/471 590/985/590 439/823/439
f 577/963/577 421/713/421 387/647/387
f 591/986/591 475/789/475 474/788/474
f 496/898/496 593/1054/593 620/1027/620
f 448/756/448 513/848/513 580/969/580
f 568/946/568 597/1055/597 514/948/514
f 256/513/256 599/997/599 390/1056/390
f 359/661/359 625/1038/625 426/796/426
f 451/762/451 635/1057/635 608/1010/608
f 635/1057/635 451/762/451 485/808/485
f 627/1040/627 399/857/399 518/856/518
f 485/808/485 416/728/416 636/1058/636
f 501/834/501 428/731/428 380/630/380
f 428/731/428 637/1059/637 402/677/402
f 417/703/417 536/880/536 638/1060/638
f 628/1041/628 453/766/453 382/635/382
f 555/917/555 639/1061/639 489/813/489
f 556/952/556 640/1062/640 504/1063/504
f 640/1062/640 586/1064/586 504/1063/504
f 509/922/509 491/928/491 560/930/560
f 409/820/409 641/1065/641 542/1046/542
f 492/1066/492 642/1067/642 511/1068/511
f 409/820/409 494/821/494 641/1065/641
f 510/844/510 511/845/511 643/1069/643
f 495/822/495 545/897/545 644/1070/644
f 576/962/576 645/1071/645 563/936/563
f 441/939/441 619/1072/619 646/1073/646
f 443/942/443 619/1072/619 441/939/441
f 567/944/567 594/989/594 647/1074/647
f 353/790/353 564/938/564 445/751/445
f 594/1075/594 445/1076/445 564/1077/564
f 579/1028/579 648/1078/648 595/1079/595
f 566/943/566 649/1080/649 497/827/497
f 424/720/424 623/1033/623 622/1032/622
f 602/1000/602 601/999/601 650/1081/650
f 376/721/376 498/828/498 603/1004/603
f 603/1004/603 498/828/498 651/1082/651
f 652/1083/652 392/657/392 391/656/391
f 581/971/581 415/697/415 426/723/426
f 653/1084/653 449/758/449 425/829/425
f 532/1085/532 362/591/362 337/552/337
f 427/724/427 322/520/322 654/1086/654
f 655/1087/655 452/764/452 517/855/517
f 626/1039/626 484/807/484 553/915/553
f 416/728/416 533/876/533 656/1088/656
f 657/1089/657 428/731/428 501/834/501
f 402/677/402 637/1059/637 535/879/535
f 658/1090/658 537/881/537 487/811/487
f 638/1060/638 536/880/536 488/812/488
f 489/813/489 639/1061/639 519/858/519
f 659/1091/659 585/977/585 629/1042/629
f 629/1042/629 521/978/521 540/956/540
f 660/1092/660 525/1014/525 610/1012/610
f 661/1093/661 527/1094/527 558/1095/558
f 612/1096/612 559/927/559 461/774/461
f 543/1044/543 642/1067/642 492/1066/492
f 632/1050/632 633/1052/633 493/1051/493
f 561/932/561 512/846/512 662/1097/662
f 662/1098/662 512/1099/512 615/1100/615
f 663/1101/663 494/821/494 410/687/410
f 643/1069/643 615/1022/615 510/844/510
f 410/687/410 664/1102/664 663/1101/663
f 562/933/562 350/572/350 616/1023/616
f 616/1023/616 495/822/495 644/1070/644
f 589/984/589 413/743/413 634/1053/634
f 665/1103/665 617/1024/617 563/936/563
f 666/1104/666 439/823/439 590/985/590
f 422/715/422 667/1105/667 329/716/329
f 619/1072/619 547/1106/547 668/1107/668
f 354/577/354 476/904/476 669/1108/669
f 621/1029/621 530/1031/530 596/1109/596
f 670/1110/670 596/991/596 447/968/447
f 598/996/598 477/794/477 671/1111/671
f 672/1112/672 600/1035/600 602/1113/602
f 624/1036/624 477/794/477 548/1037/548
f 671/1111/671 477/794/477 624/1036/624
f 673/1114/673 390/1056/390 599/997/599
f 390/1056/390 673/1114/673 549/970/549
f 604/1005/604 674/1115/674 391/656/391
f 478/795/478 335/547/335 605/1006/605
f 426/723/426 625/1116/625 675/1117/675
f 607/1118/607 552/1119/552 323/1120/323
f 676/1121/676 655/1087/655 517/855/517
f 452/764/452 677/1122/677 501/834/501
f 637/1123/637 678/1124/678 535/1125/535
f 502/835/502 519/858/519 679/1126/679
f 418/707/418 680/1127/680 405/814/405
f 557/919/557 505/885/505 611/1015/611
f 526/891/526 541/890/541 588/1128/588
f 528/868/528 575/961/575 467/780/467
f 542/1046/542 641/1065/641 681/1129/681
f 613/1018/613 544/1019/544 614/1020/614
f 329/716/329 667/1105/667 564/938/564
f 595/990/595 682/1130/682 593/988/593
f 546/902/546 648/1078/648 579/1028/579
f 580/969/580 670/1110/670 447/968/447
f 602/1131/602 650/1132/650 683/1133/683
f 603/1001/603 651/1134/651 601/999/601
f 338/553/338 551/913/551 550/1007/550
f 322/520/322 606/1008/606 654/1086/654
f 377/625/377 684/1135/684 517/855/517
f 452/764/452 655/1087/655 677/1122/677
f 416/728/416 656/1088/656 636/1058/636
f 486/809/486 685/1136/685 534/878/534
f 429/732/429 686/1137/686 487/811/487
f 453/766/453 628/1041/628 609/1011/609
f 405/814/405 680/1127/680 455/953/455
f 455/953/455 680/1127/680 572/954/572
f 574/959/574 611/1015/611 524/923/524
f 661/1093/661 630/1043/630 527/1094/527
f 630/1043/630 463/1045/463 527/1094/527
f 630/1043/630 687/1138/687 543/1044/543
f 509/922/509 560/930/560 688/1139/688
f 560/930/560 613/1018/613 688/1139/688
f 529/870/529 469/869/469 633/1052/633
f 664/1102/664 410/687/410 562/933/562
f 529/870/529 689/1140/689 369/610/369
f 644/1070/644 545/897/545 690/1141/690
f 545/897/545 589/984/589 690/1141/690
f 691/1142/691 577/963/577 617/1024/617
f 590/985/590 472/786/472 578/964/578
f 474/788/474 618/1025/618 591/986/591
f 618/1025/618 352/575/352 669/1108/669
f 669/1108/669 352/575/352 354/577/354
f 667/1105/667 692/1143/692 564/938/564
f 693/1144/693 567/1145/567 647/1146/647
f 693/1144/693 566/1147/566 567/1145/567
f 694/1148/694 669/1108/669 476/904/476
f 682/1130/682 595/990/595 648/1149/648
f 580/969/580 513/848/513 695/1150/695
f 672/1112/672 624/1036/624 600/1035/600
f 549/970/549 696/1151/696 604/1005/604
f 674/1115/674 652/1083/652 391/656/391
f 697/1152/697 425/873/425 392/657/392
f 675/1117/675 581/971/581 426/723/426
f 698/1153/698 532/874/532 283/454/283
f 450/759/450 427/724/427 654/1086/654
f 606/1008/606 481/800/481 570/950/570
f 583/974/583 699/1154/699 570/950/570
f 700/1155/700 582/973/582 626/1039/626
f 626/1156/626 553/1157/553 701/1158/701
f 553/915/553 534/878/534 685/1136/685
f 686/1137/686 429/732/429 584/975/584
f 638/1060/638 571/951/571 417/703/417
f 486/809/486 554/916/554 685/1136/685
f 538/883/538 585/977/585 659/1091/659
f 702/1159/702 556/952/556 520/859/520
f 525/1014/525 660/1092/660 612/1016/612
f 588/1128/588 541/890/541 631/1047/631
f 559/1160/559 703/1161/703 528/1162/528
f 543/1044/543 704/1163/704 642/1067/642
f 561/1021/561 662/1098/662 614/1020/614
f 411/688/411 705/1164/705 576/962/576
f 563/936/563 645/1071/645 665/1103/665
f 473/787/473 706/1165/706 422/715/422
f 546/902/546 592/987/592 707/1166/707
f 620/1167/620 694/1168/694 476/1169/476
f 695/1150/695 513/848/513 622/1032/622
f 623/1170/623 598/1171/598 708/1172/708
f 568/946/568 709/1173/709 597/1055/597
f 597/994/597 673/1174/673 599/1034/599
f 498/828/498 515/852/515 710/1175/710
f 392/657/392 652/1083/652 697/1152/697
f 675/1117/675 625/1116/625 711/1176/711
f 449/758/449 712/1177/712 625/1038/625
f 569/949/569 713/1178/713 360/588/360
f 532/874/532 714/1179/714 362/1180/362
f 715/1181/715 676/1121/676 684/1135/684
f 684/1135/684 676/1121/676 517/855/517
f 485/808/485 636/1058/636 716/1182/716
f 677/1122/677 657/1089/657 501/834/501
f 627/1040/627 717/1183/717 584/975/584
f 533/876/533 571/951/571 656/1088/656
f 571/951/571 638/1060/638 718/1184/718
f 537/881/537 719/1185/719 520/859/520
f 488/812/488 538/883/538 720/1186/720
f 720/1186/720 538/883/538 659/1091/659
f 680/1127/680 721/1187/721 572/954/572
f 702/1159/702 640/1062/640 556/952/556
f 572/954/572 722/1188/722 539/955/539
f 587/1189/587 723/1190/723 558/1095/558
f 509/922/509 688/1139/688 574/959/574
f 542/1046/542 681/1129/681 631/1047/631
f 494/821/494 663/1101/663 641/1065/641
f 369/610/369 689/1140/689 411/688/411
f 411/688/411 689/1140/689 705/1164/705
f 619/1072/619 668/1107/668 724/1191/724
f 647/1192/647 725/1193/725 693/1194/693
f 707/1195/707 726/1196/726 546/1197/546
f 497/945/497 649/1198/649 727/1199/727
f 497/945/497 727/1199/727 568/946/568
f 727/1200/727 709/1201/709 568/1202/568
f 598/1171/598 671/1203/671 708/1172/708
f 602/1113/602 683/1204/683 728/1205/728
f 728/1205/728 672/1112/672 602/1113/602
f 729/1206/729 730/1207/730 731/1208/731
f 732/1209/732 605/1006/605 581/971/581
f 733/1210/733 425/873/425 697/1152/697
f 733/1210/733 653/1211/653 425/873/425
f 734/1212/734 449/758/449 653/1084/653
f 735/1213/735 625/1038/625 712/1177/712
f 698/1153/698 283/454/283 450/875/450
f 736/1214/736 714/1179/714 532/874/532
f 551/913/551 516/854/516 737/1215/737
f 738/1216/738 483/804/483 552/914/552
f 583/974/583 582/973/582 700/1155/700
f 738/1216/738 518/856/518 483/804/483
f 635/1057/635 485/808/485 716/1182/716
f 739/1217/739 609/1011/609 628/1041/628
f 555/917/555 557/919/557 740/1218/740
f 659/1091/659 629/1042/629 741/1219/741
f 703/1161/703 575/1049/575 528/1162/528
f 704/1163/704 742/1220/742 642/1067/642
f 633/1052/633 743/1221/743 529/870/529
f 562/933/562 616/1023/616 744/1222/744
f 745/1223/745 577/963/577 691/1142/691
f 634/1053/634 439/823/439 666/1104/666
f 647/1224/647 594/1075/594 746/1225/746
f 724/1191/724 646/1073/646 619/1072/619
f 747/1226/747 565/940/565 441/939/441
f 748/1227/748 566/943/566 693/1228/693
f 749/1229/749 620/1027/620 593/1054/593
f 593/988/593 682/1130/682 749/1230/749
f 726/1231/726 648/1078/648 546/902/546
f 750/1232/750 670/1110/670 580/969/580
f 751/1233/751 623/1170/623 708/1172/708
f 709/1173/709 752/1234/752 597/1055/597
f 752/1235/752 673/1174/673 597/994/597
f 650/1236/650 601/1237/601 753/1238/753
f 754/1239/754 650/1236/650 753/1238/753
f 604/1005/604 755/1240/755 674/1115/674
f 449/758/449 734/1212/734 712/1177/712
f 713/1241/713 500/832/500 360/972/360
f 362/591/362 714/1242/714 480/799/480
f 584/1243/584 756/1244/756 686/1245/686
f 428/731/428 657/1089/657 637/1059/637
f 554/916/554 502/835/502 757/1246/757
f 758/1247/758 739/1217/739 628/1041/628
f 759/1248/759 519/858/519 639/1061/639
f 609/1011/609 680/1127/680 418/707/418
f 520/859/520 760/1249/760 702/1159/702
f 761/1250/761 586/1064/586 640/1062/640
f 539/955/539 722/1188/722 610/1012/610
f 558/1095/558 723/1190/723 661/1093/661
f 573/958/573 588/1128/588 762/1251/762
f 642/1067/642 742/1220/742 643/1252/643
f 576/962/576 763/1253/763 645/1071/645
f 764/1254/764 706/1165/706 473/787/473
f 706/1165/706 667/1105/667 422/715/422
f 646/1073/646 747/1226/747 441/939/441
f 669/1108/669 694/1148/694 765/1255/765
f 766/1256/766 620/1027/620 749/1229/749
f 766/1256/766 694/1257/694 620/1027/620
f 621/1029/621 596/1109/596 767/1258/767
f 695/1150/695 750/1232/750 580/969/580
f 671/1111/671 624/1036/624 768/1259/768
f 683/1133/683 650/1132/650 769/1260/769
f 770/1261/770 771/1262/771 729/1263/729
f 753/1264/753 601/999/601 651/1134/651
f 729/1265/729 771/1266/771 730/1267/730
f 730/1207/730 772/1268/772 731/1208/731
f 773/1269/773 696/1151/696 549/970/549
f 710/1175/710 774/1270/774 498/828/498
f 775/1271/775 478/795/478 605/1006/605
f 550/912/550 776/1272/776 479/798/479
f 450/759/450 654/1086/654 698/1273/698
f 480/799/480 777/1274/777 377/625/377
f 606/1008/606 778/1275/778 654/1086/654
f 777/1274/777 684/1135/684 377/625/377
f 608/1010/608 737/1215/737 516/854/516
f 607/1009/607 738/1216/738 552/914/552
f 655/1087/655 779/1276/779 677/1122/677
f 677/1277/677 779/1278/779 780/1279/780
f 738/1216/738 781/1280/781 518/856/518
f 781/1280/781 627/1040/627 518/856/518
f 781/1281/781 782/1282/782 627/1283/627
f 780/1279/780 626/1156/626 701/1158/701
f 677/1277/677 783/1284/783 657/1285/657
f 717/1183/717 756/1286/756 584/975/584
f 718/1184/718 656/1088/656 571/951/571
f 638/1060/638 488/812/488 784/1287/784
f 488/812/488 720/1186/720 784/1287/784
f 679/1126/679 519/858/519 785/1288/785
f 720/1186/720 659/1091/659 786/1289/786
f 557/919/557 611/1015/611 740/1218/740
f 587/1189/587 586/1064/586 761/1250/761
f 611/1015/611 574/959/574 787/1290/787
f 643/1252/643 511/1068/511 642/1067/642
f 616/1023/616 644/1070/644 788/1291/788
f 789/1292/789 618/1025/618 669/1108/669
f 592/1293/592 565/1294/565 790/1295/790
f 790/1296/790 707/1166/707 592/987/592
f 547/1030/547 621/1029/621 668/1297/668
f 791/1298/791 649/1080/649 566/943/566
f 648/1299/648 726/1196/726 792/1300/792
f 793/1301/793 695/1302/695 622/1303/622
f 794/1304/794 751/1233/751 708/1172/708
f 623/1170/623 751/1233/751 622/1303/622
f 768/1259/768 624/1036/624 672/1112/672
f 795/1305/795 771/1262/771 770/1261/770
f 796/1306/796 770/1307/770 729/1308/729
f 773/1269/773 549/970/549 673/1114/673
f 774/1270/774 651/1082/651 498/828/498
f 774/1309/774 710/1310/710 797/1311/797
f 798/1312/798 710/1313/710 515/1314/515
f 515/852/515 478/795/478 798/1315/798
f 735/1213/735 711/1316/711 625/1038/625
f 606/1008/606 570/950/570 799/1317/799
f 700/1318/700 626/1156/626 780/1279/780
f 677/1277/677 780/1279/780 783/1284/783
f 636/1058/636 800/1319/800 716/1182/716
f 782/1282/782 717/1320/717 627/1283/627
f 701/1158/701 783/1284/783 780/1279/780
f 636/1058/636 656/1088/656 801/1321/801
f 553/915/553 685/1136/685 701/1322/701
f 685/1136/685 554/916/554 757/1246/757
f 535/1125/535 678/1124/678 628/1323/628
f 658/1090/658 719/1185/719 537/881/537
f 519/858/519 759/1248/759 785/1288/785
f 609/1011/609 802/1324/802 680/1127/680
f 680/1127/680 802/1324/802 721/1187/721
f 612/1016/612 803/1325/803 559/1160/559
f 661/1093/661 687/1138/687 630/1043/630
f 559/1160/559 803/1325/803 703/1161/703
f 703/1161/703 632/1050/632 575/1049/575
f 614/1020/614 662/1098/662 804/1326/804
f 662/1098/662 615/1100/615 804/1326/804
f 643/1069/643 805/1327/805 615/1022/615
f 562/933/562 744/1222/744 664/1102/664
f 705/1164/705 763/1253/763 576/962/576
f 691/1328/691 617/1329/617 665/1330/665
f 578/964/578 806/1331/806 590/985/590
f 594/1075/594 564/1077/564 746/1225/746
f 668/1297/668 621/1029/621 724/1332/724
f 707/1195/707 790/1295/790 726/1196/726
f 807/1333/807 808/1334/808 649/1335/649
f 793/1301/793 622/1303/622 809/1336/809
f 808/1337/808 727/1199/727 649/1198/649
f 809/1336/809 622/1303/622 751/1233/751
f 708/1172/708 671/1203/671 810/1338/810
f 683/1204/683 811/1339/811 728/1205/728
f 752/1235/752 812/1340/812 673/1174/673
f 813/1341/813 772/1342/772 730/1267/730
f 478/795/478 775/1271/775 798/1315/798
f 532/874/532 698/1153/698 736/1214/736
f 570/950/570 699/1154/699 799/1317/799
f 700/1318/700 780/1279/780 779/1278/779
f 635/1343/635 716/1344/716 814/1345/814
f 783/1284/783 815/1346/815 657/1285/657
f 801/1321/801 656/1088/656 718/1184/718
f 685/1347/685 757/1348/757 815/1346/815
f 815/1346/815 678/1124/678 637/1123/637
f 686/1137/686 658/1090/658 487/811/487
f 719/1349/719 658/1350/658 816/1351/816
f 759/1248/759 817/1352/817 785/1288/785
f 520/859/520 719/1185/719 760/1249/760
f 739/1217/739 802/1324/802 609/1011/609
f 572/954/572 721/1187/721 722/1188/722
f 761/1250/761 723/1190/723 587/1189/587
f 573/958/573 762/1251/762 818/1353/818
f 588/1128/588 631/1047/631 762/1251/762
f 574/959/574 688/1139/688 819/1354/819
f 687/1138/687 704/1163/704 543/1044/543
f 614/1020/614 804/1326/804 820/1355/820
f 529/870/529 743/1221/743 689/1140/689
f 616/1023/616 821/1356/821 744/1222/744
f 634/1053/634 822/1357/822 589/984/589
f 823/1358/823 421/713/421 577/963/577
f 823/1358/823 473/787/473 421/713/421
f 790/1295/790 565/1294/565 747/1359/747
f 749/1230/749 682/1130/682 648/1149/648
f 807/1360/807 649/1361/649 791/1362/791
f 792/1300/792 809/1336/809 751/1233/751
f 794/1304/794 708/1172/708 810/1338/810
f 824/1363/824 811/1339/811 683/1204/683
f 825/1364/825 728/1205/728 811/1339/811
f 672/1112/672 728/1205/728 825/1364/825
f 826/1365/826 827/1366/827 795/1367/795
f 770/1307/770 796/1306/796 795/1368/795
f 755/1240/755 604/1005/604 696/1151/696
f 828/1369/828 697/1152/697 652/1083/652
f 829/1370/829 735/1213/735 712/1177/712
f 777/1274/777 480/799/480 714/1242/714
f 550/1007/550 551/913/551 830/1371/830
f 606/1008/606 799/1317/799 778/1275/778
f 676/1121/676 779/1276/779 655/1087/655
f 831/1372/831 583/974/583 700/1155/700
f 608/1010/608 635/1057/635 832/1373/832
f 738/1374/738 814/1345/814 781/1281/781
f 814/1345/814 716/1344/716 800/1375/800
f 701/1158/701 815/1346/815 783/1284/783
f 685/1347/685 815/1346/815 701/1158/701
f 657/1285/657 815/1346/815 637/1123/637
f 757/1246/757 502/835/502 833/1376/833
f 686/1245/686 834/1377/834 658/1350/658
f 835/1378/835 639/1061/639 555/917/555
f 835/1378/835 555/917/555 740/1218/740
f 741/1219/741 629/1042/629 818/1353/818
f 629/1042/629 573/958/573 818/1353/818
f 836/1379/836 660/1092/660 610/1012/610
f 574/959/574 819/1354/819 787/1290/787
f 837/1380/837 612/1016/612 660/1092/660
f 688/1139/688 613/1018/613 838/1381/838
f 631/1047/631 681/1129/681 839/1382/839
f 614/1020/614 840/1383/840 613/1018/613
f 681/1129/681 641/1065/641 841/1384/841
f 842/1385/842 643/1252/643 742/1220/742
f 805/1327/805 804/1386/804 615/1022/615
f 666/1104/666 590/985/590 806/1331/806
f 823/1358/823 764/1254/764 473/787/473
f 789/1292/789 669/1108/669 765/1255/765
f 843/1387/843 693/1388/693 844/1389/844
f 844/1389/844 693/1388/693 725/1390/725
f 746/1225/746 564/1077/564 692/1391/692
f 845/1392/845 791/1298/791 748/1227/748
f 748/1227/748 791/1298/791 566/943/566
f 747/1359/747 846/1393/846 790/1295/790
f 749/1394/749 847/1395/847 766/1396/766
f 749/1230/749 648/1149/648 847/1397/847
f 848/1398/848 694/1399/694 766/1396/766
f 648/1400/648 792/1401/792 847/1402/847
f 726/1196/726 809/1336/809 792/1300/792
f 849/1403/849 695/1302/695 793/1301/793
f 683/1404/683 769/1405/769 824/1406/824
f 769/1260/769 650/1132/650 754/1407/754
f 812/1408/812 773/1269/773 673/1114/673
f 754/1409/754 850/1410/850 851/1411/851
f 754/1412/754 753/1413/753 850/1414/850
f 651/1082/651 774/1270/774 753/1415/753
f 729/1308/729 731/1416/731 852/1417/852
f 774/1418/774 797/1419/797 853/1420/853
f 710/1313/710 854/1421/854 797/1422/797
f 393/662/393 500/832/500 855/1423/855
f 777/1274/777 715/1181/715 684/1135/684
f 607/1009/607 855/1423/855 856/1424/856
f 699/1154/699 583/974/583 831/1372/831
f 738/1216/738 607/1009/607 857/1425/857
f 858/1426/858 831/1427/831 700/1428/700
f 814/1345/814 800/1375/800 781/1281/781
f 800/1375/800 782/1282/782 781/1281/781
f 717/1320/717 782/1282/782 756/1244/756
f 782/1282/782 800/1375/800 636/1429/636
f 636/1429/636 801/1430/801 782/1282/782
f 502/1431/502 679/1432/679 833/1433/833
f 678/1434/678 758/1247/758 628/1041/628
f 833/1433/833 679/1432/679 785/1435/785
f 659/1091/659 741/1219/741 786/1289/786
f 702/1159/702 761/1250/761 640/1062/640
f 805/1327/805 859/1436/859 804/1386/804
f 860/1437/860 705/1164/705 689/1140/689
f 616/1023/616 788/1291/788 821/1356/821
f 645/1071/645 861/1438/861 862/1439/862
f 634/1053/634 863/1440/863 822/1357/822
f 577/963/577 745/1223/745 823/1358/823
f 591/986/591 806/1331/806 578/964/578
f 764/1254/764 864/1441/864 706/1165/706
f 693/1228/693 843/1442/843 748/1227/748
f 844/1389/844 725/1390/725 865/1443/865
f 766/1396/766 847/1395/847 848/1398/848
f 790/1295/790 809/1336/809 726/1196/726
f 848/1398/848 847/1395/847 794/1304/794
f 849/1403/849 793/1301/793 809/1336/809
f 794/1304/794 810/1338/810 848/1398/848
f 751/1233/751 794/1304/794 847/1395/847
f 727/1200/727 866/1444/866 709/1201/709
f 867/1445/867 827/1446/827 826/1447/826
f 827/1446/827 824/1406/824 868/1448/868
f 824/1406/824 769/1405/769 868/1448/868
f 827/1446/827 868/1448/868 795/1305/795
f 795/1305/795 868/1448/868 771/1262/771
f 769/1260/769 754/1407/754 869/1449/869
f 796/1306/796 729/1308/729 870/1450/870
f 870/1450/870 729/1308/729 852/1417/852
f 753/1413/753 774/1451/774 850/1414/850
f 852/1417/852 731/1416/731 772/1452/772
f 850/1410/850 774/1453/774 853/1454/853
f 798/1312/798 854/1421/854 710/1313/710
f 871/1455/871 697/1152/697 828/1369/828
f 732/1209/732 581/971/581 675/1117/675
f 653/1084/653 872/1456/872 734/1212/734
f 829/1370/829 712/1177/712 734/1212/734
f 713/1241/713 855/1423/855 500/832/500
f 654/1086/654 778/1275/778 698/1273/698
f 393/662/393 855/1423/855 607/1009/607
f 873/1457/873 857/1425/857 607/1009/607
f 779/1458/779 858/1426/858 700/1428/700
f 857/1459/857 832/1460/832 738/1461/738
f 832/1462/832 814/1345/814 738/1374/738
f 814/1463/814 832/1464/832 635/1465/635
f 782/1282/782 801/1430/801 756/1244/756
f 718/1466/718 756/1244/756 801/1430/801
f 756/1244/756 874/1467/874 686/1245/686
f 718/1184/718 638/1060/638 875/1468/875
f 815/1346/815 757/1348/757 833/1433/833
f 815/1346/815 833/1433/833 678/1124/678
f 759/1248/759 639/1061/639 835/1378/835
f 611/1015/611 787/1290/787 876/1469/876
f 614/1020/614 820/1355/820 840/1383/840
f 690/1141/690 589/984/589 877/1470/877
f 691/1328/691 665/1330/665 878/1471/878
f 745/1223/745 691/1142/691 878/1472/878
f 591/986/591 618/1025/618 806/1331/806
f 879/1473/879 667/1474/667 880/1475/880
f 746/1476/746 692/1477/692 667/1474/667
f 647/1224/647 746/1225/746 881/1478/881
f 724/1191/724 882/1479/882 646/1073/646
f 849/1403/849 750/1480/750 695/1302/695
f 792/1300/792 751/1233/751 847/1395/847
f 670/1110/670 883/1481/883 596/991/596
f 727/1200/727 808/1334/808 884/1482/884
f 810/1338/810 671/1203/671 768/1483/768
f 672/1112/672 885/1484/885 768/1259/768
f 824/1406/824 886/1485/886 811/1486/811
f 827/1446/827 867/1445/867 824/1406/824
f 709/1487/709 887/1488/887 752/1489/752
f 826/1490/826 795/1368/795 796/1306/796
f 868/1448/868 888/1491/888 771/1262/771
f 888/1492/888 730/1267/730 771/1266/771
f 852/1417/852 772/1452/772 889/1493/889
f 850/1410/850 853/1454/853 851/1411/851
f 674/1115/674 828/1369/828 652/1083/652
f 732/1209/732 675/1117/675 890/1494/890
f 875/1468/875 638/1060/638 784/1287/784
f 833/1433/833 891/1495/891 678/1124/678
f 891/1495/891 758/1496/758 678/1124/678
f 758/1496/758 892/1497/892 739/1498/739
f 816/1351/816 760/1499/760 719/1349/719
f 660/1092/660 836/1379/836 837/1380/837
f 893/1500/893 687/1138/687 661/1093/661
f 803/1325/803 894/1501/894 703/1161/703
f 841/1384/841 641/1065/641 663/1101/663
f 643/1069/643 842/1502/842 805/1327/805
f 895/1503/895 663/1101/663 664/1102/664
f 664/1102/664 744/1222/744 895/1503/895
f 895/1503/895 744/1222/744 821/1356/821
f 689/1140/689 743/1221/743 860/1437/860
f 788/1291/788 644/1070/644 690/1141/690
f 763/1253/763 861/1438/861 645/1071/645
f 645/1071/645 862/1439/862 665/1103/665
f 896/1504/896 745/1223/745 878/1472/878
f 880/1475/880 667/1474/667 706/1505/706
f 879/1473/879 746/1476/746 667/1474/667
f 882/1479/882 747/1226/747 646/1073/646
f 647/1506/647 881/1507/881 725/1508/725
f 725/1508/725 881/1507/881 865/1509/865
f 845/1392/845 897/1510/897 791/1298/791
f 724/1332/724 621/1029/621 767/1258/767
f 790/1295/790 849/1403/849 809/1336/809
f 790/1295/790 846/1393/846 849/1403/849
f 767/1258/767 596/1109/596 883/1511/883
f 898/1512/898 883/1481/883 670/1110/670
f 884/1482/884 866/1444/866 727/1200/727
f 899/1513/899 867/1445/867 826/1447/826
f 709/1201/709 866/1444/866 887/1514/887
f 868/1448/868 769/1405/769 869/1515/869
f 730/1267/730 888/1492/888 813/1341/813
f 773/1269/773 900/1516/900 901/1517/901
f 773/1269/773 901/1517/901 696/1151/696
f 813/1518/813 889/1519/889 772/1520/772
f 889/1521/889 902/1522/902 903/1523/903
f 755/1240/755 904/1524/904 674/1115/674
f 733/1210/733 697/1152/697 871/1455/871
f 777/1274/777 905/1525/905 715/1181/715
f 551/913/551 737/1215/737 906/1526/906
f 856/1424/856 873/1457/873 607/1009/607
f 608/1010/608 907/1527/907 737/1215/737
f 608/1010/608 832/1373/832 907/1527/907
f 718/1466/718 874/1467/874 756/1244/756
f 718/1466/718 875/1528/875 874/1467/874
f 874/1467/874 834/1377/834 686/1245/686
f 658/1350/658 834/1377/834 816/1351/816
f 875/1468/875 784/1287/784 908/1529/908
f 833/1433/833 785/1435/785 891/1495/891
f 784/1287/784 909/1530/909 908/1529/908
f 891/1495/891 892/1497/892 758/1496/758
f 720/1186/720 909/1530/909 784/1287/784
f 611/1015/611 876/1469/876 740/1218/740
f 910/1531/910 610/1012/610 722/1188/722
f 893/1500/893 661/1093/661 723/1190/723
f 837/1380/837 803/1325/803 612/1016/612
f 911/1532/911 631/1047/631 839/1382/839
f 819/1354/819 688/1139/688 838/1381/838
f 912/1533/912 632/1050/632 703/1161/703
f 912/1533/912 633/1052/633 632/1050/632
f 634/1053/634 666/1104/666 913/1534/913
f 914/1535/914 748/1227/748 843/1442/843
f 915/1536/915 694/1148/694 848/1537/848
f 915/1536/915 848/1537/848 810/1538/810
f 898/1512/898 670/1110/670 750/1232/750
f 886/1485/886 824/1406/824 867/1445/867
f 752/1489/752 887/1488/887 812/1539/812
f 868/1448/868 869/1515/869 888/1491/888
f 812/1408/812 900/1516/900 773/1269/773
f 754/1407/754 851/1540/851 869/1449/869
f 853/1420/853 797/1419/797 916/1541/916
f 798/1315/798 775/1271/775 917/1542/917
f 605/1006/605 732/1209/732 775/1271/775
f 676/1543/676 858/1544/858 779/1545/779
f 785/1435/785 817/1546/817 891/1495/891
f 802/1547/802 739/1498/739 892/1497/892
f 835/1378/835 817/1352/817 759/1248/759
f 786/1289/786 909/1530/909 720/1186/720
f 918/1548/918 761/1250/761 702/1159/702
f 740/1218/740 919/1549/919 920/1550/920
f 740/1218/740 876/1469/876 919/1549/919
f 761/1250/761 921/1551/921 723/1190/723
f 762/1251/762 922/1552/922 818/1353/818
f 894/1501/894 923/1553/923 703/1161/703
f 923/1553/923 912/1533/912 703/1161/703
f 634/1053/634 913/1534/913 863/1440/863
f 666/1104/666 806/1331/806 913/1534/913
f 806/1331/806 618/1025/618 789/1292/789
f 880/1475/880 924/1554/924 879/1473/879
f 865/1443/865 925/1555/925 844/1389/844
f 765/1255/765 694/1148/694 915/1536/915
f 926/1556/926 887/1557/887 866/1558/866
f 870/1450/870 927/1559/927 796/1306/796
f 870/1450/870 852/1417/852 928/1560/928
f 869/1561/869 851/1411/851 929/1562/929
f 852/1417/852 889/1493/889 930/1563/930
f 889/1521/889 903/1523/903 930/1564/930
f 903/1523/903 902/1522/902 931/1565/931
f 828/1369/828 674/1115/674 904/1524/904
f 829/1370/829 932/1566/932 735/1213/735
f 569/949/569 933/1567/933 713/1178/713
f 569/949/569 479/798/479 933/1567/933
f 676/1543/676 934/1568/934 858/1544/858
f 935/1569/935 832/1570/832 857/1571/857
f 874/1467/874 875/1528/875 834/1377/834
f 741/1219/741 818/1353/818 936/1572/936
f 631/1047/631 911/1532/911 762/1251/762
f 912/1533/912 937/1573/937 633/1052/633
f 663/1101/663 938/1574/938 841/1384/841
f 804/1326/804 859/1575/859 820/1355/820
f 805/1327/805 939/1576/939 859/1436/859
f 663/1101/663 895/1503/895 938/1574/938
f 845/1392/845 748/1227/748 914/1535/914
f 897/1510/897 807/1577/807 791/1298/791
f 867/1578/867 940/1579/940 886/1580/886
f 884/1482/884 941/1581/941 866/1444/866
f 886/1580/886 942/1582/942 811/1339/811
f 796/1306/796 927/1559/927 826/1490/826
f 927/1583/927 870/1584/870 943/1585/943
f 900/1586/900 944/1587/944 901/1588/901
f 851/1411/851 853/1454/853 929/1562/929
f 889/1589/889 945/1590/945 902/1591/902
f 854/1592/854 916/1541/916 797/1419/797
f 732/1209/732 946/1593/946 775/1271/775
f 675/1117/675 711/1176/711 890/1494/890
f 735/1213/735 947/1594/947 711/1316/711
f 734/1212/734 872/1456/872 948/1595/948
f 698/1153/698 949/1596/949 736/1214/736
f 479/798/479 776/1272/776 933/1567/933
f 875/1528/875 908/1597/908 834/1377/834
f 908/1529/908 909/1530/909 950/1598/950
f 891/1495/891 817/1546/817 892/1497/892
f 892/1497/892 817/1546/817 951/1599/951
f 952/1600/952 721/1601/721 802/1547/802
f 918/1548/918 702/1159/702 760/1249/760
f 740/1218/740 920/1550/920 835/1378/835
f 835/1378/835 920/1550/920 953/1602/953
f 922/1552/922 936/1572/936 818/1353/818
f 876/1469/876 787/1290/787 954/1603/954
f 955/1604/955 819/1354/819 838/1381/838
f 956/1605/956 704/1163/704 687/1138/687
f 937/1573/937 743/1221/743 633/1052/633
f 877/1470/877 589/984/589 822/1357/822
f 665/1330/665 957/1606/957 878/1471/878
f 896/1504/896 878/1472/878 957/1607/957
f 958/1608/958 745/1223/745 896/1504/896
f 864/1609/864 880/1610/880 706/1611/706
f 880/1475/880 959/1612/959 924/1554/924
f 925/1555/925 843/1387/843 844/1389/844
f 960/1613/960 865/1509/865 881/1507/881
f 750/1614/750 849/1615/849 961/1616/961
f 962/1617/962 898/1512/898 750/1232/750
f 885/1618/885 963/1619/963 768/1483/768
f 885/1484/885 672/1112/672 825/1364/825
f 866/1558/866 941/1620/941 926/1556/926
f 900/1621/900 812/1622/812 964/1623/964
f 965/1624/965 888/1625/888 869/1561/869
f 966/1626/966 813/1518/813 888/1625/888
f 928/1560/928 852/1417/852 930/1563/930
f 889/1519/889 813/1518/813 966/1626/966
f 916/1541/916 929/1627/929 853/1420/853
f 945/1590/945 931/1628/931 902/1591/902
f 967/1629/967 733/1210/733 871/1455/871
f 932/1566/932 947/1594/947 735/1213/735
f 736/1630/736 968/1631/968 714/1242/714
f 933/1632/933 969/1633/969 713/1241/713
f 906/1526/906 737/1215/737 907/1527/907
f 873/1634/873 935/1569/935 857/1571/857
f 816/1351/816 970/1635/970 760/1499/760
f 892/1497/892 951/1599/951 802/1547/802
f 786/1289/786 741/1219/741 971/1636/971
f 971/1636/971 741/1219/741 936/1572/936
f 610/1012/610 910/1531/910 836/1379/836
f 787/1290/787 819/1354/819 954/1603/954
f 742/1220/742 704/1163/704 972/1637/972
f 860/1437/860 973/1638/973 705/1164/705
f 705/1164/705 973/1638/973 763/1253/763
f 973/1638/973 861/1438/861 763/1253/763
f 690/1141/690 877/1470/877 974/1639/974
f 745/1223/745 958/1608/958 823/1358/823
f 959/1612/959 880/1475/880 975/1640/975
f 880/1475/880 864/1641/864 975/1640/975
f 879/1642/879 976/1643/976 746/1644/746
f 724/1332/724 977/1645/977 978/1646/978
f 724/1332/724 767/1258/767 977/1645/977
f 846/1647/846 961/1616/961 849/1615/849
f 807/1333/807 979/1648/979 808/1334/808
f 886/1580/886 940/1579/940 942/1582/942
f 825/1649/825 942/1650/942 885/1651/885
f 899/1652/899 940/1579/940 867/1578/867
f 811/1339/811 942/1582/942 825/1364/825
f 901/1517/901 980/1653/980 696/1151/696
f 980/1653/980 755/1240/755 696/1151/696
f 930/1563/930 903/1654/903 981/1655/981
f 903/1654/903 931/1656/931 981/1655/981
f 931/1657/931 945/1658/945 981/1659/981
f 982/1660/982 871/1455/871 828/1369/828
f 733/1661/733 967/1662/967 653/1663/653
f 653/1664/653 967/1665/967 872/1666/872
f 734/1212/734 948/1595/948 829/1370/829
f 550/912/550 983/1667/983 776/1272/776
f 968/1631/968 777/1274/777 714/1242/714
f 550/1007/550 830/1371/830 983/1668/983
f 699/1154/699 984/1669/984 799/1317/799
f 934/1670/934 984/1671/984 699/1672/699
f 858/1544/858 934/1568/934 831/1673/831
f 831/1673/831 934/1568/934 699/1674/699
f 834/1377/834 908/1597/908 816/1351/816
f 908/1597/908 970/1635/970 816/1351/816
f 951/1599/951 952/1600/952 802/1547/802
f 835/1378/835 953/1602/953 817/1352/817
f 985/1675/985 893/1500/893 723/1190/723
f 838/1381/838 613/1018/613 840/1383/840
f 805/1327/805 986/1676/986 939/1576/939
f 805/1677/805 842/1678/842 986/1679/986
f 821/1356/821 788/1291/788 987/1680/987
f 746/1644/746 976/1643/976 881/1507/881
f 724/1191/724 978/1681/978 882/1479/882
f 865/1509/865 960/1613/960 988/1682/988
f 989/1683/989 865/1443/865 988/1684/988
f 926/1556/926 941/1620/941 990/1685/990
f 991/1686/991 926/1687/926 990/1688/990
f 991/1686/991 887/1310/887 926/1687/926
f 964/1623/964 812/1622/812 887/1689/887
f 869/1561/869 929/1562/929 965/1624/965
f 992/1690/992 928/1560/928 930/1563/930
f 993/1691/993 945/1590/945 889/1589/889
f 994/1692/994 776/1272/776 983/1667/983
f 698/1273/698 778/1275/778 995/1693/995
f 830/1371/830 551/913/551 906/1526/906
f 715/1694/715 934/1568/934 676/1543/676
f 970/1635/970 908/1597/908 950/1695/950
f 996/1696/996 722/1188/722 721/1187/721
f 997/1697/997 837/1380/837 836/1379/836
f 954/1603/954 819/1354/819 955/1604/955
f 838/1381/838 840/1383/840 998/1698/998
f 956/1605/956 972/1637/972 704/1163/704
f 742/1220/742 972/1637/972 842/1385/842
f 821/1356/821 999/1699/999 895/1503/895
f 999/1699/999 821/1356/821 987/1680/987
f 976/1643/976 879/1642/879 924/1700/924
f 1000/1701/1000 914/1702/914 1001/1703/1001
f 914/1535/914 1000/1704/1000 1002/1705/1002
f 1003/1706/1003 807/1333/807 897/1707/897
f 915/1708/915 810/1338/810 963/1619/963
f 810/1338/810 768/1483/768 963/1619/963
f 826/1490/826 927/1559/927 899/1709/899
f 870/1450/870 928/1560/928 943/1710/943
f 965/1624/965 966/1626/966 888/1625/888
f 929/1562/929 1004/1711/1004 965/1624/965
f 945/1658/945 1005/1712/1005 981/1659/981
f 982/1660/982 828/1369/828 904/1524/904
f 890/1494/890 711/1176/711 947/1713/947
f 932/1566/932 829/1370/829 948/1595/948
f 1006/1714/1006 968/1631/968 736/1630/736
f 995/1693/995 778/1275/778 799/1317/799
f 832/1570/832 935/1569/935 907/1715/907
f 970/1635/970 1007/1716/1007 760/1499/760
f 817/1546/817 953/1717/953 951/1599/951
f 909/1530/909 786/1289/786 950/1598/950
f 918/1548/918 921/1551/921 761/1250/761
f 921/1551/921 985/1675/985 723/1190/723
f 876/1469/876 954/1603/954 1008/1718/1008
f 836/1719/836 1009/1720/1009 997/1721/997
f 893/1500/893 1010/1722/1010 687/1138/687
f 839/1382/839 681/1129/681 841/1384/841
f 840/1383/840 820/1355/820 998/1698/998
f 860/1437/860 743/1221/743 1011/1723/1011
f 788/1291/788 690/1141/690 974/1639/974
f 1012/1724/1012 861/1438/861 973/1638/973
f 861/1438/861 1013/1725/1013 862/1439/862
f 862/1439/862 1013/1725/1013 1014/1726/1014
f 1015/1727/1015 863/1440/863 913/1534/913
f 896/1504/896 1016/1728/1016 958/1608/958
f 1017/1729/1017 864/1441/864 764/1254/764
f 1018/1730/1018 789/1292/789 1019/1731/1019
f 1020/1732/1020 976/1643/976 924/1700/924
f 976/1643/976 960/1613/960 881/1507/881
f 1002/1705/1002 845/1392/845 914/1535/914
f 865/1443/865 989/1683/989 925/1555/925
f 845/1392/845 1021/1733/1021 897/1510/897
f 883/1511/883 977/1645/977 767/1258/767
f 961/1616/961 962/1734/962 750/1614/750
f 883/1511/883 1022/1735/1022 1023/1736/1023
f 941/1737/941 1024/1738/1024 990/1739/990
f 884/1482/884 1025/1740/1025 941/1581/941
f 991/1686/991 964/1741/964 887/1310/887
f 798/1312/798 1026/1742/1026 854/1421/854
f 798/1315/798 917/1542/917 1026/1743/1026
f 736/1214/736 949/1596/949 1006/1744/1006
f 855/1423/855 713/1241/713 969/1633/969
f 777/1274/777 968/1631/968 905/1525/905
f 873/1634/873 1027/1745/1027 935/1569/935
f 722/1746/722 996/1747/996 910/1748/910
f 1010/1722/1010 956/1605/956 687/1138/687
f 1028/1749/1028 894/1501/894 803/1325/803
f 1011/1723/1011 1029/1750/1029 860/1437/860
f 1030/1751/1030 973/1638/973 860/1437/860
f 1031/1752/1031 822/1357/822 863/1440/863
f 1032/1753/1032 959/1612/959 975/1640/975
f 1001/1703/1001 914/1702/914 1033/1754/1033
f 789/1292/789 765/1255/765 1019/1731/1019
f 914/1702/914 843/1387/843 1033/1754/1033
f 1033/1754/1033 843/1387/843 925/1555/925
f 1034/1755/1034 846/1756/846 747/655/747
f 1003/1706/1003 979/1648/979 807/1333/807
f 1035/1757/1035 898/1512/898 962/1617/962
f 1036/1758/1036 885/1651/885 942/1650/942
f 1022/1759/1022 883/1481/883 898/1512/898
f 927/1559/927 943/1710/943 1037/1760/1037
f 966/1761/966 993/1691/993 889/1589/889
f 1038/1762/1038 854/1421/854 1026/1742/1026
f 1039/1763/1039 732/1209/732 890/1494/890
f 1040/1764/1040 933/1567/933 776/1272/776
f 1041/1765/1041 934/1568/934 715/1694/715
f 1027/1745/1027 873/1634/873 856/1766/856
f 1007/1716/1007 970/1635/970 950/1695/950
f 1007/1716/1007 918/1767/918 760/1499/760
f 786/1289/786 971/1636/971 950/1598/950
f 721/1601/721 952/1600/952 996/1747/996
f 919/1549/919 876/1469/876 1008/1718/1008
f 922/1552/922 762/1251/762 911/1532/911
f 1028/1749/1028 803/1325/803 837/1380/837
f 923/1553/923 937/1573/937 912/1533/912
f 1042/1768/1042 987/1680/987 788/1291/788
f 973/1638/973 1030/1751/1030 1012/1724/1012
f 1013/1769/1013 1043/1770/1043 1014/1771/1014
f 862/1439/862 1014/1726/1014 665/1103/665
f 665/1103/665 1044/1772/1044 957/1607/957
f 1016/1728/1016 896/1504/896 957/1607/957
f 958/1608/958 1045/1773/1045 823/1358/823
f 1046/1774/1046 913/1534/913 1047/1775/1047
f 764/1254/764 823/1358/823 1017/1729/1017
f 913/1534/913 806/1331/806 1018/1730/1018
f 1048/1776/1048 975/1777/975 1049/1778/1049
f 975/1779/975 864/1780/864 1049/1781/1049
f 806/1331/806 789/1292/789 1018/1730/1018
f 924/1700/924 959/1782/959 1020/1732/1020
f 1002/1705/1002 1021/1733/1021 845/1392/845
f 882/1479/882 1034/1783/1034 747/1226/747
f 808/1334/808 1025/1740/1025 884/1482/884
f 1050/1784/1050 940/1785/940 899/1786/899
f 899/1709/899 927/1559/927 1051/1787/1051
f 944/1587/944 1052/1788/1052 901/1588/901
f 1052/1788/1052 980/1789/980 901/1588/901
f 930/1563/930 981/1655/981 1052/1790/1052
f 1053/1791/1053 981/1659/981 1005/1712/1005
f 755/1240/755 1054/1792/1054 904/1524/904
f 775/1271/775 946/1593/946 917/1542/917
f 732/1209/732 1039/1763/1039 946/1593/946
f 1006/1714/1006 1055/1793/1055 968/1631/968
f 995/1693/995 799/1317/799 1056/1794/1056
f 907/1795/907 935/1796/935 1057/1797/1057
f 921/1798/921 1058/1799/1058 985/1800/985
f 936/1572/936 922/1552/922 1059/1801/1059
f 910/1748/910 1009/1720/1009 836/1719/836
f 922/1552/922 911/1532/911 1060/1802/1060
f 923/1803/923 1061/1804/1061 937/1805/937
f 938/1574/938 1062/1806/1062 841/1384/841
f 1062/1806/1062 938/1574/938 1063/1807/1063
f 938/1574/938 895/1503/895 1063/1807/1063
f 859/1436/859 939/1576/939 1064/1808/1064
f 937/1573/937 1011/1723/1011 743/1221/743
f 974/1639/974 1042/1768/1042 788/1291/788
f 861/1438/861 1012/1724/1012 1013/1725/1013
f 877/1470/877 822/1357/822 974/1639/974
f 822/1357/822 1031/1752/1031 1065/1809/1065
f 1016/1728/1016 1045/1773/1045 958/1608/958
f 959/1782/959 1032/1810/1032 1066/1811/1066
f 864/1441/864 1017/1729/1017 1049/1812/1049
f 959/1782/959 1066/1811/1066 1020/1732/1020
f 1000/1704/1000 1067/1813/1067 1002/1705/1002
f 897/1707/897 1021/1814/1021 1003/1706/1003
f 915/1536/915 963/1815/963 1068/1816/1068
f 941/1817/941 1025/1818/1025 1024/1819/1024
f 940/1785/940 1050/1784/1050 942/1650/942
f 964/1623/964 1069/1820/1069 900/1621/900
f 900/1821/900 1069/1822/1069 944/1823/944
f 1069/1824/1069 992/1825/992 944/1587/944
f 944/1587/944 992/1825/992 1052/1788/1052
f 1054/1792/1054 755/1240/755 980/1653/980
f 916/1541/916 854/1592/854 1038/1826/1038
f 1070/1827/1070 917/1542/917 946/1593/946
f 1071/1828/1071 947/1594/947 932/1566/932
f 984/1671/984 934/1670/934 1041/1829/1041
f 952/1600/952 951/1599/951 953/1717/953
f 920/1830/920 919/1831/919 1072/1832/1072
f 1073/1833/1073 910/1748/910 996/1747/996
f 955/1604/955 1074/1834/1074 954/1603/954
f 998/1698/998 1075/1835/1075 838/1381/838
f 998/1698/998 820/1355/820 1076/1836/1076
f 820/1355/820 859/1575/859 1076/1836/1076
f 859/1575/859 1064/1837/1064 1076/1836/1076
f 1077/1838/1077 1078/1839/1078 842/1385/842
f 1078/1840/1078 986/1841/986 842/1842/842
f 1030/1751/1030 860/1437/860 1029/1750/1029
f 1079/1843/1079 1031/1844/1031 1015/1845/1015
f 1031/1752/1031 863/1440/863 1015/1727/1015
f 1080/1846/1080 975/1847/975 1048/1848/1048
f 1018/1730/1018 1019/1731/1019 1081/1849/1081
f 1082/1850/1082 976/1643/976 1020/1732/1020
f 1083/1851/1083 765/1255/765 915/1536/915
f 1084/1852/1084 988/1682/988 960/1613/960
f 883/1511/883 1023/1736/1023 977/1645/977
f 1037/1760/1037 943/1710/943 1085/1853/1085
f 1085/1853/1085 943/1710/943 928/1560/928
f 928/1560/928 992/1690/992 1085/1853/1085
f 1085/1854/1085 992/1825/992 1069/1824/1069
f 992/1690/992 930/1563/930 1052/1790/1052
f 1086/1855/1086 929/1627/929 916/1541/916
f 993/1691/993 1087/1856/1087 945/1590/945
f 890/1494/890 947/1713/947 1039/1763/1039
f 967/1857/967 1088/1858/1088 872/1456/872
f 715/1859/715 905/1860/905 1041/1829/1041
f 1027/1745/1027 1057/1861/1057 935/1569/935
f 1007/1716/1007 1058/1799/1058 918/1767/918
f 953/1717/953 1072/1832/1072 952/1600/952
f 953/1717/953 920/1830/920 1072/1832/1072
f 918/1548/918 1058/1862/1058 921/1551/921
f 985/1800/985 1089/1863/1089 893/1864/893
f 893/1864/893 1089/1863/1089 1010/1865/1010
f 955/1604/955 838/1381/838 1075/1835/1075
f 1010/1722/1010 1090/1866/1090 956/1605/956
f 956/1605/956 1090/1866/1090 972/1637/972
f 972/1637/972 1077/1838/1077 842/1385/842
f 1063/1807/1063 895/1503/895 1091/1867/1091
f 895/1503/895 999/1699/999 1091/1867/1091
f 1014/1726/1014 1044/1772/1044 665/1103/665
f 957/1607/957 1092/1868/1092 1016/1728/1016
f 913/1534/913 1046/1774/1046 1015/1727/1015
f 823/1358/823 1045/1773/1045 1017/1729/1017
f 913/1869/913 1018/1870/1018 1047/1871/1047
f 1093/1872/1093 1048/1873/1048 1094/1874/1094
f 1094/1874/1094 1048/1873/1048 1049/1875/1049
f 1066/1876/1066 1032/1877/1032 1080/1878/1080
f 1017/1879/1017 1095/1880/1095 1049/1881/1049
f 1002/1705/1002 1096/1882/1096 1021/1733/1021
f 976/1643/976 1082/1850/1082 960/1613/960
f 846/1883/846 1034/1783/1034 1097/1884/1097
f 1021/1814/1021 1098/1885/1098 1003/1706/1003
f 1083/1851/1083 915/1536/915 1068/1816/1068
f 977/1645/977 1099/1886/1099 978/1646/978
f 988/1887/988 1084/1888/1084 1100/1889/1100
f 846/1647/846 1097/1890/1097 961/1616/961
f 1101/1891/1101 1102/1892/1102 990/1739/990
f 1024/1738/1024 1101/1891/1101 990/1739/990
f 979/1648/979 1103/1893/1103 808/1334/808
f 1104/1894/1104 963/1895/963 885/1896/885
f 1104/1894/1104 885/1896/885 1036/1897/1036
f 1025/1818/1025 1105/1898/1105 1024/1819/1024
f 899/1709/899 1051/1787/1051 1106/1899/1106
f 1051/1787/1051 927/1559/927 1037/1760/1037
f 991/1900/991 1069/1901/1069 964/1902/964
f 1037/1903/1037 1085/1854/1085 1107/1904/1107
f 1004/1711/1004 1108/1905/1108 965/1624/965
f 1108/1905/1108 966/1626/966 965/1624/965
f 966/1761/966 1109/1906/1109 993/1691/993
f 981/1655/981 1053/1907/1053 1052/1790/1052
f 945/1658/945 1087/1908/1087 1005/1712/1005
f 916/1541/916 1038/1826/1038 1110/1909/1110
f 948/1595/948 1111/1910/1111 932/1566/932
f 995/1911/995 949/1596/949 698/1153/698
f 933/1567/933 1040/1764/1040 1112/1912/1112
f 995/1911/995 1056/1913/1056 949/1596/949
f 799/1317/799 984/1669/984 1113/1914/1113
f 907/1527/907 1057/1915/1057 906/1526/906
f 952/1600/952 1072/1832/1072 996/1747/996
f 971/1916/971 936/1917/936 1114/1918/1114
f 919/1831/919 1008/1919/1008 1072/1832/1072
f 910/1748/910 1073/1833/1073 1009/1720/1009
f 954/1603/954 1074/1834/1074 1008/1718/1008
f 837/1920/837 1115/1921/1115 1028/1922/1028
f 839/1382/839 1116/1923/1116 911/1532/911
f 894/1924/894 1117/1925/1117 1118/1926/1118
f 839/1382/839 841/1384/841 1062/1806/1062
f 894/1927/894 1118/1928/1118 923/1803/923
f 939/1929/939 986/1841/986 1119/1930/1119
f 939/1929/939 1120/1931/1120 1064/1932/1064
f 1120/1931/1120 939/1929/939 1119/1930/1119
f 1091/1867/1091 999/1699/999 987/1680/987
f 1042/1768/1042 974/1639/974 1121/1933/1121
f 974/1639/974 822/1357/822 1065/1809/1065
f 1122/1934/1122 1016/1728/1016 1092/1868/1092
f 1122/1934/1122 1045/1773/1045 1016/1728/1016
f 1123/1935/1123 1047/1871/1047 1018/1870/1018
f 1080/1936/1080 1032/1937/1032 975/223/975
f 1080/1878/1080 1124/1938/1124 1066/1876/1066
f 1020/1939/1020 1066/1876/1066 1124/1938/1124
f 989/1940/989 988/1941/988 1100/760/1100
f 1003/1706/1003 1125/1942/1125 979/1648/979
f 1126/1943/1126 1103/1893/1103 979/1648/979
f 1127/1944/1127 1104/1894/1104 1036/1897/1036
f 1103/1893/1103 1025/1740/1025 808/1334/808
f 1050/1784/1050 899/1786/899 1106/1945/1106
f 942/1650/942 1050/1784/1050 1036/1758/1036
f 1102/1946/1102 991/1686/991 990/1688/990
f 1102/1947/1102 1128/1948/1128 991/1949/991
f 1129/1950/1129 1053/1791/1053 1005/1712/1005
f 1054/1792/1054 982/1660/982 904/1524/904
f 1130/1951/1130 946/1593/946 1039/1763/1039
f 872/1456/872 1111/1910/1111 948/1595/948
f 1131/1952/1131 1055/1953/1055 1006/1744/1006
f 1132/1954/1132 830/1371/830 906/1526/906
f 1133/1955/1133 1057/1956/1057 1027/1957/1027
f 950/1695/950 971/1916/971 1007/1716/1007
f 1134/1958/1134 985/1800/985 1058/1799/1058
f 1072/1832/1072 1073/1833/1073 996/1747/996
f 936/1917/936 1059/1959/1059 1114/1918/1114
f 1135/1960/1135 1008/1919/1008 1074/1961/1074
f 1115/1962/1115 837/1380/837 997/1697/997
f 1117/1963/1117 894/1927/894 1028/1922/1028
f 1136/1964/1136 1075/1835/1075 998/1698/998
f 1137/1965/1137 972/1966/972 1090/1967/1090
f 1061/1804/1061 923/1803/923 1118/1928/1118
f 1138/1968/1138 1064/1932/1064 1120/1931/1120
f 1139/1969/1139 1091/1970/1091 987/1971/987
f 1043/1972/1043 1044/1772/1044 1014/1726/1014
f 1049/1875/1049 1095/1973/1095 1094/1874/1094
f 1001/1703/1001 1033/1754/1033 1140/1974/1140
f 1067/1813/1067 1096/1882/1096 1002/1705/1002
f 1141/1975/1141 925/1555/925 989/1683/989
f 1082/1850/1082 1142/1976/1142 960/1613/960
f 1068/1977/1068 963/1978/963 1104/1979/1104
f 1103/1980/1103 1105/1898/1105 1025/1818/1025
f 991/1981/991 1128/1982/1128 1069/1983/1069
f 1109/1984/1109 1143/1985/1143 993/1986/993
f 929/1627/929 1086/1855/1086 1144/1987/1144
f 980/1988/980 1052/1989/1052 1145/1990/1145
f 980/1991/980 1145/1992/1145 1054/1993/1054
f 1086/1855/1086 916/1541/916 1110/1909/1110
f 1087/1994/1087 1129/1995/1129 1005/1996/1005
f 1026/1743/1026 917/1542/917 1070/1827/1070
f 1146/1997/1146 871/1455/871 982/1660/982
f 967/1629/967 1147/1998/1147 1088/1999/1088
f 1071/1828/1071 1039/2000/1039 947/1594/947
f 983/1668/983 830/1371/830 994/2001/994
f 856/2002/856 1148/2003/1148 1027/1957/1027
f 1007/1716/1007 971/1916/971 1114/1918/1114
f 1072/1832/1072 1008/1919/1008 1073/1833/1073
f 1008/1919/1008 1135/1960/1135 1073/1833/1073
f 922/1552/922 1060/1802/1060 1059/1801/1059
f 1060/1802/1060 911/1532/911 1149/2004/1149
f 1149/2004/1149 911/1532/911 1116/1923/1116
f 998/1698/998 1076/1836/1076 1150/2005/1150
f 1119/1930/1119 986/1841/986 1151/2006/1151
f 986/1841/986 1078/1840/1078 1151/2006/1151
f 1152/2007/1152 1030/2008/1030 1029/2009/1029
f 974/1639/974 1065/1809/1065 1121/1933/1121
f 1153/2010/1153 1092/1868/1092 957/1607/957
f 1046/1774/1046 1047/1775/1047 1154/2011/1154
f 1048/1848/1048 1093/2012/1093 1155/2013/1155
f 1048/1848/1048 1155/2013/1155 1080/1846/1080
f 1095/1880/1095 1017/1879/1017 1156/2014/1156
f 1021/1814/1021 1157/2015/1157 1098/1885/1098
f 1100/2016/1100 1024/1819/1024 1105/1898/1105
f 1084/2017/1084 1024/1819/1024 1100/2016/1100
f 1050/2018/1050 1158/2019/1158 1036/1897/1036
f 1050/2020/1050 1106/2021/1106 1159/2022/1159
f 962/1734/962 1160/2023/1160 1035/2024/1035
f 1035/1757/1035 1022/1759/1022 898/1512/898
f 1051/2025/1051 1037/1903/1037 1161/2026/1161
f 1037/1903/1037 1107/1904/1107 1161/2026/1161
f 1108/2027/1108 1109/1906/1109 966/1761/966
f 1004/2028/1004 929/1627/929 1144/1987/1144
f 1145/1990/1145 1052/1989/1052 1053/1791/1053
f 993/1986/993 1143/1985/1143 1087/2029/1087
f 1162/2030/1162 1087/2029/1087 1143/1985/1143
f 946/1593/946 1130/1951/1130 1070/1827/1070
f 1071/2031/1071 932/2032/932 1111/2033/1111
f 1163/2034/1163 968/1631/968 1055/1793/1055
f 969/1633/969 1164/2035/1164 855/1423/855
f 1007/1716/1007 1114/1918/1114 1058/1799/1058
f 1134/1958/1134 1058/1799/1058 1114/1918/1114
f 1134/1958/1134 1089/1863/1089 985/1800/985
f 1059/1959/1059 1060/2036/1060 1165/2037/1165
f 1074/1961/1074 955/2038/955 1166/2039/1166
f 955/2038/955 1075/2040/1075 1166/2039/1166
f 1061/1804/1061 1167/2041/1167 937/1805/937
f 1168/2042/1168 1169/2043/1169 1077/2044/1077
f 1169/2043/1169 1078/1840/1078 1077/2044/1077
f 1170/2045/1170 937/1805/937 1167/2041/1167
f 1170/2045/1170 1011/2046/1011 937/1805/937
f 1121/2047/1121 1065/2048/1065 1171/2049/1171
f 1153/2010/1153 957/1607/957 1044/1772/1044
f 1015/1727/1015 1046/1774/1046 1154/2011/1154
f 1093/1872/1093 1094/1874/1094 1155/2050/1155
f 1047/1775/1047 1123/2051/1123 1154/2011/1154
f 1172/2052/1172 1094/1874/1094 1095/1973/1095
f 1173/2053/1173 1124/2054/1124 1080/1846/1080
f 1124/2054/1124 1174/2055/1174 1020/2056/1020
f 1175/2057/1175 1082/1850/1082 1020/1732/1020
f 1176/2058/1176 1140/1974/1140 1033/1754/1033
f 1019/1731/1019 765/1255/765 1083/1851/1083
f 882/1479/882 978/1681/978 1034/1783/1034
f 1142/1976/1142 1084/1852/1084 960/1613/960
f 1084/2017/1084 1101/2059/1101 1024/1819/1024
f 1125/1942/1125 1126/1943/1126 979/1648/979
f 1159/2060/1159 1158/2061/1158 1050/2062/1050
f 1099/1886/1099 977/1645/977 1023/1736/1023
f 1143/1985/1143 1177/2063/1177 1162/2030/1162
f 1110/1909/1110 1038/1826/1038 1178/2064/1178
f 1038/2065/1038 1070/2066/1070 1178/2067/1178
f 1026/2068/1026 1070/2066/1070 1038/2065/1038
f 1178/2067/1178 1070/2066/1070 1179/2069/1179
f 1070/2066/1070 1130/2070/1130 1179/2069/1179
f 1179/2069/1179 1130/2070/1130 1180/2071/1180
f 949/1596/949 1056/1913/1056 1181/2072/1181
f 830/1371/830 1132/1954/1132 1182/2073/1182
f 1164/2035/1164 856/1424/856 855/1423/855
f 1132/2074/1132 906/1939/906 1057/1956/1057
f 905/1860/905 1183/2075/1183 1041/1829/1041
f 1148/2003/1148 1133/1955/1133 1027/1957/1027
f 1114/1918/1114 1059/1959/1059 1134/1958/1134
f 1074/1961/1074 1184/2076/1184 1135/1960/1135
f 1184/2076/1184 1115/1921/1115 997/1721/997
f 1115/1921/1115 1117/1963/1117 1028/1922/1028
f 839/1382/839 1062/1806/1062 1116/1923/1116
f 972/1966/972 1137/1965/1137 1185/2077/1185
f 1185/2077/1185 1077/2044/1077 972/1966/972
f 1064/1837/1064 1186/2078/1186 1076/1836/1076
f 1170/2045/1170 1029/2009/1029 1011/2046/1011
f 1170/2045/1170 1152/2007/1152 1029/2009/1029
f 1138/1968/1138 1120/1931/1120 1187/2079/1187
f 1012/2080/1012 1188/2081/1188 1013/1769/1013
f 1171/2049/1171 1065/2048/1065 1189/2082/1189
f 1065/1809/1065 1031/1752/1031 1189/2083/1189
f 1017/1729/1017 1190/2084/1190 1156/2085/1156
f 1123/1935/1123 1018/1870/1018 1191/2086/1191
f 1173/2053/1173 1174/2055/1174 1124/2054/1124
f 1096/2087/1096 1192/2088/1192 1157/2089/1157
f 1096/2087/1096 1157/2089/1157 1021/2090/1021
f 1098/1885/1098 1125/1942/1125 1003/1706/1003
f 1127/1944/1127 1036/1897/1036 1158/2019/1158
f 1193/2091/1193 1161/2026/1161 1107/1904/1107
f 1128/1948/1128 1085/1854/1085 1069/1824/1069
f 1109/1984/1109 1194/2092/1194 1143/1985/1143
f 1143/1985/1143 1194/2092/1194 1177/2063/1177
f 1087/2093/1087 1162/2094/1162 1129/2095/1129
f 1179/2069/1179 1180/2071/1180 1195/2096/1195
f 871/1455/871 1146/1997/1146 967/1629/967
f 967/1629/967 1146/1997/1146 1147/1998/1147
f 1180/2071/1180 1196/2097/1196 1195/2096/1195
f 1196/2097/1196 1039/2098/1039 1071/2099/1071
f 949/1596/949 1131/1952/1131 1006/1744/1006
f 776/1272/776 994/1692/994 1040/1764/1040
f 968/1631/968 1163/2034/1163 905/1525/905
f 1113/1914/1113 1056/1794/1056 799/1317/799
f 1164/2100/1164 1148/2003/1148 856/2002/856
f 1059/1959/1059 1165/2037/1165 1134/1958/1134
f 1134/1958/1134 1165/2037/1165 1089/1863/1089
f 1073/1833/1073 1135/1960/1135 1009/1720/1009
f 997/1721/997 1009/1720/1009 1184/2076/1184
f 1135/1960/1135 1184/2076/1184 1009/1720/1009
f 1074/1961/1074 1166/2039/1166 1184/2076/1184
f 1089/1863/1089 1197/2101/1197 1010/1865/1010
f 1010/1865/1010 1197/2101/1197 1090/1967/1090
f 998/1698/998 1150/2005/1150 1136/1964/1136
f 1077/2044/1077 1185/2077/1185 1168/2042/1168
f 1064/1837/1064 1138/2102/1138 1186/2078/1186
f 1138/1968/1138 1198/2103/1198 1199/2104/1199
f 1169/2043/1169 1151/2006/1151 1078/1840/1078
f 1151/2006/1151 1200/2105/1200 1119/1930/1119
f 1119/1930/1119 1201/2106/1201 1120/1931/1120
f 1151/2006/1151 1169/2043/1169 1202/2107/1202
f 1138/1968/1138 1187/2079/1187 1198/2103/1198
f 1120/1931/1120 1201/2106/1201 1187/2079/1187
f 987/1971/987 1042/2108/1042 1139/1969/1139
f 1030/2008/1030 1188/2081/1188 1012/2080/1012
f 1013/1769/1013 1203/2109/1203 1043/1770/1043
f 1015/1845/1015 1154/2110/1154 1079/1843/1079
f 1122/1934/1122 1190/2084/1190 1045/1773/1045
f 1045/1773/1045 1190/2084/1190 1017/1729/1017
f 1155/2013/1155 1173/2053/1173 1080/1846/1080
f 1191/2111/1191 1018/1730/1018 1081/1849/1081
f 1000/1701/1000 1001/1703/1001 1204/2112/1204
f 1000/1704/1000 1204/2113/1204 1067/1813/1067
f 1174/2114/1174 1175/2115/1175 1020/2116/1020
f 1067/1813/1067 1205/2117/1205 1096/1882/1096
f 1081/1849/1081 1019/1731/1019 1083/1851/1083
f 925/1555/925 1141/1975/1141 1033/1754/1033
f 989/1940/989 1100/760/1100 1141/2118/1141
f 1142/2119/1142 1101/2059/1101 1084/2017/1084
f 1101/1891/1101 1206/2120/1206 1102/1892/1102
f 1126/2121/1126 1207/2122/1207 1103/1980/1103
f 1102/1892/1102 1206/2120/1206 1193/2123/1193
f 962/1734/962 1208/2124/1208 1160/2023/1160
f 1022/1735/1022 1209/2125/1209 1023/1736/1023
f 1193/2091/1193 1051/2025/1051 1161/2026/1161
f 1102/1947/1102 1193/2091/1193 1128/1948/1128
f 1086/2126/1086 1110/2127/1110 1210/2128/1210
f 1054/1993/1054 1211/2129/1211 982/2130/982
f 1178/2067/1178 1179/2069/1179 1212/2131/1212
f 1213/2132/1213 1214/2133/1214 1215/2134/1215
f 1196/2097/1196 1215/2134/1215 1195/2096/1195
f 1130/2070/1130 1039/2098/1039 1196/2097/1196
f 1130/2070/1130 1196/2097/1196 1180/2071/1180
f 1111/1910/1111 872/1456/872 1088/1858/1088
f 1111/1910/1111 1088/1858/1088 1216/2135/1216
f 830/1371/830 1182/2073/1182 994/2001/994
f 1089/1863/1089 1165/2037/1165 1197/2101/1197
f 1165/2037/1165 1060/2036/1060 1197/2101/1197
f 1197/2101/1197 1060/2036/1060 1149/2136/1149
f 1091/1970/1091 1217/2137/1217 1063/2138/1063
f 1170/2045/1170 1218/2139/1218 1152/2007/1152
f 1151/2006/1151 1202/2107/1202 1200/2105/1200
f 1219/2140/1219 1220/2141/1220 1202/2107/1202
f 1042/2108/1042 1220/2141/1220 1139/1969/1139
f 1152/2007/1152 1221/2142/1221 1030/2008/1030
f 1220/2141/1220 1042/2108/1042 1121/2047/1121
f 1188/2081/1188 1222/2143/1222 1013/1769/1013
f 1203/2109/1203 1044/2144/1044 1043/1770/1043
f 1154/2011/1154 1223/2145/1223 1079/2146/1079
f 1123/2051/1123 1223/2145/1223 1154/2011/1154
f 1155/2050/1155 1094/1874/1094 1224/2147/1224
f 1123/2051/1123 1191/2111/1191 1223/2145/1223
f 1225/2148/1225 1142/1976/1142 1082/1850/1082
f 1068/1816/1068 1226/2149/1226 1083/1851/1083
f 1100/2016/1100 1105/1898/1105 1227/2150/1227
f 1104/1894/1104 1127/1944/1127 1226/2151/1226
f 1104/1894/1104 1226/2151/1226 1068/2152/1068
f 1035/1757/1035 1209/2153/1209 1022/1759/1022
f 1107/1904/1107 1128/1948/1128 1193/2091/1193
f 1085/1854/1085 1128/1948/1128 1107/1904/1107
f 1004/2154/1004 1109/1984/1109 1108/2155/1108
f 1145/1990/1145 1053/1791/1053 1228/2156/1228
f 1177/2063/1177 1229/2157/1229 1230/2158/1230
f 1212/2131/1212 1110/2127/1110 1178/2067/1178
f 1230/2158/1230 1229/2157/1229 1231/2159/1231
f 1211/2160/1211 1146/1997/1146 982/1660/982
f 1212/2131/1212 1179/2069/1179 1232/2161/1232
f 1215/2162/1215 1233/2163/1233 1213/2164/1213
f 1196/2165/1196 1071/2031/1071 1216/2166/1216
f 1111/2033/1111 1216/2166/1216 1071/2031/1071
f 1184/2076/1184 1166/2039/1166 1234/2167/1234
f 1090/1967/1090 1197/2101/1197 1137/1965/1137
f 1149/2136/1149 1116/2168/1116 1197/2101/1197
f 1166/2039/1166 1075/2040/1075 1234/2167/1234
f 1184/2076/1184 1234/2167/1234 1115/1921/1115
f 1197/2101/1197 1116/2168/1116 1235/2169/1235
f 1075/2040/1075 1136/2170/1136 1234/2167/1234
f 1062/2171/1062 1235/2169/1235 1116/2168/1116
f 1199/2104/1199 1186/2172/1186 1138/1968/1138
f 1217/2137/1217 1139/1969/1139 1219/2140/1219
f 1091/1970/1091 1139/1969/1139 1217/2137/1217
f 1170/2045/1170 1236/2173/1236 1218/2139/1218
f 1169/2043/1169 1219/2140/1219 1202/2107/1202
f 1237/2174/1237 1238/2175/1238 1198/2103/1198
f 1220/2141/1220 1219/2140/1219 1139/1969/1139
f 1198/2103/1198 1187/2079/1187 1237/2174/1237
f 1187/2079/1187 1239/2176/1239 1237/2174/1237
f 1237/2174/1237 1239/2176/1239 1238/2175/1238
f 1187/2079/1187 1240/2177/1240 1239/2176/1239
f 1202/2107/1202 1220/2141/1220 1200/2105/1200
f 1220/2141/1220 1241/2178/1241 1200/2105/1200
f 1030/2008/1030 1221/2142/1221 1188/2081/1188
f 1222/2143/1222 1203/2109/1203 1013/1769/1013
f 1031/1752/1031 1079/2146/1079 1242/2179/1242
f 1094/2180/1094 1172/178/1172 1224/2181/1224
f 1175/2057/1175 1225/2148/1225 1082/1850/1082
f 978/1681/978 1243/2182/1243 1034/1783/1034
f 1125/1942/1125 1098/1885/1098 1244/2183/1244
f 1245/2184/1245 1126/1943/1126 1125/1942/1125
f 1141/2185/1141 1100/2016/1100 1227/2150/1227
f 1206/2186/1206 1101/2187/1101 1142/1976/1142
f 1207/2122/1207 1227/2150/1227 1103/1980/1103
f 1105/1898/1105 1103/1980/1103 1227/2150/1227
f 1246/2188/1246 1159/2060/1159 1106/2189/1106
f 1208/2124/1208 962/1734/962 961/1616/961
f 1247/2190/1247 1051/2191/1051 1193/2123/1193
f 1086/2126/1086 1248/2192/1248 1144/2193/1144
f 1210/2128/1210 1248/2192/1248 1086/2126/1086
f 1053/1791/1053 1129/1950/1129 1228/2156/1228
f 1249/2194/1249 1177/2195/1177 1194/2196/1194
f 1162/2030/1162 1230/2158/1230 1129/2197/1129
f 1250/2198/1250 1110/2127/1110 1212/2131/1212
f 1249/2199/1249 1229/2157/1229 1177/2063/1177
f 1212/2131/1212 1251/2200/1251 1250/2198/1250
f 1231/2159/1231 1229/2157/1229 1252/2201/1252
f 1252/2201/1252 1229/2157/1229 1251/2200/1251
f 1251/2200/1251 1212/2131/1212 1232/2161/1232
f 1231/2159/1231 1253/2202/1253 1214/2133/1214
f 1179/2069/1179 1195/2096/1195 1232/2161/1232
f 1214/2133/1214 1253/2202/1253 1215/2134/1215
f 1215/2134/1215 1253/2202/1253 1195/2096/1195
f 1254/2203/1254 1214/2204/1214 1213/2205/1213
f 1216/2206/1216 1233/2207/1233 1215/2208/1215
f 1215/2209/1215 1196/2210/1196 1216/2211/1216
f 1113/1914/1113 1255/2212/1255 1056/1794/1056
f 984/1671/984 1041/1829/1041 1183/2075/1183
f 1115/1921/1115 1234/2167/1234 1117/1963/1117
f 1256/2213/1256 1136/2170/1136 1150/2214/1150
f 1062/2171/1062 1063/2138/1063 1235/2169/1235
f 1257/2215/1257 1150/2214/1150 1076/2216/1076
f 1167/2041/1167 1236/2173/1236 1170/2045/1170
f 1236/2173/1236 1238/2175/1238 1218/2139/1218
f 1201/2106/1201 1119/1930/1119 1200/2105/1200
f 1238/2175/1238 1239/2176/1239 1218/2139/1218
f 1187/2079/1187 1201/2106/1201 1240/2177/1240
f 1152/2007/1152 1218/2139/1218 1239/2176/1239
f 1258/2217/1258 1239/2176/1239 1240/2177/1240
f 1152/2007/1152 1258/2217/1258 1221/2142/1221
f 1152/2007/1152 1239/2176/1239 1258/2217/1258
f 1121/2047/1121 1259/2218/1259 1220/2141/1220
f 1153/2219/1153 1044/2144/1044 1203/2109/1203
f 1260/2220/1260 1079/2146/1079 1261/2221/1261
f 1079/2222/1079 1223/2223/1223 1261/2224/1261
f 1155/2225/1155 1224/2226/1224 1173/2227/1173
f 1172/2228/1172 1095/2229/1095 1156/2230/1156
f 1140/1974/1140 1204/2112/1204 1001/1703/1001
f 1262/2231/1262 1191/2111/1191 1081/1849/1081
f 1174/2114/1174 1263/2232/1263 1175/2115/1175
f 1264/2233/1264 1140/1974/1140 1176/2058/1176
f 1176/2234/1176 1033/2235/1033 1141/2236/1141
f 1265/2237/1265 1159/2060/1159 1246/2188/1246
f 1097/1890/1097 1208/2124/1208 961/1616/961
f 1144/2193/1144 1248/2192/1248 1194/2092/1194
f 1145/1992/1145 1228/2238/1228 1054/1993/1054
f 1210/2128/1210 1110/2127/1110 1250/2198/1250
f 1162/2030/1162 1177/2063/1177 1230/2158/1230
f 1249/2199/1249 1251/2200/1251 1229/2157/1229
f 1231/2159/1231 1252/2201/1252 1253/2202/1253
f 1251/2200/1251 1232/2161/1232 1252/2201/1252
f 1232/2161/1232 1195/2096/1195 1252/2201/1252
f 1252/2201/1252 1195/2096/1195 1253/2202/1253
f 1233/2207/1233 1216/2206/1216 1266/2239/1266
f 933/1632/933 1112/2240/1112 969/1633/969
f 969/1633/969 1267/2241/1267 1164/2035/1164
f 1183/2075/1183 1113/2242/1113 984/1671/984
f 1197/2101/1197 1235/2169/1235 1137/1965/1137
f 1117/1963/1117 1234/2167/1234 1256/2213/1256
f 1136/2170/1136 1256/2213/1256 1234/2167/1234
f 1117/1963/1117 1256/2213/1256 1118/1928/1118
f 1235/2169/1235 1063/2138/1063 1268/2243/1268
f 1061/1804/1061 1118/1928/1118 1257/2215/1257
f 1063/2138/1063 1217/2137/1217 1268/2243/1268
f 1076/2216/1076 1186/2172/1186 1257/2215/1257
f 1168/2042/1168 1269/2244/1269 1169/2043/1169
f 1217/2137/1217 1219/2140/1219 1269/2244/1269
f 1269/2244/1269 1219/2140/1219 1169/2043/1169
f 1199/2104/1199 1198/2103/1198 1238/2175/1238
f 1200/2105/1200 1241/2178/1241 1201/2106/1201
f 1221/2142/1221 1270/2245/1270 1188/2081/1188
f 1271/2246/1271 1171/2049/1171 1189/2082/1189
f 1031/1752/1031 1242/2179/1242 1189/2083/1189
f 1272/2247/1272 1190/2084/1190 1122/1934/1122
f 1067/1813/1067 1204/2113/1204 1205/2117/1205
f 1205/2248/1205 1192/2088/1192 1096/2087/1096
f 1034/1783/1034 1273/2249/1273 1097/1884/1097
f 1157/2015/1157 1274/2250/1274 1098/1885/1098
f 1098/1885/1098 1274/2250/1274 1244/2183/1244
f 978/1646/978 1099/1886/1099 1275/2251/1275
f 1023/1736/1023 1275/2251/1275 1099/1886/1099
f 1206/2120/1206 1276/2252/1276 1193/2123/1193
f 1004/2154/1004 1194/2092/1194 1109/1984/1109
f 1004/2154/1004 1144/2193/1144 1194/2092/1194
f 1194/2092/1194 1248/2192/1248 1249/2199/1249
f 1054/1993/1054 1228/2238/1228 1211/2129/1211
f 1230/2253/1230 1277/2254/1277 1129/2255/1129
f 1211/2160/1211 1278/2256/1278 1146/1997/1146
f 1213/2164/1213 1233/2163/1233 1254/2257/1254
f 1279/2258/1279 1216/2135/1216 1088/1858/1088
f 1057/1956/1057 1133/1955/1133 1132/2074/1132
f 1183/2075/1183 1255/2259/1255 1113/2242/1113
f 1148/2003/1148 1280/2260/1280 1133/1955/1133
f 1137/1965/1137 1235/2169/1235 1185/2077/1185
f 1256/2213/1256 1257/2215/1257 1118/1928/1118
f 1235/2169/1235 1268/2243/1268 1185/2077/1185
f 1150/2214/1150 1257/2215/1257 1256/2213/1256
f 1268/2243/1268 1168/2042/1168 1185/2077/1185
f 1167/2041/1167 1061/1804/1061 1281/2261/1281
f 1268/2243/1268 1269/2244/1269 1168/2042/1168
f 1217/2137/1217 1269/2244/1269 1268/2243/1268
f 1281/2261/1281 1236/2173/1236 1167/2041/1167
f 1236/2173/1236 1199/2104/1199 1238/2175/1238
f 1186/2172/1186 1199/2104/1199 1236/2173/1236
f 1201/2106/1201 1241/2178/1241 1240/2177/1240
f 1240/2177/1240 1282/2262/1282 1258/2217/1258
f 1220/2141/1220 1259/2218/1259 1241/2178/1241
f 1258/2217/1258 1270/2245/1270 1221/2142/1221
f 1188/2081/1188 1270/2245/1270 1222/2143/1222
f 1203/2109/1203 1283/2263/1283 1284/2264/1284
f 1079/2146/1079 1260/2220/1260 1242/2179/1242
f 1203/2109/1203 1284/2264/1284 1153/2219/1153
f 1173/2227/1173 1224/2226/1224 1174/2114/1174
f 1204/2112/1204 1140/1974/1140 1285/2265/1285
f 1174/2114/1174 1286/2266/1286 1263/2232/1263
f 1083/1851/1083 1287/2267/1287 1081/1849/1081
f 1141/2236/1141 1288/2268/1288 1176/2234/1176
f 1243/2269/1243 978/1646/978 1275/2251/1275
f 1244/2183/1244 1245/2184/1245 1125/1942/1125
f 1245/2270/1245 1207/2122/1207 1126/2121/1126
f 1289/2271/1289 1127/2272/1127 1158/2061/1158
f 1290/2273/1290 1208/2124/1208 1097/1890/1097
f 1246/2274/1246 1106/1899/1106 1291/2275/1291
f 1106/1899/1106 1051/1787/1051 1247/2276/1247
f 1277/2254/1277 1228/2277/1228 1129/2255/1129
f 1210/2278/1210 1250/2279/1250 1292/2280/1292
f 1251/2200/1251 1249/2199/1249 1250/2198/1250
f 1230/2253/1230 1231/2281/1231 1277/2254/1277
f 1254/2203/1254 1231/2281/1231 1214/2204/1214
f 1278/2256/1278 1147/1998/1147 1146/1997/1146
f 1040/1764/1040 994/1692/994 1293/2282/1293
f 1112/2240/1112 1267/2241/1267 969/1633/969
f 1055/1793/1055 1294/2283/1294 1163/2034/1163
f 1281/2261/1281 1061/1804/1061 1257/2215/1257
f 1281/2261/1281 1186/2172/1186 1236/2173/1236
f 1259/2218/1259 1121/2047/1121 1271/2246/1271
f 1121/2047/1121 1171/2049/1171 1271/2246/1271
f 1270/2245/1270 1203/2109/1203 1222/2143/1222
f 1284/2264/1284 1295/2284/1295 1153/2219/1153
f 1296/2285/1296 1223/2145/1223 1191/2111/1191
f 1224/2226/1224 1172/2286/1172 1174/2114/1174
f 1286/2266/1286 1174/2114/1174 1172/2286/1172
f 1296/2285/1296 1191/2111/1191 1262/2231/1262
f 1286/2266/1286 1172/2286/1172 1156/2287/1156
f 1262/2231/1262 1081/1849/1081 1287/2267/1287
f 1288/2268/1288 1264/2288/1264 1176/2234/1176
f 1287/2267/1287 1083/1851/1083 1226/2149/1226
f 1142/1976/1142 1225/2148/1225 1297/2289/1297
f 1298/2290/1298 1141/2185/1141 1299/2291/1299
f 1290/2292/1290 1097/1884/1097 1273/2249/1273
f 1106/1899/1106 1247/2276/1247 1291/2275/1291
f 1247/2190/1247 1193/2123/1193 1276/2252/1276
f 1248/2293/1248 1210/2294/1210 1292/2295/1292
f 1277/2296/1277 1211/2129/1211 1228/2238/1228
f 1211/2129/1211 1277/2296/1277 1278/2297/1278
f 1254/2298/1254 1233/2207/1233 1266/2239/1266
f 1279/2299/1279 1088/2300/1088 1147/2301/1147
f 1266/2302/1266 1216/2303/1216 1279/2299/1279
f 905/1860/905 1163/2304/1163 1183/2075/1183
f 1148/2003/1148 1267/2305/1267 1280/2260/1280
f 1186/2172/1186 1281/2261/1281 1257/2215/1257
f 1240/2177/1240 1300/2306/1300 1282/2262/1282
f 1259/2218/1259 1300/2306/1300 1241/2178/1241
f 1259/2218/1259 1271/2246/1271 1301/2307/1301
f 1302/2308/1302 1283/2263/1283 1270/2245/1270
f 1270/2245/1270 1283/2263/1283 1203/2109/1203
f 1303/2309/1303 1284/2264/1284 1283/2263/1283
f 1304/2310/1304 1271/2311/1271 1189/2312/1189
f 1284/2264/1284 1305/2313/1305 1295/2284/1295
f 1295/2284/1295 1092/2314/1092 1153/2219/1153
f 1092/1868/1092 1272/2247/1272 1122/1934/1122
f 1260/2315/1260 1261/2224/1261 1306/2316/1306
f 1204/2112/1204 1285/2265/1285 1205/2317/1205
f 1285/2265/1285 1307/2318/1307 1205/2317/1205
f 1264/2233/1264 1308/2319/1308 1140/1974/1140
f 1262/2231/1262 1287/2267/1287 1309/2320/1309
f 1205/2248/1205 1307/2321/1307 1192/2088/1192
f 1286/2266/1286 1310/2322/1310 1263/2232/1263
f 1263/2232/1263 1225/2323/1225 1175/2115/1175
f 1141/2185/1141 1227/2150/1227 1299/2291/1299
f 1227/2150/1227 1207/2122/1207 1299/2291/1299
f 1244/2183/1244 1311/2324/1311 1245/2184/1245
f 1158/2061/1158 1159/2060/1159 1289/2271/1289
f 1023/1736/1023 1312/2325/1312 1275/2251/1275
f 1248/2192/1248 1292/2326/1292 1249/2199/1249
f 1231/2281/1231 1254/2203/1254 1277/2254/1277
f 1277/2296/1277 1254/2327/1254 1278/2297/1278
f 1278/2297/1278 1279/2299/1279 1147/2301/1147
f 1131/2328/1131 1313/2329/1313 1055/2330/1055
f 1181/2072/1181 1131/1952/1131 949/1596/949
f 1055/1793/1055 1313/2331/1313 1294/2283/1294
f 1280/2260/1280 1314/2332/1314 1133/1955/1133
f 1241/2178/1241 1300/2306/1300 1240/2177/1240
f 1300/2306/1300 1259/2218/1259 1301/2307/1301
f 1282/2262/1282 1270/2245/1270 1258/2217/1258
f 1283/2263/1283 1302/2308/1302 1303/2309/1303
f 1284/2264/1284 1315/2333/1315 1305/2313/1305
f 1261/2224/1261 1296/2334/1296 1316/2335/1316
f 1223/2223/1223 1296/2334/1296 1261/2224/1261
f 1190/2084/1190 1317/2336/1317 1156/2085/1156
f 1317/2337/1317 1286/2266/1286 1156/2287/1156
f 1286/2266/1286 1318/2338/1318 1310/2322/1310
f 1288/2339/1288 1141/2185/1141 1298/2290/1298
f 1245/2340/1245 1311/2341/1311 1207/2342/1207
f 1297/2289/1297 1206/2186/1206 1142/1976/1142
f 1319/2343/1319 1246/2188/1246 1291/2344/1291
f 1023/1736/1023 1209/2125/1209 1312/2325/1312
f 1249/2199/1249 1292/2326/1292 1250/2198/1250
f 1254/2327/1254 1266/2302/1266 1278/2297/1278
f 1278/2297/1278 1266/2302/1266 1279/2299/1279
f 994/2001/994 1182/2073/1182 1293/2345/1293
f 1056/1794/1056 1255/2212/1255 1181/2346/1181
f 1132/2074/1132 1133/1955/1133 1314/2332/1314
f 1320/2347/1320 1302/2308/1302 1282/2262/1282
f 1270/2245/1270 1282/2262/1282 1302/2308/1302
f 1301/2307/1301 1271/2246/1271 1304/2348/1304
f 1302/2308/1302 1320/2347/1320 1321/2349/1321
f 1321/2349/1321 1303/2309/1303 1302/2308/1302
f 1295/2284/1295 1322/2350/1322 1092/2314/1092
f 1306/2316/1306 1261/2224/1261 1316/2335/1316
f 1310/2322/1310 1323/2351/1323 1263/2232/1263
f 1263/2232/1263 1323/2351/1323 1225/2323/1225
f 1289/2271/1289 1159/2060/1159 1265/2237/1265
f 1207/2342/1207 1311/2341/1311 1299/2352/1299
f 1324/2353/1324 1319/2343/1319 1325/2354/1325
f 1319/2343/1319 1291/2344/1291 1325/2354/1325
f 1040/1764/1040 1293/2282/1293 1112/1912/1112
f 1164/2100/1164 1267/2305/1267 1148/2003/1148
f 1300/2306/1300 1320/2347/1320 1282/2262/1282
f 1301/2307/1301 1320/2347/1320 1300/2306/1300
f 1321/2349/1321 1315/2333/1315 1303/2309/1303
f 1303/2309/1303 1315/2333/1315 1284/2264/1284
f 1322/2350/1322 1295/2284/1295 1305/2313/1305
f 1322/2350/1322 1272/2355/1272 1092/2314/1092
f 1326/2356/1326 1190/2084/1190 1272/2247/1272
f 1317/2336/1317 1190/2084/1190 1326/2356/1326
f 1285/2265/1285 1140/1974/1140 1308/2319/1308
f 1309/2357/1309 1327/2358/1327 1262/2359/1262
f 1318/2338/1318 1286/2266/1286 1317/2337/1317
f 1310/2322/1310 1324/2353/1324 1323/2351/1323
f 1318/2338/1318 1324/2353/1324 1310/2322/1310
f 1328/2360/1328 1127/2272/1127 1289/2271/1289
f 1329/2361/1329 1246/2188/1246 1319/2343/1319
f 1243/2182/1243 1273/2249/1273 1034/1783/1034
f 1247/2362/1247 1276/2363/1276 1291/2344/1291
f 1330/2364/1330 1312/2325/1312 1209/2125/1209
f 1314/2365/1314 1182/2073/1182 1132/1954/1132
f 1304/2348/1304 1331/2366/1331 1321/2349/1321
f 1189/2082/1189 1242/2367/1242 1304/2348/1304
f 1315/2333/1315 1332/2368/1332 1333/2369/1333
f 1321/2349/1321 1332/2368/1332 1315/2333/1315
f 1315/2333/1315 1333/2369/1333 1305/2313/1305
f 1242/2367/1242 1260/2315/1260 1306/2316/1306
f 1331/2366/1331 1334/2370/1334 1332/2368/1332
f 1305/2313/1305 1335/2371/1335 1322/2350/1322
f 1272/2355/1272 1322/2350/1322 1326/2372/1326
f 1296/2334/1296 1262/2359/1262 1327/2358/1327
f 1317/2337/1317 1336/2373/1336 1318/2338/1318
f 1328/2360/1328 1287/2374/1287 1226/2375/1226
f 1323/2351/1323 1324/2353/1324 1325/2354/1325
f 1225/2323/1225 1323/2351/1323 1297/2376/1297
f 1337/2377/1337 1289/2271/1289 1265/2237/1265
f 1328/2360/1328 1226/2375/1226 1127/2272/1127
f 1329/2361/1329 1265/2237/1265 1246/2188/1246
f 1338/2378/1338 1157/2089/1157 1192/2088/1192
f 1324/2353/1324 1329/2361/1329 1319/2343/1319
f 1297/2376/1297 1276/2363/1276 1206/2379/1206
f 1325/2354/1325 1291/2344/1291 1276/2363/1276
f 1035/1757/1035 1339/2380/1339 1209/2153/1209
f 1112/1912/1112 1293/2282/1293 1340/2381/1340
f 1301/2307/1301 1304/2348/1304 1320/2347/1320
f 1320/2347/1320 1304/2348/1304 1321/2349/1321
f 1242/2367/1242 1331/2366/1331 1304/2348/1304
f 1321/2349/1321 1331/2366/1331 1332/2368/1332
f 1332/2368/1332 1334/2370/1334 1333/2369/1333
f 1333/2369/1333 1335/2371/1335 1305/2313/1305
f 1334/2370/1334 1341/2382/1341 1333/2369/1333
f 1335/2371/1335 1342/2383/1342 1322/2350/1322
f 1322/2350/1322 1342/2383/1342 1326/2372/1326
f 1327/2358/1327 1316/2335/1316 1296/2334/1296
f 1327/2358/1327 1309/2357/1309 1343/2384/1343
f 1344/2385/1344 1192/2088/1192 1307/2321/1307
f 1287/2374/1287 1328/2360/1328 1309/2357/1309
f 1324/2353/1324 1318/2338/1318 1329/2361/1329
f 1299/2352/1299 1345/2386/1345 1298/2387/1298
f 1299/2352/1299 1311/2341/1311 1345/2386/1345
f 1325/2354/1325 1297/2376/1297 1323/2351/1323
f 1274/2250/1274 1157/2015/1157 1346/2388/1346
f 1325/2354/1325 1276/2363/1276 1297/2376/1297
f 1330/2389/1330 1209/2153/1209 1339/2380/1339
f 1182/2073/1182 1314/2365/1314 1293/2345/1293
f 1112/2240/1112 1340/2390/1340 1267/2241/1267
f 1242/2367/1242 1306/2316/1306 1331/2366/1331
f 1316/2335/1316 1331/2366/1331 1306/2316/1306
f 1331/2366/1331 1316/2335/1316 1334/2370/1334
f 1333/2369/1333 1341/2382/1341 1335/2371/1335
f 1334/2370/1334 1316/2335/1316 1341/2382/1341
f 1342/2383/1342 1335/2371/1335 1347/2391/1347
f 1316/2335/1316 1327/2358/1327 1341/2382/1341
f 1335/2371/1335 1341/2382/1341 1348/2392/1348
f 1335/2371/1335 1348/2392/1348 1347/2391/1347
f 1342/2383/1342 1347/2391/1347 1336/2373/1336
f 1341/2382/1341 1349/2393/1349 1348/2392/1348
f 1326/2372/1326 1342/2383/1342 1317/2337/1317
f 1341/2382/1341 1350/2394/1350 1349/2393/1349
f 1341/2382/1341 1327/2358/1327 1350/2394/1350
f 1342/2383/1342 1336/2373/1336 1317/2337/1317
f 1327/2358/1327 1343/2384/1343 1350/2394/1350
f 1350/2394/1350 1351/2395/1351 1349/2393/1349
f 1350/2394/1350 1343/2384/1343 1351/2395/1351
f 1336/2373/1336 1352/2396/1352 1318/2338/1318
f 1353/2397/1353 1288/2268/1288 1298/2387/1298
f 1289/2271/1289 1351/2395/1351 1328/2360/1328
f 1337/2377/1337 1265/2237/1265 1352/2396/1352
f 1289/2271/1289 1337/2377/1337 1351/2395/1351
f 1265/2237/1265 1329/2361/1329 1352/2396/1352
f 1347/2398/1347 1348/2399/1348 1349/2400/1349
f 1349/2393/1349 1351/2395/1351 1347/2391/1347
f 1347/2391/1347 1337/2377/1337 1336/2373/1336
f 1347/2391/1347 1351/2395/1351 1337/2377/1337
f 1343/2384/1343 1309/2357/1309 1328/2360/1328
f 1336/2373/1336 1337/2377/1337 1352/2396/1352
f 1343/2384/1343 1328/2360/1328 1351/2395/1351
f 1352/2396/1352 1329/2361/1329 1318/2338/1318
f 1157/2089/1157 1338/2378/1338 1346/2401/1346
f 1273/2249/1273 1354/2402/1354 1290/2292/1290
f 1274/2250/1274 1311/2324/1311 1244/2183/1244
f 1275/2251/1275 1312/2325/1312 1355/2403/1355
f 1131/1952/1131 1181/2072/1181 1313/2404/1313
f 1163/2304/1163 1294/2405/1294 1356/2406/1356
f 1163/2304/1163 1356/2406/1356 1183/2075/1183
f 1308/2319/1308 1357/2407/1357 1285/2265/1285
f 1353/2397/1353 1358/2408/1358 1288/2268/1288
f 1243/2182/1243 1359/2409/1359 1273/2249/1273
f 1243/2269/1243 1275/2251/1275 1359/2410/1359
f 1311/2324/1311 1274/2250/1274 1360/2411/1360
f 1290/2273/1290 1361/2412/1361 1208/2124/1208
f 1183/2075/1183 1356/2406/1356 1255/2259/1255
f 1311/2341/1311 1360/2413/1360 1345/2386/1345
f 1274/2250/1274 1346/2388/1346 1362/2414/1362
f 1208/2124/1208 1361/2412/1361 1160/2023/1160
f 1312/2325/1312 1363/2415/1363 1355/2403/1355
f 1313/2416/1313 1356/2417/1356 1294/2418/1294
f 1267/2419/1267 1340/2420/1340 1280/2421/1280
f 1285/2265/1285 1357/2407/1357 1307/2318/1307
f 1288/2268/1288 1358/2408/1358 1264/2288/1264
f 1344/2385/1344 1338/2378/1338 1192/2088/1192
f 1354/2402/1354 1273/2249/1273 1359/2409/1359
f 1360/2411/1360 1274/2250/1274 1362/2414/1362
f 1160/2023/1160 1364/2422/1364 1035/2024/1035
f 1364/2423/1364 1339/2380/1339 1035/1757/1035
f 1357/2424/1357 1344/2425/1344 1307/2426/1307
f 1354/2427/1354 1361/2412/1361 1290/2273/1290
f 1330/2364/1330 1363/2415/1363 1312/2325/1312
f 1181/2428/1181 1356/2417/1356 1313/2416/1313
f 1181/2428/1181 1255/1861/1255 1356/2417/1356
f 1308/2319/1308 1264/2233/1264 1358/2429/1358
f 1275/2251/1275 1355/2403/1355 1359/2410/1359
f 1340/2420/1340 1293/2430/1293 1314/2431/1314
f 1340/2420/1340 1314/2431/1314 1280/2421/1280
f 1298/2387/1298 1345/2386/1345 1353/2397/1353
f 1364/2423/1364 1365/2432/1365 1339/2380/1339
f 1353/2397/1353 1345/2386/1345 1366/2433/1366
f 1361/2412/1361 1367/2434/1367 1160/2023/1160
f 1160/2023/1160 1367/2434/1367 1364/2422/1364
f 1339/2380/1339 1365/2432/1365 1330/2389/1330
f 1308/2319/1308 1368/2435/1368 1357/2407/1357
f 1308/2319/1308 1358/2429/1358 1368/2435/1368
f 1358/2408/1358 1353/2397/1353 1369/2436/1369
f 1353/2397/1353 1366/2433/1366 1369/2436/1369
f 1346/2388/1346 1370/2437/1370 1362/2414/1362
f 1338/2378/1338 1370/2438/1370 1346/2401/1346
f 1367/2434/1367 1371/2439/1371 1364/2422/1364
f 1361/2440/1361 1354/2402/1354 1372/2441/1372
f 1372/2442/1372 1367/2434/1367 1361/2412/1361
f 1358/2429/1358 1369/2443/1369 1368/2435/1368
f 1344/2385/1344 1373/2444/1373 1338/2378/1338
f 1338/2378/1338 1373/2444/1373 1370/2438/1370
f 1374/2445/1374 1344/2425/1344 1357/2424/1357
f 1345/2386/1345 1360/2413/1360 1375/2446/1375
f 1357/2424/1357 1368/2447/1368 1374/2445/1374
f 1344/2425/1344 1374/2445/1374 1373/2448/1373
f 1365/2432/1365 1364/2423/1364 1376/2449/1376
f 1359/2409/1359 1377/2450/1377 1354/2402/1354
f 1355/2403/1355 1377/2451/1377 1359/2410/1359
f 1330/2364/1330 1376/2452/1376 1363/2415/1363
f 1330/2389/1330 1365/2432/1365 1376/2449/1376
f 1354/2402/1354 1378/2453/1378 1372/2441/1372
f 1363/2415/1363 1379/2454/1379 1355/2403/1355
f 1373/2444/1373 1380/2455/1380 1370/2438/1370
f 1355/2403/1355 1379/2454/1379 1377/2451/1377
f 1362/2414/1362 1375/2456/1375 1360/2411/1360
f 1363/2457/1363 1376/2449/1376 1381/2458/1381
f 1362/2414/1362 1382/2459/1382 1375/2456/1375
f 1372/2442/1372 1383/2460/1383 1367/2434/1367
f 1376/2449/1376 1384/2461/1384 1381/2458/1381
f 1368/2447/1368 1380/2462/1380 1374/2445/1374
f 1374/2445/1374 1380/2462/1380 1373/2448/1373
f 1370/2437/1370 1385/2463/1385 1362/2414/1362
f 1364/2423/1364 1371/2464/1371 1376/2449/1376
f 1378/2453/1378 1354/2402/1354 1377/2450/1377
f 1376/2449/1376 1371/2464/1371 1384/2461/1384
f 1366/2433/1366 1345/2386/1345 1386/2465/1386
f 1370/2438/1370 1380/2455/1380 1385/2466/1385
f 1383/2460/1383 1371/2439/1371 1367/2434/1367
f 1375/2446/1375 1387/2467/1387 1345/2386/1345
f 1363/2415/1363 1381/2468/1381 1379/2454/1379
f 1369/2443/1369 1366/2469/1366 1388/2470/1388
f 1345/2386/1345 1387/2467/1387 1386/2465/1386
f 1385/2466/1385 1389/2471/1389 1362/2472/1362
f 1371/2464/1371 1390/2473/1390 1384/2461/1384
f 1369/2443/1369 1388/2470/1388 1368/2435/1368
f 1388/2474/1388 1391/2475/1391 1368/2447/1368
f 1378/2476/1378 1383/2460/1383 1372/2442/1372
f 1375/2456/1375 1382/2459/1382 1387/2477/1387
f 1368/2447/1368 1391/2475/1391 1380/2462/1380
f 1380/2455/1380 1391/2478/1391 1385/2466/1385
f 1377/2450/1377 1392/2479/1392 1378/2453/1378
f 1379/2454/1379 1392/2480/1392 1377/2451/1377
f 1362/2414/1362 1389/2481/1389 1382/2459/1382
f 1393/2482/1393 1391/2475/1391 1388/2474/1388
f 1385/2466/1385 1394/2483/1394 1389/2471/1389
f 1383/2460/1383 1378/2476/1378 1395/2484/1395
f 1384/2461/1384 1396/2485/1396 1381/2458/1381
f 1366/2433/1366 1386/2465/1386 1397/2486/1397
f 1389/2481/1389 1398/2487/1398 1382/2459/1382
f 1371/2439/1371 1383/2460/1383 1390/2488/1390
f 1388/2470/1388 1366/2469/1366 1397/2489/1397
f 1395/2490/1395 1378/2453/1378 1399/2491/1399
f 1378/2453/1378 1392/2479/1392 1399/2491/1399
f 1381/2468/1381 1396/2492/1396 1379/2454/1379
f 1391/2478/1391 1394/2483/1394 1385/2466/1385
f 1387/2467/1387 1400/2493/1400 1401/2494/1401
f 1387/2477/1387 1382/2459/1382 1400/2495/1400
f 1397/2489/1397 1393/2496/1393 1388/2470/1388
f 1392/2479/1392 1402/2497/1402 1399/2491/1399
f 1392/2480/1392 1379/2454/1379 1402/2498/1402
f 1382/2459/1382 1398/2487/1398 1400/2495/1400
f 1384/2461/1384 1403/2499/1403 1396/2485/1396
f 1393/2482/1393 1394/2500/1394 1391/2475/1391
f 1402/2498/1402 1379/2454/1379 1404/2501/1404
f 1379/2454/1379 1396/2492/1396 1404/2501/1404
f 1383/2460/1383 1405/2502/1405 1390/2488/1390
f 1387/2467/1387 1401/2494/1401 1386/2465/1386
f 1395/2484/1395 1406/2503/1406 1383/2460/1383
f 1395/2490/1395 1399/2491/1399 1407/2504/1407
f 1400/2493/1400 1408/2505/1408 1401/2494/1401
f 1384/2461/1384 1390/2473/1390 1403/2499/1403
f 1397/2489/1397 1409/2506/1409 1393/2496/1393
f 1399/2491/1399 1402/2497/1402 1407/2504/1407
f 1395/2490/1395 1407/2504/1407 1406/2507/1406
f 1383/2460/1383 1406/2503/1406 1405/2502/1405
f 1389/2481/1389 1410/2508/1410 1398/2487/1398
f 1389/2471/1389 1394/2483/1394 1411/2509/1411
f 1404/2501/1404 1396/2492/1396 1412/2510/1412
f 1397/2486/1397 1386/2465/1386 1409/2511/1409
f 1386/2465/1386 1401/2494/1401 1409/2511/1409
f 1404/2501/1404 1413/2512/1413 1402/2498/1402
f 1398/2487/1398 1410/2508/1410 1414/2513/1414
f 1398/2487/1398 1414/2513/1414 1400/2495/1400
f 1400/2495/1400 1414/2513/1414 1408/2514/1408
f 1396/2485/1396 1403/2499/1403 1412/2515/1412
f 1415/2516/1415 1394/2500/1394 1393/2482/1393
f 1389/2471/1389 1411/2509/1411 1410/2517/1410
f 1390/2473/1390 1416/2518/1416 1403/2499/1403
f 1393/2496/1393 1409/2506/1409 1415/2519/1415
f 1402/2497/1402 1417/2520/1417 1407/2504/1407
f 1407/2504/1407 1418/2521/1418 1406/2507/1406
f 1402/2498/1402 1413/2512/1413 1417/2522/1417
f 1404/2501/1404 1419/2523/1419 1413/2512/1413
f 1390/2488/1390 1405/2502/1405 1416/2524/1416
f 1418/2521/1418 1407/2504/1407 1417/2520/1417
f 1394/2483/1394 1415/2525/1415 1411/2509/1411
f 1401/2494/1401 1408/2505/1408 1420/2526/1420
f 1408/2505/1408 1421/2527/1421 1420/2526/1420
f 1422/2528/1422 1405/2502/1405 1406/2503/1406
f 1409/2506/1409 1423/2529/1423 1415/2519/1415
f 1415/2525/1415 1424/2530/1424 1411/2509/1411
f 1401/2494/1401 1425/2531/1425 1409/2511/1409
f 1401/2494/1401 1420/2526/1420 1425/2531/1425
f 1406/2507/1406 1418/2521/1418 1426/2532/1426
f 1410/2508/1410 1427/2533/1427 1414/2513/1414
f 1423/2529/1423 1428/2534/1428 1415/2519/1415
f 1411/2509/1411 1429/2535/1429 1410/2517/1410
f 1408/2514/1408 1414/2513/1414 1421/2536/1421
f 1405/2502/1405 1422/2528/1422 1416/2524/1416
f 1412/2515/1412 1403/2499/1403 1430/2537/1430
f 1403/2499/1403 1431/2538/1431 1430/2537/1430
f 1415/2519/1415 1428/2534/1428 1424/2539/1424
f 1411/2509/1411 1424/2530/1424 1432/2540/1432
f 1404/2501/1404 1412/2510/1412 1419/2523/1419
f 1416/2518/1416 1431/2538/1431 1403/2499/1403
f 1433/2541/1433 1426/2542/1426 1418/2543/1418
f 1429/2544/1429 1427/2533/1427 1410/2508/1410
f 1421/2536/1421 1414/2513/1414 1434/2545/1434
f 1412/2510/1412 1430/2546/1430 1435/2547/1435
f 1432/2540/1432 1429/2535/1429 1411/2509/1411
f 1409/2506/1409 1425/2548/1425 1423/2529/1423
f 1418/2543/1418 1436/2549/1436 1433/2541/1433
f 1406/2503/1406 1426/2550/1426 1422/2528/1422
f 1414/2513/1414 1427/2533/1427 1434/2545/1434
f 1427/2533/1427 1429/2544/1429 1437/2551/1437
f 1417/2520/1417 1436/2552/1436 1418/2521/1418
f 1417/2520/1417 1413/2553/1413 1436/2552/1436
f 1425/2531/1425 1420/2526/1420 1438/2554/1438
f 1433/2541/1433 1439/2555/1439 1426/2542/1426
f 1427/2533/1427 1437/2551/1437 1440/2556/1440
f 1412/2510/1412 1435/2547/1435 1419/2523/1419
f 1433/2541/1433 1441/2557/1441 1439/2555/1439
f 1429/2535/1429 1442/2558/1442 1437/2559/1437
f 1432/2540/1432 1442/2558/1442 1429/2535/1429
f 1420/2526/1420 1421/2527/1421 1438/2554/1438
f 1419/2523/1419 1435/2547/1435 1443/2560/1443
f 1425/2561/1425 1444/2562/1444 1423/2563/1423
f 1426/2564/1426 1439/2565/1439 1445/2566/1445
f 1434/2567/1434 1446/2568/1446 1421/2527/1421
f 1422/2528/1422 1447/2569/1447 1416/2524/1416
f 1430/2537/1430 1448/2570/1448 1435/2571/1435
f 1416/2518/1416 1449/2572/1449 1431/2538/1431
f 1431/2538/1431 1448/2570/1448 1430/2537/1430
f 1450/2573/1450 1423/2563/1423 1444/2562/1444
f 1441/2574/1441 1451/2575/1451 1439/2576/1439
f 1440/2556/1440 1452/2577/1452 1427/2533/1427
f 1427/2533/1427 1452/2577/1452 1434/2545/1434
f 1416/2524/1416 1447/2569/1447 1449/2578/1449
f 1428/2534/1428 1423/2529/1423 1450/2579/1450
f 1450/2573/1450 1444/2562/1444 1453/2580/1453
f 1454/2581/1454 1442/2558/1442 1432/2540/1432
f 1419/2523/1419 1443/2560/1443 1413/2512/1413
f 1438/2554/1438 1421/2527/1421 1446/2568/1446
f 1426/2550/1426 1445/2582/1445 1422/2528/1422
f 1422/2528/1422 1455/2583/1455 1447/2569/1447
f 1456/2584/1456 1432/2540/1432 1424/2530/1424
f 1436/2585/1436 1457/2586/1457 1433/2587/1433
f 1435/2547/1435 1458/2588/1458 1443/2560/1443
f 1431/2538/1431 1449/2572/1449 1459/2589/1459
f 1431/2538/1431 1459/2589/1459 1448/2570/1448
f 1433/2587/1433 1460/2590/1460 1441/2591/1441
f 1422/2528/1422 1445/2582/1445 1455/2583/1455
f 1424/2539/1424 1428/2534/1428 1456/2592/1456
f 1456/2593/1456 1454/2594/1454 1432/2595/1432
f 1450/2579/1450 1456/2592/1456 1428/2534/1428
f 1413/2553/1413 1457/2596/1457 1436/2552/1436
f 1425/2597/1425 1461/2598/1461 1444/2599/1444
f 1425/2531/1425 1438/2554/1438 1461/2600/1461
f 1444/2562/1444 1462/2601/1462 1453/2580/1453
f 1446/2568/1446 1434/2567/1434 1463/2602/1463
f 1453/2603/1453 1456/2604/1456 1450/2605/1450
f 1456/2604/1456 1453/2603/1453 1464/2606/1464
f 1413/2512/1413 1443/2560/1443 1457/2607/1457
f 1453/2603/1453 1462/2608/1462 1464/2606/1464
f 1444/2599/1444 1465/2609/1465 1462/2610/1462
f 1439/2565/1439 1466/48/1466 1445/2566/1445
f 1460/2590/1460 1467/2611/1467 1441/2591/1441
f 1439/2612/1439 1468/2613/1468 1466/2614/1466
f 1433/2587/1433 1457/2586/1457 1460/2590/1460
f 1462/2608/1462 1469/2615/1469 1464/2606/1464
f 1465/2609/1465 1444/2599/1444 1461/2598/1461
f 1462/2608/1462 1470/2616/1470 1469/2615/1469
f 1465/1936/1465 1470/2617/1470 1462/2618/1462
f 1441/2591/1441 1467/2611/1467 1451/2619/1451
f 1454/2581/1454 1471/2620/1471 1442/2558/1442
f 1472/2621/1472 1460/2622/1460 1457/2623/1457
f 1461/2600/1461 1438/2554/1438 1446/2568/1446
f 1460/2622/1460 1466/2624/1466 1467/2625/1467
f 1451/2575/1451 1468/2626/1468 1439/2576/1439
f 1452/2577/1452 1440/2556/1440 1473/2627/1473
f 1448/2628/1448 1459/2629/1459 1474/2630/1474
f 1456/2631/1456 1464/2632/1464 1475/2633/1475
f 1457/2607/1457 1443/2560/1443 1476/2634/1476
f 1464/2606/1464 1469/2615/1469 1475/2635/1475
f 1472/2621/1472 1466/2624/1466 1460/2622/1460
f 1455/2636/1455 1477/2637/1477 1447/2638/1447
f 1435/2547/1435 1448/2639/1448 1458/2588/1458
f 1434/2567/1434 1452/2640/1452 1463/2602/1463
f 1449/2572/1449 1478/2641/1478 1459/2589/1459
f 1461/2642/1461 1479/2643/1479 1465/2644/1465
f 1468/2626/1468 1451/2575/1451 1477/2645/1477
f 1442/2646/1442 1480/2647/1480 1437/2551/1437
f 1455/2636/1455 1468/2648/1468 1477/2637/1477
f 1455/2649/1455 1481/2650/1481 1468/2651/1468
f 1448/2652/1448 1482/2653/1482 1458/2629/1458
f 1469/2654/1469 1479/2643/1479 1475/2655/1475
f 1472/2656/1472 1483/2657/1483 1466/2658/1466
f 1471/2620/1471 1484/2659/1484 1442/2558/1442
f 1466/191/1466 1481/2660/1481 1445/2661/1445
f 1445/2582/1445 1481/2662/1481 1455/2583/1455
f 1466/2624/1466 1468/2663/1468 1467/2625/1467
f 1451/2619/1451 1467/2611/1467 1477/2664/1477
f 1463/2602/1463 1452/2640/1452 1485/2665/1485
f 1486/2666/1486 1474/2667/1474 1459/2589/1459
f 1454/2594/1454 1456/2593/1456 1487/2668/1487
f 1454/2669/1454 1487/2670/1487 1471/2671/1471
f 1479/2672/1479 1461/2673/1461 1488/2674/1488
f 1470/2675/1470 1465/2644/1465 1469/2654/1469
f 1469/2654/1469 1465/2644/1465 1479/2643/1479
f 1468/2651/1468 1489/2676/1489 1467/893/1467
f 1477/2664/1477 1467/2611/1467 1489/2677/1489
f 1437/2551/1437 1480/2647/1480 1440/2556/1440
f 1480/2678/1480 1473/2679/1473 1440/2680/1440
f 1447/2569/1447 1478/2681/1478 1449/2578/1449
f 1456/2593/1456 1475/2682/1475 1487/2668/1487
f 1475/2683/1475 1479/2684/1479 1490/2685/1490
f 1446/2568/1446 1488/2686/1488 1461/2600/1461
f 1442/2558/1442 1484/2659/1484 1480/2687/1480
f 1446/2568/1446 1463/2602/1463 1488/2686/1488
f 1481/2688/1481 1483/2657/1483 1491/2689/1491
f 1466/2658/1466 1483/2657/1483 1481/2688/1481
f 1468/2651/1468 1481/2650/1481 1489/2676/1489
f 1463/2690/1463 1485/2691/1485 1492/2692/1492
f 1447/2638/1447 1477/2637/1477 1493/2693/1493
f 1493/2693/1493 1478/2694/1478 1447/2638/1447
f 1473/2695/1473 1494/2696/1494 1452/2697/1452
f 1459/2589/1459 1478/2641/1478 1486/2666/1486
f 1477/2664/1477 1489/2677/1489 1482/2698/1482
f 1472/2699/1472 1457/2700/1457 1476/2701/1476
f 1471/2620/1471 1495/2702/1495 1484/2659/1484
f 1476/2634/1476 1443/2560/1443 1458/2588/1458
f 1479/2672/1479 1488/2674/1488 1490/2703/1490
f 1481/2650/1481 1491/2704/1491 1489/2676/1489
f 1458/2705/1458 1482/2706/1482 1489/2707/1489
f 1493/2693/1493 1486/2708/1486 1478/2694/1478
f 1482/2709/1482 1448/2710/1448 1493/2711/1493
f 1448/2710/1448 1474/2712/1474 1493/2711/1493
f 1485/2713/1485 1452/2714/1452 1494/2715/1494
f 1472/2716/1472 1476/2717/1476 1496/2718/1496
f 1472/2716/1472 1496/2718/1496 1483/2719/1483
f 1483/2720/1483 1496/2721/1496 1491/2722/1491
f 1476/2717/1476 1458/2705/1458 1496/2718/1496
f 1473/2679/1473 1480/2678/1480 1497/2723/1497
f 1477/2724/1477 1482/2725/1482 1493/2726/1493
f 1473/2695/1473 1497/2727/1497 1494/2696/1494
f 1487/2668/1487 1475/2682/1475 1490/2728/1490
f 1487/2729/1487 1495/2702/1495 1471/2620/1471
f 1484/2659/1484 1498/2730/1498 1480/2687/1480
f 1458/2705/1458 1489/2707/1489 1496/2718/1496
f 1490/2731/1490 1495/2732/1495 1487/2733/1487
f 1496/2718/1496 1489/2707/1489 1491/2734/1491
f 1480/2735/1480 1492/2736/1492 1497/2737/1497
f 1494/2715/1494 1497/2738/1497 1499/2739/1499
f 1490/2740/1490 1488/2686/1488 1500/2741/1500
f 1488/2686/1488 1463/2602/1463 1500/2741/1500
f 1498/2742/1498 1492/2743/1492 1480/2744/1480
f 1492/2745/1492 1500/2741/1500 1463/2602/1463
f 1497/2746/1497 1492/2747/1492 1499/1340/1499
f 1493/2711/1493 1474/2712/1474 1486/2748/1486
f 1492/2749/1492 1498/2750/1498 1500/2751/1500
f 1495/2732/1495 1500/2751/1500 1498/2750/1498
f 1490/2731/1490 1500/2751/1500 1495/2732/1495
f 1495/2732/1495 1498/2750/1498 1484/2752/1484
f 1494/2715/1494 1499/2739/1499 1485/2713/1485
f 1492/2692/1492 1485/2691/1485 1499/2753/1499
