# Blender 4.4.0
# www.blender.org
mtllib Meshy_AI_A_store_clerk_not_ho_0428195654_texture.mtl
o Meshy_AI_A_store_clerk_not_ho_0428195654_texture
v -0.257849 0.275996 -0.183000
v -0.283558 0.264623 -0.177152
v -0.290849 0.302457 -0.174203
v -0.232343 0.372753 -0.179134
v -0.209467 0.361016 -0.176382
v -0.224884 0.375745 -0.186195
v -0.194533 0.357005 -0.176117
v -0.205932 0.406127 -0.180285
v -0.187785 0.375073 -0.177006
v -0.232878 0.401153 -0.180766
v -0.227604 0.280234 -0.173324
v -0.242358 0.233655 -0.160548
v -0.255347 0.379313 -0.171686
v -0.262920 0.387851 -0.172667
v -0.247829 0.404939 -0.174172
v -0.132846 -0.591545 -0.170774
v -0.114778 -0.532091 -0.175631
v -0.087447 -0.583584 -0.173706
v -0.253145 0.202454 -0.136000
v -0.102001 -0.845447 -0.172509
v -0.090942 -0.842566 -0.172090
v -0.098394 -0.863785 -0.165348
v -0.132367 -0.840952 -0.164551
v -0.140616 -0.827878 -0.160629
v -0.084003 -0.702314 -0.161145
v -0.300993 0.287140 -0.166273
v -0.168564 0.379810 -0.161948
v -0.172536 0.344612 -0.147245
v -0.154691 0.431569 -0.156925
v -0.072194 -0.860582 -0.159186
v -0.156082 -0.512705 -0.158256
v -0.091511 -0.485439 -0.157046
v -0.219193 0.213524 -0.134991
v -0.178168 0.461710 -0.163483
v -0.121639 0.497316 -0.164940
v -0.109992 0.454714 -0.168649
v -0.051175 0.431097 -0.164283
v -0.035952 0.493228 -0.160799
v -0.120750 -0.867578 -0.157645
v 0.068715 -0.865133 -0.149582
v 0.070778 -0.835222 -0.156915
v 0.096509 -0.835105 -0.162409
v -0.117509 -0.815613 -0.158244
v -0.064091 -0.828173 -0.157175
v -0.102084 -0.710336 -0.163540
v -0.080141 -0.735273 -0.152878
v -0.140166 -0.718273 -0.148215
v -0.061361 -0.611757 -0.157770
v -0.165286 -0.650805 -0.142133
v 0.096833 -0.687118 -0.157061
v 0.119333 -0.552019 -0.157044
v 0.131139 -0.619938 -0.158952
v -0.215732 0.263871 -0.151368
v -0.297254 0.253202 -0.158549
v -0.301549 0.310201 -0.158764
v -0.187647 0.341327 -0.156537
v -0.289374 0.387019 -0.138674
v -0.271417 0.409323 -0.150959
v -0.121279 0.543838 -0.147400
v -0.093871 -0.952460 -0.156587
v -0.108606 -0.930570 -0.153117
v -0.094571 -0.930822 -0.156926
v -0.070887 -0.869639 -0.149652
v 0.100435 -0.869052 -0.158694
v -0.058346 -0.837242 -0.154183
v -0.109924 -0.779735 -0.161481
v -0.128747 -0.783653 -0.158870
v -0.073906 -0.790310 -0.149248
v -0.060394 -0.759725 -0.150296
v -0.097389 -0.755637 -0.151732
v 0.084849 -0.734229 -0.157817
v 0.122876 -0.725591 -0.150192
v 0.055050 -0.703062 -0.148238
v 0.070359 -0.619702 -0.156742
v -0.060738 -0.509581 -0.145608
v -0.129199 -0.443652 -0.145255
v -0.267423 0.174653 -0.098833
v -0.085455 0.343984 -0.138774
v 0.004559 0.458458 -0.149456
v -0.078539 0.544031 -0.147091
v -0.124492 -0.952474 -0.142091
v -0.101850 -0.955965 -0.151357
v -0.066656 -0.955090 -0.150086
v -0.060549 -0.931316 -0.148846
v -0.112970 -0.872984 -0.149950
v 0.115150 -0.873041 -0.154359
v 0.073918 -0.815068 -0.148425
v 0.108481 -0.799647 -0.153909
v 0.138911 -0.799745 -0.147775
v 0.077711 -0.799145 -0.150780
v 0.073646 -0.754019 -0.150536
v 0.146010 -0.686626 -0.143804
v 0.054742 -0.611688 -0.147889
v -0.167283 -0.591469 -0.150088
v 0.093376 -0.509194 -0.146413
v -0.178933 -0.540152 -0.138940
v -0.097210 0.001760 -0.146755
v -0.054781 0.025022 -0.154810
v -0.062677 -0.005710 -0.148985
v -0.100946 0.052127 -0.148849
v -0.093297 0.073209 -0.147383
v -0.112394 0.081763 -0.145141
v -0.078135 0.087442 -0.154480
v -0.047370 0.096868 -0.145884
v -0.040185 0.080598 -0.148946
v -0.146179 0.398343 -0.141520
v -0.027216 0.391516 -0.151717
v -0.231076 0.503965 -0.122558
v 0.077441 -0.955224 -0.146286
v 0.085114 -0.930970 -0.148917
v 0.096196 -0.952607 -0.148936
v 0.111036 -0.934335 -0.145572
v 0.074459 -0.872634 -0.144582
v -0.044916 -0.857146 -0.127522
v 0.157723 -0.838745 -0.134997
v 0.055520 -0.864393 -0.137811
v -0.166646 -0.825535 -0.138669
v 0.047900 -0.834384 -0.141677
v 0.150681 -0.817824 -0.134119
v -0.045337 -0.823225 -0.135995
v 0.149761 -0.802746 -0.141508
v -0.158155 -0.802690 -0.137603
v -0.159293 -0.783828 -0.138022
v -0.144098 -0.750304 -0.132655
v 0.072469 -0.774199 -0.146422
v -0.049210 -0.666837 -0.142399
v 0.150860 -0.544427 -0.137750
v 0.157553 -0.631369 -0.138391
v 0.119134 -0.504113 -0.149205
v -0.167191 -0.489541 -0.143431
v -0.043732 -0.013222 -0.142297
v -0.036233 0.005881 -0.146969
v -0.097513 0.097525 -0.146063
v -0.293780 0.382859 -0.123657
v 0.000143 0.411099 -0.144742
v 0.076556 0.473977 -0.148265
v 0.056792 0.434757 -0.149166
v 0.004591 0.501178 -0.145222
v -0.196643 0.516559 -0.137952
v -0.008506 0.544311 -0.133229
v -0.047250 -0.955140 -0.131475
v 0.063075 -0.930978 -0.141298
v 0.114848 -0.955149 -0.141757
v -0.142633 -0.905984 -0.122787
v 0.092714 -0.881957 -0.146840
v 0.114988 -0.884437 -0.141178
v -0.139298 -0.875391 -0.127050
v -0.053343 -0.865186 -0.134902
v -0.147338 -0.868421 -0.135295
v 0.050994 -0.810282 -0.138396
v 0.135269 -0.767269 -0.130079
v 0.054648 -0.771269 -0.143744
v -0.043741 -0.770613 -0.134394
v -0.062337 -0.732175 -0.134554
v -0.171350 -0.694753 -0.111399
v 0.045835 -0.698595 -0.138812
v -0.043858 -0.568217 -0.131165
v -0.071958 -0.453087 -0.126369
v -0.083965 -0.434388 -0.134506
v -0.124032 0.005428 -0.137439
v -0.226983 0.196967 -0.126189
v -0.294260 0.214045 -0.118885
v -0.309935 0.310413 -0.125433
v -0.182723 0.326203 -0.120255
v -0.002845 0.268038 -0.124674
v 0.028529 0.291742 -0.132333
v 0.060289 0.399902 -0.142774
v 0.115730 0.462373 -0.143785
v 0.135227 0.501139 -0.133997
v 0.041019 0.509117 -0.144045
v 0.059744 -0.873309 -0.133837
v 0.049127 -0.726532 -0.130153
v 0.051222 -0.521064 -0.130575
v 0.116987 -0.470174 -0.135438
v -0.090570 -0.050239 -0.124798
v 0.000487 0.076285 -0.137131
v 0.000365 0.025313 -0.141465
v -0.313716 0.271686 -0.132153
v -0.213444 0.272074 -0.137147
v -0.097301 0.343978 -0.137755
v 0.025572 0.567891 -0.120070
v -0.132936 0.563189 -0.128266
v 0.045777 -0.955217 -0.108597
v 0.047927 -0.952477 -0.123585
v 0.137368 -0.952784 -0.119444
v 0.048972 -0.934321 -0.126873
v 0.130246 -0.913770 -0.130788
v -0.040743 -0.901999 -0.119800
v -0.172013 -0.759385 -0.106836
v 0.149982 -0.738192 -0.127937
v 0.044217 -0.763382 -0.122508
v -0.182070 -0.615128 -0.127593
v -0.039292 -0.556439 -0.112220
v -0.043124 -0.504553 -0.119869
v 0.150021 -0.485622 -0.124563
v 0.000712 -0.016020 -0.125692
v 0.049326 0.028883 -0.137606
v 0.049228 0.052183 -0.136842
v 0.079621 0.028950 -0.133000
v -0.172498 0.333180 -0.128107
v 0.115741 0.372126 -0.117954
v 0.154550 0.462618 -0.130242
v 0.092211 0.548986 -0.125500
v -0.101050 0.567570 -0.134083
v -0.045457 -0.930941 -0.131874
v 0.133448 -0.876632 -0.141500
v 0.031312 -0.798945 -0.119330
v -0.039919 -0.802778 -0.114972
v -0.181642 -0.442223 -0.099345
v -0.132347 -0.409222 -0.124938
v -0.108849 -0.046052 -0.124360
v 0.056816 -0.013423 -0.127682
v 0.094942 -0.009775 -0.118769
v 0.106645 0.081829 -0.121707
v 0.044885 0.098000 -0.125358
v 0.080013 0.084131 -0.132082
v -0.135483 0.094409 -0.124376
v -0.009623 0.123369 -0.122048
v -0.205964 0.218990 -0.097644
v 0.083035 0.279247 -0.113015
v -0.151205 0.375359 -0.122298
v -0.162492 -0.853547 -0.108514
v 0.044524 -0.873776 -0.107847
v 0.161539 -0.771265 -0.117729
v 0.171109 -0.666938 -0.111458
v 0.040707 -0.516779 -0.118661
v -0.187377 -0.516371 -0.115728
v 0.059754 -0.444841 -0.102539
v -0.069277 -0.433488 -0.122261
v -0.166548 -0.413608 -0.091769
v -0.095568 -0.393372 -0.126976
v -0.129357 -0.389716 -0.128669
v 0.102681 0.036678 -0.122961
v 0.088143 0.097963 -0.123057
v -0.105277 0.100188 -0.134940
v -0.077993 0.122838 -0.128815
v 0.007152 0.124515 -0.129635
v -0.001431 0.132037 -0.129527
v -0.030953 0.195934 -0.127594
v -0.006397 0.207330 -0.131392
v 0.036403 0.176962 -0.126723
v -0.065972 0.193423 -0.131446
v -0.078001 0.207141 -0.132632
v -0.096545 0.208092 -0.127331
v -0.066410 0.226718 -0.124290
v -0.100578 0.243175 -0.113990
v -0.308782 0.232876 -0.108435
v -0.065819 0.271734 -0.125179
v -0.293470 0.374992 -0.097446
v -0.251423 0.492403 -0.099744
v 0.146871 0.528267 -0.118770
v 0.150634 -0.952832 -0.073663
v 0.157351 -0.865200 -0.107471
v -0.048735 -0.702328 -0.111542
v -0.037064 -0.659041 -0.116103
v -0.048273 -0.727220 -0.081541
v 0.127110 -0.437886 -0.118228
v -0.080560 -0.413538 -0.117909
v -0.151930 -0.385300 -0.118763
v -0.114244 -0.374144 -0.118174
v -0.109880 -0.067031 -0.128562
v -0.083094 -0.070463 -0.127094
v -0.036703 -0.053298 -0.102363
v 0.087364 -0.028867 -0.112365
v -0.151086 0.071629 -0.111231
v -0.135595 0.097821 -0.114929
v 0.014773 0.123789 -0.119067
v -0.009486 0.132478 -0.122728
v -0.089550 0.132479 -0.128044
v 0.008746 0.168182 -0.118368
v -0.001990 0.171525 -0.116219
v -0.038961 0.172874 -0.120164
v 0.040692 0.228101 -0.117501
v -0.232041 0.275275 -0.107256
v 0.059538 0.271326 -0.123557
v -0.154968 0.364542 -0.110916
v 0.183611 0.443078 -0.106905
v 0.040779 -0.898222 -0.107947
v 0.146912 -0.888478 -0.099682
v -0.162558 -0.865152 -0.108493
v 0.153661 -0.880039 -0.111574
v -0.176875 -0.783369 -0.115102
v -0.044131 -0.515929 -0.105171
v 0.101509 -0.437955 -0.124443
v -0.116567 -0.094069 -0.121418
v -0.091119 -0.093257 -0.118241
v -0.052785 -0.073558 -0.113687
v -0.149183 -0.006247 -0.111355
v 0.114343 0.074222 -0.109897
v -0.118193 0.123446 -0.116630
v -0.009407 0.155924 -0.115404
v -0.069559 0.167902 -0.115700
v -0.119812 0.275778 -0.103503
v 0.199088 0.481603 -0.105666
v -0.073047 0.631143 -0.074435
v -0.152215 -0.952379 -0.094143
v -0.041528 -0.952677 -0.112931
v 0.140698 -0.917489 -0.115133
v -0.153408 -0.934263 -0.099403
v -0.042448 -0.925510 -0.105328
v 0.174913 -0.826073 -0.111358
v 0.028597 -0.837152 -0.107786
v -0.030104 -0.779091 -0.104216
v 0.028396 -0.739390 -0.114864
v 0.031121 -0.715728 -0.103775
v 0.174698 -0.520640 -0.099734
v 0.089115 -0.405431 -0.109861
v -0.164685 -0.399998 -0.095057
v -0.079928 -0.377517 -0.112375
v -0.102927 -0.341917 -0.123991
v -0.088041 -0.352881 -0.119413
v -0.136650 -0.342163 -0.119722
v -0.091551 -0.330196 -0.114570
v -0.121442 -0.313414 -0.115603
v -0.099478 -0.301528 -0.115869
v -0.122821 -0.280565 -0.119879
v -0.167442 -0.181901 -0.104092
v 0.099624 0.099507 -0.111260
v -0.096707 0.171227 -0.107691
v 0.015721 0.156964 -0.111493
v -0.143575 0.195690 -0.090508
v -0.205504 0.204360 -0.100516
v 0.095163 0.176545 -0.104800
v -0.194320 0.320986 -0.085558
v -0.280398 0.409655 -0.105156
v -0.207545 0.543052 -0.103132
v 0.126242 0.571231 -0.098213
v 0.001571 0.637150 -0.073316
v -0.051924 -0.955699 -0.086003
v -0.162264 -0.922010 -0.067610
v -0.044339 -0.865209 -0.093266
v 0.028708 -0.790477 -0.080690
v -0.029311 -0.783942 -0.081463
v -0.188815 -0.493069 -0.092838
v 0.158739 -0.457748 -0.098964
v 0.055854 -0.418408 -0.098521
v 0.118921 -0.413717 -0.103814
v -0.065988 -0.393176 -0.106037
v -0.156442 -0.365537 -0.109284
v -0.069387 -0.342079 -0.105769
v -0.175196 -0.361561 -0.095214
v -0.155732 -0.249927 -0.107860
v -0.150807 -0.035295 -0.101107
v 0.129726 0.080981 -0.099117
v 0.090119 0.128479 -0.101005
v -0.132419 0.124661 -0.118710
v -0.131960 0.165487 -0.106705
v -0.117656 0.171492 -0.097085
v 0.058466 0.132618 -0.113010
v 0.052139 0.153078 -0.107476
v -0.216104 0.183502 -0.102915
v -0.120161 0.238435 -0.103998
v 0.205403 0.379339 -0.111651
v 0.235293 0.394270 -0.114616
v 0.230951 0.368095 -0.111667
v 0.200869 0.434178 -0.112646
v -0.184172 -0.805977 -0.100338
v 0.166888 -0.718969 -0.103771
v -0.165826 -0.325350 -0.094149
v -0.163884 -0.277161 -0.105400
v 0.136314 -0.013959 -0.082969
v 0.126121 0.094589 -0.099074
v -0.134765 0.117215 -0.108328
v -0.137340 0.155588 -0.104402
v -0.308536 0.247250 -0.090219
v -0.163027 0.352280 -0.087721
v 0.192934 0.353781 -0.094891
v 0.141439 0.360857 -0.094406
v 0.255406 0.377259 -0.106573
v 0.257906 0.398210 -0.106289
v 0.241997 0.441309 -0.104534
v -0.054006 0.636006 -0.076383
v -0.041542 -0.894314 -0.086057
v 0.089766 -0.386065 -0.097013
v -0.178534 -0.375924 -0.087815
v -0.191680 -0.269590 -0.078919
v -0.046792 -0.097377 -0.090465
v -0.187858 -0.106534 -0.086320
v -0.165911 -0.066724 -0.098078
v 0.110641 -0.032785 -0.096458
v 0.132698 0.032764 -0.097786
v 0.098490 0.156745 -0.086804
v -0.127933 0.176076 -0.094405
v -0.303055 0.286061 -0.103259
v 0.122845 0.263430 -0.078546
v -0.137606 0.292269 -0.090593
v -0.179908 0.323277 -0.097205
v -0.285445 0.359702 -0.087654
v -0.157475 0.357645 -0.106908
v -0.156773 0.352020 -0.095490
v 0.186298 0.384050 -0.101907
v 0.168336 0.396903 -0.089614
v -0.003267 0.801299 -0.105492
v 0.000156 0.836533 -0.104825
v 0.012322 0.808806 -0.102751
v -0.009958 0.843871 -0.107927
v 0.023854 0.832032 -0.104290
v 0.015000 0.864039 -0.097945
v 0.045814 -0.929022 -0.089713
v 0.030040 -0.739719 -0.086382
v -0.189816 -0.551734 -0.089114
v 0.177326 -0.647368 -0.092715
v -0.038905 -0.679139 -0.081994
v 0.182387 -0.576138 -0.087875
v 0.163572 -0.437345 -0.079847
v -0.062067 -0.377231 -0.083520
v -0.053480 -0.345657 -0.083505
v -0.017052 -0.066067 -0.078808
v 0.026001 -0.056817 -0.084513
v -0.136006 0.151583 -0.096393
v 0.222538 0.361935 -0.100885
v 0.250095 0.370670 -0.094802
v -0.238594 0.523962 -0.080249
v 0.221288 0.495606 -0.090146
v 0.040149 0.640689 -0.065895
v -0.034261 0.808848 -0.102008
v -0.027319 0.816944 -0.105944
v -0.022400 0.796363 -0.100818
v -0.037857 0.789366 -0.103298
v -0.056514 0.839487 -0.099102
v 0.027440 0.802037 -0.101494
v -0.037847 0.835618 -0.101123
v -0.061208 0.855334 -0.098188
v 0.007572 0.867475 -0.105074
v -0.021515 0.858800 -0.105385
v 0.002014 0.889066 -0.090417
v 0.026458 0.901165 -0.066575
v 0.042190 -0.878398 -0.081376
v 0.181995 -0.803282 -0.065241
v -0.185877 -0.790378 -0.073648
v -0.049974 -0.416787 -0.080177
v 0.050875 -0.392994 -0.075034
v 0.136801 -0.397002 -0.085570
v 0.138253 -0.373230 -0.090593
v 0.100384 -0.361870 -0.101099
v 0.073788 -0.364083 -0.097928
v 0.102968 -0.049264 -0.086226
v -0.154751 0.124456 -0.081872
v -0.240525 0.094763 -0.017418
v 0.118081 0.176844 -0.091393
v -0.260530 0.106109 -0.011715
v -0.138279 0.227221 -0.093468
v -0.294490 0.307537 -0.100394
v 0.203806 0.353604 -0.093211
v -0.026761 0.777541 -0.095806
v -0.014749 0.761867 -0.090949
v 0.000992 0.789910 -0.097308
v -0.049822 0.777820 -0.097741
v 0.003848 0.769553 -0.094416
v -0.061034 0.800511 -0.093319
v 0.050886 0.824244 -0.094316
v 0.042132 0.856163 -0.093336
v -0.038501 0.870510 -0.093585
v -0.031189 0.890194 -0.081405
v -0.155267 -0.942950 -0.088522
v -0.047383 -0.924688 -0.086428
v 0.153047 -0.885472 -0.065673
v 0.164727 -0.876567 -0.080538
v -0.168610 -0.860644 -0.081061
v 0.022717 -0.774524 -0.061411
v 0.171353 -0.771160 -0.092643
v 0.031297 -0.496306 -0.080943
v -0.180671 -0.455456 -0.062329
v -0.057096 -0.448989 -0.080878
v -0.043845 -0.484877 -0.085631
v -0.186344 -0.430220 -0.064706
v 0.045604 -0.424731 -0.086912
v 0.142482 -0.344985 -0.078892
v 0.100340 -0.349315 -0.093336
v 0.054617 -0.326195 -0.087953
v 0.100285 -0.333649 -0.098225
v 0.126795 -0.333560 -0.090948
v 0.081259 -0.317415 -0.093888
v 0.119175 -0.322546 -0.088568
v -0.185717 -0.233679 -0.075116
v 0.061980 -0.109904 -0.088185
v 0.103971 -0.117991 -0.090140
v 0.092364 -0.281385 -0.094284
v 0.077024 -0.086465 -0.097829
v 0.111456 -0.094218 -0.093441
v 0.076622 -0.059112 -0.091901
v 0.002058 -0.068551 -0.063504
v -0.176702 -0.003322 -0.070905
v 0.125887 0.115044 -0.078497
v 0.251985 0.283922 -0.079362
v 0.165497 0.377422 -0.076342
v 0.276740 0.384392 -0.090924
v 0.269670 0.409008 -0.094791
v 0.264962 0.445459 -0.079341
v -0.163868 0.578750 -0.072520
v -0.014860 0.742439 -0.086233
v 0.004745 0.739934 -0.085785
v 0.031724 0.798074 -0.094053
v 0.020539 0.769577 -0.089865
v -0.081055 0.786251 -0.087229
v -0.085399 0.839282 -0.088465
v 0.151038 -0.934627 -0.076502
v 0.181918 -0.817948 -0.084741
v 0.044237 -0.448811 -0.075866
v 0.157198 -0.409726 -0.056373
v -0.058895 -0.326367 -0.075529
v -0.186461 -0.329458 -0.067335
v 0.062015 -0.246510 -0.091023
v 0.130566 -0.166426 -0.083700
v 0.119704 0.127637 -0.081246
v 0.125923 0.160129 -0.072203
v 0.128443 0.187650 -0.082496
v -0.246542 0.283273 -0.099948
v -0.219063 0.544966 -0.080094
v 0.186140 0.559087 -0.067078
v 0.114587 0.602493 -0.067261
v 0.035092 0.767365 -0.086459
v 0.048246 0.859781 -0.093123
v 0.032401 0.881554 -0.085808
v -0.071452 -0.952269 -0.056286
v 0.025404 -0.833802 -0.065698
v -0.030065 -0.805688 -0.069502
v -0.177021 -0.715340 -0.073256
v 0.033597 -0.683531 -0.077958
v 0.176067 -0.481533 -0.064899
v 0.056215 -0.361773 -0.089453
v 0.026363 -0.321431 -0.062969
v 0.050945 -0.310589 -0.077939
v 0.055092 -0.245295 -0.087316
v 0.130139 -0.083687 -0.080756
v 0.141691 0.091459 -0.072345
v 0.270226 0.291202 -0.076892
v 0.182056 0.348967 -0.080511
v -0.282486 0.360294 -0.073948
v -0.255337 0.496604 -0.072912
v -0.025755 0.743063 -0.083186
v -0.037902 0.738700 -0.082164
v 0.060409 0.801161 -0.082915
v -0.073051 0.778815 -0.078489
v -0.095471 0.812570 -0.078649
v -0.076666 0.851708 -0.084017
v -0.105244 -0.945877 -0.074975
v -0.157843 -0.868891 -0.073125
v -0.042349 -0.540438 -0.082012
v 0.180623 -0.519946 -0.069216
v 0.165917 -0.453031 -0.061501
v -0.176391 -0.409390 -0.060647
v 0.154036 -0.349312 -0.070749
v 0.051804 -0.349102 -0.078775
v 0.146250 -0.190091 -0.074190
v 0.127476 0.124471 -0.081653
v -0.154405 0.203483 -0.078922
v -0.220587 0.325399 -0.066130
v -0.242950 0.334260 -0.062532
v 0.233594 0.280328 -0.073970
v -0.275588 0.352682 -0.074881
v -0.165567 0.352474 -0.076737
v 0.023092 0.741672 -0.075148
v 0.042939 0.766504 -0.072421
v -0.091388 0.828815 -0.085332
v 0.069749 0.840714 -0.075652
v -0.099919 0.864056 -0.066537
v 0.062764 0.905183 -0.051185
v -0.008037 0.916673 -0.058539
v 0.013062 0.916779 -0.055439
v 0.043044 -0.909308 -0.070183
v -0.060628 -0.867393 -0.048552
v -0.049228 -0.416242 -0.061618
v 0.137979 -0.317677 -0.076016
v -0.190450 -0.292345 -0.067673
v 0.023648 -0.097888 -0.069217
v 0.136639 -0.055768 -0.062355
v 0.132901 -0.037449 -0.067131
v -0.156409 0.154993 -0.067124
v -0.269027 0.240808 -0.056468
v -0.213222 0.322635 -0.062150
v 0.289666 0.310683 -0.063002
v 0.272852 0.376397 -0.074712
v 0.288098 0.412823 -0.052787
v 0.001101 0.711124 -0.058919
v -0.082746 0.782191 -0.075350
v -0.088613 0.885794 -0.066709
v 0.058467 0.886887 -0.071189
v 0.166646 -0.865657 -0.041903
v 0.175631 -0.825406 -0.058464
v 0.027631 -0.779554 -0.038798
v -0.057582 -0.495979 -0.059042
v 0.158671 -0.376589 -0.063619
v 0.037526 -0.369870 -0.067362
v -0.216669 0.143389 -0.022236
v -0.232078 0.157598 -0.003493
v -0.165850 0.243549 -0.044109
v 0.286370 0.240543 -0.070632
v 0.297366 0.251713 -0.067475
v 0.229411 0.236037 -0.068243
v -0.153014 0.291404 -0.060089
v -0.183742 0.345602 -0.061428
v 0.181868 0.343127 -0.063859
v 0.164624 0.357708 -0.058453
v -0.266722 0.386881 -0.059406
v -0.096631 0.628648 -0.050989
v -0.026708 0.645668 -0.079680
v -0.072778 0.644685 -0.072104
v 0.025166 0.649295 -0.073304
v -0.014310 0.728632 -0.070460
v -0.038368 0.731016 -0.067690
v -0.073497 0.762106 -0.074240
v 0.063627 0.805151 -0.072115
v 0.001281 0.904727 -0.066714
v -0.053407 -0.909169 -0.063272
v -0.050840 -0.699383 -0.055480
v 0.166685 -0.429506 -0.060613
v 0.167132 -0.095213 -0.044132
v -0.023962 -0.085061 -0.060164
v 0.148361 0.071638 -0.060295
v 0.134053 0.121501 -0.072747
v 0.130553 0.161338 -0.064070
v -0.227427 0.102586 -0.021110
v -0.157041 0.183426 -0.063871
v -0.290629 0.218438 -0.053584
v 0.289893 0.388749 -0.064485
v -0.258761 0.481247 -0.054019
v 0.066470 0.640200 -0.047328
v -0.083803 0.644099 -0.064598
v -0.057507 0.678885 -0.049013
v 0.012565 0.679969 -0.054758
v -0.021517 0.710848 -0.058834
v 0.027763 0.734628 -0.061935
v -0.089890 0.774319 -0.067454
v -0.100306 0.809627 -0.055782
v -0.083409 0.907391 -0.047473
v -0.026845 0.912830 -0.058277
v 0.100177 -0.955691 -0.070167
v 0.063228 -0.954991 -0.055852
v 0.149908 -0.948044 -0.069377
v -0.081979 -0.925723 -0.035750
v -0.166117 -0.844867 -0.035766
v -0.173190 -0.809550 -0.062771
v 0.051763 -0.747782 -0.043574
v 0.051861 -0.683017 -0.040217
v -0.172019 -0.667299 -0.054575
v -0.182633 -0.539772 -0.055532
v 0.163532 -0.377657 -0.045257
v 0.157874 -0.309431 -0.051403
v 0.144950 -0.026631 -0.051337
v -0.192383 0.020172 -0.040652
v 0.150948 0.036863 -0.060995
v 0.131818 0.124726 -0.061135
v 0.300708 0.233758 -0.058552
v 0.144736 0.283871 -0.036640
v 0.170680 0.343166 -0.048514
v 0.234436 0.523855 -0.047803
v -0.232320 0.535375 -0.057339
v -0.203736 0.558358 -0.049556
v -0.121150 0.821955 -0.035779
v -0.065854 0.909490 -0.054506
v -0.075204 -0.943944 -0.050789
v 0.091719 -0.948281 -0.062981
v -0.069084 -0.940998 -0.054853
v 0.068669 -0.930132 -0.018116
v 0.162927 -0.731305 -0.038783
v 0.161450 -0.631897 -0.032462
v -0.067488 -0.452055 -0.035353
v 0.033225 -0.420419 -0.048846
v 0.024611 -0.293962 -0.043353
v 0.169652 -0.237371 -0.043413
v 0.145263 0.169282 -0.048576
v 0.246957 0.177298 -0.042960
v 0.203098 0.215610 -0.046751
v 0.306223 0.255591 -0.058967
v 0.164095 0.346878 -0.033151
v -0.048614 0.719510 -0.060494
v -0.075610 0.743412 -0.059045
v 0.054200 0.750017 -0.059664
v 0.030898 0.720165 -0.055053
v 0.072834 0.789472 -0.062575
v 0.071584 0.837013 -0.063752
v 0.085578 0.889867 -0.030926
v 0.036381 0.920015 -0.034803
v 0.062707 -0.947043 -0.051338
v 0.155379 -0.926639 -0.028464
v -0.174001 -0.891228 -0.039660
v -0.045633 -0.833350 -0.038591
v -0.045191 -0.783235 -0.031066
v -0.173514 -0.735439 -0.051317
v -0.059095 -0.739448 -0.042898
v 0.167704 -0.666424 -0.046562
v 0.041319 -0.528073 -0.047152
v -0.183523 -0.384504 -0.037484
v -0.046663 -0.352525 -0.037631
v -0.175483 -0.369372 -0.022517
v -0.205908 -0.090899 -0.048059
v -0.009235 -0.075843 -0.025732
v 0.220416 0.174167 -0.041838
v 0.220753 0.271864 -0.052154
v 0.283893 0.379122 -0.048806
v -0.170325 0.355822 -0.060857
v -0.166370 0.351604 -0.056993
v -0.255458 0.362882 -0.048890
v 0.248678 0.505150 -0.036753
v -0.157517 0.582421 -0.045899
v 0.060051 0.648414 -0.054579
v 0.042942 0.676307 -0.043369
v -0.030780 0.703968 -0.043223
v -0.052670 0.720292 -0.046697
v 0.080053 0.808585 -0.055633
v 0.086431 0.845212 -0.049002
v 0.051711 0.920301 -0.035823
v 0.001808 0.916189 -0.046527
v -0.100290 -0.946755 0.006035
v 0.060218 -0.872934 -0.026935
v 0.044864 -0.867971 -0.042366
v -0.162414 -0.860129 -0.057801
v 0.052311 -0.726845 -0.048462
v 0.174682 -0.484620 -0.050258
v 0.039830 -0.443844 -0.041525
v 0.167320 -0.340523 -0.040578
v -0.046068 -0.284922 -0.056244
v 0.168534 -0.055555 -0.023933
v -0.177590 0.116765 -0.035413
v -0.251020 0.338150 -0.055089
v -0.018662 0.682313 -0.053002
v -0.107206 0.790329 -0.039927
v -0.095241 0.753954 -0.040944
v -0.127441 0.877949 -0.031712
v -0.034580 0.929697 -0.027886
v -0.080708 -0.864480 -0.027945
v -0.056978 -0.863596 -0.042737
v 0.157841 -0.771330 -0.011064
v 0.048067 -0.579573 -0.044232
v 0.042650 -0.479587 -0.039064
v -0.194911 -0.331945 -0.037054
v -0.207859 -0.268830 -0.036843
v -0.205364 -0.238179 -0.013219
v -0.206545 -0.031337 -0.016448
v 0.133335 0.153701 -0.043628
v -0.174246 0.171985 -0.036520
v 0.298634 0.217909 -0.040389
v 0.311138 0.248037 -0.025704
v -0.218101 0.344324 -0.045406
v -0.098365 0.639587 -0.047708
v -0.083766 0.667158 -0.033092
v -0.014872 0.699270 -0.041705
v 0.034725 0.721245 -0.043786
v 0.077672 0.793775 -0.048431
v -0.080049 0.914569 -0.052825
v -0.160679 -0.853311 -0.038122
v -0.160075 -0.667499 -0.042609
v -0.080862 -0.487904 -0.032304
v -0.174381 -0.404068 -0.003225
v 0.156450 -0.364927 -0.029989
v 0.171069 -0.277144 -0.032363
v 0.157247 -0.011689 -0.023444
v -0.177236 0.096754 -0.028194
v 0.191846 0.210741 -0.024586
v -0.159609 0.278248 0.009541
v 0.307146 0.286365 -0.047732
v 0.201756 0.564639 -0.036158
v 0.186262 0.580475 -0.016737
v 0.076505 0.643366 -0.021158
v 0.019624 0.707847 -0.040494
v -0.052265 0.705911 -0.028641
v 0.065693 0.751196 -0.043325
v -0.071140 0.920452 -0.027914
v -0.046275 0.930966 -0.030875
v 0.149923 -0.873496 -0.022180
v 0.149427 -0.777810 -0.000453
v -0.162258 -0.767527 -0.020853
v 0.014782 -0.313606 -0.032562
v -0.016876 -0.083367 -0.007485
v -0.178664 0.364701 -0.046982
v -0.223187 0.539789 -0.034456
v -0.045354 0.675732 -0.042130
v 0.005017 0.681563 -0.043512
v -0.068082 0.722557 -0.039902
v -0.125082 0.852144 -0.027738
v -0.099382 0.914435 -0.008746
v 0.153021 -0.802245 -0.020276
v 0.042175 -0.790949 -0.011747
v -0.091276 -0.700047 -0.027675
v -0.151900 -0.575354 -0.035909
v -0.144564 -0.451112 -0.005425
v 0.070718 -0.467910 0.003657
v 0.156827 -0.400713 -0.009714
v -0.174257 0.158912 -0.010501
v 0.187686 0.172639 -0.019161
v -0.242825 0.165466 -0.002184
v -0.236729 0.355612 -0.043121
v -0.176294 0.393172 -0.018477
v 0.287062 0.388326 -0.014520
v -0.245874 0.493176 -0.027228
v -0.106699 0.619644 -0.037297
v -0.056122 0.675206 -0.034231
v 0.080331 0.773488 -0.032299
v -0.103959 0.774080 -0.024688
v 0.082393 0.812811 -0.032840
v -0.086864 0.927806 -0.017484
v -0.019029 0.941911 -0.012059
v -0.223696 -0.947251 0.019401
v 0.045169 -0.806593 -0.010980
v -0.062432 -0.803558 -0.020130
v 0.160918 -0.476418 -0.018708
v -0.162891 -0.447156 -0.019498
v 0.143275 -0.440680 -0.007324
v -0.193688 -0.312096 -0.002984
v 0.158891 0.040083 0.010842
v -0.174647 0.147075 -0.031963
v 0.149417 0.157959 -0.009290
v -0.263047 0.123836 0.008977
v 0.249786 0.151034 -0.015024
v -0.172697 0.246232 0.013800
v 0.223367 0.274447 -0.026308
v -0.239568 0.387072 -0.032195
v 0.230781 0.539637 -0.013362
v 0.027072 0.686557 -0.034367
v 0.019564 0.702252 -0.034291
v -0.072406 0.724200 -0.024202
v -0.092853 0.750591 -0.032397
v 0.089131 0.832439 -0.024779
v -0.131033 0.839203 -0.031667
v 0.086422 0.852933 -0.033430
v 0.004410 0.937945 -0.019656
v -0.164172 -0.852762 -0.009443
v -0.158520 -0.843401 -0.019550
v -0.155257 -0.803380 -0.031654
v -0.136382 -0.720182 -0.026172
v 0.082518 -0.702589 -0.030725
v 0.157538 -0.719073 -0.032702
v -0.049073 -0.332984 -0.014571
v -0.209825 -0.173875 0.013442
v 0.180301 -0.122543 -0.004922
v -0.187194 0.112342 -0.028014
v 0.143537 0.112940 -0.017008
v 0.191370 0.070891 0.046636
v -0.166116 0.194704 -0.020039
v 0.159315 0.348993 -0.010984
v 0.308428 0.286385 -0.018169
v -0.242356 0.470070 -0.015841
v 0.057756 0.670047 -0.021358
v 0.044838 0.678341 -0.024739
v 0.059067 0.730201 -0.027550
v 0.015980 0.940386 0.007261
v -0.090839 -0.905684 -0.007166
v -0.174086 -0.871079 -0.015446
v 0.044364 -0.822460 -0.004017
v -0.068445 -0.770291 -0.009454
v 0.090901 -0.740416 -0.020279
v -0.087756 -0.744577 -0.003216
v -0.117523 -0.699977 -0.026654
v 0.082286 -0.651564 -0.013938
v -0.109742 -0.611380 -0.025397
v -0.180095 -0.389336 -0.014613
v -0.207841 -0.261172 -0.010099
v -0.204378 0.063621 -0.002385
v -0.183434 0.149168 -0.022864
v -0.258804 0.142695 0.010112
v -0.158065 0.303694 0.009817
v 0.284494 0.409273 -0.018730
v 0.211203 0.562912 -0.009249
v -0.110373 0.617012 -0.024494
v -0.094615 0.654943 -0.017570
v -0.075003 0.662769 -0.023510
v -0.065786 0.665097 -0.030692
v 0.038506 0.710911 -0.022996
v 0.077153 0.765743 -0.024332
v 0.090709 0.830084 -0.009420
v 0.099431 0.868383 0.026311
v -0.119049 0.893524 0.007466
v -0.094238 0.924927 -0.016737
v 0.042999 0.934076 -0.000622
v 0.001056 0.941778 -0.001634
v 0.074496 -0.952992 0.030627
v 0.059135 -0.859856 -0.006376
v -0.068966 -0.841103 -0.012854
v 0.153698 -0.559704 -0.016497
v -0.099889 -0.467269 -0.013648
v 0.149675 -0.400061 0.012988
v 0.014997 -0.293552 -0.013012
v -0.179760 0.108318 -0.011073
v -0.182032 0.172145 0.014416
v 0.260943 0.150413 0.007324
v 0.154953 0.195702 -0.012921
v 0.300136 0.217034 -0.002106
v 0.174284 0.343117 -0.006586
v 0.164516 0.350466 -0.015128
v 0.279795 0.416948 -0.018781
v -0.191659 0.540924 0.004049
v -0.065619 0.667344 -0.026579
v -0.091698 0.734857 -0.018042
v 0.085928 0.761418 -0.012433
v 0.078283 0.903104 -0.005044
v 0.158992 -0.895466 -0.000667
v -0.146910 -0.831047 -0.004609
v -0.123943 -0.559439 -0.021889
v -0.140842 -0.519673 -0.021235
v 0.166007 -0.324981 -0.002374
v -0.018963 -0.095103 0.000649
v -0.012619 -0.084866 -0.006158
v -0.212247 0.005516 0.000803
v -0.189012 0.112510 -0.021718
v -0.183398 0.150075 -0.014946
v 0.146306 0.157438 0.022424
v 0.181811 0.341214 -0.010539
v 0.267169 0.376952 0.004830
v -0.224512 0.524171 -0.015441
v -0.114429 0.580421 0.030138
v 0.170756 0.587683 0.013788
v -0.115263 0.606293 0.002942
v -0.073364 0.654068 -0.015507
v -0.087372 0.650693 0.000475
v 0.049521 0.675201 -0.012979
v -0.069823 0.719004 -0.012708
v 0.058500 0.725839 -0.015171
v -0.115534 0.773173 -0.000605
v 0.081033 0.776640 -0.015706
v -0.131558 0.837783 0.017795
v 0.100070 0.846681 -0.004428
v -0.108545 0.905218 0.002904
v -0.078052 0.924990 -0.012247
v -0.046587 0.937846 -0.016361
v -0.220819 -0.927041 0.012499
v 0.068138 -0.905933 0.005828
v -0.175411 -0.859387 -0.008679
v 0.134880 -0.843098 0.015600
v 0.150050 -0.812678 -0.007191
v 0.119934 -0.707442 -0.012938
v 0.131211 -0.631256 -0.015971
v 0.090036 -0.531570 -0.002953
v 0.028062 -0.372077 0.001393
v 0.165866 0.084887 0.044317
v 0.305190 0.259277 0.000736
v -0.207654 0.435810 0.007625
v -0.110499 0.600306 -0.006085
v 0.086360 0.618566 0.004766
v -0.067875 0.685222 -0.004706
v -0.110551 0.786463 -0.009431
v 0.085497 0.812835 0.002334
v -0.122460 0.808821 0.002339
v -0.121307 0.825100 0.014814
v -0.131386 0.856390 -0.004814
v -0.134752 0.877632 -0.009047
v 0.051274 0.924771 -0.004783
v 0.062423 0.922167 -0.005056
v -0.077881 0.934160 0.010932
v -0.100622 -0.926238 0.009526
v -0.100027 -0.853708 -0.007837
v 0.153490 -0.850519 -0.002642
v -0.084019 -0.845159 -0.000577
v -0.076100 -0.814719 0.004059
v -0.109644 -0.795060 0.005852
v 0.116708 -0.736705 -0.002435
v -0.163642 -0.400318 0.008823
v -0.209522 -0.026589 0.010576
v -0.235982 0.053923 0.004420
v -0.222574 0.072418 -0.003779
v 0.191938 0.346651 0.007932
v 0.289370 0.310221 0.000394
v -0.173886 0.399776 -0.005864
v 0.240373 0.516531 0.008014
v 0.051479 0.721860 -0.004941
v 0.096051 0.861969 0.022262
v -0.101885 0.921860 0.024026
v 0.192124 -0.948989 0.066748
v 0.072129 -0.930152 0.018503
v 0.160709 -0.339887 0.005089
v 0.146885 0.113530 0.011416
v -0.202567 0.090165 0.015578
v -0.182978 0.116645 -0.010277
v -0.209770 0.107561 0.011584
v -0.258070 0.081830 0.010838
v -0.179118 0.146167 -0.006928
v 0.191390 0.205847 0.017325
v 0.142089 0.271162 0.021370
v 0.233916 0.283213 -0.012037
v -0.113135 0.611972 0.009489
v 0.062940 0.659362 0.005075
v 0.083914 0.767282 0.007354
v -0.108869 0.763217 -0.001157
v 0.090086 0.795339 0.009357
v 0.092094 0.838079 0.021211
v 0.086257 0.895192 -0.001435
v -0.068855 0.934851 0.018996
v -0.042023 0.939787 0.015039
v 0.141394 -0.858921 0.009577
v -0.137825 -0.839578 -0.000413
v 0.138481 -0.804619 -0.007865
v -0.106588 -0.775232 -0.004790
v -0.129378 -0.779864 -0.000361
v -0.128735 -0.759446 -0.008907
v 0.078307 -0.784684 0.014337
v 0.146277 -0.756422 -0.002585
v -0.137103 -0.403680 0.020374
v 0.145325 -0.373049 0.012953
v -0.065328 -0.336435 0.011890
v 0.155248 0.172698 0.022083
v -0.211501 0.466685 0.015924
v 0.213167 0.554529 0.020936
v 0.088332 0.773360 0.003639
v -0.112127 0.793011 0.003903
v -0.139000 0.868267 0.010445
v -0.030424 0.944917 0.021999
v -0.105311 -0.883146 0.016648
v 0.082972 -0.858266 0.012662
v 0.067083 -0.852575 0.008083
v 0.123388 -0.803236 -0.000829
v -0.105671 -0.747655 0.000385
v -0.151503 -0.368271 0.019408
v 0.176550 -0.225551 0.036277
v 0.181784 -0.166089 0.018449
v 0.179608 -0.079110 0.026448
v -0.205733 0.085409 0.009608
v -0.170480 0.150156 -0.002194
v -0.168873 0.148733 0.033576
v -0.170794 0.195373 0.042096
v -0.174127 0.231980 0.003026
v 0.164007 0.368924 0.004063
v -0.158063 0.339570 0.028937
v 0.272463 0.383555 0.007684
v 0.075190 0.759970 0.014189
v 0.051102 0.928660 0.026261
v -0.077167 0.938982 0.054288
v 0.180665 -0.930926 0.031702
v -0.164393 -0.852854 0.005541
v -0.128868 -0.827397 0.007091
v 0.134616 -0.815985 0.008857
v -0.109913 -0.819199 0.005925
v 0.123217 -0.775067 0.015225
v 0.115849 -0.490804 0.008857
v -0.107606 -0.384766 0.027106
v 0.130318 -0.419435 0.020390
v -0.204276 -0.252954 0.013175
v -0.193464 0.096447 0.026513
v -0.180897 0.106874 0.018046
v 0.160362 0.109247 0.040265
v 0.250819 0.134049 0.037644
v 0.185281 0.347269 0.012347
v 0.260694 0.409692 0.011279
v -0.207232 0.489545 0.018060
v -0.111536 0.588413 0.014164
v -0.078502 0.629089 0.008018
v -0.095729 0.638348 0.020641
v -0.101446 0.758081 0.008442
v -0.123804 0.754901 0.008373
v -0.129609 0.780180 0.010283
v -0.116702 0.800756 0.010748
v 0.101637 0.847382 0.010228
v 0.086063 0.882287 0.035225
v 0.083094 0.903079 0.010297
v 0.150849 -0.875529 0.015585
v -0.188838 -0.877150 0.026007
v -0.156609 -0.851228 0.016850
v -0.117300 -0.846187 0.003318
v -0.142494 -0.852761 0.020675
v -0.125459 -0.838778 0.005391
v 0.063138 -0.795401 0.010565
v 0.126521 -0.455540 0.021566
v -0.016423 -0.089389 0.009458
v 0.260828 0.285525 0.008961
v 0.264080 0.295195 0.007024
v 0.244083 0.473682 0.024078
v -0.203323 0.516553 0.011108
v 0.050537 0.655461 0.020733
v 0.052243 0.698273 0.030127
v 0.101687 0.777123 0.009171
v 0.086950 0.806205 0.019146
v 0.081642 0.817650 0.035084
v -0.180001 -0.864763 0.021374
v -0.114209 -0.830671 0.010517
v 0.066555 -0.826991 0.008953
v -0.020197 -0.090566 0.019824
v -0.216570 -0.009714 0.034148
v 0.287670 0.200978 0.020669
v 0.202035 0.186576 0.056461
v 0.231284 0.361051 0.018825
v -0.072602 0.620159 0.024084
v -0.091591 0.731209 0.027878
v 0.095044 0.757821 0.016843
v 0.097484 0.799266 0.024344
v -0.129922 0.853905 0.021777
v -0.131047 0.856055 0.041811
v -0.126306 0.882908 0.054014
v 0.078418 0.900782 0.037542
v -0.233022 -0.927388 0.039253
v 0.079546 -0.887418 0.045456
v 0.184331 -0.911799 0.074236
v 0.088983 -0.845829 0.023122
v 0.116164 -0.816540 0.015953
v 0.092006 -0.810648 0.009214
v -0.222917 0.121552 0.036445
v -0.237398 0.126107 0.036424
v 0.151292 0.102811 0.063324
v 0.288050 0.219926 0.027161
v 0.279179 0.281692 0.013010
v 0.248598 0.369321 0.016596
v 0.245717 0.394013 0.026646
v -0.188463 0.428172 0.024646
v 0.155142 0.581775 0.044059
v -0.091259 0.637873 0.023940
v -0.112424 0.738720 0.023160
v -0.092336 0.932004 0.030434
v 0.028167 0.944278 0.026660
v 0.138252 -0.854469 0.017204
v 0.152612 -0.867428 0.022606
v -0.128052 -0.860798 0.023290
v 0.096325 -0.789841 0.019415
v 0.056259 -0.411356 0.023051
v -0.179164 -0.296310 0.029715
v -0.016014 -0.093383 0.025997
v 0.199957 0.066735 0.056222
v 0.154977 0.105776 0.023330
v -0.239703 0.102636 0.061642
v -0.171239 0.222720 0.048280
v 0.193544 0.371629 0.029670
v 0.218756 0.536307 0.032223
v 0.082224 0.607374 0.033310
v -0.079935 0.621551 0.020465
v -0.123052 0.760854 0.023905
v 0.097853 0.768753 0.028427
v -0.114922 0.796050 0.033172
v -0.131009 0.899478 0.062251
v -0.021992 0.942463 0.030870
v 0.003505 0.946331 0.027319
v 0.190219 -0.953576 0.074223
v -0.109571 -0.947448 0.061486
v -0.195523 -0.082121 0.052365
v 0.149683 0.090488 0.043815
v 0.149569 0.101996 0.032565
v -0.210338 0.113836 0.030102
v -0.190108 0.095955 0.042055
v 0.211837 0.357262 0.027738
v 0.159749 0.408753 0.026664
v -0.059659 0.653209 0.037311
v 0.041082 0.661507 0.040309
v 0.075569 0.743494 0.032375
v 0.089583 0.827146 0.037488
v -0.108972 0.918166 0.057963
v 0.067105 0.916881 0.034055
v 0.008555 0.943143 0.038079
v 0.123395 -0.852656 0.022385
v 0.097852 -0.846299 0.027664
v 0.089372 -0.423134 0.036313
v 0.030204 -0.280705 0.047930
v -0.118664 -0.264672 0.060629
v -0.041103 -0.093198 0.047561
v -0.163333 0.139482 0.053271
v 0.153909 0.130891 0.033054
v 0.144930 0.182707 0.045603
v 0.230651 0.364487 0.028698
v 0.065923 0.635356 0.036941
v 0.048750 0.636151 0.035779
v -0.099811 0.732659 0.038264
v 0.086120 0.745059 0.037379
v -0.111659 0.786457 0.031790
v 0.081947 0.805505 0.041983
v -0.009391 0.951500 0.032704
v -0.109604 -0.930307 0.069166
v 0.145494 -0.871944 0.037509
v -0.131302 -0.868686 0.043963
v -0.156448 -0.863642 0.028105
v 0.123858 -0.855072 0.040936
v 0.107772 -0.415655 0.039713
v 0.176714 -0.122099 0.042018
v -0.208007 -0.027274 0.061752
v 0.155772 0.109429 0.031428
v 0.270275 0.234462 0.038439
v 0.131936 0.291502 0.052607
v 0.226046 0.434944 0.036732
v 0.052507 0.642605 0.032348
v -0.104193 0.763503 0.024312
v -0.113995 0.751507 0.031473
v -0.098370 0.772729 0.033694
v 0.094539 0.788225 0.028499
v -0.110643 0.832411 0.072388
v 0.084828 0.840219 0.041763
v 0.081490 0.861711 0.062649
v -0.232697 -0.947173 0.042856
v -0.224780 -0.900351 0.058686
v 0.097750 -0.855940 0.037433
v -0.022042 -0.083879 0.044901
v 0.163147 0.053352 0.047211
v 0.133683 0.242678 0.048717
v 0.153215 0.428197 0.042004
v 0.224962 0.489811 0.043504
v 0.186141 0.567124 0.040119
v -0.076007 0.606994 0.032458
v -0.066987 0.688261 0.054131
v 0.074454 0.739062 0.045886
v 0.079036 0.776678 0.029486
v 0.075357 0.785871 0.036328
v 0.055511 0.921455 0.045932
v -0.060687 0.940196 0.057283
v -0.004149 0.953830 0.038197
v 0.114899 -0.367774 0.049236
v -0.137309 -0.328150 0.043370
v 0.149369 -0.304051 0.055574
v 0.006443 -0.112722 0.068317
v -0.053068 -0.117750 0.054098
v -0.207215 -0.023061 0.049535
v -0.225914 0.029980 0.067938
v -0.245965 0.080922 0.056088
v 0.141735 0.104366 0.041215
v -0.173635 0.108030 0.044491
v -0.172552 0.163791 0.060607
v 0.211397 0.392126 0.035885
v -0.136102 0.379918 0.077688
v -0.159835 0.461885 0.063584
v -0.117215 0.538334 0.069124
v 0.079048 0.591255 0.056161
v -0.092396 0.619500 0.048859
v 0.081863 0.759139 0.044366
v 0.074913 0.772905 0.051066
v -0.105792 0.782238 0.043646
v 0.085937 0.805896 0.050827
v 0.094487 0.874818 0.064649
v 0.094856 0.881353 0.049731
v -0.119811 0.915126 0.055126
v -0.037858 0.938948 0.050470
v 0.192235 -0.931690 0.085763
v -0.193025 -0.884651 0.128323
v 0.098597 -0.866292 0.044816
v -0.145776 -0.869408 0.043975
v 0.150091 -0.872979 0.056271
v 0.173465 -0.098733 0.064622
v 0.168707 -0.027036 0.053817
v 0.165018 0.020728 0.047864
v 0.189985 0.057587 0.049895
v 0.152938 0.094090 0.053407
v 0.146362 0.112727 0.040292
v -0.178384 0.091727 0.061074
v 0.137215 0.148112 0.043666
v 0.224836 0.202144 0.058906
v -0.138715 0.262274 0.059874
v -0.070185 0.603623 0.039625
v -0.067503 0.591777 0.052355
v -0.102589 0.756552 0.045645
v -0.134295 0.869044 0.057600
v 0.067274 0.905781 0.081596
v 0.012160 0.946826 0.089188
v 0.109121 -0.861550 0.053111
v 0.077640 -0.299729 0.078876
v -0.182024 -0.117957 0.063306
v 0.163368 -0.074939 0.076013
v 0.182628 0.043114 0.057811
v 0.131335 0.143959 0.064345
v 0.128522 0.375096 0.070685
v 0.176697 0.433305 0.046249
v 0.166597 0.463634 0.066824
v 0.199045 0.462593 0.058794
v 0.186329 0.540514 0.058804
v -0.151652 0.492958 0.061660
v 0.041625 0.619394 0.047782
v 0.041612 0.687845 0.069991
v -0.089629 0.706932 0.073819
v 0.078081 0.800747 0.049290
v -0.107714 0.793744 0.049636
v -0.095673 0.926016 0.077931
v -0.037362 0.943739 0.059572
v -0.237197 -0.943382 0.085473
v -0.237370 -0.923223 0.089974
v -0.099362 -0.153060 0.074952
v 0.138924 0.102609 0.062080
v -0.155211 0.141460 0.064776
v 0.205595 0.064408 0.082453
v 0.217591 0.131673 0.086518
v 0.103224 0.283514 0.091128
v -0.113608 0.534222 0.061358
v -0.048424 0.624777 0.050799
v 0.019324 0.621027 0.058480
v -0.098867 0.765311 0.066782
v 0.078145 0.777586 0.064838
v -0.116019 0.808784 0.053144
v 0.081591 0.823492 0.057175
v 0.042602 0.923679 0.081491
v -0.049689 0.945747 0.055683
v 0.065828 -0.934495 0.066396
v 0.169553 -0.014063 0.085571
v 0.135708 0.157117 0.076064
v -0.122689 0.267183 0.078961
v -0.028904 0.658209 0.075839
v 0.066901 0.714895 0.066598
v 0.077100 0.805067 0.064510
v 0.082613 0.875245 0.080377
v 0.123677 -0.868374 0.051033
v 0.048014 -0.264767 0.070594
v -0.145328 -0.236960 0.065831
v 0.145963 -0.237040 0.072530
v -0.020422 -0.079721 0.060834
v 0.197305 0.047089 0.064084
v 0.132147 0.102070 0.080077
v -0.212616 0.094057 0.072270
v 0.159170 0.559923 0.061750
v -0.068365 0.582636 0.075693
v -0.029017 0.641859 0.066769
v -0.033189 0.665301 0.090154
v -0.108721 0.861770 0.080277
v 0.089951 0.866908 0.068874
v -0.002795 0.942903 0.093327
v 0.094346 -0.880347 0.068393
v 0.103472 -0.316357 0.074447
v -0.232307 0.083819 0.071128
v 0.143209 0.101147 0.067356
v -0.143970 0.136896 0.079733
v 0.193931 0.083070 0.108210
v -0.134665 0.332210 0.067214
v -0.043138 0.580985 0.067269
v 0.033559 0.600873 0.060246
v 0.026081 0.592473 0.067808
v 0.030467 0.591874 0.096051
v 0.051260 0.611812 0.076496
v 0.011467 0.663735 0.080713
v 0.084638 0.883984 0.082901
v -0.129133 0.902540 0.081362
v -0.022145 0.949179 0.090529
v 0.070833 -0.953792 0.097601
v 0.176835 -0.901217 0.089836
v 0.123187 -0.300242 0.074420
v -0.145438 -0.149747 0.078928
v -0.114646 -0.165775 0.075419
v -0.080037 -0.085006 0.078655
v -0.183328 -0.049381 0.087286
v 0.193956 0.042336 0.089220
v 0.206201 0.053726 0.074937
v -0.166377 0.086217 0.076864
v -0.159141 0.199831 0.083689
v -0.127404 0.222905 0.106335
v 0.149323 0.443881 0.071727
v -0.108333 0.526475 0.066702
v -0.018175 0.585263 0.069038
v -0.127729 0.864229 0.068870
v -0.122956 0.884526 0.078591
v -0.057734 0.939882 0.097025
v -0.215347 -0.889241 0.113132
v 0.161584 -0.102707 0.083430
v -0.147819 0.095563 0.078695
v 0.168573 0.104465 0.107697
v 0.121910 0.182386 0.098829
v 0.114445 0.411691 0.098624
v -0.135969 0.434211 0.087090
v -0.082091 0.588269 0.083046
v -0.006969 0.646743 0.073131
v 0.068783 0.776570 0.072504
v -0.099776 0.809361 0.071806
v 0.065968 0.856436 0.086646
v -0.065448 0.934272 0.069188
v -0.044324 0.940257 0.093249
v 0.082188 -0.209249 0.103482
v -0.160733 -0.065441 0.095057
v -0.201081 -0.011473 0.076719
v -0.173766 0.088973 0.088982
v 0.122232 0.144296 0.080170
v 0.117143 0.168521 0.107532
v -0.143479 0.167842 0.095402
v 0.142631 0.497852 0.082322
v 0.163252 0.517522 0.075169
v 0.006684 0.582890 0.072164
v -0.017701 0.563326 0.074809
v -0.096503 0.737096 0.085446
v 0.071542 0.861900 0.079810
v -0.122542 0.876186 0.080417
v -0.167356 -0.891748 0.135402
v 0.151036 -0.888887 0.133352
v 0.148315 -0.169709 0.091053
v 0.042371 -0.124310 0.099820
v -0.054492 -0.056431 0.086187
v 0.152112 -0.025709 0.104083
v 0.145837 0.107920 0.097438
v 0.153675 0.106605 0.089880
v 0.185682 0.093926 0.111099
v 0.106416 0.210880 0.091202
v -0.097120 0.530184 0.070086
v -0.080196 0.544165 0.077463
v -0.085426 0.543642 0.070719
v -0.078865 0.552231 0.074978
v -0.069754 0.552378 0.075045
v -0.065366 0.557099 0.075108
v -0.074814 0.573848 0.078782
v -0.087968 0.562510 0.085410
v 0.075700 0.537478 0.087744
v -0.022565 0.537294 0.094834
v 0.062026 0.710589 0.088931
v 0.061909 0.820553 0.079463
v -0.129512 0.892289 0.085515
v -0.120233 0.901074 0.091765
v 0.016696 0.938489 0.105360
v 0.092534 -0.248828 0.097469
v -0.194564 -0.003000 0.096522
v 0.169253 -0.006149 0.085273
v -0.151373 0.155366 0.093680
v -0.076884 0.322746 0.116712
v -0.072993 0.494058 0.099754
v -0.102055 0.539262 0.082018
v 0.119475 0.512870 0.088801
v -0.054268 0.572047 0.090646
v -0.084018 0.809874 0.123483
v -0.103350 0.907120 0.089712
v -0.102799 0.918006 0.101107
v 0.023406 0.938659 0.117159
v 0.012660 -0.093953 0.098253
v -0.004612 -0.073074 0.085109
v -0.187150 0.010883 0.099072
v -0.187990 0.078842 0.098502
v -0.100754 0.457445 0.102394
v -0.046401 0.564690 0.094184
v 0.074075 0.542331 0.095871
v 0.059810 0.796003 0.096686
v -0.096283 0.849624 0.085358
v -0.093521 0.927446 0.096191
v 0.186585 -0.951138 0.116874
v 0.069068 -0.930956 0.105149
v -0.091211 -0.069319 0.092678
v -0.192532 0.053073 0.090613
v 0.206659 0.064275 0.101016
v -0.149418 0.071452 0.090894
v -0.123414 0.080496 0.099408
v 0.134351 0.098724 0.092613
v -0.127663 0.092261 0.090895
v 0.094713 0.383784 0.101340
v -0.070724 0.516096 0.103093
v -0.033140 0.525600 0.091636
v 0.012398 0.573203 0.102651
v -0.025619 0.651695 0.122678
v 0.011519 0.666859 0.094367
v -0.035133 0.656777 0.132650
v 0.010560 0.656670 0.136285
v 0.067654 0.737234 0.096772
v 0.068944 0.886128 0.107812
v -0.072230 0.924488 0.091047
v 0.173859 -0.907772 0.136557
v -0.144406 -0.899825 0.120094
v -0.232502 -0.919225 0.116662
v 0.084275 -0.901194 0.120888
v -0.156756 -0.026242 0.108481
v -0.092942 0.438091 0.108910
v 0.056819 0.535175 0.090275
v -0.073792 0.505983 0.104388
v 0.040420 0.541553 0.086759
v 0.040818 0.550243 0.086912
v 0.018450 0.502313 0.109298
v 0.010670 0.526529 0.095510
v 0.030046 0.561773 0.086218
v 0.007890 0.541447 0.090295
v 0.026099 0.581250 0.095840
v 0.034774 0.557384 0.089030
v -0.070497 0.694746 0.108105
v -0.089890 0.756442 0.116279
v 0.051310 0.870623 0.097676
v -0.092650 0.866005 0.095725
v 0.074146 0.877805 0.104153
v -0.109345 0.903881 0.099779
v 0.032892 0.921417 0.112318
v -0.053994 0.936103 0.105442
v -0.123288 0.134072 0.098159
v 0.111209 0.138612 0.095113
v -0.132431 0.145383 0.104781
v -0.059499 0.492772 0.111955
v -0.052331 0.478936 0.106882
v -0.007976 0.521406 0.097192
v -0.002005 0.556936 0.106145
v 0.034472 0.588618 0.101444
v 0.007433 0.653155 0.126316
v 0.053534 0.767506 0.126687
v -0.082542 0.915843 0.105733
v 0.178937 -0.927244 0.144391
v -0.129273 -0.926725 0.112532
v 0.110085 -0.893290 0.155932
v 0.031024 -0.104845 0.108633
v -0.126134 -0.014045 0.106909
v 0.161423 -0.002323 0.108421
v 0.190763 0.050949 0.108216
v -0.171719 0.036157 0.096604
v 0.194757 0.055597 0.114838
v -0.123777 0.089214 0.104582
v 0.128886 0.088915 0.104600
v 0.110571 0.094544 0.107350
v 0.066892 0.211124 0.116254
v -0.077461 0.267615 0.120771
v 0.114519 0.442379 0.104074
v 0.061943 0.539761 0.100079
v -0.082814 0.865468 0.106990
v -0.112992 0.894773 0.107496
v 0.049689 0.902438 0.120083
v -0.156641 -0.940370 0.142562
v -0.138498 -0.944282 0.123426
v 0.095876 -0.149885 0.115448
v -0.179978 0.015610 0.105744
v -0.164052 0.033591 0.105084
v -0.152185 0.033732 0.119474
v -0.138846 0.058829 0.099752
v -0.126592 0.048219 0.101840
v 0.192177 0.082513 0.119826
v -0.120127 0.167739 0.120296
v -0.113147 0.199576 0.106112
v -0.075701 0.357537 0.111335
v -0.005150 0.497047 0.106891
v 0.002950 0.508170 0.103392
v -0.025610 0.512448 0.102294
v 0.012332 0.509312 0.118687
v 0.049254 0.557900 0.105237
v 0.020073 0.670204 0.135545
v -0.079835 0.775047 0.120035
v -0.103813 0.878001 0.111172
v 0.064204 0.874712 0.111620
v -0.099884 0.907524 0.110019
v -0.084747 0.917431 0.113026
v -0.006697 0.932047 0.120307
v -0.038434 0.946515 0.116568
v 0.058288 -0.078090 0.122580
v 0.038057 -0.040992 0.129099
v 0.157376 -0.009585 0.119302
v -0.102043 0.084583 0.104153
v -0.117105 0.086162 0.108898
v -0.109186 0.137151 0.108938
v 0.090403 0.141842 0.115804
v 0.096674 0.153579 0.123146
v -0.128425 0.156751 0.107359
v 0.075774 0.465326 0.115283
v -0.070245 0.473553 0.107047
v 0.049162 0.820192 0.123236
v 0.038681 0.868301 0.111639
v 0.040676 0.875017 0.114091
v 0.046934 0.884392 0.130416
v 0.087447 -0.947852 0.153493
v 0.130207 -0.018664 0.139058
v 0.142063 -0.017717 0.123481
v -0.153057 0.004099 0.111792
v -0.149260 0.022235 0.108297
v -0.143529 0.031263 0.118739
v -0.127358 0.036232 0.105005
v -0.139012 0.049510 0.118218
v -0.070640 0.081576 0.115469
v 0.163874 0.103269 0.115960
v -0.073464 0.254626 0.127398
v -0.063452 0.450562 0.115310
v -0.008261 0.474360 0.115938
v -0.007073 0.480408 0.124953
v -0.069546 0.717768 0.118984
v 0.050762 0.749705 0.129615
v -0.076237 0.797238 0.123053
v -0.087968 0.895585 0.115488
v -0.031741 0.936748 0.123189
v -0.226349 -0.936260 0.131024
v 0.081374 -0.117524 0.122043
v -0.048399 -0.021463 0.118152
v -0.077688 0.012904 0.116551
v -0.052028 0.044049 0.123833
v 0.155069 0.017623 0.131957
v 0.175737 0.065595 0.123744
v 0.178242 0.095069 0.120501
v -0.096772 0.152828 0.131399
v 0.067872 0.177944 0.128793
v -0.081382 0.231883 0.124784
v -0.078391 0.245700 0.125552
v 0.040368 0.363281 0.121760
v -0.052440 0.403454 0.116643
v 0.048285 0.426656 0.127746
v -0.042148 0.444695 0.117344
v -0.025851 0.445461 0.122383
v 0.008711 0.477496 0.119378
v 0.030548 0.700624 0.126131
v -0.060589 0.701196 0.120540
v 0.042907 0.802103 0.124584
v -0.088747 0.877138 0.115128
v -0.081567 0.874735 0.115977
v 0.050876 0.914269 0.122574
v -0.076806 0.925309 0.125735
v -0.022827 0.933046 0.132026
v -0.223215 -0.915966 0.131960
v -0.217242 -0.899738 0.127561
v 0.128487 -0.888497 0.152437
v 0.092608 -0.073566 0.133450
v -0.066877 0.078313 0.127800
v -0.075292 0.089835 0.119071
v 0.104163 0.083528 0.119837
v 0.059272 0.089751 0.126515
v 0.145548 0.086461 0.120389
v -0.072063 0.124853 0.123398
v -0.052747 0.213373 0.122383
v -0.084654 0.251916 0.144250
v -0.044004 0.364394 0.120131
v -0.042885 0.437061 0.122709
v -0.061666 0.469552 0.122844
v 0.035583 0.784224 0.130358
v -0.061035 0.867020 0.126976
v 0.020981 0.878267 0.124009
v -0.082836 0.918455 0.136495
v 0.036196 0.915559 0.124608
v -0.001724 0.934542 0.144957
v 0.177491 -0.944523 0.148529
v -0.014826 -0.017210 0.126662
v 0.139097 0.002359 0.139947
v -0.052529 0.070577 0.123844
v 0.108567 0.079181 0.135729
v 0.054369 0.126344 0.131811
v -0.051910 0.198780 0.123481
v 0.032130 0.270982 0.124273
v -0.078085 0.353902 0.125074
v -0.040741 0.377483 0.131808
v -0.034748 0.409177 0.122965
v -0.058007 0.730833 0.118502
v -0.039868 0.721556 0.128748
v -0.052313 0.734905 0.127312
v -0.076399 0.756428 0.131446
v -0.066271 0.870887 0.128567
v 0.043262 0.892414 0.131633
v -0.068894 0.929296 0.143608
v 0.142871 0.013726 0.134237
v 0.168398 0.073121 0.126617
v 0.086072 0.074141 0.128256
v 0.172107 0.080260 0.129846
v -0.071826 0.100540 0.128207
v -0.062095 0.120790 0.133744
v 0.060502 0.150469 0.138636
v 0.049446 0.136806 0.127130
v 0.056274 0.159750 0.142862
v -0.045066 0.203159 0.133286
v -0.069957 0.243538 0.128628
v 0.020497 0.194950 0.137296
v 0.005687 0.329003 0.132238
v 0.000194 0.355414 0.128292
v -0.007870 0.428511 0.126362
v -0.023888 0.364658 0.124102
v -0.033400 0.397613 0.130182
v -0.016701 0.441767 0.134275
v -0.004290 0.462332 0.133289
v -0.035662 0.662694 0.139105
v -0.025413 0.703713 0.147246
v 0.027934 0.734150 0.120766
v 0.017695 0.723861 0.126652
v -0.036326 0.730232 0.143094
v 0.009696 0.733743 0.142274
v -0.061421 0.791709 0.128213
v -0.057211 0.819217 0.143290
v 0.031144 0.827358 0.139892
v -0.041894 0.922476 0.143694
v 0.103092 -0.900406 0.159423
v 0.069942 -0.006747 0.147942
v 0.058970 0.021770 0.142527
v -0.016210 0.001670 0.137618
v -0.033864 -0.001863 0.135187
v -0.006896 0.013406 0.133606
v -0.048733 0.016987 0.131771
v 0.139348 0.032605 0.141523
v -0.015521 0.070981 0.134807
v 0.061379 0.056745 0.134918
v 0.050996 0.077756 0.130586
v 0.047480 0.130353 0.139389
v -0.045304 0.244026 0.139714
v -0.055122 0.246291 0.132036
v -0.006886 0.223259 0.133839
v -0.016540 0.248944 0.136042
v -0.000404 0.288329 0.133144
v -0.023913 0.264466 0.137723
v 0.009419 0.350650 0.132549
v 0.005375 0.356044 0.143628
v -0.046553 0.354845 0.134586
v -0.028260 0.360505 0.134761
v -0.000497 0.450485 0.125601
v -0.007188 0.652116 0.143986
v 0.015663 0.757382 0.138842
v 0.035884 0.767803 0.137249
v -0.036447 0.783591 0.131010
v -0.041393 0.793453 0.129111
v -0.053687 0.806644 0.133677
v 0.025435 0.800682 0.130260
v -0.076151 0.886444 0.135694
v 0.004570 0.882902 0.132551
v -0.018072 0.878342 0.136048
v 0.006440 0.918378 0.151861
v -0.016916 0.921380 0.149708
v -0.050975 0.937241 0.135716
v -0.200543 -0.935935 0.149125
v 0.125736 -0.002633 0.142078
v -0.034020 0.039986 0.139220
v -0.007798 0.069324 0.128756
v -0.016091 0.040363 0.139355
v 0.124097 0.052503 0.138667
v -0.011235 0.077906 0.140274
v 0.111270 0.063880 0.145308
v 0.003836 0.086153 0.133572
v 0.035391 0.085653 0.130887
v 0.042408 0.085730 0.140325
v -0.058654 0.094465 0.130034
v 0.052188 0.088917 0.139098
v -0.064448 0.159757 0.139810
v 0.037200 0.134325 0.134271
v 0.032625 0.156839 0.141877
v -0.081261 0.248036 0.143934
v -0.016057 0.273354 0.139825
v -0.000752 0.293335 0.139698
v 0.005303 0.311818 0.137562
v -0.029973 0.374413 0.134229
v -0.040748 0.763318 0.140002
v 0.004620 0.787292 0.130438
v 0.008077 0.797565 0.130164
v -0.028763 0.801852 0.143550
v -0.038503 0.876954 0.135873
v -0.038165 0.872657 0.132252
v -0.064030 0.883157 0.155629
v 0.024345 0.887148 0.140035
v 0.096197 -0.926760 0.166101
v -0.178226 -0.918965 0.151389
v -0.189117 -0.899626 0.144592
v 0.046666 0.036749 0.141185
v -0.007114 0.096841 0.142362
v -0.007715 0.123339 0.143203
v 0.034856 0.123576 0.137289
v -0.038759 0.125194 0.139334
v -0.000181 0.128773 0.135900
v -0.053429 0.152773 0.150655
v 0.016436 0.141642 0.145830
v -0.055774 0.170396 0.146525
v -0.030837 0.203534 0.132894
v -0.031527 0.247249 0.140878
v -0.015890 0.252891 0.144298
v 0.000247 0.246243 0.152353
v -0.038170 0.365857 0.144756
v 0.003461 0.704633 0.146158
v -0.025378 0.722713 0.142723
v -0.010831 0.711516 0.144173
v -0.039836 0.741120 0.139542
v -0.015160 0.804928 0.147336
v -0.038011 0.810652 0.146542
v -0.072465 0.902961 0.143571
v 0.039108 0.905868 0.145374
v 0.127666 0.012965 0.146142
v 0.111485 0.045220 0.139617
v 0.052126 0.046177 0.151845
v -0.017701 0.117428 0.139116
v 0.003709 0.693135 0.144334
v -0.007486 0.729962 0.151038
v 0.006324 0.753615 0.150077
v -0.015469 0.774275 0.154285
v 0.004236 0.819353 0.149708
v -0.018673 0.881376 0.167417
v -0.007207 0.877586 0.164549
v 0.035025 0.897123 0.149815
v -0.072107 0.893032 0.163675
v 0.022729 0.902829 0.152690
v 0.165954 -0.923557 0.163392
v 0.163448 -0.907594 0.155357
v 0.103337 0.015368 0.152036
v 0.095493 0.031721 0.144262
v 0.087568 0.028988 0.148445
v 0.058230 0.039729 0.159897
v 0.068444 0.027059 0.158681
v 0.004482 0.156160 0.150779
v -0.030790 0.160096 0.153710
v -0.007150 0.661869 0.149807
v -0.014620 0.738733 0.152075
v 0.005534 0.886035 0.167262
v -0.060806 0.909319 0.150047
v -0.000584 0.925610 0.157912
v 0.120976 -0.943453 0.178375
v -0.001070 0.248709 0.163026
v -0.021236 0.755426 0.167216
v -0.068584 0.902294 0.167492
v 0.011287 0.902301 0.164346
v -0.046751 0.909623 0.174486
v 0.135787 -0.894941 0.163158
v -0.048652 0.875483 0.163430
v -0.007698 0.902450 0.167464
v -0.034677 0.905509 0.173846
v -0.015132 0.914604 0.170615
v 0.139734 -0.940876 0.178297
v -0.015251 0.750219 0.167702
v -0.061305 0.893744 0.172727
v 0.135887 -0.923189 0.177825
v 0.117290 -0.923178 0.177309
v -0.040878 0.881084 0.172658
v -0.045749 0.896170 0.174151
v 0.000259 0.891887 0.172122
v -0.030704 0.887796 0.176343
vn 0.0157 -0.2121 -0.9771
vn -0.4030 -0.3070 -0.8622
vn -0.4731 0.1308 -0.8713
vn -0.2286 -0.2440 -0.9425
vn 0.1449 -0.4756 -0.8677
vn -0.2337 -0.2860 -0.9293
vn 0.2501 -0.4598 -0.8521
vn 0.1791 0.1089 -0.9778
vn 0.4408 -0.0841 -0.8937
vn -0.1043 0.2301 -0.9676
vn 0.5548 -0.2638 -0.7890
vn 0.2206 -0.5147 -0.8285
vn -0.6042 -0.2657 -0.7512
vn -0.6081 -0.0372 -0.7930
vn -0.4468 0.3462 -0.8249
vn -0.3056 -0.0805 -0.9487
vn -0.0469 0.1581 -0.9863
vn 0.3107 0.0307 -0.9500
vn -0.1522 -0.6554 -0.7398
vn -0.1506 -0.1098 -0.9825
vn 0.2072 0.0888 -0.9743
vn 0.0733 -0.6226 -0.7791
vn -0.4815 -0.2225 -0.8478
vn -0.3348 0.2831 -0.8988
vn 0.2098 0.0095 -0.9777
vn -0.8458 -0.0151 -0.5332
vn 0.6911 -0.2348 -0.6836
vn 0.6352 -0.6036 -0.4818
vn 0.1871 -0.1834 -0.9651
vn 0.5102 -0.4104 -0.7558
vn -0.4354 0.0881 -0.8959
vn 0.4063 0.2771 -0.8707
vn 0.7438 -0.3355 -0.5780
vn 0.0557 0.0765 -0.9955
vn -0.0386 0.2380 -0.9705
vn -0.0289 -0.1072 -0.9938
vn 0.1637 -0.1294 -0.9780
vn 0.1834 0.1821 -0.9660
vn -0.4461 -0.5560 -0.7014
vn -0.4255 -0.4252 -0.7988
vn -0.4506 0.0454 -0.8916
vn 0.1397 0.0113 -0.9901
vn -0.1428 0.2100 -0.9672
vn 0.4250 0.2333 -0.8746
vn -0.1392 -0.0587 -0.9885
vn 0.5021 -0.0526 -0.8632
vn -0.5729 -0.0650 -0.8170
vn 0.6523 -0.0012 -0.7580
vn -0.6189 -0.1587 -0.7693
vn -0.0297 -0.0177 -0.9994
vn 0.1010 0.0975 -0.9901
vn 0.3824 -0.0118 -0.9239
vn 0.9077 -0.2771 -0.3152
vn -0.6916 -0.4637 -0.5538
vn -0.8415 0.2394 -0.4844
vn 0.6796 -0.3936 -0.6191
vn -0.8623 -0.1525 -0.4828
vn -0.7803 0.4656 -0.4175
vn -0.0940 0.4052 -0.9094
vn -0.1813 -0.3082 -0.9339
vn -0.4605 -0.0146 -0.8875
vn 0.0287 0.0237 -0.9993
vn 0.4150 -0.2928 -0.8614
vn -0.1186 -0.5021 -0.8566
vn 0.6769 -0.0615 -0.7335
vn 0.0687 0.1368 -0.9882
vn -0.4330 0.2282 -0.8720
vn 0.5742 0.0356 -0.8179
vn 0.4262 0.1137 -0.8974
vn -0.1034 0.1334 -0.9857
vn -0.1002 -0.1217 -0.9875
vn 0.3408 -0.2161 -0.9150
vn -0.5316 -0.0939 -0.8418
vn -0.2858 0.0655 -0.9560
vn 0.7220 0.1773 -0.6688
vn -0.2948 0.4118 -0.8623
vn -0.4618 -0.6772 -0.5729
vn -0.0874 -0.2782 -0.9565
vn 0.1247 -0.0310 -0.9917
vn 0.0811 0.4291 -0.8996
vn -0.6401 -0.3265 -0.6955
vn -0.0961 -0.9706 -0.2205
vn 0.3055 -0.5066 -0.8062
vn 0.6055 0.0146 -0.7957
vn -0.3145 -0.4371 -0.8427
vn 0.2939 -0.3988 -0.8687
vn -0.3184 0.1952 -0.9276
vn -0.0180 0.3111 -0.9502
vn 0.3764 0.2741 -0.8850
vn -0.1535 0.1307 -0.9795
vn -0.5410 -0.0460 -0.8398
vn 0.6601 -0.1197 -0.7415
vn -0.6591 0.0596 -0.7497
vn -0.5727 -0.0763 -0.8162
vn -0.2704 0.2695 -0.9243
vn -0.8128 0.0430 -0.5810
vn -0.2034 -0.2379 -0.9497
vn 0.0316 -0.0397 -0.9987
vn 0.0466 -0.3294 -0.9430
vn -0.2077 0.0082 -0.9782
vn -0.0763 -0.0853 -0.9934
vn -0.4144 0.0740 -0.9071
vn -0.0603 0.0921 -0.9939
vn 0.1513 0.4653 -0.8721
vn 0.1992 0.0320 -0.9794
vn 0.3783 -0.4835 -0.7893
vn 0.1035 -0.1789 -0.9784
vn -0.6387 0.5325 -0.5554
vn -0.2643 -0.6525 -0.7102
vn -0.1038 0.0161 -0.9945
vn 0.1154 -0.2793 -0.9533
vn 0.4191 -0.0030 -0.9079
vn -0.3264 -0.3767 -0.8669
vn 0.8408 -0.2688 -0.4698
vn 0.6651 -0.1105 -0.7385
vn -0.6993 -0.3582 -0.6186
vn -0.7170 -0.1644 -0.6774
vn -0.7019 -0.0302 -0.7117
vn 0.5849 -0.0624 -0.8087
vn 0.8838 0.1212 -0.4519
vn 0.6134 -0.0760 -0.7861
vn -0.3767 0.1259 -0.9177
vn -0.5320 0.2312 -0.8146
vn -0.4869 -0.0493 -0.8721
vn 0.0833 -0.1344 -0.9874
vn 0.8509 -0.1309 -0.5088
vn 0.6415 0.1205 -0.7576
vn 0.8172 0.0019 -0.5764
vn 0.2470 0.2584 -0.9339
vn -0.7639 0.2467 -0.5964
vn 0.2221 -0.5083 -0.8320
vn 0.2575 -0.1660 -0.9519
vn -0.2830 0.6545 -0.7011
vn -0.9450 0.2550 -0.2050
vn 0.1966 -0.1954 -0.9608
vn 0.0673 0.1031 -0.9924
vn 0.0511 -0.0915 -0.9945
vn 0.1227 0.2248 -0.9666
vn -0.3771 0.5296 -0.7598
vn 0.1430 0.4544 -0.8793
vn 0.6055 -0.7057 -0.3678
vn -0.5585 -0.0275 -0.8291
vn 0.2710 -0.8494 -0.4529
vn -0.8084 0.0143 -0.5885
vn 0.0303 -0.1796 -0.9833
vn 0.4668 -0.4044 -0.7865
vn -0.7532 -0.5016 -0.4255
vn 0.8325 -0.0505 -0.5517
vn -0.7391 -0.3656 -0.5658
vn -0.5089 0.0401 -0.8599
vn 0.2525 0.2830 -0.9253
vn -0.5282 0.1139 -0.8415
vn 0.7984 -0.0046 -0.6021
vn 0.8087 0.3644 -0.4618
vn -0.9358 -0.0934 -0.3398
vn -0.8328 -0.0962 -0.5451
vn 0.8921 0.0614 -0.4477
vn 0.6325 0.2229 -0.7418
vn 0.4341 0.3225 -0.8412
vn -0.5212 -0.1326 -0.8430
vn 0.3131 -0.6616 -0.6814
vn -0.7041 -0.5682 -0.4259
vn -0.9797 0.1445 0.1392
vn 0.5904 -0.7876 -0.1762
vn -0.0333 -0.2099 -0.9772
vn 0.1537 -0.1036 -0.9827
vn 0.0534 -0.3187 -0.9464
vn 0.2304 -0.0812 -0.9697
vn 0.2736 0.2255 -0.9350
vn 0.0479 0.2814 -0.9584
vn -0.7301 -0.2237 -0.6457
vn -0.7405 -0.0979 -0.6649
vn -0.5312 0.2247 -0.8169
vn 0.0243 0.3494 -0.9367
vn 0.1353 -0.1642 -0.9771
vn 0.1824 0.1708 -0.9683
vn 0.1159 -0.1512 -0.9817
vn -0.9827 -0.0791 -0.1676
vn 0.9225 -0.2966 0.2472
vn -0.3610 -0.4204 -0.8325
vn 0.0474 0.4660 -0.8835
vn -0.3067 0.6716 -0.6744
vn -0.6626 -0.7468 0.0569
vn -0.7599 -0.3591 -0.5418
vn 0.7867 -0.2736 -0.5534
vn -0.9205 -0.0076 -0.3907
vn 0.7550 0.0462 -0.6541
vn 0.9626 0.0618 -0.2638
vn -0.7887 0.1643 -0.5925
vn 0.6173 -0.1588 -0.7706
vn -0.8031 0.1085 -0.5859
vn -0.9245 -0.0955 -0.3689
vn 0.9905 0.0653 -0.1208
vn 0.9192 0.1905 -0.3447
vn 0.6286 0.2782 -0.7263
vn 0.1469 -0.5790 -0.8020
vn 0.0978 -0.0531 -0.9938
vn 0.1244 0.1159 -0.9854
vn 0.2680 -0.0804 -0.9601
vn 0.7136 -0.6772 -0.1796
vn 0.3715 -0.3441 -0.8623
vn 0.4243 -0.1133 -0.8984
vn 0.1766 0.5124 -0.8404
vn -0.0529 0.6242 -0.7795
vn 0.9246 -0.0090 -0.3807
vn 0.6129 -0.4716 -0.6340
vn -0.9016 0.1124 -0.4178
vn 0.8759 -0.0733 -0.4769
vn -0.8916 0.2655 -0.3668
vn -0.3951 0.0331 -0.9180
vn -0.3518 -0.1683 -0.9208
vn 0.0841 -0.4806 -0.8729
vn 0.4459 -0.2909 -0.8465
vn 0.5294 0.0666 -0.8458
vn 0.0817 0.4890 -0.8685
vn 0.1751 0.2429 -0.9541
vn -0.6376 0.5117 -0.5759
vn -0.0215 0.0525 -0.9984
vn 0.9539 0.2220 0.2021
vn 0.4690 -0.0161 -0.8830
vn 0.2740 -0.6972 -0.6624
vn -0.8982 -0.1328 -0.4191
vn -0.9067 -0.2231 -0.3580
vn 0.7740 0.1496 -0.6152
vn 0.8906 -0.0834 -0.4470
vn -0.8570 0.1621 -0.4892
vn -0.9556 0.0858 -0.2819
vn -0.6246 0.1800 -0.7599
vn 0.7550 0.2381 -0.6110
vn -0.7967 0.3065 -0.5209
vn 0.3305 0.2450 -0.9115
vn -0.1327 0.2375 -0.9623
vn 0.5954 -0.0645 -0.8008
vn 0.2789 0.6971 -0.6605
vn -0.4219 0.6156 -0.6656
vn -0.1202 0.3508 -0.9287
vn 0.3327 -0.1387 -0.9328
vn -0.4363 0.0785 -0.8964
vn -0.0523 -0.0943 -0.9942
vn -0.1191 0.4055 -0.9063
vn 0.1355 -0.3467 -0.9281
vn -0.1221 -0.3608 -0.9246
vn -0.0652 0.1550 -0.9858
vn -0.4585 -0.0589 -0.8867
vn -0.0775 0.1785 -0.9809
vn -0.3279 0.1859 -0.9262
vn -0.9356 -0.3234 -0.1415
vn -0.1536 -0.0742 -0.9853
vn -0.9275 0.1426 0.3457
vn -0.8541 0.4350 -0.2852
vn 0.3969 0.4061 -0.8231
vn 0.5890 -0.7875 0.1814
vn 0.9130 -0.1465 -0.3808
vn 0.9511 0.0483 -0.3049
vn 0.9748 -0.0931 -0.2026
vn 0.9974 -0.0142 0.0706
vn 0.4494 0.4594 -0.7662
vn 0.6988 0.2454 -0.6719
vn -0.5588 0.0674 -0.8266
vn -0.0362 0.2424 -0.9695
vn -0.2532 0.0426 -0.9665
vn 0.2024 -0.1495 -0.9678
vn 0.4307 -0.4604 -0.7762
vn 0.2470 -0.5937 -0.7658
vn -0.8128 0.1254 -0.5689
vn -0.5758 0.5615 -0.5942
vn 0.2877 -0.0319 -0.9572
vn -0.2260 0.1235 -0.9663
vn -0.1735 0.2419 -0.9547
vn 0.0342 -0.3248 -0.9452
vn -0.1163 -0.0617 -0.9913
vn 0.0416 -0.3409 -0.9392
vn 0.0357 0.1102 -0.9933
vn 0.5901 -0.2826 0.7562
vn 0.3284 0.0037 -0.9445
vn -0.0201 -0.6782 -0.7346
vn 0.2963 -0.2649 -0.9176
vn -0.9763 0.0186 -0.2156
vn 0.8040 -0.4317 -0.4090
vn -0.7842 -0.5809 -0.2182
vn 0.7599 -0.5692 -0.3139
vn -0.8951 0.1973 -0.3999
vn 0.9871 0.0343 0.1561
vn -0.1974 0.2690 -0.9427
vn -0.1155 -0.1096 -0.9872
vn 0.2799 -0.2579 -0.9247
vn 0.5199 -0.2117 -0.8276
vn -0.7395 -0.1735 -0.6504
vn 0.6878 -0.1101 -0.7175
vn -0.2099 0.1483 -0.9664
vn -0.1951 0.1085 -0.9748
vn -0.1235 -0.1444 -0.9818
vn -0.5677 -0.1085 -0.8160
vn 0.3230 0.1682 -0.9313
vn -0.4189 0.6560 -0.6279
vn -0.7117 -0.6688 0.2149
vn 0.9533 -0.3020 -0.0106
vn 0.9362 -0.0224 -0.3508
vn -0.9243 -0.0878 -0.3715
vn 0.9896 -0.0844 0.1169
vn 0.8766 -0.0136 -0.4810
vn -0.9367 -0.2333 -0.2611
vn 0.9686 0.1458 -0.2013
vn -0.9242 0.0225 -0.3812
vn -0.9711 0.0461 -0.2342
vn 0.9025 0.1338 -0.4093
vn -0.0045 0.4935 -0.8697
vn -0.8129 -0.2192 -0.5396
vn 0.5144 0.0911 -0.8527
vn 0.1368 0.0285 -0.9902
vn 0.4282 0.0628 -0.9015
vn -0.3737 0.0923 -0.9229
vn 0.5203 0.1748 -0.8359
vn -0.2249 0.1084 -0.9683
vn 0.1512 0.0260 -0.9882
vn -0.2251 -0.0684 -0.9719
vn -0.5523 -0.0166 -0.8335
vn 0.3899 0.7440 -0.5426
vn -0.3953 -0.1739 -0.9019
vn 0.4016 -0.1729 -0.8994
vn -0.6646 -0.1512 -0.7318
vn 0.9593 -0.1957 -0.2038
vn 0.3280 -0.2163 -0.9196
vn 0.3937 -0.8759 0.2791
vn -0.9515 0.2726 0.1425
vn -0.5212 0.7189 -0.4599
vn 0.3648 0.6177 -0.6967
vn 0.1011 0.1880 -0.9769
vn 0.7749 -0.5245 0.3527
vn -0.9041 0.0617 -0.4229
vn 0.9781 -0.2070 0.0200
vn -0.9843 -0.0874 -0.1533
vn 0.9913 0.1312 -0.0125
vn -0.9928 0.1050 -0.0572
vn 0.8587 0.2726 -0.4340
vn -0.5807 0.2905 -0.7605
vn 0.5415 0.3445 -0.7669
vn 0.7485 0.1668 -0.6418
vn -0.3873 0.1529 -0.9092
vn 0.7198 0.1646 -0.6744
vn -0.7211 0.1131 -0.6835
vn -0.5724 0.0476 -0.8186
vn -0.6745 0.0389 -0.7372
vn 0.7692 0.0388 -0.6378
vn 0.4084 0.2272 -0.8841
vn -0.7170 -0.1396 -0.6829
vn -0.2140 0.5124 -0.8316
vn -0.1634 0.3100 -0.9366
vn 0.2497 0.0216 -0.9681
vn 0.2500 0.0287 -0.9678
vn 0.6974 -0.5222 -0.4908
vn -0.5105 0.1169 -0.8519
vn -0.3030 -0.1101 -0.9466
vn 0.1618 0.0055 -0.9868
vn 0.1764 -0.6606 -0.7297
vn -0.1650 0.0315 -0.9858
vn -0.9812 -0.1784 -0.0739
vn 0.8927 -0.0420 -0.4488
vn -0.6094 0.0164 -0.7927
vn -0.5255 -0.0487 -0.8494
vn 0.7685 -0.2571 -0.5859
vn 0.5846 0.6165 -0.5274
vn -0.7096 0.0544 -0.7025
vn -0.9696 0.2120 -0.1224
vn -0.9445 0.0249 0.3277
vn 0.3301 -0.9439 0.0121
vn -0.2110 -0.6978 -0.6845
vn 0.7168 -0.3805 -0.5843
vn 0.4789 -0.4512 -0.7530
vn 0.5079 0.0767 -0.8580
vn 0.4230 0.2770 -0.8627
vn -0.1931 0.1792 -0.9647
vn 0.9683 -0.0264 0.2484
vn -0.1952 0.1166 -0.9738
vn -0.9431 -0.1249 -0.3082
vn -0.8611 0.0256 -0.5077
vn 0.6912 -0.3127 -0.6515
vn -0.7177 0.0564 -0.6940
vn -0.5710 0.1383 -0.8092
vn 0.5447 -0.4961 -0.6762
vn 0.8118 -0.0259 -0.5834
vn 0.4516 -0.2264 -0.8630
vn -0.7194 0.1681 -0.6740
vn -0.4312 0.2718 0.8603
vn 0.7508 -0.1114 -0.6511
vn -0.8301 -0.2257 -0.5099
vn 0.5648 -0.8008 0.1994
vn -0.7653 -0.2541 0.5915
vn -0.4046 -0.7061 -0.5812
vn -0.5274 -0.7362 -0.4241
vn -0.6189 -0.1943 -0.7611
vn -0.1263 -0.2600 -0.9573
vn 0.1195 -0.2273 -0.9665
vn 0.1029 -0.1408 -0.9847
vn 0.0658 -0.1675 -0.9837
vn -0.0368 -0.0952 -0.9948
vn 0.1656 -0.0076 -0.9862
vn 0.3348 0.2741 -0.9016
vn -0.9856 -0.1500 0.0778
vn -0.9361 0.1803 0.3020
vn -0.9972 -0.0494 0.0569
vn 0.9959 -0.0298 -0.0849
vn 0.9806 -0.0662 0.1846
vn 0.9992 -0.0381 0.0130
vn 0.8333 0.3492 -0.4286
vn 0.9228 0.0742 -0.3781
vn 0.9291 0.0679 -0.3636
vn 0.6209 -0.5040 -0.6004
vn -0.2532 -0.2974 -0.9206
vn -0.9439 0.1541 -0.2922
vn 0.1433 -0.6947 -0.7049
vn 0.4959 -0.5517 -0.6706
vn -0.7682 0.5841 -0.2621
vn 0.5433 0.4578 -0.7037
vn 0.3477 0.3197 -0.8814
vn -0.1361 -0.0380 -0.9900
vn -0.1925 -0.1067 -0.9755
vn 0.0035 -0.1799 -0.9837
vn -0.0656 -0.1399 -0.9880
vn -0.2831 0.0283 -0.9587
vn 0.3379 -0.2927 -0.8945
vn -0.1977 0.0886 -0.9763
vn -0.3892 0.1462 -0.9095
vn 0.3481 0.2798 -0.8947
vn -0.2841 0.3057 -0.9088
vn 0.0603 0.7013 -0.7103
vn 0.3709 0.6440 -0.6690
vn -0.9658 -0.2500 0.0687
vn 0.9950 0.0836 0.0538
vn -0.9975 -0.0030 0.0702
vn 0.9361 0.0819 -0.3420
vn -0.7314 0.0804 -0.6772
vn 0.8117 -0.2182 -0.5417
vn 0.5511 0.0323 -0.8338
vn 0.1103 0.2128 -0.9708
vn -0.3269 -0.0042 -0.9450
vn 0.3315 -0.1518 -0.9311
vn -0.8555 0.1585 -0.4929
vn -0.1530 -0.6716 -0.7250
vn 0.5817 -0.2942 -0.7583
vn -0.8362 -0.4645 -0.2917
vn -0.6493 0.0917 -0.7550
vn -0.2697 -0.2780 0.9219
vn -0.1769 -0.6990 -0.6929
vn 0.0479 -0.3072 -0.9504
vn 0.0452 -0.2828 -0.9581
vn 0.1249 -0.3141 -0.9411
vn -0.2345 -0.3935 -0.8889
vn 0.1041 -0.2780 -0.9549
vn -0.3402 -0.0487 -0.9391
vn 0.4830 -0.0852 -0.8715
vn 0.1576 0.2096 -0.9650
vn -0.2883 0.3783 -0.8797
vn -0.2157 0.6222 -0.7525
vn -0.7657 -0.6393 -0.0698
vn 0.8936 -0.2178 0.3925
vn 0.9102 -0.4131 -0.0306
vn 0.9101 -0.3988 -0.1125
vn -0.8785 -0.4756 0.0459
vn -0.9979 0.0130 0.0640
vn 0.9892 0.0572 -0.1350
vn -0.9921 -0.0343 0.1208
vn -0.9361 -0.2129 0.2798
vn 0.9975 0.0474 -0.0523
vn 0.9790 0.0761 0.1893
vn -0.9726 0.2146 -0.0890
vn -0.8745 0.0655 -0.4806
vn 0.4415 0.1008 -0.8916
vn 0.2225 0.0074 -0.9749
vn -0.4221 0.1681 -0.8908
vn 0.1048 0.0725 -0.9918
vn 0.4367 0.0296 -0.8991
vn -0.1437 0.2078 -0.9675
vn 0.3262 0.1559 -0.9324
vn -0.8601 0.0145 -0.5099
vn -0.2577 -0.1194 -0.9588
vn 0.2031 -0.1046 -0.9736
vn -0.1481 -0.0504 -0.9877
vn -0.0333 -0.0073 -0.9994
vn 0.3604 -0.0143 -0.9327
vn -0.0287 0.3694 -0.9288
vn 0.0346 -0.7645 -0.6437
vn -0.8070 0.0947 -0.5829
vn 0.6733 -0.0480 -0.7378
vn -0.0141 -0.2024 -0.9792
vn -0.2516 -0.5955 -0.7629
vn 0.7781 -0.3242 -0.5380
vn 0.7480 0.2369 -0.6200
vn 0.7758 0.4110 -0.4788
vn -0.5051 0.8442 -0.1796
vn -0.1117 -0.5035 -0.8568
vn 0.1819 -0.4347 -0.8820
vn 0.4688 -0.3941 -0.7905
vn 0.2861 -0.3010 -0.9097
vn -0.5142 -0.3795 -0.7691
vn -0.3720 0.1260 -0.9197
vn 0.9935 -0.0382 -0.1075
vn 0.9865 -0.1553 -0.0518
vn -0.9677 0.0292 -0.2506
vn 0.9002 0.2141 -0.3793
vn 0.9015 0.1543 -0.4043
vn -0.9229 -0.0356 -0.3833
vn -0.3818 -0.0783 -0.9209
vn 0.4071 0.0175 -0.9132
vn 0.3074 0.0994 -0.9464
vn 0.6591 -0.2040 -0.7239
vn 0.7936 -0.0486 -0.6065
vn 0.2345 0.1272 0.9638
vn -0.6090 0.7676 -0.1997
vn 0.5374 0.6504 -0.5367
vn 0.3872 0.7670 -0.5117
vn 0.5216 -0.4334 -0.7349
vn 0.1143 0.3802 -0.9178
vn 0.1448 0.6152 -0.7750
vn 0.1139 -0.6798 0.7245
vn -0.9863 -0.1130 0.1201
vn 0.9787 -0.1013 0.1785
vn -0.9941 0.0257 0.1050
vn -0.9486 -0.0096 0.3162
vn 0.9679 0.2342 -0.0907
vn -0.5840 -0.0207 -0.8115
vn -0.7628 0.0387 -0.6454
vn -0.6047 0.1336 -0.7852
vn -0.4975 -0.1332 -0.8572
vn 0.6113 0.1211 -0.7821
vn 0.8186 0.4194 -0.3925
vn 0.3565 -0.0327 -0.9337
vn -0.4946 -0.7180 -0.4898
vn -0.7874 -0.4087 0.4615
vn -0.9085 0.4174 0.0189
vn -0.0592 -0.6405 -0.7657
vn -0.2863 -0.6569 -0.6975
vn 0.8088 -0.3132 -0.4977
vn -0.4552 -0.5894 -0.6674
vn -0.7120 -0.3998 -0.5772
vn -0.5177 0.1899 -0.8342
vn -0.2900 -0.7473 0.5979
vn -0.8291 -0.5588 -0.0163
vn 0.9638 0.0884 0.2516
vn 0.9961 0.0474 0.0746
vn 0.9788 0.1846 0.0887
vn -0.9804 0.0153 -0.1963
vn 0.8421 0.0788 -0.5335
vn -0.6535 0.0975 -0.7506
vn 0.6766 -0.0028 -0.7363
vn 0.5323 0.0004 -0.8465
vn -0.8443 0.0192 -0.5356
vn -0.1298 -0.8941 0.4287
vn -0.4287 -0.7057 0.5641
vn -0.6552 -0.1405 -0.7422
vn -0.6837 -0.4132 0.6015
vn -0.3772 -0.9260 -0.0128
vn 0.5368 -0.4629 -0.7054
vn 0.6502 -0.4361 -0.6222
vn -0.7129 -0.0350 -0.7004
vn 0.8557 -0.0592 -0.5142
vn -0.6279 0.2319 -0.7429
vn 0.3855 0.7503 -0.5371
vn 0.1506 0.8382 -0.5241
vn 0.0430 0.8477 -0.5287
vn -0.9649 -0.1132 0.2368
vn 0.7866 -0.3837 0.4839
vn 0.9970 -0.0724 0.0271
vn 0.6431 0.1758 -0.7453
vn -0.9694 -0.1563 -0.1895
vn -0.6373 -0.1746 -0.7506
vn 0.7071 0.1039 -0.6994
vn 0.7196 -0.3277 -0.6122
vn -0.8601 0.0813 -0.5036
vn -0.1447 0.5942 0.7912
vn 0.1228 -0.8772 0.4641
vn 0.6958 0.1068 -0.7102
vn 0.7653 -0.4824 -0.4262
vn 0.9473 0.3008 -0.1102
vn 0.0886 -0.7585 -0.6456
vn -0.7043 -0.3956 -0.5895
vn -0.5496 0.5758 -0.6053
vn 0.5838 0.3954 -0.7091
vn 0.9679 -0.2009 0.1507
vn 0.9027 -0.1106 0.4159
vn -0.9297 0.1297 0.3446
vn 0.8742 -0.0297 0.4847
vn 0.8751 -0.1790 -0.4496
vn -0.7933 -0.0842 -0.6030
vn 0.9936 0.0652 0.0923
vn 0.7425 0.5275 0.4128
vn -0.9449 0.0324 -0.3259
vn 0.2304 -0.2707 -0.9347
vn 0.5554 -0.0504 -0.8301
vn -0.2357 -0.2505 -0.9390
vn -0.9691 -0.0501 -0.2414
vn 0.5267 -0.6783 0.5124
vn -0.5261 -0.6812 -0.5091
vn 0.3801 -0.6829 -0.6238
vn -0.8022 0.0912 0.5901
vn -0.7681 0.4781 -0.4261
vn -0.0387 0.3771 -0.9254
vn -0.3387 0.2974 -0.8927
vn 0.3031 0.1976 -0.9323
vn -0.0327 -0.7029 -0.7106
vn -0.2071 -0.6313 -0.7474
vn -0.3859 -0.3673 -0.8463
vn 0.8437 -0.1961 -0.4997
vn 0.1050 0.8477 -0.5199
vn 0.8268 -0.1903 0.5293
vn 0.8146 0.0789 0.5747
vn 0.9946 0.0590 0.0858
vn 0.8531 0.0995 -0.5121
vn 0.7942 -0.5124 -0.3268
vn 0.9659 0.1448 -0.2146
vn 0.9314 -0.2946 -0.2139
vn 0.9384 -0.1689 -0.3015
vn 0.6635 -0.4136 -0.6234
vn -0.9217 0.0233 -0.3871
vn -0.6747 0.3112 0.6693
vn 0.9147 -0.3645 -0.1744
vn -0.9273 0.2892 0.2376
vn 0.7002 0.6095 -0.3718
vn -0.5647 0.4201 -0.7104
vn -0.2287 0.8788 -0.4188
vn 0.0959 0.7068 -0.7008
vn -0.0762 -0.7138 -0.6962
vn 0.6483 -0.3865 -0.6560
vn -0.7491 -0.2664 -0.6066
vn -0.8076 -0.2941 -0.5112
vn -0.6123 0.3368 -0.7153
vn -0.1244 0.8064 -0.5782
vn 0.1267 -0.8893 0.4395
vn -0.1051 -0.7288 0.6766
vn 0.6660 -0.7427 0.0694
vn 0.8482 -0.1636 0.5037
vn -0.9159 -0.2572 0.3083
vn -0.9034 -0.0683 0.4233
vn -0.6633 0.4276 0.6141
vn -0.7224 -0.1021 0.6839
vn -0.8915 -0.0191 0.4525
vn -0.8529 -0.0238 0.5215
vn 0.9984 0.0136 -0.0543
vn 0.8845 0.0306 -0.4656
vn 0.8776 -0.0699 -0.4743
vn -0.8946 0.1229 -0.4297
vn 0.9447 -0.0394 -0.3256
vn 0.9944 0.0502 -0.0926
vn 0.7023 -0.4363 -0.5625
vn 0.9667 -0.1277 -0.2220
vn -0.6373 -0.7518 -0.1692
vn 0.7371 0.5607 -0.3772
vn -0.7626 0.6458 0.0380
vn -0.5379 0.8312 0.1405
vn -0.8827 -0.2712 -0.3838
vn -0.1533 0.6279 -0.7631
vn 0.5975 -0.4918 0.6333
vn 0.1761 -0.6797 0.7121
vn 0.7749 -0.1247 0.6197
vn -0.9633 -0.1522 0.2209
vn 0.9445 0.0187 0.3280
vn 0.8422 -0.0455 0.5372
vn 0.8391 -0.1704 0.5166
vn -0.9618 -0.1198 -0.2460
vn -0.8957 0.1109 -0.4307
vn 0.8919 -0.0288 -0.4514
vn 0.8697 -0.3530 -0.3450
vn 0.1925 -0.5705 -0.7984
vn -0.7179 -0.0777 -0.6918
vn 0.8572 0.0184 -0.5147
vn 0.4124 -0.9076 0.0791
vn -0.4578 -0.6571 -0.5988
vn -0.6438 -0.6065 -0.4665
vn 0.6462 -0.4763 -0.5962
vn 0.6140 -0.5915 -0.5226
vn 0.7532 -0.2689 -0.6003
vn 0.8224 -0.2260 -0.5221
vn 0.8694 0.4052 -0.2827
vn 0.2467 0.8587 -0.4493
vn -0.5986 -0.6925 0.4026
vn 0.9762 0.0616 -0.2081
vn -0.8742 0.3255 -0.3604
vn 0.8481 -0.1896 0.4947
vn 0.8367 0.0976 0.5389
vn -0.8375 0.1162 0.5340
vn 0.9392 0.1069 0.3263
vn 0.9186 0.0023 0.3952
vn -0.8893 -0.0090 0.4573
vn -0.9990 -0.0067 0.0451
vn 0.9997 0.0071 -0.0213
vn -0.9635 -0.0134 0.2673
vn -0.9668 0.0260 -0.2543
vn -0.5148 -0.7127 -0.4766
vn -0.2936 -0.4625 -0.8366
vn -0.9286 -0.1980 -0.3137
vn 0.9892 -0.0769 -0.1252
vn -0.1448 -0.9384 0.3136
vn -0.8960 -0.4332 0.0977
vn -0.5732 -0.1916 0.7967
vn 0.8853 0.4494 -0.1194
vn -0.5536 0.8056 0.2113
vn 0.6777 0.2824 -0.6789
vn 0.4827 0.7673 -0.4221
vn -0.2328 -0.8224 -0.5190
vn -0.6389 -0.6324 -0.4380
vn 0.9053 -0.1366 -0.4023
vn 0.9151 -0.2050 -0.3472
vn 0.3097 0.8777 -0.3657
vn -0.1120 0.8689 -0.4822
vn 0.4258 -0.8983 0.1087
vn -0.8861 -0.2794 0.3698
vn -0.7852 -0.5273 0.3248
vn -0.6870 -0.6787 0.2595
vn -0.6693 0.0331 0.7422
vn 0.9446 0.0918 0.3150
vn -0.9604 -0.2111 0.1818
vn 0.9834 -0.1524 -0.0983
vn 0.9714 -0.1413 -0.1909
vn 0.8850 0.1849 -0.4273
vn -0.7973 -0.0102 -0.6035
vn -0.4228 -0.7256 0.5429
vn -0.0530 0.9931 -0.1045
vn -0.9153 -0.3279 -0.2339
vn -0.8026 -0.5214 -0.2899
vn -0.8744 0.2109 -0.4370
vn 0.0332 0.9304 -0.3651
vn 0.5993 -0.4472 0.6640
vn 0.6204 -0.6416 0.4510
vn 0.8875 0.1357 0.4404
vn -0.7490 -0.0725 0.6586
vn -0.9248 -0.2219 0.3091
vn -0.9827 -0.1785 -0.0491
vn -0.9799 -0.0986 -0.1733
vn -0.9866 0.0839 -0.1396
vn -0.9371 0.0729 -0.3413
vn 0.8928 -0.3918 -0.2220
vn -0.9551 0.0467 -0.2927
vn 0.8320 -0.5068 -0.2257
vn 0.9907 -0.1354 -0.0160
vn 0.0641 -0.5503 0.8325
vn -0.8802 0.3597 -0.3097
vn -0.4752 0.8600 0.1857
vn 0.0092 -0.6918 -0.7221
vn 0.6440 -0.6809 -0.3488
vn 0.9190 -0.2592 -0.2971
vn -0.3060 0.6858 -0.6603
vn -0.9643 -0.2326 0.1268
vn -0.5295 0.0279 0.8478
vn 0.5914 -0.0736 0.8030
vn -0.9306 -0.1572 0.3306
vn 0.9858 -0.1373 0.0966
vn 0.9794 -0.1008 -0.1751
vn 0.9674 0.1009 -0.2322
vn -0.9050 -0.0276 -0.4245
vn -0.9387 0.2445 -0.2430
vn -0.9415 0.2207 0.2548
vn 0.9678 0.1381 -0.2105
vn 0.6157 0.7326 -0.2900
vn 0.5199 0.8421 -0.1433
vn 0.8739 0.4415 -0.2034
vn 0.4528 -0.7677 -0.4535
vn -0.6032 -0.4732 -0.6420
vn 0.7853 -0.4728 -0.3997
vn 0.0026 0.9181 -0.3963
vn -0.2059 0.8865 -0.4143
vn 0.9837 -0.1008 0.1491
vn 0.6797 -0.2099 0.7028
vn -0.7072 0.0339 0.7062
vn -0.9770 -0.0119 -0.2129
vn 0.7583 -0.5696 -0.3169
vn 0.0680 -0.8055 0.5887
vn -0.7590 0.5834 0.2891
vn -0.1882 0.9628 -0.1938
vn 0.0508 0.7124 -0.6999
vn -0.5941 -0.6716 -0.4427
vn -0.8074 0.1136 -0.5790
vn -0.8391 0.3437 -0.4216
vn 0.6798 0.1855 0.7096
vn -0.6621 0.4059 0.6299
vn 0.2815 0.1945 0.9396
vn -0.3878 -0.1087 0.9153
vn -0.6070 -0.3295 0.7232
vn -0.6655 -0.3121 0.6780
vn 0.9817 0.0706 0.1769
vn -0.9798 0.1993 0.0136
vn -0.7538 -0.1941 -0.6278
vn 0.1811 0.6638 0.7257
vn -0.2107 -0.4797 0.8517
vn -0.3362 -0.6648 0.6670
vn 0.9285 -0.2878 0.2346
vn -0.8415 0.2393 0.4844
vn -0.9203 0.3584 -0.1570
vn -0.6533 0.7343 -0.1845
vn 0.9599 -0.2335 -0.1553
vn -0.9387 -0.2673 -0.2177
vn 0.9717 -0.1773 -0.1560
vn 0.0099 0.9917 -0.1279
vn -0.0436 0.9296 -0.3660
vn -0.6227 -0.6906 -0.3679
vn -0.8824 0.0026 0.4705
vn 0.6164 0.0403 0.7864
vn 0.8623 0.1335 0.4885
vn -0.6468 -0.5303 0.5482
vn 0.8814 -0.0502 0.4697
vn -0.9249 -0.2946 0.2404
vn 0.9773 0.1627 -0.1357
vn -0.7156 0.4004 -0.5723
vn 0.8381 -0.5370 -0.0963
vn -0.9403 0.0041 0.3404
vn 0.5104 -0.6777 -0.5293
vn -0.9678 0.2508 0.0233
vn -0.9335 -0.1345 0.3325
vn -0.6049 -0.2164 0.7663
vn 0.8135 0.5805 -0.0361
vn 0.4207 0.4778 -0.7712
vn 0.4016 -0.1506 -0.9033
vn -0.6757 -0.7029 -0.2222
vn -0.8279 -0.4859 -0.2802
vn 0.9753 -0.1748 -0.1350
vn -0.8920 0.0817 -0.4446
vn 0.9756 -0.1423 -0.1671
vn -0.1808 0.8991 -0.3987
vn -0.5900 0.7999 -0.1099
vn -0.8842 0.1300 0.4487
vn -0.7352 -0.0877 0.6721
vn -0.4483 0.2713 0.8517
vn -0.4586 -0.0977 0.8833
vn 0.6704 0.1473 0.7273
vn 0.9833 -0.1131 0.1427
vn -0.9908 -0.0312 0.1315
vn 0.9832 0.0348 -0.1794
vn -0.8797 -0.2068 -0.4282
vn 0.9733 0.1558 -0.1688
vn 0.1870 -0.5010 -0.8450
vn -0.9777 0.1556 -0.1413
vn 0.8505 -0.4836 0.2071
vn 0.9557 0.2002 0.2157
vn -0.8103 0.0165 0.5858
vn 0.6866 0.7252 -0.0518
vn 0.6866 0.6501 -0.3254
vn 0.7222 -0.6169 -0.3128
vn 0.2228 0.9480 -0.2275
vn 0.8987 -0.0383 0.4369
vn -0.8101 0.5107 -0.2880
vn -0.8051 -0.1037 0.5840
vn 0.5680 -0.0240 0.8227
vn -0.5260 0.3392 0.7799
vn 0.3112 0.3525 0.8826
vn -0.1549 0.2296 0.9609
vn -0.3665 -0.1167 0.9231
vn 0.0375 -0.0610 0.9974
vn -0.8998 0.1357 0.4148
vn -0.9930 -0.0675 0.0971
vn -0.4570 0.3644 -0.8114
vn -0.7621 0.5361 -0.3630
vn -0.5069 0.4838 0.7134
vn -0.9755 -0.0729 0.2076
vn 0.8367 0.2773 0.4722
vn 0.6613 0.7501 0.0036
vn -0.9770 0.0358 -0.2104
vn -0.7791 0.6163 0.1149
vn -0.1917 0.7139 0.6735
vn -0.5205 0.8539 -0.0063
vn 0.7522 -0.3320 -0.5692
vn 0.8964 -0.3067 -0.3199
vn 0.9872 -0.1390 -0.0787
vn 0.9996 0.0176 0.0218
vn -0.7774 0.5969 -0.1985
vn -0.7984 0.4595 -0.3893
vn 0.4466 0.8605 -0.2451
vn -0.0298 0.9818 -0.1876
vn -0.7449 -0.6669 -0.0155
vn -0.6169 -0.5970 0.5129
vn 0.7003 -0.3300 0.6330
vn 0.5106 -0.1482 0.8470
vn 0.3119 -0.2239 0.9234
vn 0.8100 -0.1811 0.5578
vn -0.9893 -0.0477 -0.1379
vn -0.9993 0.0272 -0.0256
vn -0.9999 -0.0162 -0.0039
vn 0.7834 -0.5996 -0.1634
vn 0.9985 0.0535 -0.0082
vn 0.9243 -0.3582 0.1315
vn -0.5914 -0.7137 0.3753
vn -0.1193 -0.9266 0.3566
vn 0.8621 0.3317 0.3830
vn -0.5537 0.6412 0.5313
vn -0.7224 0.6687 -0.1763
vn -0.7365 -0.6625 -0.1369
vn 0.9428 -0.2316 -0.2399
vn 0.6330 0.7601 -0.1468
vn 0.9266 0.3080 -0.2157
vn -0.6744 0.0998 0.7316
vn -0.2221 -0.1193 0.9677
vn -0.2510 -0.2104 0.9448
vn 0.9931 -0.1153 0.0202
vn 0.8425 -0.5248 0.1218
vn -0.5721 -0.6235 -0.5329
vn -0.7832 -0.1293 -0.6082
vn -0.9237 -0.3276 0.1987
vn -0.9333 0.2891 0.2132
vn 0.9777 -0.2087 -0.0235
vn -0.3837 -0.8803 0.2790
vn 0.7692 -0.4080 0.4919
vn -0.7102 0.4644 0.5291
vn -0.8078 0.4762 0.3475
vn 0.4616 0.8587 0.2226
vn -0.9929 0.1080 -0.0497
vn -0.4152 0.7070 0.5725
vn 0.1325 0.8476 0.5138
vn 0.8929 0.4458 -0.0623
vn -0.8347 -0.4998 -0.2313
vn 0.7405 -0.6693 0.0604
vn -0.8484 -0.2388 -0.4724
vn 0.9561 -0.0117 -0.2929
vn -0.9672 -0.2412 0.0798
vn 0.9764 -0.0966 -0.1931
vn -0.7871 0.5511 -0.2773
vn -0.1709 0.9622 -0.2121
vn -0.1077 0.9614 -0.2533
vn -0.8737 0.1156 -0.4726
vn -0.9957 -0.0253 0.0896
vn -0.8523 0.5130 -0.1023
vn 0.6932 0.2753 0.6661
vn 0.7201 0.3603 0.5929
vn -0.0805 0.0862 0.9930
vn 0.3298 -0.0752 0.9411
vn -0.4449 -0.1258 0.8867
vn -0.9393 -0.2256 0.2583
vn -0.3229 -0.1563 -0.9334
vn 0.9022 0.0136 0.4310
vn -0.5308 -0.4314 0.7295
vn -0.9937 0.1094 -0.0246
vn 0.7063 0.6732 0.2192
vn -0.9906 0.0140 -0.1360
vn -0.9460 -0.3013 -0.1196
vn 0.9992 -0.0405 -0.0061
vn -0.9464 -0.3229 0.0120
vn -0.9496 -0.3052 -0.0719
vn -0.9848 -0.1232 -0.1228
vn -0.8638 0.4933 -0.1025
vn 0.3663 0.9115 -0.1868
vn 0.5887 0.8036 -0.0874
vn -0.3353 0.9172 -0.2153
vn 0.9584 -0.0979 0.2682
vn 0.6393 -0.2026 0.7418
vn 0.8779 -0.0070 0.4788
vn 0.3486 -0.4734 0.8089
vn 0.5195 0.0784 0.8509
vn -0.1996 0.2110 0.9569
vn -0.0891 0.5091 0.8561
vn -0.6294 -0.1888 0.7538
vn -0.9966 -0.0826 0.0027
vn -0.3430 -0.3908 -0.8542
vn 0.1366 0.0847 -0.9870
vn -0.0755 -0.8476 0.5252
vn 0.5077 0.2479 0.8251
vn -0.6081 -0.6544 0.4495
vn 0.8797 0.3664 0.3030
vn 0.9050 -0.4041 -0.1330
vn 0.9916 -0.1105 0.0675
vn -0.5843 0.8029 -0.1178
vn 0.9720 -0.1097 -0.2080
vn -0.9888 -0.1467 -0.0263
vn 0.9238 -0.2912 0.2486
vn 0.9646 -0.0635 -0.2561
vn 0.3059 0.5710 -0.7618
vn -0.9406 -0.1011 0.3242
vn 0.9021 0.3132 -0.2968
vn -0.9339 -0.3208 -0.1580
vn -0.8622 0.3267 0.3871
vn -0.8131 0.5143 0.2726
vn 0.9794 -0.0296 0.1996
vn -0.6195 0.1343 0.7734
vn -0.9757 0.1960 0.0979
vn 0.6446 0.6812 0.3471
vn 0.6712 -0.7215 -0.1701
vn -0.7381 -0.6154 0.2766
vn 0.8528 0.2782 -0.4420
vn 0.9303 -0.3610 0.0644
vn 0.9283 0.3716 -0.0149
vn -0.3584 0.9245 -0.1297
vn -0.0520 0.9900 -0.1311
vn 0.9293 0.1910 0.3162
vn -0.5523 0.4856 0.6776
vn 0.3823 0.7226 0.5759
vn 0.1650 0.1904 0.9677
vn -0.3060 0.1092 0.9458
vn -0.3017 0.2431 0.9219
vn -0.3170 0.3451 0.8834
vn 0.5479 0.3199 0.7730
vn -0.2717 -0.2767 0.9218
vn 0.9120 -0.0725 0.4038
vn 0.7247 -0.1998 0.6595
vn 0.9763 -0.1476 0.1581
vn -0.7068 -0.1321 0.6950
vn 0.7171 0.6353 0.2865
vn 0.7130 -0.3523 -0.6063
vn -0.8641 0.0650 -0.4991
vn -0.9965 -0.0504 -0.0670
vn -0.0940 0.9953 -0.0236
vn 0.7427 0.4663 0.4806
vn -0.7616 -0.1171 0.6374
vn -0.5526 -0.3324 0.7643
vn 0.4144 0.1852 0.8910
vn -0.1303 0.1322 0.9826
vn -0.6234 -0.1665 0.7640
vn 0.9426 -0.1174 0.3126
vn 0.9982 -0.0221 0.0566
vn 0.9915 0.1059 0.0756
vn 0.2679 0.6161 -0.7407
vn -0.8472 0.4074 0.3409
vn -0.9779 -0.0907 0.1882
vn -0.9838 0.1790 -0.0009
vn -0.9981 -0.0188 -0.0580
vn 0.5016 -0.4757 0.7226
vn -0.9214 -0.1409 0.3623
vn 0.7054 -0.2815 0.6505
vn 0.6490 -0.6983 -0.3021
vn 0.5490 0.8336 0.0608
vn -0.3476 0.9372 0.0298
vn 0.9419 0.1613 -0.2945
vn -0.7145 0.6985 0.0406
vn -0.2960 0.0604 0.9533
vn 0.4330 0.5380 0.7232
vn 0.1021 0.0913 0.9906
vn 0.2643 0.1058 0.9586
vn -0.0313 -0.2671 0.9632
vn 0.2097 -0.3034 0.9295
vn 0.7113 -0.2158 0.6689
vn -0.9125 -0.1153 0.3925
vn 0.0733 0.9759 -0.2054
vn -0.8989 0.4154 0.1394
vn -0.7629 -0.0294 -0.6458
vn 0.8594 -0.4856 0.1600
vn -0.2467 -0.8144 0.5252
vn 0.7254 0.0843 0.6831
vn -0.6808 0.1825 0.7093
vn -0.9580 0.2566 0.1283
vn 0.3824 0.7044 0.5979
vn -0.6281 0.6626 0.4079
vn -0.4705 -0.7383 -0.4833
vn -0.6406 -0.5111 -0.5731
vn -0.9792 0.1319 -0.1540
vn -0.9690 -0.2312 -0.0865
vn 0.9545 -0.2105 0.2112
vn 0.7945 0.6064 0.0309
vn 0.6621 0.7494 0.0013
vn 0.8891 0.4522 -0.0706
vn -0.5880 0.8087 0.0172
vn -0.2331 0.8849 0.4033
vn 0.3128 -0.1729 0.9339
vn -0.0243 0.8901 0.4551
vn -0.0293 0.2269 0.9735
vn -0.6036 0.1190 0.7883
vn 0.5885 -0.1230 0.7991
vn -0.5456 -0.8357 -0.0628
vn -0.3811 0.4842 0.7876
vn -0.1940 0.1345 0.9717
vn 0.8147 0.1685 0.5549
vn -0.6135 0.3704 0.6975
vn 0.7080 0.4429 0.5501
vn 0.9436 -0.3288 -0.0392
vn 0.9264 -0.0847 -0.3670
vn 0.8736 0.4866 -0.0098
vn 0.9861 -0.1653 -0.0191
vn -0.5436 0.7433 0.3900
vn 0.0045 -0.0987 0.9951
vn -0.3125 0.0153 0.9498
vn 0.1528 -0.9768 0.1504
vn -0.9242 -0.3818 -0.0046
vn 0.8790 -0.2461 0.4084
vn -0.5743 0.5878 0.5698
vn 0.1226 -0.5145 0.8487
vn -0.6752 0.5071 0.5356
vn -0.6798 -0.6397 -0.3586
vn 0.3734 -0.7036 -0.6046
vn 0.8639 0.3764 0.3348
vn -0.8814 -0.4426 0.1652
vn -0.6912 -0.7079 0.1456
vn -0.9484 0.3142 0.0416
vn 0.8536 0.5159 0.0717
vn -0.9283 0.2566 -0.2691
vn -0.8590 0.4567 0.2316
vn 0.8895 0.4538 -0.0536
vn -0.5700 0.0635 0.8192
vn 0.1177 0.4445 0.8880
vn 0.1494 0.0387 0.9880
vn 0.4187 0.7739 0.4752
vn -0.0344 0.7408 0.6708
vn -0.6961 0.6584 -0.2862
vn 0.7549 -0.0497 0.6540
vn -0.1223 0.4375 0.8909
vn 0.5072 -0.4675 0.7240
vn 0.5413 0.0003 0.8408
vn -0.8173 -0.4099 0.4050
vn 0.2991 0.7937 0.5297
vn 0.5709 0.7017 0.4261
vn -0.6165 -0.7777 -0.1227
vn -0.4274 0.9031 -0.0411
vn 0.2216 0.9722 -0.0755
vn 0.6952 0.6711 0.2574
vn 0.9367 0.3476 0.0423
vn 0.5048 0.6562 0.5609
vn 0.1439 -0.2204 0.9647
vn -0.6426 -0.3299 0.6916
vn -0.6406 -0.2393 0.7296
vn -0.7653 -0.6301 0.1316
vn 0.7741 -0.4540 -0.4412
vn 0.9027 -0.2929 -0.3152
vn -0.5673 0.4081 0.7153
vn -0.9594 0.1722 0.2236
vn -0.4519 -0.3296 0.8289
vn 0.7138 0.4010 0.5742
vn 0.5668 0.6883 0.4527
vn 0.3706 0.7126 0.5957
vn -0.7332 -0.1326 0.6670
vn 0.7202 0.0232 0.6933
vn -0.9605 -0.2263 0.1619
vn -0.9857 0.1493 -0.0775
vn -0.2863 0.9415 -0.1777
vn 0.2060 0.9232 -0.3244
vn 0.4770 -0.8787 0.0203
vn 0.5122 -0.8469 0.1428
vn -0.8514 -0.1839 0.4912
vn 0.8743 0.3537 -0.3323
vn 0.8289 -0.4450 0.3389
vn 0.7314 0.6803 -0.0473
vn -0.0842 0.9922 0.0918
vn 0.0375 -0.6497 0.7593
vn -0.0740 -0.4643 0.8826
vn -0.8571 -0.1515 0.4924
vn 0.8423 -0.1535 0.5167
vn 0.5159 -0.7553 -0.4042
vn 0.9785 -0.1306 0.1595
vn -0.5762 0.8110 0.1011
vn 0.6385 0.7619 0.1087
vn 0.2400 0.9707 0.0111
vn 0.3241 0.6214 0.7134
vn -0.1095 0.6018 0.7911
vn -0.2647 -0.3872 0.8832
vn -0.7349 -0.2500 0.6304
vn 0.2507 -0.2050 0.9461
vn 0.5654 -0.6071 0.5583
vn -0.8974 0.1582 0.4118
vn 0.9560 0.2042 0.2105
vn 0.9246 0.1432 0.3530
vn 0.3943 -0.6122 0.6854
vn 0.6501 0.5974 0.4696
vn 0.2501 0.4853 0.8378
vn -0.8392 -0.5290 0.1257
vn 0.7734 -0.6257 0.1014
vn -0.6772 -0.3618 0.6407
vn 0.9752 -0.1684 0.1435
vn -0.2616 0.8461 -0.4644
vn 0.9464 0.0272 0.3218
vn 0.7331 0.6335 0.2476
vn 0.3059 0.8334 0.4604
vn -0.2970 0.7864 0.5417
vn 0.1668 0.8728 0.4588
vn 0.3215 -0.2968 0.8992
vn 0.9485 -0.0458 0.3135
vn -0.9683 0.0056 0.2497
vn 0.9476 -0.1850 0.2603
vn 0.2678 0.3275 0.9061
vn 0.8792 -0.0615 0.4725
vn 0.5136 -0.0720 0.8550
vn -0.1256 0.7617 0.6357
vn -0.5712 0.2447 0.7835
vn -0.7887 0.2550 0.5593
vn -0.9471 -0.2715 0.1711
vn 0.3828 -0.0217 0.9236
vn -0.8498 -0.1158 0.5141
vn 0.9766 -0.0175 0.2143
vn 0.9066 -0.3566 0.2258
vn -0.6697 -0.7241 -0.1649
vn -0.7775 0.6173 -0.1201
vn -0.5031 0.4946 0.7087
vn -0.0770 -0.9651 0.2503
vn 0.6131 -0.0736 -0.7866
vn 0.8474 0.1379 0.5127
vn 0.7090 -0.3972 0.5827
vn 0.6485 0.1038 0.7541
vn 0.5245 0.6396 0.5619
vn 0.1326 0.7372 0.6625
vn -0.7586 -0.6508 -0.0307
vn 0.9111 -0.2956 0.2872
vn 0.6499 0.1902 0.7358
vn 0.8206 -0.1705 0.5454
vn 0.5231 0.8382 0.1545
vn -0.3078 0.9492 -0.0656
vn 0.0150 0.9974 -0.0703
vn 0.5899 -0.2578 0.7652
vn -0.2702 -0.3030 0.9139
vn 0.7356 -0.2745 0.6193
vn -0.7782 -0.3900 0.4922
vn 0.5803 -0.1688 0.7967
vn -0.9751 -0.1471 0.1659
vn -0.8360 -0.2965 0.4617
vn -0.8771 -0.0728 0.4747
vn 0.9378 0.2367 0.2540
vn -0.7026 0.5064 0.4999
vn 0.9475 -0.1855 0.2604
vn 0.9560 0.2043 0.2108
vn -0.7631 -0.0256 -0.6457
vn -0.9343 -0.1343 0.3303
vn 0.0491 -0.2239 0.9734
vn -0.7080 -0.1814 0.6825
vn -0.6335 0.1271 0.7632
vn -0.9431 -0.0045 0.3325
vn 0.5969 0.5131 0.6167
vn -0.4631 0.6577 0.5941
vn 0.7136 0.1768 0.6778
vn 0.9551 -0.1346 0.2640
vn -0.9352 -0.3514 0.0434
vn 0.9235 -0.3822 0.0316
vn 0.9474 -0.2219 0.2306
vn 0.5810 0.8091 0.0885
vn -0.5421 0.8395 0.0374
vn -0.0996 0.9415 -0.3218
vn 0.9851 0.1712 0.0136
vn -0.1799 0.9077 0.3792
vn -0.6025 0.6768 0.4231
vn -0.0775 0.9081 0.4116
vn 0.4318 0.4674 0.7714
vn 0.9240 -0.0154 0.3820
vn 0.9725 -0.0878 0.2155
vn 0.9791 -0.0391 -0.1994
vn 0.4465 -0.4128 -0.7939
vn 0.0254 0.8153 -0.5785
vn 0.8274 -0.1494 0.5414
vn 0.1708 0.9530 0.2503
vn 0.9419 0.0178 0.3354
vn -0.1311 0.5215 0.8431
vn -0.8049 0.0891 0.5867
vn -0.5599 0.4373 0.7037
vn 0.3305 0.8128 0.4797
vn -0.9378 0.3424 -0.0568
vn -0.9641 0.0241 0.2645
vn 0.6917 0.6733 0.2612
vn 0.1369 0.9740 0.1807
vn -0.0942 0.8064 0.5838
vn -0.2788 -0.2923 0.9148
vn -0.6675 -0.1520 0.7289
vn 0.9108 0.0610 0.4084
vn 0.5766 -0.5311 -0.6209
vn 0.9001 -0.0406 0.4338
vn 0.7869 -0.1288 0.6035
vn -0.0776 -0.4780 0.8749
vn 0.2797 -0.4702 0.8370
vn 0.3304 -0.2041 0.9215
vn 0.5090 0.3414 0.7902
vn -0.5019 0.3336 0.7980
vn -0.3844 0.6825 0.6216
vn 0.7261 -0.6818 0.0887
vn -0.8159 -0.5782 0.0005
vn 0.9130 -0.4077 0.0141
vn -0.9071 -0.2922 0.3030
vn -0.6487 0.7596 0.0461
vn -0.2346 0.9567 -0.1722
vn -0.8740 -0.4733 0.1099
vn -0.9597 0.2802 0.0236
vn 0.3331 -0.1600 0.9292
vn 0.7950 0.5890 0.1449
vn -0.8544 -0.2802 0.4376
vn 0.9951 -0.0651 0.0751
vn 0.5347 0.1155 0.8371
vn 0.7181 -0.0166 0.6957
vn -0.9071 0.0017 0.4210
vn -0.5253 0.0274 0.8504
vn 0.4184 0.1015 0.9026
vn -0.9748 0.0487 0.2175
vn 0.8894 -0.2441 0.3865
vn -0.8993 -0.2685 0.3451
vn 0.9408 -0.0688 0.3318
vn 0.6578 0.7260 0.2005
vn -0.0715 0.9623 -0.2623
vn -0.9991 -0.0396 -0.0147
vn 0.9284 -0.2987 0.2211
vn 0.8764 -0.3334 0.3475
vn -0.7307 -0.0995 0.6754
vn -0.2821 -0.5781 0.7657
vn 0.8416 -0.5397 0.0181
vn 0.8303 -0.1825 0.5265
vn 0.9055 0.0760 0.4175
vn 0.1362 0.6566 0.7419
vn -0.5995 -0.2229 0.7687
vn -0.2260 -0.1901 0.9554
vn 0.7846 -0.1485 0.6020
vn -0.4293 -0.7790 0.4571
vn 0.6371 -0.6409 -0.4282
vn 0.4022 0.8063 0.4337
vn -0.0326 0.7818 0.6226
vn 0.2791 0.4755 0.8343
vn 0.3529 0.6983 0.6227
vn -0.3356 -0.2699 0.9025
vn -0.2341 -0.9598 0.1550
vn -0.6258 -0.5012 0.5977
vn 0.7072 -0.6262 0.3283
vn 0.1428 0.9489 0.2814
vn -0.3826 0.8489 0.3647
vn 0.2450 -0.2740 0.9300
vn -0.5477 0.1148 0.8288
vn -0.0430 0.9546 -0.2948
vn -0.7308 -0.2486 0.6357
vn 0.7999 0.3582 0.4815
vn -0.7667 -0.0922 0.6353
vn 0.0937 0.6607 0.7448
vn -0.2774 0.6927 0.6658
vn -0.3402 0.7005 0.6274
vn -0.7006 0.6186 0.3558
vn 0.2198 0.6943 0.6853
vn 0.3587 -0.6907 0.6279
vn 0.9364 0.2328 0.2626
vn -0.9324 0.3279 0.1519
vn -0.0488 0.9964 0.0689
vn -0.7335 -0.6710 0.1086
vn 0.7134 0.6969 0.0730
vn 0.3816 -0.2627 0.8862
vn -0.2068 -0.2236 0.9525
vn 0.0809 -0.1210 0.9894
vn 0.3702 -0.2878 0.8833
vn -0.6334 -0.3249 0.7023
vn 0.6782 -0.6763 0.2876
vn 0.9289 -0.3662 -0.0552
vn -0.1239 0.7986 0.5889
vn -0.7057 0.0885 0.7030
vn -0.6132 0.2163 0.7597
vn 0.6830 -0.3379 0.6475
vn -0.5372 -0.1638 0.8274
vn -0.1189 0.1894 0.9747
vn -0.6848 -0.5441 0.4848
vn -0.9943 -0.0898 -0.0579
vn -0.4813 0.8732 0.0769
vn -0.6799 0.7176 0.1510
vn 0.6990 -0.0874 0.7098
vn -0.5230 0.3700 0.7678
vn -0.1666 0.8371 0.5210
vn 0.5943 0.3216 0.7371
vn 0.6436 -0.2201 0.7330
vn -0.5683 0.0519 0.8212
vn -0.0102 0.4027 0.9153
vn -0.0103 -0.2976 0.9546
vn 0.9251 -0.0967 0.3672
vn -0.8209 -0.2138 0.5296
vn 0.7692 -0.0931 0.6322
vn -0.2872 0.9078 0.3057
vn -0.1096 0.9837 0.1426
vn -0.3554 -0.1864 0.9159
vn -0.5722 -0.2684 0.7750
vn -0.9456 0.0723 0.3171
vn 0.3073 0.8702 0.3852
vn 0.7774 -0.2271 0.5866
vn 0.7814 -0.0871 0.6180
vn -0.6831 0.0151 0.7302
vn 0.4388 -0.0309 0.8981
vn 0.3710 0.1332 0.9190
vn -0.4264 0.6439 0.6353
vn -0.1177 0.4407 0.8899
vn -0.9563 -0.1862 0.2255
vn 0.6210 -0.5472 0.5612
vn -0.8016 -0.4172 0.4282
vn 0.4010 0.6719 0.6227
vn 0.2754 0.9430 0.1868
vn 0.6230 -0.1449 0.7687
vn -0.5000 -0.3426 0.7953
vn 0.0447 -0.6383 0.7685
vn 0.7909 -0.4177 0.4473
vn -0.2773 0.9468 0.1634
vn -0.4008 0.9070 0.1292
vn 0.4387 0.5104 0.7397
vn 0.6179 0.2598 0.7421
vn -0.2822 -0.0161 0.9592
vn -0.7921 0.2851 0.5397
vn -0.0139 -0.2126 0.9770
vn -0.2161 0.0817 0.9729
vn 0.1891 0.3970 0.8981
vn -0.2970 -0.1471 0.9435
vn 0.0281 -0.0897 0.9956
vn 0.3170 -0.2555 0.9134
vn 0.4155 0.0784 0.9062
vn -0.2972 0.5006 0.8130
vn 0.8700 -0.3537 0.3436
vn 0.7963 -0.0172 0.6047
vn -0.9682 -0.0850 0.2354
vn -0.4865 0.7603 0.4304
vn 0.1622 0.9701 0.1805
vn 0.0767 -0.2366 0.9686
vn -0.7949 0.0416 0.6053
vn 0.6790 -0.1617 0.7161
vn -0.7465 -0.2691 0.6085
vn -0.7694 -0.0057 0.6388
vn -0.6579 0.2505 0.7102
vn -0.1029 -0.4037 0.9091
vn 0.2280 0.2507 0.9408
vn -0.0692 0.6234 0.7789
vn -0.6897 -0.0575 0.7218
vn -0.7214 0.6906 0.0520
vn -0.7625 0.6224 0.1769
vn 0.4748 0.8341 0.2808
vn -0.6664 -0.2571 0.6999
vn -0.4973 -0.4628 0.7338
vn -0.6716 0.1886 0.7165
vn -0.3402 0.3743 0.8627
vn -0.3744 0.2427 0.8949
vn -0.1628 0.0845 0.9830
vn 0.6649 -0.2113 0.7164
vn 0.8941 0.0731 0.4419
vn -0.7349 -0.1505 0.6613
vn -0.0783 0.8902 0.4488
vn 0.5996 -0.7624 0.2433
vn -0.9520 0.1631 0.2592
vn 0.2364 -0.2929 0.9265
vn -0.4897 -0.1254 0.8628
vn 0.9692 0.1178 0.2164
vn 0.0858 0.6784 0.7297
vn -0.4258 0.0839 0.9009
vn -0.6552 0.6981 0.2887
vn -0.7680 0.0596 0.6377
vn 0.5031 -0.1132 0.8568
vn -0.1527 0.4724 0.8681
vn -0.3491 0.1698 0.9216
vn -0.2784 0.7283 0.6262
vn -0.1570 -0.9721 -0.1742
vn 0.2503 -0.9554 -0.1566
vn -0.6036 -0.7621 0.2343
vn 0.6386 -0.6065 0.4737
vn 0.9436 -0.0852 0.3198
vn 0.7411 0.3616 0.5657
vn -0.6127 0.7841 0.0990
vn 0.8159 0.5129 0.2670
vn 0.7470 0.4371 0.5009
vn -0.9267 0.2341 0.2939
vn -0.7481 0.6115 0.2576
vn -0.2189 -0.1963 0.9558
vn -0.2583 0.0341 0.9655
vn -0.1679 -0.2885 0.9426
vn -0.7907 0.1304 0.5982
vn 0.2112 0.1700 0.9626
vn 0.3386 -0.1636 0.9266
vn 0.4910 0.1823 0.8519
vn -0.4675 0.4888 0.7366
vn -0.2936 0.1606 0.9423
vn 0.3553 -0.0756 0.9317
vn -0.3700 -0.0805 0.9255
vn -0.4825 -0.2953 0.8246
vn -0.7866 -0.3634 0.4993
vn -0.8024 -0.1081 0.5870
vn 0.6300 -0.4554 0.6291
vn -0.5821 -0.5789 0.5710
vn 0.7189 -0.4408 0.5375
vn -0.6906 0.5539 0.4651
vn 0.6736 0.7035 0.2267
vn -0.2737 0.9551 0.1131
vn -0.6989 -0.2827 0.6569
vn 0.7287 0.2175 0.6494
vn -0.5067 -0.3570 0.7848
vn 0.4809 0.4178 0.7708
vn 0.5358 0.4035 0.7417
vn 0.1855 0.1647 0.9687
vn 0.0346 0.0641 0.9973
vn -0.2360 0.3984 0.8863
vn 0.3259 -0.9393 -0.1070
vn 0.7814 0.1964 0.5924
vn -0.1863 0.9746 0.1242
vn 0.9215 0.1693 0.3495
vn 0.7463 0.1447 0.6497
vn -0.3290 0.8937 0.3051
vn -0.4690 -0.3695 0.8022
vn 0.0264 -0.1864 0.9821
vn 0.8427 -0.2161 0.4932
vn 0.5301 -0.5933 0.6059
vn -0.6611 0.0904 0.7448
vn 0.5137 -0.4831 0.7090
vn -0.7920 -0.0753 0.6059
vn -0.2385 0.8432 0.4818
vn 0.4768 0.3761 0.7945
vn 0.4235 0.1618 0.8913
vn -0.9634 -0.1743 0.2035
vn 0.4635 -0.0083 0.8861
vn 0.0164 -0.6474 0.7620
vn -0.6018 -0.4546 0.6566
vn -0.5334 0.2910 0.7943
vn 0.8897 0.3931 0.2322
vn 0.1700 -0.8575 0.4856
vn 0.7505 -0.4444 0.4891
vn 0.0610 -0.1862 0.9806
vn -0.5134 0.2255 0.8280
vn -0.4924 0.0129 0.8703
vn -0.4711 -0.3284 0.8187
vn 0.2659 0.6205 0.7378
vn 0.1209 0.2558 0.9591
vn 0.7173 0.3357 0.6106
vn -0.5223 0.0909 0.8479
vn -0.3223 0.0168 0.9465
vn -0.6236 0.3076 0.7187
vn -0.0207 0.3717 0.9281
vn -0.5236 0.4694 0.7110
vn -0.2278 0.2623 0.9377
vn 0.2145 0.3418 0.9149
vn -0.1722 -0.1848 0.9676
vn 0.5376 -0.1063 0.8365
vn -0.3272 0.0289 0.9445
vn -0.5310 -0.5547 0.6406
vn 0.2316 -0.8814 0.4116
vn -0.5258 0.2906 0.7994
vn -0.6626 0.6985 0.2703
vn -0.0529 0.9652 0.2562
vn -0.0282 0.9521 0.3046
vn -0.3818 -0.1784 0.9069
vn -0.2480 -0.4217 0.8722
vn 0.7716 -0.3230 0.5481
vn -0.2183 -0.2392 0.9461
vn -0.2361 -0.3817 0.8936
vn -0.3892 -0.2594 0.8839
vn 0.5376 -0.1665 0.8266
vn 0.5427 -0.2265 0.8088
vn -0.5585 -0.2585 0.7882
vn 0.2076 0.2453 0.9470
vn -0.6876 0.1131 0.7172
vn 0.8300 0.0752 0.5527
vn 0.6769 0.0275 0.7356
vn 0.3084 -0.7626 0.5686
vn 0.5140 -0.3228 0.7947
vn -0.5388 -0.7384 0.4055
vn 0.6509 -0.1571 0.7427
vn 0.6031 -0.4324 0.6703
vn -0.0197 0.0620 0.9979
vn -0.0510 -0.2480 0.9674
vn 0.3370 -0.4708 0.8153
vn 0.4542 -0.0524 0.8894
vn 0.4234 0.3982 0.8137
vn -0.5695 -0.3103 0.7612
vn -0.0276 0.8011 0.5979
vn -0.7567 0.1822 0.6279
vn -0.6681 -0.0058 0.7441
vn -0.5710 0.4333 0.6973
vn -0.8012 0.4198 0.4263
vn -0.2881 -0.4105 0.8651
vn 0.4704 -0.2324 0.8513
vn -0.2984 -0.1413 0.9439
vn -0.6873 0.1401 0.7127
vn 0.2196 0.8478 0.4828
vn -0.6881 -0.5228 0.5032
vn -0.2878 -0.3331 0.8979
vn -0.2857 -0.2676 0.9202
vn -0.1499 0.0898 0.9846
vn -0.5391 -0.0023 0.8423
vn 0.5177 -0.3325 0.7883
vn 0.4161 -0.1766 0.8920
vn 0.4967 0.6493 0.5758
vn -0.4278 -0.2008 0.8813
vn 0.2737 0.3465 0.8972
vn -0.2561 -0.1591 0.9535
vn -0.8102 -0.2378 0.5357
vn 0.2053 0.0511 0.9774
vn -0.5550 -0.0815 0.8279
vn 0.2469 -0.0377 0.9683
vn -0.0973 0.4116 0.9062
vn -0.3603 0.3286 0.8730
vn 0.5679 0.0531 0.8214
vn 0.4269 0.0438 0.9032
vn -0.5582 -0.0586 0.8276
vn 0.6109 -0.1624 0.7749
vn -0.5693 -0.3201 0.7572
vn -0.4663 -0.6443 0.6062
vn 0.8260 0.5138 0.2319
vn -0.5548 0.8224 0.1258
vn 0.0699 0.8900 0.4506
vn -0.6620 0.2523 0.7058
vn -0.6281 0.5571 0.5432
vn -0.0405 0.9792 0.1990
vn 0.0351 -0.2480 0.9681
vn -0.5057 -0.5037 0.7003
vn -0.7626 -0.2808 0.5828
vn 0.0737 0.7756 0.6269
vn 0.4314 0.0669 0.8997
vn -0.0570 0.5012 0.8635
vn -0.5993 -0.1783 0.7804
vn -0.5136 -0.1717 0.8407
vn -0.8454 -0.1623 0.5089
vn -0.6730 0.4956 0.5490
vn 0.4210 0.3233 0.8475
vn -0.2613 0.1788 0.9486
vn 0.4118 0.2329 0.8810
vn -0.4140 -0.2330 0.8799
vn 0.2636 -0.5896 0.7634
vn -0.8418 0.1729 0.5114
vn 0.3034 0.8367 0.4559
vn -0.1002 0.9308 0.3515
vn 0.7514 -0.3495 0.5597
vn -0.0373 -0.2897 0.9564
vn 0.6006 -0.1513 0.7851
vn -0.6050 -0.2573 0.7535
vn -0.1597 0.8385 0.5209
vn 0.6040 0.1913 0.7737
vn -0.5453 0.3354 0.7682
vn 0.2399 0.0265 0.9704
vn -0.5657 0.6606 0.4936
vn -0.6371 0.1729 0.7511
vn -0.2308 0.2778 0.9325
vn -0.1856 -0.0902 0.9785
vn -0.6095 -0.2201 0.7616
vn -0.4491 -0.4848 0.7505
vn -0.4857 0.1115 0.8670
vn -0.3705 -0.8069 0.4601
vn 0.7765 -0.1192 0.6187
vn -0.4491 0.6911 0.5663
vn 0.4520 -0.1419 0.8806
vn 0.1420 0.0404 0.9890
vn -0.1086 0.6360 0.7640
vn 0.0729 0.1069 0.9916
vn -0.5132 -0.0882 0.8537
vn -0.5337 -0.1630 0.8298
vn 0.2036 -0.5444 0.8137
vn 0.4039 0.0785 0.9114
vn 0.2670 0.1561 0.9510
vn -0.5010 0.1990 0.8423
vn -0.2276 -0.6325 0.7404
vn 0.1442 0.2328 0.9618
vn 0.8661 -0.1700 0.4702
vn 0.2011 0.7476 0.6330
vn 0.4150 -0.1060 0.9036
vn 0.5508 0.2521 0.7957
vn -0.1770 0.2348 0.9558
vn -0.6345 0.2540 0.7300
vn 0.4154 0.0056 0.9096
vn -0.5645 -0.3447 0.7500
vn -0.2449 0.1706 0.9544
vn 0.3527 -0.1815 0.9179
vn 0.5585 0.0549 0.8277
vn -0.4978 -0.3292 0.8024
vn 0.6079 -0.2309 0.7597
vn -0.2022 -0.1326 0.9703
vn -0.3399 -0.0716 0.9377
vn 0.4610 -0.0229 0.8871
vn 0.0160 0.7531 0.6577
vn -0.5869 0.4971 0.6391
vn -0.1908 -0.1261 0.9735
vn -0.3128 -0.3532 0.8817
vn 0.2545 -0.2564 0.9325
vn -0.2991 -0.3105 0.9023
vn 0.0646 0.0239 0.9976
vn -0.7268 -0.1007 0.6795
vn 0.1865 -0.0558 0.9809
vn 0.0596 -0.2792 0.9584
vn -0.2746 0.5068 0.8172
vn 0.0638 -0.1711 0.9832
vn 0.2488 0.3771 0.8921
vn -0.1583 -0.6843 0.7118
vn -0.2430 -0.6500 0.7201
vn 0.0562 0.0345 0.9978
vn 0.3843 -0.3143 0.8680
vn 0.6865 -0.3372 0.6442
vn 0.9190 -0.1731 0.3541
vn 0.8223 0.3686 0.4335
vn 0.5984 0.4981 0.6276
vn -0.4680 0.2813 0.8378
vn 0.5224 0.4538 0.7219
vn 0.3087 0.0033 0.9512
vn -0.0211 -0.8632 0.5045
vn 0.4811 0.0195 0.8764
vn 0.2509 0.1710 0.9528
vn -0.3890 0.0738 0.9183
vn -0.3115 -0.2694 0.9113
vn -0.3250 -0.4755 0.8175
vn 0.1358 -0.1056 0.9851
vn -0.7582 -0.4889 0.4314
vn 0.2492 -0.9258 0.2844
vn 0.2613 -0.4453 0.8564
vn 0.6033 0.5445 0.5828
vn -0.2680 0.9151 0.3014
vn 0.1151 0.7687 0.6292
vn -0.3066 -0.1941 0.9318
vn 0.4085 -0.2299 0.8834
vn -0.2489 -0.0028 0.9685
vn 0.3251 -0.1565 0.9326
vn 0.3950 0.0489 0.9174
vn 0.3033 0.0097 0.9529
vn 0.1433 -0.3914 0.9090
vn 0.2109 0.3401 0.9164
vn 0.3469 -0.2590 0.9014
vn -0.2538 -0.3566 0.8991
vn -0.0734 -0.4788 0.8749
vn -0.2081 -0.0812 0.9747
vn 0.6549 -0.2551 0.7114
vn -0.6345 0.0501 0.7713
vn 0.1773 0.0755 0.9813
vn 0.2218 -0.1199 0.9677
vn -0.2446 -0.9133 0.3256
vn 0.7285 -0.5491 -0.4096
vn 0.6911 -0.3484 -0.6333
vn 0.9081 -0.1771 -0.3794
vn 0.4101 0.1203 0.9041
vn -0.5491 0.1107 0.8284
vn 0.2825 0.1662 0.9447
vn 0.2924 -0.3476 0.8909
vn -0.3552 -0.5028 0.7881
vn -0.1587 -0.8108 0.5635
vn -0.1987 -0.3352 0.9210
vn -0.4932 -0.7135 0.4976
vn 0.2941 -0.8153 0.4987
vn -0.7071 0.1103 0.6985
vn 0.2934 0.1915 0.9366
vn -0.2366 0.4637 0.8538
vn -0.7094 0.1029 0.6973
vn 0.0251 -0.0682 0.9974
vn 0.0652 0.1860 0.9804
vn -0.1615 0.1459 0.9760
vn -0.0711 -0.1273 0.9893
vn 0.0524 0.0392 0.9979
vn -0.3806 -0.1488 0.9127
vn 0.1737 -0.3847 0.9065
vn -0.5745 0.3378 0.7455
vn 0.0226 0.0975 0.9950
vn 0.2102 -0.9755 -0.0644
vn 0.5474 -0.3116 -0.7767
vn 0.7197 -0.4506 -0.5283
vn 0.0663 0.1622 0.9845
vn 0.3134 0.2160 0.9247
vn -0.3675 -0.2229 0.9029
vn 0.2111 0.0033 0.9774
vn -0.6444 -0.1351 0.7527
vn -0.0021 -0.1724 0.9850
vn -0.2332 -0.3563 0.9048
vn -0.8651 0.2045 0.4580
vn 0.5885 0.4597 0.6651
vn 0.3460 0.1466 0.9267
vn 0.3178 -0.1697 0.9328
vn -0.5519 0.6204 0.5573
vn -0.1447 -0.0832 0.9860
vn 0.3477 -0.0531 0.9361
vn 0.0179 -0.2556 0.9666
vn 0.6239 -0.0422 0.7804
vn 0.2751 0.4553 0.8468
vn 0.0855 -0.0661 0.9941
vn 0.1090 -0.8709 0.4792
vn 0.0790 -0.9059 0.4161
vn 0.6227 -0.2932 0.7254
vn -0.8603 -0.2624 0.4371
vn 0.4425 0.4682 0.7648
vn 0.6840 0.2073 0.6995
vn 0.5642 0.5846 0.5830
vn 0.1671 0.0482 0.9848
vn 0.3047 0.2441 0.9206
vn 0.2243 -0.1856 0.9567
vn -0.5336 -0.1007 0.8398
vn 0.2418 -0.5435 0.8038
vn 0.2074 0.0490 0.9770
vn -0.0100 0.0162 0.9998
vn 0.2026 -0.1978 0.9591
vn -0.0747 -0.4004 0.9133
vn 0.5496 -0.5361 0.6407
vn -0.4595 0.6087 0.6468
vn 0.5669 0.4545 0.6871
vn -0.2247 -0.5615 0.7964
vn 0.2517 -0.8477 0.4670
vn -0.5532 -0.0984 0.8272
vn -0.6001 0.4844 0.6366
vn 0.4973 0.3978 0.7710
vn -0.2290 0.6874 0.6892
vn 0.1064 0.6932 0.7129
vn -0.3432 -0.7589 0.5534
vn 0.3530 0.3158 0.8807
vn -0.1044 0.5945 0.7973
vn 0.1453 0.4514 0.8804
vn 0.2542 -0.4128 0.8746
vn 0.2948 -0.1678 0.9407
vn -0.3439 -0.3957 0.8516
vn 0.2483 0.3099 0.9178
vn -0.2085 0.2389 0.9484
vn -0.1658 -0.5699 0.8048
vn -0.2545 -0.1609 0.9536
vn 0.2415 -0.1603 0.9571
vn 0.0917 -0.1263 0.9878
vt 0.047627 0.219862
vt 0.035937 0.227155
vt 0.030207 0.208555
vt 0.052138 0.169602
vt 0.061276 0.174114
vt 0.563469 0.759458
vt 0.576890 0.754812
vt 0.573335 0.758889
vt 0.057127 0.167642
vt 0.563469 0.741831
vt 0.993730 0.330958
vt 0.998057 0.346967
vt 0.993730 0.355696
vt 0.050994 0.155339
vt 0.061640 0.151191
vt 0.398511 0.701809
vt 0.413344 0.697766
vt 0.408593 0.722034
vt 0.425218 0.662136
vt 0.040197 0.167701
vt 0.036962 0.163866
vt 0.042739 0.154344
vt 0.138190 0.648927
vt 0.144076 0.617899
vt 0.157252 0.642151
vt 0.987948 0.757016
vt 0.976920 0.721874
vt 0.987948 0.714312
vt 0.691034 0.835998
vt 0.691034 0.798350
vt 0.697294 0.817814
vt 0.648857 0.953787
vt 0.647918 0.948560
vt 0.657681 0.954870
vt 0.148907 0.774441
vt 0.143725 0.768362
vt 0.163912 0.774852
vt 0.168174 0.772727
vt 0.160841 0.701704
vt 0.024474 0.216882
vt 0.430563 0.661308
vt 0.446724 0.651898
vt 0.447502 0.670426
vt 0.434153 0.652836
vt 0.428657 0.642734
vt 0.457515 0.630604
vt 0.658636 0.942216
vt 0.121078 0.610657
vt 0.615677 0.960270
vt 0.589307 0.951641
vt 0.586613 0.934278
vt 0.424265 0.733096
vt 0.448865 0.620850
vt 0.065302 0.121517
vt 0.087117 0.100145
vt 0.095091 0.120880
vt 0.119060 0.129179
vt 0.121189 0.096975
vt 0.164186 0.783862
vt 0.152947 0.787133
vt 0.617409 0.413436
vt 0.621947 0.398869
vt 0.634178 0.399711
vt 0.151877 0.760778
vt 0.532659 0.985786
vt 0.542901 0.968118
vt 0.542901 0.992986
vt 0.888587 0.319526
vt 0.897295 0.314962
vt 0.897370 0.329647
vt 0.134819 0.713161
vt 0.906313 0.266086
vt 0.917919 0.278562
vt 0.119396 0.680731
vt 0.640521 0.324952
vt 0.656896 0.257488
vt 0.658770 0.292034
vt 0.423888 0.708236
vt 0.025409 0.233736
vt 0.020890 0.205307
vt 0.438506 0.671686
vt 0.999434 0.879929
vt 0.995861 0.898880
vt 0.995861 0.873623
vt 0.016146 0.165893
vt 0.026018 0.153573
vt 0.074476 0.135255
vt 0.079788 0.076703
vt 0.848754 0.591425
vt 0.859120 0.583599
vt 0.859636 0.590501
vt 0.665282 0.941706
vt 0.632950 0.416656
vt 0.648447 0.931372
vt 0.652554 0.930406
vt 0.154160 0.742256
vt 0.174059 0.763842
vt 0.145876 0.745376
vt 0.102291 0.938311
vt 0.099648 0.921737
vt 0.118133 0.941510
vt 0.155225 0.729360
vt 0.170154 0.729161
vt 0.633316 0.348430
vt 0.647288 0.344482
vt 0.154540 0.706845
vt 0.619863 0.331517
vt 0.633015 0.290426
vt 0.934037 0.243154
vt 0.607250 0.933369
vt 0.124833 0.574256
vt 0.145813 0.592993
vt 0.023909 0.271447
vt 0.039338 0.256587
vt 0.101816 0.175116
vt 0.174059 0.594360
vt 0.187354 0.569180
vt 0.202886 0.580309
vt 0.097190 0.073999
vt 0.847400 0.574562
vt 0.846647 0.586722
vt 0.411432 0.991412
vt 0.414645 0.979606
vt 0.414645 0.994406
vt 0.848803 0.600790
vt 0.861107 0.602127
vt 0.887999 0.578912
vt 0.891726 0.596015
vt 0.666796 0.959653
vt 0.662151 0.963224
vt 0.921130 0.068345
vt 0.934051 0.059649
vt 0.934691 0.066257
vt 0.621849 0.388297
vt 0.638530 0.381636
vt 0.649334 0.382002
vt 0.624932 0.380511
vt 0.932389 0.801313
vt 0.959325 0.781057
vt 0.949864 0.797640
vt 0.161618 0.718057
vt 0.625545 0.357704
vt 0.311741 0.846234
vt 0.315236 0.800300
vt 0.323610 0.827497
vt 0.624422 0.285521
vt 0.117985 0.650986
vt 0.645338 0.234734
vt 0.107384 0.625864
vt 0.116309 0.348099
vt 0.134907 0.333803
vt 0.131479 0.349753
vt 0.112901 0.322974
vt 0.114557 0.311895
vt 0.105652 0.308754
vt 0.122154 0.303807
vt 0.920384 0.241119
vt 0.920384 0.229458
vt 0.929406 0.230033
vt 0.463326 0.646475
vt 0.127128 0.147639
vt 0.029475 0.103468
vt 0.398397 0.808581
vt 0.395937 0.850242
vt 0.395937 0.758906
vt 0.615345 0.458759
vt 0.620548 0.446884
vt 0.624001 0.458018
vt 0.630122 0.448958
vt 0.944918 0.070042
vt 0.617947 0.417041
vt 0.669202 0.923803
vt 0.915368 0.037130
vt 0.608593 0.412071
vt 0.126474 0.768767
vt 0.608131 0.397033
vt 0.394521 0.651638
vt 0.398191 0.676800
vt 0.389814 0.682082
vt 0.935095 0.814775
vt 0.928686 0.805145
vt 0.966480 0.481552
vt 0.967900 0.475707
vt 0.982107 0.505849
vt 0.128505 0.756749
vt 0.127228 0.747325
vt 0.130208 0.729522
vt 0.622813 0.367586
vt 0.888587 0.339924
vt 0.295235 0.855598
vt 0.293566 0.876776
vt 0.920729 0.302879
vt 0.332555 0.771190
vt 0.331607 0.804381
vt 0.314161 0.776043
vt 0.657059 0.232919
vt 0.111010 0.599673
vt 0.593619 0.558582
vt 0.585455 0.562077
vt 0.590259 0.548751
vt 0.579873 0.547768
vt 0.576916 0.522447
vt 0.136402 0.304937
vt 0.991381 0.014281
vt 0.997681 0.000000
vt 0.997681 0.023245
vt 0.111237 0.299912
vt 0.226598 0.987187
vt 0.232411 0.977547
vt 0.232411 0.997387
vt 0.010120 0.168254
vt 0.995774 0.766954
vt 0.995774 0.741371
vt 0.999458 0.746482
vt 0.183150 0.610040
vt 0.197835 0.600669
vt 0.847371 0.809522
vt 0.877968 0.805364
vt 0.866685 0.823970
vt 0.849904 0.787904
vt 0.208614 0.565005
vt 0.047491 0.095030
vt 0.906266 0.364779
vt 0.916261 0.344667
vt 0.923923 0.364779
vt 0.121769 0.069583
vt 0.932889 0.939528
vt 0.929381 0.952370
vt 0.927486 0.926383
vt 0.609235 0.445944
vt 0.126586 0.907608
vt 0.138286 0.909636
vt 0.131665 0.915235
vt 0.870162 0.559832
vt 0.625658 0.422274
vt 0.633101 0.423683
vt 0.637572 0.418735
vt 0.044135 0.957920
vt 0.051534 0.953091
vt 0.054398 0.962751
vt 0.366546 0.926429
vt 0.360620 0.924872
vt 0.366109 0.913568
vt 0.686126 0.950888
vt 0.669190 0.930530
vt 0.372626 0.914971
vt 0.975780 0.474467
vt 0.609725 0.384783
vt 0.644419 0.364534
vt 0.614825 0.365555
vt 0.115088 0.953336
vt 0.363555 0.926429
vt 0.372961 0.934401
vt 0.360620 0.941874
vt 0.110028 0.703219
vt 0.613564 0.328505
vt 0.937979 0.267961
vt 0.779222 0.706365
vt 0.777949 0.687962
vt 0.795390 0.707172
vt 0.588186 0.913841
vt 0.139728 0.566832
vt 0.102397 0.347888
vt 0.423058 0.743310
vt 0.016880 0.253258
vt 0.007617 0.205707
vt 0.451366 0.686738
vt 0.135251 0.208304
vt 0.149183 0.194459
vt 0.863268 0.841008
vt 0.891780 0.812788
vt 0.900389 0.793692
vt 0.865230 0.785712
vt 0.119084 0.904957
vt 0.608724 0.416416
vt 0.978297 0.545717
vt 0.961314 0.545493
vt 0.965836 0.533329
vt 0.610960 0.342120
vt 0.622713 0.238825
vt 0.653973 0.214981
vt 0.576916 0.914218
vt 0.596758 0.589123
vt 0.115130 0.373865
vt 0.871363 0.227563
vt 0.881414 0.190231
vt 0.884206 0.216019
vt 0.591506 0.510479
vt 0.254306 0.965666
vt 0.253607 0.957114
vt 0.269069 0.977939
vt 0.410441 0.742812
vt 0.009969 0.225432
vt 0.430137 0.708516
vt 0.200397 0.646586
vt 0.096665 0.175842
vt 0.075065 0.151459
vt 0.840090 0.832520
vt 0.220540 0.582236
vt 0.247630 0.564846
vt 0.220330 0.597137
vt 0.857195 0.753743
vt 0.068414 0.067670
vt 0.836539 0.929427
vt 0.839917 0.944906
vt 0.817118 0.927566
vt 0.973103 0.210499
vt 0.984045 0.209456
vt 0.978118 0.223141
vt 0.596729 0.455371
vt 0.139164 0.929502
vt 0.599063 0.446456
vt 0.157981 0.904957
vt 0.151784 0.917209
vt 0.885723 0.561419
vt 0.687116 0.930371
vt 0.111613 0.735792
vt 0.328927 0.851043
vt 0.321921 0.865130
vt 0.604792 0.360095
vt 0.106468 0.663794
vt 0.977008 0.840655
vt 0.977008 0.812013
vt 0.988900 0.822302
vt 0.795118 0.683484
vt 0.779840 0.672222
vt 0.597549 0.529167
vt 0.610857 0.544947
vt 0.903107 0.211938
vt 0.902126 0.200171
vt 0.914215 0.210470
vt 0.453069 0.680149
vt 0.246561 0.607437
vt 0.262161 0.549979
vt 0.266798 0.563296
vt 0.884471 0.766988
vt 0.844876 0.764797
vt 0.011674 0.947504
vt 0.000000 0.934099
vt 0.041358 0.947504
vt 0.082970 0.063521
vt 0.987923 0.220301
vt 0.293566 0.996418
vt 0.293566 0.977162
vt 0.300304 0.987445
vt 0.044146 0.946900
vt 0.596675 0.377509
vt 0.099648 0.962934
vt 0.661847 0.887995
vt 0.647918 0.865787
vt 0.670568 0.881085
vt 0.089749 0.576729
vt 0.115847 0.557114
vt 0.107308 0.372873
vt 0.621772 0.524543
vt 0.609282 0.511106
vt 0.617832 0.500811
vt 0.633320 0.510397
vt 0.920384 0.182413
vt 0.895548 0.177110
vt 0.912411 0.182582
vt 0.089447 0.303794
vt 0.272303 0.955452
vt 0.889779 0.970232
vt 0.889779 0.941072
vt 0.896381 0.945983
vt 0.226091 0.649475
vt 0.466157 0.661608
vt 0.120672 0.782609
vt 0.594900 0.414770
vt 0.960109 0.551733
vt 0.975485 0.559324
vt 0.335534 0.864321
vt 0.344883 0.822224
vt 0.615149 0.235728
vt 0.095904 0.614405
vt 0.622136 0.199008
vt 0.615677 0.920306
vt 0.914640 0.975600
vt 0.913556 0.966124
vt 0.921561 0.971536
vt 0.092278 0.561404
vt 0.130725 0.546892
vt 0.117205 0.547114
vt 0.904564 0.232844
vt 0.620332 0.472415
vt 0.625961 0.490404
vt 0.697204 0.907010
vt 0.691034 0.885325
vt 0.697204 0.873609
vt 0.871363 0.166754
vt 0.912672 0.175127
vt 0.104646 0.299044
vt 0.112891 0.285978
vt 0.131751 0.297184
vt 0.147918 0.279940
vt 0.138868 0.281538
vt 0.143999 0.276676
vt 0.511128 0.929124
vt 0.523942 0.928259
vt 0.532749 0.948128
vt 0.115093 0.249714
vt 0.109837 0.243543
vt 0.128174 0.246314
vt 0.100633 0.244195
vt 0.111154 0.232980
vt 0.093309 0.226779
vt 0.006919 0.244663
vt 0.109428 0.210285
vt 0.563489 0.519049
vt 0.550905 0.492174
vt 0.562273 0.485539
vt 0.068478 0.163331
vt 0.014989 0.110525
vt 0.293566 0.671562
vt 0.296933 0.638913
vt 0.304675 0.666247
vt 0.817118 0.976559
vt 0.141484 0.952164
vt 0.068537 0.932013
vt 0.068537 0.962713
vt 0.064513 0.942408
vt 0.932165 0.027541
vt 0.135511 0.789176
vt 0.654620 0.918266
vt 0.366389 0.953398
vt 0.389296 0.933085
vt 0.934350 0.306520
vt 0.932340 0.344667
vt 0.786783 0.659433
vt 0.414645 0.949016
vt 0.432307 0.940845
vt 0.426229 0.952344
vt 0.104822 0.546266
vt 0.119528 0.538352
vt 0.109165 0.383497
vt 0.119871 0.383590
vt 0.618595 0.572568
vt 0.880970 0.236695
vt 0.637409 0.520322
vt 0.080310 0.316211
vt 0.599298 0.736924
vt 0.588221 0.729902
vt 0.593659 0.725806
vt 0.486890 0.977864
vt 0.486890 0.996491
vt 0.483760 0.981879
vt 0.086447 0.302082
vt 0.949691 0.354431
vt 0.953781 0.359488
vt 0.949691 0.364676
vt 0.253607 0.935173
vt 0.138673 0.276945
vt 0.107453 0.281829
vt 0.518141 0.946631
vt 0.511128 0.968118
vt 0.514181 0.943113
vt 0.398499 0.875054
vt 0.398499 0.897072
vt 0.395735 0.891988
vt 0.052868 0.978169
vt 0.041358 0.986109
vt 0.042787 0.970554
vt 0.576909 0.505656
vt 0.573808 0.518086
vt 0.573808 0.479263
vt 0.152944 0.225750
vt 0.898142 0.416519
vt 0.895639 0.391459
vt 0.911959 0.392151
vt 0.212951 0.652731
vt 0.467753 0.669600
vt 0.064117 0.169004
vt 0.283303 0.573677
vt 0.592100 0.426990
vt 0.054707 0.926655
vt 0.374287 0.901334
vt 0.047271 0.928791
vt 0.041358 0.925876
vt 0.946416 0.822634
vt 0.113247 0.748163
vt 0.926035 0.325932
vt 0.663308 0.863597
vt 0.670083 0.864019
vt 0.776961 0.654216
vt 0.599397 0.614417
vt 0.600540 0.593918
vt 0.606163 0.605462
vt 0.105659 0.397513
vt 0.988030 0.747647
vt 0.987948 0.763119
vt 0.084984 0.355295
vt 0.628277 0.473045
vt 0.880511 0.165394
vt 0.092806 0.288122
vt 0.135385 0.265137
vt 0.110246 0.262777
vt 0.055595 0.962751
vt 0.542901 0.923933
vt 0.442141 0.738960
vt 0.080725 0.211539
vt 0.568623 0.465017
vt 0.567443 0.480622
vt 0.293566 0.556943
vt 0.073700 0.029803
vt 0.919058 0.920343
vt 0.896401 0.924900
vt 0.822617 0.923788
vt 0.979599 0.232124
vt 0.153220 0.926830
vt 0.855586 0.549472
vt 0.870966 0.238866
vt 0.859987 0.235736
vt 0.870966 0.227376
vt 0.055904 0.973628
vt 0.067648 0.989214
vt 0.055595 0.983350
vt 0.067648 0.962751
vt 0.911816 0.022185
vt 0.590217 0.395986
vt 0.398191 0.694096
vt 0.982107 0.458759
vt 0.109645 0.969747
vt 0.597300 0.347219
vt 0.596463 0.334718
vt 0.355578 0.765884
vt 0.646087 0.197774
vt 0.776400 0.635990
vt 0.093337 0.554439
vt 0.644647 0.913841
vt 0.633466 0.924237
vt 0.630356 0.914439
vt 0.576749 0.923933
vt 0.560326 0.920289
vt 0.573022 0.909679
vt 0.563003 0.913853
vt 0.109225 0.523620
vt 0.124282 0.521441
vt 0.575098 0.620850
vt 0.576871 0.627530
vt 0.566984 0.626085
vt 0.112814 0.508221
vt 0.854747 0.994677
vt 0.854747 0.978770
vt 0.860422 0.987472
vt 0.121298 0.500898
vt 0.111883 0.491770
vt 0.084067 0.444826
vt 0.115103 0.395552
vt 0.582293 0.712843
vt 0.601601 0.726509
vt 0.096602 0.262758
vt 0.123846 0.258409
vt 0.055595 0.991064
vt 0.137889 0.256832
vt 0.188281 0.706757
vt 0.184586 0.701360
vt 0.193427 0.691604
vt 0.071130 0.253301
vt 0.264574 0.980011
vt 0.259091 0.998197
vt 0.259091 0.977939
vt 0.174059 0.248376
vt 0.222810 0.689985
vt 0.458295 0.700202
vt 0.552317 0.473522
vt 0.008818 0.153947
vt 0.031447 0.082354
vt 0.316051 0.643312
vt 0.034917 0.899496
vt 0.973103 0.241494
vt 0.591368 0.455814
vt 0.861634 0.536043
vt 0.906266 0.363201
vt 0.888587 0.364920
vt 0.895465 0.344667
vt 0.684928 0.918266
vt 0.121213 0.788455
vt 0.463306 0.982449
vt 0.471603 0.974392
vt 0.471603 0.996295
vt 0.957279 0.574237
vt 0.952241 0.992826
vt 0.952241 0.967504
vt 0.962948 0.982423
vt 0.379340 0.964527
vt 0.487202 0.939000
vt 0.503841 0.935938
vt 0.503841 0.974676
vt 0.815539 0.695477
vt 0.087412 0.602760
vt 0.805504 0.669608
vt 0.620748 0.185384
vt 0.788122 0.645221
vt 0.416281 0.957986
vt 0.991930 0.476370
vt 0.982107 0.467696
vt 0.987873 0.458759
vt 0.624596 0.930576
vt 0.099200 0.536592
vt 0.558585 0.901770
vt 0.087174 0.535732
vt 0.093344 0.478354
vt 0.125582 0.514845
vt 0.613379 0.585142
vt 0.995774 0.767960
vt 0.082737 0.370014
vt 0.635210 0.465675
vt 0.576916 0.693248
vt 0.602794 0.711407
vt 0.498824 0.995400
vt 0.503614 0.974676
vt 0.503614 0.997620
vt 0.084882 0.263901
vt 0.377322 0.968737
vt 0.377322 0.985944
vt 0.366131 0.969409
vt 0.477239 0.995278
vt 0.483294 0.981388
vt 0.483760 0.994400
vt 0.477239 0.977864
vt 0.203092 0.704332
vt 0.203226 0.673914
vt 0.433896 0.753165
vt 0.440236 0.743854
vt 0.082579 0.230358
vt 0.922376 0.504107
vt 0.931090 0.491284
vt 0.934134 0.504444
vt 0.909534 0.479608
vt 0.487202 0.974676
vt 0.498824 0.977461
vt 0.488146 0.986057
vt 0.746041 0.456899
vt 0.746041 0.426591
vt 0.772474 0.433983
vt 0.959325 0.837178
vt 0.107026 0.759986
vt 0.344328 0.845677
vt 0.675303 0.918266
vt 0.913556 0.995018
vt 0.638455 0.180271
vt 0.088904 0.516934
vt 0.566653 0.636228
vt 0.090629 0.492560
vt 0.658381 0.499110
vt 0.613551 0.734051
vt 0.245310 0.979290
vt 0.245310 0.994722
vt 0.241666 0.979748
vt 0.083880 0.292268
vt 0.395937 0.759518
vt 0.389919 0.765394
vt 0.389919 0.758906
vt 0.064785 0.911318
vt 0.068537 0.896274
vt 0.499031 0.978271
vt 0.360620 0.982196
vt 0.565121 0.534854
vt 0.544900 0.548982
vt 0.471603 0.682104
vt 0.918443 0.519831
vt 0.262693 0.615149
vt 0.773334 0.018523
vt 0.775636 0.006632
vt 0.784676 0.011946
vt 0.787067 0.003298
vt 0.920920 0.469298
vt 0.936266 0.485973
vt 0.897026 0.458759
vt 0.899719 0.479322
vt 0.312969 0.701348
vt 0.013331 0.896274
vt 0.498824 0.990688
vt 0.647918 0.963224
vt 0.662113 0.981584
vt 0.647918 0.988155
vt 0.584881 0.370901
vt 0.778450 0.943086
vt 0.772551 0.927619
vt 0.786348 0.955519
vt 0.636027 0.169782
vt 0.084338 0.543165
vt 0.071063 0.490441
vt 0.644542 0.693248
vt 0.628397 0.592807
vt 0.066732 0.408132
vt 0.077215 0.386755
vt 0.649926 0.514377
vt 0.643935 0.482507
vt 0.614912 0.739941
vt 0.503841 0.974833
vt 0.511059 0.972832
vt 0.511059 0.994489
vt 0.227749 0.702505
vt 0.079656 0.262220
vt 0.550942 0.530012
vt 0.250614 0.660191
vt 0.068815 0.204322
vt 0.459927 0.693724
vt 0.543665 0.497484
vt 0.172201 0.793091
vt 0.173794 0.789176
vt 0.173794 0.799266
vt 0.911638 0.506479
vt 0.898909 0.505126
vt 0.951755 0.102755
vt 0.945582 0.085896
vt 0.955201 0.096625
vt 0.542901 0.979258
vt 0.547141 0.981332
vt 0.542901 0.995563
vt 0.941205 0.084110
vt 0.955112 0.083593
vt 0.943480 0.071049
vt 0.911858 0.964726
vt 0.258316 0.549161
vt 0.261394 0.535223
vt 0.270093 0.549979
vt 0.587301 0.441517
vt 0.906266 0.345792
vt 0.772551 0.978247
vt 0.764162 0.083470
vt 0.754932 0.092270
vt 0.756527 0.077499
vt 0.563469 0.682617
vt 0.575919 0.714878
vt 0.984202 0.348677
vt 0.993730 0.356794
vt 0.690791 0.917201
vt 0.360620 0.789292
vt 0.812821 0.658935
vt 0.780056 0.626198
vt 0.576749 0.893041
vt 0.562567 0.888356
vt 0.635000 0.571452
vt 0.640446 0.552947
vt 0.973874 0.912199
vt 0.973874 0.895230
vt 0.977399 0.896990
vt 0.087533 0.288379
vt 0.078150 0.275042
vt 0.980322 0.779710
vt 0.989844 0.776020
vt 0.977008 0.795174
vt 0.828963 0.730282
vt 0.817488 0.729911
vt 0.830448 0.714312
vt 0.233226 0.928744
vt 0.235128 0.932350
vt 0.233226 0.940373
vt 0.764162 0.035303
vt 0.773531 0.025288
vt 0.786325 0.018596
vt 0.012930 0.093854
vt 0.324287 0.704453
vt 0.293566 0.607388
vt 0.327934 0.586531
vt 0.848112 0.446467
vt 0.853710 0.447833
vt 0.845235 0.453460
vt 0.838970 0.450584
vt 0.856014 0.430115
vt 0.961826 0.097041
vt 0.768325 0.990734
vt 0.772419 0.975198
vt 0.772419 0.998644
vt 0.944395 0.109048
vt 0.858840 0.438101
vt 0.869643 0.447431
vt 0.861729 0.424170
vt 0.723612 0.982008
vt 0.728034 0.979058
vt 0.728034 0.996041
vt 0.873190 0.438915
vt 0.883565 0.446649
vt 0.741244 0.844444
vt 0.733328 0.834229
vt 0.740775 0.820000
vt 0.846550 0.549028
vt 0.936918 0.900533
vt 0.953802 0.912364
vt 0.935587 0.912428
vt 0.978297 0.589567
vt 0.097685 0.752234
vt 0.103760 0.979048
vt 0.354555 0.817603
vt 0.088810 0.632350
vt 0.982107 0.492377
vt 0.613237 0.171096
vt 0.950055 0.317544
vt 0.941579 0.305444
vt 0.960735 0.314962
vt 0.936266 0.513786
vt 0.954413 0.521512
vt 0.936266 0.533329
vt 0.795217 0.993524
vt 0.786374 0.983772
vt 0.795217 0.969491
vt 0.630838 0.158420
vt 0.642865 0.158089
vt 0.655237 0.523524
vt 0.067535 0.289838
vt 0.989088 0.798084
vt 0.446744 0.815507
vt 0.955203 0.067685
vt 0.950983 0.057442
vt 0.956013 0.061950
vt 0.235855 0.690609
vt 0.507980 0.968267
vt 0.840090 0.763391
vt 0.817060 0.798749
vt 0.838708 0.739087
vt 0.072609 0.237106
vt 0.907284 0.364920
vt 0.920301 0.828585
vt 0.918798 0.801327
vt 0.923638 0.839738
vt 0.059449 0.175415
vt 0.241199 0.984443
vt 0.241666 0.992478
vt 0.239038 0.987870
vt 0.768725 0.033904
vt 0.278197 0.598820
vt 0.314929 0.731118
vt 0.840090 0.714312
vt 0.945255 0.119026
vt 0.951557 0.124472
vt 0.995477 0.901544
vt 0.990585 0.880578
vt 0.995861 0.885085
vt 0.972546 0.298012
vt 0.979755 0.295851
vt 0.977395 0.305313
vt 0.972546 0.289513
vt 0.957815 0.117121
vt 0.830521 0.447937
vt 0.837293 0.437040
vt 0.953381 0.107980
vt 0.480651 0.644138
vt 0.478622 0.632341
vt 0.491478 0.631443
vt 0.489139 0.620850
vt 0.953832 0.070042
vt 0.872945 0.426878
vt 0.881670 0.421081
vt 0.889875 0.435252
vt 0.851212 0.545796
vt 0.268721 0.534187
vt 0.990322 0.946338
vt 0.978423 0.932205
vt 0.990322 0.926845
vt 0.064463 0.934818
vt 0.059325 0.911722
vt 0.896931 0.705361
vt 0.907292 0.699004
vt 0.907292 0.709916
vt 0.049951 0.913306
vt 0.110423 0.786551
vt 0.389296 0.968737
vt 0.754899 0.114246
vt 0.348083 0.868246
vt 0.941579 0.324975
vt 0.601437 0.222982
vt 0.316386 0.891781
vt 0.301594 0.902849
vt 0.293566 0.885417
vt 0.651535 0.831668
vt 0.673502 0.831562
vt 0.676870 0.849010
vt 0.826691 0.885517
vt 0.819225 0.878287
vt 0.836639 0.871792
vt 0.966480 0.528963
vt 0.966480 0.505849
vt 0.980226 0.523850
vt 0.612826 0.187648
vt 0.632880 0.941343
vt 0.615677 0.984210
vt 0.621051 0.965287
vt 0.627696 0.983632
vt 0.641262 0.151312
vt 0.622016 0.138340
vt 0.643472 0.143719
vt 0.012413 0.989305
vt 0.000000 0.973098
vt 0.007323 0.974745
vt 0.001101 0.960585
vt 0.635204 0.134870
vt 0.953549 0.248524
vt 0.954956 0.256800
vt 0.948583 0.259138
vt 0.965217 0.243154
vt 0.070605 0.472000
vt 0.636458 0.029707
vt 0.653960 0.034829
vt 0.641798 0.117016
vt 0.646692 0.018823
vt 0.656015 0.000000
vt 0.659254 0.023233
vt 0.623304 0.001978
vt 0.646246 0.004702
vt 0.646131 0.566393
vt 0.061643 0.355495
vt 0.621884 0.722778
vt 0.415482 0.766282
vt 0.806240 0.458759
vt 0.827299 0.491197
vt 0.798926 0.466859
vt 0.786624 0.056639
vt 0.279314 0.610687
vt 0.798355 0.009510
vt 0.796043 0.000000
vt 0.312139 0.751824
vt 0.320023 0.752227
vt 0.330176 0.737609
vt 0.538157 0.399839
vt 0.514974 0.377551
vt 0.492585 0.331201
vt 0.081832 0.026194
vt 0.937221 0.123031
vt 0.954195 0.133908
vt 0.961826 0.131439
vt 0.475070 0.664010
vt 0.484877 0.646333
vt 0.482440 0.661178
vt 0.825759 0.432165
vt 0.848011 0.417344
vt 0.745747 0.841282
vt 0.148527 0.948314
vt 0.912964 0.009732
vt 0.967183 0.584798
vt 0.360620 0.885417
vt 0.607809 0.199077
vt 0.818066 0.641652
vt 0.432307 0.976034
vt 0.627684 0.965114
vt 0.008605 0.953379
vt 0.563469 0.649838
vt 0.573266 0.652349
vt 0.649075 0.137983
vt 0.072750 0.520256
vt 0.630136 0.098599
vt 0.000000 0.806184
vt 0.010268 0.821475
vt 0.000000 0.885128
vt 0.977834 0.812013
vt 0.950983 0.069427
vt 0.243215 0.701652
vt 0.243743 0.687595
vt 0.900390 0.839738
vt 0.898226 0.515895
vt 0.019842 0.082090
vt 0.337007 0.669018
vt 0.332487 0.627446
vt 0.319584 0.573509
vt 0.478392 0.677505
vt 0.488637 0.659485
vt 0.355944 0.980688
vt 0.357561 0.964305
vt 0.360538 0.963271
vt 0.355944 0.950105
vt 0.896401 0.966124
vt 0.267001 0.518603
vt 0.982453 0.912428
vt 0.959308 0.892612
vt 0.769855 0.445828
vt 0.576916 0.391735
vt 0.097479 0.713922
vt 0.743353 0.072842
vt 0.719610 0.000000
vt 0.826578 0.673375
vt 0.945691 0.336063
vt 0.621245 0.156363
vt 0.603367 0.133831
vt 0.618422 0.129813
vt 0.626266 0.097614
vt 0.619222 0.774733
vt 0.629465 0.794133
vt 0.619748 0.794520
vt 0.629301 0.734728
vt 0.114229 0.979048
vt 0.118133 0.996213
vt 0.114229 0.999648
vt 0.794658 0.051206
vt 0.911428 0.525471
vt 0.726854 0.371294
vt 0.732815 0.383885
vt 0.725988 0.378280
vt 0.005266 0.108646
vt 0.536786 0.435810
vt 0.536563 0.419159
vt 0.546496 0.432819
vt 0.532076 0.405327
vt 0.949189 0.135940
vt 0.168202 0.987726
vt 0.168202 0.968831
vt 0.173843 0.985571
vt 0.498820 0.640951
vt 0.389296 0.965352
vt 0.395733 0.962923
vt 0.390130 0.977142
vt 0.832862 0.418116
vt 0.854861 0.415974
vt 0.878327 0.699005
vt 0.887759 0.699005
vt 0.883270 0.711612
vt 0.140400 0.896804
vt 0.163601 0.900163
vt 0.160870 0.904957
vt 0.364600 0.886971
vt 0.681993 0.867971
vt 0.829655 0.688794
vt 0.827709 0.713284
vt 0.822448 0.660065
vt 0.983701 0.100196
vt 0.989644 0.108745
vt 0.980661 0.117109
vt 0.078862 0.559876
vt 0.627696 0.991062
vt 0.617001 0.149257
vt 0.667860 0.682142
vt 0.018554 0.829857
vt 0.013581 0.789176
vt 0.002098 0.794353
vt 0.290731 0.972137
vt 0.290143 0.965758
vt 0.293153 0.967799
vt 0.989844 0.811741
vt 0.062893 0.250037
vt 0.923947 0.366000
vt 0.920775 0.390021
vt 0.684642 0.379001
vt 0.705407 0.359070
vt 0.709837 0.387850
vt 0.819762 0.496834
vt 0.989844 0.800095
vt 0.997965 0.779210
vt 0.241666 0.979290
vt 0.488633 0.674903
vt 0.935587 0.992620
vt 0.935587 0.967504
vt 0.947173 0.977445
vt 0.496583 0.661029
vt 0.576857 0.388595
vt 0.576857 0.403667
vt 0.575894 0.394808
vt 0.505041 0.624526
vt 0.852758 0.400088
vt 0.760401 0.838436
vt 0.747881 0.832095
vt 0.754780 0.810671
vt 0.895639 0.416150
vt 0.731436 0.812690
vt 0.978297 0.597999
vt 0.978297 0.568725
vt 0.991489 0.582437
vt 0.996701 0.594799
vt 0.991489 0.583398
vt 0.996701 0.568725
vt 0.266836 0.504506
vt 0.286039 0.504389
vt 0.577672 0.361599
vt 0.981053 0.531889
vt 0.077015 0.570969
vt 0.615677 0.946420
vt 0.012413 0.947504
vt 0.955065 0.266839
vt 0.941579 0.276756
vt 0.069378 0.501818
vt 0.011313 0.882158
vt 0.615762 0.021681
vt 0.606722 0.006101
vt 0.638153 0.782760
vt 0.668123 0.509602
vt 0.060995 0.274566
vt 0.519192 0.545316
vt 0.533111 0.516102
vt 0.082764 0.969100
vt 0.099648 0.952305
vt 0.090215 0.963382
vt 0.807848 0.043758
vt 0.764774 0.042920
vt 0.721701 0.370631
vt 0.801958 0.017640
vt 0.320564 0.763168
vt 0.342891 0.756681
vt 0.487062 0.695578
vt 0.471603 0.680857
vt 0.391138 0.960716
vt 0.864824 0.398445
vt 0.689299 0.783595
vt 0.690789 0.794225
vt 0.689299 0.808874
vt 0.992348 0.302552
vt 0.992348 0.282132
vt 0.997987 0.294009
vt 0.372458 0.887744
vt 0.944918 0.000000
vt 0.174059 0.467570
vt 0.179722 0.459277
vt 0.183814 0.470412
vt 0.746841 0.122676
vt 0.289932 0.318415
vt 0.271063 0.329863
vt 0.277005 0.313338
vt 0.960471 0.332198
vt 0.971260 0.326752
vt 0.606714 0.158709
vt 0.293153 0.949204
vt 0.895639 0.423656
vt 0.915823 0.454842
vt 0.928854 0.449750
vt 0.045956 0.230562
vt 0.831817 0.484630
vt 0.846550 0.505530
vt 0.799420 0.070048
vt 0.805279 0.064533
vt 0.825830 0.518585
vt 0.053553 0.205693
vt 0.694017 0.356626
vt 0.050296 0.175720
vt 0.081916 0.951669
vt 0.068537 0.960874
vt 0.784818 0.478595
vt 0.770030 0.049664
vt 0.282620 0.623732
vt 0.537185 0.498282
vt 0.528165 0.485163
vt 0.038539 0.061716
vt 0.057253 0.032494
vt 0.093504 0.019666
vt 0.072452 0.022970
vt 0.689904 0.963146
vt 0.693198 0.951581
vt 0.696493 0.974884
vt 0.687116 0.940051
vt 0.997175 0.925691
vt 0.990322 0.920283
vt 0.990640 0.912428
vt 0.610751 0.961482
vt 0.614383 0.960270
vt 0.615210 0.970866
vt 0.990481 0.975405
vt 0.990481 0.946338
vt 0.996221 0.972566
vt 0.966565 0.636297
vt 0.968607 0.641061
vt 0.961389 0.645472
vt 0.504016 0.640914
vt 0.398382 0.947872
vt 0.757423 0.823299
vt 0.776086 0.832225
vt 0.772574 0.844444
vt 0.729829 0.820412
vt 0.723021 0.814952
vt 0.691662 0.787107
vt 0.697294 0.783214
vt 0.691276 0.798350
vt 0.840090 0.889793
vt 0.836730 0.914295
vt 0.836730 0.871792
vt 0.278003 0.525638
vt 0.271682 0.410327
vt 0.276158 0.340950
vt 0.283624 0.419891
vt 0.990104 0.117109
vt 0.039591 0.794531
vt 0.644493 0.581604
vt 0.673845 0.515269
vt 0.657441 0.464262
vt 0.647714 0.458759
vt 0.567193 0.868218
vt 0.562350 0.868218
vt 0.564590 0.862883
vt 0.780598 0.994235
vt 0.786348 0.978247
vt 0.786348 0.995053
vt 0.781736 0.979251
vt 0.450977 0.809245
vt 0.058369 0.260291
vt 0.522943 0.560679
vt 0.284546 0.979992
vt 0.287147 0.983461
vt 0.284546 0.993260
vt 0.335308 0.765884
vt 0.529086 0.445512
vt 0.339941 0.596040
vt 0.065753 0.023936
vt 0.691748 0.933568
vt 0.171836 0.909152
vt 0.174042 0.904957
vt 0.174042 0.926197
vt 0.070203 0.004819
vt 0.100539 0.000000
vt 0.112688 0.014674
vt 0.990481 0.984188
vt 0.997762 0.975405
vt 0.997762 0.991816
vt 0.611142 0.981486
vt 0.169537 0.995778
vt 0.958537 0.664711
vt 0.495143 0.679470
vt 0.960160 0.634896
vt 0.390348 0.941553
vt 0.873023 0.389541
vt 0.889641 0.410572
vt 0.945507 0.709870
vt 0.913695 0.705087
vt 0.923014 0.693167
vt 0.568623 0.388595
vt 0.575894 0.407947
vt 0.568623 0.440302
vt 0.389814 0.608847
vt 0.398485 0.606307
vt 0.392668 0.609835
vt 0.297374 0.534246
vt 0.157455 0.971857
vt 0.152286 0.985114
vt 0.152286 0.952164
vt 0.366465 0.864145
vt 0.395718 0.881984
vt 0.957279 0.598902
vt 0.932556 0.568354
vt 0.950791 0.580821
vt 0.973103 0.165394
vt 0.970694 0.184781
vt 0.962125 0.176562
vt 0.734726 0.106310
vt 0.724839 0.082379
vt 0.890997 0.908566
vt 0.880858 0.892052
vt 0.896401 0.841008
vt 0.251742 0.979290
vt 0.235218 0.935173
vt 0.336053 0.914214
vt 0.340165 0.899352
vt 0.685540 0.842947
vt 0.618873 0.955008
vt 0.958355 0.341101
vt 0.027516 0.880404
vt 0.675861 0.502087
vt 0.045137 0.344621
vt 0.638650 0.754488
vt 0.618052 0.757486
vt 0.637019 0.741372
vt 0.998676 0.687534
vt 0.996068 0.684063
vt 0.999710 0.681105
vt 0.808390 0.073402
vt 0.274346 0.661575
vt 0.690963 0.353413
vt 0.680780 0.360619
vt 0.275446 0.979992
vt 0.275446 0.993817
vt 0.272303 0.987000
vt 0.899516 0.533329
vt 0.348848 0.698584
vt 0.525950 0.415911
vt 0.515815 0.399826
vt 0.825759 0.395366
vt 0.841698 0.417132
vt 0.878817 0.396946
vt 0.122005 0.891214
vt 0.124754 0.886695
vt 0.395496 0.636354
vt 0.390734 0.631551
vt 0.286660 0.547946
vt 0.286294 0.542089
vt 0.391042 0.738702
vt 0.389814 0.757628
vt 0.389814 0.724797
vt 0.913695 0.672653
vt 0.944161 0.695049
vt 0.196687 0.422990
vt 0.177388 0.445077
vt 0.177523 0.382648
vt 0.201220 0.372908
vt 0.178257 0.346400
vt 0.301629 0.295812
vt 0.690791 0.819531
vt 0.596939 0.182946
vt 0.598416 0.118810
vt 0.036638 0.850990
vt 0.663114 0.476182
vt 0.630668 0.717820
vt 0.996068 0.663314
vt 0.259031 0.702368
vt 0.837444 0.544737
vt 0.790261 0.109298
vt 0.324029 0.954446
vt 0.340165 0.935785
vt 0.340165 0.978724
vt 0.814376 0.534994
vt 0.935587 0.964152
vt 0.939966 0.940549
vt 0.941213 0.965420
vt 0.289314 0.635476
vt 0.897026 0.526836
vt 0.812542 0.012464
vt 0.949975 0.663765
vt 0.951060 0.647421
vt 0.505078 0.667786
vt 0.498685 0.686014
vt 0.510608 0.647132
vt 0.510121 0.628118
vt 0.769994 0.802489
vt 0.741011 0.801423
vt 0.923172 0.689031
vt 0.342266 0.971619
vt 0.355944 0.959041
vt 0.355944 0.986963
vt 0.876859 0.521933
vt 0.268616 0.472706
vt 0.283153 0.485987
vt 0.265471 0.462327
vt 0.286130 0.460464
vt 0.896401 0.940904
vt 0.882184 0.920861
vt 0.274742 0.434954
vt 0.289730 0.439854
vt 0.193923 0.390546
vt 0.709850 0.021652
vt 0.820857 0.652041
vt 0.746041 0.416323
vt 0.757261 0.403200
vt 0.757261 0.425917
vt 0.575507 0.870056
vt 0.968284 0.734984
vt 0.961410 0.742107
vt 0.958206 0.714312
vt 0.959302 0.281733
vt 0.047285 0.401356
vt 0.982171 0.032135
vt 0.991994 0.045168
vt 0.982171 0.060683
vt 0.661094 0.574510
vt 0.247685 0.702936
vt 0.778992 0.082479
vt 0.780678 0.115500
vt 0.811708 0.063691
vt 0.810694 0.505215
vt 0.949851 0.913674
vt 0.071041 0.957578
vt 0.073964 0.951408
vt 0.684873 0.340702
vt 0.687228 0.343134
vt 0.682418 0.349700
vt 0.519188 0.493209
vt 0.354221 0.709994
vt 0.502360 0.377915
vt 0.489562 0.341835
vt 0.691451 0.921336
vt 0.342316 0.574811
vt 0.336397 0.591032
vt 0.323363 0.578190
vt 0.270558 0.996349
vt 0.264574 0.983984
vt 0.270558 0.977939
vt 0.990875 0.997619
vt 0.979755 0.289513
vt 0.981916 0.296581
vt 0.979755 0.302610
vt 0.233226 0.956654
vt 0.226697 0.955664
vt 0.229872 0.938673
vt 0.968607 0.617238
vt 0.389296 0.926429
vt 0.515825 0.639310
vt 0.520780 0.624595
vt 0.783116 0.818104
vt 0.746820 0.801321
vt 0.691723 0.778538
vt 0.394053 0.650963
vt 0.124722 0.860566
vt 0.942550 0.681429
vt 0.888604 0.537680
vt 0.312245 0.945908
vt 0.293566 0.962190
vt 0.300763 0.935785
vt 0.936155 0.871352
vt 0.942374 0.880805
vt 0.365571 0.877792
vt 0.930752 0.364325
vt 0.923923 0.344667
vt 0.940354 0.344667
vt 0.992278 0.070042
vt 0.997699 0.079998
vt 0.992278 0.091813
vt 0.733145 0.096661
vt 0.943566 0.482204
vt 0.966480 0.458759
vt 0.960443 0.480486
vt 0.832463 0.670197
vt 0.763522 0.688199
vt 0.769661 0.680085
vt 0.776400 0.699364
vt 0.644647 0.965114
vt 0.949247 0.291926
vt 0.672502 0.663190
vt 0.590761 0.007279
vt 0.662888 0.785031
vt 0.044865 0.295096
vt 0.823224 0.808693
vt 0.710520 0.357067
vt 0.815078 0.021470
vt 0.333610 0.562507
vt 0.087118 0.000725
vt 0.956558 0.617804
vt 0.946325 0.633722
vt 0.848198 0.377693
vt 0.727890 0.808895
vt 0.716925 0.816095
vt 0.710806 0.799121
vt 0.300317 0.503081
vt 0.290143 0.989929
vt 0.293261 0.972137
vt 0.293261 0.991799
vt 0.286174 0.501999
vt 0.414645 0.970716
vt 0.398511 0.979606
vt 0.398511 0.940845
vt 0.138014 0.985602
vt 0.138014 0.952164
vt 0.152286 0.966364
vt 0.713405 0.041673
vt 0.595746 0.982571
vt 0.576915 0.975665
vt 0.595746 0.960270
vt 0.566259 0.978734
vt 0.576297 0.974311
vt 0.567114 0.988236
vt 0.060484 0.522019
vt 0.051993 0.491039
vt 0.044531 0.475454
vt 0.655064 0.802447
vt 0.034752 0.371409
vt 0.627663 0.705182
vt 0.637727 0.704709
vt 0.043825 0.267096
vt 0.828002 0.551296
vt 0.812813 0.084834
vt 0.824422 0.074607
vt 0.096390 0.939240
vt 0.659254 0.341630
vt 0.721290 0.354185
vt 0.055033 0.027093
vt 0.696493 0.918266
vt 0.055337 0.012322
vt 0.615210 0.991662
vt 0.990322 0.936774
vt 0.504240 0.687105
vt 0.220411 0.928744
vt 0.517617 0.647313
vt 0.877581 0.390285
vt 0.398485 0.651638
vt 0.858512 0.364920
vt 0.846410 0.363746
vt 0.825759 0.353648
vt 0.289952 0.543720
vt 0.362697 0.867592
vt 0.191323 0.490320
vt 0.881015 0.842030
vt 0.872316 0.892300
vt 0.185373 0.317423
vt 0.193893 0.299134
vt 0.307373 0.314406
vt 0.795217 0.987446
vt 0.807028 0.973202
vt 0.790256 0.896493
vt 0.576297 0.993725
vt 0.840090 0.941072
vt 0.851620 0.952096
vt 0.841604 0.962570
vt 0.811735 0.390958
vt 0.825759 0.422896
vt 0.798085 0.405697
vt 0.040028 0.869150
vt 0.688225 0.493453
vt 0.043872 0.305146
vt 0.805048 0.541450
vt 0.665809 0.310999
vt 0.948514 0.954272
vt 0.354316 0.672127
vt 0.363358 0.660401
vt 0.354091 0.598004
vt 0.500260 0.696599
vt 0.220411 0.961305
vt 0.226696 0.969622
vt 0.515143 0.668174
vt 0.970402 0.281795
vt 0.975493 0.267947
vt 0.981926 0.289513
vt 0.705629 0.800780
vt 0.403167 0.854815
vt 0.412464 0.836791
vt 0.424674 0.855994
vt 0.211980 0.445251
vt 0.867897 0.938318
vt 0.590207 0.127834
vt 0.668471 0.580662
vt 0.697294 0.505735
vt 0.254435 0.711542
vt 0.702170 0.345819
vt 0.702654 0.414754
vt 0.695602 0.410703
vt 0.706531 0.407864
vt 0.075856 0.942738
vt 0.694939 0.338015
vt 0.514120 0.414708
vt 0.991930 0.480040
vt 0.997082 0.469436
vt 0.996226 0.485085
vt 0.991930 0.458759
vt 0.338348 0.558835
vt 0.331079 0.549979
vt 0.609380 0.989911
vt 0.488051 0.707608
vt 0.987948 0.741372
vt 0.989255 0.733060
vt 0.995848 0.738312
vt 0.837006 0.384088
vt 0.867631 0.371855
vt 0.965216 0.276948
vt 0.697294 0.711238
vt 0.690055 0.728487
vt 0.690055 0.700994
vt 0.340435 0.978866
vt 0.053341 0.897992
vt 0.204456 0.458251
vt 0.951839 0.205439
vt 0.734619 0.133887
vt 0.308460 0.421187
vt 0.864268 0.854513
vt 0.195564 0.969777
vt 0.220301 0.928744
vt 0.220411 0.969777
vt 0.674977 0.011043
vt 0.572927 0.811952
vt 0.576890 0.837512
vt 0.572927 0.860548
vt 0.284727 0.295860
vt 0.287406 0.278068
vt 0.941579 0.354277
vt 0.565708 0.672503
vt 0.658736 0.766076
vt 0.911816 0.160706
vt 0.926753 0.137886
vt 0.927846 0.149539
vt 0.809922 0.560314
vt 0.937776 0.413608
vt 0.934440 0.447227
vt 0.957533 0.967504
vt 0.776400 0.482134
vt 0.712899 0.348047
vt 0.069658 0.926418
vt 0.828600 0.026337
vt 0.514992 0.440766
vt 0.486293 0.350085
vt 0.049539 0.037638
vt 0.991747 0.704792
vt 0.982239 0.695857
vt 0.987995 0.691209
vt 0.559153 0.864612
vt 0.554676 0.870038
vt 0.554676 0.862883
vt 0.911712 0.578337
vt 0.925394 0.568340
vt 0.920140 0.598224
vt 0.926651 0.587822
vt 0.226002 0.977547
vt 0.524440 0.658262
vt 0.945642 0.642659
vt 0.939144 0.630657
vt 0.946325 0.625909
vt 0.525250 0.641924
vt 0.963877 0.602127
vt 0.972286 0.258991
vt 0.714164 0.789049
vt 0.846729 0.485997
vt 0.312245 0.977162
vt 0.896652 0.525668
vt 0.723611 0.979058
vt 0.723611 0.947378
vt 0.739496 0.958757
vt 0.296030 0.471113
vt 0.208620 0.294292
vt 0.293566 0.935785
vt 0.810992 0.903438
vt 0.195206 0.284323
vt 0.195636 0.272437
vt 0.220034 0.276822
vt 0.982239 0.663314
vt 0.991968 0.685811
vt 0.982239 0.691209
vt 0.798312 0.376326
vt 0.818829 0.365832
vt 0.825402 0.386311
vt 0.672434 0.741730
vt 0.043551 0.279659
vt 0.271891 0.717777
vt 0.803565 0.796846
vt 0.799155 0.126568
vt 0.483694 0.599851
vt 0.025944 0.229620
vt 0.706531 0.457436
vt 0.693502 0.457140
vt 0.707356 0.323270
vt 0.509105 0.481316
vt 0.366547 0.690898
vt 0.345764 0.565133
vt 0.346309 0.556966
vt 0.931626 0.599080
vt 0.502535 0.700171
vt 0.940797 0.662822
vt 0.934308 0.658740
vt 0.941306 0.643564
vt 0.530731 0.634242
vt 0.830502 0.386413
vt 0.944918 0.057442
vt 0.950983 0.063807
vt 0.944918 0.069380
vt 0.694619 0.765192
vt 0.432307 0.980083
vt 0.439062 0.961996
vt 0.448043 0.969562
vt 0.931626 0.559586
vt 0.968420 0.202896
vt 0.859670 0.912508
vt 0.957422 0.495283
vt 0.200920 0.416869
vt 0.294316 0.244816
vt 0.576871 0.682617
vt 0.992353 0.266274
vt 0.981926 0.275321
vt 0.981926 0.243154
vt 0.697294 0.683659
vt 0.031657 0.443354
vt 0.676723 0.808406
vt 0.038969 0.297907
vt 0.653579 0.716922
vt 0.793549 0.184825
vt 0.041169 0.255161
vt 0.568623 0.536517
vt 0.576672 0.534132
vt 0.576672 0.568925
vt 0.962947 0.952665
vt 0.725983 0.342409
vt 0.359232 0.763616
vt 0.507942 0.450691
vt 0.354171 0.581891
vt 0.910001 0.571781
vt 0.351768 0.574321
vt 0.518682 0.681439
vt 0.729703 0.778738
vt 0.309456 0.523330
vt 0.064463 0.896274
vt 0.887247 0.514076
vt 0.897026 0.515761
vt 0.960717 0.859422
vt 0.205620 0.442030
vt 0.302253 0.454257
vt 0.711677 0.106436
vt 0.312739 0.442155
vt 0.852830 0.900274
vt 0.700933 0.075100
vt 0.318865 0.377649
vt 0.809869 0.915123
vt 0.747929 0.387850
vt 0.971554 0.745979
vt 0.967823 0.903957
vt 0.960717 0.896121
vt 0.057752 0.811783
vt 0.643939 0.772971
vt 0.026789 0.323476
vt 0.457710 0.791098
vt 0.037166 0.279140
vt 0.036796 0.273673
vt 0.483089 0.591208
vt 0.119084 0.808999
vt 0.119084 0.845966
vt 0.108291 0.812700
vt 0.673961 0.309662
vt 0.099083 0.929633
vt 0.358720 0.755621
vt 0.368330 0.675521
vt 0.044389 0.039186
vt 0.923893 0.718413
vt 0.912334 0.724440
vt 0.908659 0.714312
vt 0.985376 0.707084
vt 0.027606 0.947504
vt 0.027606 0.960188
vt 0.025610 0.954530
vt 0.354733 0.560791
vt 0.513281 0.694801
vt 0.932968 0.672653
vt 0.526307 0.663777
vt 0.537040 0.638088
vt 0.786374 0.777789
vt 0.973421 0.788612
vt 0.961583 0.802185
vt 0.959325 0.776020
vt 0.852023 0.366108
vt 0.874366 0.373068
vt 0.877395 0.375074
vt 0.741649 0.782548
vt 0.723995 0.792485
vt 0.722797 0.783335
vt 0.865479 0.325054
vt 0.360620 0.857163
vt 0.942501 0.860819
vt 0.299997 0.489969
vt 0.712897 0.089524
vt 0.210486 0.336373
vt 0.321052 0.304243
vt 0.840706 0.655400
vt 0.223798 0.255114
vt 0.836231 0.626198
vt 0.585699 0.116591
vt 0.808121 0.356751
vt 0.037218 0.299476
vt 0.937221 0.127455
vt 0.810879 0.130759
vt 0.276728 0.701304
vt 0.552486 0.979258
vt 0.542901 0.937708
vt 0.565937 0.962224
vt 0.826432 0.095036
vt 0.519622 0.805498
vt 0.526535 0.764177
vt 0.526085 0.814056
vt 0.682059 0.415401
vt 0.686480 0.409372
vt 0.358826 0.751246
vt 0.489188 0.410804
vt 0.903830 0.567986
vt 0.901423 0.562456
vt 0.904815 0.566604
vt 0.968381 0.106575
vt 0.976457 0.104285
vt 0.971132 0.117295
vt 0.533733 0.666045
vt 0.459480 0.877279
vt 0.459480 0.836791
vt 0.461469 0.868704
vt 0.764864 0.788234
vt 0.691276 0.758938
vt 0.576279 0.479263
vt 0.568623 0.453208
vt 0.576279 0.440302
vt 0.417414 0.868047
vt 0.446433 0.961725
vt 0.735732 0.148197
vt 0.735374 0.139829
vt 0.763255 0.135469
vt 0.936299 0.549904
vt 0.951130 0.562866
vt 0.162944 0.992854
vt 0.157981 0.968831
vt 0.319898 0.422590
vt 0.334667 0.362470
vt 0.326997 0.352233
vt 0.359005 0.950105
vt 0.355944 0.921002
vt 0.359005 0.885417
vt 0.214486 0.256121
vt 0.302123 0.234049
vt 0.965217 0.305444
vt 0.047845 0.896274
vt 0.673351 0.586045
vt 0.583236 0.010582
vt 0.670201 0.579800
vt 0.025505 0.353204
vt 0.198298 0.983243
vt 0.204091 0.990653
vt 0.195564 0.993401
vt 0.204276 0.987684
vt 0.933015 0.959054
vt 0.935571 0.939908
vt 0.935571 0.959582
vt 0.902258 0.844289
vt 0.901899 0.841008
vt 0.917172 0.841475
vt 0.670115 0.694463
vt 0.280683 0.727784
vt 0.984513 0.165394
vt 0.986073 0.186134
vt 0.973103 0.169387
vt 0.535592 0.783314
vt 0.537650 0.826680
vt 0.683310 0.419022
vt 0.827170 0.039448
vt 0.757278 0.332408
vt 0.732139 0.360460
vt 0.505749 0.423958
vt 0.458412 0.377175
vt 0.377043 0.651314
vt 0.928686 0.734972
vt 0.927045 0.748984
vt 0.105379 0.983737
vt 0.099648 0.993896
vt 0.099648 0.979048
vt 0.982239 0.712156
vt 0.357747 0.576826
vt 0.928625 0.659963
vt 0.523125 0.685943
vt 0.972671 0.082451
vt 0.980639 0.091226
vt 0.530963 0.660362
vt 0.685494 0.963224
vt 0.686758 0.986798
vt 0.677497 0.990312
vt 0.988900 0.819062
vt 0.996345 0.812013
vt 0.996529 0.828493
vt 0.748317 0.959528
vt 0.742573 0.953620
vt 0.739496 0.945949
vt 0.977527 0.259656
vt 0.691600 0.693248
vt 0.704395 0.792736
vt 0.857004 0.488527
vt 0.867547 0.348295
vt 0.879806 0.337265
vt 0.888587 0.353597
vt 0.893146 0.511139
vt 0.221168 0.478057
vt 0.209099 0.463027
vt 0.693845 0.092837
vt 0.936266 0.500435
vt 0.218631 0.373512
vt 0.678273 0.031416
vt 0.713835 0.988650
vt 0.711253 0.965628
vt 0.723612 0.961854
vt 0.711253 0.945949
vt 0.754738 0.392337
vt 0.752591 0.650225
vt 0.773576 0.634654
vt 0.802390 0.610872
vt 0.871363 0.049099
vt 0.885163 0.034815
vt 0.883376 0.048908
vt 0.923638 0.831636
vt 0.925901 0.838617
vt 0.923638 0.840011
vt 0.736248 0.315826
vt 0.039737 0.047600
vt 0.034828 0.044875
vt 0.923638 0.801327
vt 0.928573 0.813836
vt 0.923638 0.831637
vt 0.906464 0.732566
vt 0.983055 0.702681
vt 0.912636 0.557351
vt 0.929389 0.555236
vt 0.980661 0.081477
vt 0.856132 0.972804
vt 0.862157 0.976339
vt 0.539571 0.648678
vt 0.932949 0.622171
vt 0.946109 0.609679
vt 0.998222 0.050522
vt 0.991994 0.053545
vt 0.991994 0.032135
vt 0.982239 0.684462
vt 0.973055 0.672801
vt 0.977572 0.663314
vt 0.834566 0.374688
vt 0.974206 0.797508
vt 0.747510 0.785703
vt 0.752658 0.785841
vt 0.815113 0.980532
vt 0.807028 0.984741
vt 0.807028 0.969491
vt 0.172201 0.849427
vt 0.317768 0.533397
vt 0.314306 0.497812
vt 0.982172 0.032135
vt 0.982172 0.013253
vt 0.991381 0.022980
vt 0.309691 0.492270
vt 0.308266 0.476330
vt 0.957279 0.533329
vt 0.729752 0.945949
vt 0.695881 0.107732
vt 0.222603 0.412222
vt 0.966480 0.513165
vt 0.335224 0.333212
vt 0.992044 0.372152
vt 0.979411 0.394802
vt 0.979411 0.364920
vt 0.786374 0.903412
vt 0.837045 0.635514
vt 0.025330 0.369197
vt 0.452657 0.836791
vt 0.456306 0.825047
vt 0.896401 0.847674
vt 0.672657 0.420863
vt 0.911816 0.000000
vt 0.903055 0.032182
vt 0.937776 0.432823
vt 0.960183 0.421846
vt 0.960183 0.453512
vt 0.068537 0.921737
vt 0.710327 0.316689
vt 0.376021 0.701791
vt 0.473384 0.363164
vt 0.365657 0.609451
vt 0.524574 0.691303
vt 0.934936 0.647509
vt 0.929098 0.608850
vt 0.448043 0.940845
vt 0.459495 0.965625
vt 0.455947 0.964644
vt 0.897317 0.698712
vt 0.885079 0.686568
vt 0.900089 0.696294
vt 0.471603 0.908806
vt 0.461469 0.887855
vt 0.471603 0.836791
vt 0.872175 0.330859
vt 0.822601 0.456616
vt 0.822601 0.422896
vt 0.825759 0.434905
vt 0.226233 0.426581
vt 0.734669 0.694599
vt 0.854747 0.970391
vt 0.019312 0.320158
vt 0.012320 0.330284
vt 0.004440 0.305516
vt 0.014876 0.310007
vt 0.667021 0.712178
vt 0.471603 0.820036
vt 0.201934 0.981403
vt 0.468904 0.813295
vt 0.812634 0.809833
vt 0.915827 0.849674
vt 0.918235 0.843661
vt 0.903256 0.849188
vt 0.103283 0.856705
vt 0.195564 0.976591
vt 0.174059 0.959327
vt 0.188349 0.934857
vt 0.684457 0.458144
vt 0.923483 0.749478
vt 0.366681 0.586761
vt 0.540563 0.668353
vt 0.978423 0.994008
vt 0.971961 0.976065
vt 0.978423 0.972331
vt 0.929556 0.629634
vt 0.930293 0.623817
vt 0.862179 0.958746
vt 0.677497 0.965541
vt 0.394303 0.765394
vt 0.395936 0.781348
vt 0.394303 0.788673
vt 0.988900 0.838688
vt 0.770736 0.787443
vt 0.996916 0.364920
vt 0.996916 0.389560
vt 0.992044 0.368078
vt 0.290143 0.925052
vt 0.293473 0.944374
vt 0.290143 0.949204
vt 0.707860 0.777159
vt 0.989847 0.007863
vt 0.444413 0.947448
vt 0.249131 0.988107
vt 0.253607 0.979290
vt 0.253607 0.992927
vt 0.214005 0.459673
vt 0.319642 0.458674
vt 0.962737 0.222810
vt 0.849399 0.941072
vt 0.851772 0.930735
vt 0.712024 0.135633
vt 0.213196 0.434803
vt 0.239542 0.386375
vt 0.979743 0.117295
vt 0.979743 0.164617
vt 0.961826 0.140590
vt 0.347631 0.272830
vt 0.202338 0.245874
vt 0.209834 0.239161
vt 0.226225 0.241814
vt 0.840090 0.981871
vt 0.316252 0.235437
vt 0.218240 0.224683
vt 0.202826 0.226809
vt 0.214255 0.217263
vt 0.020919 0.310001
vt 0.937776 0.378408
vt 0.949547 0.393054
vt 0.945174 0.400475
vt 0.947280 0.373391
vt 0.960939 0.370114
vt 0.285561 0.720515
vt 0.872235 0.067431
vt 0.749162 0.311632
vt 0.382495 0.678298
vt 0.520504 0.708735
vt 0.975672 0.969193
vt 0.110592 0.993055
vt 0.110592 0.979048
vt 0.114168 0.986769
vt 0.980306 0.075633
vt 0.836103 0.364920
vt 0.711268 0.772597
vt 0.996582 0.144049
vt 0.996582 0.164979
vt 0.989796 0.154556
vt 0.316218 0.543837
vt 0.322662 0.511707
vt 0.935587 0.847827
vt 0.943073 0.852151
vt 0.222389 0.459498
vt 0.973103 0.230652
vt 0.840090 0.923213
vt 0.836639 0.923788
vt 0.787390 0.917284
vt 0.976920 0.753612
vt 0.973492 0.761230
vt 0.773882 0.402082
vt 0.068537 0.863280
vt 0.065563 0.834291
vt 0.688879 0.786828
vt 0.850564 0.712294
vt 0.851413 0.702636
vt 0.860176 0.709634
vt 0.850564 0.699004
vt 0.899501 0.853043
vt 0.923510 0.133552
vt 0.927076 0.116669
vt 0.973103 0.195413
vt 0.029241 0.236883
vt 0.099192 0.809757
vt 0.675264 0.402836
vt 0.688566 0.299492
vt 0.960471 0.242394
vt 0.960471 0.230651
vt 0.963761 0.241444
vt 0.421077 0.077829
vt 0.410410 0.067606
vt 0.421134 0.073855
vt 0.897026 0.561715
vt 0.214795 0.993363
vt 0.215428 0.969777
vt 0.220069 0.974541
vt 0.854747 0.956139
vt 0.843573 0.369189
vt 0.748487 0.770163
vt 0.911708 0.681435
vt 0.897929 0.676351
vt 0.889764 0.666120
vt 0.572533 0.811952
vt 0.572533 0.759458
vt 0.576890 0.791595
vt 0.223640 0.855021
vt 0.229265 0.851791
vt 0.232863 0.857074
vt 0.939504 0.539428
vt 0.220011 0.464794
vt 0.331252 0.485535
vt 0.323053 0.480405
vt 0.323443 0.468285
vt 0.569975 0.613276
vt 0.568623 0.619607
vt 0.568623 0.606855
vt 0.330447 0.462078
vt 0.328262 0.452208
vt 0.321279 0.444542
vt 0.227501 0.444611
vt 0.659254 0.016554
vt 0.337363 0.261349
vt 0.233644 0.265576
vt 0.958206 0.766101
vt 0.766372 0.623265
vt 0.797879 0.349350
vt 0.187314 0.984437
vt 0.195564 0.995220
vt 0.000000 0.317583
vt 0.918086 0.850991
vt 0.934632 0.858184
vt 0.930399 0.864566
vt 0.921687 0.863201
vt 0.796429 0.600297
vt 0.484870 0.575955
vt 0.816475 0.147024
vt 0.671226 0.417989
vt 0.414282 0.058205
vt 0.417537 0.055587
vt 0.431649 0.064283
vt 0.485727 0.447892
vt 0.484932 0.437757
vt 0.464635 0.370993
vt 0.773873 0.232736
vt 0.774366 0.243154
vt 0.764162 0.243154
vt 0.908161 0.744448
vt 0.220069 0.996281
vt 0.077126 0.969100
vt 0.078188 0.978408
vt 0.068537 0.976150
vt 0.923786 0.632788
vt 0.961826 0.084122
vt 0.969253 0.073377
vt 0.926844 0.617689
vt 0.924313 0.612564
vt 0.549129 0.641074
vt 0.996320 0.835040
vt 0.777423 0.771813
vt 0.644816 0.913841
vt 0.647918 0.925506
vt 0.644816 0.944105
vt 0.767870 0.780683
vt 0.814674 0.995681
vt 0.697294 0.759649
vt 0.429707 0.873573
vt 0.235218 0.860144
vt 0.224504 0.874496
vt 0.437691 0.868620
vt 0.407902 0.993068
vt 0.407902 0.979606
vt 0.411432 0.987921
vt 0.216702 0.855056
vt 0.324886 0.494485
vt 0.432307 0.944467
vt 0.444358 0.940845
vt 0.447964 0.951083
vt 0.576815 0.611899
vt 0.574117 0.619071
vt 0.720433 0.140249
vt 0.235061 0.302746
vt 0.989800 0.455025
vt 0.975656 0.436271
vt 0.989800 0.421846
vt 0.234796 0.283845
vt 0.776400 0.539615
vt 0.960717 0.911320
vt 0.980661 0.096599
vt 0.992278 0.100196
vt 0.576916 0.011847
vt 0.565937 0.923933
vt 0.082175 0.807265
vt 0.081688 0.802204
vt 0.195564 0.928744
vt 0.459151 0.018694
vt 0.453866 0.038610
vt 0.488232 0.424816
vt 0.819431 0.233166
vt 0.819431 0.242038
vt 0.814167 0.235975
vt 0.372526 0.583028
vt 0.537873 0.708024
vt 0.864796 0.966880
vt 0.870384 0.965403
vt 0.980661 0.070042
vt 0.861308 0.951376
vt 0.550659 0.654576
vt 0.961500 0.150034
vt 0.954534 0.164924
vt 0.954534 0.135940
vt 0.860078 0.367947
vt 0.459462 0.889681
vt 0.461469 0.877279
vt 0.461469 0.897489
vt 0.736033 0.992364
vt 0.732100 0.997676
vt 0.732100 0.979058
vt 0.325895 0.486183
vt 0.329086 0.491132
vt 0.960057 0.069900
vt 0.956013 0.066440
vt 0.960057 0.057442
vt 0.723923 0.151551
vt 0.727473 0.161084
vt 0.222594 0.164944
vt 0.298699 0.112294
vt 0.676810 0.583414
vt 0.680641 0.585571
vt 0.748336 0.983242
vt 0.759097 0.975198
vt 0.759097 0.991192
vt 0.877647 0.079907
vt 0.085068 0.870321
vt 0.975655 0.457271
vt 0.960183 0.453847
vt 0.975655 0.421846
vt 0.471603 0.977864
vt 0.471603 0.935938
vt 0.487203 0.941921
vt 0.500075 0.893880
vt 0.484814 0.872296
vt 0.497551 0.884428
vt 0.931626 0.533329
vt 0.913695 0.642958
vt 0.540707 0.664126
vt 0.547347 0.660762
vt 0.547836 0.671632
vt 0.868114 0.952606
vt 0.975702 0.684797
vt 0.739531 0.919621
vt 0.741641 0.941982
vt 0.739221 0.929486
vt 0.961701 0.142672
vt 0.963414 0.823848
vt 0.977008 0.807701
vt 0.768769 0.768095
vt 0.173831 0.965267
vt 0.171836 0.953806
vt 0.173831 0.946304
vt 0.856485 0.475637
vt 0.735030 0.180834
vt 0.716112 0.184768
vt 0.743505 0.158797
vt 0.415361 0.908062
vt 0.720780 0.162965
vt 0.938306 0.841008
vt 0.985085 0.000000
vt 0.953780 0.360005
vt 0.957924 0.354902
vt 0.957924 0.364676
vt 0.701393 0.144279
vt 0.701910 0.133146
vt 0.711878 0.142553
vt 0.696412 0.139844
vt 0.689149 0.819531
vt 0.965236 0.392381
vt 0.965236 0.364920
vt 0.902878 0.868785
vt 0.465091 0.595607
vt 0.828600 0.109597
vt 0.100593 0.917040
vt 0.884615 0.072672
vt 0.074582 0.805658
vt 0.075584 0.789176
vt 0.407017 0.116427
vt 0.398511 0.104075
vt 0.435458 0.093077
vt 0.429880 0.085670
vt 0.438522 0.075316
vt 0.728974 0.304373
vt 0.927146 0.759240
vt 0.389447 0.646669
vt 0.471603 0.874225
vt 0.905769 0.745790
vt 0.533408 0.723570
vt 0.540128 0.674714
vt 0.068537 0.987816
vt 0.074404 0.994382
vt 0.881954 0.697369
vt 0.557307 0.994414
vt 0.553163 0.990230
vt 0.557307 0.979258
vt 0.734643 0.768361
vt 0.441511 0.871408
vt 0.433107 0.877094
vt 0.223070 0.866564
vt 0.334644 0.501469
vt 0.238334 0.464515
vt 0.239764 0.453345
vt 0.248722 0.474167
vt 0.733553 0.666601
vt 0.781451 0.367252
vt 0.769154 0.537139
vt 0.773061 0.536435
vt 0.836963 0.845905
vt 0.825272 0.853842
vt 0.799721 0.187492
vt 0.949950 0.405561
vt 0.674559 0.715063
vt 0.453988 0.609139
vt 0.534931 0.847625
vt 0.996068 0.699637
vt 1.000000 0.687534
vt 1.000000 0.709871
vt 0.659254 0.412991
vt 0.387031 0.686301
vt 0.378079 0.610950
vt 0.501674 0.890418
vt 0.275028 0.757393
vt 0.285666 0.755476
vt 0.278010 0.762010
vt 0.279477 0.747494
vt 0.594047 0.830267
vt 0.582943 0.827524
vt 0.587785 0.820607
vt 0.576916 0.819531
vt 0.174059 0.833589
vt 0.174175 0.820322
vt 0.181665 0.833425
vt 0.859987 0.239490
vt 0.849199 0.229441
vt 0.859987 0.227376
vt 0.861185 0.941072
vt 0.747741 0.933394
vt 0.739496 0.978101
vt 0.715979 0.768408
vt 0.724433 0.768605
vt 0.832978 0.279357
vt 0.335436 0.542061
vt 0.403011 0.887922
vt 0.340236 0.498382
vt 0.446363 0.869834
vt 0.713610 0.160766
vt 0.229797 0.465779
vt 0.246133 0.452023
vt 0.251306 0.458439
vt 0.693261 0.127297
vt 0.263389 0.907332
vt 0.258279 0.868883
vt 0.288236 0.851791
vt 0.683004 0.714758
vt 0.309725 0.984683
vt 0.307945 0.989329
vt 0.306672 0.977162
vt 0.958724 0.396780
vt 0.931014 0.872083
vt 0.659673 0.424808
vt 0.660480 0.387850
vt 0.293184 0.862469
vt 0.289731 0.868463
vt 0.483880 0.898361
vt 0.536562 0.875070
vt 0.558585 0.872296
vt 0.542263 0.883462
vt 0.546985 0.685090
vt 0.913695 0.611949
vt 0.922518 0.602127
vt 0.554332 0.649479
vt 0.874287 0.676759
vt 0.759017 0.767672
vt 0.897781 0.682474
vt 0.889556 0.680447
vt 0.728196 0.763742
vt 0.227712 0.483178
vt 0.219930 0.483493
vt 0.708902 0.161390
vt 0.704292 0.137231
vt 0.718605 0.714312
vt 0.718073 0.677111
vt 0.968188 0.773481
vt 0.737249 0.608824
vt 0.353918 0.200135
vt 0.321083 0.110351
vt 0.306672 0.997364
vt 0.906692 0.879494
vt 0.677680 0.704030
vt 0.460642 0.593485
vt 0.979743 0.154780
vt 0.989796 0.136137
vt 0.423642 0.183333
vt 0.452575 0.152680
vt 0.441034 0.194307
vt 0.543801 0.827484
vt 0.843647 0.692710
vt 0.843647 0.668678
vt 0.846499 0.677977
vt 0.739805 0.994012
vt 0.736033 0.997721
vt 0.736033 0.979058
vt 0.439081 0.092109
vt 0.380415 0.595205
vt 0.528896 0.881674
vt 0.602336 0.837712
vt 0.597181 0.840192
vt 0.552458 0.683130
vt 0.644925 0.954371
vt 0.647918 0.944105
vt 0.647918 0.964877
vt 0.995915 0.533329
vt 0.999814 0.542746
vt 0.995915 0.556274
vt 0.828600 0.236105
vt 0.838786 0.227376
vt 0.838786 0.241812
vt 0.716821 0.945949
vt 0.710705 0.933497
vt 0.714915 0.931623
vt 0.814167 0.242038
vt 0.808349 0.234813
vt 0.814167 0.233618
vt 0.138014 0.984256
vt 0.133663 0.997873
vt 0.133663 0.977416
vt 0.961123 0.601395
vt 0.957279 0.595836
vt 0.961123 0.589568
vt 0.337941 0.533098
vt 0.550093 0.871658
vt 0.546182 0.869050
vt 0.550093 0.862883
vt 0.955158 0.702881
vt 0.970713 0.714219
vt 0.954367 0.711879
vt 0.212605 0.862453
vt 0.436238 0.882469
vt 0.449820 0.879248
vt 0.240161 0.481184
vt 0.248635 0.264034
vt 0.255355 0.268991
vt 0.216748 0.135673
vt 0.226358 0.112769
vt 0.249646 0.935173
vt 0.221771 0.091785
vt 0.688468 0.594879
vt 0.788555 0.284643
vt 0.791241 0.260215
vt 0.813003 0.271983
vt 0.312245 0.986897
vt 0.678218 0.712441
vt 0.997325 0.433232
vt 0.989800 0.448021
vt 0.811926 0.436422
vt 0.822096 0.426591
vt 0.822096 0.453956
vt 0.068537 0.832141
vt 0.458434 0.102140
vt 0.468962 0.146864
vt 0.456686 0.060799
vt 0.853882 0.014776
vt 0.858751 0.007538
vt 0.853936 0.018941
vt 0.847806 0.233685
vt 0.844710 0.241329
vt 0.839828 0.236750
vt 0.978651 0.363993
vt 0.971260 0.360422
vt 0.978651 0.349968
vt 0.701073 0.933741
vt 0.700936 0.940006
vt 0.178705 0.824125
vt 0.865835 0.941677
vt 0.292415 0.821724
vt 0.292415 0.851184
vt 0.275028 0.840747
vt 0.677061 0.977100
vt 0.670428 0.983113
vt 0.662113 0.982733
vt 0.677497 0.963224
vt 0.663260 0.973131
vt 0.846550 0.475381
vt 0.691034 0.848954
vt 0.697040 0.835998
vt 0.697040 0.873609
vt 0.224548 0.898560
vt 0.198253 0.862432
vt 0.210552 0.853449
vt 0.946325 0.714219
vt 0.707290 0.168153
vt 0.447850 0.870596
vt 0.459306 0.867498
vt 0.354255 0.255931
vt 0.763430 0.527648
vt 0.689149 0.731269
vt 0.814050 0.612729
vt 0.457773 0.168934
vt 0.897542 0.072751
vt 0.473984 0.085682
vt 0.484451 0.078755
vt 0.469588 0.035942
vt 0.477843 0.015077
vt 0.389814 0.663371
vt 0.506773 0.898378
vt 0.235218 0.993201
vt 0.235218 0.979290
vt 0.238881 0.988265
vt 0.637339 0.851300
vt 0.619719 0.856226
vt 0.632013 0.830161
vt 0.551668 0.689987
vt 0.587544 0.833299
vt 0.187678 0.826777
vt 0.188620 0.820878
vt 0.677497 0.984456
vt 0.753923 0.761659
vt 0.703552 0.757430
vt 0.969084 0.305206
vt 0.965217 0.289513
vt 0.718168 0.765670
vt 0.719876 0.762476
vt 0.696120 0.166056
vt 0.249274 0.239158
vt 0.757278 0.418498
vt 0.762098 0.386814
vt 0.237759 0.204938
vt 0.744116 0.540156
vt 0.327436 0.123033
vt 0.840090 0.856852
vt 0.821894 0.863680
vt 0.800503 0.845899
vt 0.793118 0.822831
vt 0.420878 0.235983
vt 0.420053 0.230108
vt 0.425864 0.231013
vt 0.921474 0.876196
vt 0.683259 0.712194
vt 0.787982 0.607148
vt 0.875052 0.119459
vt 0.984570 0.209456
vt 0.453715 0.083519
vt 0.444553 0.099170
vt 0.454805 0.096271
vt 0.700616 0.271023
vt 0.450863 0.442106
vt 0.288236 0.892230
vt 0.990585 0.879996
vt 0.990585 0.908158
vt 0.977818 0.902153
vt 0.928686 0.797002
vt 0.278037 0.769912
vt 0.904916 0.761417
vt 0.193684 0.832532
vt 0.792577 0.242038
vt 0.794888 0.233375
vt 0.800845 0.241057
vt 0.706578 0.928041
vt 0.800845 0.233941
vt 0.182883 0.812055
vt 0.561911 0.986041
vt 0.561888 0.979258
vt 0.565937 0.988584
vt 0.460696 0.980050
vt 0.785222 0.758513
vt 0.782207 0.764663
vt 0.997307 0.144049
vt 0.989796 0.136853
vt 0.997307 0.117295
vt 0.712343 0.760089
vt 0.907329 0.655371
vt 0.913695 0.645976
vt 0.913014 0.649916
vt 0.407613 0.915254
vt 0.187129 0.899932
vt 0.706137 0.174346
vt 0.203107 0.865842
vt 0.437374 0.892087
vt 0.355702 0.233857
vt 0.234479 0.100152
vt 0.690008 0.584752
vt 0.961308 0.879731
vt 0.966904 0.882384
vt 0.977818 0.895230
vt 0.235082 0.064975
vt 0.236048 0.041509
vt 0.237373 0.025283
vt 0.782214 0.196875
vt 0.793284 0.191190
vt 0.807137 0.626198
vt 0.795402 0.611297
vt 0.793173 0.609925
vt 0.955471 0.411296
vt 0.425475 0.226168
vt 0.418828 0.225367
vt 0.960099 0.421846
vt 0.424139 0.215880
vt 0.868538 0.711413
vt 0.868538 0.699004
vt 0.878327 0.702499
vt 0.076313 0.859486
vt 0.510479 0.838188
vt 0.480385 0.007185
vt 0.498354 0.007723
vt 0.506638 0.903266
vt 0.511128 0.910900
vt 0.548057 0.018772
vt 0.543685 0.009518
vt 0.556287 0.000000
vt 0.849199 0.227376
vt 0.970566 0.828028
vt 0.995244 0.167592
vt 0.998732 0.165394
vt 0.998732 0.193893
vt 0.766073 0.746512
vt 0.732179 0.738442
vt 0.870708 0.472379
vt 0.698946 0.173946
vt 0.709960 0.621758
vt 0.778176 0.298002
vt 0.244972 0.878027
vt 0.971961 0.979653
vt 0.962948 0.993452
vt 0.962948 0.969193
vt 0.792342 0.200298
vt 0.985247 0.657840
vt 0.989317 0.654356
vt 0.991383 0.663148
vt 0.443844 0.215919
vt 0.983845 0.997635
vt 0.978423 0.985508
vt 0.983845 0.978184
vt 0.901525 0.048101
vt 0.908570 0.100744
vt 0.491425 0.109736
vt 0.272303 0.979992
vt 0.277850 0.952936
vt 0.290112 0.960059
vt 0.493071 0.060915
vt 0.272303 0.935173
vt 0.478354 0.054503
vt 0.498271 0.020953
vt 0.451089 0.427027
vt 0.852018 0.029826
vt 0.847778 0.015783
vt 0.860521 0.000000
vt 0.558585 0.888075
vt 0.602253 0.858866
vt 0.193559 0.840748
vt 0.201419 0.840180
vt 0.944587 0.242467
vt 0.944587 0.229577
vt 0.950283 0.234858
vt 0.119084 0.977493
vt 0.126143 0.977416
vt 0.119084 0.987448
vt 0.710656 0.923581
vt 0.187084 0.812336
vt 0.451312 0.979751
vt 0.744203 0.910323
vt 0.875395 0.664468
vt 0.234908 0.992370
vt 0.232411 0.980216
vt 0.234908 0.977547
vt 0.843647 0.694670
vt 0.840706 0.697955
vt 0.840706 0.626198
vt 0.848639 0.460842
vt 0.217299 0.917176
vt 0.235218 0.907297
vt 0.352092 0.142371
vt 0.780987 0.209615
vt 0.979816 0.652383
vt 0.960057 0.061535
vt 0.963378 0.058107
vt 0.963378 0.069900
vt 0.904516 0.886288
vt 0.881644 0.165394
vt 0.936994 0.104373
vt 0.897965 0.134766
vt 0.488907 0.158248
vt 0.659254 0.284001
vt 0.442618 0.399861
vt 0.280320 0.781871
vt 0.492107 0.910469
vt 0.525574 0.901563
vt 0.171836 0.946304
vt 0.171836 0.926197
vt 0.174001 0.937665
vt 0.697294 0.930689
vt 0.124271 0.991087
vt 0.718479 0.920212
vt 0.561561 0.990586
vt 0.395735 0.909898
vt 0.398280 0.897072
vt 0.398280 0.918974
vt 0.937920 0.229577
vt 0.944587 0.235360
vt 0.937920 0.241119
vt 0.559022 0.656937
vt 0.750794 0.744660
vt 0.966522 0.063028
vt 0.963378 0.069552
vt 0.119084 0.835248
vt 0.398511 0.906666
vt 0.880419 0.310522
vt 0.527671 0.985509
vt 0.511129 0.979681
vt 0.527671 0.968118
vt 0.456836 0.618895
vt 0.293566 0.745243
vt 0.948766 0.198812
vt 0.920384 0.165394
vt 0.951839 0.186385
vt 0.292614 0.892406
vt 0.474354 0.921532
vt 0.556730 0.705781
vt 0.580726 0.852388
vt 0.800845 0.232708
vt 0.808349 0.235446
vt 0.800845 0.242038
vt 0.781611 0.751302
vt 0.997790 0.663148
vt 0.991383 0.660066
vt 0.997086 0.658011
vt 0.898174 0.650137
vt 0.969950 0.004892
vt 0.982172 0.040114
vt 0.976042 0.048125
vt 0.992277 0.096514
vt 0.997069 0.091813
vt 0.997359 0.101914
vt 0.723577 0.603234
vt 0.760090 0.348223
vt 0.245339 0.170708
vt 0.756520 0.522913
vt 0.242429 0.088245
vt 0.800152 0.197803
vt 0.930905 0.883612
vt 0.432333 0.233441
vt 0.439752 0.235953
vt 0.441290 0.606624
vt 0.282969 0.738950
vt 0.447959 0.209540
vt 0.428709 0.195694
vt 0.795781 0.440508
vt 0.477703 0.071907
vt 0.513142 0.017543
vt 0.514032 0.007335
vt 0.287055 0.790143
vt 0.728034 0.986206
vt 0.732101 0.979058
vt 0.732101 0.997410
vt 0.522407 0.889509
vt 0.631286 0.880985
vt 0.549227 0.723078
vt 0.194893 0.824092
vt 0.565937 0.994254
vt 0.730808 0.898817
vt 0.456384 0.982765
vt 0.817118 0.982560
vt 0.824579 0.976559
vt 0.824579 0.998027
vt 0.896654 0.625790
vt 0.902111 0.621934
vt 0.911840 0.642082
vt 0.171961 0.838420
vt 0.702523 0.187555
vt 0.913330 0.704799
vt 0.907292 0.714089
vt 0.274761 0.205722
vt 0.262200 0.212810
vt 0.367287 0.187497
vt 0.793299 0.232540
vt 0.446852 0.616009
vt 0.986846 0.645673
vt 0.990362 0.645433
vt 0.784223 0.609821
vt 0.904312 0.896001
vt 0.286836 0.747494
vt 0.897483 0.163635
vt 0.682552 0.277303
vt 0.978072 0.873623
vt 0.508381 0.924437
vt 0.515152 0.898046
vt 0.512275 0.904031
vt 0.850269 0.041731
vt 0.837793 0.053519
vt 0.568175 0.015832
vt 0.837979 0.036802
vt 0.549508 0.906147
vt 0.637885 0.875889
vt 0.697656 0.918990
vt 0.982239 0.713601
vt 0.933222 0.974204
vt 0.935571 0.980687
vt 0.995848 0.714312
vt 0.999442 0.738285
vt 0.995848 0.739600
vt 0.861424 0.683683
vt 0.858573 0.675890
vt 0.871614 0.681702
vt 0.896110 0.633260
vt 0.877068 0.295407
vt 0.424043 0.913522
vt 0.781481 0.232606
vt 0.783979 0.243154
vt 0.254165 0.203611
vt 0.460896 0.940555
vt 0.759507 0.315543
vt 0.358440 0.149593
vt 0.346381 0.106963
vt 0.772372 0.268627
vt 0.807224 0.206916
vt 0.807579 0.196484
vt 0.930922 0.893970
vt 0.435903 0.596677
vt 0.546182 0.872296
vt 0.527636 0.868589
vt 0.504846 0.868917
vt 0.923471 0.188233
vt 0.497146 0.073767
vt 0.791533 0.232606
vt 0.792577 0.237532
vt 0.786784 0.232782
vt 0.498814 0.930518
vt 0.480197 0.919707
vt 0.739636 0.905192
vt 0.330034 0.986215
vt 0.334220 0.978724
vt 0.334220 0.999311
vt 0.860176 0.713797
vt 0.860176 0.701396
vt 0.867667 0.708739
vt 0.779823 0.748655
vt 0.892751 0.659241
vt 0.883923 0.643664
vt 0.897510 0.655757
vt 0.200467 0.903420
vt 0.992277 0.114830
vt 0.244628 0.101920
vt 0.696579 0.583301
vt 0.810634 0.194354
vt 0.921779 0.898635
vt 0.923808 0.099670
vt 0.077851 0.921737
vt 0.464353 0.201742
vt 0.511542 0.097009
vt 0.432674 0.449939
vt 0.438442 0.402272
vt 0.900389 0.784754
vt 0.511128 0.923933
vt 0.541229 0.913824
vt 0.121811 0.994453
vt 0.730254 0.451845
vt 0.740619 0.438472
vt 0.746041 0.449060
vt 0.711403 0.910086
vt 0.183139 0.810954
vt 0.182382 0.801249
vt 0.189858 0.807590
vt 0.175178 0.783051
vt 0.187817 0.778871
vt 0.174059 0.804253
vt 0.959325 0.834232
vt 0.886644 0.656798
vt 0.992948 0.641352
vt 0.997790 0.642586
vt 0.887554 0.640371
vt 0.718166 0.738656
vt 0.858845 0.458759
vt 0.721422 0.210921
vt 0.703075 0.586596
vt 0.235218 0.851791
vt 0.761821 0.278709
vt 0.963203 0.870318
vt 0.575371 0.923933
vt 0.576749 0.943824
vt 0.566259 0.934573
vt 0.991383 0.638585
vt 0.776400 0.612681
vt 0.451717 0.218381
vt 0.465870 0.209557
vt 0.912913 0.984115
vt 0.896401 0.968733
vt 0.912913 0.966124
vt 0.513054 0.050639
vt 0.507074 0.037044
vt 0.279560 0.797230
vt 0.779320 0.985281
vt 0.772551 0.993620
vt 0.854992 0.057382
vt 0.850021 0.048356
vt 0.864437 0.061155
vt 0.290451 0.766035
vt 0.293566 0.786086
vt 0.471603 0.927001
vt 0.587467 0.861709
vt 0.722840 0.907100
vt 0.182880 0.778453
vt 0.448043 0.985486
vt 0.961662 0.837178
vt 0.968544 0.834758
vt 0.567934 0.860395
vt 0.563630 0.862883
vt 0.564312 0.853511
vt 0.175980 0.898795
vt 0.443815 0.927885
vt 0.446814 0.883987
vt 0.372842 0.143131
vt 0.250911 0.135916
vt 0.720218 0.547074
vt 0.338223 0.090822
vt 0.756702 0.499012
vt 0.767196 0.524589
vt 0.256023 0.062848
vt 0.824579 0.995838
vt 0.832565 0.986102
vt 0.807323 0.867952
vt 0.786374 0.830222
vt 0.037623 0.980302
vt 0.027708 0.984335
vt 0.036564 0.974311
vt 0.990481 0.958411
vt 0.978423 0.946338
vt 0.987710 0.947919
vt 0.089587 0.920443
vt 0.904050 0.161725
vt 0.473648 0.191258
vt 0.434024 0.398155
vt 0.426902 0.388854
vt 0.431165 0.389589
vt 0.600281 0.976717
vt 0.596728 0.975118
vt 0.595746 0.972128
vt 0.603089 0.965817
vt 0.608368 0.973625
vt 0.547604 0.045943
vt 0.422257 0.984026
vt 0.430564 0.976034
vt 0.430564 0.995579
vt 0.856876 0.087064
vt 0.862450 0.071213
vt 0.507517 0.935938
vt 0.548289 0.922663
vt 0.539221 0.922094
vt 0.866450 0.992505
vt 0.870384 0.978770
vt 0.870384 0.999757
vt 0.201236 0.817770
vt 0.195584 0.820083
vt 0.195795 0.795675
vt 0.573808 0.524968
vt 0.576864 0.520692
vt 0.576864 0.530362
vt 0.857274 0.669050
vt 0.737766 0.731794
vt 0.727895 0.737595
vt 0.964297 0.601544
vt 0.961123 0.600197
vt 0.964297 0.589568
vt 0.946533 0.664711
vt 0.700627 0.604453
vt 0.960717 0.860734
vt 0.243977 0.052964
vt 0.243760 0.056902
vt 0.235622 0.027055
vt 0.570118 0.944265
vt 0.985946 0.957620
vt 0.510892 0.956249
vt 0.503841 0.958288
vt 0.509489 0.935938
vt 0.920384 0.226139
vt 0.665041 0.243154
vt 0.412728 0.410168
vt 0.783979 0.242038
vt 0.791982 0.242038
vt 0.602705 0.990180
vt 0.600353 0.981805
vt 0.609380 0.987002
vt 0.526528 0.048640
vt 0.919625 0.801327
vt 0.428009 0.384888
vt 0.287878 0.801748
vt 0.718105 0.425520
vt 0.572062 0.850037
vt 0.575074 0.534132
vt 0.863480 0.663664
vt 0.865352 0.658809
vt 0.741191 0.725850
vt 0.730809 0.528480
vt 0.742255 0.519496
vt 0.774297 0.247458
vt 0.889779 0.945718
vt 0.889779 0.970894
vt 0.870384 0.941072
vt 0.422475 0.609573
vt 0.930926 0.085028
vt 0.911816 0.161707
vt 0.720232 0.264696
vt 0.417535 0.432950
vt 0.275028 0.821724
vt 0.286033 0.807154
vt 0.551397 0.044430
vt 0.609380 0.960270
vt 0.601046 0.960451
vt 0.866163 0.978770
vt 0.862715 0.989655
vt 0.860422 0.978770
vt 0.205836 0.803425
vt 0.721877 0.897358
vt 0.329950 0.990206
vt 0.324029 0.987231
vt 0.329950 0.978724
vt 0.872132 0.656964
vt 0.178765 0.976591
vt 0.187314 0.976591
vt 0.180780 0.993812
vt 0.886678 0.292127
vt 0.274665 0.178458
vt 0.355337 0.099058
vt 0.873447 0.962555
vt 0.041358 0.966536
vt 0.984202 0.330958
vt 0.984202 0.305444
vt 0.994026 0.330835
vt 0.570269 0.957567
vt 0.932954 0.905776
vt 0.922299 0.915238
vt 0.387953 0.776410
vt 0.384211 0.769519
vt 0.394267 0.774941
vt 0.918129 0.909363
vt 0.920221 0.090611
vt 0.514367 0.114019
vt 0.411965 0.401076
vt 0.425361 0.382342
vt 0.012413 0.963295
vt 0.022912 0.947504
vt 0.025610 0.949348
vt 0.908028 0.794495
vt 0.982107 0.508604
vt 0.986480 0.492377
vt 0.991999 0.500134
vt 0.841621 0.066437
vt 0.647918 0.888070
vt 0.631975 0.897448
vt 0.548062 0.743491
vt 0.542868 0.741855
vt 0.625247 0.899356
vt 0.563469 0.756690
vt 0.986073 0.165394
vt 0.995243 0.184677
vt 0.986073 0.191572
vt 0.215700 0.831111
vt 0.740783 0.897524
vt 0.853365 0.674959
vt 0.774854 0.736893
vt 0.876254 0.651582
vt 0.707937 0.221248
vt 0.430199 0.934430
vt 0.367436 0.517347
vt 0.205441 0.920097
vt 0.693283 0.213007
vt 0.662280 0.204844
vt 0.694938 0.174341
vt 0.388487 0.080410
vt 0.792834 0.871792
vt 0.786374 0.969491
vt 0.786374 0.923788
vt 0.817118 0.946357
vt 0.555015 0.050913
vt 0.411732 0.406185
vt 0.561502 0.051062
vt 0.563076 0.046965
vt 0.568437 0.074768
vt 0.991999 0.524033
vt 0.845715 0.084394
vt 0.842197 0.063863
vt 0.848378 0.077819
vt 0.966874 0.933812
vt 0.962948 0.919209
vt 0.971708 0.912428
vt 0.990494 0.285631
vt 0.983844 0.275321
vt 0.991374 0.282234
vt 0.863958 0.993828
vt 0.839512 0.058763
vt 0.605798 0.878982
vt 0.576916 0.876589
vt 0.192968 0.768305
vt 0.725058 0.889703
vt 0.894330 0.711949
vt 0.896931 0.699005
vt 0.563440 0.843156
vt 0.559721 0.853007
vt 0.559759 0.839353
vt 0.858654 0.662203
vt 0.749983 0.730522
vt 0.881148 0.639449
vt 0.958364 0.670056
vt 0.757278 0.263355
vt 0.033668 0.957390
vt 0.900887 0.909461
vt 0.458909 0.223971
vt 0.922280 0.076385
vt 0.709035 0.245878
vt 0.995899 0.860589
vt 0.991395 0.857457
vt 0.996506 0.841008
vt 0.293473 0.918924
vt 0.288236 0.925052
vt 0.288236 0.892406
vt 0.025610 0.986193
vt 0.963617 0.940095
vt 0.969401 0.946996
vt 0.889910 0.996645
vt 0.889910 0.970232
vt 0.896381 0.971994
vt 0.572062 0.869285
vt 0.567193 0.869285
vt 0.569891 0.862883
vt 0.992348 0.301298
vt 0.992348 0.290100
vt 0.845369 0.076931
vt 0.834455 0.055102
vt 0.644189 0.894036
vt 0.558621 0.756691
vt 0.563469 0.713353
vt 0.221221 0.810091
vt 0.746041 0.423409
vt 0.326364 0.994544
vt 0.994234 0.195112
vt 0.994234 0.209342
vt 0.986073 0.199382
vt 0.867317 0.650171
vt 0.422933 0.939316
vt 0.391184 0.758906
vt 0.391184 0.724797
vt 0.398397 0.738679
vt 0.671694 0.218033
vt 0.720732 0.535063
vt 0.375305 0.072632
vt 0.253771 0.050382
vt 0.965906 0.855061
vt 0.242404 0.022008
vt 0.839917 0.997031
vt 0.832662 0.983894
vt 0.839917 0.976559
vt 0.226728 0.021330
vt 0.242634 0.019134
vt 0.334220 0.993947
vt 0.340165 0.986951
vt 0.422887 0.600291
vt 0.547141 0.984982
vt 0.551286 0.979258
vt 0.551697 0.985492
vt 0.382951 0.782789
vt 0.453984 0.245128
vt 0.495580 0.200312
vt 0.845630 0.668678
vt 0.843647 0.638377
vt 0.845630 0.626198
vt 0.518957 0.083054
vt 0.947721 0.995427
vt 0.947721 0.967504
vt 0.952241 0.985386
vt 0.828137 0.237381
vt 0.825759 0.242392
vt 0.825759 0.232619
vt 0.978423 0.930729
vt 0.259091 0.998233
vt 0.253607 0.993233
vt 0.546042 0.764006
vt 0.531318 0.753368
vt 0.706531 0.444606
vt 0.714398 0.456899
vt 0.720501 0.883720
vt 0.852446 0.661050
vt 0.763095 0.729137
vt 0.126452 0.794995
vt 0.167679 0.818099
vt 0.364876 0.539153
vt 0.358334 0.530344
vt 0.982172 0.000000
vt 0.280354 0.127779
vt 0.281581 0.158904
vt 0.966264 0.849633
vt 0.977818 0.846073
vt 0.974867 0.841008
vt 0.425557 0.620184
vt 0.400883 0.620850
vt 0.569516 0.966694
vt 0.935587 0.913520
vt 0.110592 0.991236
vt 0.105379 0.995356
vt 0.105379 0.979048
vt 0.035868 0.952401
vt 0.919427 0.916481
vt 0.929406 0.232820
vt 0.937920 0.230402
vt 0.985783 0.969350
vt 0.914346 0.077985
vt 0.510892 0.966879
vt 0.770032 0.925057
vt 0.761954 0.909776
vt 0.784987 0.927619
vt 0.778635 0.904005
vt 0.988497 0.602127
vt 0.989965 0.625878
vt 0.979816 0.617500
vt 0.168444 0.951862
vt 0.171836 0.911802
vt 0.171836 0.968831
vt 0.851380 0.090880
vt 0.847152 0.102234
vt 0.845596 0.095206
vt 0.861823 0.093469
vt 0.855468 0.099424
vt 0.574697 0.073223
vt 0.836611 0.095883
vt 0.839622 0.065215
vt 0.567334 0.044972
vt 0.986663 0.302552
vt 0.981926 0.292260
vt 0.828600 0.065233
vt 0.566404 0.042654
vt 0.576916 0.031191
vt 0.265016 0.851791
vt 0.222121 0.843622
vt 0.258056 0.847279
vt 0.999284 0.236942
vt 0.996212 0.226931
vt 0.999284 0.209456
vt 0.740480 0.410663
vt 0.732607 0.881242
vt 0.956532 0.230651
vt 0.960471 0.233911
vt 0.956532 0.242877
vt 0.748336 0.893144
vt 0.859578 0.654999
vt 0.935587 0.938000
vt 0.933015 0.939908
vt 0.933015 0.920343
vt 0.885192 0.617745
vt 0.895828 0.614804
vt 0.885797 0.629497
vt 0.960662 0.057442
vt 0.957888 0.035289
vt 0.969950 0.047496
vt 0.166836 0.798749
vt 0.172201 0.811517
vt 0.981970 0.559173
vt 0.990561 0.533329
vt 0.990561 0.568725
vt 0.713499 0.510627
vt 0.258333 0.053734
vt 0.767343 0.243154
vt 0.697294 0.742039
vt 0.694795 0.747428
vt 0.689364 0.755046
vt 0.694190 0.728487
vt 0.551497 0.994128
vt 0.547141 0.989293
vt 0.911816 0.070042
vt 0.473121 0.227679
vt 0.475036 0.221359
vt 0.505492 0.968268
vt 0.980891 0.305444
vt 0.979108 0.316460
vt 0.971260 0.319479
vt 0.943641 0.229458
vt 0.411474 0.439522
vt 0.541181 0.080738
vt 0.407741 0.418698
vt 0.996506 0.868308
vt 0.965006 0.957768
vt 0.974798 0.955611
vt 0.556659 0.048259
vt 0.976396 0.919831
vt 0.210574 0.786267
vt 0.201597 0.764984
vt 0.199852 0.761836
vt 0.932889 0.992291
vt 0.923670 0.991067
vt 0.929504 0.983666
vt 0.562403 0.823996
vt 0.741604 0.881122
vt 0.992938 0.191572
vt 0.714568 0.727120
vt 0.882334 0.266200
vt 0.299340 0.118730
vt 0.978297 0.549612
vt 0.275128 0.058884
vt 0.770385 0.458759
vt 0.265816 0.058482
vt 0.388488 0.064823
vt 0.398511 0.060864
vt 0.391952 0.050974
vt 0.386305 0.055678
vt 0.981468 0.771389
vt 0.976920 0.774282
vt 0.976920 0.761479
vt 0.566259 0.974311
vt 0.574855 0.973376
vt 0.233953 0.014767
vt 0.245691 0.005541
vt 0.956404 0.739657
vt 0.958206 0.754640
vt 0.956149 0.764896
vt 0.878129 0.996963
vt 0.870384 0.996963
vt 0.876440 0.970894
vt 0.988791 0.971539
vt 0.978423 0.976505
vt 0.371340 0.766908
vt 0.951839 0.242559
vt 0.951839 0.230651
vt 0.956532 0.234546
vt 0.471603 0.865466
vt 0.471676 0.858604
vt 0.401043 0.427258
vt 0.845124 0.114056
vt 0.841186 0.113201
vt 0.596097 0.883591
vt 0.226906 0.817182
vt 0.995725 0.215460
vt 0.855758 0.649388
vt 0.398511 0.985521
vt 0.401906 0.979606
vt 0.401906 0.993670
vt 0.865834 0.648193
vt 0.894444 0.608141
vt 0.720747 0.725214
vt 0.841807 0.260738
vt 0.157573 0.796349
vt 0.697294 0.567656
vt 0.700293 0.550887
vt 0.708610 0.530658
vt 0.311059 0.075783
vt 0.345207 0.071410
vt 0.929281 0.752401
vt 0.937147 0.771449
vt 0.928686 0.781057
vt 0.697294 0.756688
vt 0.942795 0.770273
vt 0.941215 0.735674
vt 0.263394 0.039613
vt 0.405308 0.992752
vt 0.401906 0.990360
vt 0.405308 0.979606
vt 0.398511 0.610685
vt 0.027708 0.947504
vt 0.909260 0.164296
vt 0.983268 0.978184
vt 0.919021 0.920343
vt 0.896401 0.917388
vt 0.984202 0.329329
vt 0.971260 0.334614
vt 0.492233 0.216117
vt 0.979816 0.638585
vt 0.475994 0.867858
vt 0.536626 0.135414
vt 0.157981 0.928388
vt 0.547546 0.104776
vt 0.344205 0.926119
vt 0.340165 0.885417
vt 0.348412 0.910427
vt 0.856396 0.133816
vt 0.849024 0.131015
vt 0.570098 0.088720
vt 0.245078 0.836810
vt 0.604315 0.886826
vt 0.217369 0.793227
vt 0.726149 0.878471
vt 0.722498 0.877944
vt 0.846550 0.657263
vt 0.848194 0.650617
vt 0.565833 0.837155
vt 0.944986 0.364154
vt 0.947582 0.354431
vt 0.949691 0.364154
vt 0.867609 0.640423
vt 0.731781 0.726438
vt 0.726038 0.721219
vt 0.196451 0.919978
vt 0.195814 0.911143
vt 0.459306 0.929557
vt 0.454402 0.931835
vt 0.288366 0.088822
vt 0.357961 0.055908
vt 0.690944 0.758939
vt 0.987678 0.764159
vt 0.980898 0.757015
vt 0.322675 0.951399
vt 0.318629 0.956400
vt 0.318563 0.948518
vt 0.323692 0.935785
vt 0.300304 0.983283
vt 0.306667 0.977162
vt 0.306667 0.996883
vt 0.249131 0.987299
vt 0.245310 0.994266
vt 0.371850 0.779566
vt 0.119084 0.977416
vt 0.123912 0.962706
vt 0.138014 0.959365
vt 0.138014 0.977055
vt 0.937221 0.163642
vt 0.937221 0.139983
vt 0.950306 0.148009
vt 0.395299 0.567550
vt 0.389814 0.604095
vt 0.394529 0.549979
vt 0.871363 0.175447
vt 0.857318 0.167600
vt 0.860798 0.152749
vt 0.160386 0.904957
vt 0.353977 0.904306
vt 0.345361 0.929911
vt 0.574079 0.352894
vt 0.568623 0.346837
vt 0.576164 0.331201
vt 0.403722 0.408637
vt 0.225517 0.799158
vt 0.730944 0.399130
vt 0.209192 0.755621
vt 0.931347 0.974489
vt 0.861145 0.638882
vt 0.422257 0.976034
vt 0.419758 0.982671
vt 0.414645 0.982297
vt 0.881418 0.606871
vt 0.966514 0.034496
vt 0.289039 0.112054
vt 0.307016 0.109188
vt 0.333378 0.066967
vt 0.272053 0.047793
vt 0.349741 0.038483
vt 0.253390 0.014771
vt 0.984565 0.773940
vt 0.951248 0.731871
vt 0.323692 0.962907
vt 0.373340 0.795141
vt 0.477785 0.258574
vt 0.488190 0.242871
vt 0.982922 0.349968
vt 0.774508 0.875696
vt 0.780051 0.873334
vt 0.480494 0.872296
vt 0.522564 0.179942
vt 0.389817 0.552256
vt 0.866979 0.180305
vt 0.569005 0.384820
vt 0.575787 0.372630
vt 0.576164 0.388595
vt 0.220411 0.996487
vt 0.220411 0.977547
vt 0.226598 0.983827
vt 0.854725 0.138209
vt 0.398511 0.420098
vt 0.557307 0.994207
vt 0.561561 0.986748
vt 0.995155 0.209456
vt 0.995725 0.220997
vt 0.991140 0.213056
vt 0.761978 0.966630
vt 0.772551 0.966074
vt 0.767674 0.975198
vt 0.711455 0.872446
vt 0.714681 0.871455
vt 0.558765 0.821535
vt 0.553360 0.826701
vt 0.866591 0.630944
vt 0.121295 0.805297
vt 0.198245 0.928744
vt 0.299857 0.093556
vt 0.269122 0.042150
vt 0.257464 0.011275
vt 0.457717 0.252142
vt 0.465077 0.260533
vt 0.381382 0.803703
vt 0.381747 0.793746
vt 0.878288 0.970894
vt 0.881153 0.984340
vt 0.878288 0.984898
vt 0.256934 0.007329
vt 0.252072 0.000000
vt 0.312245 0.949536
vt 0.360620 0.774248
vt 0.127132 0.957878
vt 0.364928 0.765884
vt 0.136357 0.952164
vt 0.492416 0.230814
vt 0.490795 0.238774
vt 0.496980 0.227573
vt 0.772803 0.869712
vt 0.472464 0.869656
vt 0.957924 0.354584
vt 0.960900 0.360727
vt 0.515834 0.218143
vt 0.398357 0.595197
vt 0.546023 0.158755
vt 0.552136 0.147421
vt 0.568821 0.115078
vt 0.561906 0.147744
vt 0.460896 0.986804
vt 0.463219 0.974392
vt 0.463219 0.991247
vt 0.852387 0.147888
vt 0.841498 0.133012
vt 0.355944 0.915897
vt 0.575921 0.099044
vt 0.837385 0.121714
vt 0.621790 0.901956
vt 0.795781 0.438768
vt 0.774009 0.443020
vt 0.790942 0.426591
vt 0.237540 0.822227
vt 0.245202 0.824269
vt 0.782330 0.431674
vt 0.989965 0.627454
vt 0.989965 0.602127
vt 0.997172 0.614946
vt 0.987923 0.224220
vt 0.249646 0.815868
vt 0.578250 0.886652
vt 0.173977 0.997923
vt 0.173977 0.984734
vt 0.178765 0.989586
vt 0.710446 0.409734
vt 0.219854 0.777372
vt 0.547318 0.825629
vt 0.078481 0.982385
vt 0.078188 0.970603
vt 0.082302 0.969100
vt 0.381585 0.513865
vt 0.674280 0.222624
vt 0.303449 0.055898
vt 0.968607 0.619413
vt 0.979816 0.616269
vt 0.979816 0.658712
vt 0.494775 0.331201
vt 0.492407 0.315030
vt 0.497748 0.320074
vt 0.850564 0.713284
vt 0.840706 0.711979
vt 0.485209 0.322946
vt 0.469140 0.290931
vt 0.490043 0.307529
vt 0.532625 0.992791
vt 0.527671 0.976786
vt 0.532625 0.968118
vt 0.928686 0.736157
vt 0.273039 0.032532
vt 0.322485 0.979883
vt 0.472906 0.273865
vt 0.479721 0.265991
vt 0.830530 0.458726
vt 0.825759 0.455748
vt 0.830530 0.453460
vt 0.784987 0.859953
vt 0.954145 0.135940
vt 0.991150 0.421147
vt 0.979411 0.412519
vt 0.984418 0.408603
vt 0.954534 0.141744
vt 0.530750 0.210332
vt 0.539993 0.200477
vt 0.398357 0.606307
vt 0.540704 0.178860
vt 0.546258 0.194846
vt 0.548886 0.147998
vt 0.126143 0.995533
vt 0.126206 0.989878
vt 0.132633 0.994987
vt 0.996052 0.695975
vt 0.996052 0.713248
vt 0.991968 0.710933
vt 0.852816 0.175058
vt 0.132633 0.979087
vt 0.128622 0.977416
vt 0.340165 0.948294
vt 0.341950 0.959042
vt 0.570071 0.103386
vt 0.849381 0.153819
vt 0.633532 0.911447
vt 0.290112 0.992808
vt 0.287147 0.984491
vt 0.290112 0.979992
vt 0.241282 0.806724
vt 0.230536 0.805409
vt 0.771472 0.944504
vt 0.954413 0.520856
vt 0.964684 0.521972
vt 0.966165 0.532964
vt 0.957683 0.517189
vt 0.966165 0.513786
vt 0.175391 0.976591
vt 0.225922 0.790196
vt 0.991395 0.847513
vt 0.984967 0.855614
vt 0.988380 0.841008
vt 0.977818 0.852146
vt 0.723149 0.866375
vt 0.216609 0.749524
vt 0.227446 0.747494
vt 0.889779 0.976199
vt 0.881153 0.993001
vt 0.881153 0.970894
vt 0.733324 0.714312
vt 0.869029 0.621835
vt 0.879740 0.619011
vt 0.881579 0.625182
vt 0.084896 0.980117
vt 0.144232 0.789176
vt 0.377948 0.537304
vt 0.278210 0.050952
vt 0.647853 0.992701
vt 0.641592 0.980241
vt 0.647853 0.965114
vt 0.991968 0.695975
vt 0.991968 0.663314
vt 0.996068 0.675916
vt 0.499881 0.281562
vt 0.936429 0.724837
vt 0.500334 0.297170
vt 0.504797 0.282644
vt 0.279165 0.023552
vt 0.506018 0.278855
vt 0.089715 0.969100
vt 0.099648 0.969100
vt 0.096377 0.991195
vt 0.265748 0.006176
vt 0.286695 0.018255
vt 0.500054 0.271683
vt 0.487252 0.265469
vt 0.997622 0.505774
vt 0.995812 0.514261
vt 0.991999 0.507643
vt 0.487203 0.264506
vt 0.285536 0.011191
vt 0.524389 0.280152
vt 0.523764 0.289166
vt 0.837460 0.914295
vt 0.840090 0.918750
vt 0.837460 0.922682
vt 0.530058 0.279881
vt 0.483774 0.261011
vt 0.493665 0.242774
vt 0.390428 0.991714
vt 0.397769 0.978262
vt 0.397769 0.993564
vt 0.969950 0.066961
vt 0.969950 0.048125
vt 0.981771 0.052576
vt 0.696281 0.912351
vt 0.691034 0.911396
vt 0.696281 0.907010
vt 0.505114 0.233602
vt 0.496924 0.242732
vt 0.753582 0.900852
vt 0.754286 0.884602
vt 0.988544 0.404187
vt 0.982649 0.397392
vt 0.991150 0.400510
vt 0.965236 0.409168
vt 0.969005 0.392468
vt 0.967920 0.403764
vt 0.545579 0.189264
vt 0.543610 0.176941
vt 0.971281 0.391551
vt 0.968128 0.374501
vt 0.971159 0.382214
vt 0.968130 0.364920
vt 0.863590 0.227376
vt 0.565693 0.151080
vt 0.568890 0.144953
vt 0.851552 0.163973
vt 0.847089 0.163395
vt 0.641306 0.907321
vt 0.786491 0.456992
vt 0.641592 0.987161
vt 0.633788 0.979404
vt 0.627696 0.965114
vt 0.641592 0.966286
vt 0.761223 0.949035
vt 0.237251 0.793004
vt 0.233537 0.788952
vt 0.990094 0.863516
vt 0.981923 0.868404
vt 0.963761 0.239851
vt 0.966547 0.230652
vt 0.966547 0.241509
vt 0.995915 0.541629
vt 0.993515 0.542861
vt 0.992270 0.533329
vt 0.716481 0.856487
vt 0.932889 0.966124
vt 0.924337 0.968424
vt 0.921561 0.978180
vt 0.983845 0.996942
vt 0.989399 0.993522
vt 0.875132 0.627254
vt 0.688535 0.240778
vt 0.678484 0.235611
vt 0.390020 0.527369
vt 0.179919 0.908622
vt 0.507023 0.300924
vt 0.951389 0.714312
vt 0.380867 0.831644
vt 0.382404 0.818756
vt 0.394267 0.857163
vt 0.318784 0.981248
vt 0.508697 0.269366
vt 0.514289 0.257254
vt 0.496562 0.248332
vt 0.991999 0.492377
vt 0.525356 0.262408
vt 0.531814 0.268834
vt 0.992352 0.259098
vt 0.992352 0.243154
vt 0.996497 0.255677
vt 0.510474 0.252862
vt 0.389296 0.977142
vt 0.509398 0.244078
vt 0.694650 0.917634
vt 0.748318 0.978101
vt 0.748318 0.993327
vt 0.741210 0.989003
vt 0.755987 0.877376
vt 0.535752 0.224212
vt 0.550959 0.208692
vt 0.541184 0.227251
vt 0.943446 0.359156
vt 0.944986 0.354431
vt 0.944986 0.364325
vt 0.940354 0.364110
vt 0.554676 0.870334
vt 0.550093 0.869692
vt 0.970956 0.412497
vt 0.979411 0.411828
vt 0.573239 0.151087
vt 0.571486 0.157351
vt 0.845952 0.170855
vt 0.576916 0.111102
vt 0.259425 0.827359
vt 0.772473 0.434336
vt 0.263189 0.822406
vt 0.991473 0.229916
vt 0.753941 0.953936
vt 0.756432 0.962931
vt 0.244976 0.779076
vt 0.991395 0.868450
vt 0.978507 0.862701
vt 0.728577 0.387850
vt 0.563120 0.811692
vt 0.849617 0.638285
vt 0.855206 0.633378
vt 0.687596 0.977877
vt 0.696493 0.994191
vt 0.416550 0.993821
vt 0.872018 0.610999
vt 0.393196 0.518611
vt 0.278849 0.042825
vt 0.284629 0.027874
vt 0.476338 0.286386
vt 0.998351 0.328111
vt 0.994026 0.319966
vt 0.998351 0.305444
vt 0.376108 0.826966
vt 0.515806 0.261783
vt 0.820977 0.243154
vt 0.820977 0.232619
vt 0.825759 0.236615
vt 0.539377 0.253138
vt 0.996292 0.271365
vt 0.471603 0.989497
vt 0.477239 0.998142
vt 0.982729 0.394802
vt 0.965236 0.418589
vt 0.568806 0.501332
vt 0.568623 0.481727
vt 0.832024 0.165186
vt 0.846551 0.168815
vt 0.560326 0.764177
vt 0.691276 0.783595
vt 0.689299 0.775481
vt 0.261466 0.832898
vt 0.266221 0.815375
vt 0.271424 0.823149
vt 0.259280 0.813409
vt 0.748950 0.954324
vt 0.248315 0.805034
vt 0.253396 0.791641
vt 0.979801 0.873623
vt 0.234545 0.775140
vt 0.377322 0.993717
vt 0.387365 0.970103
vt 0.398397 0.706140
vt 0.398397 0.724797
vt 0.390939 0.694096
vt 0.995915 0.563606
vt 0.697294 0.984528
vt 0.698554 0.974359
vt 0.711253 0.966489
vt 0.556908 0.812679
vt 0.846550 0.626330
vt 0.552239 0.814977
vt 0.422257 0.997658
vt 0.888557 0.994541
vt 0.182716 0.926860
vt 0.948832 0.034248
vt 0.956610 0.024340
vt 0.436686 0.940845
vt 0.290866 0.042717
vt 0.292412 0.035330
vt 0.296874 0.036950
vt 0.204276 0.974255
vt 0.207957 0.969777
vt 0.214795 0.970617
vt 0.307781 0.038513
vt 0.366734 0.800921
vt 0.518105 0.239994
vt 0.750726 0.867825
vt 0.771023 0.844444
vt 0.773636 0.864098
vt 0.570093 0.534132
vt 0.274815 0.849778
vt 0.273920 0.844374
vt 0.772473 0.458013
vt 0.995725 0.238229
vt 0.988295 0.237452
vt 0.260425 0.808179
vt 0.235913 0.747631
vt 0.257764 0.766878
vt 0.697294 0.964429
vt 0.700469 0.954310
vt 0.702348 0.945949
vt 0.710789 0.958645
vt 0.858537 0.626668
vt 0.086881 0.990602
vt 0.078188 0.994405
vt 0.572565 0.869412
vt 0.572565 0.860548
vt 0.576890 0.865337
vt 0.876424 0.247338
vt 0.949091 0.024631
vt 0.977622 0.602127
vt 0.208247 0.989220
vt 0.205428 0.982321
vt 0.214795 0.980248
vt 0.370400 0.828108
vt 0.533051 0.245372
vt 0.748336 0.879018
vt 0.395936 0.868959
vt 0.398499 0.850242
vt 0.991999 0.514261
vt 0.996399 0.529046
vt 0.991999 0.532301
vt 0.394303 0.806922
vt 0.395890 0.790465
vt 0.573808 0.532851
vt 0.629068 0.913841
vt 0.748505 0.941812
vt 0.748336 0.937359
vt 0.759609 0.933409
vt 0.250271 0.779032
vt 0.252684 0.773124
vt 0.722438 0.851691
vt 0.555255 0.806331
vt 0.850106 0.623293
vt 0.087135 0.985482
vt 0.087135 0.969100
vt 0.089715 0.974701
vt 0.991150 0.394802
vt 0.997771 0.413936
vt 0.991150 0.416931
vt 0.855681 0.612813
vt 0.398511 0.537255
vt 0.174059 0.915604
vt 0.451458 0.938389
vt 0.575998 0.585372
vt 0.568623 0.568925
vt 0.269023 0.810238
vt 0.707643 0.852861
vt 0.565045 0.796332
vt 0.984131 0.362820
vt 0.978652 0.358515
vt 0.984131 0.349968
vt 0.856497 0.609036
vt 0.828600 0.214461
vt 0.389814 0.713283
vt 0.990561 0.561461
vt 0.864732 0.603020
vt 0.874987 0.602127
vt 0.852173 0.248297
vt 0.870937 0.243154
vt 0.665061 0.213089
vt 0.659892 0.218107
vt 0.312733 0.032678
vt 0.261565 0.800186
vt 0.759097 0.983331
vt 0.768325 0.976031
vt 0.768325 0.993191
vt 0.717968 0.846521
vt 0.556445 0.798347
vt 0.549183 0.798628
vt 0.546182 0.793479
vt 0.558218 0.789552
vt 0.888587 0.258286
vt 0.944918 0.010132
vt 0.958580 0.007670
vt 0.552868 0.784679
vt 0.666524 0.235410
vt 0.659254 0.233543
vt 0.764387 0.975198
vt 0.262704 0.797003
vt 0.697294 0.848079
vt 0.705886 0.847081
vt 0.712429 0.844444
vt 0.562577 0.792346
vt 0.570572 0.792400
vt 0.846820 0.619227
vt 0.967063 0.010143
vt 0.569787 0.786542
vt 0.567637 0.778562
vt 0.667554 0.243154
vt 0.572062 0.775845
vt 0.565031 0.772287
vt 0.850486 0.613190
vt 0.559286 0.776300
vt 0.558444 0.770785
vt 0.564408 0.764177
vt 0.960180 0.000000
vt 0.969950 0.002385
s 1
usemtl Material.017
f 1/1/1 2/2/2 3/3/3
f 3/3/3 4/4/4 1/1/1
f 1/1/1 4/4/4 5/5/5
f 6/6/6 7/7/7 5/8/5
f 5/5/5 4/4/4 6/9/6
f 8/10/8 7/7/7 6/6/6
f 8/11/8 9/12/9 7/13/7
f 6/9/6 10/14/10 8/15/8
f 1/16/1 11/17/11 12/18/12
f 1/16/1 5/19/5 11/17/11
f 4/4/4 13/20/13 6/9/6
f 13/20/13 14/21/14 6/9/6
f 14/21/14 15/22/15 6/9/6
f 6/9/6 15/22/15 10/14/10
f 16/23/16 17/24/17 18/25/18
f 19/26/19 2/27/2 1/28/1
f 19/29/19 1/30/1 12/31/12
f 4/4/4 3/3/3 13/20/13
f 20/32/20 21/33/21 22/34/22
f 23/35/23 24/36/24 20/37/20
f 20/37/20 24/36/24 21/38/21
f 18/25/18 25/39/25 16/23/16
f 2/2/2 26/40/26 3/3/3
f 7/41/7 27/42/27 28/43/28
f 9/44/9 27/42/27 7/41/7
f 8/45/8 29/46/29 9/44/9
f 22/34/22 21/33/21 30/47/30
f 16/23/16 31/48/31 17/24/17
f 18/49/18 17/50/17 32/51/32
f 12/18/12 11/17/11 33/52/33
f 9/44/9 29/46/29 27/42/27
f 8/45/8 34/53/34 29/46/29
f 8/15/8 10/14/10 34/54/34
f 34/54/34 35/55/35 36/56/36
f 37/57/37 36/56/36 38/58/38
f 36/56/36 35/55/35 38/58/38
f 22/59/22 39/60/39 20/37/20
f 20/37/20 39/60/39 23/35/23
f 40/61/40 41/62/41 42/63/42
f 24/36/24 43/64/43 21/38/21
f 21/65/21 43/66/43 44/67/44
f 45/68/45 25/69/25 46/70/46
f 47/71/47 16/23/16 25/39/25
f 18/72/18 48/73/48 25/69/25
f 47/71/47 49/74/49 16/23/16
f 50/75/50 51/76/51 52/77/52
f 49/74/49 31/48/31 16/23/16
f 11/17/11 53/78/53 33/52/33
f 2/2/2 54/79/54 26/40/26
f 26/40/26 55/80/55 3/3/3
f 5/19/5 56/81/56 11/17/11
f 7/82/7 28/83/28 5/84/5
f 3/3/3 55/80/55 13/20/13
f 13/20/13 57/85/57 14/21/14
f 14/21/14 58/86/58 15/22/15
f 36/56/36 29/87/29 34/54/34
f 34/54/34 59/88/59 35/55/35
f 60/89/60 61/90/61 62/91/62
f 22/34/22 30/47/30 63/92/63
f 64/93/64 40/61/40 42/63/42
f 21/33/21 44/94/44 65/95/65
f 43/64/43 66/96/66 44/97/44
f 66/96/66 43/64/43 67/98/67
f 68/99/68 66/100/66 69/101/69
f 67/98/67 70/102/70 66/96/66
f 66/96/66 70/102/70 69/103/69
f 71/104/71 50/75/50 72/105/72
f 45/106/45 47/71/47 25/39/25
f 50/75/50 52/77/52 72/105/72
f 73/107/73 74/108/74 50/75/50
f 74/108/74 51/76/51 50/75/50
f 18/72/18 75/109/75 48/73/48
f 32/51/32 75/110/75 18/49/18
f 17/24/17 76/111/76 32/112/32
f 77/113/77 54/79/54 19/114/19
f 54/79/54 2/2/2 19/114/19
f 53/78/53 11/17/11 56/81/56
f 56/81/56 5/19/5 28/43/28
f 57/85/57 58/86/58 14/21/14
f 78/115/78 36/56/36 37/57/37
f 78/115/78 29/87/29 36/56/36
f 37/116/37 38/117/38 79/118/79
f 35/55/35 80/119/80 38/58/38
f 81/120/81 60/89/60 82/121/82
f 60/122/60 83/123/83 82/124/82
f 81/120/81 61/90/61 60/89/60
f 60/89/60 62/91/62 83/125/83
f 83/125/83 62/91/62 84/126/84
f 61/90/61 85/127/85 62/91/62
f 62/91/62 63/128/63 84/126/84
f 62/91/62 85/127/85 63/128/63
f 85/129/85 39/130/39 22/34/22
f 85/129/85 22/34/22 63/92/63
f 42/131/42 86/132/86 64/133/64
f 21/33/21 65/95/65 30/47/30
f 87/134/87 42/63/42 41/62/41
f 42/63/42 87/134/87 88/135/88
f 42/63/42 88/135/88 89/136/89
f 87/134/87 90/137/90 88/135/88
f 44/138/44 66/139/66 68/140/68
f 70/102/70 46/141/46 69/103/69
f 73/107/73 71/104/71 91/142/91
f 71/104/71 73/107/73 50/75/50
f 72/143/72 52/144/52 92/145/92
f 93/146/93 74/108/74 73/107/73
f 49/74/49 94/147/94 31/48/31
f 74/108/74 95/148/95 51/76/51
f 96/149/96 31/48/31 94/147/94
f 31/48/31 76/111/76 17/24/17
f 97/150/97 98/151/98 99/152/99
f 97/150/97 100/153/100 98/151/98
f 101/154/101 98/151/98 100/153/100
f 102/155/102 103/156/103 101/154/101
f 103/157/103 104/158/104 105/159/105
f 29/46/29 106/160/106 27/42/27
f 78/115/78 37/57/37 107/161/107
f 58/86/58 108/162/108 15/22/15
f 34/163/34 10/164/10 59/165/59
f 35/55/35 59/88/59 80/119/80
f 109/166/109 110/167/110 111/168/111
f 111/168/111 110/167/110 112/169/112
f 113/170/113 64/133/64 86/132/86
f 113/171/113 40/61/40 64/93/64
f 30/47/30 114/172/114 63/92/63
f 86/132/86 42/131/42 115/173/115
f 40/61/40 116/174/116 41/62/41
f 39/60/39 117/175/117 23/35/23
f 116/174/116 118/176/118 41/62/41
f 42/177/42 119/178/119 115/179/115
f 117/175/117 24/36/24 23/35/23
f 44/138/44 120/180/120 65/181/65
f 89/182/89 121/183/121 42/184/42
f 43/64/43 122/185/122 67/98/67
f 122/185/122 123/186/123 67/98/67
f 67/98/67 124/187/124 70/102/70
f 91/142/91 71/104/71 125/188/125
f 70/189/70 45/68/45 46/70/46
f 71/190/71 72/143/72 125/191/125
f 126/192/126 25/69/25 48/73/48
f 52/144/52 127/193/127 128/194/128
f 52/144/52 51/195/51 127/193/127
f 95/148/95 129/196/129 51/76/51
f 96/149/96 130/197/130 31/48/31
f 130/197/130 76/111/76 31/48/31
f 131/198/131 99/199/99 132/200/132
f 98/201/98 132/200/132 99/199/99
f 98/201/98 105/202/105 132/200/132
f 98/151/98 101/154/101 105/203/105
f 103/204/103 105/205/105 101/206/101
f 102/155/102 133/207/133 103/156/103
f 103/208/103 133/209/133 104/210/104
f 55/80/55 134/211/134 13/20/13
f 27/42/27 106/160/106 28/43/28
f 13/212/13 134/213/134 57/214/57
f 107/215/107 37/116/37 135/216/135
f 37/116/37 79/118/79 135/216/135
f 79/217/79 136/218/136 137/219/137
f 79/217/79 138/220/138 136/218/136
f 79/118/79 38/117/38 138/221/138
f 15/22/15 139/222/139 10/14/10
f 10/14/10 139/222/139 59/88/59
f 38/223/38 140/224/140 138/225/138
f 80/119/80 140/226/140 38/58/38
f 83/227/83 141/228/141 82/229/82
f 109/166/109 142/230/142 110/167/110
f 111/231/111 112/232/112 143/233/143
f 61/90/61 144/234/144 85/127/85
f 142/230/142 113/171/113 110/167/110
f 110/167/110 145/235/145 112/169/112
f 113/171/113 145/235/145 110/167/110
f 112/169/112 145/235/145 146/236/146
f 145/235/145 113/171/113 86/237/86
f 86/238/86 146/239/146 145/240/145
f 39/241/39 85/242/85 147/243/147
f 84/244/84 63/92/63 148/245/148
f 149/246/149 39/241/39 147/243/147
f 65/95/65 114/172/114 30/47/30
f 117/175/117 122/185/122 24/36/24
f 118/176/118 87/134/87 41/62/41
f 42/184/42 121/183/121 119/247/119
f 122/185/122 43/64/43 24/36/24
f 150/248/150 90/137/90 87/134/87
f 90/137/90 151/249/151 88/135/88
f 152/250/152 125/188/125 90/137/90
f 153/251/153 68/99/68 69/101/69
f 152/250/152 91/142/91 125/188/125
f 70/102/70 124/187/124 45/106/45
f 46/252/46 154/253/154 69/254/69
f 45/106/45 124/187/124 47/71/47
f 47/71/47 155/255/155 49/74/49
f 156/256/156 93/146/93 73/107/73
f 52/144/52 128/194/128 92/145/92
f 48/73/48 157/257/157 126/192/126
f 48/73/48 75/109/75 157/257/157
f 51/258/51 129/259/129 127/260/127
f 158/261/158 75/110/75 32/51/32
f 76/111/76 159/262/159 32/112/32
f 160/263/160 100/153/100 97/150/97
f 12/18/12 33/52/33 161/264/161
f 162/265/162 54/79/54 77/113/77
f 163/266/163 55/80/55 26/40/26
f 164/267/164 53/78/53 56/81/56
f 164/267/164 56/81/56 28/43/28
f 165/268/165 107/161/107 166/269/166
f 167/270/167 79/217/79 137/219/137
f 168/271/168 137/219/137 136/218/136
f 169/272/169 168/271/168 136/218/136
f 138/220/138 170/273/170 136/218/136
f 169/272/169 136/218/136 170/273/170
f 109/274/109 111/231/111 143/233/143
f 144/234/144 61/90/61 81/120/81
f 171/275/171 113/171/113 142/230/142
f 118/176/118 150/248/150 87/134/87
f 68/140/68 120/180/120 44/138/44
f 150/248/150 152/250/152 90/137/90
f 151/276/151 89/277/89 88/278/88
f 172/279/172 156/256/156 73/107/73
f 25/69/25 126/192/126 46/70/46
f 93/146/93 173/280/173 74/108/74
f 129/196/129 95/148/95 174/281/174
f 32/51/32 159/282/159 158/261/158
f 175/283/175 99/199/99 131/198/131
f 97/150/97 99/152/99 175/284/175
f 132/285/132 176/286/176 177/287/177
f 105/202/105 176/288/176 132/200/132
f 105/289/105 104/290/104 176/291/176
f 19/292/19 12/18/12 161/264/161
f 54/79/54 178/293/178 26/40/26
f 53/78/53 164/267/164 179/294/179
f 107/215/107 135/216/135 166/295/166
f 180/296/180 29/87/29 78/115/78
f 106/297/106 29/87/29 180/296/180
f 135/298/135 79/217/79 167/270/167
f 137/299/137 168/300/168 167/301/167
f 108/162/108 139/222/139 15/22/15
f 138/220/138 181/302/181 170/273/170
f 139/222/139 182/303/182 59/88/59
f 109/304/109 143/305/143 183/306/183
f 83/307/83 84/308/84 141/309/141
f 184/310/184 142/230/142 109/166/109
f 143/233/143 112/232/112 185/311/185
f 186/312/186 171/275/171 142/230/142
f 112/232/112 146/313/146 187/314/187
f 144/234/144 147/315/147 85/127/85
f 148/245/148 188/316/188 84/244/84
f 171/275/171 40/61/40 113/171/113
f 171/275/171 116/174/116 40/61/40
f 63/92/63 114/172/114 148/245/148
f 123/186/123 189/317/189 67/98/67
f 189/317/189 124/187/124 67/98/67
f 125/191/125 190/318/190 151/319/151
f 152/250/152 191/320/191 91/142/91
f 125/191/125 72/143/72 190/318/190
f 91/142/91 172/279/172 73/107/73
f 192/321/192 94/147/94 49/74/49
f 193/322/193 75/323/75 194/324/194
f 74/108/74 173/280/173 95/148/95
f 127/260/127 129/259/129 195/325/195
f 129/259/129 174/326/174 195/325/195
f 132/200/132 177/327/177 196/328/196
f 177/287/177 176/286/176 197/329/197
f 160/263/160 102/155/102 100/153/100
f 197/329/197 176/286/176 198/330/198
f 197/329/197 198/330/198 199/331/199
f 100/153/100 102/155/102 101/154/101
f 178/293/178 163/266/163 26/40/26
f 163/266/163 134/211/134 55/80/55
f 28/43/28 200/332/200 164/267/164
f 78/115/78 107/161/107 165/268/165
f 201/333/201 167/301/167 168/300/168
f 168/300/168 169/334/169 202/335/202
f 170/273/170 181/302/181 203/336/203
f 138/220/138 140/337/140 181/302/181
f 80/338/80 204/339/204 140/340/140
f 59/88/59 204/341/204 80/119/80
f 84/308/84 205/342/205 141/309/141
f 184/310/184 186/312/186 142/230/142
f 185/311/185 112/232/112 187/314/187
f 84/343/84 188/344/188 205/345/205
f 86/238/86 206/346/206 146/239/146
f 150/248/150 207/347/207 152/250/152
f 208/348/208 68/99/68 153/251/153
f 125/188/125 151/249/151 90/137/90
f 191/320/191 172/279/172 91/142/91
f 190/318/190 72/143/72 92/145/92
f 192/321/192 96/149/96 94/147/94
f 157/349/157 75/350/75 193/351/193
f 130/197/130 209/352/209 76/111/76
f 210/353/210 159/262/159 76/111/76
f 211/354/211 97/150/97 175/284/175
f 211/354/211 160/263/160 97/150/97
f 212/355/212 197/356/197 199/357/199
f 212/355/212 199/357/199 213/358/213
f 199/331/199 198/330/198 214/359/214
f 215/360/215 216/361/216 198/330/198
f 102/155/102 217/362/217 133/207/133
f 104/290/104 218/363/218 176/291/176
f 219/364/219 53/365/53 179/366/179
f 166/295/166 135/216/135 220/367/220
f 28/43/28 106/160/106 221/368/221
f 168/300/168 202/335/202 201/333/201
f 170/273/170 203/336/203 169/272/169
f 222/369/222 117/175/117 39/60/39
f 223/370/223 118/176/118 116/174/116
f 117/175/117 123/186/123 122/185/122
f 121/371/121 89/277/89 224/372/224
f 151/276/151 224/372/224 89/277/89
f 152/250/152 207/347/207 191/320/191
f 151/319/151 190/318/190 224/373/224
f 92/145/92 128/194/128 225/374/225
f 93/146/93 156/256/156 226/375/226
f 93/146/93 226/375/226 173/280/173
f 96/149/96 227/376/227 130/197/130
f 173/280/173 228/377/228 95/148/95
f 75/110/75 158/261/158 194/378/194
f 158/379/158 159/380/159 229/381/229
f 76/111/76 230/382/230 210/353/210
f 210/353/210 231/383/231 159/262/159
f 231/383/231 210/353/210 232/384/232
f 131/198/131 132/200/132 196/328/196
f 177/287/177 197/329/197 212/385/212
f 199/357/199 214/386/214 233/387/233
f 198/388/198 216/389/216 214/390/214
f 176/286/176 218/391/218 198/330/198
f 215/360/215 234/392/234 216/361/216
f 235/393/235 236/394/236 133/207/133
f 133/207/133 236/394/236 104/395/104
f 237/396/237 218/397/218 238/398/238
f 239/399/239 240/400/240 241/401/241
f 242/402/242 243/403/243 239/404/239
f 244/405/244 243/403/243 242/402/242
f 243/403/243 245/406/245 239/404/239
f 244/405/244 246/407/246 243/403/243
f 243/403/243 246/407/246 245/406/245
f 54/79/54 247/408/247 178/293/178
f 248/409/248 78/115/78 165/268/165
f 163/410/163 249/411/249 134/412/134
f 221/413/221 106/297/106 180/296/180
f 58/86/58 250/414/250 108/162/108
f 169/415/169 203/416/203 251/417/251
f 59/88/59 182/303/182 204/341/204
f 252/418/252 183/306/183 143/305/143
f 185/311/185 252/419/252 143/233/143
f 86/420/86 253/421/253 206/422/206
f 86/132/86 115/173/115 253/423/253
f 149/424/149 222/369/222 39/60/39
f 114/172/114 65/95/65 120/425/120
f 150/248/150 118/176/118 207/347/207
f 124/187/124 189/317/189 47/71/47
f 153/426/153 69/254/69 154/253/154
f 46/252/46 254/427/254 154/253/154
f 126/192/126 255/428/255 256/429/256
f 126/192/126 157/257/157 255/428/255
f 96/149/96 192/321/192 227/376/227
f 174/326/174 257/430/257 195/325/195
f 95/148/95 228/377/228 174/281/174
f 76/111/76 209/352/209 230/382/230
f 159/431/159 231/432/231 258/433/258
f 210/353/210 259/434/259 232/384/232
f 232/384/232 260/435/260 231/383/231
f 261/436/261 175/284/175 262/437/262
f 211/354/211 175/284/175 261/436/261
f 263/438/263 175/283/175 131/198/131
f 196/439/196 177/287/177 212/385/212
f 212/355/212 213/358/213 264/440/264
f 160/263/160 265/441/265 102/155/102
f 199/357/199 233/387/233 213/358/213
f 217/362/217 102/155/102 265/441/265
f 218/391/218 215/360/215 198/330/198
f 214/442/214 216/443/216 234/444/234
f 266/445/266 133/446/133 217/447/217
f 266/448/266 235/393/235 133/207/133
f 218/449/218 237/450/237 267/451/267
f 104/290/104 236/452/236 218/363/218
f 236/394/236 268/453/268 218/397/218
f 236/394/236 269/454/269 268/453/268
f 268/453/268 238/398/238 218/397/218
f 270/455/270 237/456/237 271/457/271
f 271/458/271 237/459/237 238/460/238
f 272/461/272 242/462/242 239/463/239
f 240/464/240 239/465/239 273/466/273
f 239/404/239 248/409/248 273/467/273
f 219/468/219 179/469/179 274/470/274
f 248/409/248 165/268/165 273/467/273
f 166/295/166 220/367/220 275/471/275
f 135/216/135 167/301/167 201/333/201
f 200/332/200 28/43/28 276/472/276
f 276/472/276 28/43/28 221/368/221
f 276/473/276 221/413/221 180/296/180
f 201/333/201 202/335/202 277/474/277
f 278/475/278 171/275/171 186/312/186
f 146/239/146 206/346/206 279/476/279
f 280/477/280 149/246/149 147/243/147
f 281/478/281 206/346/206 253/479/253
f 223/370/223 116/174/116 171/275/171
f 208/480/208 120/180/120 68/140/68
f 282/481/282 123/186/123 117/175/117
f 254/482/254 46/70/46 126/192/126
f 155/255/155 192/321/192 49/74/49
f 193/351/193 194/483/194 283/484/283
f 226/375/226 228/377/228 173/280/173
f 174/326/174 284/485/284 257/430/257
f 285/486/285 262/487/262 286/488/286
f 285/489/285 261/436/261 262/437/262
f 262/490/262 175/213/175 287/491/287
f 288/492/288 160/263/160 211/354/211
f 288/492/288 265/441/265 160/263/160
f 233/387/233 214/386/214 289/493/289
f 218/391/218 267/494/267 215/360/215
f 290/495/290 235/393/235 266/448/266
f 290/495/290 236/394/236 235/393/235
f 290/495/290 269/454/269 236/394/236
f 268/453/268 269/454/269 291/496/291
f 292/497/292 291/496/291 269/454/269
f 271/457/271 239/399/239 270/455/270
f 270/455/270 239/399/239 241/401/241
f 272/461/272 239/463/239 271/498/271
f 240/400/240 273/499/273 241/401/241
f 33/52/33 53/78/53 219/500/219
f 162/265/162 247/408/247 54/79/54
f 245/406/245 246/407/246 248/409/248
f 245/406/245 248/409/248 239/404/239
f 165/268/165 166/269/166 273/467/273
f 246/407/246 293/501/293 248/409/248
f 293/501/293 78/115/78 248/409/248
f 293/501/293 180/296/180 78/115/78
f 134/412/134 58/502/58 57/503/57
f 202/335/202 169/334/169 294/504/294
f 182/303/182 295/505/295 204/341/204
f 81/506/81 82/229/82 296/507/296
f 109/304/109 183/306/183 184/508/184
f 141/309/141 205/342/205 297/509/297
f 185/311/185 187/314/187 298/510/298
f 81/120/81 299/511/299 144/234/144
f 297/512/297 205/513/205 300/514/300
f 187/515/187 279/516/279 298/517/298
f 187/515/187 146/518/146 279/516/279
f 279/476/279 206/346/206 281/478/281
f 253/423/253 115/173/115 301/519/301
f 223/370/223 302/520/302 118/176/118
f 115/179/115 119/178/119 301/521/301
f 119/247/119 121/183/121 301/522/301
f 208/348/208 153/251/153 303/523/303
f 304/524/304 172/279/172 191/320/191
f 304/524/304 305/525/305 172/279/172
f 172/279/172 305/525/305 156/256/156
f 190/318/190 92/145/92 225/374/225
f 156/256/156 305/525/305 226/375/226
f 127/193/127 306/526/306 128/194/128
f 228/377/228 284/527/284 174/281/174
f 307/528/307 257/430/257 284/485/284
f 230/382/230 308/529/308 210/353/210
f 260/530/260 309/531/309 231/532/231
f 260/533/260 310/534/310 309/535/309
f 309/535/309 310/534/310 311/536/311
f 312/537/312 310/538/310 260/435/260
f 310/539/310 313/540/313 311/541/311
f 312/537/312 314/542/314 310/538/310
f 310/543/310 315/544/315 313/545/313
f 310/538/310 314/542/314 315/546/315
f 316/547/316 315/546/315 314/542/314
f 285/489/285 315/546/315 316/547/316
f 317/548/317 285/489/285 316/547/316
f 285/489/285 286/549/286 315/546/315
f 215/550/215 318/551/318 234/444/234
f 268/453/268 291/496/291 238/398/238
f 269/454/269 319/552/319 292/497/292
f 292/497/292 272/553/272 291/496/291
f 242/462/242 272/461/272 292/554/292
f 272/553/272 271/555/271 291/496/291
f 320/556/320 270/557/270 241/558/241
f 319/552/319 242/402/242 292/497/292
f 242/402/242 319/552/319 244/405/244
f 244/405/244 319/552/319 321/559/321
f 322/560/322 33/561/33 219/562/219
f 323/563/323 273/467/273 166/269/166
f 275/471/275 323/564/323 166/295/166
f 324/565/324 179/294/179 164/267/164
f 220/367/220 135/216/135 201/333/201
f 134/412/134 325/566/325 58/502/58
f 325/567/325 250/414/250 58/86/58
f 108/162/108 326/568/326 139/222/139
f 203/416/203 327/569/327 251/417/251
f 328/570/328 140/340/140 204/339/204
f 329/571/329 141/309/141 297/509/297
f 183/572/183 186/312/186 184/310/184
f 330/573/330 144/234/144 299/511/299
f 188/574/188 148/575/148 331/576/331
f 148/245/148 114/172/114 331/577/331
f 280/578/280 222/369/222 149/424/149
f 114/579/114 120/580/120 331/581/331
f 302/520/302 207/347/207 118/176/118
f 301/582/301 121/371/121 224/372/224
f 332/583/332 191/584/191 207/585/207
f 282/481/282 189/317/189 123/186/123
f 153/426/153 154/253/154 303/586/303
f 189/317/189 155/255/155 47/71/47
f 154/587/154 254/588/254 333/589/333
f 306/590/306 127/260/127 195/325/195
f 334/591/334 130/197/130 227/376/227
f 195/325/195 257/430/257 335/592/335
f 228/377/228 336/593/336 284/527/284
f 337/594/337 257/430/257 307/528/307
f 159/431/159 258/433/258 229/595/229
f 338/596/338 258/597/258 231/598/231
f 338/599/338 231/532/231 309/531/309
f 232/384/232 259/434/259 260/435/260
f 339/600/339 260/435/260 259/434/259
f 339/600/339 312/537/312 260/435/260
f 311/536/311 340/601/340 309/535/309
f 341/602/341 312/537/312 339/600/339
f 342/603/342 317/548/317 316/547/316
f 315/546/315 286/549/286 313/604/313
f 262/487/262 287/605/287 286/488/286
f 263/606/263 287/491/287 175/213/175
f 343/607/343 211/354/211 261/436/261
f 263/438/263 131/198/131 196/328/196
f 214/386/214 344/608/344 289/493/289
f 215/550/215 267/609/267 345/610/345
f 346/611/346 347/612/347 290/613/290
f 290/495/290 348/614/348 269/454/269
f 349/615/349 267/616/267 350/617/350
f 348/614/348 319/552/319 269/454/269
f 237/618/237 320/619/320 267/620/267
f 237/618/237 270/621/270 320/619/320
f 238/398/238 291/496/291 271/555/271
f 241/558/241 350/622/350 320/556/320
f 241/558/241 273/623/273 323/564/323
f 351/624/351 33/52/33 322/625/322
f 352/626/352 246/407/246 244/405/244
f 275/471/275 220/367/220 323/564/323
f 293/501/293 276/473/276 180/296/180
f 353/627/353 354/628/354 355/629/355
f 356/630/356 354/628/354 353/627/353
f 277/474/277 202/335/202 294/504/294
f 139/222/139 326/568/326 182/303/182
f 205/631/205 188/632/188 300/633/300
f 144/234/144 330/573/330 147/315/147
f 223/370/223 171/275/171 278/475/278
f 331/634/331 120/635/120 333/636/333
f 120/180/120 208/480/208 333/637/333
f 117/175/117 357/638/357 282/481/282
f 224/373/224 190/318/190 358/639/358
f 358/639/358 190/318/190 225/374/225
f 157/349/157 193/351/193 255/640/255
f 130/197/130 334/591/334 209/352/209
f 158/379/158 229/381/229 194/641/194
f 336/593/336 307/642/307 284/527/284
f 308/529/308 259/434/259 210/353/210
f 341/602/341 359/643/359 312/537/312
f 311/541/311 313/540/313 340/644/340
f 312/537/312 359/643/359 314/542/314
f 359/643/359 316/547/316 314/542/314
f 359/643/359 360/645/360 316/547/316
f 343/607/343 288/492/288 211/354/211
f 213/358/213 233/387/233 361/646/361
f 214/442/214 234/444/234 362/647/362
f 217/648/217 265/649/265 266/650/266
f 290/495/290 266/448/266 363/651/363
f 290/652/290 363/653/363 346/654/346
f 215/550/215 345/610/345 318/551/318
f 267/420/267 349/655/349 345/656/345
f 346/611/346 364/657/364 347/612/347
f 267/616/267 320/658/320 350/617/350
f 161/264/161 33/52/33 351/624/351
f 178/659/178 365/660/365 163/410/163
f 200/332/200 276/472/276 366/661/366
f 367/662/367 353/627/353 355/629/355
f 201/333/201 277/474/277 368/663/368
f 355/664/355 354/665/354 369/666/369
f 354/665/354 370/667/370 369/666/369
f 354/628/354 371/668/371 370/669/370
f 356/630/356 371/668/371 354/628/354
f 356/630/356 294/670/294 371/668/371
f 277/671/277 294/670/294 356/630/356
f 169/415/169 251/417/251 294/672/294
f 372/673/372 328/570/328 204/339/204
f 300/633/300 188/632/188 373/674/373
f 357/675/357 117/676/117 222/677/222
f 332/678/332 304/524/304 191/320/191
f 254/679/254 126/680/126 256/681/256
f 336/593/336 374/682/374 307/642/307
f 308/529/308 375/683/375 259/434/259
f 375/683/375 341/602/341 259/434/259
f 376/684/376 342/603/342 360/645/360
f 360/645/360 342/603/342 316/547/316
f 313/685/313 286/488/286 377/686/377
f 317/548/317 378/687/378 285/489/285
f 378/687/378 261/436/261 285/489/285
f 379/688/379 261/436/261 378/687/378
f 261/436/261 379/688/379 343/607/343
f 264/440/264 213/358/213 380/689/380
f 361/646/361 233/387/233 381/690/381
f 344/691/344 214/442/214 362/647/362
f 318/551/318 362/647/362 234/444/234
f 347/692/347 348/693/348 290/694/290
f 350/622/350 241/558/241 382/695/382
f 382/695/382 241/558/241 323/564/323
f 383/696/383 321/559/321 319/552/319
f 384/697/384 163/410/163 365/660/365
f 220/367/220 201/333/201 385/698/385
f 386/699/386 276/473/276 293/501/293
f 387/700/387 164/267/164 200/332/200
f 387/700/387 200/332/200 366/661/366
f 163/410/163 388/701/388 249/411/249
f 389/702/389 276/703/276 390/704/390
f 367/662/367 391/705/391 353/627/353
f 392/706/392 356/630/356 353/627/353
f 392/706/392 277/671/277 356/630/356
f 182/303/182 326/568/326 295/505/295
f 393/707/393 394/708/394 395/709/395
f 396/710/396 394/711/394 393/712/393
f 394/708/394 396/713/396 397/714/397
f 396/713/396 398/715/398 397/714/397
f 141/228/141 329/716/329 82/229/82
f 297/717/297 300/718/300 329/719/329
f 183/572/183 399/720/399 186/312/186
f 373/721/373 188/574/188 331/576/331
f 333/722/333 254/679/254 256/681/256
f 304/723/304 400/724/400 305/725/305
f 155/10/155 401/726/401 192/727/192
f 225/728/225 128/11/128 402/729/402
f 403/730/403 255/640/255 193/351/193
f 404/731/404 128/194/128 306/526/306
f 306/590/306 195/325/195 335/592/335
f 257/430/257 405/732/405 335/592/335
f 307/528/307 374/733/374 337/594/337
f 340/601/340 406/734/406 309/535/309
f 259/434/259 341/602/341 339/600/339
f 340/601/340 407/735/407 406/734/406
f 286/488/286 287/605/287 377/686/377
f 287/605/287 263/438/263 408/736/408
f 409/737/409 196/328/196 212/355/212
f 289/493/289 344/608/344 233/387/233
f 346/738/346 410/739/410 364/740/364
f 346/741/346 363/651/363 410/742/410
f 349/743/349 350/744/350 345/745/345
f 348/614/348 383/696/383 319/552/319
f 247/746/247 365/747/365 178/748/178
f 388/701/388 163/410/163 384/697/384
f 324/565/324 164/267/164 387/700/387
f 276/749/276 389/750/389 366/751/366
f 367/752/367 355/664/355 411/753/411
f 355/664/355 412/754/412 411/753/411
f 369/666/369 412/754/412 355/664/355
f 108/162/108 413/755/413 326/568/326
f 251/417/251 327/569/327 414/756/414
f 181/757/181 415/758/415 203/416/203
f 416/759/416 417/760/417 418/761/418
f 419/762/419 420/763/420 416/759/416
f 395/709/395 397/714/397 421/764/421
f 417/765/417 396/766/396 418/767/418
f 418/768/418 396/713/396 393/707/393
f 417/760/417 416/759/416 422/769/422
f 394/708/394 397/714/397 395/709/395
f 417/760/417 422/769/422 396/770/396
f 423/771/423 422/769/422 420/763/420
f 424/772/424 398/773/398 396/774/396
f 425/775/425 424/776/424 396/770/396
f 424/777/424 426/778/426 427/779/427
f 296/780/296 299/511/299 81/120/81
f 252/419/252 185/311/185 298/510/298
f 428/781/428 302/782/302 223/783/223
f 429/784/429 301/582/301 224/372/224
f 430/785/430 282/481/282 357/638/357
f 208/348/208 303/523/303 333/786/333
f 189/317/189 282/481/282 430/785/430
f 358/639/358 225/374/225 402/787/402
f 404/731/404 402/787/402 128/194/128
f 401/788/401 227/376/227 192/321/192
f 431/789/431 258/597/258 338/596/338
f 336/593/336 432/790/432 374/682/374
f 433/791/433 337/792/337 434/793/434
f 374/794/374 434/795/434 337/796/337
f 374/797/374 435/798/435 434/799/434
f 436/800/436 435/801/435 374/682/374
f 376/684/376 360/645/360 359/643/359
f 377/686/377 287/605/287 408/736/408
f 409/737/409 212/355/212 437/802/437
f 437/802/437 212/355/212 264/440/264
f 437/802/437 264/440/264 380/689/380
f 213/358/213 361/646/361 380/689/380
f 381/690/381 233/387/233 344/608/344
f 438/803/438 410/742/410 363/651/363
f 350/744/350 382/804/382 345/745/345
f 439/805/439 19/292/19 161/264/161
f 364/806/364 383/807/383 347/808/347
f 382/695/382 323/564/323 440/809/440
f 383/810/383 348/693/348 347/692/347
f 77/811/77 441/812/441 162/813/162
f 323/564/323 220/367/220 440/809/440
f 442/814/442 244/405/244 321/559/321
f 442/814/442 352/626/352 244/405/244
f 352/626/352 293/501/293 246/407/246
f 179/469/179 324/815/324 274/470/274
f 443/816/443 388/817/388 384/818/384
f 368/663/368 385/698/385 201/333/201
f 390/819/390 276/473/276 386/699/386
f 366/820/366 389/821/389 390/822/390
f 444/823/444 367/752/367 411/753/411
f 277/474/277 392/824/392 368/663/368
f 249/411/249 325/566/325 134/412/134
f 353/627/353 391/705/391 392/706/392
f 294/672/294 414/756/414 371/825/371
f 414/756/414 294/672/294 251/417/251
f 140/337/140 328/826/328 181/302/181
f 445/827/445 393/707/393 446/828/446
f 446/829/446 393/830/393 447/831/447
f 419/832/419 445/833/445 448/834/448
f 419/832/419 418/835/418 445/833/445
f 393/707/393 445/827/445 418/768/418
f 421/764/421 449/836/449 395/709/395
f 448/837/448 450/838/450 419/762/419
f 395/84/395 447/831/447 393/830/393
f 395/709/395 449/836/449 447/839/447
f 416/759/416 418/761/418 419/762/419
f 450/838/450 420/763/420 419/762/419
f 416/759/416 420/763/420 422/769/422
f 421/840/421 397/841/397 451/842/451
f 451/842/451 397/841/397 452/843/452
f 398/715/398 452/844/452 397/714/397
f 396/770/396 422/769/422 453/845/453
f 396/770/396 453/845/453 425/775/425
f 422/769/422 423/771/423 453/845/453
f 453/845/453 454/846/454 425/775/425
f 454/846/454 426/847/426 425/775/425
f 425/775/425 426/847/426 424/776/424
f 296/780/296 455/848/455 299/511/299
f 300/718/300 456/849/456 329/719/329
f 186/850/186 399/851/399 278/852/278
f 298/853/298 279/476/279 457/854/457
f 428/855/428 223/856/223 278/857/278
f 281/478/281 457/854/457 279/476/279
f 281/478/281 458/858/458 457/854/457
f 281/478/281 253/479/253 458/858/458
f 459/859/459 222/369/222 280/578/280
f 222/369/222 459/859/459 357/638/357
f 303/586/303 154/253/154 333/860/333
f 460/861/460 400/724/400 304/723/304
f 189/317/189 430/785/430 155/255/155
f 224/373/224 358/639/358 461/862/461
f 256/429/256 255/428/255 403/863/403
f 305/525/305 462/864/462 226/375/226
f 401/788/401 334/591/334 227/376/227
f 334/865/334 463/866/463 209/867/209
f 194/483/194 229/868/229 464/869/464
f 194/483/194 464/869/464 465/870/465
f 463/871/463 466/872/466 209/873/209
f 464/874/464 229/875/229 431/876/431
f 228/377/228 467/877/467 336/593/336
f 257/430/257 337/594/337 405/732/405
f 338/599/338 309/531/309 406/878/406
f 434/879/434 435/880/435 468/881/468
f 436/800/436 469/882/469 435/801/435
f 436/800/436 470/883/470 471/884/471
f 436/885/436 471/886/471 469/887/469
f 469/887/469 471/886/471 472/888/472
f 470/883/470 473/889/473 471/884/471
f 471/890/471 474/891/474 472/892/472
f 471/890/471 473/893/473 474/891/474
f 376/684/376 475/894/475 342/603/342
f 475/894/475 317/548/317 342/603/342
f 476/895/476 477/896/477 478/897/478
f 479/898/479 437/899/437 480/900/480
f 409/901/409 481/902/481 479/898/479
f 263/438/263 196/328/196 482/903/482
f 379/688/379 483/904/483 343/607/343
f 288/492/288 343/607/343 265/441/265
f 265/441/265 363/651/363 266/448/266
f 318/551/318 345/610/345 484/905/484
f 19/292/19 439/805/439 77/906/77
f 411/907/411 485/908/485 444/909/444
f 485/910/485 411/753/411 412/754/412
f 368/663/368 392/824/392 486/911/486
f 369/666/369 370/667/370 487/912/487
f 487/912/487 370/667/370 488/913/488
f 370/914/370 371/825/371 488/915/488
f 371/825/371 489/916/489 488/915/488
f 414/756/414 489/916/489 371/825/371
f 413/755/413 108/162/108 250/414/250
f 326/917/326 490/918/490 295/919/295
f 204/341/204 295/505/295 372/920/372
f 448/921/448 445/827/445 491/922/491
f 492/923/492 446/828/446 449/836/449
f 446/828/446 447/839/447 449/836/449
f 449/924/449 421/840/421 493/925/493
f 451/842/451 494/926/494 493/925/493
f 448/837/448 495/927/495 450/838/450
f 495/927/495 420/763/420 450/838/450
f 493/925/493 421/840/421 451/842/451
f 495/927/495 496/928/496 420/763/420
f 424/777/424 427/779/427 398/929/398
f 298/510/298 497/930/497 252/419/252
f 301/519/301 498/931/498 253/423/253
f 301/582/301 429/784/429 498/932/498
f 224/373/224 461/862/461 429/933/429
f 283/484/283 194/483/194 465/870/465
f 226/375/226 499/934/499 228/377/228
f 228/377/228 499/934/499 467/877/467
f 337/594/337 500/935/500 405/732/405
f 258/433/258 431/936/431 229/595/229
f 468/881/468 435/880/435 469/937/469
f 468/938/468 469/887/469 472/888/472
f 407/939/407 340/644/340 501/940/501
f 340/644/340 313/540/313 501/940/501
f 473/889/473 478/897/478 474/941/474
f 502/942/502 376/684/376 359/643/359
f 478/897/478 503/943/503 476/895/476
f 478/897/478 477/896/477 474/941/474
f 477/944/477 504/945/504 474/946/474
f 479/898/479 477/896/477 476/895/476
f 477/896/477 479/898/479 480/900/480
f 409/901/409 479/898/479 476/895/476
f 481/902/481 437/899/437 479/898/479
f 437/899/437 481/902/481 409/901/409
f 345/745/345 382/804/382 505/947/505
f 410/948/410 383/807/383 364/806/364
f 382/695/382 440/809/440 506/949/506
f 440/809/440 220/367/220 507/950/507
f 384/818/384 508/951/508 443/816/443
f 369/666/369 487/912/487 412/754/412
f 486/952/486 392/706/392 391/705/391
f 413/755/413 509/953/509 326/568/326
f 327/569/327 510/954/510 414/756/414
f 203/416/203 511/955/511 327/569/327
f 511/955/511 203/416/203 415/758/415
f 415/758/415 181/757/181 328/956/328
f 492/957/492 449/924/449 494/926/494
f 491/922/491 445/827/445 446/828/446
f 449/924/449 493/925/493 494/926/494
f 494/926/494 451/842/451 512/958/512
f 451/959/451 452/960/452 513/961/513
f 514/962/514 513/961/513 452/960/452
f 82/229/82 515/963/515 296/507/296
f 456/849/456 300/718/300 373/964/373
f 399/851/399 428/965/428 278/852/278
f 428/781/428 516/966/516 302/782/302
f 331/634/331 333/636/333 517/967/517
f 302/520/302 516/968/516 207/347/207
f 516/968/516 332/678/332 207/347/207
f 155/255/155 518/969/518 401/788/401
f 400/724/400 519/970/519 305/725/305
f 305/725/305 519/970/519 462/971/462
f 306/590/306 335/592/335 520/972/520
f 337/792/337 433/791/433 500/973/500
f 374/682/374 521/974/521 436/800/436
f 522/975/522 470/883/470 436/800/436
f 473/889/473 523/976/523 478/897/478
f 478/897/478 524/977/524 503/943/503
f 475/894/475 378/687/378 317/548/317
f 437/978/437 525/979/525 480/980/480
f 196/328/196 409/737/409 482/903/482
f 526/981/526 362/647/362 318/551/318
f 265/441/265 438/803/438 363/651/363
f 345/982/345 505/983/505 484/984/484
f 162/813/162 441/812/441 247/746/247
f 507/950/507 220/367/220 385/698/385
f 442/814/442 293/501/293 352/626/352
f 412/754/412 527/985/527 485/910/485
f 528/986/528 391/705/391 367/662/367
f 529/987/529 249/988/249 388/989/388
f 250/414/250 325/567/325 530/990/530
f 530/991/530 413/992/413 250/993/250
f 509/994/509 490/918/490 326/917/326
f 491/922/491 531/995/531 448/921/448
f 491/922/491 446/828/446 492/923/492
f 532/996/532 448/997/448 531/998/531
f 451/842/451 533/999/533 512/958/512
f 534/1000/534 495/1001/495 448/1002/448
f 495/927/495 535/1003/535 496/928/496
f 496/928/496 536/1004/536 420/763/420
f 536/1004/536 423/771/423 420/763/420
f 398/1005/398 514/1006/514 452/1007/452
f 537/1008/537 455/1009/455 296/1010/296
f 147/243/147 538/1011/538 280/477/280
f 430/785/430 518/969/518 155/255/155
f 403/730/403 193/351/193 539/1012/539
f 193/351/193 283/484/283 539/1012/539
f 306/590/306 540/1013/540 404/1014/404
f 306/590/306 520/972/520 540/1013/540
f 226/375/226 462/864/462 499/934/499
f 335/592/335 541/1015/541 520/972/520
f 335/1016/335 405/1017/405 541/1018/541
f 230/382/230 542/1019/542 308/529/308
f 432/790/432 521/974/521 374/682/374
f 434/879/434 468/881/468 543/1020/543
f 341/602/341 375/683/375 502/942/502
f 521/974/521 544/1021/544 436/800/436
f 341/602/341 502/942/502 359/643/359
f 436/800/436 544/1021/544 522/975/522
f 470/883/470 523/976/523 473/889/473
f 313/685/313 377/686/377 501/1022/501
f 478/897/478 523/976/523 524/977/524
f 504/945/504 545/1023/545 474/946/474
f 504/945/504 477/944/477 525/1024/525
f 477/944/477 480/1025/480 525/1024/525
f 263/438/263 482/903/482 408/736/408
f 378/687/378 483/904/483 379/688/379
f 362/647/362 526/981/526 344/691/344
f 484/1026/484 505/1027/505 546/1028/546
f 505/947/505 382/804/382 506/1029/506
f 321/559/321 547/1030/547 442/814/442
f 442/814/442 547/1030/547 293/501/293
f 274/470/274 548/1031/548 508/1032/508
f 508/1033/508 549/1034/549 443/1035/443
f 485/908/485 550/1036/550 444/909/444
f 443/1037/443 551/744/551 388/1038/388
f 390/822/390 552/1039/552 366/820/366
f 528/986/528 486/952/486 391/705/391
f 494/926/494 553/1040/553 492/957/492
f 532/1041/532 534/1042/534 448/1043/448
f 494/926/494 512/958/512 553/1040/553
f 512/958/512 533/999/533 554/1044/554
f 496/1045/496 535/1046/535 555/1047/555
f 451/842/451 556/1048/556 533/999/533
f 536/1004/536 557/1049/557 423/771/423
f 513/1050/513 514/1051/514 558/1052/558
f 454/846/454 559/1053/559 426/847/426
f 426/778/426 560/1054/560 427/779/427
f 298/1055/298 457/1056/457 497/1057/497
f 399/1058/399 561/1059/561 428/1060/428
f 373/964/373 331/1061/331 562/1062/562
f 332/678/332 460/1063/460 304/524/304
f 358/639/358 402/787/402 461/862/461
f 431/876/431 563/1064/563 464/874/464
f 209/352/209 466/1065/466 230/382/230
f 467/877/467 432/790/432 336/593/336
f 431/1066/431 338/599/338 406/878/406
f 308/529/308 542/1019/542 375/683/375
f 472/888/472 543/1067/543 468/938/468
f 472/892/472 564/1068/564 543/1069/543
f 472/892/472 474/891/474 564/1068/564
f 376/684/376 502/942/502 565/1070/565
f 545/1023/545 564/1071/564 474/946/474
f 476/895/476 566/1072/566 409/901/409
f 409/901/409 566/1072/566 482/1073/482
f 525/979/525 437/978/437 567/1074/567
f 437/802/437 380/689/380 568/1075/568
f 380/689/380 361/646/361 568/1075/568
f 343/607/343 483/904/483 265/441/265
f 318/551/318 484/905/484 526/981/526
f 438/803/438 569/1076/569 410/742/410
f 440/809/440 507/950/507 506/949/506
f 441/812/441 365/747/365 247/746/247
f 274/470/274 508/1032/508 219/468/219
f 384/697/384 570/1077/570 508/1078/508
f 387/1079/387 571/1080/571 324/1081/324
f 527/985/527 412/754/412 572/1082/572
f 367/752/367 444/823/444 528/1083/528
f 551/1084/551 529/987/529 388/989/388
f 412/754/412 487/912/487 573/1085/573
f 487/1086/487 488/915/488 574/1087/574
f 492/957/492 575/1088/575 491/1089/491
f 575/1088/575 492/957/492 553/1040/553
f 495/1001/495 534/1000/534 576/1090/576
f 536/1004/536 496/928/496 557/1049/557
f 557/1049/557 577/1091/577 423/771/423
f 558/1092/558 578/1093/578 513/1094/513
f 398/1095/398 427/1096/427 514/1097/514
f 280/477/280 538/1011/538 459/1098/459
f 253/423/253 498/931/498 579/1099/579
f 498/1100/498 429/1101/429 580/1102/580
f 581/1103/581 400/724/400 460/861/460
f 582/1104/582 283/1105/283 465/1106/465
f 433/791/433 434/793/434 583/1107/583
f 434/793/434 543/1108/543 583/1107/583
f 584/1109/584 521/974/521 432/790/432
f 584/1109/584 544/1021/544 521/974/521
f 522/975/522 523/976/523 470/883/470
f 545/1023/545 504/945/504 525/1024/525
f 546/1028/546 505/1027/505 506/1110/506
f 383/696/383 410/742/410 569/1076/569
f 569/1076/569 321/559/321 383/696/383
f 322/1111/322 219/468/219 585/1112/585
f 585/1112/585 219/468/219 586/1113/586
f 586/1113/586 219/468/219 508/1032/508
f 587/1114/587 293/501/293 547/1030/547
f 485/908/485 527/1115/527 588/1116/588
f 588/1117/588 527/985/527 589/1118/589
f 590/1119/590 550/1036/550 485/908/485
f 591/1120/591 390/819/390 386/699/386
f 508/1033/508 548/1121/548 549/1034/549
f 548/1031/548 274/470/274 324/815/324
f 591/1120/591 552/1122/552 390/819/390
f 592/1123/592 387/1079/387 366/1124/366
f 593/1125/593 444/909/444 550/1036/550
f 593/1126/593 528/1083/528 444/823/444
f 594/1127/594 368/663/368 486/911/486
f 529/1128/529 595/1129/595 249/411/249
f 595/1129/595 325/566/325 249/411/249
f 574/1087/574 488/915/488 489/916/489
f 490/1130/490 596/1131/596 295/505/295
f 597/1132/597 372/920/372 598/1133/598
f 597/1134/597 328/1135/328 372/1136/372
f 328/1135/328 597/1134/597 599/1137/599
f 575/1138/575 600/1139/600 491/1140/491
f 531/1141/531 491/1142/491 600/1143/600
f 601/1144/601 534/1145/534 532/1146/532
f 576/1147/576 534/1148/534 602/1149/602
f 603/1150/603 554/1044/554 533/999/533
f 576/1090/576 535/1151/535 495/1001/495
f 578/1152/578 556/1153/556 451/1154/451
f 451/1154/451 513/1050/513 578/1152/578
f 577/1091/577 453/845/453 423/771/423
f 604/1155/604 426/778/426 559/1156/559
f 604/1157/604 560/1158/560 426/1159/426
f 515/963/515 82/229/82 329/716/329
f 537/1160/537 296/1161/296 515/1162/515
f 605/1163/605 456/849/456 373/964/373
f 403/1164/403 539/1165/539 606/1166/606
f 541/1018/541 405/1017/405 607/1167/607
f 524/977/524 566/1072/566 503/943/503
f 525/1024/525 608/1168/608 545/1023/545
f 503/943/503 566/1072/566 476/895/476
f 609/1169/609 408/736/408 482/903/482
f 437/802/437 568/1075/568 567/1170/567
f 610/1171/610 344/608/344 526/1172/526
f 484/1173/484 546/1174/546 611/1175/611
f 546/1176/546 612/1177/612 611/1178/611
f 546/1176/546 506/1179/506 612/1177/612
f 613/1180/613 161/264/161 351/624/351
f 321/559/321 614/1181/614 547/1030/547
f 590/1119/590 485/908/485 588/1116/588
f 365/660/365 615/1182/615 384/697/384
f 293/501/293 587/1114/587 386/699/386
f 387/1079/387 592/1123/592 571/1080/571
f 549/1034/549 551/1084/551 443/1035/443
f 366/1183/366 552/1184/552 592/1185/592
f 616/1186/616 487/1086/487 574/1087/574
f 617/1187/617 530/991/530 325/566/325
f 510/954/510 327/569/327 511/955/511
f 415/758/415 618/1188/618 511/955/511
f 295/505/295 619/1189/619 372/920/372
f 619/1189/619 598/1133/598 372/920/372
f 328/1135/328 599/1137/599 415/1190/415
f 598/1191/598 619/1192/619 597/1193/597
f 619/1189/619 620/1194/620 597/1132/597
f 597/1132/597 621/1195/621 599/1196/599
f 601/1197/601 531/1198/531 622/1199/622
f 622/1200/622 531/1141/531 600/1143/600
f 532/996/532 531/998/531 601/1201/601
f 602/1149/602 534/1148/534 601/1202/601
f 553/1040/553 512/958/512 623/1203/623
f 623/1203/623 512/958/512 554/1044/554
f 602/1149/602 624/1204/624 576/1147/576
f 576/1090/576 625/1205/625 535/1151/535
f 533/999/533 556/1048/556 603/1150/603
f 626/1206/626 453/845/453 577/1091/577
f 626/1206/626 454/846/454 453/845/453
f 627/1207/627 559/1053/559 454/846/454
f 183/1208/183 628/1209/628 629/1210/629
f 252/1211/252 628/1212/628 183/1213/183
f 252/1214/252 497/1215/497 630/1216/630
f 329/719/329 456/849/456 631/1217/631
f 456/849/456 605/1163/605 631/1217/631
f 373/964/373 562/1062/562 605/1163/605
f 458/1218/458 253/1219/253 579/1220/579
f 459/1098/459 632/1221/632 357/1222/357
f 357/1223/357 632/1224/632 633/1225/633
f 357/1226/357 633/1227/633 430/1228/430
f 581/1103/581 634/1229/634 400/724/400
f 400/724/400 635/1230/635 519/970/519
f 518/1231/518 636/1232/636 401/1233/401
f 401/452/401 636/1234/636 637/1235/637
f 637/1236/637 334/865/334 401/1237/401
f 539/1012/539 283/484/283 582/1238/582
f 563/1239/563 431/1066/431 406/878/406
f 433/791/433 583/1107/583 638/1240/638
f 639/1241/639 564/1071/564 545/1023/545
f 523/976/523 566/1072/566 524/977/524
f 501/1022/501 377/686/377 609/1169/609
f 377/686/377 408/736/408 609/1169/609
f 640/1242/640 568/1075/568 361/646/361
f 483/904/483 641/1243/641 265/441/265
f 642/1244/642 381/1245/381 610/1246/610
f 381/690/381 344/608/344 610/1171/610
f 438/803/438 265/441/265 641/1243/641
f 484/1247/484 611/1248/611 643/1249/643
f 644/1250/644 588/1117/588 589/1118/589
f 527/985/527 572/1082/572 589/1118/589
f 645/1251/645 368/663/368 594/1127/594
f 571/1252/571 548/1121/548 324/1253/324
f 646/1254/646 528/1255/528 593/1256/593
f 412/754/412 573/1085/573 572/1082/572
f 549/1034/549 529/987/529 551/1084/551
f 646/1257/646 486/952/486 528/986/528
f 489/916/489 414/756/414 647/1258/647
f 648/1259/648 509/994/509 413/992/413
f 509/994/509 649/1260/649 490/918/490
f 535/1003/535 650/1261/650 555/1262/555
f 557/1049/557 496/928/496 555/1262/555
f 626/1206/626 651/1263/651 454/846/454
f 627/1207/627 454/846/454 651/1263/651
f 515/1264/515 652/1265/652 537/1008/537
f 653/1266/653 628/1267/628 252/1214/252
f 653/1266/653 252/1214/252 630/1216/630
f 515/1268/515 329/719/329 654/1269/654
f 654/1270/654 329/1271/329 631/1272/631
f 655/1273/655 399/1274/399 183/1208/183
f 330/573/330 299/511/299 455/848/455
f 656/1275/656 461/1276/461 402/1277/402
f 657/1278/657 402/1277/402 404/1279/404
f 582/1104/582 465/1106/465 658/1280/658
f 658/1281/658 465/870/465 464/869/464
f 467/877/467 499/934/499 659/1282/659
f 466/1065/466 542/1019/542 230/382/230
f 659/1282/659 432/790/432 467/877/467
f 500/973/500 433/791/433 638/1240/638
f 522/975/522 660/1283/660 523/976/523
f 639/1241/639 545/1023/545 661/1284/661
f 640/1242/640 361/646/361 642/1285/642
f 361/646/361 381/690/381 642/1285/642
f 526/981/526 484/905/484 643/1286/643
f 643/1249/643 611/1248/611 612/1287/612
f 613/1180/613 351/624/351 322/625/322
f 507/950/507 662/1288/662 506/949/506
f 569/1076/569 614/1181/614 321/559/321
f 663/1289/663 590/1119/590 588/1116/588
f 663/1290/663 588/1117/588 644/1250/644
f 385/1291/385 645/1292/645 507/1293/507
f 664/1294/664 550/1036/550 590/1119/590
f 589/1295/589 572/1296/572 665/1297/665
f 385/698/385 368/663/368 645/1251/645
f 645/1251/645 594/1127/594 666/1298/666
f 646/1257/646 594/1299/594 486/952/486
f 573/1085/573 487/912/487 616/1300/616
f 648/1259/648 413/992/413 530/991/530
f 509/994/509 648/1259/648 649/1260/649
f 597/1132/597 620/1194/620 621/1195/621
f 667/1301/667 602/1149/602 601/1202/601
f 667/1301/667 668/1302/668 602/1149/602
f 623/1203/623 669/1303/669 670/1304/670
f 623/1203/623 554/1044/554 669/1303/669
f 668/1302/668 624/1204/624 602/1149/602
f 554/1044/554 671/1305/671 669/1303/669
f 554/1044/554 603/1150/603 671/1305/671
f 603/1150/603 556/1048/556 672/1306/672
f 556/1153/556 578/1152/578 673/1307/673
f 427/779/427 674/1308/674 514/1051/514
f 629/1210/629 675/1309/675 183/1208/183
f 183/1208/183 675/1309/675 655/1273/655
f 497/1310/497 457/1311/457 676/1312/676
f 677/1313/677 147/315/147 330/573/330
f 331/1061/331 517/1314/517 678/1315/678
f 333/1316/333 679/1317/679 517/1314/517
f 430/1318/430 680/1319/680 518/1231/518
f 256/1320/256 403/1164/403 681/1321/681
f 682/1322/682 402/1277/402 657/1278/657
f 519/970/519 683/1323/683 462/971/462
f 539/1165/539 582/1104/582 606/1166/606
f 637/1236/637 463/866/463 334/865/334
f 405/732/405 500/935/500 607/1324/607
f 542/1325/542 684/1326/684 375/1327/375
f 406/734/406 407/735/407 685/1328/685
f 684/1329/684 686/1330/686 375/1331/375
f 564/1068/564 639/1332/639 543/1069/543
f 687/1333/687 378/687/378 475/894/475
f 688/1334/688 482/1335/482 566/1336/566
f 609/1169/609 482/903/482 688/1337/688
f 612/1338/612 506/949/506 662/1288/662
f 590/1339/590 663/1290/663 689/1340/689
f 644/1250/644 589/1118/589 665/1341/665
f 591/1120/591 386/699/386 587/1114/587
f 690/1342/690 593/1125/593 550/1036/550
f 665/1297/665 572/1296/572 691/1343/691
f 592/1123/592 552/1344/552 692/1345/692
f 693/1346/693 692/1347/692 552/1348/552
f 691/1343/691 572/1296/572 573/783/573
f 595/1129/595 529/1128/529 694/1349/694
f 695/1350/695 489/916/489 647/1258/647
f 647/1258/647 414/756/414 510/954/510
f 696/1351/696 596/1352/596 490/918/490
f 415/1190/415 599/1137/599 697/1353/697
f 698/1354/698 697/1355/697 599/1356/599
f 699/1357/699 667/1358/667 601/1359/601
f 699/1360/699 601/1197/601 622/1199/622
f 553/1361/553 623/1362/623 670/1363/670
f 667/1364/667 700/1365/700 668/1366/668
f 576/1147/576 624/1204/624 625/1367/625
f 625/1205/625 650/1368/650 535/1151/535
f 701/1369/701 671/1305/671 603/1150/603
f 701/1369/701 603/1150/603 672/1306/672
f 672/1306/672 556/1048/556 702/1370/702
f 702/1371/702 556/1153/556 673/1307/673
f 703/1372/703 514/1051/514 674/1308/674
f 703/1372/703 558/1052/558 514/1051/514
f 704/1373/704 560/1158/560 604/1157/604
f 629/1374/629 628/1267/628 653/1266/653
f 705/1375/705 455/1009/455 537/1008/537
f 655/1273/655 561/1376/561 399/1274/399
f 677/1313/677 538/1377/538 147/315/147
f 561/1378/561 706/1379/706 428/1380/428
f 706/1381/706 707/1382/707 428/781/428
f 708/1383/708 459/1098/459 538/1011/538
f 516/1384/516 581/1385/581 332/1386/332
f 581/1387/581 460/1388/460 332/1389/332
f 333/1316/333 256/1320/256 681/1321/681
f 634/1229/634 709/1390/709 400/724/400
f 635/1391/635 400/1392/400 709/1393/709
f 710/1394/710 540/1013/540 520/972/520
f 711/1395/711 659/1396/659 499/1397/499
f 563/1239/563 406/878/406 685/1398/685
f 712/1399/712 543/1069/543 639/1332/639
f 713/1400/713 501/1022/501 609/1169/609
f 688/1401/688 566/1072/566 523/976/523
f 608/1168/608 661/1284/661 545/1023/545
f 525/979/525 567/1074/567 714/1402/714
f 568/1075/568 640/1242/640 567/1170/567
f 715/1403/715 569/1076/569 438/803/438
f 77/811/77 439/1404/439 441/812/441
f 439/805/439 161/264/161 613/1180/613
f 614/1181/614 587/1114/587 547/1030/547
f 548/1121/548 571/1252/571 716/1405/716
f 716/1405/716 549/1034/549 548/1121/548
f 716/1405/716 529/987/529 549/1034/549
f 573/1085/573 616/1300/616 691/1406/691
f 489/916/489 695/1350/695 574/1087/574
f 596/1131/596 619/1189/619 295/505/295
f 621/1407/621 698/1354/698 599/1356/599
f 620/1194/620 717/1408/717 621/1195/621
f 718/1409/718 624/1204/624 719/1410/719
f 701/1369/701 672/1306/672 702/1370/702
f 720/1411/720 577/1091/577 557/1049/557
f 578/1152/578 558/1052/558 673/1307/673
f 674/1308/674 427/779/427 560/1054/560
f 604/1155/604 559/1156/559 704/1412/704
f 627/1413/627 721/1414/721 559/1156/559
f 605/1163/605 562/1062/562 722/1415/722
f 562/1416/562 331/1417/331 723/1418/723
f 428/781/428 707/1382/707 516/966/516
f 331/1061/331 678/1315/678 723/1419/723
f 429/1420/429 461/1421/461 724/1422/724
f 333/1423/333 681/1424/681 679/1425/679
f 680/1319/680 636/1232/636 518/1231/518
f 681/1321/681 403/1164/403 606/1166/606
f 519/970/519 725/1426/725 683/1323/683
f 462/1427/462 726/1428/726 499/1429/499
f 520/972/520 541/1015/541 710/1394/710
f 584/1109/584 432/790/432 659/1282/659
f 583/1430/583 543/1431/543 638/1432/638
f 544/1021/544 584/1109/584 522/975/522
f 375/683/375 727/1433/727 502/942/502
f 565/1070/565 728/1434/728 376/684/376
f 660/1283/660 688/1401/688 523/976/523
f 729/1435/729 687/1333/687 475/894/475
f 525/979/525 714/1402/714 608/1436/608
f 378/687/378 687/1333/687 730/1437/730
f 643/1286/643 612/1438/612 731/1439/731
f 732/1440/732 614/1181/614 569/1076/569
f 590/1119/590 689/1441/689 664/1294/664
f 733/1442/733 644/1250/644 734/1443/734
f 644/1250/644 665/1341/665 734/1443/734
f 735/1444/735 571/1080/571 592/1123/592
f 591/1445/591 693/1346/693 552/1348/552
f 529/987/529 716/1405/716 694/1446/694
f 736/1447/736 619/1189/619 596/1131/596
f 415/1190/415 697/1353/697 618/1448/618
f 736/1447/736 737/1449/737 619/1189/619
f 738/1450/738 622/1200/622 600/1143/600
f 738/1451/738 600/1139/600 575/1138/575
f 670/1304/670 575/1088/575 553/1040/553
f 739/1452/739 670/1304/670 669/1303/669
f 719/1453/719 668/1366/668 700/1365/700
f 719/1410/719 624/1204/624 668/1302/668
f 740/1454/740 669/1303/669 671/1305/671
f 651/1263/651 626/1206/626 741/1455/741
f 629/1374/629 653/1266/653 675/1456/675
f 675/1457/675 653/1458/653 630/1459/630
f 515/1268/515 654/1269/654 652/1460/652
f 459/1098/459 708/1383/708 742/1461/742
f 742/1461/742 708/1383/708 538/1011/538
f 632/1221/632 459/1098/459 742/1461/742
f 579/1462/579 498/1100/498 580/1102/580
f 725/1426/725 519/970/519 635/1230/635
f 637/1463/637 636/1232/636 743/1464/743
f 404/1279/404 540/1465/540 710/1466/710
f 744/1467/744 606/1166/606 582/1104/582
f 726/1468/726 711/799/711 499/1469/499
f 463/871/463 745/1470/745 466/872/466
f 638/1432/638 543/1431/543 746/1471/746
f 543/1472/543 712/1473/712 746/1474/746
f 727/1475/727 375/1476/375 686/1477/686
f 565/1070/565 502/942/502 727/1433/727
f 639/1241/639 661/1284/661 747/1478/747
f 728/1434/728 729/1435/729 376/684/376
f 475/894/475 376/684/376 729/1435/729
f 483/904/483 378/687/378 730/1437/730
f 640/1242/640 642/1285/642 748/1479/748
f 526/981/526 643/1286/643 610/1246/610
f 749/1480/749 438/803/438 641/1243/641
f 664/1294/664 750/1481/750 550/1036/550
f 750/1481/750 690/1342/690 550/1036/550
f 751/1482/751 693/1346/693 591/1445/591
f 665/1297/665 691/1343/691 752/1483/752
f 510/954/510 511/955/511 753/1484/753
f 490/918/490 649/1260/649 696/1351/696
f 754/1485/754 511/955/511 618/1188/618
f 618/1188/618 697/1355/697 755/1486/755
f 737/1449/737 620/1194/620 619/1189/619
f 575/1088/575 670/1304/670 756/1487/756
f 757/1488/757 700/1365/700 667/1364/667
f 757/1488/757 667/1364/667 699/1489/699
f 669/1303/669 740/1454/740 758/1490/758
f 651/1491/651 759/1492/759 627/1493/627
f 760/1494/760 721/1414/721 627/1413/627
f 676/1495/676 457/1496/457 761/1497/761
f 762/1498/762 580/1102/580 429/1101/429
f 517/1314/517 679/1317/679 678/1315/678
f 430/1318/430 763/1499/763 680/1319/680
f 402/1277/402 682/1322/682 656/1275/656
f 636/1232/636 680/1319/680 743/1464/743
f 764/1500/764 660/1283/660 522/975/522
f 609/1169/609 765/1501/765 713/1400/713
f 567/1170/567 640/1242/640 714/1502/714
f 641/1243/641 483/904/483 730/1437/730
f 612/1338/612 662/1288/662 731/1503/731
f 716/1405/716 571/1252/571 735/1504/735
f 646/1505/646 666/1506/666 594/1507/594
f 592/1123/592 692/1345/692 766/1508/766
f 692/1347/692 693/1346/693 766/1509/766
f 767/1510/767 530/991/530 617/1187/617
f 767/1510/767 648/1259/648 530/991/530
f 767/1510/767 649/1260/649 648/1259/648
f 768/1511/768 717/1512/717 620/1513/620
f 768/1511/768 769/1514/769 717/1512/717
f 769/1515/769 621/1407/621 717/1516/717
f 699/1517/699 622/1200/622 738/1450/738
f 738/1518/738 575/1088/575 756/1487/756
f 757/1519/757 770/1520/770 700/1521/700
f 770/1520/770 719/28/719 700/1521/700
f 758/1490/758 739/1452/739 669/1303/669
f 740/1454/740 671/1305/671 701/1369/701
f 650/1261/650 771/1522/771 555/1262/555
f 720/1411/720 557/1049/557 555/1262/555
f 772/1523/772 626/1206/626 577/1091/577
f 759/1492/759 651/1491/651 741/1524/741
f 760/1525/760 627/1526/627 759/1527/759
f 705/1375/705 537/1008/537 652/1265/652
f 630/1528/630 497/1310/497 676/1312/676
f 457/854/457 458/858/458 579/1529/579
f 773/1530/773 580/1102/580 762/1498/762
f 763/1531/763 430/1228/430 633/1227/633
f 774/1532/774 634/1229/634 581/1103/581
f 775/1533/775 606/1166/606 744/1467/744
f 776/1534/776 637/1463/637 743/1464/743
f 776/1535/776 777/1536/777 637/1537/637
f 657/1278/657 404/1279/404 710/1466/710
f 683/1323/683 778/1538/778 462/971/462
f 778/1539/778 726/1540/726 462/1541/462
f 582/1104/582 658/1280/658 744/1467/744
f 658/1280/658 464/1542/464 563/1543/563
f 779/1544/779 500/973/500 638/1240/638
f 407/939/407 501/940/501 685/1545/685
f 748/1546/748 642/1244/642 610/1246/610
f 749/1480/749 715/1403/715 438/803/438
f 569/1547/569 780/1548/780 732/1549/732
f 662/1288/662 507/950/507 645/1251/645
f 750/1481/750 664/1294/664 781/1550/781
f 508/1032/508 570/1551/570 782/1552/782
f 734/1553/734 665/1297/665 752/1483/752
f 646/1554/646 593/1125/593 690/1342/690
f 716/1405/716 735/1504/735 783/1555/783
f 694/1446/694 716/1405/716 783/1555/783
f 592/1123/592 784/1556/784 735/1444/735
f 592/1123/592 766/1508/766 784/1556/784
f 691/1406/691 616/1300/616 785/1557/785
f 325/566/325 786/1558/786 617/1187/617
f 647/1258/647 510/954/510 753/1484/753
f 787/1559/787 596/1352/596 696/1351/696
f 596/1131/596 787/1560/787 736/1447/736
f 737/1561/737 788/1562/788 620/1563/620
f 768/1564/768 620/1565/620 788/1566/788
f 768/1567/768 757/1568/757 769/1569/769
f 621/1407/621 769/1515/769 698/1354/698
f 769/1569/769 757/1568/757 738/1570/738
f 757/1488/757 699/1489/699 738/1571/738
f 670/1304/670 739/1452/739 756/1487/756
f 758/1490/758 740/1454/740 789/1572/789
f 719/1573/719 790/1574/790 718/1575/718
f 740/1454/740 791/1576/791 789/1572/789
f 718/1409/718 650/1577/650 624/1204/624
f 791/1576/791 740/1454/740 701/1369/701
f 624/1204/624 650/1577/650 625/1367/625
f 792/1578/792 759/1492/759 741/1524/741
f 793/1579/793 704/1412/704 721/1414/721
f 721/1414/721 704/1412/704 559/1156/559
f 794/1580/794 330/573/330 455/848/455
f 561/1378/561 655/1581/655 706/1379/706
f 677/1313/677 742/1582/742 538/1377/538
f 516/1583/516 795/1584/795 581/1585/581
f 678/1315/678 679/1317/679 796/1586/796
f 725/1426/725 778/1538/778 683/1323/683
f 657/1278/657 710/1466/710 797/1587/797
f 637/1236/637 777/1588/777 463/866/463
f 798/1589/798 745/1470/745 463/871/463
f 541/1590/541 607/1591/607 799/1592/799
f 745/1593/745 542/1594/542 466/1595/466
f 584/1109/584 764/1500/764 522/975/522
f 800/1596/800 728/1597/728 565/1598/565
f 765/1501/765 609/1169/609 688/1337/688
f 748/1546/748 610/1246/610 801/1599/801
f 569/1076/569 715/1403/715 802/1600/802
f 731/1503/731 662/1288/662 803/1601/803
f 441/812/441 804/1602/804 365/747/365
f 663/1290/663 644/1250/644 805/1603/805
f 804/1604/804 615/1182/615 365/660/365
f 615/1182/615 570/1077/570 384/697/384
f 806/1605/806 591/1120/591 587/1114/587
f 690/1606/690 807/1607/807 646/1505/646
f 693/1346/693 784/1608/784 766/1509/766
f 694/1349/694 808/1609/808 595/1129/595
f 617/1187/617 786/1558/786 767/1510/767
f 647/1258/647 753/1484/753 809/1610/809
f 698/1354/698 755/1486/755 697/1355/697
f 769/1515/769 810/1611/810 698/1354/698
f 769/1515/769 811/1612/811 810/1611/810
f 769/1569/769 738/1570/738 811/1613/811
f 756/1487/756 811/1614/811 738/1518/738
f 770/1615/770 812/1616/812 719/1573/719
f 719/1573/719 812/1616/812 813/1617/813
f 719/1573/719 813/1617/813 790/1574/790
f 701/1369/701 702/1370/702 814/1618/814
f 650/1261/650 815/1619/815 771/1522/771
f 702/1620/702 816/1621/816 814/1622/814
f 555/1262/555 771/1522/771 720/1411/720
f 704/1373/704 817/1623/817 560/1158/560
f 562/1062/562 723/1419/723 722/1415/722
f 677/1624/677 818/1625/818 742/1626/742
f 632/1224/632 819/1627/819 633/1225/633
f 633/1227/633 820/1628/820 763/1531/763
f 680/1319/680 821/1629/821 743/1464/743
f 709/1393/709 822/1630/822 635/1391/635
f 656/1275/656 682/1322/682 823/1631/823
f 563/1543/563 685/1632/685 658/1280/658
f 685/1545/685 501/940/501 824/1633/824
f 727/1634/727 800/1635/800 565/1636/565
f 501/1022/501 713/1400/713 824/1637/824
f 729/1435/729 825/1638/825 687/1333/687
f 826/1639/826 608/1436/608 714/1402/714
f 715/1403/715 749/1480/749 827/1640/827
f 610/1246/610 643/1286/643 828/1641/828
f 715/1403/715 827/1640/827 802/1600/802
f 663/1290/663 805/1603/805 829/1642/829
f 663/1290/663 829/1642/829 689/1340/689
f 614/1181/614 830/1643/830 587/1114/587
f 666/1644/666 831/1645/831 645/1646/645
f 752/1483/752 691/1343/691 832/1647/832
f 783/1555/783 808/1648/808 694/1446/694
f 616/1186/616 574/1087/574 785/1649/785
f 325/566/325 833/1650/833 786/1558/786
f 695/1350/695 647/1258/647 809/1610/809
f 511/955/511 754/1485/754 753/1484/753
f 755/1486/755 698/1354/698 834/1651/834
f 788/1652/788 757/1568/757 768/1567/768
f 698/1354/698 835/1653/835 834/1651/834
f 810/1611/810 835/1653/835 698/1354/698
f 739/1452/739 836/1654/836 756/1487/756
f 739/1452/739 758/1490/758 836/1654/836
f 560/1054/560 837/1655/837 674/1308/674
f 838/1656/838 605/1163/605 722/1415/722
f 579/1529/579 761/1657/761 457/854/457
f 677/1313/677 839/1658/839 818/1659/818
f 707/1382/707 840/1660/840 516/966/516
f 461/1276/461 656/1275/656 724/1661/724
f 681/1321/681 841/1662/841 679/1317/679
f 634/1229/634 842/1663/842 709/1390/709
f 681/1321/681 606/1166/606 841/1662/841
f 680/1319/680 763/1499/763 821/1629/821
f 775/1533/775 843/1664/843 606/1166/606
f 682/1322/682 657/1278/657 823/1631/823
f 743/1464/743 844/1665/844 776/1534/776
f 725/1426/725 635/1230/635 845/1666/845
f 775/1533/775 744/1467/744 846/1667/846
f 463/871/463 777/1668/777 798/1589/798
f 542/1325/542 745/1669/745 684/1326/684
f 847/1670/847 686/1330/686 684/1329/684
f 584/1109/584 659/1282/659 764/1500/764
f 728/739/728 848/1671/848 729/1672/729
f 713/1400/713 765/1501/765 824/1637/824
f 608/1168/608 826/1673/826 661/1284/661
f 714/1402/714 640/1674/640 748/1546/748
f 641/1243/641 849/1675/849 749/1480/749
f 322/625/322 585/1676/585 613/1180/613
f 827/1640/827 850/1677/850 802/1600/802
f 569/1076/569 802/1600/802 780/1678/780
f 689/1441/689 781/1550/781 664/1294/664
f 644/1250/644 733/1442/733 805/1603/805
f 732/1440/732 830/1643/830 614/1181/614
f 615/1182/615 851/1679/851 570/1077/570
f 690/1680/690 750/1681/750 807/1682/807
f 752/1483/752 832/1647/832 734/1553/734
f 852/1683/852 784/1608/784 693/1346/693
f 783/1684/783 735/1444/735 784/1556/784
f 574/1087/574 853/1685/853 785/1649/785
f 595/1129/595 833/1650/833 325/566/325
f 754/1485/754 854/1686/854 753/1484/753
f 855/1687/855 736/1447/736 787/1560/787
f 736/1688/736 856/1689/856 737/1690/737
f 737/1561/737 857/1691/857 788/1562/788
f 788/1692/788 857/1693/857 858/1694/858
f 811/1612/811 859/1695/859 810/1611/810
f 756/1487/756 859/1696/859 811/1614/811
f 757/1697/757 812/1616/812 770/1615/770
f 756/1487/756 836/1654/836 859/1696/859
f 758/1490/758 860/1698/860 836/1654/836
f 758/1490/758 789/1572/789 860/1698/860
f 789/1572/789 791/1576/791 861/1699/861
f 701/1369/701 814/1618/814 791/1576/791
f 702/1371/702 673/1307/673 862/1700/862
f 720/1701/720 863/1702/863 577/1703/577
f 577/1091/577 863/1704/863 772/1523/772
f 626/1206/626 864/1705/864 741/1455/741
f 741/1455/741 864/1705/864 792/1706/792
f 837/1655/837 865/1707/865 674/1308/674
f 560/1054/560 817/1708/817 837/1655/837
f 704/1412/704 793/1579/793 866/1709/866
f 675/1457/675 630/1459/630 867/1710/867
f 654/1269/654 631/1217/631 652/1460/652
f 605/1163/605 838/1656/838 631/1217/631
f 819/1711/819 632/1221/632 742/1461/742
f 868/1712/868 840/1660/840 707/1382/707
f 869/1713/869 723/1419/723 678/1315/678
f 762/1498/762 429/1101/429 724/1661/724
f 634/1229/634 774/1532/774 842/1663/842
f 842/1663/842 822/1714/822 709/1390/709
f 821/1629/821 844/1665/844 743/1464/743
f 657/1278/657 797/1587/797 870/1715/870
f 744/1467/744 658/1280/658 871/1716/871
f 710/1394/710 541/1015/541 797/1717/797
f 799/1592/799 607/1591/607 872/1718/872
f 607/1324/607 500/935/500 779/1719/779
f 873/1720/873 660/1283/660 764/1500/764
f 848/1721/848 728/1597/728 800/1596/800
f 874/1722/874 749/1480/749 849/1675/849
f 643/1286/643 731/1439/731 828/1641/828
f 850/1677/850 780/1678/780 802/1600/802
f 875/1723/875 732/1549/732 780/1548/780
f 876/1724/876 805/1603/805 733/1442/733
f 803/1601/803 662/1288/662 877/1725/877
f 662/1726/662 645/1727/645 877/1728/877
f 733/1442/733 734/1443/734 878/1729/878
f 852/1730/852 693/1731/693 751/1732/751
f 879/1733/879 880/1734/880 646/1505/646
f 880/1734/880 666/1506/666 646/1505/646
f 853/1685/853 574/1087/574 881/1735/881
f 882/1736/882 649/1260/649 767/1510/767
f 854/1686/854 809/1610/809 753/1484/753
f 858/1737/858 857/1738/857 883/1739/883
f 883/1739/883 788/1652/788 858/1737/858
f 835/1653/835 810/1611/810 859/1695/859
f 884/1740/884 813/1741/813 812/1742/812
f 836/1654/836 860/1698/860 885/1743/885
f 702/1744/702 862/1745/862 816/1746/816
f 558/1052/558 703/1372/703 886/1747/886
f 866/1748/866 817/1623/817 704/1373/704
f 867/1749/867 655/1750/655 675/1751/675
f 676/1495/676 761/1497/761 887/1752/887
f 818/1625/818 819/1753/819 742/1626/742
f 840/1754/840 795/1755/795 516/1756/516
f 888/1757/888 820/1758/820 633/1225/633
f 796/1586/796 679/1317/679 841/1662/841
f 724/1661/724 656/1275/656 823/1631/823
f 843/1759/843 775/1760/775 844/997/844
f 775/1533/775 846/1667/846 844/1761/844
f 844/1761/844 846/1667/846 776/1762/776
f 889/1763/889 846/1667/846 871/1716/871
f 776/1764/776 890/1765/890 777/1766/777
f 846/1667/846 744/1467/744 871/1716/871
f 607/1591/607 779/1767/779 872/1718/872
f 658/1280/658 685/1632/685 824/1768/824
f 712/1399/712 639/1332/639 891/1769/891
f 639/1241/639 747/1478/747 891/1770/891
f 824/1637/824 765/1501/765 892/1771/892
f 660/1283/660 893/1772/893 688/1401/688
f 765/1501/765 688/1337/688 893/1773/893
f 641/1243/641 894/1774/894 849/1675/849
f 874/1775/874 827/1776/827 749/1777/749
f 874/1775/874 895/1778/895 827/1776/827
f 895/1779/895 896/1780/896 827/1781/827
f 896/1782/896 850/1783/850 827/1784/827
f 828/1641/828 731/1439/731 897/1785/897
f 731/1503/731 803/1601/803 897/1786/897
f 732/1787/732 875/1788/875 830/1789/830
f 751/1732/751 591/1790/591 806/1791/806
f 646/1505/646 807/1607/807 898/1792/898
f 646/1505/646 898/1792/898 879/1733/879
f 691/1406/691 785/1557/785 899/1793/899
f 808/1648/808 833/1794/833 595/1795/595
f 786/1558/786 900/1796/900 767/1510/767
f 901/1797/901 696/1351/696 649/1260/649
f 618/1188/618 902/1798/902 754/1485/754
f 855/1799/855 903/1800/903 736/1688/736
f 904/1801/904 737/1802/737 905/1803/905
f 857/1691/857 737/1561/737 904/1804/904
f 834/1651/834 835/1653/835 906/1805/906
f 757/1697/757 907/1806/907 812/1616/812
f 836/1654/836 908/1807/908 859/1696/859
f 884/1740/884 909/1808/909 813/1741/813
f 813/1741/813 909/1808/909 790/1809/790
f 789/1572/789 910/1810/910 860/1698/860
f 911/1811/911 815/1812/815 650/1813/650
f 814/1814/814 816/1815/816 912/1816/912
f 863/1817/863 913/1818/913 772/1819/772
f 772/1523/772 864/1705/864 626/1206/626
f 759/1492/759 792/1578/792 914/1820/914
f 759/1527/759 914/1821/914 760/1525/760
f 760/1494/760 915/1822/915 721/1414/721
f 330/573/330 916/1823/916 677/1313/677
f 655/1824/655 917/1825/917 706/1826/706
f 818/1659/818 839/1658/839 918/1827/918
f 580/1102/580 919/1828/919 579/1462/579
f 773/1530/773 920/1829/920 580/1102/580
f 842/1663/842 921/1830/921 822/1714/822
f 822/1630/822 845/1831/845 635/1391/635
f 823/1631/823 657/1278/657 922/1832/922
f 845/1666/845 923/1833/923 725/1426/725
f 846/1834/846 889/1835/889 776/1836/776
f 776/1836/776 889/1835/889 890/1837/890
f 745/1669/745 847/1838/847 684/1326/684
f 711/1395/711 924/1839/924 659/1396/659
f 659/1396/659 924/1839/924 764/1840/764
f 925/1841/925 781/1550/781 689/1441/689
f 508/1032/508 782/1552/782 586/1113/586
f 734/1842/734 832/1843/832 926/1844/926
f 666/1845/666 880/1846/880 831/1847/831
f 808/1648/808 783/1555/783 927/1848/927
f 900/1796/900 882/1736/882 767/1510/767
f 787/1560/787 928/1849/928 855/1687/855
f 928/1849/928 903/1850/903 855/1687/855
f 618/1851/618 755/1852/755 929/1853/929
f 856/1689/856 905/1854/905 737/1690/737
f 857/1691/857 904/1804/904 883/1855/883
f 883/1739/883 930/1856/930 788/1652/788
f 835/1653/835 859/1695/859 906/1805/906
f 788/1652/788 907/1857/907 757/1568/757
f 790/1809/790 909/1808/909 931/1858/931
f 860/544/860 910/1859/910 885/1860/885
f 789/1572/789 932/1861/932 910/1810/910
f 790/1574/790 931/1862/931 718/1575/718
f 861/1699/861 932/1861/932 789/1572/789
f 718/1575/718 931/1862/931 650/1863/650
f 933/1864/933 934/1865/934 650/1866/650
f 791/1576/791 814/1618/814 861/1699/861
f 911/1867/911 935/1868/935 815/1869/815
f 935/1870/935 771/1522/771 815/1619/815
f 936/1871/936 863/1702/863 720/1701/720
f 673/1307/673 558/1052/558 886/1747/886
f 703/1372/703 937/1872/937 938/1873/938
f 914/1874/914 939/1875/939 760/1876/760
f 705/1375/705 794/1877/794 455/1009/455
f 652/1460/652 631/1217/631 940/1878/940
f 722/1415/722 941/1879/941 838/1656/838
f 706/1381/706 868/1712/868 707/1382/707
f 579/1880/579 942/1881/942 761/1882/761
f 723/1419/723 943/1883/943 722/1415/722
f 723/1419/723 869/1713/869 943/1883/943
f 796/1586/796 944/1884/944 678/1315/678
f 580/1102/580 920/1829/920 919/1828/919
f 888/1757/888 945/1885/945 820/1758/820
f 795/1584/795 774/1886/774 581/1585/581
f 842/1663/842 774/1532/774 946/1887/946
f 606/1166/606 843/1664/843 841/1662/841
f 922/1832/922 921/1888/921 823/1631/823
f 921/1889/921 845/1831/845 822/1630/822
f 889/1763/889 871/1716/871 890/1890/890
f 726/1891/726 778/1892/778 711/1893/711
f 798/1589/798 777/1668/777 947/1894/947
f 541/1015/541 799/1895/799 797/1717/797
f 660/1283/660 873/1720/873 893/1772/893
f 661/1284/661 826/1673/826 747/1478/747
f 687/1333/687 948/1896/948 730/1437/730
f 730/1437/730 894/1774/894 641/1243/641
f 439/805/439 613/1180/613 949/1897/949
f 613/1180/613 950/1898/950 949/1897/949
f 850/1783/850 896/1782/896 780/1899/780
f 807/1607/807 951/1900/951 898/1792/898
f 832/1843/832 691/1901/691 952/1902/952
f 691/1903/691 899/1904/899 952/1905/952
f 783/1684/783 784/1556/784 953/1906/953
f 783/1555/783 953/1907/953 927/1848/927
f 574/1087/574 695/1350/695 954/1908/954
f 696/1351/696 928/1909/928 787/1559/787
f 618/1188/618 929/1910/929 902/1798/902
f 736/1688/736 903/1800/903 856/1689/856
f 859/1696/859 908/1807/908 955/1911/955
f 812/1616/812 907/1806/907 884/1912/884
f 650/1863/650 931/1862/931 933/1913/933
f 771/1522/771 935/1870/935 720/1411/720
f 816/1914/816 862/1915/862 956/1916/956
f 674/1308/674 937/1872/937 703/1372/703
f 864/1917/864 957/1918/957 792/1919/792
f 865/1707/865 937/1872/937 674/1308/674
f 630/1920/630 676/1921/676 958/1922/958
f 867/1710/867 959/1923/959 655/1824/655
f 631/1217/631 838/1656/838 940/1878/940
f 941/1879/941 722/1415/722 943/1883/943
f 579/1924/579 919/1925/919 942/1926/942
f 823/1631/823 921/1888/921 946/1927/946
f 657/1278/657 870/1715/870 922/1832/922
f 778/1928/778 924/1839/924 711/1395/711
f 960/1929/960 746/1474/746 712/1473/712
f 950/1930/950 849/1675/849 894/1774/894
f 949/1931/949 441/1932/441 439/1933/439
f 610/1246/610 828/1641/828 961/1934/961
f 950/1898/950 613/1180/613 962/1935/962
f 963/1936/963 895/1778/895 874/1775/874
f 613/1180/613 585/1676/585 964/1937/964
f 965/1938/965 804/1602/804 441/812/441
f 963/1939/963 896/1782/896 895/1940/895
f 966/1941/966 780/1899/780 896/1782/896
f 967/1942/967 807/1682/807 750/1681/750
f 968/1943/968 645/1944/645 831/1945/831
f 969/1946/969 951/1900/951 807/1607/807
f 574/1087/574 954/1908/954 881/1735/881
f 970/1947/970 856/1689/856 903/1800/903
f 929/1910/929 755/1486/755 971/1948/971
f 971/1948/971 834/1651/834 906/1805/906
f 971/1948/971 755/1486/755 834/1651/834
f 972/1949/972 908/1807/908 836/1654/836
f 836/1950/836 885/1951/885 972/1952/972
f 973/1953/973 909/1954/909 884/1912/884
f 885/1860/885 910/1859/910 974/1955/974
f 934/1956/934 911/1811/911 650/1813/650
f 975/1957/975 861/1958/861 814/1959/814
f 814/1814/814 912/1816/912 975/1960/975
f 976/1961/976 673/1307/673 886/1747/886
f 938/1873/938 886/1747/886 703/1372/703
f 977/1962/977 760/1963/760 939/1964/939
f 977/1965/977 915/1966/915 760/1967/760
f 978/1968/978 721/1414/721 915/1822/915
f 794/1580/794 916/1823/916 330/573/330
f 979/1969/979 761/1882/761 942/1881/942
f 980/1970/980 819/1753/819 818/1625/818
f 888/1971/888 819/1972/819 980/1973/980
f 888/1757/888 633/1225/633 819/1627/819
f 869/1713/869 678/1315/678 944/1884/944
f 920/1829/920 773/1530/773 981/1974/981
f 841/1662/841 982/1975/982 796/1586/796
f 983/1976/983 763/1531/763 820/1628/820
f 763/1499/763 983/1977/983 984/1978/984
f 946/1887/946 774/1532/774 985/1979/985
f 984/1978/984 821/1629/821 763/1499/763
f 823/1631/823 946/1927/946 986/1980/986
f 946/1887/946 921/1830/921 842/1663/842
f 921/1888/921 922/1832/922 845/1981/845
f 778/1982/778 725/1983/725 923/1984/923
f 871/1716/871 987/1985/987 890/1890/890
f 947/1894/947 745/1470/745 798/1589/798
f 638/1986/638 746/1987/746 988/1988/988
f 746/1474/746 960/1929/960 988/1989/988
f 658/1280/658 824/1768/824 989/1990/989
f 686/1477/686 800/1596/800 727/1475/727
f 960/1991/960 712/1992/712 891/1993/891
f 962/1994/962 874/1722/874 849/1675/849
f 613/1995/613 964/1996/964 962/1997/962
f 585/1998/585 586/1999/586 964/1996/964
f 896/1782/896 963/1939/963 966/1941/966
f 803/1601/803 877/1725/877 990/2000/990
f 733/1442/733 878/1729/878 876/1724/876
f 878/2001/878 734/1842/734 926/1844/926
f 808/1648/808 991/2002/991 833/1794/833
f 954/1908/954 695/1350/695 809/1610/809
f 809/1610/809 854/1686/854 992/2003/992
f 882/1736/882 901/1797/901 649/1260/649
f 854/1686/854 754/1485/754 902/1798/902
f 788/1652/788 930/1856/930 907/1857/907
f 906/2004/906 859/1696/859 955/1911/955
f 972/1952/972 885/1951/885 993/2005/993
f 885/2006/885 974/2007/974 993/2008/993
f 909/1808/909 994/2009/994 931/1858/931
f 935/1870/935 995/2010/995 720/1411/720
f 837/1655/837 817/1708/817 866/1709/866
f 978/1968/978 996/2011/996 721/1414/721
f 721/2012/721 996/2013/996 793/2014/793
f 652/1460/652 940/1878/940 705/2015/705
f 655/1824/655 959/1923/959 917/1825/917
f 838/1656/838 941/1879/941 997/2016/997
f 706/1381/706 998/2017/998 868/1712/868
f 999/2018/999 840/1660/840 868/1712/868
f 944/1884/944 796/1586/796 982/1975/982
f 773/1530/773 762/1498/762 1000/2019/1000
f 820/1628/820 945/2020/945 983/1976/983
f 762/1498/762 724/1661/724 986/1980/986
f 724/1661/724 823/1631/823 986/1980/986
f 821/1629/821 1001/2021/1001 844/1665/844
f 890/2022/890 987/2023/987 777/1668/777
f 745/2024/745 947/2025/947 847/1670/847
f 686/1477/686 1002/2026/1002 800/1596/800
f 747/1478/747 1003/2027/1003 891/1770/891
f 826/1673/826 1004/2028/1004 747/1478/747
f 714/1402/714 1005/2029/1005 826/1639/826
f 765/1501/765 893/1773/893 892/1771/892
f 894/1774/894 949/1931/949 950/1930/950
f 950/2030/950 1006/2031/1006 849/2032/849
f 610/1246/610 961/1934/961 801/1599/801
f 950/2030/950 962/2033/962 1006/2031/1006
f 828/1641/828 897/1785/897 961/1934/961
f 804/1604/804 851/1679/851 615/1182/615
f 966/1941/966 1007/2034/1007 780/1899/780
f 1007/2035/1007 1008/2036/1008 780/1548/780
f 803/1601/803 990/2000/990 897/1786/897
f 875/1788/875 1009/2037/1009 830/1789/830
f 587/1114/587 830/1643/830 1010/2038/1010
f 807/1682/807 967/1942/967 969/2039/969
f 879/1733/879 1011/2040/1011 880/1734/880
f 784/1608/784 852/1683/852 1012/2041/1012
f 880/2042/880 1011/2043/1011 831/2044/831
f 899/2045/899 785/2046/785 1013/2047/1013
f 808/1648/808 927/1848/927 991/2002/991
f 904/2048/904 930/1856/930 883/1739/883
f 908/2049/908 972/2050/972 1014/2051/1014
f 884/1912/884 907/1806/907 973/1953/973
f 910/1859/910 932/2052/932 974/1955/974
f 995/2010/995 936/2053/936 720/1411/720
f 957/1636/957 914/1820/914 792/1578/792
f 937/1872/937 1015/2054/1015 938/1873/938
f 915/2055/915 977/2056/977 1016/2057/1016
f 958/2058/958 676/2059/676 1017/2060/1017
f 998/2017/998 999/2018/999 868/1712/868
f 1018/2061/1018 818/2062/818 918/2063/918
f 888/1757/888 1019/2064/1019 945/1885/945
f 920/1829/920 1020/2065/1020 919/1828/919
f 1019/2066/1019 1021/2067/1021 945/2068/945
f 981/2069/981 773/2070/773 1000/2071/1000
f 983/2072/983 982/1975/982 984/2073/984
f 984/1978/984 1001/2021/1001 821/1629/821
f 841/1662/841 843/1664/843 1001/2074/1001
f 1022/2075/1022 986/1980/986 946/1927/946
f 844/1761/844 1001/2074/1001 843/1664/843
f 845/1666/845 1023/2076/1023 923/1833/923
f 871/1716/871 1024/2077/1024 987/1985/987
f 658/1280/658 1024/2077/1024 871/1716/871
f 799/1592/799 872/1718/872 1025/2078/1025
f 847/1670/847 1002/2079/1002 686/1330/686
f 924/1839/924 873/2080/873 764/1840/764
f 800/1596/800 1026/2081/1026 848/1721/848
f 687/1333/687 825/1638/825 948/1896/948
f 948/2082/948 894/1943/894 730/2083/730
f 949/1931/949 965/2084/965 441/1932/441
f 874/2085/874 962/2086/962 1027/2087/1027
f 874/2085/874 1027/2087/1027 1028/2088/1028
f 874/1775/874 1028/1535/1028 963/1936/963
f 925/1841/925 1029/2089/1029 781/1550/781
f 851/1679/851 782/2090/782 570/1077/570
f 876/1724/876 878/1729/878 1030/2091/1030
f 1010/2038/1010 806/1605/806 587/1114/587
f 951/1900/951 1031/2092/1031 898/1792/898
f 898/1792/898 1031/2092/1031 879/1733/879
f 784/1608/784 1012/2041/1012 953/1907/953
f 785/2046/785 853/2093/853 1013/2047/1013
f 853/2093/853 881/2094/881 1032/2095/1032
f 833/1650/833 991/2096/991 1033/2097/1033
f 833/1650/833 1033/2097/1033 786/1558/786
f 854/1686/854 902/1798/902 992/2003/992
f 696/1351/696 1034/2098/1034 928/1909/928
f 904/2099/904 905/2100/905 1035/2101/1035
f 856/1689/856 1036/2102/1036 905/1854/905
f 908/2049/908 1014/2051/1014 955/2103/955
f 909/2104/909 1037/2105/1037 1038/2106/1038
f 973/1953/973 1037/2107/1037 909/1954/909
f 909/1808/909 1038/2108/1038 1039/2109/1039
f 909/1808/909 1039/2109/1039 994/2009/994
f 994/2110/994 1040/2111/1040 931/1862/931
f 931/1862/931 1040/2111/1040 933/1913/933
f 932/1861/932 861/1699/861 975/2112/975
f 912/1816/912 1041/2113/1041 975/1960/975
f 673/1307/673 1042/2114/1042 862/1700/862
f 673/2115/673 976/2116/976 1042/2117/1042
f 886/1747/886 1043/2118/1043 976/1961/976
f 914/1874/914 957/2119/957 939/1875/939
f 937/1872/937 865/1707/865 1015/2054/1015
f 915/1822/915 1016/2120/1016 978/1968/978
f 887/1752/887 761/1497/761 1044/2121/1044
f 839/2122/839 1045/2123/1045 1018/2061/1018
f 761/1497/761 979/2124/979 1044/2121/1044
f 839/2125/839 1018/2126/1018 918/2127/918
f 818/2062/818 1018/2061/1018 1046/2128/1046
f 1047/2129/1047 941/1879/941 943/1883/943
f 980/1970/980 1048/2130/1048 1049/2131/1049
f 980/1970/980 1049/2131/1049 888/2132/888
f 943/1883/943 869/1713/869 944/1884/944
f 1000/2071/1000 1020/2133/1020 981/2069/981
f 1020/2133/1020 920/2134/920 981/2069/981
f 795/1755/795 840/1754/840 1050/2135/1050
f 795/1755/795 1050/2135/1050 774/1532/774
f 774/1532/774 1050/2135/1050 985/1979/985
f 982/1975/982 983/2072/983 945/2068/945
f 841/1662/841 1001/2074/1001 982/1975/982
f 984/2073/984 982/1975/982 1001/2074/1001
f 845/1981/845 922/1832/922 1023/2136/1023
f 1023/2136/1023 922/1832/922 870/1715/870
f 923/2137/923 1023/2138/1023 778/2139/778
f 797/1587/797 1051/2140/1051 870/1715/870
f 658/1280/658 989/1990/989 1024/2077/1024
f 638/1986/638 988/1988/988 779/1767/779
f 847/1670/847 947/2025/947 1002/2079/1002
f 873/2080/873 924/1839/924 1052/2141/1052
f 1003/2027/1003 747/1478/747 1004/2028/1004
f 1026/2142/1026 729/1672/729 848/1671/848
f 1026/2143/1026 825/1387/825 729/2144/729
f 873/1720/873 1052/2145/1052 893/1772/893
f 894/1774/894 965/2084/965 949/1931/949
f 849/2032/849 1006/2031/1006 962/2033/962
f 780/1548/780 1008/2036/1008 875/1723/875
f 781/1550/781 1029/2089/1029 750/1481/750
f 877/1728/877 645/1727/645 968/2146/968
f 1053/2147/1053 1054/2148/1054 969/2039/969
f 831/1945/831 1011/2149/1011 968/1943/968
f 954/2150/954 1055/2151/1055 881/2094/881
f 786/1558/786 1056/2152/1056 900/1796/900
f 900/1796/900 1056/2152/1056 882/1736/882
f 809/1610/809 992/2003/992 954/1908/954
f 901/1797/901 1034/2098/1034 696/1351/696
f 928/2153/928 1034/2154/1034 903/2155/903
f 970/1947/970 1036/2102/1036 856/1689/856
f 971/1948/971 906/1805/906 1057/2156/1057
f 906/2004/906 955/1911/955 1058/2157/1058
f 973/1953/973 907/1806/907 1037/2107/1037
f 993/2158/993 974/1955/974 1059/2159/1059
f 1039/2109/1039 1040/2160/1040 994/2009/994
f 932/2052/932 1060/2161/1060 974/1955/974
f 975/2112/975 1061/2162/1061 932/1861/932
f 912/2163/912 816/2164/816 956/2165/956
f 772/1523/772 913/2166/913 864/1705/864
f 996/2011/996 866/1709/866 793/1579/793
f 1062/2167/1062 1018/2168/1018 1045/2169/1045
f 941/1879/941 1047/2129/1047 997/2016/997
f 1048/2130/1048 980/1970/980 818/1625/818
f 1046/2170/1046 1048/2171/1048 818/2172/818
f 1063/2173/1063 1049/2174/1049 1047/2129/1047
f 1063/2173/1063 1047/2129/1047 943/1883/943
f 1049/2175/1049 1019/2176/1019 888/2177/888
f 943/1883/943 944/1884/944 1021/2067/1021
f 1064/2178/1064 840/1754/840 999/2179/999
f 944/1884/944 982/1975/982 945/2068/945
f 1023/2136/1023 870/1715/870 1051/2140/1051
f 891/1993/891 1003/2180/1003 960/1991/960
f 824/1768/824 892/2181/892 989/1990/989
f 1052/2182/1052 892/1771/892 893/1773/893
f 1065/2183/1065 892/1771/892 1052/2182/1052
f 1066/2184/1066 894/2185/894 948/2186/948
f 878/2001/878 926/1844/926 1067/2187/1067
f 1068/2188/1068 969/2039/969 967/1942/967
f 832/1843/832 952/1902/952 926/1844/926
f 969/2189/969 1054/2190/1054 1069/2191/1069
f 969/2192/969 1069/2193/1069 951/2194/951
f 1056/2152/1056 786/1558/786 1033/2097/1033
f 1070/2195/1070 904/2196/904 1035/2197/1035
f 1071/2198/1071 907/1857/907 930/1856/930
f 1071/2199/1071 1037/2107/1037 907/1806/907
f 993/2200/993 1059/2201/1059 1072/2202/1072
f 1059/2159/1059 974/1955/974 1073/2203/1073
f 911/1867/911 1074/2204/1074 935/1868/935
f 1075/2205/1075 935/2206/935 1074/2207/1074
f 1041/2208/1041 912/2163/912 956/2165/956
f 1076/2209/1076 936/1871/936 995/2210/995
f 1077/2211/1077 886/1747/886 938/1873/938
f 1077/2212/1077 1043/2213/1043 886/2214/886
f 1078/2215/1078 677/1313/677 916/1823/916
f 917/2216/917 1079/2217/1079 706/2218/706
f 887/1752/887 1044/2121/1044 1080/2219/1080
f 998/2220/998 706/2218/706 1079/2217/1079
f 998/2017/998 1081/2221/1081 999/2018/999
f 1047/2129/1047 1049/2174/1049 997/2016/997
f 942/1881/942 919/2222/919 979/1969/979
f 1049/2174/1049 1063/2173/1063 1019/2066/1019
f 943/1883/943 1021/2067/1021 1063/2173/1063
f 1063/2223/1063 1021/2224/1021 1019/2225/1019
f 1021/2067/1021 944/1884/944 945/2068/945
f 1082/2226/1082 1000/2227/1000 1083/2228/1083
f 1082/2226/1082 1020/2229/1020 1000/2227/1000
f 840/1754/840 1064/2178/1064 1050/2135/1050
f 1000/2019/1000 762/1498/762 1022/2075/1022
f 1022/2075/1022 762/1498/762 986/1980/986
f 797/1587/797 799/1592/799 1051/2140/1051
f 779/1767/779 988/1988/988 872/1718/872
f 1004/2230/1004 826/1639/826 1005/2029/1005
f 748/1546/748 801/1599/801 1005/2029/1005
f 1084/2231/1084 586/1999/586 782/2232/782
f 966/1941/966 1008/2233/1008 1007/2034/1007
f 1085/2234/1085 782/2090/782 851/1679/851
f 1030/2091/1030 878/1729/878 1067/2235/1067
f 1086/2236/1086 967/1942/967 750/1681/750
f 1067/2187/1067 926/1844/926 1087/2237/1087
f 1088/2238/1088 1054/2148/1054 1053/2147/1053
f 1088/2238/1088 952/2239/952 1054/2148/1054
f 1054/2240/1054 952/2241/952 1069/2242/1069
f 1069/2242/1069 952/2241/952 1089/2243/1089
f 1089/2243/1089 952/2241/952 899/2045/899
f 1013/2047/1013 853/2093/853 1090/2244/1090
f 853/2093/853 1032/2095/1032 1090/2244/1090
f 953/1907/953 1091/2245/1091 927/1848/927
f 1034/2246/1034 970/1947/970 903/1800/903
f 1092/2247/1092 902/1798/902 929/1910/929
f 1070/2195/1070 930/2248/930 904/2196/904
f 1036/2102/1036 1093/2249/1093 905/1854/905
f 1057/2250/1057 906/2004/906 1058/2157/1058
f 1058/2157/1058 955/1911/955 1014/2251/1014
f 1094/2252/1094 1038/2106/1038 1037/2105/1037
f 1094/2252/1094 1037/2105/1037 1071/2253/1071
f 972/1949/972 993/2200/993 1072/2202/1072
f 1076/2209/1076 863/1702/863 936/1871/936
f 913/2254/913 957/1918/957 864/1917/864
f 957/2255/957 1095/2256/1095 939/2257/939
f 837/1655/837 1096/2258/1096 865/1707/865
f 677/1313/677 1078/2215/1078 839/1658/839
f 1044/2121/1044 979/2124/979 1097/2259/1097
f 1044/2121/1044 1097/2259/1097 1098/2260/1098
f 1062/2261/1062 1046/2128/1046 1018/2061/1018
f 1049/2174/1049 1099/2262/1099 997/2016/997
f 1083/2263/1083 1100/2264/1100 1064/2265/1064
f 799/1592/799 1025/2078/1025 1051/2140/1051
f 947/1894/947 777/1668/777 987/2023/987
f 778/1928/778 1101/2266/1101 924/1839/924
f 800/1596/800 1002/2026/1002 1102/2267/1102
f 800/1596/800 1102/2267/1102 1026/2081/1026
f 1052/2141/1052 1103/2268/1103 1065/2269/1065
f 748/1546/748 1005/2029/1005 714/1402/714
f 894/2270/894 1066/2271/1066 965/1938/965
f 829/1642/829 805/1603/805 1104/2272/1104
f 962/1997/962 964/1996/964 1027/2273/1027
f 961/1934/961 897/1785/897 1105/2274/1105
f 804/1604/804 1106/2275/1106 851/1679/851
f 1068/2188/1068 1053/2147/1053 969/2039/969
f 806/1791/806 1107/2276/1107 751/1732/751
f 1031/2277/1031 1108/2278/1108 879/2279/879
f 879/1733/879 1108/2280/1108 1011/2040/1011
f 881/2094/881 1055/2151/1055 1032/2095/1032
f 992/2003/992 1109/2281/1109 954/1908/954
f 929/1910/929 1110/2282/1110 1092/2247/1092
f 1035/2197/1035 1111/2283/1111 1070/2195/1070
f 1035/2284/1035 1093/2285/1093 1111/2286/1111
f 1035/2284/1035 905/2287/905 1093/2285/1093
f 1094/2288/1094 1112/2289/1112 1038/2290/1038
f 1038/2290/1038 1112/2289/1112 1039/2291/1039
f 1059/2292/1059 1073/2293/1073 1113/2294/1113
f 1039/2295/1039 1114/2296/1114 1040/2297/1040
f 1060/2161/1060 1073/2203/1073 974/1955/974
f 932/2052/932 1061/2298/1061 1060/2161/1060
f 935/2206/935 1075/2205/1075 995/2299/995
f 863/1817/863 1115/2300/1115 913/1818/913
f 1043/2118/1043 1077/2211/1077 976/1961/976
f 866/1709/866 996/2011/996 1116/2301/1116
f 866/1709/866 1116/2301/1116 1117/2302/1117
f 866/1709/866 1117/2302/1117 837/1655/837
f 630/1459/630 1118/2303/1118 867/1710/867
f 705/2015/705 940/1878/940 1119/2304/1119
f 676/1495/676 887/1752/887 1017/2305/1017
f 1049/2174/1049 1048/2306/1048 1099/2262/1099
f 979/2124/979 919/2307/919 1097/2259/1097
f 1081/2308/1081 1064/2178/1064 999/2179/999
f 919/1828/919 1020/2065/1020 1082/2309/1082
f 1083/2228/1083 1064/2178/1064 1082/2226/1082
f 1083/2263/1083 1000/2019/1000 1100/2264/1100
f 1100/2264/1100 985/2310/985 1064/2265/1064
f 1064/2265/1064 985/2310/985 1050/2311/1050
f 1000/2019/1000 1022/2075/1022 1100/2264/1100
f 985/1979/985 1022/2312/1022 946/1887/946
f 924/1839/924 1103/2268/1103 1052/2141/1052
f 825/2313/825 1120/2314/1120 948/2315/948
f 801/1599/801 961/1934/961 1121/2316/1121
f 1105/2317/1105 1122/2318/1122 961/2319/961
f 1027/2273/1027 964/1996/964 1123/2320/1123
f 1028/2088/1028 1027/2087/1027 1124/2321/1124
f 964/1996/964 586/1999/586 1123/2320/1123
f 1087/2237/1087 926/1844/926 952/1902/952
f 951/1900/951 1125/2322/1125 1031/2092/1031
f 899/2045/899 1013/2047/1013 1089/2243/1089
f 1011/2040/1011 1108/2280/1108 1126/2323/1126
f 1012/2041/1012 1091/2245/1091 953/1907/953
f 1034/2324/1034 901/2325/901 970/2315/970
f 1070/2195/1070 1127/2326/1127 930/2248/930
f 1057/2327/1057 1058/2328/1058 1128/2329/1128
f 1014/2251/1014 1129/2330/1129 1058/2157/1058
f 972/1949/972 1072/2202/1072 1014/2251/1014
f 933/1913/933 1114/2331/1114 934/2332/934
f 1061/2162/1061 975/2112/975 1130/2333/1130
f 913/2254/913 1131/2334/1131 957/1918/957
f 1077/2211/1077 938/1873/938 1132/2335/1132
f 938/1873/938 1015/2054/1015 1132/2335/1132
f 939/2336/939 1095/2337/1095 977/2056/977
f 1117/2302/1117 1133/2338/1133 837/1655/837
f 919/1828/919 1134/2339/1134 1097/2340/1097
f 1081/2308/1081 1135/2341/1135 1064/2178/1064
f 919/1828/919 1082/2309/1082 1134/2339/1134
f 1135/2341/1135 1082/2226/1082 1064/2178/1064
f 1100/2342/1100 1022/2312/1022 985/1979/985
f 1023/2343/1023 1136/2344/1136 778/1928/778
f 987/2345/987 1002/2079/1002 947/2025/947
f 924/1839/924 1101/2266/1101 1137/2346/1137
f 989/1990/989 1138/2347/1138 1024/2077/1024
f 892/2181/892 1139/2348/1139 989/1990/989
f 961/2319/961 1122/2318/1122 1121/2349/1121
f 963/1939/963 1028/2088/1028 966/1941/966
f 1028/2088/1028 1140/2350/1140 966/1941/966
f 1105/2274/1105 897/1785/897 1141/2351/1141
f 1123/2320/1123 586/1999/586 1084/2231/1084
f 1106/2275/1106 1085/2234/1085 851/1679/851
f 782/2090/782 1085/2234/1085 1084/2352/1084
f 966/1941/966 1140/2350/1140 1008/2233/1008
f 830/2353/830 1107/1982/1107 1010/2354/1010
f 877/2355/877 968/2356/968 1142/2357/1142
f 1107/2276/1107 806/1791/806 1010/2358/1010
f 951/2359/951 1143/2360/1143 1125/2361/1125
f 1069/2362/1069 1143/2363/1143 951/2364/951
f 1089/2243/1089 1143/2365/1143 1069/2242/1069
f 1089/2243/1089 1013/2047/1013 1143/2365/1143
f 1091/2245/1091 991/2002/991 927/1848/927
f 971/1948/971 1144/2366/1144 929/1910/929
f 1057/2327/1057 1128/2329/1128 1145/2367/1145
f 1071/2368/1071 1146/2369/1146 1094/2288/1094
f 1072/2202/1072 1147/2370/1147 1129/2330/1129
f 1072/2202/1072 1129/2330/1129 1014/2251/1014
f 1072/2371/1072 1059/2372/1059 1147/2373/1147
f 1059/2374/1059 1113/2375/1113 1147/2376/1147
f 1112/2377/1112 1148/2378/1148 1039/2379/1039
f 1039/2380/1039 1148/2381/1148 1114/2382/1114
f 1040/2111/1040 1114/2331/1114 933/1913/933
f 1060/2383/1060 1061/2384/1061 1149/2385/1149
f 934/2386/934 1114/2387/1114 911/2388/911
f 1077/2211/1077 1042/2114/1042 976/1961/976
f 865/1707/865 1096/2258/1096 1015/2054/1015
f 1116/2389/1116 1150/2390/1150 1117/2391/1117
f 997/2016/997 1151/2392/1151 838/1656/838
f 1044/2393/1044 1098/2394/1098 1152/2395/1152
f 1153/2396/1153 997/2397/997 1099/2398/1099
f 1062/2261/1062 1154/2399/1154 1046/2128/1046
f 1098/2260/1098 1097/2259/1097 1152/2400/1152
f 1097/2259/1097 1155/2401/1155 1152/2400/1152
f 1082/2309/1082 1135/2402/1135 1134/2339/1134
f 1023/2136/1023 1051/2140/1051 1156/2403/1156
f 1023/2136/1023 1156/2403/1156 1136/2404/1136
f 1003/2180/1003 1004/2405/1004 1157/2406/1157
f 1026/2407/1026 1120/2314/1120 825/2313/825
f 1004/2405/1004 1005/2408/1005 1157/2406/1157
f 1139/2409/1139 892/1771/892 1065/2183/1065
f 1120/2410/1120 1158/2411/1158 948/2412/948
f 1159/2413/1159 1122/2318/1122 1105/2317/1105
f 1104/2272/1104 805/1603/805 876/1724/876
f 1105/2274/1105 1141/2351/1141 1159/2414/1159
f 1104/2272/1104 876/1724/876 1030/2091/1030
f 1142/2139/1142 990/2415/990 877/2416/877
f 1009/2417/1009 1107/2418/1107 830/2419/830
f 1088/2238/1088 1160/2420/1160 952/2239/952
f 968/2356/968 1011/2421/1011 1161/2422/1161
f 1031/2092/1031 1125/2322/1125 1108/2280/1108
f 1013/2047/1013 1090/2244/1090 1143/2365/1143
f 1090/2244/1090 1032/2095/1032 1162/2423/1162
f 1110/2282/1110 929/1910/929 1144/2366/1144
f 1163/2424/1163 1057/2425/1057 1145/2426/1145
f 1164/2427/1164 1112/2428/1112 1165/2429/1165
f 1112/2430/1112 1164/2431/1164 1148/2432/1148
f 1166/2433/1166 1148/2381/1148 1164/2434/1164
f 1113/2294/1113 1073/2293/1073 1167/2435/1167
f 1149/2436/1149 1073/2203/1073 1060/2161/1060
f 1168/2437/1168 911/2438/911 1114/2439/1114
f 1169/2440/1169 975/2441/975 1041/2442/1041
f 1170/2443/1170 1041/2442/1041 956/2444/956
f 1133/2338/1133 1096/2258/1096 837/1655/837
f 1171/2445/1171 916/1823/916 794/1580/794
f 1171/2445/1171 1078/2215/1078 916/1823/916
f 940/2446/940 838/2447/838 1151/2448/1151
f 1172/2449/1172 1045/2123/1045 839/2122/839
f 1045/2123/1045 1154/2399/1154 1062/2261/1062
f 1046/2128/1046 1153/2450/1153 1048/2451/1048
f 1153/2396/1153 1099/2398/1099 1048/2452/1048
f 1173/2453/1173 1135/2341/1135 1081/2308/1081
f 1155/2401/1155 1097/2259/1097 1134/2454/1134
f 1134/2454/1134 1135/2455/1135 1155/2401/1155
f 1101/2266/1101 778/1928/778 1136/2344/1136
f 1156/2403/1156 1051/2140/1051 1025/2078/1025
f 987/1985/987 1024/2077/1024 1002/2456/1002
f 1174/2457/1174 1065/2269/1065 1103/2268/1103
f 1175/2458/1175 801/1599/801 1121/2316/1121
f 689/1441/689 829/2459/829 925/1841/925
f 1142/2357/1142 968/2356/968 1176/2460/1176
f 1087/2237/1087 952/1902/952 1160/2461/1160
f 1011/2421/1011 1126/2462/1126 1177/2463/1177
f 1032/2095/1032 1055/2151/1055 1178/2464/1178
f 1178/2464/1178 1055/2151/1055 954/2150/954
f 954/2150/954 1109/2465/1109 1178/2464/1178
f 901/1797/901 882/1736/882 1056/2152/1056
f 992/2003/992 902/1798/902 1179/2466/1179
f 1179/2466/1179 902/1798/902 1092/2247/1092
f 1070/2195/1070 1111/2283/1111 1180/2467/1180
f 1163/2468/1163 971/2469/971 1057/2470/1057
f 1127/2471/1127 1181/2472/1181 930/2473/930
f 1058/2157/1058 1129/2330/1129 1182/2474/1182
f 1165/2475/1165 1112/2289/1112 1094/2288/1094
f 1113/2294/1113 1167/2435/1167 1183/2476/1183
f 1183/2476/1183 1167/2435/1167 1184/2477/1184
f 1130/2478/1130 975/2441/975 1169/2440/1169
f 1169/2440/1169 1041/2442/1041 1170/2443/1170
f 1132/2335/1132 1015/2054/1015 1185/2479/1185
f 1016/2120/1016 1186/2480/1186 978/1968/978
f 978/835/978 1186/2481/1186 996/2482/996
f 1150/2483/1150 1187/2484/1187 1117/2302/1117
f 998/2220/998 1173/2453/1173 1081/2308/1081
f 1173/2453/1173 1155/2485/1155 1135/2341/1135
f 1025/2078/1025 872/1718/872 1156/2403/1156
f 872/1718/872 988/1988/988 1188/2486/1188
f 1002/2026/1002 1024/2487/1024 1189/2488/1189
f 1002/2026/1002 1189/2488/1189 1102/2267/1102
f 960/1991/960 1003/2180/1003 1190/2489/1190
f 924/1839/924 1191/2490/1191 1103/2268/1103
f 989/1990/989 1139/2348/1139 1192/2491/1192
f 948/2492/948 1193/2493/1193 1066/2271/1066
f 1005/2029/1005 801/1599/801 1175/2458/1175
f 965/1938/965 1066/2271/1066 1194/2494/1194
f 965/1938/965 1195/2495/1195 804/1602/804
f 1121/2496/1121 1122/2497/1122 1196/2498/1196
f 1028/2088/1028 1197/2499/1197 1140/2350/1140
f 1159/2414/1198 1141/2351/1199 1029/2500/1200
f 1029/2089/1029 1086/2501/1086 750/1481/750
f 1030/2502/1030 1067/2187/1067 1087/2237/1087
f 875/1788/875 1198/2503/1201 1009/2037/1009
f 1176/2460/1176 968/2356/968 1161/2422/1161
f 1143/2365/1143 1199/2504/1202 1125/2505/1125
f 1125/2505/1125 1199/2504/1202 1108/2506/1108
f 1090/2244/1090 1199/2504/1202 1143/2365/1143
f 1012/2041/1012 1200/2507/1203 1091/2245/1091
f 1108/2506/1108 1199/2504/1202 1126/2462/1126
f 1162/2423/1162 1032/2095/1032 1178/2464/1178
f 991/2096/991 1201/2508/1204 1033/2097/1033
f 901/2325/901 1202/2509/1205 970/2315/970
f 1092/2510/1092 1110/2511/1110 1203/2512/1206
f 1202/2513/1205 1036/2102/1036 970/1947/970
f 1111/2286/1111 1093/2285/1093 1180/2514/1180
f 1204/2515/1207 1093/2249/1093 1036/2102/1036
f 1181/2472/1181 1071/2368/1071 930/2473/930
f 1182/2474/1182 1129/2330/1129 1147/2370/1147
f 1205/2516/1208 1113/2294/1113 1183/2476/1183
f 1205/2517/1208 1183/2518/1183 1206/2519/1209
f 1166/2433/1166 1207/2520/1210 1148/2381/1148
f 1206/2519/1209 1183/2518/1183 1184/2521/1184
f 1114/2382/1114 1148/2381/1148 1207/2520/1210
f 1167/2435/1167 1073/2293/1073 1184/2477/1184
f 1184/2477/1184 1073/2293/1073 1149/2522/1149
f 1149/2523/1149 1061/2524/1061 1208/2525/1211
f 1209/2526/1212 956/1916/956 862/1915/862
f 1209/2527/1212 862/1700/862 1210/2528/1213
f 1210/2528/1213 862/1700/862 1042/2114/1042
f 1115/2529/1115 1211/2530/1214 913/2531/913
f 1095/2337/1095 957/1918/957 1131/2334/1131
f 1212/2532/1215 1116/2301/1116 996/2011/996
f 1116/2533/1116 1187/2534/1187 1150/2535/1150
f 1017/2305/1017 887/1752/887 1213/2536/1216
f 1214/2537/1217 1154/2399/1154 1045/2123/1045
f 1215/2538/1218 998/2220/998 1079/2217/1079
f 1215/2538/1218 1173/2453/1173 998/2220/998
f 1216/2539/1219 1046/2128/1046 1154/2399/1154
f 1216/2539/1219 1153/2450/1153 1046/2128/1046
f 1215/2538/1218 1155/2485/1155 1173/2453/1173
f 1217/2540/1220 1152/2400/1152 1155/2401/1155
f 1024/2077/1024 1138/2347/1138 1189/2541/1189
f 989/1990/989 1192/2491/1192 1138/2347/1138
f 1137/2346/1137 1191/2490/1191 924/1839/924
f 1157/2406/1157 1005/2408/1005 1218/2542/1221
f 1139/2409/1139 1065/2183/1065 1174/2543/1174
f 1158/2544/1158 1193/2545/1193 948/2546/948
f 1219/2547/1222 1005/2408/1005 1220/2548/1223
f 1005/2408/1005 1175/2549/1175 1220/2548/1223
f 1175/2550/1175 829/1642/829 1221/2551/1224
f 1194/2494/1194 1195/2495/1195 965/1938/965
f 829/2459/829 1175/2552/1175 925/1841/925
f 1175/2552/1175 1121/2553/1121 925/1841/925
f 1222/2554/1225 1029/2089/1029 925/1841/925
f 1124/2555/1124 1027/2273/1027 1123/2320/1123
f 1124/2321/1124 1197/2499/1197 1028/2088/1028
f 1196/2498/1196 1122/2497/1122 1223/2556/1226
f 1223/2556/1226 1122/2497/1122 1159/2557/1159
f 1224/2558/1227 1123/2320/1123 1084/2231/1084
f 1223/2556/1226 1159/2557/1159 1141/2559/1141
f 1141/2560/1141 897/2561/897 1225/2562/1228
f 1226/2563/1229 1053/2147/1053 1068/2188/1068
f 1226/2563/1229 1088/2238/1088 1053/2147/1053
f 1227/2564/1230 852/1730/852 751/1732/751
f 1090/2244/1090 1162/2423/1162 1199/2504/1202
f 1109/2465/1109 992/2565/992 1179/2566/1179
f 1228/2567/1231 1070/2195/1070 1180/2467/1180
f 1228/2567/1231 1180/2467/1180 1229/2568/1232
f 1203/2569/1206 1110/2570/1110 1144/2571/1144
f 1165/2429/1165 1230/2378/1233 1164/2427/1164
f 1230/2378/1233 1166/2572/1166 1164/2427/1164
f 995/2210/995 1231/2573/1234 1076/2209/1076
f 1211/2574/1214 1131/2575/1131 913/2576/913
f 1077/2211/1077 1132/2335/1132 1232/2577/1235
f 1186/2480/1186 1212/2532/1215 996/2011/996
f 1015/2054/1015 1096/2258/1096 1233/2578/1236
f 1117/2302/1117 1187/2484/1187 1133/2338/1133
f 1213/2536/1216 887/1752/887 1080/2219/1080
f 1172/2579/1172 839/1658/839 1078/2215/1078
f 1215/2538/1218 1234/2580/1237 1155/2485/1155
f 1136/2344/1136 1235/2581/1238 1101/2266/1101
f 872/1718/872 1188/2486/1188 1156/2403/1156
f 1101/2266/1101 1235/2581/1238 1137/2346/1137
f 960/1991/960 1190/2489/1190 988/1988/988
f 1026/2081/1026 1102/2267/1102 1236/2582/1239
f 1026/2407/1026 1236/2583/1239 1120/2314/1120
f 1218/2584/1221 1005/2585/1005 1237/2586/1240
f 1238/2587/1241 1175/2550/1175 1221/2551/1224
f 1121/2588/1121 1222/2589/1225 925/2590/925
f 1223/2556/1226 1141/2559/1141 1239/2591/1242
f 1141/2592/1141 1225/2593/1228 1239/2594/1242
f 1160/2461/1160 1088/2595/1088 1226/2596/1229
f 1011/2421/1011 1177/2463/1177 1240/2597/1243
f 1199/2598/1202 1241/2599/1244 1126/2600/1126
f 1200/2507/1203 991/2002/991 1091/2245/1091
f 1126/2462/1126 1242/2601/1245 1177/2463/1177
f 1241/2599/1244 1242/2602/1245 1126/2600/1126
f 1162/2423/1162 1178/2464/1178 1243/2603/1246
f 1178/2464/1178 1109/2465/1109 1244/2604/1247
f 1245/2605/1248 901/1797/901 1056/2152/1056
f 1202/2513/1205 1204/2515/1207 1036/2102/1036
f 1228/2567/1231 1127/2326/1127 1070/2195/1070
f 1246/2606/1249 1163/2424/1163 1145/2426/1145
f 1163/2424/1163 1144/2607/1144 971/2608/971
f 1058/2328/1058 1247/2609/1250 1128/2329/1128
f 1181/2472/1181 1248/2610/1251 1071/2368/1071
f 1094/2288/1094 1146/2369/1146 1165/2475/1165
f 1147/2611/1147 1113/2294/1113 1182/2612/1182
f 1230/2613/1233 1207/2614/1210 1166/2615/1166
f 1184/2616/1184 1249/2617/1252 1206/2618/1209
f 1207/2520/1210 1250/2619/1253 1114/2382/1114
f 1184/2477/1184 1149/2522/1149 1249/2620/1252
f 1209/2526/1212 1170/2621/1170 956/1916/956
f 995/2299/995 1075/2205/1075 1231/2622/1234
f 1095/2337/1095 1251/2623/1254 977/2056/977
f 1116/2624/1116 1212/2625/1215 1252/2626/1255
f 958/2627/958 1118/2628/1118 630/2629/630
f 1253/2630/1256 1078/2215/1078 1171/2445/1171
f 1254/2631/1257 1172/2449/1172 1078/2632/1078
f 1192/2491/1192 1255/2633/1258 1138/2347/1138
f 1220/2634/1223 1175/2550/1175 1238/2587/1241
f 829/1642/829 1104/2272/1104 1221/2551/1224
f 1124/2555/1124 1123/2320/1123 1224/2558/1227
f 1121/2588/1121 1196/2635/1196 1222/2589/1225
f 1222/2554/1225 1086/2501/1086 1029/2089/1029
f 1196/2636/1196 1223/2637/1226 1256/2638/1259
f 1008/2233/1008 1140/2350/1140 1257/2639/1260
f 1030/2502/1030 1087/2237/1087 1258/2640/1261
f 1008/2036/1008 1198/2641/1201 875/1723/875
f 1087/2237/1087 1160/2461/1160 1259/2642/1262
f 1176/2460/1176 1161/2422/1161 1260/2643/1263
f 852/1683/852 1227/2644/1230 1012/2041/1012
f 1011/2421/1011 1240/2597/1243 1161/2422/1161
f 1162/2423/1162 1243/2603/1246 1199/2504/1202
f 1245/2605/1248 1033/2097/1033 1201/2508/1204
f 1245/2605/1248 1261/2645/1264 901/1797/901
f 1179/2566/1179 1244/2604/1247 1109/2465/1109
f 1229/2646/1232 1180/2514/1180 1093/2285/1093
f 1127/2326/1127 1228/2567/1231 1262/2647/1265
f 1263/2648/1266 1145/2367/1145 1128/2329/1128
f 1165/2649/1165 1264/2650/1267 1230/2651/1233
f 1230/2652/1233 1250/2619/1253 1207/2520/1210
f 1206/2618/1209 1249/2617/1252 1265/2653/1268
f 1266/2654/1269 1114/2382/1114 1250/2619/1253
f 1249/2655/1252 1149/2523/1149 1208/2525/1211
f 1266/2656/1269 1168/2657/1168 1114/2658/1114
f 1267/2659/1270 1208/2660/1211 1061/2661/1061
f 1267/2662/1270 1061/2162/1061 1130/2333/1130
f 1232/2577/1235 1132/2335/1132 1268/2663/1271
f 1268/2663/1271 1132/2335/1132 1185/2479/1185
f 1131/2334/1131 1251/2623/1254 1095/2337/1095
f 1269/2664/1272 1212/2665/1215 1186/2637/1186
f 1119/2666/1119 794/1877/794 705/1375/705
f 1213/2536/1216 958/2667/958 1017/2305/1017
f 1270/2668/1273 917/1825/917 959/1923/959
f 1190/2489/1190 1188/2486/1188 988/1988/988
f 1219/2669/1222 1220/2670/1223 1271/2671/1274
f 804/1604/804 1195/2672/1195 1106/2275/1106
f 1272/2673/1275 897/1786/897 990/2000/990
f 1273/2674/1276 1012/2675/1012 1227/2676/1230
f 1033/2097/1033 1245/2605/1248 1056/2152/1056
f 1261/2677/1264 1202/2509/1205 901/2325/901
f 1262/2647/1265 1274/2678/1277 1127/2326/1127
f 1058/2157/1058 1182/2474/1182 1275/2679/1278
f 1146/2369/1146 1264/2680/1267 1165/2475/1165
f 1182/2612/1182 1113/2294/1113 1205/2516/1208
f 1249/2681/1252 1276/2682/1279 1265/2683/1268
f 1042/2114/1042 1077/2211/1077 1277/2684/1280
f 1251/2623/1254 1016/2057/1016 977/2056/977
f 1212/2685/1215 1269/2686/1272 1252/2687/1255
f 1133/2338/1133 1233/2578/1236 1096/2258/1096
f 1252/2688/1255 1187/2534/1187 1116/2533/1116
f 867/1710/867 1270/2668/1273 959/1923/959
f 1214/2689/1217 1216/2690/1219 1154/2691/1154
f 1278/2692/1281 1155/2693/1155 1234/2694/1237
f 1137/2346/1137 1235/2581/1238 1279/2695/1282
f 1189/2488/1189 1280/2696/1283 1102/2267/1102
f 1190/2489/1190 1003/2180/1003 1281/2697/1284
f 1103/2268/1103 1282/2698/1285 1174/2457/1174
f 1237/2699/1240 1005/2408/1005 1219/2547/1222
f 1066/2271/1066 1193/2493/1193 1194/2494/1194
f 1238/2587/1241 1221/2551/1224 1283/2700/1286
f 1221/2551/1224 1104/2272/1104 1283/2700/1286
f 1124/2321/1124 1224/2701/1227 1197/2499/1197
f 1256/2702/1259 1223/2556/1226 1284/2703/1287
f 1085/2234/1085 1285/2704/1288 1084/2352/1084
f 1223/2556/1226 1239/2591/1242 1284/2703/1287
f 1225/2705/1228 897/1786/897 1272/2673/1275
f 1272/2706/1275 990/2707/990 1142/2357/1142
f 1009/2417/1009 1198/2708/1201 1107/2418/1107
f 1199/2504/1202 1243/2603/1246 1241/2709/1244
f 1244/2604/1247 1179/2566/1179 1286/2710/1289
f 1092/2711/1092 1286/2710/1289 1179/2566/1179
f 1229/2646/1232 1093/2285/1093 1287/2712/1290
f 1288/2713/1291 1274/2714/1277 1262/2715/1265
f 1246/2716/1249 1145/2367/1145 1263/2648/1266
f 1127/2471/1127 1289/2717/1292 1181/2472/1181
f 1058/2157/1058 1275/2679/1278 1247/2718/1250
f 1071/2368/1071 1248/2610/1251 1146/2369/1146
f 1205/2516/1208 1206/2719/1209 1182/2612/1182
f 1208/2525/1211 1276/2720/1279 1249/2655/1252
f 911/1867/911 1290/2397/1293 1074/2204/1074
f 1074/2207/1074 1290/2721/1293 1075/2205/1075
f 1209/2526/1212 1291/2722/1294 1170/2621/1170
f 1076/2723/1076 1115/2724/1115 863/2725/863
f 1292/2726/1295 1233/2727/1236 1133/2728/1133
f 794/1877/794 1119/2666/1119 1171/2729/1171
f 940/1878/940 1151/2392/1151 1119/2304/1119
f 1215/2538/1218 1079/2217/1079 1293/2730/1296
f 1215/2538/1218 1293/2730/1296 1234/2580/1237
f 1155/856/1155 1278/2731/1281 1217/2732/1220
f 1136/2404/1136 1156/2403/1156 1235/2733/1238
f 1156/2403/1156 1294/2734/1297 1235/2733/1238
f 1138/2347/1138 1280/2735/1283 1189/2541/1189
f 1191/2490/1191 1282/2698/1285 1103/2268/1103
f 1220/2634/1223 1238/2587/1241 1271/2736/1274
f 1195/2672/1195 1295/2737/1298 1106/2275/1106
f 1222/2589/1225 1256/2738/1259 1296/2739/1299
f 1196/2635/1196 1256/2738/1259 1222/2589/1225
f 1222/2554/1225 1296/2740/1299 1086/2501/1086
f 1297/2741/1300 1257/2639/1260 1140/2350/1140
f 1225/2705/1228 1272/2673/1275 1239/2742/1242
f 1258/2640/1261 1087/2237/1087 1298/2743/1301
f 1012/2041/1012 1299/2744/1302 1200/2507/1203
f 1241/2709/1244 1243/2603/1246 1242/2601/1245
f 1092/2510/1092 1203/2512/1206 1286/2745/1289
f 1228/2567/1231 1229/2568/1232 1300/2746/1303
f 1228/2567/1231 1300/2746/1303 1262/2647/1265
f 1301/2747/1304 1263/2648/1266 1302/2748/1305
f 1246/2606/1249 1301/2749/1304 1303/2750/1306
f 1246/2716/1249 1263/2648/1266 1301/2747/1304
f 1203/2569/1206 1144/2571/1144 1304/2751/1307
f 1246/2606/1249 1304/2752/1307 1163/2424/1163
f 1246/2606/1249 1303/2750/1306 1304/2752/1307
f 1144/2607/1144 1163/2424/1163 1304/2752/1307
f 1128/2329/1128 1305/2753/1308 1263/2648/1266
f 1127/2471/1127 1274/2754/1277 1289/2717/1292
f 1305/2753/1308 1128/2329/1128 1247/2609/1250
f 1230/2652/1233 1264/2755/1267 1250/2619/1253
f 1168/2756/1168 1290/2397/1293 911/1867/911
f 1169/2757/1169 1170/1781/1170 1130/2758/1130
f 1077/2759/1077 1306/2760/1309 1277/2761/1280
f 1115/2762/1115 1307/2763/1310 1211/2764/1214
f 1015/2054/1015 1268/2663/1271 1185/2479/1185
f 1252/2688/1255 1308/2765/1311 1187/2534/1187
f 1309/2766/1312 1270/2668/1273 867/1710/867
f 1152/2400/1152 1310/2767/1313 1044/2121/1044
f 1217/2100/1220 1278/2768/1281 1152/2769/1152
f 1156/2403/1156 1188/2486/1188 1294/2734/1297
f 1188/2486/1188 1311/2770/1314 1294/2734/1297
f 1188/2486/1188 1190/2489/1190 1311/2770/1314
f 1102/580/1102 1280/2771/1283 1312/1920/1315
f 1003/2180/1003 1157/2406/1157 1281/2697/1284
f 1102/2267/1102 1312/2772/1315 1236/2582/1239
f 1255/2633/1258 1313/2773/1316 1138/2347/1138
f 1192/2491/1192 1139/2348/1139 1314/2774/1317
f 1120/2410/1120 1315/2775/1318 1158/2411/1158
f 1238/2587/1241 1283/2700/1286 1316/2776/1319
f 1283/2700/1286 1104/2272/1104 1317/2777/1320
f 1224/2701/1227 1318/2778/1321 1197/2499/1197
f 1106/2275/1106 1285/2704/1288 1085/2234/1085
f 1084/2352/1084 1285/2704/1288 1224/2779/1227
f 1140/2350/1140 1197/2499/1197 1297/2741/1300
f 1198/2780/1201 1319/2781/1322 1107/2276/1107
f 1107/2276/1107 1320/2782/1323 751/1732/751
f 1320/2782/1323 1227/2564/1230 751/1732/751
f 1273/2674/1276 1299/2783/1302 1012/2675/1012
f 1177/2463/1177 1242/2601/1245 1321/2784/1324
f 1261/2785/1264 1322/2786/1325 1202/2787/1205
f 1262/2647/1265 1323/2788/1326 1288/2789/1291
f 1075/2205/1075 1324/2790/1327 1231/2622/1234
f 1210/2528/1213 1277/2684/1280 1209/2527/1212
f 1210/2791/1213 1042/2792/1042 1277/2793/1280
f 1076/2794/1076 1325/2795/1328 1115/2796/1115
f 1077/2211/1077 1232/2577/1235 1306/2797/1309
f 1186/2798/1186 1326/2799/1329 1269/2800/1272
f 1172/2449/1172 1327/2801/1330 1045/2123/1045
f 1293/2802/1296 1278/2692/1281 1234/2694/1237
f 1192/2491/1192 1314/2774/1317 1255/2633/1258
f 1218/2542/1221 1237/2699/1240 1328/2803/1331
f 1174/2543/1174 1282/2804/1285 1139/2409/1139
f 1238/2587/1241 1316/2776/1319 1271/2736/1274
f 1030/2091/1030 1258/2805/1261 1104/2272/1104
f 1197/2499/1197 1318/2778/1321 1329/2806/1332
f 1329/2806/1332 1297/2741/1300 1197/2499/1197
f 1257/2807/1260 1198/2641/1201 1008/2036/1008
f 967/1942/967 1330/2808/1333 1068/2188/1068
f 1087/2237/1087 1259/2642/1262 1298/2743/1301
f 1176/2460/1176 1331/2809/1334 1142/2357/1142
f 1177/2463/1177 1321/2784/1324 1332/2810/1335
f 991/2096/991 1333/2811/1336 1201/2508/1204
f 1201/2508/1204 1333/2811/1336 1245/2605/1248
f 1245/2605/1248 1322/2812/1325 1261/2645/1264
f 1334/2813/1337 1204/2515/1207 1202/2513/1205
f 1262/2647/1265 1300/2746/1303 1323/2788/1326
f 1263/2648/1266 1323/2814/1326 1302/2748/1305
f 1263/2648/1266 1305/2753/1308 1335/2815/1338
f 1206/2618/1209 1265/2653/1268 1336/2816/1339
f 1264/2817/1267 1337/2818/1340 1250/2819/1253
f 1250/2619/1253 1337/2820/1340 1266/2654/1269
f 1208/2821/1211 1267/2822/1270 1276/2823/1279
f 1170/2824/1170 1338/2825/1341 1130/2826/1130
f 1290/2721/1293 1324/2790/1327 1075/2205/1075
f 1076/2209/1076 1231/2573/1234 1325/2827/1328
f 1016/2057/1016 1339/2828/1342 1186/2798/1186
f 1326/2829/1329 1340/2830/1343 1269/2686/1272
f 1269/2686/1272 1340/2830/1343 1252/2687/1255
f 1252/2688/1255 1340/2831/1343 1308/2765/1311
f 1187/2484/1187 1308/2832/1311 1133/2338/1133
f 867/1710/867 1118/2303/1118 1309/2766/1312
f 1078/2215/1078 1253/2630/1256 1254/2833/1257
f 1270/2834/1273 1079/2217/1079 917/2216/917
f 1044/2121/1044 1310/2767/1313 1080/2219/1080
f 1045/2123/1045 1327/2801/1330 1214/2537/1217
f 1279/2695/1282 1235/2581/1238 1341/2835/1344
f 1157/2406/1157 1218/2542/1221 1281/2697/1284
f 1137/2346/1137 1279/2695/1282 1191/2490/1191
f 1236/2583/1239 1342/2836/1345 1120/2314/1120
f 1120/2410/1120 1342/2837/1345 1315/2775/1318
f 1158/2544/1158 1343/2838/1346 1193/2545/1193
f 1283/2700/1286 1317/2777/1320 1316/2776/1319
f 1295/2737/1298 1285/2704/1288 1106/2275/1106
f 1285/2839/1288 1344/2840/1347 1224/2841/1227
f 1256/2738/1259 1284/2842/1287 1296/2739/1299
f 1284/2843/1287 1086/2501/1086 1296/2740/1299
f 1284/2703/1287 1239/2591/1242 1345/2844/1348
f 1142/2357/1142 1346/2845/1349 1272/2706/1275
f 1198/2846/1201 1347/2847/1350 1319/2848/1322
f 1240/2597/1243 1177/2463/1177 1332/2810/1335
f 1242/2601/1245 1243/2603/1246 1348/2849/1351
f 1348/2849/1351 1243/2603/1246 1349/2850/1352
f 1243/2603/1246 1178/2464/1178 1349/2850/1352
f 1244/2604/1247 1349/2850/1352 1178/2464/1178
f 1286/2710/1289 1349/2850/1352 1244/2604/1247
f 1300/2851/1303 1229/2646/1232 1287/2712/1290
f 1350/722/1353 1323/2852/1326 1351/2853/1354
f 1350/2854/1353 1302/2855/1305 1323/2856/1326
f 1093/2285/1093 1204/2857/1207 1334/2858/1337
f 1323/2814/1326 1263/2648/1266 1335/2815/1338
f 1323/2788/1326 1335/2859/1338 1288/2789/1291
f 1248/2610/1251 1352/2860/1355 1146/2369/1146
f 1352/2860/1355 1264/2680/1267 1146/2369/1146
f 1337/2820/1340 1168/2861/1168 1266/2654/1269
f 1338/2825/1341 1267/2822/1270 1130/2826/1130
f 1338/2825/1341 1170/2824/1170 1353/2862/1356
f 1353/2863/1356 1170/2621/1170 1291/2722/1294
f 1354/2864/1357 1231/2573/1234 1324/2865/1327
f 1291/2866/1294 1209/2867/1212 1277/2868/1280
f 1325/2795/1328 1307/2561/1310 1115/2796/1115
f 1355/2869/1358 1153/2450/1153 1216/2539/1219
f 1356/2870/1359 1152/2400/1152 1278/2871/1281
f 1311/2770/1314 1190/2489/1190 1281/2697/1284
f 1138/2347/1138 1313/2773/1316 1280/2735/1283
f 1313/2773/1316 1312/2872/1315 1280/2735/1283
f 1281/2697/1284 1218/2542/1221 1357/2873/1360
f 1358/2874/1361 1191/2490/1191 1279/2695/1282
f 1357/2873/1360 1218/2542/1221 1328/2803/1331
f 1359/2875/1362 1314/2774/1317 1139/2348/1139
f 1359/2876/1362 1139/2877/1139 1282/2698/1285
f 1237/2699/1240 1219/2547/1222 1360/2878/1363
f 1360/2879/1363 1219/2724/1222 1271/2880/1274
f 1194/2494/1194 1193/2493/1193 1343/2881/1346
f 1194/2494/1194 1295/2882/1298 1195/2495/1195
f 1317/2883/1320 1104/2884/1104 1258/2885/1261
f 1361/2886/1364 1086/2887/1086 1284/2888/1287
f 967/1942/967 1086/2236/1086 1362/2889/1365
f 1345/2844/1348 1239/2591/1242 1272/2706/1275
f 1330/2808/1333 1226/2563/1229 1068/2188/1068
f 1259/2642/1262 1160/2461/1160 1363/2890/1366
f 1363/2890/1366 1160/2461/1160 1226/2596/1229
f 1176/2460/1176 1364/2891/1367 1331/2809/1334
f 1240/2597/1243 1260/2643/1263 1161/2422/1161
f 1365/2892/1368 1366/2893/1369 1367/2894/1370
f 1368/2895/1371 1369/2896/1372 1370/2897/1373
f 1368/2895/1371 1371/2898/1374 1372/2899/1375
f 1368/2895/1371 1370/2897/1373 1371/2898/1374
f 1373/2900/1376 1286/2710/1289 1203/2569/1206
f 1351/2901/1354 1300/2902/1303 1374/2903/1377
f 1374/2904/1377 1350/2854/1353 1351/2905/1354
f 1300/2746/1303 1351/2906/1354 1323/2788/1326
f 1334/2858/1337 1287/2712/1290 1093/2285/1093
f 1302/2855/1305 1303/2750/1306 1301/2749/1304
f 1335/2815/1338 1274/2907/1277 1288/2908/1291
f 1275/2909/1278 1182/2910/1182 1375/2911/1378
f 1182/2612/1182 1206/2719/1209 1336/2912/1339
f 1336/2912/1339 1265/2913/1268 1376/2914/1379
f 1265/2913/1268 1276/2823/1279 1376/2914/1379
f 1276/2823/1279 1267/2822/1270 1338/2825/1341
f 1354/2864/1357 1325/2827/1328 1231/2573/1234
f 1377/2915/1380 1307/2916/1310 1325/2917/1328
f 1307/2763/1310 1378/2918/1381 1211/2764/1214
f 1378/2918/1381 1131/2334/1131 1211/2764/1214
f 1339/2828/1342 1326/2799/1329 1186/2798/1186
f 1015/2054/1015 1233/2578/1236 1379/2919/1382
f 1292/2920/1295 1133/2338/1133 1308/2832/1311
f 1118/2921/1118 958/2922/958 1213/2923/1216
f 1153/2396/1153 1355/2924/1358 997/2397/997
f 1294/2734/1297 1311/2770/1314 1235/2733/1238
f 1235/2581/1238 1380/2925/1383 1341/2835/1344
f 1255/2633/1258 1314/2774/1317 1313/2773/1316
f 1158/2544/1158 1381/2926/1384 1343/2838/1346
f 1382/2927/1385 1271/2928/1274 1316/2929/1319
f 1344/2840/1347 1318/2930/1321 1224/2841/1227
f 1361/2886/1364 1362/2931/1365 1086/2887/1086
f 1383/2932/1386 1347/2933/1350 1198/2934/1201
f 1346/2845/1349 1142/2357/1142 1331/2809/1334
f 1273/2674/1276 1384/2935/1387 1299/2783/1302
f 1384/2936/1387 1200/2507/1203 1299/2744/1302
f 1242/2601/1245 1348/2849/1351 1321/2784/1324
f 1245/2605/1248 1385/2937/1388 1322/2812/1325
f 1385/2937/1388 1365/2892/1368 1322/2812/1325
f 1322/2786/1325 1386/2938/1389 1202/2787/1205
f 1322/2786/1325 1365/2939/1368 1386/2938/1389
f 1365/2940/1368 1367/2941/1370 1386/2942/1389
f 1286/2710/1289 1387/2943/1390 1349/2850/1352
f 1202/2513/1205 1386/2944/1389 1334/2813/1337
f 1368/2895/1371 1372/2899/1375 1367/2941/1370
f 1368/2945/1371 1367/2894/1370 1366/2893/1369
f 1287/2712/1290 1388/2946/1391 1300/2851/1303
f 1335/2815/1338 1305/2753/1308 1274/2907/1277
f 1264/2817/1267 1389/2947/1392 1337/2818/1340
f 1291/2866/1294 1277/2868/1280 1353/2948/1356
f 1325/2917/1328 1354/2949/1357 1377/2915/1380
f 1390/2950/1393 1251/2623/1254 1131/2334/1131
f 1251/2623/1254 1391/2951/1394 1016/2057/1016
f 1015/2054/1015 1392/2952/1395 1268/2663/1271
f 1254/2631/1257 1327/2801/1330 1172/2449/1172
f 1191/2490/1191 1393/2953/1396 1282/2698/1285
f 1236/2582/1239 1312/2772/1315 1342/2837/1345
f 1282/2698/1285 1393/2953/1396 1394/2954/1397
f 1315/2775/1318 1381/2955/1384 1158/2411/1158
f 1194/2956/1194 1395/2957/1398 1295/2958/1298
f 1396/2959/1399 1285/2704/1288 1295/2737/1298
f 1362/2889/1365 1330/2808/1333 967/1942/967
f 1257/2807/1260 1383/2960/1386 1198/2641/1201
f 1226/2596/1229 1330/2961/1333 1363/2890/1366
f 1319/2781/1322 1320/2782/1323 1107/2276/1107
f 1176/2460/1176 1260/2643/1263 1364/2891/1367
f 1200/2507/1203 1333/2962/1336 991/2002/991
f 1333/2811/1336 1397/2963/1400 1245/2605/1248
f 1348/2849/1351 1349/2850/1352 1387/2943/1390
f 1365/2892/1368 1385/2937/1388 1366/2893/1369
f 1387/2943/1390 1286/2710/1289 1373/2900/1376
f 1386/2942/1389 1367/2941/1370 1372/2899/1375
f 1374/2964/1377 1300/2851/1303 1398/2965/1401
f 1398/2965/1401 1300/2851/1303 1388/2946/1391
f 1399/2966/1402 1203/2569/1206 1304/2751/1307
f 1372/2899/1375 1371/2898/1374 1334/2967/1337
f 1287/2968/1290 1334/2967/1337 1371/2898/1374
f 1371/2969/1374 1388/2970/1391 1287/2971/1290
f 1336/2912/1339 1376/2914/1379 1400/2972/1403
f 1401/2973/1404 1168/2861/1168 1337/2820/1340
f 1376/2914/1379 1276/2823/1279 1338/2825/1341
f 1401/2973/1404 1290/2721/1293 1168/2861/1168
f 1378/2918/1381 1390/2950/1393 1131/2334/1131
f 1390/2974/1393 1391/2975/1394 1251/2976/1254
f 1402/2977/1405 1339/2828/1342 1016/2057/1016
f 1392/2952/1395 1015/2054/1015 1379/2919/1382
f 1118/2978/1118 1213/2979/1216 1403/2980/1406
f 1309/2766/1312 1404/2981/1407 1270/2668/1273
f 1235/2733/1238 1311/2770/1314 1380/2982/1383
f 1311/2770/1314 1281/2697/1284 1357/2873/1360
f 1313/2773/1316 1314/2774/1317 1312/2872/1315
f 1312/2872/1315 1314/2774/1317 1405/2983/1408
f 1314/2774/1317 1359/2875/1362 1405/2983/1408
f 1359/2876/1362 1282/2698/1285 1394/2954/1397
f 1406/2984/1409 1295/2958/1298 1395/2957/1398
f 1317/2883/1320 1258/2885/1261 1407/2985/1410
f 1396/2986/1399 1295/2987/1298 1406/2988/1409
f 1408/2989/1411 1318/2930/1321 1344/2840/1347
f 1408/2990/1411 1409/2991/1412 1318/2778/1321
f 1409/2991/1412 1329/2806/1332 1318/2778/1321
f 1410/2992/1413 1361/2993/1364 1284/2994/1287
f 1411/2995/1414 1297/2741/1300 1329/2806/1332
f 1383/2960/1386 1257/2807/1260 1297/2996/1300
f 1345/2844/1348 1272/2706/1275 1346/2845/1349
f 1260/2643/1263 1240/2597/1243 1412/2997/1415
f 1321/2784/1324 1348/2849/1351 1332/2810/1335
f 1413/2998/1416 1369/2999/1372 1368/2945/1371
f 1414/3000/1417 1370/3001/1373 1369/3002/1372
f 1386/2944/1389 1372/3003/1375 1334/2813/1337
f 1398/3004/1401 1371/3005/1374 1370/3006/1373
f 1350/2854/1353 1415/3007/1418 1302/2855/1305
f 1274/2754/1277 1305/3008/1308 1289/2717/1292
f 1289/2717/1292 1416/3009/1419 1181/2472/1181
f 1247/2718/1250 1417/3010/1420 1305/3011/1308
f 1181/2472/1181 1418/3012/1421 1248/2610/1251
f 1419/3013/1422 1247/2718/1250 1275/2679/1278
f 1182/3014/1182 1420/3015/1423 1375/3016/1378
f 1182/2612/1182 1336/2912/1339 1420/3017/1423
f 1324/2790/1327 1290/2721/1293 1354/3018/1357
f 1377/3019/1380 1378/2918/1381 1307/2763/1310
f 1232/2577/1235 1421/3020/1424 1306/2797/1309
f 1391/2951/1394 1402/2977/1405 1016/2057/1016
f 1422/3021/1425 1326/2799/1329 1339/2828/1342
f 1270/2834/1273 1404/3022/1407 1079/2217/1079
f 1213/2536/1216 1080/2219/1080 1423/3023/1426
f 1151/2392/1151 997/2016/997 1424/3024/1427
f 1254/2631/1257 1425/3025/1428 1327/2801/1330
f 1426/3026/1429 1293/2730/1296 1079/2217/1079
f 1356/2870/1359 1310/2767/1313 1152/2400/1152
f 1293/2730/1296 1356/3027/1359 1278/3028/1281
f 1279/2695/1282 1341/2835/1344 1358/2874/1361
f 1312/2872/1315 1405/2983/1408 1427/3029/1430
f 1343/2881/1346 1395/3030/1398 1194/2494/1194
f 1409/2991/1412 1411/2995/1414 1329/2806/1332
f 1384/3031/1387 1428/3032/1431 1200/3033/1203
f 1412/2997/1415 1240/2597/1243 1332/2810/1335
f 1397/2963/1400 1385/2937/1388 1245/2605/1248
f 1387/2943/1390 1373/2900/1376 1429/3034/1432
f 1368/2945/1371 1366/2893/1369 1430/3035/1433
f 1431/3036/1434 1432/3037/1435 1433/3038/1436
f 1414/3039/1417 1398/3004/1401 1370/3006/1373
f 1431/3036/1434 1429/3034/1432 1432/3037/1435
f 1434/3040/1437 1435/3041/1438 1436/3042/1439
f 1203/2569/1206 1399/2966/1402 1373/2900/1376
f 1436/3043/1439 1435/3044/1438 1437/3045/1440
f 1438/3046/1441 1437/3047/1440 1435/3048/1438
f 1371/2969/1374 1398/3049/1401 1388/2970/1391
f 1415/3007/1418 1437/3050/1440 1302/2855/1305
f 1302/2855/1305 1437/3050/1440 1303/2750/1306
f 1181/2472/1181 1416/3009/1419 1418/3012/1421
f 1248/2610/1251 1439/3051/1442 1352/2860/1355
f 1439/3051/1442 1440/3052/1443 1352/2860/1355
f 1376/2914/1379 1338/2825/1341 1441/3053/1444
f 1290/2721/1293 1401/2973/1404 1442/3054/1445
f 1338/2825/1341 1353/2862/1356 1441/3053/1444
f 1290/2721/1293 1442/3054/1445 1354/3018/1357
f 1353/3055/1356 1443/1006/1446 1441/3056/1444
f 1353/2948/1356 1277/2868/1280 1443/3057/1446
f 1306/3058/1309 1421/3059/1424 1443/3057/1446
f 1378/2918/1381 1444/3060/1447 1390/2950/1393
f 1268/2663/1271 1445/3061/1448 1232/2577/1235
f 1392/2952/1395 1445/3061/1448 1268/2663/1271
f 1340/2831/1343 1446/3062/1449 1308/2765/1311
f 997/2397/997 1355/2924/1358 1424/3063/1427
f 1427/3064/1430 1342/2837/1345 1312/2772/1315
f 1258/2885/1261 1298/3065/1301 1407/2985/1410
f 1297/2741/1300 1411/2995/1414 1447/3066/1450
f 1345/2844/1348 1448/3067/1451 1284/2703/1287
f 1297/2996/1300 1449/3068/1452 1383/2960/1386
f 1200/2507/1203 1428/3069/1431 1333/2962/1336
f 1385/3070/1388 1430/3071/1433 1366/3072/1369
f 1450/3073/1453 1451/3074/1454 1369/3075/1372
f 1451/3076/1454 1414/3000/1417 1369/3002/1372
f 1430/3035/1433 1413/2998/1416 1368/2945/1371
f 1434/3077/1437 1436/3043/1439 1452/3078/1455
f 1433/3079/1436 1429/3080/1432 1431/3081/1434
f 1373/3082/1376 1399/3083/1402 1429/3084/1432
f 1429/3085/1432 1438/3046/1441 1432/3086/1435
f 1350/2854/1353 1374/2904/1377 1453/3087/1456
f 1350/2854/1353 1453/3087/1456 1415/3007/1418
f 1303/2750/1306 1454/3088/1457 1304/2752/1307
f 1289/2717/1292 1305/3008/1308 1417/3089/1420
f 1417/3010/1420 1247/2718/1250 1455/3090/1458
f 1275/2679/1278 1375/3091/1378 1419/3013/1422
f 1248/2610/1251 1418/3012/1421 1439/3051/1442
f 1456/3092/1459 1336/2912/1339 1400/2972/1403
f 1389/2947/1392 1401/3093/1404 1337/2818/1340
f 1277/2868/1280 1306/3058/1309 1443/3057/1446
f 1444/3094/1447 1391/2975/1394 1390/2974/1393
f 1457/3095/1460 1339/3096/1342 1402/3097/1405
f 1457/3098/1460 1422/3021/1425 1339/2828/1342
f 1213/2536/1216 1423/3023/1426 1458/3099/1461
f 1151/3100/1151 1424/3101/1427 1459/3102/1462
f 1080/2219/1080 1310/2767/1313 1423/3023/1426
f 1460/3103/1463 1293/2730/1296 1426/3026/1429
f 1311/2770/1314 1357/2873/1360 1380/2982/1383
f 1461/3104/1464 1393/2953/1396 1191/2490/1191
f 1358/2874/1361 1461/3104/1464 1191/2490/1191
f 1405/2983/1408 1359/2875/1362 1462/3105/1465
f 1427/3064/1430 1315/2775/1318 1342/2837/1345
f 1427/3064/1430 1381/2955/1384 1315/2775/1318
f 1271/2928/1274 1382/2927/1385 1463/3106/1466
f 1381/2926/1384 1395/3107/1398 1343/2838/1346
f 1463/3106/1466 1382/2927/1385 1316/2929/1319
f 1463/3106/1466 1316/2929/1319 1464/3108/1467
f 1395/3109/1398 1465/3110/1468 1406/3111/1409
f 1316/2929/1319 1317/3112/1320 1466/3113/1469
f 1466/3114/1469 1317/2792/1320 1407/3115/1410
f 1285/2704/1288 1396/2959/1399 1344/3116/1347
f 1467/3117/1470 1411/3118/1414 1409/3119/1412
f 1468/3120/1471 1410/2992/1413 1284/2994/1287
f 1298/2743/1301 1259/2642/1262 1363/2890/1366
f 1284/2703/1287 1448/3067/1451 1469/3121/1472
f 1470/3122/1473 1364/2891/1367 1260/2643/1263
f 1471/3123/1474 1273/3124/1276 1227/3125/1230
f 1332/2810/1335 1348/2849/1351 1472/3126/1475
f 1450/3127/1453 1369/3128/1372 1413/3129/1416
f 1473/3130/1476 1429/3131/1432 1399/3132/1402
f 1453/3133/1456 1452/3078/1455 1436/3043/1439
f 1414/3134/1417 1374/3135/1377 1398/562/1401
f 1454/3088/1457 1303/2750/1306 1437/3050/1440
f 1416/3136/1419 1289/3137/1292 1417/3010/1420
f 1440/3138/1443 1264/2817/1267 1352/3139/1355
f 1264/2817/1267 1440/3138/1443 1389/2947/1392
f 1401/2973/1404 1474/3140/1477 1442/3054/1445
f 1475/3141/1478 1378/2918/1381 1377/3019/1380
f 1475/3141/1478 1444/3060/1447 1378/2918/1381
f 1421/3020/1424 1232/2577/1235 1476/3142/1479
f 1326/2799/1329 1422/3021/1425 1457/3098/1460
f 1326/2799/1329 1446/3062/1449 1340/2831/1343
f 1171/2729/1171 1477/3143/1480 1253/3144/1256
f 1119/2304/1119 1151/2392/1151 1478/3145/1481
f 1151/2392/1151 1459/3146/1462 1478/3145/1481
f 1404/3022/1407 1426/3026/1429 1079/2217/1079
f 1355/3147/1358 1216/2690/1219 1214/2689/1217
f 1380/2982/1383 1479/3148/1482 1341/3149/1344
f 1380/2982/1383 1357/2873/1360 1479/3148/1482
f 1479/3148/1482 1357/2873/1360 1328/2803/1331
f 1405/2983/1408 1462/3105/1465 1427/3029/1430
f 1381/2926/1384 1480/3150/1483 1395/3107/1398
f 1480/3150/1483 1465/3151/1468 1395/3107/1398
f 1480/3150/1483 1481/3152/1484 1465/3151/1468
f 1406/3153/1409 1482/3154/1485 1396/2959/1399
f 1408/2989/1411 1344/2840/1347 1483/3155/1486
f 1483/3156/1486 1409/2991/1412 1408/2990/1411
f 1483/3157/1486 1484/3158/1487 1409/3159/1412
f 1407/2985/1410 1298/3065/1301 1485/3160/1488
f 1467/3161/1470 1447/3066/1450 1411/2995/1414
f 1284/2661/1287 1469/3162/1472 1468/3163/1471
f 1410/2992/1413 1468/3120/1471 1361/2993/1364
f 1362/2931/1365 1361/2886/1364 1330/3164/1333
f 1297/2996/1300 1447/3165/1450 1449/3068/1452
f 1449/3166/1452 1347/2933/1350 1383/2932/1386
f 1347/3167/1350 1486/3168/1489 1319/3169/1322
f 1319/3169/1322 1486/3168/1489 1487/3170/1490
f 1319/3171/1322 1487/3172/1490 1320/3173/1323
f 1488/3174/1491 1428/3175/1431 1384/3176/1387
f 1452/3177/1455 1489/3178/1492 1490/3179/1493
f 1490/3179/1493 1434/3040/1437 1452/3177/1455
f 1414/3180/1417 1491/3181/1494 1374/2904/1377
f 1433/3038/1436 1432/3037/1435 1492/3182/1495
f 1492/3183/1495 1438/3184/1441 1435/3041/1438
f 1492/3182/1495 1432/3037/1435 1438/3185/1441
f 1453/3133/1456 1436/3043/1439 1437/3045/1440
f 1473/3186/1476 1493/3187/1496 1429/3085/1432
f 1429/3085/1432 1493/3187/1496 1438/3046/1441
f 1438/3046/1441 1493/3187/1496 1437/3047/1440
f 1493/3188/1496 1454/3088/1457 1437/3050/1440
f 1493/3189/1496 1399/2966/1402 1304/2751/1307
f 1493/3189/1496 1304/2751/1307 1454/3190/1457
f 1419/3191/1422 1375/3192/1378 1494/3193/1497
f 1336/2912/1339 1456/3092/1459 1420/3017/1423
f 1440/3194/1443 1495/3195/1498 1389/3196/1392
f 1389/2947/1392 1474/3197/1477 1401/3093/1404
f 1442/3054/1445 1496/3198/1499 1354/3018/1357
f 1443/3199/1446 1497/3200/1500 1441/3201/1444
f 1354/3018/1357 1496/3198/1499 1377/3202/1380
f 1391/2951/1394 1498/3203/1501 1402/2977/1405
f 1457/3204/1460 1499/3205/1502 1326/3206/1329
f 1292/2726/1295 1500/3207/1503 1233/2727/1236
f 1233/2727/1236 1500/3207/1503 1379/3208/1382
f 1308/2765/1311 1446/3062/1449 1501/3209/1504
f 1213/3210/1216 1458/3211/1461 1403/3212/1406
f 1253/3144/1256 1425/3213/1428 1254/3214/1257
f 1393/3215/1396 1502/3216/1505 1394/3217/1397
f 1359/2876/1362 1394/2954/1397 1503/3218/1506
f 1360/2878/1363 1271/2928/1274 1504/3219/1507
f 1271/2928/1274 1463/3106/1466 1504/3219/1507
f 1427/3064/1430 1480/3220/1483 1381/2955/1384
f 1465/3221/1468 1481/3222/1484 1482/3223/1485
f 1466/3113/1469 1464/3108/1467 1316/2929/1319
f 1465/3221/1468 1482/3223/1485 1406/3224/1409
f 1409/3119/1412 1505/3225/1508 1506/3226/1509
f 1409/3119/1412 1506/3226/1509 1467/3117/1470
f 1447/3165/1450 1507/3227/1510 1449/3068/1452
f 1345/2844/1348 1508/3228/1511 1448/3067/1451
f 1345/2844/1348 1509/3229/1512 1508/3228/1511
f 1449/3166/1452 1510/3230/1513 1347/2933/1350
f 1345/2844/1348 1346/2845/1349 1509/3229/1512
f 1347/3231/1350 1510/3232/1513 1486/3233/1489
f 1273/2674/1276 1471/3234/1474 1384/2935/1387
f 1333/2811/1336 1428/3235/1431 1397/2963/1400
f 1472/3126/1475 1348/2849/1351 1511/3236/1514
f 1397/2963/1400 1512/3237/1515 1385/2937/1388
f 1385/3070/1388 1512/3238/1515 1430/3071/1433
f 1348/2849/1351 1387/2943/1390 1511/3236/1514
f 1489/3239/1492 1452/3078/1455 1491/3240/1494
f 1452/3078/1455 1453/3133/1456 1491/3240/1494
f 1434/3040/1437 1492/3183/1495 1435/3041/1438
f 1491/3181/1494 1453/3087/1456 1374/2904/1377
f 1399/2966/1402 1493/3189/1496 1473/3241/1476
f 1437/3045/1440 1415/3242/1418 1453/3133/1456
f 1247/2718/1250 1419/3013/1422 1455/3090/1458
f 1400/2972/1403 1376/2914/1379 1513/3243/1516
f 1514/3244/1517 1513/3243/1516 1441/3053/1444
f 1474/3140/1477 1496/3198/1499 1442/3054/1445
f 1514/3244/1517 1441/3053/1444 1515/3245/1518
f 1441/3246/1444 1497/3247/1500 1515/3248/1518
f 1421/3059/1424 1516/3249/1519 1443/3057/1446
f 1377/3202/1380 1496/3198/1499 1475/3250/1478
f 1444/3060/1447 1498/3203/1501 1391/2951/1394
f 1445/3061/1448 1476/3142/1479 1232/2577/1235
f 1457/3095/1460 1402/3097/1405 1499/3251/1502
f 1308/2832/1311 1501/3252/1504 1292/2920/1295
f 1309/2766/1312 1118/2303/1118 1517/3253/1520
f 1460/3103/1463 1356/3027/1359 1293/2730/1296
f 1341/3149/1344 1479/3148/1482 1358/3254/1361
f 1461/3255/1464 1502/3216/1505 1393/3215/1396
f 1518/3256/1521 1237/2699/1240 1360/2878/1363
f 1462/3257/1465 1359/2876/1362 1503/3218/1506
f 1519/3258/1522 1360/2878/1363 1504/3219/1507
f 1427/3029/1430 1520/3259/1523 1480/3260/1483
f 1520/3259/1523 1481/3261/1484 1480/3260/1483
f 1520/3259/1523 1521/3262/1524 1481/3261/1484
f 1522/3263/1525 1521/3264/1524 1523/3265/1526
f 1484/3266/1487 1483/3155/1486 1524/3267/1527
f 1483/3155/1486 1344/2840/1347 1524/3267/1527
f 1407/3268/1410 1485/3269/1488 1466/3113/1469
f 1525/3270/1528 1505/3271/1508 1409/3272/1412
f 1506/3273/1509 1505/3274/1508 1507/3275/1510
f 1526/3276/1529 1363/3277/1366 1330/3164/1333
f 1468/3120/1471 1526/3278/1529 1361/2993/1364
f 1526/3276/1529 1330/3164/1333 1361/2886/1364
f 1508/3228/1511 1469/3121/1472 1448/3067/1451
f 1507/3279/1510 1510/3280/1513 1449/3281/1452
f 1331/2809/1334 1364/2891/1367 1470/3122/1473
f 1527/3282/1530 1471/3283/1474 1227/2564/1230
f 1260/2643/1263 1412/2997/1415 1470/3122/1473
f 1428/3235/1431 1528/3284/1531 1397/2963/1400
f 1397/2963/1400 1528/3284/1531 1512/3237/1515
f 1528/3284/1531 1430/3035/1433 1512/3237/1515
f 1490/3179/1493 1489/3178/1492 1529/3285/1532
f 1387/2943/1390 1429/3034/1432 1511/3236/1514
f 1511/3236/1514 1429/3034/1432 1433/3038/1436
f 1530/3286/1533 1434/3040/1437 1490/3179/1493
f 1531/3287/1534 1440/3052/1443 1439/3051/1442
f 1375/3192/1378 1420/3017/1423 1532/3288/1535
f 1533/3289/1536 1389/3196/1392 1495/3195/1498
f 1376/2914/1379 1441/3053/1444 1513/3243/1516
f 1475/3141/1478 1534/3290/1537 1444/3060/1447
f 1498/3291/1501 1444/3292/1447 1534/3293/1537
f 1499/3294/1502 1402/2977/1405 1498/3203/1501
f 1392/3295/1395 1379/3208/1382 1500/3207/1503
f 1292/2920/1295 1501/3252/1504 1535/3296/1538
f 1517/3253/1520 1118/2303/1118 1403/3297/1406
f 1477/3143/1480 1171/2729/1171 1119/2666/1119
f 1477/3143/1480 1536/3298/1539 1253/3144/1256
f 1310/2767/1313 1356/2870/1359 1423/3023/1426
f 1479/3299/1482 1537/3300/1540 1358/2874/1361
f 1328/2803/1331 1237/2699/1240 1518/3256/1521
f 1502/3301/1505 1503/3218/1506 1394/2954/1397
f 1462/3105/1465 1503/3302/1506 1538/3303/1541
f 1427/3029/1430 1462/3105/1465 1520/3259/1523
f 1538/3303/1541 1521/3262/1524 1462/3105/1465
f 1462/3105/1465 1521/3262/1524 1520/3259/1523
f 1539/3304/1542 1523/3305/1526 1521/3306/1524
f 1521/3307/1524 1482/3223/1485 1481/3222/1484
f 1523/3305/1526 1539/3304/1542 1484/3308/1487
f 1484/3308/1487 1539/3304/1542 1540/3309/1543
f 1463/3106/1466 1464/3108/1467 1541/3310/1544
f 1464/3311/1467 1466/3312/1469 1542/3313/1545
f 1396/2959/1399 1524/3314/1527 1344/3116/1347
f 1540/3309/1543 1409/3272/1412 1484/3308/1487
f 1540/3309/1543 1525/3270/1528 1409/3272/1412
f 1298/3065/1301 1543/3315/1546 1485/3160/1488
f 1298/2743/1301 1363/2890/1366 1543/3316/1546
f 1543/3317/1546 1363/3277/1366 1526/3276/1529
f 1506/3318/1509 1507/3319/1510 1467/3161/1470
f 1467/3161/1470 1507/3319/1510 1447/3066/1450
f 1507/3320/1510 1544/3321/1547 1510/3232/1513
f 1331/2809/1334 1470/3122/1473 1545/3322/1548
f 1487/3172/1490 1546/3323/1549 1320/3173/1323
f 1320/2782/1323 1547/3324/1550 1227/2564/1230
f 1227/2564/1230 1547/3324/1550 1527/3282/1530
f 1470/3122/1473 1412/2997/1415 1548/3325/1551
f 1488/3174/1491 1549/3326/1552 1428/3175/1431
f 1472/3126/1475 1550/3327/1553 1332/2810/1335
f 1551/3328/1554 1414/3329/1417 1451/3330/1454
f 1551/3331/1554 1552/3332/1555 1491/3181/1494
f 1551/3331/1554 1491/3181/1494 1414/3180/1417
f 1529/2586/1532 1489/3239/1492 1491/3240/1494
f 1530/3286/1533 1490/3179/1493 1529/3285/1532
f 1553/3333/1556 1511/3236/1514 1433/3038/1436
f 1530/3286/1533 1492/3183/1495 1434/3040/1437
f 1375/3192/1378 1554/3334/1557 1494/3193/1497
f 1439/3051/1442 1555/3335/1558 1531/3287/1534
f 1375/3192/1378 1532/3288/1535 1554/3334/1557
f 1400/2972/1403 1513/3243/1516 1556/3336/1559
f 1474/3140/1477 1557/3337/1560 1496/3198/1499
f 1558/3338/1561 1557/3337/1560 1474/3140/1477
f 1496/3339/1499 1557/3340/1560 1475/3141/1478
f 1497/3341/1500 1443/3057/1446 1516/3249/1519
f 1498/3203/1501 1534/3290/1537 1499/3294/1502
f 1476/3342/1479 1445/3343/1448 1559/3344/1562
f 1560/3345/1563 1326/2799/1329 1499/3294/1502
f 1326/2799/1329 1560/3345/1563 1446/3062/1449
f 1535/3296/1538 1500/3346/1503 1292/2920/1295
f 1561/3347/1564 1500/3346/1503 1535/3296/1538
f 1309/2766/1312 1517/3253/1520 1404/2981/1407
f 1562/3348/1565 1563/3349/1566 1425/3025/1428
f 1425/3025/1428 1563/3349/1566 1327/2801/1330
f 1460/3350/1463 1564/3351/1567 1356/2870/1359
f 1537/3300/1540 1461/3104/1464 1358/2874/1361
f 1479/3148/1482 1328/2803/1331 1565/3352/1568
f 1538/3303/1541 1539/3353/1542 1521/3262/1524
f 1521/3307/1524 1522/3354/1525 1482/3223/1485
f 1523/3265/1526 1524/3355/1527 1522/3263/1525
f 1523/3265/1526 1484/3356/1487 1524/3355/1527
f 1525/3357/1528 1566/3358/1569 1567/3359/1570
f 1525/3357/1528 1567/3359/1570 1505/3360/1508
f 1568/3361/1571 1469/3362/1472 1569/3363/1572
f 1469/3364/1472 1568/3365/1571 1468/648/1471
f 1570/3366/1573 1526/3278/1529 1468/3120/1471
f 1505/3367/1508 1567/3368/1570 1571/3369/1574
f 1505/3367/1508 1571/3369/1574 1507/3370/1510
f 1509/3229/1512 1346/2845/1349 1331/2809/1334
f 1487/3371/1490 1572/3372/1575 1546/3373/1549
f 1384/3374/1387 1573/3375/1576 1488/3376/1491
f 1488/3377/1491 1574/3378/1577 1549/3379/1552
f 1548/3325/1551 1412/2997/1415 1550/3327/1553
f 1332/2810/1335 1550/3327/1553 1412/2997/1415
f 1549/3326/1552 1528/3380/1531 1428/3175/1431
f 1472/3126/1475 1511/3236/1514 1550/3327/1553
f 1451/3330/1454 1450/3381/1453 1575/3382/1578
f 1451/3330/1454 1575/3382/1578 1551/3328/1554
f 1552/3332/1555 1529/3285/1532 1491/3181/1494
f 1528/3383/1531 1576/3384/1579 1430/3385/1433
f 1430/3035/1433 1450/3386/1453 1413/2998/1416
f 1433/3038/1436 1492/3182/1495 1553/3333/1556
f 1417/3010/1420 1455/3090/1458 1416/3136/1419
f 1420/3017/1423 1456/3092/1459 1532/3288/1535
f 1400/2972/1403 1556/3336/1559 1577/3387/1580
f 1389/2947/1392 1578/3388/1581 1474/3197/1477
f 1514/3244/1517 1515/3245/1518 1579/3389/1582
f 1515/3248/1518 1497/3247/1500 1579/3390/1582
f 1557/3340/1560 1534/3290/1537 1475/3141/1478
f 1534/3290/1537 1580/3391/1583 1499/3294/1502
f 1445/3392/1448 1581/3393/1584 1559/3394/1562
f 1446/3062/1449 1560/3345/1563 1501/3209/1504
f 1500/3207/1503 1582/3395/1585 1392/3295/1395
f 1458/3211/1461 1583/3396/1586 1403/3212/1406
f 1253/3144/1256 1536/3298/1539 1425/3213/1428
f 1327/2801/1330 1563/3349/1566 1214/2537/1217
f 1479/3148/1482 1565/3352/1568 1537/3397/1540
f 1537/3397/1540 1565/3352/1568 1461/3398/1464
f 1503/3302/1506 1584/3399/1587 1538/3303/1541
f 1360/2878/1363 1519/3258/1522 1518/3256/1521
f 1504/3219/1507 1463/3106/1466 1585/3400/1588
f 1538/3303/1541 1540/3401/1543 1539/3353/1542
f 1541/3310/1544 1464/3108/1467 1542/3402/1545
f 1522/3263/1525 1524/3355/1527 1482/3403/1485
f 1396/2959/1399 1482/3154/1485 1524/3314/1527
f 1525/3270/1528 1540/3309/1543 1586/3404/1589
f 1525/3357/1528 1586/3405/1589 1566/3358/1569
f 1587/3406/1590 1570/3366/1573 1468/3120/1471
f 1569/3407/1572 1469/3121/1472 1588/3408/1591
f 1507/3320/1510 1571/3409/1574 1544/3321/1547
f 1510/3232/1513 1544/3321/1547 1486/3233/1489
f 1589/3410/1592 1572/3411/1575 1487/3170/1490
f 1320/2782/1323 1546/3412/1549 1547/3324/1550
f 1470/3122/1473 1548/3325/1551 1590/3413/1593
f 1573/3375/1576 1591/3414/1594 1488/3376/1491
f 1488/3377/1491 1591/3415/1594 1574/3378/1577
f 1592/3416/1595 1549/3417/1552 1574/3418/1577
f 1592/3416/1595 1528/3383/1531 1549/3417/1552
f 1593/3419/1596 1552/3420/1555 1575/3421/1578
f 1575/3422/1578 1552/3332/1555 1551/3331/1554
f 1576/3423/1579 1450/3386/1453 1430/3035/1433
f 1555/3424/1558 1594/2257/1597 1531/3425/1534
f 1594/3426/1597 1595/3427/1598 1596/3428/1599
f 1597/3429/1600 1495/3430/1498 1440/3431/1443
f 1578/3432/1581 1598/3433/1601 1474/3140/1477
f 1558/3338/1561 1474/3140/1477 1598/3433/1601
f 1516/3249/1519 1421/3059/1424 1599/3434/1602
f 1599/3434/1602 1421/3059/1424 1476/3435/1479
f 1600/3436/1603 1501/3209/1504 1560/3345/1563
f 1478/3437/1481 1477/3143/1480 1119/2666/1119
f 1562/3348/1565 1425/3025/1428 1536/3438/1539
f 1461/3398/1464 1565/3352/1568 1502/3439/1505
f 1565/3352/1568 1328/2803/1331 1518/3256/1521
f 1585/3400/1588 1519/3258/1522 1504/3219/1507
f 1601/3440/1604 1463/3106/1466 1541/3310/1544
f 1602/3441/1605 1542/3402/1545 1466/3113/1469
f 1568/3442/1571 1569/3407/1572 1603/3443/1606
f 1603/3444/1606 1587/3406/1590 1568/3445/1571
f 1570/3446/1573 1602/3447/1605 1604/3448/1607
f 1604/3449/1607 1485/3269/1488 1543/3450/1546
f 1605/3451/1608 1567/3359/1570 1566/3358/1569
f 1587/3406/1590 1468/3120/1471 1568/3445/1571
f 1570/3366/1573 1604/3452/1607 1526/3278/1529
f 1605/3453/1608 1571/3369/1574 1567/3368/1570
f 1526/3278/1529 1604/3452/1607 1543/3454/1546
f 1508/3228/1511 1588/3408/1591 1469/3121/1472
f 1606/3455/1609 1571/3369/1574 1605/3453/1608
f 1607/3456/1610 1608/3457/1611 1508/3228/1511
f 1509/3229/1512 1331/2809/1334 1609/3458/1612
f 1609/3458/1612 1331/2809/1334 1545/3322/1548
f 1589/3410/1592 1610/3459/1613 1572/3411/1575
f 1546/3412/1549 1611/3460/1614 1547/3324/1550
f 1471/3461/1474 1527/3462/1530 1547/2225/1550
f 1612/3463/1615 1470/3122/1473 1590/3413/1593
f 1471/3464/1474 1573/3375/1576 1384/3374/1387
f 1590/3413/1593 1548/3325/1551 1613/3465/1616
f 1614/3466/1617 1615/3467/1618 1616/3468/1619
f 1614/3466/1617 1548/3325/1551 1615/3467/1618
f 1593/3469/1596 1575/3470/1578 1617/3471/1620
f 1593/3472/1596 1618/3473/1621 1552/3332/1555
f 1528/3383/1531 1592/3416/1595 1576/3384/1579
f 1552/3332/1555 1618/3473/1621 1529/3285/1532
f 1575/3382/1578 1450/3381/1453 1576/3474/1579
f 1618/3473/1621 1530/3286/1533 1529/3285/1532
f 1619/3475/1622 1553/3333/1556 1492/3182/1495
f 1619/3476/1622 1492/3183/1495 1530/3286/1533
f 1620/3477/1623 1439/3051/1442 1418/3012/1421
f 1555/3478/1558 1621/3479/1624 1594/3480/1597
f 1554/3334/1557 1622/3481/1625 1623/3482/1626
f 1594/3480/1597 1621/3479/1624 1595/3483/1598
f 1554/3484/1557 1532/3485/1535 1622/3486/1625
f 1595/3427/1598 1624/3487/1627 1596/3428/1599
f 1625/3488/1628 1623/3482/1626 1622/3481/1625
f 1531/3287/1534 1597/3489/1600 1440/3052/1443
f 1456/3092/1459 1400/2972/1403 1577/3387/1580
f 1495/3490/1498 1626/3491/1629 1533/3492/1536
f 1389/2947/1392 1627/3493/1630 1578/3388/1581
f 1628/3494/1631 1514/3244/1517 1579/3389/1582
f 1476/3435/1479 1559/3495/1562 1599/3434/1602
f 1580/3391/1583 1600/3436/1603 1499/3294/1502
f 1499/3294/1502 1600/3436/1603 1560/3345/1563
f 1629/3496/1632 1535/3497/1538 1501/3498/1504
f 1459/3146/1462 1424/3024/1427 1355/3499/1358
f 1404/3022/1407 1630/3500/1633 1426/3026/1429
f 1503/3302/1506 1631/3501/1634 1584/3399/1587
f 1631/3502/1634 1632/3503/1635 1584/3504/1587
f 1538/3505/1541 1633/3506/1636 1634/3507/1637
f 1584/3508/1587 1633/3509/1636 1538/2033/1541
f 1584/3510/1587 1632/3511/1635 1635/3512/1638
f 1584/3510/1587 1635/3512/1638 1633/3506/1636
f 1463/3106/1466 1601/3440/1604 1585/3400/1588
f 1538/3513/1541 1636/3514/1639 1540/3515/1543
f 1540/3309/1543 1636/3516/1639 1586/3404/1589
f 1541/3310/1544 1542/3402/1545 1637/3517/1640
f 1637/3517/1640 1542/3402/1545 1602/3441/1605
f 1638/3518/1641 1566/3358/1569 1586/3405/1589
f 1466/3113/1469 1604/3449/1607 1602/3441/1605
f 1466/3113/1469 1485/3269/1488 1604/3449/1607
f 1639/3519/1642 1569/3407/1572 1640/3520/1643
f 1603/3443/1606 1569/3407/1572 1639/3519/1642
f 1508/3228/1511 1608/3457/1611 1588/3408/1591
f 1588/3521/1591 1608/3522/1611 1641/3523/1644
f 1486/3168/1489 1589/3410/1592 1487/3170/1490
f 1545/3322/1548 1470/3122/1473 1612/3463/1615
f 1572/3411/1575 1610/3459/1613 1642/3524/1645
f 1572/3372/1575 1643/3525/1646 1546/3373/1549
f 1572/3526/1575 1642/3527/1645 1643/3528/1646
f 1546/3373/1549 1643/3525/1646 1611/3529/1614
f 1644/3530/1647 1590/3413/1593 1645/3531/1648
f 1547/3532/1550 1573/3375/1576 1471/3464/1474
f 1590/3413/1593 1646/3533/1649 1647/3534/1650
f 1590/3413/1593 1613/3465/1616 1646/3533/1649
f 1613/3465/1616 1548/3325/1551 1648/3535/1651
f 1648/3536/1651 1614/3537/1617 1649/3538/1652
f 1548/3539/1551 1614/3540/1617 1648/3541/1651
f 1650/3542/1653 1574/3378/1577 1591/3415/1594
f 1651/3543/1654 1614/3537/1617 1616/3544/1619
f 1617/3545/1620 1575/3382/1578 1592/3546/1595
f 1548/3325/1551 1652/3547/1655 1615/3467/1618
f 1617/3548/1620 1618/3473/1621 1593/3472/1596
f 1548/3325/1551 1550/3327/1553 1652/3547/1655
f 1592/3546/1595 1575/3382/1578 1576/3474/1579
f 1550/3327/1553 1511/3236/1514 1652/3547/1655
f 1511/3236/1514 1553/3333/1556 1652/3547/1655
f 1652/3547/1655 1619/3475/1622 1615/3467/1618
f 1618/3473/1621 1619/3476/1622 1530/3286/1533
f 1652/3547/1655 1553/3333/1556 1619/3475/1622
f 1416/3009/1419 1653/3549/1656 1418/3012/1421
f 1531/3550/1534 1594/3551/1597 1596/3552/1599
f 1625/3488/1628 1622/3481/1625 1654/3553/1657
f 1622/3481/1625 1532/3288/1535 1654/3553/1657
f 1456/3092/1459 1655/3554/1658 1532/3288/1535
f 1597/3429/1600 1656/3555/1659 1495/3430/1498
f 1656/3556/1659 1626/3557/1629 1495/3558/1498
f 1656/3556/1659 1657/3559/1660 1626/3557/1629
f 1657/3559/1660 1658/3560/1661 1626/3557/1629
f 1626/3491/1629 1658/3561/1661 1533/3492/1536
f 1577/3387/1580 1556/3336/1559 1659/3562/1662
f 1533/3563/1536 1658/3564/1661 1389/3565/1392
f 1658/3564/1661 1627/3566/1630 1389/3565/1392
f 1513/3243/1516 1514/3244/1517 1628/3494/1631
f 1558/3338/1561 1660/3567/1663 1557/3337/1560
f 1598/3433/1601 1660/3567/1663 1558/3338/1561
f 1579/3389/1582 1661/3568/1664 1662/3569/1665
f 1534/3290/1537 1557/3340/1560 1580/3391/1583
f 1392/3570/1395 1663/3571/1666 1445/3572/1448
f 1500/3346/1503 1561/3347/1564 1664/3573/1667
f 1629/3574/1632 1561/3575/1564 1535/3576/1538
f 1629/3496/1632 1501/3498/1504 1665/3577/1668
f 1477/3143/1480 1666/3578/1669 1536/3298/1539
f 1459/3146/1462 1477/3579/1480 1478/3145/1481
f 1503/3302/1506 1502/3439/1505 1631/3501/1634
f 1519/3258/1522 1585/3400/1588 1667/3580/1670
f 1538/3581/1541 1634/3582/1637 1668/3583/1671
f 1538/3584/1541 1668/3585/1671 1636/3586/1639
f 1635/3512/1638 1669/3587/1672 1633/3506/1636
f 1636/3516/1639 1668/3588/1671 1586/3404/1589
f 1633/3506/1636 1669/3587/1672 1670/3589/1673
f 1669/3587/1672 1638/3590/1641 1670/3589/1673
f 1637/3517/1640 1602/3441/1605 1671/3591/1674
f 1639/3519/1642 1640/3520/1643 1669/3587/1672
f 1638/3590/1641 1669/3587/1672 1672/3592/1675
f 1602/3593/1605 1570/3594/1573 1671/3595/1674
f 1570/3596/1573 1673/3597/1676 1671/3591/1674
f 1669/3587/1672 1674/3598/1677 1672/3592/1675
f 1669/3587/1672 1640/3520/1643 1675/3599/1678
f 1675/3600/1678 1640/3601/1643 1676/3602/1679
f 1640/3520/1643 1569/3407/1572 1676/3603/1679
f 1587/3604/1590 1673/3597/1676 1570/3596/1573
f 1677/3605/1680 1566/3606/1569 1672/3592/1675
f 1669/3587/1672 1675/3599/1678 1674/3598/1677
f 1569/3607/1572 1678/3608/1681 1676/3609/1679
f 1566/3606/1569 1677/3605/1680 1605/3610/1608
f 1569/3407/1572 1588/3408/1591 1678/3611/1681
f 1588/3408/1591 1641/3612/1644 1678/3611/1681
f 1606/3613/1609 1679/3614/1682 1571/3615/1574
f 1571/3616/1574 1679/3617/1682 1544/3618/1547
f 1680/3619/1683 1641/3620/1644 1608/3621/1611
f 1608/3457/1611 1681/3622/1684 1680/3623/1683
f 1607/3456/1610 1508/3228/1511 1509/3229/1512
f 1486/3168/1489 1544/3624/1547 1589/3410/1592
f 1679/3625/1682 1589/3410/1592 1544/3624/1547
f 1612/3463/1615 1590/3413/1593 1644/3530/1647
f 1611/3626/1614 1682/3627/1685 1547/3628/1550
f 1590/3413/1593 1647/3534/1650 1645/3531/1648
f 1647/3629/1650 1646/3630/1649 1683/3631/1686
f 1683/3632/1686 1646/3533/1649 1684/3633/1687
f 1646/3533/1649 1613/3465/1616 1684/3633/1687
f 1684/3634/1687 1613/3635/1616 1685/3636/1688
f 1613/3635/1616 1648/3637/1651 1685/3636/1688
f 1573/3638/1576 1650/3542/1653 1591/3415/1594
f 1651/3543/1654 1649/3538/1652 1614/3537/1617
f 1651/3639/1654 1616/3468/1619 1686/3640/1689
f 1574/3378/1577 1650/3542/1653 1592/3641/1595
f 1686/3642/1689 1617/3548/1620 1592/3641/1595
f 1615/3467/1618 1686/3640/1689 1616/3468/1619
f 1416/3009/1419 1455/3643/1458 1653/3549/1656
f 1439/3051/1442 1620/3477/1623 1555/3335/1558
f 1620/3644/1623 1621/3479/1624 1555/3478/1558
f 1531/3645/1534 1596/3646/1599 1687/3647/1690
f 1531/3645/1534 1687/3647/1690 1597/3648/1600
f 1687/3649/1690 1656/3555/1659 1597/3429/1600
f 1456/3092/1459 1577/3387/1580 1655/3554/1658
f 1577/3387/1580 1659/3562/1662 1688/3650/1691
f 1688/3650/1691 1659/3562/1662 1689/3651/1692
f 1658/3564/1661 1657/3652/1660 1690/3653/1693
f 1689/3651/1692 1659/3562/1662 1628/3494/1631
f 1556/3336/1559 1628/3494/1631 1659/3562/1662
f 1556/3336/1559 1513/3243/1516 1628/3494/1631
f 1578/3654/1581 1691/3655/1694 1598/3656/1601
f 1692/3657/1695 1691/3658/1694 1578/3659/1581
f 1598/3433/1601 1693/3660/1696 1660/3567/1663
f 1661/3661/1664 1579/3390/1582 1694/3662/1697
f 1579/3390/1582 1497/3247/1500 1516/3663/1519
f 1579/3390/1582 1516/3663/1519 1694/3662/1697
f 1445/3664/1448 1663/2594/1666 1581/3665/1584
f 1501/3209/1504 1600/3436/1603 1665/3666/1668
f 1517/3667/1520 1695/3668/1698 1404/3022/1407
f 1696/3669/1699 1459/3146/1462 1355/3499/1358
f 1697/3670/1700 1355/2869/1358 1214/2537/1217
f 1518/3256/1521 1519/3258/1522 1667/3580/1670
f 1668/3671/1671 1634/3507/1637 1633/3506/1636
f 1668/3588/1671 1638/3672/1641 1586/3404/1589
f 1698/3673/1701 1639/3674/1642 1635/3675/1638
f 1670/3589/1673 1638/3590/1641 1668/3671/1671
f 1639/3519/1642 1669/3587/1672 1635/3512/1638
f 1639/3674/1642 1587/3406/1590 1603/3444/1606
f 1672/3676/1675 1566/3358/1569 1638/3518/1641
f 1672/3592/1675 1699/3677/1702 1677/3605/1680
f 1699/3677/1702 1674/3598/1677 1700/3678/1703
f 1677/3605/1680 1699/3677/1702 1605/3610/1608
f 1675/3599/1678 1701/3679/1704 1674/3598/1677
f 1676/3602/1679 1701/3680/1704 1675/3600/1678
f 1674/3598/1677 1701/3679/1704 1700/3678/1703
f 1702/3681/1705 1606/3682/1609 1605/3610/1608
f 1700/3683/1703 1701/3684/1704 1703/3685/1706
f 1701/3679/1704 1680/3623/1683 1703/3686/1706
f 1704/3687/1707 1679/3614/1682 1606/3613/1609
f 1705/3688/1708 1703/3686/1706 1680/3623/1683
f 1641/3620/1644 1680/3619/1683 1701/3689/1704
f 1681/3690/1684 1608/3691/1611 1607/3692/1610
f 1706/3693/1709 1610/3459/1613 1589/3410/1592
f 1707/3694/1710 1612/3463/1615 1644/3530/1647
f 1707/3694/1710 1642/3695/1645 1610/3696/1613
f 1645/3531/1648 1707/3694/1710 1644/3530/1647
f 1707/3694/1710 1645/3531/1648 1642/3695/1645
f 1682/3627/1685 1611/3626/1614 1643/3528/1646
f 1708/3697/1711 1642/3698/1645 1645/3699/1648
f 1708/3697/1711 1645/3699/1648 1709/3700/1712
f 1647/1566/1650 1709/3701/1712 1645/3702/1648
f 1647/3629/1650 1683/3631/1686 1709/3703/1712
f 1709/3703/1712 1683/3631/1686 1684/3634/1687
f 1709/3703/1712 1684/3634/1687 1710/3704/1713
f 1684/3634/1687 1685/3636/1688 1710/3704/1713
f 1711/3705/1714 1650/3706/1653 1651/3639/1654
f 1711/3705/1714 1651/3639/1654 1686/3640/1689
f 1711/3707/1714 1592/3641/1595 1650/3542/1653
f 1711/3707/1714 1686/3642/1689 1592/3641/1595
f 1617/3548/1620 1686/3642/1689 1618/3473/1621
f 1686/3640/1689 1619/3475/1622 1618/3708/1621
f 1615/3467/1618 1619/3475/1622 1686/3640/1689
f 1653/3549/1656 1620/3477/1623 1418/3012/1421
f 1554/3334/1557 1623/3482/1626 1712/3709/1715
f 1621/3479/1624 1713/3710/1716 1595/3483/1598
f 1714/3711/1717 1712/3709/1715 1623/3482/1626
f 1713/3712/1716 1624/3487/1627 1595/3427/1598
f 1714/3711/1717 1623/3482/1626 1625/3488/1628
f 1715/3713/1718 1687/3649/1690 1596/3714/1599
f 1688/3650/1691 1655/3554/1658 1577/3387/1580
f 1716/680/1719 1656/3555/1659 1687/3649/1690
f 1716/3715/1719 1688/3650/1691 1689/3651/1692
f 1690/3653/1693 1657/3652/1660 1656/3716/1659
f 1658/3564/1661 1690/3653/1693 1717/3717/1720
f 1717/3717/1720 1627/3566/1630 1658/3564/1661
f 1578/3388/1581 1627/3493/1630 1692/3718/1695
f 1662/3569/1665 1628/3494/1631 1579/3389/1582
f 1694/3719/1697 1516/3249/1519 1599/3434/1602
f 1660/3720/1663 1718/3721/1721 1557/3340/1560
f 1718/3722/1721 1580/1136/1583 1557/3723/1560
f 1719/3724/1722 1559/3394/1562 1581/3393/1584
f 1582/3395/1585 1500/3207/1503 1664/3725/1667
f 1404/3022/1407 1695/3668/1698 1630/3500/1633
f 1562/3348/1565 1697/3670/1700 1563/3349/1566
f 1563/3349/1566 1697/3670/1700 1214/2537/1217
f 1696/3669/1699 1355/3499/1358 1697/3726/1700
f 1565/3352/1568 1631/3501/1634 1502/3439/1505
f 1585/3400/1588 1601/3440/1604 1720/3727/1723
f 1633/3506/1636 1670/3589/1673 1668/3671/1671
f 1601/3440/1604 1721/3728/1724 1720/3727/1723
f 1601/3440/1604 1541/3310/1544 1637/3517/1640
f 1632/3511/1635 1698/3729/1701 1635/3512/1638
f 1601/3730/1604 1637/3731/1640 1721/3732/1724
f 1637/3517/1640 1671/3591/1674 1721/3728/1724
f 1698/3673/1701 1722/3733/1725 1639/3674/1642
f 1639/3674/1642 1722/3733/1725 1587/3406/1590
f 1674/3598/1677 1699/3677/1702 1672/3592/1675
f 1676/3603/1679 1678/3611/1681 1641/3612/1644
f 1699/3677/1702 1702/3681/1705 1605/3610/1608
f 1699/3677/1702 1723/3734/1726 1702/3681/1705
f 1699/3735/1702 1700/3736/1703 1723/3737/1726
f 1723/3734/1726 1700/3678/1703 1702/3681/1705
f 1701/3679/1704 1676/3603/1679 1641/3612/1644
f 1702/3681/1705 1704/3738/1707 1606/3682/1609
f 1700/3683/1703 1703/3685/1706 1702/3739/1705
f 1607/3456/1610 1509/3229/1512 1609/3458/1612
f 1679/3625/1682 1706/3693/1709 1589/3410/1592
f 1609/3740/1612 1545/621/1548 1681/3741/1684
f 1547/3628/1550 1682/3627/1685 1573/3742/1576
f 1708/3743/1711 1709/3703/1712 1710/3704/1713
f 1685/3744/1688 1648/3745/1651 1649/466/1652
f 1650/3542/1653 1649/3746/1652 1651/3747/1654
f 1455/3090/1458 1419/3013/1422 1653/3748/1656
f 1419/3749/1422 1494/3750/1497 1554/1748/1557
f 1554/3334/1557 1712/3709/1715 1724/3751/1727
f 1714/3711/1717 1713/3752/1716 1621/3753/1624
f 1725/3754/1728 1714/3711/1717 1625/3488/1628
f 1596/3714/1599 1624/3755/1627 1715/3713/1718
f 1625/3488/1628 1654/3553/1657 1726/3756/1729
f 1532/3288/1535 1655/3554/1658 1654/3553/1657
f 1655/3554/1658 1688/3650/1691 1654/3553/1657
f 1654/3553/1657 1688/3650/1691 1727/3757/1730
f 1688/3650/1691 1716/3715/1719 1727/3757/1730
f 1716/3758/1719 1690/3653/1693 1656/3716/1659
f 1728/3759/1731 1689/3651/1692 1628/3494/1631
f 1728/3759/1731 1628/3494/1631 1662/3569/1665
f 1728/3760/1731 1662/615/1665 1692/3761/1695
f 1691/3762/1694 1729/3763/1732 1598/3764/1601
f 1692/3657/1695 1730/3765/1733 1691/3658/1694
f 1692/3766/1695 1662/3767/1665 1730/3768/1733
f 1694/3719/1697 1599/3434/1602 1731/3769/1734
f 1660/3720/1663 1732/3770/1735 1718/3721/1721
f 1599/3434/1602 1559/3495/1562 1719/3771/1722
f 1719/3724/1722 1581/3393/1584 1733/3772/1736
f 1392/3570/1395 1582/3773/1585 1663/3571/1666
f 1459/3146/1462 1696/3669/1699 1477/3579/1480
f 1666/3774/1669 1562/3348/1565 1536/3438/1539
f 1666/3774/1669 1697/3670/1700 1562/3348/1565
f 1423/3775/1426 1734/3776/1737 1458/3211/1461
f 1423/3023/1426 1356/2870/1359 1735/3777/1738
f 1585/3400/1588 1720/3727/1723 1667/3580/1670
f 1667/3580/1670 1720/3727/1723 1736/3778/1739
f 1737/3779/1740 1738/3780/1741 1736/3778/1739
f 1737/3779/1740 1721/3728/1724 1738/3780/1741
f 1721/3728/1724 1737/3779/1740 1720/3727/1723
f 1739/3781/1742 1722/3782/1725 1698/3783/1701
f 1740/3784/1743 1671/3591/1674 1673/3597/1676
f 1722/3733/1725 1673/3785/1676 1587/3406/1590
f 1680/3623/1683 1681/3622/1684 1705/3688/1708
f 1607/3456/1610 1609/3458/1612 1681/3622/1684
f 1545/3322/1548 1612/3463/1615 1741/3786/1744
f 1742/3787/1745 1612/3788/1615 1707/3789/1710
f 1642/3527/1645 1682/3627/1685 1643/3528/1646
f 1710/3790/1713 1685/3744/1688 1649/466/1652
f 1653/3791/1656 1419/3191/1422 1743/3792/1746
f 1419/3191/1422 1554/3334/1557 1743/3792/1746
f 1743/3792/1746 1554/3334/1557 1724/3751/1727
f 1620/3644/1623 1743/3793/1746 1621/3479/1624
f 1743/3792/1746 1724/3751/1727 1621/3753/1624
f 1621/3753/1624 1712/3709/1715 1714/3711/1717
f 1714/3794/1717 1725/3795/1728 1713/3712/1716
f 1744/3796/1747 1625/3488/1628 1726/3756/1729
f 1689/3651/1692 1728/3759/1731 1716/3715/1719
f 1728/3759/1731 1692/3797/1695 1627/3798/1630
f 1662/3767/1665 1661/3799/1664 1730/3768/1733
f 1694/3800/1697 1731/3801/1734 1745/3802/1748
f 1694/3800/1697 1745/3802/1748 1661/3799/1664
f 1718/3721/1721 1746/3803/1749 1580/3391/1583
f 1746/3803/1749 1600/3436/1603 1580/3391/1583
f 1629/3496/1632 1600/3804/1603 1746/3805/1749
f 1665/3577/1668 1600/3804/1603 1629/3496/1632
f 1663/3806/1666 1582/3807/1585 1747/3808/1750
f 1403/3297/1406 1748/3809/1751 1517/3253/1520
f 1458/3211/1461 1734/3776/1737 1583/3396/1586
f 1423/3775/1426 1735/3810/1738 1734/3776/1737
f 1426/3026/1429 1630/3500/1633 1460/3103/1463
f 1631/3502/1634 1738/3811/1741 1632/3503/1635
f 1736/3778/1739 1518/3256/1521 1667/3580/1670
f 1738/3812/1741 1740/3813/1743 1632/3814/1635
f 1632/3814/1635 1739/3781/1742 1698/3783/1701
f 1737/3779/1740 1736/3778/1739 1720/3727/1723
f 1738/3780/1741 1721/3728/1724 1740/3784/1743
f 1721/3728/1724 1671/3591/1674 1740/3784/1743
f 1722/3733/1725 1739/3815/1742 1673/3785/1676
f 1704/3738/1707 1702/3681/1705 1742/3816/1745
f 1703/3686/1706 1742/3816/1745 1702/3681/1705
f 1705/3688/1708 1742/3816/1745 1703/3686/1706
f 1742/3816/1745 1705/3688/1708 1741/3786/1744
f 1705/3688/1708 1681/3622/1684 1741/3786/1744
f 1681/3622/1684 1545/3322/1548 1741/3786/1744
f 1679/3625/1682 1704/3817/1707 1706/3693/1709
f 1707/3789/1710 1610/3459/1613 1742/3787/1745
f 1610/3459/1613 1706/3693/1709 1742/3787/1745
f 1708/3818/1711 1749/3819/1752 1642/458/1645
f 1708/3820/1711 1710/3821/1713 1749/3822/1752
f 1642/3823/1645 1573/1959/1576 1682/3824/1685
f 1710/3790/1713 1649/466/1652 1749/3825/1752
f 1573/3638/1576 1649/3746/1652 1650/3542/1653
f 1653/3549/1656 1743/3826/1746 1620/3477/1623
f 1724/3751/1727 1712/3709/1715 1621/3753/1624
f 1713/3712/1716 1725/3795/1728 1624/3487/1627
f 1744/3827/1747 1715/3713/1718 1624/3755/1627
f 1715/3713/1718 1750/3828/1753 1687/3649/1690
f 1716/680/1719 1687/3649/1690 1727/3829/1730
f 1690/3830/1693 1716/3715/1719 1717/3831/1720
f 1716/3715/1719 1728/3759/1731 1717/3831/1720
f 1717/3831/1720 1728/3759/1731 1627/3798/1630
f 1661/3799/1664 1745/3802/1748 1730/3768/1733
f 1660/3567/1663 1693/3660/1696 1732/3832/1735
f 1731/3769/1734 1719/3771/1722 1733/3833/1736
f 1719/3771/1722 1731/3769/1734 1599/3434/1602
f 1718/3721/1721 1751/3834/1754 1746/3803/1749
f 1581/3835/1584 1752/3836/1755 1733/3837/1736
f 1581/3838/1584 1663/3839/1666 1752/3840/1755
f 1753/3841/1756 1561/3575/1564 1629/3574/1632
f 1477/3579/1480 1696/3669/1699 1666/3842/1669
f 1666/3774/1669 1696/3843/1699 1697/3670/1700
f 1754/3844/1757 1735/3777/1738 1356/2870/1359
f 1356/2870/1359 1564/3351/1567 1754/3844/1757
f 1565/3352/1568 1736/3778/1739 1631/3501/1634
f 1565/3352/1568 1518/3256/1521 1736/3778/1739
f 1631/3501/1634 1736/3778/1739 1738/3780/1741
f 1704/3817/1707 1742/3787/1745 1706/3693/1709
f 1612/3463/1615 1742/3816/1745 1741/3786/1744
f 1642/3845/1645 1749/2071/1752 1573/3846/1576
f 1725/3754/1728 1744/3796/1747 1624/3847/1627
f 1725/3754/1728 1625/3488/1628 1744/3796/1747
f 1654/3553/1657 1727/3757/1730 1726/3756/1729
f 1598/3433/1601 1755/3848/1758 1693/3660/1696
f 1731/3769/1734 1733/3833/1736 1745/3849/1748
f 1756/3850/1759 1752/3851/1755 1663/3852/1666
f 1629/3574/1632 1746/3803/1749 1753/3841/1756
f 1561/3575/1564 1757/3853/1760 1664/3725/1667
f 1561/3575/1564 1753/3841/1756 1757/3853/1760
f 1740/3813/1743 1739/3781/1742 1632/3814/1635
f 1749/3854/1752 1649/3746/1652 1573/3638/1576
f 1750/3828/1753 1727/3829/1730 1687/3649/1690
f 1598/3764/1601 1729/3763/1732 1755/3855/1758
f 1730/3765/1733 1729/3856/1732 1691/3658/1694
f 1732/3770/1735 1751/3834/1754 1718/3721/1721
f 1664/3725/1667 1757/3853/1760 1582/3395/1585
f 1758/3857/1761 1747/3858/1750 1582/3395/1585
f 1403/3297/1406 1583/3859/1586 1759/3860/1762
f 1564/3861/1567 1460/3103/1463 1754/3862/1757
f 1740/3784/1743 1673/3597/1676 1739/3863/1742
f 1726/3756/1729 1760/3864/1763 1744/3796/1747
f 1744/3865/1747 1750/3866/1753 1715/3867/1718
f 1726/3756/1729 1727/3757/1730 1760/3864/1763
f 1693/3660/1696 1761/3868/1764 1732/3832/1735
f 1745/3849/1748 1733/3833/1736 1752/3869/1755
f 1751/3834/1754 1753/3841/1756 1746/3803/1749
f 1663/3870/1666 1747/3871/1750 1756/3872/1759
f 1757/3853/1760 1758/3857/1761 1582/3395/1585
f 1403/3297/1406 1759/3860/1762 1748/3809/1751
f 1748/3809/1751 1695/3873/1698 1517/3253/1520
f 1754/3874/1757 1762/3875/1765 1735/3810/1738
f 1756/3872/1759 1747/3871/1750 1758/3876/1761
f 1734/3776/1737 1735/3810/1738 1762/3875/1765
f 1695/3668/1698 1763/3877/1766 1630/3500/1633
f 1630/3500/1633 1763/3877/1766 1754/3862/1757
f 1763/3877/1766 1762/3878/1765 1754/3862/1757
f 1630/3500/1633 1754/3862/1757 1460/3103/1463
f 1744/3865/1747 1760/3879/1763 1750/3866/1753
f 1760/3864/1763 1727/3757/1730 1750/3880/1753
f 1729/3881/1732 1764/3882/1767 1755/3848/1758
f 1755/3848/1758 1765/3883/1768 1693/3660/1696
f 1755/3848/1758 1764/3882/1767 1765/3883/1768
f 1745/3849/1748 1766/3884/1769 1730/3885/1733
f 1693/3660/1696 1765/3883/1768 1761/3868/1764
f 1745/3849/1748 1752/3869/1755 1766/3884/1769
f 1761/3886/1764 1751/3834/1754 1732/3770/1735
f 1759/3887/1762 1583/3396/1586 1734/3776/1737
f 1729/3888/1732 1766/3884/1769 1767/3889/1770
f 1730/3885/1733 1766/3884/1769 1729/3888/1732
f 1766/3884/1769 1756/3872/1759 1767/3889/1770
f 1767/3889/1770 1756/3872/1759 1758/3876/1761
f 1752/3869/1755 1756/3872/1759 1766/3884/1769
f 1748/3890/1751 1763/3877/1766 1695/3668/1698
f 1734/3776/1737 1762/3875/1765 1759/3887/1762
f 1729/3888/1732 1767/3889/1770 1764/3891/1767
f 1764/3891/1767 1767/3889/1770 1765/3892/1768
f 1761/3886/1764 1765/3893/1768 1751/3834/1754
f 1767/3889/1770 1757/3894/1760 1765/3892/1768
f 1765/3892/1768 1753/3895/1756 1751/3896/1754
f 1757/3894/1760 1753/3895/1756 1765/3892/1768
f 1757/3894/1760 1767/3889/1770 1758/3876/1761
f 1759/3887/1762 1763/3897/1766 1748/3898/1751
f 1759/3887/1762 1762/3875/1765 1763/3897/1766
