# Blender 4.4.0
# www.blender.org
# mtl  Meshy_AI_a_single_stalk_of_cor_0429071510_texture.mtl
o Meshy_AI_a_single_stalk_of_cor_0429071510_texture
v -0.431293 -0.473920 -0.246949
v -0.385512 -0.412723 -0.245946
v -0.387603 -0.432079 -0.235327
v -0.398078 -0.410306 -0.246515
v -0.313107 -0.317150 -0.242985
v -0.319162 -0.344472 -0.234320
v -0.349755 -0.344429 -0.246214
v -0.351336 0.074540 -0.242794
v -0.317562 0.100393 -0.247188
v -0.395471 -0.012950 -0.246754
v -0.463201 -0.544389 -0.231389
v -0.463470 -0.515021 -0.238831
v -0.413795 -0.063072 -0.242909
v -0.422985 -0.068368 -0.243063
v -0.355115 0.021681 -0.235011
v -0.490698 -0.571345 -0.224734
v -0.469631 -0.544900 -0.239055
v -0.292274 -0.296472 -0.234978
v -0.434298 -0.113401 -0.234460
v -0.482887 -0.577377 -0.221488
v -0.447176 -0.115536 -0.227247
v -0.270982 0.182945 -0.234621
v -0.237911 0.198269 -0.227500
v -0.346614 -0.321141 -0.211786
v -0.311588 0.153300 -0.215247
v -0.367333 -0.419404 -0.212132
v -0.246261 -0.297671 -0.227356
v -0.237409 -0.284899 -0.219100
v -0.214732 -0.304754 -0.215431
v -0.438365 -0.124724 -0.221614
v -0.434200 -0.094188 -0.198497
v -0.264395 0.138284 -0.196425
v -0.318126 0.061994 -0.208555
v -0.475385 -0.502725 -0.178809
v -0.396495 -0.348349 -0.191443
v -0.253631 -0.321584 -0.191801
v -0.240717 0.203771 -0.222665
v -0.446293 -0.072739 -0.190243
v -0.390770 -0.038122 -0.213596
v -0.363774 0.145316 -0.163699
v -0.214317 0.211797 -0.214486
v -0.446823 -0.511350 -0.194603
v -0.315877 -0.364103 -0.211432
v -0.307599 -0.287831 -0.184491
v -0.190898 0.206114 -0.201901
v -0.427515 0.002834 -0.168177
v -0.362521 0.006199 -0.190192
v -0.191381 -0.291739 -0.164434
v -0.418256 -0.456173 -0.167706
v -0.210915 -0.341203 -0.179841
v -0.229530 -0.276508 -0.165613
v -0.446664 -0.109940 -0.202933
v -0.291588 0.096189 -0.181556
v -0.214973 0.185407 -0.191858
v -0.343184 -0.390938 -0.182104
v -0.261938 -0.325983 -0.177596
v -0.370477 -0.307087 -0.168017
v -0.395793 0.070128 -0.175689
v -0.186203 -0.353193 -0.191407
v -0.333078 0.421880 -0.195308
v -0.341532 0.426958 -0.191152
v -0.332272 0.431012 -0.199912
v -0.223464 0.172853 -0.168842
v -0.197641 0.189855 -0.187565
v -0.311441 0.455391 -0.181677
v -0.288922 0.525159 -0.184131
v -0.468457 -0.494532 -0.171970
v -0.154131 -0.347378 -0.163041
v -0.402039 0.017894 -0.142809
v -0.311677 0.192245 -0.171932
v -0.175690 0.165948 -0.163349
v -0.182945 0.215307 -0.180098
v -0.339693 0.425102 -0.175460
v -0.305796 0.483848 -0.135396
v -0.158135 -0.320482 -0.151684
v -0.434666 -0.019232 -0.162512
v -0.165712 0.197981 -0.183076
v -0.252560 0.218975 -0.141047
v -0.335015 0.497697 -0.122658
v -0.167881 -0.392509 -0.171323
v -0.159012 -0.389853 -0.172241
v -0.318566 -0.355255 -0.155599
v -0.306884 0.093063 -0.155304
v -0.151095 0.164053 -0.168382
v -0.212643 0.177301 -0.149762
v -0.273210 0.523615 -0.167660
v -0.193555 -0.363968 -0.150027
v -0.448143 -0.449274 -0.148026
v -0.218908 -0.329539 -0.147072
v -0.332492 0.468626 -0.135763
v -0.237744 0.592095 -0.152638
v -0.278327 0.579129 -0.134568
v -0.247458 0.591955 -0.152041
v -0.439568 -0.383402 -0.132808
v -0.127232 -0.445193 -0.144695
v -0.390048 -0.408454 -0.155412
v -0.126826 -0.359751 -0.128214
v -0.416215 -0.328622 -0.116744
v -0.393710 -0.305478 -0.120195
v -0.230602 0.173535 -0.150848
v -0.147594 0.199556 -0.126168
v -0.328170 -0.276190 -0.105583
v -0.183586 0.162156 -0.137590
v -0.128370 0.181071 -0.124542
v -0.275270 0.517099 -0.122195
v -0.155601 -0.423950 -0.133779
v -0.251357 -0.288653 -0.126075
v -0.238571 -0.288656 -0.137941
v -0.420321 0.043635 -0.132487
v -0.142453 0.116690 -0.150228
v -0.120721 0.147200 -0.127705
v -0.178145 0.215115 -0.127037
v -0.227187 0.571622 -0.134603
v -0.241068 -0.304726 -0.141596
v -0.170789 -0.308275 -0.135020
v -0.420232 0.021274 -0.135826
v -0.389010 0.150386 -0.097168
v -0.148854 0.096992 -0.113579
v -0.207509 0.180253 -0.134824
v 0.095168 0.690215 -0.147912
v 0.082828 0.704102 -0.142974
v 0.112605 0.692521 -0.146631
v -0.434845 -0.390087 -0.122748
v -0.209302 0.603343 -0.134632
v -0.112238 -0.479341 -0.123895
v -0.349719 -0.343826 -0.132765
v -0.200767 -0.312040 -0.134544
v -0.126865 0.088670 -0.136586
v -0.113847 0.037844 -0.115150
v -0.090342 0.102516 -0.095795
v -0.221435 0.608745 -0.132254
v 0.121978 0.686682 -0.136565
v 0.063509 0.706582 -0.131775
v 0.115936 0.707303 -0.116704
v -0.170584 -0.369591 -0.113232
v -0.369487 -0.322146 -0.112148
v -0.252649 -0.300480 -0.134826
v -0.258524 -0.279856 -0.117020
v -0.322245 0.108502 -0.131589
v 0.053711 0.722978 -0.104904
v -0.316622 -0.309896 -0.106763
v -0.132174 -0.350584 -0.122912
v -0.186482 0.589391 -0.126690
v -0.087910 -0.458088 -0.116975
v -0.090706 -0.415718 -0.111861
v -0.334252 0.165474 -0.098448
v -0.225198 0.209621 -0.120239
v -0.179150 0.597010 -0.119645
v 0.104701 0.702037 -0.059679
v -0.153647 -0.352470 -0.110731
v -0.247178 -0.302109 -0.118107
v -0.404418 0.057369 -0.118741
v -0.247407 0.201044 -0.102797
v -0.268922 0.227197 -0.089107
v -0.254146 0.216445 -0.117899
v -0.155139 0.552822 -0.117147
v 0.077135 0.692341 -0.093298
v -0.117823 0.034173 -0.108601
v -0.042162 0.026757 -0.063343
v -0.104016 0.133599 -0.097480
v -0.323304 0.210805 -0.108342
v -0.210343 0.558718 -0.103830
v -0.178781 0.549038 -0.103420
v -0.095900 -0.405942 -0.095077
v -0.363491 -0.283944 -0.062034
v -0.294001 0.188876 -0.092003
v -0.154818 0.199678 -0.115785
v -0.314162 0.556099 -0.085359
v -0.128238 0.486155 -0.105261
v 0.104104 0.711081 -0.059255
v 0.080978 0.711427 -0.101228
v 0.043747 0.718758 -0.111711
v -0.422920 -0.349409 -0.111381
v -0.401389 0.103732 -0.100828
v -0.358245 0.125571 -0.112507
v -0.184127 0.180300 -0.108555
v -0.243899 0.210650 -0.100617
v -0.254101 0.542847 -0.091468
v -0.139030 0.532792 -0.108839
v -0.145791 0.555720 -0.077523
v -0.275114 0.595659 -0.081040
v -0.080083 -0.518974 -0.096195
v -0.387972 -0.299445 -0.080207
v -0.407067 -0.315612 -0.095318
v -0.222462 -0.325173 -0.105360
v -0.194640 0.600063 -0.090002
v -0.227541 -0.370555 -0.071193
v -0.258795 -0.341484 -0.076225
v -0.207166 -0.327502 -0.091642
v -0.135721 0.464155 -0.091953
v -0.117542 0.459155 -0.098101
v -0.311572 0.536121 -0.082003
v -0.083064 -0.500298 -0.038928
v -0.118413 -0.403435 -0.079802
v -0.155010 0.146794 -0.094062
v -0.092489 0.448084 -0.060540
v 0.052766 0.680168 -0.076205
v -0.077554 -0.009342 -0.082220
v -0.374886 0.168221 -0.071010
v -0.126051 0.129197 -0.076805
v -0.361913 0.201941 -0.054401
v -0.238565 -0.287618 -0.081997
v -0.392112 0.139499 -0.091350
v -0.218466 0.199499 -0.085804
v -0.256790 0.601164 -0.029996
v 0.026345 0.722293 -0.071089
v -0.078235 0.085767 -0.070255
v -0.269167 0.196792 -0.086157
v -0.119614 0.428628 -0.072800
v -0.211517 0.554001 -0.077179
v 0.015683 0.682242 -0.069070
v 0.096806 0.719021 -0.065601
v 0.012512 0.708987 -0.076610
v -0.024319 -0.533120 -0.065359
v -0.031330 -0.479362 -0.064327
v -0.197992 -0.365003 -0.081323
v -0.324699 -0.283650 -0.054736
v -0.332957 0.201354 -0.038321
v -0.210878 0.212723 -0.076161
v -0.087357 0.422053 -0.083107
v -0.093254 0.412033 -0.082150
v -0.286159 0.592449 -0.032759
v -0.060641 -0.542726 -0.076304
v -0.183810 -0.423562 -0.043557
v -0.243660 0.182413 -0.065844
v -0.234048 0.227465 -0.076565
v -0.128411 0.520229 -0.062061
v -0.154271 0.503930 -0.060380
v -0.200086 -0.317547 -0.057867
v -0.025971 0.003839 -0.051093
v -0.046024 0.372246 -0.062401
v -0.198287 0.535920 -0.045733
v -0.109731 0.025634 -0.074441
v -0.248482 0.567468 -0.063740
v 0.037977 0.667212 -0.066608
v 0.047261 0.694981 -0.047394
v -0.085383 -0.456223 -0.041253
v -0.214612 -0.308266 -0.055684
v -0.037524 -0.057011 -0.042688
v -0.326911 0.218950 -0.023256
v -0.293868 0.578812 -0.041367
v -0.146258 0.543811 -0.034453
v 0.051156 0.655184 -0.052925
v -0.146759 -0.428761 -0.044518
v -0.161235 -0.379837 -0.055860
v -0.302446 -0.320955 -0.011910
v -0.361393 -0.295394 -0.051373
v -0.087078 0.016823 -0.026683
v -0.155084 0.112655 -0.046460
v -0.141173 0.518735 -0.045726
v -0.068639 0.765167 -0.058249
v -0.065490 0.852509 -0.066104
v -0.037007 0.760995 -0.061654
v -0.086016 0.871392 -0.056643
v -0.080513 0.875968 -0.052674
v -0.169139 0.173068 -0.048913
v -0.187343 0.200458 -0.053394
v -0.009221 0.629652 -0.057457
v 0.017581 0.695351 -0.040766
v -0.042111 0.661780 -0.054001
v -0.042336 0.814569 -0.051244
v -0.018294 -0.583681 -0.043030
v -0.271066 -0.351128 0.013934
v -0.036365 0.030030 -0.049225
v -0.113107 0.101478 -0.052708
v -0.207339 0.137105 -0.050711
v -0.352600 0.202121 -0.040699
v -0.241621 0.222604 -0.043294
v -0.044543 0.361807 -0.052056
v -0.025042 0.356543 -0.042648
v -0.119869 0.445979 -0.053644
v -0.075470 0.392500 -0.038913
v 0.001261 0.559303 -0.034354
v -0.068563 0.622115 -0.046120
v -0.080097 0.737121 -0.050725
v -0.024285 0.728449 -0.052975
v -0.032554 0.194876 -0.054098
v 0.001204 0.196961 -0.042165
v -0.025760 0.156029 -0.050408
v -0.025276 0.374720 -0.050081
v -0.159390 0.476280 -0.044963
v -0.029557 0.563464 -0.038134
v -0.025531 0.645328 -0.047096
v 0.068729 0.666846 -0.029768
v 0.063441 0.701767 -0.028051
v 0.088433 0.710642 -0.040067
v -0.195236 -0.424129 -0.032917
v -0.312736 -0.300802 -0.020358
v -0.179862 0.105196 -0.042520
v -0.033314 0.130460 -0.032901
v 0.011801 0.169082 -0.043047
v -0.231004 0.149391 -0.028578
v -0.020803 0.400047 -0.025690
v -0.102971 0.429392 -0.045740
v -0.010136 0.681511 -0.039021
v -0.036090 0.775046 -0.037152
v -0.093741 0.843914 -0.034149
v 0.002537 -0.568772 -0.034282
v -0.139752 -0.418639 -0.039222
v -0.053099 0.144566 -0.031425
v 0.064968 0.242369 -0.046145
v 0.051023 0.213978 -0.040591
v -0.072014 0.428686 -0.037684
v -0.058558 0.423217 -0.035700
v -0.103038 0.444222 -0.051189
v -0.103563 0.455879 -0.037500
v -0.183301 0.585880 -0.038534
v -0.020864 0.728383 -0.035340
v -0.035668 -0.568719 -0.012736
v 0.018377 -0.543252 -0.009346
v -0.013454 -0.495200 -0.019030
v -0.054302 -0.513962 -0.012937
v -0.008455 -0.051200 -0.024483
v -0.145003 0.121452 -0.032681
v -0.017026 0.232963 -0.040827
v 0.026992 0.241291 -0.022436
v -0.029070 0.344712 -0.004663
v -0.016263 0.359850 -0.032639
v -0.075699 0.404726 -0.030567
v -0.087421 0.416506 -0.040196
v -0.119538 0.425582 -0.035784
v -0.251639 0.592081 -0.011564
v 0.026935 0.559982 -0.016734
v 0.088812 0.697325 -0.032349
v -0.010500 -0.595936 -0.021522
v -0.151796 -0.466074 -0.019433
v -0.103494 -0.469723 -0.014821
v -0.003339 -0.367512 -0.025079
v -0.017827 -0.337838 -0.038125
v 0.028723 -0.329899 -0.026704
v -0.044864 -0.331116 -0.027190
v -0.012593 -0.284285 -0.038481
v 0.175774 -0.130927 -0.038483
v 0.218305 -0.064746 -0.034626
v 0.217281 -0.081836 -0.035308
v 0.244388 -0.050807 -0.031055
v -0.080990 0.046129 -0.020846
v -0.273923 0.177452 0.032403
v 0.026249 0.178190 -0.034103
v -0.269877 0.196657 0.020298
v -0.053507 0.185242 -0.017102
v 0.092705 0.278449 -0.042130
v 0.085677 0.253402 -0.033349
v 0.111606 0.295678 -0.038538
v 0.123028 0.332129 -0.026883
v -0.082727 0.594497 -0.031755
v 0.026685 0.666686 -0.033547
v -0.093830 0.769147 -0.032857
v -0.050572 0.786197 -0.025352
v -0.042520 -0.492472 -0.015085
v -0.163762 -0.369274 -0.023023
v 0.139671 -0.170730 -0.030806
v 0.144276 -0.182370 -0.030643
v -0.041738 -0.057804 -0.008724
v -0.000910 -0.016906 -0.021007
v -0.186686 0.169659 -0.007665
v -0.066304 0.159674 -0.008984
v -0.146985 0.448096 -0.029120
v -0.211401 0.573591 0.010429
v -0.097366 0.669572 -0.009880
v -0.006183 0.807984 -0.026959
v -0.085354 0.834960 -0.020124
v -0.118514 -0.472383 -0.021486
v -0.028864 -0.385226 -0.015125
v -0.034180 -0.299787 -0.011850
v 0.198294 -0.057133 -0.007492
v -0.013727 -0.082972 -0.010742
v -0.164131 0.041965 0.003950
v -0.187199 0.081365 -0.023225
v -0.200574 0.085460 -0.009000
v -0.329318 0.211121 -0.016974
v 0.109631 0.285193 -0.033008
v -0.055943 0.415381 -0.025995
v -0.107519 0.401544 -0.005574
v -0.115633 0.479561 -0.009928
v -0.077652 0.555747 -0.012711
v 0.003689 0.678837 -0.026330
v 0.022606 0.649355 -0.012845
v 0.022457 0.768925 -0.018249
v 0.008854 0.796170 -0.027093
v -0.013360 -0.864186 -0.022822
v 0.001120 -0.911980 -0.022877
v -0.027529 -0.950440 -0.017329
v -0.013242 -0.816509 -0.022887
v -0.092802 -0.452426 -0.000216
v -0.241757 -0.381326 0.020739
v -0.136338 -0.396937 -0.021886
v -0.058229 -0.361229 -0.000797
v 0.104342 -0.241754 -0.022982
v 0.114116 -0.229177 -0.002648
v 0.187596 -0.121126 -0.025721
v 0.155390 -0.105330 -0.005689
v -0.026381 -0.072629 -0.016208
v 0.277280 -0.013823 -0.015239
v 0.313264 -0.013950 -0.007036
v 0.078455 0.257302 0.004906
v -0.036544 0.209469 -0.008434
v -0.013234 0.381656 -0.001522
v -0.052840 0.381163 -0.009333
v -0.051580 0.510458 -0.003626
v -0.003276 0.523796 -0.003541
v 0.062815 0.665040 -0.006931
v 0.008121 0.648316 -0.022536
v -0.048655 0.788299 -0.019272
v 0.001559 0.903683 -0.018746
v 0.011530 -0.950931 -0.017343
v 0.022857 -0.888041 -0.005208
v -0.035300 -0.824968 -0.012463
v -0.009930 -0.756973 -0.022779
v 0.013859 -0.757129 -0.011164
v -0.009874 -0.709178 -0.022719
v 0.003675 -0.733097 -0.017731
v -0.025179 -0.685403 -0.018807
v 0.007397 -0.650026 -0.013475
v -0.023239 -0.592390 -0.018396
v 0.011385 -0.526361 0.001822
v -0.037532 -0.422659 -0.010899
v -0.000762 -0.377243 -0.010384
v 0.056878 -0.301673 -0.022669
v 0.031004 -0.344075 -0.014042
v 0.070993 -0.259706 -0.015914
v -0.016614 -0.271326 -0.019238
v -0.005691 -0.249831 -0.010557
v -0.037944 0.030184 -0.015901
v -0.052519 0.029009 -0.003125
v -0.042982 0.116842 -0.001180
v -0.030208 0.124949 -0.011519
v 0.166432 0.360619 -0.009705
v 0.184851 0.397269 -0.014370
v 0.042074 0.583181 0.005760
v -0.095860 0.645337 0.002862
v 0.034142 0.855516 -0.002637
v 0.015550 0.824300 -0.021465
v -0.035494 0.868101 -0.014404
v -0.032823 -0.959258 0.002156
v 0.013951 -0.604996 -0.000230
v -0.187255 -0.451861 0.048963
v -0.242646 -0.337637 -0.012257
v 0.134179 -0.185162 0.015961
v -0.046507 -0.291074 0.021208
v -0.025456 -0.131831 -0.014978
v 0.127728 -0.172656 -0.018877
v 0.227330 -0.069516 0.024950
v -0.004841 -0.082263 -0.000492
v -0.032336 0.262252 -0.003672
v -0.050812 0.427756 0.004014
v -0.041005 0.508227 -0.010333
v -0.137399 0.484266 0.010820
v -0.188123 0.550414 0.014442
v -0.221466 0.588103 -0.000657
v -0.079014 0.791513 -0.005095
v -0.066962 0.790560 -0.014506
v -0.042550 -0.756857 -0.001362
v -0.042543 -0.593336 -0.001144
v -0.046504 -0.380259 0.006079
v -0.276801 -0.332281 0.007066
v 0.040726 -0.169808 0.010647
v 0.082987 -0.148071 0.005021
v -0.011060 -0.001580 -0.009108
v -0.309753 0.210198 0.002678
v -0.006912 0.280370 -0.000941
v 0.024038 0.311940 0.012410
v -0.042264 0.364507 -0.002164
v 0.206953 0.414920 -0.007050
v -0.154003 0.463746 -0.007161
v -0.159797 0.503562 0.010568
v -0.171757 0.514614 0.015004
v 0.027922 0.664723 -0.001150
v 0.039508 0.733176 0.007601
v 0.045380 0.789061 0.011842
v -0.068183 0.784566 -0.005247
v 0.042308 0.884092 0.014391
v 0.025662 0.930560 0.008180
v -0.039084 0.922974 -0.001339
v -0.009403 0.930707 -0.011037
v -0.042558 -0.804601 -0.001315
v 0.018932 -0.685288 0.002750
v -0.157898 -0.398026 0.006744
v -0.200061 -0.427099 0.046157
v -0.094853 0.039985 0.017223
v -0.007797 0.160699 0.001596
v -0.123108 0.089673 -0.001228
v -0.179337 0.117730 0.023472
v 0.054928 0.296943 -0.006712
v -0.027488 0.399314 -0.009961
v -0.088684 0.788340 -0.004820
v -0.070186 0.812413 0.002644
v -0.046516 0.926763 0.014678
v 0.005033 0.942448 0.000588
v 0.022946 -0.953782 0.017772
v -0.042429 -0.911951 0.013451
v 0.022904 -0.828354 0.002767
v 0.026794 -0.565794 0.010448
v -0.050795 -0.516395 0.008104
v 0.011096 -0.450445 0.002728
v -0.095879 -0.441440 0.016568
v 0.005266 -0.227208 0.014069
v 0.170633 -0.117247 0.032027
v 0.083999 -0.123956 0.028035
v 0.006968 -0.044110 0.002532
v -0.050275 0.130171 0.009614
v -0.042222 0.222933 0.001603
v -0.026548 0.405067 -0.003452
v -0.036538 0.424614 0.000755
v -0.046859 0.486858 0.017887
v -0.026942 0.494834 -0.002709
v -0.013229 0.486414 0.004873
v -0.104662 0.605800 0.023191
v 0.041954 0.660635 0.001764
v -0.062126 0.875653 0.021765
v -0.038588 -0.954317 0.013541
v -0.047392 -0.499342 0.014915
v -0.046163 -0.414347 0.017697
v -0.048150 0.022973 0.012056
v -0.011490 0.290267 0.003281
v -0.045942 0.290818 0.005639
v -0.062808 0.433431 0.024572
v -0.001072 0.511470 0.003443
v -0.091283 0.670390 0.027250
v -0.072397 0.780034 -0.002853
v 0.018944 -0.852407 0.029100
v 0.018945 -0.721224 0.021112
v -0.043239 -0.557270 0.019809
v 0.010968 -0.406641 0.014086
v -0.229691 -0.372293 0.023159
v 0.287166 -0.029811 0.021806
v -0.050169 -0.012537 0.021211
v 0.386397 0.008945 0.031665
v -0.074011 0.164070 0.025724
v -0.073978 0.194632 0.037944
v 0.047387 0.232470 0.015850
v 0.091478 0.360447 0.021758
v -0.056692 0.369072 0.017852
v 0.190641 0.390006 0.045491
v -0.122373 0.424362 0.012398
v 0.233533 0.448070 0.019733
v 0.258775 0.447789 0.021400
v 0.049083 0.660129 0.018400
v -0.079255 0.728312 0.011505
v -0.017144 0.955368 0.018482
v -0.111053 -0.523097 0.027314
v -0.045692 -0.493512 0.030655
v -0.005073 -0.091594 0.027673
v 0.147322 -0.088748 0.004544
v 0.151479 -0.049670 0.031467
v 0.263433 -0.030619 0.052210
v 0.374990 -0.002620 0.020119
v -0.049054 0.002586 0.027393
v -0.140707 0.021639 0.023744
v -0.057200 0.504030 0.025704
v 0.003073 0.523310 0.025102
v 0.038586 0.693001 0.016276
v -0.042429 -0.700823 0.017386
v -0.000748 -0.543670 0.083674
v -0.065860 -0.327245 0.045632
v 0.044562 -0.293687 0.022986
v 0.064423 -0.138445 0.030724
v 0.312478 0.037905 0.055843
v -0.005310 0.179091 0.015873
v -0.004717 -0.000343 0.025690
v -0.243507 0.128793 0.048917
v -0.249011 0.157946 0.046969
v 0.108272 0.412047 0.055452
v 0.256722 0.454919 0.024292
v -0.008528 0.490955 0.017617
v -0.120972 0.460261 0.021695
v -0.037276 -0.876229 0.027391
v 0.022862 -0.804539 0.017384
v -0.038214 -0.612732 0.027954
v 0.017534 -0.612041 0.017800
v -0.043623 -0.584021 0.038703
v -0.058265 -0.368079 0.025164
v -0.051399 -0.308677 0.027017
v -0.042301 -0.065963 0.033908
v 0.024433 0.321124 0.034143
v -0.033327 0.360056 0.035071
v -0.066844 0.528885 0.029723
v 0.044209 0.709452 0.028863
v 0.051264 0.735416 0.028712
v -0.074209 0.780286 0.044679
v 0.046408 0.847931 0.025917
v 0.046249 0.864212 0.041501
v 0.009102 0.955295 0.033538
v -0.001039 -0.526945 0.032311
v -0.000734 -0.333468 0.027996
v 0.006457 -0.070421 0.025663
v -0.111993 0.013554 0.027596
v -0.107608 0.076835 0.025598
v -0.046060 0.225332 0.029646
v 0.003998 0.277977 0.033345
v 0.183756 0.396910 0.068148
v -0.124499 0.446619 0.023959
v -0.044752 0.440841 0.021092
v 0.019271 0.555994 0.055990
v 0.057943 0.646236 0.045674
v -0.095710 0.667346 0.026204
v 0.061552 0.800130 0.062670
v -0.039034 0.941899 0.029820
v -0.034164 -0.768735 0.030176
v 0.009403 -0.649745 0.031017
v -0.005467 -0.426132 0.034239
v -0.000473 -0.461602 0.033707
v -0.000257 -0.228304 0.025475
v -0.032572 -0.119059 0.034729
v 0.328762 -0.018979 0.045998
v 0.414991 -0.014968 0.040564
v 0.230345 0.018147 0.047759
v -0.064203 0.037606 0.040246
v -0.009388 0.095417 0.026489
v -0.013170 0.031531 0.034144
v -0.062565 0.225161 0.069627
v -0.042946 0.294425 0.029078
v 0.119777 0.332874 0.059708
v -0.013299 0.409765 0.031910
v -0.008432 0.504211 0.039814
v 0.061146 0.689758 0.028302
v 0.051755 0.769125 0.043844
v 0.042369 0.899727 0.033897
v 0.026899 0.938369 0.033361
v 0.007618 -0.780585 0.037391
v 0.007526 -0.709148 0.037244
v 0.022869 -0.596217 0.048905
v -0.142089 -0.507920 0.076365
v -0.093627 -0.480309 0.057550
v -0.038016 -0.414067 0.030234
v 0.076791 -0.225671 0.038765
v -0.075977 -0.022339 0.036224
v -0.023837 0.149239 0.044043
v -0.012161 0.172215 0.045779
v -0.020389 0.371827 0.037972
v -0.013937 0.258771 0.032952
v 0.080580 0.373629 0.065227
v 0.139231 0.423674 0.032670
v 0.214293 0.413219 0.045776
v -0.019789 0.495579 0.036792
v -0.100991 0.575313 0.041902
v -0.005740 0.955294 0.036963
v -0.020631 -0.950657 0.038921
v 0.007983 -0.619632 0.035986
v 0.022886 -0.577573 0.060505
v -0.022932 -0.373489 0.043275
v -0.061937 -0.304592 0.061812
v 0.038795 -0.184462 0.039316
v -0.022290 -0.085519 0.047597
v 0.100674 -0.094319 0.060222
v -0.037842 0.019408 0.042179
v -0.005236 0.204226 0.027964
v 0.068527 0.273319 0.035277
v 0.154595 0.447078 0.048364
v -0.116660 0.685483 0.050500
v -0.080254 0.687333 0.040379
v 0.072429 0.791563 0.043942
v 0.053066 0.776014 0.054614
v 0.001243 -0.954108 0.042738
v 0.001315 -0.864258 0.042559
v -0.103495 -0.551210 0.079590
v -0.036126 -0.496560 0.031570
v -0.029056 -0.477905 0.038663
v -0.032433 -0.363728 0.067660
v -0.003580 -0.357814 0.035988
v 0.016063 -0.235957 0.035183
v -0.017598 -0.279176 0.038142
v 0.175711 -0.014700 0.054292
v -0.013188 0.013515 0.044035
v -0.207739 0.065175 0.073344
v -0.030360 0.132634 0.035280
v -0.061567 0.153782 0.040211
v -0.023368 0.237026 0.034827
v 0.247968 0.432150 0.062704
v -0.033658 0.433087 0.034309
v -0.033054 0.482512 0.034718
v -0.084107 0.677597 0.037996
v -0.050429 0.918904 0.040852
v -0.017248 -0.804598 0.042558
v -0.017212 -0.709061 0.042513
v -0.014024 -0.649715 0.042177
v -0.017338 -0.617909 0.047713
v -0.168129 -0.470496 0.065857
v 0.003914 -0.322404 0.036080
v 0.026947 -0.242745 0.041713
v 0.108723 -0.142186 0.058551
v 0.203296 0.007673 0.068717
v -0.025249 0.030684 0.038319
v -0.226132 0.111338 0.065767
v -0.006949 0.211555 0.038952
v -0.035803 0.230354 0.041471
v -0.052082 0.390944 0.056570
v -0.068691 0.406705 0.054182
v -0.040638 0.504800 0.046117
v -0.103754 0.703029 0.040767
v 0.092976 0.824362 0.060048
v 0.051717 0.811503 0.048045
v -0.066217 0.824112 0.048744
v 0.036834 0.839588 0.057530
v -0.017001 -0.896706 0.042354
v -0.005014 -0.733164 0.042109
v -0.017962 -0.289610 0.043640
v 0.066265 -0.136803 0.051961
v 0.434391 -0.016878 0.055317
v -0.141680 0.048662 0.082854
v -0.017995 0.232477 0.044004
v 0.035079 0.287871 0.049355
v 0.286260 0.454013 0.044552
v -0.085526 0.551979 0.052699
v 0.069835 0.701710 0.053659
v 0.043749 0.824322 0.051330
v -0.048421 0.852117 0.066895
v 0.028801 0.903286 0.062790
v 0.005275 0.945544 0.055125
v -0.024693 -0.613187 0.072805
v -0.004764 -0.349134 0.053968
v 0.004216 -0.318484 0.051428
v -0.014430 -0.290080 0.053966
v 0.046824 -0.195034 0.046710
v -0.004679 -0.039856 0.068630
v 0.148431 -0.039136 0.064811
v -0.111442 -0.017621 0.074728
v -0.026472 0.165471 0.079945
v 0.010074 0.264770 0.067103
v -0.034307 0.387663 0.058338
v 0.243965 0.464184 0.070485
v 0.312158 0.447865 0.071481
v -0.068463 0.539002 0.056021
v -0.109010 0.626263 0.064972
v -0.073994 0.724917 0.060437
v -0.051046 0.800625 0.076230
v -0.038735 -0.499630 0.076384
v 0.144362 -0.101992 0.061245
v -0.095177 -0.032755 0.096353
v -0.004643 -0.069689 0.056390
v 0.200657 -0.045993 0.069949
v 0.370944 -0.042508 0.086208
v 0.466432 -0.079680 0.079564
v -0.028138 0.017972 0.076392
v -0.012472 0.519465 0.046792
v -0.081851 0.683969 0.059080
v -0.100031 0.742564 0.072822
v 0.065219 0.855763 0.051992
v -0.054427 0.879934 0.052423
v -0.024292 0.934117 0.062777
v -0.007066 -0.610456 0.071665
v 0.029335 -0.260068 0.079747
v -0.037734 -0.081879 0.072508
v 0.296815 -0.011572 0.075827
v 0.301307 0.050328 0.089054
v -0.023603 0.264362 0.086647
v -0.073333 0.679641 0.059876
v -0.123848 0.732024 0.060506
v -0.118530 0.750270 0.068441
v 0.086216 0.789918 0.061733
v 0.065358 0.812162 0.067030
v -0.038947 0.907666 0.064392
v 0.436926 -0.083023 0.076347
v 0.402974 -0.081296 0.099284
v -0.086971 0.061686 0.068801
v -0.215248 0.091331 0.070571
v 0.039758 0.315056 0.061134
v -0.033289 0.536716 0.066230
v 0.034817 0.606738 0.075844
v 0.050899 0.662205 0.087630
v 0.075970 0.833604 0.068148
v 0.038084 0.827531 0.059989
v 0.072709 0.877253 0.061186
v 0.077574 0.879180 0.068181
v -0.006140 -0.353470 0.096026
v 0.014758 -0.252817 0.083468
v 0.078171 -0.139116 0.062215
v -0.186488 0.035714 0.088967
v -0.059393 0.045457 0.080652
v 0.100836 0.344413 0.074007
v 0.139074 0.447563 0.068828
v 0.193307 0.471364 0.082014
v -0.078687 0.674455 0.070811
v 0.009009 0.923394 0.069983
v -0.037867 -0.526404 0.089755
v 0.038274 -0.297378 0.080048
v -0.058174 -0.304101 0.080067
v -0.007414 0.180887 0.100060
v 0.022968 0.227435 0.064627
v 0.162802 0.463246 0.073627
v -0.014487 0.571479 0.089379
v -0.065152 0.680083 0.073147
v -0.143707 0.757451 0.079759
v -0.021043 0.871925 0.081861
v 0.011227 -0.584438 0.076602
v 0.129764 -0.079354 0.070046
v 0.454931 -0.037185 0.075216
v -0.147281 0.000355 0.089951
v 0.086949 0.366359 0.081146
v 0.198160 0.428014 0.096053
v 0.276281 0.421290 0.084658
v -0.076236 0.579329 0.081570
v -0.069154 0.672374 0.074284
v -0.060521 0.724773 0.074823
v 0.105530 0.859442 0.082100
v 0.067349 0.839855 0.074491
v 0.072260 0.878649 0.078448
v -0.020859 0.911326 0.074020
v -0.044343 0.223503 0.098643
v 0.049437 0.244697 0.095417
v 0.025490 0.213404 0.079070
v 0.015709 0.292543 0.087943
v -0.121905 0.714894 0.089149
v 0.078116 0.773599 0.088183
v -0.129926 0.762445 0.082355
v -0.033133 0.800615 0.085788
v 0.061911 0.811388 0.064961
v 0.059743 0.811537 0.070512
v 0.067165 0.821140 0.071872
v 0.097438 0.864662 0.092494
v -0.042541 -0.281167 0.092731
v 0.321901 -0.011806 0.080586
v 0.250912 0.032348 0.084109
v 0.356754 0.050406 0.119970
v 0.052335 0.298236 0.090319
v 0.127170 0.409496 0.081159
v 0.230773 0.415887 0.102434
v 0.154862 0.437944 0.089506
v -0.098779 0.646023 0.090969
v -0.062437 0.681057 0.082661
v 0.058966 0.807860 0.078505
v 0.049773 0.808031 0.075653
v 0.025454 0.815170 0.074497
v 0.044022 0.820793 0.085399
v 0.051732 0.847034 0.085196
v -0.040751 -0.597721 0.083770
v -0.050937 -0.317565 0.087764
v 0.024638 -0.221462 0.099948
v -0.042943 -0.000252 0.101693
v 0.238147 0.015107 0.081635
v 0.149417 0.410937 0.085768
v 0.202561 0.464923 0.103578
v -0.003171 0.609958 0.085931
v -0.054717 0.695671 0.087619
v -0.089893 0.726545 0.095908
v -0.156168 0.762087 0.109346
v 0.050020 0.797987 0.080880
v -0.009855 0.844433 0.085721
v 0.067837 -0.238961 0.094721
v 0.461679 -0.145805 0.102476
v -0.058430 0.026216 0.097557
v 0.281872 0.384462 0.107385
v 0.283071 0.462589 0.161194
v 0.248781 0.471311 0.165486
v -0.021807 0.772987 0.089708
v 0.040227 0.782767 0.085546
v 0.032543 0.771428 0.079158
v 0.019860 0.756758 0.088117
v 0.060676 0.821723 0.100332
v -0.061250 -0.569134 0.093539
v 0.057977 -0.292757 0.110606
v 0.089479 -0.245553 0.122908
v 0.345568 0.374325 0.115425
v 0.336561 0.420667 0.104048
v 0.032861 0.650026 0.093553
v -0.099886 0.706786 0.115948
v -0.033511 0.717417 0.089603
v 0.048640 0.733672 0.101689
v -0.006740 0.720754 0.090328
v 0.099622 0.859016 0.098127
v 0.474445 -0.134897 0.095270
v 0.486314 -0.174487 0.114894
v 0.474713 -0.091768 0.091299
v -0.046071 -0.061870 0.089331
v 0.368250 -0.033448 0.120178
v 0.291044 0.024366 0.100561
v 0.414160 0.025316 0.114371
v -0.164240 0.023550 0.104962
v -0.016685 0.188419 0.106865
v -0.015352 0.265970 0.119594
v 0.192501 0.441825 0.108326
v -0.031101 0.663466 0.091281
v -0.051620 0.683496 0.085313
v -0.052652 0.707929 0.112131
v -0.106110 0.746795 0.114724
v 0.035783 0.767840 0.104877
v 0.064118 0.793445 0.102073
v -0.034959 -0.280451 0.107488
v 0.060290 -0.174546 0.104538
v 0.095670 -0.175292 0.106494
v -0.089098 -0.026565 0.104923
v 0.032000 0.316385 0.103358
v -0.019383 0.610146 0.099598
v 0.014021 0.697847 0.101457
v -0.147379 0.740130 0.102661
v 0.084610 -0.163540 0.102964
v 0.085148 -0.141434 0.107190
v 0.323082 0.012547 0.124149
v -0.140815 0.004820 0.105015
v 0.024527 0.313090 0.136068
v 0.062118 0.330334 0.104424
v -0.028653 0.648331 0.104192
v -0.123062 0.722727 0.108450
v -0.079737 0.746047 0.119197
v 0.088467 0.844449 0.105472
v 0.024864 -0.325945 0.131753
v -0.000593 -0.331896 0.118162
v -0.007111 -0.245330 0.115897
v 0.132620 -0.087820 0.111237
v 0.438408 -0.133568 0.115414
v 0.062660 0.249288 0.114326
v 0.095762 0.334898 0.114679
v -0.172309 0.748821 0.111914
v 0.433967 -0.142107 0.160827
v 0.138649 -0.110449 0.120910
v 0.307370 0.024672 0.115382
v 0.317878 0.344298 0.119809
v 0.490330 -0.261929 0.134918
v 0.121414 -0.181874 0.135362
v 0.452873 -0.185867 0.138861
v 0.122298 -0.077670 0.164456
v 0.440013 0.005795 0.129637
v 0.076623 0.354265 0.127135
v 0.356792 0.348682 0.126547
v -0.071012 0.709300 0.126096
v -0.183807 0.749957 0.137182
v 0.070785 -0.276920 0.161025
v 0.164877 -0.055776 0.118846
v 0.183663 -0.077980 0.139641
v 0.185795 -0.029349 0.119419
v 0.203706 -0.027934 0.127025
v 0.455259 -0.017546 0.141927
v 0.112701 0.394263 0.126833
v 0.016362 -0.278755 0.140130
v 0.143498 -0.056078 0.146404
v 0.483149 -0.131766 0.161096
v 0.307284 0.021948 0.131632
v 0.302397 0.029706 0.136760
v 0.399365 0.038441 0.145286
v 0.369132 0.034666 0.149304
v 0.137887 0.374962 0.140275
v 0.116992 0.312482 0.139275
v 0.355648 0.308012 0.130805
v 0.275821 0.352745 0.146089
v 0.194840 0.455176 0.135241
v 0.194329 0.463816 0.138363
v -0.084235 0.750558 0.136357
v 0.472985 -0.254016 0.139425
v 0.091173 -0.124935 0.152773
v 0.038397 0.237447 0.160272
v 0.019967 0.231725 0.146793
v 0.111693 0.420116 0.135274
v 0.032325 -0.247886 0.146486
v 0.481577 -0.265937 0.134735
v 0.382363 -0.026077 0.143996
v 0.183244 -0.020629 0.168530
v 0.250425 0.018546 0.135382
v 0.253588 0.011096 0.131024
v 0.094254 0.277777 0.161503
v -0.153854 0.732964 0.140947
v -0.157464 0.751062 0.145275
v 0.482458 -0.304835 0.150644
v 0.490700 -0.227225 0.164680
v 0.295703 -0.021491 0.167127
v 0.259386 -0.014463 0.139428
v 0.341939 0.397279 0.153296
v -0.093985 0.731130 0.138165
v -0.116524 0.761780 0.138538
v 0.333771 0.011758 0.146475
v 0.297363 0.034364 0.146171
v 0.380574 0.263243 0.159301
v 0.307141 0.321615 0.143000
v 0.152089 0.418906 0.142535
v 0.131322 0.447534 0.143004
v -0.194147 0.730290 0.150845
v -0.106882 0.758092 0.155401
v 0.031858 -0.305570 0.151607
v 0.055870 -0.290811 0.163970
v 0.490552 -0.285998 0.156857
v 0.463609 -0.233851 0.161022
v 0.163955 -0.112822 0.162172
v 0.154521 0.462988 0.146827
v -0.191264 0.729768 0.168031
v 0.428111 0.017569 0.200813
v 0.304162 0.328075 0.175999
v 0.325673 0.423987 0.180839
v -0.132325 0.748300 0.169509
v 0.111444 -0.220705 0.177025
v 0.084985 0.360680 0.167861
v 0.186801 0.403808 0.185555
v 0.206928 0.441003 0.145748
v 0.215170 0.430799 0.181776
v 0.477294 -0.305064 0.156883
v 0.059742 -0.262818 0.190839
v 0.127587 -0.189393 0.169897
v 0.390437 0.008736 0.183650
v 0.355648 0.011782 0.168816
v 0.148924 0.340788 0.189332
v 0.135642 0.428089 0.195322
v 0.079689 -0.215533 0.215110
v 0.106996 -0.128809 0.203536
v 0.383908 0.193421 0.182996
v 0.347542 0.248994 0.182290
v -0.160643 0.750117 0.171500
v 0.067550 -0.271947 0.179382
v 0.199005 -0.085574 0.174136
v 0.315847 0.300748 0.176053
v 0.384283 0.042519 0.197383
v 0.241927 0.436332 0.191681
v -0.183621 0.738666 0.175244
v 0.482512 -0.285321 0.172822
v 0.405182 -0.014210 0.175005
v 0.226430 -0.004704 0.191284
v 0.258044 0.411910 0.179254
v 0.486300 -0.242013 0.190704
v 0.473541 -0.229986 0.191653
v 0.071467 0.321282 0.182984
v 0.350536 0.315320 0.224925
v 0.429867 -0.074573 0.186991
v 0.274872 -0.045503 0.197641
v 0.387151 0.193459 0.203045
v 0.089015 0.288706 0.211438
v 0.218170 0.455880 0.220390
v 0.471482 -0.170145 0.205991
v 0.203310 -0.081938 0.212568
v 0.148028 -0.094890 0.238964
v 0.298366 0.458740 0.232965
v 0.466943 -0.107842 0.222959
v 0.447110 -0.029248 0.227095
v 0.392037 0.028928 0.242943
v 0.115582 0.307781 0.215443
v 0.120639 -0.193252 0.204092
v 0.371900 0.216060 0.203541
v 0.342084 0.366485 0.230325
v 0.092351 -0.213972 0.227283
v 0.095803 -0.187348 0.231070
v 0.378832 0.190285 0.193710
v 0.087813 0.309888 0.214920
v 0.130435 -0.141590 0.234546
v 0.445720 -0.055398 0.230646
v 0.314096 0.020490 0.203529
v 0.356352 0.291151 0.227013
v 0.278548 0.430331 0.206784
v 0.453286 -0.126809 0.214934
v 0.368644 0.270381 0.222793
v 0.201529 -0.065598 0.246717
v 0.375143 0.226817 0.209515
v 0.139162 0.347042 0.242910
v 0.158678 0.415956 0.223483
v 0.268816 0.467099 0.242758
v 0.338130 0.025517 0.242305
v 0.384851 0.206311 0.210630
v 0.134731 0.354517 0.246678
v 0.198227 0.417385 0.220359
v 0.427987 0.000675 0.232657
v 0.372863 0.041974 0.239018
v 0.406802 0.030661 0.238921
v 0.222354 0.459045 0.239241
v 0.155944 0.404760 0.243159
v 0.458695 -0.106558 0.226433
v 0.253077 0.462367 0.246771
v 0.160687 -0.094741 0.239274
v 0.287889 -0.022539 0.247060
v 0.338418 0.010310 0.238473
v 0.309504 0.434606 0.242648
v 0.191004 0.435592 0.246980
v 0.195890 0.426756 0.246805
v 0.283996 0.459748 0.246462
v 0.112916 -0.166616 0.239078
v 0.285309 0.449087 0.246144
vn 0.1669 -0.1898 -0.9675
vn 0.4870 -0.3198 -0.8128
vn 0.7682 -0.5702 -0.2912
vn -0.4966 0.3277 -0.8038
vn 0.2328 -0.0528 -0.9711
vn 0.6033 -0.5756 -0.5520
vn -0.4677 0.5524 -0.6900
vn -0.6533 0.4078 -0.6378
vn 0.2985 -0.1169 -0.9472
vn -0.1838 0.0607 -0.9811
vn 0.7267 -0.4655 -0.5051
vn -0.5020 0.2157 -0.8375
vn 0.6667 -0.4341 -0.6058
vn -0.5768 0.1347 -0.8057
vn 0.7577 -0.4964 -0.4236
vn -0.8781 -0.1312 -0.4602
vn 0.2459 -0.3402 -0.9076
vn -0.3263 0.7658 -0.5542
vn 0.4298 -0.5061 -0.7478
vn 0.3235 -0.8933 0.3120
vn -0.8595 -0.2596 -0.4404
vn -0.3502 0.5946 -0.7238
vn 0.4288 -0.0898 -0.8989
vn -0.5930 0.6437 -0.4837
vn -0.5988 0.6093 -0.5198
vn 0.7126 -0.6590 -0.2406
vn 0.2719 -0.2786 -0.9211
vn 0.2431 0.7454 -0.6207
vn 0.4437 -0.0488 -0.8948
vn 0.1959 -0.9733 0.1193
vn 0.7748 -0.4940 0.3946
vn 0.7388 -0.5828 -0.3384
vn 0.8014 -0.5580 -0.2153
vn -0.9563 0.2010 0.2126
vn -0.7646 0.5402 -0.3516
vn 0.1389 -0.8962 -0.4214
vn -0.3104 0.8374 -0.4499
vn -0.9876 0.1557 -0.0208
vn 0.7893 -0.5919 0.1632
vn -0.7519 0.5064 -0.4221
vn 0.1311 0.8724 -0.4709
vn 0.7088 -0.5738 0.4103
vn 0.7056 -0.6905 -0.1592
vn -0.2088 0.9569 -0.2016
vn 0.4441 -0.2475 -0.8611
vn -0.9676 0.2240 -0.1168
vn 0.7335 -0.6331 0.2475
vn 0.5319 0.8445 -0.0632
vn 0.5631 -0.6177 0.5490
vn -0.6011 -0.7346 -0.3146
vn 0.2115 0.9653 0.1530
vn -0.3825 -0.5334 0.7544
vn 0.7638 -0.6387 0.0936
vn 0.5117 -0.7645 -0.3920
vn 0.6734 -0.6734 0.3051
vn 0.2627 -0.9477 0.1811
vn -0.4660 0.8232 -0.3242
vn -0.8412 0.3852 -0.3794
vn 0.0600 -0.3894 -0.9191
vn 0.3817 -0.8971 -0.2224
vn -0.9560 -0.0998 -0.2760
vn 0.1389 -0.2273 -0.9639
vn 0.6212 -0.7820 -0.0511
vn 0.0785 -0.8401 -0.5367
vn 0.8471 -0.5019 -0.1746
vn -0.1360 0.3334 -0.9329
vn -0.4244 -0.2931 0.8567
vn 0.7415 0.1689 -0.6493
vn 0.2909 -0.5367 0.7920
vn -0.4999 0.7845 -0.3671
vn -0.3994 -0.7121 -0.5774
vn 0.4335 0.8618 -0.2633
vn -0.1900 -0.8726 0.4499
vn 0.4591 -0.6613 0.5933
vn 0.7705 0.5669 -0.2914
vn -0.7657 0.0057 0.6432
vn 0.7547 0.4146 -0.5085
vn 0.0264 0.9996 -0.0053
vn -0.9487 0.0238 0.3153
vn -0.6059 -0.6665 -0.4343
vn 0.5094 -0.1388 -0.8493
vn 0.4597 -0.6985 0.5485
vn 0.6274 -0.5235 0.5764
vn 0.4243 -0.2872 -0.8588
vn -0.0004 -0.9970 -0.0770
vn 0.7769 -0.4269 -0.4628
vn -0.7419 -0.6528 0.1533
vn 0.1409 -0.4626 0.8753
vn -0.6427 -0.5334 0.5499
vn -0.4964 -0.4522 0.7410
vn 0.4776 0.1434 -0.8668
vn -0.6984 0.6478 -0.3043
vn -0.2577 0.7863 -0.5615
vn -0.9522 0.2939 0.0833
vn 0.2299 -0.3034 -0.9247
vn 0.4348 -0.5304 0.7278
vn 0.8346 0.3464 -0.4283
vn -0.8543 0.5117 -0.0913
vn -0.6081 0.7721 -0.1846
vn 0.3742 -0.8198 0.4335
vn 0.5975 0.8008 0.0416
vn -0.0999 0.9906 -0.0932
vn -0.7007 -0.6895 0.1837
vn 0.8020 0.5879 0.1057
vn 0.5464 -0.7685 0.3330
vn -0.8367 -0.5436 -0.0670
vn 0.7741 0.6026 0.1941
vn 0.3374 0.3120 0.8882
vn -0.9670 0.1660 0.1931
vn 0.1450 -0.3564 -0.9230
vn 0.8411 0.1447 -0.5212
vn 0.1488 0.9541 0.2600
vn 0.5761 -0.3730 -0.7273
vn 0.1643 -0.6043 0.7796
vn 0.3943 0.7012 0.5940
vn -0.4189 -0.4924 0.7629
vn -0.9068 0.4188 -0.0486
vn -0.8930 -0.4457 -0.0625
vn -0.1828 -0.8141 0.5512
vn -0.1999 -0.8150 -0.5439
vn -0.0641 0.6616 -0.7472
vn 0.4233 0.3486 -0.8362
vn -0.1833 -0.3355 0.9241
vn 0.3553 0.4547 -0.8167
vn -0.4007 -0.6988 -0.5926
vn 0.3911 -0.4480 0.8039
vn -0.2945 -0.0778 0.9525
vn 0.5759 -0.0803 -0.8136
vn -0.1084 -0.4668 -0.8777
vn 0.8464 0.2646 -0.4622
vn 0.0380 0.9782 -0.2041
vn 0.9215 -0.3620 -0.1407
vn -0.5212 -0.2294 -0.8220
vn 0.5350 0.8384 -0.1046
vn -0.7279 -0.1471 0.6697
vn 0.3177 -0.5794 0.7505
vn 0.6514 -0.6735 0.3495
vn 0.5336 0.7879 -0.3075
vn 0.4515 -0.3825 0.8061
vn 0.0583 0.9848 -0.1638
vn -0.0742 -0.9672 0.2428
vn 0.6614 0.6637 0.3494
vn 0.2290 -0.2663 -0.9363
vn 0.5755 -0.0682 -0.8150
vn 0.7691 0.3447 -0.5382
vn 0.4441 -0.5402 0.7148
vn 0.2168 0.5200 0.8262
vn 0.6221 0.7297 -0.2838
vn 0.6462 -0.7454 0.1637
vn -0.1180 0.3904 0.9131
vn 0.8706 -0.0872 -0.4842
vn -0.0138 -0.3856 0.9226
vn 0.4863 -0.8151 0.3148
vn 0.0440 0.9908 -0.1276
vn 0.4511 0.8869 0.0997
vn 0.4486 0.1078 -0.8872
vn 0.0767 -0.9880 -0.1340
vn -0.7332 -0.6047 -0.3109
vn 0.7545 0.1650 -0.6352
vn 0.8030 0.5696 0.1756
vn -0.3672 0.9014 -0.2296
vn 0.3445 -0.8764 -0.3364
vn -0.4257 -0.6740 -0.6038
vn 0.7035 0.6599 0.2638
vn -0.3893 0.8893 0.2401
vn 0.2616 -0.8623 0.4336
vn 0.2874 0.6446 0.7085
vn -0.9261 0.3439 0.1551
vn -0.1708 -0.3469 -0.9222
vn 0.8543 0.3700 0.3651
vn 0.1421 0.9639 0.2253
vn -0.6323 0.2678 -0.7270
vn -0.8396 0.1377 0.5255
vn -0.4411 -0.1880 0.8776
vn 0.3847 -0.4396 0.8116
vn -0.5248 -0.2523 0.8130
vn 0.6457 0.6300 -0.4315
vn 0.2099 -0.8454 0.4911
vn 0.8529 0.3457 -0.3912
vn 0.8595 0.5092 0.0445
vn -0.4579 0.8805 -0.1229
vn -0.1312 -0.6526 -0.7463
vn -0.5678 -0.0983 0.8173
vn -0.8315 0.4904 0.2610
vn 0.3200 -0.2722 -0.9075
vn 0.4110 0.9023 0.1301
vn -0.4150 -0.6747 -0.6104
vn -0.2925 -0.8388 -0.4593
vn 0.6625 0.2059 -0.7202
vn -0.7185 -0.3840 -0.5799
vn 0.1183 -0.2338 -0.9651
vn -0.2142 -0.6253 0.7505
vn -0.8274 -0.3843 0.4096
vn 0.1411 0.5950 0.7912
vn -0.7395 -0.1132 0.6636
vn 0.8322 0.5511 0.0616
vn 0.1293 -0.7985 -0.5879
vn -0.0489 -0.6191 -0.7838
vn -0.3595 -0.3724 0.8556
vn 0.1448 0.5448 0.8259
vn -0.7275 0.6708 0.1440
vn 0.4521 0.8860 0.1027
vn -0.9295 0.2380 0.2818
vn 0.2473 -0.4266 -0.8700
vn -0.0443 0.9763 0.2119
vn -0.1330 0.9551 0.2647
vn 0.7269 0.6523 0.2149
vn 0.0648 -0.9891 -0.1324
vn -0.7288 -0.6597 -0.1835
vn -0.1883 -0.9797 -0.0692
vn -0.4786 -0.2215 -0.8496
vn 0.0217 0.9939 0.1084
vn -0.8542 0.4540 -0.2533
vn 0.6602 -0.0760 -0.7473
vn 0.7710 0.6232 -0.1315
vn 0.1274 -0.3439 -0.9303
vn 0.0421 0.9628 0.2669
vn -0.0604 -0.9707 0.2327
vn 0.6515 0.5494 -0.5232
vn 0.5642 0.2139 -0.7975
vn -0.2099 -0.5164 -0.8302
vn -0.7031 0.6633 0.2563
vn -0.4791 -0.7591 -0.4408
vn -0.2736 -0.6218 -0.7338
vn -0.3940 -0.8548 -0.3377
vn 0.3144 0.9159 -0.2494
vn 0.8438 0.4717 0.2559
vn -0.8151 -0.4670 -0.3427
vn 0.7334 0.6794 -0.0239
vn 0.7077 0.0207 -0.7062
vn 0.0796 -0.5311 -0.8436
vn -0.6983 -0.6951 -0.1706
vn -0.8304 -0.5464 0.1089
vn -0.2704 -0.8800 0.3905
vn 0.1633 -0.4269 -0.8894
vn -0.2338 0.8333 0.5010
vn -0.0756 0.5289 0.8453
vn 0.4015 0.7390 0.5410
vn -0.2299 -0.7677 -0.5981
vn -0.2316 0.9306 0.2835
vn -0.4522 -0.5151 0.7281
vn 0.7848 0.5723 0.2379
vn 0.7031 -0.5628 -0.4347
vn 0.2926 -0.3073 -0.9055
vn 0.7766 0.2909 -0.5588
vn -0.6936 -0.5205 0.4979
vn -0.6450 -0.2572 0.7196
vn -0.8137 -0.0454 0.5795
vn 0.4772 -0.1655 -0.8631
vn 0.8799 0.4356 0.1898
vn -0.4439 -0.0763 -0.8928
vn 0.3089 0.3082 -0.8997
vn 0.3911 0.0311 -0.9198
vn -0.7010 0.3223 -0.6362
vn 0.1474 0.9362 0.3192
vn 0.8406 0.3605 -0.4043
vn 0.6610 0.7073 0.2505
vn -0.2058 -0.1734 -0.9631
vn -0.1248 0.6911 0.7119
vn 0.1153 -0.1054 -0.9877
vn 0.9138 0.3800 0.1436
vn 0.0255 -0.7392 -0.6730
vn -0.7433 -0.5456 0.3871
vn 0.7369 0.6487 -0.1901
vn 0.0105 0.5559 0.8312
vn -0.4254 -0.5395 -0.7266
vn -0.4039 -0.6165 0.6759
vn 0.2556 0.9209 0.2944
vn -0.3994 -0.8467 -0.3515
vn 0.4247 -0.6833 -0.5939
vn -0.7674 -0.6234 -0.1496
vn -0.7570 -0.4769 0.4466
vn 0.2295 -0.4905 -0.8407
vn -0.1982 -0.1786 -0.9638
vn -0.6490 -0.0556 -0.7588
vn 0.8654 0.1350 -0.4825
vn -0.5236 0.0940 -0.8467
vn 0.3110 0.1290 -0.9416
vn 0.0230 -0.2183 -0.9756
vn 0.7264 0.0270 -0.6867
vn -0.5688 -0.5229 -0.6348
vn -0.2198 -0.3262 -0.9194
vn -0.2279 0.0108 -0.9736
vn 0.7356 -0.6763 -0.0394
vn -0.2955 0.7962 0.5279
vn 0.3184 0.6847 0.6557
vn -0.6460 -0.6864 -0.3340
vn -0.0773 0.7104 0.6995
vn -0.2882 -0.5015 -0.8158
vn 0.2054 -0.8048 -0.5568
vn 0.3862 -0.3047 -0.8707
vn -0.7569 -0.5626 -0.3325
vn 0.7419 0.6683 -0.0545
vn -0.6772 -0.7353 0.0271
vn 0.0987 0.5791 -0.8093
vn 0.7557 0.3572 -0.5489
vn -0.9527 0.2685 0.1423
vn 0.7275 -0.2718 -0.6300
vn 0.7063 0.1602 -0.6896
vn -0.7036 -0.3954 -0.5904
vn 0.2069 -0.1216 -0.9708
vn 0.7319 -0.5735 -0.3681
vn 0.5078 0.8614 0.0114
vn 0.3319 0.8262 0.4552
vn 0.7991 0.5220 0.2984
vn 0.8858 0.4612 -0.0522
vn 0.5010 0.8161 0.2881
vn 0.7282 0.1832 -0.6604
vn -0.9152 -0.3565 -0.1878
vn 0.9186 0.2975 -0.2601
vn 0.5972 0.4121 -0.6881
vn -0.7986 0.0458 0.6001
vn 0.7318 -0.2515 -0.6334
vn 0.8709 0.4706 0.1415
vn -0.3675 0.5169 -0.7732
vn -0.1241 0.3868 -0.9138
vn -0.0052 -0.7650 -0.6440
vn 0.8710 -0.3533 -0.3413
vn -0.6301 -0.7614 -0.1523
vn -0.6809 -0.7316 0.0339
vn -0.4309 -0.6947 -0.5760
vn -0.4371 0.0742 0.8964
vn 0.7002 -0.5356 -0.4720
vn 0.8068 -0.0301 0.5901
vn 0.1464 -0.2967 -0.9437
vn -0.4284 -0.6093 -0.6672
vn 0.5195 0.2306 -0.8228
vn 0.3551 -0.5491 -0.7566
vn -0.0707 -0.2155 -0.9739
vn 0.3372 -0.2026 -0.9193
vn -0.8100 0.1519 -0.5663
vn -0.3970 0.3423 -0.8516
vn -0.0795 0.0311 -0.9963
vn -0.2447 0.3885 -0.8884
vn 0.6507 -0.4816 -0.5871
vn 0.5565 -0.5586 -0.6150
vn -0.1999 0.4392 0.8759
vn -0.7785 -0.2647 0.5691
vn 0.7207 -0.6928 -0.0233
vn 0.1631 0.7862 0.5961
vn -0.8529 0.4229 -0.3060
vn -0.1664 0.2701 -0.9483
vn 0.7196 -0.5494 -0.4247
vn 0.4740 -0.2088 -0.8554
vn -0.3802 0.4870 -0.7863
vn -0.8021 -0.2171 -0.5563
vn -0.0000 0.5204 0.8539
vn -0.9993 0.0376 0.0019
vn 0.3215 0.9021 0.2878
vn -0.7749 0.6313 0.0332
vn 0.5712 0.7388 0.3577
vn -0.4173 0.0782 -0.9054
vn 0.6884 -0.6003 -0.4072
vn -0.9125 -0.3620 -0.1906
vn 0.9028 0.3307 -0.2750
vn 0.5707 0.6171 0.5418
vn -0.9514 -0.1368 -0.2758
vn -0.8125 -0.5788 -0.0690
vn -0.5025 -0.2699 0.8214
vn -0.9854 -0.0374 -0.1662
vn -0.0979 0.2821 -0.9544
vn 0.2514 0.4611 0.8510
vn 0.0012 -0.2420 -0.9703
vn -0.3371 -0.4138 -0.8456
vn -0.7502 0.3611 -0.5540
vn -0.5069 0.5781 -0.6394
vn 0.4385 -0.3170 -0.8410
vn -0.3376 -0.7269 -0.5981
vn -0.5290 -0.5475 -0.6484
vn -0.7277 -0.5421 -0.4203
vn -0.7187 -0.2470 0.6499
vn 0.7914 -0.6083 -0.0602
vn 0.5222 0.8432 0.1278
vn -0.6028 -0.7797 -0.1695
vn 0.7411 0.6615 0.1148
vn -0.7717 -0.4662 -0.4326
vn 0.8744 0.4298 -0.2252
vn -0.4034 0.9144 0.0347
vn 0.5063 -0.0529 -0.8607
vn 0.4591 -0.0461 -0.8872
vn -0.2507 -0.0082 -0.9680
vn 0.2168 -0.0108 -0.9762
vn -0.5827 -0.2545 -0.7718
vn -0.0915 0.0505 -0.9945
vn 0.7563 0.3955 -0.5212
vn -0.7107 -0.3353 0.6185
vn 0.7944 0.5345 -0.2885
vn -0.8808 -0.3187 -0.3503
vn -0.0170 -0.0423 -0.9990
vn 0.7685 -0.6162 0.1724
vn 0.7755 -0.6312 -0.0093
vn -0.4343 0.4433 -0.7841
vn -0.4516 -0.5160 -0.7279
vn -0.1507 0.6678 -0.7290
vn 0.4783 -0.3642 -0.7991
vn 0.7144 -0.6205 0.3234
vn -0.8625 0.3354 -0.3789
vn 0.8638 0.0887 -0.4960
vn -0.7187 -0.6910 -0.0772
vn -0.4766 -0.4418 -0.7600
vn 0.5266 -0.3154 -0.7894
vn 0.7750 0.2663 0.5732
vn 0.6582 0.7528 -0.0045
vn -0.4702 0.4539 -0.7569
vn 0.2000 0.2057 -0.9580
vn 0.4413 -0.5579 -0.7029
vn 0.8769 0.0113 -0.4805
vn -0.6681 0.0380 -0.7431
vn -0.1041 -0.0132 -0.9945
vn 0.7323 -0.0248 -0.6805
vn 0.0423 -0.0436 -0.9982
vn 0.4380 -0.0803 -0.8954
vn -0.3329 0.0073 -0.9429
vn 0.5286 0.0469 -0.8476
vn -0.4566 -0.0037 -0.8897
vn 0.9570 0.2542 -0.1398
vn -0.5389 0.0166 -0.8422
vn 0.8201 -0.3701 -0.4365
vn 0.5032 -0.3429 -0.7932
vn 0.7160 -0.6098 -0.3397
vn -0.0391 0.1619 -0.9860
vn -0.4878 0.2513 -0.8360
vn 0.0654 0.3984 -0.9149
vn 0.2020 0.7582 -0.6199
vn -0.0411 0.8501 0.5250
vn -0.7742 -0.4448 -0.4503
vn 0.3903 -0.4690 -0.7923
vn 0.7390 -0.6288 -0.2420
vn -0.1648 0.4101 -0.8970
vn 0.9217 -0.3873 -0.0226
vn -0.9508 0.1660 -0.2615
vn 0.7384 0.1491 -0.6577
vn 0.2337 0.2849 -0.9296
vn -0.6266 0.1622 -0.7622
vn -0.2517 -0.9550 -0.1567
vn 0.8463 -0.1307 -0.5165
vn -0.8011 -0.5697 0.1834
vn 0.3302 0.7474 0.5764
vn 0.7143 -0.4882 0.5014
vn -0.8994 0.1188 -0.4206
vn -0.0763 -0.0061 -0.9971
vn -0.4884 0.3229 -0.8106
vn 0.6714 -0.6965 0.2532
vn 0.9074 -0.1849 -0.3775
vn -0.4544 0.1621 -0.8759
vn 0.3878 0.7668 -0.5115
vn -0.2696 -0.2769 -0.9223
vn 0.3567 0.4112 0.8389
vn 0.4489 0.4231 0.7870
vn 0.2454 0.8237 0.5111
vn 0.0549 0.4067 0.9119
vn 0.5537 0.5305 0.6419
vn -0.8118 -0.0070 -0.5839
vn -0.9493 -0.0242 -0.3135
vn -0.9021 -0.4307 0.0269
vn -0.0799 0.4357 0.8966
vn -0.7424 0.6074 -0.2826
vn -0.2772 0.4661 -0.8402
vn 0.9237 0.2728 -0.2689
vn -0.3626 0.6198 0.6960
vn -0.3499 0.7420 -0.5719
vn -0.3302 0.6394 -0.6943
vn -0.8484 -0.3310 -0.4130
vn 0.6565 -0.3334 -0.6766
vn -0.8847 -0.4092 0.2230
vn -0.3332 -0.1214 0.9350
vn -0.4644 -0.3980 0.7911
vn 0.6933 0.2571 -0.6732
vn 0.8922 -0.0583 -0.4479
vn 0.9064 -0.0068 -0.4223
vn -0.1184 0.9906 0.0679
vn 0.8965 0.1319 -0.4230
vn 0.7581 0.4667 -0.4554
vn -0.5708 0.4413 -0.6924
vn -0.1214 0.5267 -0.8413
vn -0.9767 0.0353 -0.2117
vn 0.9899 0.0408 -0.1360
vn 0.2793 0.6645 0.6932
vn -0.0923 0.3946 0.9142
vn 0.4263 -0.0133 -0.9045
vn 0.8657 -0.4921 -0.0916
vn 0.7462 0.6559 0.1142
vn 0.5915 0.5445 0.5947
vn -0.3708 0.4862 -0.7912
vn 0.6356 0.7408 -0.2174
vn -0.5292 0.2058 0.8232
vn -0.8259 0.1770 -0.5354
vn -0.8782 0.3498 -0.3262
vn 0.3354 0.6778 -0.6543
vn 0.6718 -0.7225 0.1634
vn -0.9974 -0.0610 0.0388
vn 0.9972 0.0170 -0.0728
vn 0.9907 0.0359 -0.1313
vn -0.7604 -0.0589 -0.6468
vn 0.9395 0.0365 -0.3407
vn 0.6343 0.7659 0.1051
vn 0.2396 0.9057 0.3496
vn 0.6380 -0.5751 0.5120
vn -0.5633 0.5815 -0.5869
vn 0.9896 0.0657 -0.1282
vn -0.9159 -0.3929 0.0820
vn -0.8562 0.2024 -0.4754
vn 0.2609 0.2394 -0.9352
vn -0.5134 0.3588 -0.7796
vn -0.8810 -0.4538 -0.1334
vn -0.0739 -0.2300 -0.9704
vn 0.7191 -0.1555 -0.6773
vn -0.9598 -0.0475 -0.2766
vn 0.0080 0.9927 0.1205
vn -0.9819 0.1867 -0.0305
vn -0.6539 -0.7463 0.1244
vn -0.6853 0.7018 -0.1945
vn -0.9838 0.0233 0.1779
vn -0.8752 0.4759 0.0866
vn 0.9044 0.2081 -0.3725
vn -0.9221 -0.0389 -0.3850
vn 0.1506 0.9661 0.2098
vn 0.9302 -0.3094 -0.1974
vn -0.9008 0.4128 0.1346
vn -0.7210 0.3311 0.6087
vn 0.7904 -0.0076 0.6126
vn 0.9585 0.0527 0.2803
vn -0.9711 -0.0936 -0.2195
vn 0.9602 0.0464 0.2753
vn 0.1486 0.5292 0.8354
vn 0.3081 -0.9460 0.1013
vn -0.9651 -0.1722 -0.1971
vn 0.3673 0.7003 -0.6121
vn -0.9801 -0.1984 0.0036
vn -0.9836 0.1515 0.0981
vn 0.4731 -0.4703 0.7450
vn -0.5265 0.6244 -0.5770
vn -0.8787 -0.4767 0.0253
vn 0.6265 -0.7719 0.1080
vn -0.6895 -0.5620 0.4569
vn -0.1370 0.7931 -0.5935
vn 0.5599 -0.2964 -0.7737
vn 0.6060 0.6907 -0.3945
vn -0.8916 0.1851 0.4132
vn -0.2396 0.9088 -0.3417
vn -0.5566 -0.7097 -0.4318
vn 0.5505 0.5324 -0.6430
vn 0.7528 -0.4115 0.5139
vn -0.4429 0.5524 -0.7062
vn -0.5298 0.6165 -0.5824
vn 0.4131 -0.8696 0.2706
vn 0.3768 -0.3546 -0.8557
vn -0.9495 0.3110 -0.0410
vn -0.3160 -0.7631 -0.5638
vn -0.8302 -0.5101 0.2250
vn 0.8896 -0.4423 0.1136
vn 0.7503 0.1083 -0.6522
vn -0.9077 -0.0009 0.4197
vn 0.6893 0.4004 0.6038
vn -0.9991 -0.0019 0.0424
vn 0.4709 -0.4129 0.7796
vn -0.7103 0.6729 -0.2065
vn 0.0378 0.8931 -0.4483
vn 0.9090 -0.2064 0.3621
vn 0.9521 0.1413 0.2713
vn -0.8711 -0.3644 0.3293
vn 0.0282 0.4324 0.9012
vn -0.6591 0.5844 -0.4733
vn 0.0720 0.9145 -0.3981
vn 0.9531 -0.2677 0.1412
vn 0.1374 0.5804 0.8027
vn -0.7960 -0.0102 0.6053
vn 0.9814 0.0366 0.1883
vn -0.8497 -0.1708 0.4989
vn 0.9777 -0.1905 0.0883
vn -0.7965 -0.5400 -0.2719
vn -0.8170 -0.5493 0.1756
vn -0.8994 0.4351 0.0416
vn -0.9287 -0.3660 0.0598
vn -0.7507 0.6573 0.0656
vn -0.3993 -0.4595 0.7934
vn -0.8425 -0.5381 0.0235
vn 0.6636 0.0313 -0.7475
vn 0.4103 0.1103 -0.9053
vn -0.9465 0.0467 0.3192
vn 0.9599 0.2415 0.1423
vn 0.9952 0.0616 0.0759
vn 0.4053 0.9138 -0.0281
vn 0.5554 0.2211 0.8017
vn 0.9289 -0.2555 0.2681
vn 0.9640 -0.2528 0.0821
vn -0.2173 -0.5949 -0.7739
vn 0.5159 0.8531 -0.0780
vn -0.7526 0.6366 0.1681
vn -0.5617 0.4824 0.6722
vn 0.4467 -0.6416 0.6236
vn -0.4838 -0.0448 0.8741
vn -0.8839 0.3891 0.2593
vn 0.7242 -0.4707 0.5040
vn 0.9840 -0.1513 0.0945
vn -0.5750 0.4857 -0.6584
vn 0.1544 0.5309 -0.8332
vn -0.6608 0.7492 0.0450
vn -0.7066 -0.0064 0.7076
vn 0.7211 -0.0452 0.6913
vn 0.2783 -0.0189 0.9603
vn 0.5897 0.0201 0.8073
vn 0.4649 0.4268 0.7757
vn -0.3264 -0.1095 0.9389
vn 0.0151 -0.9917 -0.1277
vn 0.1533 -0.3988 -0.9041
vn -0.3508 0.8500 -0.3930
vn 0.5153 0.5865 -0.6249
vn 0.5399 -0.0224 0.8415
vn 0.6258 0.2079 0.7518
vn -0.8076 0.5895 -0.0148
vn -0.7269 -0.0258 0.6863
vn 0.5453 -0.6249 0.5587
vn 0.7661 0.0366 0.6416
vn 0.6658 -0.4641 0.5843
vn 0.6617 0.0181 -0.7496
vn 0.5798 0.4129 -0.7023
vn 0.9488 0.2553 0.1858
vn 0.8119 0.5511 0.1925
vn 0.5749 0.0153 0.8181
vn 0.5982 0.0622 0.7989
vn 0.8654 -0.4143 0.2820
vn -0.6620 -0.3393 0.6683
vn 0.0960 0.5805 0.8086
vn -0.6199 0.0375 0.7838
vn 0.3710 -0.3612 0.8555
vn -0.4735 -0.4399 -0.7631
vn 0.7076 -0.5334 0.4635
vn 0.9429 -0.3317 -0.0296
vn 0.6232 -0.1474 0.7680
vn -0.0950 0.3779 0.9210
vn -0.7390 0.5659 0.3655
vn -0.5315 0.5462 -0.6475
vn 0.6167 -0.7520 -0.2328
vn 0.3107 -0.3191 0.8954
vn -0.9221 -0.3805 -0.0709
vn -0.2573 0.8623 0.4360
vn -0.6084 -0.2735 0.7450
vn 0.6512 -0.5513 0.5215
vn 0.9306 0.0699 0.3592
vn 0.1221 -0.6857 0.7176
vn -0.6875 0.7082 -0.1604
vn -0.7973 0.3800 0.4689
vn -0.5497 -0.8064 0.2180
vn -0.7450 0.5320 0.4025
vn 0.1372 0.7625 -0.6323
vn 0.8645 -0.0362 0.5014
vn 0.3319 -0.5626 0.7572
vn -0.3592 0.7714 -0.5253
vn -0.9126 -0.0173 -0.4085
vn -0.9042 0.3283 0.2731
vn -0.2792 0.4614 -0.8421
vn 0.3270 0.5279 -0.7838
vn 0.1608 -0.5563 0.8153
vn 0.2374 -0.0127 0.9713
vn -0.6587 -0.7310 0.1785
vn 0.4354 0.8800 0.1900
vn -0.4875 -0.0185 0.8729
vn -0.5628 -0.7048 0.4318
vn 0.8204 -0.1673 0.5468
vn -0.4183 0.4139 0.8085
vn 0.0407 0.1523 0.9875
vn -0.5480 0.7305 -0.4076
vn 0.7418 0.5771 0.3415
vn -0.8481 -0.4193 0.3240
vn -0.2028 -0.4260 0.8817
vn -0.6809 -0.5220 0.5137
vn 0.0863 0.2483 0.9648
vn 0.2911 -0.9015 -0.3204
vn -0.0952 0.3849 0.9181
vn -0.5043 -0.1994 0.8402
vn -0.1359 0.8697 -0.4745
vn -0.8820 0.3698 0.2920
vn -0.2273 0.0162 0.9737
vn -0.2684 0.0092 0.9633
vn -0.1803 -0.0506 0.9823
vn -0.2205 -0.6730 0.7060
vn -0.2660 0.2112 0.9406
vn 0.9462 0.0523 0.3194
vn -0.0794 -0.0666 0.9946
vn 0.2396 -0.4647 0.8524
vn -0.5447 0.8140 0.2018
vn -0.0147 0.3528 0.9356
vn -0.0117 0.3698 0.9290
vn 0.8217 0.2577 -0.5084
vn -0.3377 0.9062 -0.2544
vn -0.4137 -0.5029 0.7589
vn -0.2566 0.2166 0.9419
vn -0.2079 -0.5141 0.8322
vn -0.0376 0.4211 -0.9062
vn 0.3002 0.3500 -0.8874
vn 0.8073 0.3101 -0.5021
vn -0.8856 0.1761 0.4297
vn 0.7406 0.1293 0.6594
vn -0.1838 -0.0178 0.9828
vn 0.0219 0.0019 0.9998
vn 0.0705 0.9477 0.3112
vn -0.8092 0.3015 0.5042
vn 0.7404 0.4710 -0.4797
vn 0.0847 0.7062 0.7029
vn 0.3535 0.7888 -0.5027
vn -0.1920 -0.1806 0.9646
vn 0.5375 0.6037 -0.5887
vn -0.7501 -0.5329 0.3917
vn 0.9669 -0.2061 0.1505
vn 0.4479 0.8171 -0.3630
vn -0.6923 0.1446 0.7070
vn 0.7427 0.2912 0.6030
vn 0.3405 0.7001 0.6277
vn -0.4122 -0.8822 0.2276
vn 0.8854 -0.4542 -0.0984
vn 0.8068 0.1047 -0.5814
vn 0.3003 0.7819 -0.5462
vn -0.2841 -0.0048 0.9588
vn 0.8629 0.0175 0.5050
vn -0.5895 0.5360 0.6043
vn -0.4477 -0.8165 -0.3645
vn -0.1474 -0.7419 0.6542
vn 0.1902 0.4731 -0.8602
vn 0.3199 -0.0755 0.9444
vn 0.1117 0.9808 -0.1601
vn 0.6113 0.1065 -0.7842
vn -0.5057 -0.6030 0.6170
vn -0.9099 -0.2496 0.3314
vn -0.8578 0.0622 0.5102
vn -0.6784 -0.0590 0.7323
vn 0.3781 0.7003 0.6055
vn 0.1909 -0.3273 0.9255
vn -0.5722 -0.8061 0.1511
vn 0.7411 -0.4207 0.5232
vn 0.2270 -0.4512 0.8631
vn -0.5068 -0.8385 -0.2004
vn 0.5490 -0.1191 -0.8273
vn 0.7722 0.4008 0.4930
vn 0.4579 -0.5035 0.7326
vn 0.5367 0.8291 0.1570
vn 0.7604 0.5797 -0.2928
vn 0.4673 0.0632 -0.8818
vn -0.8416 0.1317 0.5238
vn -0.4151 0.6018 0.6823
vn 0.3424 -0.7246 0.5981
vn 0.3517 0.2340 -0.9064
vn 0.1564 -0.7728 0.6150
vn 0.0973 -0.8388 0.5358
vn -0.4305 0.8903 0.1487
vn -0.6013 0.7509 -0.2731
vn -0.4117 0.7002 0.5833
vn -0.7322 0.0789 -0.6765
vn 0.0519 0.6419 -0.7650
vn 0.9583 -0.1819 0.2202
vn 0.5050 0.0745 -0.8599
vn -0.6530 0.2472 0.7159
vn -0.1903 -0.4728 -0.8604
vn -0.6742 -0.6056 -0.4227
vn 0.1268 0.8381 0.5306
vn -0.4735 0.0497 0.8794
vn -0.5206 0.0486 0.8524
vn -0.1767 -0.5478 0.8177
vn 0.6030 -0.3945 0.6934
vn 0.7825 -0.2354 0.5764
vn -0.5319 0.6110 -0.5863
vn -0.5480 0.7799 0.3024
vn -0.4584 0.7041 -0.5423
vn 0.9881 0.1326 -0.0778
vn 0.1650 -0.8871 0.4311
vn -0.2279 0.6581 -0.7176
vn -0.2148 -0.2740 0.9374
vn -0.7327 -0.6727 0.1032
vn 0.5394 0.8122 0.2222
vn 0.1504 -0.4152 0.8972
vn -0.6351 0.6945 0.3381
vn -0.2114 0.9729 -0.0939
vn 0.6777 0.7119 -0.1845
vn 0.1364 0.3322 0.9333
vn 0.0505 0.3292 0.9429
vn 0.7241 -0.1780 -0.6663
vn -0.9295 -0.0017 0.3687
vn 0.5250 -0.8293 0.1917
vn 0.7234 -0.2439 -0.6459
vn -0.4102 0.9108 0.0463
vn 0.2115 -0.4214 0.8819
vn -0.8694 0.2752 0.4105
vn -0.6703 0.2254 -0.7071
vn -0.3623 0.1391 0.9216
vn 0.5809 -0.2587 0.7718
vn -0.1293 -0.0583 0.9899
vn 0.9108 0.3231 -0.2570
vn -0.6020 -0.7947 0.0776
vn -0.2365 0.0569 0.9700
vn 0.0170 -0.7925 0.6096
vn 0.0087 -0.6972 -0.7168
vn -0.4736 -0.3934 0.7880
vn -0.4582 0.8815 0.1142
vn -0.5105 0.2354 0.8270
vn 0.9510 0.2833 -0.1239
vn 0.6453 -0.1615 0.7467
vn -0.0073 0.6285 0.7777
vn -0.2564 0.2929 0.9211
vn -0.7348 -0.1788 0.6543
vn 0.7414 -0.1874 -0.6443
vn 0.6836 -0.5736 -0.4514
vn -0.4036 0.7000 -0.5892
vn -0.8770 -0.4776 0.0528
vn 0.8398 -0.1114 0.5313
vn 0.1890 0.9510 -0.2447
vn -0.4393 -0.0010 0.8983
vn -0.7329 0.6093 -0.3026
vn -0.1672 0.4222 0.8910
vn -0.7606 0.5335 0.3699
vn -0.7608 0.5333 0.3697
vn -0.1676 0.4221 0.8909
vn -0.3619 0.9322 -0.0030
vn -0.7523 0.6561 -0.0600
vn -0.4475 -0.7645 0.4641
vn -0.4174 0.5333 0.7358
vn 0.1475 0.9889 -0.0198
vn 0.1984 0.3138 -0.9285
vn -0.3874 0.2208 0.8951
vn -0.4293 -0.8733 -0.2301
vn -0.3875 0.0742 0.9189
vn -0.7459 -0.2914 0.5990
vn -0.2964 0.6713 -0.6794
vn -0.6662 0.7115 0.2233
vn 0.3831 0.4135 0.8260
vn 0.1554 0.3868 0.9090
vn 0.2139 0.0383 0.9761
vn -0.6801 0.3685 0.6338
vn -0.0616 -0.4633 0.8841
vn -0.6972 -0.3564 0.6220
vn -0.3112 0.5418 -0.7808
vn 0.4510 0.0440 0.8914
vn -0.2402 -0.1193 0.9634
vn -0.0503 -0.2449 0.9682
vn -0.6960 0.6386 0.3282
vn 0.4081 -0.1613 0.8986
vn -0.2174 0.7324 0.6453
vn 0.5187 0.5810 -0.6272
vn -0.2212 0.9750 -0.0216
vn -0.5874 0.6281 0.5104
vn 0.1010 0.1293 0.9865
vn 0.3241 -0.0121 -0.9459
vn -0.4062 -0.4199 -0.8116
vn 0.2165 0.4921 0.8432
vn -0.1626 -0.5422 -0.8244
vn 0.4449 0.8954 -0.0198
vn -0.1298 0.9904 0.0469
vn -0.0606 0.0757 0.9953
vn -0.7954 0.5938 0.1210
vn -0.2419 0.3202 0.9159
vn -0.5300 0.5721 0.6259
vn -0.8233 0.5603 0.0909
vn -0.1286 -0.1945 0.9724
vn 0.7770 -0.6059 -0.1708
vn 0.8345 -0.3947 -0.3845
vn 0.6343 -0.1205 -0.7637
vn 0.8847 0.4567 -0.0934
vn 0.1845 -0.2197 0.9580
vn -0.5591 -0.3492 0.7519
vn -0.1929 0.3746 0.9069
vn 0.3477 -0.1146 0.9306
vn -0.2222 0.1551 0.9626
vn 0.7971 0.0109 0.6037
vn 0.1739 -0.3184 -0.9319
vn 0.8279 -0.0971 -0.5524
vn 0.9505 0.1640 -0.2638
vn 0.1110 -0.5051 0.8559
vn -0.7613 -0.5820 0.2859
vn -0.5097 -0.0990 0.8547
vn 0.5281 0.8169 -0.2319
vn -0.3953 -0.0371 0.9178
vn -0.4031 -0.5160 0.7558
vn -0.7511 0.3748 0.5435
vn -0.6923 -0.1695 0.7015
vn 0.2424 0.1844 0.9525
vn 0.6516 0.3836 0.6544
vn 0.9084 0.3905 0.1494
vn 0.3015 0.9339 -0.1923
vn -0.5410 0.3348 0.7715
vn 0.6361 -0.1686 0.7530
vn -0.6899 0.1280 0.7125
vn -0.4630 0.4385 -0.7703
vn 0.5156 -0.0042 -0.8568
vn -0.1211 -0.3867 0.9142
vn -0.4371 0.7062 -0.5569
vn 0.3736 -0.0999 0.9222
vn -0.1382 0.0204 0.9902
vn -0.4251 -0.8551 -0.2967
vn 0.2870 0.0232 -0.9576
vn -0.8066 0.5207 -0.2798
vn -0.4717 -0.8288 0.3009
vn -0.2578 -0.3402 0.9043
vn -0.7469 0.6094 0.2661
vn -0.1665 0.5336 -0.8292
vn 0.7993 0.3337 0.4997
vn -0.4020 -0.8100 0.4268
vn 0.4238 0.8254 -0.3731
vn -0.0534 0.2354 0.9704
vn 0.3408 -0.8260 0.4490
vn -0.4822 -0.3993 0.7798
vn -0.7349 0.6232 0.2676
vn -0.1500 0.2831 -0.9473
vn -0.7659 -0.5090 -0.3928
vn 0.8007 -0.5716 -0.1794
vn 0.4933 -0.0013 -0.8699
vn -0.8016 0.0578 -0.5950
vn -0.9000 -0.3636 0.2404
vn 0.6207 -0.3466 -0.7033
vn -0.8965 -0.3684 0.2463
vn -0.1662 -0.4227 -0.8909
vn 0.5648 -0.1726 -0.8070
vn 0.8323 -0.2559 -0.4918
vn -0.8114 -0.3977 -0.4283
vn -0.7814 0.6195 0.0750
vn 0.7357 0.6700 -0.0993
vn -0.6533 0.6909 -0.3094
vn 0.7309 0.0274 -0.6819
vn 0.1792 -0.1836 0.9665
vn -0.6126 0.7899 0.0279
vn 0.6509 -0.7342 0.1932
vn 0.0285 0.0672 -0.9973
vn 0.5406 -0.5004 -0.6763
vn -0.3146 0.7198 -0.6188
vn 0.1704 0.0080 -0.9853
vn 0.9005 0.4343 -0.0241
vn 0.0633 0.2637 -0.9625
vn -0.6657 -0.0022 0.7462
vn -0.6837 0.6776 -0.2710
vn 0.9791 0.1739 0.1057
vn -0.6380 -0.7605 0.1209
vn -0.4877 0.0836 -0.8690
vn 0.3459 0.9377 0.0314
vn -0.1112 0.9853 0.1295
vn 0.6165 -0.2374 -0.7507
vn 0.7743 -0.4163 -0.4767
vn -0.0036 -0.4100 -0.9121
vn -0.7735 -0.6335 -0.0210
vn -0.8381 -0.4836 -0.2524
vn -0.3342 0.5576 -0.7599
vn 0.6923 0.3303 0.6416
vn -0.7229 -0.1765 -0.6680
vn -0.9074 0.3938 0.1468
vn 0.1663 -0.7826 0.5999
vn -0.6050 -0.0673 0.7934
vn -0.5754 0.4765 -0.6647
vn -0.7079 0.3485 0.6144
vn -0.2507 -0.1351 -0.9586
vn -0.6888 -0.4429 0.5740
vn -0.5389 0.8406 0.0546
vn -0.3663 0.8190 -0.4417
vn 0.0409 0.1037 -0.9938
vn 0.7462 -0.6642 -0.0448
vn -0.0500 -0.9965 0.0674
vn -0.1030 0.9947 0.0034
vn 0.3576 -0.7674 -0.5322
vn 0.9925 0.0541 0.1097
vn 0.4077 -0.7319 -0.5459
vn 0.3249 -0.4520 -0.8307
vn 0.9477 0.3139 0.0570
vn 0.2400 -0.5260 0.8159
vn -0.0266 0.9817 -0.1884
vn -0.1234 -0.9769 -0.1744
vn -0.1701 0.9783 -0.1181
vn 0.9795 0.0921 -0.1789
vn -0.6828 -0.6056 -0.4087
vn 0.2621 -0.1020 -0.9596
vn -0.5787 0.7155 -0.3915
vn -0.8410 -0.3935 -0.3712
vn 0.3988 0.7402 0.5413
vn -0.3408 -0.5045 0.7933
vn 0.3964 -0.7318 0.5544
vn 0.9646 -0.2207 0.1445
vn -0.9314 -0.3632 -0.0232
vn 0.8197 -0.5416 -0.1867
vn -0.3147 0.9491 -0.0123
vn -0.3628 -0.8627 0.3523
vn 0.7342 0.6697 0.1116
vn -0.8422 -0.3874 0.3750
vn 0.8280 0.5546 0.0825
vn 0.2340 -0.5453 0.8049
vn 0.8332 -0.5485 0.0697
vn -0.7661 0.5028 0.4003
vn 0.7395 -0.6697 -0.0675
vn -0.5990 -0.7823 0.1707
vn 0.4129 -0.8788 -0.2391
vn -0.8882 -0.4166 0.1936
vn -0.4801 -0.4273 0.7661
vn 0.8905 -0.4509 -0.0603
vn -0.4785 -0.7843 0.3948
vn 0.2907 -0.9568 -0.0099
vn 0.8062 -0.5911 0.0236
vn -0.6491 0.6133 0.4500
vn -0.8704 0.1969 0.4513
vn -0.8351 0.4092 0.3676
vn -0.1622 -0.7341 -0.6593
vn -0.8327 -0.5495 -0.0690
vn -0.1135 0.8993 0.4224
vn 0.5176 -0.7761 0.3602
vn 0.5983 -0.7982 -0.0701
vn -0.8597 -0.3772 0.3444
vn -0.0159 0.9994 0.0323
vn -0.2120 -0.8810 0.4229
vn -0.3765 0.3618 0.8528
vn 0.5186 -0.5294 0.6714
vn -0.7485 -0.4663 0.4715
vn -0.3850 0.8441 0.3732
vn -0.6232 -0.4852 0.6134
vn 0.0887 -0.4014 0.9116
vn -0.6976 -0.3894 0.6015
vn -0.7732 0.2235 0.5935
vn -0.5440 -0.1856 0.8183
vn -0.8406 -0.2115 0.4987
vn 0.5008 -0.8619 -0.0795
vn 0.7866 -0.4760 0.3933
vn -0.2086 -0.5609 0.8012
vn -0.4528 0.8630 0.2240
vn 0.2366 -0.2199 0.9464
vn 0.4511 -0.8837 0.1249
vn -0.4654 0.3844 0.7973
vn 0.6950 0.6509 0.3054
vn 0.6088 -0.1301 0.7826
vn 0.8047 0.2634 0.5321
vn -0.1829 -0.5586 0.8090
vn 0.6305 -0.7158 0.3002
vn 0.8453 -0.4502 0.2878
vn -0.7823 -0.3897 0.4860
vn 0.4119 0.0708 0.9085
vn 0.2534 -0.5077 0.8234
vn -0.7203 0.2034 0.6632
vn -0.6071 -0.7889 0.0953
vn -0.6622 0.0205 0.7491
vn 0.7024 -0.4698 0.5348
vn -0.4629 -0.1829 0.8674
vn -0.3668 0.8902 0.2703
vn -0.4810 -0.2642 0.8360
vn -0.6009 -0.5486 0.5813
vn -0.5837 -0.3568 0.7294
vn 0.7042 0.0898 0.7042
vn -0.1241 0.1424 0.9820
vn 0.5014 -0.0533 0.8635
vn 0.4133 -0.5147 0.7512
vn -0.6353 0.6534 0.4116
vn 0.1014 0.9522 0.2883
vn -0.2183 0.6078 0.7635
vn -0.3866 -0.2982 0.8727
vn -0.3802 0.0545 0.9233
vn 0.4977 -0.8461 0.1908
vn 0.2894 0.0073 0.9572
vn 0.0368 0.6255 0.7793
vn 0.5011 0.6862 0.5273
vn -0.3687 0.8939 0.2550
vn -0.6488 0.5160 0.5593
vn -0.1308 -0.2039 0.9702
vn 0.1618 -0.3049 0.9385
vn 0.3718 -0.6266 0.6849
vn 0.4592 -0.6652 0.5888
vn 0.3228 -0.5405 0.7770
vn 0.1442 -0.1904 0.9711
vn -0.3257 0.4625 0.8246
vn 0.3535 -0.6081 0.7108
vn -0.0971 -0.0840 0.9917
vn 0.1211 -0.1748 0.9771
vn -0.1281 -0.1630 0.9783
vt 0.904267 0.366232
vt 0.899257 0.325658
vt 0.907594 0.333482
vt 0.894004 0.329240
vt 0.892063 0.261893
vt 0.901315 0.274378
vt 0.888103 0.285947
vt 0.810734 0.621552
vt 0.811440 0.599432
vt 0.826888 0.671365
vt 0.920997 0.404627
vt 0.909166 0.393540
vt 0.839797 0.696921
vt 0.838675 0.702367
vt 0.830253 0.642462
vt 0.596220 0.180250
vt 0.602062 0.146820
vt 0.604368 0.162383
vt 0.917210 0.407531
vt 0.609236 0.037419
vt 0.610116 0.000000
vt 0.612069 0.015099
vt 0.853119 0.723082
vt 0.922330 0.424760
vt 0.927807 0.424168
vt 0.096928 0.572800
vt 0.090784 0.576773
vt 0.099746 0.548943
vt 0.799811 0.550035
vt 0.806687 0.531440
vt 0.607071 0.080818
vt 0.590650 0.025746
vt 0.103444 0.463533
vt 0.092412 0.415546
vt 0.110878 0.443072
vt 0.915532 0.320019
vt 0.911865 0.229444
vt 0.912429 0.220810
vt 0.927807 0.220312
vt 0.852249 0.992867
vt 0.845444 0.988602
vt 0.852544 0.986365
vt 0.297377 0.594520
vt 0.316035 0.583851
vt 0.303464 0.600181
vt 0.826675 0.562079
vt 0.833828 0.611752
vt 0.108224 0.392064
vt 0.569362 0.144234
vt 0.607819 0.119208
vt 0.573765 0.051509
vt 0.925687 0.239663
vt 0.893967 0.245863
vt 0.292837 0.566273
vt 0.107469 0.374343
vt 0.110878 0.376405
vt 0.069616 0.555137
vt 0.290060 0.511114
vt 0.303482 0.547141
vt 0.056764 0.430634
vt 0.108750 0.363758
vt 0.444821 0.681849
vt 0.414632 0.615949
vt 0.454398 0.656595
vt 0.914406 0.279748
vt 0.731683 0.001489
vt 0.703581 0.026497
vt 0.703296 0.003717
vt 0.812464 0.516699
vt 0.824984 0.509312
vt 0.780370 0.198789
vt 0.791744 0.216838
vt 0.775514 0.216838
vt 0.056809 0.514016
vt 0.102939 0.516007
vt 0.311740 0.517986
vt 0.724743 0.055870
vt 0.701721 0.042431
vt 0.418104 0.601926
vt 0.454828 0.620544
vt 0.877261 0.201262
vt 0.859631 0.218427
vt 0.859631 0.193009
vt 0.730077 0.034841
vt 0.845444 0.975967
vt 0.078773 0.573240
vt 0.297391 0.481305
vt 0.297060 0.431159
vt 0.306900 0.457091
vt 0.826871 0.525512
vt 0.422608 0.578563
vt 0.994355 0.567997
vt 0.988761 0.537489
vt 0.997789 0.537489
vt 0.563089 0.025453
vt 0.061761 0.474534
vt 0.284383 0.815375
vt 0.287161 0.773821
vt 0.289797 0.814349
vt 0.400127 0.566283
vt 0.938654 0.774272
vt 0.926068 0.764799
vt 0.937952 0.742582
vt 0.315506 0.594669
vt 0.553306 0.750571
vt 0.557431 0.746622
vt 0.556964 0.752504
vt 0.456780 0.699117
vt 0.927616 0.243637
vt 0.291686 0.395973
vt 0.303524 0.402879
vt 0.831889 0.517086
vt 0.603617 0.975883
vt 0.601546 0.957736
vt 0.608370 0.978319
vt 0.575770 0.928249
vt 0.566554 0.138600
vt 0.303491 0.031640
vt 0.295159 0.000000
vt 0.324268 0.038093
vt 0.344412 0.520842
vt 0.068330 0.395778
vt 0.853119 0.516412
vt 0.151610 0.304845
vt 0.143112 0.297995
vt 0.144587 0.284274
vt 0.553306 0.739265
vt 0.351568 0.845591
vt 0.339196 0.900320
vt 0.332327 0.902145
vt 0.678789 0.982518
vt 0.669941 0.962023
vt 0.679420 0.935050
vt 0.284383 0.767807
vt 0.469991 0.648724
vt 0.329108 0.026488
vt 0.054375 0.526059
vt 0.143668 0.314812
vt 0.064432 0.367536
vt 0.308926 0.854857
vt 0.308036 0.056787
vt 0.312624 0.056500
vt 0.937790 0.798501
vt 0.396868 0.532059
vt 0.425051 0.552403
vt 0.725811 0.080130
vt 0.322653 0.461323
vt 0.735837 0.905396
vt 0.744351 0.875666
vt 0.744351 0.930952
vt 0.099404 0.991219
vt 0.090596 0.983914
vt 0.099404 0.955421
vt 0.643859 0.220312
vt 0.656405 0.231973
vt 0.657684 0.253212
vt 0.687666 0.975608
vt 0.048270 0.945688
vt 0.042030 0.964565
vt 0.050470 0.914939
vt 0.290060 0.389058
vt 0.310429 0.396973
vt 0.096475 0.715007
vt 0.093040 0.736403
vt 0.076580 0.723570
vt 0.583471 0.919935
vt 0.918701 0.785636
vt 0.581716 0.000006
vt 0.472108 0.619401
vt 0.907635 0.766371
vt 0.919342 0.740849
vt 0.691356 0.944084
vt 0.215024 0.883829
vt 0.209339 0.856152
vt 0.215024 0.841903
vt 0.564305 0.621002
vt 0.568740 0.589628
vt 0.568740 0.626355
vt 0.564855 0.883161
vt 0.336544 0.809093
vt 0.354188 0.801184
vt 0.540807 0.079179
vt 0.321770 0.092557
vt 0.449323 0.590718
vt 0.340385 0.053929
vt 0.531548 0.047503
vt 0.535155 0.030808
vt 0.313780 0.403581
vt 0.164184 0.337554
vt 0.562802 0.887394
vt 0.911178 0.743022
vt 0.775514 0.000000
vt 0.042030 0.887788
vt 0.054628 0.903495
vt 0.079541 0.741448
vt 0.157619 0.349889
vt 0.648936 0.925064
vt 0.667409 0.913996
vt 0.926502 0.822412
vt 0.940630 0.836352
vt 0.753383 0.034127
vt 0.745394 0.038077
vt 0.037846 0.491805
vt 0.653662 0.280427
vt 0.647358 0.249117
vt 0.673753 0.274005
vt 0.173907 0.322045
vt 0.579956 0.882327
vt 0.405355 0.511574
vt 0.736490 0.073465
vt 0.352248 0.523821
vt 0.337043 0.535882
vt 0.018833 0.432407
vt 0.100188 0.767218
vt 0.083666 0.780760
vt 0.070552 0.728073
vt 0.990965 0.773449
vt 0.995340 0.766831
vt 0.995340 0.781386
vt 0.476205 0.584689
vt 0.188654 0.289674
vt 0.559218 0.838176
vt 0.561814 0.834550
vt 0.561814 0.850713
vt 0.938092 0.857918
vt 0.443867 0.548814
vt 0.125879 0.737485
vt 0.111137 0.740193
vt 0.142866 0.715007
vt 0.997858 0.256519
vt 0.997858 0.284197
vt 0.986509 0.268692
vt 0.656566 0.298848
vt 0.654267 0.329055
vt 0.682378 0.306242
vt 0.678206 0.257359
vt 0.570222 0.865444
vt 0.825440 0.465598
vt 0.828730 0.460777
vt 0.828730 0.483948
vt 0.993727 0.788894
vt 0.479481 0.921101
vt 0.483806 0.930562
vt 0.480845 0.937224
vt 0.966980 0.215124
vt 0.951658 0.207756
vt 0.969187 0.200038
vt 0.136209 0.613197
vt 0.133392 0.675214
vt 0.131710 0.646637
vt 0.907631 0.804431
vt 0.457763 0.538698
vt 0.411594 0.510558
vt 0.114267 0.718374
vt 0.100187 0.748949
vt 0.692186 0.909559
vt 0.697348 0.904543
vt 0.697348 0.935181
vt 0.338784 0.457154
vt 0.099130 0.811761
vt 0.483806 0.904070
vt 0.940230 0.182840
vt 0.142305 0.612388
vt 0.443633 0.521948
vt 0.736164 0.103779
vt 0.732466 0.107957
vt 0.405390 0.502952
vt 0.122086 0.722397
vt 0.538240 0.000000
vt 0.846801 0.769765
vt 0.851949 0.759043
vt 0.852670 0.783641
vt 0.316568 0.393488
vt 0.583212 0.858513
vt 0.325795 0.114876
vt 0.342432 0.108966
vt 0.349760 0.088870
vt 0.414450 0.503201
vt 0.362108 0.432497
vt 0.189361 0.308182
vt 0.583033 0.852329
vt 0.993806 0.423057
vt 0.981542 0.463679
vt 0.981542 0.418273
vt 0.974256 0.211849
vt 0.745561 0.096623
vt 0.648999 0.213598
vt 0.653491 0.209935
vt 0.653491 0.218492
vt 0.359712 0.502107
vt 0.845943 0.747299
vt 0.998237 0.983224
vt 0.988297 0.983224
vt 0.993218 0.954176
vt 0.035202 0.366075
vt 0.217201 0.296596
vt 0.199137 0.296464
vt 0.608370 0.854109
vt 0.762462 0.239522
vt 0.765581 0.233050
vt 0.765593 0.256451
vt 0.361499 0.975160
vt 0.354188 0.945746
vt 0.377380 0.981343
vt 0.121356 0.775340
vt 0.108713 0.775603
vt 0.095509 0.813274
vt 0.692422 0.356228
vt 0.682722 0.288971
vt 0.033694 0.387888
vt 0.595836 0.875138
vt 0.989309 0.194485
vt 0.999695 0.174766
vt 0.999695 0.200806
vt 0.105129 0.987812
vt 0.100187 0.957417
vt 0.118261 0.971728
vt 0.744009 0.138873
vt 0.734420 0.141594
vt 0.510954 0.012887
vt 0.357760 0.410597
vt 0.170822 0.337883
vt 0.643859 0.884661
vt 0.302642 0.816836
vt 0.133284 0.951908
vt 0.130407 0.913093
vt 0.140272 0.914343
vt 0.143112 0.046940
vt 0.157711 0.042101
vt 0.187152 0.049518
vt 0.955678 0.186068
vt 0.945725 0.993986
vt 0.945725 0.977621
vt 0.950279 0.978195
vt 0.139658 0.590199
vt 0.371414 0.479058
vt 0.357664 0.458008
vt 0.151528 0.392619
vt 0.150479 0.360591
vt 0.157876 0.379025
vt 0.063967 0.742541
vt 0.342810 0.393027
vt 0.056372 0.716037
vt 0.999689 0.864252
vt 0.990430 0.850571
vt 0.999689 0.838006
vt 0.203386 0.306744
vt 0.691467 0.927832
vt 0.666412 0.891583
vt 0.142141 0.928579
vt 0.781510 0.288264
vt 0.762462 0.279635
vt 0.314920 0.790878
vt 0.338064 0.143359
vt 0.476205 0.525779
vt 0.530004 0.058966
vt 0.521635 0.039049
vt 0.962916 0.771475
vt 0.961765 0.752246
vt 0.966101 0.740849
vt 0.562126 0.750616
vt 0.557431 0.744886
vt 0.562126 0.739265
vt 0.852670 0.723082
vt 0.960937 0.509312
vt 0.938248 0.534862
vt 0.943310 0.519606
vt 0.994236 0.836883
vt 0.607417 0.864007
vt 0.763961 0.293390
vt 0.783178 0.252876
vt 0.131710 0.555045
vt 0.548883 0.546131
vt 0.536038 0.567693
vt 0.528262 0.546062
vt 0.209339 0.918030
vt 0.214299 0.922538
vt 0.209339 0.949234
vt 0.546860 0.526901
vt 0.968530 0.780454
vt 0.021791 0.457678
vt 0.954269 0.535466
vt 0.124920 0.962296
vt 0.130618 0.967567
vt 0.690889 0.896727
vt 0.937028 0.888833
vt 0.907631 0.895870
vt 0.755237 0.130453
vt 0.138573 0.568893
vt 0.067809 0.767096
vt 0.142141 0.986297
vt 0.354180 0.785334
vt 0.100919 0.944882
vt 0.124920 0.956718
vt 0.097573 0.847889
vt 0.952858 0.560339
vt 0.965772 0.537331
vt 0.971683 0.578465
vt 0.384823 0.440768
vt 0.945420 0.579282
vt 0.000000 0.399960
vt 0.491171 0.299157
vt 0.483834 0.260429
vt 0.499827 0.274927
vt 0.665229 0.363665
vt 0.016279 0.438149
vt 0.911464 0.511370
vt 0.916447 0.509312
vt 0.923415 0.524635
vt 0.823216 0.233664
vt 0.799569 0.220312
vt 0.184930 0.053049
vt 0.289542 0.897363
vt 0.280354 0.919188
vt 0.284729 0.896560
vt 0.945802 0.793744
vt 0.157772 0.408825
vt 0.144578 0.439420
vt 0.007932 0.419654
vt 0.355415 0.399994
vt 0.089480 0.984408
vt 0.080345 0.995755
vt 0.080345 0.975615
vt 0.213333 0.757092
vt 0.200272 0.769703
vt 0.207591 0.748921
vt 0.202469 0.685530
vt 0.206718 0.701299
vt 0.188578 0.689679
vt 0.113128 0.933143
vt 0.972520 0.168822
vt 0.966152 0.170498
vt 0.289542 0.922925
vt 0.934308 0.161068
vt 0.366826 0.163102
vt 0.373627 0.136175
vt 0.958268 0.799164
vt 0.497872 0.229556
vt 0.524721 0.220312
vt 0.524042 0.238193
vt 0.371514 0.754332
vt 0.371514 0.714689
vt 0.375344 0.734501
vt 0.393355 0.412627
vt 0.975404 0.653277
vt 0.992815 0.624099
vt 0.992815 0.666367
vt 0.931836 0.524137
vt 0.552645 0.777926
vt 0.546426 0.778241
vt 0.561194 0.752725
vt 0.654847 0.878554
vt 0.290060 0.785334
vt 0.346006 0.161038
vt 0.113183 0.812225
vt 0.943496 0.833267
vt 0.516437 0.026516
vt 0.902685 0.510030
vt 0.908923 0.527825
vt 0.213174 0.312959
vt 0.208916 0.784748
vt 0.786193 0.307881
vt 0.780250 0.343957
vt 0.042029 0.991849
vt 0.042029 0.964565
vt 0.055314 0.990355
vt 0.354188 0.990550
vt 0.124920 0.933815
vt 0.553306 0.520476
vt 0.526063 0.508357
vt 0.507994 0.302823
vt 0.696553 0.372084
vt 0.172712 0.378082
vt 0.205373 0.325413
vt 0.541396 0.812225
vt 0.767376 0.350432
vt 0.764855 0.324855
vt 0.174332 0.704646
vt 0.280354 0.867367
vt 0.288945 0.860617
vt 0.283812 0.896560
vt 0.748811 0.191740
vt 0.082466 0.827397
vt 0.215286 0.742728
vt 0.669884 0.871983
vt 0.656819 0.081932
vt 0.673499 0.079405
vt 0.668755 0.088245
vt 0.954732 0.153641
vt 0.934896 0.908236
vt 0.117895 0.850390
vt 0.510813 0.293969
vt 0.678747 0.400386
vt 0.789677 0.994417
vt 0.770028 0.994417
vt 0.774537 0.947961
vt 0.205635 0.819265
vt 0.188309 0.731362
vt 0.280354 0.838256
vt 0.803485 0.297244
vt 0.678538 0.094810
vt 0.955201 0.847066
vt 0.967788 0.822317
vt 0.485734 0.539623
vt 0.488072 0.501405
vt 0.495859 0.486721
vt 0.093896 0.887093
vt 0.975404 0.626312
vt 0.961550 0.645755
vt 0.919698 0.585634
vt 0.056372 0.715007
vt 0.042624 0.723714
vt 0.022139 0.726097
vt 0.796444 0.304962
vt 0.068263 0.995453
vt 0.068263 0.975615
vt 0.080345 0.982262
vt 0.615125 0.046459
vt 0.612069 0.000000
vt 0.630008 0.045816
vt 0.285653 0.938611
vt 0.289788 0.938091
vt 0.289788 0.949132
vt 0.769119 0.164871
vt 0.935799 0.557994
vt 0.938248 0.541080
vt 0.691467 0.864321
vt 0.290657 0.794655
vt 0.648880 0.112384
vt 0.286654 0.938092
vt 0.195953 0.990334
vt 0.182247 0.964671
vt 0.195953 0.955303
vt 0.943067 0.145184
vt 0.632461 0.098585
vt 0.627848 0.019380
vt 0.130121 0.704689
vt 0.125068 0.715007
vt 0.083071 0.714393
vt 0.363756 0.192504
vt 0.483834 0.566648
vt 0.143112 0.454876
vt 0.149615 0.444789
vt 0.176912 0.397032
vt 0.907854 0.559438
vt 0.602679 0.500796
vt 0.639251 0.519427
vt 0.604905 0.508854
vt 0.396868 0.417666
vt 0.229575 0.321094
vt 0.537054 0.817884
vt 0.540085 0.829417
vt 0.200596 0.824623
vt 0.190162 0.765712
vt 0.189220 0.803316
vt 0.661309 0.150426
vt 0.622533 0.122068
vt 0.612069 0.062686
vt 0.639178 0.062601
vt 0.504575 0.337813
vt 0.470946 0.714882
vt 0.467700 0.708220
vt 0.483400 0.699117
vt 0.946041 0.598926
vt 0.267577 0.350722
vt 0.285345 0.343509
vt 0.277806 0.368785
vt 0.635009 0.544786
vt 0.640267 0.526996
vt 0.261700 0.296564
vt 0.548319 0.823020
vt 0.179907 0.740678
vt 0.825956 0.222956
vt 0.645283 0.150307
vt 0.990965 0.772265
vt 0.980476 0.770738
vt 0.990965 0.740849
vt 0.691712 0.089633
vt 0.186257 0.992792
vt 0.969112 0.156445
vt 0.134503 0.867212
vt 0.538415 0.607001
vt 0.530787 0.605812
vt 0.540629 0.251714
vt 0.907659 0.581732
vt 0.282576 0.383676
vt 0.294466 0.355194
vt 0.635504 0.576516
vt 0.619736 0.566821
vt 0.019033 0.733434
vt 0.207701 0.343842
vt 0.561194 0.824266
vt 0.378049 0.637073
vt 0.372098 0.613465
vt 0.371514 0.600181
vt 0.176385 0.672023
vt 0.642601 0.106521
vt 0.990551 0.808958
vt 0.972559 0.750767
vt 0.115376 0.913093
vt 0.650658 0.087280
vt 0.845943 0.828718
vt 0.852985 0.843000
vt 0.845942 0.865700
vt 0.067567 0.709282
vt 0.116811 0.693353
vt 0.967598 0.376488
vt 0.980371 0.368984
vt 0.963382 0.399097
vt 0.377824 0.189549
vt 0.961977 0.846972
vt 0.793674 0.921253
vt 0.793674 0.890828
vt 0.799329 0.906731
vt 0.986509 0.249245
vt 0.995205 0.220312
vt 0.995205 0.256519
vt 0.559774 0.655613
vt 0.555614 0.607426
vt 0.560678 0.623721
vt 0.788595 0.361409
vt 0.787522 0.369067
vt 0.786537 0.341719
vt 0.955202 0.985893
vt 0.950279 0.991898
vt 0.950279 0.977621
vt 0.807683 0.268770
vt 0.701721 0.065574
vt 0.962909 0.146395
vt 0.289661 0.971784
vt 0.280720 0.968862
vt 0.289661 0.951697
vt 0.913940 0.941114
vt 0.933815 0.944429
vt 0.508163 0.468200
vt 0.483834 0.440864
vt 0.506765 0.439582
vt 0.386215 0.154320
vt 0.126811 0.887423
vt 0.696131 0.406018
vt 0.196789 0.385941
vt 0.201740 0.358947
vt 0.271548 0.329327
vt 0.486773 0.154753
vt 0.506927 0.146563
vt 0.497492 0.193920
vt 0.178407 0.841903
vt 0.544058 0.834550
vt 0.371811 0.634733
vt 0.371905 0.624504
vt 0.786640 0.393353
vt 0.181178 0.774916
vt 0.188578 0.778972
vt 0.793882 0.340077
vt 0.148732 0.668054
vt 0.158430 0.652801
vt 0.677625 0.149786
vt 0.469455 0.991818
vt 0.458418 0.982131
vt 0.471417 0.975966
vt 0.199032 0.062615
vt 0.283095 0.401188
vt 0.279721 0.383676
vt 0.283599 0.385646
vt 0.926930 0.956477
vt 0.393981 0.183652
vt 0.940630 0.864407
vt 0.957436 0.882620
vt 0.860398 0.342237
vt 0.847824 0.327993
vt 0.871864 0.318540
vt 0.483834 0.479018
vt 0.472730 0.484191
vt 0.476043 0.453336
vt 0.289797 0.709393
vt 0.284239 0.667626
vt 0.289287 0.674962
vt 0.289797 0.652801
vt 0.176320 0.432458
vt 0.927798 0.588496
vt 0.580381 0.550523
vt 0.564305 0.646679
vt 0.294466 0.317259
vt 0.262956 0.335922
vt 0.490767 0.192689
vt 0.468795 0.200219
vt 0.485732 0.170125
vt 0.555429 0.582985
vt 0.562734 0.595464
vt 0.557804 0.569369
vt 0.553306 0.549942
vt 0.198482 0.835138
vt 0.619606 0.138954
vt 0.000000 0.705973
vt 0.015425 0.715007
vt 0.196629 0.082045
vt 0.614413 0.196160
vt 0.615834 0.208113
vt 0.599712 0.204357
vt 0.081064 0.696039
vt 0.973965 0.411148
vt 0.963432 0.415762
vt 0.368521 0.203334
vt 0.769137 0.210117
vt 0.775514 0.197244
vt 0.522020 0.336945
vt 0.845304 0.299788
vt 0.692186 0.900949
vt 0.692683 0.872567
vt 0.697368 0.904543
vt 0.077148 0.894447
vt 0.147374 0.478195
vt 0.224609 0.365359
vt 0.463496 0.214999
vt 0.173714 0.757090
vt 0.143112 0.692687
vt 0.034202 0.688695
vt 0.287216 0.989485
vt 0.974256 0.153079
vt 0.526913 0.847819
vt 0.537054 0.827173
vt 0.536589 0.850504
vt 0.991523 0.387510
vt 0.276138 0.407093
vt 0.828070 0.483948
vt 0.828070 0.507122
vt 0.825440 0.500839
vt 0.538684 0.637944
vt 0.852085 0.355459
vt 0.836756 0.328949
vt 0.462096 0.467833
vt 0.483834 0.330898
vt 0.460774 0.292844
vt 0.478517 0.289205
vt 0.688496 0.422699
vt 0.707797 0.391801
vt 0.894422 0.620812
vt 0.627394 0.607677
vt 0.617733 0.603451
vt 0.637426 0.599192
vt 0.579264 0.447934
vt 0.570125 0.417515
vt 0.572594 0.409198
vt 0.478231 0.220312
vt 0.007973 0.747269
vt 0.509296 0.122577
vt 0.561649 0.574205
vt 0.110878 0.572623
vt 0.113670 0.568120
vt 0.129020 0.576478
vt 0.187991 0.790155
vt 0.184752 0.799911
vt 0.791970 0.373720
vt 0.167464 0.791339
vt 0.810305 0.331921
vt 0.627465 0.160582
vt 0.278483 0.578453
vt 0.287644 0.578453
vt 0.281056 0.591305
vt 0.589436 0.202282
vt 0.459539 0.991818
vt 0.585017 0.837111
vt 0.575582 0.815093
vt 0.594716 0.837206
vt 0.562802 0.793507
vt 0.595396 0.789006
vt 0.575566 0.772872
vt 0.583944 0.776611
vt 0.317106 0.333391
vt 0.315131 0.358573
vt 0.295159 0.374516
vt 0.326012 0.310172
vt 0.142866 0.913093
vt 0.114774 0.883389
vt 0.968874 0.883305
vt 0.490429 0.588410
vt 0.519453 0.357030
vt 0.090596 0.920030
vt 0.070511 0.928168
vt 0.065290 0.911730
vt 0.461822 0.754143
vt 0.456584 0.742341
vt 0.007381 0.204994
vt 0.005987 0.162812
vt 0.016782 0.196532
vt 0.640267 0.631859
vt 0.643769 0.635108
vt 0.640267 0.667907
vt 0.697368 0.864321
vt 0.460340 0.326818
vt 0.085916 0.902663
vt 0.087526 0.911730
vt 0.471221 0.250578
vt 0.098767 0.911730
vt 0.098767 0.955421
vt 0.090596 0.929397
vt 0.066638 0.849937
vt 0.897638 0.592791
vt 0.590662 0.358339
vt 0.569017 0.385938
vt 0.004188 0.745001
vt 0.570427 0.358131
vt 0.467147 0.184180
vt 0.797584 0.405084
vt 0.781603 0.405663
vt 0.371514 0.655424
vt 0.643115 0.553848
vt 0.640267 0.519030
vt 0.643115 0.500796
vt 0.643678 0.182991
vt 0.666882 0.172273
vt 0.845943 0.865700
vt 0.852813 0.871483
vt 0.851470 0.886653
vt 0.207800 0.086762
vt 0.185833 0.090523
vt 0.590327 0.211558
vt 0.606945 0.212122
vt 0.615834 0.183141
vt 0.524359 0.845994
vt 0.949515 0.485115
vt 0.936504 0.504535
vt 0.936108 0.437310
vt 0.313719 0.379905
vt 0.332688 0.352928
vt 0.137606 0.511854
vt 0.128163 0.495547
vt 0.139328 0.488964
vt 0.338674 0.281628
vt 0.351799 0.286912
vt 0.347591 0.258365
vt 0.350387 0.272692
vt 0.345305 0.245462
vt 0.368259 0.233477
vt 0.363579 0.200484
vt 0.362916 0.188322
vt 0.514799 0.461438
vt 0.855467 0.412316
vt 0.852349 0.376132
vt 0.868703 0.409549
vt 0.865820 0.347959
vt 0.972559 0.844322
vt 0.883600 0.300594
vt 0.877099 0.326434
vt 0.009136 0.245730
vt 0.887979 0.277668
vt 0.475942 0.419826
vt 0.482220 0.401932
vt 0.483638 0.442408
vt 0.464000 0.449631
vt 0.458217 0.437297
vt 0.480404 0.359470
vt 0.000332 0.134404
vt 0.000000 0.100270
vt 0.005335 0.126576
vt 0.479102 0.275734
vt 0.164917 0.453834
vt 0.174516 0.452498
vt 0.948012 0.636850
vt 0.477750 0.697830
vt 0.477750 0.686592
vt 0.482817 0.692604
vt 0.969403 0.938572
vt 0.955576 0.921502
vt 0.968535 0.920433
vt 0.594356 0.510217
vt 0.564305 0.522977
vt 0.558504 0.501713
vt 0.510954 0.109696
vt 0.505827 0.088971
vt 0.510349 0.042606
vt 0.845943 0.894099
vt 0.199227 0.128688
vt 0.185917 0.141236
vt 0.023847 0.684088
vt 0.640267 0.701818
vt 0.640266 0.667907
vt 0.643699 0.688969
vt 0.963634 0.453539
vt 0.927807 0.463088
vt 0.569666 0.180250
vt 0.586052 0.180250
vt 0.569109 0.191409
vt 0.128172 0.555045
vt 0.381802 0.214768
vt 0.888103 0.423745
vt 0.496764 0.637401
vt 0.536764 0.294033
vt 0.003575 0.166686
vt 0.027478 0.170963
vt 0.442698 0.469118
vt 0.437263 0.389353
vt 0.472923 0.364339
vt 0.028355 0.091907
vt 0.694227 0.425813
vt 0.945103 0.933221
vt 0.462609 0.157741
vt 0.806885 0.376551
vt 0.995994 0.385743
vt 0.991523 0.389615
vt 0.991523 0.368984
vt 0.824274 0.323945
vt 0.834927 0.283808
vt 0.832829 0.256679
vt 0.991523 0.405503
vt 0.983863 0.407313
vt 0.123455 0.462551
vt 0.142267 0.459767
vt 0.138719 0.427647
vt 0.129047 0.384049
vt 0.142305 0.382595
vt 0.973724 0.920433
vt 0.988297 0.920699
vt 0.985334 0.940231
vt 0.550813 0.279239
vt 0.443010 0.389169
vt 0.888103 0.220312
vt 0.643859 0.509312
vt 0.671520 0.442925
vt 0.654966 0.502683
vt 0.449545 0.367125
vt 0.157119 0.473933
vt 0.002853 0.760650
vt 0.466154 0.142942
vt 0.465101 0.119841
vt 0.289780 0.284274
vt 0.129020 0.555045
vt 0.175094 0.830140
vt 0.374156 0.666344
vt 0.562789 0.486721
vt 0.483807 0.904070
vt 0.479439 0.889882
vt 0.483807 0.868034
vt 0.146817 0.729206
vt 0.613429 0.842364
vt 0.601059 0.852328
vt 0.835251 0.429607
vt 0.825729 0.405663
vt 0.835251 0.408747
vt 0.825440 0.413295
vt 0.613275 0.806312
vt 0.610799 0.777233
vt 0.987622 0.411174
vt 0.513236 0.851461
vt 0.585255 0.761635
vt 0.965620 0.438294
vt 0.947752 0.419492
vt 0.510735 0.778288
vt 0.529754 0.779121
vt 0.520812 0.804485
vt 0.521997 0.768281
vt 0.121771 0.485456
vt 0.369720 0.255067
vt 0.137101 0.372689
vt 0.081950 0.932091
vt 0.536909 0.350564
vt 0.562400 0.343867
vt 0.684150 0.414651
vt 0.000686 0.078444
vt 0.921641 0.645776
vt 0.553307 0.723899
vt 0.555769 0.674454
vt 0.568698 0.655613
vt 0.383095 0.724848
vt 0.390489 0.718485
vt 0.396868 0.765735
vt 0.927182 0.614242
vt 0.230908 0.390598
vt 0.201357 0.411365
vt 0.594369 0.426814
vt 0.588114 0.449439
vt 0.267577 0.312658
vt 0.569761 0.336884
vt 0.482396 0.120744
vt 0.795698 0.392783
vt 0.609976 0.850239
vt 0.093439 0.683125
vt 0.272102 0.431268
vt 0.594829 0.744144
vt 0.507479 0.838131
vt 0.501132 0.777222
vt 0.934578 0.418273
vt 0.927807 0.426955
vt 0.589436 0.198963
vt 0.111329 0.534752
vt 0.345034 0.325282
vt 0.396868 0.199270
vt 0.985034 0.987942
vt 0.976037 0.986566
vt 0.988297 0.975201
vt 0.881168 0.384895
vt 0.534883 0.391313
vt 0.525762 0.394121
vt 0.012824 0.272317
vt 0.444644 0.425283
vt 0.036835 0.129885
vt 0.434739 0.357160
vt 0.419125 0.360847
vt 0.427866 0.362813
vt 0.708678 0.410413
vt 0.961903 0.943900
vt 0.460197 0.178549
vt 0.177171 0.819414
vt 0.799019 0.392461
vt 0.479872 0.974679
vt 0.479872 0.960338
vt 0.483807 0.965375
vt 0.407911 0.858174
vt 0.423421 0.853816
vt 0.425099 0.860067
vt 0.970671 0.310115
vt 0.963382 0.301695
vt 0.984587 0.295819
vt 0.978187 0.315958
vt 0.831752 0.240954
vt 0.004359 0.674054
vt 0.621165 0.842515
vt 0.593362 0.188663
vt 0.261032 0.967568
vt 0.251048 0.968154
vt 0.251048 0.951697
vt 0.276713 0.432561
vt 0.496835 0.804851
vt 0.564332 0.196869
vt 0.324063 0.389058
vt 0.539704 0.191476
vt 0.538188 0.180250
vt 0.564332 0.184640
vt 0.973121 0.977055
vt 0.969403 0.935745
vt 0.940498 0.655547
vt 0.179427 0.460075
vt 0.568698 0.739265
vt 0.988207 0.193306
vt 0.989309 0.197857
vt 0.975592 0.207367
vt 0.453214 0.146816
vt 0.453257 0.111211
vt 0.974256 0.154508
vt 0.979654 0.164280
vt 0.989309 0.145184
vt 0.161236 0.751355
vt 0.819336 0.372528
vt 0.755133 0.953338
vt 0.770028 0.947961
vt 0.765521 0.983261
vt 0.770028 0.991158
vt 0.963382 0.356241
vt 0.692186 0.940775
vt 0.696599 0.935181
vt 0.696599 0.969251
vt 0.417277 0.868034
vt 0.985979 0.303230
vt 0.038638 0.672508
vt 0.267577 0.435399
vt 0.269198 0.437764
vt 0.647942 0.836971
vt 0.649657 0.807779
vt 0.663343 0.815481
vt 0.643859 0.778654
vt 0.646393 0.741789
vt 0.655719 0.755543
vt 0.556170 0.201004
vt 0.829174 0.430484
vt 0.836868 0.434949
vt 0.845509 0.473253
vt 0.879614 0.363264
vt 0.553787 0.313019
vt 0.463780 0.781023
vt 0.457720 0.771711
vt 0.016571 0.296475
vt 0.668571 0.498553
vt 0.003118 0.041835
vt 0.020042 0.056618
vt 0.056372 0.884127
vt 0.147791 0.494990
vt 0.145865 0.543154
vt 0.143112 0.511168
vt 0.619277 0.634259
vt 0.381606 0.770147
vt 0.940630 0.951752
vt 0.444859 0.212829
vt 0.437153 0.197573
vt 0.599071 0.378480
vt 0.473475 0.080258
vt 0.162706 0.825135
vt 0.578918 0.286406
vt 0.578850 0.250221
vt 0.604055 0.265977
vt 0.968413 0.368984
vt 0.155892 0.779601
vt 0.988761 0.578814
vt 0.977096 0.557499
vt 0.978720 0.544778
vt 0.568786 0.652797
vt 0.564305 0.642785
vt 0.568786 0.626355
vt 0.263485 0.976532
vt 0.271983 0.465735
vt 0.287644 0.440919
vt 0.504749 0.756479
vt 0.853119 0.468736
vt 0.548041 0.650988
vt 0.531747 0.682138
vt 0.852945 0.783641
vt 0.852945 0.824264
vt 0.845943 0.820289
vt 0.972559 0.920433
vt 0.883370 0.862549
vt 0.861047 0.802850
vt 0.873614 0.799653
vt 0.643760 0.781578
vt 0.640329 0.775064
vt 0.643760 0.756215
vt 0.432682 0.304741
vt 0.039244 0.063962
vt 0.808169 0.016408
vt 0.817766 0.016817
vt 0.949738 0.677702
vt 0.942899 0.673124
vt 0.938248 0.662200
vt 0.897670 0.640094
vt 0.192497 0.380534
vt 0.196461 0.440012
vt 0.408510 0.847448
vt 0.189047 0.172317
vt 0.188735 0.167277
vt 0.201128 0.167987
vt 0.640267 0.595114
vt 0.640267 0.553848
vt 0.643554 0.581015
vt 0.439355 0.832069
vt 0.836756 0.266633
vt 0.619270 0.827475
vt 0.511340 0.854461
vt 0.519255 0.758594
vt 0.110878 0.554360
vt 0.116879 0.432855
vt 0.120542 0.363758
vt 0.558982 0.468955
vt 0.517542 0.480227
vt 0.010638 0.325860
vt 0.021937 0.306271
vt 0.000000 0.359818
vt 0.536458 0.429655
vt 0.462772 0.502952
vt 0.433628 0.492202
vt 0.034476 0.245820
vt 0.432406 0.369371
vt 0.177163 0.512145
vt 0.569017 0.500796
vt 0.603038 0.417770
vt 0.584471 0.498281
vt 0.579297 0.581397
vt 0.264938 0.361385
vt 0.440041 0.111349
vt 0.458161 0.049834
vt 0.803042 0.383201
vt 0.510954 0.028564
vt 0.502371 0.005009
vt 0.975404 0.544548
vt 0.287644 0.433594
vt 0.289909 0.383676
vt 0.289909 0.475298
vt 0.477905 0.584707
vt 0.482817 0.583327
vt 0.482817 0.686592
vt 0.826968 0.339303
vt 0.643817 0.631859
vt 0.640267 0.611733
vt 0.643817 0.595114
vt 0.266294 0.961981
vt 0.277202 0.496859
vt 0.961784 0.394497
vt 0.954917 0.375954
vt 0.963382 0.336642
vt 0.655478 0.794262
vt 0.116286 0.388234
vt 0.644034 0.705802
vt 0.643859 0.683130
vt 0.651278 0.705396
vt 0.829174 0.509312
vt 0.073213 0.942266
vt 0.441983 0.478754
vt 0.400032 0.366934
vt 0.451281 0.322146
vt 0.375384 0.719665
vt 0.454260 0.114181
vt 0.157127 0.839336
vt 0.192376 0.184542
vt 0.186116 0.186814
vt 0.412347 0.835543
vt 0.628358 0.842772
vt 0.622950 0.819060
vt 0.623360 0.804760
vt 0.488260 0.851841
vt 0.505698 0.879898
vt 0.607935 0.748001
vt 0.908080 0.695395
vt 0.894422 0.679323
vt 0.912192 0.683827
vt 0.905990 0.183479
vt 0.889885 0.193978
vt 0.889432 0.180630
vt 0.660233 0.863865
vt 0.445817 0.992582
vt 0.458418 0.975966
vt 0.458418 0.994387
vt 0.548095 0.728336
vt 0.016982 0.363758
vt 0.468659 0.802622
vt 0.040723 0.276899
vt 0.866102 0.789197
vt 0.906215 0.652811
vt 0.207654 0.428173
vt 0.445770 0.176783
vt 0.989309 0.200806
vt 0.994481 0.201141
vt 0.989309 0.219685
vt 0.617168 0.264789
vt 0.894194 0.453224
vt 0.882549 0.454839
vt 0.873928 0.432500
vt 0.747530 0.981451
vt 0.753971 0.974667
vt 0.853119 0.433679
vt 0.562245 0.970238
vt 0.558437 0.952215
vt 0.562245 0.937083
vt 0.220248 0.151901
vt 0.643760 0.822999
vt 0.640760 0.828413
vt 0.640760 0.809603
vt 0.229127 0.100882
vt 0.036097 0.672064
vt 0.628725 0.772438
vt 0.289935 0.815375
vt 0.289935 0.838221
vt 0.284383 0.831485
vt 0.494874 0.767315
vt 0.902296 0.169948
vt 0.950367 0.318673
vt 0.956094 0.281910
vt 0.660730 0.722478
vt 0.032274 0.319845
vt 0.026267 0.334292
vt 0.461106 0.805157
vt 0.056372 0.951350
vt 0.889886 0.860765
vt 0.203353 0.869919
vt 0.209339 0.841903
vt 0.209339 0.962058
vt 0.853119 0.783438
vt 0.058028 0.907644
vt 0.822343 0.743783
vt 0.842244 0.723082
vt 0.843915 0.746959
vt 0.823625 0.035972
vt 0.427569 0.252706
vt 0.434924 0.221021
vt 0.996766 0.362772
vt 0.985979 0.345881
vt 0.996766 0.331153
vt 0.598156 0.456556
vt 0.594350 0.486364
vt 0.375384 0.779287
vt 0.009189 0.790259
vt 0.794567 0.846180
vt 0.799329 0.883897
vt 0.794567 0.890828
vt 0.735837 0.930952
vt 0.747275 0.960009
vt 0.735837 0.963664
vt 0.618045 0.312174
vt 0.182379 0.221151
vt 0.143112 0.267716
vt 0.875115 0.455578
vt 0.862683 0.444547
vt 0.205601 0.180985
vt 0.633003 0.826498
vt 0.623278 0.788493
vt 0.992214 0.047223
vt 0.977991 0.023072
vt 0.990874 0.019500
vt 0.899781 0.213515
vt 0.889432 0.215096
vt 0.902779 0.195908
vt 0.668141 0.782884
vt 0.665898 0.749571
vt 0.663161 0.691803
vt 0.564332 0.213297
vt 0.532170 0.459074
vt 0.499886 0.678162
vt 0.556055 0.407273
vt 0.287644 0.499244
vt 0.284961 0.517839
vt 0.277851 0.518105
vt 0.624435 0.989736
vt 0.608370 0.978544
vt 0.624435 0.963854
vt 0.044565 0.205929
vt 0.152781 0.494990
vt 0.907941 0.679323
vt 0.616438 0.436473
vt 0.617826 0.422747
vt 0.442513 0.143110
vt 0.178124 0.239780
vt 0.150624 0.284274
vt 0.246292 0.815652
vt 0.271252 0.790295
vt 0.284239 0.799970
vt 0.449368 0.074173
vt 0.475576 0.038216
vt 0.586000 0.220312
vt 0.602319 0.248676
vt 0.203985 0.187991
vt 0.419017 0.805892
vt 0.456584 0.822663
vt 0.266118 0.993234
vt 0.910017 0.177537
vt 0.945772 0.416190
vt 0.960908 0.417139
vt 0.662440 0.707888
vt 0.667774 0.681185
vt 0.110878 0.373858
vt 0.266731 0.496859
vt 0.422840 0.481716
vt 0.431419 0.397841
vt 0.195953 0.851827
vt 0.417403 0.340761
vt 0.926745 0.676201
vt 0.938248 0.676610
vt 0.612030 0.406401
vt 0.422835 0.178583
vt 0.609255 0.353908
vt 0.240863 0.809990
vt 0.222616 0.814777
vt 0.226243 0.801794
vt 0.452506 0.139639
vt 0.470252 0.022565
vt 0.434355 0.799381
vt 0.041759 0.654633
vt 0.640267 0.850273
vt 0.267577 0.489087
vt 0.630563 0.773949
vt 0.985984 0.000000
vt 0.992214 0.012890
vt 0.578893 0.212122
vt 0.677749 0.864321
vt 0.674875 0.822383
vt 0.511621 0.706622
vt 0.850189 0.828719
vt 0.287644 0.563147
vt 0.272487 0.552482
vt 0.089828 0.949886
vt 0.082923 0.962850
vt 0.041858 0.288661
vt 0.280354 0.951617
vt 0.280354 0.938092
vt 0.285653 0.942158
vt 0.907631 0.882469
vt 0.906754 0.995180
vt 0.895621 0.971240
vt 0.906754 0.965554
vt 0.471417 0.995882
vt 0.478176 0.981305
vt 0.420262 0.283308
vt 0.209339 0.883829
vt 0.214547 0.901690
vt 0.596749 0.494439
vt 0.575755 0.620697
vt 0.836445 0.907161
vt 0.852544 0.907161
vt 0.851330 0.975967
vt 0.949356 0.959315
vt 0.000000 0.784753
vt 0.012510 0.808598
vt 0.940630 0.963646
vt 0.923768 0.984329
vt 0.923768 0.956477
vt 0.605908 0.230338
vt 0.887553 0.483892
vt 0.886912 0.500009
vt 0.882946 0.491178
vt 0.860506 0.499335
vt 0.858397 0.488356
vt 0.044493 0.668829
vt 0.270613 0.493954
vt 0.032780 0.946740
vt 0.036137 0.931132
vt 0.042030 0.963728
vt 0.488165 0.780281
vt 0.498666 0.752725
vt 0.568915 0.209781
vt 0.940021 0.338351
vt 0.937912 0.287338
vt 0.935212 0.255653
vt 0.949401 0.235277
vt 0.934588 0.238856
vt 0.277953 0.562213
vt 0.569017 0.372205
vt 0.045117 0.270593
vt 0.608370 0.942282
vt 0.633380 0.948134
vt 0.614429 0.963854
vt 0.623551 0.920333
vt 0.608370 0.901132
vt 0.410166 0.388210
vt 0.633857 0.890298
vt 0.643009 0.920755
vt 0.631254 0.920280
vt 0.058694 0.159196
vt 0.171004 0.486031
vt 0.414533 0.266175
vt 0.995619 0.808566
vt 0.990965 0.796736
vt 0.995619 0.788894
vt 0.933763 0.216110
vt 0.923928 0.183897
vt 0.933763 0.169948
vt 0.262013 0.387358
vt 0.836499 0.961738
vt 0.964910 0.732114
vt 0.964910 0.703932
vt 0.970890 0.712264
vt 0.877235 0.740849
vt 0.866894 0.736592
vt 0.888054 0.728589
vt 0.618569 0.403563
vt 0.325501 0.965268
vt 0.330556 0.979253
vt 0.325501 0.982821
vt 0.442226 0.171319
vt 0.447902 0.165561
vt 0.623261 0.396880
vt 0.216993 0.838256
vt 0.215286 0.824813
vt 0.272505 0.781052
vt 0.143112 0.823660
vt 0.902452 0.489626
vt 0.834897 0.381483
vt 0.396868 0.849689
vt 0.052405 0.661610
vt 0.789677 0.985496
vt 0.789834 0.968868
vt 0.798133 0.981471
vt 0.640267 0.755181
vt 0.825440 0.460777
vt 0.825440 0.429607
vt 0.829163 0.450909
vt 0.485831 0.828782
vt 0.897998 0.688793
vt 0.897221 0.705990
vt 0.941989 0.387524
vt 0.932879 0.300250
vt 0.672474 0.762533
vt 0.672557 0.725390
vt 0.675021 0.710301
vt 0.948442 0.220312
vt 0.261937 0.578453
vt 0.260248 0.543596
vt 0.261855 0.524669
vt 0.482239 0.850663
vt 0.474909 0.837888
vt 0.378115 0.706178
vt 0.380004 0.700627
vt 0.396868 0.718485
vt 0.642155 0.921384
vt 0.396868 0.616504
vt 0.387641 0.600181
vt 0.422323 0.369227
vt 0.024604 0.039648
vt 0.832864 0.044761
vt 0.981542 0.508041
vt 0.983510 0.498013
vt 0.988052 0.498451
vt 0.239582 0.439607
vt 0.969403 0.956186
vt 0.330928 0.968244
vt 0.329184 0.960842
vt 0.219682 0.783495
vt 0.624725 0.357012
vt 0.898654 0.509312
vt 0.853119 0.505757
vt 0.980332 0.526378
vt 0.397348 0.861529
vt 0.407599 0.816662
vt 0.229843 0.080178
vt 0.243021 0.074659
vt 0.493950 0.897944
vt 0.268921 0.016692
vt 0.027508 0.942577
vt 0.820227 0.219820
vt 0.820227 0.201417
vt 0.826409 0.215907
vt 0.833674 0.212882
vt 0.352707 0.657069
vt 0.371514 0.644184
vt 0.365282 0.672274
vt 0.916743 0.210750
vt 0.917407 0.187625
vt 0.934670 0.418273
vt 0.927807 0.363559
vt 0.681126 0.841291
vt 0.929299 0.325458
vt 0.932706 0.370292
vt 0.927807 0.287308
vt 0.539295 0.752725
vt 0.553306 0.750818
vt 0.535830 0.434856
vt 0.047159 0.301355
vt 0.051834 0.285143
vt 0.052901 0.268771
vt 0.134910 0.715007
vt 0.139713 0.696351
vt 0.142512 0.712511
vt 0.436786 0.461578
vt 0.134071 0.695704
vt 0.130121 0.693730
vt 0.626153 0.892709
vt 0.804523 0.204508
vt 0.791744 0.219820
vt 0.791744 0.198789
vt 0.882696 0.765688
vt 0.414483 0.302599
vt 0.845943 0.769639
vt 0.595094 0.685851
vt 0.617515 0.667473
vt 0.620856 0.694816
vt 0.860200 0.759300
vt 0.614166 0.653232
vt 0.993279 0.504429
vt 0.960025 0.977621
vt 0.853047 0.176739
vt 0.843055 0.172732
vt 0.845629 0.148574
vt 0.193076 0.239533
vt 0.911540 0.507086
vt 0.804523 0.219820
vt 0.804523 0.204029
vt 0.820227 0.215601
vt 0.990547 0.740849
vt 0.996004 0.715256
vt 0.999978 0.740849
vt 0.258268 0.514045
vt 0.259767 0.494990
vt 0.259767 0.533506
vt 0.202141 0.197546
vt 0.213355 0.191756
vt 0.401623 0.826587
vt 0.418350 0.783166
vt 0.483834 0.877289
vt 0.024113 0.928641
vt 0.350495 0.684802
vt 0.369269 0.695857
vt 0.922648 0.692144
vt 0.544156 0.486721
vt 0.559550 0.438963
vt 0.611350 0.852329
vt 0.058133 0.130765
vt 0.626983 0.738680
vt 0.587608 0.700617
vt 0.629634 0.722222
vt 0.881901 0.782248
vt 0.058367 0.089222
vt 0.817118 0.776039
vt 0.829932 0.084481
vt 0.615833 0.496658
vt 0.025501 0.817679
vt 0.029139 0.832994
vt 0.910351 0.498303
vt 0.212723 0.176575
vt 0.185423 0.931024
vt 0.194580 0.892304
vt 0.195953 0.918903
vt 0.850718 0.901892
vt 0.845943 0.905088
vt 0.799449 0.952253
vt 0.031168 0.909771
vt 0.982225 0.129632
vt 0.977991 0.124346
vt 0.985534 0.105415
vt 0.359857 0.642161
vt 0.483834 0.799128
vt 0.344114 0.612474
vt 0.359871 0.608231
vt 0.361798 0.621038
vt 0.342771 0.600181
vt 0.208271 0.983297
vt 0.208271 0.962058
vt 0.214907 0.971784
vt 0.682519 0.700791
vt 0.495091 0.654228
vt 0.638707 0.210826
vt 0.615834 0.215500
vt 0.631195 0.190918
vt 0.762676 0.769197
vt 0.771744 0.739810
vt 0.778396 0.772986
vt 0.142512 0.677665
vt 0.900922 0.787801
vt 0.046293 0.045707
vt 0.415042 0.220312
vt 0.421441 0.149749
vt 0.837516 0.180397
vt 0.437530 0.765846
vt 0.406740 0.943323
vt 0.408877 0.947969
vt 0.397140 0.946687
vt 0.063137 0.646068
vt 0.073657 0.642782
vt 0.263316 0.033368
vt 0.992931 0.128886
vt 0.349997 0.627073
vt 0.688254 0.705462
vt 0.289909 0.518005
vt 0.287685 0.513457
vt 0.483400 0.867388
vt 0.631488 0.860183
vt 0.640267 0.744144
vt 0.611588 0.735510
vt 0.815964 0.077830
vt 0.823558 0.802817
vt 0.643760 0.809603
vt 0.640985 0.797186
vt 0.219582 0.452216
vt 0.047391 0.852571
vt 0.036338 0.843085
vt 0.438641 0.142666
vt 0.228211 0.770855
vt 0.242358 0.736032
vt 0.239548 0.780308
vt 0.176122 0.248615
vt 0.907631 0.974235
vt 0.922900 0.956477
vt 0.922900 0.988770
vt 0.988761 0.509312
vt 0.165384 0.954662
vt 0.157279 0.937683
vt 0.178486 0.955303
vt 0.228546 0.177895
vt 0.238159 0.127524
vt 0.253225 0.100285
vt 0.362970 0.749829
vt 0.363958 0.725678
vt 0.371514 0.745616
vt 0.991231 0.135245
vt 0.022157 0.921771
vt 0.022740 0.908970
vt 0.844320 0.975967
vt 0.841449 0.980174
vt 0.836445 0.977420
vt 0.160645 0.987799
vt 0.155011 0.955634
vt 0.160645 0.967498
vt 0.989216 0.094069
vt 0.992931 0.092951
vt 0.071595 0.287558
vt 0.417446 0.437821
vt 0.432558 0.461337
vt 0.482634 0.995363
vt 0.478176 0.982048
vt 0.482634 0.975966
vt 0.842778 0.808628
vt 0.572749 0.641345
vt 0.197991 0.458553
vt 0.215504 0.469994
vt 0.183000 0.484638
vt 0.611459 0.445864
vt 0.636197 0.429812
vt 0.630249 0.312426
vt 0.925908 0.501937
vt 0.456818 0.024884
vt 0.643859 0.518286
vt 0.668684 0.525603
vt 0.647348 0.554317
vt 0.461785 0.000000
vt 0.414382 0.944830
vt 0.396868 0.947774
vt 0.402686 0.918664
vt 0.926172 0.708955
vt 0.375344 0.754332
vt 0.375344 0.777919
vt 0.371546 0.765046
vt 0.859547 0.947479
vt 0.853119 0.933750
vt 0.869957 0.906413
vt 0.788208 0.750412
vt 0.787186 0.787694
vt 0.414710 0.481393
vt 0.765267 0.742342
vt 0.368367 0.945746
vt 0.362596 0.939696
vt 0.376998 0.917733
vt 0.643859 0.417282
vt 0.867173 0.193009
vt 0.862748 0.157871
vt 0.562350 0.937083
vt 0.558437 0.919881
vt 0.562350 0.897944
vt 0.459129 0.011535
vt 0.244107 0.159406
vt 0.176357 0.937450
vt 0.355649 0.749560
vt 0.789677 0.947961
vt 0.072178 0.630972
vt 0.154949 0.987916
vt 0.336385 0.645900
vt 0.056372 1.000000
vt 0.056372 0.975615
vt 0.068263 0.985788
vt 0.678592 0.684111
vt 0.090596 0.975615
vt 0.354188 0.929430
vt 0.362457 0.902768
vt 0.374584 0.899818
vt 0.371457 0.862013
vt 0.388491 0.881404
vt 0.837516 0.062707
vt 0.638707 0.200731
vt 0.664299 0.183141
vt 0.664299 0.209935
vt 0.580478 0.668508
vt 0.234759 0.732637
vt 0.631525 0.246525
vt 0.756165 0.787694
vt 0.788830 0.800292
vt 0.766567 0.804456
vt 0.173990 0.916553
vt 0.417658 0.948886
vt 0.357062 0.753817
vt 0.353874 0.725578
vt 0.284943 0.000000
vt 0.266294 0.986045
vt 0.266294 0.951697
vt 0.270347 0.971928
vt 0.146459 0.955303
vt 0.339110 0.624724
vt 0.923928 0.197564
vt 0.881463 0.696108
vt 0.892294 0.708194
vt 0.871999 0.139454
vt 0.871921 0.161251
vt 0.428309 0.126947
vt 0.222884 0.735545
vt 0.143112 0.918858
vt 0.442304 0.747400
vt 0.424855 0.747310
vt 0.439947 0.728129
vt 0.273389 0.045156
vt 0.396971 0.909472
vt 0.400646 0.898940
vt 0.339640 0.684417
vt 0.077893 0.632866
vt 0.022388 0.923066
vt 0.019223 0.923217
vt 0.019698 0.916806
vt 0.287685 0.545811
vt 0.289821 0.536074
vt 0.289821 0.551898
vt 0.017301 0.907699
vt 0.014163 0.887788
vt 0.272443 0.952257
vt 0.260187 0.533506
vt 0.260187 0.542644
vt 0.258268 0.536853
vt 0.326551 0.617305
vt 0.683992 0.666346
vt 0.407619 0.467288
vt 0.803926 0.748227
vt 0.799811 0.738582
vt 0.411494 0.242399
vt 0.197968 0.541763
vt 0.435418 0.115451
vt 0.243074 0.703674
vt 0.179262 0.983342
vt 0.164743 0.965507
vt 0.179262 0.955303
vt 0.246792 0.682446
vt 0.258685 0.689703
vt 0.183320 0.881812
vt 0.632970 0.988785
vt 0.627560 0.987690
vt 0.638074 0.984943
vt 0.294466 0.388112
vt 0.290359 0.386236
vt 0.294466 0.383676
vt 0.278234 0.588709
vt 0.270480 0.588709
vt 0.271641 0.578452
vt 0.643474 0.218320
vt 0.643474 0.209935
vt 0.648998 0.210934
vt 0.844320 0.991950
vt 0.143112 0.975518
vt 0.021346 0.888905
vt 0.697368 0.699700
vt 0.330184 0.933392
vt 0.324678 0.909058
vt 0.330184 0.902145
vt 0.760826 0.725809
vt 0.903073 0.744292
vt 0.386920 0.826455
vt 0.394628 0.844973
vt 0.202029 0.487377
vt 0.041420 0.886240
vt 0.626710 0.387657
vt 0.877873 0.184481
vt 0.225234 0.688365
vt 0.634443 0.268375
vt 0.639338 0.306556
vt 0.160644 0.985910
vt 0.696599 0.969252
vt 0.696599 0.992229
vt 0.691523 0.980272
vt 0.647832 0.510392
vt 0.689273 0.509312
vt 0.249090 0.139415
vt 0.640886 0.844077
vt 0.640886 0.837221
vt 0.643760 0.840395
vt 0.643482 0.828413
vt 0.347241 0.741152
vt 0.417842 0.922701
vt 0.073683 0.613691
vt 0.515797 0.212036
vt 0.515797 0.217734
vt 0.510954 0.213392
vt 0.015460 0.924735
vt 0.280720 0.985471
vt 0.269346 0.987374
vt 0.260248 0.593026
vt 0.260248 0.578453
vt 0.270480 0.591293
vt 0.329663 0.660305
vt 0.932654 0.717379
vt 0.528860 0.744679
vt 0.893624 0.907270
vt 0.892156 0.882469
vt 0.723964 0.488851
vt 0.753642 0.489217
vt 0.735822 0.505462
vt 0.779891 0.716439
vt 0.810116 0.116116
vt 0.844148 0.844288
vt 0.361417 0.812788
vt 0.390875 0.815734
vt 0.220716 0.480256
vt 0.196512 0.512469
vt 0.801925 0.916043
vt 0.823308 0.907161
vt 0.799811 0.944391
vt 0.237129 0.693710
vt 0.759214 0.825971
vt 0.696433 0.567832
vt 0.243688 0.652801
vt 0.258509 0.674694
vt 0.709300 0.554736
vt 0.332836 0.698892
vt 0.009316 0.940775
vt 0.011290 0.948340
vt 0.004982 0.957873
vt 0.012864 0.931440
vt 0.998574 0.174766
vt 0.989309 0.159022
vt 0.998574 0.145184
vt 0.889144 0.217586
vt 0.877261 0.193009
vt 0.889144 0.193760
vt 0.276171 0.995074
vt 0.274184 0.990953
vt 0.004561 0.916570
vt 1.000000 0.831941
vt 0.990429 0.836883
vt 0.990429 0.808958
vt 0.894422 0.732055
vt 0.893902 0.936702
vt 0.882100 0.958884
vt 0.566449 0.448193
vt 0.799811 0.739297
vt 0.795643 0.708950
vt 0.406121 0.421738
vt 0.885611 0.740849
vt 0.354188 0.802079
vt 0.855291 0.711696
vt 0.852374 0.118623
vt 0.783291 0.848887
vt 0.793355 0.825005
vt 0.256011 0.111736
vt 0.178436 0.849776
vt 0.195953 0.845758
vt 0.627560 0.963854
vt 0.337274 0.728925
vt 0.275445 0.072544
vt 0.324724 0.726340
vt 0.313634 0.706266
vt 0.310405 0.697900
vt 0.877983 0.205078
vt 0.293218 0.003531
vt 0.279659 0.971369
vt 0.864142 0.982837
vt 0.853119 0.964089
vt 0.886318 0.974609
vt 0.818154 0.113170
vt 0.813193 0.137044
vt 0.831003 0.094153
vt 0.836445 0.987939
vt 0.829085 0.980932
vt 0.834379 0.955909
vt 0.907631 0.775520
vt 0.799811 0.781084
vt 0.374447 0.799100
vt 0.143594 0.574739
vt 0.179687 0.569746
vt 0.056227 0.871786
vt 0.056372 0.887788
vt 0.992190 0.092951
vt 0.977991 0.092951
vt 0.982640 0.047223
vt 0.853119 0.695542
vt 0.857593 0.695297
vt 0.888009 0.667307
vt 0.407560 0.145237
vt 0.230118 0.667507
vt 0.235429 0.662923
vt 0.322208 0.785334
vt 0.304198 0.762962
vt 0.334721 0.757693
vt 0.346195 0.747523
vt 0.422792 0.947166
vt 0.433489 0.940578
vt 0.423819 0.951888
vt 0.643009 0.977578
vt 0.640267 0.729584
vt 0.643760 0.745399
vt 0.640267 0.756215
vt 0.422155 0.907193
vt 0.000000 0.947931
vt 0.972468 0.690748
vt 0.964910 0.679323
vt 0.286178 0.042687
vt 0.656863 0.219041
vt 0.653491 0.212296
vt 0.656863 0.209935
vt 0.756470 0.466084
vt 0.762462 0.487094
vt 0.756349 0.694503
vt 0.768455 0.681335
vt 0.828481 0.957068
vt 0.803326 0.960301
vt 0.569017 0.656461
vt 0.215451 0.494025
vt 0.385267 0.789574
vt 0.836445 0.914466
vt 0.423308 0.110883
vt 0.567878 0.551795
vt 0.564305 0.589628
vt 0.564305 0.541665
vt 0.257886 0.145823
vt 0.267109 0.126695
vt 0.311710 0.738124
vt 0.425882 0.727019
vt 0.073678 0.241625
vt 0.762105 0.470947
vt 0.759835 0.681321
vt 0.752958 0.672560
vt 0.537054 0.834550
vt 0.559218 0.849881
vt 0.537054 0.855292
vt 0.835085 0.928973
vt 0.406154 0.112438
vt 0.429007 0.097056
vt 0.747530 0.798351
vt 0.143461 0.898522
vt 0.432382 0.964640
vt 0.441338 0.966965
vt 0.445816 0.981090
vt 0.296246 0.717941
vt 0.417059 0.740631
vt 0.427930 0.918162
vt 0.295159 0.013870
vt 0.799329 0.815710
vt 0.793355 0.797755
vt 0.798462 0.787694
vt 0.794709 0.789110
vt 0.086036 0.266215
vt 0.724559 0.474950
vt 0.396868 0.442320
vt 0.402437 0.390727
vt 0.749736 0.634327
vt 0.830989 0.835950
vt 0.573807 0.671779
vt 0.878883 0.131538
vt 0.847092 0.102001
vt 0.858596 0.086961
vt 0.407806 0.753013
vt 0.000000 0.981235
vt 0.425777 0.712623
vt 0.063838 0.609139
vt 0.810003 0.849190
vt 0.762071 0.639918
vt 0.367935 0.789595
vt 0.762500 0.854757
vt 0.215286 0.657410
vt 0.301988 0.700135
vt 0.290060 0.685552
vt 0.410726 0.882457
vt 0.286122 0.062786
vt 0.793355 0.846180
vt 0.756983 0.441807
vt 0.790331 0.179278
vt 0.643672 0.701818
vt 0.643672 0.729584
vt 0.640267 0.709703
vt 0.829819 0.864056
vt 0.977991 0.080948
vt 0.949075 0.042703
vt 0.977991 0.043465
vt 0.179212 0.588888
vt 0.357142 0.785334
vt 0.697368 0.855041
vt 0.704694 0.825581
vt 0.715079 0.875666
vt 0.420100 0.080973
vt 0.780784 0.864810
vt 0.162395 0.847649
vt 0.063576 0.594298
vt 0.079474 0.211275
vt 0.097250 0.230864
vt 0.785679 0.672254
vt 0.750239 0.609680
vt 0.769051 0.609594
vt 0.747530 0.591860
vt 0.754510 0.584097
vt 0.146510 0.593129
vt 0.179545 0.604165
vt 0.426244 0.053384
vt 0.845295 0.057550
vt 0.651173 0.579968
vt 0.354188 0.982215
vt 0.344053 0.968466
vt 0.339916 0.937733
vt 0.714768 0.462592
vt 0.732046 0.444604
vt 0.958921 0.026626
vt 0.976257 0.020124
vt 0.172896 0.650601
vt 0.527492 0.924520
vt 0.531903 0.916886
vt 0.537825 0.926815
vt 0.522262 0.923796
vt 0.531696 0.897945
vt 0.198867 0.567897
vt 0.217174 0.530049
vt 0.207648 0.558002
vt 0.863447 0.054436
vt 0.879134 0.085787
vt 0.767634 0.882115
vt 0.912693 0.068816
vt 0.934308 0.057766
vt 0.930609 0.086986
vt 0.218514 0.960840
vt 0.232837 0.951697
vt 0.233458 0.965206
vt 0.215286 0.957438
vt 0.435237 0.911911
vt 0.785791 0.172546
vt 0.955053 0.072677
vt 0.976457 0.002288
vt 0.377839 0.714689
vt 0.371514 0.699724
vt 0.377839 0.666344
vt 0.732176 0.831728
vt 0.859018 0.659587
vt 0.932353 0.025980
vt 0.420387 0.040826
vt 0.912301 0.000000
vt 0.925902 0.001958
vt 0.331659 0.945868
vt 0.735681 0.426054
vt 0.785347 0.178744
vt 0.145074 0.619539
vt 0.280354 0.939700
vt 0.255375 0.876530
vt 0.266830 0.869655
vt 0.999178 0.740849
vt 0.999178 0.766831
vt 0.990965 0.743143
vt 0.289537 0.646673
vt 0.284066 0.613199
vt 0.288067 0.615205
vt 0.889432 0.105929
vt 0.191511 0.841903
vt 0.330991 0.920256
vt 0.406556 0.718695
vt 0.422759 0.868034
vt 0.430064 0.877872
vt 0.775514 0.198789
vt 0.768471 0.477408
vt 0.765528 0.439336
vt 0.784604 0.459085
vt 0.762462 0.405663
vt 0.790786 0.417025
vt 0.790896 0.544465
vt 0.549812 0.892019
vt 0.757338 0.550427
vt 0.770372 0.557285
vt 0.265230 0.652801
vt 0.767613 0.524704
vt 0.289537 0.593196
vt 0.720880 0.873576
vt 0.668215 0.603019
vt 0.648051 0.598520
vt 0.975404 0.624099
vt 0.978976 0.606433
vt 0.995375 0.605818
vt 0.430482 0.894580
vt 0.797799 0.943838
vt 0.799599 0.926503
vt 0.760332 0.393663
vt 0.762462 0.372002
vt 0.951217 0.000000
vt 0.534999 0.938706
vt 0.223191 0.529099
vt 0.766341 0.913300
vt 0.916850 0.092021
vt 0.852608 0.032472
vt 0.837516 0.047697
vt 0.848986 0.000000
vt 0.419615 0.022686
vt 0.435608 0.000289
vt 0.932654 0.679323
vt 0.947344 0.691576
vt 0.937605 0.715668
vt 0.341864 0.924198
vt 0.405670 0.701319
vt 0.998881 0.509312
vt 0.998881 0.537489
vt 0.988762 0.521575
vt 0.440678 0.896586
vt 0.714951 0.449081
vt 0.099820 0.241455
vt 0.777245 0.486936
vt 0.842381 0.893232
vt 0.827814 0.889172
vt 0.780440 0.628628
vt 0.283385 0.593377
vt 0.854079 0.648100
vt 0.927922 0.115480
vt 0.215286 0.989927
vt 0.422281 0.009624
vt 0.396868 0.699117
vt 0.339328 0.907741
vt 0.052780 0.586172
vt 0.096813 0.255067
vt 0.785358 0.194163
vt 0.216638 0.598321
vt 0.786423 0.518994
vt 0.899363 0.090703
vt 0.688021 0.598889
vt 0.964910 0.684524
vt 0.972559 0.865195
vt 0.993150 0.894105
vt 0.976814 0.888340
vt 0.975404 0.578814
vt 0.087458 0.173410
vt 0.104161 0.193804
vt 0.402238 0.073718
vt 0.879013 0.022293
vt 0.646599 0.612488
vt 0.907718 0.010456
vt 0.889432 0.019628
vt 0.354188 0.902145
vt 0.793674 0.944036
vt 0.711284 0.417013
vt 0.100859 0.130062
vt 0.101676 0.175035
vt 0.544881 0.966656
vt 0.536055 0.952621
vt 0.718856 0.799566
vt 0.703326 0.780455
vt 0.699329 0.832949
vt 0.708409 0.716158
vt 0.718730 0.754126
vt 0.851573 0.003247
vt 0.877508 0.001736
vt 0.396868 0.028093
vt 0.935240 0.118918
vt 0.934308 0.071271
vt 0.232698 0.874631
vt 0.263359 0.838787
vt 0.798527 0.509312
vt 0.747530 0.947961
vt 0.898802 0.135993
vt 0.972559 0.911547
vt 0.054417 0.578737
vt 0.442854 0.871833
vt 0.115594 0.227814
vt 0.736678 0.996084
vt 0.736678 0.963664
vt 0.747275 0.975926
vt 0.107327 0.229608
vt 0.784568 0.604447
vt 0.900959 0.169948
vt 0.894422 0.633757
vt 0.899944 0.104886
vt 0.227412 0.573522
vt 0.699724 0.746215
vt 0.699756 0.697272
vt 0.330928 0.933392
vt 0.330928 0.960842
vt 0.324677 0.946599
vt 0.060936 0.576773
vt 0.071383 0.583626
vt 0.775111 0.498200
vt 0.786786 0.487546
vt 0.779304 0.499187
vt 0.755992 0.356499
vt 0.715219 0.387797
vt 0.738000 0.345540
vt 0.238110 0.886093
vt 0.258268 0.634999
vt 0.990430 0.865195
vt 0.972559 0.840449
vt 0.990430 0.808957
vt 0.445816 0.885116
vt 0.243044 0.980609
vt 0.233458 0.958979
vt 0.251048 0.989814
vt 0.815791 0.899233
vt 0.227980 0.512286
vt 0.258268 0.522701
vt 0.876852 0.604080
vt 0.469892 0.891222
vt 0.445817 0.917068
vt 0.479439 0.868034
vt 0.290049 0.518005
vt 0.290049 0.536074
vt 0.287685 0.526326
vt 0.820793 0.907161
vt 0.797022 0.465206
vt 0.251288 0.918929
vt 0.799811 0.559349
vt 0.988297 0.949556
vt 0.997022 0.920433
vt 0.997022 0.951595
vt 0.743672 0.790140
vt 0.643859 0.652867
vt 0.964910 0.733244
vt 0.979466 0.912159
vt 0.480015 0.937224
vt 0.483807 0.949281
vt 0.480015 0.960338
vt 0.812396 0.434600
vt 0.793355 0.598994
vt 0.758809 0.325734
vt 0.727577 0.313605
vt 0.756293 0.282894
vt 0.722641 0.596345
vt 0.825440 0.405663
vt 0.088743 0.050628
vt 0.121054 0.104797
vt 0.103108 0.107623
vt 0.220829 0.624806
vt 0.522262 0.987310
vt 0.738921 0.774513
vt 0.473703 0.906171
vt 0.892748 0.589233
vt 0.963382 0.295819
vt 0.963382 0.220312
vt 0.986509 0.241286
vt 0.208271 0.997352
vt 0.195953 0.986999
vt 0.963345 0.145184
vt 0.118879 0.178850
vt 0.889432 0.158584
vt 0.726632 0.962755
vt 0.711149 0.940395
vt 0.735837 0.887939
vt 0.132901 0.196443
vt 0.990547 0.732645
vt 0.972559 0.706526
vt 0.990547 0.678504
vt 0.715769 0.368851
vt 0.940630 0.990345
vt 0.945725 0.994323
vt 0.853119 0.602319
vt 0.861846 0.595267
vt 0.697955 0.634656
vt 0.138326 0.152871
vt 0.231418 0.926174
vt 0.741746 0.259584
vt 0.245239 0.553355
vt 0.992749 0.954176
vt 0.450531 0.929493
vt 0.475954 0.937979
vt 0.716865 0.891515
vt 0.731018 0.875666
vt 0.708678 0.381408
vt 0.988654 0.740849
vt 0.259110 0.951697
vt 0.473334 0.975966
vt 0.472246 0.962274
vt 0.479439 0.973625
vt 0.675693 0.666346
vt 0.305262 0.948696
vt 0.295470 0.902145
vt 0.324678 0.941910
vt 0.717329 0.283890
vt 0.558437 0.971651
vt 0.686791 0.183141
vt 0.699419 0.210090
vt 0.686791 0.217934
vt 0.746328 0.747546
vt 0.290060 0.993638
vt 0.290060 0.936587
vt 0.736470 0.586721
vt 0.665064 0.183141
vt 0.686791 0.209894
vt 0.664299 0.209894
vt 0.207907 0.652801
vt 0.258268 0.570870
vt 0.692525 0.217618
vt 0.862551 0.556842
vt 0.721839 0.703246
vt 0.545333 0.997148
vt 0.230383 0.610565
vt 0.995923 0.295819
vt 0.995923 0.331153
vt 0.985979 0.316023
vt 0.240764 0.595666
vt 0.468752 0.971065
vt 0.466476 0.959422
vt 0.747529 0.571184
vt 0.249772 0.579291
vt 0.837516 0.193009
vt 0.859631 0.218383
vt 0.837516 0.220054
vt 0.487424 0.962962
vt 0.494556 0.955184
vt 0.522262 0.994980
vt 0.486740 0.919256
vt 0.522262 0.897944
vt 0.495655 0.919806
vt 0.990547 0.711390
vt 0.998262 0.689225
vt 0.247592 0.948399
vt 0.215286 0.900123
vt 0.452967 0.940987
vt 0.720578 0.666346
vt 0.289201 0.767807
vt 0.285850 0.755257
vt 0.289797 0.755029
vt 0.140716 0.123032
vt 0.128314 0.053510
vt 0.104309 0.067530
vt 0.081854 0.018199
vt 0.118374 0.024005
vt 0.112133 0.000000
vt 0.878914 0.533300
vt 0.697368 0.905472
vt 0.697368 0.687272
vt 0.717241 0.220312
vt 0.131589 0.564460
vt 0.129020 0.573352
vt 0.858854 0.558309
vt 0.735837 0.985960
vt 0.483834 0.939603
vt 0.284809 0.721523
vt 0.289763 0.732707
vt 0.734950 0.696477
vt 0.534534 0.198190
vt 0.514711 0.193456
vt 0.715168 0.353853
vt 0.140692 0.169218
vt 0.718657 0.338860
vt 0.723164 0.309585
vt 0.139889 0.098045
vt 0.981542 0.423147
vt 0.965620 0.498985
vt 0.965620 0.418273
vt 0.396199 0.985990
vt 0.381459 0.976413
vt 0.383229 0.970760
vt 0.720767 0.609454
vt 0.510954 0.180250
vt 0.732794 0.595135
vt 0.143112 0.126796
vt 0.476205 0.536830
vt 0.482817 0.502952
vt 0.377380 0.960225
vt 0.396199 0.945746
vt 0.519467 0.212036
vt 0.514937 0.197656
vt 0.388126 0.945888
vt 0.567870 0.539397
vt 0.564305 0.486721
vt 0.881958 0.509312
vt 0.895620 0.965554
vt 0.902923 0.914821
vt 0.907631 0.912732
vt 0.731024 0.598229
vt 0.895620 0.882469
vt 0.906679 0.894581
vt 0.742237 0.583571
vt 0.122293 0.017275
vt 0.643284 0.209935
vt 0.643474 0.220138
vt 0.638707 0.220138
vt 0.836938 0.201417
vt 0.836938 0.215733
vt 0.833674 0.207463
s 1
usemtl Material.002
f 1/1/1 2/2/2 3/3/3
f 1/1/1 4/4/4 2/2/2
f 2/2/2 5/5/5 6/6/6
f 4/4/4 5/5/5 2/2/2
f 4/4/4 7/7/7 5/5/5
f 8/8/8 9/9/9 10/10/10
f 11/11/11 12/12/12 1/1/1
f 10/10/10 13/13/13 14/14/14
f 10/10/10 9/9/9 15/15/15
f 16/16/16 12/17/12 17/18/17
f 17/19/17 12/12/12 11/11/11
f 1/1/1 3/3/3 11/11/11
f 7/20/7 18/21/18 5/22/5
f 14/14/14 13/13/13 19/23/19
f 16/24/16 17/19/17 20/25/20
f 19/26/19 21/27/21 14/28/14
f 9/9/9 22/29/22 23/30/23
f 20/25/20 17/19/17 11/11/11
f 4/31/4 24/32/24 7/20/7
f 7/20/7 24/32/24 18/21/18
f 13/13/13 10/10/10 15/15/15
f 8/33/8 25/34/25 9/35/9
f 6/6/6 26/36/26 2/2/2
f 27/37/27 28/38/28 29/39/29
f 5/5/5 28/38/28 27/37/27
f 19/40/19 30/41/30 21/42/21
f 19/43/19 31/44/31 30/45/30
f 9/9/9 32/46/32 33/47/33
f 9/35/9 25/34/25 22/48/22
f 16/16/16 34/49/34 12/17/12
f 1/50/1 12/17/12 4/31/4
f 3/3/3 2/2/2 26/36/26
f 4/31/4 35/51/35 24/32/24
f 5/5/5 36/52/36 6/6/6
f 5/5/5 18/53/18 28/38/28
f 19/43/19 13/54/13 31/44/31
f 23/30/23 32/46/32 9/9/9
f 22/48/22 37/55/37 23/56/23
f 12/17/12 34/49/34 4/31/4
f 5/5/5 27/37/27 36/52/36
f 21/27/21 38/57/38 14/28/14
f 13/54/13 15/58/15 39/59/39
f 9/9/9 33/47/33 15/15/15
f 8/33/8 40/60/40 25/34/25
f 37/55/37 41/61/41 23/56/23
f 11/62/11 3/63/3 42/64/42
f 6/6/6 43/65/43 26/36/26
f 44/66/44 28/67/28 18/68/18
f 23/30/23 41/69/41 45/70/45
f 36/71/36 27/72/27 29/73/29
f 46/74/46 10/75/10 14/28/14
f 39/59/39 15/58/15 47/76/47
f 46/74/46 8/33/8 10/75/10
f 28/67/28 48/77/48 29/78/29
f 13/54/13 39/59/39 31/44/31
f 26/79/26 49/80/49 3/63/3
f 4/31/4 34/49/34 35/51/35
f 29/81/29 50/82/50 36/83/36
f 44/66/44 51/84/51 28/67/28
f 30/41/30 52/85/52 21/42/21
f 52/86/52 38/57/38 21/27/21
f 33/87/33 32/88/32 53/89/53
f 32/46/32 23/30/23 54/90/54
f 22/48/22 25/34/25 37/55/37
f 55/91/55 49/80/49 26/79/26
f 6/92/6 36/93/36 56/94/56
f 18/21/18 24/32/24 57/95/57
f 46/74/46 58/96/58 8/33/8
f 20/97/20 34/98/34 16/99/16
f 43/100/43 55/91/55 26/79/26
f 59/101/59 50/102/50 29/103/29
f 48/77/48 28/67/28 51/84/51
f 52/104/52 30/45/30 31/44/31
f 15/58/15 33/87/33 47/76/47
f 23/30/23 45/70/45 54/90/54
f 60/105/60 61/106/61 62/107/62
f 20/108/20 11/62/11 42/64/42
f 6/6/6 56/109/56 43/65/43
f 14/28/14 38/57/38 46/74/46
f 8/33/8 58/96/58 40/60/40
f 54/110/54 63/111/63 32/88/32
f 45/70/45 64/112/64 54/90/54
f 62/113/62 65/114/65 60/115/60
f 62/113/62 66/116/66 65/114/65
f 42/64/42 3/63/3 49/80/49
f 67/117/67 35/51/35 34/49/34
f 59/118/59 29/119/29 68/120/68
f 39/59/39 47/76/47 69/121/69
f 40/60/40 70/122/70 25/34/25
f 71/123/71 64/112/64 45/70/45
f 70/122/70 37/55/37 25/34/25
f 72/124/72 45/125/45 41/126/41
f 73/127/73 61/106/61 60/105/60
f 66/128/66 62/129/62 61/130/61
f 31/44/31 39/59/39 69/121/69
f 60/131/60 65/132/65 74/133/74
f 20/97/20 67/134/67 34/98/34
f 67/135/67 20/108/20 42/64/42
f 68/120/68 29/119/29 75/136/75
f 38/57/38 76/137/76 46/74/46
f 47/76/47 33/87/33 53/89/53
f 77/138/77 45/125/45 72/124/72
f 37/55/37 70/122/70 78/139/78
f 61/130/61 79/140/79 66/128/66
f 80/141/80 59/118/59 81/142/81
f 80/143/80 50/102/50 59/101/59
f 43/100/43 56/144/56 82/145/82
f 29/78/29 48/77/48 75/146/75
f 69/121/69 52/104/52 31/44/31
f 53/89/53 83/147/83 47/76/47
f 32/148/32 63/149/63 53/150/53
f 84/151/84 71/152/71 45/153/45
f 45/154/45 77/155/77 84/156/84
f 78/139/78 41/61/41 37/55/37
f 60/131/60 74/133/74 73/157/73
f 42/64/42 49/80/49 67/135/67
f 59/118/59 68/120/68 81/142/81
f 38/158/38 52/159/52 76/160/76
f 64/161/64 85/162/85 54/110/54
f 64/163/64 71/164/71 85/165/85
f 66/116/66 86/166/86 65/114/65
f 55/91/55 43/100/43 82/145/82
f 80/143/80 87/167/87 50/102/50
f 24/32/24 35/51/35 57/95/57
f 18/21/18 57/95/57 44/168/44
f 63/111/63 54/110/54 85/162/85
f 67/135/67 49/80/49 88/169/88
f 87/167/87 89/170/89 50/102/50
f 50/102/50 89/170/89 36/171/36
f 73/157/73 74/133/74 90/172/90
f 61/173/61 90/174/90 79/175/79
f 73/176/73 90/177/90 61/178/61
f 66/116/66 91/179/91 86/166/86
f 92/180/92 93/181/93 66/128/66
f 67/117/67 94/182/94 35/51/35
f 80/141/80 81/142/81 95/183/95
f 82/145/82 96/184/96 55/91/55
f 55/91/55 96/184/96 49/80/49
f 97/185/97 81/142/81 68/120/68
f 98/186/98 35/51/35 94/182/94
f 99/187/99 57/95/57 35/51/35
f 53/89/53 63/111/63 100/188/100
f 101/189/101 77/138/77 72/124/72
f 66/116/66 93/190/93 91/179/91
f 89/170/89 56/191/56 36/171/36
f 44/66/44 102/192/102 51/84/51
f 76/160/76 52/159/52 69/193/69
f 76/160/76 69/193/69 46/194/46
f 103/195/103 85/165/85 71/164/71
f 104/196/104 77/138/77 101/189/101
f 65/132/65 86/197/86 105/198/105
f 106/199/106 80/143/80 95/200/95
f 81/142/81 97/185/97 95/183/95
f 68/120/68 75/136/75 97/185/97
f 51/84/51 107/201/107 108/202/108
f 51/84/51 108/202/108 48/77/48
f 46/74/46 109/203/109 58/96/58
f 58/96/58 109/203/109 40/60/40
f 110/204/110 71/205/71 84/156/84
f 110/204/110 84/156/84 111/206/111
f 77/155/77 111/206/111 84/156/84
f 63/111/63 85/162/85 100/188/100
f 41/126/41 112/207/112 72/124/72
f 86/166/86 91/179/91 113/208/113
f 56/144/56 114/209/114 82/145/82
f 35/51/35 98/186/98 99/187/99
f 48/77/48 115/210/115 75/146/75
f 108/202/108 115/210/115 48/77/48
f 69/121/69 116/211/116 46/212/46
f 83/147/83 69/121/69 47/76/47
f 40/60/40 109/203/109 117/213/117
f 110/214/110 118/215/118 71/164/71
f 103/195/103 119/216/119 85/165/85
f 79/140/79 92/180/92 66/128/66
f 120/217/120 121/218/121 122/219/122
f 49/80/49 96/184/96 123/220/123
f 102/192/102 107/201/107 51/84/51
f 53/89/53 100/188/100 83/147/83
f 118/215/118 103/195/103 71/164/71
f 41/126/41 78/221/78 112/207/112
f 91/222/91 93/223/93 124/224/124
f 95/200/95 125/225/125 106/199/106
f 49/80/49 123/220/123 88/169/88
f 82/145/82 126/226/126 96/184/96
f 89/227/89 127/228/127 56/229/56
f 56/230/56 127/231/127 114/232/114
f 128/233/128 129/234/129 110/204/110
f 110/204/110 130/235/130 128/233/128
f 111/206/111 77/155/77 104/236/104
f 112/207/112 101/189/101 72/124/72
f 113/208/113 91/179/91 124/237/124
f 131/238/131 124/239/124 93/240/93
f 120/217/120 122/219/122 132/241/132
f 133/242/133 121/243/121 120/244/120
f 122/245/122 121/246/121 134/247/134
f 123/248/123 67/249/67 88/250/88
f 106/199/106 135/251/135 80/143/80
f 87/167/87 80/143/80 135/251/135
f 136/252/136 126/226/126 82/145/82
f 82/145/82 114/209/114 137/253/137
f 108/254/108 127/228/127 115/255/115
f 138/256/138 107/257/107 102/258/102
f 69/121/69 83/147/83 139/259/139
f 129/260/129 118/215/118 110/214/110
f 133/242/133 140/261/140 121/243/121
f 121/246/121 140/262/140 134/247/134
f 123/248/123 94/263/94 67/249/67
f 135/251/135 89/170/89 87/167/87
f 136/252/136 82/145/82 141/264/141
f 142/265/142 97/266/97 75/146/75
f 142/265/142 75/146/75 115/210/115
f 114/209/114 108/267/108 137/253/137
f 114/268/114 127/228/127 108/254/108
f 102/269/102 44/168/44 57/95/57
f 116/270/116 109/271/109 46/272/46
f 119/273/119 100/188/100 85/162/85
f 65/132/65 105/198/105 74/133/74
f 113/208/113 124/237/124 143/274/143
f 125/275/125 95/183/95 144/276/144
f 95/183/95 97/185/97 145/277/145
f 108/267/108 107/278/107 137/253/137
f 83/147/83 146/279/146 139/259/139
f 100/188/100 146/279/146 83/147/83
f 110/204/110 111/206/111 130/235/130
f 78/221/78 147/280/147 112/207/112
f 124/237/124 148/281/148 143/274/143
f 132/282/132 149/283/149 120/284/120
f 122/245/122 134/247/134 132/285/132
f 95/183/95 145/277/145 144/276/144
f 96/184/96 126/226/126 136/252/136
f 115/210/115 150/286/150 142/265/142
f 137/287/137 107/288/107 151/289/151
f 116/211/116 69/121/69 152/290/152
f 152/291/152 109/271/109 116/270/116
f 139/259/139 152/290/152 69/121/69
f 100/292/100 119/293/119 153/294/153
f 78/139/78 70/122/70 154/295/154
f 78/221/78 154/296/154 155/297/155
f 78/221/78 155/297/155 147/280/147
f 156/298/156 143/274/143 148/281/148
f 124/299/124 131/300/131 148/301/148
f 157/302/157 120/303/120 149/304/149
f 96/184/96 136/252/136 123/220/123
f 89/227/89 135/305/135 150/306/150
f 89/227/89 150/306/150 127/228/127
f 115/255/115 127/228/127 150/306/150
f 82/145/82 137/253/137 141/264/141
f 129/260/129 158/307/158 118/215/118
f 128/233/128 130/235/130 159/308/159
f 111/206/111 104/236/104 160/309/160
f 161/310/161 154/295/154 70/122/70
f 113/208/113 143/274/143 162/311/162
f 163/312/163 143/313/143 156/314/156
f 120/315/120 157/316/157 133/317/133
f 97/266/97 164/318/164 145/319/145
f 97/266/97 142/265/142 164/318/164
f 57/95/57 165/320/165 102/269/102
f 146/279/146 100/188/100 166/321/166
f 112/207/112 167/322/167 101/189/101
f 105/198/105 86/197/86 162/323/162
f 79/140/79 168/324/168 92/180/92
f 169/325/169 163/326/163 156/327/156
f 132/328/132 134/329/134 170/330/170
f 171/331/171 134/247/134 140/262/140
f 133/332/133 172/333/172 140/334/140
f 123/248/123 173/335/173 94/263/94
f 152/290/152 139/259/139 174/336/174
f 139/259/139 146/279/146 175/337/175
f 130/338/130 111/339/111 160/340/160
f 103/195/103 176/341/176 119/216/119
f 100/188/100 153/342/153 166/321/166
f 119/216/119 176/341/176 147/343/147
f 119/344/119 147/345/147 153/346/153
f 101/189/101 167/322/167 104/196/104
f 147/280/147 155/297/155 177/347/177
f 90/172/90 74/133/74 79/348/79
f 105/198/105 162/323/162 178/349/178
f 169/325/169 156/327/156 179/350/179
f 113/208/113 162/311/162 86/166/86
f 148/301/148 180/351/180 156/352/156
f 92/180/92 181/353/181 93/181/93
f 125/275/125 144/276/144 182/354/182
f 123/220/123 136/252/136 183/355/183
f 94/182/94 173/356/173 98/186/98
f 98/186/98 173/356/173 184/357/184
f 98/186/98 184/357/184 99/187/99
f 185/358/185 151/359/151 138/360/138
f 151/361/151 107/362/107 138/363/138
f 152/291/152 174/364/174 109/271/109
f 147/365/147 167/366/167 112/367/112
f 153/346/153 147/345/147 177/368/177
f 143/274/143 163/369/163 162/311/162
f 156/352/156 180/351/180 179/370/179
f 131/300/131 186/371/186 148/301/148
f 173/335/173 123/248/123 183/372/183
f 185/373/185 187/374/187 188/375/188
f 137/376/137 151/377/151 188/378/188
f 151/379/151 185/373/185 188/375/188
f 141/264/141 183/355/183 136/252/136
f 185/358/185 138/360/138 189/380/189
f 57/95/57 99/187/99 165/320/165
f 129/234/129 128/233/128 159/308/159
f 109/203/109 174/381/174 117/213/117
f 174/336/174 139/259/139 175/337/175
f 176/382/176 167/366/167 147/365/147
f 155/297/155 154/296/154 177/347/177
f 190/383/190 169/325/169 191/384/191
f 105/198/105 192/385/192 74/133/74
f 182/386/182 193/387/193 125/225/125
f 142/265/142 150/286/150 194/388/194
f 173/335/173 183/372/183 184/389/184
f 103/195/103 195/390/195 176/341/176
f 40/60/40 117/213/117 70/122/70
f 169/325/169 196/391/196 191/384/191
f 74/133/74 192/385/192 79/348/79
f 93/181/93 181/353/181 131/392/131
f 133/317/133 197/393/197 172/394/172
f 158/307/158 129/260/129 198/395/198
f 195/396/195 103/397/103 118/398/118
f 175/337/175 146/279/146 199/399/199
f 200/400/200 176/382/176 195/396/195
f 176/382/176 200/400/200 167/366/167
f 117/213/117 201/401/201 70/122/70
f 169/325/169 179/350/179 196/391/196
f 105/198/105 178/349/178 192/385/192
f 193/387/193 106/199/106 125/225/125
f 135/251/135 106/199/106 193/387/193
f 189/402/189 138/403/138 202/404/202
f 129/234/129 159/308/159 198/405/198
f 117/213/117 174/381/174 203/406/203
f 153/407/153 177/408/177 204/409/204
f 205/410/205 131/300/131 181/411/181
f 132/328/132 170/330/170 149/412/149
f 172/413/172 206/414/206 140/415/140
f 187/416/187 185/358/185 189/380/189
f 130/338/130 207/417/207 159/418/159
f 175/337/175 199/399/199 174/336/174
f 203/406/203 199/419/199 117/213/117
f 153/342/153 208/420/208 166/321/166
f 153/421/153 204/422/204 208/423/208
f 191/424/191 209/425/209 190/426/190
f 162/427/162 163/428/163 210/429/210
f 131/300/131 205/410/205 186/371/186
f 197/393/197 211/430/211 172/394/172
f 170/431/170 134/247/134 212/432/212
f 172/413/172 213/433/213 206/414/206
f 140/262/140 206/434/206 171/331/171
f 182/354/182 144/276/144 214/435/214
f 144/276/144 145/277/145 215/436/215
f 187/416/187 189/380/189 216/437/216
f 102/438/102 165/439/165 217/440/217
f 102/438/102 217/440/217 138/403/138
f 174/441/174 199/442/199 203/443/203
f 166/321/166 208/420/208 218/444/218
f 70/122/70 201/401/201 161/310/161
f 161/445/161 201/446/201 154/447/154
f 204/409/204 177/408/177 219/448/219
f 220/449/220 221/450/221 191/451/191
f 162/323/162 210/452/210 178/349/178
f 181/353/181 92/180/92 222/453/222
f 157/316/157 197/393/197 133/317/133
f 134/247/134 171/331/171 212/432/212
f 182/354/182 214/435/214 223/454/223
f 135/305/135 194/455/194 150/306/150
f 187/416/187 216/437/216 224/456/224
f 184/357/184 183/457/183 99/187/99
f 99/187/99 183/457/183 165/320/165
f 217/440/217 202/404/202 138/403/138
f 130/338/130 160/340/160 207/417/207
f 208/458/208 204/409/204 225/459/225
f 154/296/154 226/460/226 177/347/177
f 221/461/221 209/425/209 191/424/191
f 179/370/179 227/462/227 196/463/196
f 190/464/190 228/465/228 169/466/169
f 157/302/157 149/304/149 197/467/197
f 211/430/211 213/468/213 172/394/172
f 144/276/144 215/436/215 214/435/214
f 164/318/164 142/265/142 194/388/194
f 137/469/137 188/375/188 141/470/141
f 189/402/189 202/404/202 229/471/229
f 198/405/198 159/308/159 230/472/230
f 200/473/200 104/196/104 167/322/167
f 219/474/219 177/347/177 226/460/226
f 220/449/220 231/475/231 221/450/221
f 196/463/196 220/476/220 191/477/191
f 232/478/232 210/429/210 163/428/163
f 227/462/227 179/370/179 180/351/180
f 192/479/192 168/480/168 79/481/79
f 222/453/222 92/180/92 168/324/168
f 164/318/164 215/482/215 145/319/145
f 118/215/118 158/307/158 233/483/233
f 169/484/169 232/478/232 163/428/163
f 178/349/178 210/452/210 234/485/234
f 211/486/211 197/487/197 235/488/235
f 171/331/171 206/434/206 236/489/236
f 223/490/223 193/387/193 182/386/182
f 135/305/135 237/491/237 194/455/194
f 229/471/229 202/404/202 238/492/238
f 198/405/198 230/472/230 239/493/239
f 198/395/198 233/483/233 158/307/158
f 201/494/201 240/495/240 154/496/154
f 231/497/231 209/425/209 221/461/221
f 169/484/169 228/498/228 232/478/232
f 192/479/192 241/499/241 168/480/168
f 180/351/180 148/301/148 242/500/242
f 235/488/235 197/487/197 243/501/243
f 244/502/244 216/437/216 245/503/245
f 189/380/189 245/503/245 216/437/216
f 188/375/188 246/504/246 141/470/141
f 141/470/141 247/505/247 183/506/183
f 198/395/198 239/507/239 233/483/233
f 233/508/233 248/509/248 118/398/118
f 248/509/248 195/396/195 118/398/118
f 204/409/204 219/448/219 249/510/249
f 146/279/146 166/321/166 199/399/199
f 117/511/117 199/512/199 201/513/201
f 190/426/190 209/425/209 228/498/228
f 227/462/227 250/514/250 196/463/196
f 180/351/180 250/514/250 227/462/227
f 180/515/180 242/516/242 250/517/250
f 251/518/251 252/519/252 253/520/253
f 254/521/254 255/522/255 252/523/252
f 194/388/194 237/524/237 164/318/164
f 104/196/104 200/473/200 160/340/160
f 249/510/249 219/448/219 256/525/256
f 219/448/219 257/526/257 256/525/256
f 178/349/178 241/527/241 192/385/192
f 222/453/222 168/324/168 241/528/241
f 148/301/148 186/371/186 242/500/242
f 258/529/258 211/486/211 235/488/235
f 213/433/213 259/530/259 206/414/206
f 236/531/236 212/532/212 171/533/171
f 236/489/236 206/434/206 259/534/259
f 251/518/251 253/520/253 260/535/260
f 253/520/253 252/519/252 261/536/261
f 254/537/254 252/538/252 251/539/251
f 223/454/223 214/435/214 262/540/262
f 244/502/244 224/456/224 216/437/216
f 187/374/187 263/541/263 188/375/188
f 247/505/247 141/470/141 246/504/246
f 230/542/230 159/418/159 264/543/264
f 207/417/207 160/340/160 265/544/265
f 265/544/265 160/340/160 200/473/200
f 266/545/266 204/409/204 249/510/249
f 267/546/267 166/547/166 218/548/218
f 267/549/267 199/399/199 166/321/166
f 268/550/268 226/460/226 154/296/154
f 269/551/269 231/475/231 270/552/270
f 269/553/269 209/425/209 231/497/231
f 271/554/271 209/425/209 272/555/272
f 271/554/271 228/498/228 209/425/209
f 241/527/241 178/349/178 234/485/234
f 273/556/273 258/529/258 235/488/235
f 274/557/274 275/558/275 260/535/260
f 275/558/275 251/518/251 260/535/260
f 260/535/260 253/520/253 276/559/276
f 253/520/253 261/536/261 276/559/276
f 237/524/237 215/482/215 164/318/164
f 189/402/189 229/471/229 245/560/245
f 247/561/247 165/562/165 183/563/183
f 195/396/195 265/564/265 200/400/200
f 266/545/266 225/459/225 204/409/204
f 277/565/277 278/566/278 279/567/279
f 225/568/225 218/548/218 208/569/208
f 154/296/154 240/570/240 268/550/268
f 231/475/231 280/571/280 270/552/270
f 220/449/220 280/571/280 231/475/231
f 271/554/271 281/572/281 228/498/228
f 281/572/281 232/478/232 228/498/228
f 222/573/222 205/410/205 181/411/181
f 282/574/282 258/529/258 273/556/273
f 258/575/258 283/576/283 211/577/211
f 197/487/197 284/578/284 243/501/243
f 212/532/212 236/531/236 285/579/285
f 170/431/170 212/432/212 286/580/286
f 193/581/193 237/491/237 135/305/135
f 187/374/187 224/582/224 287/583/287
f 165/439/165 288/584/288 217/440/217
f 159/418/159 207/417/207 264/543/264
f 248/509/248 265/564/265 195/396/195
f 249/510/249 289/585/289 266/545/266
f 290/586/290 279/567/279 291/587/291
f 225/568/225 266/588/266 292/589/292
f 199/512/199 267/590/267 201/513/201
f 219/474/219 268/550/268 257/591/257
f 219/474/219 226/460/226 268/550/268
f 269/553/269 272/555/272 209/425/209
f 280/571/280 220/449/220 293/592/293
f 272/593/272 294/594/294 271/595/271
f 210/429/210 232/478/232 234/596/234
f 282/574/282 274/557/274 283/597/283
f 282/598/282 283/576/283 258/575/258
f 274/557/274 260/535/260 283/597/283
f 283/576/283 295/599/295 211/577/211
f 211/430/211 295/600/295 213/468/213
f 260/535/260 295/601/295 283/597/283
f 260/535/260 276/559/276 295/601/295
f 261/602/261 296/603/296 276/604/276
f 275/605/275 297/606/297 251/539/251
f 297/606/297 254/537/254 251/539/251
f 252/607/252 255/608/255 261/609/261
f 214/435/214 298/610/298 262/540/262
f 244/502/244 245/503/245 299/611/299
f 288/584/288 238/492/238 202/404/202
f 217/440/217 288/584/288 202/404/202
f 290/612/290 277/613/277 279/614/279
f 300/615/300 277/616/277 290/617/290
f 278/566/278 291/587/291 279/567/279
f 291/618/291 301/619/301 302/620/302
f 303/621/303 304/622/304 196/463/196
f 303/621/303 196/463/196 305/623/305
f 305/624/305 196/625/196 306/626/306
f 242/500/242 186/371/186 307/627/307
f 284/578/284 197/487/197 149/628/149
f 286/580/286 212/432/212 285/629/285
f 308/630/308 276/631/276 296/632/296
f 309/633/309 223/490/223 262/634/262
f 310/635/310 214/636/214 311/637/311
f 214/435/214 215/436/215 311/638/311
f 237/491/237 193/581/193 312/639/312
f 239/493/239 230/472/230 313/640/313
f 314/641/314 256/642/256 257/591/257
f 277/565/277 315/643/315 278/566/278
f 316/644/316 301/645/301 291/646/291
f 317/647/317 272/555/272 269/553/269
f 270/552/270 280/571/280 318/648/318
f 319/649/319 320/650/320 272/593/272
f 320/650/320 294/594/294 272/593/272
f 293/651/293 220/476/220 196/463/196
f 321/652/321 271/554/271 294/653/294
f 303/621/303 305/623/305 306/654/306
f 196/463/196 250/514/250 306/654/306
f 234/596/234 322/655/322 241/656/241
f 273/556/273 235/488/235 323/657/323
f 295/658/295 259/659/259 213/660/213
f 149/412/149 170/330/170 324/661/324
f 297/662/297 255/663/255 254/664/254
f 325/665/325 309/633/309 262/634/262
f 214/435/214 310/666/310 298/610/298
f 326/667/326 244/502/244 327/668/327
f 327/668/327 244/502/244 299/611/299
f 263/541/263 246/504/246 188/375/188
f 328/669/328 329/670/329 330/671/330
f 329/672/329 331/673/331 332/674/332
f 333/675/333 334/676/334 335/677/335
f 335/677/335 334/676/334 336/678/336
f 337/679/337 207/417/207 265/544/265
f 249/510/249 256/525/256 314/680/314
f 292/589/292 338/681/338 225/568/225
f 291/618/291 302/620/302 339/682/339
f 278/566/278 316/683/316 291/587/291
f 240/570/240 340/684/340 268/550/268
f 277/685/277 341/686/341 315/687/315
f 342/688/342 343/689/343 301/619/301
f 342/688/342 344/690/344 343/689/343
f 345/691/345 344/690/344 342/688/342
f 270/692/270 317/647/317 269/553/269
f 304/622/304 293/651/293 196/463/196
f 321/652/321 281/572/281 271/554/271
f 346/693/346 274/557/274 282/574/282
f 186/371/186 205/410/205 307/627/307
f 235/488/235 243/501/243 323/657/323
f 346/694/346 275/605/275 274/695/274
f 149/412/149 324/661/324 284/696/284
f 236/697/236 259/698/259 347/699/347
f 275/605/275 348/700/348 297/606/297
f 261/609/261 349/701/349 296/702/296
f 262/540/262 298/610/298 325/703/325
f 309/633/309 193/387/193 223/490/223
f 311/704/311 215/482/215 350/705/350
f 326/667/326 224/456/224 244/502/244
f 238/492/238 351/706/351 229/471/229
f 332/707/332 330/671/330 329/670/329
f 352/708/352 333/709/333 353/710/353
f 233/483/233 239/507/239 354/711/354
f 355/712/355 230/542/230 264/543/264
f 356/713/356 314/641/314 257/591/257
f 357/714/357 341/686/341 277/685/277
f 302/620/302 301/619/301 343/689/343
f 318/648/318 280/571/280 293/592/293
f 358/715/358 232/478/232 281/572/281
f 359/716/359 322/655/322 234/596/234
f 360/717/360 275/605/275 346/694/346
f 276/631/276 308/630/308 295/718/295
f 324/719/324 170/431/170 286/580/286
f 349/720/349 361/721/361 296/722/296
f 261/609/261 255/608/255 362/723/362
f 362/724/362 255/663/255 297/662/297
f 215/482/215 237/524/237 350/705/350
f 326/725/326 327/726/327 363/727/363
f 326/728/326 287/583/287 224/582/224
f 364/729/364 329/670/329 328/669/328
f 364/729/364 331/730/331 329/670/329
f 365/731/365 332/674/332 331/673/331
f 333/732/333 366/733/366 334/734/334
f 239/493/239 313/640/313 367/735/367
f 313/640/313 230/472/230 355/736/355
f 368/737/368 289/585/289 249/510/249
f 369/738/369 370/739/370 289/740/289
f 266/588/266 289/740/289 370/739/370
f 290/741/290 291/742/291 339/743/339
f 300/744/300 357/714/357 277/685/277
f 201/513/201 267/590/267 371/745/371
f 301/645/301 316/644/316 342/746/342
f 372/747/372 343/689/343 344/690/344
f 270/748/270 318/749/318 317/750/317
f 321/652/321 294/653/294 320/751/320
f 321/652/321 320/751/320 319/752/319
f 303/621/303 373/753/373 304/622/304
f 321/652/321 374/754/374 281/572/281
f 303/621/303 306/654/306 375/755/375
f 250/514/250 242/500/242 375/755/375
f 232/478/232 359/716/359 234/596/234
f 376/756/376 346/693/346 282/574/282
f 259/757/259 377/758/377 347/759/347
f 347/699/347 378/760/378 236/697/236
f 295/658/295 377/761/377 259/659/259
f 295/762/295 308/763/308 377/764/377
f 308/763/308 296/765/296 379/766/379
f 361/767/361 379/766/379 296/765/296
f 361/767/361 380/768/380 379/766/379
f 349/701/349 261/609/261 362/723/362
f 381/769/381 382/770/382 383/771/383
f 381/769/381 384/772/384 382/770/382
f 312/639/312 193/581/193 309/773/309
f 237/491/237 312/639/312 350/774/350
f 327/668/327 299/611/299 385/775/385
f 287/583/287 386/776/386 187/374/187
f 245/560/245 351/706/351 387/777/387
f 229/471/229 351/706/351 245/560/245
f 364/778/364 388/779/388 331/780/331
f 246/781/246 288/782/288 247/561/247
f 247/561/247 288/782/288 165/562/165
f 389/783/389 352/784/352 390/785/390
f 352/786/352 353/787/353 390/788/390
f 353/710/353 333/709/333 391/789/391
f 392/790/392 366/733/366 333/732/333
f 393/791/393 239/507/239 367/792/367
f 394/793/394 334/734/334 366/733/366
f 395/794/395 336/795/336 394/796/394
f 248/797/248 233/483/233 354/711/354
f 368/737/368 369/798/369 289/585/289
f 396/799/396 339/743/339 302/800/302
f 371/745/371 240/801/240 201/513/201
f 396/799/396 302/800/302 343/802/343
f 315/687/315 341/686/341 397/803/397
f 315/643/315 316/683/316 278/566/278
f 398/804/398 318/805/318 293/651/293
f 399/806/399 319/649/319 272/593/272
f 293/651/293 304/622/304 373/753/373
f 374/807/374 358/808/358 281/809/281
f 250/514/250 375/755/375 306/654/306
f 273/556/273 400/810/400 282/574/282
f 273/556/273 401/811/401 400/810/400
f 401/811/401 273/556/273 323/657/323
f 322/812/322 205/813/205 222/814/222
f 402/815/402 243/816/243 284/696/284
f 378/760/378 347/699/347 403/817/403
f 403/817/403 347/699/347 377/818/377
f 402/815/402 284/696/284 324/661/324
f 378/760/378 285/819/285 236/697/236
f 308/763/308 379/766/379 377/764/377
f 349/720/349 404/820/404 361/721/361
f 361/821/361 404/822/404 405/823/405
f 383/771/383 382/770/382 406/824/406
f 382/770/382 384/772/384 407/825/407
f 381/826/381 408/827/408 384/828/384
f 384/772/384 409/829/409 410/830/410
f 409/829/409 411/831/411 410/830/410
f 410/830/410 411/831/411 412/832/412
f 411/831/411 413/833/413 414/834/414
f 413/833/413 325/703/325 414/834/414
f 413/833/413 415/835/415 325/703/325
f 415/835/415 309/836/309 325/703/325
f 310/635/310 311/637/311 416/837/416
f 350/838/350 417/839/417 311/840/311
f 418/841/418 311/840/311 417/839/417
f 387/842/387 299/611/299 245/503/245
f 330/671/330 419/843/419 420/844/420
f 389/783/389 390/785/390 419/845/419
f 330/671/330 421/846/421 419/843/419
f 421/847/421 389/848/389 419/849/419
f 422/850/422 423/851/423 332/674/332
f 352/852/352 392/790/392 333/732/333
f 333/853/333 335/854/335 391/855/391
f 393/791/393 354/711/354 239/507/239
f 394/793/394 336/856/336 334/734/334
f 355/712/355 264/543/264 424/857/424
f 264/543/264 207/417/207 425/858/425
f 248/509/248 337/859/337 265/564/265
f 426/860/426 290/861/290 427/862/427
f 426/863/426 300/864/300 290/865/290
f 371/866/371 267/546/267 218/548/218
f 340/684/340 356/713/356 268/550/268
f 428/867/428 372/747/372 344/690/344
f 428/867/428 344/690/344 429/868/429
f 344/869/344 345/870/345 429/871/429
f 321/652/321 319/752/319 374/754/374
f 400/810/400 376/756/376 282/574/282
f 241/872/241 322/812/322 222/814/222
f 430/873/430 323/874/323 243/816/243
f 346/694/346 431/875/431 360/717/360
f 275/605/275 360/717/360 348/700/348
f 361/876/361 432/877/432 433/878/433
f 361/821/361 405/823/405 432/879/432
f 434/880/434 405/823/405 404/822/404
f 383/881/383 406/882/406 435/883/435
f 406/824/406 382/770/382 407/825/407
f 383/884/383 408/827/408 381/826/381
f 407/825/407 384/772/384 410/830/410
f 411/831/411 414/834/414 412/832/412
f 325/703/325 436/885/436 414/834/414
f 311/840/311 418/841/418 416/886/416
f 437/887/437 386/776/386 287/583/287
f 364/729/364 418/841/418 417/839/417
f 364/729/364 328/669/328 418/841/418
f 330/671/330 420/844/420 328/669/328
f 438/888/438 238/492/238 288/584/288
f 332/674/332 365/731/365 422/850/422
f 330/671/330 332/707/332 421/846/421
f 390/785/390 353/889/353 439/890/439
f 440/891/440 441/892/441 422/850/422
f 389/848/389 442/893/442 352/852/352
f 335/854/335 443/894/443 391/855/391
f 313/640/313 444/895/444 367/735/367
f 264/543/264 425/858/425 424/857/424
f 337/679/337 425/858/425 207/417/207
f 266/588/266 370/739/370 292/589/292
f 426/863/426 357/896/357 300/864/300
f 268/550/268 356/713/356 257/591/257
f 397/803/397 445/897/445 315/687/315
f 373/753/373 303/621/303 446/898/446
f 447/899/447 400/900/400 401/901/401
f 375/755/375 242/500/242 448/902/448
f 307/627/307 449/903/449 242/500/242
f 307/627/307 450/904/450 449/903/449
f 205/410/205 450/904/450 307/627/307
f 362/723/362 451/905/451 452/906/452
f 362/723/362 452/906/452 349/701/349
f 453/907/453 409/908/409 384/828/384
f 413/909/413 409/908/409 453/907/453
f 409/829/409 413/833/413 411/831/411
f 413/909/413 454/910/454 415/911/415
f 325/703/325 298/610/298 436/885/436
f 299/611/299 387/842/387 385/775/385
f 455/912/455 364/913/364 417/914/417
f 187/374/187 386/776/386 263/541/263
f 456/915/456 438/888/438 288/584/288
f 423/851/423 457/916/457 332/674/332
f 332/707/332 458/917/458 421/846/421
f 422/918/422 441/919/441 423/920/423
f 423/920/423 441/919/441 367/735/367
f 389/848/389 458/921/458 442/893/442
f 355/712/355 424/857/424 459/922/459
f 371/866/371 225/568/225 338/681/338
f 371/866/371 218/548/218 225/568/225
f 371/745/371 460/923/460 240/801/240
f 445/897/445 461/924/461 315/687/315
f 461/924/461 462/925/462 315/687/315
f 462/926/462 316/683/316 315/643/315
f 318/749/318 398/927/398 317/750/317
f 317/647/317 463/928/463 272/555/272
f 463/929/463 399/806/399 272/593/272
f 429/868/429 464/930/464 428/867/428
f 358/931/358 465/932/465 466/933/466
f 467/934/467 232/478/232 358/715/358
f 242/500/242 449/903/449 448/902/448
f 467/934/467 359/716/359 232/478/232
f 377/764/377 468/935/468 403/936/403
f 402/937/402 286/938/286 285/939/285
f 402/937/402 324/940/324 286/938/286
f 377/764/377 379/766/379 468/935/468
f 379/766/379 469/941/469 468/935/468
f 380/768/380 470/942/470 379/766/379
f 471/943/471 349/701/349 452/906/452
f 471/944/471 404/820/404 349/720/349
f 361/767/361 433/945/433 380/768/380
f 432/879/432 405/823/405 472/946/472
f 405/823/405 473/947/473 472/946/472
f 474/948/474 405/949/405 434/950/434
f 474/948/474 475/951/475 405/949/405
f 408/827/408 476/952/476 384/828/384
f 476/952/476 453/907/453 384/828/384
f 412/832/412 477/953/477 410/830/410
f 414/834/414 477/953/477 412/832/412
f 453/907/453 454/910/454 413/909/413
f 454/910/454 309/954/309 415/911/415
f 388/779/388 364/778/364 455/955/455
f 478/956/478 351/706/351 479/957/479
f 418/841/418 328/669/328 420/844/420
f 479/957/479 351/706/351 238/492/238
f 332/674/332 457/916/457 458/921/458
f 393/958/393 367/735/367 441/919/441
f 335/854/335 336/959/336 443/894/443
f 368/737/368 249/510/249 480/960/480
f 424/961/424 427/962/427 481/963/481
f 426/964/426 427/965/427 424/966/424
f 249/510/249 314/680/314 482/967/482
f 314/641/314 483/968/483 482/969/482
f 290/741/290 481/970/481 427/971/427
f 290/741/290 339/743/339 481/970/481
f 240/570/240 460/972/460 340/684/340
f 343/802/343 372/973/372 396/799/396
f 316/644/316 484/974/484 342/746/342
f 293/651/293 373/753/373 485/975/485
f 373/753/373 446/898/446 485/975/485
f 243/816/243 402/815/402 430/873/430
f 378/976/378 403/936/403 468/935/468
f 348/700/348 486/977/486 297/606/297
f 297/662/297 451/978/451 362/724/362
f 433/945/433 432/979/432 380/768/380
f 487/980/487 404/820/404 471/944/471
f 487/980/487 434/950/434 404/820/404
f 434/950/434 488/981/488 474/948/474
f 489/982/489 473/947/473 405/823/405
f 475/983/475 489/982/489 405/823/405
f 406/882/406 490/984/490 435/883/435
f 383/884/383 491/985/491 408/827/408
f 407/825/407 410/830/410 492/986/492
f 298/610/298 310/666/310 493/987/493
f 312/988/312 494/989/494 350/990/350
f 418/841/418 495/991/495 416/886/416
f 496/992/496 385/993/385 387/777/387
f 496/992/496 387/777/387 351/706/351
f 440/891/440 365/731/365 331/673/331
f 420/994/420 419/845/419 390/785/390
f 365/731/365 440/891/440 422/850/422
f 423/851/423 497/995/497 457/916/457
f 421/847/421 458/921/458 389/848/389
f 391/855/391 498/996/498 353/889/353
f 499/997/499 392/790/392 352/852/352
f 441/892/441 354/998/354 393/999/393
f 355/736/355 500/1000/500 313/640/313
f 426/863/426 501/1001/501 357/896/357
f 481/970/481 339/743/339 396/799/396
f 397/803/397 502/1002/502 445/897/445
f 319/752/319 399/1003/399 374/754/374
f 398/804/398 293/651/293 485/975/485
f 485/975/485 446/898/446 503/1004/503
f 503/1005/503 446/1006/446 504/1007/504
f 505/1008/505 400/1009/400 447/1010/447
f 506/1011/506 447/1012/447 401/1013/401
f 506/1011/506 401/1013/401 507/1014/507
f 205/410/205 322/1015/322 450/904/450
f 508/1016/508 431/875/431 346/694/346
f 468/935/468 509/1017/509 378/976/378
f 378/760/378 509/1018/509 285/819/285
f 509/1019/509 402/1020/402 285/1021/285
f 379/766/379 470/942/470 469/941/469
f 471/943/471 452/906/452 451/905/451
f 486/1022/486 451/978/451 297/662/297
f 487/980/487 510/1023/510 434/950/434
f 435/883/435 511/1024/511 383/881/383
f 406/824/406 407/825/407 490/1025/490
f 436/885/436 298/610/298 493/987/493
f 494/1026/494 312/1027/312 309/1028/309
f 512/1029/512 513/1030/513 350/990/350
f 417/914/417 513/1030/513 455/912/455
f 367/735/367 444/895/444 423/920/423
f 441/892/441 440/891/440 354/998/354
f 444/895/444 313/640/313 500/1000/500
f 248/509/248 425/1031/425 337/859/337
f 425/858/425 514/1032/514 424/857/424
f 459/1033/459 424/961/424 481/963/481
f 515/1034/515 461/1035/461 445/1036/445
f 316/644/316 462/925/462 484/974/484
f 516/1037/516 463/1038/463 445/897/445
f 445/1036/445 463/1039/463 317/1040/317
f 515/1034/515 445/1036/445 317/1040/317
f 317/1040/317 398/1041/398 515/1034/515
f 485/975/485 503/1004/503 398/804/398
f 374/754/374 465/1042/465 358/715/358
f 303/621/303 375/755/375 517/1043/517
f 505/1044/505 506/1045/506 504/1046/504
f 503/1047/503 504/1046/504 506/1045/506
f 503/1048/503 506/1011/506 507/1014/507
f 466/1049/466 467/1050/467 358/1051/358
f 447/1010/447 506/1052/506 505/1008/505
f 401/1013/401 518/1053/518 507/1014/507
f 519/1054/519 348/700/348 360/717/360
f 471/1055/471 451/978/451 520/1056/520
f 380/768/380 432/979/432 470/942/470
f 407/1057/407 492/1058/492 521/1059/521
f 491/985/491 476/952/476 408/827/408
f 410/1060/410 477/1061/477 522/1062/522
f 414/834/414 436/885/436 477/953/477
f 523/1063/523 494/1026/494 309/1028/309
f 363/1064/363 327/1065/327 494/1066/494
f 494/989/494 512/1029/512 350/990/350
f 326/728/326 437/887/437 287/583/287
f 418/841/418 524/1067/524 495/991/495
f 496/992/496 351/706/351 478/956/478
f 525/1068/525 238/492/238 438/888/438
f 525/1068/525 438/888/438 456/915/456
f 263/1069/263 456/1070/456 246/781/246
f 456/1070/456 288/782/288 246/781/246
f 420/994/420 390/785/390 418/1071/418
f 423/920/423 444/895/444 497/1072/497
f 458/921/458 499/997/499 442/893/442
f 499/997/499 352/852/352 442/893/442
f 391/855/391 443/894/443 498/996/498
f 336/959/336 395/1073/395 526/1074/526
f 354/711/354 527/1075/527 248/797/248
f 394/1076/394 528/1077/528 395/1078/395
f 369/738/369 368/1079/368 370/739/370
f 424/966/424 514/1080/514 426/964/426
f 529/1081/529 357/896/357 501/1001/501
f 314/641/314 356/713/356 483/968/483
f 341/686/341 357/714/357 529/1082/529
f 530/1083/530 397/803/397 341/686/341
f 481/970/481 396/799/396 531/1084/531
f 502/1002/502 516/1037/516 445/897/445
f 484/974/484 532/1085/532 342/746/342
f 463/928/463 533/1086/533 399/1003/399
f 399/1003/399 533/1086/533 374/754/374
f 428/1087/428 464/1088/464 534/1089/534
f 503/1048/503 507/1014/507 398/1090/398
f 535/1091/535 465/1042/465 374/754/374
f 464/1092/464 536/1093/536 537/1094/537
f 359/1095/359 450/1096/450 322/1097/322
f 402/1020/402 509/1019/509 538/1098/538
f 539/1099/539 486/1022/486 348/1100/348
f 520/1056/520 451/978/451 486/1022/486
f 510/1023/510 488/981/488 434/950/434
f 474/948/474 540/1101/540 475/951/475
f 327/1065/327 512/1102/512 494/1066/494
f 363/1103/363 541/1104/541 326/728/326
f 327/1105/327 542/1106/542 512/1107/512
f 385/775/385 542/1108/542 327/668/327
f 479/957/479 238/492/238 525/1068/525
f 497/1109/497 444/1110/444 543/1111/543
f 439/890/439 353/889/353 498/996/498
f 392/1112/392 544/1113/544 545/1114/545
f 545/1115/545 366/733/366 392/790/392
f 336/959/336 526/1074/526 546/1116/546
f 547/1117/547 395/192/395 528/1118/528
f 527/1119/527 548/1120/548 248/509/248
f 248/509/248 514/1121/514 425/1031/425
f 368/737/368 480/960/480 549/1122/549
f 249/1123/249 482/969/482 480/1124/480
f 529/1082/529 530/1083/530 341/686/341
f 342/746/342 532/1085/532 345/870/345
f 505/1008/505 550/1125/550 400/1009/400
f 518/1126/518 401/1127/401 551/1128/551
f 448/1129/448 449/1130/449 466/1131/466
f 400/1009/400 550/1125/550 376/1132/376
f 323/874/323 551/1128/551 401/1127/401
f 449/903/449 450/904/450 359/1133/359
f 431/875/431 519/1054/519 360/717/360
f 469/941/469 552/1134/552 468/935/468
f 486/1022/486 539/1099/539 520/1056/520
f 471/944/471 520/1135/520 487/980/487
f 475/951/475 540/1101/540 489/1136/489
f 511/1137/511 491/985/491 383/884/383
f 476/952/476 553/1138/553 453/907/453
f 553/1138/553 454/910/454 453/907/453
f 454/910/454 523/1139/523 309/954/309
f 310/635/310 554/1140/554 493/1141/493
f 495/1142/495 524/1143/524 416/1144/416
f 385/993/385 496/992/496 542/1145/542
f 513/1030/513 417/914/417 350/990/350
f 388/1146/388 555/1147/555 331/673/331
f 390/785/390 556/1148/556 418/1071/418
f 457/916/457 557/1149/557 458/921/458
f 336/959/336 546/1116/546 443/894/443
f 558/1150/558 528/1077/528 394/1076/394
f 459/1151/459 559/1152/559 560/1153/560
f 481/970/481 559/1152/559 459/1151/459
f 338/681/338 292/589/292 561/1154/561
f 356/713/356 340/684/340 562/1155/562
f 462/925/462 532/1085/532 484/974/484
f 516/1037/516 533/1156/533 463/1038/463
f 345/870/345 532/1085/532 563/1157/563
f 563/1157/563 429/871/429 345/870/345
f 446/898/446 517/1043/517 504/1158/504
f 464/1159/464 429/871/429 536/1160/536
f 537/1094/537 536/1093/536 564/1161/564
f 303/621/303 517/1043/517 446/898/446
f 398/1162/398 507/1163/507 515/1164/515
f 507/1165/507 565/1166/565 515/1167/515
f 375/755/375 448/902/448 566/1168/566
f 323/874/323 430/873/430 551/1128/551
f 467/1169/467 449/1170/449 359/1171/359
f 509/1019/509 468/1172/468 538/1098/538
f 519/1173/519 539/1099/539 348/1100/348
f 491/1174/491 567/1175/567 476/1176/476
f 492/1058/492 410/1060/410 568/1177/568
f 454/910/454 553/1138/553 569/1178/569
f 436/1179/436 493/1180/493 570/1181/570
f 363/1064/363 494/1066/494 571/1182/571
f 572/1183/572 388/779/388 455/955/455
f 331/673/331 573/1184/573 440/891/440
f 557/1149/557 499/997/499 458/921/458
f 440/891/440 574/1185/574 354/998/354
f 499/997/499 544/1186/544 392/790/392
f 548/1120/548 514/1121/514 248/509/248
f 514/1080/514 501/1187/501 426/964/426
f 561/1154/561 292/589/292 370/739/370
f 575/1188/575 532/1085/532 462/925/462
f 533/1086/533 576/1189/576 374/754/374
f 535/1091/535 374/754/374 576/1189/576
f 566/1168/566 517/1043/517 375/755/375
f 565/1190/565 507/1191/507 518/1126/518
f 577/1192/577 376/1132/376 550/1125/550
f 538/1193/538 468/935/468 552/1134/552
f 469/941/469 578/1194/578 552/1134/552
f 578/1194/578 469/941/469 579/1195/579
f 580/1196/580 520/1135/520 539/1197/539
f 580/1196/580 487/980/487 520/1135/520
f 432/979/432 581/1198/581 470/942/470
f 582/1199/582 432/1200/432 472/1201/472
f 583/1202/583 473/1203/473 489/1204/489
f 490/1205/490 407/1057/407 521/1059/521
f 410/1060/410 522/1062/522 568/1177/568
f 477/1061/477 436/1179/436 570/1181/570
f 571/1206/571 454/1207/454 569/1208/569
f 554/1140/554 310/635/310 416/837/416
f 571/1209/571 541/1104/541 363/1103/363
f 416/1144/416 524/1143/524 584/1210/584
f 386/1211/386 456/1070/456 263/1069/263
f 585/1212/585 418/1071/418 556/1148/556
f 555/1147/555 573/1184/573 331/673/331
f 543/1111/543 444/1110/444 586/1213/586
f 549/1122/549 480/960/480 587/1214/587
f 482/969/482 588/1215/588 480/1124/480
f 481/970/481 531/1084/531 559/1152/559
f 502/1002/502 589/1216/589 516/1037/516
f 461/1217/461 515/1218/515 590/1219/590
f 372/973/372 428/1087/428 591/1220/591
f 535/1221/535 592/1222/592 465/1223/465
f 517/1224/517 593/1225/593 504/1046/504
f 504/1046/504 593/1225/593 505/1044/505
f 592/1222/592 466/1226/466 465/1223/465
f 592/1227/592 448/1228/448 466/1229/466
f 551/1128/551 430/873/430 594/1230/594
f 467/1231/467 466/1232/466 449/1233/449
f 430/873/430 402/815/402 595/1234/595
f 596/1235/596 519/1054/519 431/875/431
f 470/942/470 581/1198/581 597/1236/597
f 432/1237/432 582/1238/582 581/1239/581
f 474/948/474 598/1240/598 540/1101/540
f 583/1202/583 489/1204/489 540/1241/540
f 521/1059/521 492/1058/492 568/1177/568
f 476/1176/476 599/1242/599 553/1243/553
f 477/1061/477 570/1181/570 600/1244/600
f 524/1143/524 601/1245/601 602/1246/602
f 386/1211/386 525/1247/525 456/1070/456
f 388/779/388 572/1183/572 555/1248/555
f 497/1109/497 543/1111/543 603/1249/603
f 604/1250/604 574/1251/574 440/1252/440
f 444/1110/444 500/1253/500 586/1213/586
f 574/1254/574 527/1075/527 354/711/354
f 605/1255/605 395/1256/395 547/1257/547
f 606/1258/606 547/1117/547 528/1118/528
f 607/1259/607 558/1260/558 394/793/394
f 608/1261/608 480/1262/480 588/1263/588
f 609/1264/609 610/1265/610 560/1153/560
f 501/1187/501 514/1080/514 548/1266/548
f 609/1264/609 560/1153/560 559/1152/559
f 338/1267/338 460/923/460 371/745/371
f 611/1268/611 502/1269/502 397/1270/397
f 533/1271/533 516/1272/516 612/1273/612
f 613/1274/613 396/799/396 372/973/372
f 614/1275/614 515/1276/515 565/1190/565
f 592/1222/592 566/1277/566 448/1278/448
f 615/1279/615 565/1190/565 518/1126/518
f 508/1016/508 596/1235/596 431/875/431
f 578/1194/578 616/1280/616 552/1134/552
f 579/1195/579 469/941/469 617/1281/617
f 469/1282/469 470/1283/470 617/1284/617
f 580/1196/580 510/1023/510 487/980/487
f 618/1285/618 472/1286/472 473/1203/473
f 619/1287/619 473/1203/473 583/1202/583
f 567/1175/567 599/1242/599 476/1176/476
f 568/1177/568 522/1062/522 620/1288/620
f 477/1061/477 621/1289/621 522/1062/522
f 621/1289/621 477/1061/477 600/1244/600
f 570/1181/570 493/1180/493 622/1290/622
f 571/1291/571 494/1026/494 523/1063/523
f 554/1140/554 416/837/416 584/1292/584
f 524/1143/524 602/1246/602 584/1210/584
f 623/1293/623 437/887/437 326/728/326
f 624/1294/624 496/992/496 478/956/478
f 455/1295/455 513/1296/513 625/1297/625
f 524/1298/524 418/1299/418 585/1300/585
f 390/785/390 626/1301/626 556/1148/556
f 500/1302/500 355/712/355 459/922/459
f 587/1214/587 480/960/480 627/1303/627
f 559/1152/559 628/1304/628 609/1264/609
f 559/1152/559 629/1305/629 628/1304/628
f 589/1216/589 612/1306/612 516/1037/516
f 575/1188/575 462/925/462 461/924/461
f 515/1276/515 630/1307/630 631/1308/631
f 612/1309/612 576/1310/576 533/1311/533
f 532/1085/532 575/1188/575 632/1312/632
f 591/1220/591 428/1087/428 534/1089/534
f 563/1157/563 633/1313/633 429/871/429
f 464/1088/464 537/1314/537 634/1315/634
f 614/1275/614 565/1190/565 635/1316/635
f 518/1126/518 551/1128/551 615/1279/615
f 636/1317/636 346/1318/346 376/1132/376
f 402/1020/402 538/1098/538 595/1319/595
f 538/1193/538 552/1134/552 616/1280/616
f 578/1194/578 579/1195/579 616/1280/616
f 474/948/474 488/981/488 598/1240/598
f 540/1241/540 637/1320/637 583/1202/583
f 435/883/435 490/984/490 511/1024/511
f 638/1321/638 491/1174/491 511/1322/511
f 620/1288/620 522/1062/522 621/1289/621
f 639/1323/639 570/1181/570 622/1290/622
f 622/1290/622 493/1180/493 640/1324/640
f 454/910/454 571/1325/571 523/1139/523
f 541/1104/541 623/1293/623 326/728/326
f 625/1297/625 641/1326/641 455/1295/455
f 555/1147/555 642/1327/642 573/1184/573
f 439/890/439 626/1301/626 390/785/390
f 497/995/497 643/1328/643 457/916/457
f 643/1328/643 557/1149/557 457/916/457
f 604/1250/604 644/1329/644 574/1251/574
f 499/997/499 645/1330/645 544/1186/544
f 645/1330/645 545/1115/545 544/1186/544
f 480/960/480 548/1331/548 627/1303/627
f 480/960/480 646/1332/646 548/1331/548
f 559/1152/559 647/1333/647 629/1305/629
f 559/1152/559 531/1084/531 647/1333/647
f 397/803/397 530/1083/530 611/1334/611
f 396/799/396 648/1335/648 531/1084/531
f 515/1336/515 631/1337/631 590/1338/590
f 461/924/461 590/1339/590 575/1188/575
f 429/871/429 633/1313/633 649/1340/649
f 565/1190/565 615/1279/615 635/1316/635
f 577/1192/577 636/1317/636 376/1132/376
f 508/1341/508 346/1318/346 636/1317/636
f 650/1342/650 596/1235/596 508/1016/508
f 538/1193/538 616/1280/616 595/1343/595
f 519/1173/519 651/1344/651 539/1099/539
f 579/1195/579 652/1345/652 616/1280/616
f 597/1346/597 653/1347/653 470/1283/470
f 473/1203/473 619/1287/619 618/1285/618
f 490/984/490 654/1348/654 511/1024/511
f 490/1205/490 521/1059/521 654/1349/654
f 491/1174/491 638/1321/638 567/1175/567
f 521/1059/521 620/1288/620 655/1350/655
f 521/1059/521 568/1177/568 620/1288/620
f 656/1351/656 541/1104/541 571/1209/571
f 512/1107/512 542/1106/542 657/1352/657
f 513/1296/513 512/1353/512 658/1354/658
f 641/1355/641 659/1356/659 455/955/455
f 455/955/455 659/1356/659 572/1183/572
f 585/1212/585 660/1357/660 524/1143/524
f 661/1358/661 497/1359/497 603/1360/603
f 603/1249/603 543/1111/543 662/1361/662
f 574/1362/574 627/1363/627 527/1364/527
f 627/1365/627 548/660/548 527/1366/527
f 366/733/366 663/1367/663 394/793/394
f 663/1367/663 607/1259/607 394/793/394
f 480/1368/480 608/1369/608 646/376/646
f 664/1370/664 560/1153/560 610/1265/610
f 370/739/370 665/1371/665 561/1154/561
f 666/1372/666 501/1373/501 548/1374/548
f 501/1001/501 667/1375/667 529/1081/529
f 460/923/460 338/1267/338 340/1376/340
f 562/1377/562 340/1376/340 338/1267/338
f 502/1002/502 611/1334/611 589/1216/589
f 647/1378/647 531/1379/531 668/1380/668
f 372/973/372 591/1220/591 613/1274/613
f 537/1314/537 669/1381/669 634/1315/634
f 517/1382/517 670/1383/670 593/1384/593
f 429/871/429 649/1340/649 536/1160/536
f 593/1384/593 671/1385/671 505/1386/505
f 596/1235/596 672/1387/672 519/1054/519
f 672/1388/672 651/1344/651 519/1173/519
f 617/1389/617 652/1390/652 579/1391/579
f 673/1392/673 488/981/488 510/1023/510
f 598/1240/598 637/1393/637 540/1101/540
f 654/1348/654 638/1394/638 511/1024/511
f 674/1395/674 599/1242/599 567/1175/567
f 675/1396/675 553/1243/553 599/1242/599
f 675/1396/675 676/1397/676 553/1243/553
f 676/1397/676 569/1398/569 553/1243/553
f 676/1397/676 677/1399/677 569/1398/569
f 657/1400/657 658/1354/658 512/1353/512
f 658/1354/658 625/1297/625 513/1296/513
f 678/1401/678 478/956/478 479/957/479
f 601/1245/601 524/1143/524 660/1357/660
f 556/1148/556 679/1402/679 585/1212/585
f 556/1403/556 662/1404/662 679/1405/679
f 680/1406/680 556/1403/556 626/1407/626
f 573/1184/573 604/1408/604 440/891/440
f 643/1409/643 497/1410/497 661/1411/661
f 439/890/439 498/996/498 681/1412/681
f 500/1302/500 459/922/459 560/1413/560
f 663/1367/663 682/1414/682 607/1259/607
f 548/1415/548 646/1416/646 683/1417/683
f 683/1418/683 609/1419/609 666/1420/666
f 684/1421/684 482/969/482 483/968/483
f 683/1422/683 666/1372/666 548/1374/548
f 609/1423/609 628/1424/628 666/1425/666
f 356/713/356 562/1155/562 483/968/483
f 529/1426/529 667/1427/667 530/1428/530
f 629/1305/629 647/1333/647 685/1429/685
f 668/1430/668 685/1431/685 647/1432/647
f 611/1334/611 686/1433/686 589/1216/589
f 589/1216/589 686/1433/686 668/1434/668
f 531/1084/531 648/1335/648 668/1435/668
f 589/1436/589 668/1437/668 612/1309/612
f 631/1337/631 630/1438/630 668/1437/668
f 576/1189/576 687/1439/687 535/1091/535
f 515/1276/515 614/1275/614 630/1307/630
f 464/1088/464 634/1315/634 534/1089/534
f 688/1440/688 670/1383/670 517/1382/517
f 517/1043/517 566/1168/566 688/1441/688
f 593/1384/593 670/1383/670 671/1385/671
f 505/1008/505 689/1442/689 550/1125/550
f 596/1235/596 650/1342/650 690/1443/690
f 596/1444/596 690/1445/690 672/1446/672
f 652/1345/652 691/1447/691 616/1280/616
f 597/1448/597 581/1449/581 692/1450/692
f 580/1196/580 693/1451/693 510/1023/510
f 581/1452/581 582/1199/582 694/1453/694
f 488/981/488 673/1392/673 598/1240/598
f 638/1321/638 695/1454/695 567/1175/567
f 599/1242/599 696/1455/696 675/1396/675
f 620/1288/620 621/1289/621 696/1456/696
f 600/1244/600 676/1457/676 621/1289/621
f 677/1458/677 600/1244/600 639/1323/639
f 600/1244/600 570/1181/570 639/1323/639
f 569/1398/569 677/1399/677 571/1459/571
f 541/1104/541 656/1351/656 623/1293/623
f 584/1460/584 658/1354/658 657/1400/657
f 584/1460/584 602/1461/602 601/1462/601
f 601/1462/601 625/1297/625 658/1354/658
f 437/1463/437 479/1464/479 386/1211/386
f 601/1462/601 641/1326/641 625/1297/625
f 697/1465/697 662/1466/662 573/1467/573
f 603/1468/603 662/1404/662 661/1411/661
f 626/1301/626 439/890/439 681/1412/681
f 662/1466/662 604/1469/604 573/1467/573
f 662/1466/662 543/1470/543 604/1469/604
f 643/1328/643 698/1471/698 557/1149/557
f 545/1115/545 663/1367/663 366/733/366
f 395/1073/395 605/1472/605 526/1074/526
f 606/1258/606 528/1118/528 699/1473/699
f 664/1474/664 610/1475/610 683/1476/683
f 370/739/370 368/1079/368 665/1371/665
f 610/1475/610 609/283/609 683/1476/683
f 588/1215/588 482/969/482 700/1477/700
f 684/1421/684 483/968/483 562/1155/562
f 501/1001/501 666/1478/666 667/1375/667
f 668/1430/668 701/1479/701 685/1431/685
f 668/1430/668 686/1480/686 701/1479/701
f 631/1337/631 668/1437/668 702/1481/702
f 648/1335/648 702/1482/702 668/1435/668
f 702/1481/702 590/1338/590 631/1337/631
f 668/1437/668 576/1310/576 612/1309/612
f 668/1437/668 630/1438/630 576/1310/576
f 532/1085/532 632/1312/632 563/1157/563
f 688/1440/688 566/1277/566 592/1222/592
f 614/1483/614 635/1484/635 670/1383/670
f 670/1383/670 635/1484/635 671/1385/671
f 703/1485/703 537/1094/537 564/1161/564
f 671/1486/671 689/1442/689 505/1008/505
f 577/1192/577 704/1487/704 636/1317/636
f 594/1230/594 430/873/430 595/1234/595
f 595/1234/595 616/1488/616 705/1489/705
f 539/1197/539 651/1490/651 580/1196/580
f 616/1488/616 691/1491/691 705/1489/705
f 617/1389/617 653/1492/653 652/1390/652
f 617/1284/617 470/1283/470 653/1347/653
f 692/1493/692 581/1494/581 706/1495/706
f 581/1494/581 694/1496/694 706/1495/706
f 707/1497/707 510/1498/510 693/1499/693
f 708/1500/708 618/1285/618 619/1287/619
f 583/1202/583 709/1501/709 619/1287/619
f 638/1321/638 654/1502/654 695/1454/695
f 654/1502/654 521/1503/521 695/1454/695
f 695/1504/695 521/1059/521 655/1350/655
f 695/1454/695 674/1395/674 567/1175/567
f 620/1505/620 674/1395/674 655/1506/655
f 674/1395/674 696/1455/696 599/1242/599
f 674/1395/674 620/1505/620 696/1455/696
f 696/1455/696 621/1507/621 675/1396/675
f 600/1244/600 677/1458/677 676/1457/676
f 710/1508/710 571/1209/571 677/1509/677
f 584/1292/584 657/1510/657 554/1140/554
f 584/1460/584 601/1462/601 658/1354/658
f 479/1464/479 525/1247/525 386/1211/386
f 660/1357/660 641/1511/641 601/1245/601
f 641/1511/641 660/1357/660 711/1512/711
f 679/1402/679 711/1512/711 585/1212/585
f 711/1512/711 679/1402/679 712/1513/712
f 679/1514/679 713/1515/713 712/1516/712
f 642/1327/642 697/1517/697 573/1184/573
f 679/1514/679 697/1518/697 713/1515/713
f 679/1514/679 662/1519/662 697/1518/697
f 662/1404/662 680/1406/680 661/1411/661
f 662/1404/662 556/1403/556 680/1406/680
f 661/1411/661 680/1406/680 714/1520/714
f 661/1411/661 714/1520/714 643/1409/643
f 698/1471/698 499/997/499 557/1149/557
f 644/1521/644 604/1522/604 543/1523/543
f 586/1213/586 500/1253/500 715/1524/715
f 716/1525/716 663/1367/663 545/1115/545
f 605/1255/605 547/1257/547 606/1526/606
f 717/1527/717 587/1528/587 627/1529/627
f 715/1524/715 500/1253/500 560/1530/560
f 717/1527/717 549/1531/549 587/1528/587
f 664/1474/664 683/1476/683 646/1532/646
f 718/1533/718 667/1375/667 666/1478/666
f 685/1534/685 701/1535/701 719/1536/719
f 630/1307/630 614/1275/614 720/1537/720
f 688/1440/688 592/1222/592 535/1221/535
f 720/1538/720 670/1383/670 688/1440/688
f 614/1539/614 670/1540/670 720/1541/720
f 536/1542/536 721/1543/721 564/1544/564
f 703/1545/703 564/1546/564 722/1547/722
f 671/1548/671 635/1316/635 689/1549/689
f 635/1316/635 615/1279/615 689/1549/689
f 723/1550/723 577/1192/577 550/1125/550
f 724/1551/724 508/1341/508 636/1317/636
f 725/1552/725 580/1196/580 651/1490/651
f 597/1553/597 652/1390/652 653/1492/653
f 726/1554/726 693/1499/693 580/1555/580
f 582/1199/582 472/1201/472 618/1556/618
f 709/1501/709 583/1202/583 637/1320/637
f 695/1454/695 655/1506/655 674/1395/674
f 621/1507/621 676/1397/676 675/1396/675
f 640/1557/640 493/1141/493 554/1140/554
f 727/1558/727 496/992/496 624/1294/624
f 624/1294/624 478/956/478 678/1401/678
f 660/1357/660 585/1212/585 711/1512/711
f 680/1406/680 626/1407/626 714/1520/714
f 626/1407/626 681/1559/681 714/1520/714
f 681/1412/681 498/996/498 728/1560/728
f 644/1561/644 729/1562/729 574/1563/574
f 586/1213/586 730/1564/730 543/1111/543
f 443/894/443 546/1116/546 731/1565/731
f 606/1526/606 732/1566/732 605/1255/605
f 606/1258/606 699/1473/699 733/1567/733
f 734/1568/734 560/1153/560 664/1370/664
f 561/1569/561 684/1570/684 562/1377/562
f 561/1569/561 562/1377/562 338/1267/338
f 396/799/396 613/1274/613 648/1335/648
f 687/1571/687 688/1440/688 535/1221/535
f 689/1549/689 615/1279/615 735/1572/735
f 615/1279/615 551/1128/551 735/1572/735
f 577/1192/577 723/1550/723 704/1487/704
f 551/1128/551 594/1230/594 735/1572/735
f 704/1573/704 724/1574/724 636/1575/636
f 651/1576/651 672/1577/672 736/872/736
f 690/1445/690 737/1578/737 672/1446/672
f 597/1553/597 691/1579/691 652/1390/652
f 692/1580/692 706/1581/706 738/1582/738
f 707/1497/707 739/1583/739 510/1498/510
f 510/1023/510 739/1584/739 673/1392/673
f 740/1585/740 598/1586/598 673/1587/673
f 740/1585/740 637/1588/637 598/1586/598
f 639/1589/639 741/1590/741 677/1591/677
f 639/1323/639 622/1290/622 741/1592/741
f 623/1293/623 678/1593/678 437/887/437
f 572/1594/572 659/1595/659 555/1596/555
f 713/1597/713 742/1598/742 712/1599/712
f 697/1518/697 642/1600/642 713/1515/713
f 499/997/499 698/1471/698 645/1330/645
f 543/1111/543 730/1564/730 743/1601/743
f 498/996/498 443/894/443 731/1565/731
f 545/1115/545 645/1330/645 716/1525/716
f 546/1116/546 526/1074/526 744/1602/744
f 607/1259/607 745/1603/745 558/1260/558
f 611/1334/611 746/1604/746 686/1433/686
f 701/1535/701 686/1605/686 719/1536/719
f 633/1313/633 563/1157/563 649/1340/649
f 508/1341/508 724/1551/724 650/1606/650
f 736/1607/736 747/1608/747 651/1609/651
f 650/1342/650 748/1610/748 690/1443/690
f 690/1443/690 748/1610/748 749/1611/749
f 705/1489/705 691/1491/691 750/1612/750
f 751/1613/751 692/1580/692 738/1582/738
f 752/1614/752 673/1587/673 739/1583/739
f 673/1587/673 752/1614/752 740/1585/740
f 708/1500/708 619/1287/619 709/1501/709
f 710/1615/710 677/1458/677 741/1592/741
f 496/1164/496 657/1616/657 542/1617/542
f 437/1463/437 678/1618/678 479/1464/479
f 714/1520/714 698/1619/698 643/1409/643
f 644/1561/644 543/1620/543 743/1621/743
f 729/1562/729 627/1529/627 574/1563/574
f 730/1564/730 586/1213/586 715/1524/715
f 606/1258/606 733/1567/733 753/1622/753
f 754/1623/754 732/1566/732 606/1526/606
f 744/1602/744 526/1074/526 605/1472/605
f 664/1624/664 646/1625/646 608/1112/608
f 700/1477/700 755/1626/755 588/1215/588
f 700/1477/700 482/969/482 684/1421/684
f 665/1627/665 756/1628/756 561/1569/561
f 746/1604/746 719/1629/719 686/1433/686
f 702/1481/702 757/1630/757 590/1338/590
f 757/1630/757 632/1631/632 575/1632/575
f 720/1537/720 576/1633/576 630/1307/630
f 688/1440/688 687/1571/687 720/1538/720
f 669/1634/669 537/1635/537 722/1636/722
f 722/1637/722 537/1094/537 703/1485/703
f 689/1638/689 758/1639/758 550/1640/550
f 689/1549/689 735/1572/735 758/1641/758
f 759/1642/759 595/1234/595 760/1643/760
f 760/1643/760 595/1234/595 705/1489/705
f 747/1644/747 725/1645/725 651/1646/651
f 692/1580/692 751/1613/751 597/1647/597
f 691/1579/691 597/1553/597 751/1648/751
f 751/1648/751 761/1649/761 691/1579/691
f 694/1650/694 762/1651/762 706/1652/706
f 706/1653/706 763/1654/763 738/1655/738
f 738/1582/738 763/1656/763 764/1657/764
f 582/1199/582 618/1556/618 694/1453/694
f 554/1140/554 657/1510/657 727/1558/727
f 727/1558/727 657/1510/657 496/992/496
f 711/1512/711 765/1658/765 641/1511/641
f 642/1327/642 766/1659/766 713/1660/713
f 681/1559/681 698/1619/698 714/1520/714
f 681/1661/681 767/1662/767 698/1663/698
f 498/996/498 731/1565/731 728/1560/728
f 753/1664/753 754/1623/754 606/1526/606
f 549/1531/549 768/1665/768 368/1079/368
f 608/1666/608 769/1667/769 664/1668/664
f 756/1628/756 684/1570/684 561/1569/561
f 666/1669/666 628/1304/628 718/1670/718
f 648/1335/648 613/1274/613 770/1671/770
f 590/1338/590 757/1630/757 575/1632/575
f 576/1672/576 720/1538/720 687/1571/687
f 771/1673/771 649/1340/649 563/1157/563
f 564/1674/564 721/1675/721 722/1676/722
f 649/1340/649 772/1677/772 536/1160/536
f 747/1608/747 736/1607/736 773/1678/773
f 672/1679/672 737/1680/737 736/1607/736
f 694/1453/694 618/1556/618 708/1681/708
f 637/1682/637 774/1683/774 709/1684/709
f 710/1508/710 656/1351/656 571/1209/571
f 775/1685/775 727/1686/727 624/1687/624
f 712/1599/712 776/1688/776 711/1689/711
f 555/1147/555 777/1690/777 642/1327/642
f 712/1599/712 742/1598/742 776/1688/776
f 713/1597/713 766/1691/766 742/1598/742
f 698/1692/698 767/1693/767 645/1694/645
f 644/1561/644 743/1621/743 729/1562/729
f 546/1116/546 744/1602/744 731/1565/731
f 663/1367/663 716/1525/716 682/1414/682
f 607/1259/607 682/1414/682 745/1603/745
f 608/1666/608 588/1215/588 769/1667/769
f 588/1215/588 755/1626/755 769/1667/769
f 628/1304/628 778/1695/778 718/1670/718
f 628/1304/628 629/1305/629 778/1695/778
f 629/1696/629 685/1534/685 779/1697/779
f 685/1534/685 719/1536/719 779/1697/779
f 648/1335/648 770/1671/770 702/1482/702
f 534/1698/534 634/1699/634 669/1700/669
f 771/1673/771 563/1157/563 632/1312/632
f 771/1673/771 780/1701/780 649/1340/649
f 758/1641/758 735/1572/735 781/1702/781
f 550/1640/550 758/1639/758 723/1703/723
f 782/1704/782 725/1645/725 747/1644/747
f 737/1578/737 690/1445/690 749/1705/749
f 783/1706/783 749/1611/749 748/1610/748
f 707/1497/707 693/1499/693 726/1554/726
f 751/1613/751 738/1582/738 764/1657/764
f 762/1707/762 763/1654/763 706/1653/706
f 784/1708/784 739/1583/739 707/1497/707
f 774/1709/774 637/1710/637 740/1711/740
f 785/1712/785 622/1290/622 640/1324/640
f 659/1356/659 641/1355/641 765/1713/765
f 681/1714/681 728/1715/728 767/1693/767
f 786/1716/786 728/1715/728 731/1717/731
f 786/1716/786 716/1718/716 645/1694/645
f 717/1527/717 627/1529/627 729/1562/729
f 733/1567/733 699/1473/699 787/1719/787
f 560/1720/560 734/1721/734 715/1722/715
f 788/1723/788 549/1531/549 717/1527/717
f 768/1665/768 665/1371/665 368/1079/368
f 757/1630/757 789/1724/789 632/1631/632
f 534/1089/534 790/1725/790 591/1220/591
f 669/1726/669 722/1727/722 791/1728/791
f 649/1340/649 780/1701/780 772/1677/772
f 735/1572/735 594/1230/594 781/1702/781
f 704/1573/704 792/1729/792 724/1574/724
f 747/1608/747 773/1678/773 793/1730/793
f 747/1644/747 793/1731/793 782/1704/782
f 773/1678/773 736/1607/736 737/1680/737
f 794/1732/794 580/1555/580 725/1645/725
f 750/1612/750 691/1491/691 795/1733/795
f 751/1734/751 764/1735/764 796/1736/796
f 762/1707/762 797/1737/797 763/1654/763
f 752/1614/752 798/1738/798 740/1585/740
f 708/1500/708 709/1501/709 774/1739/774
f 741/1592/741 622/1290/622 785/1712/785
f 659/1595/659 777/819/777 555/1596/555
f 767/1693/767 728/1715/728 645/1694/645
f 728/1715/728 786/1716/786 645/1694/645
f 730/1564/730 715/1524/715 743/1601/743
f 788/1723/788 768/1665/768 549/1531/549
f 667/1427/667 799/1740/799 530/1428/530
f 530/1428/530 799/1740/799 611/1741/611
f 779/1697/779 800/1742/800 801/1743/801
f 779/1697/779 719/1536/719 800/1742/800
f 719/1629/719 746/1604/746 802/1744/802
f 702/1481/702 770/1745/770 757/1630/757
f 534/1089/534 669/1381/669 790/1725/790
f 758/1639/758 781/1746/781 723/1703/723
f 594/1230/594 595/1234/595 759/1642/759
f 748/1747/748 650/1606/650 803/1748/803
f 748/1747/748 803/1748/803 783/1749/783
f 705/1489/705 750/1612/750 804/1750/804
f 749/1751/749 805/1752/805 737/1680/737
f 794/1732/794 806/1753/806 580/1555/580
f 805/1754/805 749/1611/749 783/1706/783
f 580/1555/580 806/1753/806 726/1554/726
f 807/1755/807 808/1756/808 809/1757/809
f 809/1758/810 796/1759/796 808/1760/811
f 751/1648/751 796/1761/796 761/1649/761
f 691/1579/691 761/1649/761 810/1762/812
f 796/1736/796 764/1735/764 797/1763/797
f 739/1583/739 784/1708/784 752/1614/752
f 763/1764/763 797/1765/797 764/1766/764
f 740/1585/740 798/1738/798 774/1767/774
f 640/1324/640 554/1768/554 785/1712/785
f 642/1327/642 811/1769/813 766/1659/766
f 786/1716/786 731/1717/731 716/1718/716
f 605/1255/605 812/1770/814 744/1771/744
f 682/1414/682 813/1772/815 745/1603/745
f 814/1773/816 528/1077/528 558/1150/558
f 802/1744/802 815/1774/817 719/1629/719
f 613/1274/613 591/1220/591 770/1671/770
f 789/1724/789 816/1775/818 632/1631/632
f 669/1776/669 817/1777/819 790/1778/790
f 632/1631/632 818/1779/820 771/1780/771
f 723/1703/723 781/1746/781 792/1729/792
f 723/1703/723 792/1729/792 704/1573/704
f 792/1729/792 819/1781/821 724/1574/724
f 793/1782/793 773/1783/773 820/1784/822
f 821/1785/823 808/1786/811 822/1787/824
f 823/1788/825 824/1789/826 762/1790/762
f 809/1791/810 761/1792/761 796/1793/796
f 823/1794/825 762/1651/762 694/1650/694
f 762/1707/762 825/1795/827 797/1737/797
f 691/1579/691 810/1762/812 795/1796/795
f 710/1615/710 741/1592/741 826/1797/828
f 659/1798/659 827/1799/829 777/1800/777
f 766/1691/766 828/1801/830 742/1598/742
f 715/1524/715 829/1802/831 743/1601/743
f 731/1717/731 830/1803/832 716/1718/716
f 716/1718/716 830/1803/832 682/1804/682
f 664/1668/664 769/1667/769 734/1805/734
f 684/1570/684 756/1628/756 700/1806/700
f 779/1807/779 778/1695/778 629/1305/629
f 779/1697/779 801/1743/801 778/1808/778
f 770/1745/770 789/1724/789 757/1630/757
f 770/1745/770 591/1809/591 789/1724/789
f 591/1220/591 831/1810/833 789/1811/789
f 591/1220/591 790/1725/790 831/1810/833
f 632/1631/632 816/1775/818 818/1779/820
f 669/1776/669 791/1812/791 817/1777/819
f 780/1813/780 832/1814/834 772/1815/772
f 536/1816/536 772/1817/772 721/1675/721
f 759/1642/759 833/1818/835 594/1230/594
f 650/1606/650 724/1551/724 803/1748/803
f 793/1819/793 820/1820/822 782/1821/782
f 820/1820/822 834/1822/836 782/1821/782
f 782/1704/782 834/1823/836 725/1645/725
f 737/1680/737 835/1824/837 773/1678/773
f 725/1645/725 834/1823/836 794/1732/794
f 783/1706/783 836/1825/838 805/1754/805
f 822/1826/824 837/1827/839 821/1828/823
f 821/1829/823 809/1757/810 808/1756/811
f 796/1736/796 824/1830/826 808/1831/811
f 726/1554/726 806/1753/806 707/1497/707
f 824/1832/826 825/1833/827 762/1834/762
f 796/1736/796 797/1763/797 824/1830/826
f 707/1497/707 838/1835/840 784/1708/784
f 708/1681/708 774/1836/774 694/1453/694
f 784/1708/784 798/1738/798 752/1614/752
f 741/1592/741 785/1712/785 826/1797/828
f 710/1508/710 826/1837/828 656/1351/656
f 624/1687/624 623/1838/623 775/1685/775
f 624/1687/624 678/1839/678 623/1838/623
f 765/1840/765 827/1841/829 659/1842/659
f 777/1690/777 811/1769/813 642/1327/642
f 742/1598/742 828/1801/830 839/1843/841
f 840/1844/842 753/1622/753 733/1567/733
f 753/1664/753 840/1845/842 754/1623/754
f 717/1527/717 729/1562/729 788/1723/788
f 744/1846/744 830/1803/832 731/1717/731
f 830/1803/832 813/1847/815 682/1804/682
f 755/1626/755 841/1848/843 769/1667/769
f 558/1150/558 745/1849/745 814/1773/816
f 755/1850/755 700/1851/700 841/1852/843
f 789/1724/789 831/1853/833 816/1775/818
f 791/1728/791 722/1727/722 842/1854/844
f 722/1676/722 721/1675/721 843/1855/845
f 771/1780/771 832/1856/834 780/1857/780
f 772/1817/772 844/1858/846 721/1675/721
f 794/1732/794 845/1859/847 806/1753/806
f 846/1860/848 847/1861/849 848/1862/850
f 847/1861/849 846/1860/848 837/1863/839
f 847/1864/849 823/1865/825 838/1866/840
f 847/1867/849 824/1868/826 823/1869/825
f 837/1870/839 822/1871/824 824/1830/826
f 808/1831/811 824/1830/826 822/1871/824
f 809/1757/810 849/1872/851 761/1649/761
f 806/1753/806 838/1835/840 707/1497/707
f 823/1873/825 694/1874/694 838/1875/840
f 694/1453/694 774/1836/774 838/1876/840
f 838/1835/840 774/1767/774 784/1708/784
f 798/1738/798 784/1708/784 774/1767/774
f 656/1877/656 850/1878/852 623/1838/623
f 554/1140/554 727/1558/727 775/1879/775
f 711/1689/711 776/1688/776 851/1880/853
f 776/1688/776 852/1881/854 851/1880/853
f 776/1688/776 742/1598/742 852/1881/854
f 766/1659/766 811/1769/813 828/1882/830
f 812/1770/814 605/1255/605 732/1566/732
f 715/1524/715 734/1883/734 829/1802/831
f 812/1884/814 830/1803/832 744/1846/744
f 718/1885/718 799/1740/799 667/1427/667
f 800/1742/800 719/1536/719 815/1886/817
f 853/1887/855 722/1727/722 854/1888/856
f 831/1853/833 818/1779/820 816/1775/818
f 833/1818/835 759/1642/759 855/1889/857
f 855/1889/857 759/1642/759 760/1643/760
f 724/1574/724 856/1890/858 803/1891/803
f 773/1783/773 835/1892/837 820/1784/822
f 857/1893/859 794/1732/794 834/1823/836
f 760/1643/760 705/1489/705 858/1894/860
f 794/1732/794 859/1895/861 845/1859/847
f 848/1896/850 845/1859/847 859/1895/861
f 845/1859/847 848/1896/850 847/1897/849
f 845/1859/847 847/1897/849 838/1835/840
f 845/1859/847 838/1835/840 806/1753/806
f 837/1898/839 824/1868/826 847/1867/849
f 821/1829/823 849/1872/851 809/1757/810
f 750/1612/750 795/1733/795 860/1899/862
f 824/1830/826 797/1763/797 825/1900/827
f 785/1901/785 554/1902/554 826/1903/828
f 826/1903/828 850/1878/852 656/1877/656
f 850/1878/852 775/1685/775 623/1838/623
f 742/1598/742 839/1843/841 852/1881/854
f 840/1844/842 733/1567/733 861/1904/863
f 861/1904/863 733/1567/733 862/1905/864
f 862/1905/864 733/1567/733 863/1906/865
f 863/1906/865 733/1567/733 787/1719/787
f 743/1907/743 864/1908/866 729/1909/729
f 864/1910/866 743/1601/743 829/1802/831
f 865/1911/867 812/1770/814 732/1566/732
f 812/1884/814 866/1912/868 830/1803/832
f 830/1803/832 866/1912/868 813/1847/815
f 699/1913/699 528/1077/528 867/1914/869
f 734/1805/734 769/1667/769 841/1848/843
f 867/1914/869 528/1077/528 814/1773/816
f 768/1915/768 868/1916/870 665/1627/665
f 868/1916/870 756/1628/756 665/1627/665
f 868/1917/870 700/1918/700 756/1919/756
f 778/1920/778 869/1921/871 718/1885/718
f 799/1740/799 870/1922/872 611/1741/611
f 870/1923/872 746/1604/746 611/1334/611
f 722/1727/722 853/1887/855 842/1854/844
f 831/1853/833 790/1924/790 818/1779/820
f 871/1925/873 832/1856/834 771/1780/771
f 594/1230/594 833/1818/835 781/1702/781
f 833/1926/835 855/1927/857 872/1928/874
f 872/1928/874 859/1895/861 873/1929/875
f 834/1930/836 874/1931/876 873/1932/875
f 873/1929/875 859/1895/861 834/1823/836
f 820/1784/822 835/1892/837 834/1933/836
f 859/1895/861 857/1893/859 834/1823/836
f 794/1934/794 857/1935/859 859/1936/861
f 804/1750/804 858/1894/860 705/1489/705
f 737/1680/737 805/1752/805 875/1937/877
f 876/1938/878 846/1860/848 848/1862/850
f 804/1939/804 750/1424/750 877/1940/879
f 849/1872/851 821/1829/823 837/1863/839
f 877/1941/879 750/1612/750 860/1899/862
f 849/1872/851 810/1762/812 761/1649/761
f 795/1942/795 810/1943/812 860/1944/862
f 826/1903/828 554/1902/554 850/1878/852
f 850/1878/852 554/1902/554 775/1685/775
f 827/1841/829 878/1945/880 777/1946/777
f 828/1801/830 879/1947/881 839/1843/841
f 839/1843/841 879/1947/881 880/1948/882
f 864/1908/866 881/1949/883 729/1909/729
f 864/1908/866 829/1950/831 881/1949/883
f 768/1665/768 788/1723/788 868/1951/870
f 734/1805/734 841/1848/843 829/1952/831
f 866/1912/868 745/1953/745 813/1847/815
f 841/1852/843 700/1851/700 868/1954/870
f 718/1885/718 869/1921/871 799/1740/799
f 802/1744/802 882/1955/884 815/1774/817
f 832/1956/834 844/1957/846 772/1958/772
f 833/1818/835 883/1959/885 781/1702/781
f 819/1781/821 792/1729/792 856/1890/858
f 883/1959/885 833/1818/835 872/1960/874
f 872/1928/874 855/1927/857 884/1961/886
f 724/1574/724 819/1781/821 856/1890/858
f 884/1961/886 859/1895/861 872/1928/874
f 803/1748/803 885/1962/887 783/1749/783
f 737/1680/737 875/1937/877 835/1824/837
f 846/1860/848 876/1938/878 837/1863/839
f 837/1863/839 876/1938/878 849/1872/851
f 711/1512/711 851/1963/853 765/1658/765
f 878/1945/880 811/1964/813 777/1946/777
f 839/1843/841 880/1948/882 852/1881/854
f 879/1947/881 886/1965/888 880/1948/882
f 879/1947/881 887/1966/889 886/1965/888
f 732/1566/732 754/1623/754 865/1911/867
f 866/1967/868 812/1968/814 888/1969/890
f 889/1970/891 841/1852/843 868/1954/870
f 802/1744/802 746/1604/746 890/1971/892
f 802/1744/802 890/1971/892 882/1955/884
f 815/1774/817 882/1955/884 891/1972/893
f 791/1728/791 842/1854/844 817/1973/819
f 871/1925/873 818/1779/820 790/1924/790
f 771/1780/771 818/1779/820 871/1925/873
f 781/1746/781 883/1974/885 792/1729/792
f 792/1729/792 883/1974/885 856/1890/858
f 872/1975/874 892/1976/894 883/1977/885
f 873/1932/875 892/1976/894 872/1975/874
f 855/1927/857 858/1978/860 884/1961/886
f 760/1643/760 858/1894/860 855/1889/857
f 873/1932/875 874/1931/876 892/1976/894
f 803/1748/803 893/1979/895 885/1962/887
f 835/1824/837 894/1980/896 834/1930/836
f 858/1894/860 804/1750/804 877/1941/879
f 860/1899/862 895/1981/897 877/1941/879
f 849/1982/851 895/1983/897 810/1984/812
f 895/1983/897 860/1985/862 810/1984/812
f 765/1658/765 851/1963/853 896/1986/898
f 765/1840/765 897/1987/899 827/1841/829
f 828/1882/830 898/1988/900 879/1989/881
f 861/1904/863 862/1905/864 840/1844/842
f 886/1965/888 887/1966/889 899/1990/901
f 840/1845/842 900/1991/902 754/1623/754
f 729/1562/729 889/1992/891 788/1723/788
f 788/1723/788 889/1992/891 868/1951/870
f 800/1742/800 901/1993/903 801/1743/801
f 891/1994/893 902/1995/904 815/1886/817
f 856/1996/858 893/1979/895 803/1748/803
f 884/1961/886 858/1978/860 859/1895/861
f 874/1931/876 834/1930/836 894/1980/896
f 859/1997/861 876/1938/878 848/1862/850
f 885/1962/887 903/1998/905 783/1749/783
f 783/1706/783 903/1999/905 836/1825/838
f 811/1769/813 898/1988/900 828/1882/830
f 900/1991/902 904/2000/906 754/1623/754
f 899/1990/901 905/2001/907 886/1965/888
f 754/1623/754 904/2000/906 865/1911/867
f 729/1909/729 881/1949/883 889/1970/891
f 881/1949/883 829/1950/831 889/1970/891
f 829/1950/831 841/1852/843 889/1970/891
f 866/1912/868 906/2002/908 745/1953/745
f 815/1886/817 902/1995/904 800/1742/800
f 853/1887/855 907/2003/909 842/1854/844
f 817/2004/819 871/1925/873 790/1924/790
f 859/1895/861 858/1978/860 876/2005/878
f 858/1978/860 877/2006/879 876/2005/878
f 805/1752/805 836/2007/838 875/1937/877
f 877/1941/879 895/1981/897 876/2008/878
f 876/2009/878 895/1983/897 849/1982/851
f 827/1841/829 897/1987/899 878/1945/880
f 878/1945/880 898/2010/900 811/1964/813
f 862/1905/864 908/2011/910 840/1844/842
f 886/2012/888 909/2013/911 880/2014/882
f 840/1845/842 910/2015/912 900/1991/902
f 887/2016/889 911/2017/913 899/2018/901
f 867/1914/869 912/2019/914 699/1913/699
f 888/2020/890 906/2002/908 866/1912/868
f 801/2021/801 901/2022/903 778/2023/778
f 882/1955/884 890/1971/892 913/2024/915
f 882/1955/884 913/2024/915 891/1972/893
f 907/2003/909 853/1887/855 914/2025/916
f 883/1974/885 915/2026/917 856/1890/858
f 836/1825/838 903/1999/905 916/2027/918
f 851/1963/853 852/2028/854 917/2029/919
f 880/1948/882 909/2030/911 852/1881/854
f 886/1965/888 905/2001/907 909/2030/911
f 899/1990/901 918/2031/920 919/2032/921
f 918/2031/920 920/2033/922 921/2034/923
f 787/2035/787 699/1913/699 922/2036/924
f 913/2024/915 923/2037/925 891/1972/893
f 891/1994/893 923/2038/925 902/1995/904
f 722/1676/722 843/1855/845 854/2039/856
f 883/2040/885 892/2041/894 915/2042/917
f 765/1840/765 896/2043/898 897/1987/899
f 924/2044/926 878/1945/880 897/1987/899
f 925/2045/927 918/2046/920 899/2018/901
f 922/2036/924 926/2047/928 787/2035/787
f 927/2048/929 906/2049/908 888/2050/890
f 928/2051/930 745/2052/745 906/2049/908
f 929/2053/931 867/1914/869 814/1773/816
f 928/2054/930 930/2055/932 745/1849/745
f 890/1971/892 746/1604/746 870/1923/872
f 902/1995/904 931/2056/933 932/2057/934
f 933/2058/935 907/2003/909 914/2025/916
f 934/2059/936 842/2060/844 907/2061/909
f 902/1995/904 923/2038/925 931/2056/933
f 935/2062/937 832/2063/834 871/2064/873
f 935/2062/937 936/2065/938 832/2063/834
f 844/1858/846 843/1855/845 721/1675/721
f 874/1931/876 894/1980/896 937/2066/939
f 894/1980/896 835/1824/837 875/1937/877
f 908/2011/910 938/2067/940 840/1844/842
f 939/2068/941 911/2017/913 887/2016/889
f 905/2001/907 899/1990/901 919/2032/921
f 918/2031/920 921/2034/923 919/2032/921
f 925/2045/927 920/2069/922 918/2046/920
f 699/1913/699 912/2019/914 922/2036/924
f 927/2048/929 928/2051/930 906/2049/908
f 930/2070/932 814/2071/816 745/2072/745
f 901/2022/903 940/2073/942 778/2023/778
f 869/1921/871 941/2074/943 799/1740/799
f 934/2059/936 817/2075/819 842/2060/844
f 913/2024/915 942/2076/944 923/2037/925
f 817/2075/819 935/2077/937 871/2078/873
f 892/2041/894 874/2079/876 915/2042/917
f 851/1963/853 917/2029/919 896/1986/898
f 878/1945/880 943/2080/945 898/2010/900
f 908/2011/910 944/2081/946 938/2067/940
f 863/2082/865 787/2035/787 926/2047/928
f 899/2018/901 911/2017/913 925/2045/927
f 904/2083/906 945/2084/947 865/2085/867
f 920/2086/922 946/2087/948 921/2088/923
f 865/2085/867 945/2084/947 812/499/814
f 921/2089/923 947/2090/949 948/2091/950
f 799/1740/799 941/2074/943 870/1922/872
f 901/1993/903 800/1742/800 949/2092/951
f 800/1742/800 902/1995/904 932/2057/934
f 856/1890/858 915/2026/917 893/2093/895
f 937/2094/939 915/2042/917 874/2079/876
f 885/1962/887 893/1979/895 950/2095/952
f 916/2096/918 951/2097/953 836/2007/838
f 944/2081/946 908/2011/910 952/2098/954
f 908/2099/910 862/2100/864 953/2101/955
f 863/2102/865 926/2103/928 862/2100/864
f 921/2034/923 954/2104/956 919/2032/921
f 945/2105/947 888/1969/890 812/1968/814
f 921/2034/923 948/2106/950 955/2107/957
f 946/2108/948 947/2090/949 921/2089/923
f 948/2106/950 928/2109/930 955/2107/957
f 948/2091/950 947/2090/949 928/2110/930
f 869/2111/871 778/2023/778 940/2073/942
f 817/2075/819 934/2059/936 935/2077/937
f 854/2039/856 956/2112/958 853/2113/855
f 915/2114/917 957/2115/959 893/2116/895
f 836/2007/838 951/2097/953 875/1937/877
f 875/1937/877 958/2117/960 894/1980/896
f 952/2118/954 938/612/940 944/2119/946
f 879/2120/881 943/2080/945 887/2121/889
f 900/1991/902 910/2015/912 904/2000/906
f 925/2045/927 946/2122/948 920/2069/922
f 927/2048/929 959/2123/961 928/2051/930
f 888/2050/890 959/2123/961 927/2048/929
f 928/2054/930 960/2124/962 930/2055/932
f 930/2055/932 929/2053/931 814/1773/816
f 961/2125/963 933/2058/935 914/2025/916
f 962/2126/964 934/2059/936 907/2061/909
f 931/2056/933 923/2038/925 963/2127/965
f 942/2128/944 963/2127/965 923/2038/925
f 963/2127/965 942/2128/944 936/2129/938
f 942/2076/944 964/2130/966 936/2131/938
f 832/2132/834 936/2133/938 844/2134/846
f 915/2042/917 937/2094/939 957/2135/959
f 885/1962/887 965/2136/967 903/1998/905
f 875/2137/877 951/2138/953 958/2139/960
f 894/1980/896 966/2140/968 937/2066/939
f 896/2043/898 967/2141/969 897/1987/899
f 897/1987/899 967/2141/969 924/2044/926
f 917/2029/919 968/2142/970 896/1986/898
f 908/2099/910 953/2101/955 969/2143/971
f 938/2144/940 970/2145/972 840/1845/842
f 840/1845/842 970/2145/972 910/2015/912
f 905/2001/907 971/2146/973 909/2030/911
f 921/2034/923 955/2107/957 954/2104/956
f 912/2019/914 867/1914/869 929/2053/931
f 947/2090/949 960/2147/962 928/2110/930
f 940/2148/942 941/2074/943 869/1921/871
f 933/2149/935 962/2126/964 907/2061/909
f 963/2150/965 936/2065/938 935/2062/937
f 964/2130/966 972/2151/974 936/2131/938
f 885/1962/887 973/2152/975 965/2136/967
f 957/2135/959 937/2094/939 966/2153/968
f 965/2154/967 916/2027/918 903/1999/905
f 958/2117/960 966/2140/968 894/1980/896
f 896/1986/898 968/2142/970 967/2155/969
f 908/2011/910 969/2156/971 952/2098/954
f 955/2107/957 928/2109/930 954/2104/956
f 922/2036/924 912/2019/914 974/2157/976
f 959/2158/961 954/2104/956 928/2109/930
f 974/2157/976 912/2019/914 929/2053/931
f 934/2059/936 962/2126/964 975/2159/977
f 854/2039/856 976/2160/978 956/2112/958
f 972/2161/974 844/2134/846 936/2133/938
f 885/1962/887 950/2095/952 973/2152/975
f 893/2162/895 977/2163/979 950/2164/952
f 957/2115/959 977/2165/979 893/2116/895
f 878/1945/880 924/2044/926 943/2080/945
f 852/2028/854 909/2166/911 978/2167/980
f 879/2120/881 898/2010/900 943/2080/945
f 970/2145/972 904/2000/906 910/2015/912
f 919/2032/921 971/2146/973 905/2001/907
f 913/2024/915 890/1971/892 979/2168/981
f 932/2057/934 931/2056/933 980/2169/982
f 913/2024/915 979/2168/981 942/2076/944
f 853/2113/855 956/2112/958 914/2170/916
f 981/2171/983 982/2172/984 935/2077/937
f 957/2135/959 966/2153/968 977/2173/979
f 952/2118/954 983/2174/985 938/612/940
f 967/2141/969 984/2175/986 924/2044/926
f 909/2166/911 971/2176/973 985/2177/987
f 888/2050/890 986/2178/988 987/2179/989
f 888/2050/890 987/2179/989 959/2123/961
f 901/2022/903 949/2180/951 940/2073/942
f 932/2181/934 949/2180/951 800/2182/800
f 932/2181/934 980/2183/982 988/2184/990
f 963/2127/965 935/2185/937 982/2186/984
f 964/2130/966 942/2076/944 989/2187/991
f 943/2080/945 924/2044/926 984/2175/986
f 953/2101/955 862/2100/864 926/2103/928
f 887/2016/889 990/2188/992 939/2068/941
f 911/2017/913 939/2068/941 991/2189/993
f 986/2190/988 888/2191/890 945/2084/947
f 954/2104/956 959/2158/961 987/2192/989
f 933/2058/935 961/2125/963 992/2193/994
f 933/2149/935 993/2194/995 962/2126/964
f 934/2059/936 981/2171/983 935/2077/937
f 950/2164/952 977/2163/979 973/2195/975
f 965/2154/967 973/2196/975 916/2027/918
f 958/2117/960 994/2197/996 966/2140/968
f 968/2142/970 984/2198/986 967/2155/969
f 983/2199/985 970/2200/972 938/2201/940
f 917/2029/919 852/2028/854 995/2202/997
f 971/2146/973 919/2032/921 996/2203/998
f 992/2204/994 993/2194/995 933/2149/935
f 870/1922/872 941/2074/943 890/2205/892
f 949/2180/951 932/2181/934 988/2184/990
f 997/2206/999 962/2126/964 993/2194/995
f 931/2056/933 963/2127/965 982/2186/984
f 916/2096/918 994/2197/996 951/2097/953
f 951/2097/953 994/2197/996 958/2117/960
f 930/2055/932 998/2207/1000 929/2053/931
f 931/2208/933 982/2209/984 980/2183/982
f 979/2168/981 989/2187/991 942/2076/944
f 981/2210/983 999/2211/1001 982/2212/984
f 854/2039/856 843/1855/845 976/2160/978
f 916/2027/918 973/2196/975 1000/2213/1002
f 916/2027/918 1000/2213/1002 994/2214/996
f 952/2215/954 1001/2216/1003 983/2217/985
f 952/2215/954 969/2143/971 1001/2216/1003
f 968/2142/970 917/2029/919 984/2198/986
f 978/2167/980 995/2202/997 852/2028/854
f 909/2166/911 985/2177/987 978/2167/980
f 939/2218/941 990/2219/992 991/2220/993
f 919/2032/921 954/2104/956 996/2203/998
f 925/2045/927 911/2017/913 946/2122/948
f 945/2084/947 1002/2221/1004 986/2190/988
f 946/2108/948 1003/2222/1005 947/2090/949
f 960/2124/962 998/2207/1000 930/2055/932
f 934/2223/936 1004/2224/1006 981/2225/983
f 966/2140/968 994/2197/996 977/2226/979
f 1001/2227/1003 1005/2228/1007 983/2229/985
f 983/2229/985 1005/2228/1007 970/1021/972
f 970/2145/972 1006/2230/1008 904/2000/906
f 947/2231/949 1003/2232/1005 960/2124/962
f 941/2074/943 1007/2233/1009 890/2205/892
f 997/2206/999 975/2159/977 962/2126/964
f 975/2234/977 1008/2235/1010 934/2236/936
f 964/2130/966 989/2187/991 972/2151/974
f 984/2237/986 917/2238/919 995/2239/997
f 970/2145/972 1005/2240/1007 1006/2230/1008
f 953/2101/955 1005/2241/1007 969/2143/971
f 1009/2242/1011 1002/2221/1004 945/2084/947
f 954/2104/956 987/2192/989 1010/2243/1012
f 992/2244/994 961/2245/963 1011/2246/1013
f 940/2073/942 949/2180/951 1012/2247/1014
f 956/2112/958 961/2248/963 914/2170/916
f 972/2161/974 1013/2249/1015 844/2134/846
f 977/2163/979 1000/2250/1002 973/2195/975
f 977/2251/979 994/2252/996 1000/2253/1002
f 1001/2216/1003 969/2143/971 1005/2241/1007
f 926/2103/928 1014/2254/1016 953/2101/955
f 954/2104/956 1010/2243/1012 1015/2255/1017
f 911/2256/913 1016/2257/1018 946/2258/948
f 843/1855/845 1017/2259/1019 976/2160/978
f 1005/2241/1007 953/2101/955 1014/2254/1016
f 1014/2254/1016 926/2103/928 1018/2260/1020
f 945/2084/947 904/2083/906 1009/2242/1011
f 954/2261/956 1015/2262/1017 996/2263/998
f 922/2036/924 1019/2264/1021 926/2047/928
f 986/2178/988 1020/2265/1022 987/2179/989
f 960/2124/962 1003/2232/1005 998/2207/1000
f 1012/2247/1014 949/2180/951 1021/2266/1023
f 988/2184/990 1021/2266/1023 949/2180/951
f 997/2267/999 1008/2235/1010 975/2234/977
f 1007/2233/1009 979/2268/981 890/2205/892
f 1008/2269/1010 1004/2270/1006 934/2271/936
f 1004/2272/1006 999/2273/1001 981/1590/983
f 943/2080/945 984/2175/986 990/2219/992
f 990/2188/992 887/2016/889 943/2274/945
f 985/2177/987 1022/2275/1024 978/2167/980
f 992/2204/994 1023/2276/1025 993/2194/995
f 1008/2277/1010 1024/2278/1026 1004/2279/1006
f 978/2167/980 1025/2280/1027 995/2202/997
f 1006/2281/1008 1014/2282/1016 904/2283/906
f 991/2220/993 990/2219/992 1026/2284/1028
f 1027/2285/1029 1023/333/1025 992/2286/994
f 941/2074/943 940/2148/942 1012/2287/1014
f 941/2074/943 1012/2287/1014 1007/2233/1009
f 1007/2233/1009 1012/2287/1014 1028/2288/1030
f 1028/2288/1030 979/2268/981 1007/2233/1009
f 1024/2289/1026 956/2112/958 976/2160/978
f 1029/2290/1031 971/2176/973 996/2263/998
f 1016/2257/1018 911/2256/913 991/2220/993
f 1030/2291/1032 1002/2221/1004 1009/2242/1011
f 1016/2257/1018 1003/2292/1005 946/2258/948
f 1031/2293/1033 998/2207/1000 1003/2232/1005
f 1011/2246/1013 1027/2294/1029 992/2244/994
f 1032/2295/1034 997/2267/999 993/2296/995
f 1004/2279/1006 1033/2297/1035 999/2298/1001
f 995/2202/997 1025/2280/1027 984/2198/986
f 984/2175/986 1025/2299/1027 990/2219/992
f 1005/2300/1007 1014/2282/1016 1006/2281/1008
f 985/2177/987 971/2176/973 1022/2275/1024
f 971/2176/973 1029/2290/1031 1022/2275/1024
f 1034/2301/1036 1009/2242/1011 904/2083/906
f 1019/2264/1021 922/2036/924 974/2157/976
f 1011/2302/1013 1023/2303/1025 1027/2304/1029
f 961/2248/963 956/2112/958 1035/2305/1037
f 956/2112/958 1024/2289/1026 1035/2305/1037
f 989/2306/991 1013/2307/1015 972/2308/974
f 1003/2292/1005 1016/2257/1018 1036/2309/1038
f 1002/2310/1004 1020/2265/1022 986/2178/988
f 974/2157/976 929/2053/931 998/2207/1000
f 961/2311/963 1037/2312/1039 1011/2313/1013
f 1023/2303/1025 1032/2295/1034 993/2296/995
f 988/2184/990 980/2183/982 1038/2314/1040
f 979/2315/981 1039/2316/1041 989/2306/991
f 1024/2278/1026 1033/2297/1035 1004/2279/1006
f 844/1858/846 1040/2317/1042 843/1855/845
f 843/1855/845 1040/2317/1042 1017/2259/1019
f 978/2167/980 1022/2275/1024 1025/2280/1027
f 904/2318/906 1014/2319/1016 1034/2320/1036
f 926/2047/928 1019/2264/1021 1018/2321/1020
f 1031/2293/1033 1041/2322/1043 998/2207/1000
f 1011/2313/1013 1037/2312/1039 1042/2323/1044
f 1028/2288/1030 1043/2324/1045 979/2268/981
f 982/2209/984 1044/2325/1046 980/2183/982
f 1039/2316/1041 1013/2307/1015 989/2306/991
f 1002/2310/1004 1045/2326/1047 1020/2265/1022
f 1019/2264/1021 974/2157/976 1045/2327/1047
f 998/2328/1000 1041/2329/1043 1046/2330/1048
f 998/2207/1000 1047/2331/1049 974/2157/976
f 1011/2302/1013 1042/2332/1044 1023/2303/1025
f 1037/2333/1039 1023/2303/1025 1042/2332/1044
f 1023/2303/1025 1037/2333/1039 1032/2295/1034
f 844/1858/846 1048/2334/1050 1040/2317/1042
f 1047/2331/1049 998/2207/1000 1046/2335/1048
f 961/2336/963 1035/2337/1037 1037/2338/1039
f 1049/2339/1051 1039/2340/1041 979/2341/981
f 1024/2289/1026 976/2160/978 1017/2259/1019
f 1048/2342/1050 844/2343/846 1013/2344/1015
f 1026/2284/1028 990/2219/992 1025/2299/1027
f 1014/2345/1016 1018/2283/1020 1034/2346/1036
f 1034/2301/1036 1050/2347/1052 1009/2242/1011
f 1050/2347/1052 1030/2291/1032 1009/2242/1011
f 1045/2348/1047 1002/2221/1004 1030/2291/1032
f 1037/2333/1039 1035/2349/1037 1032/2295/1034
f 1032/2295/1034 1008/2235/1010 997/2267/999
f 1044/2325/1046 982/2209/984 1051/2350/1053
f 1034/2351/1036 1018/2352/1020 1050/2353/1052
f 1026/2284/1028 1016/2257/1018 991/2220/993
f 1052/2354/1054 996/2263/998 1015/2262/1017
f 1053/2355/1055 1010/2356/1012 987/2357/989
f 987/2357/989 1054/2358/1056 1053/2355/1055
f 987/2357/989 1020/2359/1022 1054/2358/1056
f 1021/2266/1023 1038/2314/1040 1012/2247/1014
f 988/2184/990 1038/2314/1040 1021/2266/1023
f 979/2268/981 1043/2324/1045 1049/2360/1051
f 1024/2278/1026 1055/2361/1057 1033/2297/1035
f 982/2209/984 999/2362/1001 1051/2350/1053
f 1022/2275/1024 1029/2290/1031 1025/2280/1027
f 1003/2292/1005 1036/2309/1038 1031/2363/1033
f 974/2157/976 1047/2331/1049 1045/2327/1047
f 1032/2364/1034 1035/2365/1037 1008/927/1010
f 1012/2287/1014 1038/2366/1040 1028/2288/1030
f 1008/2277/1010 1035/2367/1037 1024/2278/1026
f 1056/2368/1058 1048/2342/1050 1013/2344/1015
f 996/2263/998 1052/2354/1054 1029/2290/1031
f 1018/2352/1020 1019/2369/1021 1050/2353/1052
f 1019/2369/1021 1030/2370/1032 1050/2353/1052
f 1019/2369/1021 1045/675/1047 1030/2370/1032
f 1044/2325/1046 1051/2350/1053 1057/2371/1059
f 999/1027/1001 1033/2372/1035 1058/2373/1060
f 1026/2284/1028 1059/2374/1061 1016/2257/1018
f 1010/2356/1012 1053/2355/1055 1015/2262/1017
f 1028/2288/1030 1038/2366/1040 1043/2324/1045
f 980/2183/982 1044/2325/1046 1057/2371/1059
f 1039/2340/1041 1056/2368/1058 1013/2344/1015
f 1025/2299/1027 1059/2374/1061 1026/2284/1028
f 1025/2280/1027 1029/2290/1031 1059/2375/1061
f 1029/2376/1031 1052/2377/1054 1016/2257/1018
f 1015/2262/1017 1036/2378/1038 1052/2354/1054
f 1031/2379/1033 1036/2380/1038 1041/2381/1043
f 1045/2382/1047 1047/2383/1049 1020/2384/1022
f 980/2183/982 1057/2371/1059 1038/2314/1040
f 1039/2340/1041 1049/2339/1051 1056/2368/1058
f 1017/2259/1019 1055/2385/1057 1024/2289/1026
f 999/1027/1001 1058/2373/1060 1051/2386/1053
f 1040/2317/1042 1058/2387/1060 1017/2259/1019
f 1029/2290/1031 1016/2388/1018 1059/2375/1061
f 1052/2377/1054 1036/2309/1038 1016/2257/1018
f 1053/2389/1055 1041/2390/1043 1036/1166/1038
f 1020/2384/1022 1046/2391/1048 1054/2392/1056
f 1047/2383/1049 1046/2391/1048 1020/2384/1022
f 1055/2393/1057 1060/2394/1062 1033/2372/1035
f 1033/2372/1035 1060/2394/1062 1058/2373/1060
f 1015/2262/1017 1053/2355/1055 1036/2378/1038
f 1046/2391/1048 1041/2395/1043 1054/2392/1056
f 1043/2396/1045 1038/1958/1040 1056/2397/1058
f 1049/2360/1051 1043/2324/1045 1056/2398/1058
f 1038/2399/1040 1057/2400/1059 1056/2401/1058
f 1055/2385/1057 1017/2259/1019 1060/2402/1062
f 1056/2401/1058 1051/2403/1053 1048/2404/1050
f 1048/2334/1050 1051/2405/1053 1040/2317/1042
f 1053/2355/1055 1054/2358/1056 1041/2406/1043
f 1057/2400/1059 1051/2403/1053 1056/2401/1058
f 1017/2407/1019 1058/2408/1060 1060/2409/1062
f 1051/2410/1053 1058/2411/1060 1040/2412/1042
