# Blender 4.4.0
# www.blender.org
mtllib Meshy_AI__0427163944_texture.mtl
o Meshy_AI__0427163944_texture
v 0.130445 0.287433 -0.542995
v 0.143705 0.300664 -0.564402
v 0.143705 0.272326 -0.542974
v 0.115338 0.300693 -0.543013
v 0.158595 0.283709 -0.564379
v 0.126750 0.315554 -0.564422
v 0.093796 0.352627 -0.588123
v 0.046322 0.365343 -0.588140
v 0.021737 0.366952 -0.588143
v 0.098600 0.364222 -0.613637
v 0.073733 0.372656 -0.613648
v 0.070472 0.360539 -0.588134
v 0.047952 0.377786 -0.613655
v 0.021737 0.379503 -0.613657
v 0.102100 0.372619 -0.640580
v 0.076102 0.381444 -0.640592
v 0.103078 0.374956 -0.653387
v 0.090823 0.379118 -0.653392
v 0.076761 0.383892 -0.653399
v 0.064057 0.386415 -0.653402
v 0.049148 0.386813 -0.640600
v 0.049476 0.389320 -0.653406
v 0.036564 0.390169 -0.653408
v 0.021737 0.388617 -0.640602
v 0.021737 0.391145 -0.653409
v 0.184810 0.272808 -0.588014
v 0.171115 0.293284 -0.588042
v 0.195700 0.279077 -0.613521
v 0.181093 0.300923 -0.613550
v 0.188353 0.306451 -0.640490
v 0.190379 0.307981 -0.653296
v 0.198633 0.295623 -0.653279
v 0.136358 0.328042 -0.588090
v 0.163768 0.320660 -0.613577
v 0.154878 0.311804 -0.588067
v -0.044279 0.229437 -0.495789
v -0.044453 0.265026 -0.508424
v -0.055126 0.255635 -0.508411
v -0.064516 0.244962 -0.508396
v 0.010869 0.261282 -0.495833
v 0.021737 0.261999 -0.495834
v 0.000196 0.259152 -0.495830
v -0.010108 0.255652 -0.495825
v -0.019868 0.250848 -0.495819
v -0.152226 0.250723 -0.587984
v -0.160138 0.283605 -0.640459
v -0.162344 0.284855 -0.653264
v -0.168072 0.273249 -0.653248
v -0.071863 0.300693 -0.543013
v -0.071863 0.272351 -0.524215
v -0.100230 0.272326 -0.542974
v -0.100230 0.300664 -0.564402
v -0.086971 0.287433 -0.542995
v -0.083275 0.315554 -0.564422
v -0.115120 0.283709 -0.564379
v -0.032628 0.272916 -0.508434
v -0.028911 0.301044 -0.524254
v -0.044453 0.293371 -0.524244
v -0.058843 0.283763 -0.524230
v 0.115881 0.341736 -0.588108
v 0.007543 0.286545 -0.508453
v 0.021737 0.287480 -0.508454
v 0.144031 0.337985 -0.613601
v 0.122185 0.352592 -0.613621
v 0.149596 0.345208 -0.640543
v 0.181836 0.317711 -0.653309
v 0.170246 0.327101 -0.640518
v 0.172041 0.328879 -0.653324
v 0.162312 0.337422 -0.653336
v 0.151143 0.347217 -0.653349
v 0.140375 0.354401 -0.653359
v 0.126750 0.360468 -0.640564
v 0.128017 0.362657 -0.653370
v 0.116412 0.368385 -0.653378
v 0.212390 0.271521 -0.653246
v 0.203613 0.283605 -0.640459
v 0.205819 0.284855 -0.653264
v -0.110621 -0.058840 -0.494441
v -0.087297 -0.058819 -0.478855
v -0.132010 -0.058866 -0.513200
v -0.150769 -0.058895 -0.534568
v -0.166551 -0.058927 -0.558218
v -0.179136 -0.058962 -0.583737
v -0.188288 -0.058999 -0.610670
v -0.193831 -0.059036 -0.638558
v -0.194770 -0.059056 -0.652796
v 0.237305 -0.059036 -0.638558
v 0.238244 -0.059056 -0.652796
v 0.231762 -0.058999 -0.610670
v 0.222611 -0.058962 -0.583737
v 0.210025 -0.058927 -0.558218
v 0.194244 -0.058895 -0.534568
v 0.175485 -0.058866 -0.513200
v 0.154095 -0.058840 -0.494441
v 0.130771 -0.058819 -0.478855
v -0.006652 -0.058782 -0.451358
v -0.006652 0.049969 -0.451506
v 0.021737 0.049972 -0.449658
v 0.021737 -0.058779 -0.449510
v -0.034540 -0.058789 -0.456922
v -0.034540 0.049962 -0.457070
v -0.061473 -0.058802 -0.466052
v -0.061473 0.049949 -0.466200
v -0.086971 0.049932 -0.478786
v 0.130445 0.049932 -0.478786
v 0.104947 -0.058802 -0.466052
v 0.104947 0.049949 -0.466200
v 0.078015 -0.058789 -0.456922
v 0.078015 0.049962 -0.457070
v 0.050126 -0.058782 -0.451358
v 0.050126 0.049969 -0.451506
v -0.195700 -0.059075 -0.666926
v -0.193831 -0.059114 -0.695314
v -0.188288 -0.059152 -0.723203
v -0.183745 -0.059170 -0.736571
v 0.239175 -0.059075 -0.666926
v 0.227219 -0.059170 -0.736571
v 0.231762 -0.059152 -0.723203
v 0.237305 -0.059114 -0.695314
v 0.806513 -0.160693 -0.752701
v 0.644121 -0.026896 -0.639595
v 0.652117 -0.057753 0.304923
v 0.585950 -0.007953 0.784396
v -0.801515 -0.059170 -0.597191
v -0.608642 -0.059056 -0.652796
v -0.608642 -0.057753 0.304923
v -0.725769 0.031474 0.737265
v 0.739066 -0.491844 0.785624
v -0.694156 -0.491844 0.785624
v -0.183745 -0.493914 -0.735980
v 0.227219 -0.493914 -0.735980
v 0.739066 -0.493914 -0.735980
v -0.694156 -0.493914 -0.735980
v -0.150769 -0.493999 -0.798714
v -0.132010 -0.494028 -0.820081
v 0.021737 -0.494115 -0.883771
v 0.104947 -0.494092 -0.867207
v 0.194244 -0.493999 -0.798714
v 0.999912 -0.494273 -1.000000
v 0.999912 -0.491552 0.999823
v -0.999912 -0.494273 -1.000000
v -0.999912 -0.491552 0.999823
v 0.999912 -0.624696 -0.999823
v 0.999912 -0.621975 1.000000
v -0.999912 -0.621975 1.000000
v -0.999912 -0.624696 -0.999823
v 0.021737 -0.493567 -0.448918
v -0.006652 -0.493569 -0.450766
v -0.034540 -0.493577 -0.456331
v -0.061473 -0.493589 -0.465460
v -0.086971 -0.493606 -0.478046
v -0.110621 -0.493628 -0.493849
v -0.132010 -0.493653 -0.512608
v -0.150769 -0.493683 -0.533976
v -0.166551 -0.493715 -0.557626
v -0.179136 -0.493749 -0.583146
v -0.188288 -0.493786 -0.610078
v -0.193831 -0.493824 -0.637967
v -0.195700 -0.493863 -0.666334
v -0.193831 -0.493901 -0.694723
v -0.188288 -0.493939 -0.722611
v -0.179136 -0.493976 -0.749544
v -0.166551 -0.494011 -0.775063
v -0.110621 -0.494097 -0.838840
v -0.086971 -0.494119 -0.854643
v -0.061473 -0.494136 -0.867207
v -0.034540 -0.494148 -0.876359
v -0.006652 -0.494156 -0.881902
v 0.239175 -0.493863 -0.666334
v 0.237305 -0.493824 -0.637967
v 0.231762 -0.493786 -0.610078
v 0.222611 -0.493749 -0.583146
v 0.210025 -0.493715 -0.557626
v 0.194244 -0.493683 -0.533976
v 0.175485 -0.493653 -0.512608
v 0.154095 -0.493628 -0.493849
v 0.130445 -0.493606 -0.478046
v 0.104947 -0.493589 -0.465460
v 0.078015 -0.493577 -0.456331
v 0.050126 -0.493569 -0.450766
v 0.050126 -0.494156 -0.881902
v 0.078015 -0.494148 -0.876359
v 0.130445 -0.494119 -0.854643
v 0.154095 -0.494097 -0.838840
v 0.175485 -0.494072 -0.820081
v 0.210025 -0.494011 -0.775063
v 0.222611 -0.493976 -0.749544
v 0.231762 -0.493939 -0.722611
v 0.237305 -0.493901 -0.694723
v 0.004456 0.309978 -0.524266
v -0.012521 0.306609 -0.524262
v -0.006391 0.283785 -0.508449
v -0.019868 0.279220 -0.508443
v 0.021737 0.311109 -0.524268
v 0.001674 0.331146 -0.543054
v 0.021737 0.332472 -0.543056
v -0.037105 0.320756 -0.543040
v -0.055126 0.311866 -0.543028
v 0.021737 0.351181 -0.564471
v -0.022911 0.345312 -0.564463
v -0.018064 0.327234 -0.543049
v -0.044279 0.338052 -0.564453
v -0.000783 0.349724 -0.564469
v -0.064516 0.328074 -0.564439
v -0.127641 0.293284 -0.588042
v -0.141335 0.272808 -0.588014
v -0.144879 0.306451 -0.640490
v -0.137618 0.300923 -0.613550
v -0.152226 0.279077 -0.613521
v -0.146905 0.307981 -0.653296
v -0.154089 0.297212 -0.653281
v -0.072407 0.341736 -0.588108
v -0.092883 0.328042 -0.588090
v -0.078710 0.352592 -0.613621
v -0.100556 0.337985 -0.613601
v -0.120294 0.320660 -0.613577
v -0.111403 0.311804 -0.588067
v -0.106121 0.345208 -0.640543
v -0.107669 0.347217 -0.653349
v -0.117398 0.338674 -0.653337
v -0.126771 0.327101 -0.640518
v -0.128567 0.328879 -0.653324
v -0.137110 0.319150 -0.653311
v -0.071209 0.369228 -0.653379
v -0.083275 0.360468 -0.640564
v -0.084543 0.362657 -0.653370
v -0.095311 0.355470 -0.653360
v -0.050322 0.352627 -0.588123
v -0.002848 0.365343 -0.588140
v -0.026998 0.360539 -0.588134
v -0.004478 0.377786 -0.613655
v -0.030258 0.372656 -0.613648
v -0.055126 0.364222 -0.613637
v -0.005673 0.386813 -0.640600
v -0.032628 0.381444 -0.640592
v 0.008825 0.390296 -0.653408
v -0.006002 0.389320 -0.653406
v -0.018707 0.386796 -0.653403
v -0.033286 0.383892 -0.653399
v -0.045539 0.379731 -0.653393
v -0.058625 0.372619 -0.640580
v -0.059604 0.374956 -0.653387
v 0.035932 0.070999 -0.508160
v 0.021737 0.070065 -0.508158
v 0.038710 0.049873 -0.522332
v 0.037216 0.049873 -0.522267
v 0.021737 0.049874 -0.521591
v 0.055995 0.050893 -0.523914
v 0.050848 0.049871 -0.523912
v 0.049865 0.073760 -0.508164
v 0.063342 0.078325 -0.508170
v -0.072407 0.124408 -0.508232
v -0.092883 0.112561 -0.523997
v -0.083275 0.098171 -0.523978
v -0.100556 0.128103 -0.524019
v -0.120294 0.119883 -0.542767
v -0.111403 0.101862 -0.542742
v -0.137618 0.112680 -0.564146
v -0.127641 0.092443 -0.564119
v -0.086036 0.164578 -0.508287
v -0.106121 0.144493 -0.524041
v -0.083275 0.150644 -0.508268
v -0.078710 0.137167 -0.508250
v -0.109490 0.161470 -0.524064
v -0.130684 0.158662 -0.542820
v -0.149291 0.156176 -0.564206
v -0.144879 0.134048 -0.564175
v -0.126771 0.138924 -0.542793
v -0.044279 0.128142 -0.495652
v -0.028911 0.112774 -0.495631
v -0.064516 0.112583 -0.508216
v -0.055126 0.101910 -0.508202
v -0.168916 0.085629 -0.652993
v -0.162344 0.072296 -0.652975
v -0.194770 0.049695 -0.652944
v -0.155158 0.061527 -0.652960
v -0.147254 0.049695 -0.652944
v -0.183580 0.123552 -0.653045
v -0.179419 0.111296 -0.653028
v -0.174643 0.097235 -0.653009
v -0.189983 0.165663 -0.653102
v -0.189007 0.150834 -0.653082
v -0.186484 0.138131 -0.653065
v -0.186103 0.220895 -0.653177
v -0.189007 0.206314 -0.653157
v -0.189857 0.193402 -0.653140
v -0.190833 0.178575 -0.653120
v -0.174643 0.259916 -0.653230
v -0.178806 0.247660 -0.653214
v -0.183580 0.233599 -0.653195
v -0.195700 0.339646 -0.653339
v 0.190729 0.049695 -0.652944
v 0.197563 0.059938 -0.652958
v 0.205819 0.072296 -0.652975
v 0.211547 0.083901 -0.652991
v 0.238244 0.049695 -0.652944
v 0.218118 0.097235 -0.653009
v 0.222280 0.109490 -0.653026
v 0.227054 0.123552 -0.653045
v 0.229578 0.136255 -0.653062
v 0.232482 0.150834 -0.653082
v 0.233332 0.163748 -0.653099
v 0.233458 0.191489 -0.653137
v 0.232482 0.206314 -0.653157
v 0.229958 0.219019 -0.653175
v 0.234308 0.178575 -0.653120
v 0.227054 0.233599 -0.653195
v 0.222893 0.245854 -0.653211
v 0.218118 0.259916 -0.653230
v 0.239175 0.339646 -0.653339
v 0.021737 0.549586 -0.653624
v -0.093482 0.624696 0.541442
v -0.160138 0.073580 -0.640173
v -0.166551 0.049824 -0.558366
v -0.179136 0.049789 -0.583885
v -0.188288 0.049753 -0.610818
v -0.193831 0.049715 -0.638706
v -0.100230 0.085125 -0.542719
v -0.071863 0.085150 -0.523960
v -0.071863 0.056758 -0.542681
v -0.100230 0.056729 -0.564070
v -0.086971 0.070018 -0.542699
v -0.077161 0.049832 -0.552601
v -0.084323 0.049825 -0.557998
v -0.070011 0.049838 -0.548064
v -0.115120 0.073684 -0.564093
v -0.107143 0.049796 -0.578692
v -0.098378 0.049808 -0.570026
v -0.092359 0.049816 -0.564061
v -0.110621 0.049911 -0.494589
v -0.132010 0.049885 -0.513348
v -0.150769 0.049856 -0.534716
v -0.032628 0.084629 -0.508178
v -0.058843 0.073738 -0.523945
v -0.044453 0.064131 -0.523932
v -0.040631 0.049858 -0.533672
v -0.028911 0.056457 -0.523921
v -0.031645 0.049862 -0.530173
v -0.026185 0.049865 -0.528625
v -0.019868 0.078325 -0.508170
v -0.164942 0.154079 -0.587853
v -0.186484 0.151182 -0.640279
v -0.177419 0.152414 -0.613348
v -0.164942 0.203249 -0.587920
v -0.166551 0.178664 -0.587886
v -0.177419 0.204844 -0.613420
v -0.179136 0.178629 -0.613384
v -0.186484 0.206003 -0.640354
v -0.188288 0.178593 -0.640316
v -0.172289 0.230625 -0.613455
v -0.160138 0.227399 -0.587953
v -0.172289 0.258955 -0.640426
v -0.163855 0.255492 -0.613489
v -0.181115 0.232957 -0.640390
v -0.006391 0.130067 -0.486503
v 0.007173 0.124437 -0.486495
v 0.014390 0.123002 -0.486493
v 0.021737 0.122524 -0.486493
v 0.000196 0.126806 -0.486498
v -0.026998 0.150674 -0.486531
v -0.034062 0.171455 -0.486559
v -0.032628 0.164238 -0.486549
v -0.030258 0.157260 -0.486540
v -0.022911 0.144544 -0.486523
v 0.010869 0.152594 -0.480991
v 0.014390 0.151399 -0.480989
v 0.018042 0.150682 -0.480988
v -0.018064 0.139001 -0.486515
v -0.012521 0.134154 -0.486508
v 0.007543 0.154225 -0.480993
v 0.021737 0.150421 -0.480988
v -0.006391 0.175114 -0.481021
v -0.000783 0.161528 -0.481003
v 0.001674 0.158746 -0.480999
v 0.056269 0.049870 -0.524840
v 0.057767 0.049869 -0.525264
v 0.076102 0.084629 -0.508178
v 0.087927 0.064131 -0.523932
v 0.102317 0.073738 -0.523945
v 0.072385 0.056457 -0.523921
v 0.075120 0.049862 -0.530173
v 0.088303 0.049855 -0.535303
v 0.096144 0.049851 -0.538357
v 0.104982 0.049845 -0.542671
v 0.115338 0.056758 -0.542681
v 0.115338 0.085150 -0.523960
v 0.143705 0.085125 -0.542719
v 0.120635 0.049832 -0.552601
v 0.143705 0.056729 -0.564070
v 0.135834 0.049816 -0.564061
v 0.130445 0.070018 -0.542699
v 0.150617 0.049796 -0.578692
v 0.158595 0.073684 -0.564093
v 0.194244 0.049856 -0.534716
v 0.175485 0.049885 -0.513348
v 0.154095 0.049911 -0.494589
v 0.171115 0.064044 -0.587730
v 0.158612 0.049784 -0.587711
v 0.165175 0.049771 -0.597725
v 0.184810 0.084520 -0.587758
v 0.187457 0.049713 -0.640141
v 0.186581 0.049715 -0.638200
v 0.188353 0.050734 -0.640142
v 0.181093 0.056336 -0.613218
v 0.175311 0.049749 -0.613209
v 0.195700 0.078182 -0.613247
v 0.189692 0.049701 -0.648597
v 0.203613 0.073580 -0.640173
v 0.237305 0.049715 -0.638706
v 0.231762 0.049753 -0.610818
v 0.222611 0.049789 -0.583885
v 0.210025 0.049824 -0.558366
v 0.049865 0.130067 -0.486503
v 0.029084 0.123002 -0.486493
v 0.036301 0.124437 -0.486495
v 0.043279 0.126806 -0.486498
v 0.025433 0.150682 -0.480988
v 0.025433 0.206937 -0.481064
v 0.021737 0.207198 -0.481065
v 0.061538 0.218603 -0.486623
v 0.078015 0.178802 -0.486569
v 0.070472 0.206930 -0.486607
v 0.077537 0.186149 -0.486579
v 0.076102 0.193366 -0.486589
v 0.073733 0.200344 -0.486598
v 0.066386 0.213060 -0.486616
v 0.055995 0.223450 -0.486630
v 0.049865 0.227537 -0.486636
v 0.036301 0.233167 -0.486643
v 0.029084 0.234601 -0.486645
v 0.021737 0.235079 -0.486646
v 0.043279 0.230797 -0.486640
v 0.032606 0.096297 -0.495608
v 0.021737 0.095580 -0.495607
v 0.043279 0.098427 -0.495611
v 0.053582 0.101927 -0.495616
v 0.063342 0.106731 -0.495623
v 0.072385 0.112774 -0.495631
v 0.129510 0.192967 -0.508326
v 0.154095 0.178751 -0.524088
v 0.149596 0.213009 -0.524134
v 0.126750 0.206900 -0.508345
v 0.122185 0.220377 -0.508363
v 0.130445 0.178772 -0.508306
v 0.152965 0.196032 -0.524111
v 0.174159 0.198789 -0.542874
v 0.192766 0.201216 -0.564267
v 0.194244 0.178696 -0.564236
v 0.170246 0.218526 -0.542901
v 0.175485 0.178725 -0.542847
v 0.115881 0.233137 -0.508380
v 0.136358 0.244941 -0.524178
v 0.126750 0.259331 -0.524197
v 0.144031 0.229398 -0.524157
v 0.163768 0.237568 -0.542927
v 0.154878 0.255588 -0.542951
v -0.037105 0.119947 -0.495641
v -0.044453 0.092519 -0.508189
v -0.019868 0.106731 -0.495623
v -0.010108 0.101927 -0.495616
v 0.000196 0.098427 -0.495611
v 0.010869 0.096297 -0.495608
v -0.060755 0.167921 -0.495706
v -0.058625 0.157248 -0.495691
v -0.055126 0.146944 -0.495677
v -0.050322 0.137184 -0.495664
v -0.152226 0.106605 -0.587788
v -0.078710 0.220377 -0.508363
v -0.083275 0.206900 -0.508345
v -0.086036 0.192967 -0.508326
v -0.106121 0.213009 -0.524134
v -0.110621 0.178751 -0.524088
v -0.086971 0.178772 -0.508306
v -0.109490 0.196032 -0.524111
v -0.126771 0.218526 -0.542901
v -0.130684 0.198789 -0.542874
v -0.132010 0.178725 -0.542847
v -0.149291 0.201216 -0.564267
v -0.150769 0.178696 -0.564236
v -0.072407 0.233137 -0.508380
v -0.083275 0.259331 -0.524197
v -0.092883 0.244941 -0.524178
v -0.100556 0.229398 -0.524157
v 0.188353 0.223344 -0.564297
v 0.181093 0.244712 -0.564326
v 0.171115 0.264949 -0.564354
v 0.195700 0.250723 -0.587984
v 0.215764 0.126634 -0.613313
v 0.203613 0.129929 -0.587820
v 0.215764 0.098230 -0.640207
v 0.207330 0.101767 -0.613279
v 0.224589 0.124228 -0.640242
v 0.208417 0.154079 -0.587853
v 0.220894 0.152414 -0.613348
v 0.229958 0.151182 -0.640279
v 0.210025 0.178664 -0.587886
v 0.222611 0.178629 -0.613384
v 0.208417 0.203249 -0.587920
v 0.229958 0.206003 -0.640354
v 0.220894 0.204844 -0.613420
v 0.231762 0.178593 -0.640316
v 0.203613 0.227399 -0.587953
v 0.224589 0.232957 -0.640390
v 0.215764 0.230625 -0.613455
v 0.207330 0.255492 -0.613489
v 0.215764 0.258955 -0.640426
v 0.063342 0.279220 -0.508443
v 0.049865 0.283785 -0.508449
v 0.035932 0.286545 -0.508453
v 0.055995 0.306609 -0.524262
v 0.039018 0.309978 -0.524266
v 0.076102 0.272916 -0.508434
v 0.102317 0.283763 -0.524230
v 0.087927 0.293371 -0.524244
v 0.072385 0.301044 -0.524254
v 0.087753 0.128142 -0.495652
v 0.087927 0.092519 -0.508189
v 0.098600 0.101910 -0.508202
v 0.080580 0.119947 -0.495641
v 0.107991 0.112583 -0.508216
v 0.093796 0.137184 -0.495664
v 0.098600 0.146944 -0.495677
v 0.102100 0.157248 -0.495691
v 0.104230 0.167921 -0.495706
v 0.115881 0.124408 -0.508232
v 0.126750 0.098171 -0.523978
v 0.136358 0.112561 -0.523997
v 0.144031 0.128103 -0.524019
v 0.171115 0.092443 -0.564119
v 0.154878 0.101862 -0.542742
v 0.181093 0.112680 -0.564146
v 0.163768 0.119883 -0.542767
v 0.122185 0.137167 -0.508250
v 0.126750 0.150644 -0.508268
v 0.129510 0.164578 -0.508287
v 0.149596 0.144493 -0.524041
v 0.152965 0.161470 -0.524064
v 0.174159 0.158662 -0.542820
v 0.188353 0.134048 -0.564175
v 0.170246 0.138924 -0.542793
v 0.192766 0.156176 -0.564206
v 0.195700 0.106605 -0.587788
v 0.104230 0.189658 -0.495735
v 0.104947 0.178789 -0.495721
v 0.102100 0.200331 -0.495750
v 0.098600 0.210634 -0.495764
v 0.093796 0.220394 -0.495777
v 0.063342 0.250848 -0.495819
v 0.053582 0.255652 -0.495825
v -0.127641 0.264949 -0.564354
v -0.111403 0.255588 -0.542951
v -0.137618 0.244712 -0.564326
v -0.120294 0.237568 -0.542927
v -0.144879 0.223344 -0.564297
v -0.050322 0.220394 -0.495777
v -0.055126 0.210634 -0.495764
v -0.058625 0.200331 -0.495750
v -0.060755 0.189658 -0.495735
v -0.061473 0.178789 -0.495721
v -0.028911 0.244805 -0.495810
v -0.037105 0.237632 -0.495801
v -0.005673 0.171462 -0.481016
v -0.004478 0.167941 -0.481011
v -0.002848 0.164615 -0.481007
v 0.004456 0.156290 -0.480996
v -0.022911 0.213060 -0.486616
v -0.026998 0.206930 -0.486607
v -0.032628 0.193366 -0.486589
v -0.034062 0.186149 -0.486579
v -0.034540 0.178802 -0.486569
v -0.030258 0.200344 -0.486598
v -0.000783 0.196091 -0.481050
v -0.004478 0.189678 -0.481041
v -0.005673 0.186157 -0.481036
v -0.006391 0.182505 -0.481031
v -0.002848 0.193004 -0.481046
v -0.006652 0.178809 -0.481026
v 0.021737 0.178812 -0.479178
v 0.001674 0.198873 -0.481053
v 0.018042 0.206937 -0.481064
v 0.029084 0.151399 -0.480989
v 0.032606 0.152594 -0.480991
v 0.035932 0.154225 -0.480993
v 0.055995 0.134154 -0.486508
v 0.061538 0.139001 -0.486515
v 0.039018 0.156290 -0.480996
v 0.041801 0.158746 -0.480999
v 0.047952 0.167941 -0.481011
v 0.049148 0.171462 -0.481016
v 0.049865 0.175114 -0.481021
v 0.044257 0.161528 -0.481003
v 0.046322 0.164615 -0.481007
v 0.066386 0.144544 -0.486523
v 0.070472 0.150674 -0.486531
v 0.076102 0.164238 -0.486549
v 0.077537 0.171455 -0.486559
v 0.073733 0.157260 -0.486540
v 0.041801 0.198873 -0.481053
v 0.049865 0.182505 -0.481031
v 0.050126 0.178809 -0.481026
v 0.044257 0.196091 -0.481050
v 0.049148 0.186157 -0.481036
v 0.047952 0.189678 -0.481041
v 0.046322 0.193004 -0.481046
v 0.032606 0.205024 -0.481062
v 0.029084 0.206220 -0.481064
v 0.039018 0.201329 -0.481057
v 0.035932 0.203394 -0.481060
v -0.006391 0.073760 -0.508164
v 0.007543 0.070999 -0.508160
v -0.012521 0.050893 -0.523914
v 0.004765 0.049873 -0.522332
v 0.003484 0.049873 -0.522499
v 0.019729 0.049874 -0.521680
v -0.012795 0.049870 -0.524840
v -0.007373 0.049871 -0.523912
v -0.055689 0.049849 -0.539830
v -0.061508 0.049845 -0.542671
v -0.052669 0.049851 -0.538357
v -0.141335 0.084520 -0.587758
v -0.127641 0.064044 -0.587730
v -0.111966 0.049789 -0.584129
v -0.152226 0.078182 -0.613247
v -0.137618 0.056336 -0.613218
v -0.123820 0.049766 -0.600975
v -0.131836 0.049749 -0.613209
v -0.115138 0.049784 -0.587711
v -0.144879 0.050734 -0.640142
v -0.134893 0.049740 -0.619975
v -0.146218 0.049701 -0.648597
v -0.144287 0.049711 -0.641302
v -0.143983 0.049713 -0.640141
v -0.160138 0.129929 -0.587820
v -0.181115 0.124228 -0.640242
v -0.172289 0.126634 -0.613313
v -0.163855 0.101767 -0.613279
v -0.172289 0.098230 -0.640207
v 0.043279 0.259152 -0.495830
v 0.032606 0.261282 -0.495833
v 0.087753 0.229437 -0.495789
v 0.072385 0.244805 -0.495810
v 0.107991 0.244962 -0.508396
v 0.098600 0.255635 -0.508411
v 0.080580 0.237632 -0.495801
v 0.087927 0.265026 -0.508424
v 0.041801 0.331146 -0.543054
v 0.107991 0.328074 -0.564439
v 0.098600 0.311866 -0.543028
v 0.087753 0.338052 -0.564453
v 0.080580 0.320756 -0.543040
v 0.061538 0.327234 -0.543049
v 0.066386 0.345312 -0.564463
v 0.044257 0.349724 -0.564469
v 0.115338 0.272351 -0.524215
v 0.004456 0.201329 -0.481057
v 0.014390 0.206220 -0.481064
v 0.010869 0.205024 -0.481062
v 0.007543 0.203394 -0.481060
v -0.018064 0.218603 -0.486623
v -0.006391 0.227537 -0.486636
v 0.014390 0.234601 -0.486645
v 0.007173 0.233167 -0.486643
v 0.000196 0.230797 -0.486640
v -0.012521 0.223450 -0.486630
vn -0.5617 -0.5626 -0.6066
vn -0.5621 -0.4323 -0.7050
vn -0.5011 -0.5020 -0.7049
vn -0.4838 -0.6311 -0.6064
vn -0.4313 -0.5631 -0.7049
vn -0.3970 -0.6888 -0.6065
vn -0.4334 -0.7512 -0.4979
vn -0.3315 -0.8014 -0.4979
vn -0.2392 -0.8933 -0.3806
vn -0.3536 -0.8545 -0.3805
vn -0.2243 -0.8378 -0.4978
vn -0.1131 -0.8600 -0.4976
vn -0.1207 -0.9168 -0.3806
vn -0.0000 -0.9247 -0.3807
vn 0.0001 -0.8673 -0.4978
vn -0.2501 -0.9335 -0.2569
vn -0.3697 -0.8929 -0.2569
vn -0.1263 -0.9582 -0.2568
vn -0.0000 -0.9664 -0.2569
vn -0.2040 -0.6018 -0.7722
vn -0.1598 -0.5979 -0.7855
vn -0.2365 -0.5721 -0.7854
vn -0.1239 -0.6235 -0.7720
vn -0.0808 -0.6139 -0.7853
vn -0.0416 -0.6343 -0.7720
vn -0.0000 -0.6191 -0.7853
vn -0.7504 -0.4341 -0.4984
vn -0.6876 -0.5284 -0.4981
vn -0.7330 -0.5634 -0.3813
vn -0.8004 -0.4627 -0.3812
vn -0.7664 -0.5885 -0.2574
vn -0.4901 -0.3773 -0.7857
vn -0.5276 -0.3534 -0.7725
vn -0.4772 -0.4196 -0.7721
vn -0.6129 -0.6136 -0.4979
vn -0.6303 -0.4845 -0.6066
vn -0.5278 -0.6882 -0.4979
vn -0.6535 -0.6540 -0.3811
vn 0.0504 -0.3832 -0.9223
vn -0.0000 -0.3866 -0.9223
vn -0.0000 -0.2627 -0.9649
vn 0.0654 -0.4988 -0.8643
vn 0.1921 -0.4648 -0.8643
vn 0.0998 -0.3733 -0.9223
vn 0.1474 -0.3572 -0.9223
vn 0.1296 -0.4860 -0.8643
vn 0.5353 -0.3102 -0.7856
vn 0.5278 -0.3535 -0.7723
vn 0.8367 -0.4834 -0.2574
vn 0.8926 -0.3700 -0.2576
vn 0.5690 -0.2816 -0.7726
vn 0.4316 -0.4326 -0.7915
vn 0.4843 -0.3725 -0.7916
vn 0.5622 -0.4323 -0.7050
vn 0.5011 -0.5021 -0.7049
vn 0.4314 -0.5631 -0.7049
vn 0.5618 -0.5625 -0.6066
vn 0.4836 -0.6311 -0.6064
vn 0.6302 -0.4846 -0.6066
vn 0.6880 -0.3978 -0.6069
vn 0.2509 -0.4358 -0.8644
vn 0.3715 -0.4855 -0.7914
vn 0.3052 -0.5297 -0.7914
vn 0.3056 -0.3992 -0.8644
vn 0.3549 -0.3560 -0.8645
vn -0.4623 -0.8009 -0.3806
vn -0.0000 -0.5031 -0.8642
vn -0.5628 -0.7336 -0.3809
vn -0.6831 -0.6835 -0.2573
vn -0.5880 -0.7668 -0.2573
vn -0.4374 -0.4382 -0.7853
vn -0.4184 -0.4780 -0.7723
vn -0.3760 -0.4914 -0.7856
vn -0.3525 -0.5289 -0.7720
vn -0.4831 -0.8371 -0.2569
vn -0.3092 -0.5364 -0.7853
vn -0.2805 -0.5700 -0.7722
vn -0.8368 -0.4833 -0.2573
vn -0.5355 -0.3099 -0.7856
vn -0.5692 -0.2817 -0.7724
vn 0.9659 -0.0004 -0.2589
vn 0.6967 -0.6929 -0.1858
vn 0.9238 -0.0005 -0.3828
vn 0.9914 -0.0002 -0.1307
vn -0.9659 -0.0004 -0.2589
vn -0.6967 -0.6929 -0.1858
vn -0.9914 -0.0002 -0.1307
vn -0.9238 -0.0005 -0.3828
vn 0.1306 -0.0013 -0.9914
vn 0.0942 -0.6935 -0.7142
vn -0.0000 -0.6937 -0.7202
vn -0.0000 -0.0014 -1.0000
vn 0.2589 -0.0013 -0.9659
vn 0.1867 -0.6937 -0.6956
vn 0.3835 -0.0013 -0.9236
vn 0.2762 -0.6934 -0.6655
vn 0.5009 -0.0012 -0.8655
vn 0.3607 -0.6935 -0.6237
vn -0.3834 -0.0012 -0.9236
vn -0.2760 -0.6935 -0.6655
vn -0.3603 -0.6936 -0.6238
vn -0.5010 -0.0011 -0.8654
vn -0.2589 -0.0013 -0.9659
vn -0.1867 -0.6937 -0.6956
vn -0.1306 -0.0013 -0.9914
vn -0.0942 -0.6935 -0.7142
vn 0.0794 -0.4861 -0.8703
vn 0.0003 -0.4834 -0.8754
vn -0.0384 -0.4731 -0.8802
vn 0.6681 0.7224 0.1781
vn 0.6190 0.5531 -0.5576
vn -0.7688 -0.3091 -0.5598
vn -0.7222 0.5443 -0.4268
vn -0.7155 0.6923 0.0940
vn 0.4679 0.7925 -0.3911
vn -0.6984 0.6907 0.1875
vn -0.7209 0.6930 -0.0008
vn -0.6828 0.5491 -0.4820
vn -0.8956 0.2871 -0.3397
vn 0.7122 0.3123 -0.6287
vn -0.1171 0.9930 0.0129
vn 0.4400 0.6727 0.5948
vn 0.6859 0.7222 0.0894
vn 0.6917 0.7222 -0.0010
vn 0.8900 0.2844 -0.3564
vn -0.0710 0.9968 0.0377
vn -0.5938 0.6406 0.4868
vn -0.2904 0.9054 0.3096
vn 0.2770 0.9262 0.2557
vn -0.9261 0.3771 -0.0133
vn 0.3226 0.8751 -0.3608
vn -0.2293 0.9240 -0.3061
vn 0.8978 0.4402 -0.0096
vn -0.2752 0.6918 -0.6676
vn -0.3607 0.6919 -0.6255
vn -0.0000 0.6917 -0.7221
vn 0.1867 0.6918 -0.6975
vn 0.2752 0.6917 -0.6677
vn 0.3607 0.6918 -0.6255
vn 0.4383 0.6920 -0.5736
vn 0.5096 0.6920 -0.5113
vn 0.7069 -0.0010 -0.7073
vn 0.6088 -0.0011 -0.7933
vn 0.5718 0.6921 -0.4405
vn 0.7934 -0.0008 -0.6087
vn 0.8662 -0.0007 -0.4997
vn 0.6247 0.6923 -0.3613
vn 0.6964 0.6925 -0.1885
vn 0.7149 0.6927 -0.0955
vn 0.7213 0.6926 -0.0010
vn 0.7150 0.6928 0.0932
vn -0.7148 0.6930 0.0940
vn -0.7212 0.6927 -0.0005
vn -0.7150 0.6926 -0.0952
vn -0.6665 0.6924 -0.2764
vn -0.6248 0.6923 -0.3610
vn -0.8662 -0.0007 -0.4997
vn -0.5719 0.6920 -0.4406
vn -0.7934 -0.0008 -0.6087
vn -0.7069 -0.0010 -0.7073
vn -0.6088 -0.0011 -0.7933
vn -0.4395 0.6920 -0.5727
vn -0.0004 1.0000 -0.0004
vn -0.0002 1.0000 -0.0009
vn 0.0004 1.0000 -0.0017
vn -0.5774 0.5766 -0.5781
vn 0.0006 1.0000 -0.0022
vn -0.0000 1.0000 -0.0013
vn -0.0008 1.0000 0.0027
vn 0.5773 0.5766 -0.5781
vn -0.0000 1.0000 -0.0008
vn -0.0004 1.0000 -0.0016
vn 0.0008 1.0000 0.0026
vn 0.0006 1.0000 -0.0002
vn -0.0003 1.0000 -0.0025
vn 0.0004 1.0000 -0.0004
vn -0.0005 1.0000 -0.0017
vn -0.0005 1.0000 -0.0018
vn -0.0004 1.0000 -0.0017
vn 0.5774 0.5781 0.5766
vn -0.5773 0.5781 0.5766
vn 0.0005 1.0000 -0.0018
vn -0.5773 -0.5781 -0.5766
vn 0.5773 -0.5782 -0.5766
vn -0.5773 -0.5766 0.5781
vn 0.5773 -0.5766 0.5781
vn 0.0942 0.6916 -0.7161
vn 0.6663 0.6923 -0.2771
vn 0.6967 0.6929 0.1858
vn -0.6968 0.6925 -0.1869
vn -0.5098 0.6920 -0.5110
vn -0.1867 0.6918 -0.6975
vn -0.0942 0.6916 -0.7161
vn -0.6967 0.6929 0.1858
vn 0.0795 -0.6062 -0.7913
vn -0.0000 -0.6114 -0.7914
vn 0.1579 -0.5906 -0.7913
vn 0.2337 -0.5650 -0.7913
vn 0.3542 -0.6147 -0.7048
vn 0.0925 -0.7034 -0.7047
vn -0.0001 -0.7096 -0.7046
vn 0.1834 -0.6855 -0.7046
vn 0.2714 -0.6556 -0.7047
vn 0.1036 -0.7885 -0.6062
vn 0.2058 -0.7681 -0.6063
vn 0.3041 -0.7347 -0.6064
vn 0.3971 -0.6889 -0.6064
vn -0.0000 -0.7953 -0.6062
vn 0.3316 -0.8013 -0.4979
vn 0.1130 -0.8600 -0.4976
vn 0.6875 -0.5284 -0.4981
vn 0.7505 -0.4341 -0.4983
vn 0.7331 -0.5633 -0.3811
vn 0.7665 -0.5884 -0.2575
vn 0.8004 -0.4628 -0.3811
vn 0.4770 -0.4195 -0.7724
vn 0.4904 -0.3770 -0.7857
vn 0.4334 -0.7511 -0.4980
vn 0.5277 -0.6882 -0.4978
vn 0.6129 -0.6135 -0.4979
vn 0.5628 -0.7335 -0.3810
vn 0.4622 -0.8009 -0.3807
vn 0.6535 -0.6540 -0.3811
vn 0.5881 -0.7668 -0.2572
vn 0.6831 -0.6835 -0.2573
vn 0.3762 -0.4912 -0.7856
vn 0.3524 -0.5287 -0.7722
vn 0.4186 -0.4782 -0.7721
vn 0.4371 -0.4384 -0.7853
vn 0.4829 -0.8372 -0.2568
vn 0.2807 -0.5703 -0.7720
vn 0.3088 -0.5365 -0.7853
vn 0.2243 -0.8379 -0.4977
vn 0.2392 -0.8933 -0.3805
vn 0.3536 -0.8545 -0.3805
vn 0.1207 -0.9168 -0.3806
vn 0.1263 -0.9582 -0.2569
vn 0.2502 -0.9335 -0.2570
vn 0.3697 -0.8930 -0.2568
vn 0.0416 -0.6342 -0.7720
vn 0.0807 -0.6140 -0.7852
vn 0.1239 -0.6232 -0.7722
vn 0.1600 -0.5979 -0.7854
vn 0.2040 -0.6018 -0.7721
vn 0.2366 -0.5719 -0.7855
vn -0.0793 -0.4860 -0.8704
vn -0.0654 0.4964 -0.8656
vn -0.0000 0.5007 -0.8656
vn -0.1579 0.5883 -0.7931
vn -0.1161 -0.4782 -0.8705
vn -0.1296 0.4836 -0.8656
vn 0.4346 0.2497 -0.8653
vn 0.4844 0.3704 -0.7926
vn 0.5286 0.3042 -0.7925
vn 0.6137 0.3532 -0.7061
vn 0.5639 0.2326 -0.7924
vn 0.6546 0.2704 -0.7059
vn 0.5621 0.4304 -0.7062
vn 0.6880 0.3963 -0.6079
vn 0.7339 0.3033 -0.6078
vn 0.6303 0.4828 -0.6079
vn 0.4976 0.0643 -0.8650
vn 0.5896 0.1568 -0.7924
vn 0.6051 0.0784 -0.7923
vn 0.4848 0.1284 -0.8651
vn 0.4636 0.1909 -0.8652
vn 0.6845 0.1824 -0.7058
vn 0.7085 -0.0010 -0.7057
vn 0.7024 0.0915 -0.7058
vn 0.7876 0.1031 -0.6075
vn 0.7673 0.2049 -0.6076
vn 0.8007 0.3309 -0.4994
vn 0.3559 0.1461 -0.9230
vn 0.3337 0.1913 -0.9231
vn 0.3057 0.2332 -0.9231
vn 0.3548 0.3537 -0.8655
vn 0.3980 0.3045 -0.8654
vn 0.5355 0.3078 -0.7864
vn 0.5277 0.3513 -0.7734
vn 0.2967 -0.2861 -0.9111
vn 0.6598 -0.4189 -0.6239
vn 0.5709 0.2356 -0.7865
vn 0.6008 0.2029 -0.7733
vn 0.5969 0.1589 -0.7864
vn 0.5692 0.2796 -0.7732
vn 0.6129 0.0796 -0.7861
vn 0.6333 0.0406 -0.7729
vn 0.6222 0.1228 -0.7732
vn 0.6181 -0.0011 -0.7861
vn 0.6332 -0.0427 -0.7728
vn 0.6224 -0.1250 -0.7726
vn 0.5968 -0.1609 -0.7861
vn 0.6007 -0.2050 -0.7727
vn 0.5710 -0.2376 -0.7858
vn 0.6128 -0.0819 -0.7859
vn -0.4901 0.4745 -0.7312
vn 0.0353 0.7983 -0.6012
vn -0.6596 -0.4191 -0.6239
vn -0.5278 0.3514 -0.7732
vn -0.2761 -0.2825 -0.9187
vn -0.5354 0.3081 -0.7864
vn -0.5690 0.2795 -0.7734
vn -0.5608 0.2372 -0.7932
vn -0.5898 0.1992 -0.7826
vn -0.5849 0.1557 -0.7960
vn -0.6002 0.0784 -0.7960
vn -0.6211 0.0398 -0.7827
vn -0.6109 0.1205 -0.7825
vn -0.6045 -0.0006 -0.7966
vn -0.6202 -0.0419 -0.7833
vn -0.5983 -0.0792 -0.7973
vn -0.6081 -0.1221 -0.7844
vn -0.5807 -0.1557 -0.7991
vn -0.5851 -0.1997 -0.7860
vn -0.5602 -0.2407 -0.7926
vn 0.4880 0.5135 -0.7058
vn -0.0939 0.7101 0.6978
vn 0.8368 0.4825 -0.2586
vn 0.7663 0.5881 -0.2589
vn 0.5723 -0.6932 -0.4382
vn 0.6247 -0.6932 -0.3595
vn 0.6663 -0.6931 -0.2752
vn 0.7150 -0.6929 -0.0933
vn 0.8399 -0.4468 -0.3080
vn 0.8215 -0.4339 -0.3700
vn 0.4391 -0.6935 -0.5712
vn 0.5011 0.5001 -0.7062
vn 0.4316 0.4305 -0.7927
vn 0.4314 0.5612 -0.7064
vn 0.5617 0.5610 -0.6081
vn 0.5327 -0.4671 -0.7057
vn 0.5193 -0.4687 -0.7146
vn 0.5592 -0.4724 -0.6813
vn 0.4830 -0.4336 -0.7607
vn 0.7504 0.4328 -0.4996
vn 0.6876 0.5270 -0.4995
vn 0.6586 -0.4758 -0.5829
vn 0.6520 -0.4764 -0.5899
vn 0.6342 -0.4334 -0.6403
vn 0.5098 -0.6934 -0.5091
vn 0.3052 0.5276 -0.7928
vn 0.3664 -0.4787 -0.7979
vn 0.3714 0.4832 -0.7928
vn 0.2509 0.4334 -0.8655
vn 0.2338 0.5628 -0.7928
vn 0.3237 -0.4526 -0.8309
vn 0.2964 -0.4572 -0.8385
vn 0.2456 -0.4340 -0.8668
vn 0.4059 -0.4785 -0.7786
vn 0.3860 -0.4758 -0.7903
vn 0.2085 -0.4409 -0.8730
vn 0.9163 0.1201 -0.3820
vn 0.9331 0.2498 -0.2586
vn 0.9578 0.1259 -0.2583
vn 0.9242 -0.0005 -0.3820
vn 0.8593 -0.1138 -0.4986
vn 0.8668 -0.0007 -0.4987
vn 0.9163 -0.1212 -0.3817
vn 0.8593 0.1125 -0.4989
vn 0.9661 -0.0003 -0.2582
vn 0.9578 -0.1267 -0.2579
vn 0.8928 -0.2397 -0.3815
vn 0.8540 -0.3541 -0.3812
vn 0.8007 -0.3322 -0.4985
vn 0.8371 -0.2249 -0.4986
vn 0.9332 -0.2504 -0.2578
vn 0.0677 0.2512 -0.9656
vn 0.0340 0.2579 -0.9656
vn 0.0505 0.3808 -0.9233
vn 0.3820 0.0492 -0.9229
vn 0.2592 0.0327 -0.9653
vn 0.3721 0.0985 -0.9230
vn 0.2526 0.0664 -0.9653
vn 0.2415 0.0989 -0.9654
vn 0.2263 0.1295 -0.9654
vn 0.1849 0.1835 -0.9655
vn 0.2726 0.2712 -0.9231
vn 0.2076 0.1576 -0.9654
vn 0.1152 0.0651 -0.9912
vn 0.1053 0.0798 -0.9912
vn 0.0664 0.1138 -0.9913
vn 0.0507 0.1214 -0.9913
vn 0.1003 0.2402 -0.9655
vn 0.1307 0.2251 -0.9655
vn 0.0343 0.1270 -0.9913
vn 0.0174 0.1303 -0.9913
vn -0.0000 0.2601 -0.9656
vn 0.0001 0.1317 -0.9913
vn 0.2343 0.3045 -0.9232
vn 0.1589 0.2062 -0.9655
vn 0.1925 0.3324 -0.9233
vn 0.1316 0.0162 -0.9912
vn -0.2088 -0.4412 -0.8728
vn -0.2453 -0.4341 -0.8668
vn -0.2337 0.5628 -0.7928
vn -0.1921 0.4624 -0.8656
vn -0.2509 0.4334 -0.8655
vn -0.3052 0.5275 -0.7928
vn -0.3715 0.4833 -0.7927
vn -0.2961 -0.4572 -0.8387
vn -0.3237 -0.4528 -0.8308
vn -0.3665 -0.4787 -0.7978
vn -0.4314 0.5612 -0.7064
vn -0.4059 -0.4785 -0.7786
vn -0.5011 0.5002 -0.7062
vn -0.4316 0.4305 -0.7927
vn -0.5622 0.4304 -0.7062
vn -0.5195 -0.4688 -0.7145
vn -0.5589 -0.4724 -0.6815
vn -0.5618 0.5609 -0.6081
vn -0.5098 -0.6934 -0.5091
vn -0.6302 0.4829 -0.6079
vn -0.6880 0.3962 -0.6080
vn -0.6137 0.3532 -0.7061
vn -0.6521 -0.4766 -0.5895
vn -0.4391 -0.6935 -0.5712
vn -0.5723 -0.6931 -0.4382
vn -0.6875 0.5271 -0.4995
vn -0.6847 -0.4844 -0.5446
vn -0.7505 0.4327 -0.4995
vn -0.7461 -0.4527 -0.4882
vn -0.7331 0.5623 -0.3826
vn -0.6258 -0.6932 -0.3577
vn -0.7702 -0.4629 -0.4387
vn -0.8004 0.4617 -0.3824
vn -0.8007 0.3309 -0.4994
vn -0.8396 -0.4466 -0.3092
vn -0.8215 -0.4337 -0.3701
vn -0.7664 0.5878 -0.2591
vn -0.8367 0.4827 -0.2587
vn -0.6663 -0.6931 -0.2752
vn -0.8544 -0.4777 -0.2043
vn -0.7150 -0.6929 -0.0933
vn -0.8926 0.3693 -0.2586
vn -0.1002 0.2402 -0.9655
vn -0.0676 0.2512 -0.9656
vn -0.0343 0.1271 -0.9913
vn -0.1474 0.3547 -0.9233
vn -0.1308 0.2250 -0.9655
vn -0.1925 0.3324 -0.9233
vn -0.2614 -0.0013 -0.9652
vn -0.2592 -0.0354 -0.9652
vn -0.3820 -0.0517 -0.9227
vn -0.2526 -0.0690 -0.9651
vn -0.2415 -0.1015 -0.9651
vn -0.3559 -0.1486 -0.9226
vn -0.2263 -0.1321 -0.9651
vn -0.3337 -0.1937 -0.9225
vn -0.0175 -0.1329 -0.9910
vn -0.0340 -0.2605 -0.9649
vn -0.0001 -0.1344 -0.9909
vn -0.1849 -0.1862 -0.9650
vn -0.1588 -0.2089 -0.9650
vn -0.2343 -0.3070 -0.9224
vn -0.1925 -0.3349 -0.9224
vn -0.1307 -0.2277 -0.9649
vn -0.0504 0.3807 -0.9233
vn -0.0000 0.3841 -0.9233
vn -0.0340 0.2579 -0.9656
vn -0.0998 0.3708 -0.9233
vn -0.2344 0.3044 -0.9232
vn -0.3056 0.3968 -0.8655
vn -0.4976 -0.0666 -0.8649
vn -0.4848 -0.1308 -0.8648
vn -0.5895 -0.1590 -0.7919
vn -0.6051 -0.0806 -0.7920
vn -0.5019 -0.0012 -0.8649
vn -0.6103 -0.0011 -0.7922
vn -0.7024 -0.0935 -0.7056
vn -0.6845 -0.1844 -0.7053
vn -0.7673 -0.2066 -0.6071
vn -0.7876 -0.1047 -0.6072
vn -0.6546 -0.2724 -0.7052
vn -0.7339 -0.3049 -0.6070
vn -0.7085 -0.0010 -0.7057
vn -0.7945 -0.0008 -0.6073
vn -0.7024 0.0914 -0.7058
vn -0.4636 -0.1932 -0.8647
vn -0.5639 -0.2348 -0.7918
vn -0.5286 -0.3063 -0.7917
vn -0.4346 -0.2521 -0.8646
vn -0.4844 -0.3726 -0.7916
vn 0.3057 0.3969 -0.8654
vn 0.1473 0.3546 -0.9233
vn 0.1920 0.4624 -0.8656
vn 0.0999 0.3709 -0.9233
vn 0.8372 0.2236 -0.4991
vn 0.8004 0.4617 -0.3824
vn 0.5896 -0.1589 -0.7919
vn 0.4636 -0.1932 -0.8647
vn 0.4847 -0.1307 -0.8648
vn 0.4975 -0.0666 -0.8649
vn 0.6051 -0.0806 -0.7921
vn 0.6103 -0.0010 -0.7922
vn 0.5019 -0.0012 -0.8649
vn 0.7024 -0.0934 -0.7056
vn 0.6845 -0.1844 -0.7053
vn 0.7945 -0.0009 -0.6073
vn 0.7877 -0.1047 -0.6071
vn 0.7674 -0.2067 -0.6070
vn 0.3981 -0.3069 -0.8645
vn 0.5287 -0.3063 -0.7917
vn 0.4346 -0.2521 -0.8646
vn 0.5639 -0.2349 -0.7917
vn 0.6546 -0.2724 -0.7052
vn -0.6137 -0.3552 -0.7051
vn -0.6880 -0.3979 -0.6068
vn -0.8007 -0.3323 -0.4985
vn -0.8371 0.2236 -0.4992
vn -0.8593 0.1125 -0.4990
vn -0.9163 0.1201 -0.3820
vn -0.8928 0.2386 -0.3821
vn -0.8540 0.3531 -0.3822
vn -0.9332 0.2497 -0.2585
vn -0.9242 -0.0006 -0.3820
vn -0.9578 0.1260 -0.2582
vn -0.9661 -0.0004 -0.2582
vn -0.8372 -0.2250 -0.4985
vn -0.8593 -0.1138 -0.4986
vn -0.8668 -0.0007 -0.4987
vn -0.9163 -0.1212 -0.3817
vn -0.9578 -0.1266 -0.2580
vn -0.9331 -0.2505 -0.2579
vn -0.8540 -0.3541 -0.3812
vn -0.8928 -0.2397 -0.3814
vn -0.8926 -0.3700 -0.2575
vn -0.1578 -0.5907 -0.7913
vn -0.1921 -0.4648 -0.8643
vn -0.1295 -0.4859 -0.8644
vn -0.0795 -0.6062 -0.7913
vn -0.0654 -0.4987 -0.8643
vn -0.0923 -0.7035 -0.7047
vn -0.3052 -0.5297 -0.7914
vn -0.2510 -0.4358 -0.8643
vn -0.2338 -0.5650 -0.7913
vn -0.2715 -0.6556 -0.7046
vn -0.3542 -0.6147 -0.7048
vn -0.3548 0.3536 -0.8655
vn -0.2724 0.2713 -0.9231
vn -0.3057 0.2331 -0.9232
vn -0.3981 0.3046 -0.8653
vn -0.4346 0.2498 -0.8653
vn -0.3336 0.1913 -0.9231
vn -0.4843 0.3704 -0.7926
vn -0.3559 0.1461 -0.9230
vn -0.4636 0.1909 -0.8652
vn -0.4847 0.1284 -0.8652
vn -0.3721 0.0986 -0.9229
vn -0.4975 0.0642 -0.8651
vn -0.3821 0.0492 -0.9228
vn -0.5286 0.3041 -0.7925
vn -0.5639 0.2327 -0.7924
vn -0.6546 0.2705 -0.7059
vn -0.7339 0.3032 -0.6078
vn -0.7674 0.2051 -0.6075
vn -0.5896 0.1567 -0.7923
vn -0.6051 0.0784 -0.7923
vn -0.6845 0.1825 -0.7058
vn -0.7877 0.1030 -0.6074
vn -0.3853 -0.0012 -0.9228
vn -0.3720 -0.1011 -0.9227
vn -0.3057 -0.2357 -0.9225
vn -0.3980 -0.3068 -0.8646
vn -0.1473 -0.3571 -0.9224
vn -0.1003 -0.2428 -0.9649
vn 0.6137 -0.3551 -0.7051
vn 0.7339 -0.3049 -0.6070
vn 0.3057 -0.2356 -0.9225
vn 0.3337 -0.1938 -0.9226
vn 0.3559 -0.1485 -0.9226
vn 0.3722 -0.1011 -0.9226
vn 0.3820 -0.0518 -0.9227
vn 0.3853 -0.0012 -0.9228
vn 0.2075 -0.1602 -0.9650
vn 0.1925 -0.3350 -0.9224
vn 0.2344 -0.3069 -0.9224
vn 0.2724 -0.2738 -0.9224
vn 0.1284 0.0329 -0.9912
vn 0.1228 0.0494 -0.9912
vn 0.0938 0.0926 -0.9913
vn 0.0811 0.1040 -0.9913
vn 0.1316 -0.0188 -0.9911
vn 0.2614 -0.0013 -0.9652
vn 0.2592 -0.0354 -0.9652
vn 0.1331 -0.0014 -0.9911
vn 0.2264 -0.1321 -0.9650
vn 0.2415 -0.1016 -0.9651
vn 0.2526 -0.0690 -0.9651
vn 0.1152 -0.0678 -0.9910
vn 0.1227 -0.0521 -0.9911
vn 0.1284 -0.0356 -0.9911
vn 0.0175 -0.1329 -0.9910
vn 0.0343 -0.1298 -0.9909
vn 0.0939 -0.0952 -0.9910
vn 0.0810 -0.1067 -0.9910
vn 0.1054 -0.0824 -0.9910
vn -0.0175 0.1302 -0.9913
vn -0.0508 0.1215 -0.9913
vn -0.0664 0.1139 -0.9913
vn -0.1589 0.2063 -0.9655
vn -0.0811 0.1040 -0.9913
vn -0.1849 0.1835 -0.9655
vn -0.0939 0.0925 -0.9913
vn -0.2076 0.1576 -0.9654
vn -0.1054 0.0798 -0.9912
vn -0.1152 0.0651 -0.9912
vn -0.2264 0.1294 -0.9654
vn -0.1227 0.0494 -0.9912
vn -0.1284 0.0329 -0.9912
vn -0.2525 0.0664 -0.9653
vn -0.2415 0.0990 -0.9653
vn -0.1316 0.0161 -0.9912
vn -0.2592 0.0327 -0.9653
vn -0.1316 -0.0189 -0.9911
vn -0.1331 -0.0013 -0.9911
vn -0.1284 -0.0356 -0.9911
vn -0.1054 -0.0823 -0.9910
vn -0.0939 -0.0952 -0.9910
vn -0.0507 -0.1241 -0.9910
vn -0.0343 -0.1297 -0.9910
vn -0.0811 -0.1068 -0.9910
vn -0.1228 -0.0522 -0.9911
vn -0.1152 -0.0678 -0.9910
vn -0.2076 -0.1602 -0.9650
vn -0.0664 -0.1165 -0.9910
vn -0.0677 -0.2539 -0.9649
vn 0.1296 0.4835 -0.8657
vn 0.0654 0.4964 -0.8656
vn 0.1578 0.5883 -0.7931
vn 0.1134 -0.4780 -0.8710
vn 0.1161 -0.4782 -0.8706
vn 0.0388 -0.4730 -0.8802
vn 0.6850 -0.4843 -0.5442
vn 0.7330 0.5623 -0.3828
vn 0.7700 -0.4629 -0.4391
vn 0.7463 -0.4525 -0.4882
vn 0.8545 -0.4775 -0.2044
vn 0.8778 -0.4197 -0.2309
vn 0.8540 0.3530 -0.3822
vn 0.8928 0.2386 -0.3821
vn 0.8926 0.3693 -0.2586
vn -0.0998 -0.3734 -0.9223
vn -0.0505 -0.3833 -0.9222
vn -0.2726 -0.2737 -0.9224
vn -0.3548 -0.3560 -0.8645
vn -0.3057 -0.3993 -0.8644
vn -0.3714 -0.4854 -0.7915
vn -0.3040 -0.7347 -0.6064
vn -0.1835 -0.6854 -0.7046
vn -0.1035 -0.7885 -0.6063
vn -0.2059 -0.7682 -0.6062
vn -0.4316 -0.4327 -0.7915
vn 0.0507 -0.1242 -0.9910
vn 0.0664 -0.1166 -0.9910
vn 0.1307 -0.2277 -0.9649
vn 0.1589 -0.2090 -0.9649
vn 0.1849 -0.1862 -0.9650
vn 0.0340 -0.2606 -0.9649
vn 0.0677 -0.2539 -0.9649
vn 0.1002 -0.2428 -0.9649
vt 0.592705 0.941881
vt 0.575529 0.955973
vt 0.574983 0.943414
vt 0.067299 0.591426
vt 0.066194 0.569225
vt 0.076608 0.576265
vt 0.590890 0.927886
vt 0.636399 0.948094
vt 0.650419 0.949628
vt 0.649131 0.967370
vt 0.127427 0.636069
vt 0.126053 0.612274
vt 0.138887 0.622494
vt 0.115389 0.626482
vt 0.639652 0.759111
vt 0.655016 0.760001
vt 0.654510 0.777765
vt 0.112635 0.602802
vt 0.670929 0.777765
vt 0.670415 0.760001
vt 0.136830 0.598146
vt 0.947327 0.669063
vt 0.965106 0.669440
vt 0.947327 0.686232
vt 0.122961 0.588021
vt 0.186866 0.945183
vt 0.203280 0.945876
vt 0.202904 0.963660
vt 0.185741 0.962933
vt 0.939164 0.677051
vt 0.939163 0.686337
vt 0.939163 0.668957
vt 0.939371 0.694433
vt 0.233185 0.200022
vt 0.241449 0.192131
vt 0.241230 0.209316
vt 0.233067 0.209319
vt 0.233170 0.217410
vt 0.241449 0.226492
vt 0.311961 0.307687
vt 0.303798 0.298500
vt 0.311961 0.298395
vt 0.863680 0.910393
vt 0.852316 0.899993
vt 0.863931 0.886530
vt 0.876054 0.897624
vt 0.264953 0.431617
vt 0.254895 0.427822
vt 0.251384 0.409735
vt 0.247000 0.401504
vt 0.256235 0.396771
vt 0.238798 0.405163
vt 0.610436 0.940467
vt 0.593321 0.955979
vt 0.611101 0.955855
vt 0.560333 0.595724
vt 0.573549 0.583870
vt 0.571007 0.606787
vt 0.583324 0.594010
vt 0.582455 0.617052
vt 0.851193 0.876162
vt 0.911777 0.946430
vt 0.909215 0.951141
vt 0.896503 0.931774
vt 0.933746 0.945440
vt 0.834923 0.019711
vt 0.841716 0.037904
vt 0.834923 0.037508
vt 0.843806 0.020236
vt 0.225499 0.102268
vt 0.225735 0.092977
vt 0.233661 0.102368
vt 0.233663 0.119553
vt 0.225499 0.110361
vt 0.111104 0.618928
vt 0.111109 0.629755
vt 0.093345 0.630629
vt 0.093345 0.618059
vt 0.967933 0.882761
vt 0.944681 0.890365
vt 0.947532 0.878019
vt 0.964762 0.892474
vt 0.965800 0.906354
vt 0.945764 0.905116
vt 0.651699 0.904708
vt 0.632856 0.916463
vt 0.634066 0.902420
vt 0.607315 0.881674
vt 0.593519 0.896451
vt 0.589303 0.886712
vt 0.611126 0.890707
vt 0.615375 0.899402
vt 0.597706 0.906427
vt 0.812538 0.865135
vt 0.824773 0.852237
vt 0.823401 0.876054
vt 0.603020 0.914515
vt 0.955497 0.719738
vt 0.958949 0.702291
vt 0.967933 0.721568
vt 0.586133 0.913978
vt 0.570642 0.630596
vt 0.932079 0.951296
vt 0.848418 0.039090
vt 0.852550 0.021795
vt 0.138887 0.646334
vt 0.604914 0.872840
vt 0.615364 0.865178
vt 0.558591 0.619469
vt 0.812538 0.841281
vt 0.583324 0.641015
vt 0.965796 0.653010
vt 0.179484 0.170571
vt 0.167544 0.183758
vt 0.167544 0.159295
vt 0.235306 0.415361
vt 0.508842 0.520056
vt 0.529906 0.531056
vt 0.513857 0.537066
vt 0.824118 0.827780
vt 0.516057 0.544189
vt 0.508842 0.549136
vt 0.524677 0.542632
vt 0.418559 0.685886
vt 0.410634 0.676498
vt 0.418797 0.676600
vt 0.418796 0.668505
vt 0.392851 0.676125
vt 0.410634 0.659318
vt 0.392854 0.659691
vt 0.688023 0.560990
vt 0.688023 0.585461
vt 0.675536 0.573653
vt 0.418797 0.659211
vt 0.939401 0.659664
vt 0.675735 0.585076
vt 0.669854 0.579514
vt 0.226492 0.388192
vt 0.226492 0.405976
vt 0.209316 0.388554
vt 0.143507 0.183278
vt 0.150173 0.189756
vt 0.137891 0.189201
vt 0.264953 0.398252
vt 0.137560 0.177785
vt 0.381385 0.028387
vt 0.365338 0.089742
vt 0.365338 0.024190
vt 0.397429 0.032583
vt 0.341181 0.795227
vt 0.341181 0.863234
vt 0.323400 0.795227
vt 0.358969 0.795227
vt 0.408113 0.504648
vt 0.390903 0.438856
vt 0.408113 0.434353
vt 0.117520 0.363610
vt 0.099730 0.431617
vt 0.099730 0.363610
vt 0.381660 0.508539
vt 0.373255 0.441053
vt 0.290482 0.151707
vt 0.290482 0.081414
vt 0.307687 0.147209
vt 0.253568 0.602871
vt 0.253568 0.670929
vt 0.235772 0.670929
vt 0.273389 0.170937
vt 0.273389 0.100644
vt 0.290594 0.166438
vt 0.271363 0.602871
vt 0.271363 0.670929
vt 0.428776 0.453295
vt 0.428776 0.521359
vt 0.410979 0.521359
vt 0.410979 0.453295
vt 0.446574 0.453295
vt 0.446574 0.521359
vt 0.081940 0.363610
vt 0.081940 0.431617
vt 0.064156 0.431617
vt 0.064156 0.363610
vt 0.383709 0.394574
vt 0.494914 0.018137
vt 0.504441 0.019927
vt 0.484678 0.061965
vt 0.286609 0.958662
vt 0.281652 0.961523
vt 0.281417 0.785930
vt 0.002137 0.081195
vt 0.000660 0.056098
vt 0.002137 0.001882
vt 0.510164 0.926315
vt 0.559797 0.912251
vt 0.509967 0.929871
vt 0.509898 0.922762
vt 0.509640 0.931609
vt 0.509535 0.921026
vt 0.583324 0.930736
vt 0.583324 0.796246
vt 0.527769 0.177824
vt 0.421870 0.317117
vt 0.373245 0.379746
vt 0.297263 0.954253
vt 0.308405 0.951270
vt 0.314097 0.950523
vt 0.652002 0.628151
vt 0.694433 0.694433
vt 0.445122 0.694433
vt 0.527769 0.527769
vt 0.642690 0.469467
vt 0.024136 0.940591
vt 0.000554 0.915289
vt 0.108973 0.799042
vt 0.418797 0.196135
vt 0.383431 0.364310
vt 0.355787 0.187126
vt 0.353821 0.167748
vt 0.305017 0.174440
vt 0.365379 0.001153
vt 0.433754 0.787878
vt 0.433754 0.995710
vt 0.316586 0.928335
vt 0.606931 0.064056
vt 0.595122 0.001046
vt 0.649562 0.064663
vt 0.598090 0.560923
vt 0.645289 0.525998
vt 0.623338 0.619648
vt 0.144086 0.146365
vt 0.044356 0.001023
vt 0.355763 0.001023
vt 0.773174 0.789517
vt 0.789517 0.539623
vt 0.789517 0.790586
vt 0.831183 0.503197
vt 0.814802 0.503197
vt 0.814802 0.252754
vt 0.461617 0.726484
vt 0.710456 0.693783
vt 0.711526 0.710135
vt 0.756046 0.773492
vt 0.756043 0.523065
vt 0.772423 0.523065
vt 0.739665 0.773492
vt 0.752125 0.000240
vt 0.752125 0.251064
vt 0.735788 0.001309
vt 0.838309 0.756398
vt 0.838309 0.505971
vt 0.854687 0.756398
vt 0.719455 0.002377
vt 0.765690 0.067410
vt 0.782039 0.066355
vt 0.782039 0.317302
vt 0.811953 0.503197
vt 0.795610 0.253442
vt 0.811953 0.252372
vt 0.717321 0.600418
vt 0.733654 0.350662
vt 0.749988 0.351730
vt 0.743578 0.792722
vt 0.492688 0.792722
vt 0.742509 0.776382
vt 0.717321 0.349593
vt 0.790585 0.498030
vt 0.774249 0.747851
vt 0.774249 0.496961
vt 0.797744 0.000239
vt 0.814089 0.001309
vt 0.797744 0.251064
vt 0.893867 0.264953
vt 0.893867 0.014667
vt 0.910242 0.014667
vt 0.808009 0.549814
vt 0.808009 0.800201
vt 0.791631 0.800201
vt 0.776385 0.495718
vt 0.776385 0.244828
vt 0.792722 0.494649
vt 0.816226 0.800201
vt 0.863234 0.252133
vt 0.846866 0.252133
vt 0.855017 0.001777
vt 0.368193 0.738301
vt 0.368193 0.721917
vt 0.618580 0.738301
vt 0.368193 0.754676
vt 0.368193 0.762808
vt 0.618555 0.762808
vt 0.876767 0.001821
vt 0.893148 0.001821
vt 0.876767 0.252133
vt 0.816622 0.251064
vt 0.816622 0.000737
vt 0.824773 0.251064
vt 0.893148 0.873917
vt 0.876783 0.873917
vt 0.884997 0.623606
vt 0.863950 0.647425
vt 0.863950 0.397101
vt 0.880328 0.397101
vt 0.794859 0.251064
vt 0.778510 0.001289
vt 0.794859 0.000219
vt 0.060568 0.745013
vt 0.310892 0.761397
vt 0.060568 0.761397
vt 0.806611 0.557901
vt 0.790277 0.807679
vt 0.790277 0.556833
vt 0.060568 0.777765
vt 0.857546 0.876054
vt 0.857546 0.625727
vt 0.873918 0.876054
vt 0.727453 0.686983
vt 0.743578 0.437063
vt 0.743578 0.688023
vt 0.313116 0.761422
vt 0.563025 0.777765
vt 0.312048 0.777765
vt 0.712595 0.726484
vt 0.905968 0.595707
vt 0.905968 0.846140
vt 0.897842 0.845874
vt 0.872503 0.790585
vt 0.872503 0.540262
vt 0.888875 0.540262
vt 0.800241 0.251064
vt 0.547781 0.435177
vt 0.540175 0.438251
vt 0.589734 0.288370
vt 0.458339 0.130633
vt 0.465804 0.243586
vt 0.455702 0.133031
vt 0.460641 0.127914
vt 0.462565 0.124919
vt 0.464085 0.121699
vt 0.533037 0.442301
vt 0.533037 0.186500
vt 0.465170 0.118305
vt 0.656372 0.452984
vt 0.656372 0.202510
vt 0.670929 0.330470
vt 0.451230 0.262336
vt 0.452984 0.145848
vt 0.452332 0.265724
vt 0.452984 0.269226
vt 0.447755 0.256136
vt 0.449694 0.259120
vt 0.445440 0.253427
vt 0.645515 0.452142
vt 0.593858 0.295516
vt 0.653836 0.455121
vt 0.632429 0.449901
vt 0.636869 0.450268
vt 0.442791 0.251045
vt 0.439856 0.249028
vt 0.465804 0.114800
vt 0.123948 0.582861
vt 0.126822 0.540642
vt 0.262816 0.713664
vt 0.653835 0.196944
vt 0.680269 0.530980
vt 0.649820 0.495856
vt 0.696570 0.281034
vt 0.908080 0.935882
vt 0.908080 0.696258
vt 0.933746 0.899247
vt 0.000742 0.713664
vt 0.365379 0.366447
vt 0.236613 0.182096
vt 0.775629 0.233514
vt 0.775629 0.483967
vt 0.737336 0.266579
vt 0.555732 0.433116
vt 0.559836 0.432608
vt 0.177580 0.361341
vt 0.354695 0.538453
vt 0.000468 0.538453
vt 0.192700 0.183646
vt 0.364310 0.366447
vt 0.009902 0.355254
vt 0.364310 0.000115
vt 0.181509 0.171725
vt 0.016025 0.000445
vt 0.016025 0.240578
vt 0.000431 0.239561
vt 0.806302 0.505924
vt 0.822636 0.505924
vt 0.822636 0.756398
vt 0.744372 0.653836
vt 0.744372 0.402830
vt 0.760671 0.403893
vt 0.833320 0.503197
vt 0.816932 0.252768
vt 0.833320 0.252767
vt 0.772423 0.773492
vt 0.894092 0.266799
vt 0.910242 0.266799
vt 0.894092 0.517086
vt 0.835457 0.574346
vt 0.835457 0.824773
vt 0.819069 0.824773
vt 0.365378 0.731508
vt 0.115557 0.747851
vt 0.364308 0.715159
vt 0.366447 0.747851
vt 0.889271 0.557424
vt 0.897421 0.557158
vt 0.897421 0.807679
vt 0.872496 0.344012
vt 0.888873 0.093722
vt 0.888875 0.344012
vt 0.618580 0.754676
vt 0.348258 0.023024
vt 0.348285 0.031874
vt 0.348257 0.040598
vt 0.859298 0.001940
vt 0.867507 0.001671
vt 0.867507 0.252133
vt 0.855409 0.504265
vt 0.855409 0.253938
vt 0.871781 0.253938
vt 0.294017 0.778522
vt 0.544863 0.778522
vt 0.295086 0.794859
vt 0.787066 0.145516
vt 0.803406 0.395292
vt 0.787066 0.396361
vt 0.001286 0.778526
vt 0.251064 0.794859
vt 0.000218 0.794859
vt 0.291661 0.763553
vt 0.292730 0.779902
vt 0.041768 0.779902
vt 0.711099 0.685927
vt 0.827620 0.251064
vt 0.827619 0.000637
vt 0.844003 0.251052
vt 0.836169 0.503197
vt 0.836169 0.252770
vt 0.852550 0.503197
vt 0.642083 0.782039
vt 0.392177 0.765693
vt 0.643152 0.765693
vt 0.699458 0.642083
vt 0.715800 0.392190
vt 0.715800 0.643152
vt 0.683106 0.641014
vt 0.001286 0.741877
vt 0.251064 0.725544
vt 0.001842 0.749988
vt 0.335436 0.056871
vt 0.335465 0.065763
vt 0.335440 0.074785
vt 0.000218 0.725544
vt 0.912881 0.575370
vt 0.903983 0.559966
vt 0.965796 0.377887
vt 0.897185 0.543538
vt 0.892580 0.526363
vt 0.369652 0.529906
vt 0.359775 0.515114
vt 0.369652 0.364358
vt 0.351904 0.499154
vt 0.359762 0.379146
vt 0.346179 0.482321
vt 0.351906 0.395100
vt 0.342720 0.464881
vt 0.341557 0.447128
vt 0.342719 0.429379
vt 0.346182 0.411937
vt 0.714371 0.098346
vt 0.730757 0.098351
vt 0.730757 0.348285
vt 0.032101 0.724347
vt 0.034247 0.708041
vt 0.283115 0.724347
vt 0.038510 0.692145
vt 0.044798 0.676953
vt 0.053023 0.662702
vt 0.063044 0.649644
vt 0.074667 0.638007
vt 0.965796 0.621785
vt 0.950403 0.612886
vt 0.936287 0.602053
vt 0.923704 0.589479
vt 0.917992 0.223719
vt 0.927867 0.208932
vt 0.952976 0.399566
vt 0.910118 0.239673
vt 0.079059 0.069502
vt 0.079059 0.235039
vt 0.069173 0.220257
vt 0.061316 0.204306
vt 0.055599 0.187463
vt 0.461531 0.270752
vt 0.461531 0.391019
vt 0.454725 0.374583
vt 0.450115 0.357410
vt 0.447807 0.339781
vt 0.447808 0.321987
vt 0.454732 0.287176
vt 0.450126 0.304351
vt 0.939599 0.195561
vt 0.913232 0.000387
vt 0.927335 0.011219
vt 0.913232 0.226492
vt 0.952976 0.183828
vt 0.921694 0.612582
vt 0.935882 0.829046
vt 0.908708 0.622559
vt 0.935882 0.604401
vt 0.639989 0.129158
vt 0.628401 0.140748
vt 0.652986 0.119185
vt 0.667170 0.111003
vt 0.682302 0.104729
vt 0.698123 0.100492
vt 0.714349 0.743578
vt 0.470986 0.727618
vt 0.722211 0.727618
vt 0.401396 0.595937
vt 0.420937 0.586057
vt 0.422176 0.595902
vt 0.400021 0.584910
vt 0.439656 0.929611
vt 0.445111 0.950288
vt 0.435826 0.947439
vt 0.449447 0.933677
vt 0.457258 0.950249
vt 0.834998 0.001935
vt 0.586133 0.876960
vt 0.938244 0.696022
vt 0.948452 0.699665
vt 0.943289 0.716684
vt 0.470784 0.091262
vt 0.484019 0.105441
vt 0.469633 0.107144
vt 0.388463 0.606828
vt 0.435826 0.965796
vt 0.931788 0.433754
vt 0.931788 0.412477
vt 0.942292 0.419403
vt 0.628342 0.967267
vt 0.615772 0.967270
vt 0.616644 0.949515
vt 0.627461 0.949517
vt 0.640839 0.966035
vt 0.483107 0.123625
vt 0.495718 0.122178
vt 0.940924 0.397218
vt 0.629103 0.985027
vt 0.615000 0.985027
vt 0.643152 0.983816
vt 0.951926 0.737168
vt 0.469633 0.123930
vt 0.296756 0.626313
vt 0.277884 0.641664
vt 0.277983 0.626414
vt 0.938244 0.733744
vt 0.537185 0.947025
vt 0.535508 0.970070
vt 0.525338 0.960286
vt 0.933526 0.912378
vt 0.961082 0.018995
vt 0.976480 0.018545
vt 0.976358 0.036324
vt 0.666656 0.903222
vt 0.642284 0.901037
vt 0.655153 0.889655
vt 0.960053 0.001244
vt 0.976480 0.000763
vt 0.252133 0.086320
vt 0.251441 0.102739
vt 0.016351 0.675203
vt 0.025533 0.667040
vt 0.025641 0.675203
vt 0.649821 0.883474
vt 0.643758 0.888837
vt 0.293431 0.610619
vt 0.273789 0.612091
vt 0.290331 0.595746
vt 0.102395 0.247859
vt 0.102395 0.224764
vt 0.113246 0.233775
vt 0.933526 0.876317
vt 0.956830 0.977142
vt 0.967933 0.989747
vt 0.954764 0.991437
vt 0.963945 0.089062
vt 0.979873 0.106833
vt 0.964469 0.106836
vt 0.980379 0.089060
vt 0.956361 0.960773
vt 0.936871 0.974652
vt 0.936592 0.957292
vt 0.967933 0.956539
vt 0.934196 0.988097
vt 0.008733 0.649255
vt 0.025156 0.649257
vt 0.963573 0.071279
vt 0.008358 0.667040
vt 0.053894 0.635095
vt 0.047343 0.641685
vt 0.048034 0.629411
vt 0.059454 0.629208
vt 0.134613 0.187073
vt 0.134613 0.211535
vt 0.122673 0.200260
vt 0.035366 0.616926
vt 0.059828 0.616926
vt 0.276767 0.382935
vt 0.288673 0.386368
vt 0.281772 0.390854
vt 0.286307 0.397644
vt 0.980753 0.071279
vt 0.177382 0.915533
vt 0.168021 0.923502
vt 0.168090 0.915339
vt 0.035922 0.641595
vt 0.041634 0.647425
vt 0.168021 0.941286
vt 0.183571 0.959386
vt 0.168176 0.959065
vt 0.525338 0.937188
vt 0.548292 0.957702
vt 0.300886 0.636256
vt 0.273789 0.653836
vt 0.296994 0.652847
vt 0.312843 0.647806
vt 0.184463 0.941627
vt 0.203796 0.928102
vt 0.219708 0.945878
vt 0.549136 0.933860
vt 0.284846 0.465804
vt 0.284846 0.448024
vt 0.301277 0.465321
vt 0.220082 0.963660
vt 0.718841 0.761554
vt 0.722824 0.738441
vt 0.735031 0.751860
vt 0.314098 0.625842
vt 0.185202 0.923859
vt 0.200851 0.942660
vt 0.711617 0.749250
vt 0.735031 0.773492
vt 0.184041 0.129501
vt 0.192305 0.121619
vt 0.192086 0.138795
vt 0.183923 0.138792
vt 0.184144 0.121410
vt 0.184025 0.146892
vt 0.192305 0.155980
vt 0.712489 0.771350
vt 0.717917 0.769976
vt 0.722554 0.773468
vt 0.194753 0.916131
vt 0.185474 0.915701
vt 0.905968 0.908909
vt 0.888228 0.910242
vt 0.897455 0.864742
vt 0.505360 0.020100
vt 0.506204 0.004111
vt 0.497354 0.003161
vt 0.954883 0.779747
vt 0.941268 0.794817
vt 0.940207 0.791712
vt 0.512812 0.021868
vt 0.957751 0.788152
vt 0.969017 0.302752
vt 0.959158 0.285000
vt 0.969978 0.285000
vt 0.480761 0.520514
vt 0.463168 0.523117
vt 0.479694 0.509728
vt 0.461934 0.510611
vt 0.294524 0.403840
vt 0.294889 0.387985
vt 0.307643 0.402987
vt 0.307771 0.386098
vt 0.445557 0.525633
vt 0.508725 0.967220
vt 0.487623 0.972206
vt 0.492385 0.959063
vt 0.294524 0.370902
vt 0.309824 0.370101
vt 0.619111 0.198028
vt 0.629917 0.215223
vt 0.619111 0.215809
vt 0.627979 0.197551
vt 0.640594 0.213462
vt 0.636758 0.196108
vt 0.977865 0.303711
vt 0.980753 0.286171
vt 0.479694 0.498904
vt 0.461928 0.498034
vt 0.041479 0.817079
vt 0.039830 0.804613
vt 0.057354 0.801523
vt 0.521359 0.944044
vt 0.496890 0.944942
vt 0.503745 0.934532
vt 0.480761 0.488133
vt 0.463171 0.485512
vt 0.512417 0.953612
vt 0.306520 0.616227
vt 0.308191 0.593186
vt 0.318371 0.602960
vt 0.645289 0.193578
vt 0.632724 0.178778
vt 0.346148 0.506271
vt 0.341714 0.523496
vt 0.339673 0.504185
vt 0.391209 0.509223
vt 0.388930 0.489948
vt 0.397429 0.492553
vt 0.696570 0.532043
vt 0.752919 0.000080
vt 0.769218 0.001143
vt 0.752919 0.251064
vt 0.000431 0.479693
vt 0.418797 0.000556
vt 0.595122 0.254269
vt 0.598090 0.364996
vt 0.229522 0.622030
vt 0.237151 0.618369
vt 0.241449 0.643152
vt 0.380196 0.602554
vt 0.388883 0.574139
vt 0.388717 0.599991
vt 0.526579 0.549828
vt 0.596144 0.312861
vt 0.544078 0.573942
vt 0.552454 0.575770
vt 0.559750 0.577366
vt 0.220393 0.625463
vt 0.215254 0.629456
vt 0.574852 0.582814
vt 0.582471 0.586748
vt 0.567822 0.580276
vt 0.589108 0.590177
vt 0.596144 0.595076
vt 0.070217 0.044599
vt 0.017066 0.332260
vt 0.065954 0.038458
vt 0.062030 0.030840
vt 0.058610 0.024199
vt 0.075107 0.051650
vt 0.631477 0.901092
vt 0.625375 0.908105
vt 0.625375 0.856537
vt 0.636793 0.894990
vt 0.292730 0.404099
vt 0.268472 0.431617
vt 0.272400 0.376034
vt 0.268472 0.367526
vt 0.081033 0.252133
vt 0.081033 0.063126
vt 0.117519 0.200097
vt 0.329882 0.378391
vt 0.333328 0.371065
vt 0.333328 0.512812
vt 0.309290 0.406313
vt 0.302420 0.412577
vt 0.288806 0.423341
vt 0.296431 0.418032
vt 0.320498 0.393030
vt 0.324862 0.386216
vt 0.314508 0.400129
vt 0.686628 0.942746
vt 0.678928 0.942717
vt 0.670228 0.917968
vt 0.669634 0.942677
vt 0.002401 0.883445
vt 0.010467 0.882777
vt 0.000730 0.908105
vt 0.019730 0.882004
vt 0.566595 0.637621
vt 0.306311 0.653836
vt 0.566235 0.630019
vt 0.544994 0.608335
vt 0.567010 0.646342
vt 0.498728 0.531703
vt 0.501898 0.538749
vt 0.231796 0.553410
vt 0.496174 0.523204
vt 0.505540 0.546838
vt 0.509607 0.553410
vt 0.470199 0.259404
vt 0.530974 0.530974
vt 0.464122 0.265679
vt 0.474744 0.253294
vt 0.479955 0.246277
vt 0.483660 0.239630
vt 0.487908 0.232001
vt 0.028954 0.386458
vt 0.010503 0.499992
vt 0.023757 0.380253
vt 0.034917 0.393576
vt 0.047736 0.405338
vt 0.040886 0.399050
vt 0.061965 0.415323
vt 0.054360 0.409986
vt 0.233130 0.367837
vt 0.418797 0.309249
vt 0.414412 0.316055
vt 0.405937 0.268721
vt 0.409386 0.323868
vt 0.230162 0.404719
vt 0.018766 0.372411
vt 0.405937 0.331191
vt 0.014424 0.365581
vt 0.010503 0.357155
vt 0.530974 0.209725
vt 0.151675 0.144007
vt 0.260849 0.390848
vt 0.282166 0.427966
vt 0.929519 0.001161
vt 0.965796 0.052017
vt 0.929519 0.190168
vt 0.568367 0.653836
vt 0.155980 0.195393
vt 0.521585 0.548832
vt 0.017066 0.000980
vt 0.080127 0.057178
vt 0.280445 0.652324
vt 0.513880 0.713664
vt 0.264327 0.713664
vt 0.461891 0.961523
vt 0.436621 0.794263
vt 0.581187 0.794263
vt 0.421232 0.000372
vt 0.480761 0.022037
vt 0.421442 0.267090
vt 0.897421 0.999984
vt 0.679800 0.999984
vt 0.750974 0.776989
vt 0.473303 0.077208
vt 0.594007 0.000878
vt 0.594007 0.292730
vt 0.108973 0.991437
vt 0.188249 0.617511
vt 0.174351 0.555704
vt 0.432685 0.555704
vt 0.277773 0.783331
vt 0.277773 0.995710
vt 0.144045 0.857393
vt 0.226418 0.614594
vt 0.241449 0.605818
vt 0.621785 0.795228
vt 0.604005 0.863234
vt 0.604005 0.795228
vt 0.586212 0.795228
vt 0.586212 0.863234
vt 0.269226 0.175211
vt 0.252018 0.170710
vt 0.269226 0.104914
vt 0.307000 0.132477
vt 0.307000 0.064472
vt 0.324781 0.064472
vt 0.363538 0.302499
vt 0.371789 0.301416
vt 0.371789 0.365379
vt 0.104399 0.107783
vt 0.113246 0.106622
vt 0.113246 0.175211
vt 0.380196 0.572098
vt 0.340660 0.953884
vt 0.370463 0.963063
vt 0.338331 0.971512
vt 0.338331 0.989300
vt 0.371789 0.976832
vt 0.017819 0.543043
vt 0.017819 0.611101
vt 0.000264 0.543043
vt 0.166664 0.156581
vt 0.156165 0.170937
vt 0.156165 0.149669
vt 0.560492 0.954575
vt 0.551203 0.970070
vt 0.551203 0.951723
vt 0.214277 0.165613
vt 0.225495 0.151820
vt 0.224405 0.173059
vt 0.165301 0.134407
vt 0.665679 0.836625
vt 0.666001 0.852550
vt 0.660326 0.838299
vt 0.219809 0.179921
vt 0.671686 0.834744
vt 0.224946 0.178636
vt 0.118101 0.155237
vt 0.135883 0.154793
vt 0.119055 0.170612
vt 0.485881 0.440164
vt 0.486664 0.422389
vt 0.499992 0.440164
vt 0.136750 0.168871
vt 0.465510 0.344156
vt 0.476678 0.328050
vt 0.469979 0.344976
vt 0.480467 0.341643
vt 0.677002 0.838572
vt 0.676600 0.832760
vt 0.683750 0.829880
vt 0.231681 0.220082
vt 0.214277 0.180841
vt 0.660326 0.796125
vt 0.940401 0.613045
vt 0.957250 0.618757
vt 0.940401 0.655972
vt 0.000018 0.611101
vt 0.035624 0.543043
vt 0.035624 0.611101
vt 0.053418 0.611101
vt 0.053418 0.543043
vt 0.621785 0.863234
vt 0.482898 0.386746
vt 0.465427 0.383445
vt 0.477636 0.345870
vt 0.482898 0.346490
vt 0.054623 0.233655
vt 0.050460 0.243609
vt 0.044986 0.226442
vt 0.062441 0.218730
vt 0.065831 0.236088
vt 0.057834 0.245802
vt 0.063975 0.242128
vt 0.443359 0.883124
vt 0.437344 0.926851
vt 0.437344 0.882691
vt 0.067807 0.240141
vt 0.886453 0.967106
vt 0.882441 0.967651
vt 0.877497 0.925043
vt 0.886738 0.457187
vt 0.885163 0.502129
vt 0.877946 0.457187
vt 0.446907 0.883041
vt 0.455121 0.927335
vt 0.933746 0.340371
vt 0.915965 0.357185
vt 0.915964 0.339998
vt 0.908037 0.330602
vt 0.907801 0.339893
vt 0.907801 0.347992
vt 0.684031 0.901695
vt 0.689545 0.874699
vt 0.694206 0.889076
vt 0.153008 0.954274
vt 0.162391 0.967592
vt 0.144870 0.967933
vt 0.973968 0.343331
vt 0.973451 0.361105
vt 0.957539 0.343330
vt 0.061965 0.212912
vt 0.050487 0.226492
vt 0.050487 0.202634
vt 0.128232 0.955365
vt 0.974343 0.325548
vt 0.957165 0.325548
vt 0.140081 0.941768
vt 0.138386 0.929394
vt 0.135844 0.935974
vt 0.655972 0.087874
vt 0.647810 0.095865
vt 0.647810 0.087773
vt 0.655972 0.105052
vt 0.647810 0.105157
vt 0.916400 0.322825
vt 0.648017 0.113246
vt 0.161396 0.898253
vt 0.145321 0.894898
vt 0.149450 0.877604
vt 0.164527 0.880751
vt 0.688149 0.859904
vt 0.671054 0.865094
vt 0.671054 0.849710
vt 0.943672 0.002679
vt 0.945742 0.020339
vt 0.141318 0.912226
vt 0.129379 0.890865
vt 0.158124 0.915734
vt 0.162363 0.939437
vt 0.147488 0.926778
vt 0.225500 0.119656
vt 0.147469 0.921849
vt 0.156559 0.923747
vt 0.139546 0.920194
vt 0.164527 0.925199
vt 0.365021 0.119536
vt 0.360429 0.119252
vt 0.360429 0.101470
vt 0.493157 0.400649
vt 0.475511 0.402852
vt 0.491895 0.393961
vt 0.474661 0.398330
vt 0.281943 0.092466
vt 0.286320 0.093866
vt 0.281943 0.111109
vt 0.004165 0.088328
vt 0.008547 0.071090
vt 0.008547 0.089742
vt 0.055216 0.362159
vt 0.059828 0.379640
vt 0.057511 0.379792
vt 0.001889 0.690160
vt 0.001889 0.672081
vt 0.006410 0.672968
vt 0.478294 0.001180
vt 0.482898 0.001180
vt 0.481781 0.018927
vt 0.268500 0.240608
vt 0.270812 0.240753
vt 0.270794 0.258543
vt 0.266208 0.258236
vt 0.273133 0.240607
vt 0.275393 0.258253
vt 0.275416 0.240159
vt 0.279910 0.257377
vt 0.374275 0.078100
vt 0.375442 0.096152
vt 0.370875 0.095568
vt 0.376572 0.078407
vt 0.081121 0.262873
vt 0.087605 0.246311
vt 0.087605 0.264953
vt 0.034187 0.320508
vt 0.029800 0.319103
vt 0.034187 0.301862
vt 0.035975 0.378912
vt 0.031381 0.379178
vt 0.031489 0.361383
vt 0.898388 0.864692
vt 0.905968 0.863628
vt 0.940450 0.795142
vt 0.922399 0.374079
vt 0.940156 0.375065
vt 0.928411 0.418797
vt 0.924984 0.418512
vt 0.940453 0.796116
vt 0.880359 0.967933
vt 0.859868 0.927357
vt 0.924010 0.418535
vt 0.945862 0.804616
vt 0.961523 0.796210
vt 0.048232 0.467080
vt 0.057691 0.452028
vt 0.055502 0.472215
vt 0.048232 0.446774
vt 0.951504 0.813869
vt 0.940616 0.807390
vt 0.839788 0.825419
vt 0.841259 0.836739
vt 0.830089 0.830258
vt 0.940207 0.816226
vt 0.912736 0.418797
vt 0.830089 0.879761
vt 0.832476 0.835686
vt 0.846484 0.837363
vt 0.704690 0.802890
vt 0.698490 0.807600
vt 0.684622 0.795830
vt 0.852550 0.838381
vt 0.904665 0.375401
vt 0.056085 0.430816
vt 0.709390 0.670929
vt 0.691626 0.670055
vt 0.709390 0.658359
vt 0.691632 0.659228
vt 0.708163 0.645849
vt 0.709964 0.809245
vt 0.380327 0.808114
vt 0.368467 0.807098
vt 0.384690 0.803227
vt 0.362554 0.801332
vt 0.370927 0.791957
vt 0.377597 0.848277
vt 0.241449 0.158117
vt 0.231398 0.150568
vt 0.241449 0.135888
vt 0.393156 0.791938
vt 0.917452 0.450636
vt 0.905340 0.463668
vt 0.906718 0.441488
vt 0.150132 0.841867
vt 0.150132 0.819645
vt 0.160198 0.827198
vt 0.393156 0.810256
vt 0.684622 0.848310
vt 0.702284 0.850414
vt 0.645288 0.813905
vt 0.642621 0.852550
vt 0.632313 0.812995
vt 0.635599 0.808690
vt 0.658063 0.803302
vt 0.692536 0.806059
vt 0.705117 0.000368
vt 0.705117 0.068375
vt 0.687336 0.068375
vt 0.687336 0.000368
vt 0.468657 0.205125
vt 0.468657 0.137060
vt 0.486463 0.205125
vt 0.486463 0.137060
vt 0.504265 0.205125
vt 0.504020 0.137060
vt 0.720074 0.850194
vt 0.847862 0.880328
vt 0.652825 0.813942
vt 0.641837 0.796033
vt 0.929472 0.437534
vt 0.917752 0.427537
vt 0.028851 0.835121
vt 0.036324 0.835581
vt 0.031367 0.846356
vt 0.015008 0.839386
vt 0.036324 0.798561
vt 0.017300 0.834407
vt 0.181621 0.142848
vt 0.180231 0.166664
vt 0.169372 0.155737
vt 0.905340 0.418424
vt 0.303554 0.822884
vt 0.302114 0.823239
vt 0.303925 0.822150
vt 0.624840 0.852550
vt 0.000366 0.831730
vt 0.288695 0.812829
vt 0.309824 0.852550
vt 0.009012 0.854687
vt 0.294374 0.797891
vt 0.309824 0.805937
vt 0.018563 0.799636
vt 0.045668 0.358589
vt 0.051281 0.358567
vt 0.051158 0.359396
vt 0.689253 0.941786
vt 0.677977 0.913543
vt 0.694433 0.940033
vt 0.043072 0.367027
vt 0.043104 0.359025
vt 0.410326 0.450847
vt 0.410326 0.417810
vt 0.427344 0.448775
vt 0.051281 0.376062
vt 0.660246 0.850209
vt 0.018954 0.873882
vt 0.001827 0.875301
vt 0.000730 0.857550
vt 0.669707 0.950839
vt 0.314477 0.863234
vt 0.314477 0.795227
vt 0.323400 0.863234
vt 0.358969 0.863234
vt 0.669557 0.000368
vt 0.669557 0.068375
vt 0.651763 0.068375
vt 0.651763 0.000368
vt 0.027802 0.477893
vt 0.044871 0.447565
vt 0.044871 0.482898
vt 0.694433 0.906808
vt 0.439867 0.311005
vt 0.444437 0.311591
vt 0.441040 0.329054
vt 0.070153 0.452863
vt 0.065553 0.452578
vt 0.065553 0.434799
vt 0.060967 0.452869
vt 0.058764 0.435215
vt 0.375379 0.018814
vt 0.370783 0.019092
vt 0.368600 0.001444
vt 0.449023 0.679398
vt 0.449873 0.674869
vt 0.467516 0.677062
vt 0.450150 0.670282
vt 0.467941 0.670272
vt 0.316234 0.904429
vt 0.316234 0.922519
vt 0.311714 0.921641
vt 0.031162 0.298844
vt 0.031162 0.280755
vt 0.033434 0.281209
vt 0.628195 0.816108
vt 0.623674 0.815233
vt 0.625988 0.797598
vt 0.243472 0.217945
vt 0.243472 0.199299
vt 0.247859 0.200704
vt 0.472215 0.954750
vt 0.465327 0.968333
vt 0.458469 0.967211
vt 0.074674 0.453715
vt 0.079034 0.436474
vt 0.079059 0.455121
vt 0.072345 0.435220
vt 0.464314 0.987855
vt 0.457431 0.986630
vt 0.222219 0.384609
vt 0.215703 0.382642
vt 0.219857 0.365343
vt 0.472215 0.989300
vt 0.209004 0.381450
vt 0.211098 0.363777
vt 0.205580 0.141023
vt 0.200169 0.136903
vt 0.210095 0.122137
vt 0.684202 0.561957
vt 0.666954 0.557598
vt 0.685458 0.555273
vt 0.341029 0.615600
vt 0.337465 0.607464
vt 0.353332 0.599439
vt 0.143160 0.861630
vt 0.142733 0.879231
vt 0.133980 0.861494
vt 0.129891 0.879168
vt 0.357678 0.609351
vt 0.361033 0.619648
vt 0.374297 0.603020
vt 0.369247 0.591495
vt 0.195007 0.667604
vt 0.177442 0.678769
vt 0.177885 0.664464
vt 0.196578 0.679476
vt 0.363081 0.580532
vt 0.378199 0.571159
vt 0.029976 0.948181
vt 0.040598 0.959026
vt 0.015346 0.952798
vt 0.378199 0.614973
vt 0.196309 0.654375
vt 0.177442 0.651381
vt 0.977194 0.944429
vt 0.964621 0.944424
vt 0.963854 0.926650
vt 0.971868 0.136530
vt 0.969945 0.118858
vt 0.980753 0.136053
vt 0.959250 0.120621
vt 0.963087 0.137979
vt 0.948827 0.123523
vt 0.980753 0.118271
vt 0.529032 0.892575
vt 0.529032 0.871302
vt 0.538069 0.877260
vt 0.547662 0.882305
vt 0.557683 0.886383
vt 0.551807 0.903170
vt 0.384928 0.525862
vt 0.384702 0.507212
vt 0.964816 0.777765
vt 0.958059 0.776971
vt 0.959115 0.759228
vt 0.967933 0.760285
vt 0.950234 0.759229
vt 0.951264 0.776968
vt 0.960128 0.302750
vt 0.555043 0.933903
vt 0.564846 0.937960
vt 0.572640 0.954544
vt 0.960240 0.741505
vt 0.949276 0.741495
vt 0.292730 0.051138
vt 0.288345 0.068375
vt 0.288345 0.049734
vt 0.098289 0.241978
vt 0.091814 0.258543
vt 0.091814 0.239897
vt 0.027502 0.300603
vt 0.369550 0.120387
vt 0.373909 0.103150
vt 0.373926 0.121793
vt 0.279800 0.056139
vt 0.284183 0.057546
vt 0.279800 0.074785
vt 0.944515 0.777765
vt 0.941403 0.760261
vt 0.367222 0.101893
vt 0.450580 0.967297
vt 0.443924 0.957394
vt 0.489819 0.387481
vt 0.044871 0.395293
vt 0.040503 0.378059
vt 0.346148 0.487628
vt 0.389248 0.527769
vt 0.397429 0.511972
vt 0.004211 0.654448
vt 0.619186 0.180250
vt 0.625981 0.179875
vt 0.967985 0.320508
vt 0.124488 0.813548
vt 0.111874 0.798213
vt 0.130596 0.799915
vt 0.318371 0.626058
vt 0.534179 0.017743
vt 0.516407 0.033666
vt 0.516406 0.018267
vt 0.953082 0.658109
vt 0.951247 0.637886
vt 0.959386 0.641483
vt 0.886738 0.512228
vt 0.877868 0.511750
vt 0.877868 0.493967
vt 0.606317 0.602147
vt 0.617796 0.616513
vt 0.605038 0.617967
vt 0.636461 0.621178
vt 0.629779 0.601997
vt 0.638543 0.603520
vt 0.647426 0.604002
vt 0.647426 0.621785
vt 0.525633 0.899465
vt 0.516166 0.914515
vt 0.516166 0.894205
vt 0.315633 0.972206
vt 0.315633 0.954981
vt 0.325357 0.956990
vt 0.616964 0.634290
vt 0.628195 0.632977
vt 0.524032 0.878254
vt 0.317548 0.936055
vt 0.330386 0.940540
vt 0.605013 0.634605
vt 0.059201 0.815515
vt 0.059833 0.829614
vt 0.041522 0.842212
vt 0.042038 0.829640
vt 0.708749 0.856353
vt 0.709390 0.869650
vt 0.076922 0.814073
vt 0.053278 0.277773
vt 0.056201 0.257670
vt 0.063264 0.263068
vt 0.127290 0.924151
vt 0.127324 0.944429
vt 0.119550 0.940134
vt 0.136750 0.929380
vt 0.117304 0.919966
vt 0.111351 0.936697
vt 0.454997 0.249996
vt 0.454997 0.232220
vt 0.465804 0.249410
vt 0.123360 0.903267
vt 0.337601 0.958178
vt 0.111351 0.899570
vt 0.540151 0.898426
vt 0.532559 0.914515
vt 0.001175 0.970070
vt 0.002462 0.951185
vt 0.592709 0.970070
vt 0.574983 0.968546
vt 0.001175 0.929418
vt 0.851193 0.923062
vt 0.012405 0.932875
vt 0.874417 0.921430
vt 0.013810 0.641243
vt 0.003890 0.635357
vt 0.006754 0.614441
vt 0.018194 0.620400
vt 0.169372 0.131876
vt 0.128203 0.129574
vt 0.116734 0.143160
vt 0.116734 0.119299
vt 0.017118 0.856193
vt 0.955113 0.939469
vt 0.938696 0.939819
vt 0.937948 0.922050
vt 0.955113 0.921686
vt 0.937669 0.913891
vt 0.946954 0.913694
vt 0.027777 0.881131
vt 0.945905 0.814899
vt 0.961305 0.833125
vt 0.944884 0.832650
vt 0.920796 0.923135
vt 0.922291 0.940857
vt 0.145295 0.363029
vt 0.127520 0.379828
vt 0.127520 0.362656
vt 0.501437 0.513651
vt 0.493946 0.515801
vt 0.506161 0.529363
vt 0.119361 0.362554
vt 0.119361 0.370643
vt 0.119361 0.379932
vt 0.557683 0.588004
vt 0.557683 0.611101
vt 0.545837 0.601265
vt 0.547508 0.578224
vt 0.963210 0.908882
vt 0.947844 0.909997
vt 0.977727 0.832650
vt 0.961305 0.815344
vt 0.976706 0.814899
vt 0.978617 0.850414
vt 0.843914 0.523188
vt 0.861097 0.540612
vt 0.843914 0.540974
vt 0.145297 0.379452
vt 0.120098 0.397429
vt 0.119705 0.388151
vt 0.128246 0.396984
vt 0.420630 0.666369
vt 0.420867 0.657077
vt 0.428793 0.666475
vt 0.852077 0.548967
vt 0.843979 0.549136
vt 0.115383 0.232902
vt 0.104525 0.223891
vt 0.115383 0.209805
vt 0.320948 0.895433
vt 0.308468 0.908105
vt 0.309590 0.885031
vt 0.321219 0.871580
vt 0.844064 0.505408
vt 0.860348 0.522843
vt 0.333328 0.882671
vt 0.331684 0.906471
vt 0.308468 0.861195
vt 0.097025 0.086636
vt 0.108973 0.097936
vt 0.097025 0.111109
vt 0.420630 0.674463
vt 0.446574 0.666846
vt 0.428793 0.683644
vt 0.446572 0.683267
vt 0.137560 0.213672
vt 0.150215 0.201179
vt 0.420630 0.683750
vt 0.951278 0.176396
vt 0.949079 0.156210
vt 0.957282 0.159659
vt 0.961652 0.179484
vt 0.965796 0.162191
vt 0.423070 0.580191
vt 0.402167 0.576068
vt 0.967883 0.225828
vt 0.956190 0.208092
vt 0.967001 0.208086
vt 0.877095 0.372008
vt 0.886058 0.356656
vt 0.886738 0.376958
vt 0.941303 0.172195
vt 0.941303 0.151881
vt 0.331191 0.059828
vt 0.320699 0.052915
vt 0.331191 0.038555
vt 0.879399 0.393156
vt 0.202213 0.363258
vt 0.202213 0.381044
vt 0.217164 0.127527
vt 0.202434 0.117627
vt 0.194308 0.133435
vt 0.600678 0.621785
vt 0.595149 0.617808
vt 0.604691 0.602792
vt 0.194308 0.114022
vt 0.596917 0.598480
vt 0.589204 0.614506
vt 0.220082 0.107432
vt 0.688023 0.284056
vt 0.669761 0.292934
vt 0.670233 0.284056
vt 0.687431 0.294867
vt 0.669761 0.275179
vt 0.687431 0.273245
vt 0.600512 0.240782
vt 0.606735 0.243528
vt 0.600512 0.260202
vt 0.588687 0.595094
vt 0.609017 0.262816
vt 0.613238 0.245533
vt 0.000187 0.136750
vt 0.000187 0.117337
vt 0.006410 0.120093
vt 0.604691 0.582493
vt 0.685669 0.262569
vt 0.645148 0.038461
vt 0.638952 0.019152
vt 0.649562 0.021273
vt 0.636436 0.036718
vt 0.153523 0.798650
vt 0.161502 0.805968
vt 0.170156 0.812463
vt 0.641576 0.001595
vt 0.170937 0.833721
vt 0.501352 0.461531
vt 0.488019 0.443758
vt 0.502129 0.443758
vt 0.932569 0.832961
vt 0.942740 0.839762
vt 0.934344 0.857360
vt 0.946933 0.863287
vt 0.112774 0.843370
vt 0.123896 0.859178
vt 0.116226 0.856943
vt 0.135225 0.848210
vt 0.627587 0.035941
vt 0.628189 0.018201
vt 0.119693 0.877510
vt 0.617387 0.018430
vt 0.123861 0.897421
vt 0.629082 0.000353
vt 0.616521 0.000353
vt 0.112774 0.894480
vt 0.952259 0.844953
vt 0.965796 0.845903
vt 0.961913 0.865141
vt 0.965796 0.876054
vt 0.977967 0.926651
vt 0.978617 0.908882
vt 0.933219 0.873854
vt 0.001030 0.653836
vt 0.200679 0.181155
vt 0.211535 0.167062
vt 0.211535 0.190168
vt 0.954982 0.957249
vt 0.032752 0.641313
vt 0.038461 0.653836
vt 0.375398 0.001027
vt 0.971937 0.168985
vt 0.974343 0.187470
vt 0.967649 0.186243
vt 0.882222 0.404976
vt 0.884533 0.387347
vt 0.886738 0.405857
vt 0.466261 0.683750
vt 0.149542 0.630740
vt 0.157250 0.628957
vt 0.159858 0.647024
vt 0.336192 0.035663
vt 0.341875 0.053418
vt 0.335072 0.053418
vt 0.281946 0.273500
vt 0.281946 0.254858
vt 0.286320 0.256268
vt 0.313923 0.940156
vt 0.094589 0.643152
vt 0.135105 0.908196
vt 0.650619 0.917238
vt 0.632857 0.930564
vt 0.650617 0.929796
vt 0.123760 0.230765
vt 0.123760 0.207664
vt 0.134613 0.216672
vt 0.615091 0.931215
vt 0.615091 0.915826
vt 0.616211 0.946566
vt 0.634069 0.944615
vt 0.059244 0.843712
vt 0.039916 0.854687
vt 0.073203 0.248310
vt 0.079059 0.251770
vt 0.070921 0.267585
vt 0.032051 0.702837
vt 0.027623 0.720074
vt 0.025572 0.700764
vt 0.079059 0.271189
vt 0.959386 0.622060
vt 0.055487 0.593925
vt 0.061965 0.596008
vt 0.057536 0.613238
vt 0.884739 0.529906
vt 0.877944 0.529531
vt 0.633839 0.584685
vt 0.640550 0.585852
vt 0.647351 0.586220
vt 0.254204 0.091879
vt 0.254204 0.073233
vt 0.260680 0.075314
vt 0.158307 0.190168
vt 0.158307 0.170750
vt 0.164527 0.173505
vt 0.102562 0.545971
vt 0.102562 0.565390
vt 0.096342 0.562640
vt 0.042734 0.267090
vt 0.034606 0.263491
vt 0.042734 0.247671
vt 0.094063 0.543365
vt 0.089835 0.560629
vt 0.067782 0.244187
vt 0.033813 0.361254
vt 0.485035 0.208702
vt 0.485035 0.226492
vt 0.482724 0.226336
vt 0.036099 0.360824
vt 0.044871 0.376630
vt 0.038303 0.360112
vt 0.479460 0.018938
vt 0.473728 0.001782
vt 0.059828 0.397429
vt 0.053035 0.380989
vt 0.055236 0.380252
vt 0.477157 0.019230
vt 0.469275 0.002963
vt 0.050950 0.382013
vt 0.266221 0.240159
vt 0.363093 0.140583
vt 0.360782 0.122642
vt 0.365377 0.122935
vt 0.360782 0.140423
vt 0.029178 0.361231
vt 0.026788 0.378851
vt 0.138772 0.166664
vt 0.138772 0.148018
vt 0.143160 0.149423
vt 0.032051 0.684195
vt 0.006228 0.072648
vt 0.004037 0.054135
vt 0.008547 0.055022
vt 0.732645 0.725488
vt 0.734976 0.707861
vt 0.737168 0.726372
vt 0.061965 0.577369
vt 0.493157 0.414245
vt 0.474661 0.416565
vt 0.475511 0.412043
vt 0.491895 0.420933
vt 0.493582 0.407447
vt 0.475794 0.407447
vt 0.025641 0.302426
vt 0.025641 0.320508
vt 0.023366 0.320070
vt 0.044726 0.246865
vt 0.047008 0.247312
vt 0.044726 0.264953
vt 0.732645 0.743578
vt 0.365379 0.141023
vt 0.303414 0.104002
vt 0.303414 0.121793
vt 0.298822 0.104297
vt 0.452608 0.485697
vt 0.459394 0.502129
vt 0.450517 0.486719
vt 0.025915 0.482208
vt 0.032700 0.498643
vt 0.030504 0.499394
vt 0.034787 0.497626
vt 0.036721 0.496340
vt 0.038461 0.494812
vt 0.470943 0.219551
vt 0.472480 0.221297
vt 0.474235 0.222824
vt 0.476157 0.224119
vt 0.478240 0.225131
vt 0.480443 0.225883
vt 0.049026 0.383302
vt 0.047275 0.384832
vt 0.045742 0.386583
vt 0.324472 0.100426
vt 0.324472 0.082647
vt 0.326785 0.100287
vt 0.454798 0.484943
vt 0.378888 0.078394
vt 0.380046 0.096152
vt 0.384609 0.095560
vt 0.381197 0.078100
vt 0.438734 0.328758
vt 0.435271 0.311014
vt 0.436417 0.328754
vt 0.430701 0.311603
vt 0.667809 0.553071
vt 0.685886 0.548476
vt 0.012498 0.326230
vt 0.017094 0.343722
vt 0.012498 0.344012
vt 0.668101 0.548475
vt 0.183758 0.797753
vt 0.176965 0.814193
vt 0.174880 0.813169
vt 0.434114 0.329054
vt 0.294724 0.288457
vt 0.294724 0.270371
vt 0.297004 0.270808
vt 0.316234 0.103706
vt 0.316234 0.121793
vt 0.313958 0.121341
vt 0.183758 0.815543
vt 0.183743 0.833320
vt 0.181440 0.815390
vt 0.340068 0.368696
vt 0.342374 0.368991
vt 0.341255 0.386746
vt 0.364077 0.255742
vt 0.367515 0.273500
vt 0.362911 0.273500
vt 0.328731 0.061277
vt 0.333328 0.078759
vt 0.328731 0.079059
vt 0.008326 0.002756
vt 0.010638 0.002893
vt 0.010684 0.020682
vt 0.006097 0.020392
vt 0.336684 0.386160
vt 0.344702 0.368983
vt 0.345856 0.386741
vt 0.350422 0.386144
vt 0.685459 0.541678
vt 0.667809 0.543880
vt 0.666954 0.539353
vt 0.684202 0.534994
vt 0.608704 0.224990
vt 0.010684 0.038461
vt 0.388883 0.021367
vt 0.384496 0.019957
vt 0.388883 0.002728
vt 0.613013 0.226895
vt 0.379974 0.019102
vt 0.382196 0.001459
vt 0.666656 0.071262
vt 0.664334 0.088888
vt 0.662059 0.088448
vt 0.666656 0.089046
vt 0.457218 0.481555
vt 0.450425 0.465115
vt 0.459297 0.480524
vt 0.464508 0.475974
vt 0.465804 0.474043
vt 0.459394 0.484345
vt 0.457072 0.484503
vt 0.329055 0.099825
vt 0.169671 0.808600
vt 0.171205 0.810350
vt 0.172956 0.811881
vt 0.179165 0.814931
vt 0.654096 0.083861
vt 0.655844 0.085381
vt 0.657779 0.086671
vt 0.659869 0.087694
vt 0.461233 0.479243
vt 0.452745 0.482746
vt 0.450425 0.482898
vt 0.455018 0.482301
vt 0.014957 0.322644
vt 0.012681 0.322212
vt 0.014957 0.304561
vt 0.070267 0.288457
vt 0.070267 0.270375
vt 0.074785 0.271259
vt 0.882222 0.423070
vt 0.666630 0.106836
vt 0.112996 0.394299
vt 0.117519 0.395181
vt 0.112996 0.412386
vt 0.288457 0.125518
vt 0.286175 0.143160
vt 0.286175 0.125073
vt 0.300965 0.279215
vt 0.305551 0.296701
vt 0.300965 0.297004
vt 0.279910 0.117519
vt 0.275312 0.100034
vt 0.279910 0.099743
vt 0.347000 0.368696
vt 0.462982 0.477716
vt 0.318235 0.119208
vt 0.320508 0.101578
vt 0.320508 0.119656
vt 0.322644 0.098289
vt 0.320365 0.097845
vt 0.322644 0.080210
vt 0.036182 0.320508
vt 0.036182 0.302422
vt 0.038461 0.302859
vt 0.356501 0.155980
vt 0.357619 0.138234
vt 0.361105 0.155980
vt 0.623674 0.833320
vt 0.288317 0.281595
vt 0.290594 0.263959
vt 0.290594 0.282047
vt 0.367515 0.294867
vt 0.362908 0.294867
vt 0.364065 0.277122
vt 0.294372 0.155140
vt 0.292093 0.172771
vt 0.292093 0.154694
vt 0.296678 0.173074
vt 0.296683 0.155285
vt 0.299004 0.155137
vt 0.301277 0.172781
vt 0.288457 0.108973
vt 0.286172 0.108532
vt 0.288457 0.090885
vt 0.796996 0.510562
vt 0.792479 0.527769
vt 0.792479 0.509681
vt 0.437753 0.264946
vt 0.428855 0.264953
vt 0.429891 0.247187
vt 0.436696 0.247187
vt 0.446574 0.263899
vt 0.448087 0.986615
vt 0.444816 0.967089
vt 0.244967 0.222784
vt 0.253839 0.224249
vt 0.251896 0.242104
vt 0.262816 0.224730
vt 0.262816 0.242697
vt 0.392550 0.012001
vt 0.392534 0.011193
vt 0.408351 0.014575
vt 0.410250 0.005895
vt 0.392406 0.004345
vt 0.393108 0.001138
vt 0.392282 0.021367
vt 0.488662 0.001248
vt 0.493703 0.017797
vt 0.262811 0.243586
vt 0.076922 0.236099
vt 0.382917 0.394727
vt 0.392282 0.001455
vt 0.305551 0.847560
vt 0.305551 0.893148
vt 0.302698 0.848188
vt 0.376194 0.396030
vt 0.484678 0.015270
vt 0.268729 0.085469
vt 0.268729 0.064202
vt 0.277773 0.070154
vt 0.235039 0.176385
vt 0.231055 0.177108
vt 0.234401 0.158348
vt 0.048298 0.243103
vt 0.895285 0.925043
vt 0.044986 0.290594
vt 0.136038 0.140684
vt 0.120644 0.182365
vt 0.123485 0.183300
vt 0.326124 0.610670
vt 0.319997 0.586980
vt 0.330828 0.591238
vt 0.533225 0.001337
vt 0.334811 0.609347
vt 0.334949 0.601555
vt 0.561683 0.844668
vt 0.552523 0.840877
vt 0.561957 0.832812
vt 0.118101 0.222219
vt 0.561957 0.884601
vt 0.545469 0.877947
vt 0.341875 0.622985
vt 0.319997 0.626058
vt 0.967933 0.257595
vt 0.955448 0.270260
vt 0.955448 0.245794
vt 0.334865 0.612779
vt 0.685886 0.907586
vt 0.670850 0.906869
vt 0.674541 0.903747
vt 0.676857 0.902489
vt 0.670620 0.905941
vt 0.662367 0.920925
vt 0.670007 0.906354
vt 0.529974 0.869201
vt 0.662367 0.874621
vt 0.697943 0.891631
vt 0.702430 0.892825
vt 0.697943 0.927336
vt 0.711527 0.893776
vt 0.487623 0.929798
vt 0.151707 0.798213
vt 0.534179 0.034187
vt 0.303414 0.485035
vt 0.286984 0.467738
vt 0.303414 0.467255
vt 0.128875 0.828725
vt 0.147414 0.811040
vt 0.933746 0.356808
vt 0.966914 0.282047
vt 0.907801 0.357288
vt 0.908008 0.365379
vt 0.428534 0.301277
vt 0.427492 0.274620
vt 0.440164 0.288210
vt 0.415249 0.288284
vt 0.440164 0.276860
vt 0.434752 0.272575
vt 0.434396 0.268260
vt 0.413875 0.268190
vt 0.211490 0.619428
vt 0.122795 0.852550
vt 0.117788 0.839121
vt 0.075117 0.798772
vt 0.672394 0.081606
vt 0.690160 0.080560
vt 0.672397 0.088409
vt 0.689114 0.071723
vt 0.299027 0.091879
vt 0.299027 0.073239
vt 0.303414 0.074649
vt 0.342912 0.051281
vt 0.337207 0.033536
vt 0.344012 0.033536
vt 0.671599 0.074848
vt 0.963345 0.142933
vt 0.794802 0.492051
vt 0.341875 0.412924
vt 0.335396 0.429480
vt 0.335396 0.410840
vt 0.339828 0.393619
vt 0.910249 0.957902
vt 0.933005 0.959129
vt 0.896503 0.972207
vt 0.467518 0.663484
vt 0.449869 0.665683
vt 0.449023 0.661157
vt 0.466264 0.656790
vt 0.164527 0.559687
vt 0.158042 0.557607
vt 0.164527 0.541046
vt 0.245658 0.150155
vt 0.252133 0.152236
vt 0.245658 0.168801
vt 0.141631 0.629620
vt 0.150445 0.646854
vt 0.141631 0.646351
vt 0.168470 0.643344
vt 0.164609 0.625303
vt 0.160075 0.576914
vt 0.671599 0.095163
vt 0.690152 0.089460
vt 0.689115 0.098289
vt 0.954522 0.140362
vt 0.175211 0.637999
vt 0.868059 0.366057
vt 0.871793 0.346088
vt 0.878633 0.351767
vt 0.963412 0.203513
vt 0.961139 0.184238
vt 0.954911 0.200894
vt 0.972147 0.205125
vt 0.237360 0.174600
vt 0.243586 0.157928
vt 0.243586 0.177348
vt 0.980662 0.153844
vt 0.954911 0.181480
vt 0.388463 0.568390
vt 0.079624 0.598281
vt 0.085831 0.561059
vt 0.087605 0.582382
vt 0.868059 0.387326
vt 0.651845 0.931895
vt 0.664519 0.950144
vt 0.793072 0.404632
vt 0.804769 0.422395
vt 0.792192 0.422393
vt 0.664402 0.932357
vt 0.803896 0.404629
vt 0.955315 0.225837
vt 0.968651 0.243586
vt 0.982890 0.242180
vt 0.980382 0.224597
vt 0.664519 0.967933
vt 0.115858 0.649562
vt 0.805543 0.440164
vt 0.791430 0.440164
vt 0.104831 0.640776
vt 0.954557 0.243586
vt 0.641324 0.741413
vt 0.655403 0.742233
vt 0.669619 0.742241
vt 0.174539 0.659501
vt 0.166985 0.662382
vt 0.076859 0.555000
vt 0.087605 0.540823
vt 0.068527 0.548086
vt 0.056517 0.561204
vt 0.448582 0.488009
vt 0.028227 0.499847
vt 0.025915 0.499992
vt 0.280765 0.455121
vt 0.278469 0.454818
vt 0.279625 0.437079
vt 0.276147 0.454818
vt 0.275018 0.437071
vt 0.270450 0.437652
vt 0.273846 0.455121
vt 0.307687 0.151589
vt 0.303167 0.168801
vt 0.303167 0.150713
vt 0.305551 0.082791
vt 0.303274 0.100426
vt 0.303274 0.082339
vt 0.311712 0.141023
vt 0.311712 0.122947
vt 0.316234 0.123826
vt 0.324639 0.078612
vt 0.326918 0.060981
vt 0.326918 0.079059
vt 0.008547 0.036941
vt 0.035746 0.281345
vt 0.035757 0.299140
vt 0.040348 0.298844
vt 0.038069 0.281201
vt 0.284183 0.437663
vt 0.262707 0.085469
vt 0.262707 0.066822
vt 0.267090 0.068234
vt 0.061895 0.288457
vt 0.061895 0.269816
vt 0.068375 0.271897
vt 0.051281 0.297004
vt 0.046901 0.295594
vt 0.051281 0.278363
vt 0.839588 0.055555
vt 0.044871 0.297961
vt 0.040351 0.280755
vt 0.059828 0.271953
vt 0.059828 0.290594
vt 0.055441 0.289182
vt 0.284080 0.128203
vt 0.284080 0.109560
vt 0.288457 0.110960
vt 0.262816 0.120193
vt 0.256341 0.136750
vt 0.256341 0.118107
vt 0.094380 0.581187
vt 0.006410 0.091735
vt 0.002025 0.108973
vt 0.002025 0.090322
vt 0.090060 0.579280
vt 0.245149 0.130647
vt 0.249673 0.131505
vt 0.247472 0.149153
vt 0.254269 0.131784
vt 0.254269 0.149570
s 1
usemtl Material.003
f 2/1/1 3/2/2 1/3/3
f 6/4/4 1/5/3 4/6/5
f 1/3/3 6/7/4 2/1/1
f 6/8/4 647/9/6 60/10/7
f 7/11/8 11/12/9 10/13/10
f 11/12/9 7/11/8 12/14/11
f 12/15/11 8/16/12 13/17/13
f 11/12/9 12/14/11 13/18/13
f 14/19/14 8/16/12 9/20/15
f 13/17/13 8/16/12 14/19/14
f 16/21/16 10/13/10 11/12/9
f 15/22/17 10/23/10 16/24/16
f 11/12/9 13/18/13 21/25/18
f 13/26/13 14/27/14 24/28/19
f 21/29/18 13/26/13 24/28/19
f 18/30/20 15/22/17 16/24/16
f 18/30/20 16/24/16 19/31/21
f 17/32/22 15/22/17 18/30/20
f 16/24/16 20/33/23 19/31/21
f 11/12/9 21/25/18 16/21/16
f 20/34/23 16/35/16 21/36/18
f 20/34/23 21/36/18 22/37/24
f 22/37/24 21/36/18 23/38/25
f 23/38/25 21/36/18 24/39/19
f 23/40/25 24/41/19 25/42/26
f 26/43/27 27/44/28 29/45/29
f 28/46/30 26/43/27 29/45/29
f 28/47/30 29/48/29 30/49/31
f 31/50/32 32/51/33 30/49/31
f 30/49/31 66/52/34 31/50/32
f 2/1/1 35/53/35 5/54/36
f 5/54/36 35/53/35 27/55/28
f 35/56/35 2/57/1 33/58/37
f 33/58/37 2/57/1 6/59/4
f 60/60/7 33/58/37 6/59/4
f 27/44/28 34/61/38 29/45/29
f 40/62/39 41/63/40 431/64/41
f 40/62/39 61/65/42 41/63/40
f 193/66/43 42/67/44 43/68/45
f 192/69/46 42/67/44 193/66/43
f 47/70/47 211/71/48 46/72/49
f 46/72/49 352/73/50 48/74/51
f 47/70/47 46/72/49 48/74/51
f 50/75/52 481/76/53 51/77/54
f 53/78/55 50/75/52 51/77/54
f 49/79/56 52/80/57 54/81/58
f 52/80/57 49/79/56 53/82/55
f 53/82/55 51/83/54 55/84/59
f 52/80/57 53/82/55 55/84/59
f 51/85/54 550/86/60 55/87/59
f 56/88/61 59/89/62 58/90/63
f 59/89/62 56/88/61 37/91/64
f 37/91/64 38/92/65 50/93/52
f 35/94/35 34/95/38 27/96/28
f 50/93/52 38/92/65 481/97/53
f 49/98/56 59/99/62 53/100/55
f 59/89/62 37/91/64 50/93/52
f 53/101/55 59/89/62 50/93/52
f 64/102/66 33/58/37 60/60/7
f 61/65/42 62/103/67 41/63/40
f 40/104/39 42/67/44 192/69/46
f 40/104/39 192/69/46 61/105/42
f 10/13/10 60/106/7 7/11/8
f 56/88/61 193/107/43 43/108/45
f 63/109/68 35/56/35 33/58/37
f 35/94/35 63/110/68 34/95/38
f 63/109/68 33/58/37 64/102/66
f 10/111/10 64/102/66 60/60/7
f 64/112/66 10/23/10 15/22/17
f 34/113/38 67/114/69 29/115/29
f 67/116/69 30/49/31 29/48/29
f 34/117/38 65/118/70 67/119/69
f 65/120/70 34/95/38 63/110/68
f 68/121/71 66/122/34 67/119/69
f 30/49/31 67/116/69 66/52/34
f 69/123/72 67/119/69 65/118/70
f 69/124/72 65/125/70 70/126/73
f 68/121/71 67/119/69 69/123/72
f 70/126/73 65/125/70 71/127/74
f 63/128/68 72/129/75 65/125/70
f 63/128/68 64/130/66 72/129/75
f 64/131/66 15/132/17 72/133/75
f 73/134/76 71/127/74 72/129/75
f 65/125/70 72/129/75 71/127/74
f 74/135/77 15/22/17 17/32/22
f 72/133/75 15/132/17 74/136/77
f 73/137/76 72/133/75 74/136/77
f 76/138/78 28/139/30 30/140/31
f 77/141/79 75/142/80 76/143/78
f 32/51/33 76/144/78 30/49/31
f 77/141/79 76/143/78 32/145/33
f 84/146/81 316/147/82 83/148/83
f 85/149/84 316/147/82 84/146/81
f 89/150/85 410/151/86 87/152/87
f 90/153/88 410/151/86 89/150/85
f 96/154/89 97/155/90 98/156/91
f 96/157/89 98/158/91 99/159/92
f 100/160/93 101/161/94 97/155/90
f 100/162/93 97/163/90 96/164/89
f 102/165/95 103/166/96 101/167/94
f 102/168/95 101/169/94 100/170/93
f 79/171/97 104/172/98 103/166/96
f 79/171/97 103/166/96 102/165/95
f 106/173/99 107/174/100 105/175/101
f 106/173/99 105/175/101 95/176/102
f 108/177/103 109/178/104 107/174/100
f 108/177/103 107/174/100 106/173/99
f 110/179/105 111/180/106 109/181/104
f 110/179/105 109/181/104 108/182/103
f 99/159/92 98/158/91 111/180/106
f 99/159/92 111/180/106 110/179/105
f 97/155/90 612/183/107 98/156/91
f 247/184/108 246/185/109 98/186/91
f 114/187/110 115/188/111 125/189/112
f 124/190/113 125/191/112 115/192/111
f 119/193/114 121/194/115 118/195/116
f 116/196/117 121/194/115 119/193/114
f 118/195/116 121/194/115 117/197/118
f 88/198/119 121/194/115 116/196/117
f 120/199/120 117/197/118 121/194/115
f 120/199/120 121/194/115 122/200/121
f 120/201/120 122/202/121 123/203/122
f 113/204/123 114/187/110 125/189/112
f 112/205/124 113/204/123 125/189/112
f 86/206/125 112/205/124 125/189/112
f 126/207/126 127/208/127 122/209/121
f 123/203/122 122/202/121 127/210/127
f 127/208/127 126/207/126 124/211/113
f 125/212/112 124/213/113 126/214/126
f 123/215/122 129/216/128 128/217/129
f 127/218/127 129/219/128 123/220/122
f 120/221/120 131/222/130 117/223/118
f 132/224/131 131/225/130 120/226/120
f 133/227/132 124/228/113 130/229/133
f 115/230/111 130/231/133 124/232/113
f 178/233/134 106/234/99 177/235/135
f 108/236/103 106/237/99 178/238/134
f 147/239/136 96/240/89 99/241/92
f 149/242/137 100/243/93 96/244/89
f 100/243/93 149/242/137 150/245/138
f 100/246/93 150/247/138 102/248/95
f 151/249/139 79/250/97 150/251/138
f 102/248/95 150/247/138 79/252/97
f 151/253/139 152/254/140 79/255/97
f 153/256/141 80/257/142 78/258/143
f 154/259/144 81/260/145 80/261/142
f 154/262/144 80/263/142 153/264/141
f 81/260/145 154/259/144 82/265/146
f 155/266/147 82/267/146 154/268/144
f 83/269/83 82/270/146 155/271/147
f 157/272/148 84/273/81 83/274/83
f 158/275/149 85/276/84 84/277/81
f 158/278/149 84/279/81 157/280/148
f 85/276/84 158/275/149 86/281/125
f 158/282/149 159/283/150 86/284/125
f 113/285/123 112/286/124 160/287/151
f 114/288/110 113/285/123 160/287/151
f 115/289/111 114/288/110 130/290/133
f 189/291/152 169/292/153 119/293/114
f 116/294/117 169/295/153 88/296/119
f 169/297/153 170/298/154 88/299/119
f 172/300/155 90/301/88 89/302/85
f 90/303/88 172/304/155 173/305/156
f 90/306/88 173/307/156 91/308/157
f 174/309/158 92/310/159 173/311/156
f 91/308/157 173/307/156 92/312/159
f 92/313/159 174/314/158 93/315/160
f 94/316/161 176/317/162 95/318/102
f 95/319/102 177/320/135 106/321/99
f 147/239/136 99/241/92 110/322/105
f 131/323/130 118/324/116 117/325/118
f 189/326/152 119/327/114 118/328/116
f 116/294/117 119/329/114 169/295/153
f 163/330/163 134/331/164 133/332/132
f 164/333/165 141/334/166 135/335/167
f 165/336/168 141/334/166 164/333/165
f 166/337/168 141/334/166 165/336/168
f 167/338/168 141/334/166 166/337/168
f 134/331/164 135/339/167 141/340/166
f 168/341/169 141/334/166 167/338/168
f 139/342/170 141/343/166 136/344/171
f 182/345/172 139/346/170 181/347/173
f 136/348/171 181/347/173 139/346/170
f 183/349/174 139/346/170 137/350/175
f 182/345/172 137/350/175 139/346/170
f 184/351/168 139/346/170 183/349/174
f 186/352/176 132/353/131 138/354/177
f 131/355/130 132/353/131 187/356/178
f 185/357/179 139/346/170 184/351/168
f 185/357/179 138/358/177 139/346/170
f 168/341/169 136/359/171 141/334/166
f 128/360/129 140/361/180 132/362/131
f 139/363/170 138/354/177 132/353/131
f 186/352/176 187/356/178 132/353/131
f 139/364/170 132/365/131 140/366/180
f 142/367/181 140/368/180 129/369/128
f 128/360/129 129/370/128 140/361/180
f 129/219/128 133/371/132 142/372/181
f 141/373/166 142/374/181 133/375/132
f 141/340/166 133/332/132 134/331/164
f 162/376/182 163/330/163 133/332/132
f 130/377/133 162/376/182 133/332/132
f 146/378/183 143/379/184 145/380/185
f 144/381/186 145/382/185 143/383/184
f 142/384/181 144/381/186 140/385/180
f 144/386/186 142/387/181 145/388/185
f 139/389/170 143/390/184 146/391/183
f 139/392/170 146/393/183 141/394/166
f 96/395/89 147/396/136 148/397/187
f 96/244/89 148/398/187 149/242/137
f 78/399/143 79/400/97 152/401/140
f 78/402/143 152/403/140 153/404/141
f 156/405/188 83/406/83 155/407/147
f 83/406/83 156/405/188 157/408/148
f 112/409/124 86/410/125 159/411/150
f 160/412/151 112/413/124 159/414/150
f 161/415/189 114/288/110 160/287/151
f 114/288/110 161/415/189 130/290/133
f 162/416/182 130/417/133 161/418/189
f 87/419/87 88/420/119 170/421/154
f 171/422/190 89/423/85 87/424/87
f 171/425/190 87/426/87 170/427/154
f 89/428/85 171/429/190 172/430/155
f 175/431/191 93/432/160 174/433/158
f 175/434/191 176/435/162 93/436/160
f 94/316/161 93/437/160 176/317/162
f 177/438/135 95/439/102 176/440/162
f 179/441/192 108/442/103 178/443/134
f 108/444/103 179/445/192 110/446/105
f 180/447/193 110/448/105 179/449/192
f 110/448/105 180/447/193 147/450/136
f 188/451/194 118/452/116 131/453/130
f 188/454/194 131/455/130 187/456/178
f 189/457/152 118/452/116 188/451/194
f 160/458/151 159/459/150 147/460/136
f 159/459/150 158/461/149 147/460/136
f 158/461/149 157/462/148 147/460/136
f 157/463/148 156/464/188 147/465/136
f 156/464/188 155/466/147 147/465/136
f 148/467/187 147/465/136 155/466/147
f 154/468/144 149/469/137 155/466/147
f 153/470/141 149/469/137 154/468/144
f 152/471/140 149/469/137 153/470/141
f 151/472/139 149/469/137 152/471/140
f 150/473/138 149/469/137 151/472/139
f 148/467/187 155/466/147 149/469/137
f 136/474/171 168/475/169 147/476/136
f 168/477/169 167/478/168 147/479/136
f 167/478/168 166/480/168 147/479/136
f 166/480/168 165/481/168 147/479/136
f 165/481/168 164/482/165 147/479/136
f 164/482/165 135/483/167 147/479/136
f 135/483/167 134/484/164 147/479/136
f 134/485/164 163/486/163 147/460/136
f 163/486/163 162/487/182 147/460/136
f 162/487/182 161/488/189 147/460/136
f 160/458/151 147/460/136 161/488/189
f 189/489/152 188/490/194 179/491/192
f 169/492/153 189/489/152 179/491/192
f 169/493/153 179/494/192 178/495/134
f 169/493/153 178/495/134 177/496/135
f 169/493/153 177/496/135 176/497/162
f 169/498/153 176/499/162 175/500/191
f 169/498/153 175/500/191 174/501/158
f 169/498/153 174/501/158 173/502/156
f 172/503/155 170/504/154 173/502/156
f 171/505/190 170/504/154 172/503/155
f 169/498/153 173/502/156 170/504/154
f 187/506/178 179/491/192 188/490/194
f 180/507/193 179/508/192 186/509/176
f 187/506/178 186/510/176 179/491/192
f 138/511/177 180/512/193 186/513/176
f 185/514/179 180/512/193 138/511/177
f 184/515/168 147/476/136 185/516/179
f 183/517/174 147/476/136 184/515/168
f 137/518/175 147/476/136 183/517/174
f 182/519/172 147/476/136 137/518/175
f 181/520/173 147/476/136 182/519/172
f 136/474/171 147/476/136 181/520/173
f 180/521/193 185/522/179 147/523/136
f 190/524/195 62/525/67 61/526/42
f 62/525/67 190/524/195 194/527/196
f 61/528/42 191/529/197 190/530/195
f 191/529/197 61/528/42 192/531/46
f 192/531/46 57/532/198 191/529/197
f 193/66/43 57/533/198 192/69/46
f 56/88/61 58/90/63 193/107/43
f 58/90/63 57/534/198 193/107/43
f 57/535/198 58/536/63 198/537/199
f 59/99/62 49/98/56 58/536/63
f 198/537/199 58/536/63 49/98/56
f 194/538/196 195/539/200 196/540/201
f 195/541/200 194/527/196 190/524/195
f 190/530/195 191/529/197 201/542/202
f 190/543/195 201/544/202 195/545/200
f 197/546/203 201/547/202 191/548/197
f 197/546/203 191/548/197 57/549/198
f 57/549/198 198/550/199 197/546/203
f 196/540/201 195/539/200 203/551/204
f 195/539/200 200/552/205 203/551/204
f 200/553/205 195/545/200 201/544/202
f 201/547/202 197/546/203 202/554/206
f 200/555/205 201/547/202 202/554/206
f 204/556/207 197/546/203 198/550/199
f 202/554/206 197/546/203 204/556/207
f 54/557/58 198/537/199 49/98/56
f 196/540/201 203/551/204 199/558/208
f 228/559/209 200/560/205 202/561/206
f 54/557/58 204/562/207 198/537/199
f 229/563/210 199/564/208 203/565/204
f 205/566/211 52/80/57 55/84/59
f 206/567/212 205/568/211 55/569/59
f 208/570/213 46/571/49 207/572/214
f 205/568/211 209/573/215 208/574/213
f 209/573/215 205/568/211 206/567/212
f 208/575/213 209/576/215 46/72/49
f 352/73/50 46/72/49 209/576/215
f 223/577/216 207/578/214 210/579/217
f 210/580/217 207/572/214 211/581/48
f 207/572/214 46/571/49 211/581/48
f 212/582/218 202/561/206 204/583/207
f 204/583/207 213/584/219 212/582/218
f 213/585/219 204/586/207 54/587/58
f 54/81/58 52/80/57 217/588/220
f 217/589/220 52/590/57 205/591/211
f 215/592/221 212/593/218 213/594/219
f 214/595/222 212/593/218 215/592/221
f 213/596/219 216/597/223 215/598/221
f 54/599/58 217/589/220 213/596/219
f 216/597/223 213/596/219 217/589/220
f 217/589/220 205/591/211 208/600/213
f 208/600/213 216/597/223 217/589/220
f 216/601/223 208/602/213 207/578/214
f 218/603/224 214/595/222 215/592/221
f 216/601/223 207/578/214 221/604/225
f 219/605/226 227/606/227 218/607/224
f 218/607/224 220/608/228 219/605/226
f 221/609/225 215/610/221 216/611/223
f 215/612/221 221/613/225 218/607/224
f 220/608/228 218/607/224 221/613/225
f 220/614/228 221/615/225 222/616/229
f 221/604/225 207/578/214 223/577/216
f 222/616/229 221/615/225 223/617/216
f 225/618/230 214/595/222 218/603/224
f 224/619/231 225/620/230 226/621/232
f 225/622/230 218/607/224 227/606/227
f 226/623/232 225/622/230 227/606/227
f 228/559/209 202/561/206 212/582/218
f 214/624/222 228/625/209 212/626/218
f 203/565/204 230/627/233 229/563/210
f 199/564/208 229/563/210 9/628/15
f 230/629/233 203/630/204 200/560/205
f 230/629/233 200/560/205 228/559/209
f 229/631/210 230/629/233 232/632/234
f 228/625/209 214/624/222 233/633/235
f 9/634/15 231/635/236 14/27/14
f 231/636/236 9/628/15 229/563/210
f 231/637/236 229/638/210 232/639/234
f 14/27/14 231/635/236 234/640/237
f 235/641/238 231/642/236 232/643/234
f 230/629/233 228/559/209 233/644/235
f 230/629/233 233/644/235 232/632/234
f 241/645/239 232/646/234 233/633/235
f 233/633/235 214/624/222 225/620/230
f 234/640/237 24/28/19 14/27/14
f 231/642/236 235/641/238 234/647/237
f 232/643/234 241/648/239 235/641/238
f 236/649/240 24/650/19 234/651/237
f 236/649/240 234/651/237 237/652/241
f 24/650/19 236/649/240 25/653/26
f 238/654/242 234/651/237 235/655/238
f 238/656/242 235/641/238 239/657/243
f 237/652/241 234/651/237 238/654/242
f 235/641/238 240/658/244 239/657/243
f 240/658/244 235/641/238 241/648/239
f 240/659/244 241/645/239 242/660/245
f 242/660/245 241/645/239 224/619/231
f 225/620/230 241/645/239 233/633/235
f 241/645/239 225/620/230 224/619/231
f 111/661/106 98/662/91 246/663/109
f 245/664/246 246/185/109 243/665/247
f 244/666/248 243/665/247 246/185/109
f 244/666/248 246/185/109 247/184/108
f 243/667/247 248/668/249 249/669/250
f 243/665/247 249/670/250 245/664/246
f 243/667/247 250/671/251 248/668/249
f 252/672/252 254/673/253 253/674/254
f 253/675/254 257/676/255 255/677/256
f 255/677/256 257/676/255 256/678/257
f 254/679/253 318/680/258 253/681/254
f 318/680/258 257/682/255 253/681/254
f 256/678/257 257/676/255 259/683/259
f 256/684/257 259/685/259 258/686/260
f 257/682/255 326/687/261 259/688/259
f 260/689/262 261/690/263 264/691/264
f 261/690/263 260/689/262 262/692/265
f 255/693/256 262/692/265 263/694/266
f 263/695/266 252/672/252 253/674/254
f 253/674/254 255/696/256 263/695/266
f 261/690/263 262/692/265 255/693/256
f 261/697/263 255/677/256 256/678/257
f 261/697/263 256/678/257 268/698/267
f 477/699/268 265/700/269 266/701/270
f 265/702/269 267/703/271 266/704/270
f 261/697/263 268/698/267 264/705/264
f 264/705/264 268/698/267 265/706/269
f 267/703/271 265/702/269 268/707/267
f 268/707/267 256/684/257 258/686/260
f 258/686/260 267/703/271 268/707/267
f 467/708/272 267/709/271 258/710/260
f 252/711/252 263/694/266 465/712/273
f 466/713/274 252/714/252 465/715/273
f 269/716/275 272/717/276 271/718/277
f 139/364/170 140/366/180 143/719/184
f 144/381/186 143/383/184 140/385/180
f 141/720/166 146/721/183 145/722/185
f 141/723/166 145/388/185 142/387/181
f 123/215/122 128/217/129 120/724/120
f 132/224/131 120/226/120 128/725/129
f 129/219/128 127/218/127 133/371/132
f 124/228/113 133/227/132 127/726/127
f 274/727/278 276/728/279 275/729/280
f 277/730/281 275/731/280 276/732/279
f 275/733/280 125/734/112 280/735/282
f 279/736/283 280/735/282 125/734/112
f 278/737/284 279/736/283 125/734/112
f 274/727/278 275/729/280 273/738/285
f 280/739/282 273/738/285 275/729/280
f 282/740/286 125/734/112 281/741/287
f 283/742/288 125/734/112 282/740/286
f 283/742/288 278/737/284 125/734/112
f 287/743/289 125/734/112 286/744/290
f 284/745/291 125/746/112 290/747/292
f 289/748/293 125/746/112 288/749/294
f 285/750/295 125/746/112 284/745/291
f 290/747/292 125/746/112 289/748/293
f 48/751/51 288/752/294 291/753/296
f 211/581/48 47/754/47 291/753/296
f 47/754/47 48/751/51 291/753/296
f 291/753/296 210/580/217 211/581/48
f 210/755/217 291/756/296 223/617/216
f 220/614/228 291/756/296 219/757/226
f 227/758/227 219/757/226 291/756/296
f 291/756/296 220/614/228 222/616/229
f 222/616/229 223/617/216 291/756/296
f 291/759/296 311/760/297 227/761/227
f 226/762/232 227/763/227 311/764/297
f 239/765/243 311/764/297 238/766/242
f 311/764/297 236/767/240 237/768/241
f 238/766/242 311/764/297 237/768/241
f 242/769/245 224/770/231 311/764/297
f 224/770/231 226/762/232 311/764/297
f 240/771/244 242/769/245 311/764/297
f 292/772/298 293/773/299 296/774/300
f 296/774/300 293/773/299 294/775/301
f 294/776/301 295/777/302 296/778/300
f 297/779/303 296/778/300 295/777/302
f 298/780/304 121/781/115 297/782/303
f 296/783/300 297/782/303 121/781/115
f 299/784/305 121/781/115 298/780/304
f 301/785/306 302/786/307 121/787/115
f 300/788/308 301/785/306 121/787/115
f 121/787/115 302/786/307 306/789/309
f 306/789/309 303/790/310 121/787/115
f 304/791/311 121/792/115 303/793/310
f 305/794/312 307/795/313 121/792/115
f 308/796/314 121/792/115 307/795/313
f 304/791/311 305/794/312 121/792/115
f 309/797/315 121/792/115 308/796/314
f 18/798/20 311/799/297 17/800/22
f 19/801/21 311/799/297 18/798/20
f 22/802/24 311/799/297 20/803/23
f 20/803/23 311/799/297 19/801/21
f 25/804/26 311/799/297 23/805/25
f 22/802/24 23/805/25 311/799/297
f 66/52/34 310/806/316 31/50/32
f 68/807/71 69/808/72 310/809/316
f 70/810/73 310/809/316 69/808/72
f 68/811/71 310/806/316 66/52/34
f 32/51/33 31/50/32 310/806/316
f 17/800/22 311/799/297 74/812/77
f 71/813/74 310/809/316 70/810/73
f 74/812/77 311/799/297 73/814/76
f 73/814/76 311/799/297 71/815/74
f 121/792/115 309/797/315 310/816/316
f 75/142/80 77/141/79 310/817/316
f 310/806/316 77/818/79 32/51/33
f 25/819/26 236/767/240 311/764/297
f 239/765/243 240/771/244 311/764/297
f 310/820/316 71/821/74 311/822/297
f 300/823/308 121/781/115 299/784/305
f 75/142/80 310/817/316 309/824/315
f 88/825/119 296/783/300 121/781/115
f 291/826/296 288/749/294 125/746/112
f 285/750/295 286/827/290 125/746/112
f 287/743/289 281/741/287 125/734/112
f 86/828/125 125/829/112 275/830/280
f 122/831/121 312/832/317 126/833/126
f 310/834/316 311/835/297 312/836/317
f 312/837/317 122/838/121 310/839/316
f 121/840/115 310/841/316 122/842/121
f 125/212/112 126/214/126 291/843/296
f 311/844/297 291/845/296 312/846/317
f 312/847/317 291/848/296 126/849/126
f 273/738/285 313/850/318 274/727/278
f 313/850/318 628/851/319 276/728/279
f 274/727/278 313/850/318 276/728/279
f 332/852/320 82/853/146 314/854/321
f 314/854/321 82/853/146 315/855/322
f 83/856/83 315/855/322 82/853/146
f 316/857/82 315/858/322 83/859/83
f 85/860/84 317/861/323 316/862/82
f 85/863/84 86/864/125 317/865/323
f 275/866/280 317/867/323 86/868/125
f 275/731/280 277/730/281 317/869/323
f 317/870/323 632/871/324 316/872/82
f 315/873/322 316/872/82 629/874/325
f 78/875/143 330/876/326 79/877/97
f 318/878/258 254/879/253 322/880/327
f 319/881/328 322/882/327 254/883/253
f 326/687/261 257/682/255 318/680/258
f 322/884/327 319/885/328 320/886/329
f 318/878/258 322/880/327 321/887/330
f 324/888/331 322/889/327 323/890/332
f 320/886/329 323/891/332 322/884/327
f 324/888/331 329/892/333 322/889/327
f 325/893/334 323/891/332 320/886/329
f 620/894/335 259/895/259 621/896/336
f 326/897/261 318/898/258 321/899/330
f 259/895/259 326/900/261 621/896/336
f 622/901/337 326/902/261 327/903/338
f 321/904/330 327/903/338 326/902/261
f 321/905/330 328/906/339 327/907/338
f 321/905/330 322/889/327 329/892/333
f 323/891/332 325/893/334 330/908/326
f 324/909/331 323/891/332 330/908/326
f 321/905/330 329/892/333 328/906/339
f 329/892/333 324/888/331 331/910/340
f 330/911/326 331/912/340 324/913/331
f 104/914/98 79/877/97 330/876/326
f 80/915/142 331/916/340 330/876/326
f 80/915/142 330/876/326 78/875/143
f 331/916/340 80/915/142 332/917/320
f 81/918/145 332/917/320 80/915/142
f 82/853/146 332/852/320 81/919/145
f 331/920/340 332/921/320 328/922/339
f 328/922/339 329/923/333 331/920/340
f 335/924/341 619/925/342 334/926/343
f 333/927/344 337/928/345 335/924/341
f 336/929/346 335/924/341 338/930/347
f 337/928/345 338/930/347 335/924/341
f 338/931/347 103/932/96 336/933/346
f 339/934/348 338/930/347 337/928/345
f 618/935/349 617/936/350 104/937/98
f 615/938/351 101/939/94 339/940/348
f 339/941/348 101/942/94 338/931/347
f 343/943/352 634/944/353 342/945/354
f 281/946/287 342/945/354 282/947/286
f 342/945/354 634/944/353 283/948/288
f 282/947/286 342/945/354 283/948/288
f 347/949/355 344/950/356 345/951/357
f 346/952/358 344/953/356 347/954/355
f 347/955/355 345/956/357 343/957/352
f 341/958/359 343/959/352 345/960/357
f 349/961/360 346/952/358 347/954/355
f 349/962/360 347/955/355 342/963/354
f 342/963/354 347/955/355 343/957/352
f 348/964/361 346/952/358 349/961/360
f 284/965/291 348/964/361 285/966/295
f 348/967/361 286/968/290 285/969/295
f 348/967/361 349/970/360 286/968/290
f 286/968/290 349/970/360 287/971/289
f 349/972/360 342/945/354 281/946/287
f 287/971/289 349/970/360 281/973/287
f 350/974/362 353/975/363 45/976/364
f 350/974/362 45/976/364 351/977/365
f 351/978/365 344/950/356 346/979/358
f 346/979/358 350/980/362 351/978/365
f 206/567/212 353/981/363 209/573/215
f 353/981/363 206/567/212 45/982/364
f 353/975/363 352/983/50 209/984/215
f 353/975/363 350/974/362 354/985/366
f 352/983/50 353/975/363 354/985/366
f 348/964/361 350/986/362 346/952/358
f 350/986/362 348/964/361 354/987/366
f 288/988/294 48/74/51 352/73/50
f 289/989/293 352/983/50 354/985/366
f 289/989/293 354/985/366 290/990/292
f 288/991/294 352/983/50 289/989/293
f 290/990/292 354/985/366 284/992/291
f 284/965/291 354/987/366 348/964/361
f 356/993/367 357/994/368 462/995/369
f 463/996/370 361/997/371 464/998/372
f 464/998/372 361/997/371 362/999/373
f 363/1000/374 360/1001/375 466/1002/274
f 368/1003/376 457/1004/377 364/1005/378
f 364/1006/378 564/1007/379 373/1008/380
f 564/1009/379 364/1010/378 360/1011/375
f 368/1012/376 364/1013/378 373/1014/380
f 370/1015/381 365/1016/382 359/1017/383
f 355/1018/384 370/1015/381 359/1017/383
f 365/1016/382 366/1019/385 356/1020/367
f 359/1017/383 365/1016/382 356/1020/367
f 366/1019/385 367/1021/386 357/1022/368
f 356/1020/367 366/1019/385 357/1022/368
f 367/1023/386 358/1024/387 357/1025/368
f 367/1023/386 371/1026/388 358/1024/387
f 457/1027/377 368/1028/376 270/1029/389
f 369/1030/390 355/1031/384 459/1032/391
f 362/1033/373 361/1034/371 372/1035/392
f 245/1036/246 249/1037/250 111/661/106
f 246/663/109 245/1036/246 111/661/106
f 375/1038/393 249/669/250 248/668/249
f 109/1039/104 111/1040/106 249/1041/250
f 375/1042/393 109/1039/104 249/1041/250
f 101/942/94 103/932/96 338/931/347
f 248/668/249 376/1043/394 375/1038/393
f 104/937/98 619/1044/342 103/1045/96
f 376/1046/394 109/1039/104 375/1042/393
f 380/1047/395 248/668/249 250/671/251
f 251/1048/396 380/1047/395 250/671/251
f 377/1049/397 378/1050/398 251/1051/396
f 377/1049/397 379/1052/399 378/1050/398
f 380/1047/395 251/1048/396 378/1053/398
f 381/1054/400 376/1043/394 380/1047/395
f 248/668/249 380/1047/395 376/1043/394
f 378/1055/398 382/1056/401 380/1057/395
f 382/1058/401 381/1054/400 380/1047/395
f 381/1059/400 109/1039/104 376/1046/394
f 382/1056/401 107/1060/100 381/1061/400
f 378/1055/398 383/1062/402 382/1056/401
f 385/1063/403 384/1064/404 378/1065/398
f 378/1055/398 384/1066/404 383/1062/402
f 383/1062/402 107/1060/100 382/1056/401
f 109/1039/104 381/1059/400 107/1067/100
f 379/1052/399 385/1068/403 378/1050/398
f 385/1069/403 379/1070/399 391/1071/405
f 386/1072/406 391/1071/405 379/1070/399
f 391/1071/405 386/1072/406 387/1073/407
f 385/1063/403 388/1074/408 384/1064/404
f 390/1075/409 388/1076/408 389/1077/410
f 385/1078/403 389/1077/410 388/1076/408
f 385/1078/403 391/1079/405 389/1077/410
f 390/1075/409 395/1080/411 388/1076/408
f 391/1081/405 387/1082/407 393/1083/412
f 389/1077/410 391/1079/405 393/1084/412
f 393/1085/412 387/1086/407 529/1087/413
f 529/1088/413 387/1089/407 530/1090/414
f 392/1091/415 390/1075/409 389/1077/410
f 105/1092/101 384/1064/404 396/1093/416
f 392/1094/415 394/1095/417 390/1096/409
f 388/1074/408 396/1093/416 384/1064/404
f 389/1097/410 397/1098/418 392/1094/415
f 384/1064/404 105/1092/101 383/1099/402
f 93/1100/160 395/1101/411 394/1102/417
f 93/1100/160 394/1102/417 92/1103/159
f 395/1104/411 93/1105/160 396/1106/416
f 94/1107/161 396/1106/416 93/1105/160
f 105/1108/101 396/1106/416 95/1109/102
f 94/1107/161 95/1109/102 396/1106/416
f 396/1093/416 388/1074/408 395/1110/411
f 107/1060/100 383/1062/402 105/1111/101
f 398/1112/419 392/1094/415 397/1098/418
f 393/1113/412 397/1098/418 389/1097/410
f 397/1114/418 393/1085/412 400/1115/420
f 399/1116/421 398/1117/419 397/1118/418
f 399/1116/421 397/1118/418 404/1119/422
f 398/1112/419 394/1095/417 392/1094/415
f 399/1116/421 412/1120/423 398/1117/419
f 405/1121/424 399/1116/421 404/1119/422
f 406/1122/425 397/1123/418 400/1124/420
f 400/1115/420 529/1087/413 542/1125/426
f 401/1126/427 402/1127/428 403/1128/429
f 395/1129/411 390/1096/409 394/1095/417
f 402/1130/428 405/1121/424 404/1119/422
f 402/1127/428 404/1131/422 403/1128/429
f 401/1126/427 410/1132/86 402/1127/428
f 404/1119/422 397/1118/418 406/1133/425
f 404/1131/422 406/1134/425 408/1135/430
f 405/1121/424 411/1136/431 399/1116/421
f 407/1137/432 401/1138/427 403/1139/429
f 407/1140/432 409/1141/433 401/1142/427
f 403/1139/429 293/1143/299 407/1137/432
f 292/1144/298 407/1137/432 293/1143/299
f 402/1145/428 410/1146/86 405/1147/424
f 403/1139/429 408/1148/430 293/1143/299
f 394/1095/417 398/1112/419 412/1149/423
f 412/1120/423 399/1116/421 411/1136/431
f 292/772/298 409/1141/433 407/1140/432
f 490/1150/434 408/1151/430 406/1152/425
f 404/1131/422 408/1135/430 403/1128/429
f 294/775/301 293/773/299 408/1153/430
f 408/1151/430 490/1150/434 295/777/302
f 294/776/301 408/1151/430 295/777/302
f 296/1154/300 88/1155/119 409/1156/433
f 87/152/87 409/1156/433 88/1155/119
f 410/151/86 409/1156/433 87/152/87
f 90/153/88 411/1157/431 410/151/86
f 91/1158/157 412/1159/423 411/1160/431
f 91/1158/157 411/1160/431 90/1161/88
f 92/1103/159 394/1102/417 91/1158/157
f 412/1159/423 91/1158/157 394/1102/417
f 411/1162/431 405/1163/424 410/1164/86
f 410/1165/86 401/1142/427 409/1141/433
f 296/774/300 409/1141/433 292/772/298
f 416/1166/435 415/1167/436 581/1168/437
f 415/1169/436 416/1170/435 436/1171/438
f 416/1170/435 413/1172/439 437/1173/440
f 436/1171/438 416/1170/435 437/1173/440
f 421/1174/441 423/1175/442 543/1176/443
f 424/1177/444 425/1178/445 546/1179/446
f 425/1178/445 422/1180/447 547/1181/448
f 418/1182/449 431/1183/41 430/1184/450
f 431/1185/41 418/1186/449 419/1187/451
f 420/1188/452 427/1189/453 641/1190/454
f 548/1191/455 427/1192/453 428/1193/456
f 358/1194/387 433/1195/457 434/1196/458
f 414/1197/459 433/1198/457 358/1199/387
f 414/1197/459 435/1200/460 433/1198/457
f 415/1169/436 435/1200/460 414/1197/459
f 436/1171/438 435/1200/460 415/1169/436
f 434/1196/458 433/1195/457 243/1201/247
f 434/1196/458 243/1201/247 244/1202/248
f 433/1203/457 435/1204/460 250/1205/251
f 243/1201/247 433/1195/457 250/1206/251
f 435/1204/460 436/1207/438 251/1208/396
f 250/1205/251 435/1204/460 251/1208/396
f 437/1209/440 438/1210/461 517/1211/462
f 437/1212/440 413/1213/439 438/1214/461
f 439/1215/463 442/1216/464 441/1217/465
f 439/1218/463 445/1219/466 444/1220/467
f 444/1220/467 445/1219/466 440/1221/468
f 445/1222/466 439/1215/463 441/1217/465
f 440/1223/468 445/1222/466 446/1224/469
f 445/1222/466 441/1217/465 449/1225/470
f 445/1222/466 449/1225/470 446/1224/469
f 446/1226/469 484/1227/471 447/1228/472
f 446/1226/469 449/1229/470 484/1227/471
f 449/1225/470 455/1230/473 485/1231/474
f 484/1232/471 449/1233/470 485/1234/474
f 446/1224/469 450/1235/475 440/1223/468
f 450/1236/475 446/1226/469 447/1228/472
f 450/1236/475 447/1228/472 448/1237/476
f 538/1238/477 450/1239/475 448/1240/476
f 443/1241/478 454/1242/479 442/1243/464
f 452/1244/480 443/1241/478 451/1245/481
f 454/1242/479 443/1241/478 452/1244/480
f 451/1245/481 453/1246/482 452/1244/480
f 441/1247/465 442/1243/464 454/1242/479
f 455/1248/473 441/1249/465 454/1250/479
f 452/1251/480 453/1252/482 3/1253/2
f 441/1217/465 455/1230/473 449/1225/470
f 364/1254/378 457/1255/377 269/716/275
f 269/716/275 457/1255/377 272/717/276
f 457/1256/377 270/1257/389 458/1258/483
f 272/1259/276 457/1256/377 458/1258/483
f 270/1257/389 333/1260/344 458/1258/483
f 333/1260/344 270/1257/389 459/1261/391
f 252/672/252 271/1262/277 254/673/253
f 319/881/328 271/1263/277 272/1264/276
f 254/883/253 271/1263/277 319/881/328
f 319/881/328 272/1264/276 334/1265/343
f 272/1259/276 458/1258/483 334/1266/343
f 458/1258/483 333/1260/344 335/1267/341
f 334/1266/343 458/1258/483 335/1267/341
f 369/1268/390 270/1269/389 368/1270/376
f 270/1271/389 369/1272/390 459/1273/391
f 355/1031/384 460/1274/484 459/1032/391
f 359/1275/383 460/1276/484 355/1277/384
f 357/1278/368 358/1279/387 434/1280/458
f 459/1261/391 460/1281/484 340/1282/485
f 340/1282/485 333/1260/344 459/1261/391
f 356/993/367 461/1283/486 359/1275/383
f 359/1275/383 461/1283/486 460/1276/484
f 356/993/367 462/995/369 461/1283/486
f 434/1196/458 462/1284/369 357/1285/368
f 434/1196/458 244/1202/248 462/1284/369
f 464/998/372 362/999/373 465/1286/273
f 465/1287/273 362/1033/373 363/1288/374
f 363/1289/374 466/713/274 465/715/273
f 360/1290/375 269/716/275 466/1291/274
f 364/1010/378 269/1292/275 360/1011/375
f 262/692/265 463/1293/370 464/1294/372
f 260/689/262 463/1293/370 262/692/265
f 263/694/266 464/1294/372 465/712/273
f 262/692/265 464/1294/372 263/694/266
f 466/1291/274 269/716/275 271/718/277
f 466/1295/274 271/1262/277 252/672/252
f 633/1296/487 267/1297/271 467/1298/272
f 620/1299/335 467/708/272 258/710/260
f 623/1300/488 467/1301/272 620/1302/335
f 471/1303/489 468/1304/490 469/1305/491
f 469/1306/491 470/1307/492 474/1308/493
f 470/1309/492 472/1310/494 474/1311/493
f 472/1312/494 470/1313/492 473/1314/495
f 473/1314/495 260/1315/262 264/1316/264
f 472/1317/494 473/1318/495 264/1319/264
f 469/1320/491 474/1321/493 471/1322/489
f 477/1323/268 472/1310/494 265/1324/269
f 265/1325/269 472/1317/494 264/1319/264
f 471/1322/489 476/1326/496 475/1327/497
f 476/1326/496 471/1322/489 474/1321/493
f 477/1323/268 474/1311/493 472/1310/494
f 474/1311/493 477/1323/268 476/1328/496
f 266/701/270 479/1329/498 477/699/268
f 478/1330/499 475/1331/497 476/1332/496
f 554/1333/500 478/1334/499 344/950/356
f 344/950/356 478/1334/499 345/951/357
f 478/1330/499 476/1332/496 479/1329/498
f 479/1329/498 476/1332/496 477/699/268
f 479/1329/498 345/1335/357 478/1330/499
f 481/1336/53 38/1337/65 39/1338/501
f 482/1339/502 39/1340/501 480/1341/503
f 39/1340/501 482/1339/502 481/1342/53
f 482/1339/502 480/1341/503 483/1343/504
f 483/1343/504 480/1341/503 468/1344/490
f 483/1345/504 468/1346/490 471/1347/489
f 482/1339/502 483/1343/504 553/1348/505
f 483/1349/504 471/1322/489 475/1327/497
f 553/1348/505 483/1343/504 475/1350/497
f 456/1351/506 454/1250/479 452/1251/480
f 455/1248/473 454/1250/479 456/1351/506
f 456/1351/506 452/1251/480 3/1253/2
f 455/1248/473 456/1351/506 486/1352/507
f 485/1234/474 455/1353/473 486/1354/507
f 5/54/36 486/1355/507 456/1356/506
f 485/1234/474 486/1354/507 26/1357/27
f 26/43/27 486/1358/507 27/44/28
f 486/1355/507 5/54/36 27/55/28
f 485/1234/474 487/1359/508 484/1232/471
f 485/1234/474 26/1357/27 487/1359/508
f 28/46/30 487/1360/508 26/43/27
f 489/1361/509 493/1362/510 494/1363/511
f 488/1364/512 489/1361/509 494/1363/511
f 400/1124/420 491/1365/513 406/1122/425
f 542/1366/426 491/1367/513 400/1368/420
f 406/1152/425 491/1369/513 490/1150/434
f 491/1370/513 488/1371/512 492/1372/514
f 490/1373/434 491/1370/513 492/1372/514
f 297/779/303 295/777/302 490/1150/434
f 299/1374/305 298/1375/304 492/1372/514
f 490/1373/434 492/1372/514 298/1375/304
f 297/779/303 490/1150/434 298/1376/304
f 493/1377/510 497/1378/515 494/1379/511
f 495/1380/516 488/1371/512 494/1381/511
f 494/1382/511 501/1383/517 495/1384/516
f 492/1385/514 300/788/308 299/1386/305
f 495/1380/516 492/1372/514 488/1371/512
f 301/785/306 300/788/308 495/1387/516
f 495/1387/516 300/788/308 492/1385/514
f 301/1388/306 495/1384/516 302/1389/307
f 302/1389/307 495/1384/516 501/1383/517
f 302/1389/307 501/1383/517 306/1390/309
f 447/1391/472 502/1392/518 498/1393/519
f 447/1391/472 498/1393/519 448/1394/476
f 496/1395/520 448/1240/476 498/1396/519
f 500/1397/521 496/1398/520 498/1399/519
f 493/1377/510 496/1398/520 497/1378/515
f 496/1398/520 500/1397/521 497/1378/515
f 497/1378/515 500/1397/521 499/1400/522
f 500/1401/521 503/1402/523 499/1403/522
f 494/1382/511 497/1404/515 501/1383/517
f 304/1405/311 303/1406/310 499/1407/522
f 307/1408/313 305/1409/312 503/1410/523
f 499/1403/522 503/1402/523 305/1411/312
f 304/1412/311 499/1403/522 305/1411/312
f 499/1407/522 501/1383/517 497/1404/515
f 501/1383/517 499/1407/522 303/1406/310
f 501/1383/517 303/1406/310 306/1390/309
f 447/1413/472 484/1414/471 502/1415/518
f 502/1416/518 484/1417/471 487/1418/508
f 502/1416/518 487/1418/508 505/1419/524
f 498/1420/519 504/1421/525 500/1401/521
f 502/1416/518 504/1422/525 498/1423/519
f 502/1416/518 505/1419/524 504/1422/525
f 500/1401/521 504/1421/525 503/1402/523
f 505/1419/524 487/1418/508 28/1424/30
f 505/1425/524 28/1426/30 76/1427/78
f 503/1410/523 308/1428/314 307/1408/313
f 504/1429/525 506/1430/526 503/1410/523
f 505/1431/524 506/1430/526 504/1429/525
f 505/1432/524 76/143/78 506/1433/526
f 309/1434/315 308/1428/314 506/1430/526
f 503/1410/523 506/1430/526 308/1428/314
f 309/824/315 506/1433/526 75/142/80
f 75/142/80 506/1433/526 76/143/78
f 510/1435/527 507/1436/528 508/1437/529
f 511/1438/530 508/1437/529 509/1439/531
f 510/1435/527 508/1437/529 511/1438/530
f 509/1440/531 194/527/196 511/1441/530
f 509/1440/531 62/525/67 194/527/196
f 646/1442/532 510/1443/527 511/1444/530
f 514/1445/533 512/1446/534 515/1447/535
f 515/1448/535 512/1449/534 507/1436/528
f 515/1448/535 507/1436/528 510/1435/527
f 650/1450/536 648/1451/537 514/1452/533
f 515/1447/535 650/1453/536 514/1445/533
f 436/1207/438 377/1454/397 251/1208/396
f 437/1455/440 377/1454/397 436/1207/438
f 437/1209/440 517/1211/462 377/1456/397
f 438/1210/461 518/1457/538 517/1211/462
f 438/1210/461 519/1458/539 518/1457/538
f 519/1459/539 516/1460/540 520/1461/541
f 518/1457/538 519/1458/539 520/1462/541
f 520/1461/541 516/1460/540 525/1463/542
f 525/1463/542 516/1460/540 521/1464/543
f 377/1456/397 517/1211/462 379/1465/399
f 386/1466/406 517/1467/462 518/1468/538
f 386/1466/406 379/1469/399 517/1467/462
f 518/1468/538 520/1470/541 526/1471/544
f 521/1472/543 522/1473/545 533/1474/546
f 525/1463/542 521/1464/543 533/1475/546
f 522/1473/545 534/1476/547 533/1474/546
f 522/1473/545 523/1477/548 534/1476/547
f 535/1478/549 523/1479/548 524/1480/550
f 526/1471/544 386/1466/406 518/1468/538
f 525/1463/542 527/1481/551 520/1461/541
f 520/1470/541 527/1482/551 526/1471/544
f 525/1483/542 528/1484/552 527/1485/551
f 525/1483/542 533/1486/546 528/1484/552
f 386/1487/406 526/1488/544 387/1089/407
f 526/1488/544 530/1090/414 387/1089/407
f 526/1488/544 527/1489/551 530/1090/414
f 527/1485/551 528/1484/552 532/1490/553
f 530/1090/414 527/1489/551 532/1491/553
f 530/1492/414 531/1493/554 529/1494/413
f 530/1495/414 532/1496/553 531/1497/554
f 393/1085/412 529/1087/413 400/1115/420
f 539/1498/555 531/1497/554 532/1496/553
f 523/1499/548 535/1500/549 534/1501/547
f 444/1220/467 535/1500/549 524/1502/550
f 533/1486/546 534/1503/547 536/1504/556
f 528/1484/552 533/1486/546 536/1504/556
f 534/1501/547 535/1500/549 537/1505/557
f 536/1504/556 534/1503/547 537/1506/557
f 537/1505/557 535/1500/549 440/1221/468
f 440/1221/468 535/1500/549 444/1220/467
f 450/1507/475 537/1505/557 440/1221/468
f 536/1504/556 540/1508/558 528/1484/552
f 540/1508/558 536/1504/556 538/1509/477
f 537/1506/557 538/1509/477 536/1504/556
f 538/1510/477 537/1505/557 450/1507/475
f 532/1490/553 528/1484/552 540/1508/558
f 532/1496/553 540/1511/558 539/1498/555
f 538/1512/477 541/1513/559 540/1511/558
f 540/1511/558 541/1513/559 539/1498/555
f 493/1514/510 539/1498/555 541/1513/559
f 541/1515/559 496/1395/520 493/1516/510
f 448/1240/476 541/1515/559 538/1238/477
f 541/1515/559 448/1240/476 496/1395/520
f 539/1498/555 489/1517/509 531/1497/554
f 493/1362/510 489/1361/509 539/1518/555
f 531/1519/554 542/1520/426 529/1521/413
f 491/1370/513 542/1522/426 488/1371/512
f 489/1361/509 542/1523/426 531/1524/554
f 488/1364/512 542/1523/426 489/1361/509
f 543/1176/443 544/1525/560 421/1174/441
f 423/1526/442 545/1527/561 543/1528/443
f 424/1529/444 545/1530/561 423/1531/442
f 546/1179/446 545/1532/561 424/1177/444
f 546/1179/446 425/1178/445 547/1181/448
f 547/1533/448 640/1534/562 642/1535/563
f 428/1536/456 549/1537/564 548/1538/455
f 549/1539/564 428/1540/456 432/1541/565
f 41/1542/40 430/1184/450 431/1183/41
f 481/76/53 551/1543/566 51/77/54
f 551/1544/566 481/1342/53 482/1339/502
f 551/1544/566 482/1339/502 553/1348/505
f 51/85/54 551/1545/566 550/86/60
f 551/1545/566 552/1546/567 550/86/60
f 551/1545/566 553/1547/505 552/1546/567
f 206/1548/212 55/1549/59 550/1550/60
f 45/1551/364 550/86/60 552/1546/567
f 206/1552/212 550/86/60 45/1551/364
f 351/1553/365 45/1551/364 552/1546/567
f 553/1547/505 554/1554/500 552/1546/567
f 554/1555/500 553/1556/505 475/1331/497
f 552/1546/567 554/1554/500 351/1553/365
f 344/950/356 351/978/365 554/1333/500
f 554/1555/500 475/1331/497 478/1330/499
f 36/1557/568 555/1558/569 480/1559/503
f 556/1560/570 468/1561/490 555/1562/569
f 480/1559/503 555/1558/569 468/1563/490
f 556/1564/570 469/1305/491 468/1304/490
f 556/1565/570 557/1566/571 469/1567/491
f 557/1568/571 470/1307/492 469/1306/491
f 470/1307/492 557/1568/571 558/1569/572
f 470/1313/492 558/1570/572 473/1314/495
f 559/1571/573 473/1314/495 558/1570/572
f 260/1315/262 559/1571/573 463/1572/370
f 559/1571/573 260/1315/262 473/1314/495
f 566/1573/574 555/1574/569 36/1575/568
f 56/1576/61 43/1577/45 44/1578/575
f 37/1579/64 44/1580/575 560/1581/576
f 37/1582/64 56/1583/61 44/1584/575
f 560/1581/576 38/1585/65 37/1579/64
f 38/1585/65 560/1581/576 561/1586/577
f 39/1338/501 561/1587/577 36/1557/568
f 38/1337/65 561/1587/577 39/1338/501
f 36/1557/568 480/1559/503 39/1338/501
f 362/1033/373 372/1035/392 562/1588/578
f 362/1033/373 562/1588/578 363/1288/374
f 578/1589/92 564/1590/379 563/1591/579
f 563/1592/579 363/1288/374 562/1588/578
f 563/1592/579 360/1593/375 363/1288/374
f 564/1594/379 360/1593/375 563/1592/579
f 373/1014/380 374/1595/580 368/1012/376
f 374/1595/580 369/1596/390 368/1012/376
f 578/1597/92 565/1598/581 374/1599/580
f 374/1595/580 565/1600/581 369/1596/390
f 369/1596/390 565/1600/581 355/1601/384
f 565/1598/581 578/1597/92 370/1602/381
f 565/1603/581 370/1015/381 355/1018/384
f 575/1604/582 570/1605/583 569/1606/584
f 570/1605/583 575/1604/582 577/1607/585
f 577/1608/585 361/1034/371 570/1609/583
f 555/1610/569 566/1611/574 567/1612/586
f 555/1562/569 567/1613/586 556/1560/570
f 556/1614/570 567/1615/586 571/1616/587
f 568/1617/588 557/1618/571 571/1619/587
f 556/1565/570 571/1620/587 557/1566/571
f 558/1621/572 568/1622/588 569/1623/584
f 557/1624/571 568/1622/588 558/1621/572
f 559/1625/573 569/1623/584 570/1626/583
f 558/1621/572 569/1623/584 559/1625/573
f 559/1625/573 570/1626/583 463/996/370
f 463/996/370 570/1626/583 361/997/371
f 571/1627/587 576/1628/589 573/1629/590
f 573/1630/590 574/1631/591 568/1632/588
f 568/1617/588 571/1619/587 573/1633/590
f 575/1604/582 569/1606/584 574/1634/591
f 568/1635/588 574/1636/591 569/1637/584
f 361/1034/371 577/1608/585 372/1035/392
f 580/1638/592 578/1639/92 656/1640/593
f 578/1641/92 579/1642/594 655/1643/595
f 579/1642/594 578/1641/92 572/1644/596
f 572/1644/596 578/1641/92 576/1645/589
f 576/1645/589 578/1641/92 573/1646/590
f 573/1647/590 578/1589/92 574/1648/591
f 574/1648/591 578/1589/92 575/1649/582
f 575/1649/582 578/1589/92 577/1650/585
f 577/1650/585 578/1589/92 372/1651/392
f 372/1651/392 578/1589/92 562/1652/578
f 563/1591/579 562/1652/578 578/1589/92
f 564/1007/379 578/1597/92 373/1008/380
f 373/1008/380 578/1597/92 374/1599/580
f 370/1602/381 578/1597/92 365/1653/382
f 365/1653/382 578/1597/92 366/1654/385
f 366/1654/385 578/1597/92 367/1655/386
f 367/1656/386 578/1657/92 371/1658/388
f 578/1639/92 580/1638/592 419/1659/451
f 371/1026/388 417/1660/597 414/1661/459
f 371/1026/388 414/1661/459 358/1024/387
f 415/1662/436 414/1661/459 417/1660/597
f 417/1660/597 581/1663/437 415/1662/436
f 416/1166/435 581/1168/437 582/1664/598
f 413/1665/439 416/1166/435 582/1664/598
f 413/1665/439 582/1664/598 583/1666/599
f 584/1667/600 413/1665/439 583/1666/599
f 438/1214/461 413/1213/439 584/1668/600
f 584/1668/600 519/1669/539 438/1214/461
f 586/1670/601 585/1671/602 584/1672/600
f 585/1673/602 519/1669/539 584/1668/600
f 578/1674/92 586/1675/601 583/1676/599
f 583/1666/599 586/1677/601 584/1667/600
f 585/1678/602 586/1679/601 587/1680/603
f 593/1681/604 587/1682/603 591/1683/605
f 592/1684/606 594/1685/607 591/1686/605
f 588/1687/608 589/1688/609 595/1689/610
f 587/1690/603 593/1691/604 585/1692/602
f 591/1693/605 594/1694/607 593/1695/604
f 592/1696/606 588/1697/608 597/1698/611
f 592/1696/606 597/1698/611 594/1699/607
f 597/1700/611 588/1687/608 595/1689/610
f 590/1701/612 596/1702/613 589/1688/609
f 595/1689/610 589/1688/609 596/1702/613
f 421/1703/441 596/1702/613 590/1701/612
f 516/1704/540 585/1673/602 593/1705/604
f 519/1669/539 585/1673/602 516/1704/540
f 593/1705/604 594/1706/607 521/1707/543
f 516/1704/540 593/1705/604 521/1707/543
f 594/1708/607 522/1473/545 521/1472/543
f 594/1699/607 597/1698/611 522/1709/545
f 597/1710/611 595/1711/610 523/1712/548
f 522/1473/545 597/1713/611 523/1477/548
f 595/1711/610 596/1714/613 524/1715/550
f 523/1712/548 595/1711/610 524/1715/550
f 544/1525/560 596/1714/613 421/1174/441
f 544/1525/560 524/1715/550 596/1714/613
f 578/1716/92 599/1717/614 600/1718/615
f 599/1717/614 578/1716/92 602/1719/616
f 601/1720/617 578/1721/92 598/1722/618
f 605/1723/619 578/1721/92 606/1724/620
f 606/1725/620 578/1639/92 418/1726/449
f 578/1657/92 417/1727/597 371/1658/388
f 417/1728/597 578/1674/92 581/1729/437
f 581/1729/437 578/1674/92 582/1730/598
f 582/1730/598 578/1674/92 583/1676/599
f 586/1675/601 578/1674/92 587/1731/603
f 587/1731/603 578/1674/92 591/1686/605
f 591/1686/605 578/1674/92 592/1684/606
f 592/1732/606 578/1716/92 588/1733/608
f 588/1733/608 578/1716/92 589/1734/609
f 589/1734/609 578/1716/92 590/1735/612
f 578/1716/92 600/1718/615 590/1735/612
f 598/1722/618 578/1721/92 607/1736/621
f 578/1721/92 603/1737/622 602/1738/616
f 603/1737/622 578/1721/92 604/1739/623
f 578/1721/92 601/1720/617 604/1739/623
f 600/1740/615 599/1741/614 423/1742/442
f 600/1743/615 423/1744/442 421/1745/441
f 424/1529/444 423/1531/442 599/1746/614
f 599/1717/614 602/1719/616 424/1747/444
f 425/1748/445 424/1749/444 602/1750/616
f 603/1751/622 425/1752/445 602/1753/616
f 603/1754/622 422/1755/447 425/1756/445
f 604/1757/623 426/1758/624 422/1759/447
f 600/1760/615 421/1703/441 590/1701/612
f 607/1736/621 578/1721/92 608/1761/625
f 578/1721/92 605/1723/619 608/1761/625
f 419/1659/451 418/1726/449 578/1639/92
f 604/1762/623 422/1763/447 603/1764/622
f 604/1765/623 601/1766/617 426/1767/624
f 420/1768/452 601/1769/617 598/1770/618
f 426/1771/624 601/1772/617 420/1773/452
f 598/1774/618 427/1189/453 420/1188/452
f 607/1775/621 427/1776/453 598/1777/618
f 428/1778/456 427/1779/453 607/1780/621
f 608/1781/625 428/1782/456 607/1783/621
f 432/1784/565 608/1781/625 605/1785/619
f 428/1782/456 608/1781/625 432/1784/565
f 605/1785/619 606/1786/620 429/1787/626
f 429/1787/626 432/1784/565 605/1785/619
f 606/1788/620 418/1789/449 430/1790/450
f 429/1791/626 606/1792/620 430/1793/450
f 609/1794/627 340/1795/485 460/1796/484
f 461/1797/486 609/1794/627 460/1796/484
f 461/1797/486 610/1798/628 609/1794/627
f 462/1284/369 610/1799/628 461/1800/486
f 333/1801/344 340/1802/485 337/1803/345
f 340/1802/485 609/1804/627 611/1805/629
f 337/1803/345 340/1802/485 611/1805/629
f 612/1806/107 613/1807/630 610/1808/628
f 609/1809/627 610/1808/628 613/1807/630
f 613/1807/630 616/1810/631 609/1809/627
f 611/1811/629 609/1809/627 616/1810/631
f 610/1808/628 614/1812/632 612/1806/107
f 610/1799/628 462/1284/369 244/1202/248
f 610/1813/628 244/666/248 614/1814/632
f 247/184/108 614/1814/632 244/666/248
f 337/1803/345 611/1805/629 615/1815/351
f 337/928/345 615/1816/351 339/934/348
f 612/183/107 97/155/90 613/1817/630
f 611/1811/629 616/1810/631 615/1818/351
f 616/1819/631 101/1820/94 615/1821/351
f 613/1817/630 97/155/90 616/1822/631
f 247/184/108 98/186/91 614/1814/632
f 101/161/94 616/1822/631 97/155/90
f 614/1814/632 98/186/91 612/1823/107
f 320/1824/329 319/1825/328 334/1826/343
f 617/1827/350 618/1828/349 334/1829/343
f 320/886/329 334/1829/343 618/1828/349
f 617/1830/350 334/926/343 619/925/342
f 336/929/346 619/925/342 335/924/341
f 320/886/329 618/1828/349 325/893/334
f 104/937/98 330/1831/326 618/935/349
f 619/1044/342 104/937/98 617/936/350
f 336/929/346 103/1832/96 619/925/342
f 325/893/334 618/1828/349 330/908/326
f 620/894/335 258/1833/260 259/895/259
f 621/896/336 326/900/261 627/1834/633
f 622/1835/337 627/1834/633 326/900/261
f 624/1836/634 620/1837/335 621/1838/336
f 623/1300/488 620/1302/335 624/1839/634
f 626/1840/635 624/1836/634 625/1841/636
f 621/1838/336 625/1841/636 624/1836/634
f 327/903/338 328/922/339 332/921/320
f 627/1842/633 625/1843/636 621/1844/336
f 622/901/337 327/903/338 332/921/320
f 627/1834/633 622/1835/337 332/1845/320
f 332/1846/320 314/1847/321 627/1842/633
f 628/1848/319 623/1849/488 624/1836/634
f 313/1850/318 623/1851/488 628/1852/319
f 626/1840/635 629/1853/325 624/1836/634
f 625/1843/636 627/1842/633 314/1847/321
f 629/1853/325 628/1848/319 624/1836/634
f 276/1854/279 628/1855/319 630/1856/637
f 276/1854/279 630/1856/637 277/1857/281
f 631/1858/638 630/1856/637 628/1855/319
f 629/1859/325 632/1860/324 628/1855/319
f 314/1847/321 315/1861/322 625/1843/636
f 632/1860/324 631/1858/638 628/1855/319
f 631/1858/638 317/1862/323 630/1856/637
f 632/1860/324 317/1862/323 631/1858/638
f 629/874/325 316/872/82 632/871/324
f 630/1856/637 317/1862/323 277/1857/281
f 629/1863/325 626/1864/635 315/1865/322
f 626/1864/635 625/1866/636 315/1865/322
f 633/1867/487 266/704/270 267/703/271
f 467/1298/272 636/1868/639 633/1296/487
f 636/1869/639 467/1301/272 623/1300/488
f 341/1870/359 635/1871/640 343/1872/352
f 341/1873/359 633/1296/487 635/1874/640
f 343/943/352 635/1875/640 634/944/353
f 635/1874/640 633/1296/487 636/1868/639
f 636/1876/639 623/1851/488 313/1850/318
f 278/1877/284 283/948/288 634/944/353
f 634/944/353 279/1878/283 278/1877/284
f 635/1879/640 637/1880/641 634/1881/353
f 637/1880/641 635/1879/640 636/1882/639
f 279/1883/283 634/1881/353 637/1880/641
f 279/1883/283 637/1880/641 280/1884/282
f 280/1884/282 637/1880/641 273/1885/285
f 313/1886/318 637/1880/641 636/1882/639
f 637/1887/641 313/850/318 273/738/285
f 341/1873/359 479/1888/498 266/1889/270
f 341/1890/359 345/1335/357 479/1329/498
f 341/1873/359 266/1889/270 633/1296/487
f 549/1891/564 507/1892/528 548/1893/455
f 549/1891/564 508/1894/529 507/1892/528
f 638/1895/642 432/1896/565 429/1897/626
f 432/1898/565 638/1899/642 549/1900/564
f 508/1894/529 549/1891/564 638/1901/642
f 509/1439/531 508/1437/529 638/1902/642
f 639/1903/643 429/1791/626 430/1793/450
f 638/1904/642 429/1905/626 639/1906/643
f 509/1907/531 638/1904/642 639/1906/643
f 639/1908/643 62/103/67 509/1909/531
f 430/1910/450 41/63/40 639/1908/643
f 639/1908/643 41/63/40 62/103/67
f 422/1180/447 640/1911/562 547/1181/448
f 426/1912/624 640/1911/562 422/1180/447
f 420/1913/452 644/1914/644 426/1912/624
f 641/1915/454 644/1916/644 420/1917/452
f 548/1918/455 641/1919/454 427/1920/453
f 546/1921/446 451/1922/481 443/1923/478
f 547/1533/448 451/1922/481 546/1921/446
f 451/1922/481 547/1533/448 642/1535/563
f 640/1534/562 643/1924/645 642/1535/563
f 426/1912/624 644/1914/644 640/1911/562
f 643/1924/645 640/1534/562 644/1925/644
f 644/1916/644 641/1915/454 645/1926/646
f 641/1927/454 512/1928/534 645/1929/646
f 548/1893/455 512/1928/534 641/1927/454
f 512/1928/534 548/1893/455 507/1892/528
f 451/1245/481 642/1930/563 453/1246/482
f 644/1925/644 645/1931/646 643/1924/645
f 513/1932/647 643/1933/645 645/1934/646
f 645/1934/646 512/1446/534 514/1445/533
f 645/1934/646 514/1445/533 513/1932/647
f 543/1528/443 439/1935/463 544/1936/560
f 444/1937/467 544/1936/560 439/1935/463
f 545/1527/561 442/1938/464 543/1528/443
f 543/1528/443 442/1938/464 439/1935/463
f 546/1939/446 443/1940/478 545/1941/561
f 545/1942/561 443/1241/478 442/1243/464
f 544/1936/560 444/1937/467 524/1943/550
f 196/1944/201 511/1441/530 194/527/196
f 4/6/5 647/1945/6 6/4/4
f 513/1946/647 648/1947/537 4/6/5
f 648/1948/537 513/1932/647 514/1445/533
f 647/1945/6 4/6/5 648/1947/537
f 648/1949/537 649/1950/648 647/9/6
f 515/1951/535 651/1952/649 650/1953/536
f 648/1949/537 650/1954/536 649/1950/648
f 651/1952/649 515/1951/535 510/1955/527
f 651/1956/649 510/1443/527 646/1442/532
f 651/1956/649 646/1442/532 653/1957/650
f 646/1442/532 199/1958/208 653/1957/650
f 511/1444/530 196/1959/201 646/1442/532
f 199/1958/208 646/1442/532 196/1959/201
f 7/1960/8 647/9/6 649/1950/648
f 60/10/7 647/9/6 7/1960/8
f 12/14/11 7/11/8 649/1961/648
f 650/1953/536 652/1962/651 649/1963/648
f 652/1962/651 650/1953/536 651/1952/649
f 652/1964/651 12/14/11 649/1961/648
f 651/1956/649 653/1957/650 652/1965/651
f 12/15/11 652/1966/651 8/16/12
f 653/1967/650 8/16/12 652/1966/651
f 653/1967/650 199/1968/208 9/20/15
f 9/20/15 8/16/12 653/1967/650
f 642/1535/563 643/1924/645 654/1969/652
f 642/1535/563 654/1969/652 453/1970/482
f 513/1946/647 654/1971/652 643/1972/645
f 654/1971/652 1/5/3 453/1973/482
f 4/6/5 654/1971/652 513/1946/647
f 4/6/5 1/5/3 654/1971/652
f 5/54/36 456/1356/506 3/2/2
f 3/2/2 2/1/1 5/54/36
f 453/1973/482 1/5/3 3/1974/2
f 578/1639/92 657/1975/653 656/1640/593
f 658/1976/654 578/1641/92 655/1643/595
f 657/1977/653 578/1641/92 658/1976/654
f 657/1978/653 658/1979/654 660/1980/655
f 658/1979/654 655/1981/595 664/1982/656
f 659/1983/657 655/1981/595 579/1984/594
f 659/1985/657 579/1986/594 566/1987/574
f 572/1988/596 566/1989/574 579/1990/594
f 572/1991/596 567/1992/586 566/1993/574
f 576/1994/589 567/1995/586 572/1996/596
f 576/1997/589 571/1616/587 567/1615/586
f 419/1187/451 580/1998/592 661/1999/658
f 662/2000/659 661/1999/658 580/1998/592
f 580/1998/592 656/2001/593 662/2000/659
f 660/1980/655 663/2002/660 657/1978/653
f 664/1982/656 660/1980/655 658/1979/654
f 419/1187/451 661/1999/658 431/1185/41
f 40/2003/39 431/2004/41 661/2005/658
f 661/2006/658 42/2007/44 40/2008/39
f 661/2009/658 662/2010/659 42/2011/44
f 42/67/44 662/2012/659 43/68/45
f 656/2001/593 663/2013/660 662/2000/659
f 663/2013/660 656/2001/593 657/2014/653
f 43/2015/45 662/2016/659 663/2017/660
f 44/2018/575 663/2019/660 660/2020/655
f 43/2021/45 663/2022/660 44/2023/575
f 44/1580/575 660/2024/655 560/1581/576
f 664/1982/656 655/1981/595 659/1983/657
f 664/2025/656 560/2026/576 660/2027/655
f 560/1581/576 664/2028/656 561/1586/577
f 664/2029/656 659/2030/657 561/2031/577
f 659/2030/657 566/2032/574 36/2033/568
f 36/2033/568 561/2031/577 659/2030/657
