# Blender 4.4.0
# www.blender.org
mtllib Meshy_AI_old_man_Jeffers_0501193734_texture.mtl
o Meshy_AI_old_man_Jeffers_0501193734_texture
v -0.058063 0.045190 -0.376010
v -0.085807 0.092262 -0.381418
v 0.056745 0.073044 -0.381924
v 0.020968 0.119433 -0.381440
v 0.118749 0.092819 -0.370923
v 0.040449 0.025391 -0.372179
v 0.114311 0.044663 -0.354235
v -0.100572 0.049039 -0.362899
v 0.111431 0.115612 -0.373285
v -0.116735 0.100329 -0.373264
v 0.036665 -0.042150 -0.368863
v 0.095807 -0.045822 -0.358684
v -0.038556 -0.048727 -0.366610
v -0.069652 0.005057 -0.367200
v 0.087212 0.000894 -0.360909
v 0.068476 -0.052664 -0.358678
v -0.113606 -0.052400 -0.350234
v -0.085355 -0.038592 -0.362884
v 0.146292 0.123958 -0.357419
v 0.092048 0.215261 -0.360629
v -0.078114 0.223280 -0.361943
v 0.154082 0.048660 -0.321855
v -0.143445 0.048499 -0.333003
v -0.169358 0.112618 -0.341195
v -0.151975 0.151391 -0.352487
v 0.138821 0.187212 -0.351202
v -0.136602 0.195221 -0.352369
v -0.136814 0.279301 -0.348679
v 0.127015 -0.046042 -0.349146
v -0.129260 -0.046090 -0.348654
v -0.127801 0.020749 -0.344741
v 0.197320 0.089334 -0.307899
v 0.056669 0.354681 -0.358407
v 0.131908 0.370869 -0.352966
v -0.126024 0.477695 -0.358574
v 0.136032 0.450264 -0.358177
v 0.048830 0.524667 -0.350006
v -0.122049 0.497090 -0.356008
v -0.153326 0.454169 -0.356837
v 0.118495 0.016784 -0.348515
v -0.210703 0.081630 -0.292382
v 0.174071 0.303410 -0.332911
v -0.141421 0.370905 -0.351704
v 0.178930 0.489449 -0.348739
v 0.190211 0.414848 -0.341353
v 0.158356 0.497115 -0.352327
v -0.180660 0.489460 -0.348795
v -0.046384 0.563774 -0.335341
v -0.195869 0.434640 -0.341906
v -0.196364 0.528606 -0.334800
v -0.165398 0.536154 -0.339932
v 0.151902 0.536634 -0.340834
v -0.075096 -0.056559 -0.340508
v 0.139302 -0.052667 -0.338298
v -0.159418 -0.038902 -0.330087
v 0.186063 0.211625 -0.318058
v 0.190886 0.540264 -0.332260
v -0.105418 -0.058104 -0.337362
v -0.040065 -0.052137 -0.329833
v 0.033657 -0.050102 -0.331235
v 0.111776 -0.057734 -0.333609
v 0.080735 -0.055865 -0.340793
v 0.157268 -0.045984 -0.329158
v 0.221690 0.497645 -0.327625
v 0.073300 -0.113840 -0.335384
v -0.079173 -0.110005 -0.336277
v -0.184066 0.203528 -0.322016
v 0.222047 0.536617 -0.320039
v 0.012835 0.615530 -0.311773
v 0.062731 -0.097637 -0.328827
v -0.128578 -0.090238 -0.327037
v -0.167971 -0.052558 -0.314669
v 0.016369 -0.047204 -0.327843
v -0.204898 0.331497 -0.313751
v 0.224996 0.450650 -0.322223
v -0.222905 0.445225 -0.325419
v -0.102063 -0.153143 -0.321786
v -0.079634 -0.140300 -0.328320
v 0.073947 -0.140303 -0.327506
v -0.075315 -0.144408 -0.318039
v 0.122953 -0.102076 -0.324068
v -0.148282 -0.058828 -0.318091
v -0.015170 -0.046665 -0.328028
v 0.213345 0.123889 -0.290670
v -0.231010 0.517381 -0.320117
v 0.169934 0.563383 -0.325005
v 0.100287 -0.152067 -0.321305
v 0.062008 -0.152608 -0.310108
v 0.134620 -0.060775 -0.321146
v 0.181295 -0.052048 -0.291310
v 0.168829 -0.038737 -0.317648
v -0.198793 0.120224 -0.315080
v 0.119766 -0.163976 -0.309566
v 0.204587 0.319379 -0.309587
v -0.235061 0.548478 -0.309076
v -0.093736 0.590854 -0.311526
v -0.094894 -0.158243 -0.313359
v -0.040238 -0.124958 -0.309928
v 0.157272 -0.094439 -0.301635
v -0.003117 -0.121054 -0.301003
v -0.175830 0.028898 -0.302002
v -0.181258 0.578859 -0.311892
v 0.039772 0.646929 -0.283433
v -0.026299 0.642121 -0.293665
v 0.012696 0.807975 -0.318658
v -0.014506 0.796624 -0.318106
v 0.009261 0.826633 -0.315377
v -0.010816 0.826482 -0.315539
v -0.018070 0.826798 -0.311605
v 0.029131 0.819560 -0.315566
v -0.168866 -0.683165 -0.302621
v -0.192320 -0.572012 -0.311351
v -0.158480 -0.595434 -0.314254
v 0.141562 -0.595465 -0.310465
v 0.175515 -0.560150 -0.314569
v 0.145007 -0.667041 -0.303881
v 0.190685 -0.595297 -0.310984
v -0.173444 -0.552389 -0.314136
v -0.147041 -0.552148 -0.311701
v 0.145205 -0.532557 -0.309806
v 0.190359 -0.544736 -0.307913
v 0.167706 -0.521053 -0.308793
v -0.161298 -0.477019 -0.297628
v -0.151658 -0.106094 -0.312136
v 0.258910 0.478319 -0.282041
v 0.237641 0.544780 -0.306465
v 0.237490 0.567724 -0.296735
v 0.206940 0.586660 -0.297401
v -0.002676 0.745756 -0.307307
v 0.028503 0.800547 -0.315977
v -0.030333 0.800597 -0.315848
v -0.034268 0.830828 -0.312775
v -0.057564 0.827217 -0.308648
v -0.139352 -0.663049 -0.302170
v 0.163521 -0.670933 -0.303688
v -0.124142 -0.571761 -0.302336
v -0.195593 -0.529105 -0.301298
v -0.094562 -0.205221 -0.288095
v -0.075745 -0.209135 -0.283327
v -0.151763 -0.157428 -0.295242
v 0.030374 -0.128549 -0.304572
v -0.191123 0.045287 -0.286875
v 0.186702 0.045107 -0.289971
v -0.262467 0.466738 -0.277944
v 0.264297 0.528743 -0.269203
v -0.037073 0.749395 -0.303081
v 0.051617 0.752963 -0.300281
v -0.060947 0.768639 -0.296872
v 0.055592 0.827197 -0.308416
v 0.071473 0.800761 -0.301274
v -0.081003 0.772971 -0.293882
v 0.028335 0.846067 -0.308637
v -0.006794 0.846144 -0.303960
v -0.192394 -0.833377 -0.300842
v -0.181268 -0.818723 -0.304164
v -0.162075 -0.837387 -0.304067
v -0.143166 -0.826619 -0.301462
v 0.160405 -0.837423 -0.304062
v 0.179561 -0.818840 -0.304239
v 0.190751 -0.829716 -0.301597
v -0.165316 -0.714932 -0.305562
v -0.139169 -0.710597 -0.303831
v -0.169524 -0.774790 -0.296059
v 0.137974 -0.758338 -0.291245
v 0.156424 -0.726038 -0.304390
v -0.211368 -0.602931 -0.297985
v 0.126377 -0.667279 -0.296639
v 0.118633 -0.579666 -0.299596
v 0.170869 -0.477143 -0.294767
v -0.124676 -0.170867 -0.298195
v 0.081368 -0.204682 -0.286868
v 0.115768 -0.167074 -0.303835
v 0.165515 -0.141501 -0.286088
v -0.167229 -0.144944 -0.289187
v -0.167550 -0.061642 -0.295209
v -0.259555 0.509372 -0.282265
v -0.242741 0.571895 -0.290361
v -0.052940 0.737719 -0.296047
v 0.050940 0.777173 -0.302496
v -0.085528 0.819951 -0.294507
v -0.021256 0.882118 -0.294088
v 0.164301 -0.873134 -0.293707
v 0.122399 -0.837656 -0.293140
v 0.145381 -0.822837 -0.302153
v -0.211342 -0.825814 -0.292400
v -0.139690 -0.762534 -0.290996
v 0.215717 -0.587612 -0.293988
v -0.222611 -0.568300 -0.282779
v 0.103393 -0.460284 -0.285284
v -0.116006 -0.484480 -0.290635
v 0.148004 -0.445655 -0.295657
v -0.173344 -0.106333 -0.290093
v 0.169445 -0.059783 -0.286710
v -0.186365 -0.046060 -0.291241
v -0.235723 0.583006 -0.287665
v 0.004869 0.647142 -0.289822
v 0.051501 0.726212 -0.290774
v 0.059534 0.862542 -0.290178
v -0.203534 -0.853022 -0.286415
v -0.127777 -0.841278 -0.294456
v 0.179014 -0.770583 -0.294024
v -0.192046 -0.734326 -0.295723
v 0.190223 -0.730737 -0.296272
v -0.120748 -0.710141 -0.293477
v 0.193768 -0.658347 -0.293140
v 0.210221 -0.735055 -0.281736
v -0.119547 -0.445514 -0.291683
v -0.157276 -0.445739 -0.294658
v 0.123270 -0.197341 -0.285961
v 0.001321 -0.140338 -0.286604
v 0.184815 0.018489 -0.286315
v -0.211863 0.199705 -0.290423
v -0.208842 0.596118 -0.286229
v 0.131781 0.602503 -0.290293
v 0.083338 0.827350 -0.293535
v -0.073164 0.873724 -0.277845
v 0.047581 0.873652 -0.283313
v 0.000968 0.874649 -0.301257
v 0.020895 0.892918 -0.289881
v -0.192407 -0.879680 -0.286713
v 0.201842 -0.852970 -0.286498
v 0.190703 -0.876451 -0.288960
v -0.124135 -0.881103 -0.281135
v -0.110535 -0.834211 -0.281998
v -0.222583 -0.746531 -0.270405
v 0.189442 -0.445862 -0.277923
v -0.088988 -0.456445 -0.270216
v -0.197995 -0.472991 -0.277053
v 0.113680 -0.413718 -0.275489
v -0.134075 -0.418347 -0.280109
v -0.124989 -0.197316 -0.286046
v 0.157595 -0.151818 -0.282933
v 0.222168 0.135754 -0.260012
v -0.219947 0.327417 -0.287129
v -0.242766 0.399720 -0.271603
v 0.000994 0.689257 -0.280170
v -0.032867 0.693663 -0.276747
v -0.068699 0.741763 -0.290130
v 0.070621 0.749723 -0.291273
v 0.085835 0.788617 -0.289783
v -0.169176 -0.886268 -0.286691
v 0.137304 -0.880577 -0.287135
v 0.179106 -0.883465 -0.287098
v 0.122657 -0.861125 -0.283757
v -0.222757 -0.836729 -0.278231
v 0.217451 -0.811320 -0.285569
v -0.214280 -0.774660 -0.273740
v 0.113041 -0.702700 -0.289703
v -0.102583 -0.654861 -0.274209
v 0.101177 -0.567834 -0.285692
v 0.092050 -0.445405 -0.273932
v -0.179797 -0.442208 -0.284597
v 0.163156 -0.434880 -0.287001
v 0.136078 -0.413847 -0.278358
v 0.050851 -0.209165 -0.269816
v 0.146261 -0.181229 -0.279189
v 0.018660 -0.161134 -0.259443
v 0.018150 -0.151439 -0.278493
v 0.223975 0.088682 -0.267365
v -0.222419 0.104125 -0.279094
v -0.229832 0.223502 -0.247939
v 0.228219 0.375622 -0.287228
v 0.262495 0.447673 -0.266655
v -0.197320 0.608843 -0.267195
v -0.120177 0.621778 -0.263244
v 0.095145 0.620239 -0.282058
v -0.056973 0.646383 -0.276793
v -0.096801 0.800026 -0.286747
v 0.078964 0.865683 -0.278117
v -0.021380 0.889339 -0.284423
v 0.117947 -0.892034 -0.273768
v 0.202014 -0.876221 -0.282644
v -0.212111 -0.872737 -0.277804
v 0.111268 -0.841328 -0.283708
v 0.215742 -0.853525 -0.273996
v -0.108653 -0.786485 -0.270487
v 0.118819 -0.758741 -0.277829
v 0.212728 -0.770508 -0.273734
v -0.224488 -0.690964 -0.258341
v 0.070041 -0.229074 -0.280931
v 0.108070 -0.221012 -0.286294
v 0.112373 -0.252740 -0.274710
v -0.079454 -0.225211 -0.283884
v -0.140673 -0.225339 -0.278940
v -0.029451 -0.163626 -0.267042
v -0.157826 -0.155726 -0.283069
v 0.216834 0.303252 -0.283303
v 0.240815 0.586817 -0.278188
v 0.211005 0.600391 -0.278532
v -0.018102 0.663642 -0.286662
v 0.012577 0.663904 -0.287092
v 0.043308 0.663370 -0.277899
v -0.041484 0.889816 -0.283024
v 0.171204 -0.887236 -0.281213
v 0.107145 -0.826970 -0.278752
v -0.238102 -0.807236 -0.262528
v -0.226024 -0.642977 -0.262915
v -0.111756 -0.422087 -0.276891
v 0.177955 -0.414267 -0.262845
v -0.090802 -0.251853 -0.273159
v 0.142733 -0.225282 -0.277209
v 0.192489 -0.049421 -0.267640
v -0.246480 0.584551 -0.274800
v 0.147705 0.611978 -0.267340
v 0.151622 0.615816 -0.244633
v -0.048780 0.672392 -0.272237
v -0.093117 0.737792 -0.254902
v 0.098414 0.800730 -0.274593
v -0.097882 0.838855 -0.278636
v 0.058782 0.881323 -0.270131
v -0.158514 -0.952194 -0.277829
v -0.169949 -0.921824 -0.276833
v -0.143589 -0.921665 -0.271011
v 0.168157 -0.949203 -0.279415
v 0.198181 -0.909561 -0.271731
v 0.202382 -0.951984 -0.270105
v -0.187698 -0.952028 -0.276822
v 0.141718 -0.951605 -0.273486
v 0.164486 -0.921830 -0.276539
v -0.176932 -0.887844 -0.279379
v -0.127812 -0.899996 -0.265296
v -0.201654 -0.879658 -0.270608
v -0.101821 -0.750688 -0.251078
v 0.096506 -0.662958 -0.266492
v 0.229491 -0.548668 -0.255481
v -0.210297 -0.449591 -0.251342
v 0.058462 -0.243952 -0.270209
v 0.081885 -0.260304 -0.267486
v -0.053082 -0.229705 -0.269625
v -0.174578 -0.173072 -0.257986
v 0.192039 -0.121519 -0.252002
v -0.193348 0.009135 -0.271146
v 0.196799 0.045925 -0.275507
v -0.285695 0.487019 -0.262833
v 0.047598 0.697780 -0.273231
v 0.039427 0.916418 -0.254619
v -0.014407 0.919299 -0.262127
v 0.008939 0.916366 -0.262172
v 0.125176 -0.899239 -0.265334
v 0.195492 -0.878699 -0.275313
v -0.112994 -0.885349 -0.271813
v -0.233641 -0.849481 -0.247406
v 0.106634 -0.861590 -0.263033
v 0.102766 -0.778894 -0.262711
v 0.232368 -0.746869 -0.254736
v 0.226536 -0.635203 -0.259391
v 0.084011 -0.425108 -0.257510
v -0.187316 -0.417905 -0.258552
v -0.107357 -0.377651 -0.270253
v -0.145269 -0.361933 -0.269311
v 0.117122 -0.369965 -0.271151
v 0.158722 -0.361896 -0.264972
v -0.049129 -0.254547 -0.253959
v -0.176938 -0.144262 -0.267231
v 0.187255 -0.057177 -0.255846
v -0.229436 0.073845 -0.240103
v 0.055456 0.646375 -0.276587
v -0.067629 0.693322 -0.258482
v -0.102190 0.789445 -0.267481
v 0.116748 0.836134 -0.247456
v -0.109177 0.846451 -0.266882
v -0.088389 0.874742 -0.262527
v -0.044955 0.912260 -0.258703
v -0.218518 -0.949192 -0.258035
v -0.126124 -0.951608 -0.262262
v 0.216984 -0.949241 -0.258458
v 0.206763 -0.876294 -0.271594
v 0.224613 -0.869049 -0.262597
v 0.090827 -0.822453 -0.236227
v -0.094373 -0.833495 -0.244187
v -0.105317 -0.802860 -0.263015
v 0.240376 -0.825069 -0.251518
v -0.091581 -0.698502 -0.255069
v -0.171755 -0.358277 -0.257602
v -0.126414 -0.345807 -0.264540
v 0.166082 -0.337523 -0.252814
v 0.139702 -0.341882 -0.263343
v 0.033277 -0.185057 -0.255278
v 0.175208 -0.161146 -0.262274
v -0.190551 -0.057564 -0.255998
v 0.201595 -0.010958 -0.223697
v -0.223454 0.167882 -0.263623
v 0.225162 0.327288 -0.240716
v 0.237827 0.380078 -0.244636
v -0.286425 0.501752 -0.264248
v 0.285662 0.524504 -0.257696
v -0.262708 0.568866 -0.250932
v -0.239520 0.605932 -0.247842
v 0.237978 0.601983 -0.258626
v -0.065310 0.668544 -0.258424
v 0.085718 0.725663 -0.255104
v -0.112103 0.835757 -0.264188
v 0.115492 0.858287 -0.239231
v -0.226690 -0.951755 -0.244449
v 0.117123 -0.951684 -0.251152
v 0.122921 -0.926477 -0.258193
v -0.119667 -0.903215 -0.256281
v 0.099278 -0.893454 -0.247780
v -0.215700 -0.875670 -0.262806
v -0.100239 -0.853120 -0.240323
v 0.248628 -0.799057 -0.235430
v 0.103949 -0.742382 -0.259175
v 0.082013 -0.694584 -0.235717
v 0.080341 -0.623063 -0.247437
v -0.079774 -0.393082 -0.254218
v -0.160292 -0.341881 -0.257389
v 0.117172 -0.345649 -0.263578
v -0.152266 -0.244973 -0.267302
v 0.040171 -0.244543 -0.254034
v -0.167553 -0.241315 -0.257771
v 0.177335 -0.140873 -0.263037
v -0.196216 -0.125322 -0.252457
v -0.205842 -0.046303 -0.220109
v -0.226100 0.291013 -0.248337
v 0.226929 0.227464 -0.244030
v 0.199686 0.613373 -0.251847
v 0.063565 0.667867 -0.258510
v 0.073608 0.648265 -0.254926
v 0.096115 0.761144 -0.259397
v -0.112738 -0.907742 -0.239919
v 0.106855 -0.899323 -0.258799
v 0.102258 -0.802856 -0.259138
v -0.073553 -0.464051 -0.243221
v -0.079471 -0.428833 -0.250397
v 0.195213 -0.422278 -0.250666
v -0.186550 -0.365450 -0.246207
v 0.083260 -0.385855 -0.258254
v -0.096392 -0.361757 -0.257458
v 0.173773 -0.361908 -0.256379
v 0.095220 -0.357504 -0.256923
v -0.091891 -0.300668 -0.259456
v 0.169328 -0.225429 -0.257612
v -0.189490 -0.132706 -0.248382
v 0.206173 -0.049389 -0.208145
v 0.281204 0.475438 -0.259553
v -0.153378 0.615134 -0.252211
v -0.075010 0.646268 -0.259239
v -0.105817 0.789109 -0.244182
v 0.082890 0.882628 -0.255014
v 0.224532 -0.951700 -0.246696
v 0.224765 -0.876696 -0.243854
v -0.101514 -0.893297 -0.251519
v 0.235612 -0.868567 -0.239776
v -0.235798 -0.868696 -0.243569
v 0.235691 -0.849882 -0.235819
v -0.243046 -0.750663 -0.235394
v -0.238653 -0.575491 -0.228422
v 0.216414 -0.453167 -0.235490
v 0.062648 -0.263631 -0.256082
v -0.035264 -0.209517 -0.243272
v 0.188371 -0.129283 -0.243859
v -0.206012 0.046239 -0.259453
v -0.228262 0.335407 -0.248594
v 0.291936 0.517912 -0.251679
v -0.293649 0.528960 -0.250366
v 0.269279 0.556015 -0.250406
v -0.124307 0.625496 -0.240604
v 0.071641 0.697783 -0.250880
v -0.030310 0.931887 -0.235391
v -0.225791 -0.877418 -0.243282
v 0.243095 -0.695521 -0.219917
v -0.079399 -0.687161 -0.220277
v 0.189231 -0.345709 -0.231348
v -0.038523 -0.237541 -0.250749
v -0.243840 0.388507 -0.220924
v -0.266891 0.581736 -0.227428
v 0.228156 -0.905818 -0.240399
v 0.113709 -0.908124 -0.243831
v 0.102015 -0.902898 -0.240688
v -0.098167 -0.798956 -0.239480
v -0.237390 -0.544578 -0.224637
v 0.069988 -0.487929 -0.227920
v -0.073890 -0.377491 -0.238651
v -0.052567 -0.284250 -0.230844
v 0.015991 -0.172023 -0.196741
v 0.228254 0.070039 -0.228306
v 0.234424 0.610973 -0.228567
v -0.074803 0.663516 -0.235007
v 0.072891 0.663258 -0.240114
v 0.092749 0.729996 -0.236709
v -0.082365 0.706268 -0.236173
v 0.100709 0.784590 -0.223314
v -0.096316 0.879107 -0.238899
v 0.054562 0.920275 -0.227999
v 0.012566 0.929771 -0.242937
v 0.132665 -0.953281 -0.178525
v 0.098312 -0.857818 -0.232477
v 0.089514 -0.734086 -0.220360
v 0.060006 -0.424536 -0.216121
v -0.208213 -0.393621 -0.211618
v 0.061633 -0.340575 -0.226909
v 0.047797 -0.275884 -0.231911
v -0.017229 -0.166573 -0.228300
v -0.200957 -0.150615 -0.227011
v -0.193113 -0.122206 -0.240927
v -0.190199 -0.057891 -0.241334
v -0.084256 0.644013 -0.240240
v -0.101539 0.756961 -0.238596
v 0.098222 0.764794 -0.244541
v -0.121326 0.832648 -0.232507
v -0.111024 0.869541 -0.238910
v 0.106252 0.877085 -0.231560
v -0.119380 -0.953801 -0.205332
v -0.111784 -0.948829 -0.232610
v 0.229974 -0.948934 -0.235654
v 0.093301 -0.786374 -0.212738
v 0.248552 -0.767231 -0.211929
v 0.028563 -0.259915 -0.219869
v 0.028671 -0.245370 -0.231579
v -0.192360 -0.265549 -0.230866
v -0.022120 -0.176468 -0.209310
v 0.200859 -0.150462 -0.223761
v -0.202885 0.001215 -0.227948
v -0.235017 0.088108 -0.212798
v 0.285809 0.471205 -0.231573
v -0.294940 0.574565 -0.215041
v 0.266498 0.588101 -0.200765
v 0.126706 0.621554 -0.221785
v 0.081860 0.644715 -0.240232
v -0.121234 0.862154 -0.219775
v 0.070451 0.897258 -0.231883
v -0.228780 -0.953678 -0.198133
v 0.230525 -0.953635 -0.201530
v -0.232813 -0.948912 -0.228033
v -0.242185 -0.841568 -0.212553
v -0.253576 -0.809659 -0.224104
v 0.200159 -0.393608 -0.226321
v -0.061173 -0.380725 -0.211856
v -0.025468 -0.253008 -0.204675
v 0.025158 -0.189512 -0.220334
v -0.198087 -0.173565 -0.219458
v 0.233285 0.088029 -0.208928
v 0.274640 0.425066 -0.196277
v 0.295463 0.560101 -0.227100
v 0.082330 0.709833 -0.228693
v 0.097970 0.755561 -0.230416
v 0.104051 0.761069 -0.232603
v -0.071304 0.911991 -0.227442
v 0.112057 -0.951637 -0.221344
v -0.100563 -0.899092 -0.221647
v -0.229191 -0.872547 -0.221231
v 0.227475 -0.872815 -0.220934
v -0.090582 -0.738250 -0.193344
v 0.238096 -0.571684 -0.216977
v 0.226720 -0.484728 -0.200807
v -0.060932 -0.428407 -0.212280
v 0.196377 -0.173608 -0.219438
v 0.201126 -0.057530 -0.196612
v 0.214048 0.041940 -0.200981
v 0.299599 0.541310 -0.207909
v -0.201546 0.615656 -0.221213
v -0.102444 0.772685 -0.232909
v -0.105235 0.757351 -0.232720
v 0.119610 0.859018 -0.217070
v -0.002636 0.939367 -0.220430
v 0.108806 -0.899200 -0.218760
v -0.110586 -0.903954 -0.225668
v -0.091117 -0.818370 -0.220786
v 0.252225 -0.813179 -0.216553
v 0.067437 -0.499961 -0.200971
v 0.230356 0.219995 -0.189571
v -0.290015 0.452503 -0.211184
v -0.232617 0.611547 -0.209426
v -0.107971 0.787745 -0.210558
v 0.112974 0.808276 -0.203853
v 0.039000 0.931433 -0.223412
v 0.098978 -0.895226 -0.213503
v -0.098966 -0.849617 -0.217223
v -0.235387 -0.667560 -0.239592
v -0.224718 -0.445362 -0.204374
v -0.210772 -0.349310 -0.180558
v 0.037137 -0.279686 -0.200429
v -0.202334 -0.057829 -0.200372
v -0.215773 0.041869 -0.204811
v -0.226506 0.139786 -0.205274
v 0.217124 0.147512 -0.165910
v 0.244494 0.392783 -0.209086
v -0.277164 0.432387 -0.211828
v 0.081351 0.653942 -0.217307
v -0.075247 0.651651 -0.193334
v -0.096476 0.749066 -0.220856
v 0.096671 0.762145 -0.221467
v -0.236393 -0.901768 -0.164583
v 0.248920 -0.711348 -0.196873
v -0.237302 -0.660014 -0.197476
v 0.079592 -0.663567 -0.193759
v 0.225334 -0.449087 -0.192821
v 0.024243 -0.256665 -0.193059
v 0.215815 -0.145679 -0.184635
v -0.264869 0.413323 -0.189090
v -0.141038 0.609504 -0.202691
v 0.160429 0.609818 -0.209073
v -0.088322 0.636663 -0.214054
v 0.086021 0.634304 -0.209978
v 0.073123 0.655720 -0.202215
v -0.099449 0.761973 -0.221599
v 0.106249 0.765785 -0.220323
v -0.106791 0.765209 -0.220588
v 0.069796 0.904108 -0.197387
v -0.018097 0.945324 -0.208073
v 0.234014 -0.947779 -0.189225
v -0.100878 -0.888885 -0.202997
v 0.090082 -0.769929 -0.208945
v -0.225089 0.351173 -0.142565
v 0.199835 0.613369 -0.205901
v 0.234190 0.609501 -0.201742
v 0.083827 0.701453 -0.215982
v 0.119143 0.764855 -0.220358
v 0.115018 0.741931 -0.210281
v -0.117358 0.757055 -0.219692
v -0.122298 0.782944 -0.217500
v -0.128491 0.769325 -0.215082
v 0.126573 0.786507 -0.214836
v -0.115309 0.802286 -0.201144
v -0.121672 0.847846 -0.200619
v 0.100369 -0.845921 -0.193940
v 0.241257 -0.859968 -0.193758
v 0.243770 -0.829251 -0.193290
v 0.089621 -0.814208 -0.205304
v -0.257994 -0.790322 -0.177734
v -0.091051 -0.762446 -0.197172
v 0.076602 -0.690787 -0.201143
v 0.212217 -0.381312 -0.176966
v -0.017268 -0.177034 -0.137563
v -0.083686 0.650445 -0.205720
v -0.112697 0.738977 -0.211139
v -0.118750 0.749586 -0.207275
v 0.101309 0.746459 -0.213697
v -0.102861 0.748609 -0.213425
v -0.101063 0.757639 -0.213928
v 0.100740 0.768884 -0.216839
v -0.116358 0.798424 -0.205943
v 0.107737 0.786751 -0.209396
v 0.110101 0.800785 -0.205960
v 0.126620 -0.951242 -0.178897
v -0.118156 -0.948720 -0.198401
v 0.237199 -0.889708 -0.160685
v -0.243220 -0.860460 -0.197348
v -0.094998 -0.798530 -0.178035
v -0.250472 -0.711531 -0.189300
v -0.080202 -0.687089 -0.182107
v -0.042498 -0.284047 -0.208085
v -0.215909 -0.143098 -0.191802
v -0.206954 -0.123466 -0.180497
v 0.214757 -0.123161 -0.145845
v 0.230677 0.259028 -0.185260
v 0.223464 0.375409 -0.130841
v -0.244553 0.404872 -0.158728
v -0.354863 0.501895 -0.131453
v -0.303474 0.537172 -0.203633
v 0.303291 0.563957 -0.180162
v 0.293136 0.581094 -0.203682
v -0.288218 0.583937 -0.203628
v -0.268238 0.588156 -0.200761
v -0.097615 0.742264 -0.209571
v 0.095076 0.743440 -0.209747
v 0.094242 0.730960 -0.205735
v -0.131104 0.773325 -0.209463
v 0.129428 0.773220 -0.209563
v -0.131651 0.783633 -0.211549
v 0.112400 0.791657 -0.209747
v -0.060744 0.935040 -0.191634
v 0.231560 -0.631502 -0.189995
v 0.057204 -0.404363 -0.177312
v -0.209392 -0.178036 -0.168876
v -0.209721 0.013241 -0.189022
v -0.197836 0.611236 -0.198245
v -0.101462 0.731095 -0.203924
v -0.127763 0.797179 -0.200939
v 0.004722 0.947162 -0.199842
v -0.130940 -0.947269 -0.170568
v -0.111575 -0.892243 -0.207139
v -0.120092 -0.888905 -0.196342
v 0.114519 -0.892113 -0.206179
v 0.115972 -0.897628 -0.203219
v 0.244426 -0.711713 -0.166641
v -0.235835 -0.552140 -0.185750
v 0.231884 -0.544267 -0.178322
v -0.227149 -0.452892 -0.173490
v -0.057506 -0.392385 -0.177178
v 0.206338 0.009027 -0.177469
v 0.127480 0.794778 -0.198392
v -0.120491 0.871185 -0.189213
v -0.235215 -0.947162 -0.189193
v -0.242403 -0.926519 -0.148107
v -0.233652 -0.922592 -0.188932
v 0.102599 -0.883466 -0.193669
v -0.232575 -0.861176 -0.173482
v -0.251927 -0.759187 -0.189042
v 0.254604 -0.779175 -0.169935
v 0.093895 -0.734476 -0.166608
v -0.074899 -0.531595 -0.166192
v -0.083664 -0.651323 -0.186391
v 0.231091 -0.575467 -0.174514
v -0.211506 -0.046281 -0.188993
v 0.230631 0.073618 -0.185498
v -0.233546 0.077310 -0.185493
v 0.131104 0.607838 -0.194918
v 0.094505 0.715783 -0.184177
v -0.108160 0.732230 -0.194161
v 0.114555 0.768562 -0.203345
v -0.119968 0.794923 -0.189431
v 0.108228 0.881161 -0.177232
v 0.050753 0.933298 -0.173504
v 0.035352 0.942622 -0.184732
v -0.115400 -0.885068 -0.196439
v 0.081423 -0.683348 -0.174465
v 0.077557 -0.595161 -0.186321
v -0.229377 -0.567748 -0.167471
v -0.204496 -0.052905 -0.165991
v 0.208302 -0.049314 -0.185226
v -0.231580 0.231721 -0.174357
v -0.291221 0.586711 -0.177691
v 0.289433 0.587286 -0.185005
v -0.260889 0.587769 -0.182088
v -0.229123 0.601735 -0.175463
v -0.150088 0.581186 -0.159673
v 0.230977 0.602200 -0.178909
v 0.078069 0.615052 -0.163280
v -0.071646 0.643715 -0.170350
v 0.104919 0.734436 -0.190551
v -0.116341 0.781957 -0.200033
v 0.118269 0.795435 -0.188312
v 0.113009 0.809099 -0.190050
v 0.111989 0.836209 -0.154757
v 0.122655 -0.880387 -0.190032
v -0.108419 -0.825160 -0.167169
v -0.244925 -0.821727 -0.173711
v -0.224253 -0.656037 -0.163469
v 0.062138 -0.420325 -0.154348
v -0.225982 0.095951 -0.146563
v -0.221556 0.155884 -0.174794
v -0.275545 0.420200 -0.169164
v -0.311072 0.555805 -0.175581
v -0.298190 0.577669 -0.157296
v 0.188560 0.601859 -0.179054
v 0.083903 0.627097 -0.186283
v -0.079547 0.635409 -0.166718
v 0.069128 0.643943 -0.166390
v 0.107273 0.718842 -0.180521
v -0.098092 0.752507 -0.190641
v 0.097612 0.752708 -0.191544
v 0.109992 0.782050 -0.194765
v -0.123415 0.863453 -0.173647
v -0.025764 0.950894 -0.184640
v -0.123542 -0.875301 -0.184888
v 0.232547 -0.855112 -0.161599
v -0.245087 -0.837864 -0.158165
v 0.242121 -0.813595 -0.162525
v 0.246486 -0.755607 -0.166365
v -0.213784 0.041600 -0.170282
v 0.208061 0.045733 -0.150693
v 0.244558 0.396959 -0.181862
v -0.109142 0.721344 -0.180818
v -0.111231 0.802422 -0.186843
v -0.071866 0.923294 -0.184855
v 0.130421 -0.868095 -0.173009
v -0.096454 -0.757932 -0.162693
v -0.226357 -0.496420 -0.174391
v -0.065178 -0.460069 -0.158119
v 0.040129 -0.292434 -0.161487
v -0.219190 -0.141717 -0.173222
v 0.201027 -0.099432 -0.148824
v 0.231211 0.084527 -0.173819
v 0.228119 0.239729 -0.170582
v 0.078728 0.640163 -0.174690
v 0.108824 0.723846 -0.177563
v -0.097779 0.742882 -0.186942
v -0.112681 0.792046 -0.184457
v -0.115496 0.847410 -0.166087
v -0.092133 0.915184 -0.179504
v 0.114417 -0.860264 -0.159449
v 0.107345 -0.825190 -0.166611
v 0.213189 -0.619531 -0.155677
v 0.209124 -0.158448 -0.150180
v -0.277553 0.588278 -0.162094
v 0.250241 0.588450 -0.178935
v 0.256468 0.582204 -0.166652
v 0.115054 0.567053 -0.133511
v -0.089004 0.605817 -0.152196
v -0.082537 0.614778 -0.162909
v -0.096137 0.713730 -0.165869
v 0.095975 0.728309 -0.162026
v -0.104759 0.792622 -0.178800
v -0.115028 0.824817 -0.163040
v -0.117461 0.882645 -0.169407
v 0.094764 0.891883 -0.157545
v 0.016087 0.950153 -0.165823
v -0.018407 0.953722 -0.156802
v -0.128081 -0.872137 -0.179991
v 0.252298 -0.789837 -0.162690
v -0.246992 -0.755799 -0.162660
v -0.098681 -0.734745 -0.159034
v 0.079160 -0.535309 -0.150825
v -0.077170 -0.499278 -0.150523
v 0.222064 -0.487979 -0.166651
v 0.065185 -0.456224 -0.150339
v 0.304723 0.570598 -0.160552
v 0.101623 0.784725 -0.179736
v 0.102976 0.801204 -0.170247
v -0.103474 0.804067 -0.161829
v 0.133105 -0.948491 -0.170448
v -0.120413 -0.856244 -0.151943
v -0.235461 -0.838482 -0.137361
v 0.099976 -0.794114 -0.159164
v 0.222781 -0.452836 -0.158370
v -0.043039 -0.288077 -0.138009
v 0.013866 -0.172582 -0.141485
v 0.002147 -0.159688 -0.129982
v -0.213065 -0.153494 -0.158111
v -0.202517 -0.099327 -0.148911
v 0.196676 -0.049426 -0.134287
v 0.275707 0.587393 -0.158413
v 0.286316 0.582036 -0.150204
v 0.223044 0.587152 -0.155680
v 0.081079 0.666809 -0.137389
v 0.098112 0.721460 -0.166068
v 0.105677 0.720468 -0.171504
v -0.106909 0.723670 -0.171803
v 0.099816 -0.754039 -0.151650
v 0.095835 -0.582793 -0.152543
v 0.070740 -0.495386 -0.166027
v -0.066509 -0.424332 -0.146792
v 0.215624 -0.133493 -0.150515
v -0.198086 -0.054423 -0.138098
v -0.205787 0.012984 -0.154035
v 0.205436 -0.045754 -0.153943
v 0.294682 0.427786 -0.129590
v -0.349071 0.528730 -0.135464
v -0.254283 0.579756 -0.162954
v 0.184605 0.578525 -0.148700
v 0.039524 0.933153 -0.147163
v -0.135643 -0.860487 -0.161009
v 0.242932 -0.840947 -0.158437
v -0.108973 -0.801219 -0.150913
v -0.239932 -0.711783 -0.155550
v 0.110604 -0.639727 -0.151070
v -0.223444 -0.460180 -0.154713
v -0.026222 -0.248744 -0.134008
v 0.220795 0.073654 -0.146767
v 0.204402 0.187495 -0.135144
v -0.256008 0.414640 -0.154706
v 0.350673 0.501967 -0.135419
v 0.249277 0.571984 -0.151056
v -0.120732 0.571645 -0.139340
v 0.238976 0.570792 -0.152640
v -0.225028 0.591174 -0.159872
v -0.067361 0.636583 -0.154002
v 0.066796 0.626678 -0.139272
v 0.102337 0.788525 -0.165319
v 0.110126 0.874637 -0.158108
v 0.080121 0.886409 -0.144077
v 0.055801 0.908969 -0.150586
v 0.135605 -0.947401 -0.141688
v 0.133819 -0.859464 -0.160981
v -0.241661 -0.809728 -0.155560
v -0.250792 -0.785902 -0.155170
v 0.241323 -0.775009 -0.143519
v 0.091174 -0.683388 -0.155607
v -0.203714 -0.603431 -0.147459
v -0.214309 -0.491629 -0.151734
v -0.008883 -0.164786 -0.153523
v -0.222720 0.073687 -0.146757
v -0.212642 0.203778 -0.147253
v 0.221343 0.251614 -0.155541
v 0.246096 0.415385 -0.147377
v -0.280945 0.425966 -0.129307
v 0.094567 0.810533 -0.151747
v 0.240286 -0.947984 -0.159263
v 0.141967 -0.890519 -0.114025
v -0.145852 -0.883394 -0.102008
v 0.235519 -0.711934 -0.151874
v -0.093054 -0.690794 -0.155114
v 0.213808 -0.684031 -0.145417
v 0.095409 -0.538814 -0.128496
v 0.197805 -0.483393 -0.135147
v 0.216467 -0.452565 -0.143623
v 0.021894 -0.241117 -0.145446
v 0.222596 0.096008 -0.142762
v -0.239364 0.420422 -0.135060
v -0.237217 0.562646 -0.144901
v 0.064776 0.646783 -0.141649
v 0.095426 0.785385 -0.150328
v -0.097111 0.785323 -0.150196
v 0.101603 0.805477 -0.149777
v -0.110567 0.859983 -0.155764
v -0.106660 0.905986 -0.134160
v -0.237580 -0.862036 -0.130988
v -0.128945 -0.818044 -0.140777
v 0.236305 -0.805959 -0.147705
v 0.110835 -0.746295 -0.138252
v -0.104669 -0.675885 -0.144372
v -0.108483 -0.627241 -0.153543
v -0.093230 -0.538866 -0.132031
v 0.208897 -0.416982 -0.139083
v -0.210939 -0.400979 -0.142696
v -0.216873 -0.129848 -0.146620
v 0.239060 0.431712 -0.127906
v 0.371170 0.456423 -0.072320
v -0.009102 0.552061 -0.152500
v 0.001285 0.549108 -0.149034
v -0.008011 0.555862 -0.159950
v 0.013506 0.557676 -0.159535
v 0.018707 0.559788 -0.152729
v -0.015571 0.569641 -0.158599
v 0.017094 0.561798 -0.159902
v -0.021339 0.569784 -0.154074
v 0.024768 0.574505 -0.153428
v 0.018754 0.577409 -0.154144
v -0.077030 0.603543 -0.149255
v -0.104064 0.793223 -0.149649
v -0.108366 0.894883 -0.126686
v -0.052596 0.945626 -0.121935
v 0.232566 -0.844719 -0.144769
v 0.235522 -0.831874 -0.129589
v 0.123076 -0.817904 -0.144223
v -0.115838 -0.687056 -0.136382
v -0.227489 -0.719204 -0.142669
v -0.187988 -0.647623 -0.132937
v 0.194179 -0.555718 -0.133973
v -0.199624 -0.544173 -0.136194
v -0.024772 0.577441 -0.149869
v 0.014320 0.581625 -0.151712
v -0.020268 0.580831 -0.151368
v 0.020281 0.581495 -0.145658
v 0.218876 0.527596 -0.112989
v 0.203923 0.567082 -0.140513
v 0.074118 0.608549 -0.152205
v 0.095427 0.879165 -0.140862
v -0.096757 0.917545 -0.125821
v -0.271009 -0.954935 -0.081060
v -0.234674 -0.828164 -0.131702
v -0.109667 -0.743106 -0.140826
v 0.218300 -0.719104 -0.138655
v 0.114265 -0.675738 -0.137213
v 0.086749 -0.503504 -0.131004
v 0.068259 -0.428366 -0.140228
v -0.077271 -0.460251 -0.127685
v -0.206362 -0.154397 -0.138556
v -0.207235 -0.099714 -0.133788
v 0.195937 0.048862 -0.123452
v 0.361074 0.441567 -0.057200
v 0.004465 0.558096 -0.133181
v 0.008274 0.562887 -0.141060
v -0.243349 0.559295 -0.139645
v -0.220655 0.559341 -0.132586
v -0.023788 0.585240 -0.149119
v -0.055701 0.631324 -0.127026
v 0.094158 0.705186 -0.121508
v -0.100382 0.805973 -0.153571
v -0.088457 0.844613 -0.142051
v 0.088353 0.836865 -0.143813
v 0.099095 0.856483 -0.137775
v -0.101198 0.856594 -0.137098
v 0.137543 -0.840697 -0.132859
v -0.148021 -0.845019 -0.136572
v -0.135135 -0.844076 -0.136559
v -0.242841 -0.854356 -0.134318
v 0.233955 -0.838499 -0.137565
v -0.216623 -0.794728 -0.128544
v -0.224001 -0.774845 -0.130961
v 0.214472 -0.742984 -0.137867
v -0.165573 -0.615765 -0.133472
v -0.203268 -0.455690 -0.127775
v -0.200927 -0.171462 -0.107684
v 0.204418 -0.095746 -0.133451
v -0.204550 0.049491 -0.135231
v -0.195346 0.339544 -0.118158
v -0.380271 0.463880 -0.068206
v -0.181315 0.539303 -0.114300
v -0.285491 0.579757 -0.129755
v 0.014889 0.588057 -0.145060
v 0.019852 0.584885 -0.142169
v -0.033236 0.592994 -0.142828
v 0.000892 0.608055 -0.115502
v 0.019608 0.594266 -0.138786
v 0.276011 0.580151 -0.138387
v -0.074910 0.582868 -0.125412
v 0.077120 0.594600 -0.136527
v 0.072327 0.594760 -0.139418
v -0.093832 0.693907 -0.117566
v -0.096473 0.871842 -0.137274
v -0.014737 0.951942 -0.122986
v -0.269741 -0.934380 -0.088565
v 0.237915 -0.858710 -0.119222
v 0.242674 -0.857077 -0.135453
v -0.155612 -0.842114 -0.127604
v 0.149501 -0.841207 -0.131864
v 0.122554 -0.782342 -0.133167
v -0.127940 -0.778549 -0.130893
v 0.221774 -0.798535 -0.132505
v -0.208528 -0.747391 -0.134954
v 0.182590 -0.643829 -0.131622
v 0.141580 -0.627583 -0.136809
v 0.129727 -0.606586 -0.138318
v -0.184493 -0.567281 -0.130448
v -0.077574 -0.411899 -0.124389
v 0.198703 -0.155035 -0.127533
v -0.245974 0.429703 -0.128829
v 0.268017 0.427963 -0.122833
v 0.406909 0.513585 -0.035408
v 0.048431 0.560763 -0.141435
v 0.055254 0.560386 -0.140258
v 0.048559 0.576261 -0.141169
v -0.052328 0.556703 -0.140511
v -0.050894 0.578093 -0.142941
v -0.054417 0.582429 -0.139292
v -0.014017 0.577665 -0.128879
v 0.019764 0.596069 -0.121607
v -0.029665 0.586254 -0.136905
v 0.021642 0.592777 -0.132679
v -0.071791 0.596595 -0.137973
v -0.058341 0.593382 -0.088054
v -0.060297 0.628418 -0.139154
v 0.052183 0.628868 -0.123648
v 0.097420 0.795162 -0.113932
v 0.078434 0.874344 -0.136827
v -0.136962 -0.947540 -0.125519
v 0.254543 -0.887661 -0.082433
v 0.237404 -0.840467 -0.126496
v 0.226097 -0.767709 -0.134117
v 0.167611 -0.726732 -0.125750
v -0.154624 -0.655814 -0.127462
v -0.115076 -0.539331 -0.118218
v 0.109790 -0.543003 -0.120640
v 0.167463 -0.571457 -0.126523
v 0.079490 -0.467698 -0.124129
v 0.028593 -0.245137 -0.115483
v -0.194745 -0.034629 -0.115496
v 0.193182 -0.030916 -0.115358
v -0.217645 0.096387 -0.127386
v 0.205596 0.096545 -0.111874
v -0.194636 0.263106 -0.122056
v 0.231998 0.528473 -0.124518
v -0.015878 0.557818 -0.128740
v 0.010701 0.541912 -0.115829
v 0.052665 0.586427 -0.134280
v -0.049438 0.589662 -0.135822
v -0.036348 0.571892 -0.135986
v 0.045283 0.587107 -0.134297
v -0.034504 0.602475 -0.138072
v -0.037748 0.598349 -0.134991
v -0.057796 0.623628 -0.133644
v -0.094447 0.728665 -0.086968
v -0.096089 0.812765 -0.066057
v -0.237547 -0.841790 -0.129293
v -0.158364 -0.778833 -0.121894
v 0.144756 -0.750639 -0.127833
v -0.153984 -0.726830 -0.124873
v -0.154035 -0.694990 -0.127764
v 0.133248 -0.734658 -0.127392
v 0.145287 -0.656027 -0.129181
v 0.159987 -0.611289 -0.133348
v -0.052418 -0.292164 -0.111245
v 0.197219 -0.091172 -0.120012
v -0.207457 -0.114506 -0.127818
v 0.175006 0.203202 -0.092171
v 0.193362 0.315299 -0.122571
v -0.228483 0.423068 -0.111276
v 0.235015 0.443513 -0.122050
v 0.049954 0.547228 -0.131079
v -0.017500 0.531497 -0.116549
v -0.053599 0.546677 -0.130154
v -0.047474 0.553828 -0.109693
v -0.196196 0.528173 -0.115582
v 0.008432 0.553259 -0.129934
v 0.010269 0.558416 -0.120307
v 0.019822 0.569638 -0.130833
v 0.061794 0.584726 -0.122515
v -0.034568 0.607256 -0.132078
v 0.018218 0.602069 -0.128599
v -0.040060 0.605121 -0.135925
v -0.042909 0.613687 -0.129342
v -0.043353 0.604955 -0.130298
v 0.074279 0.674577 -0.083318
v 0.095683 0.732572 -0.098245
v -0.091964 0.794991 -0.086988
v 0.084402 0.813043 -0.090108
v -0.081941 0.881334 -0.135712
v -0.073931 0.888493 -0.127185
v 0.011368 0.940721 -0.115187
v -0.232000 -0.845583 -0.126871
v 0.230908 -0.845077 -0.126690
v -0.239383 -0.837556 -0.117540
v 0.221993 -0.828654 -0.121265
v 0.156628 -0.775076 -0.122487
v -0.099720 -0.467464 -0.110865
v 0.090666 -0.428476 -0.115103
v 0.200867 -0.171566 -0.109811
v -0.008840 -0.151681 -0.082738
v -0.234368 0.528634 -0.124322
v -0.045109 0.532424 -0.118245
v 0.049182 0.549195 -0.106062
v 0.003511 0.559156 -0.117854
v 0.270572 0.552210 -0.070907
v -0.105029 0.547050 -0.112988
v -0.006593 0.560354 -0.116863
v -0.053598 0.585524 -0.116603
v 0.029606 0.582727 -0.115069
v 0.050771 0.620744 -0.115819
v -0.092003 0.811253 -0.113662
v -0.086423 0.896765 -0.115573
v -0.073706 0.892729 -0.126325
v -0.133419 -0.951417 -0.072491
v 0.264754 -0.934171 -0.100168
v -0.260647 -0.903188 -0.081933
v -0.233879 -0.844922 -0.119736
v 0.232916 -0.845131 -0.119009
v 0.167670 -0.831885 -0.120370
v 0.156305 -0.851649 -0.110262
v -0.243628 -0.842561 -0.113728
v 0.241684 -0.840382 -0.116426
v -0.160259 -0.834235 -0.124886
v -0.219265 -0.826614 -0.120064
v 0.199541 -0.824390 -0.115248
v -0.197139 -0.767716 -0.125414
v 0.101960 -0.491287 -0.117403
v 0.155139 -0.487505 -0.117428
v 0.192912 -0.198540 -0.092050
v 0.059181 -0.300296 -0.103183
v 0.021328 -0.181127 -0.102652
v -0.187041 -0.045065 -0.107176
v -0.203384 0.081427 -0.111297
v -0.190932 0.112156 -0.092098
v -0.147954 0.339116 -0.068501
v -0.401789 0.536560 -0.040087
v 0.041854 0.540051 -0.123357
v 0.043745 0.535570 -0.114462
v 0.199801 0.520182 -0.113294
v -0.382649 0.563381 -0.043615
v -0.045207 0.588993 -0.115480
v -0.052040 0.597710 -0.116488
v -0.020778 0.585101 -0.098465
v 0.045466 0.595189 -0.121223
v 0.021416 0.606620 -0.124268
v -0.044866 0.607287 -0.117808
v -0.048505 0.611230 -0.118441
v -0.048168 0.621464 -0.127124
v -0.079488 0.670854 -0.098545
v 0.091785 0.813754 -0.055239
v 0.091095 0.812384 -0.105682
v 0.026687 0.909813 -0.112304
v -0.245150 -0.857999 -0.114218
v 0.243741 -0.857595 -0.114852
v -0.129963 -0.487382 -0.112759
v 0.109357 -0.463563 -0.106495
v 0.182087 -0.440020 -0.110169
v -0.191414 -0.206087 -0.087307
v -0.183734 -0.053646 -0.116406
v 0.181966 -0.053797 -0.116683
v 0.185367 -0.044749 -0.107492
v 0.221343 0.411704 -0.108513
v -0.232930 0.459316 -0.112191
v 0.039783 0.593059 -0.090638
v -0.008502 0.566501 -0.112257
v 0.045814 0.591353 -0.115680
v -0.060518 0.568471 -0.114375
v 0.026936 0.604353 -0.118589
v -0.096739 0.901231 -0.110778
v -0.070138 0.897503 -0.120878
v 0.058500 0.892896 -0.106732
v -0.090537 0.917324 -0.107689
v -0.049217 0.936561 -0.105472
v -0.239772 -0.858896 -0.106764
v -0.158246 -0.843768 -0.109414
v 0.157074 -0.843377 -0.108382
v -0.175152 -0.833508 -0.114497
v -0.186643 -0.822891 -0.117308
v -0.201443 -0.824131 -0.115644
v 0.120687 -0.495703 -0.114420
v -0.183880 -0.447540 -0.111869
v 0.011674 -0.151125 -0.075688
v 0.193907 0.399464 -0.098602
v -0.223705 0.438950 -0.099887
v -0.373594 0.449457 -0.056831
v 0.236835 0.462736 -0.112683
v -0.239861 0.466810 -0.109921
v 0.221778 0.496941 -0.102413
v 0.232533 0.512449 -0.117140
v -0.223681 0.512391 -0.107872
v -0.007805 0.536737 -0.105194
v 0.178572 0.520134 -0.101935
v 0.012185 0.576327 -0.094459
v -0.057124 0.560573 -0.106611
v 0.035047 0.612391 -0.110037
v 0.029025 0.614654 -0.117172
v 0.044202 0.620966 -0.122217
v 0.022346 0.922327 -0.108884
v 0.239992 -0.863143 -0.106214
v -0.238598 -0.836972 -0.107673
v -0.167278 -0.835947 -0.103688
v 0.169321 -0.833604 -0.103823
v -0.080806 -0.367026 -0.104528
v -0.032086 -0.236533 -0.111503
v -0.175244 -0.155514 -0.096076
v 0.170257 -0.155569 -0.091837
v 0.222037 0.454424 -0.097366
v 0.228969 0.462005 -0.110357
v 0.273212 0.439905 -0.091294
v -0.393102 0.490480 -0.062327
v 0.392243 0.475377 -0.052377
v -0.037123 0.517055 -0.106681
v 0.026215 0.507429 -0.099873
v -0.051908 0.552707 -0.103834
v 0.053675 0.552486 -0.100604
v -0.041865 0.592460 -0.102293
v 0.030718 0.593438 -0.098161
v -0.048194 0.595318 -0.104468
v -0.047133 0.590587 -0.098870
v 0.038026 0.596282 -0.108880
v 0.050030 0.589881 -0.087311
v 0.042440 0.617060 -0.110476
v 0.036318 0.617321 -0.118538
v 0.089046 0.694176 -0.098408
v -0.081841 0.806059 -0.077250
v -0.057924 0.906352 -0.106261
v -0.003472 0.934664 -0.100959
v -0.030445 0.947864 -0.108229
v 0.258838 -0.898929 -0.089083
v -0.234143 -0.846615 -0.102358
v 0.234343 -0.850373 -0.106858
v -0.228251 -0.835691 -0.101044
v 0.226879 -0.835799 -0.100514
v 0.155439 -0.451300 -0.103115
v -0.107469 -0.452484 -0.106102
v -0.041337 -0.249619 -0.100461
v -0.026711 -0.180611 -0.091265
v -0.155845 0.056081 -0.076600
v 0.015996 0.570529 -0.090487
v -0.273925 0.551653 -0.067502
v 0.036835 0.606536 -0.086002
v -0.076335 0.677855 -0.079662
v -0.071389 0.839262 -0.075822
v -0.072648 0.927784 -0.103994
v -0.133173 -0.930681 -0.061766
v -0.164008 -0.851121 -0.088486
v -0.214823 -0.849002 -0.100074
v -0.197884 -0.838487 -0.108633
v -0.180776 -0.838547 -0.106768
v 0.196410 -0.838512 -0.108316
v 0.177177 -0.839332 -0.105187
v -0.153437 -0.443856 -0.100655
v -0.126915 -0.415965 -0.099509
v 0.140458 -0.416143 -0.097530
v 0.098090 -0.368077 -0.093453
v -0.156210 -0.119401 -0.084225
v -0.359114 0.439837 -0.057361
v -0.223744 0.481304 -0.098487
v -0.168148 0.480917 -0.079134
v 0.012038 0.516409 -0.104188
v -0.012028 0.512322 -0.096656
v 0.331032 0.577942 -0.050501
v -0.047733 0.601969 -0.088250
v -0.095016 0.798201 -0.058372
v -0.045465 0.904760 -0.106047
v -0.007731 0.905611 -0.102569
v -0.193529 -0.859128 -0.088187
v 0.172063 -0.846642 -0.096116
v 0.162547 -0.851688 -0.088414
v 0.217353 -0.847325 -0.099882
v 0.236706 -0.859498 -0.095011
v -0.176370 -0.015086 -0.088430
v -0.159201 0.043926 -0.073111
v 0.171498 0.051941 -0.092278
v -0.171363 0.395128 -0.080893
v -0.325373 0.434730 -0.050534
v -0.271709 0.451836 -0.075502
v 0.198736 0.465495 -0.094493
v -0.020048 0.492312 -0.092556
v -0.018682 0.484612 -0.086715
v 0.015343 0.487812 -0.087069
v 0.000932 0.521288 -0.099414
v 0.027076 0.507531 -0.075074
v 0.373863 0.558837 -0.052108
v -0.054873 0.587065 -0.088047
v 0.026970 0.608150 -0.093881
v -0.013916 0.638885 -0.071499
v 0.023305 0.644021 -0.071281
v -0.038288 0.908249 -0.101254
v -0.061886 0.920787 -0.095248
v -0.015709 0.926742 -0.100198
v -0.035198 0.929082 -0.093500
v -0.034242 0.935318 -0.100602
v 0.269885 -0.955028 -0.081135
v -0.232339 -0.848485 -0.092335
v 0.191885 -0.858601 -0.088285
v 0.231173 -0.846947 -0.095151
v 0.066441 -0.257802 -0.082974
v 0.169011 0.044223 -0.084296
v -0.205251 0.469455 -0.096274
v 0.041893 0.597658 -0.083037
v -0.370569 0.562610 -0.052947
v 0.312786 0.570586 -0.035432
v -0.035345 0.599159 -0.092241
v 0.024352 0.884973 -0.076306
v -0.023614 0.923241 -0.094283
v 0.147530 -0.883749 -0.067046
v -0.243452 -0.872476 -0.080084
v 0.246243 -0.876049 -0.079720
v -0.232605 -0.860394 -0.089025
v 0.132007 -0.288706 -0.072899
v -0.141293 -0.281034 -0.072631
v 0.173984 -0.213758 -0.072745
v -0.160579 -0.257054 -0.075791
v -0.072150 -0.261212 -0.081252
v 0.046709 -0.239901 -0.095108
v -0.060925 -0.244718 -0.088924
v 0.054703 -0.236198 -0.083112
v -0.053998 -0.236137 -0.084719
v 0.031067 -0.189174 -0.087140
v 0.151188 -0.203019 -0.063027
v 0.131554 -0.123081 -0.066068
v -0.124620 -0.051600 -0.076337
v 0.156273 -0.053353 -0.100481
v 0.138335 0.055257 -0.066718
v 0.162291 0.131906 -0.068340
v -0.151633 0.223189 -0.068669
v 0.198244 0.438450 -0.092867
v -0.015633 0.487818 -0.085048
v -0.003156 0.464920 -0.075929
v 0.063873 0.492351 -0.069525
v -0.051350 0.542530 -0.092651
v -0.052439 0.666731 -0.064586
v -0.022229 0.873418 -0.064157
v 0.274627 -0.934599 -0.065370
v 0.132637 -0.930786 -0.065538
v 0.165326 -0.861218 -0.075813
v 0.227419 -0.859051 -0.088933
v -0.107032 -0.316522 -0.082155
v 0.101241 -0.261813 -0.071330
v -0.155914 -0.162673 -0.067027
v 0.335894 0.440954 -0.011068
v -0.141447 0.484351 -0.072594
v 0.139723 0.492072 -0.076428
v -0.079556 0.701380 -0.069380
v 0.088621 0.748612 -0.075196
v -0.087601 0.752401 -0.067730
v 0.069505 0.838876 -0.076162
v -0.275760 -0.952283 -0.061606
v -0.146520 -0.887308 -0.066936
v -0.220816 -0.863540 -0.082983
v -0.167078 -0.855755 -0.085941
v -0.091332 -0.261819 -0.073964
v 0.157696 -0.166544 -0.069068
v 0.177588 0.096849 -0.083324
v 0.158154 0.446010 -0.068086
v 0.357092 0.569877 -0.045220
v -0.348623 0.574321 -0.038078
v -0.325318 0.574864 -0.039358
v -0.085625 0.798632 -0.077268
v 0.081034 0.813823 -0.082817
v 0.085487 0.811800 -0.082245
v -0.037643 0.846442 -0.045933
v 0.046835 0.845912 -0.051669
v -0.169983 -0.860805 -0.075610
v 0.077446 -0.248870 -0.080556
v 0.070121 -0.240030 -0.076797
v -0.055719 -0.202201 -0.074559
v 0.054172 -0.205605 -0.074640
v -0.171820 -0.191154 -0.078408
v -0.136510 -0.044547 -0.064056
v 0.111416 -0.049459 -0.067792
v 0.134971 -0.044427 -0.063963
v -0.152232 -0.034206 -0.068994
v 0.007715 0.475740 -0.078958
v -0.017756 0.481307 -0.078620
v 0.295634 0.521029 -0.002935
v 0.083086 0.798334 -0.078922
v 0.074024 0.763328 -0.051066
v 0.092483 0.801403 -0.054672
v -0.091400 0.813290 -0.069606
v 0.230461 -0.886926 -0.063345
v -0.247045 -0.888147 -0.076335
v -0.087375 -0.244119 -0.072568
v -0.044106 -0.189207 -0.079391
v 0.042287 -0.188996 -0.079277
v 0.150209 -0.037642 -0.069930
v 0.141992 0.044184 -0.061348
v -0.152724 0.457368 -0.066084
v -0.401633 0.468016 -0.024941
v -0.069950 0.480348 -0.065374
v 0.074856 0.701725 -0.066954
v 0.085148 0.801202 -0.074024
v -0.272125 -0.955311 -0.050197
v -0.232281 -0.888677 -0.058617
v -0.201317 -0.881866 -0.059611
v -0.118530 -0.252940 -0.069038
v -0.160460 -0.210166 -0.064781
v 0.135958 -0.190594 -0.065029
v 0.045462 -0.172326 -0.069386
v -0.005720 0.460747 -0.056480
v -0.024526 0.651859 -0.052243
v 0.019928 0.647527 -0.054874
v -0.052056 0.842367 -0.052000
v 0.135161 -0.951286 -0.030445
v 0.158847 -0.221134 -0.065857
v -0.145083 -0.190837 -0.066399
v -0.058690 -0.173620 -0.069381
v -0.050552 -0.148427 -0.055909
v 0.095709 -0.043929 -0.044057
v -0.151582 0.139857 -0.058546
v -0.296799 0.490391 0.000529
v -0.311449 0.558783 -0.019538
v -0.073173 0.729993 -0.059472
v -0.070516 0.769330 -0.053104
v -0.072786 0.787392 -0.065868
v 0.074614 0.787516 -0.068809
v 0.055834 0.821018 -0.059291
v 0.087478 0.797191 -0.055919
v 0.134776 -0.930794 -0.030727
v 0.146785 -0.896060 -0.059310
v -0.166834 -0.886184 -0.055841
v 0.164583 -0.880087 -0.062782
v 0.172930 -0.888217 -0.047062
v 0.101220 -0.210111 -0.063718
v -0.145369 -0.202848 -0.061327
v 0.143528 -0.169831 -0.062761
v -0.141541 -0.158546 -0.062424
v 0.084674 -0.146309 -0.068706
v 0.067281 -0.152930 -0.066006
v 0.017122 -0.140243 -0.063767
v -0.089707 -0.133915 -0.068162
v -0.005540 -0.128074 -0.049266
v -0.027756 -0.137006 -0.059984
v 0.100214 -0.098237 -0.064883
v -0.128193 0.043988 -0.051809
v 0.366135 0.441781 -0.006620
v -0.338178 0.454872 0.032070
v 0.092381 0.452674 -0.053029
v -0.021665 0.435490 -0.041667
v -0.068752 0.697144 -0.065349
v -0.041382 0.699822 -0.063990
v -0.046350 0.721280 -0.070278
v -0.045943 0.680432 -0.059433
v -0.052476 0.720554 -0.068344
v -0.050714 0.726442 -0.063658
v 0.054298 0.721003 -0.064874
v 0.049630 0.726482 -0.063807
v 0.040250 0.722030 -0.068736
v 0.067217 0.745176 -0.049814
v 0.070246 0.773901 -0.058098
v -0.088683 0.797657 -0.056435
v -0.060974 0.820874 -0.060411
v -0.089901 0.813211 -0.056843
v 0.086012 0.813850 -0.056108
v -0.136646 -0.951314 -0.026731
v -0.134930 -0.930807 -0.034670
v -0.271131 -0.930836 -0.018828
v -0.151555 -0.891297 -0.060186
v 0.128518 -0.221230 -0.061372
v 0.045885 -0.141310 -0.053103
v -0.066034 -0.118006 -0.046936
v -0.089188 -0.049118 -0.060225
v 0.071443 -0.049697 -0.057503
v -0.062326 -0.042214 -0.035775
v -0.017791 0.428856 -0.034623
v 0.295433 0.486706 0.000516
v 0.414743 0.498622 -0.016746
v 0.039739 0.683649 -0.058627
v 0.068610 0.725246 -0.060563
v -0.024511 0.717373 -0.054848
v 0.022147 0.729077 -0.045560
v -0.069203 0.738241 -0.052343
v -0.054758 0.734703 -0.059777
v 0.055679 0.791711 -0.063907
v -0.042435 0.791635 -0.059126
v -0.047601 0.809472 -0.056010
v 0.044032 0.800567 -0.059399
v -0.088093 0.811445 -0.044671
v 0.271433 -0.948567 -0.018982
v 0.060303 -0.129332 -0.048690
v 0.098611 0.044077 -0.036608
v 0.122900 0.406087 -0.048422
v -0.367714 0.441261 -0.010521
v -0.379293 0.445554 -0.017898
v 0.387369 0.453779 -0.025398
v 0.321527 0.468147 0.040791
v -0.359878 0.570377 -0.043545
v 0.004683 0.650622 -0.043815
v -0.006446 0.645308 -0.051721
v 0.015308 0.696616 -0.050403
v 0.019022 0.711686 -0.050637
v 0.011884 0.716245 -0.050600
v -0.079549 0.767515 -0.053477
v 0.076601 0.774534 -0.051052
v 0.043789 0.787590 -0.056530
v -0.025564 0.779716 -0.056593
v -0.021283 0.791196 -0.061170
v 0.024212 0.779164 -0.056806
v 0.020214 0.791325 -0.062201
v 0.011539 0.795887 -0.055279
v -0.013483 0.795748 -0.055198
v -0.021161 0.807793 -0.049463
v 0.015755 0.807389 -0.049932
v -0.081532 0.806175 -0.051610
v 0.078451 0.808724 -0.052070
v -0.049954 0.814284 -0.048563
v 0.040981 0.815878 -0.054221
v 0.260960 -0.947515 0.007994
v -0.039332 -0.117905 -0.052473
v 0.015677 -0.116552 -0.045658
v 0.040406 -0.094471 -0.050381
v 0.074940 -0.094750 -0.048709
v -0.076574 -0.102424 -0.048725
v -0.069496 -0.048837 -0.055494
v -0.030470 -0.046020 -0.052016
v -0.013569 -0.049914 -0.052980
v 0.110696 -0.026563 -0.043230
v -0.065474 0.055767 -0.025637
v -0.100140 0.263126 -0.029349
v 0.388214 0.555496 -0.043519
v 0.302045 0.544832 -0.011135
v 0.369629 0.572910 -0.040008
v -0.024842 0.665561 -0.042539
v 0.040207 0.740691 -0.055655
v -0.042030 0.750797 -0.048600
v -0.038007 0.744974 -0.054794
v -0.076918 0.763829 -0.045032
v -0.091386 0.784765 -0.046347
v -0.071870 0.771372 -0.046182
v 0.084953 0.773621 -0.044544
v -0.077756 0.768489 -0.041845
v 0.027486 0.773722 -0.050111
v 0.024364 0.771833 -0.039574
v -0.022330 0.778565 -0.040358
v 0.079348 0.778457 -0.044420
v 0.080923 0.801342 -0.048028
v -0.012938 0.801448 -0.049275
v 0.010153 0.801140 -0.049218
v 0.073413 0.806497 -0.046183
v 0.047800 0.813022 -0.048962
v -0.074080 0.816302 -0.044984
v -0.014041 0.814549 -0.048482
v -0.010449 0.819796 -0.049837
v 0.009114 0.814991 -0.050311
v 0.028610 0.846901 -0.044908
v 0.021192 0.852913 -0.051796
v 0.234486 -0.896503 0.020196
v -0.213387 -0.889330 0.009423
v -0.179189 -0.894854 0.016832
v 0.036269 -0.046093 -0.051850
v 0.031392 -0.090540 -0.045199
v -0.005466 -0.050058 -0.047666
v -0.112409 -0.037550 -0.045921
v 0.063202 0.056504 -0.025852
v -0.092517 0.128419 -0.021032
v 0.110390 0.151830 -0.031549
v 0.015588 0.369594 -0.014657
v -0.303013 0.543782 -0.011407
v -0.367622 0.576009 -0.036489
v 0.346466 0.572750 -0.041095
v 0.023321 0.671982 -0.042712
v -0.010180 0.671491 -0.037415
v 0.000953 0.696587 -0.046677
v -0.014151 0.725583 -0.042834
v -0.020704 0.741848 -0.045368
v 0.011421 0.743634 -0.039534
v 0.040068 0.753201 -0.047257
v 0.072419 0.763142 -0.043881
v -0.046555 0.766384 -0.040682
v 0.011425 0.791336 -0.039405
v -0.014895 0.795926 -0.043757
v -0.062056 0.811934 -0.039958
v 0.024633 0.807439 -0.041574
v 0.083894 0.808309 -0.044277
v -0.034733 0.814774 -0.040002
v 0.056471 0.814592 -0.040072
v -0.015701 0.846273 -0.049423
v -0.273601 -0.948846 -0.026809
v 0.269506 -0.930697 -0.014873
v -0.255387 -0.904047 -0.014514
v -0.005509 -0.113726 -0.043103
v 0.000801 -0.102293 -0.041586
v -0.084874 0.044023 -0.028724
v 0.016223 0.417277 -0.028748
v -0.420206 0.498803 -0.005274
v 0.418895 0.552298 0.003090
v 0.344376 0.578211 -0.031183
v 0.001030 0.708211 -0.044762
v 0.019661 0.751817 -0.028530
v -0.032855 0.761020 -0.042998
v -0.015234 0.814179 -0.048270
v -0.003322 0.808328 -0.040467
v 0.013460 0.810349 -0.038777
v -0.153011 -0.908490 -0.004212
v 0.248896 -0.904116 0.008649
v -0.013950 -0.035794 -0.024997
v 0.071191 0.101056 -0.016005
v -0.312522 0.479909 0.039932
v -0.339276 0.573544 -0.033330
v 0.328004 0.570664 -0.030682
v 0.008156 0.662282 -0.037706
v 0.007147 0.735318 -0.040686
v -0.009542 0.733854 -0.041434
v -0.008864 0.762632 -0.016390
v 0.028339 0.764177 -0.041851
v -0.228262 -0.893409 0.020464
v -0.081493 -0.037447 -0.033356
v 0.056316 -0.033723 -0.027664
v 0.083401 -0.033842 -0.033185
v 0.400876 0.571725 -0.008154
v -0.003172 0.735552 -0.034676
v 0.007105 0.737668 -0.019410
v -0.003206 0.795122 -0.040927
v 0.071215 0.047538 -0.024333
v -0.049931 0.326365 -0.013981
v -0.025234 0.369620 -0.020889
v -0.420553 0.548410 -0.000774
v 0.316817 0.564671 -0.023160
v -0.337943 0.578295 -0.024904
v -0.005878 0.735769 -0.019220
v 0.010274 0.755517 -0.016396
v 0.000773 0.774086 -0.021088
v -0.058107 -0.033889 -0.027657
v 0.059802 0.346184 -0.020091
v -0.014248 0.361449 -0.013833
v 0.366320 0.447460 0.020598
v 0.325668 0.573554 -0.017505
v 0.012743 -0.033015 -0.021082
v -0.009528 0.745362 -0.013020
v 0.173780 -0.896672 0.016723
v -0.024285 0.015469 -0.021058
v -0.057404 0.047706 -0.018996
v 0.026550 0.048045 -0.013676
v 0.075124 0.259087 -0.017265
v -0.073003 0.290808 -0.016927
v 0.395236 0.457874 0.001681
v 0.385490 0.586141 -0.003316
v 0.010723 0.745350 -0.016149
v -0.258827 -0.944250 0.015759
v -0.148829 -0.947305 0.007854
v -0.228466 -0.939866 0.041036
v 0.196494 -0.893358 0.027862
v -0.009421 -0.018154 -0.011525
v 0.012494 -0.006701 -0.012603
v -0.017095 0.009857 -0.009782
v -0.023911 0.040993 -0.012935
v -0.026036 0.060757 -0.017151
v 0.027254 0.060903 -0.017091
v -0.014136 0.334752 -0.008822
v -0.410697 0.571245 0.003268
v 0.000671 0.755350 -0.010700
v -0.143183 -0.930641 -0.003605
v -0.261807 -0.926967 0.007950
v 0.016000 0.041139 -0.004364
v -0.069126 0.136180 -0.009860
v -0.409416 0.472156 0.001900
v -0.376102 0.592727 0.003288
v 0.000856 0.739244 -0.013272
v 0.150751 -0.946945 0.011663
v -0.020180 0.068716 -0.005521
v 0.015680 0.068841 -0.004066
v -0.024402 0.100838 -0.003629
v 0.023367 0.120455 -0.000886
v 0.008087 0.353561 -0.007268
v -0.020525 0.104578 0.001011
v 0.004118 0.125127 0.007317
v -0.379516 0.456233 0.040312
v 0.419928 0.492048 0.049375
v 0.151167 -0.926868 0.011886
v -0.236024 -0.903702 0.027697
v -0.002664 0.248354 0.003019
v -0.009562 0.262095 0.001671
v -0.305555 0.536923 0.044880
v 0.297645 0.506159 0.024795
v 0.433955 0.537688 0.050237
v 0.427463 0.604024 0.099206
v 0.379456 0.623264 0.083394
v 0.256551 -0.926915 0.016231
v -0.164782 -0.907304 0.019478
v -0.009476 0.137993 0.006130
v 0.310395 0.479833 0.038739
v -0.437651 0.549401 0.065822
v -0.194440 -0.894165 0.027831
v 0.381650 0.460385 0.048190
v -0.428841 0.506170 0.065039
v -0.366633 0.622430 0.091520
v 0.181401 -0.940287 0.041229
v 0.249376 -0.941157 0.027202
v -0.419392 0.492339 0.068700
v 0.307060 0.540937 0.056455
v 0.317854 0.571186 0.026011
v 0.178216 -0.903686 0.030508
v 0.234003 -0.907158 0.030930
v -0.186954 -0.903367 0.034535
v 0.431040 0.515009 0.061429
v -0.314438 0.563711 0.041371
v 0.222984 -0.940045 0.042234
v -0.175779 -0.926472 0.037029
v 0.174178 -0.926690 0.036933
v -0.216847 -0.906961 0.038711
v 0.351833 0.467115 0.063314
v -0.304085 0.502535 0.040326
v -0.321748 0.575026 0.029984
v -0.179190 -0.940236 0.039590
v -0.357206 0.459444 0.051686
v 0.211499 -0.903471 0.038008
v 0.423879 0.616268 0.098763
v -0.194181 -0.940157 0.044179
v 0.310249 0.518197 0.067882
v -0.435763 0.588469 0.102320
v -0.384728 0.621325 0.079780
v 0.192678 -0.926456 0.043444
v 0.408151 0.481675 0.064583
v 0.374584 0.467862 0.067461
v 0.346830 0.610349 0.102140
v -0.414286 0.619645 0.090776
v -0.345992 0.469138 0.063283
v 0.345769 0.535569 0.144442
v -0.425979 0.528802 0.155688
v -0.340350 0.546801 0.136410
v -0.344143 0.603166 0.101409
v 0.431496 0.535800 0.151738
v 0.444039 0.566698 0.164373
v 0.413480 0.521467 0.152618
v -0.339548 0.592287 0.113270
v 0.437240 0.588927 0.110782
v -0.396218 0.515370 0.147668
v -0.358904 0.525434 0.148170
v 0.334716 0.573343 0.125011
v -0.403254 0.634383 0.091831
v -0.388493 0.635930 0.091386
v -0.362765 0.628645 0.099479
v 0.369236 0.633286 0.095684
v 0.386845 0.635179 0.091201
v 0.401134 0.634221 0.092411
v -0.433746 0.611777 0.107160
v -0.349327 0.619485 0.113554
v 0.357815 0.628054 0.102817
v 0.409337 0.660148 0.142282
v 0.368379 0.519980 0.147789
v -0.447208 0.577497 0.129681
v 0.390616 0.667246 0.154214
v -0.439718 0.597271 0.110917
v 0.435984 0.624011 0.130180
v 0.444667 0.565777 0.133647
v -0.377536 0.649061 0.122558
v 0.443410 0.589105 0.121838
v -0.393014 0.670363 0.165358
v -0.446768 0.565994 0.137542
v -0.343440 0.611809 0.121430
v 0.342052 0.612538 0.122011
v -0.336788 0.596025 0.125749
v 0.446698 0.615593 0.157327
v 0.420671 0.649013 0.134647
v 0.335796 0.599825 0.129330
v -0.332940 0.581634 0.130974
v -0.444855 0.619540 0.142148
v -0.422326 0.648293 0.134399
v 0.330085 0.581473 0.134038
v -0.366960 0.654817 0.179159
v -0.378304 0.664909 0.172051
v -0.413335 0.573777 0.129770
v -0.417660 0.565238 0.129968
v -0.395221 0.570959 0.129624
v -0.431907 0.573078 0.135454
v -0.420454 0.573108 0.126571
v -0.330462 0.566263 0.141938
v -0.420992 0.584673 0.134586
v -0.365883 0.573627 0.130058
v -0.368777 0.581204 0.136059
v -0.373313 0.573012 0.128449
v -0.410775 0.667537 0.165320
v -0.440258 0.547297 0.144439
v -0.386921 0.534564 0.146770
v -0.384744 0.565767 0.130654
v 0.356174 0.565073 0.134189
v 0.373872 0.539044 0.143485
v 0.369608 0.574096 0.129631
v -0.377424 0.570813 0.132723
v 0.410207 0.570012 0.128322
v 0.425658 0.565465 0.134459
v 0.419780 0.577008 0.130868
v 0.430697 0.578131 0.143368
v -0.353468 0.573394 0.142284
v 0.328972 0.566480 0.142110
v 0.358630 0.588516 0.146758
v 0.351830 0.573527 0.138074
v -0.357308 0.639260 0.156833
v 0.365414 0.655292 0.179425
v 0.332124 0.551324 0.149955
v 0.403914 0.541221 0.142798
v 0.420945 0.554721 0.139300
v 0.416753 0.577502 0.167758
v -0.432394 0.582922 0.143406
v 0.449926 0.593643 0.156915
v -0.450790 0.604520 0.168118
v -0.333359 0.550928 0.152389
v -0.419841 0.550555 0.149211
v -0.392864 0.533141 0.148778
v 0.351408 0.560065 0.145140
v 0.364423 0.542707 0.149689
v -0.353333 0.567672 0.148235
v -0.418257 0.579541 0.168207
v -0.359586 0.587795 0.149814
v 0.351209 0.579471 0.144042
v -0.378021 0.574257 0.164226
v -0.422367 0.663823 0.182944
v -0.373797 0.519906 0.163526
v -0.340101 0.540147 0.153119
v 0.338679 0.540318 0.153402
v 0.377990 0.534359 0.149016
v 0.408764 0.542100 0.149084
v 0.426482 0.577386 0.174492
v -0.428457 0.588271 0.148665
v 0.427730 0.654754 0.182236
v -0.400488 0.516861 0.159996
v -0.362013 0.524871 0.163344
v 0.401578 0.518016 0.160026
v 0.371890 0.520636 0.163653
v -0.372371 0.542414 0.157649
v -0.392459 0.571196 0.160793
v 0.358415 0.586771 0.180107
v -0.430209 0.577518 0.168936
v 0.356858 0.588966 0.170249
v -0.427734 0.583954 0.171818
v 0.339399 0.604539 0.188022
v 0.376579 0.665727 0.172472
v 0.406075 0.669404 0.176408
v 0.386601 0.517799 0.163716
v 0.339738 0.566297 0.183138
v 0.362966 0.585813 0.169813
v -0.356494 0.585712 0.169294
v -0.362829 0.590614 0.170022
v -0.351292 0.623512 0.198339
v -0.436245 0.643431 0.185445
v -0.421790 0.536681 0.179299
v -0.361111 0.583937 0.193233
v -0.446339 0.574268 0.176043
v 0.391244 0.584964 0.211841
v -0.345901 0.608244 0.203104
v -0.407067 0.532093 0.186795
v 0.420353 0.545281 0.190811
v -0.358986 0.582211 0.176642
v 0.337053 0.583485 0.187587
v 0.391370 0.670045 0.172511
v -0.388701 0.525324 0.178154
v 0.405770 0.540763 0.198445
v -0.413304 0.585913 0.203900
v 0.424844 0.581912 0.173458
v 0.365018 0.540017 0.187353
v 0.361874 0.578562 0.186035
v -0.371155 0.584245 0.179751
v -0.407443 0.668203 0.178142
v -0.375156 0.658170 0.184956
v 0.365265 0.570745 0.220016
v -0.358681 0.551203 0.194394
v -0.427821 0.583136 0.185007
v 0.418674 0.585272 0.182653
v 0.364107 0.589883 0.179090
v -0.340521 0.585453 0.193892
v 0.349524 0.611434 0.207163
v 0.439434 0.606157 0.202425
v 0.436959 0.639826 0.189306
v 0.383493 0.665765 0.177212
v -0.381759 0.559863 0.221540
v 0.422620 0.585114 0.213847
v 0.421681 0.576609 0.189173
v -0.418035 0.581778 0.181377
v -0.366352 0.592227 0.182643
v -0.440404 0.617714 0.200011
v -0.430450 0.581067 0.214835
v 0.394605 0.568236 0.223019
v 0.423434 0.583549 0.183905
v 0.427854 0.574744 0.214410
v -0.359691 0.594287 0.191596
v 0.369102 0.588240 0.187116
v 0.351461 0.626913 0.198278
v 0.370411 0.655102 0.188451
v 0.409494 0.702230 0.203405
v 0.348673 0.595922 0.213552
v -0.369265 0.643795 0.190970
v 0.367871 0.640745 0.195056
v -0.383195 0.569819 0.213670
v -0.392857 0.583846 0.203646
v -0.425921 0.586002 0.200740
v 0.420017 0.587275 0.192948
v 0.359764 0.588500 0.201323
v 0.361841 0.596426 0.190576
v 0.396087 0.718180 0.216363
v -0.423675 0.580763 0.201732
v 0.418977 0.579594 0.200575
v -0.420635 0.590974 0.204353
v 0.368368 0.579963 0.212727
v -0.358514 0.587212 0.216919
v 0.364386 0.599628 0.194323
v -0.366071 0.609068 0.195719
v 0.364441 0.616254 0.197080
v -0.414771 0.698393 0.203312
v -0.401625 0.758307 0.249834
v 0.391406 0.559503 0.223994
v -0.409540 0.571029 0.219179
v 0.413962 0.589172 0.208101
v 0.422632 0.586484 0.195688
v 0.413164 0.585338 0.205332
v 0.418933 0.589980 0.204954
v 0.357463 0.600842 0.202917
v -0.359513 0.605092 0.198312
v -0.437692 0.609843 0.208014
v 0.375969 0.632876 0.214796
v -0.441979 0.690706 0.218704
v -0.422104 0.567104 0.217717
v -0.382331 0.591798 0.227672
v -0.350768 0.592818 0.213617
v 0.368351 0.671880 0.209046
v -0.372434 0.683702 0.220492
v -0.392776 0.556198 0.221589
v 0.417736 0.571383 0.220755
v 0.384801 0.590969 0.235427
v -0.383643 0.632417 0.223363
v -0.372460 0.657929 0.222885
v 0.448271 0.694659 0.230350
v 0.382063 0.715694 0.236294
v -0.407519 0.565151 0.224200
v -0.369845 0.570383 0.221985
v -0.420090 0.589485 0.211546
v -0.426497 0.589905 0.207760
v 0.372551 0.602227 0.227327
v 0.421609 0.590610 0.211062
v 0.425192 0.594361 0.214403
v 0.432331 0.602723 0.211516
v 0.464764 0.622239 0.272214
v 0.369510 0.668937 0.223316
v -0.411288 0.742680 0.234675
v 0.376421 0.608949 0.238747
v -0.373876 0.680412 0.231004
v -0.445935 0.599785 0.272438
v -0.475073 0.646264 0.272238
v 0.395134 0.759190 0.267336
v 0.476043 0.684300 0.268786
v 0.453146 0.706572 0.268389
v 0.417000 0.711139 0.228738
v 0.416653 0.706866 0.242303
v -0.418417 0.710816 0.228719
v 0.397108 0.635899 0.237845
v -0.394147 0.658445 0.245366
v 0.377813 0.673204 0.239193
v 0.414504 0.779196 0.254841
v 0.410590 0.758582 0.246889
v -0.377226 0.608849 0.235084
v -0.409141 0.640487 0.245515
v 0.412649 0.713770 0.246311
v -0.421467 0.733168 0.241593
v 0.474439 0.649454 0.275832
v -0.477488 0.680969 0.268845
v -0.419682 0.705508 0.245026
v 0.421424 0.733627 0.248547
v -0.406618 0.778351 0.261160
v -0.418616 0.755313 0.247664
v 0.393650 0.618875 0.262761
v -0.391277 0.700927 0.248760
v 0.388975 0.705644 0.248388
v -0.444906 0.707836 0.271659
v -0.428788 0.771293 0.260719
v 0.428223 0.767920 0.264047
v -0.417684 0.595980 0.291568
v -0.475768 0.690988 0.272473
v 0.396396 0.681014 0.253541
v -0.392935 0.747739 0.263246
v -0.410247 0.707656 0.249183
v -0.423027 0.767762 0.251052
v -0.413197 0.777821 0.253713
v 0.420760 0.774456 0.253280
v 0.440724 0.595909 0.268816
v 0.408423 0.603015 0.295229
v -0.464689 0.619375 0.272177
v 0.471532 0.694121 0.269081
v 0.405247 0.709697 0.251223
v 0.410624 0.702363 0.250852
v 0.419672 0.732778 0.258977
v -0.419310 0.781093 0.257755
v 0.419670 0.676907 0.261755
v -0.418687 0.688318 0.260428
v 0.424611 0.701927 0.258253
v -0.408347 0.738542 0.273727
v 0.393094 0.732959 0.261806
v -0.421658 0.743035 0.269985
v -0.411149 0.602352 0.295277
v -0.409795 0.616118 0.294865
v 0.416159 0.638931 0.259232
v 0.421835 0.652369 0.263317
v -0.415281 0.638858 0.254466
v -0.465762 0.701276 0.279864
v 0.424021 0.778136 0.264087
v 0.451862 0.609663 0.271950
v 0.407257 0.612884 0.295136
v -0.414020 0.631336 0.286765
v -0.420249 0.647697 0.283579
v -0.424169 0.679317 0.267045
v -0.425993 0.774781 0.270331
v 0.411531 0.781931 0.267219
v -0.416115 0.782341 0.267159
v 0.443630 0.704933 0.282473
v -0.395642 0.744823 0.269833
v -0.400427 0.766784 0.270901
v 0.423689 0.771245 0.273044
v -0.470950 0.661516 0.315523
v 0.416971 0.749718 0.276853
v 0.407202 0.749387 0.278761
v -0.427662 0.595915 0.315163
v 0.412948 0.635211 0.279711
v 0.421292 0.656342 0.283355
v -0.440369 0.690945 0.298639
v 0.441198 0.693951 0.301302
v -0.412196 0.753029 0.279435
v -0.412768 0.770802 0.277738
v 0.404399 0.763384 0.278332
v 0.446322 0.611989 0.307285
v 0.466522 0.662048 0.325285
v 0.472669 0.686769 0.323108
v 0.463186 0.701289 0.283627
v -0.441934 0.614680 0.321707
v 0.416222 0.595954 0.307671
v 0.428873 0.647000 0.303406
v -0.459869 0.635088 0.318577
v 0.431322 0.663869 0.298545
v 0.475315 0.673440 0.323129
v -0.476396 0.683383 0.319401
v -0.453868 0.619537 0.318406
v 0.458358 0.634826 0.318573
v -0.430349 0.647078 0.303140
v -0.437843 0.598770 0.307350
v 0.432892 0.595909 0.307512
v -0.452918 0.699904 0.298659
v -0.402605 0.611184 0.335458
v 0.455755 0.622700 0.318508
v -0.439808 0.671439 0.303072
v 0.405400 0.613142 0.316903
v 0.438269 0.671855 0.303230
v -0.476045 0.670471 0.315826
v 0.401107 0.611816 0.338642
v -0.414800 0.631166 0.327557
v -0.468830 0.643118 0.319218
v -0.441360 0.693923 0.345049
v 0.456074 0.692271 0.354862
v -0.430196 0.603143 0.329930
v -0.427218 0.666368 0.338325
v 0.434031 0.676619 0.342211
v -0.398777 0.627487 0.331583
v 0.414817 0.631642 0.325491
v 0.423449 0.651035 0.333853
v 0.467589 0.652749 0.326131
v -0.436497 0.676013 0.341012
v -0.454400 0.693357 0.358643
v -0.417104 0.601872 0.334202
v 0.421268 0.607551 0.340902
v 0.411968 0.602419 0.334290
v 0.424637 0.620164 0.344959
v 0.394185 0.631021 0.337561
v -0.425221 0.650803 0.333798
v 0.425856 0.666061 0.337836
v -0.437922 0.627660 0.345329
v -0.442627 0.647743 0.360803
v -0.464683 0.673863 0.356094
v 0.459857 0.674420 0.361916
v 0.433339 0.687667 0.342318
v 0.436335 0.638159 0.350683
v 0.401381 0.639289 0.340351
v -0.399714 0.639701 0.345540
v -0.396199 0.647636 0.353199
v -0.410750 0.659149 0.349699
v -0.419684 0.611184 0.344412
v -0.394916 0.626065 0.349966
v 0.394444 0.647938 0.353744
v 0.448637 0.666490 0.361338
v 0.408896 0.659604 0.349729
v -0.414137 0.670778 0.350056
v 0.392041 0.628676 0.346909
v -0.423221 0.687713 0.351781
v 0.400149 0.631553 0.355445
v -0.453827 0.662988 0.353916
v 0.413732 0.679703 0.364024
v 0.430688 0.697971 0.359796
v -0.419583 0.623384 0.348473
v -0.401646 0.631599 0.355336
v -0.404959 0.658992 0.360364
v -0.407624 0.671298 0.360546
v 0.417351 0.691077 0.363803
v -0.460337 0.680642 0.364870
v -0.404644 0.642323 0.375070
v -0.413401 0.649847 0.372365
v 0.392886 0.641655 0.366515
v 0.404109 0.660519 0.370263
v 0.403351 0.668035 0.367371
v 0.452701 0.683803 0.368950
v 0.403010 0.638720 0.373167
v -0.419783 0.690971 0.370181
v -0.425319 0.693910 0.373403
v -0.399576 0.642190 0.372599
v -0.446775 0.666883 0.362941
v -0.408317 0.671149 0.373761
v 0.421004 0.646483 0.363794
v 0.449459 0.674543 0.369479
v 0.424025 0.690760 0.376450
v -0.416921 0.659091 0.380291
v 0.421430 0.662189 0.381173
v -0.407572 0.656215 0.372281
v 0.436984 0.670016 0.368417
v -0.425077 0.680271 0.376242
v 0.422583 0.680111 0.376604
v 0.403097 0.645294 0.376003
v 0.415139 0.659013 0.380565
v 0.408509 0.658248 0.376076
v -0.422982 0.668103 0.381399
v 0.415323 0.668050 0.382589
vn -0.1423 -0.1638 -0.9762
vn -0.1591 -0.0484 -0.9861
vn 0.1153 -0.1408 -0.9833
vn 0.0180 0.1572 -0.9874
vn 0.4033 -0.1688 -0.8994
vn 0.1334 -0.0997 -0.9860
vn 0.4228 -0.1907 -0.8859
vn -0.3940 -0.1612 -0.9049
vn 0.2571 0.0844 -0.9627
vn -0.3439 0.0171 -0.9388
vn 0.0765 -0.3201 -0.9443
vn 0.2122 -0.2730 -0.9383
vn -0.0755 -0.3788 -0.9224
vn -0.2031 -0.0906 -0.9750
vn 0.3058 -0.0118 -0.9520
vn 0.0525 -0.9251 -0.3762
vn -0.2092 -0.8043 -0.5561
vn -0.2542 -0.1590 -0.9540
vn 0.5649 0.0230 -0.8248
vn 0.1255 0.0976 -0.9873
vn -0.0654 0.0424 -0.9970
vn 0.6489 -0.1077 -0.7532
vn -0.6172 -0.1539 -0.7716
vn -0.6170 -0.1292 -0.7763
vn -0.5104 0.0895 -0.8552
vn 0.4117 0.0977 -0.9061
vn -0.5168 0.0949 -0.8508
vn -0.3775 -0.0155 -0.9259
vn 0.4103 -0.2450 -0.8784
vn -0.4131 -0.3167 -0.8538
vn -0.4856 0.0261 -0.8738
vn 0.6978 -0.2484 -0.6719
vn 0.0347 -0.0006 -0.9994
vn 0.2101 -0.0552 -0.9761
vn -0.0739 0.0382 -0.9965
vn 0.1167 0.0115 -0.9931
vn 0.0185 0.2546 -0.9669
vn -0.0903 0.2184 -0.9717
vn -0.1944 0.0192 -0.9807
vn 0.4920 -0.0117 -0.8705
vn -0.7545 -0.3078 -0.5796
vn 0.4866 -0.0725 -0.8706
vn -0.1716 -0.0621 -0.9832
vn 0.3263 0.0972 -0.9403
vn 0.3963 -0.0795 -0.9147
vn 0.1368 0.1992 -0.9704
vn -0.3268 0.1104 -0.9386
vn -0.0604 0.4329 -0.8994
vn -0.4154 -0.0823 -0.9059
vn -0.3435 0.2991 -0.8902
vn -0.1642 0.4177 -0.8936
vn 0.1488 0.5460 -0.8245
vn 0.2631 -0.7277 -0.6334
vn 0.3181 -0.7968 -0.5137
vn -0.6510 -0.2185 -0.7269
vn 0.7128 0.0237 -0.7010
vn 0.2813 0.3768 -0.8826
vn -0.2060 -0.4850 -0.8499
vn 0.2421 -0.8982 -0.3670
vn -0.1567 -0.9247 -0.3469
vn 0.3043 -0.5417 -0.7836
vn -0.1812 -0.5938 -0.7840
vn 0.6456 -0.2714 -0.7138
vn 0.6377 0.0406 -0.7692
vn -0.0815 -0.1719 -0.9817
vn 0.2240 -0.1786 -0.9581
vn -0.6210 0.0449 -0.7825
vn 0.4604 0.2611 -0.8485
vn 0.0505 0.5075 -0.8602
vn -0.4287 -0.2357 -0.8722
vn -0.3726 -0.1585 -0.9144
vn -0.6371 -0.5246 -0.5647
vn -0.2044 -0.8253 -0.5263
vn -0.7649 -0.1391 -0.6290
vn 0.6788 -0.1169 -0.7249
vn -0.6672 -0.0631 -0.7422
vn -0.1587 -0.5038 -0.8491
vn 0.4122 -0.5447 -0.7303
vn -0.4284 -0.4030 -0.8087
vn 0.4902 -0.3911 -0.7789
vn 0.4221 -0.1562 -0.8930
vn -0.5321 -0.4401 -0.7233
vn -0.2045 -0.8251 -0.5267
vn -0.0103 -0.2708 0.9626
vn 0.2422 -0.8983 -0.3667
vn 0.8441 0.0367 -0.5349
vn -0.6738 0.0917 -0.7332
vn 0.1839 0.5464 -0.8171
vn 0.0682 -0.5062 -0.8597
vn -0.4501 -0.5110 -0.7323
vn 0.5782 -0.1544 -0.8011
vn 0.6811 -0.5617 -0.4697
vn 0.8050 -0.0478 -0.5913
vn -0.7573 -0.0264 -0.6525
vn 0.4335 -0.5514 -0.7128
vn 0.8402 -0.1816 -0.5110
vn -0.4726 0.3891 -0.7908
vn -0.1747 0.6507 -0.7390
vn 0.1277 -0.6847 -0.7176
vn 0.3543 -0.4608 -0.8137
vn 0.6714 -0.0895 -0.7357
vn -0.0246 -0.4684 -0.8832
vn -0.7603 0.0268 -0.6490
vn -0.2157 0.5846 -0.7821
vn 0.3004 0.4582 -0.8366
vn -0.1264 0.6410 -0.7571
vn 0.0567 -0.0070 -0.9984
vn -0.1337 -0.0104 -0.9910
vn -0.0095 0.2731 -0.9619
vn -0.2223 0.3288 -0.9179
vn -0.1478 0.2651 -0.9528
vn 0.2556 0.0487 -0.9656
vn -0.3128 -0.0165 -0.9497
vn -0.3488 0.0013 -0.9372
vn 0.1108 -0.0606 -0.9920
vn -0.2845 -0.0437 -0.9577
vn 0.0685 0.0362 -0.9970
vn -0.1770 -0.0821 -0.9808
vn 0.3286 -0.0873 -0.9404
vn -0.1107 0.1306 -0.9852
vn 0.2333 0.0997 -0.9673
vn -0.2244 0.0964 -0.9697
vn 0.4299 0.1793 -0.8849
vn 0.1769 0.2063 -0.9624
vn -0.1015 0.1820 -0.9780
vn -0.5743 -0.1611 -0.8026
vn 0.7362 -0.0661 -0.6735
vn 0.7086 0.1777 -0.6829
vn 0.5736 0.4127 -0.7075
vn 0.2561 0.6739 -0.6930
vn 0.0009 -0.3219 -0.9468
vn 0.2478 -0.1084 -0.9627
vn -0.1915 -0.0658 -0.9793
vn -0.0070 0.2397 -0.9708
vn -0.3473 0.1895 -0.9184
vn 0.3743 -0.0273 -0.9269
vn 0.2752 -0.0380 -0.9606
vn 0.5198 -0.0175 -0.8541
vn -0.5821 0.2150 -0.7842
vn -0.0306 -0.3383 -0.9405
vn 0.4083 -0.2753 -0.8704
vn -0.5139 -0.5415 -0.6653
vn -0.3349 -0.4990 -0.7993
vn -0.8163 -0.2216 -0.5334
vn 0.7390 -0.3004 -0.6030
vn -0.7621 -0.1643 -0.6263
vn 0.7462 0.2044 -0.6335
vn -0.2412 -0.2200 -0.9452
vn 0.5396 -0.1431 -0.8297
vn -0.2987 -0.1895 -0.9353
vn 0.3425 0.2048 -0.9169
vn 0.3830 -0.1192 -0.9160
vn -0.4811 -0.2142 -0.8501
vn 0.0822 0.4595 -0.8844
vn -0.0290 0.3851 -0.9224
vn -0.2990 -0.2330 -0.9254
vn -0.1057 0.1055 -0.9888
vn -0.0003 -0.2416 -0.9704
vn 0.3627 0.0830 -0.9282
vn -0.1303 -0.1871 -0.9737
vn 0.0740 0.1014 -0.9921
vn 0.4028 -0.1154 -0.9080
vn -0.1250 -0.0397 -0.9914
vn 0.2340 -0.0768 -0.9692
vn -0.1634 -0.0083 -0.9865
vn -0.3317 -0.0229 -0.9431
vn -0.0350 -0.1050 -0.9939
vn -0.7091 -0.0599 -0.7025
vn -0.5136 -0.0627 -0.8557
vn -0.5545 -0.0076 -0.8322
vn 0.3619 0.2533 -0.8971
vn -0.3500 -0.6105 -0.7105
vn -0.1214 -0.3385 -0.9331
vn 0.2964 -0.6249 -0.7223
vn 0.7189 -0.3947 -0.5722
vn -0.7512 -0.4596 -0.4737
vn -0.7280 -0.4863 -0.4833
vn -0.7030 0.0949 -0.7048
vn -0.7859 0.2785 -0.5520
vn -0.2870 -0.3170 -0.9040
vn 0.5831 -0.1233 -0.8030
vn -0.5351 0.1497 -0.8314
vn -0.1781 0.5131 -0.8396
vn 0.1048 -0.3287 -0.9386
vn -0.5283 -0.0294 -0.8485
vn -0.2137 0.0423 -0.9760
vn -0.5534 0.0245 -0.8326
vn 0.4485 -0.0126 -0.8937
vn 0.7664 0.0029 -0.6424
vn -0.8845 0.0830 -0.4591
vn -0.4484 0.1530 -0.8806
vn 0.4624 0.0969 -0.8814
vn 0.0213 0.3018 -0.9531
vn -0.7935 -0.0307 -0.6078
vn 0.7482 -0.3747 -0.5476
vn -0.8633 -0.2884 -0.4142
vn -0.4225 0.6263 -0.6552
vn 0.0041 0.4081 -0.9129
vn 0.4251 -0.3516 -0.8341
vn 0.3243 0.5078 -0.7981
vn -0.5290 -0.2984 -0.7944
vn 0.4219 -0.1348 -0.8966
vn 0.2815 0.0435 -0.9586
vn -0.4836 -0.0420 -0.8743
vn 0.4350 -0.0604 -0.8984
vn 0.6704 -0.1115 -0.7336
vn 0.5808 -0.1418 -0.8016
vn 0.6889 0.0122 -0.7248
vn 0.2911 0.2234 -0.9303
vn -0.2064 0.2698 -0.9405
vn 0.2420 -0.2162 -0.9459
vn 0.0818 -0.6271 -0.7746
vn 0.8715 -0.0603 -0.4867
vn -0.8659 0.0137 -0.5001
vn -0.2022 0.8007 -0.5639
vn 0.0656 0.8595 -0.5070
vn 0.6262 0.1990 -0.7538
vn -0.4309 0.4633 -0.7744
vn 0.2803 0.5138 -0.8108
vn 0.1051 0.2430 -0.9643
vn 0.1792 0.6269 -0.7582
vn -0.3664 -0.6228 -0.6913
vn 0.4837 -0.1612 -0.8602
vn 0.2988 -0.3390 -0.8921
vn 0.4940 -0.3269 -0.8057
vn 0.8097 -0.0496 -0.5847
vn -0.7419 0.0320 -0.6697
vn 0.6590 0.3259 -0.6778
vn 0.7138 0.0796 -0.6958
vn -0.5849 0.2064 -0.7844
vn -0.3678 0.2273 -0.9017
vn -0.1046 0.3578 -0.9279
vn -0.3483 -0.2300 -0.9087
vn 0.6365 -0.5113 -0.5774
vn 0.9708 0.0293 -0.2382
vn -0.9479 -0.1085 -0.2996
vn -0.8847 -0.3617 -0.2940
vn 0.0950 -0.1223 -0.9879
vn -0.2822 -0.2349 -0.9302
vn -0.4988 -0.3625 -0.7873
vn 0.6294 -0.3357 -0.7009
vn 0.7123 -0.0673 -0.6986
vn -0.0318 -0.6764 -0.7358
vn -0.2322 -0.4063 -0.8837
vn 0.1226 -0.7466 -0.6539
vn -0.5913 -0.2391 -0.7702
vn -0.7514 -0.3055 -0.5848
vn 0.6836 0.0664 -0.7268
vn -0.6353 0.0473 -0.7708
vn -0.7164 -0.1101 -0.6889
vn 0.7960 -0.0218 -0.6049
vn -0.7445 -0.0497 -0.6658
vn -0.7614 0.0847 -0.6427
vn -0.5061 0.4169 -0.7550
vn 0.3314 0.4373 -0.8360
vn 0.1062 0.3478 -0.9315
vn -0.6575 -0.2550 -0.7090
vn 0.5257 -0.2116 -0.8240
vn -0.7938 -0.5274 -0.3028
vn -0.3123 -0.7276 -0.6108
vn 0.9074 -0.1956 -0.3720
vn -0.9283 -0.0404 -0.3696
vn -0.9748 -0.0216 -0.2221
vn 0.9457 -0.3026 -0.1187
vn 0.8678 -0.3829 -0.3167
vn -0.1581 0.9584 -0.2375
vn -0.2806 0.8865 -0.3679
vn 0.3137 0.7637 -0.5642
vn -0.4194 0.5254 -0.7403
vn -0.7794 -0.0716 -0.6224
vn 0.4990 0.5815 -0.6425
vn -0.1146 0.5925 -0.7974
vn -0.3885 -0.5589 -0.7326
vn 0.5087 -0.7274 -0.4605
vn -0.6317 -0.5756 -0.5192
vn -0.7908 -0.1975 -0.5793
vn 0.7451 -0.1615 -0.6471
vn 0.7661 0.1241 -0.6306
vn -0.7078 -0.0216 -0.7061
vn 0.7143 0.0242 -0.6994
vn -0.8041 -0.0226 -0.5941
vn -0.2891 -0.2388 -0.9270
vn 0.0625 -0.2016 -0.9775
vn 0.0209 -0.2772 -0.9606
vn 0.2632 -0.2800 -0.9232
vn -0.3700 -0.1312 -0.9197
vn 0.4914 -0.6880 -0.5340
vn -0.6377 -0.6503 -0.4129
vn 0.9501 -0.0679 -0.3046
vn 0.7634 0.4922 -0.4184
vn 0.1827 0.8556 -0.4843
vn -0.1593 0.3231 -0.9329
vn 0.0606 0.2912 -0.9547
vn 0.4074 0.2302 -0.8838
vn -0.2130 0.4819 -0.8499
vn 0.1266 -0.5889 -0.7982
vn -0.8549 0.0471 -0.5166
vn -0.8314 0.0121 -0.5555
vn -0.9451 -0.0113 -0.3266
vn 0.5235 0.1659 -0.8357
vn 0.4912 0.3549 -0.7955
vn 0.1179 -0.2684 -0.9561
vn 0.3492 -0.1444 -0.9258
vn 0.8878 -0.3792 -0.2607
vn -0.7357 0.5176 -0.4368
vn -0.0559 0.9581 -0.2810
vn 0.1919 0.9563 -0.2205
vn -0.4259 0.2733 -0.8625
vn -0.8768 -0.3307 -0.3491
vn 0.8721 -0.1958 -0.4485
vn -0.5989 0.3119 -0.7376
vn 0.4769 0.6595 -0.5811
vn 0.0848 -0.8387 -0.5380
vn 0.1231 0.0121 -0.9923
vn 0.4468 -0.0176 -0.8945
vn 0.0442 -0.2294 -0.9723
vn 0.3299 -0.0304 -0.9435
vn 0.2646 -0.8371 -0.4788
vn -0.2049 -0.2673 -0.9416
vn -0.3187 -0.5285 -0.7868
vn 0.0331 -0.0318 -0.9989
vn -0.0869 -0.4854 -0.8700
vn 0.2674 -0.6915 -0.6710
vn -0.5048 -0.5389 -0.6743
vn 0.8902 -0.0775 -0.4490
vn -0.8012 -0.0470 -0.5966
vn 0.9428 0.1200 -0.3110
vn -0.8303 0.2735 -0.4856
vn -0.4182 -0.3943 -0.8183
vn -0.2992 -0.2664 -0.9162
vn 0.6389 -0.2099 -0.7401
vn -0.7159 -0.1870 -0.6727
vn 0.9304 -0.1665 -0.3265
vn -0.9539 -0.0869 -0.2874
vn 0.8640 -0.3366 -0.3745
vn -0.8126 -0.2301 -0.5355
vn 0.5443 -0.2741 -0.7929
vn 0.3260 0.7801 -0.5340
vn -0.0365 0.7731 -0.6332
vn 0.0463 0.7607 -0.6475
vn -0.4500 -0.5754 -0.6829
vn 0.4953 -0.6264 -0.6019
vn 0.6380 -0.4249 -0.6423
vn -0.8861 -0.1933 -0.4213
vn -0.8942 -0.1639 -0.4166
vn -0.9017 0.0272 -0.4315
vn 0.8841 -0.0292 -0.4664
vn 0.9585 0.0333 -0.2832
vn -0.7327 0.0968 -0.6736
vn -0.6420 0.3312 -0.6915
vn 0.3099 0.2122 -0.9268
vn -0.1576 0.2463 -0.9563
vn -0.1768 0.2078 -0.9620
vn 0.3095 0.2119 -0.9270
vn 0.6068 -0.4244 -0.6721
vn -0.7998 -0.3965 -0.4508
vn 0.8856 -0.4348 -0.1636
vn -0.9049 -0.3528 -0.2381
vn 0.5285 0.4189 -0.7384
vn -0.7002 -0.2372 -0.6734
vn -0.9373 -0.2223 -0.2683
vn 0.9296 -0.0397 -0.3665
vn -0.7196 0.3777 -0.5827
vn -0.5992 0.6237 -0.5019
vn -0.4206 0.7271 -0.5427
vn -0.7334 -0.2986 -0.6107
vn 0.6399 -0.4940 -0.5887
vn 0.7104 -0.1140 -0.6945
vn 0.4114 -0.8802 -0.2367
vn 0.8264 -0.2185 -0.5190
vn -0.9795 -0.0716 -0.1884
vn 0.9715 -0.0854 -0.2211
vn 0.9464 0.0646 -0.3165
vn 0.8876 -0.1996 -0.4151
vn 0.9124 -0.1433 -0.3833
vn -0.5502 0.1745 -0.8166
vn 0.1384 0.1286 -0.9820
vn 0.4805 0.0962 -0.8717
vn 0.0986 0.1059 -0.9895
vn -0.9034 -0.3050 -0.3014
vn 0.7560 -0.1353 -0.6404
vn -0.9389 -0.2724 -0.2103
vn 0.9811 -0.0592 -0.1841
vn -0.9797 0.0344 -0.1973
vn 0.9930 -0.0868 -0.0798
vn 0.8865 -0.4500 -0.1078
vn -0.7262 0.0188 -0.6873
vn 0.6384 0.2113 -0.7401
vn -0.7262 0.4227 -0.5422
vn -0.4196 0.8597 -0.2913
vn 0.4953 0.7801 -0.3824
vn -0.8022 0.1261 -0.5836
vn 0.7789 -0.3811 -0.4981
vn -0.9303 0.0551 -0.3627
vn 0.8242 0.3630 -0.4347
vn -0.5258 -0.8095 -0.2612
vn -0.7069 -0.5724 -0.4156
vn -0.7783 -0.0498 -0.6259
vn 0.3224 -0.8291 -0.4568
vn -0.9244 -0.1254 -0.3603
vn -0.6336 -0.5411 -0.5530
vn 0.9396 -0.0790 -0.3329
vn 0.9034 0.1320 -0.4079
vn -0.8787 -0.0999 -0.4669
vn -0.9264 -0.1541 -0.3436
vn -0.9552 -0.0369 -0.2938
vn 0.7458 0.0739 -0.6620
vn -0.2871 0.0658 -0.9556
vn -0.1690 0.1022 -0.9803
vn -0.5970 -0.0735 -0.7989
vn -0.7681 -0.3025 -0.5644
vn -0.5390 -0.0551 -0.8405
vn 0.8276 -0.3720 -0.4202
vn -0.9473 -0.2841 -0.1479
vn -0.9187 -0.3561 -0.1707
vn -0.9978 0.0147 -0.0654
vn 0.9909 -0.0004 -0.1343
vn 0.1102 0.9803 -0.1639
vn 0.7655 0.1568 -0.6241
vn 0.6734 0.6745 -0.3026
vn 0.9519 -0.1687 -0.2559
vn 0.7136 -0.5700 -0.4072
vn -0.5648 -0.6637 -0.4904
vn -0.9612 0.0823 -0.2631
vn 0.8588 -0.0332 -0.5112
vn 0.6841 0.0441 -0.7281
vn 0.7587 0.3140 -0.5707
vn -0.7995 0.3102 -0.5143
vn -0.6307 0.0900 -0.7708
vn 0.5286 0.1722 -0.8312
vn 0.6715 0.2143 -0.7094
vn -0.4850 0.0965 -0.8692
vn 0.5000 -0.2099 -0.8402
vn 0.5818 -0.0811 -0.8093
vn -0.8878 -0.3482 -0.3008
vn 0.9374 -0.3147 -0.1490
vn 0.8346 -0.2678 -0.4813
vn -0.1726 0.9850 0.0048
vn -0.6461 0.6729 -0.3602
vn -0.9491 -0.2725 -0.1580
vn 0.4325 0.7709 -0.4676
vn 0.7054 -0.5927 -0.3887
vn 0.8075 -0.4448 -0.3875
vn 0.9408 -0.2495 -0.2294
vn 0.7498 -0.6303 -0.2016
vn -0.8748 -0.4292 -0.2248
vn 0.9549 -0.1422 -0.2605
vn -0.9215 0.0784 -0.3803
vn -0.9998 -0.0217 -0.0046
vn 0.9101 0.2366 -0.3402
vn -0.5416 -0.4639 -0.7011
vn 0.9502 -0.1258 -0.2852
vn 0.9702 0.0071 -0.2420
vn -0.8972 -0.3133 -0.3112
vn -0.9802 -0.1877 -0.0634
vn 0.9384 0.0010 -0.3457
vn -0.8459 0.1805 -0.5018
vn 0.6278 0.5103 -0.5878
vn -0.4000 0.9165 0.0096
vn 0.8432 -0.2774 -0.4605
vn -0.2739 0.8667 -0.4170
vn -0.8825 -0.3816 -0.2749
vn 0.9312 0.0862 -0.3543
vn 0.9894 -0.0846 -0.1176
vn 0.8076 0.0667 -0.5860
vn 0.8481 -0.1853 -0.4964
vn -0.8915 -0.4522 0.0276
vn -0.6264 0.7294 -0.2750
vn 0.9608 0.0474 -0.2730
vn -0.8792 -0.3431 -0.3306
vn -0.5561 -0.8233 -0.1136
vn 0.9774 0.0959 -0.1882
vn -0.9802 0.1185 -0.1584
vn -0.9524 -0.0615 -0.2985
vn 0.7753 0.0197 -0.6313
vn 0.8078 -0.2979 -0.5087
vn -0.6854 -0.7213 -0.0992
vn 0.9119 -0.3822 -0.1493
vn 0.5798 0.8120 -0.0667
vn -0.9256 0.3467 -0.1517
vn 0.9452 0.2053 -0.2539
vn 0.9461 -0.3236 -0.0162
vn -0.9233 -0.2633 -0.2796
vn 0.9637 -0.0478 -0.2627
vn -0.6265 0.6666 -0.4040
vn 0.5919 0.7372 -0.3259
vn 0.1541 0.8817 -0.4459
vn -0.0685 -0.9793 0.1907
vn -0.9950 -0.0700 -0.0713
vn -0.9795 -0.1436 -0.1411
vn -0.9439 -0.0414 -0.3278
vn -0.9107 0.2446 -0.3329
vn -0.8215 -0.1196 -0.5575
vn -0.7574 -0.4405 -0.4819
vn 0.4328 -0.8994 -0.0615
vn -0.9193 -0.0379 -0.3917
vn -0.9953 -0.0416 -0.0869
vn -0.9197 -0.3686 -0.1349
vn -0.6809 0.7290 -0.0704
vn -0.9056 -0.3878 -0.1717
vn 0.9515 -0.1710 -0.2556
vn -0.9819 -0.1348 -0.1334
vn -0.7466 0.5635 -0.3536
vn 0.6721 0.6959 -0.2531
vn 0.3627 -0.9261 0.1042
vn 0.9373 -0.3413 -0.0702
vn 0.9307 -0.3106 -0.1932
vn -0.9647 0.0333 -0.2613
vn 0.9575 0.0577 -0.2827
vn -0.8537 -0.4246 -0.3017
vn -0.9473 -0.1173 -0.2980
vn -0.8361 -0.0244 -0.5481
vn 0.8701 -0.4723 -0.1409
vn 0.8934 -0.0851 -0.4411
vn -0.9740 -0.1284 -0.1864
vn -0.9990 0.0340 -0.0288
vn 0.8915 -0.2746 -0.3604
vn -0.7101 0.6113 -0.3494
vn 0.4562 0.8857 -0.0859
vn 0.3422 0.9151 0.2135
vn 0.7786 0.6219 -0.0843
vn -0.9594 0.2280 -0.1658
vn 0.6077 0.7500 -0.2612
vn -0.2492 -0.9625 0.1067
vn 0.3837 -0.9229 0.0336
vn -0.9699 -0.2014 -0.1370
vn -0.9881 -0.1218 -0.0937
vn -0.9714 -0.1822 -0.1525
vn 0.8710 0.2339 -0.4321
vn 0.9427 -0.0699 -0.3263
vn 0.9354 -0.2892 -0.2034
vn -0.9693 -0.1280 -0.2098
vn -0.9233 -0.0901 -0.3734
vn 0.9993 0.0127 -0.0341
vn 0.7127 -0.6843 -0.1540
vn 0.7020 0.4861 -0.5205
vn 0.9565 -0.2624 -0.1275
vn 0.7738 -0.6222 0.1188
vn 0.9160 -0.2839 -0.2835
vn -0.5548 0.7539 -0.3519
vn -0.8416 -0.5396 0.0241
vn 0.6887 -0.7106 0.1444
vn -0.8412 -0.5406 0.0117
vn 0.8344 -0.5501 0.0326
vn 0.9943 -0.0978 -0.0433
vn 0.9999 0.0112 -0.0041
vn 0.9886 0.1151 -0.0972
vn 0.9896 -0.0713 -0.1248
vn 0.9301 -0.1744 -0.3233
vn 0.9467 -0.3200 -0.0364
vn 0.9343 -0.3550 -0.0320
vn 0.9171 0.1230 -0.3792
vn -0.0574 0.9983 0.0085
vn -0.9785 0.0082 -0.2060
vn -0.7825 -0.6224 -0.0152
vn 0.9497 0.3125 -0.0224
vn 0.1159 0.9208 -0.3724
vn -0.7858 -0.5056 0.3563
vn 0.7541 -0.5301 0.3876
vn 0.9954 -0.0771 0.0570
vn 0.9810 -0.1909 -0.0358
vn -0.9931 -0.1089 0.0432
vn 0.9873 -0.0773 0.1391
vn -0.8489 -0.3385 -0.4060
vn -0.3717 0.9230 0.0997
vn -0.7580 0.1494 -0.6349
vn 0.9788 -0.0044 -0.2049
vn 0.3142 0.8885 -0.3345
vn -0.7896 -0.5494 0.2733
vn 0.9888 -0.1329 0.0686
vn -0.9516 0.1167 -0.2843
vn -0.9833 0.1643 -0.0783
vn -0.9700 0.1529 -0.1891
vn -0.9279 -0.3394 -0.1542
vn -0.9738 -0.1263 -0.1891
vn -0.9330 -0.3531 -0.0688
vn -0.9979 0.0266 0.0594
vn 0.9808 0.1086 0.1618
vn 0.7515 -0.6526 0.0969
vn -0.7477 -0.5984 -0.2878
vn 0.8684 0.4868 0.0945
vn -0.9840 0.1675 -0.0601
vn -0.9146 -0.2346 -0.3293
vn 0.8785 -0.4771 0.0271
vn -0.9872 0.0363 -0.1551
vn 0.9898 0.1410 -0.0184
vn -0.9711 0.1888 0.1459
vn -0.9465 0.0577 0.3175
vn 0.9716 0.2313 0.0496
vn -0.9699 -0.2315 -0.0751
vn 0.9850 -0.0478 -0.1656
vn -0.6730 -0.7394 0.0180
vn -0.2054 0.9105 0.3589
vn 0.0083 0.9189 0.3945
vn -0.7433 0.6392 0.1973
vn 0.8155 0.5340 0.2229
vn 0.8768 0.4474 0.1760
vn -0.6144 -0.7887 0.0205
vn 0.4609 -0.3979 -0.7932
vn -0.4412 -0.1909 -0.8769
vn 0.6195 0.7841 0.0361
vn -0.1343 0.9411 -0.3104
vn 0.7947 -0.6012 0.0833
vn 0.6176 -0.6147 0.4907
vn -0.9972 -0.0596 -0.0448
vn -0.9234 -0.1841 0.3368
vn 0.0013 0.9775 0.2110
vn 0.2664 0.9513 0.1550
vn 0.9424 -0.3082 -0.1298
vn 0.4470 -0.1761 -0.8770
vn 0.6280 -0.5635 -0.5368
vn -0.2281 -0.3179 -0.9203
vn -0.2593 0.3480 -0.9009
vn -0.7791 -0.2284 -0.5838
vn 0.2692 0.3756 -0.8868
vn -0.9725 0.2293 -0.0400
vn -0.9957 -0.0824 0.0430
vn -0.9681 -0.1305 0.2138
vn 0.9180 -0.3922 0.0593
vn 0.9765 -0.2120 0.0400
vn -0.9911 -0.1197 0.0588
vn -0.9960 0.0007 0.0898
vn 0.9985 -0.0494 0.0241
vn -0.9933 -0.1081 0.0416
vn 0.9790 0.1293 -0.1576
vn 0.9376 -0.3477 0.0051
vn -0.7949 0.5809 0.1753
vn -0.4561 -0.5923 -0.6642
vn -0.8920 -0.3488 0.2874
vn -0.0064 -0.4180 -0.9084
vn -0.2883 0.0483 -0.9563
vn -0.3750 -0.3856 -0.8430
vn 0.3270 -0.7436 -0.5831
vn 0.0355 0.6338 -0.7727
vn 0.2309 0.2772 -0.9327
vn 0.4722 0.2550 -0.8438
vn -0.7657 -0.5342 0.3582
vn 0.9157 -0.2744 0.2936
vn 0.9673 0.1629 -0.1943
vn -0.8335 -0.5395 0.1198
vn 0.9732 -0.1076 0.2033
vn -0.9886 0.1396 0.0564
vn 0.9692 -0.0746 0.2346
vn 0.9394 -0.2821 -0.1946
vn -0.9481 0.1190 -0.2947
vn -0.9327 0.3141 -0.1771
vn 0.9667 0.2029 0.1561
vn 0.9995 0.0104 0.0293
vn 0.8625 -0.2714 0.4272
vn -0.7443 -0.6009 0.2914
vn -0.8722 0.0009 -0.4891
vn -0.8831 0.2760 -0.3795
vn 0.8836 0.3923 -0.2556
vn 0.6159 0.7207 -0.3181
vn -0.2635 0.9325 -0.2469
vn -0.3884 0.9183 -0.0771
vn -0.2985 -0.5834 -0.7553
vn 0.2023 -0.5386 -0.8179
vn 0.7093 -0.4909 -0.5059
vn -0.8378 -0.3456 0.4226
vn 0.9306 -0.2866 0.2276
vn -0.9625 0.1285 -0.2390
vn -0.2815 0.2666 -0.9218
vn -0.5763 0.7998 -0.1679
vn 0.9818 0.0178 0.1891
vn -0.9942 -0.1064 -0.0182
vn -0.9863 -0.1571 -0.0502
vn -0.9952 -0.0933 -0.0300
vn 0.0190 0.9351 0.3539
vn -0.6008 -0.6394 -0.4798
vn -0.6134 0.7443 -0.2642
vn 0.1369 0.9578 -0.2528
vn 0.8043 -0.4744 0.3579
vn 0.2452 -0.7861 0.5674
vn 0.6558 -0.4452 0.6097
vn -0.4780 -0.6271 0.6151
vn -0.9292 0.0362 0.3679
vn 0.9094 0.2218 0.3518
vn -0.9848 0.0324 0.1707
vn 0.9784 0.0647 0.1966
vn -0.9931 0.1162 0.0179
vn 0.9941 -0.1075 0.0164
vn 0.9885 -0.1008 0.1130
vn 0.9063 0.4195 -0.0506
vn -0.8611 0.4655 -0.2044
vn -0.7313 -0.6813 0.0328
vn -0.9628 0.0330 -0.2682
vn -0.9988 -0.0315 -0.0388
vn -0.3930 -0.7123 0.5815
vn -0.9561 -0.2903 0.0390
vn -0.9939 0.1100 -0.0045
vn 0.9779 0.0937 0.1871
vn -0.9464 -0.1103 0.3036
vn 0.9230 -0.1350 0.3603
vn 0.9049 0.0627 0.4209
vn 0.8936 -0.0207 0.4483
vn -0.9653 -0.2533 0.0629
vn 0.9326 -0.3462 0.1018
vn -0.9591 -0.2678 0.0915
vn 0.3122 0.8208 0.4783
vn 0.5225 -0.8516 -0.0406
vn -0.9677 -0.1089 0.2273
vn 0.5453 -0.2322 0.8054
vn -0.7251 0.0833 0.6836
vn 0.8410 0.5407 -0.0205
vn 0.7511 0.6562 0.0726
vn 0.4068 0.9048 -0.1258
vn 0.2870 -0.6864 0.6682
vn -0.9441 0.0172 0.3293
vn -0.8958 -0.1657 0.4124
vn -0.8636 -0.0266 0.5034
vn -0.9664 -0.2476 0.0691
vn 0.9325 -0.3608 0.0165
vn -0.9793 -0.0462 0.1971
vn -0.5374 0.8430 -0.0220
vn 0.4189 0.9079 -0.0176
vn -0.4307 0.7796 0.4547
vn -0.1497 0.8743 0.4617
vn -0.0173 0.7867 0.6171
vn 0.2736 0.8539 0.4427
vn 0.7900 0.4080 0.4576
vn -0.9779 -0.0091 0.2090
vn 0.8589 0.2919 0.4208
vn -0.5570 -0.4091 0.7228
vn 0.6470 -0.2406 0.7235
vn 0.8938 0.1437 0.4249
vn 0.9421 -0.1141 0.3152
vn -0.5797 -0.5021 0.6417
vn 0.8894 -0.1997 0.4111
vn -0.9627 -0.2180 0.1605
vn -0.8340 0.1168 0.5392
vn -0.9689 -0.1195 0.2168
vn -0.9705 0.0660 0.2318
vn -0.9592 0.0403 0.2799
vn -0.4379 -0.8976 -0.0507
vn -0.8103 0.4530 -0.3718
vn -0.4568 0.8894 0.0158
vn -0.1133 0.8628 0.4926
vn 0.9906 0.0154 0.1362
vn -0.7705 0.4717 0.4287
vn 0.9571 0.0754 0.2799
vn 0.7888 -0.6051 -0.1079
vn -0.7951 -0.0944 0.5990
vn 0.8986 -0.1112 0.4244
vn 0.7093 -0.4649 0.5299
vn -0.9763 -0.0353 0.2134
vn -0.1867 0.9691 -0.1615
vn 0.1751 -0.7244 0.6668
vn 0.9325 -0.3438 0.1111
vn -0.9764 -0.1062 0.1879
vn 0.9716 -0.1188 0.2046
vn 0.8342 0.1308 0.5358
vn -0.9344 -0.3113 0.1730
vn 0.8870 -0.3766 0.2673
vn 0.5327 -0.8102 0.2445
vn -0.8180 -0.5626 -0.1199
vn -0.8530 0.0047 0.5220
vn -0.5978 0.7766 -0.1987
vn -0.6316 -0.4966 0.5954
vn 0.9203 -0.0297 0.3901
vn -0.9611 0.0090 0.2760
vn 0.9716 -0.1536 0.1800
vn -0.9374 -0.3289 0.1144
vn -0.9942 0.0981 -0.0445
vn 0.9500 0.3121 -0.0125
vn 0.9836 -0.0282 0.1780
vn 0.9444 -0.0882 0.3168
vn 0.8267 0.4594 0.3247
vn 0.9625 0.1363 0.2347
vn -0.8737 0.3048 0.3791
vn -0.6562 -0.1688 0.7355
vn -0.9540 -0.1315 0.2694
vn -0.6167 0.7427 -0.2610
vn -0.5693 -0.5037 0.6498
vn -0.8706 -0.1938 0.4521
vn 0.6456 0.0298 0.7631
vn 0.9871 -0.0786 0.1395
vn -0.0595 0.9920 0.1116
vn 0.2795 0.8162 0.5057
vn -0.0904 0.9642 0.2495
vn 0.2371 0.6856 0.6883
vn -0.2894 0.7623 0.5789
vn -0.6552 0.5665 0.4998
vn -0.9562 -0.2666 0.1211
vn 0.9580 0.0974 0.2696
vn -0.9362 -0.1425 0.3213
vn -0.9058 -0.2007 0.3731
vn -0.9163 0.3999 -0.0221
vn 0.4696 0.8287 0.3044
vn 0.2904 0.9552 0.0577
vn -0.1874 0.9813 -0.0432
vn 0.6887 -0.4397 0.5765
vn 0.8770 -0.1989 0.4374
vn -0.8544 0.1686 0.4915
vn 0.8724 -0.1067 0.4770
vn -0.9178 -0.1497 0.3677
vn 0.9051 -0.2067 0.3715
vn 0.9034 -0.0432 0.4265
vn -0.9503 -0.1442 0.2760
vn 0.6125 0.7751 -0.1553
vn 0.7747 -0.1595 0.6119
vn 0.9821 -0.0976 0.1608
vn -0.9335 -0.1528 0.3244
vn 0.0409 -0.9748 0.2192
vn 0.3650 -0.6376 0.6784
vn -0.9799 -0.1929 -0.0509
vn -0.8662 -0.1698 0.4699
vn 0.9162 0.3208 0.2403
vn 0.9471 -0.3004 0.1131
vn -0.9354 -0.3535 -0.0110
vn -0.3502 -0.9311 0.1021
vn -0.9602 -0.1411 0.2411
vn -0.9822 0.1816 -0.0472
vn 0.9205 -0.2530 0.2978
vn -0.0997 0.9680 0.2304
vn 0.3117 0.9469 0.0794
vn 0.1978 0.6828 0.7033
vn 0.8835 -0.4671 0.0343
vn 0.8399 -0.4891 0.2354
vn 0.6147 -0.5914 0.5219
vn -0.7973 0.2887 0.5301
vn -0.7985 -0.1214 0.5896
vn -0.6483 -0.2442 0.7211
vn -0.9540 -0.1652 0.2502
vn 0.9328 -0.1241 0.3385
vn 0.9567 -0.1360 0.2572
vn -0.9513 -0.0929 0.2940
vn -0.9784 -0.0795 0.1908
vn 0.9557 -0.1896 0.2252
vn 0.2206 -0.9664 0.1318
vn -0.8269 0.2574 -0.5000
vn 0.2627 0.9038 0.3379
vn -0.0817 0.7541 0.6517
vn 0.6751 0.6465 0.3554
vn 0.5133 -0.5703 0.6413
vn 0.8637 -0.4171 0.2830
vn 0.7622 -0.2104 0.6122
vn -0.8174 0.2037 0.5388
vn -0.6560 0.1176 0.7455
vn -0.9150 -0.0020 0.4034
vn 0.9409 -0.2654 0.2104
vn 0.8807 -0.2938 0.3717
vn 0.9077 -0.0087 0.4196
vn -0.3598 -0.8638 0.3527
vn 0.8567 -0.0354 -0.5146
vn -0.3030 0.8100 0.5021
vn -0.3337 0.6647 0.6685
vn 0.1409 0.7166 0.6831
vn -0.1773 0.6686 0.7222
vn -0.7603 0.4293 0.4875
vn 0.8237 0.3223 0.4666
vn 0.9702 -0.2094 0.1220
vn 0.8712 0.3423 0.3518
vn 0.2477 0.7594 0.6016
vn 0.6902 0.6097 0.3897
vn -0.5564 -0.8308 0.0166
vn -0.5053 -0.5993 0.6209
vn -0.8974 -0.0061 0.4411
vn -0.8241 -0.1090 0.5559
vn 0.7595 0.1567 0.6314
vn -0.8156 0.1068 0.5687
vn -0.5346 -0.0333 0.8445
vn -0.8260 -0.0745 0.5587
vn 0.5932 -0.8038 0.0451
vn -0.8800 -0.2954 0.3720
vn -0.8512 -0.0050 0.5248
vn 0.7992 -0.0745 0.5965
vn -0.1574 -0.8617 0.4825
vn -0.0716 -0.9804 0.1834
vn 0.8086 0.1851 0.5585
vn 0.6631 -0.7099 -0.2376
vn -0.9635 0.1737 0.2037
vn 0.9545 0.2562 0.1527
vn 0.7234 0.1696 0.6693
vn 0.7932 0.0012 0.6089
vn 0.5331 0.2029 0.8214
vn -0.6896 -0.2375 0.6841
vn 0.5846 -0.1412 0.7989
vn 0.8366 0.1152 0.5355
vn -0.9674 -0.2254 0.1151
vn 0.9279 0.0624 0.3676
vn -0.7001 -0.4076 0.5863
vn -0.0433 0.6978 0.7150
vn 0.8140 -0.5696 0.1138
vn 0.9646 -0.2232 0.1407
vn -0.9642 -0.2627 0.0348
vn 0.7876 0.6160 -0.0121
vn -0.8303 -0.1300 0.5420
vn -0.8628 0.4987 0.0828
vn -0.9508 0.0698 -0.3017
vn 0.6115 -0.1565 0.7756
vn 0.8455 0.0364 0.5327
vn -0.6101 -0.1629 0.7754
vn 0.6365 0.1600 0.7545
vn 0.6102 -0.0695 0.7892
vn 0.7521 -0.2011 0.6276
vn 0.9322 0.0432 0.3594
vn -0.9544 0.0339 0.2967
vn -0.9595 -0.0480 0.2777
vn -0.0096 -0.6787 0.7343
vn 0.7253 -0.5878 -0.3583
vn 0.5878 0.8048 -0.0824
vn -0.1539 0.9853 0.0749
vn 0.3210 0.5702 0.7562
vn -0.3121 0.5682 0.7614
vn -0.8343 0.5242 -0.1708
vn 0.2342 -0.2229 0.9463
vn -0.4612 0.1023 0.8814
vn 0.8744 0.4330 0.2189
vn -0.9920 -0.0602 0.1111
vn -0.2584 -0.5757 0.7758
vn -0.6544 0.4477 0.6093
vn -0.8709 -0.4907 -0.0272
vn -0.8390 -0.1042 0.5341
vn -0.3777 0.9125 0.1572
vn 0.9385 -0.3422 -0.0452
vn 0.9383 0.1944 0.2861
vn -0.6444 -0.1632 0.7471
vn 0.5599 -0.0009 0.8285
vn -0.4396 0.0468 0.8970
vn -0.4007 0.1236 0.9079
vn 0.4644 -0.0758 0.8824
vn -0.6648 -0.0818 0.7425
vn 0.8580 0.2296 0.4595
vn -0.1779 -0.6721 0.7188
vn 0.1309 -0.5289 0.8385
vn -0.9473 -0.3200 0.0125
vn 0.1782 0.4871 0.8550
vn 0.0688 0.5834 0.8093
vn 0.5991 0.5207 0.6082
vn 0.4275 0.4943 0.7569
vn -0.6537 0.7355 0.1781
vn -0.5636 -0.8043 -0.1882
vn -0.9011 0.2779 0.3330
vn 0.5809 -0.0080 0.8140
vn 0.4686 0.0524 0.8819
vn -0.4842 0.1313 0.8651
vn -0.7696 -0.1821 0.6120
vn -0.8602 -0.0897 0.5020
vn 0.8216 -0.1569 0.5481
vn -0.8750 0.0653 0.4797
vn -0.9469 0.3215 -0.0001
vn 0.8585 -0.1068 0.5015
vn 0.4524 -0.8815 -0.1354
vn 0.4811 0.7968 -0.3657
vn -0.9201 0.3827 -0.0832
vn 0.5227 0.6767 0.5185
vn -0.2336 0.5354 0.8116
vn 0.0938 -0.4689 0.8783
vn -0.8586 -0.3057 0.4116
vn 0.9882 -0.1386 0.0658
vn -0.7505 0.6526 0.1040
vn -0.7701 0.0735 0.6337
vn 0.6208 -0.0358 0.7831
vn 0.4165 -0.0648 0.9068
vn -0.4629 -0.1155 0.8789
vn -0.3364 -0.4717 0.8150
vn 0.2265 -0.8126 0.5370
vn 0.3469 -0.4661 0.8139
vn -0.9298 -0.0145 0.3677
vn 0.9950 -0.0889 -0.0461
vn -0.4570 0.1074 0.8830
vn -0.5051 0.1824 0.8436
vn 0.4580 0.1774 0.8711
vn -0.0573 -0.0198 0.9982
vn -0.6705 -0.1362 0.7293
vn -0.8480 0.2295 0.4777
vn 0.9661 0.2440 0.0841
vn -0.8699 -0.1252 0.4771
vn -0.6874 -0.1541 0.7098
vn -0.7950 -0.4334 -0.4243
vn -0.1876 0.5669 0.8022
vn -0.0071 0.9913 0.1314
vn -0.1780 -0.6723 0.7186
vn 0.6020 0.5477 -0.5810
vn -0.9473 -0.3202 0.0122
vn -0.9452 -0.1637 0.2824
vn 0.3509 -0.0295 0.9359
vn 0.0120 -0.7701 0.6378
vn -0.5686 -0.5814 0.5819
vn -0.1878 0.9546 0.2311
vn -0.1637 0.6628 0.7307
vn 0.1971 0.7056 0.6806
vn 0.3963 0.6329 0.6651
vn -0.9426 -0.2946 0.1574
vn -0.3420 -0.3571 0.8692
vn 0.1007 0.9616 0.2552
vn -0.9628 0.1191 -0.2425
vn 0.9404 0.1016 -0.3244
vn 0.9899 0.0810 0.1163
vn 0.8441 -0.1512 0.5144
vn -0.7134 -0.1048 0.6929
vn -0.5033 -0.0850 0.8599
vn 0.4400 -0.0962 0.8928
vn 0.6276 0.0846 0.7739
vn -0.3962 0.1990 0.8963
vn 0.3524 0.1355 0.9260
vn -0.3843 -0.0489 0.9219
vn -0.6197 -0.3363 0.7091
vn -0.3165 -0.1268 0.9401
vn 0.6634 -0.1174 0.7390
vn 0.8438 0.1038 0.5265
vn 0.1445 -0.7458 0.6503
vn -0.1274 -0.9335 0.3351
vn 0.8401 0.1495 -0.5214
vn 0.1409 0.3251 0.9351
vn -0.7708 0.1728 0.6132
vn 0.2437 -0.2650 0.9329
vn 0.4878 0.3777 0.7870
vn -0.1026 -0.2744 0.9561
vn 0.9221 -0.2030 0.3295
vn 0.6504 0.7579 0.0499
vn -0.9544 0.2669 0.1341
vn 0.6550 0.7392 0.1566
vn -0.9953 -0.0911 0.0340
vn -0.7430 0.2736 0.6107
vn -0.8268 0.0812 0.5566
vn -0.8499 0.1598 0.5022
vn 0.8607 -0.1098 0.4971
vn 0.9604 -0.1923 0.2018
vn 0.5883 0.3763 0.7158
vn 0.9362 0.3515 0.0032
vn 0.9018 0.3600 0.2390
vn 0.9387 -0.3347 -0.0825
vn 0.4303 0.1642 0.8876
vn 0.1021 0.0489 0.9936
vn 0.1844 0.1331 0.9738
vn 0.1836 -0.2061 0.9611
vn -0.3160 -0.2475 0.9159
vn 0.2024 -0.1319 0.9704
vn -0.7312 -0.1201 0.6715
vn -0.7963 -0.3832 0.4681
vn -0.9104 -0.1054 0.4001
vn 0.8749 -0.1058 0.4725
vn -0.8916 0.0018 0.4529
vn 0.7671 -0.1225 0.6297
vn -0.7796 0.0258 0.6258
vn -0.1752 0.4715 0.8643
vn -0.4653 -0.1933 0.8638
vn 0.4920 0.1872 0.8502
vn -0.8283 -0.5095 0.2331
vn -0.3285 -0.7351 0.5930
vn -0.6217 -0.5894 0.5159
vn 0.3773 -0.6298 0.6790
vn 0.4465 -0.5363 0.7162
vn 0.8418 0.2766 0.4635
vn -0.5440 0.4987 0.6748
vn -0.9530 -0.0870 0.2903
vn -0.6463 0.7582 0.0869
vn -0.9905 -0.1350 -0.0259
vn 0.1735 0.0044 0.9848
vn -0.2889 -0.1164 0.9503
vn 0.0320 0.1093 0.9935
vn 0.0406 0.0134 0.9991
vn -0.2310 -0.0405 0.9721
vn -0.2008 0.1150 0.9729
vn 0.0798 0.0496 0.9956
vn 0.8701 -0.2868 0.4008
vn 0.7866 0.0969 0.6098
vn -0.8035 0.0635 0.5919
vn 0.8034 0.0710 0.5912
vn 0.6417 -0.1203 0.7575
vn -0.5718 -0.2571 0.7791
vn 0.6406 -0.2634 0.7212
vn -0.3856 0.7196 0.5775
vn -0.4055 0.5267 0.7471
vn 0.9766 -0.0291 0.2130
vn 0.9770 -0.1942 0.0878
vn -0.1122 0.4303 0.8957
vn -0.1377 0.9807 0.1388
vn -0.5126 0.7611 -0.3974
vn -0.9338 0.3238 0.1519
vn 0.7327 0.3477 0.5850
vn -0.2854 -0.5717 0.7692
vn -0.6522 -0.5682 0.5017
vn 0.3152 -0.1737 0.9330
vn 0.6997 0.0212 0.7142
vn 0.9279 0.2284 0.2947
vn 0.6976 -0.5885 0.4086
vn 0.9896 -0.0645 0.1286
vn -0.8115 -0.3645 0.4568
vn 0.6949 0.7015 0.1580
vn -0.1391 -0.3362 0.9315
vn -0.8985 0.0933 0.4289
vn 0.4483 0.7743 0.4467
vn -0.8540 -0.2191 0.4720
vn 0.9494 -0.1142 0.2924
vn -0.6077 0.7855 0.1172
vn 0.4161 0.5886 0.6931
vn -0.1551 0.0421 0.9870
vn 0.4905 -0.1637 0.8559
vn -0.5411 -0.1208 0.8322
vn 0.7900 0.2966 0.5367
vn 0.3491 -0.7836 0.5139
vn 0.3722 0.3854 0.8443
vn 0.4992 0.7043 0.5048
vn -0.9809 0.1732 0.0885
vn -0.0674 0.9216 0.3822
vn -0.7433 0.5289 0.4096
vn -0.2138 0.5740 0.7904
vn -0.2794 -0.7372 0.6152
vn 0.9462 -0.1804 -0.2686
vn 0.7794 -0.4577 0.4278
vn 0.2129 0.7868 0.5793
vn -0.4586 0.8846 0.0845
vn 0.0861 -0.7823 0.6170
vn -0.6083 -0.3909 0.6908
vn 0.9476 -0.3187 0.0226
vn 0.9469 0.0814 -0.3112
vn -0.8849 0.4545 0.1022
vn -0.8108 -0.3201 -0.4901
vn 0.7392 -0.2912 -0.6073
vn -0.5868 0.2205 0.7791
vn -0.8576 0.4315 0.2799
vn -0.9815 0.1863 0.0446
vn 0.8871 0.3958 0.2377
vn 0.5292 0.3328 0.7805
vn -0.4055 0.5295 0.7451
vn 0.1109 0.6076 0.7865
vn -0.1879 0.1263 0.9740
vn -0.4313 -0.1592 0.8881
vn 0.2277 -0.2051 0.9519
vn 0.7210 0.1151 0.6833
vn -0.7956 -0.2466 0.5533
vn -0.9046 -0.3638 0.2221
vn -0.6877 -0.4428 0.5753
vn -0.7525 -0.2633 0.6037
vn -0.7450 -0.0001 0.6671
vn -0.6773 -0.0385 0.7347
vn -0.8399 0.2570 -0.4780
vn -0.1265 0.7002 0.7026
vn -0.7450 0.6388 0.1924
vn 0.0866 0.3889 0.9172
vn -0.4469 0.7909 -0.4179
vn -0.5363 -0.8354 0.1205
vn 0.5716 -0.7697 -0.2842
vn 0.7069 0.2789 0.6501
vn 0.1327 -0.9317 0.3382
vn -0.5530 -0.1906 0.8111
vn 0.7542 0.6470 0.1123
vn 0.5451 0.6958 0.4676
vn -0.4009 -0.4025 0.8229
vn -0.8265 -0.5203 0.2147
vn 0.5051 0.8518 0.1389
vn 0.0246 0.9982 -0.0552
vn 0.5681 0.4314 0.7009
vn -0.9235 -0.3649 0.1184
vn 0.7838 -0.1885 -0.5917
vn -0.1214 -0.2531 0.9598
vn -0.3171 -0.1679 0.9334
vn 0.6098 -0.1366 0.7807
vn -0.6963 0.0169 0.7175
vn -0.6438 -0.3657 0.6721
vn 0.6368 -0.1229 0.7612
vn 0.6781 -0.4222 0.6016
vn 0.6891 -0.2696 0.6726
vn -0.5396 -0.1263 0.8324
vn -0.7851 -0.6005 0.1517
vn 0.5909 0.0244 0.8064
vn -0.7701 -0.6004 -0.2157
vn -0.5926 0.3925 0.7034
vn -0.7617 0.3161 0.5656
vn -0.3316 -0.4793 0.8126
vn -0.5009 -0.1334 0.8552
vn 0.5488 0.6713 0.4982
vn -0.6721 0.4148 0.6134
vn -0.3197 0.7770 0.5422
vn -0.9199 0.1929 0.3414
vn 0.8225 0.5269 0.2140
vn -0.7727 0.5651 0.2891
vn 0.5694 0.8107 0.1360
vn 0.3941 0.5225 0.7561
vn -0.1439 0.5860 0.7974
vn -0.0232 -0.2354 0.9716
vn -0.4120 -0.2405 0.8789
vn -0.5239 -0.6700 0.5259
vn 0.4606 -0.2521 0.8511
vn -0.5604 -0.2019 0.8032
vn -0.6252 -0.7386 -0.2522
vn -0.4299 -0.3560 0.8297
vn 0.6913 -0.1973 0.6951
vn 0.4318 0.2426 0.8687
vn -0.2636 0.1800 0.9477
vn -0.4816 0.3169 0.8171
vn -0.4589 0.3406 0.8206
vn 0.3559 0.3857 0.8512
vn -0.8793 0.4635 0.1091
vn -0.4203 0.3047 0.8547
vn -0.6397 0.6554 0.4016
vn -0.1917 -0.1734 0.9660
vn 0.0745 0.5165 0.8531
vn 0.5724 0.2281 0.7876
vn 0.9311 0.2954 0.2140
vn -0.6794 0.5810 0.4482
vn 0.3897 0.7412 0.5466
vn -0.0270 0.5725 0.8194
vn 0.5509 -0.2662 0.7910
vn 0.8016 -0.2740 0.5314
vn -0.7290 0.2878 0.6211
vn 0.6721 0.2997 0.6771
vn 0.5678 -0.0503 0.8216
vn 0.6760 -0.0541 0.7349
vn -0.4880 -0.7504 0.4458
vn -0.8818 -0.1626 -0.4427
vn 0.8516 -0.3232 -0.4127
vn 0.5427 0.6447 0.5384
vn -0.5444 0.6420 0.5399
vn 0.9212 0.1752 0.3474
vn 0.1731 0.2900 0.9412
vn -0.2007 -0.9045 0.3763
vn 0.5980 -0.6997 0.3910
vn 0.2272 -0.9736 -0.0228
vn 0.7977 -0.5490 -0.2497
vn -0.1332 -0.9900 -0.0472
vn 0.7803 0.2321 0.5808
vn -0.3269 0.8853 0.3306
vn 0.3789 -0.1147 0.9183
vn 0.9188 -0.2791 0.2792
vn -0.7030 0.4410 0.5580
vn -0.0306 -0.7442 0.6672
vn 0.2093 0.4120 0.8868
vn -0.1045 0.7912 0.6026
vn 0.8692 0.4912 0.0568
vn -0.6159 0.3219 0.7191
vn 0.6647 0.3054 0.6818
vn -0.1789 0.3017 0.9365
vn 0.2373 0.3987 0.8859
vn 0.1742 -0.2494 0.9526
vn 0.2546 -0.1106 0.9607
vn 0.7343 -0.1116 0.6696
vn 0.8007 -0.3349 0.4967
vn -0.6162 0.0182 0.7874
vn 0.3304 -0.3476 0.8775
vn 0.7361 0.5362 0.4131
vn -0.1004 0.5863 0.8038
vn -0.7127 -0.4490 0.5389
vn -0.8306 0.4073 0.3798
vn -0.3804 0.7580 0.5298
vn 0.9884 0.1520 0.0020
vn 0.4692 0.5774 0.6682
vn 0.0553 0.6718 0.7387
vn 0.0818 0.0292 0.9962
vn -0.1648 0.2566 0.9524
vn -0.0011 0.5373 0.8434
vn 0.2662 0.4573 0.8485
vn -0.0305 -0.2164 0.9758
vn 0.3055 -0.1673 0.9374
vn -0.1631 -0.1702 0.9718
vn -0.3893 -0.2338 0.8909
vn -0.6725 0.1690 0.7206
vn -0.3054 -0.9509 -0.0511
vn -0.3929 0.1544 0.9065
vn -0.3730 0.3464 0.8607
vn 0.2220 0.3500 0.9101
vn -0.2237 0.3759 0.8993
vn 0.0440 0.9868 0.1556
vn 0.4440 0.4579 0.7702
vn -0.6258 -0.7780 0.0555
vn -0.2545 -0.2986 0.9198
vn 0.1768 0.1972 0.9643
vn -0.0674 0.7703 0.6341
vn -0.2099 0.6637 0.7179
vn -0.1942 0.7880 0.5842
vn 0.1644 0.6767 0.7177
vn 0.7382 0.6258 0.2520
vn -0.7603 -0.0377 0.6484
vn -0.6705 0.1620 0.7240
vn 0.6857 0.1995 0.7000
vn -0.5816 -0.1343 0.8023
vn 0.1335 -0.9669 0.2175
vn 0.5990 -0.6749 0.4309
vn 0.2787 0.1893 0.9415
vn -0.3928 0.5087 0.7662
vn 0.3585 0.7692 0.5289
vn -0.4061 0.6496 0.6428
vn 0.2966 0.2715 0.9156
vn -0.6893 0.6188 0.3769
vn 0.5497 0.6198 -0.5601
vn 0.2613 -0.5183 0.8143
vn -0.6550 0.6257 0.4237
vn -0.1680 -0.8917 0.4203
vn 0.3270 -0.8226 0.4652
vn -0.0570 -0.5539 0.8306
vn -0.2197 -0.1181 0.9684
vn 0.2547 0.1997 0.9462
vn -0.0541 0.4018 0.9141
vn 0.0573 0.5630 0.8245
vn 0.5629 -0.8194 -0.1082
vn -0.4189 0.7026 0.5753
vn 0.0368 0.7752 0.6306
vn 0.3176 0.7720 0.5507
vn -0.5160 -0.1063 0.8500
vn 0.7258 0.1613 0.6687
vn -0.1492 0.0511 0.9875
vn -0.3964 -0.2573 0.8813
vn -0.0699 0.9647 -0.2538
vn -0.3885 0.8475 0.3616
vn 0.3960 0.1164 0.9109
vn 0.1654 0.7147 0.6796
vn 0.2623 0.1546 0.9525
vn -0.7467 0.4906 0.4492
vn -0.5146 0.5639 0.6459
vn 0.5513 0.6376 0.5381
vn -0.4071 0.6236 0.6673
vn 0.1065 -0.1888 0.9762
vn -0.1311 -0.1296 0.9829
vn 0.4725 -0.0458 0.8802
vn -0.3485 -0.1324 0.9279
vn 0.4568 -0.0532 0.8880
vn -0.4771 -0.5363 0.6963
vn 0.4837 -0.2155 0.8483
vn -0.4969 -0.5232 0.6924
vn 0.5576 -0.4304 0.7098
vn -0.6697 -0.3264 0.6671
vn 0.2888 0.1425 0.9467
vn 0.3715 0.1451 0.9170
vn -0.4603 -0.4650 0.7562
vn 0.4790 -0.5136 0.7118
vn 0.5651 0.1745 0.8064
vn 0.6803 0.0155 0.7328
vn -0.6915 0.0677 0.7192
vn 0.3738 -0.0646 0.9253
vn -0.3727 0.5377 0.7563
vn 0.0198 0.7172 0.6966
vn 0.0933 0.4983 0.8620
vn 0.4104 0.6042 0.6830
vn -0.5650 -0.5227 0.6384
vn -0.1330 0.6370 0.7593
vn 0.9908 0.1087 -0.0801
vn -0.9831 0.1631 0.0833
vn -0.2519 0.7270 0.6388
vn 0.2444 0.6539 0.7160
vn 0.1897 -0.2023 0.9608
vn -0.2036 -0.2138 0.9554
vn -0.5285 0.2615 0.8077
vn -0.2273 -0.9285 0.2938
vn -0.1439 0.4387 0.8870
vn 0.1711 0.4523 0.8753
vn -0.7406 -0.2579 0.6205
vn 0.8506 -0.0992 0.5164
vn -0.9045 0.1272 0.4069
vn 0.8295 0.3309 0.4500
vn -0.9725 -0.2307 -0.0316
vn 0.6245 0.6357 0.4539
vn -0.1652 0.7356 0.6570
vn 0.0668 0.7104 0.7006
vn 0.2922 -0.0266 0.9560
vn 0.5114 0.1757 0.8412
vn 0.5796 -0.1671 0.7976
vn 0.4047 0.0921 0.9098
vn 0.2572 0.9103 -0.3243
vn 0.0235 0.9571 -0.2888
vn 0.1510 0.9567 0.2490
vn -0.0091 -0.4056 0.9140
vn 0.5260 0.4446 0.7250
vn -0.2587 0.9403 0.2211
vn -0.2816 0.3568 0.8907
vn 0.5203 0.4049 0.7519
vn 0.1056 0.7937 0.5990
vn -0.4799 -0.2798 0.8315
vn -0.4173 -0.4699 0.7778
vn 0.3246 -0.0365 0.9452
vn -0.4135 -0.1445 0.8990
vn -0.4746 0.1567 0.8661
vn -0.3475 -0.7439 0.5708
vn 0.2748 -0.5583 0.7828
vn 0.3631 -0.7243 0.5861
vn -0.5886 -0.1933 0.7850
vn -0.7625 0.6386 0.1038
vn 0.5790 0.7344 0.3540
vn -0.9258 0.2018 0.3197
vn 0.3739 0.0473 0.9263
vn 0.9259 -0.3014 0.2279
vn 0.8566 -0.4750 -0.2017
vn 0.4945 0.8481 0.1901
vn 0.3632 0.7627 0.5352
vn -0.4981 0.4472 0.7429
vn 0.3214 -0.4738 0.8199
vn 0.3742 -0.3487 0.8593
vn -0.3402 -0.1269 0.9317
vn 0.6026 -0.2155 0.7684
vn 0.5625 0.2547 0.7866
vn -0.4068 0.1104 0.9068
vn -0.8106 -0.5235 -0.2626
vn -0.1164 0.4633 0.8785
vn 0.6189 -0.2051 0.7582
vn -0.8168 0.3301 0.4732
vn -0.2662 -0.9571 0.1147
vn -0.4206 0.8532 0.3084
vn -0.0827 0.8609 0.5020
vn 0.0730 -0.1698 0.9828
vn -0.3765 0.0006 0.9264
vn 0.0127 -0.0411 0.9991
vn -0.1379 -0.4003 0.9059
vn -0.1390 0.8589 0.4929
vn -0.4566 -0.6054 0.6519
vn 0.4588 -0.6251 0.6315
vn -0.6529 0.2891 0.7001
vn -0.6790 -0.7231 0.1268
vn 0.2409 -0.1582 0.9576
vn -0.0654 0.0635 0.9958
vn -0.0095 -0.2846 0.9586
vn 0.0972 -0.4002 0.9113
vn 0.1753 -0.7818 0.5984
vn -0.6041 -0.0183 0.7967
vn 0.9466 0.0442 0.3194
vn 0.5195 0.7770 0.3556
vn -0.4911 -0.2834 0.8237
vn -0.3149 0.8525 0.4171
vn -0.5281 0.1497 0.8359
vn 0.3878 0.2874 0.8758
vn 0.4597 -0.0737 0.8850
vn -0.8791 -0.1666 -0.4465
vn -0.9576 0.1779 0.2268
vn -0.7054 0.5927 0.3888
vn 0.2756 0.7866 0.5525
vn -0.4540 0.5497 0.7012
vn -0.2837 0.8724 0.3980
vn -0.1546 0.0325 0.9874
vn -0.1288 0.1802 0.9752
vn 0.1248 -0.0110 0.9921
vn -0.1974 0.1046 0.9747
vn 0.0725 -0.1210 0.9900
vn 0.3627 -0.3841 0.8491
vn -0.1081 -0.5657 0.8175
vn -0.3953 -0.0507 0.9171
vn -0.1623 -0.4614 0.8722
vn 0.1374 -0.5520 0.8225
vn 0.3199 -0.0821 0.9439
vn -0.4989 0.2299 0.8356
vn 0.2401 -0.9677 0.0773
vn 0.2854 -0.8932 0.3475
vn 0.1651 0.3274 0.9304
vn -0.2064 0.3896 0.8975
vn -0.2434 -0.2026 0.9485
vn -0.3746 0.2073 0.9037
vn -0.1352 -0.2202 0.9660
vn -0.3728 0.0463 0.9268
vn 0.1299 -0.3119 0.9412
vn -0.2747 -0.6546 0.7043
vn -0.2757 -0.0521 0.9598
vn -0.0147 -0.5109 0.8595
vn 0.2998 -0.1883 0.9352
vn 0.3082 -0.3430 0.8873
vn 0.3280 0.6393 0.6954
vn 0.6070 -0.5264 -0.5954
vn -0.4768 0.0496 0.8776
vn 0.4132 0.8429 -0.3447
vn -0.6909 0.7148 -0.1086
vn 0.5505 -0.8231 0.1397
vn 0.9741 0.1330 0.1828
vn -0.9614 0.2368 0.1398
vn 0.2533 0.9029 0.3473
vn 0.0282 -0.1097 0.9936
vn -0.2044 -0.2791 0.9383
vn -0.1161 -0.1400 0.9833
vn -0.3284 -0.1590 0.9311
vn 0.2024 -0.2995 0.9324
vn -0.0857 -0.8689 0.4875
vn -0.2958 0.4420 0.8469
vn -0.9192 -0.1884 0.3458
vn 0.9378 -0.2362 -0.2544
vn 0.2637 0.0954 0.9599
vn 0.1886 -0.1951 0.9625
vn -0.4017 -0.2791 0.8722
vn 0.3335 -0.4246 0.8417
vn -0.0840 -0.4653 0.8812
vn -0.0726 -0.4972 0.8646
vn 0.3331 0.1931 0.9229
vn -0.1365 0.1056 0.9850
vn -0.5117 -0.6109 0.6042
vn 0.3605 -0.1728 0.9166
vn 0.0304 0.6073 0.7939
vn 0.9425 -0.2505 0.2215
vn 0.2218 -0.2858 0.9323
vn 0.4335 0.2548 0.8644
vn 0.5148 0.0793 0.8537
vn -0.1647 -0.9767 0.1377
vn -0.5576 -0.8297 -0.0259
vn 0.7416 -0.6480 -0.1736
vn -0.5625 -0.7137 0.4174
vn -0.0925 0.7744 -0.6259
vn 0.0267 -0.7307 0.6822
vn -0.0912 -0.8699 0.4847
vn 0.4308 0.1630 0.8876
vn 0.3971 0.1179 0.9102
vn 0.2241 -0.0638 0.9725
vn -0.9443 0.2993 -0.1371
vn -0.2351 0.9023 -0.3614
vn 0.0944 0.2530 0.9629
vn -0.3854 0.6576 0.6473
vn -0.2420 -0.1061 0.9645
vn 0.4036 0.5679 0.7174
vn 0.2004 -0.0091 0.9797
vn 0.8631 0.1560 0.4804
vn -0.9024 0.1056 0.4178
vn -0.3667 -0.8477 0.3834
vn 0.4821 -0.8270 0.2890
vn 0.5237 -0.5508 -0.6499
vn -0.5759 -0.3972 -0.7145
vn -0.1672 0.9086 -0.3827
vn 0.8287 -0.5048 -0.2416
vn 0.3301 -0.8915 0.3102
vn 0.0743 -0.1514 0.9857
vn 0.2513 -0.3487 0.9029
vn 0.1313 -0.0803 0.9881
vn 0.2552 0.0523 0.9655
vn -0.4155 -0.0129 0.9095
vn -0.0485 0.1513 0.9873
vn -0.0694 -0.6286 0.7747
vn -0.4522 -0.2664 0.8512
vn 0.4563 -0.1977 0.8676
vn -0.3274 0.1526 0.9325
vn -0.5646 0.0278 0.8249
vn 0.6579 0.4382 -0.6125
vn -0.7984 0.5520 0.2406
vn 0.2832 0.8088 -0.5154
vn -0.3831 -0.3092 0.8704
vn 0.3441 -0.3180 0.8834
vn -0.1050 -0.5169 0.8496
vn -0.4613 -0.5102 0.7258
vn -0.4871 -0.8227 0.2931
vn -0.8671 -0.4816 0.1273
vn -0.0970 0.9952 0.0099
vn 0.6651 -0.3434 0.6631
vn -0.2006 0.2920 0.9351
vn 0.1812 0.9457 0.2699
vn 0.5440 0.4641 0.6990
vn -0.6165 0.5005 0.6078
vn -0.8311 0.2346 0.5042
vn -0.9080 -0.4073 -0.0987
vn -0.7441 -0.5150 -0.4254
vn 0.9269 -0.3753 0.0069
vn -0.2410 -0.9629 -0.1218
vn 0.2321 -0.3839 -0.8937
vn -0.1058 0.9465 0.3047
vn -0.0839 0.8008 0.5930
vn -0.0568 0.0047 0.9984
vn 0.0232 0.6623 0.7489
vn 0.1131 0.1752 0.9780
vn 0.0681 0.6577 0.7502
vn 0.4648 0.7894 0.4010
vn 0.0424 0.9863 0.1596
vn 0.4149 0.8536 0.3150
vn 0.1218 -0.3736 0.9196
vn 0.2936 -0.0405 0.9551
vn -0.2310 -0.0177 0.9728
vn -0.4050 -0.4046 0.8199
vn 0.3775 0.1517 0.9135
vn -0.4727 -0.0830 0.8773
vn 0.5013 -0.0417 0.8643
vn 0.0729 0.1789 0.9812
vn 0.8415 0.4547 0.2918
vn -0.2228 0.8164 -0.5328
vn 0.0166 0.9876 -0.1563
vn 0.4259 0.0929 0.9000
vn -0.1899 0.2270 0.9552
vn -0.0212 0.0984 0.9949
vn -0.2316 -0.3357 0.9130
vn -0.4702 -0.6491 0.5980
vn 0.5259 -0.6000 0.6029
vn 0.2544 -0.4695 0.8455
vn 0.0748 -0.3544 0.9321
vn -0.0956 0.1620 0.9821
vn 0.7824 0.2087 0.5867
vn -0.8075 -0.0162 0.5897
vn -0.0766 -0.8268 0.5573
vn 0.2533 -0.9447 0.2084
vn 0.1547 -0.1835 0.9708
vn 0.0439 0.8698 0.4914
vn 0.0743 0.9036 0.4219
vn 0.0183 0.3504 0.9364
vn -0.8956 -0.3951 0.2046
vn 0.9318 0.3039 0.1984
vn -0.7029 0.6869 0.1845
vn -0.3657 -0.1732 0.9145
vn -0.0933 0.0167 0.9955
vn -0.4000 0.1391 0.9059
vn 0.0301 0.3545 0.9346
vn -0.9454 -0.1768 -0.2738
vn 0.8869 0.2675 -0.3767
vn -0.0684 0.9028 -0.4245
vn 0.0239 0.1948 0.9806
vn 0.8022 -0.1272 0.5833
vn -0.4030 -0.0078 0.9152
vn 0.3993 0.5433 0.7384
vn -0.0562 0.3785 0.9239
vn -0.0173 0.1350 0.9907
vn 0.6582 0.6853 0.3116
vn 0.7626 0.5784 0.2897
vn -0.1207 -0.7684 0.6285
vn 0.3568 -0.1547 0.9213
vn 0.7655 -0.4626 0.4473
vn 0.3063 0.9495 -0.0676
vn -0.2859 0.9580 0.0207
vn 0.1667 -0.3242 0.9312
vn 0.1861 -0.4835 0.8553
vn -0.2570 -0.4811 0.8381
vn -0.5584 0.2634 0.7867
vn 0.5879 0.1400 0.7967
vn -0.3108 0.8783 0.3634
vn -0.2571 -0.3981 0.8806
vn 0.3038 -0.5400 0.7849
vn 0.3150 -0.2430 0.9175
vn 0.5607 0.6990 -0.4438
vn 0.0475 -0.9518 0.3030
vn 0.5117 -0.8310 0.2182
vn -0.2156 0.3172 0.9235
vn 0.3043 0.1189 0.9451
vn -0.2149 0.1980 0.9564
vn -0.4176 0.2509 0.8733
vn -0.9058 0.2378 -0.3508
vn -0.5446 0.8062 0.2314
vn 0.4990 0.8512 -0.1627
vn -0.2118 -0.9416 0.2619
vn 0.6378 0.2657 0.7229
vn 0.1209 0.5688 0.8135
vn -0.1000 -0.3475 0.9323
vn 0.2400 0.1200 0.9633
vn -0.2139 0.2757 0.9371
vn 0.0597 -0.9491 0.3094
vn -0.5991 0.7871 -0.1467
vn 0.1824 -0.6017 0.7776
vn -0.5199 -0.2237 0.8244
vn -0.5197 0.7890 0.3276
vn -0.5388 -0.2054 0.8170
vn -0.2104 0.0748 0.9748
vn 0.5036 0.0725 0.8609
vn 0.3166 0.0326 0.9480
vn -0.3301 0.0481 0.9427
vn 0.6152 -0.7846 0.0772
vn 0.4698 0.7396 -0.4820
vn 0.6455 -0.2354 0.7266
vn -0.7617 -0.4467 0.4694
vn 0.6462 -0.5799 0.4962
vn -0.3926 -0.4721 0.7893
vn -0.0862 0.9152 0.3937
vn -0.3470 -0.3340 0.8764
vn 0.2638 -0.1988 0.9439
vn -0.4706 -0.1487 0.8697
vn -0.5659 0.0546 0.8227
vn -0.5943 -0.0758 0.8007
vn 0.4551 -0.0601 0.8884
vn -0.2949 0.1138 0.9487
vn -0.6788 0.6009 -0.4221
vn 0.1312 0.1553 0.9791
vn 0.9009 0.2012 0.3845
vn -0.8179 0.2852 0.4997
vn 0.3260 -0.1033 0.9397
vn -0.3280 -0.1251 0.9364
vn -0.7795 -0.6264 -0.0042
vn -0.1386 0.9089 -0.3933
vn 0.1397 -0.5320 0.8351
vn -0.6986 -0.5346 0.4755
vn -0.5270 -0.0997 0.8440
vn 0.3655 -0.0841 0.9270
vn -0.5200 -0.2615 0.8131
vn 0.3980 -0.1100 0.9108
vn -0.1025 0.2146 0.9713
vn -0.3046 -0.0924 0.9480
vn 0.1136 -0.0540 0.9921
vn -0.3346 -0.9045 0.2644
vn 0.8585 -0.5128 -0.0083
vn -0.8174 0.2536 0.5173
vn -0.6063 0.4911 0.6255
vn 0.0523 0.0467 0.9975
vn -0.1884 0.0907 0.9779
vn 0.9658 0.1609 0.2032
vn -0.9691 -0.0783 0.2337
vn 0.9842 -0.0047 -0.1770
vn 0.8674 0.3516 -0.3522
vn -0.1914 0.7146 -0.6728
vn 0.8361 0.2287 0.4986
vn 0.7126 0.4287 0.5553
vn -0.2368 0.0339 0.9710
vn -0.8257 -0.4305 0.3646
vn -0.9895 -0.0612 -0.1307
vn 0.0902 0.8574 0.5067
vn 0.3570 -0.8800 0.3132
vn -0.9241 -0.3815 0.0228
vn 0.4782 0.7821 -0.3994
vn -0.3799 -0.4593 0.8030
vn 0.6504 -0.1670 0.7411
vn -0.7119 -0.6826 0.1652
vn -0.9507 0.2515 0.1813
vn -0.8350 0.5503 0.0029
vn -0.4439 0.4911 0.7495
vn 0.5312 0.3543 0.7696
vn 0.3477 0.5410 0.7658
vn 0.9439 -0.3292 -0.0250
vn 0.8886 0.4515 0.0808
vn 0.2307 -0.3191 0.9192
vn 0.4633 0.1710 0.8695
vn -0.5456 0.1458 0.8253
vn -0.0947 0.4281 0.8988
vn -0.2804 -0.8290 0.4839
vn 0.9324 -0.1651 0.3216
vn 0.7459 0.6617 -0.0760
vn 0.4553 -0.3734 0.8083
vn 0.0037 -0.8999 0.4360
vn 0.0955 0.4923 0.8652
vn 0.6329 0.5301 -0.5644
vn 0.1170 -0.3976 0.9101
vn -0.9179 -0.1223 0.3775
vn -0.8742 0.2675 -0.4052
vn 0.0954 0.7864 -0.6104
vn -0.1599 0.1683 0.9727
vn 0.6261 -0.7455 0.2283
vn 0.0383 -0.8844 0.4651
vn -0.8387 0.5016 -0.2122
vn -0.5088 0.5603 -0.6536
vn 0.3541 -0.7798 0.5163
vn -0.7456 -0.6236 0.2348
vn -0.5964 -0.7836 0.1742
vn 0.9526 -0.3027 0.0309
vn 0.8328 0.5397 -0.1232
vn 0.7770 -0.5853 0.2317
vn 0.9292 -0.3320 0.1621
vn 0.3823 -0.8649 0.3253
vn 0.9726 0.2182 -0.0797
vn 0.9049 0.2199 -0.3644
vn 0.0009 -0.9620 0.2731
vn 0.5799 -0.8085 0.1007
vn -0.9842 -0.0510 -0.1696
vn -0.3556 0.7127 -0.6047
vn 0.0725 0.7165 -0.6938
vn 0.5790 0.6527 -0.4886
vn -0.4972 0.7286 -0.4712
vn -0.0666 0.7578 -0.6491
vn 0.2678 0.6646 -0.6975
vn -0.7661 0.3904 -0.5106
vn 0.8003 0.5251 -0.2895
vn -0.6986 0.5586 -0.4472
vn 0.4135 0.8317 -0.3706
vn -0.2124 -0.9522 0.2195
vn -0.9769 0.0528 -0.2071
vn -0.0795 0.9427 -0.3240
vn -0.9283 0.1333 -0.3472
vn 0.8642 0.3975 -0.3085
vn 0.9753 -0.1524 -0.1597
vn 0.4778 0.8173 -0.3219
vn 0.9358 0.1047 -0.3367
vn 0.0727 0.9909 -0.1133
vn -0.9423 -0.2729 -0.1940
vn 0.8876 0.4366 -0.1470
vn -0.8713 0.4754 -0.1218
vn 0.9498 0.3025 -0.0799
vn 0.9391 0.3047 -0.1591
vn 0.6462 0.6666 -0.3715
vn -0.9216 0.3584 -0.1491
vn 0.9823 0.0625 -0.1764
vn -0.8933 0.3966 -0.2114
vn -0.6516 0.6739 -0.3484
vn -0.9848 0.1152 -0.1300
vn 0.7059 0.7000 0.1083
vn 0.4922 0.8679 0.0677
vn -0.0320 -0.0302 0.9990
vn 0.2192 0.3747 0.9009
vn -0.0947 -0.6765 0.7304
vn 0.7356 0.2186 0.6411
vn 0.1319 -0.0126 0.9912
vn 0.9829 -0.1180 -0.1414
vn -0.0526 -0.8569 0.5128
vn -0.4606 0.1928 0.8664
vn 0.0520 -0.8163 0.5752
vn 0.3381 -0.5873 0.7354
vn -0.3096 0.9247 -0.2215
vn -0.8274 -0.5559 -0.0805
vn -0.3092 0.7026 0.6409
vn -0.0124 0.1442 0.9895
vn 0.5630 0.3542 0.7467
vn 0.2129 0.6043 0.7677
vn -0.0577 -0.5511 0.8324
vn 0.2850 -0.5862 0.7584
vn 0.0072 -0.3217 0.9468
vn -0.6811 0.3513 0.6424
vn -0.1622 -0.7346 0.6588
vn -0.6482 -0.7266 0.2276
vn -0.9284 -0.1978 0.3146
vn -0.9893 -0.1410 -0.0360
vn 0.1074 -0.9097 0.4013
vn 0.7181 -0.2592 0.6458
vn 0.8374 0.5403 -0.0825
vn -0.6840 0.7050 0.1874
vn -0.9025 -0.4094 -0.1336
vn -0.2275 0.7115 0.6649
vn -0.7247 0.6432 0.2474
vn 0.1201 -0.9400 0.3192
vn 0.9495 -0.2738 0.1531
vn 0.9957 -0.0535 0.0754
vn -0.9962 0.0853 0.0161
vn 0.8935 -0.4488 -0.0143
vn 0.8037 0.5939 -0.0356
vn 0.1599 0.9838 0.0817
vn 0.9529 0.2885 0.0938
vn 0.7474 0.6643 0.0135
vn -0.8991 0.3882 0.2024
vn -0.2985 -0.9531 0.0492
vn -0.2223 -0.9376 0.2672
vn 0.9496 -0.2983 0.0967
vn 0.4617 -0.8776 0.1293
vn -0.6345 0.6585 -0.4047
vn 0.2443 -0.9269 0.2849
vn 0.7456 -0.6632 0.0649
vn -0.7131 -0.6445 0.2757
vn 0.2184 0.9722 -0.0843
vn -0.6209 0.7696 -0.1492
vn -0.9984 -0.0476 -0.0307
vn 0.5770 -0.8166 0.0180
vn 0.7396 0.5723 -0.3541
vn -0.1717 -0.9443 0.2807
vn 0.4905 -0.7937 0.3597
vn 0.1115 -0.9674 0.2274
vn -0.3876 -0.8629 0.3244
vn -0.5085 0.8128 -0.2841
vn -0.0608 -0.9849 0.1624
vn 0.9569 -0.2796 -0.0780
vn 0.9900 -0.0562 -0.1292
vn 0.3092 -0.9464 -0.0931
vn 0.1142 -0.9864 -0.1184
vn -0.9207 0.3404 0.1909
vn -0.4621 0.8849 0.0590
vn 0.2297 0.9308 -0.2845
vn -0.0567 -0.9556 0.2892
vn -0.8523 -0.3149 0.4175
vn -0.3938 -0.9065 0.1522
vn -0.8648 -0.4711 -0.1737
vn 0.0343 -0.9994 -0.0058
vn 0.4609 0.5411 0.7034
vn -0.9311 0.2872 -0.2249
vn -0.7196 -0.5817 0.3792
vn -0.9338 0.3533 -0.0569
vn -0.9331 -0.2413 0.2668
vn -0.0006 -0.9836 0.1801
vn 0.9078 0.2712 0.3201
vn -0.3196 -0.7941 0.5170
vn 0.6375 -0.6297 0.4440
vn -0.9470 -0.2989 -0.1174
vn -0.9599 -0.0262 0.2790
vn -0.1513 0.9734 0.1720
vn 0.0941 -0.8450 0.5264
vn 0.3416 -0.7669 0.5433
vn -0.2489 -0.9459 0.2083
vn -0.6195 -0.6558 0.4315
vn -0.4675 -0.6928 0.5490
vn 0.6672 0.7097 -0.2262
vn 0.4855 -0.7667 0.4201
vn -0.0783 0.9220 -0.3793
vn 0.6263 0.7780 0.0505
vn -0.5579 -0.4254 0.7125
vn 0.6506 -0.5395 0.5345
vn 0.7096 -0.7033 -0.0442
vn -0.1155 -0.9652 0.2344
vn -0.1919 -0.8822 0.4300
vn 0.9206 -0.1230 0.3707
vn -0.3550 0.6554 0.6667
vn 0.9406 -0.2203 0.2583
vn 0.9446 0.0991 -0.3130
vn -0.3902 0.9198 -0.0418
vn 0.3176 -0.6527 0.6879
vn -0.6832 0.1708 0.7100
vn -0.9816 0.0574 -0.1820
vn -0.2980 -0.9533 0.0493
vn -0.0740 -0.9830 0.1682
vn 0.7096 -0.7032 -0.0443
vn -0.0848 -0.7538 0.6516
vn -0.9046 0.1715 0.3904
vn -0.2877 0.0696 0.9552
vn 0.1828 0.9590 0.2164
vn -0.8942 -0.4446 -0.0526
vn 0.6942 -0.1839 0.6959
vn -0.9003 -0.2544 0.3532
vn -0.1923 -0.8821 0.4301
vn 0.6672 0.7098 -0.2259
vn -0.7098 -0.6663 0.2285
vn -0.7097 -0.6665 0.2284
vn -0.4417 0.5039 0.7423
vn -0.8346 0.5292 -0.1528
vn 0.4288 0.6796 -0.5952
vn -0.9338 0.3533 -0.0571
vn -0.0852 -0.7539 0.6514
vn 0.4853 -0.7667 0.4203
vn -0.1928 0.3521 0.9159
vn 0.8288 0.2343 0.5081
vn -0.8580 0.1853 0.4790
vn -0.4273 0.9013 -0.0719
vn 0.1449 -0.9586 0.2450
vn 0.7748 -0.5635 0.2867
vn -0.6835 -0.7261 -0.0750
vn 0.9396 0.3407 0.0315
vn 0.4348 -0.7271 0.5314
vn -0.7096 -0.6666 0.2284
vn -0.1889 0.6615 -0.7258
vn 0.7270 0.6681 0.1587
vn -0.9850 -0.1634 0.0561
vn -0.0282 -0.9558 0.2927
vn 0.6332 0.7425 -0.2186
vn -0.6683 0.4548 0.5886
vn -0.5976 -0.6435 0.4782
vn 0.3684 -0.1592 0.9159
vn -0.5466 0.1436 0.8250
vn -0.4770 0.6504 -0.5912
vn 0.5082 0.5581 -0.6559
vn -0.0656 -0.5347 0.8425
vn 0.0835 0.9959 -0.0340
vn -0.3227 -0.7982 0.5086
vn -0.2495 -0.5046 0.8265
vn 0.9800 -0.1838 0.0769
vn -0.9849 -0.1637 0.0561
vn 0.1551 -0.9856 -0.0679
vn 0.9396 0.3408 0.0314
vn -0.5977 -0.6435 0.4782
vn -0.7098 -0.6664 0.2281
vn 0.7295 0.0043 0.6840
vn -0.7856 0.0167 0.6185
vn -0.9509 -0.2309 0.2060
vn -0.8727 0.0204 0.4879
vn -0.5901 0.6419 -0.4896
vn -0.5687 -0.5067 0.6479
vn 0.6835 -0.6607 0.3103
vn 0.5658 0.1093 0.8172
vn -0.9676 0.2195 -0.1250
vn 0.9751 0.2176 -0.0436
vn 0.0042 -0.5591 0.8291
vn 0.3898 -0.2102 0.8966
vn -0.6834 0.1708 0.7098
vn -0.5581 -0.7804 0.2821
vn 0.8368 0.2213 0.5008
vn 0.9025 -0.1809 0.3908
vn 0.6873 0.5276 -0.4992
vn -0.9570 0.2780 0.0834
vn -0.2348 0.0502 0.9707
vn 0.3109 0.0873 0.9464
vn -0.2367 -0.9217 0.3072
vn -0.2873 0.0693 0.9553
vn -0.2366 -0.9217 0.3076
vn -0.3417 0.6757 0.6532
vn -0.8932 -0.2961 0.3385
vn -0.5153 0.0030 0.8570
vn 0.3782 -0.6900 0.6171
vn 0.6833 -0.7241 0.0932
vn 0.8430 -0.5377 0.0151
vn -0.9546 -0.0364 0.2955
vn -0.4786 0.4867 -0.7308
vn -0.8783 0.2265 0.4210
vn 0.9358 0.0868 0.3418
vn -0.5595 -0.8288 0.0096
vn -0.9518 -0.2916 -0.0951
vn -0.9291 0.3254 0.1759
vn 0.9776 0.0736 -0.1974
vn 0.3006 0.9489 -0.0964
vn 0.9451 0.1560 -0.2872
vn 0.4475 0.7562 0.4773
vn -0.9982 0.0480 0.0347
vn -0.7257 0.2077 0.6559
vn 0.5570 -0.2303 0.7979
vn -0.6975 -0.1823 0.6930
vn 0.0337 0.7641 -0.6442
vn 0.6131 0.1871 -0.7676
vn 0.9222 -0.0170 0.3864
vn 0.6321 -0.0335 0.7742
vn 0.8761 -0.2453 0.4151
vn -0.8886 0.1022 -0.4471
vn 0.9796 -0.2002 -0.0147
vn -0.9873 -0.0342 -0.1550
vn -0.1218 0.9134 0.3885
vn 0.9368 -0.3223 0.1360
vn 0.7103 0.6951 -0.1105
vn -0.3987 0.3017 -0.8660
vn -0.7375 0.6101 0.2896
vn 0.4134 -0.1494 0.8982
vn -0.5722 -0.0606 0.8179
vn -0.0167 0.9990 0.0414
vn -0.9402 0.1806 -0.2886
vn 0.9978 -0.0051 -0.0654
vn 0.2573 -0.9577 0.1286
vn -0.8370 0.4720 -0.2769
vn -0.3911 -0.0644 0.9181
vn 0.9477 -0.0860 0.3074
vn -0.2588 0.3232 0.9103
vn -0.5205 0.2962 -0.8008
vn 0.1598 0.5405 -0.8261
vn 0.6186 0.3711 -0.6925
vn 0.4283 -0.8944 0.1289
vn -0.9278 -0.2929 0.2309
vn -0.8057 -0.5904 0.0473
vn 0.7434 0.6497 -0.1590
vn 0.2528 -0.1993 0.9468
vn 0.4642 0.8792 0.1074
vn 0.8242 -0.4310 0.3674
vn -0.3439 0.8616 -0.3734
vn -0.7297 0.0366 0.6828
vn 0.5628 0.0383 0.8257
vn -0.5394 0.7224 0.4328
vn -0.0973 -0.6490 0.7546
vn -0.6480 -0.2559 0.7174
vn -0.8110 -0.3331 0.4809
vn 0.8579 -0.4566 0.2355
vn 0.9217 0.3367 0.1927
vn -0.8320 0.5180 0.1986
vn -0.9319 0.1182 0.3429
vn 0.8458 0.3661 0.3881
vn -0.4000 0.9164 0.0130
vn 0.6665 0.7454 -0.0123
vn 0.6789 -0.6846 0.2656
vn -0.9356 0.2487 0.2505
vn 0.7879 0.5331 0.3082
vn 0.9108 0.3000 0.2837
vn 0.7642 0.2821 0.5800
vn -0.7296 0.3954 0.5580
vn -0.2342 0.8945 0.3808
vn 0.0083 0.9353 0.3537
vn -0.2339 0.8970 0.3751
vn 0.7148 -0.2956 0.6337
vn 0.7520 0.3251 0.5734
vn 0.5519 0.3567 0.7538
vn -0.9065 -0.3394 0.2513
vn 0.5415 -0.2635 0.7983
vn -0.3256 -0.2854 0.9014
vn -0.1663 -0.9700 0.1772
vn -0.8248 0.5484 0.1375
vn -0.9429 0.2731 0.1904
vn 0.8016 0.4561 0.3864
vn -0.7461 0.5883 0.3119
vn -0.0138 -0.1036 0.9945
vn 0.2136 0.5059 0.8357
vn -0.2464 0.2591 0.9339
vn 0.6944 -0.6462 0.3166
vn 0.9560 -0.1884 0.2250
vn 0.8682 0.4589 0.1886
vn 0.3453 0.9213 0.1786
vn -0.6767 -0.6305 0.3801
vn -0.3051 -0.9327 0.1922
vn -0.9094 0.4094 0.0726
vn -0.7499 -0.5360 0.3878
vn -0.8933 0.3838 0.2339
vn 0.9091 -0.3521 0.2224
vn -0.9270 0.3245 0.1882
vn -0.6847 -0.6301 0.3663
vn 0.8358 -0.3953 0.3810
vn 0.8994 0.3979 0.1809
vn -0.6492 -0.7201 0.2448
vn 0.4041 -0.8778 0.2573
vn 0.2128 0.9573 0.1956
vn 0.8734 -0.4630 -0.1508
vn 0.7318 -0.5715 0.3712
vn 0.9297 0.3610 0.0726
vn -0.9338 0.2352 -0.2696
vn -0.9100 0.3767 0.1733
vn -0.9489 -0.2883 0.1282
vn -0.8208 -0.5540 0.1390
vn 0.6775 0.4816 -0.5558
vn -0.8524 -0.4173 0.3149
vn 0.5151 0.8438 -0.1502
vn 0.3840 0.8983 0.2134
vn -0.5216 -0.6905 0.5012
vn 0.7592 0.4175 -0.4993
vn -0.8624 0.3698 -0.3458
vn 0.7642 0.1478 -0.6278
vn -0.6398 0.5595 -0.5269
vn -0.6978 0.4403 -0.5650
vn 0.9148 -0.2154 0.3417
vn 0.6359 0.5510 -0.5404
vn -0.4061 0.8628 0.3012
vn 0.1863 -0.8758 0.4452
vn 0.3411 -0.7148 0.6105
vn -0.2164 -0.8276 0.5179
vn 0.4032 -0.6420 0.6522
vn -0.8402 0.2764 -0.4665
vn 0.7391 0.4086 -0.5356
vn -0.7959 0.4354 -0.4207
vn -0.5538 -0.4642 0.6913
vn -0.5912 -0.4949 0.6369
vn -0.8315 -0.3744 0.4104
vn 0.8213 -0.1491 0.5507
vn -0.6613 0.5608 -0.4982
vn 0.5612 -0.4836 0.6717
vn -0.6145 0.5621 -0.5536
vn 0.7318 0.4140 -0.5414
vn 0.8855 0.3634 -0.2895
vn 0.6759 0.3955 -0.6219
vn -0.2482 -0.5541 0.7946
vn 0.8356 -0.3920 0.3848
vn -0.8857 0.3675 -0.2838
vn 0.6431 -0.4716 0.6034
vn -0.7410 0.4217 -0.5225
vn 0.6604 0.4729 -0.5834
vn -0.9904 -0.0354 0.1334
vn 0.5619 0.6332 -0.5323
vn -0.4431 -0.6410 0.6267
vn -0.6478 -0.5237 0.5532
vn -0.8629 0.4533 -0.2234
vn -0.0488 0.9967 0.0653
vn -0.0670 -0.6519 0.7554
vn 0.4056 -0.5156 0.7547
vn 0.9279 0.3654 -0.0738
vn 0.8278 0.5306 -0.1820
vn -0.7607 0.6369 -0.1253
vn -0.6279 -0.0263 0.7779
vn -0.0820 -0.3645 0.9276
vn -0.2562 -0.4551 0.8528
vn -0.8938 -0.1668 0.4163
vn -0.8841 0.3427 0.3176
vn -0.8795 0.3782 0.2888
vn 0.5295 0.4082 0.7436
vn 0.0481 -0.6327 0.7729
vn 0.7566 0.5601 0.3375
vn 0.1372 0.8667 0.4797
vn 0.7971 -0.1830 0.5754
vn -0.5684 -0.2547 0.7823
vn 0.8136 0.3279 0.4802
vn 0.4160 -0.5538 0.7213
vn 0.3261 -0.3737 0.8683
vn -0.2809 0.4682 0.8378
vn 0.2982 -0.1852 0.9364
vn 0.4134 -0.2536 0.8745
vn 0.6372 0.0873 0.7658
vn 0.4062 -0.2383 0.8822
vn 0.2466 0.2929 0.9238
vn -0.1369 0.2379 0.9616
vn -0.3404 -0.1020 0.9347
vn -0.0768 -0.3602 0.9297
vn -0.6827 0.1331 0.7185
vn -0.3049 -0.0022 0.9524
vn -0.3684 0.1356 0.9197
vt 0.311439 0.388588
vt 0.299013 0.367598
vt 0.362617 0.376086
vt 0.346631 0.355413
vt 0.390309 0.367241
vt 0.355412 0.397367
vt 0.388423 0.388747
vt 0.292525 0.386912
vt 0.387022 0.357074
vt 0.285243 0.364027
vt 0.353777 0.427505
vt 0.380203 0.429121
vt 0.320233 0.430487
vt 0.306327 0.406510
vt 0.376333 0.408282
vt 0.368014 0.432190
vt 0.286819 0.432190
vt 0.299364 0.425998
vt 0.402631 0.353349
vt 0.378366 0.312645
vt 0.302446 0.309166
vt 0.406290 0.386980
vt 0.273517 0.387214
vt 0.261887 0.358615
vt 0.269575 0.341293
vt 0.399286 0.325142
vt 0.276408 0.321731
vt 0.276279 0.284225
vt 0.937348 0.659909
vt 0.927458 0.628255
vt 0.926908 0.583766
vt 0.394163 0.429212
vt 0.279838 0.429386
vt 0.280465 0.399571
vt 0.425611 0.368826
vt 0.362511 0.250469
vt 0.396088 0.243210
vt 0.280938 0.195698
vt 0.397861 0.207781
vt 0.358948 0.174649
vt 0.282710 0.187046
vt 0.268779 0.206212
vt 0.390328 0.401190
vt 0.243653 0.372523
vt 0.415016 0.273304
vt 0.274158 0.243357
vt 0.417013 0.190285
vt 0.422118 0.223569
vt 0.407816 0.186873
vt 0.256596 0.190493
vt 0.316508 0.157277
vt 0.926136 0.571274
vt 0.929211 0.557996
vt 0.249870 0.214967
vt 0.249623 0.173055
vt 0.263412 0.169663
vt 0.404959 0.169260
vt 0.940103 0.644154
vt 0.933342 0.553586
vt 0.266453 0.426219
vt 0.420477 0.314263
vt 0.422382 0.167628
vt 0.942558 0.657032
vt 0.943700 0.628549
vt 0.940440 0.597352
vt 0.936258 0.565784
vt 0.934277 0.578690
vt 0.399691 0.432174
vt 0.407738 0.429193
vt 0.436167 0.186629
vt 0.583196 0.451614
vt 0.586275 0.425717
vt 0.600158 0.426443
vt 0.742029 0.914955
vt 0.755488 0.913549
vt 0.754948 0.937460
vt 0.651793 0.865511
vt 0.653632 0.860033
vt 0.653632 0.880092
vt 0.255348 0.318089
vt 0.436334 0.169252
vt 0.342989 0.134181
vt 0.578446 0.444433
vt 0.732510 0.929827
vt 0.999642 0.780566
vt 0.999642 0.804679
vt 0.993549 0.800895
vt 0.840117 0.784818
vt 0.841605 0.792507
vt 0.840117 0.817724
vt 0.246013 0.261022
vt 0.437691 0.207600
vt 0.237868 0.210281
vt 0.745825 0.957232
vt 0.755488 0.950975
vt 0.997996 0.235139
vt 0.998514 0.246851
vt 0.992463 0.228195
vt 0.991441 0.840996
vt 0.995436 0.818038
vt 0.995436 0.857972
vt 0.605347 0.446194
vt 0.952650 0.674675
vt 0.401251 0.998752
vt 0.396940 0.985173
vt 0.401251 0.981336
vt 0.842238 0.806564
vt 0.432807 0.353421
vt 0.234231 0.178102
vt 0.413050 0.157336
vt 0.595433 0.468584
vt 0.583614 0.463427
vt 0.991540 0.854764
vt 0.992463 0.252575
vt 0.517082 0.465827
vt 0.516764 0.426609
vt 0.532416 0.424518
vt 0.610409 0.427729
vt 0.565290 0.423333
vt 0.723028 0.916307
vt 0.936962 0.544834
vt 0.952650 0.534790
vt 0.412936 0.425966
vt 0.248854 0.355271
vt 0.604213 0.473838
vt 0.557581 0.422109
vt 0.554111 0.422109
vt 0.557031 0.417307
vt 0.570538 0.416351
vt 0.428712 0.266190
vt 0.232449 0.164244
vt 0.295462 0.145252
vt 0.992293 0.325175
vt 0.993408 0.313573
vt 0.996261 0.324140
vt 0.997894 0.313826
vt 0.578403 0.468981
vt 0.532689 0.457028
vt 0.620716 0.442686
vt 0.549269 0.455159
vt 0.193000 0.360649
vt 0.192185 0.324798
vt 0.200318 0.357199
vt 0.256423 0.150655
vt 0.355099 0.120191
vt 0.325587 0.122363
vt 0.342788 0.048317
vt 0.330661 0.053398
vt 0.341258 0.039999
vt 0.332301 0.040079
vt 0.329080 0.039947
vt 0.350125 0.043143
vt 0.477416 0.706540
vt 0.466505 0.657030
vt 0.481677 0.667350
vt 0.615539 0.666247
vt 0.630538 0.650361
vt 0.617369 0.698173
vt 0.637450 0.665988
vt 0.474841 0.648202
vt 0.486628 0.647999
vt 0.616933 0.638170
vt 0.637128 0.643437
vt 0.626931 0.632955
vt 0.480045 0.614553
vt 0.722661 0.937450
vt 0.259203 0.396016
vt 0.904849 0.799811
vt 0.927888 0.802218
vt 0.915258 0.818124
vt 0.443339 0.165617
vt 0.443297 0.155393
vt 0.429654 0.146963
vt 0.336011 0.076098
vt 0.349855 0.051625
vt 0.323608 0.051638
vt 0.321847 0.038157
vt 0.311472 0.039787
vt 0.490509 0.697456
vt 0.625643 0.699840
vt 0.496954 0.656674
vt 0.464925 0.637913
vt 0.508417 0.472077
vt 0.508841 0.493063
vt 0.517268 0.494745
vt 0.723892 0.960339
vt 0.564223 0.458373
vt 0.631316 0.423697
vt 0.252430 0.388732
vt 0.420970 0.388585
vt 0.215124 0.195310
vt 0.208565 0.128262
vt 0.227158 0.146048
vt 0.924609 0.779927
vt 0.320681 0.074500
vt 0.360255 0.072859
vt 0.310044 0.065936
vt 0.361953 0.039729
vt 0.369082 0.051522
vt 0.301106 0.064019
vt 0.349782 0.031326
vt 0.334129 0.031319
vt 0.467487 0.773641
vt 0.472382 0.767058
vt 0.481014 0.775313
vt 0.489420 0.770442
vt 0.624871 0.774124
vt 0.633347 0.765763
vt 0.638390 0.770576
vt 0.479107 0.720694
vt 0.490761 0.718665
vt 0.477490 0.747425
vt 0.614621 0.738943
vt 0.622679 0.724449
vt 0.458176 0.670910
vt 0.609087 0.698357
vt 0.605294 0.659298
vt 0.628234 0.613371
vt 0.495239 0.477838
vt 0.587325 0.492167
vt 0.602463 0.475241
vt 0.736263 0.965685
vt 0.997894 0.339916
vt 0.991653 0.410758
vt 0.988025 0.418024
vt 0.988425 0.410228
vt 0.624630 0.463668
vt 0.716732 0.955148
vt 0.004352 0.995716
vt 0.000000 0.988611
vt 0.004352 0.982327
vt 0.186873 0.314765
vt 0.191913 0.297084
vt 0.206010 0.323381
vt 0.942535 0.867687
vt 0.212766 0.111224
vt 0.229084 0.114490
vt 0.219333 0.088207
vt 0.226063 0.100259
vt 0.225601 0.848296
vt 0.229023 0.867300
vt 0.225601 0.881157
vt 0.313637 0.079727
vt 0.359931 0.062056
vt 0.299057 0.043062
vt 0.327695 0.015291
vt 0.626783 0.790053
vt 0.607961 0.774383
vt 0.618122 0.767676
vt 0.459040 0.770347
vt 0.490773 0.741852
vt 0.648655 0.662486
vt 0.453091 0.655521
vt 0.598108 0.606114
vt 0.500304 0.617721
vt 0.617913 0.599409
vt 0.176568 0.397608
vt 0.179304 0.380692
vt 0.188410 0.385186
vt 0.713094 0.938090
vt 0.626076 0.427197
vt 0.183561 0.353754
vt 0.905835 0.778119
vt 0.229084 0.153825
vt 0.232219 0.148866
vt 0.339503 0.120109
vt 0.360256 0.084805
vt 0.363763 0.023980
vt 0.462648 0.782464
vt 0.496367 0.776932
vt 0.632963 0.744249
vt 0.467293 0.729458
vt 0.637806 0.726429
vt 0.499018 0.718405
vt 0.639130 0.694125
vt 0.646801 0.728297
vt 0.498576 0.600350
vt 0.481734 0.600587
vt 0.605993 0.488737
vt 0.551378 0.463762
vt 0.183886 0.363274
vt 0.193578 0.366391
vt 0.444842 0.519251
vt 0.429128 0.500323
vt 0.435544 0.500488
vt 0.555125 0.389610
vt 0.203738 0.284211
vt 0.197673 0.247658
vt 0.211014 0.252164
vt 0.244208 0.143003
vt 0.189360 0.744734
vt 0.192029 0.760473
vt 0.156679 0.722709
vt 0.396144 0.139948
vt 0.374390 0.039663
vt 0.304608 0.019085
vt 0.990193 0.283240
vt 0.990193 0.255839
vt 0.997418 0.269365
vt 0.337586 0.018600
vt 0.358452 0.019039
vt 0.346509 0.010452
vt 0.467709 0.794314
vt 0.643483 0.780926
vt 0.638592 0.791440
vt 0.498192 0.794700
vt 0.504081 0.773729
vt 0.453817 0.735047
vt 0.660249 0.661300
vt 0.653796 0.640664
vt 0.666552 0.596905
vt 0.512333 0.605137
vt 0.463740 0.612918
vt 0.602562 0.585313
vt 0.492039 0.588298
vt 0.495246 0.489653
vt 0.989182 0.388966
vt 0.985714 0.385392
vt 0.533343 0.385591
vt 0.537386 0.342603
vt 0.495803 0.327215
vt 0.473081 0.286966
vt 0.203585 0.193112
vt 0.201440 0.158673
vt 0.905871 0.767120
vt 0.337788 0.101334
vt 0.322693 0.099393
vt 0.306628 0.077939
vt 0.840693 0.938412
vt 0.842157 0.927762
vt 0.842157 0.950835
vt 0.368771 0.074304
vt 0.375541 0.056945
vt 0.478097 0.797166
vt 0.614793 0.793482
vt 0.633452 0.794614
vt 0.608201 0.784863
vt 0.454044 0.775276
vt 0.650295 0.762289
vt 0.457612 0.747560
vt 0.603297 0.714217
vt 0.506992 0.693699
vt 0.597519 0.654101
vt 0.593037 0.599532
vt 0.636469 0.599367
vt 0.471714 0.599108
vt 0.624666 0.594555
vt 0.612543 0.585284
vt 0.573795 0.494301
vt 0.616216 0.481472
vt 0.315880 0.461406
vt 0.311074 0.436440
vt 0.333310 0.439131
vt 0.558958 0.468661
vt 0.420158 0.400465
vt 0.530161 0.369948
vt 0.528634 0.354039
vt 0.546349 0.361708
vt 0.187648 0.285156
vt 0.180771 0.232436
vt 0.429292 0.680944
vt 0.427537 0.702704
vt 0.427537 0.653329
vt 0.182347 0.764201
vt 0.152502 0.746046
vt 0.379822 0.132067
vt 0.311967 0.120500
vt 0.294071 0.051967
vt 0.372477 0.022583
vt 0.531205 0.888805
vt 0.554928 0.884877
vt 0.555751 0.889152
vt 0.606254 0.798681
vt 0.643662 0.791303
vt 0.458929 0.791300
vt 0.603046 0.776074
vt 0.649736 0.781136
vt 0.504789 0.752445
vt 0.606130 0.739210
vt 0.648083 0.744113
vt 0.452807 0.710279
vt 0.842367 0.595503
vt 0.852245 0.546247
vt 0.858236 0.632387
vt 0.582386 0.503098
vt 0.599299 0.499353
vt 0.601383 0.513505
vt 0.515671 0.501930
vt 0.488382 0.502221
vt 0.842367 0.957916
vt 0.859660 0.957916
vt 0.853026 0.984658
vt 0.177838 0.415266
vt 0.172986 0.403106
vt 0.178087 0.405474
vt 0.998276 0.196713
vt 0.993973 0.189810
vt 0.998276 0.166729
vt 0.537815 0.474289
vt 0.547282 0.380937
vt 0.487255 0.287037
vt 0.910283 0.756380
vt 0.444842 0.146896
vt 0.078633 0.931970
vt 0.096063 0.901367
vt 0.101055 0.908704
vt 0.993957 0.448528
vt 0.993957 0.420566
vt 0.998575 0.433980
vt 0.329258 0.112765
vt 0.342943 0.112630
vt 0.356689 0.112861
vt 0.981668 0.908337
vt 0.984615 0.892777
vt 0.990264 0.885815
vt 0.573743 0.881901
vt 0.586813 0.948263
vt 0.591205 0.949814
vt 0.608237 0.965929
vt 0.582686 0.943961
vt 0.581911 0.938540
vt 0.601173 0.769690
vt 0.447151 0.762195
vt 0.138913 0.594484
vt 0.151752 0.565158
vt 0.156201 0.582186
vt 0.995389 0.685621
vt 0.999668 0.674675
vt 0.999668 0.702502
vt 0.631287 0.585333
vt 0.502022 0.589887
vt 0.510750 0.513870
vt 0.614814 0.501139
vt 0.579079 0.410173
vt 0.254589 0.429476
vt 0.468399 0.262340
vt 0.939584 0.812188
vt 0.203532 0.774436
vt 0.202920 0.767069
vt 0.206771 0.768195
vt 0.075286 0.919620
vt 0.068535 0.911799
vt 0.066406 0.941467
vt 0.131484 0.724505
vt 0.315624 0.108897
vt 0.870501 0.342816
vt 0.874811 0.312972
vt 0.882358 0.324876
vt 0.660194 0.347597
vt 0.660938 0.369291
vt 0.655569 0.354199
vt 0.293598 0.034655
vt 0.363496 0.015626
vt 0.339162 0.966517
vt 0.350859 0.957990
vt 0.354064 0.969329
vt 0.936733 0.282738
vt 0.954749 0.269772
vt 0.950999 0.288420
vt 0.335760 0.953953
vt 0.925163 0.280319
vt 0.938757 0.270589
vt 0.364638 0.950934
vt 0.946129 0.256701
vt 0.837465 0.985314
vt 0.834120 0.981865
vt 0.842202 0.966372
vt 0.496685 0.803161
vt 0.834859 0.990655
vt 0.842202 0.994436
vt 0.507780 0.736473
vt 0.854861 0.677543
vt 0.851776 0.656057
vt 0.872297 0.673531
vt 0.331106 0.664960
vt 0.317825 0.658800
vt 0.325574 0.619472
vt 0.677165 0.644936
vt 0.161317 0.554012
vt 0.144129 0.515622
vt 0.153813 0.528791
vt 0.577318 0.509792
vt 0.587839 0.517002
vt 0.527508 0.503853
vt 0.621148 0.468304
vt 0.473145 0.479056
vt 0.480454 0.471225
vt 0.661018 0.461267
vt 0.653796 0.440049
vt 0.676067 0.454206
vt 0.177974 0.328495
vt 0.552822 0.377650
vt 0.973438 0.470769
vt 0.963584 0.461252
vt 0.975638 0.451828
vt 0.441246 0.945822
vt 0.441246 0.918462
vt 0.444359 0.931660
vt 0.358601 0.097513
vt 0.960556 0.117583
vt 0.972637 0.111495
vt 0.965821 0.119214
vt 0.354902 0.000000
vt 0.981668 0.875126
vt 0.566635 0.871022
vt 0.376796 0.931304
vt 0.365054 0.932886
vt 0.351560 0.927790
vt 0.365216 0.939367
vt 0.365258 0.973557
vt 0.924982 0.255839
vt 0.957625 0.256249
vt 0.503215 0.796564
vt 0.586377 0.939069
vt 0.206771 0.983994
vt 0.204276 0.990558
vt 0.201217 0.983994
vt 0.132252 0.693082
vt 0.120764 0.678312
vt 0.136901 0.686688
vt 0.326981 0.745836
vt 0.317849 0.743724
vt 0.326873 0.735806
vt 0.134766 0.676547
vt 0.129932 0.661018
vt 0.141294 0.674583
vt 0.599104 0.748278
vt 0.666650 0.725709
vt 0.678743 0.732363
vt 0.670440 0.741446
vt 0.134169 0.614393
vt 0.661098 0.690820
vt 0.675969 0.682825
vt 0.458267 0.602555
vt 0.589441 0.590527
vt 0.592070 0.985918
vt 0.581911 0.991976
vt 0.581911 0.966600
vt 0.503845 0.570055
vt 0.486878 0.563186
vt 0.603952 0.565787
vt 0.622504 0.562039
vt 0.529427 0.514939
vt 0.167198 0.394512
vt 0.660221 0.425597
vt 0.432401 0.485134
vt 0.427633 0.488790
vt 0.168946 0.294278
vt 0.052770 0.959636
vt 0.362123 0.120437
vt 0.405168 0.134052
vt 0.307258 0.099588
vt 0.885776 0.339536
vt 0.868001 0.319240
vt 0.902680 0.924596
vt 0.902680 0.899257
vt 0.904447 0.916977
vt 0.288601 0.031287
vt 0.647610 0.338826
vt 0.666099 0.329897
vt 0.297875 0.018659
vt 0.964028 0.110348
vt 0.556919 0.873832
vt 0.546264 0.886757
vt 0.543115 0.876299
vt 0.989073 0.867687
vt 0.699594 0.918769
vt 0.688178 0.929095
vt 0.676110 0.931413
vt 0.343266 0.980437
vt 0.957625 0.289186
vt 0.333310 0.940443
vt 0.609709 0.962344
vt 0.584571 0.934043
vt 0.653795 0.788042
vt 0.305678 0.725056
vt 0.324572 0.729184
vt 0.878658 0.710099
vt 0.861814 0.710732
vt 0.869036 0.696618
vt 0.670843 0.778200
vt 0.665412 0.759822
vt 0.680662 0.767342
vt 0.865055 0.689493
vt 0.868510 0.651561
vt 0.595865 0.696577
vt 0.468372 0.588325
vt 0.475096 0.561668
vt 0.495248 0.555927
vt 0.625745 0.551153
vt 0.613951 0.553184
vt 0.309315 0.448712
vt 0.629121 0.472424
vt 0.167479 0.355716
vt 0.586193 0.385742
vt 0.184404 0.257506
vt 0.497396 0.268154
vt 0.483422 0.250673
vt 0.963571 0.454669
vt 0.967481 0.191561
vt 0.977208 0.192416
vt 0.967481 0.214175
vt 0.202343 0.084041
vt 0.213278 0.081413
vt 0.193047 0.781928
vt 0.103572 0.891653
vt 0.096506 0.886442
vt 0.308307 0.110640
vt 0.680239 0.374164
vt 0.859558 0.300017
vt 0.859282 0.295820
vt 0.665847 0.319398
vt 0.647610 0.320312
vt 0.702677 0.912319
vt 0.960992 0.534790
vt 0.963616 0.523550
vt 0.971877 0.534790
vt 0.726449 0.906749
vt 0.737558 0.909779
vt 0.713094 0.913549
vt 0.433676 0.586196
vt 0.438820 0.579695
vt 0.441949 0.583292
vt 0.322812 0.758153
vt 0.311358 0.756072
vt 0.414885 0.981336
vt 0.419062 0.982560
vt 0.415647 0.988162
vt 0.863988 0.730260
vt 0.881123 0.718120
vt 0.868346 0.732565
vt 0.687665 0.756401
vt 0.599510 0.731990
vt 0.304457 0.670055
vt 0.328393 0.677852
vt 0.309107 0.639717
vt 0.516271 0.576855
vt 0.480149 0.554311
vt 0.603914 0.554948
vt 0.483329 0.511037
vt 0.569225 0.510142
vt 0.476534 0.509474
vt 0.161437 0.406272
vt 0.662500 0.465210
vt 0.671283 0.461716
vt 0.671754 0.470477
vt 0.991653 0.375796
vt 0.162301 0.382849
vt 0.152711 0.346519
vt 0.184604 0.204922
vt 0.520861 0.305477
vt 0.084099 0.897250
vt 0.683562 0.408037
vt 0.687735 0.396819
vt 0.692682 0.404923
vt 0.365800 0.110866
vt 0.672912 0.361094
vt 0.578607 0.864012
vt 0.363717 0.981065
vt 0.220107 0.993831
vt 0.212712 0.989150
vt 0.220107 0.979497
vt 0.616889 0.966600
vt 0.365258 0.932886
vt 0.316270 0.759620
vt 0.315658 0.718431
vt 0.323520 0.702313
vt 0.315166 0.693303
vt 0.864608 0.549637
vt 0.516554 0.592807
vt 0.673091 0.582071
vt 0.678555 0.586783
vt 0.468567 0.564936
vt 0.588956 0.573018
vt 0.508728 0.562939
vt 0.629252 0.561998
vt 0.594191 0.560326
vt 0.510500 0.535667
vt 0.626756 0.501129
vt 0.159890 0.386664
vt 0.601600 0.396149
vt 0.459574 0.233055
vt 0.203712 0.115435
vt 0.970617 0.227604
vt 0.977598 0.214391
vt 0.162212 0.758594
vt 0.133666 0.735468
vt 0.834120 0.966372
vt 0.821884 0.984596
vt 0.819039 0.966372
vt 0.858101 0.322322
vt 0.972308 0.100762
vt 0.345636 0.922001
vt 0.343418 0.916705
vt 0.424916 0.802692
vt 0.393204 0.798258
vt 0.425267 0.788668
vt 0.589648 0.920798
vt 0.877727 0.736082
vt 0.587763 0.914993
vt 0.118061 0.685748
vt 0.676016 0.785611
vt 0.687827 0.777824
vt 0.317051 0.708430
vt 0.121253 0.635048
vt 0.136339 0.638552
vt 0.135996 0.651696
vt 0.653795 0.683718
vt 0.127820 0.562373
vt 0.319383 0.566768
vt 0.860004 0.534052
vt 0.685495 0.601834
vt 0.579315 0.518572
vt 0.309204 0.474730
vt 0.316290 0.477156
vt 0.310123 0.486126
vt 0.565923 0.483629
vt 0.854714 0.440859
vt 0.843722 0.449453
vt 0.842367 0.422109
vt 0.679753 0.457305
vt 0.175257 0.310447
vt 0.187259 0.186145
vt 0.980334 0.195040
vt 0.960992 0.442409
vt 0.927758 0.765944
vt 0.148123 0.755299
vt 0.303989 0.120583
vt 0.369415 0.097524
vt 0.879461 0.363528
vt 0.522893 0.884112
vt 0.547595 0.864090
vt 0.436237 0.572842
vt 0.429612 0.577880
vt 0.117151 0.690843
vt 0.414885 0.997968
vt 0.582621 0.924761
vt 0.693939 0.710340
vt 0.883577 0.646099
vt 0.677096 0.547371
vt 0.686697 0.552535
vt 0.675650 0.558685
vt 0.534107 0.507317
vt 0.453597 0.994370
vt 0.449458 0.984621
vt 0.453597 0.983482
vt 0.673952 0.425565
vt 0.178465 0.160010
vt 0.200783 0.096025
vt 0.205181 0.109285
vt 0.968447 0.179240
vt 0.199250 0.797082
vt 0.054631 0.952339
vt 0.052062 0.939974
vt 0.375662 0.085073
vt 0.411979 0.805077
vt 0.391912 0.803585
vt 0.716728 0.903781
vt 0.735515 0.900323
vt 0.624790 0.963854
vt 0.686180 0.786065
vt 0.879371 0.694495
vt 0.127837 0.549461
vt 0.299360 0.581537
vt 0.856895 0.518511
vt 0.854147 0.503696
vt 0.863223 0.511489
vt 0.510147 0.989737
vt 0.499364 0.967061
vt 0.510147 0.966839
vt 0.852482 0.453201
vt 0.636187 0.554744
vt 0.206771 0.812883
vt 0.209674 0.777324
vt 0.228441 0.806961
vt 0.565554 0.359014
vt 0.975638 0.425293
vt 0.915625 0.746634
vt 0.926324 0.737508
vt 0.886210 0.380912
vt 0.873561 0.377751
vt 0.883086 0.373651
vt 0.696344 0.396295
vt 0.687326 0.369830
vt 0.867603 0.359610
vt 0.684136 0.345854
vt 0.512898 0.889152
vt 0.516834 0.874887
vt 0.652344 0.952873
vt 0.635697 0.945431
vt 0.635454 0.933577
vt 0.566578 0.862055
vt 0.385683 0.889834
vt 0.388270 0.922289
vt 0.739467 0.898986
vt 0.119445 0.722709
vt 0.125572 0.692832
vt 0.304246 0.741051
vt 0.444842 0.737008
vt 0.297883 0.687852
vt 0.293643 0.553485
vt 0.311946 0.557124
vt 0.129647 0.490158
vt 0.148400 0.506295
vt 0.518899 0.569896
vt 0.528095 0.528230
vt 0.579264 0.552936
vt 0.299544 0.489158
vt 0.223235 0.790216
vt 0.149793 0.391080
vt 0.157291 0.381292
vt 0.160974 0.354987
vt 0.456083 0.222316
vt 0.132398 0.744851
vt 0.686200 0.383888
vt 0.429292 0.741131
vt 0.427231 0.717035
vt 0.429292 0.702704
vt 0.678522 0.357287
vt 0.846295 0.304632
vt 0.844136 0.290614
vt 0.665714 0.309815
vt 0.654504 0.309832
vt 0.661730 0.926612
vt 0.656291 0.902001
vt 0.497157 0.937154
vt 0.479130 0.926693
vt 0.497371 0.923958
vt 0.393048 0.808436
vt 0.294888 0.710414
vt 0.697948 0.742248
vt 0.639064 0.588857
vt 0.987104 0.780566
vt 0.972745 0.769840
vt 0.987104 0.737508
vt 0.294171 0.479616
vt 0.299273 0.473463
vt 0.465664 0.520409
vt 0.868559 0.425986
vt 0.283216 0.440951
vt 0.688837 0.467417
vt 0.158737 0.327675
vt 0.157849 0.285808
vt 0.448938 0.205530
vt 0.467651 0.217156
vt 0.961538 0.422109
vt 0.942535 0.744103
vt 0.192805 0.076596
vt 0.053932 0.913839
vt 0.049027 0.933250
vt 0.126558 0.743772
vt 0.836719 0.294902
vt 0.510018 0.876916
vt 0.964925 0.092179
vt 0.646687 0.935666
vt 0.701427 0.891814
vt 0.343484 0.896701
vt 0.428103 0.619654
vt 0.427263 0.627364
vt 0.427263 0.612567
vt 0.106067 0.671573
vt 0.113286 0.657329
vt 0.311959 0.540530
vt 0.145853 0.483810
vt 0.689228 0.574381
vt 0.863108 0.471863
vt 0.875313 0.512772
vt 0.297752 0.518429
vt 0.873622 0.459108
vt 0.851680 0.460010
vt 0.293822 0.449548
vt 0.144826 0.440420
vt 0.145091 0.400582
vt 0.226518 0.782028
vt 0.319494 0.432190
vt 0.568477 0.347928
vt 0.491643 0.224470
vt 0.444842 0.204242
vt 0.447756 0.184232
vt 0.979956 0.176178
vt 0.085329 0.878914
vt 0.699557 0.404505
vt 0.693686 0.376024
vt 0.685878 0.358702
vt 0.873657 0.994158
vt 0.873235 0.988773
vt 0.876707 0.988913
vt 0.978764 0.087868
vt 0.528008 0.866186
vt 0.581911 0.850661
vt 0.717450 0.890525
vt 0.429435 0.564870
vt 0.308254 0.760488
vt 0.107785 0.686933
vt 0.596835 0.913227
vt 0.897510 0.666611
vt 0.694476 0.655461
vt 0.701154 0.616266
vt 0.519353 0.608505
vt 0.877006 0.533707
vt 0.690917 0.477249
vt 0.435243 0.458578
vt 0.430538 0.462113
vt 0.990194 0.255839
vt 0.990194 0.289172
vt 0.978025 0.264744
vt 0.459648 0.186544
vt 0.099571 0.860034
vt 0.100442 0.875754
vt 0.083476 0.861338
vt 0.171978 0.781984
vt 0.855860 0.330974
vt 0.860543 0.336462
vt 0.857860 0.336648
vt 0.675010 0.315711
vt 0.557899 0.854099
vt 0.739949 0.889134
vt 0.106635 0.718597
vt 0.434457 0.566468
vt 0.427084 0.812791
vt 0.888474 0.702779
vt 0.696171 0.762764
vt 0.287457 0.586350
vt 0.157325 0.435696
vt 0.150847 0.483731
vt 0.542970 0.294812
vt 0.179104 0.125927
vt 0.206771 0.808866
vt 0.204332 0.787807
vt 0.180582 0.794194
vt 0.844072 0.327564
vt 0.688627 0.333796
vt 0.575426 0.850388
vt 0.477808 0.920300
vt 0.428141 0.652747
vt 0.434693 0.643174
vt 0.432619 0.653329
vt 0.296087 0.756958
vt 0.891255 0.715762
vt 0.127518 0.601866
vt 0.124050 0.508788
vt 0.995389 0.682283
vt 0.991297 0.712904
vt 0.991297 0.674675
vt 0.285605 0.489316
vt 0.143247 0.350601
vt 0.582031 0.361556
vt 0.151170 0.307401
vt 0.157158 0.265096
vt 0.569077 0.314507
vt 0.900805 0.235621
vt 0.892964 0.204802
vt 0.904822 0.219226
vt 0.177885 0.136243
vt 0.707530 0.396903
vt 0.857726 0.388586
vt 0.854432 0.342959
vt 0.688474 0.354440
vt 0.684223 0.357231
vt 0.653795 0.914391
vt 0.391912 0.909314
vt 0.081350 0.694482
vt 0.704312 0.717592
vt 0.109397 0.595809
vt 0.285505 0.656899
vt 0.704493 0.600432
vt 0.282216 0.477746
vt 0.706243 0.466169
vt 0.700361 0.426376
vt 0.166414 0.144576
vt 0.145602 0.773986
vt 0.058241 0.899261
vt 0.127720 0.755772
vt 0.039160 0.924018
vt 0.220886 0.825687
vt 0.218656 0.812883
vt 0.225601 0.814780
vt 0.444608 0.974548
vt 0.441246 0.984615
vt 0.441246 0.967727
vt 0.720760 0.985809
vt 0.722776 0.991388
vt 0.720760 0.993702
vt 0.873235 0.982926
vt 0.851568 0.335132
vt 0.960556 0.077400
vt 0.550162 0.850598
vt 0.394598 0.829082
vt 0.899117 0.732272
vt 0.293083 0.703046
vt 0.118479 0.469398
vt 0.141220 0.173425
vt 0.068023 0.884534
vt 0.075801 0.871679
vt 0.713899 0.404032
vt 0.700362 0.377444
vt 0.852768 0.337323
vt 0.097082 0.975182
vt 0.102755 0.974145
vt 0.103572 0.984509
vt 0.723457 0.985667
vt 0.877481 0.984694
vt 0.982539 0.602158
vt 0.982972 0.590413
vt 0.987942 0.599661
vt 0.978933 0.595725
vt 0.688593 0.353421
vt 0.103572 0.963964
vt 0.837720 0.322166
vt 0.830699 0.303342
vt 0.439094 0.642712
vt 0.891234 0.737508
vt 0.286947 0.736579
vt 0.706647 0.782416
vt 0.706659 0.769079
vt 0.291826 0.721582
vt 0.094018 0.645728
vt 0.896762 0.677335
vt 0.289042 0.667833
vt 0.711154 0.569553
vt 0.900484 0.423745
vt 0.214539 0.825839
vt 0.978011 0.134711
vt 0.976569 0.143718
vt 0.973491 0.139002
vt 0.097131 0.984082
vt 0.974257 0.128663
vt 0.988026 0.607285
vt 0.982800 0.610502
vt 0.989704 0.603536
vt 0.851103 0.343321
vt 0.850096 0.339944
vt 0.650198 0.987946
vt 0.652607 0.985593
vt 0.652607 0.995603
vt 0.094371 0.974458
vt 0.673918 0.421819
vt 0.673918 0.417255
vt 0.676069 0.419086
vt 0.987135 0.584294
vt 0.689724 0.343148
vt 0.095431 0.965961
vt 0.989704 0.589763
vt 0.688909 0.337008
vt 0.674529 0.290614
vt 0.113544 0.721714
vt 0.093044 0.719308
vt 0.387911 0.890082
vt 0.341304 0.911490
vt 0.497309 0.908674
vt 0.499364 0.911824
vt 0.715329 0.871476
vt 0.420692 0.840125
vt 0.098328 0.678330
vt 0.602094 0.899610
vt 0.906671 0.692106
vt 0.103301 0.614781
vt 0.900531 0.644497
vt 0.873257 0.471607
vt 0.302825 0.983711
vt 0.308263 0.978837
vt 0.308263 0.999694
vt 0.723406 0.455948
vt 0.534948 0.279527
vt 0.526080 0.223072
vt 0.151932 0.149205
vt 0.902680 0.899258
vt 0.902680 0.959558
vt 0.896061 0.919421
vt 0.180894 0.088228
vt 0.187766 0.074647
vt 0.464463 0.171588
vt 0.091511 0.853275
vt 0.200938 0.811089
vt 0.192697 0.807037
vt 0.713283 0.393112
vt 0.850615 0.347161
vt 0.736133 0.984543
vt 0.739718 0.987982
vt 0.736133 0.993832
vt 0.696352 0.360031
vt 0.700036 0.364407
vt 0.499210 0.983536
vt 0.497682 0.978708
vt 0.499210 0.974612
vt 0.094792 0.986082
vt 0.093346 0.977822
vt 0.971297 0.127333
vt 0.992293 0.305079
vt 0.996286 0.301129
vt 0.998928 0.313573
vt 0.992610 0.295772
vt 0.978994 0.589196
vt 0.096896 0.963322
vt 0.094901 0.959636
vt 0.529398 0.849061
vt 0.427632 0.556236
vt 0.706897 0.681145
vt 0.276187 0.544806
vt 0.122838 0.397604
vt 0.142420 0.319223
vt 0.451144 0.170588
vt 0.165109 0.789685
vt 0.985156 0.641002
vt 0.988541 0.659270
vt 0.982109 0.646978
vt 0.991441 0.819355
vt 0.987913 0.823268
vt 0.984676 0.818038
vt 0.095841 0.991566
vt 0.970988 0.122842
vt 0.769559 0.995788
vt 0.764685 0.995758
vt 0.764285 0.990340
vt 0.769795 0.989452
vt 0.987992 0.582729
vt 0.558908 0.844209
vt 0.391927 0.823764
vt 0.496105 0.896190
vt 0.432714 0.557811
vt 0.435553 0.552607
vt 0.434686 0.636425
vt 0.739495 0.882138
vt 0.742035 0.883442
vt 0.717805 0.717242
vt 0.110195 0.550406
vt 0.711553 0.642709
vt 0.110062 0.509629
vt 0.891198 0.516776
vt 0.598539 0.367206
vt 0.148571 0.090776
vt 0.998928 0.290614
vt 0.769231 0.987256
vt 0.074945 0.990082
vt 0.068222 0.985718
vt 0.074945 0.982576
vt 0.502835 0.870146
vt 0.499865 0.856780
vt 0.089650 0.715084
vt 0.072871 0.702859
vt 0.090860 0.705076
vt 0.441010 0.633096
vt 0.087433 0.678714
vt 0.100570 0.634380
vt 0.716749 0.747693
vt 0.273883 0.688972
vt 0.901494 0.576094
vt 0.897202 0.628737
vt 0.713449 0.656358
vt 0.135106 0.383533
vt 0.130944 0.375985
vt 0.139138 0.343724
vt 0.580590 0.347166
vt 0.145144 0.288811
vt 0.045193 0.905633
vt 0.984676 0.860475
vt 0.711458 0.367054
vt 0.974738 0.149421
vt 0.970196 0.149138
vt 0.981668 0.931990
vt 0.981668 0.916629
vt 0.986838 0.921335
vt 0.960556 0.122650
vt 0.732849 0.992772
vt 0.732553 0.984543
vt 0.687601 0.299286
vt 0.630162 0.909095
vt 0.644079 0.920194
vt 0.569708 0.834044
vt 0.470881 0.906991
vt 0.433011 0.552683
vt 0.277050 0.665584
vt 0.281638 0.627919
vt 0.101060 0.556714
vt 0.128403 0.346081
vt 0.432918 0.452209
vt 0.148785 0.224155
vt 0.931825 0.195168
vt 0.195374 0.821310
vt 0.084181 0.849083
vt 0.185354 0.812112
vt 0.171332 0.806188
vt 0.139681 0.793065
vt 0.066640 0.866885
vt 0.019884 0.914922
vt 0.849355 0.395669
vt 0.849679 0.351853
vt 0.706025 0.361205
vt 0.696879 0.362104
vt 0.695380 0.350044
vt 0.995777 0.755677
vt 0.988247 0.743359
vt 0.995802 0.743732
vt 0.990375 0.909860
vt 0.964991 0.119214
vt 0.694211 0.331175
vt 0.693464 0.339400
vt 0.704366 0.314185
vt 0.822609 0.296006
vt 0.624790 0.913918
vt 0.745696 0.876117
vt 0.287120 0.752677
vt 0.912491 0.702369
vt 0.090102 0.660482
vt 0.094213 0.593962
vt 0.266043 0.552377
vt 0.610138 0.390529
vt 0.128768 0.279742
vt 0.144449 0.257225
vt 0.158315 0.138886
vt 0.169770 0.077595
vt 0.755488 0.939349
vt 0.758852 0.922345
vt 0.055094 0.881652
vt 0.724840 0.402906
vt 0.980683 0.629664
vt 0.729951 0.391715
vt 0.895242 0.966432
vt 0.889981 0.973955
vt 0.890394 0.962843
vt 0.879651 0.971890
vt 0.712792 0.366075
vt 0.987103 0.758795
vt 0.995219 0.764762
vt 0.990767 0.931004
vt 0.991220 0.916782
vt 0.987103 0.737508
vt 0.986501 0.908337
vt 0.764285 0.984248
vt 0.817050 0.300955
vt 0.544311 0.841398
vt 0.228305 0.889181
vt 0.225601 0.889181
vt 0.225737 0.883525
vt 0.615530 0.893163
vt 0.082340 0.666200
vt 0.720286 0.761883
vt 0.718203 0.736707
vt 0.135848 0.305649
vt 0.599452 0.347246
vt 0.727058 0.985667
vt 0.713094 0.967826
vt 0.727058 0.965685
vt 0.910371 0.208276
vt 0.817766 0.932873
vt 0.818923 0.943241
vt 0.817766 0.953847
vt 0.965685 0.154980
vt 0.984399 0.937051
vt 0.767302 0.980912
vt 0.523114 0.847786
vt 0.654648 0.898900
vt 0.658299 0.885776
vt 0.434712 0.546934
vt 0.434102 0.627307
vt 0.433793 0.617866
vt 0.911881 0.673596
vt 0.108007 0.527915
vt 0.902303 0.545130
vt 0.268322 0.495332
vt 0.127075 0.381310
vt 0.721943 0.444521
vt 0.582239 0.340309
vt 0.545035 0.282739
vt 0.203796 0.828069
vt 0.193301 0.830872
vt 0.456377 0.163439
vt 0.210126 0.844030
vt 0.727373 0.395293
vt 0.713238 0.363647
vt 0.988974 0.762686
vt 0.990455 0.534047
vt 0.990455 0.515045
vt 0.996857 0.519705
vt 0.329878 0.984335
vt 0.332304 0.978837
vt 0.332304 0.996189
vt 0.993038 0.513091
vt 0.999965 0.638405
vt 0.997700 0.641051
vt 0.994986 0.637228
vt 0.697300 0.336831
vt 0.816508 0.309562
vt 0.092186 0.991440
vt 0.088068 0.968442
vt 0.092186 0.959636
vt 0.341815 0.890813
vt 0.441949 0.615053
vt 0.436198 0.838709
vt 0.274540 0.729080
vt 0.722151 0.674328
vt 0.993549 0.812673
vt 0.985454 0.793884
vt 0.993549 0.780566
vt 0.186389 0.823614
vt 0.071392 0.860940
vt 0.068550 0.855725
vt 0.017737 0.896430
vt 0.114160 0.779807
vt 0.215888 0.850097
vt 0.836397 0.365156
vt 0.405721 0.987369
vt 0.401251 0.997423
vt 0.718620 0.358369
vt 0.702438 0.353404
vt 0.841008 0.350270
vt 0.830160 0.330843
vt 0.841169 0.345874
vt 0.994480 0.642461
vt 0.831862 0.324838
vt 0.818485 0.319000
vt 0.499364 0.847683
vt 0.513358 0.848177
vt 0.057597 0.966888
vt 0.064047 0.974873
vt 0.049995 0.985887
vt 0.559633 0.828176
vt 0.544105 0.828510
vt 0.702649 0.887302
vt 0.749649 0.868401
vt 0.226446 0.881157
vt 0.720051 0.752173
vt 0.088962 0.632052
vt 0.912583 0.663125
vt 0.265303 0.603232
vt 0.907173 0.561142
vt 0.716416 0.617151
vt 0.264530 0.567928
vt 0.223617 0.750347
vt 0.470131 0.164358
vt 0.984883 0.630722
vt 0.999965 0.659692
vt 0.995034 0.076380
vt 0.994790 0.055234
vt 0.999501 0.062774
vt 0.999501 0.050699
vt 0.702188 0.338643
vt 0.703455 0.330432
vt 0.821440 0.329046
vt 0.385229 0.885976
vt 0.429827 0.531776
vt 0.436036 0.544493
vt 0.920431 0.714516
vt 0.072833 0.666584
vt 0.271587 0.744910
vt 0.271013 0.714964
vt 0.719888 0.601688
vt 0.904552 0.470557
vt 0.258591 0.441167
vt 0.212769 0.746862
vt 0.119563 0.386174
vt 0.118210 0.364623
vt 0.728118 0.422109
vt 0.444842 0.432190
vt 0.071108 0.846508
vt 0.070925 0.840849
vt 0.055759 0.864029
vt 0.113993 0.773943
vt 0.738520 0.378390
vt 0.718120 0.361983
vt 0.892295 0.959191
vt 0.961614 0.155447
vt 0.893154 0.983115
vt 0.887001 0.990932
vt 0.887001 0.982405
vt 0.463137 0.899454
vt 0.267333 0.698159
vt 0.266349 0.625673
vt 0.271811 0.585120
vt 0.905921 0.528920
vt 0.721701 0.471091
vt 0.721387 0.460586
vt 0.115809 0.345919
vt 0.126838 0.317726
vt 0.620713 0.381243
vt 0.899962 0.174892
vt 0.151668 0.080719
vt 0.791797 0.960750
vt 0.790359 0.951245
vt 0.791797 0.942882
vt 0.042489 0.875891
vt 0.736195 0.403616
vt 0.896061 0.982406
vt 0.896061 0.957916
vt 0.960556 0.161759
vt 0.716221 0.363808
vt 0.574251 0.827529
vt 0.566176 0.817647
vt 0.437050 0.535405
vt 0.613107 0.886888
vt 0.918768 0.691191
vt 0.088069 0.614338
vt 0.266061 0.651810
vt 0.101253 0.512037
vt 0.904852 0.454384
vt 0.438056 0.439084
vt 0.594514 0.336874
vt 0.570092 0.291465
vt 0.151040 0.143191
vt 0.255102 0.956013
vt 0.247986 0.942034
vt 0.256483 0.946189
vt 0.498147 0.185934
vt 0.060731 0.854460
vt 0.178589 0.817801
vt 0.124401 0.793593
vt 0.647610 0.007662
vt 0.659851 0.008368
vt 0.652760 0.015686
vt 0.656202 0.001525
vt 0.166513 0.811280
vt 0.985349 0.623328
vt 0.743953 0.394117
vt 0.241854 0.990770
vt 0.237298 0.995464
vt 0.237298 0.982324
vt 0.707556 0.334752
vt 0.696638 0.298913
vt 0.812770 0.294878
vt 0.049995 0.961921
vt 0.641534 0.899203
vt 0.629753 0.897303
vt 0.385493 0.873146
vt 0.434352 0.611623
vt 0.722281 0.773955
vt 0.082658 0.654838
vt 0.084087 0.643546
vt 0.728522 0.744730
vt 0.268574 0.667177
vt 0.819756 0.703460
vt 0.814307 0.678980
vt 0.827956 0.664848
vt 0.097912 0.526291
vt 0.218475 0.757197
vt 0.127514 0.289501
vt 0.134695 0.236895
vt 0.547399 0.274232
vt 0.915446 0.192669
vt 0.253972 0.928295
vt 0.188456 0.988829
vt 0.188456 0.983263
vt 0.190236 0.985903
vt 0.791797 0.992288
vt 0.791797 0.980119
vt 0.799693 0.987987
vt 0.340741 0.877402
vt 0.738369 0.842114
vt 0.394914 0.842444
vt 0.467820 0.864745
vt 0.457710 0.890809
vt 0.724404 0.716599
vt 0.912616 0.644114
vt 0.344105 0.692770
vt 0.346089 0.721534
vt 0.333310 0.734783
vt 0.255264 0.607279
vt 0.730468 0.613170
vt 0.497863 0.952500
vt 0.499364 0.937154
vt 0.499364 0.959482
vt 0.260868 0.471126
vt 0.590552 0.327837
vt 0.142193 0.142024
vt 0.058429 0.858532
vt 0.470415 0.156469
vt 0.865229 0.019271
vt 0.859718 0.006462
vt 0.875612 0.007848
vt 0.944481 0.685392
vt 0.934156 0.680912
vt 0.949623 0.676654
vt 0.714106 0.333077
vt 0.819507 0.339101
vt 0.711200 0.325202
vt 0.709379 0.322980
vt 0.810576 0.306857
vt 0.693662 0.290721
vt 0.500944 0.830761
vt 0.715508 0.854789
vt 0.752734 0.862966
vt 0.068767 0.675672
vt 0.228702 0.991132
vt 0.228979 0.979497
vt 0.726855 0.758009
vt 0.261220 0.696646
vt 0.727134 0.702695
vt 0.916751 0.636306
vt 0.910741 0.615069
vt 0.916881 0.576591
vt 0.726472 0.601019
vt 0.728281 0.584779
vt 0.098879 0.488505
vt 0.115920 0.375052
vt 0.904849 0.974655
vt 0.904849 0.950497
vt 0.927588 0.968067
vt 0.653796 0.803161
vt 0.653796 0.831794
vt 0.651797 0.814734
vt 0.876039 0.211100
vt 0.881082 0.134635
vt 0.700785 0.986394
vt 0.696336 0.985031
vt 0.702157 0.983293
vt 0.694296 0.977752
vt 0.690536 0.978766
vt 0.868108 0.982926
vt 0.875413 0.970949
vt 0.876322 0.977897
vt 0.692894 0.976535
vt 0.962061 0.374485
vt 0.961533 0.366926
vt 0.965749 0.374560
vt 0.877481 0.969383
vt 0.865727 0.982390
vt 0.655421 0.422036
vt 0.657313 0.417120
vt 0.658807 0.422036
vt 0.861051 0.977225
vt 0.859660 0.979859
vt 0.842158 0.916047
vt 0.840118 0.927762
vt 0.840118 0.906849
vt 0.216877 0.858285
vt 0.817850 0.335057
vt 0.793444 0.297742
vt 0.524744 0.817991
vt 0.441246 0.845903
vt 0.620910 0.887165
vt 0.735101 0.769246
vt 0.264390 0.728520
vt 0.920693 0.640072
vt 0.081598 0.618465
vt 0.817000 0.731664
vt 0.804445 0.697499
vt 0.822939 0.729149
vt 0.346393 0.631801
vt 0.350487 0.663851
vt 0.816543 0.652645
vt 0.876725 0.965730
vt 0.861550 0.974543
vt 0.874199 0.965698
vt 0.996285 0.480243
vt 0.994078 0.476800
vt 0.996864 0.477647
vt 0.994741 0.481750
vt 0.661917 0.035177
vt 0.677033 0.012248
vt 0.668454 0.017403
vt 0.741748 0.404167
vt 0.702671 0.293199
vt 0.504801 0.825720
vt 0.042523 0.706250
vt 0.070886 0.662053
vt 0.920956 0.665267
vt 0.333897 0.754379
vt 0.337354 0.734655
vt 0.345325 0.737324
vt 0.400561 0.716990
vt 0.390122 0.714477
vt 0.390447 0.698261
vt 0.087681 0.549360
vt 0.256151 0.591137
vt 0.259770 0.556754
vt 0.915781 0.543122
vt 0.110677 0.386321
vt 0.111650 0.363139
vt 0.608276 0.338555
vt 0.889781 0.132442
vt 0.690536 0.989582
vt 0.972879 0.369492
vt 0.444842 0.993356
vt 0.448181 0.985031
vt 0.449458 0.992016
vt 0.382798 0.983513
vt 0.386541 0.983513
vt 0.386514 0.993767
vt 0.444842 0.983482
vt 0.857898 0.020818
vt 0.874317 0.963187
vt 0.109181 0.777993
vt 0.988541 0.610790
vt 0.739144 0.360979
vt 0.966349 0.388001
vt 0.951867 0.382806
vt 0.968998 0.385374
vt 0.983000 0.853313
vt 0.984676 0.865230
vt 0.975373 0.846950
vt 0.973228 0.857413
vt 0.803613 0.312338
vt 0.056018 0.959636
vt 0.437368 0.598041
vt 0.439394 0.523596
vt 0.433846 0.524013
vt 0.853083 0.984658
vt 0.853083 0.995214
vt 0.850433 0.992002
vt 0.622748 0.883892
vt 0.624790 0.880296
vt 0.923849 0.696707
vt 0.807166 0.764324
vt 0.822729 0.762567
vt 0.817094 0.772455
vt 0.811752 0.756039
vt 0.823057 0.748989
vt 0.730872 0.728641
vt 0.347849 0.747818
vt 0.759088 0.729732
vt 0.759586 0.709997
vt 0.769956 0.710002
vt 0.394057 0.745736
vt 0.765754 0.704273
vt 0.796708 0.681936
vt 0.089009 0.511475
vt 0.095930 0.392296
vt 0.728774 0.443053
vt 0.120535 0.301542
vt 0.441949 0.653329
vt 0.441949 0.719290
vt 0.429292 0.659749
vt 0.119271 0.098872
vt 0.188366 0.977412
vt 0.188366 0.968701
vt 0.190355 0.971883
vt 0.037407 0.856857
vt 0.961748 0.362852
vt 0.840437 0.029868
vt 0.826289 0.010933
vt 0.181645 0.837806
vt 0.676069 0.420283
vt 0.678789 0.417255
vt 0.678789 0.420549
vt 0.993690 0.474677
vt 0.875713 0.957916
vt 0.995686 0.995012
vt 0.998383 0.974446
vt 1.000000 0.995012
vt 0.859660 0.961559
vt 0.929637 0.713235
vt 0.945840 0.719766
vt 0.926136 0.727498
vt 0.994788 0.470559
vt 0.063895 0.841265
vt 0.792911 0.010392
vt 0.799070 0.000000
vt 0.813289 0.015311
vt 0.103572 0.786962
vt 0.009472 0.908958
vt 0.014676 0.913583
vt 0.749258 0.407559
vt 0.819033 0.380519
vt 0.987234 0.551386
vt 0.993776 0.547138
vt 0.990625 0.570233
vt 0.707756 0.302205
vt 0.801702 0.306980
vt 0.795067 0.292493
vt 0.541303 0.813618
vt 0.046947 0.698354
vt 0.435448 0.857693
vt 0.991476 0.036782
vt 0.995142 0.043804
vt 0.991476 0.049993
vt 0.441949 0.519251
vt 0.433231 0.595299
vt 0.972960 0.175228
vt 0.973088 0.171077
vt 0.980334 0.176178
vt 0.767872 0.780541
vt 0.760502 0.784818
vt 0.766883 0.768618
vt 0.259412 0.740335
vt 0.070823 0.650619
vt 0.259170 0.713575
vt 0.759172 0.759789
vt 0.769141 0.751198
vt 0.405721 0.990302
vt 0.410666 0.981336
vt 0.410666 0.995677
vt 0.763437 0.734274
vt 0.806765 0.742864
vt 0.358669 0.702656
vt 0.376327 0.693997
vt 0.395061 0.672424
vt 0.380873 0.684244
vt 0.808333 0.661851
vt 0.915337 0.521775
vt 0.731794 0.468691
vt 0.239095 0.931742
vt 0.911363 0.177521
vt 0.534453 0.160195
vt 0.394954 0.937591
vt 0.391912 0.937684
vt 0.395087 0.930681
vt 0.253679 0.978086
vt 0.248801 0.970081
vt 0.249383 0.967431
vt 0.970537 0.359615
vt 0.989019 0.480538
vt 0.989019 0.465453
vt 0.961533 0.354753
vt 0.728429 0.968818
vt 0.727058 0.976651
vt 0.936728 0.711033
vt 0.992027 0.469703
vt 0.327648 0.769721
vt 0.327648 0.760488
vt 0.328630 0.765379
vt 0.104825 0.781088
vt 0.216972 0.864554
vt 0.206771 0.884748
vt 0.717982 0.985666
vt 0.717982 0.994738
vt 0.715619 0.990518
vt 0.749699 0.389631
vt 0.739625 0.386158
vt 0.949383 0.695105
vt 0.329762 0.964565
vt 0.329762 0.941377
vt 0.332822 0.957790
vt 0.973166 0.836925
vt 0.978314 0.831403
vt 0.981033 0.836160
vt 0.653319 0.896689
vt 0.496379 0.876078
vt 0.422580 0.874948
vt 0.977176 0.168101
vt 0.973318 0.166559
vt 0.346529 0.772805
vt 0.336973 0.762952
vt 0.343543 0.759233
vt 0.733606 0.753588
vt 0.368198 0.739047
vt 0.770683 0.683022
vt 0.789201 0.698897
vt 0.769999 0.643160
vt 0.779653 0.644925
vt 0.387655 0.655374
vt 0.362946 0.669975
vt 0.393868 0.652976
vt 0.252838 0.575048
vt 0.247493 0.473989
vt 0.253434 0.434048
vt 0.106833 0.336764
vt 0.630838 0.365443
vt 0.120076 0.279597
vt 0.601173 0.318879
vt 0.126344 0.213302
vt 0.128910 0.181146
vt 0.140155 0.136793
vt 0.656010 0.034723
vt 0.648172 0.015166
vt 0.439451 0.931059
vt 0.439841 0.940629
vt 0.423653 0.939758
vt 0.411665 0.946604
vt 0.708132 0.017438
vt 0.393411 0.926137
vt 0.441092 0.929189
vt 0.438975 0.925924
vt 0.432920 0.933688
vt 0.396711 0.925924
vt 0.001735 0.962650
vt 0.006499 0.962675
vt 0.005690 0.964612
vt 0.000000 0.966439
vt 0.009183 0.911409
vt 0.837392 0.411082
vt 0.838916 0.408007
vt 0.848683 0.398342
vt 0.801163 0.371279
vt 0.957474 0.902282
vt 0.980476 0.933938
vt 0.981668 0.937733
vt 0.448611 0.875595
vt 0.069147 0.667146
vt 0.070822 0.671904
vt 0.782572 0.753430
vt 0.399155 0.748732
vt 0.379171 0.748886
vt 0.784137 0.730185
vt 0.786297 0.716130
vt 0.383745 0.741386
vt 0.375690 0.706816
vt 0.367600 0.687399
vt 0.916566 0.470605
vt 0.734748 0.440434
vt 0.108194 0.368888
vt 0.628542 0.377132
vt 0.580954 0.273194
vt 0.660656 0.158049
vt 0.659808 0.102966
vt 0.673284 0.129821
vt 0.131515 0.141049
vt 0.989019 0.481750
vt 0.983624 0.456273
vt 0.985772 0.451163
vt 0.394156 0.943669
vt 0.424111 0.951586
vt 0.259685 0.980082
vt 0.266842 0.973828
vt 0.847070 0.034824
vt 0.146731 0.981418
vt 0.147063 0.976465
vt 0.148401 0.980265
vt 0.144838 0.985456
vt 0.140803 0.979986
vt 0.000000 0.910933
vt 0.427244 0.645537
vt 0.427244 0.637688
vt 0.428123 0.640932
vt 0.992095 0.764879
vt 0.993438 0.780566
vt 0.993156 0.465060
vt 0.757637 0.408136
vt 0.009569 0.964145
vt 0.008335 0.962853
vt 0.013202 0.963740
vt 0.009594 0.965039
vt 0.229084 0.990593
vt 0.231296 0.986447
vt 0.231682 0.990430
vt 0.833596 0.409336
vt 0.843687 0.401545
vt 0.972597 0.685134
vt 0.744334 0.346043
vt 0.791770 0.345463
vt 0.727631 0.323191
vt 0.989483 0.200880
vt 0.991325 0.228668
vt 0.986640 0.201488
vt 0.886210 0.421954
vt 0.889606 0.409868
vt 0.913705 0.419769
vt 0.987234 0.534790
vt 0.938899 0.375796
vt 0.935016 0.377616
vt 0.992879 0.540073
vt 0.167442 0.992153
vt 0.161534 0.986636
vt 0.167442 0.976726
vt 0.550695 0.807285
vt 0.713094 0.837530
vt 0.757970 0.849764
vt 0.859660 0.990690
vt 0.856349 0.993208
vt 0.856349 0.985487
vt 0.968998 0.422012
vt 0.968998 0.414751
vt 0.975332 0.418362
vt 0.859228 0.984658
vt 0.643782 0.992979
vt 0.641477 0.985593
vt 0.645029 0.985593
vt 0.064247 0.664377
vt 0.347520 0.786268
vt 0.341570 0.788120
vt 0.390104 0.762198
vt 0.374753 0.760190
vt 0.442049 0.602318
vt 0.442049 0.561373
vt 0.444612 0.592004
vt 0.923441 0.543980
vt 0.768281 0.607445
vt 0.777757 0.612245
vt 0.765518 0.624504
vt 0.248415 0.560322
vt 0.739801 0.476017
vt 0.215567 0.725298
vt 0.920616 0.184761
vt 0.864058 0.034561
vt 0.436426 0.951497
vt 0.440332 0.945175
vt 0.867989 0.020794
vt 0.457047 0.962196
vt 0.471822 0.957093
vt 0.468245 0.962152
vt 0.147531 0.987060
vt 0.975192 0.371098
vt 0.978885 0.366176
vt 0.037689 0.826029
vt 0.045067 0.855438
vt 0.806410 0.026435
vt 0.064047 0.981185
vt 0.075307 0.975111
vt 0.069260 0.982575
vt 0.468110 0.946054
vt 0.258037 0.962027
vt 0.033188 0.979771
vt 0.031585 0.974116
vt 0.038001 0.968317
vt 0.993438 0.776118
vt 0.997308 0.765036
vt 0.997308 0.780566
vt 0.232004 0.993610
vt 0.994480 0.657620
vt 0.988541 0.673718
vt 0.988541 0.638142
vt 0.754236 0.391556
vt 0.972283 0.917609
vt 0.973043 0.334727
vt 0.972850 0.327157
vt 0.982351 0.325397
vt 0.759088 0.792267
vt 0.758063 0.787650
vt 0.759088 0.786065
vt 0.444282 0.648387
vt 0.444282 0.692150
vt 0.442234 0.671977
vt 0.400897 0.868418
vt 0.045490 0.686308
vt 0.931921 0.983842
vt 0.934089 0.986220
vt 0.931921 0.992205
vt 0.975336 0.421789
vt 0.990253 0.246886
vt 0.983084 0.253920
vt 0.983084 0.244041
vt 0.172049 0.993664
vt 0.172049 0.986201
vt 0.174510 0.989602
vt 0.936456 0.984976
vt 0.726547 0.991905
vt 0.723457 0.990435
vt 0.727058 0.988463
vt 0.428141 0.586196
vt 0.062410 0.665592
vt 0.777068 0.781113
vt 0.779659 0.777969
vt 0.980334 0.164907
vt 0.985315 0.338819
vt 0.985315 0.329166
vt 0.991258 0.335431
vt 0.371797 0.785848
vt 0.385435 0.788668
vt 0.391032 0.777974
vt 0.812859 0.780264
vt 0.806212 0.778616
vt 0.357391 0.783634
vt 0.800408 0.751119
vt 0.389384 0.632121
vt 0.396499 0.636961
vt 0.365601 0.632261
vt 0.747903 0.487199
vt 0.242255 0.501829
vt 0.241292 0.446093
vt 0.102348 0.341729
vt 0.111712 0.286929
vt 0.104579 0.274788
vt 0.105551 0.185244
vt 0.111547 0.063681
vt 0.397716 0.947012
vt 0.978642 0.427345
vt 0.975638 0.429973
vt 0.977838 0.422109
vt 0.461299 0.966738
vt 0.670427 0.038479
vt 0.196384 0.894288
vt 0.049995 0.979771
vt 0.069360 0.964139
vt 0.078288 0.966158
vt 0.255888 0.957238
vt 0.812346 0.980119
vt 0.817765 0.992835
vt 0.812346 0.997687
vt 0.206771 0.992313
vt 0.208384 0.981196
vt 0.212712 0.985735
vt 0.198649 0.992593
vt 0.201163 0.983994
vt 0.201163 0.995209
vt 0.210867 0.979497
vt 0.992401 0.462745
vt 0.013071 0.969543
vt 0.014746 0.968414
vt 0.835370 0.414306
vt 0.814950 0.394535
vt 0.748758 0.305487
vt 0.989048 0.221482
vt 0.954093 0.401067
vt 0.976600 0.321416
vt 0.790325 0.290614
vt 0.639542 0.881997
vt 0.682688 0.985112
vt 0.688940 0.984853
vt 0.679826 0.992531
vt 0.739718 0.993600
vt 0.739718 0.984543
vt 0.743554 0.986800
vt 0.820110 0.992316
vt 0.819039 0.985950
vt 0.822773 0.992316
vt 0.823285 0.984596
vt 0.973112 0.657104
vt 0.979339 0.656850
vt 0.978121 0.663606
vt 0.824150 0.613926
vt 0.789743 0.623055
vt 0.385201 0.620101
vt 0.771689 0.586165
vt 0.336995 0.618684
vt 0.339167 0.602622
vt 0.352027 0.612103
vt 0.084716 0.406840
vt 0.105848 0.346367
vt 0.736015 0.422852
vt 0.287610 0.767954
vt 0.280356 0.760488
vt 0.292234 0.765558
vt 0.961533 0.350570
vt 0.962450 0.321198
vt 0.969809 0.333520
vt 0.974998 0.518907
vt 0.974253 0.501482
vt 0.978433 0.515175
vt 0.978025 0.273861
vt 0.957625 0.290019
vt 0.957625 0.255839
vt 0.448393 0.943050
vt 0.979480 0.361392
vt 0.981344 0.350570
vt 0.459617 0.943690
vt 0.333304 0.970487
vt 0.329712 0.978837
vt 0.329712 0.965236
vt 0.071306 0.959844
vt 0.461924 0.941817
vt 0.941563 0.711848
vt 0.673918 0.422036
vt 0.671349 0.417904
vt 0.610664 0.985754
vt 0.610664 0.992693
vt 0.607801 0.989069
vt 0.017059 0.962959
vt 0.892519 0.392612
vt 0.157762 0.975418
vt 0.979054 0.335476
vt 0.985315 0.328691
vt 0.978829 0.318867
vt 0.886210 0.375796
vt 0.905862 0.382827
vt 0.782999 0.294308
vt 0.601965 0.985754
vt 0.605695 0.966600
vt 0.615134 0.985754
vt 0.523552 0.810717
vt 0.058309 0.672526
vt 0.752514 0.840128
vt 0.993549 0.815606
vt 0.993549 0.804679
vt 0.995810 0.807778
vt 0.444842 0.874264
vt 0.449386 0.867493
vt 0.720559 0.993556
vt 0.717982 0.991236
vt 0.720559 0.985667
vt 0.873235 0.990936
vt 0.867479 0.986690
vt 0.792088 0.774793
vt 0.786315 0.778718
vt 0.140803 0.991198
vt 0.134706 0.995726
vt 0.140803 0.976465
vt 0.798537 0.776348
vt 0.381221 0.634743
vt 0.398537 0.620823
vt 0.816210 0.609126
vt 0.392270 0.603809
vt 0.741355 0.592785
vt 0.206771 0.722709
vt 0.636852 0.368038
vt 0.660853 0.086901
vt 0.673141 0.092412
vt 0.127230 0.134436
vt 0.134073 0.125364
vt 0.113245 0.105152
vt 0.985527 0.442611
vt 0.977721 0.498535
vt 0.660677 0.048912
vt 0.655808 0.041913
vt 0.859370 0.041902
vt 0.232015 0.989020
vt 0.237298 0.993402
vt 0.679950 0.038560
vt 0.415072 0.938990
vt 0.713094 0.985666
vt 0.715619 0.988927
vt 0.713094 0.995207
vt 0.546435 0.986448
vt 0.546435 0.972779
vt 0.551631 0.988605
vt 0.546435 0.970163
vt 0.545117 0.977331
vt 0.545117 0.966839
vt 0.978933 0.420566
vt 0.978933 0.415086
vt 0.982455 0.418557
vt 0.006508 0.982327
vt 0.054872 0.990348
vt 0.054872 0.985887
vt 0.057676 0.991742
vt 0.232004 0.982324
vt 0.058056 0.987818
vt 0.968950 0.656850
vt 0.968535 0.660911
vt 0.965544 0.658172
vt 0.786341 0.299298
vt 0.624790 0.882828
vt 0.633765 0.880296
vt 0.654852 0.842483
vt 0.433724 0.863617
vt 0.982455 0.418565
vt 0.984995 0.415005
vt 0.984995 0.420566
vt 0.362494 0.988374
vt 0.365093 0.981065
vt 0.365093 0.991962
vt 0.993973 0.198690
vt 0.992275 0.200880
vt 0.989572 0.198284
vt 0.867392 0.991023
vt 0.133613 0.989440
vt 0.814355 0.784813
vt 0.979339 0.673539
vt 0.993194 0.181070
vt 0.987986 0.166729
vt 0.993973 0.174461
vt 0.647640 0.985592
vt 0.647640 0.994960
vt 0.645029 0.990601
vt 0.835912 0.503317
vt 0.922379 0.501083
vt 0.914346 0.447712
vt 0.992293 0.329166
vt 0.985315 0.317287
vt 0.992293 0.305818
vt 0.090932 0.388742
vt 0.747753 0.466633
vt 0.972850 0.314365
vt 0.966781 0.312135
vt 0.915122 0.163044
vt 0.989019 0.443164
vt 0.118539 0.085534
vt 0.988780 0.420566
vt 0.537030 0.177455
vt 0.978433 0.470769
vt 0.134854 0.104380
vt 0.143342 0.097066
vt 0.961533 0.290614
vt 0.968707 0.295957
vt 0.432730 0.958321
vt 0.404398 0.961885
vt 0.961941 0.479412
vt 0.960992 0.470769
vt 0.972335 0.474703
vt 0.125668 0.992809
vt 0.123305 0.983114
vt 0.125668 0.980790
vt 0.916402 0.995919
vt 0.913668 0.999547
vt 0.915042 0.993412
vt 0.725036 0.005126
vt 0.731940 0.009607
vt 0.735669 0.024112
vt 0.558836 0.979170
vt 0.221883 0.880965
vt 0.064047 0.961357
vt 0.212712 0.997965
vt 0.261311 0.956217
vt 0.264481 0.957139
vt 0.975336 0.419368
vt 0.978442 0.415188
vt 0.978442 0.422012
vt 0.065694 0.959636
vt 0.428123 0.637689
vt 0.427263 0.632139
vt 0.428123 0.627364
vt 0.456361 0.940721
vt 0.771080 0.399391
vt 0.944112 0.710487
vt 0.966655 0.668123
vt 0.963366 0.662203
vt 0.967089 0.664705
vt 0.750387 0.361300
vt 0.946422 0.415934
vt 0.984530 0.311537
vt 0.542249 0.803161
vt 0.532544 0.809333
vt 0.417126 0.872323
vt 0.681510 0.981740
vt 0.685823 0.979703
vt 0.074945 0.992819
vt 0.074945 0.982575
vt 0.077901 0.987333
vt 0.986639 0.193618
vt 0.968950 0.665605
vt 0.364302 0.616244
vt 0.782202 0.606192
vt 0.919728 0.452336
vt 0.921157 0.422789
vt 0.991220 0.937051
vt 0.991220 0.904956
vt 0.997203 0.930883
vt 0.444842 0.561373
vt 0.442049 0.554798
vt 0.093565 0.302354
vt 0.864736 0.899258
vt 0.859161 0.883477
vt 0.876111 0.889447
vt 0.978642 0.441097
vt 0.048675 0.963199
vt 0.759088 0.939249
vt 0.772634 0.909957
vt 0.774778 0.938441
vt 0.785067 0.020448
vt 0.988095 0.669375
vt 0.980265 0.674675
vt 0.980265 0.660153
vt 0.140803 0.996500
vt 0.948581 0.707215
vt 0.963361 0.665773
vt 0.952650 0.665899
vt 0.948520 0.699571
vt 0.806143 0.395047
vt 0.780250 0.340974
vt 0.936435 0.408602
vt 0.933425 0.376797
vt 0.505145 0.817193
vt 0.512901 0.813173
vt 0.490079 0.847452
vt 0.452477 0.858229
vt 0.445362 0.864802
vt 0.620765 0.977470
vt 0.615590 0.984776
vt 0.615181 0.971146
vt 0.615181 0.992388
vt 0.462387 0.989044
vt 0.467815 0.983482
vt 0.467815 0.990999
vt 0.620192 0.968813
vt 0.615982 0.966600
vt 0.690536 0.982098
vt 0.388993 0.945947
vt 0.390147 0.938827
vt 0.391912 0.958591
vt 0.391912 0.932886
vt 0.631096 0.969703
vt 0.633451 0.981773
vt 0.630849 0.978302
vt 0.637412 0.968175
vt 0.632048 0.956131
vt 0.803076 0.605520
vt 0.793266 0.591441
vt 0.369790 0.600124
vt 0.387011 0.577314
vt 0.776215 0.566721
vt 0.894999 0.266645
vt 0.924982 0.277571
vt 0.898347 0.289186
vt 0.112512 0.111335
vt 0.128977 0.116719
vt 0.834734 0.056116
vt 0.410811 0.958028
vt 0.068222 0.995117
vt 0.064047 0.985703
vt 0.068222 0.982575
vt 0.455860 0.976423
vt 0.962523 0.488364
vt 0.912926 0.983727
vt 0.039707 0.959636
vt 0.222996 0.886009
vt 0.048009 0.798077
vt 0.684153 0.420362
vt 0.682427 0.418578
vt 0.684153 0.417255
vt 0.968950 0.673307
vt 0.967397 0.669677
vt 0.016970 0.982327
vt 0.017272 0.959636
vt 0.948973 0.703721
vt 0.993957 0.421592
vt 0.993957 0.462439
vt 0.991719 0.434305
vt 0.779153 0.348023
vt 0.930710 0.377745
vt 0.983668 0.306602
vt 0.833315 0.839598
vt 0.827865 0.837347
vt 0.836073 0.824325
vt 0.823038 0.825514
vt 0.819899 0.832041
vt 0.624790 0.987166
vt 0.322265 0.989432
vt 0.313817 0.978837
vt 0.324263 0.978837
vt 0.625531 0.987675
vt 0.627573 0.980678
vt 0.629204 0.987283
vt 0.561259 0.986355
vt 0.558836 0.991489
vt 0.564261 0.974208
vt 0.558836 0.966483
vt 0.365258 0.985168
vt 0.370266 0.983513
vt 0.370266 0.991457
vt 0.462387 0.992827
vt 0.457811 0.987537
vt 0.462387 0.983482
vt 0.564640 0.982856
vt 0.626971 0.960463
vt 0.625531 0.952873
vt 0.239111 0.963840
vt 0.229084 0.982324
vt 0.229084 0.956013
vt 0.095426 0.329664
vt 0.091446 0.306696
vt 0.618085 0.328140
vt 0.829316 0.245649
vt 0.844888 0.220540
vt 0.850358 0.234136
vt 0.542785 0.241059
vt 0.846705 0.118955
vt 0.836172 0.094375
vt 0.861508 0.081728
vt 0.660590 0.067908
vt 0.263173 0.889391
vt 0.241064 0.905717
vt 0.859446 0.055823
vt 0.670997 0.062981
vt 0.424878 0.969230
vt 0.424201 0.972681
vt 0.409065 0.970839
vt 0.421526 0.960186
vt 0.415844 0.956014
vt 0.419902 0.949198
vt 0.390049 0.977018
vt 0.388627 0.958591
vt 0.515826 0.145832
vt 0.225601 0.889404
vt 0.209352 0.886598
vt 0.269297 0.972888
vt 0.269297 0.956013
vt 0.771789 0.417120
vt 0.846781 0.992599
vt 0.846781 0.984658
vt 0.850433 0.987970
vt 0.993700 0.637228
vt 0.956364 0.669968
vt 0.840066 0.421146
vt 0.810944 0.420700
vt 0.969948 0.711420
vt 0.969299 0.674675
vt 0.985315 0.302794
vt 0.840117 0.854153
vt 0.835641 0.810644
vt 0.830660 0.799804
vt 0.836929 0.801965
vt 0.832818 0.787179
vt 0.826866 0.820251
vt 0.527529 0.804016
vt 0.529208 0.806805
vt 0.823268 0.805111
vt 0.823490 0.811790
vt 0.817765 0.813212
vt 0.391912 0.877505
vt 0.439727 0.862948
vt 0.435888 0.868491
vt 0.684781 0.975219
vt 0.357945 0.998804
vt 0.353592 0.997603
vt 0.357945 0.990371
vt 0.568937 0.992185
vt 0.999581 0.867675
vt 0.995436 0.854884
vt 0.999581 0.843091
vt 0.975638 0.459448
vt 0.975638 0.441097
vt 0.978730 0.446787
vt 0.728546 0.984543
vt 0.731974 0.989692
vt 0.728546 0.994762
vt 0.232844 0.485199
vt 0.229084 0.432190
vt 0.879312 0.275722
vt 0.333310 0.457410
vt 0.338832 0.440281
vt 0.347649 0.485278
vt 0.622843 0.328806
vt 0.980265 0.722579
vt 0.990858 0.710579
vt 0.990858 0.737098
vt 0.851208 0.061125
vt 0.471821 0.977957
vt 0.481616 0.991648
vt 0.471822 0.991919
vt 0.712747 0.976381
vt 0.710570 0.975267
vt 0.712747 0.954631
vt 0.194362 0.887869
vt 0.444842 0.941745
vt 0.917022 0.974655
vt 0.037464 0.800640
vt 0.014252 0.981649
vt 0.965581 0.727254
vt 0.935038 0.732284
vt 0.695757 0.947116
vt 0.709186 0.931413
vt 0.707505 0.959838
vt 0.982419 0.290614
vt 0.828651 0.816789
vt 0.827750 0.794879
vt 0.740274 0.821082
vt 0.045877 0.675962
vt 0.428364 0.875800
vt 0.009252 0.989429
vt 0.013885 0.982327
vt 0.013885 0.994450
vt 0.679826 0.973766
vt 0.353760 0.981065
vt 0.369314 0.543283
vt 0.808809 0.533080
vt 0.348079 0.511388
vt 0.401949 0.545781
vt 0.397368 0.527237
vt 0.818920 0.523786
vt 0.766745 0.512315
vt 0.779623 0.519625
vt 0.238240 0.474638
vt 0.775757 0.511547
vt 0.763507 0.505851
vt 0.444802 0.602318
vt 0.444802 0.621232
vt 0.444282 0.608935
vt 0.926136 0.444879
vt 0.234374 0.451027
vt 0.357900 0.505882
vt 0.339042 0.505166
vt 0.334490 0.493347
vt 0.363882 0.469638
vt 0.924605 0.251381
vt 0.294282 0.779293
vt 0.683214 0.247471
vt 0.667906 0.227469
vt 0.698127 0.246130
vt 0.606852 0.292446
vt 0.827451 0.171150
vt 0.846381 0.153031
vt 0.099265 0.232948
vt 0.114844 0.159242
vt 0.276798 0.888745
vt 0.755957 0.959231
vt 0.759080 0.971396
vt 0.755957 0.977818
vt 0.671228 0.075054
vt 0.859428 0.074709
vt 0.422888 0.971224
vt 0.417086 0.981336
vt 0.450905 0.983482
vt 0.444842 0.977485
vt 0.961994 0.506328
vt 0.731273 0.051116
vt 0.973280 0.470780
vt 0.974253 0.481158
vt 0.203966 0.901255
vt 0.993102 0.036782
vt 0.991476 0.018525
vt 0.994238 0.017108
vt 0.709673 0.958599
vt 0.555623 0.966483
vt 0.994436 0.118640
vt 0.989407 0.116217
vt 0.994436 0.105371
vt 0.802414 0.405153
vt 0.986640 0.243864
vt 0.912720 0.998489
vt 0.904849 0.982878
vt 0.912720 0.974655
vt 0.826332 0.811484
vt 0.499042 0.852496
vt 0.400992 0.883947
vt 0.722773 0.820764
vt 0.133424 0.996552
vt 0.125668 0.990114
vt 0.133424 0.976465
vt 0.952946 0.980767
vt 0.951950 0.998175
vt 0.947612 0.980767
vt 0.313817 0.998867
vt 0.308263 0.996298
vt 0.313727 0.994693
vt 0.791271 0.546360
vt 0.382086 0.530276
vt 0.756632 0.492397
vt 0.232806 0.474357
vt 0.991270 0.290614
vt 0.442780 0.788393
vt 0.429292 0.774020
vt 0.442780 0.774016
vt 0.350327 0.439289
vt 0.991476 0.000000
vt 0.991476 0.050699
vt 0.985928 0.013685
vt 0.822853 0.054627
vt 0.697403 0.051216
vt 0.431663 0.987034
vt 0.436378 0.981336
vt 0.436378 0.995797
vt 0.328630 0.769722
vt 0.328630 0.778605
vt 0.327936 0.772558
vt 0.912926 0.974699
vt 0.451678 0.941226
vt 0.445780 0.937154
vt 0.377868 0.991300
vt 0.377868 0.983513
vt 0.382798 0.987000
vt 0.846782 0.991462
vt 0.842367 0.987454
vt 0.846782 0.984658
vt 0.995637 0.001523
vt 0.768564 0.391465
vt 0.798312 0.386830
vt 0.751078 0.335188
vt 0.789965 0.365776
vt 0.919796 0.407236
vt 0.034221 0.703226
vt 0.469956 0.849152
vt 0.994084 0.975746
vt 0.995686 0.982877
vt 0.988817 0.974446
vt 0.269297 0.980082
vt 0.269297 0.996407
vt 0.266973 0.989649
vt 0.539507 0.994444
vt 0.544955 0.982496
vt 0.545103 0.994996
vt 0.545103 0.966839
vt 0.521263 0.976137
vt 0.518767 0.976236
vt 0.528663 0.966838
vt 0.788069 0.521232
vt 0.983624 0.481750
vt 0.990455 0.495419
vt 0.986681 0.498210
vt 0.353727 0.489849
vt 0.680533 0.227490
vt 0.610557 0.309910
vt 0.689226 0.071815
vt 0.782559 0.028578
vt 0.079151 0.837924
vt 0.052970 0.788011
vt 0.181979 0.887504
vt 0.173769 0.881220
vt 0.052608 0.991387
vt 0.049995 0.993260
vt 0.989019 0.429601
vt 0.992463 0.232040
vt 0.990615 0.232122
vt 0.017272 0.986814
vt 0.031585 0.981638
vt 0.279950 0.960963
vt 0.269297 0.991055
vt 0.950006 0.011719
vt 0.968578 0.000000
vt 0.969766 0.015771
vt 0.690536 0.968471
vt 0.709186 0.976535
vt 0.333310 0.842368
vt 0.528663 0.991268
vt 0.197501 0.983994
vt 0.198649 0.991362
vt 0.193755 0.991362
vt 0.309605 0.924701
vt 0.297411 0.921752
vt 0.314736 0.922281
vt 0.286853 0.926812
vt 0.285481 0.922141
vt 0.392180 0.523654
vt 0.405470 0.518534
vt 0.994840 0.150242
vt 0.999999 0.142741
vt 0.998799 0.153438
vt 0.995222 0.145346
vt 0.773297 0.507322
vt 0.764985 0.480957
vt 0.776383 0.492538
vt 0.401081 0.503644
vt 0.410732 0.495478
vt 0.401849 0.517225
vt 0.828313 0.495468
vt 0.842367 0.488561
vt 0.757994 0.470408
vt 0.759088 0.449354
vt 0.875612 0.267377
vt 0.280356 0.921752
vt 0.299386 0.898071
vt 0.304961 0.902508
vt 0.308048 0.798803
vt 0.310490 0.788312
vt 0.081836 0.346307
vt 0.085060 0.339983
vt 0.533509 0.188043
vt 0.088068 0.972443
vt 0.085943 0.967201
vt 0.086443 0.961740
vt 0.423784 0.974190
vt 0.682427 0.420026
vt 0.680916 0.420862
vt 0.680916 0.417255
vt 0.897469 0.886216
vt 0.879624 0.837538
vt 0.904849 0.887773
vt 0.771373 0.394948
vt 0.741254 0.315113
vt 0.758297 0.324178
vt 0.568937 0.993149
vt 0.568937 0.966483
vt 0.573807 0.977037
vt 0.965185 0.902443
vt 0.960105 0.902170
vt 0.916957 0.419140
vt 0.038850 0.979771
vt 0.038850 0.993571
vt 0.034965 0.989885
vt 0.995686 0.998564
vt 0.993675 0.989787
vt 0.993845 0.974446
vt 0.987835 0.964855
vt 0.993845 0.937733
vt 0.988599 0.511521
vt 0.395154 0.519491
vt 0.787523 0.513169
vt 0.772121 0.485995
vt 0.405775 0.495825
vt 0.823262 0.481909
vt 0.248801 0.961262
vt 0.308526 0.780705
vt 0.647610 0.353898
vt 0.838426 0.277325
vt 0.827752 0.285969
vt 0.830831 0.251091
vt 0.684362 0.250959
vt 0.696522 0.251101
vt 0.827918 0.066699
vt 0.101028 0.091279
vt 0.964288 0.509505
vt 0.078288 0.959636
vt 0.790992 0.056468
vt 0.747660 0.044306
vt 0.059551 0.784678
vt 0.761824 0.352032
vt 0.759475 0.365794
vt 0.751033 0.310487
vt 0.117476 0.982915
vt 0.116448 0.985067
vt 0.110782 0.980790
vt 0.985909 0.052107
vt 0.985909 0.058064
vt 0.984290 0.053569
vt 0.930710 0.402350
vt 0.028905 0.704311
vt 0.322612 0.928273
vt 0.315734 0.935827
vt 0.301666 0.934668
vt 0.880316 0.909487
vt 0.852803 0.911989
vt 0.845961 0.903926
vt 0.800680 0.519181
vt 0.983624 0.525154
vt 0.822072 0.503172
vt 0.364239 0.499822
vt 0.403843 0.488572
vt 0.370312 0.436193
vt 0.081838 0.978626
vt 0.967556 0.523109
vt 0.960992 0.517189
vt 0.903169 0.863164
vt 0.800541 0.416914
vt 0.976877 0.714379
vt 0.061245 0.990444
vt 0.064047 0.985887
vt 0.064047 0.992888
vt 0.930710 0.417901
vt 0.713713 0.805195
vt 0.031585 0.984494
vt 0.676746 0.991319
vt 0.676746 0.973765
vt 0.679826 0.977749
vt 0.999999 0.163354
vt 0.355099 0.514186
vt 0.816588 0.493602
vt 0.779641 0.480168
vt 0.777802 0.468596
vt 0.759088 0.467049
vt 0.318530 0.805487
vt 0.692828 0.287556
vt 0.827487 0.208381
vt 0.825795 0.119437
vt 0.801993 0.942882
vt 0.807741 0.891721
vt 0.572954 0.900273
vt 0.581911 0.889152
vt 0.581911 0.953461
vt 0.790317 0.377944
vt 0.782115 0.363757
vt 0.895999 0.982405
vt 0.895999 0.993739
vt 0.893154 0.985811
vt 0.115190 0.977801
vt 0.109373 0.979958
vt 0.103572 0.965242
vt 0.117981 0.993260
vt 0.571693 0.967021
vt 0.112283 0.981171
vt 0.784528 0.995777
vt 0.778999 0.991195
vt 0.784528 0.980912
vt 0.948411 0.417527
vt 0.938235 0.011256
vt 0.931825 0.001395
vt 0.722374 0.805221
vt 0.735202 0.817700
vt 0.987835 0.986905
vt 0.755488 0.965685
vt 0.754543 0.981145
vt 0.743554 0.977726
vt 0.970870 0.169459
vt 0.963124 0.169862
vt 0.960556 0.174394
vt 0.877347 0.921978
vt 0.380365 0.507319
vt 0.815923 0.498950
vt 0.360173 0.490859
vt 0.817219 0.479149
vt 0.418114 0.477951
vt 0.385515 0.478348
vt 0.393492 0.480711
vt 0.415379 0.473361
vt 0.796002 0.464758
vt 0.967481 0.232665
vt 0.983083 0.238155
vt 0.972867 0.243864
vt 0.376978 0.457520
vt 0.817097 0.251190
vt 0.899063 0.111955
vt 0.257366 0.852060
vt 0.718637 0.068915
vt 0.769569 0.076622
vt 0.333310 0.879898
vt 0.333310 0.941377
vt 0.329762 0.914803
vt 0.164629 0.885630
vt 0.519764 0.966838
vt 0.527641 0.962192
vt 0.530303 0.966622
vt 0.526843 0.949957
vt 0.536679 0.950566
vt 0.518613 0.953385
vt 0.536790 0.953326
vt 0.013885 0.993034
vt 0.017112 0.991983
vt 0.016220 0.994648
vt 0.529287 0.906305
vt 0.532030 0.907972
vt 0.530769 0.912394
vt 0.761617 0.330919
vt 0.121641 0.977767
vt 0.947517 0.077400
vt 0.933552 0.072012
vt 0.941583 0.070427
vt 0.991471 0.420566
vt 0.954161 0.060866
vt 0.948157 0.074270
vt 0.241854 0.982324
vt 0.248783 0.991289
vt 0.241854 0.991627
vt 0.248801 0.985597
vt 0.962034 0.054191
vt 0.956997 0.897355
vt 0.989206 0.243708
vt 0.653795 0.822101
vt 0.391912 0.824337
vt 0.490363 0.835364
vt 0.016388 0.692312
vt 0.753279 0.990181
vt 0.755488 0.988282
vt 0.368615 0.513213
vt 0.402677 0.474878
vt 0.967481 0.253920
vt 0.427221 0.477457
vt 0.981841 0.227604
vt 0.786715 0.456281
vt 0.840118 0.842233
vt 0.842272 0.817724
vt 0.842272 0.848815
vt 0.887239 0.237342
vt 0.924982 0.235621
vt 0.388151 0.434983
vt 0.319096 0.872013
vt 0.909424 0.119712
vt 0.078288 0.990260
vt 0.865310 0.839521
vt 0.545349 0.161472
vt 0.513074 0.957201
vt 0.504457 0.946049
vt 0.499364 0.926775
vt 0.507500 0.900745
vt 0.519331 0.898629
vt 0.513859 0.915435
vt 0.530104 0.899723
vt 0.542393 0.961809
vt 0.254373 0.994146
vt 0.248801 0.982747
vt 0.253174 0.980082
vt 0.545704 0.959507
vt 0.543142 0.953361
vt 0.539233 0.952153
vt 0.539022 0.889152
vt 0.760462 0.340936
vt 0.116013 0.969172
vt 0.939204 0.057001
vt 0.947473 0.056774
vt 0.113864 0.963007
vt 0.771789 0.345846
vt 0.110782 0.992769
vt 0.817765 0.894159
vt 0.820062 0.887378
vt 0.820062 0.907723
vt 0.396428 0.904993
vt 0.972654 0.174713
vt 0.889916 0.917833
vt 0.881238 0.915376
vt 0.395876 0.470068
vt 0.311780 0.816029
vt 0.307364 0.883405
vt 0.715990 0.251281
vt 0.705050 0.089729
vt 0.275588 0.867526
vt 0.096002 0.103496
vt 0.885716 0.113679
vt 0.849653 0.824650
vt 0.762383 0.065275
vt 0.187674 0.888417
vt 0.980265 0.721571
vt 0.975308 0.725824
vt 0.521287 0.925304
vt 0.533312 0.941318
vt 0.527655 0.922584
vt 0.530176 0.925399
vt 0.248801 0.997958
vt 0.538927 0.898962
vt 0.991297 0.710579
vt 0.985352 0.705461
vt 0.985573 0.701358
vt 0.019814 0.988649
vt 0.017272 0.992654
vt 0.190355 0.968701
vt 0.189212 0.963700
vt 0.190355 0.949826
vt 0.119430 0.964660
vt 0.931825 0.051484
vt 0.936132 0.048067
vt 0.969400 0.984164
vt 0.971292 0.978329
vt 0.975368 0.978374
vt 0.189158 0.952491
vt 0.989049 0.681081
vt 0.988988 0.674675
vt 0.991297 0.678649
vt 0.125668 0.957488
vt 0.121007 0.954150
vt 0.936974 0.044170
vt 0.943116 0.045818
vt 0.114871 0.950039
vt 0.120295 0.949826
vt 0.286950 0.997664
vt 0.280356 0.995435
vt 0.284725 0.993221
vt 0.637827 0.992100
vt 0.637412 0.985593
vt 0.286950 0.978837
vt 0.107808 0.959616
vt 0.327673 0.784982
vt 0.327673 0.778605
vt 0.328630 0.780992
vt 0.954081 0.892731
vt 0.712008 0.823862
vt 0.340538 0.802925
vt 0.499364 0.832075
vt 0.768505 0.461997
vt 0.774926 0.454402
vt 0.425116 0.467248
vt 0.415303 0.462870
vt 0.403525 0.453871
vt 0.388182 0.455188
vt 0.792408 0.450110
vt 0.574280 0.977065
vt 0.581911 0.989185
vt 0.427263 0.603650
vt 0.428141 0.612567
vt 0.768150 0.422681
vt 0.775869 0.422109
vt 0.792876 0.425960
vt 0.699654 0.290614
vt 0.710578 0.282758
vt 0.789239 0.246096
vt 0.804658 0.153567
vt 0.545049 0.185102
vt 0.875612 0.120722
vt 0.995436 0.843091
vt 0.999740 0.823052
vt 0.889225 0.838850
vt 0.516663 0.137419
vt 0.520387 0.145790
vt 0.973749 0.732284
vt 0.784528 0.991752
vt 0.790026 0.980912
vt 0.790026 0.996494
vt 0.538924 0.911144
vt 0.535062 0.919986
vt 0.898124 0.989648
vt 0.899134 0.980236
vt 0.904021 0.992728
vt 0.896061 0.980991
vt 0.782149 0.363107
vt 0.764285 0.995006
vt 0.760703 0.997292
vt 0.760330 0.986306
vt 0.982448 0.701529
vt 0.759588 0.319642
vt 0.764285 0.980912
vt 0.980265 0.704119
vt 0.994541 0.715405
vt 0.998254 0.735044
vt 0.995120 0.734619
vt 0.973077 0.991654
vt 0.969921 0.988109
vt 0.324684 0.998505
vt 0.329878 0.978837
vt 0.329878 0.998538
vt 0.981972 0.679050
vt 0.324263 0.984516
vt 0.939717 0.994840
vt 0.936728 0.993597
vt 0.941753 0.986977
vt 0.180091 0.986201
vt 0.180091 0.992082
vt 0.177266 0.986523
vt 0.938286 0.984233
vt 0.425103 0.986038
vt 0.421741 0.984974
vt 0.420315 0.981336
vt 0.963309 0.992482
vt 0.963987 0.995698
vt 0.961129 0.996375
vt 0.776177 0.355646
vt 0.987374 0.149140
vt 0.989750 0.144859
vt 0.993157 0.146826
vt 0.940100 0.980767
vt 0.937523 0.980932
vt 0.108131 0.962887
vt 0.604882 0.985754
vt 0.607801 0.985754
vt 0.607221 0.992706
vt 0.902680 0.947132
vt 0.904843 0.949971
vt 0.902680 0.959559
vt 0.391844 0.992335
vt 0.388627 0.978168
vt 0.391844 0.977018
vt 0.983347 0.990781
vt 0.979403 0.991823
vt 0.979403 0.984870
vt 0.959185 0.888705
vt 0.968335 0.883272
vt 0.980580 0.873178
vt 0.968248 0.890153
vt 0.945006 0.041877
vt 0.946748 0.039625
vt 0.987090 0.974057
vt 0.983925 0.957397
vt 0.987835 0.952679
vt 0.990193 0.290605
vt 0.992954 0.288923
vt 0.327616 0.921415
vt 0.327616 0.901814
vt 0.329762 0.907788
vt 0.942033 0.031973
vt 0.952893 0.019364
vt 0.956488 0.021649
vt 0.971185 0.037205
vt 0.847641 0.948885
vt 0.842367 0.899258
vt 0.305892 0.965705
vt 0.291007 0.968218
vt 0.280356 0.933266
vt 0.286660 0.935553
vt 0.759350 0.456629
vt 0.801523 0.427381
vt 0.403702 0.432204
vt 0.407426 0.451842
vt 0.574280 0.953461
vt 0.574280 0.963482
vt 0.572539 0.957127
vt 0.313849 0.892031
vt 0.820763 0.290614
vt 0.810095 0.287600
vt 0.731835 0.245791
vt 0.801314 0.213708
vt 0.687422 0.211933
vt 0.710744 0.203244
vt 0.753085 0.106179
vt 0.767874 0.079623
vt 0.783596 0.887349
vt 0.193755 0.983994
vt 0.193755 0.994621
vt 0.190355 0.986534
vt 0.927706 0.992772
vt 0.927706 0.983842
vt 0.931921 0.987786
vt 0.048729 0.790407
vt 0.260029 0.980082
vt 0.266650 0.984838
vt 0.260029 0.994636
vt 0.511996 0.938404
vt 0.522289 0.931646
vt 0.509827 0.923590
vt 0.536123 0.936233
vt 0.546435 0.945275
vt 0.543767 0.937934
vt 0.542213 0.923694
vt 0.544401 0.910351
vt 0.786307 0.376329
vt 0.441246 0.951927
vt 0.444447 0.945822
vt 0.444447 0.952649
vt 0.981058 0.690498
vt 0.979403 0.984528
vt 0.420315 0.987794
vt 0.978993 0.978329
vt 0.999751 0.017830
vt 0.998250 0.022214
vt 0.995637 0.000000
vt 0.968011 0.995952
vt 0.966220 0.988198
vt 0.989774 0.119214
vt 0.994840 0.135789
vt 0.987374 0.130101
vt 0.961129 0.978329
vt 0.444645 0.707800
vt 0.441949 0.697543
vt 0.753992 0.305354
vt 0.971127 0.876039
vt 0.979403 0.954121
vt 0.983730 0.937733
vt 0.961768 0.047552
vt 0.958707 0.038236
vt 0.978683 0.470313
vt 0.975638 0.467422
vt 0.978683 0.459448
vt 0.018981 0.699939
vt 0.404535 0.906302
vt 0.329712 0.926096
vt 0.325908 0.956012
vt 0.424643 0.460901
vt 0.954081 0.996534
vt 0.954081 0.978329
vt 0.961129 0.990150
vt 0.441246 0.912571
vt 0.444299 0.884404
vt 0.444299 0.918462
vt 0.421453 0.456039
vt 0.422422 0.432560
vt 0.312348 0.858564
vt 0.840118 0.867491
vt 0.842018 0.848815
vt 0.842018 0.878269
vt 0.717262 0.290497
vt 0.797880 0.251314
vt 0.752729 0.084828
vt 0.094612 0.074485
vt 0.539606 0.137210
vt 0.775541 0.887883
vt 0.025040 0.799029
vt 0.188416 0.892755
vt 0.044887 0.788110
vt 0.054679 0.782066
vt 0.500270 0.938564
vt 0.501770 0.933326
vt 0.527391 0.930787
vt 0.391912 0.981336
vt 0.396940 0.990513
vt 0.391912 0.996540
vt 0.194795 0.963005
vt 0.199541 0.957959
vt 0.966572 0.185088
vt 0.960828 0.197114
vt 0.953949 0.194964
vt 0.953571 0.180299
vt 0.956245 0.201119
vt 0.546435 0.894653
vt 0.755948 0.992468
vt 0.755948 0.977818
vt 0.759080 0.990694
vt 0.990858 0.713304
vt 0.421478 0.994009
vt 0.987835 0.984870
vt 0.983671 0.980579
vt 0.981774 0.973244
vt 0.981668 0.867687
vt 0.940866 0.038226
vt 0.058056 0.985887
vt 0.061245 0.986695
vt 0.058056 0.991839
vt 0.945011 0.042435
vt 0.979498 0.942270
vt 0.334914 0.814529
vt 0.651797 0.831794
vt 0.653800 0.835133
vt 0.651797 0.860033
vt 0.471432 0.846171
vt 0.471997 0.811753
vt 0.479627 0.821422
vt 0.842367 0.943101
vt 0.425994 0.432190
vt 0.313765 0.830511
vt 0.325188 0.851138
vt 0.728311 0.225975
vt 0.229084 0.923858
vt 0.242303 0.851133
vt 0.177421 0.886958
vt 0.039957 0.794049
vt 0.510466 0.945257
vt 0.506624 0.930992
vt 0.538866 0.926167
vt 0.539426 0.933616
vt 0.904021 0.959558
vt 0.955533 0.211689
vt 0.991296 0.072494
vt 0.985928 0.076724
vt 0.986152 0.067507
vt 0.994790 0.074091
vt 0.442923 0.967727
vt 0.429292 0.772372
vt 0.427263 0.785790
vt 0.427263 0.771844
vt 0.989778 0.052873
vt 0.759088 0.995350
vt 0.994790 0.050699
vt 0.936575 0.998980
vt 0.995637 0.037094
vt 0.998592 0.035619
vt 0.999907 0.043005
vt 0.039562 0.999493
vt 0.039562 0.979771
vt 0.043756 0.990994
vt 0.936575 0.981750
vt 0.999907 0.022214
vt 0.995637 0.022202
vt 0.665227 0.422036
vt 0.661939 0.421378
vt 0.665227 0.417971
vt 0.817766 0.912325
vt 0.818911 0.907723
vt 0.818911 0.932873
vt 0.934078 0.176178
vt 0.933729 0.187768
vt 0.931825 0.182401
vt 0.932296 0.199939
vt 0.312461 0.970968
vt 0.320037 0.879476
vt 0.325539 0.821188
vt 0.722802 0.286056
vt 0.923320 0.099584
vt 0.529952 0.131825
vt 0.601965 0.992995
vt 0.604882 0.990003
vt 0.539682 0.930727
vt 0.879625 0.987362
vt 0.877539 0.989634
vt 0.877539 0.982424
vt 0.203718 0.965048
vt 0.853083 0.987303
vt 0.855811 0.984658
vt 0.855811 0.994462
vt 0.948371 0.205694
vt 0.775089 0.990593
vt 0.778999 0.980912
vt 0.778999 0.998971
vt 0.940866 0.214126
vt 0.940562 0.208920
vt 0.942475 0.220668
vt 0.933986 0.221457
vt 0.934979 0.213991
vt 0.935200 0.226472
vt 0.934437 0.252913
vt 0.931825 0.240623
vt 0.015511 0.683229
vt 0.418392 0.915956
vt 0.728269 0.249801
vt 0.782322 0.125454
vt 0.842045 0.906849
vt 0.840118 0.882463
vt 0.842045 0.878269
vt 0.552141 0.178289
vt 0.095403 0.053510
vt 0.034038 0.796172
vt 0.051995 0.762513
vt 0.174558 0.889574
vt 0.197367 0.970172
vt 0.204340 0.970762
vt 0.193635 0.976912
vt 0.190355 0.983994
vt 0.993776 0.577550
vt 0.993776 0.558914
vt 0.999623 0.576728
vt 0.950339 0.215939
vt 0.787800 0.289748
vt 0.785955 0.286081
vt 0.796362 0.287631
vt 0.766269 0.286955
vt 0.734910 0.286029
vt 0.733339 0.116600
vt 0.771267 0.106124
vt 0.766400 0.109811
vt 0.904404 0.100818
vt 0.034805 0.791074
vt 0.958591 0.220269
vt 0.327610 0.839655
vt 0.669345 0.973766
vt 0.676637 0.991663
vt 0.665305 0.977269
vt 0.676637 0.973970
vt 0.874455 0.950260
vt 0.770891 0.264107
vt 0.785671 0.249732
vt 0.748243 0.249627
vt 0.726529 0.155472
vt 0.792606 0.141294
vt 0.888337 0.101257
vt 0.453598 0.983482
vt 0.457811 0.984044
vt 0.453598 0.993967
vt 0.999443 0.955660
vt 0.993845 0.963197
vt 0.205233 0.962268
vt 0.701356 0.795369
vt 0.710420 0.813300
vt 0.656454 0.805977
vt 0.686737 0.786065
vt 0.863739 0.954097
vt 0.754379 0.285742
vt 0.764309 0.279163
vt 0.754526 0.274052
vt 0.985662 0.227604
vt 0.980334 0.220253
vt 0.986380 0.204462
vt 0.980959 0.207326
vt 0.983867 0.193461
vt 0.770758 0.252767
vt 0.771684 0.243926
vt 0.747911 0.243872
vt 0.766377 0.121749
vt 0.280356 0.869463
vt 0.194420 0.918289
vt 0.998559 0.581110
vt 0.958757 0.215960
vt 0.000000 0.697555
vt 0.490097 0.821473
vt 0.004502 0.690410
vt 0.752994 0.252759
vt 0.790931 0.210314
vt 0.089636 0.086723
vt 0.094600 0.045217
vt 0.180607 0.908970
vt 0.206771 0.967224
vt 0.967481 0.213198
vt 0.965925 0.216153
vt 0.963260 0.211483
vt 0.713094 0.786269
vt 0.497167 0.816550
vt 0.767737 0.266676
vt 0.981679 0.182076
vt 0.986639 0.185097
vt 0.374237 0.989811
vt 0.377868 0.994350
vt 0.771013 0.226124
vt 0.749713 0.217398
vt 0.756468 0.113371
vt 0.817765 0.876827
vt 0.963125 0.220530
vt 0.386901 0.804989
vt 0.753134 0.240402
vt 0.982328 0.167940
vt 0.769304 0.224482
vt 0.758338 0.215356
vt 0.092161 0.106538
vt 0.070897 0.095379
vt 0.571617 0.147677
vt 0.561449 0.170520
vt 0.886566 0.949318
vt 0.896061 0.931221
vt 0.316385 0.974372
vt 0.329712 0.966174
vt 0.769125 0.240443
vt 0.980334 0.166729
vt 0.329435 0.815286
vt 0.333310 0.809621
vt 0.328630 0.879898
vt 0.444559 0.884404
vt 0.441246 0.820009
vt 0.444559 0.788668
vt 0.444282 0.609273
vt 0.442049 0.648386
vt 0.764395 0.154221
vt 0.795946 0.865294
vt 0.329762 0.901814
vt 0.327621 0.894418
vt 0.329762 0.879898
vt 0.721459 0.786065
vt 0.978933 0.534790
vt 0.983624 0.472989
vt 0.328630 0.760488
vt 0.870364 0.827079
vt 0.561228 0.131691
vt 0.562715 0.094883
vt 0.015971 0.741980
vt 0.046638 0.765752
vt 0.408038 0.920007
vt 0.478559 0.810792
vt 0.764395 0.209607
vt 0.856283 0.824052
vt 0.066554 0.046399
vt 0.398432 0.916945
vt 0.297433 0.973470
vt 0.903412 0.085756
vt 0.064226 0.065742
vt 0.153377 0.938162
vt 0.374598 0.790527
vt 0.402624 0.925283
vt 0.423120 0.920839
vt 0.061558 0.072669
vt 0.879816 0.810076
vt 0.017318 0.781914
vt 0.972850 0.350177
vt 0.972850 0.335476
vt 0.981059 0.339058
vt 0.872300 0.956188
vt 0.418785 0.925924
vt 0.294578 0.976286
vt 0.285404 0.969067
vt 0.570845 0.136983
vt 0.783877 0.861905
vt 0.345475 0.794472
vt 0.357162 0.788668
vt 0.386121 0.947760
vt 0.380576 0.932886
vt 0.388293 0.934387
vt 0.486421 0.803161
vt 0.834100 0.919382
vt 0.834060 0.929531
vt 0.823744 0.931256
vt 0.307892 0.978837
vt 0.273217 0.844116
vt 0.917132 0.085063
vt 0.809212 0.873067
vt 0.764933 0.885964
vt 0.776830 0.864440
vt 0.765251 0.829702
vt 0.414885 0.998100
vt 0.410667 0.992428
vt 0.840118 0.963186
vt 0.833670 0.966372
vt 0.825043 0.956155
vt 0.388293 0.983513
vt 0.379494 0.971112
vt 0.385688 0.969745
vt 0.370007 0.944015
vt 0.370713 0.975865
vt 0.369311 0.965863
vt 0.262537 0.841510
vt 0.527584 0.124412
vt 0.839827 0.951339
vt 0.371295 0.952556
vt 0.365257 0.962444
vt 0.857322 0.957916
vt 0.820226 0.956372
vt 0.823540 0.946068
vt 0.559391 0.090309
vt 0.672349 0.786883
vt 0.666361 0.789869
vt 0.819039 0.939374
vt 0.868882 0.807517
vt 0.893721 0.820497
vt 0.052560 0.028140
vt 0.162984 0.938365
vt 0.840118 0.932795
vt 0.833909 0.937752
vt 0.385859 0.963039
vt 0.886023 0.074273
vt 0.894885 0.071882
vt 0.909501 0.078906
vt 0.000000 0.748810
vt 0.171100 0.949826
vt 0.255362 0.837580
vt 0.862661 0.773521
vt 0.269925 0.788561
vt 0.805455 0.824917
vt 0.058762 0.019073
vt 0.776275 0.829597
vt 0.025371 0.051080
vt 0.899656 0.027776
vt 0.596661 0.093237
vt 0.897395 0.784299
vt 0.908097 0.032564
vt 0.783047 0.826711
vt 0.022448 0.722709
vt 0.842367 0.815811
vt 0.571101 0.098098
vt 0.260628 0.795296
vt 0.243821 0.798923
vt 0.599120 0.106881
vt 0.814927 0.823159
vt 0.881727 0.777811
vt 0.991961 0.393710
vt 0.991653 0.387097
vt 0.998238 0.399008
vt 0.998238 0.385843
vt 0.995574 0.375796
vt 0.998231 0.377710
vt 0.981590 0.363833
vt 0.981344 0.355953
vt 0.986379 0.359677
vt 0.982261 0.349625
vt 0.658128 0.966432
vt 0.673022 0.973279
vt 0.667195 0.973765
vt 0.991035 0.340099
vt 0.771408 0.821666
vt 0.991035 0.374560
vt 0.983537 0.369065
vt 0.764363 0.825487
vt 0.518767 0.994992
vt 0.510147 0.989999
vt 0.518767 0.966838
vt 0.923976 0.043466
vt 0.040204 0.029297
vt 0.123095 0.997665
vt 0.117980 0.988572
vt 0.123095 0.980790
vt 0.966971 0.822798
vt 0.958844 0.823340
vt 0.961793 0.794816
vt 0.049372 0.023353
vt 0.051664 0.018438
vt 0.569569 0.080388
vt 0.972745 0.820359
vt 0.585554 0.101285
vt 0.679637 0.973508
vt 0.685385 0.959591
vt 0.690536 0.969980
vt 0.575385 0.095653
vt 0.680018 0.940400
vt 0.036077 0.033658
vt 0.776277 0.819913
vt 0.947154 0.824183
vt 0.942535 0.816355
vt 0.952746 0.821991
vt 0.783872 0.821026
vt 0.582100 0.077339
vt 0.564455 0.069215
vt 0.759080 0.959231
vt 0.755488 0.955072
vt 0.759080 0.939349
vt 0.891903 0.773279
vt 0.790872 0.821445
vt 0.896917 0.775332
vt 0.036974 0.011372
vt 0.653795 0.950775
vt 0.665588 0.954204
vt 0.852598 0.774265
vt 0.884783 0.772946
vt 0.767245 0.788137
vt 0.759088 0.812072
vt 0.686170 0.937465
vt 0.142196 0.955689
vt 0.146234 0.957080
vt 0.137270 0.962218
vt 0.148401 0.950149
vt 0.612833 0.985754
vt 0.615134 0.988378
vt 0.612833 0.994380
vt 0.799171 0.819629
vt 0.144659 0.953689
vt 0.141298 0.949826
vt 0.127051 0.970477
vt 0.125668 0.967158
vt 0.129609 0.968365
vt 0.671995 0.940383
vt 0.228892 0.958865
vt 0.227353 0.948517
vt 0.228892 0.939803
vt 0.146041 0.976465
vt 0.135535 0.967136
vt 0.649472 0.983835
vt 0.637412 0.976604
vt 0.653202 0.977618
vt 0.131640 0.967796
vt 0.650198 0.995027
vt 0.647640 0.989663
vt 0.650033 0.991069
vt 0.650440 0.959620
vt 0.648019 0.952873
vt 0.653318 0.955205
vt 0.650198 0.985593
vt 0.148401 0.975418
vt 0.154058 0.977284
vt 0.149328 0.981137
vt 0.182066 0.982243
vt 0.188354 0.982130
vt 0.186439 0.986201
vt 0.877996 0.770939
vt 0.926046 0.247172
vt 0.931783 0.250655
vt 0.770338 0.800259
vt 0.947004 0.787832
vt 0.970871 0.797490
vt 0.870532 0.769161
vt 0.637682 0.963167
vt 0.643317 0.955248
vt 0.934304 0.529273
vt 0.939726 0.513705
vt 0.938863 0.531824
vt 0.984676 0.862876
vt 0.990513 0.860475
vt 0.987309 0.866078
vt 0.587488 0.085642
vt 0.024843 0.015118
vt 0.761166 0.788997
vt 0.799693 0.984864
vt 0.806128 0.980119
vt 0.806128 0.994870
vt 0.944107 0.864339
vt 0.942535 0.855730
vt 0.953295 0.856420
vt 0.148401 0.975076
vt 0.977421 0.414751
vt 0.973713 0.411209
vt 0.985714 0.408057
vt 0.776630 0.980912
vt 0.779890 0.976813
vt 0.788683 0.977518
vt 0.790026 0.980874
vt 0.773314 0.978025
vt 0.653318 0.985593
vt 0.967489 0.865230
vt 0.972960 0.857358
vt 0.973166 0.860005
vt 0.970398 0.406664
vt 0.988541 0.637228
vt 0.988626 0.618778
vt 0.996695 0.631685
vt 0.186611 0.975987
vt 0.930691 0.247889
vt 0.931116 0.522790
vt 0.937272 0.174569
vt 0.931825 0.168841
vt 0.940925 0.161789
vt 0.666672 0.932504
vt 0.249268 0.790747
vt 0.227353 0.974974
vt 0.227353 0.958865
vt 0.228641 0.964389
vt 0.864712 0.768962
vt 0.796366 0.980119
vt 0.791797 0.978587
vt 0.797109 0.977335
vt 0.809289 0.976556
vt 0.810585 0.973236
vt 0.817765 0.975598
vt 0.807009 0.817855
vt 0.955973 0.857421
vt 0.157762 0.979533
vt 0.148401 0.994953
vt 0.771590 0.974679
vt 0.990513 0.867489
vt 0.580908 0.055674
vt 0.260956 0.789489
vt 0.243718 0.792024
vt 0.914537 0.032437
vt 0.850682 0.767416
vt 0.963093 0.852831
vt 0.950145 0.176178
vt 0.947565 0.162564
vt 0.956732 0.157593
vt 0.773928 0.958553
vt 0.975767 0.396306
vt 0.771560 0.962411
vt 0.991078 0.616104
vt 0.996772 0.624923
vt 0.924982 0.236732
vt 0.887143 0.747451
vt 0.953285 0.789020
vt 0.965348 0.783246
vt 0.920951 0.033990
vt 0.233419 0.798629
vt 0.816967 0.959371
vt 0.872025 0.753460
vt 0.936525 0.509905
vt 0.999939 0.133198
vt 0.994840 0.142741
vt 0.995158 0.123887
vt 0.181298 0.968958
vt 0.183816 0.967276
vt 0.784308 0.786055
vt 0.659229 0.931413
vt 0.972745 0.778160
vt 0.564088 0.062550
vt 0.926108 0.036597
vt 0.015259 0.046946
vt 0.031795 0.041971
vt 0.971387 0.837150
vt 0.019523 0.027870
vt 0.954278 0.496635
vt 0.955130 0.534790
vt 0.931848 0.159656
vt 0.968998 0.403877
vt 0.791687 0.786859
vt 0.022047 0.059558
vt 0.011256 0.050569
vt 0.911428 0.013887
vt 0.178682 0.981071
vt 0.178796 0.966620
vt 0.878960 0.749713
vt 0.997256 0.123073
vt 0.959751 0.786888
vt 0.253106 0.782787
vt 0.919030 0.014318
vt 0.952106 0.141941
vt 0.960931 0.517267
vt 0.680916 0.421327
vt 0.678789 0.417579
vt 0.973530 0.394392
vt 0.018932 0.000000
vt 0.857118 0.754986
vt 0.167442 0.990771
vt 0.171883 0.975418
vt 0.171883 0.996316
vt 0.176211 0.959621
vt 0.935853 0.155055
vt 0.994840 0.119214
vt 0.673534 0.934669
vt 0.687147 0.931734
vt 0.866180 0.737711
vt 0.229084 0.799559
vt 0.235331 0.778682
vt 0.975379 0.388794
vt 0.778414 0.957217
vt 0.939625 0.506523
vt 0.712747 0.995921
vt 0.710270 0.980059
vt 0.790094 0.986964
vt 0.790094 0.981211
vt 0.791797 0.985576
vt 0.936480 0.510146
vt 0.799701 0.794692
vt 0.992512 0.867655
vt 0.991441 0.863379
vt 0.994299 0.862982
vt 0.228779 0.848297
vt 0.225601 0.822225
vt 0.228779 0.812883
vt 0.600816 0.069068
vt 0.587564 0.059919
vt 0.955535 0.786066
vt 0.240802 0.764405
vt 0.817765 0.887378
vt 0.817765 0.854153
vt 0.820063 0.865482
vt 0.813002 0.953725
vt 0.955712 0.151729
vt 0.959427 0.149531
vt 0.932510 0.153838
vt 0.182222 0.961769
vt 0.011187 0.009174
vt 0.690536 0.934350
vt 0.002300 0.024971
vt 0.796689 0.942882
vt 0.810745 0.942882
vt 0.938044 0.505671
vt 0.483164 0.995847
vt 0.481616 0.989517
vt 0.484832 0.990941
vt 0.612541 0.076811
vt 0.180173 0.958265
vt 0.668491 0.420737
vt 0.665227 0.418184
vt 0.960992 0.512860
vt 0.960084 0.509075
vt 0.893390 0.741059
vt 0.904849 0.746730
vt 0.947843 0.783327
vt 0.148401 0.954146
vt 0.168010 0.958148
vt 0.154017 0.962661
vt 0.812479 0.799768
vt 0.894461 0.017037
vt 0.187019 0.992375
vt 0.185399 0.986201
vt 0.188354 0.986201
vt 0.879580 0.737508
vt 0.891213 0.352966
vt 0.886210 0.347990
vt 0.888927 0.346067
vt 0.641431 0.862274
vt 0.647501 0.860459
vt 0.650914 0.862825
vt 0.152029 0.974177
vt 0.961095 0.827649
vt 0.910688 0.000080
vt 0.943900 0.143275
vt 0.957497 0.142614
vt 0.939994 0.501824
vt 0.776180 0.949340
vt 0.991441 0.857972
vt 0.771539 0.952897
vt 0.647610 0.421896
vt 0.647610 0.417120
vt 0.651498 0.421667
vt 0.009252 0.982327
vt 0.009252 0.993874
vt 0.004352 0.987225
vt 0.172049 0.949826
vt 0.258723 0.777044
vt 0.978589 0.381934
vt 0.976089 0.381727
vt 0.791797 0.967096
vt 0.790351 0.972167
vt 0.790351 0.960750
vt 0.481698 0.984181
vt 0.054830 0.985887
vt 0.054830 0.991501
vt 0.052608 0.988205
vt 0.781902 0.945845
vt 0.485627 0.986488
vt 0.984291 0.058064
vt 0.985869 0.058923
vt 0.984291 0.063538
vt 0.185615 0.953253
vt 0.886442 0.738726
vt 0.991035 0.354738
vt 0.998167 0.344965
vt 0.998167 0.360547
vt 0.296423 0.989882
vt 0.296423 0.978837
vt 0.302825 0.985987
vt 0.996640 0.340099
vt 0.960794 0.649454
vt 0.967778 0.635300
vt 0.967707 0.649106
vt 0.979915 0.610790
vt 0.980683 0.656850
vt 0.928013 0.005247
vt 0.949652 0.824716
vt 0.985454 0.780566
vt 0.985454 0.816265
vt 0.972745 0.793081
vt 0.997032 0.420467
vt 0.991653 0.409438
vt 0.997032 0.399008
vt 0.943971 0.495752
vt 0.668491 0.422036
vt 0.668491 0.417709
vt 0.671348 0.419967
vt 0.828854 0.984596
vt 0.831011 0.988475
vt 0.828758 0.990627
vt 0.624681 0.874721
vt 0.629661 0.874181
vt 0.627905 0.880296
vt 0.188366 0.981853
vt 0.190236 0.977412
vt 0.190236 0.983263
vt 0.771063 0.946956
vt 0.995905 0.367349
vt 0.995427 0.362591
vt 0.182705 0.953458
vt 0.007133 0.012350
vt 0.633818 0.868440
vt 0.632046 0.858999
vt 0.955229 0.635818
vt 0.952650 0.656850
vt 0.958593 0.766535
vt 0.000000 0.031838
vt 0.485269 0.979571
vt 0.886210 0.375626
vt 0.892449 0.368578
vt 0.906356 0.375796
vt 0.799442 0.785015
vt 0.983347 0.991611
vt 0.986437 0.984870
vt 0.987333 0.991611
vt 0.298570 0.997160
vt 0.646453 0.848711
vt 0.905369 0.335950
vt 0.920467 0.301789
vt 0.245851 0.763255
vt 0.931825 0.026692
vt 0.916219 0.000000
vt 0.985714 0.375796
vt 0.177266 0.992455
vt 0.174510 0.991110
vt 0.177266 0.986201
vt 0.481616 0.977957
vt 0.484564 0.985518
vt 0.937230 0.133051
vt 0.612039 0.865453
vt 0.834120 0.990627
vt 0.485279 0.980990
vt 0.188354 0.950255
vt 0.991049 0.082058
vt 0.996593 0.077400
vt 0.989407 0.089158
vt 0.905450 0.357742
vt 0.905797 0.347334
vt 0.589656 0.030381
vt 0.949801 0.760049
vt 0.945151 0.774485
vt 0.250234 0.760488
vt 0.999802 0.558914
vt 0.993776 0.545682
vt 0.999201 0.542029
vt 0.234285 0.765374
vt 0.808725 0.784817
vt 0.973166 0.826637
vt 0.824108 0.984596
vt 0.827514 0.985017
vt 0.828758 0.987880
vt 0.985454 0.817991
vt 0.985454 0.812673
vt 0.987837 0.814910
vt 0.908034 0.945267
vt 0.904849 0.945833
vt 0.906924 0.942175
vt 0.773966 0.942882
vt 0.766652 0.943542
vt 0.991102 0.093098
vt 0.619338 0.863576
vt 0.759088 0.945294
vt 0.989704 0.582729
vt 0.995279 0.591077
vt 0.992850 0.589699
vt 0.807370 0.980119
vt 0.812346 0.988519
vt 0.807370 0.999169
vt 0.431663 0.991305
vt 0.425103 0.991305
vt 0.425547 0.981336
vt 0.979481 0.376108
vt 0.824108 0.991257
vt 0.182127 0.988957
vt 0.184553 0.988329
vt 0.185399 0.991678
vt 0.684153 0.420762
vt 0.685592 0.418416
vt 0.483895 0.943937
vt 0.497293 0.937154
vt 0.492724 0.944125
vt 0.993210 0.582563
vt 0.987234 0.582729
vt 0.987234 0.570718
vt 0.930623 0.494429
vt 0.935037 0.491476
vt 0.939403 0.491576
vt 0.926136 0.460837
vt 0.499210 0.971118
vt 0.497863 0.974612
vt 0.497863 0.959482
vt 0.641036 0.845082
vt 0.172049 0.975418
vt 0.974035 0.616524
vt 0.999802 0.534790
vt 0.790026 0.943678
vt 0.488759 0.945730
vt 0.617402 0.858308
vt 0.909978 0.337558
vt 0.649692 0.828465
vt 0.485261 0.971910
vt 0.471821 0.973400
vt 0.478935 0.960913
vt 0.967167 0.824183
vt 0.482649 0.959048
vt 0.482885 0.948625
vt 0.996593 0.105371
vt 0.991613 0.102170
vt 0.497293 0.977957
vt 0.911644 0.914376
vt 0.918248 0.942397
vt 0.623640 0.047342
vt 0.935384 0.911523
vt 0.933285 0.950497
vt 0.953638 0.744098
vt 0.997899 0.598315
vt 0.989704 0.607115
vt 0.995339 0.602817
vt 0.958842 0.486659
vt 0.607506 0.026272
vt 0.565110 0.936660
vt 0.562944 0.953778
vt 0.546867 0.966483
vt 0.971185 0.042029
vt 0.978389 0.032713
vt 0.984390 0.030694
vt 0.730470 0.984543
vt 0.732632 0.972007
vt 0.743554 0.965685
vt 0.345981 0.991317
vt 0.347402 0.981065
vt 0.353592 0.991317
vt 0.987186 0.164837
vt 0.979076 0.157863
vt 0.987374 0.150821
vt 0.216870 0.939803
vt 0.208907 0.930260
vt 0.218272 0.927437
vt 0.206771 0.920484
vt 0.636477 0.839527
vt 0.964710 0.746298
vt 0.601965 0.992209
vt 0.592070 0.992209
vt 0.592578 0.973060
vt 0.910047 0.368864
vt 0.226927 0.933269
vt 0.983908 0.026941
vt 0.992812 0.218159
vt 0.997964 0.214708
vt 0.618643 0.037115
vt 0.623424 0.852753
vt 0.950379 0.911035
vt 0.728546 0.965685
vt 0.549554 0.948982
vt 0.979978 0.019793
vt 0.926038 0.292906
vt 0.995716 0.208635
vt 0.865754 0.989014
vt 0.859660 0.990681
vt 0.859660 0.982926
vt 0.427332 0.741132
vt 0.429292 0.750396
vt 0.427332 0.771844
vt 0.978011 0.144366
vt 0.211786 0.909606
vt 0.642140 0.828178
vt 0.978933 0.610790
vt 0.967357 0.579817
vt 0.977902 0.592107
vt 0.992463 0.200880
vt 0.598776 0.966600
vt 0.948492 0.102702
vt 0.954081 0.908881
vt 0.951926 0.933047
vt 0.840118 0.903265
vt 0.832102 0.899401
vt 0.836010 0.888589
vt 0.206771 0.889404
vt 0.966682 0.603487
vt 0.259012 0.987326
vt 0.254373 0.987999
vt 0.926124 0.307406
vt 0.977072 0.003917
vt 0.104715 0.985044
vt 0.110782 0.983423
vt 0.103572 0.990816
vt 0.110782 0.993532
vt 0.441473 0.993972
vt 0.441473 0.984615
vt 0.444608 0.986160
vt 0.939088 0.466653
vt 0.594531 0.844959
vt 0.922636 0.913182
vt 0.605017 0.022341
vt 0.572400 0.936074
vt 0.658807 0.417526
vt 0.661939 0.419349
vt 0.442233 0.694961
vt 0.444793 0.692150
vt 0.444793 0.697421
vt 0.983907 0.017279
vt 0.840117 0.966372
vt 0.840117 0.956301
vt 0.842264 0.960680
vt 0.972528 0.010647
vt 0.971185 0.003927
vt 0.922750 0.292470
vt 0.109189 0.980790
vt 0.960556 0.109436
vt 0.830571 0.919382
vt 0.821667 0.900689
vt 0.225167 0.911652
vt 0.828878 0.886388
vt 0.879625 0.973087
vt 0.879625 0.982424
vt 0.877481 0.976530
vt 0.974979 0.073464
vt 0.971185 0.057073
vt 0.984291 0.075528
vt 0.645768 0.816273
vt 0.974579 0.054467
vt 0.651739 0.807025
vt 0.983817 0.064120
vt 0.345981 0.987114
vt 0.342629 0.990696
vt 0.342307 0.985717
vt 0.339137 0.981065
vt 0.343226 0.982778
vt 0.936910 0.370780
vt 0.937058 0.364819
vt 0.987374 0.137972
vt 0.979403 0.937733
vt 0.978122 0.947492
vt 0.972988 0.947935
vt 0.820086 0.911572
vt 0.919661 0.353400
vt 0.915676 0.352903
vt 0.923561 0.331570
vt 0.219081 0.904368
vt 0.952664 0.578960
vt 0.957864 0.575822
vt 0.552428 0.941751
vt 0.546435 0.945315
vt 0.214580 0.891473
vt 0.967364 0.741103
vt 0.967265 0.746217
vt 0.974292 0.000000
vt 0.944634 0.101265
vt 0.933061 0.463167
vt 0.597670 0.841991
vt 0.611014 0.849351
vt 0.933853 0.357619
vt 0.932878 0.349895
vt 0.926321 0.335295
vt 0.820086 0.889400
vt 0.228674 0.914855
vt 0.834927 0.876399
vt 0.362494 0.997918
vt 0.358286 0.997142
vt 0.357945 0.988591
vt 0.984291 0.044982
vt 0.338091 0.990696
vt 0.961918 0.741390
vt 0.337852 0.985655
vt 0.260029 0.997691
vt 0.560529 0.930575
vt 0.790112 0.972167
vt 0.791797 0.974943
vt 0.790112 0.981211
vt 0.930052 0.298687
vt 0.979295 0.000115
vt 0.990455 0.481750
vt 0.996704 0.500134
vt 0.990455 0.513091
vt 0.938646 0.891555
vt 0.362494 0.981065
vt 0.643875 0.807387
vt 0.985928 0.006413
vt 0.929003 0.308658
vt 0.980967 0.042028
vt 0.951611 0.091714
vt 0.980030 0.132306
vt 0.976516 0.956509
vt 0.968720 0.955989
vt 0.963001 0.944242
vt 0.917133 0.323553
vt 0.940782 0.329810
vt 0.558374 0.922296
vt 0.829134 0.868825
vt 0.659953 0.993624
vt 0.653796 0.992079
vt 0.660284 0.986969
vt 0.933274 0.296197
vt 0.956263 0.738075
vt 0.664172 0.976133
vt 0.658830 0.979162
vt 0.659129 0.973766
vt 0.928868 0.290614
vt 0.965569 0.737508
vt 0.939093 0.448359
vt 0.633509 0.019687
vt 0.626847 0.011599
vt 0.954081 0.940032
vt 0.954081 0.960218
vt 0.568895 0.929708
vt 0.665305 0.990380
vt 0.824783 0.868419
vt 0.653796 0.982058
vt 0.648550 0.803161
vt 0.914435 0.891780
vt 0.830736 0.862660
vt 0.822321 0.858639
vt 0.827982 0.854153
vt 0.953606 0.452314
vt 0.978718 0.119214
vt 0.925807 0.891818
vt 0.965149 0.962101
vt 0.986330 0.557363
vt 0.981598 0.560009
vt 0.948344 0.888544
vt 0.709186 0.954631
vt 0.712747 0.934061
vt 0.602920 0.831475
vt 0.970965 0.966052
vt 0.637423 0.030782
vt 0.941639 0.349929
vt 0.968697 0.567876
vt 0.955775 0.094506
vt 0.587673 0.843773
vt 0.946755 0.450805
vt 0.963743 0.567655
vt 0.937937 0.083769
vt 0.908016 0.899076
vt 0.935099 0.441808
vt 0.640288 0.035057
vt 0.902739 0.924596
vt 0.904447 0.933156
vt 0.902739 0.944689
vt 0.630246 0.016615
vt 0.954971 0.368543
vt 0.497293 0.990305
vt 0.487802 0.988091
vt 0.444603 0.788121
vt 0.442780 0.783803
vt 0.444603 0.774016
vt 0.943123 0.890860
vt 0.584654 0.827666
vt 0.591256 0.834712
vt 0.952023 0.358674
vt 0.608300 0.015580
vt 0.918443 0.892838
vt 0.930463 0.890984
vt 0.961533 0.329609
vt 0.942270 0.338534
vt 0.952650 0.558034
vt 0.563764 0.898150
vt 0.907398 0.888922
vt 0.957767 0.342575
vt 0.927588 0.983842
vt 0.928716 0.966314
vt 0.936456 0.983842
vt 0.904849 0.895890
vt 0.879651 0.982406
vt 0.887002 0.982406
vt 0.886982 0.989878
vt 0.485747 0.981802
vt 0.972299 0.976573
vt 0.964634 0.978288
vt 0.636157 0.022931
vt 0.959261 0.337730
vt 0.963633 0.540893
vt 0.945454 0.083747
vt 0.953827 0.436673
vt 0.581911 0.832880
vt 0.951245 0.433618
vt 0.710168 0.995263
vt 0.702157 0.990440
vt 0.710168 0.985996
vt 0.955353 0.349445
vt 0.429292 0.719290
vt 0.439942 0.739330
vt 0.432300 0.739700
vt 0.958410 0.978329
vt 0.969202 0.547167
vt 0.917887 0.880639
vt 0.926071 0.872607
vt 0.940531 0.872975
vt 0.643739 0.005618
vt 0.553690 0.904204
vt 0.957560 0.440794
vt 0.333310 0.998694
vt 0.333310 0.981065
vt 0.337852 0.984343
vt 0.591573 0.821725
vt 0.647610 0.020189
vt 0.703338 0.985690
vt 0.709673 0.976535
vt 0.982493 0.078340
vt 0.986545 0.077400
vt 0.978764 0.095414
vt 0.933435 0.965828
vt 0.571356 0.912018
vt 0.950913 0.084853
vt 0.467920 0.994284
vt 0.467920 0.983482
vt 0.471821 0.988398
vt 0.528663 0.979111
vt 0.539507 0.986465
vt 0.528663 0.989011
vt 0.536156 0.978881
vt 0.983453 0.094811
vt 0.944662 0.078840
vt 0.908335 0.882173
vt 0.043756 0.992734
vt 0.044000 0.984469
vt 0.049995 0.987347
vt 0.536444 0.988840
vt 0.986633 0.238590
vt 0.983083 0.244041
vt 0.983083 0.228296
vt 0.444250 0.756316
vt 0.947612 0.984190
vt 0.944303 0.996698
vt 0.941753 0.988824
vt 0.531132 0.972569
vt 0.645042 0.007961
vt 0.537245 0.973589
vt 0.049995 0.996148
vt 0.588234 0.819184
vt 0.655421 0.417120
vt 0.655115 0.421415
vt 0.651498 0.417120
vt 0.941753 0.980767
vt 0.981633 0.577840
vt 0.987374 0.153763
vt 0.994231 0.149140
vt 0.994231 0.157721
vt 0.636580 0.000640
vt 0.931825 0.077400
vt 0.296423 0.989080
vt 0.292663 0.991888
vt 0.294659 0.982922
vt 0.043947 0.979771
vt 0.591659 0.811588
vt 0.592379 0.819115
vt 0.934494 0.874671
vt 0.989407 0.102231
vt 0.984198 0.107342
vt 0.529490 0.966839
vt 0.932232 0.956408
vt 0.552840 0.896403
vt 0.286950 0.990905
vt 0.223259 0.979497
vt 0.220859 0.974638
vt 0.227353 0.969325
vt 0.585539 0.816385
vt 0.944725 0.428633
vt 0.210455 0.978395
vt 0.206771 0.969505
vt 0.212106 0.974876
vt 0.918742 0.986161
vt 0.917022 0.980081
vt 0.921781 0.980429
vt 0.989557 0.166711
vt 0.877481 0.973087
vt 0.877481 0.957916
vt 0.879651 0.962979
vt 0.936447 0.956074
vt 0.960289 0.538029
vt 0.211342 0.970050
vt 0.921882 0.867687
vt 0.586010 0.809151
vt 0.990201 0.528433
vt 0.983624 0.534547
vt 0.917022 0.974713
vt 0.921693 0.974819
vt 0.988853 0.110337
vt 0.942197 0.868756
vt 0.643745 0.000000
vt 0.546435 0.894914
vt 0.960911 0.422109
vt 0.990264 0.867687
vt 0.996348 0.879726
vt 0.990264 0.899929
vt 0.433271 0.756809
vt 0.589251 0.803531
vt 0.439590 0.990400
vt 0.436378 0.988986
vt 0.441092 0.981336
vt 0.987234 0.575949
vt 0.971877 0.528008
vt 0.978861 0.523550
vt 0.978861 0.534028
vt 0.976734 0.534790
vt 0.976908 0.544469
vt 0.960992 0.430544
vt 0.213363 0.965312
vt 0.919913 0.992789
vt 0.927467 0.988048
vt 0.934538 0.870534
vt 0.927588 0.974655
vt 0.991035 0.375703
vt 0.991035 0.367349
vt 0.993862 0.369459
vt 0.769795 0.988867
vt 0.772610 0.980912
vt 0.775010 0.996575
vt 0.581911 0.808855
vt 0.936575 0.971420
vt 0.944345 0.972119
vt 0.949206 0.979458
vt 0.984577 0.580877
vt 0.226105 0.943758
vt 0.209528 0.945318
vt 0.221196 0.939803
vt 0.978933 0.536319
vt 0.549106 0.889152
vt 0.561451 0.891987
vt 0.213019 0.960941
vt 0.225414 0.960401
vt 0.432528 0.765031
vt 0.439289 0.770562
vt 0.927132 0.981299
vt 0.978933 0.582729
vt 0.374237 0.983513
vt 0.374237 0.993526
vt 0.370266 0.987881
vt 0.978764 0.111514
vt 0.936575 0.952222
vt 0.941536 0.950497
vt 0.940504 0.954754
vt 0.206771 0.957806
vt 0.207861 0.947569
vt 0.212117 0.950841
vt 0.775010 0.981214
vt 0.953703 0.980767
vt 0.950770 0.976996
vt 0.436532 0.772050
vt 0.954081 0.971010
vt 0.951887 0.970835
vt 0.213693 0.956146
vt 0.223347 0.951922
vt 0.441092 0.993091
vt 0.930580 0.950842
vt 0.934819 0.950497
vt 0.209320 0.971088
vt 0.209780 0.963899
vt 0.429292 0.774016
vt 0.949594 0.968973
vt 0.938851 0.957908
vt 0.944075 0.959467
vt 0.948010 0.966263
vt 0.951923 0.959241
vt 0.981776 0.115224
vt 0.953966 0.954903
vt 0.207167 0.957771
vt 0.437878 0.995948
vt 0.951720 0.965560
vt 0.984291 0.042029
vt 0.985573 0.047859
vt 0.984291 0.052107
s 1
usemtl Material
f 1/1/1 2/2/2 3/3/3
f 3/3/3 2/2/2 4/4/4
f 3/3/3 4/4/4 5/5/5
f 3/3/3 6/6/6 1/1/1
f 7/7/7 3/3/3 5/5/5
f 8/8/8 2/2/2 1/1/1
f 4/4/4 9/9/9 5/5/5
f 7/7/7 6/6/6 3/3/3
f 2/2/2 8/8/8 10/10/10
f 11/11/11 6/6/6 12/12/12
f 13/13/13 6/6/6 11/11/11
f 14/14/14 1/1/1 13/13/13
f 6/6/6 13/13/13 1/1/1
f 6/6/6 7/7/7 15/15/15
f 2/2/2 10/10/10 4/4/4
f 16/16/16 13/13/13 11/11/11
f 17/17/17 18/18/18 13/13/13
f 18/18/18 14/14/14 13/13/13
f 12/12/12 6/6/6 15/15/15
f 14/14/14 8/8/8 1/1/1
f 9/9/9 19/19/19 5/5/5
f 4/4/4 10/10/10 20/20/20
f 4/4/4 20/20/20 9/9/9
f 10/10/10 21/21/21 20/20/20
f 12/12/12 16/16/16 11/11/11
f 18/18/18 8/8/8 14/14/14
f 7/7/7 5/5/5 22/22/22
f 8/8/8 23/23/23 10/10/10
f 24/24/24 25/25/25 10/10/10
f 9/9/9 26/26/26 19/19/19
f 25/25/25 27/27/27 10/10/10
f 28/28/28 21/21/21 10/10/10
f 17/29/17 13/30/13 16/31/16
f 12/12/12 15/15/15 29/32/29
f 30/33/30 31/34/31 18/18/18
f 31/34/31 8/8/8 18/18/18
f 5/5/5 32/35/32 22/22/22
f 23/23/23 24/24/24 10/10/10
f 20/20/20 33/36/33 34/37/34
f 21/21/21 33/36/33 20/20/20
f 21/21/21 35/38/35 33/36/33
f 28/28/28 35/38/35 21/21/21
f 35/38/35 36/39/36 33/36/33
f 33/36/33 36/39/36 34/37/34
f 35/38/35 37/40/37 36/39/36
f 38/41/38 35/38/35 39/42/39
f 35/38/35 38/41/38 37/40/37
f 17/17/17 30/33/30 18/18/18
f 15/15/15 40/43/40 29/32/29
f 15/15/15 7/7/7 40/43/40
f 23/23/23 41/44/41 24/24/24
f 32/35/32 5/5/5 19/19/19
f 10/10/10 27/27/27 28/28/28
f 9/9/9 20/20/20 26/26/26
f 26/26/26 20/20/20 42/45/42
f 35/38/35 28/28/28 43/46/43
f 43/46/43 39/42/39 35/38/35
f 36/39/36 44/47/44 45/48/45
f 36/39/36 46/49/46 44/47/44
f 39/42/39 47/50/47 38/41/38
f 37/40/37 46/49/46 36/39/36
f 38/41/38 48/51/48 37/40/37
f 12/52/12 29/53/29 16/31/16
f 20/20/20 34/37/34 42/45/42
f 36/39/36 45/48/45 34/37/34
f 49/54/49 39/42/39 43/46/43
f 49/54/49 47/50/47 39/42/39
f 47/50/47 50/55/50 51/56/51
f 47/50/47 51/56/51 38/41/38
f 37/40/37 52/57/52 46/49/46
f 51/56/51 48/51/48 38/41/38
f 16/31/16 53/58/53 17/29/17
f 16/31/16 29/53/29 54/59/54
f 30/33/30 55/60/55 31/34/31
f 26/26/26 56/61/56 19/19/19
f 52/57/52 57/62/57 46/49/46
f 53/58/53 58/63/58 17/29/17
f 16/31/16 59/64/59 53/58/53
f 16/31/16 60/65/60 59/64/59
f 16/31/16 61/66/61 62/67/62
f 54/68/54 29/32/29 63/69/63
f 29/32/29 40/43/40 22/22/22
f 28/28/28 49/54/49 43/46/43
f 45/48/45 42/45/42 34/37/34
f 44/47/44 64/70/64 45/48/45
f 46/49/46 57/62/57 44/47/44
f 65/71/65 62/72/62 61/73/61
f 58/74/58 53/75/53 66/76/66
f 16/31/16 62/67/62 60/65/60
f 30/77/30 17/78/17 55/79/55
f 29/32/29 22/22/22 63/69/63
f 31/34/31 23/23/23 8/8/8
f 7/7/7 22/22/22 40/43/40
f 25/25/25 24/24/24 67/80/67
f 57/62/57 68/81/68 44/47/44
f 37/40/37 69/82/69 52/57/52
f 37/40/37 48/51/48 69/82/69
f 70/83/70 62/72/62 65/71/65
f 66/76/66 71/84/71 58/74/58
f 17/85/17 72/86/72 55/87/55
f 60/88/60 73/89/73 59/90/59
f 55/60/55 23/23/23 31/34/31
f 27/27/27 25/25/25 67/80/67
f 27/27/27 67/80/67 28/28/28
f 28/28/28 67/80/67 74/91/74
f 45/48/45 75/92/75 42/45/42
f 45/48/45 64/70/64 75/92/75
f 49/54/49 76/93/76 47/50/47
f 77/94/77 66/76/66 78/95/78
f 65/96/65 79/97/79 70/98/70
f 66/99/66 53/100/53 80/101/80
f 61/73/61 81/102/81 65/71/65
f 58/63/58 82/103/82 17/29/17
f 17/104/17 82/105/82 72/106/72
f 16/31/16 54/59/54 61/66/61
f 73/89/83 83/107/84 59/90/85
f 19/19/19 56/61/56 84/108/86
f 28/28/28 74/91/74 49/54/49
f 76/93/76 85/109/87 47/50/47
f 85/109/87 50/55/50 47/50/47
f 68/81/68 64/70/64 44/47/44
f 86/110/88 57/62/57 52/57/52
f 65/71/65 87/111/89 79/112/79
f 78/113/78 66/99/66 80/101/80
f 66/76/66 77/94/77 71/84/71
f 79/97/79 88/114/90 70/98/70
f 65/71/65 81/102/81 87/111/89
f 80/115/80 53/116/53 59/117/59
f 81/102/81 61/73/61 89/118/91
f 70/83/70 60/119/60 62/72/62
f 58/74/58 71/84/71 82/120/82
f 54/59/54 63/121/63 90/122/92
f 91/123/93 63/69/63 22/22/22
f 92/124/94 67/80/67 24/24/24
f 74/91/74 76/93/76 49/54/49
f 87/111/89 81/102/81 93/125/95
f 70/83/70 73/126/73 60/119/60
f 63/127/63 91/128/93 90/129/92
f 26/26/26 42/45/42 56/61/56
f 42/45/42 75/92/75 94/130/96
f 95/131/97 51/56/51 50/55/50
f 48/51/48 51/56/51 96/132/98
f 77/133/77 78/134/78 97/135/99
f 78/134/78 80/136/80 97/135/99
f 79/112/79 87/111/89 88/137/90
f 80/115/80 59/117/59 98/138/100
f 81/102/81 89/118/91 99/139/101
f 100/140/102 73/126/73 70/83/70
f 59/117/59 73/126/73 100/140/102
f 72/141/72 101/142/103 55/143/55
f 41/44/41 92/124/94 24/24/24
f 19/19/19 84/108/86 32/35/32
f 95/131/97 50/55/50 85/109/87
f 51/56/51 102/144/104 96/132/98
f 52/57/52 69/82/69 103/145/105
f 48/51/48 104/146/106 69/82/69
f 105/147/107 106/148/108 107/149/109
f 106/148/108 108/150/110 107/149/109
f 109/151/111 108/150/110 106/148/108
f 105/147/107 107/149/109 110/152/112
f 111/153/113 112/154/114 113/155/115
f 114/156/116 115/157/117 116/158/118
f 116/158/118 115/157/117 117/159/119
f 112/154/114 118/160/120 113/155/115
f 118/160/120 119/161/121 113/155/115
f 114/156/116 120/162/122 115/157/117
f 115/157/117 121/163/123 117/159/119
f 115/157/117 120/162/122 122/164/124
f 118/160/120 123/165/125 119/161/121
f 124/166/126 82/120/82 71/84/71
f 54/59/54 90/122/92 61/66/61
f 55/60/55 101/167/103 23/23/23
f 64/168/64 125/169/127 75/170/75
f 64/70/64 68/81/68 126/171/128
f 68/81/68 57/62/57 127/172/129
f 95/131/97 102/144/104 51/56/51
f 86/110/88 128/173/130 57/62/57
f 129/174/131 105/147/107 130/175/132
f 129/174/131 106/148/108 105/147/107
f 105/147/107 110/152/112 130/175/132
f 131/176/133 109/151/111 106/148/108
f 132/177/134 109/151/111 131/176/133
f 133/178/135 132/177/134 131/176/133
f 111/153/113 113/155/115 134/179/136
f 116/158/118 117/159/119 135/180/137
f 134/179/136 113/155/115 136/181/138
f 113/155/115 119/161/121 136/181/138
f 112/154/114 137/182/139 118/160/120
f 115/157/117 122/164/124 121/163/123
f 137/182/139 123/165/125 118/160/120
f 97/183/99 80/115/80 138/184/140
f 80/115/80 98/138/100 139/185/141
f 77/94/77 140/186/142 71/84/71
f 140/186/142 124/166/126 71/84/71
f 81/102/81 99/139/101 93/125/95
f 88/137/90 141/187/143 70/83/70
f 98/138/100 59/117/59 100/140/102
f 70/83/70 141/187/143 100/140/102
f 61/73/61 90/188/92 89/118/91
f 23/23/23 101/167/103 142/189/144
f 22/22/22 32/35/32 143/190/145
f 42/45/42 94/130/96 56/61/56
f 74/191/74 144/192/146 76/193/76
f 64/168/64 145/194/147 125/169/127
f 57/62/57 128/173/130 127/172/129
f 96/132/98 104/146/106 48/51/48
f 146/195/148 106/148/108 129/174/131
f 147/196/149 130/175/132 110/152/112
f 146/195/148 131/176/133 106/148/108
f 148/197/150 131/176/133 146/195/148
f 110/152/112 149/198/151 150/199/152
f 151/200/153 133/178/135 131/176/133
f 110/152/112 152/201/154 149/198/151
f 132/177/134 153/202/155 109/151/111
f 153/202/155 108/150/110 109/151/111
f 107/149/109 152/201/154 110/152/112
f 154/203/156 155/204/157 156/205/158
f 156/205/158 155/204/157 157/206/159
f 158/207/160 159/208/161 160/209/162
f 161/210/163 162/211/164 163/212/165
f 164/213/166 116/158/118 165/214/167
f 135/180/137 165/214/167 116/158/118
f 111/153/113 162/211/164 161/210/163
f 111/153/113 166/215/168 112/154/114
f 116/158/118 167/216/169 114/156/116
f 168/217/170 120/162/122 114/156/116
f 137/182/139 112/154/114 166/215/168
f 122/164/124 169/218/171 121/163/123
f 138/184/140 170/219/172 97/183/99
f 171/220/173 87/111/89 172/221/174
f 170/222/172 140/186/142 77/94/77
f 170/223/172 77/133/77 97/135/99
f 80/115/80 139/185/141 138/184/140
f 172/224/174 87/225/89 93/226/95
f 93/125/95 99/139/101 173/227/175
f 140/186/142 174/228/176 124/166/126
f 175/229/177 72/230/72 82/231/82
f 142/232/144 41/233/41 23/234/23
f 125/169/127 94/235/96 75/170/75
f 144/192/146 176/236/178 76/193/76
f 85/237/87 76/193/76 176/236/178
f 177/238/179 95/239/97 85/237/87
f 68/81/68 127/172/129 126/171/128
f 128/240/130 86/241/88 52/242/52
f 130/175/132 147/196/149 129/174/131
f 146/195/148 178/243/180 148/197/150
f 147/196/149 110/152/112 179/244/181
f 148/197/150 151/200/153 131/176/133
f 179/244/181 110/152/112 150/199/152
f 180/245/182 133/178/135 151/200/153
f 108/150/110 153/202/155 107/149/109
f 132/177/134 133/178/135 181/246/183
f 181/246/183 153/202/155 132/177/134
f 153/202/155 152/201/154 107/149/109
f 182/247/184 158/207/160 160/209/162
f 183/248/185 184/249/186 158/207/160
f 158/207/160 184/249/186 159/208/161
f 154/203/156 185/250/187 155/204/157
f 184/249/186 164/213/166 159/208/161
f 155/204/157 186/251/188 157/206/159
f 164/213/166 167/216/169 116/158/118
f 111/153/113 134/179/136 162/211/164
f 167/216/169 168/217/170 114/156/116
f 117/159/119 121/163/123 187/252/189
f 188/253/190 137/182/139 166/215/168
f 168/217/170 189/254/191 120/162/122
f 119/161/121 123/165/125 190/255/192
f 191/256/193 122/164/124 120/162/122
f 122/164/124 191/256/193 169/218/171
f 171/220/173 88/137/90 87/111/89
f 174/257/176 192/258/194 124/259/126
f 192/260/194 82/120/82 124/166/126
f 89/118/91 193/261/195 99/139/101
f 72/141/72 194/262/196 101/142/103
f 64/168/64 126/263/128 145/194/147
f 177/264/179 195/265/197 95/131/97
f 95/131/97 195/265/197 102/144/104
f 69/82/69 104/146/106 196/266/198
f 129/174/131 147/196/149 197/267/199
f 152/201/154 198/268/200 149/198/151
f 154/203/156 156/205/158 199/269/201
f 156/205/158 157/206/159 200/270/202
f 159/208/161 201/271/203 160/209/162
f 185/250/187 163/212/165 155/204/157
f 163/212/165 186/251/188 155/204/157
f 201/271/203 164/213/166 165/214/167
f 161/210/163 163/212/165 202/272/204
f 165/214/167 135/180/137 203/273/205
f 202/272/204 111/153/113 161/210/163
f 162/211/164 134/179/136 204/274/206
f 135/180/137 205/275/207 206/276/208
f 205/275/207 135/180/137 117/159/119
f 119/161/121 190/255/192 136/181/138
f 189/254/191 191/256/193 120/162/122
f 123/165/125 207/277/209 190/255/192
f 123/165/125 208/278/210 207/277/209
f 171/220/173 172/221/174 209/279/211
f 98/138/100 100/140/102 210/280/212
f 192/258/194 175/281/177 82/282/82
f 89/283/91 90/284/92 193/285/195
f 72/141/72 175/281/177 194/262/196
f 91/128/93 211/286/213 90/129/92
f 92/287/94 212/288/214 67/289/67
f 67/289/67 212/288/214 74/191/74
f 195/265/197 213/290/215 102/144/104
f 102/291/104 213/292/215 96/293/98
f 52/57/52 214/294/216 128/173/130
f 146/195/148 129/174/131 178/243/180
f 149/198/151 215/295/217 150/199/152
f 180/245/182 216/296/218 133/178/135
f 216/296/218 181/246/183 133/178/135
f 153/297/155 217/298/219 152/299/154
f 153/202/155 218/300/220 217/301/219
f 218/300/220 219/302/221 217/301/219
f 153/202/155 181/246/183 218/300/220
f 220/303/222 199/269/201 156/205/158
f 182/247/184 221/304/223 222/305/224
f 160/209/162 221/304/223 182/247/184
f 156/205/158 200/270/202 223/306/225
f 199/269/201 185/250/187 154/203/156
f 157/206/159 224/307/226 200/270/202
f 164/213/166 201/271/203 159/208/161
f 163/212/165 162/211/164 186/251/188
f 204/274/206 186/251/188 162/211/164
f 203/273/205 201/271/203 165/214/167
f 135/180/137 206/276/208 203/273/205
f 225/308/227 111/153/113 202/272/204
f 187/252/189 205/275/207 117/159/119
f 187/309/189 121/310/123 226/311/228
f 190/255/192 227/312/229 136/181/138
f 123/165/125 137/182/139 228/313/230
f 189/254/191 229/314/231 191/256/193
f 230/315/232 207/277/209 208/278/210
f 170/219/172 138/184/140 231/316/233
f 172/224/174 93/226/95 232/317/234
f 232/317/234 93/226/95 173/318/175
f 211/286/213 91/128/93 22/319/22
f 233/320/235 56/321/56 94/322/96
f 234/323/236 235/324/237 74/191/74
f 235/324/237 144/192/146 74/191/74
f 177/238/179 85/237/87 176/236/178
f 145/194/147 126/263/128 127/325/129
f 103/145/105 69/82/69 196/266/198
f 129/174/131 236/326/238 237/327/239
f 129/174/131 237/327/239 178/243/180
f 151/200/153 148/197/150 238/328/240
f 148/197/150 178/243/180 238/328/240
f 147/329/149 179/330/181 197/331/199
f 197/267/199 150/199/152 239/332/241
f 179/244/181 150/199/152 197/267/199
f 239/332/241 150/199/152 240/333/242
f 215/295/217 240/333/242 150/199/152
f 149/198/151 198/268/200 215/295/217
f 181/246/183 219/302/221 218/300/220
f 241/334/243 156/205/158 223/306/225
f 242/335/244 182/247/184 243/336/245
f 182/247/184 222/305/224 243/336/245
f 220/303/222 156/205/158 241/334/243
f 242/335/244 158/207/160 182/247/184
f 158/207/160 244/337/246 183/248/185
f 245/338/247 185/250/187 199/269/201
f 160/209/162 201/271/203 246/339/248
f 183/248/185 164/213/166 184/249/186
f 185/250/187 247/340/249 163/212/165
f 247/340/249 202/272/204 163/212/165
f 164/213/166 248/341/250 167/216/169
f 134/179/136 136/181/138 249/342/251
f 167/216/169 250/343/252 168/217/170
f 250/343/252 251/344/253 168/217/170
f 169/218/171 226/345/228 121/163/123
f 252/346/254 208/278/210 228/313/230
f 228/313/230 208/278/210 123/165/125
f 191/256/193 253/347/255 169/218/171
f 229/314/231 254/348/256 191/256/193
f 191/256/193 254/348/256 253/347/255
f 255/349/257 88/137/90 171/220/173
f 209/279/211 172/221/174 256/350/258
f 255/351/257 257/352/259 88/353/90
f 210/280/212 100/140/102 258/354/260
f 100/140/102 141/187/143 258/354/260
f 22/22/22 143/190/145 211/355/213
f 32/356/32 84/357/86 259/358/261
f 92/287/94 260/359/262 212/288/214
f 261/360/263 234/323/236 74/191/74
f 262/361/264 94/362/96 263/363/265
f 264/364/266 265/365/267 213/292/215
f 103/145/105 266/366/268 52/57/52
f 267/367/269 104/146/106 96/132/98
f 129/174/131 197/267/199 236/326/238
f 151/200/153 268/368/270 180/245/182
f 198/268/200 269/369/271 215/295/217
f 217/301/219 198/268/200 152/201/154
f 216/370/218 270/371/272 181/372/183
f 243/336/245 271/373/273 242/335/244
f 242/335/244 244/337/246 158/207/160
f 222/305/224 221/304/223 272/374/274
f 220/303/222 273/375/275 199/269/201
f 244/337/246 274/376/276 183/248/185
f 160/209/162 275/377/277 221/304/223
f 160/209/162 246/339/248 275/377/277
f 157/206/159 276/378/278 224/307/226
f 183/248/185 277/379/279 164/213/166
f 203/273/205 206/276/208 278/380/280
f 134/179/136 249/342/251 204/274/206
f 111/153/113 279/381/281 166/215/168
f 136/382/138 227/383/229 249/384/251
f 168/217/170 251/344/253 189/254/191
f 251/344/253 229/314/231 189/254/191
f 252/346/254 230/315/232 208/278/210
f 280/385/282 281/386/283 282/387/284
f 280/385/282 171/220/173 281/386/283
f 283/388/285 138/184/140 139/185/141
f 284/389/286 231/316/233 138/184/140
f 171/220/173 209/279/211 281/386/283
f 98/390/100 285/391/287 139/392/141
f 170/393/172 286/394/288 140/395/142
f 140/395/142 286/394/288 174/257/176
f 257/396/259 258/397/260 88/398/90
f 88/137/90 258/354/260 141/187/143
f 98/138/100 210/280/212 285/399/287
f 32/356/32 259/358/261 143/400/145
f 84/357/86 56/321/56 233/320/235
f 233/320/235 94/322/96 287/401/289
f 127/325/129 288/402/290 145/194/147
f 127/172/129 128/173/130 288/403/290
f 213/292/215 265/365/267 96/293/98
f 214/404/216 289/405/291 128/406/130
f 52/57/52 266/366/268 214/294/216
f 267/407/269 196/408/198 104/409/106
f 267/367/269 290/410/292 196/266/198
f 196/266/198 291/411/293 103/145/105
f 290/410/292 291/411/293 196/266/198
f 291/411/293 292/412/294 103/145/105
f 237/327/239 238/328/240 178/243/180
f 216/413/218 293/414/295 270/415/272
f 181/372/183 270/371/272 219/416/221
f 243/417/245 294/418/296 271/419/273
f 222/420/224 272/421/274 243/417/245
f 200/270/202 224/307/226 223/306/225
f 274/376/276 295/422/297 183/248/185
f 185/250/187 296/423/298 247/340/249
f 246/339/248 201/271/203 278/380/280
f 157/206/159 186/251/188 276/378/278
f 278/380/280 201/271/203 203/273/205
f 297/424/299 188/425/190 166/426/168
f 207/427/209 298/428/300 190/429/192
f 253/347/255 226/345/228 169/218/171
f 299/430/301 253/347/255 254/348/256
f 230/315/232 298/431/300 207/277/209
f 138/184/140 300/432/302 284/389/286
f 300/432/302 138/184/140 283/388/285
f 282/387/284 281/386/283 301/433/303
f 281/386/283 209/279/211 301/433/303
f 255/349/257 171/220/173 280/385/282
f 90/129/92 211/286/213 302/434/304
f 142/189/144 101/167/103 194/435/196
f 92/287/94 41/233/41 260/359/262
f 261/360/263 74/191/74 212/288/214
f 262/436/264 287/401/289 94/322/96
f 263/437/265 94/235/96 125/169/127
f 303/438/305 195/439/197 177/440/179
f 289/405/291 214/404/216 304/441/306
f 305/442/307 214/404/216 266/443/268
f 267/444/269 96/293/98 265/365/267
f 267/367/269 306/445/308 290/410/292
f 307/446/309 268/447/270 151/448/153
f 308/449/310 239/450/241 240/451/242
f 268/368/270 309/452/311 180/245/182
f 180/245/182 309/452/311 216/296/218
f 310/453/312 217/301/219 219/302/221
f 311/454/313 312/455/314 313/456/315
f 314/457/316 315/458/317 316/459/318
f 317/460/319 312/455/314 311/454/313
f 318/461/320 319/462/321 314/457/316
f 314/457/316 319/462/321 315/458/317
f 317/460/319 320/463/322 312/455/314
f 315/458/317 319/462/321 294/464/296
f 320/465/322 241/466/243 321/467/323
f 321/468/323 241/334/243 223/306/225
f 320/465/322 220/469/222 241/466/243
f 320/465/322 322/470/324 220/469/222
f 242/335/244 271/373/273 244/337/246
f 272/421/274 294/418/296 243/417/245
f 272/374/274 221/304/223 275/377/277
f 247/340/249 225/308/227 202/272/204
f 186/251/188 323/471/325 276/378/278
f 186/472/188 204/473/206 323/474/325
f 277/379/279 248/341/250 164/213/166
f 111/153/113 225/308/227 279/381/281
f 167/475/169 324/476/326 250/477/252
f 187/309/189 226/311/228 325/478/327
f 137/479/139 188/425/190 326/480/328
f 326/480/328 228/481/230 137/479/139
f 190/255/192 298/431/300 227/312/229
f 327/482/329 282/387/284 328/483/330
f 327/482/329 280/385/282 282/387/284
f 327/482/329 255/349/257 280/385/282
f 283/388/285 139/185/141 329/484/331
f 209/279/211 256/350/258 301/433/303
f 256/350/258 172/221/174 232/485/234
f 170/219/172 330/486/332 286/487/288
f 173/488/175 99/489/101 331/490/333
f 194/262/196 332/491/334 142/232/144
f 211/286/213 143/400/145 333/492/335
f 144/493/146 334/494/336 176/495/178
f 306/496/308 291/497/293 290/498/292
f 306/445/308 237/327/239 291/411/293
f 237/327/239 236/326/238 291/411/293
f 292/412/294 236/326/238 335/499/337
f 291/411/293 236/326/238 292/412/294
f 236/326/238 197/267/199 335/499/337
f 197/267/199 239/332/241 335/499/337
f 217/500/219 269/501/271 198/502/200
f 219/302/221 336/503/338 310/453/312
f 270/415/272 293/414/295 337/504/339
f 270/371/272 338/505/340 219/416/221
f 318/506/320 314/507/316 316/508/318
f 318/461/320 294/464/296 319/462/321
f 317/460/319 322/509/324 320/463/322
f 312/455/314 320/463/322 313/456/315
f 313/456/315 320/463/322 321/510/323
f 318/461/320 339/511/341 294/464/296
f 294/464/296 340/512/342 315/458/317
f 223/306/225 341/513/343 321/468/323
f 340/514/342 294/418/296 272/421/274
f 273/515/275 220/516/222 322/517/324
f 273/518/275 342/519/344 199/520/201
f 244/521/246 343/522/345 274/523/276
f 199/520/201 342/519/344 245/524/247
f 245/524/247 296/525/298 185/526/187
f 295/422/297 344/527/346 183/248/185
f 344/527/346 277/379/279 183/248/185
f 206/528/208 345/529/347 278/530/280
f 166/426/168 279/531/281 297/424/299
f 205/532/207 187/309/189 346/533/348
f 228/313/230 326/534/328 252/346/254
f 347/535/349 229/314/231 251/344/253
f 252/536/254 348/537/350 230/538/232
f 230/315/232 349/539/351 298/431/300
f 230/315/232 350/540/352 349/539/351
f 254/348/256 351/541/353 352/542/354
f 300/432/302 283/388/285 353/543/355
f 284/389/286 330/486/332 231/316/233
f 139/185/141 285/399/287 329/484/331
f 231/316/233 330/486/332 170/219/172
f 286/394/288 354/544/356 174/257/176
f 210/280/212 258/354/260 285/399/287
f 99/489/101 193/545/195 331/490/333
f 90/284/92 355/546/357 193/285/195
f 90/284/92 302/547/304 355/546/357
f 41/233/41 356/548/358 260/359/262
f 84/357/86 233/320/235 259/358/261
f 266/443/268 103/549/105 305/442/307
f 103/145/105 357/550/359 305/551/307
f 292/412/294 357/550/359 103/145/105
f 358/552/360 238/328/240 237/327/239
f 238/553/240 307/446/309 151/448/153
f 307/446/309 359/554/361 268/447/270
f 240/555/242 360/556/362 308/557/310
f 268/368/270 361/558/363 309/452/311
f 215/559/217 360/560/362 240/451/242
f 309/452/311 362/561/364 216/296/218
f 217/500/219 310/562/312 269/501/271
f 337/563/339 293/564/295 363/565/365
f 338/566/340 270/415/272 337/504/339
f 364/567/366 317/568/319 311/569/313
f 311/454/313 313/456/315 365/570/367
f 316/459/318 315/458/317 366/571/368
f 364/572/366 322/509/324 317/460/319
f 339/573/341 271/419/273 294/418/296
f 340/514/342 272/421/274 367/574/369
f 368/575/370 272/374/274 275/377/277
f 369/576/371 295/577/297 274/523/276
f 370/578/372 224/579/226 371/580/373
f 275/581/277 246/582/248 372/583/374
f 224/579/226 276/584/278 371/580/373
f 373/585/375 204/473/206 249/384/251
f 324/586/326 167/216/169 248/341/250
f 326/534/328 348/587/350 252/346/254
f 226/345/228 253/347/255 299/430/301
f 374/588/376 230/315/232 348/587/350
f 254/348/256 229/314/231 351/541/353
f 254/348/256 352/542/354 299/430/301
f 349/539/351 350/540/352 375/589/377
f 282/387/284 301/433/303 376/590/378
f 282/387/284 377/591/379 328/483/330
f 283/388/285 329/484/331 353/543/355
f 378/592/380 257/352/259 255/351/257
f 256/350/258 232/485/234 379/593/381
f 192/258/194 380/594/382 175/281/177
f 380/594/382 194/262/196 175/281/177
f 302/434/304 211/286/213 381/595/383
f 333/492/335 143/400/145 259/358/261
f 260/359/262 382/596/384 212/288/214
f 382/596/384 261/360/263 212/288/214
f 287/401/289 262/436/264 383/597/385
f 383/597/385 262/436/264 384/598/386
f 334/494/336 385/599/387 176/495/178
f 145/600/147 386/601/388 125/602/127
f 387/603/389 303/604/305 177/238/179
f 303/438/305 388/605/390 195/439/197
f 388/605/390 213/292/215 195/439/197
f 288/606/290 128/406/130 389/607/391
f 389/607/391 128/406/130 289/405/291
f 267/367/269 390/608/392 306/445/308
f 306/445/308 358/552/360 237/327/239
f 391/609/393 239/450/241 308/449/310
f 392/610/394 361/611/363 268/447/270
f 360/560/362 215/559/217 393/612/395
f 393/612/395 215/559/217 269/613/271
f 363/565/365 293/564/295 216/370/218
f 394/614/396 364/567/366 311/569/313
f 395/615/397 396/616/398 318/617/320
f 396/618/398 339/619/341 318/620/320
f 341/621/343 397/622/399 321/623/323
f 271/624/273 398/625/400 244/521/246
f 398/625/400 343/522/345 244/521/246
f 273/626/275 322/627/324 399/628/401
f 223/629/225 400/630/402 341/631/343
f 246/582/248 401/632/403 372/583/374
f 246/582/248 278/530/280 401/632/403
f 344/527/346 402/633/404 277/379/279
f 323/474/325 204/473/206 373/585/375
f 403/634/405 324/476/326 248/635/250
f 404/636/406 250/477/252 324/476/326
f 349/539/351 405/637/407 298/431/300
f 374/588/376 350/540/352 230/315/232
f 351/541/353 377/591/379 352/542/354
f 406/638/408 375/589/377 350/540/352
f 407/639/409 377/591/379 351/541/353
f 408/640/410 284/389/286 406/638/408
f 406/638/408 284/389/286 300/432/302
f 409/641/411 255/349/257 327/482/329
f 284/389/286 410/642/412 330/486/332
f 286/394/288 330/643/332 354/544/356
f 232/644/234 411/645/413 379/646/381
f 232/317/234 173/318/175 411/647/413
f 173/488/175 331/490/333 411/645/413
f 174/257/176 412/648/414 192/258/194
f 413/649/415 194/262/196 380/594/382
f 414/650/416 234/323/236 261/360/263
f 415/651/417 287/401/289 383/597/385
f 176/236/178 387/603/389 177/238/179
f 304/441/306 416/652/418 289/405/291
f 305/442/307 304/441/306 214/404/216
f 357/653/359 417/654/419 418/655/420
f 357/550/359 292/412/294 417/656/419
f 292/412/294 335/499/337 417/656/419
f 308/449/310 419/657/421 391/609/393
f 359/554/361 392/610/394 268/447/270
f 361/558/363 362/561/364 309/452/311
f 338/505/340 336/658/338 219/416/221
f 365/570/367 313/456/315 420/659/422
f 313/660/315 321/661/323 420/662/422
f 271/419/273 339/573/341 421/663/423
f 364/572/366 399/664/401 322/509/324
f 421/665/423 398/625/400 271/624/273
f 315/458/317 340/512/342 366/571/368
f 224/579/226 400/630/402 223/629/225
f 224/579/226 370/578/372 400/630/402
f 274/523/276 343/522/345 369/576/371
f 369/576/371 422/666/424 295/577/297
f 277/667/279 402/668/404 248/635/250
f 249/384/251 227/383/229 423/669/425
f 187/309/189 325/478/327 346/533/348
f 298/431/300 424/670/426 227/312/229
f 226/311/228 299/671/301 425/672/427
f 348/587/350 426/673/428 374/588/376
f 229/314/231 427/674/429 351/541/353
f 349/539/351 428/675/430 405/637/407
f 299/430/301 352/542/354 429/676/431
f 350/540/352 374/588/376 406/638/408
f 349/539/351 375/589/377 428/675/430
f 351/541/353 430/677/432 407/639/409
f 407/639/409 328/483/330 377/591/379
f 377/591/379 282/387/284 376/590/378
f 406/638/408 300/432/302 375/589/377
f 428/675/430 375/589/377 431/678/433
f 375/589/377 300/432/302 431/678/433
f 300/432/302 353/543/355 431/678/433
f 301/433/303 432/679/434 376/590/378
f 408/640/410 410/642/412 284/389/286
f 301/433/303 256/350/258 432/679/434
f 174/257/176 354/544/356 433/680/435
f 174/257/176 433/680/435 412/648/414
f 192/258/194 412/648/414 380/594/382
f 194/262/196 413/649/415 332/491/334
f 302/434/304 381/595/383 434/681/436
f 211/286/213 333/492/335 381/595/383
f 142/232/144 356/548/358 41/233/41
f 233/320/235 287/401/289 415/651/417
f 263/682/265 384/598/386 262/436/264
f 144/192/146 235/324/237 334/683/336
f 263/684/265 125/602/127 435/685/437
f 125/602/127 386/601/388 435/685/437
f 213/292/215 388/605/390 264/364/266
f 389/607/391 289/405/291 416/652/418
f 436/686/438 265/365/267 264/364/266
f 437/687/439 267/444/269 265/365/267
f 358/552/360 306/445/308 390/608/392
f 391/688/393 335/689/337 239/690/241
f 438/691/440 359/554/361 307/446/309
f 439/692/441 269/501/271 310/562/312
f 316/508/318 366/693/368 440/694/442
f 441/695/443 366/696/368 340/697/342
f 340/514/342 367/574/369 441/698/443
f 341/631/343 400/630/402 442/699/444
f 443/700/445 367/574/369 272/421/274
f 444/701/446 342/519/344 273/518/275
f 368/702/370 275/581/277 445/703/447
f 275/581/277 372/583/374 445/703/447
f 342/519/344 296/525/298 245/524/247
f 422/666/424 344/704/346 295/577/297
f 446/705/448 225/706/227 247/707/249
f 206/276/208 205/275/207 346/708/348
f 297/424/299 447/709/449 188/425/190
f 404/636/406 251/710/253 250/477/252
f 423/669/425 227/383/229 424/711/426
f 448/712/450 226/311/228 425/672/427
f 427/674/429 229/314/231 347/535/349
f 430/677/432 351/541/353 427/674/429
f 352/542/354 376/590/378 429/676/431
f 377/591/379 376/590/378 352/542/354
f 430/677/432 328/483/330 407/639/409
f 449/713/451 327/482/329 328/483/330
f 409/714/411 327/715/329 449/716/451
f 409/641/411 378/717/380 255/349/257
f 450/718/452 329/719/331 285/720/287
f 379/646/381 411/645/413 451/721/453
f 452/722/454 142/232/144 332/491/334
f 452/722/454 356/548/358 142/232/144
f 453/723/455 235/324/237 234/323/236
f 435/685/437 386/601/388 454/724/456
f 385/599/387 455/725/457 176/495/178
f 145/194/147 288/402/290 456/726/458
f 436/686/438 457/727/459 265/365/267
f 437/728/439 390/608/392 267/367/269
f 417/656/419 335/499/337 458/729/460
f 358/730/360 307/446/309 238/553/240
f 362/731/364 363/565/365 216/370/218
f 363/565/365 459/732/461 337/563/339
f 420/733/422 321/623/323 397/622/399
f 341/621/343 420/733/422 397/622/399
f 341/621/343 442/734/444 420/733/422
f 444/701/446 273/518/275 460/735/462
f 273/626/275 399/628/401 460/736/462
f 367/574/369 443/700/445 441/698/443
f 368/737/370 443/700/445 272/421/274
f 276/584/278 323/474/325 371/580/373
f 345/529/347 206/528/208 461/738/463
f 402/668/404 403/634/405 248/635/250
f 249/384/251 423/669/425 462/739/464
f 376/740/378 463/741/465 429/742/431
f 353/543/355 329/484/331 464/743/466
f 432/679/434 256/350/258 379/593/381
f 411/744/413 331/745/333 451/746/453
f 193/545/195 355/747/357 331/490/333
f 453/723/455 465/748/467 235/324/237
f 334/683/336 455/749/457 385/750/387
f 145/600/147 456/751/458 386/601/388
f 466/752/468 388/605/390 303/438/305
f 357/753/359 418/754/420 305/442/307
f 335/499/337 391/755/393 458/729/460
f 337/563/339 336/658/338 338/505/340
f 366/696/368 467/756/469 440/757/442
f 395/758/397 468/759/470 396/618/398
f 421/663/423 339/573/341 469/760/471
f 368/702/370 445/703/447 443/761/445
f 371/580/373 470/762/472 370/578/372
f 188/425/190 471/763/473 326/480/328
f 404/636/406 472/764/474 251/710/253
f 298/431/300 405/637/407 424/670/426
f 405/765/407 428/766/430 473/767/475
f 406/638/408 410/642/412 408/640/410
f 431/768/433 353/769/355 474/770/476
f 329/719/331 450/718/452 464/771/466
f 432/679/434 379/593/381 463/772/465
f 258/773/260 475/774/477 285/775/287
f 330/643/332 433/680/435 354/544/356
f 333/492/335 259/358/261 476/776/478
f 455/725/457 387/777/389 176/495/178
f 389/778/391 477/779/479 288/402/290
f 265/365/267 457/727/459 437/687/439
f 437/780/439 478/781/480 390/782/392
f 418/655/420 417/654/419 479/783/481
f 391/609/393 419/657/421 480/784/482
f 307/446/309 481/785/483 438/691/440
f 360/560/362 482/786/484 308/449/310
f 362/731/364 361/787/363 483/788/485
f 310/789/312 336/790/338 484/791/486
f 459/732/461 485/792/487 337/563/339
f 486/793/488 395/794/397 318/506/320
f 486/793/488 318/506/320 316/508/318
f 468/759/470 339/619/341 396/618/398
f 468/759/470 469/795/471 339/619/341
f 366/696/368 441/695/443 467/756/469
f 364/796/366 460/735/462 399/797/401
f 487/798/489 369/576/371 343/522/345
f 296/423/298 446/799/448 247/340/249
f 402/668/404 488/800/490 403/634/405
f 373/585/375 249/384/251 462/739/464
f 404/636/406 324/476/326 403/634/405
f 447/709/449 471/763/473 188/425/190
f 325/478/327 226/311/228 448/712/450
f 489/801/491 347/802/349 251/710/253
f 490/803/492 348/804/350 326/480/328
f 473/805/475 428/675/430 431/678/433
f 473/805/475 431/678/433 474/806/476
f 463/772/465 376/590/378 432/679/434
f 491/807/493 449/713/451 328/483/330
f 492/808/494 409/714/411 449/716/451
f 493/809/495 285/775/287 475/774/477
f 494/810/496 433/680/435 330/643/332
f 495/811/497 380/594/382 412/648/414
f 451/721/453 331/490/333 355/747/357
f 496/812/498 413/649/415 380/594/382
f 384/598/386 263/682/265 435/813/437
f 416/652/418 304/441/306 305/442/307
f 457/727/459 497/814/499 437/687/439
f 479/783/481 417/654/419 458/815/460
f 390/782/392 481/785/483 358/730/360
f 358/730/360 481/785/483 307/446/309
f 481/816/483 498/817/500 438/818/440
f 480/784/482 419/657/421 499/819/501
f 419/657/421 308/449/310 482/786/484
f 500/820/502 392/610/394 359/554/361
f 392/610/394 501/821/503 361/611/363
f 393/612/395 269/613/271 502/822/504
f 269/613/271 439/823/441 502/822/504
f 363/565/365 362/731/364 459/732/461
f 365/824/367 503/825/505 311/569/313
f 365/826/367 420/827/422 504/828/506
f 440/757/442 467/756/469 505/829/507
f 422/666/424 506/830/508 344/704/346
f 401/632/403 278/530/280 507/831/509
f 346/533/348 461/738/463 206/528/208
f 472/764/474 489/801/491 251/710/253
f 299/430/301 429/676/431 425/832/427
f 430/677/432 427/674/429 491/807/493
f 374/588/376 410/642/412 406/638/408
f 430/833/432 491/834/493 328/835/330
f 508/836/510 509/837/511 409/714/411
f 410/642/412 510/838/512 330/486/332
f 450/718/452 285/720/287 511/839/513
f 378/592/380 475/840/477 257/352/259
f 512/841/514 379/646/381 451/721/453
f 412/648/414 433/680/435 495/811/497
f 495/811/497 496/812/498 380/594/382
f 413/649/415 513/842/515 332/491/334
f 356/548/358 514/843/516 260/359/262
f 414/650/416 453/723/455 234/323/236
f 435/813/437 454/844/456 515/845/517
f 455/725/457 516/846/518 387/777/389
f 456/726/458 288/402/290 517/847/519
f 466/848/468 303/604/305 387/603/389
f 288/402/290 477/779/479 517/847/519
f 305/442/307 418/754/420 518/849/520
f 518/849/520 418/754/420 519/850/521
f 497/814/499 478/851/480 437/687/439
f 390/782/392 478/781/480 481/785/483
f 458/815/460 391/609/393 480/784/482
f 500/820/502 520/852/522 392/610/394
f 361/787/363 501/853/503 483/788/485
f 439/692/441 310/562/312 521/854/523
f 521/855/523 310/789/312 484/791/486
f 337/563/339 485/792/487 336/658/338
f 311/569/313 503/825/505 522/856/524
f 316/508/318 523/857/525 486/793/488
f 394/858/396 524/859/526 364/860/366
f 398/625/400 487/798/489 343/522/345
f 444/701/446 525/861/527 342/519/344
f 296/525/298 342/519/344 526/862/528
f 422/666/424 369/576/371 506/830/508
f 278/530/280 345/529/347 507/831/509
f 446/705/448 279/531/281 225/706/227
f 347/802/349 489/801/491 427/863/429
f 348/804/350 490/803/492 426/864/428
f 429/742/431 527/865/529 425/672/427
f 429/742/431 463/741/465 527/865/529
f 473/767/475 474/866/476 528/867/530
f 491/868/493 492/808/494 449/716/451
f 464/771/466 529/869/531 353/870/355
f 464/771/466 450/718/452 529/869/531
f 509/837/511 530/871/532 409/714/411
f 510/872/512 531/873/533 330/643/332
f 530/871/532 378/592/380 409/714/411
f 285/775/287 493/809/495 511/874/513
f 257/352/259 475/840/477 258/875/260
f 332/491/334 513/842/515 452/722/454
f 233/320/235 532/876/534 259/358/261
f 384/598/386 435/813/437 533/877/535
f 454/844/456 386/878/388 534/879/536
f 386/601/388 456/751/458 534/880/536
f 389/607/391 416/652/418 477/881/479
f 418/655/420 479/783/481 519/882/521
f 458/815/460 535/883/537 479/783/481
f 499/819/501 536/884/538 480/784/482
f 499/885/501 537/886/539 536/887/538
f 359/554/361 438/691/440 500/820/502
f 439/692/441 521/854/523 502/888/504
f 483/788/485 538/889/540 362/731/364
f 336/658/338 485/792/487 484/890/486
f 395/758/397 539/891/541 468/759/470
f 442/734/444 540/892/542 420/733/422
f 421/665/423 469/893/471 398/625/400
f 460/735/462 541/894/543 444/701/446
f 443/700/445 542/895/544 441/698/443
f 371/580/373 323/474/325 543/896/545
f 323/474/325 373/585/375 543/896/545
f 325/478/327 544/897/546 346/533/348
f 325/478/327 545/898/547 544/897/546
f 423/899/425 424/670/426 405/637/407
f 546/900/548 405/765/407 528/867/530
f 492/808/494 508/836/510 409/714/411
f 353/870/355 529/869/531 474/866/476
f 378/592/380 530/871/532 475/840/477
f 463/741/465 379/646/381 547/901/549
f 531/873/533 494/810/496 330/643/332
f 355/546/357 302/547/304 548/902/550
f 548/902/550 302/547/304 434/903/436
f 549/904/551 333/905/335 476/906/478
f 476/776/478 259/358/261 532/876/534
f 514/843/516 382/596/384 260/359/262
f 533/877/535 435/813/437 515/845/517
f 454/844/456 550/907/552 515/845/517
f 534/908/536 456/909/458 517/910/519
f 551/911/553 264/364/266 388/605/390
f 551/911/553 436/686/438 264/364/266
f 535/883/537 458/815/460 480/784/482
f 552/912/554 498/913/500 553/914/555
f 552/912/554 438/691/440 498/913/500
f 499/819/501 419/657/421 482/786/484
f 554/915/556 360/560/362 393/612/395
f 520/852/522 501/821/503 392/610/394
f 538/889/540 459/732/461 362/731/364
f 555/916/557 485/792/487 459/732/461
f 539/891/541 556/917/558 468/759/470
f 524/918/526 460/735/462 364/796/366
f 557/919/559 420/733/422 540/892/542
f 467/756/469 441/695/443 542/920/544
f 370/578/372 470/762/472 558/921/560
f 372/583/374 401/632/403 559/922/561
f 404/636/406 560/923/562 472/764/474
f 425/672/427 527/865/529 448/712/450
f 405/765/407 473/767/475 528/867/530
f 410/924/412 374/925/376 510/872/512
f 433/680/435 494/810/496 495/811/497
f 233/320/235 415/651/417 561/926/563
f 334/683/336 562/927/564 455/749/457
f 516/928/518 466/752/468 387/929/389
f 563/930/565 388/605/390 466/752/468
f 438/691/440 552/912/554 564/931/566
f 482/786/484 360/560/362 565/932/567
f 565/932/567 360/560/362 554/915/556
f 393/612/395 502/822/504 554/915/556
f 484/890/486 485/792/487 566/933/568
f 311/569/313 522/856/524 394/614/396
f 316/508/318 440/694/442 523/857/525
f 504/828/506 420/827/422 557/934/559
f 468/935/470 556/936/558 469/937/471
f 469/893/471 567/938/569 398/625/400
f 442/699/444 400/630/402 568/939/570
f 526/862/528 446/705/448 296/525/298
f 371/580/373 543/896/545 470/762/472
f 344/704/346 488/800/490 402/668/404
f 279/531/281 569/940/571 297/424/299
f 543/896/545 373/585/375 462/739/464
f 471/763/473 570/941/572 326/480/328
f 423/669/425 405/765/407 546/900/548
f 426/942/428 571/943/573 374/944/376
f 492/808/494 572/945/574 508/836/510
f 379/646/381 512/841/514 547/901/549
f 495/811/497 573/946/575 496/812/498
f 381/595/383 333/492/335 549/947/551
f 356/548/358 452/722/454 574/948/576
f 382/596/384 575/949/577 261/360/263
f 233/320/235 561/926/563 576/950/578
f 384/951/386 533/952/535 577/953/579
f 235/324/237 578/954/580 334/683/336
f 479/783/481 579/955/581 519/882/521
f 478/781/480 580/956/582 481/785/483
f 580/956/582 581/957/583 481/785/483
f 480/784/482 536/884/538 582/958/584
f 499/819/501 482/786/484 537/959/539
f 365/824/367 504/960/506 503/825/505
f 395/794/397 486/793/488 539/961/541
f 524/918/526 583/962/585 460/735/462
f 398/625/400 567/938/569 487/798/489
f 400/630/402 370/578/372 568/939/570
f 342/519/344 525/861/527 526/862/528
f 559/922/561 445/703/447 372/583/374
f 461/738/463 584/963/586 345/529/347
f 446/705/448 569/940/571 279/531/281
f 569/940/571 585/964/587 297/424/299
f 404/636/406 586/965/588 560/923/562
f 448/712/450 545/898/547 325/478/327
f 448/712/450 587/966/589 545/898/547
f 489/801/491 491/868/493 427/863/429
f 509/837/511 588/967/590 530/871/532
f 512/841/514 451/721/453 589/968/591
f 355/747/357 548/969/550 451/721/453
f 235/324/237 590/970/592 578/954/580
f 551/911/553 591/971/593 436/686/438
f 591/971/593 457/727/459 436/686/438
f 305/442/307 518/849/520 592/972/594
f 593/973/595 497/814/499 457/727/459
f 594/974/596 518/849/520 519/850/521
f 593/975/595 478/976/480 497/977/499
f 579/978/581 479/979/481 595/980/597
f 535/883/537 480/784/482 582/958/584
f 581/957/583 498/913/500 481/785/483
f 596/981/598 553/982/555 498/983/500
f 536/887/538 537/886/539 597/984/599
f 598/985/600 552/912/554 553/914/555
f 599/986/601 502/888/504 521/854/523
f 600/987/602 459/732/461 538/889/540
f 505/829/507 467/756/469 601/988/603
f 602/989/604 442/699/444 568/939/570
f 603/990/605 344/704/346 506/830/508
f 603/990/605 488/800/490 344/704/346
f 345/529/347 584/963/586 507/831/509
f 570/941/572 490/803/492 326/480/328
f 571/991/573 510/872/512 374/925/376
f 513/842/515 574/948/576 452/722/454
f 532/876/534 233/320/235 576/950/578
f 453/723/455 604/992/606 465/748/467
f 465/748/467 590/970/592 235/324/237
f 551/911/553 388/605/390 563/930/565
f 605/993/607 416/652/418 305/442/307
f 416/652/418 606/994/608 477/881/479
f 594/995/596 519/882/521 579/955/581
f 479/783/481 535/883/537 607/996/609
f 498/913/500 581/957/583 596/997/598
f 597/998/599 608/999/610 609/1000/611
f 553/982/555 596/981/598 598/1001/600
f 536/887/538 597/984/599 582/1002/584
f 610/1003/612 611/1004/613 598/1005/600
f 612/1006/614 611/1004/613 610/1003/612
f 597/1007/599 537/959/539 482/786/484
f 598/985/600 564/931/566 552/912/554
f 597/998/599 613/1008/615 608/999/610
f 564/931/566 614/1009/616 438/691/440
f 614/1009/616 500/820/502 438/691/440
f 500/820/502 615/1010/617 520/852/522
f 459/732/461 600/987/602 555/916/557
f 567/1011/569 469/937/471 556/936/558
f 540/1012/542 442/699/444 602/989/604
f 460/735/462 583/962/585 541/894/543
f 487/798/489 567/938/569 616/1013/618
f 443/761/445 445/703/447 617/1014/619
f 445/703/447 618/1015/620 617/1014/619
f 370/578/372 558/921/560 568/939/570
f 616/1013/618 369/576/371 487/798/489
f 616/1013/618 619/1016/621 369/576/371
f 369/576/371 619/1016/621 506/830/508
f 526/862/528 620/1017/622 446/705/448
f 401/632/403 507/831/509 559/922/561
f 470/762/472 543/896/545 621/1018/623
f 403/634/405 622/1019/624 404/636/406
f 585/964/587 447/709/449 297/424/299
f 462/739/464 423/669/425 546/900/548
f 560/923/562 489/801/491 472/764/474
f 448/712/450 623/1020/625 587/966/589
f 490/803/492 571/991/573 426/864/428
f 492/808/494 491/868/493 572/945/574
f 571/991/573 531/873/533 510/872/512
f 508/836/510 588/967/590 509/837/511
f 529/869/531 450/718/452 624/1021/626
f 494/810/496 573/946/575 495/811/497
f 573/946/575 413/649/415 496/812/498
f 414/650/416 604/992/606 453/723/455
f 593/975/595 625/1022/627 478/976/480
f 610/1023/612 626/1024/628 627/1025/629
f 597/998/599 609/1000/611 628/1026/630
f 627/1025/629 612/1027/614 610/1023/612
f 610/1003/612 629/1028/631 626/1029/628
f 610/1003/612 630/1030/632 629/1028/631
f 629/1031/631 630/1032/632 581/957/583
f 582/1033/584 631/1034/633 628/1035/630
f 597/998/599 628/1026/630 631/1036/633
f 610/1003/612 598/1005/600 630/1030/632
f 581/957/583 630/1032/632 596/997/598
f 596/997/598 630/1032/632 598/985/600
f 582/1037/584 597/1038/599 631/1039/633
f 598/1005/600 611/1004/613 632/1040/634
f 482/786/484 633/1041/635 597/1007/599
f 597/998/599 633/1042/635 613/1008/615
f 598/1005/600 632/1040/634 564/1043/566
f 482/786/484 565/932/567 634/1044/636
f 502/822/504 599/1045/601 554/915/556
f 394/1046/396 522/1047/524 524/918/526
f 486/793/488 635/1048/637 539/961/541
f 440/694/442 505/1049/507 523/857/525
f 504/828/506 636/1050/638 503/1051/505
f 539/891/541 635/1052/637 556/917/558
f 467/756/469 637/1053/639 601/988/603
f 444/701/446 541/894/543 638/1054/640
f 443/700/445 617/1055/619 542/895/544
f 444/701/446 638/1054/640 525/861/527
f 470/762/472 639/1056/641 558/921/560
f 470/762/472 621/1018/623 639/1056/641
f 488/800/490 622/1019/624 403/634/405
f 446/705/448 640/1057/642 569/940/571
f 462/739/464 641/1058/643 543/896/545
f 622/1019/624 586/965/588 404/636/406
f 474/866/476 642/1059/644 528/867/530
f 463/741/465 547/901/549 623/1020/625
f 643/1060/645 644/1061/646 494/1062/496
f 451/721/453 548/969/550 645/1063/647
f 415/651/417 383/597/385 646/1064/648
f 383/597/385 647/1065/649 646/1064/648
f 465/748/467 604/992/606 648/1066/650
f 455/1067/457 649/1068/651 650/1069/652
f 650/1070/652 516/1071/518 455/749/457
f 454/844/456 651/1072/653 550/907/552
f 454/844/456 534/879/536 651/1072/653
f 517/910/519 652/1073/654 534/908/536
f 516/928/518 653/1074/655 654/1075/656
f 466/752/468 654/1075/656 563/930/565
f 416/652/418 605/993/607 606/994/608
f 479/783/481 607/996/609 595/1076/597
f 581/957/583 580/956/582 655/1077/657
f 535/883/537 582/958/584 607/996/609
f 581/1078/583 655/1079/657 626/1080/628
f 582/958/584 656/1081/658 657/1082/659
f 626/1083/628 629/1084/631 581/1085/583
f 628/1026/630 656/1086/658 582/1087/584
f 612/1027/614 627/1025/629 658/1088/660
f 608/1089/610 659/1090/661 609/1091/611
f 608/1089/610 613/1092/615 659/1090/661
f 612/1006/614 660/1093/662 611/1004/613
f 482/786/484 634/1044/636 633/1041/635
f 633/1042/635 661/1094/663 613/1008/615
f 661/1094/663 634/1095/636 613/1008/615
f 483/788/485 662/1096/664 538/889/540
f 538/889/540 662/1096/664 600/987/602
f 504/828/506 557/934/559 636/1050/638
f 540/892/542 602/1097/604 557/919/559
f 346/533/348 544/897/546 663/1098/665
f 448/712/450 527/865/529 623/1020/625
f 489/801/491 664/1099/666 491/868/493
f 664/1099/666 572/945/574 491/868/493
f 450/718/452 511/839/513 624/1021/626
f 531/873/533 665/1100/667 494/810/496
f 547/901/549 512/841/514 589/968/591
f 589/968/591 451/721/453 645/1063/647
f 413/649/415 666/1101/668 513/842/515
f 334/683/336 578/954/580 562/927/564
f 534/879/536 652/1102/654 651/1072/653
f 516/928/518 654/1075/656 466/752/468
f 563/930/565 667/1103/669 551/911/553
f 580/1104/582 478/1105/480 625/1106/627
f 582/958/584 657/1082/659 607/996/609
f 655/1107/657 668/1108/670 626/1109/628
f 628/1026/630 609/1000/611 656/1086/658
f 657/1110/659 656/1086/658 609/1000/611
f 612/1027/614 658/1088/660 660/1111/662
f 633/1042/635 634/1095/636 661/1094/663
f 611/1112/613 660/1113/662 669/1114/671
f 611/1112/613 669/1114/671 632/1115/634
f 564/1043/566 632/1040/634 614/1116/616
f 501/853/503 662/1096/664 483/788/485
f 485/792/487 555/916/557 566/933/568
f 555/916/557 600/987/602 670/1117/672
f 505/829/507 601/988/603 523/1118/525
f 636/1050/638 557/934/559 671/1119/673
f 557/919/559 672/1120/674 673/1121/675
f 556/936/558 674/1122/676 567/1011/569
f 556/917/558 675/1123/677 674/1124/676
f 346/533/348 663/1098/665 676/1125/678
f 447/709/449 677/1126/679 471/763/473
f 544/897/546 545/898/547 678/1127/680
f 679/1128/681 490/803/492 570/941/572
f 463/741/465 623/1020/625 527/865/529
f 528/867/530 642/1059/644 680/1129/682
f 474/866/476 529/869/531 642/1059/644
f 572/945/574 588/967/590 508/836/510
f 381/595/383 549/947/551 681/1130/683
f 455/749/457 562/927/564 649/1131/651
f 551/911/553 667/1103/669 591/971/593
f 305/442/307 592/972/594 605/993/607
f 659/1090/661 613/1092/615 682/1132/684
f 632/1115/634 669/1114/671 614/1133/616
f 634/1134/636 682/1135/684 613/1136/615
f 520/1137/522 683/1138/685 501/853/503
f 524/918/526 522/1047/524 684/1139/686
f 684/1139/686 685/1140/687 524/918/526
f 524/918/526 686/1141/688 583/962/585
f 672/1120/674 557/919/559 602/1097/604
f 567/1011/569 674/1122/676 687/1142/689
f 541/894/543 688/1143/690 638/1054/640
f 445/703/447 559/922/561 618/1015/620
f 689/1144/691 640/1057/642 446/705/448
f 507/831/509 584/963/586 690/1145/692
f 691/1146/693 622/1019/624 488/800/490
f 461/738/463 346/533/348 584/963/586
f 640/1057/642 585/964/587 569/940/571
f 462/739/464 692/1147/694 693/1148/695
f 663/1098/665 544/897/546 694/1149/696
f 462/739/464 546/900/548 692/1147/694
f 560/923/562 664/1099/666 489/801/491
f 679/1128/681 571/991/573 490/803/492
f 494/810/496 665/1100/667 643/1150/645
f 494/810/496 644/1151/646 573/946/575
f 413/649/415 695/1152/697 666/1101/668
f 476/776/478 532/876/534 696/1153/698
f 356/548/358 697/1154/699 514/843/516
f 415/651/417 646/1064/648 561/926/563
f 384/598/386 647/1065/649 383/597/385
f 477/881/479 606/994/608 517/910/519
f 594/974/596 698/1155/700 518/849/520
f 580/1156/582 668/1108/670 655/1107/657
f 607/996/609 657/1082/659 699/1157/701
f 668/1158/670 700/1159/702 626/1024/628
f 626/1024/628 700/1159/702 627/1025/629
f 609/1160/611 659/1161/661 701/1162/703
f 658/1088/660 702/1163/704 660/1111/662
f 565/1078/567 682/1164/684 634/1165/636
f 554/915/556 599/1045/601 703/1166/705
f 501/853/503 683/1138/685 662/1096/664
f 521/855/523 704/1167/706 599/1168/601
f 566/933/568 705/1169/707 484/890/486
f 555/916/557 705/1169/707 566/933/568
f 635/1052/637 675/1123/677 556/917/558
f 557/934/559 673/1170/675 671/1119/673
f 673/1121/675 672/1120/674 706/1171/708
f 672/1120/674 602/1097/604 706/1171/708
f 583/962/585 688/1143/690 541/894/543
f 619/1016/621 603/990/605 506/830/508
f 488/800/490 603/990/605 691/1146/693
f 707/1172/709 586/965/588 622/1019/624
f 708/1173/710 560/923/562 586/965/588
f 709/1174/711 677/1126/679 447/709/449
f 544/897/546 678/1127/680 694/1149/696
f 531/873/533 571/991/573 665/1100/667
f 413/649/415 573/946/575 710/1175/712
f 434/903/436 711/1176/713 548/902/550
f 476/776/478 696/1153/698 549/947/551
f 575/949/577 712/1177/714 261/360/263
f 261/360/263 712/1177/714 414/650/416
f 384/951/386 577/953/579 647/1178/649
f 713/1179/715 653/1074/655 516/928/518
f 652/1073/654 517/910/519 714/1180/716
f 715/1181/717 563/930/565 654/1075/656
f 715/1181/717 716/1182/718 563/930/565
f 717/1183/719 591/971/593 667/1103/669
f 698/1155/700 592/972/594 518/849/520
f 718/1184/720 606/994/608 605/993/607
f 719/1185/721 698/1155/700 594/974/596
f 593/973/595 457/727/459 591/971/593
f 720/1186/722 668/1187/670 580/956/582
f 721/1188/723 609/1189/611 701/1190/703
f 627/1191/629 722/1192/724 658/1193/660
f 701/1162/703 659/1161/661 723/1194/725
f 702/1163/704 669/1195/671 660/1111/662
f 724/1196/726 682/1197/684 565/932/567
f 614/1009/616 615/1010/617 500/820/502
f 565/932/567 554/915/556 725/1198/727
f 615/1010/617 683/1199/685 520/852/522
f 704/1167/706 521/855/523 484/791/486
f 704/1167/706 484/791/486 705/1200/707
f 705/1169/707 555/916/557 670/1117/672
f 726/1201/728 674/1124/676 675/1123/677
f 687/1202/689 616/1013/618 567/938/569
f 568/939/570 558/921/560 727/1203/729
f 728/1204/730 526/862/528 525/861/527
f 690/1145/692 559/922/561 507/831/509
f 584/963/586 346/533/348 676/1125/678
f 729/1205/731 447/709/449 585/964/587
f 678/1127/680 545/898/547 587/966/589
f 730/1206/732 572/945/574 664/1099/666
f 710/1175/712 695/1152/697 413/649/415
f 434/681/436 381/595/383 711/1207/713
f 513/842/515 666/1101/668 574/948/576
f 574/948/576 697/1154/699 356/548/358
f 697/1154/699 731/1208/733 514/843/516
f 514/843/516 575/949/577 382/596/384
f 732/1209/734 712/1177/714 575/949/577
f 733/1210/735 578/954/580 590/970/592
f 650/1070/652 734/1211/736 516/1071/518
f 516/1212/518 735/75/737 713/1213/715
f 592/972/594 736/1214/738 605/993/607
f 594/995/596 579/955/581 737/1215/739
f 738/1216/740 580/1104/582 625/1106/627
f 595/1076/597 607/996/609 739/1217/741
f 699/1218/701 657/1219/659 740/1220/742
f 657/1219/659 609/1221/611 740/1220/742
f 740/1222/742 609/1189/611 721/1188/723
f 741/1223/743 627/1191/629 700/1224/702
f 741/1223/743 722/1192/724 627/1191/629
f 742/1225/744 701/1162/703 743/1226/745
f 658/1193/660 722/1192/724 702/1227/704
f 743/1226/745 701/1162/703 723/1194/725
f 659/1161/661 682/1228/684 723/1194/725
f 702/1229/704 614/1133/616 669/1114/671
f 744/1230/746 683/1199/685 615/1010/617
f 662/1096/664 745/1231/747 600/987/602
f 673/1232/675 706/1233/708 746/1234/748
f 617/1055/619 747/1235/749 542/895/544
f 748/1236/750 525/861/527 638/1054/640
f 558/921/560 639/1056/641 727/1203/729
f 618/1015/620 559/922/561 749/1237/751
f 690/1145/692 584/963/586 750/1238/752
f 462/739/464 693/1148/695 641/1058/643
f 729/1205/731 709/1174/711 447/709/449
f 677/1126/679 570/941/572 471/763/473
f 546/900/548 528/867/530 680/1129/682
f 644/1151/646 710/1175/712 573/946/575
f 711/1207/713 381/595/383 681/1130/683
f 751/1239/753 574/948/576 666/1101/668
f 681/1130/683 549/947/551 752/1240/754
f 752/1241/754 549/1242/551 696/1243/698
f 514/843/516 731/1208/733 575/949/577
f 647/1178/649 577/953/579 753/1244/755
f 648/1066/650 590/970/592 465/748/467
f 577/953/579 533/952/535 753/1244/755
f 517/910/519 606/994/608 718/1184/720
f 563/930/565 716/1182/718 667/1103/669
f 594/1245/596 737/1246/739 719/1247/721
f 668/1158/670 754/1248/756 700/1159/702
f 701/1162/703 742/1225/744 721/1249/723
f 702/1229/704 755/1250/757 614/1133/616
f 565/932/567 725/1198/727 724/1196/726
f 662/1096/664 683/1138/685 756/1251/758
f 503/825/505 636/1252/638 671/1253/673
f 706/1171/708 602/1097/604 746/1254/748
f 674/1122/676 726/1255/728 687/1142/689
f 726/1255/728 757/1256/759 687/1142/689
f 639/1056/641 621/1018/623 758/1257/760
f 620/1017/622 689/1144/691 446/705/448
f 570/941/572 759/1258/761 679/1128/681
f 546/900/548 680/1129/682 760/1259/762
f 572/945/574 761/1260/763 588/967/590
f 643/1150/645 762/1261/764 644/1151/646
f 645/1063/647 548/969/550 763/1262/765
f 574/948/576 751/1239/753 697/1154/699
f 696/1153/698 532/876/534 764/1263/766
f 532/876/534 576/950/578 764/1263/766
f 561/926/563 646/1064/648 765/1264/767
f 414/650/416 712/1177/714 604/992/606
f 734/1265/736 735/1266/737 516/928/518
f 652/1102/654 714/1267/716 651/1072/653
f 593/975/595 738/1268/740 625/1022/627
f 579/955/581 766/1269/768 737/1215/739
f 579/955/581 595/1076/597 766/1269/768
f 721/1188/723 767/1270/769 740/1222/742
f 700/1224/702 768/1271/770 741/1223/743
f 741/1272/743 769/1273/771 722/1274/724
f 743/1275/745 723/1276/725 742/1277/744
f 769/1273/771 702/1278/704 722/1274/724
f 702/1279/704 769/1280/771 755/1281/757
f 724/1196/726 723/1282/725 682/1197/684
f 614/1009/616 770/1283/772 615/1010/617
f 554/915/556 703/1166/705 725/1198/727
f 683/1284/685 771/1285/773 756/1286/758
f 503/825/505 671/1253/673 522/856/524
f 523/857/525 601/1287/603 486/793/488
f 524/918/526 685/1140/687 686/1141/688
f 687/1142/689 757/1256/759 772/1288/774
f 542/920/544 747/1289/749 467/756/469
f 618/1015/620 749/1237/751 617/1014/619
f 616/1013/618 773/1290/775 619/1016/621
f 728/1204/730 620/1017/622 526/862/528
f 584/963/586 676/1125/678 750/1238/752
f 663/1098/665 694/1149/696 774/1291/776
f 547/1292/549 589/1293/591 775/1294/777
f 665/1100/667 762/1261/764 643/1150/645
f 776/1295/778 653/1074/655 713/1179/715
f 776/1295/778 654/1075/656 653/1074/655
f 777/1296/779 778/1297/780 517/910/519
f 718/1184/720 777/1296/779 517/910/519
f 592/972/594 698/1155/700 779/1298/781
f 780/1299/782 593/973/595 591/971/593
f 781/1300/783 738/1268/740 593/975/595
f 782/1301/784 668/1187/670 720/1186/722
f 782/106/784 754/1302/756 668/1303/670
f 767/1270/769 721/1188/723 783/1304/785
f 783/1304/785 721/1188/723 742/1305/744
f 768/1306/770 784/1307/786 741/1308/743
f 784/1309/786 755/1281/757 769/1280/771
f 755/1310/757 785/1311/787 614/1009/616
f 786/1312/788 771/1313/773 683/1138/685
f 787/1314/789 703/1315/705 599/1316/601
f 705/1169/707 670/1117/672 788/1317/790
f 789/1318/791 600/987/602 745/1231/747
f 789/1318/791 670/1117/672 600/987/602
f 684/1319/686 522/856/524 671/1253/673
f 675/1123/677 757/1320/759 726/1201/728
f 673/1232/675 746/1234/748 790/1321/792
f 637/1053/639 467/756/469 747/1289/749
f 602/989/604 568/939/570 727/1203/729
f 749/1237/751 559/922/561 791/1322/793
f 791/1322/793 559/922/561 690/1145/692
f 621/1018/623 543/896/545 758/1257/760
f 689/1144/691 792/1323/794 640/1057/642
f 543/896/545 641/1058/643 793/1324/795
f 708/1173/710 794/1325/796 560/923/562
f 677/1126/679 759/1258/761 570/941/572
f 546/900/548 760/1259/762 795/1326/797
f 678/1127/680 587/966/589 796/1327/798
f 797/1328/799 664/1099/666 560/923/562
f 511/874/513 493/809/495 624/1329/626
f 651/1072/653 714/1267/716 798/1330/800
f 517/910/519 778/1297/780 714/1180/716
f 738/1216/740 720/1331/722 580/1104/582
f 595/1076/597 739/1217/741 766/1269/768
f 741/1332/743 784/1309/786 769/1280/771
f 742/1333/744 723/1334/725 799/1335/801
f 723/1334/725 724/1336/726 799/1335/801
f 799/1337/801 724/1196/726 800/1338/802
f 801/1339/803 785/1311/787 755/1310/757
f 785/1311/787 770/1283/772 614/1009/616
f 770/1283/772 744/1230/746 615/1010/617
f 662/1096/664 789/1318/791 745/1231/747
f 789/1318/791 788/1317/790 670/1117/672
f 486/793/488 601/1287/603 802/1340/804
f 746/1254/748 803/1341/805 790/1342/792
f 746/1254/748 602/1097/604 803/1341/805
f 602/989/604 727/1203/729 803/1343/805
f 688/1143/690 804/1344/806 638/1054/640
f 687/1202/689 772/1345/774 616/1013/618
f 616/1013/618 772/1345/774 773/1290/775
f 619/1016/621 805/1346/807 603/990/605
f 620/1017/622 792/1323/794 689/1144/691
f 640/1057/642 792/1323/794 585/964/587
f 677/1126/679 709/1174/711 759/1258/761
f 587/966/589 806/1347/808 796/1327/798
f 642/1059/644 529/869/531 807/1348/809
f 588/967/590 808/1349/810 530/871/532
f 530/871/532 808/1349/810 475/840/477
f 475/774/477 809/1350/811 493/809/495
f 810/1351/812 762/1261/764 665/1100/667
f 644/1151/646 811/1352/813 710/1175/712
f 548/969/550 812/1353/814 763/1262/765
f 548/902/550 711/1176/713 812/1354/814
f 778/1297/780 813/1355/815 714/1180/716
f 814/1356/816 714/1180/716 813/1355/815
f 717/1183/719 667/1103/669 716/1182/718
f 736/1214/738 815/1357/817 718/1184/720
f 736/1214/738 718/1184/720 605/993/607
f 593/973/595 780/1299/782 781/1358/783
f 739/1217/741 607/996/609 816/1359/818
f 607/996/609 817/1360/819 816/1359/818
f 740/1220/742 818/1361/820 699/1218/701
f 754/1248/756 819/1362/821 700/1159/702
f 700/1363/702 819/1364/821 768/1365/770
f 799/1337/801 800/1338/802 742/1305/744
f 784/1307/786 801/1339/803 755/1310/757
f 756/1251/758 789/1318/791 662/1096/664
f 486/793/488 802/1340/804 635/1048/637
f 790/1366/792 671/1119/673 673/1170/675
f 638/1054/640 804/1344/806 748/1236/750
f 603/990/605 820/1367/822 691/1146/693
f 543/896/545 793/1324/795 758/1257/760
f 691/1146/693 707/1172/709 622/1019/624
f 586/965/588 821/1368/823 708/1173/710
f 560/923/562 794/1325/796 822/1369/824
f 692/1147/694 546/900/548 795/1326/797
f 797/1328/799 730/1206/732 664/1099/666
f 680/1129/682 823/1370/825 760/1259/762
f 547/901/549 775/1371/777 623/1020/625
f 824/1372/826 775/1371/777 589/968/591
f 589/968/591 645/1063/647 824/1372/826
f 825/1373/827 695/1152/697 710/1175/712
f 826/1374/828 666/1101/668 695/1152/697
f 711/1207/713 681/1130/683 827/1375/829
f 826/1374/828 751/1239/753 666/1101/668
f 646/1064/648 647/1065/649 765/1264/767
f 828/1376/830 753/1244/755 533/952/535
f 829/1377/831 734/1211/736 650/1070/652
f 830/1378/832 715/1379/717 654/1380/656
f 779/1298/781 831/1381/833 592/972/594
f 831/1381/833 736/1214/738 592/972/594
f 719/1382/721 737/1215/739 766/1269/768
f 607/1383/609 699/1218/701 817/1384/819
f 817/1384/819 699/1218/701 818/1361/820
f 819/1362/821 754/1248/756 782/1385/784
f 818/1386/820 740/1222/742 767/1270/769
f 818/1386/820 767/1270/769 783/1304/785
f 783/1304/785 742/1305/744 800/1338/802
f 704/1387/706 705/1169/707 832/1388/834
f 833/1389/835 790/1342/792 803/1341/805
f 747/1235/749 617/1055/619 834/1390/836
f 748/1236/750 728/1204/730 525/861/527
f 805/1346/807 619/1016/621 773/1290/775
f 727/1203/729 639/1056/641 835/1391/837
f 835/1391/837 639/1056/641 758/1257/760
f 836/1392/838 585/964/587 792/1323/794
f 836/1392/838 729/1205/731 585/964/587
f 676/1125/678 663/1098/665 774/1291/776
f 837/1393/839 821/1368/823 586/965/588
f 694/1149/696 678/1127/680 796/1327/798
f 822/1369/824 797/1328/799 560/923/562
f 679/1128/681 838/1394/840 571/991/573
f 680/1129/682 642/1059/644 807/1348/809
f 624/1021/626 839/1395/841 529/869/531
f 711/1176/713 827/1396/829 812/1354/814
f 696/1153/698 764/1263/766 840/1397/842
f 576/950/578 561/926/563 841/1398/843
f 842/1399/844 590/970/592 648/1066/650
f 590/1400/592 842/1401/844 733/1402/735
f 843/1403/845 515/845/517 550/907/552
f 778/1297/780 777/1296/779 844/1404/846
f 776/1295/778 830/1405/832 654/1075/656
f 591/971/593 717/1183/719 845/1406/847
f 777/1407/779 815/1408/817 846/1409/848
f 777/1407/779 718/1410/720 815/1408/817
f 715/1181/717 847/1411/849 716/1182/718
f 716/1182/718 847/1411/849 717/1183/719
f 738/1216/740 848/1412/850 720/1331/722
f 766/1269/768 739/1217/741 849/1413/851
f 819/1414/821 782/1415/784 768/1416/770
f 783/1304/785 800/1338/802 850/1417/852
f 724/1196/726 725/1198/727 800/1338/802
f 725/1198/727 703/1166/705 851/1418/853
f 744/1230/746 786/1419/788 683/1199/685
f 787/1314/789 599/1316/601 852/1420/854
f 599/1168/601 704/1167/706 853/1421/855
f 853/1421/855 704/1167/706 832/1422/834
f 802/1340/804 854/1423/856 635/1048/637
f 772/1288/774 757/1256/759 855/1424/857
f 617/1014/619 749/1237/751 834/1425/836
f 856/1426/858 857/1427/859 728/1204/730
f 728/1204/730 857/1427/859 620/1017/622
f 603/990/605 805/1346/807 820/1367/822
f 690/1145/692 750/1238/752 858/1428/860
f 859/1429/861 586/965/588 707/1172/709
f 837/1393/839 586/965/588 859/1429/861
f 729/1430/731 860/1431/862 709/1432/711
f 709/1174/711 861/1433/863 759/1258/761
f 861/1433/863 838/1394/840 759/1258/761
f 838/1394/840 679/1128/681 759/1258/761
f 730/1206/732 761/1260/763 572/945/574
f 493/809/495 809/1350/811 862/1434/864
f 695/1152/697 825/1373/827 826/1374/828
f 751/1239/753 863/1435/865 697/1154/699
f 696/1153/698 840/1397/842 752/1240/754
f 732/1209/734 864/1436/866 712/1177/714
f 561/926/563 765/1264/767 841/1398/843
f 765/1264/767 865/1437/867 841/1398/843
f 753/1244/755 828/1376/830 866/1438/868
f 733/1402/735 842/1401/844 867/1439/869
f 713/1179/715 735/1266/737 776/1295/778
f 719/1382/721 766/1269/768 849/1413/851
f 818/1440/820 783/1441/785 817/1442/819
f 800/1443/802 725/1444/727 868/1445/870
f 756/1251/758 771/1313/773 789/1318/791
f 705/1169/707 788/1317/790 832/1388/834
f 601/1287/603 869/1446/871 802/1340/804
f 685/1140/687 583/962/585 686/1141/688
f 635/1052/637 870/1447/872 675/1123/677
f 601/988/603 637/1053/639 869/1448/871
f 871/1449/873 671/1119/673 790/1366/792
f 790/1366/792 833/1450/835 871/1449/873
f 690/1145/692 858/1428/860 791/1322/793
f 676/1125/678 872/1451/874 750/1238/752
f 691/1146/693 859/1429/861 707/1172/709
f 793/1324/795 641/1058/643 873/1452/875
f 641/1058/643 693/1148/695 873/1452/875
f 774/1453/776 874/1454/876 676/1455/678
f 708/1173/710 875/1456/877 794/1325/796
f 774/1291/776 694/1149/696 876/1457/878
f 694/1149/696 796/1327/798 876/1457/878
f 806/1458/808 587/1459/589 877/1460/879
f 588/967/590 878/1461/880 808/1349/810
f 697/1154/699 863/1435/865 731/1208/733
f 840/1397/842 764/1263/766 879/1462/881
f 731/1208/733 732/1209/734 575/949/577
f 604/992/606 880/1463/882 648/1066/650
f 829/1377/831 650/1070/652 649/1131/651
f 777/1296/779 846/1464/848 844/1404/846
f 798/1330/800 714/1267/716 814/1465/816
f 881/1466/883 847/1467/849 715/1468/717
f 831/1381/833 815/1357/817 736/1214/738
f 845/1406/847 780/1299/782 591/971/593
f 882/1469/884 739/1470/741 816/1471/818
f 783/1304/785 850/1417/852 883/1472/885
f 884/1473/886 801/1339/803 784/1307/786
f 850/1417/852 800/1338/802 885/1474/887
f 885/1474/887 800/1338/802 868/1475/870
f 886/1476/888 744/1230/746 770/1283/772
f 851/1418/853 703/1166/705 787/1477/789
f 786/1312/788 887/1478/889 771/1313/773
f 802/1340/804 869/1446/871 854/1423/856
f 854/1479/856 870/1447/872 635/1052/637
f 870/1447/872 757/1320/759 675/1123/677
f 870/1447/872 855/1480/857 757/1320/759
f 583/962/585 888/1481/890 688/1143/690
f 889/1482/891 727/662/729 835/1483/837
f 890/1484/892 749/1237/751 791/1322/793
f 857/1427/859 792/1323/794 620/1017/622
f 891/1485/893 691/1146/693 820/1367/822
f 891/1485/893 859/1429/861 691/1146/693
f 874/1486/876 872/1451/874 676/1125/678
f 873/1452/875 693/1148/695 892/1487/894
f 693/1148/695 893/1488/895 892/1487/894
f 693/1148/695 692/1147/694 893/1488/895
f 893/1488/895 692/1147/694 894/1489/896
f 875/1456/877 708/1173/710 821/1368/823
f 876/1457/878 796/1327/798 877/1490/879
f 796/1327/798 806/1347/808 877/1490/879
f 877/1490/879 587/966/589 895/1491/897
f 896/1492/898 571/991/573 838/1394/840
f 896/1492/898 665/1100/667 571/991/573
f 878/1461/880 588/967/590 761/1260/763
f 624/1329/626 493/809/495 862/1434/864
f 810/1351/812 897/1493/899 762/1261/764
f 647/1494/649 753/1495/755 898/1496/900
f 898/1497/900 753/1498/755 866/1499/868
f 533/952/535 515/1500/517 899/1501/901
f 900/1502/902 901/1503/903 902/1504/904
f 902/1504/904 901/1503/903 903/1505/905
f 901/1503/903 904/1506/906 903/1505/905
f 903/1507/905 905/1508/907 902/1509/904
f 904/1506/906 906/1510/908 903/1505/905
f 902/1511/904 907/1512/909 900/1513/902
f 902/1509/904 905/1508/907 907/1514/909
f 903/1507/905 906/1515/908 905/1508/907
f 904/1516/906 908/1517/910 906/1518/908
f 906/1515/908 909/1519/911 905/1508/907
f 908/1520/910 909/1519/911 906/1515/908
f 830/1521/832 881/1522/883 715/1523/717
f 781/1300/783 910/1524/912 738/1268/740
f 782/1301/784 784/1307/786 768/1306/770
f 784/1307/786 782/1301/784 884/1473/886
f 911/1525/913 801/1339/803 884/1473/886
f 912/1526/914 786/1419/788 744/1230/746
f 771/1313/773 913/1527/915 789/1318/791
f 747/1289/749 914/1528/916 637/1053/639
f 747/1235/749 834/1390/836 914/1529/916
f 834/1425/836 749/1237/751 915/1530/917
f 748/1236/750 856/1426/858 728/1204/730
f 773/1290/775 916/1531/918 805/1346/807
f 758/1257/760 793/1324/795 917/1532/919
f 918/1533/920 836/1392/838 792/1323/794
f 918/1534/920 919/1535/921 836/1536/838
f 836/1536/838 919/1535/921 729/1430/731
f 774/1453/776 876/1537/878 920/1538/922
f 709/1432/711 860/1431/862 921/1539/923
f 623/1020/625 895/1491/897 587/966/589
f 529/869/531 839/1395/841 807/1348/809
f 623/1020/625 775/1371/777 895/1491/897
f 811/1352/813 825/1373/827 710/1175/712
f 576/950/578 841/1398/843 879/1462/881
f 864/1436/866 604/992/606 712/1177/714
f 865/1437/867 765/1264/767 647/1065/649
f 907/1514/909 905/1508/907 922/1540/924
f 909/1519/911 923/1541/925 905/1508/907
f 905/1508/907 924/1542/926 922/1540/924
f 909/1543/911 925/1544/927 923/1545/925
f 908/1546/910 925/1544/927 909/1543/911
f 846/1409/848 815/1408/817 926/1547/928
f 815/1408/817 831/1548/833 927/1549/929
f 719/1382/721 849/1413/851 928/1550/930
f 785/1311/787 886/1476/888 770/1283/772
f 886/1476/888 912/1526/914 744/1230/746
f 787/1477/789 929/1551/931 851/1418/853
f 771/1313/773 887/1478/889 930/1552/932
f 684/1139/686 931/1553/933 685/1140/687
f 688/1143/690 888/1481/890 804/1344/806
f 772/1345/774 916/1531/918 773/1290/775
f 748/1236/750 932/1554/934 856/1426/858
f 758/1257/760 933/1555/935 835/1391/837
f 758/1257/760 917/1532/919 933/1555/935
f 750/1556/752 872/1557/874 934/1558/936
f 859/1559/861 935/1560/937 837/1561/839
f 709/1174/711 921/1562/923 861/1433/863
f 794/1325/796 936/1563/938 822/1369/824
f 936/1563/938 797/1328/799 822/1369/824
f 797/1328/799 937/1564/939 730/1206/732
f 760/1259/762 823/1370/825 938/1565/940
f 810/1351/812 939/1566/941 897/1493/899
f 762/1261/764 897/1493/899 940/1567/942
f 762/1261/764 940/1567/942 644/1151/646
f 644/1151/646 940/1567/942 811/1352/813
f 681/1130/683 941/1568/943 827/1375/829
f 828/1376/830 533/952/535 942/1569/944
f 943/1570/945 901/1503/903 900/1502/902
f 943/1570/945 904/1506/906 901/1503/903
f 943/1571/945 900/1513/902 907/1512/909
f 944/1572/946 908/1573/910 904/1574/906
f 945/1575/947 881/1576/883 830/1577/832
f 944/1572/946 925/1578/927 908/1573/910
f 905/1508/907 923/1541/925 924/1542/926
f 946/1579/948 847/1467/849 881/1466/883
f 922/1540/924 924/1542/926 947/1580/949
f 779/1298/781 698/1155/700 719/1185/721
f 910/1581/912 781/1358/783 780/1299/782
f 948/1582/950 720/1331/722 848/1412/850
f 817/1360/819 783/1304/785 949/1583/951
f 950/1584/952 951/1585/953 801/1586/803
f 952/1587/954 868/1588/870 953/1589/955
f 868/1588/870 725/1590/727 953/1589/955
f 785/1311/787 954/1591/956 886/1476/888
f 852/1420/854 929/1592/931 787/1314/789
f 930/1552/932 913/1527/915 771/1313/773
f 772/1288/774 855/1424/857 955/1593/957
f 956/1594/958 833/1389/835 957/1595/959
f 957/1595/959 833/1389/835 803/1341/805
f 804/1596/806 888/1597/890 958/1598/960
f 959/1599/961 914/1529/916 834/1390/836
f 959/1599/961 834/1390/836 915/1600/917
f 803/1343/805 727/1203/729 889/1601/891
f 960/1602/962 857/1603/859 856/1604/858
f 961/1605/963 792/1606/794 857/1603/859
f 858/1428/860 750/1238/752 962/1607/964
f 962/1608/964 750/1556/752 934/1558/936
f 793/1609/795 873/1610/875 917/1611/919
f 874/1454/876 934/1558/936 872/1557/874
f 935/1560/937 859/1559/861 891/1612/893
f 917/1611/919 873/1610/875 892/1613/894
f 729/1430/731 919/1535/921 860/1431/862
f 963/1614/965 860/1431/862 919/1535/921
f 964/1615/966 838/1394/840 861/1433/863
f 965/1616/967 665/1100/667 896/1492/898
f 965/1616/967 810/1351/812 665/1100/667
f 966/1617/968 763/1262/765 812/1353/814
f 826/1374/828 967/1618/969 751/1239/753
f 681/1130/683 752/1240/754 941/1568/943
f 967/1618/969 863/1435/865 751/1239/753
f 879/1462/881 764/1263/766 576/950/578
f 604/1619/606 864/1620/866 968/1621/970
f 648/1066/650 880/1463/882 842/1399/844
f 578/954/580 969/1622/971 562/927/564
f 904/1623/906 943/1624/945 944/1625/946
f 844/1404/846 846/1464/848 926/1626/928
f 907/1512/909 922/1627/924 943/1571/945
f 970/1628/972 717/1629/719 847/1467/849
f 971/1630/973 830/1405/832 776/1295/778
f 923/1631/974 972/1632/975 925/1633/976
f 925/1544/927 973/1634/977 923/1545/925
f 778/1297/780 844/1404/846 813/1355/815
f 735/1266/737 971/1630/973 776/1295/778
f 922/1540/924 947/1580/949 974/1635/978
f 947/1636/949 975/1637/979 974/1638/978
f 924/1542/926 975/1639/979 947/1580/949
f 923/1640/925 975/1641/979 924/1642/926
f 923/1545/925 973/1634/977 976/1643/980
f 977/1644/981 814/1356/816 813/1355/815
f 978/1645/982 780/1646/782 845/1647/847
f 780/1299/782 978/1648/982 910/1581/912
f 979/1649/983 719/1185/721 928/1650/930
f 928/1550/930 849/1413/851 980/1651/984
f 720/1186/722 981/1652/985 782/1301/784
f 951/1653/953 954/1654/956 801/1655/803
f 725/1198/727 851/1418/853 953/1656/955
f 886/1476/888 954/1591/956 982/1657/986
f 912/1526/914 887/1658/889 786/1419/788
f 789/1318/791 983/1659/987 788/1317/790
f 931/1553/933 984/1660/988 685/1140/687
f 637/1053/639 914/1528/916 985/1661/989
f 914/1662/916 986/1663/990 985/1664/989
f 833/1389/835 956/1594/958 987/1665/991
f 988/1666/992 955/1593/957 855/1424/857
f 914/1667/916 959/1668/961 986/1669/990
f 957/1670/959 803/1671/805 889/1672/891
f 772/1345/774 955/1673/957 916/1531/918
f 804/1344/806 932/1554/934 748/1236/750
f 932/1554/934 960/1674/962 856/1426/858
f 915/1530/917 749/1237/751 890/1484/892
f 916/1531/918 989/1675/993 805/1346/807
f 889/1672/891 835/1676/837 990/1677/994
f 890/1678/892 791/1679/793 991/1680/995
f 960/1602/962 961/1605/963 857/1603/859
f 835/1676/837 933/1681/935 990/1677/994
f 805/1346/807 989/1675/993 820/1367/822
f 792/1606/794 992/1682/996 918/1534/920
f 993/1683/997 874/1454/876 774/1453/776
f 935/1560/937 994/1684/998 837/1561/839
f 994/1684/998 821/1685/823 837/1561/839
f 994/1684/998 995/1686/999 821/1685/823
f 860/1431/862 996/1687/1000 921/1539/923
f 894/1489/896 692/1147/694 795/1326/797
f 938/1565/940 823/1370/825 997/1688/1001
f 964/1615/966 896/1492/898 838/1394/840
f 824/1372/826 998/1689/1002 775/1371/777
f 763/1262/765 966/1617/968 645/1063/647
f 811/1352/813 940/1567/942 825/1373/827
f 867/1439/869 842/1401/844 999/1690/1003
f 866/1438/868 828/1376/830 1000/1691/1004
f 843/1403/845 550/907/552 1001/1692/1005
f 1002/1693/1006 1003/1694/1007 1004/1695/1008
f 1005/1696/1009 1006/1697/1010 1007/1698/1011
f 943/1571/945 922/1627/924 1008/1699/1012
f 944/1700/946 1009/1701/1013 925/1544/927
f 925/1544/927 1009/1701/1013 973/1634/977
f 813/1355/815 844/1404/846 977/1644/981
f 922/1627/924 974/1702/978 1008/1699/1012
f 974/1243/978 1010/1703/1014 1008/1704/1012
f 975/1641/979 923/1640/925 976/1705/980
f 973/1634/977 1011/1706/1015 976/1643/980
f 973/1707/977 1009/1708/1013 1011/1709/1015
f 978/1648/982 1012/1710/1016 910/1581/912
f 1012/1711/1016 1013/1712/1017 910/1524/912
f 1013/1712/1017 738/1268/740 910/1524/912
f 738/1713/740 1014/1714/1018 848/1715/850
f 739/1217/741 1015/1716/1019 849/1413/851
f 739/1217/741 882/1717/884 1015/1716/1019
f 816/1471/818 1015/1718/1019 882/1469/884
f 817/1360/819 949/1583/951 816/1359/818
f 850/1719/852 1016/1720/1020 883/1721/885
f 801/1339/803 954/1591/956 785/1311/787
f 851/1418/853 929/1551/931 953/1656/955
f 929/1722/931 852/1723/854 1017/1724/1021
f 599/1168/601 853/1421/855 852/1725/854
f 789/1318/791 913/1527/915 983/1659/987
f 671/1119/673 871/1449/873 1018/1726/1022
f 685/1140/687 984/1660/988 583/962/585
f 637/1053/639 985/1661/989 1019/1727/1023
f 959/1668/961 1020/1728/1024 986/1669/990
f 959/1668/961 915/1729/917 1020/1728/1024
f 991/1730/995 858/1731/860 1021/1732/1025
f 791/1322/793 858/1428/860 991/1733/995
f 961/1605/963 992/1682/996 792/1606/794
f 858/1731/860 962/1608/964 1021/1732/1025
f 934/1558/936 874/1454/876 1022/1734/1026
f 874/1454/876 993/1683/997 1022/1734/1026
f 892/1613/894 893/1735/895 1023/1736/1027
f 894/1737/896 1024/1738/1028 893/1735/895
f 821/1685/823 995/1686/999 1025/1739/1029
f 1026/1740/1030 774/1453/776 920/1538/922
f 821/1685/823 1025/1739/1029 875/1741/877
f 875/1456/877 936/1563/938 794/1325/796
f 964/1615/966 861/1433/863 921/1562/923
f 795/1326/797 760/1259/762 938/1565/940
f 1027/1742/1031 797/1328/799 936/1563/938
f 1027/1742/1031 937/1564/939 797/1328/799
f 680/1129/682 807/1348/809 823/1370/825
f 1028/1743/1032 878/1461/880 761/1260/763
f 809/1744/811 475/840/477 808/1349/810
f 810/1351/812 965/1616/967 939/1566/941
f 998/1689/1002 824/1372/826 645/1063/647
f 825/1373/827 1029/1745/1033 826/1374/828
f 1030/1746/1034 827/1375/829 941/1568/943
f 1031/1747/1035 731/1208/733 863/1435/865
f 840/1397/842 879/1462/881 1032/1748/1036
f 1031/1747/1035 732/1209/734 731/1208/733
f 1033/1749/1037 968/1750/970 864/1436/866
f 842/1399/844 880/1463/882 999/1751/1003
f 926/1547/928 1034/1752/1038 844/1753/846
f 1006/1754/1010 1005/1755/1009 1035/1756/1039
f 1036/1757/1040 1002/1693/1006 1004/1695/1008
f 927/1549/929 831/1548/833 779/1758/781
f 1037/1759/1041 1004/1695/1008 1003/1694/1007
f 1007/1760/1011 1006/1754/1010 1038/1761/1042
f 1039/1762/1043 1038/1761/1042 1006/1754/1010
f 1037/1759/1041 1040/1763/1044 1004/1695/1008
f 974/1764/978 1041/1765/1045 1042/1766/1046
f 1010/1767/1014 974/1764/978 1042/1766/1046
f 779/1298/781 719/1185/721 979/1649/983
f 928/1650/930 980/1768/984 979/1649/983
f 1043/1769/1047 1014/1770/1018 738/1771/740
f 782/1301/784 1044/1772/1048 884/1473/886
f 1045/1773/1049 950/1774/952 801/1775/803
f 953/1589/955 1017/1724/1021 952/1587/954
f 953/1589/955 929/1722/931 1017/1724/1021
f 871/1449/873 833/1450/835 987/1776/991
f 1046/1777/1050 804/1344/806 958/1778/960
f 987/1665/991 956/1594/958 957/1595/959
f 1046/1777/1050 932/1554/934 804/1344/806
f 957/1670/959 889/1672/891 1047/1779/1051
f 915/1530/917 890/1484/892 991/1733/995
f 891/1612/893 820/1780/822 1048/1781/1052
f 992/1682/996 1049/1782/1053 918/1534/920
f 1049/1782/1053 1050/1783/1054 918/1534/920
f 891/1612/893 1051/1784/1055 935/1560/937
f 1051/1784/1055 1052/1785/1056 935/1560/937
f 1023/1736/1027 917/1611/919 892/1613/894
f 1052/1785/1056 994/1684/998 935/1560/937
f 1023/1736/1027 893/1735/895 963/1614/965
f 993/1683/997 774/1453/776 1053/1786/1057
f 893/1735/895 1024/1738/1028 963/1614/965
f 996/1687/1000 860/1431/862 963/1614/965
f 1053/1786/1057 774/1453/776 1026/1740/1030
f 807/1348/809 839/1395/841 1054/1787/1058
f 998/1689/1002 645/1063/647 1055/1788/1059
f 897/1493/899 1056/1789/1060 940/1567/942
f 825/1373/827 940/1567/942 1056/1789/1060
f 812/1790/814 827/1375/829 1030/1746/1034
f 840/1397/842 941/1568/943 752/1240/754
f 841/1398/843 865/1437/867 1057/1791/1061
f 865/1792/867 647/1793/649 1058/1794/1062
f 604/992/606 968/1750/970 1059/1795/1063
f 647/1796/649 898/1797/900 1060/1798/1064
f 550/907/552 651/1072/653 1001/1692/1005
f 1061/1799/1065 1003/1694/1007 1002/1693/1006
f 1062/1800/1066 1035/1756/1039 1005/1755/1009
f 1061/1799/1065 1002/1693/1006 1036/1757/1040
f 1063/1801/1067 1005/1696/1009 1064/1802/1068
f 847/1467/849 946/1579/948 1065/1803/1069
f 847/1467/849 1065/1803/1069 970/1628/972
f 1035/1756/1039 1039/1762/1043 1006/1754/1010
f 1066/1804/1070 944/1805/946 943/1806/945
f 1066/1804/1070 1067/1807/1071 1068/1808/1072
f 1066/1804/1070 1068/1808/1072 944/1805/946
f 926/1547/928 815/1408/817 927/1549/929
f 1005/1696/1009 1007/1698/1011 1064/1802/1068
f 1069/1809/1073 979/1649/983 980/1768/984
f 974/1810/978 1070/1811/1074 1041/1812/1045
f 975/1813/979 1070/1814/1074 974/833/978
f 1011/1706/1015 1071/1815/1075 976/1643/980
f 980/1651/984 849/1413/851 1069/1816/1073
f 1042/1766/1046 1041/1765/1045 1070/1817/1074
f 1072/1818/1076 1073/1819/1077 1074/1820/1078
f 1070/1821/1074 1073/1822/1077 1072/1823/1076
f 1043/1769/1047 948/1824/950 1014/1770/1018
f 948/1824/950 848/1825/850 1014/1770/1018
f 1015/1718/1019 816/1471/818 1075/1826/1079
f 783/1304/785 883/1472/885 1076/1827/1080
f 884/1473/886 1077/1828/1081 911/1525/913
f 850/1417/852 885/1474/887 1016/1829/1020
f 868/1830/870 1078/1831/1082 885/1832/887
f 868/1833/870 952/1834/954 1078/1835/1082
f 954/1654/956 951/1653/953 1079/1836/1083
f 1079/1837/1083 951/1585/953 1080/1838/1084
f 954/1654/956 1079/1836/1083 982/1839/986
f 886/1840/888 982/1841/986 912/1842/914
f 788/1317/790 983/1659/987 1081/1843/1085
f 832/1388/834 788/1317/790 1081/1843/1085
f 671/1253/673 931/1844/933 684/1319/686
f 988/1845/992 855/1480/857 870/1447/872
f 958/1846/960 888/1847/890 1082/1848/1086
f 985/1849/989 986/1850/990 1083/1851/1087
f 1082/1848/1086 1046/1852/1050 958/1846/960
f 986/1853/990 1020/1854/1024 1083/1855/1087
f 1046/1777/1050 1084/1856/1088 932/1554/934
f 1085/1857/1089 915/1858/917 991/1730/995
f 889/1672/891 990/1677/994 1047/1779/1051
f 989/1859/993 1048/1781/1052 820/1780/822
f 990/1677/994 933/1681/935 1049/1782/1053
f 891/1612/893 1048/1781/1052 1051/1784/1055
f 1086/1860/1090 962/1608/964 1022/1734/1026
f 962/1608/964 934/1558/936 1022/1734/1026
f 918/1534/920 1050/1783/1054 919/1535/921
f 933/1681/935 917/1611/919 1050/1783/1054
f 917/1611/919 1023/1736/1027 1050/1783/1054
f 994/1684/998 1052/1785/1056 1053/1786/1057
f 994/1861/998 1025/1862/1029 995/1863/999
f 1053/1786/1057 1026/1740/1030 994/1684/998
f 795/1326/797 1087/1864/1091 894/1489/896
f 938/1865/940 1087/1866/1091 795/1867/797
f 937/1564/939 1027/1742/1031 1088/1868/1092
f 895/1491/897 775/1371/777 1089/1869/1093
f 862/1434/864 809/1350/811 1090/1870/1094
f 939/1566/941 1056/1789/1060 897/1493/899
f 966/1617/968 1055/1788/1059 645/1063/647
f 966/1617/968 812/1353/814 1055/1788/1059
f 826/1374/828 1029/1745/1033 967/1618/969
f 879/1462/881 841/1398/843 1057/1791/1061
f 604/992/606 1059/1795/1063 880/1463/882
f 866/1438/868 1000/1691/1004 898/1871/900
f 881/1466/883 1091/1872/1095 946/1579/948
f 1092/1873/1096 1005/1755/1009 1063/1874/1067
f 1091/1872/1095 881/1466/883 945/1875/947
f 1092/1873/1096 1062/1800/1066 1005/1755/1009
f 1093/1876/1097 1003/1877/1007 1061/1878/1065
f 1067/1807/1071 1066/1804/1070 1094/1879/1098
f 1066/1880/1070 943/1571/945 1094/1881/1098
f 1095/1882/1099 844/1404/846 1034/1883/1038
f 1096/1884/1100 845/1647/847 717/1629/719
f 1097/1885/1101 1039/1886/1043 1035/1887/1039
f 1093/1876/1097 1037/1888/1041 1003/1877/1007
f 1094/1881/1098 943/1571/945 1008/1699/1012
f 1098/1889/1102 1064/1802/1068 1007/1698/1011
f 1004/1890/1008 1040/1891/1044 1099/1892/1103
f 1068/1893/1072 1009/1894/1013 944/1895/946
f 1009/1701/1013 1071/1815/1075 1011/1706/1015
f 1042/1766/1046 1072/1818/1076 1074/1820/1078
f 1042/1896/1046 1070/1821/1074 1072/1823/1076
f 1043/1897/1047 738/1898/740 1013/1899/1017
f 1015/1716/1019 1100/1900/1104 849/1413/851
f 1101/1901/1105 950/1774/952 1045/1773/1049
f 982/1902/986 1079/1903/1083 1102/1904/1106
f 1079/1905/1083 1080/1906/1084 1103/1907/1107
f 1017/1724/1021 852/1723/854 853/1109/855
f 1104/1908/1108 671/1909/673 1018/1910/1022
f 869/1448/871 637/1053/639 1105/1911/1109
f 1106/1912/1110 583/962/585 984/1660/988
f 888/1481/890 583/962/585 1106/1912/1110
f 1107/1913/1111 1082/1914/1086 888/1915/890
f 985/1849/989 1083/1851/1087 1108/1916/1112
f 1109/1917/1113 988/1918/992 1110/1919/1114
f 1111/1920/1115 1046/1921/1050 1107/1922/1111
f 1107/1913/1111 1046/1923/1050 1082/1914/1086
f 1083/1924/1087 1020/1925/1024 1108/1926/1112
f 1108/1926/1112 1020/1925/1024 1112/1001/1116
f 988/1666/992 1109/1927/1113 955/1593/957
f 1084/1856/1088 1046/1777/1050 1111/1928/1115
f 987/1929/991 957/1670/959 1113/1930/1117
f 1112/1931/1116 1020/1728/1024 915/1729/917
f 1084/1932/1088 1114/1933/1118 932/1934/934
f 957/1670/959 1047/1779/1051 1113/1930/1117
f 1109/1935/1113 1086/1860/1090 955/1936/957
f 955/1936/957 1086/1860/1090 916/1937/918
f 960/1602/962 932/1938/934 1114/1939/1118
f 991/1730/995 1021/1732/1025 1115/1940/1119
f 960/1602/962 1116/1941/1120 961/1605/963
f 1086/1860/1090 1048/1781/1052 989/1859/993
f 1047/1779/1051 990/1677/994 1049/1782/1053
f 961/1605/963 1116/1941/1120 992/1682/996
f 1021/1732/1025 962/1608/964 1086/1860/1090
f 1116/1941/1120 1049/1782/1053 992/1682/996
f 1116/1941/1120 1047/1779/1051 1049/1782/1053
f 1048/1781/1052 1022/1734/1026 1051/1784/1055
f 1048/1781/1052 1086/1860/1090 1022/1734/1026
f 933/1681/935 1050/1783/1054 1049/1782/1053
f 1051/1784/1055 1022/1734/1026 1052/1785/1056
f 1050/1783/1054 1023/1736/1027 919/1535/921
f 1022/1734/1026 1053/1786/1057 1052/1785/1056
f 1022/1734/1026 993/1683/997 1053/1786/1057
f 1023/1736/1027 963/1614/965 919/1535/921
f 963/1614/965 1024/1738/1028 996/1687/1000
f 1025/1739/1029 994/1684/998 1026/1740/1030
f 1024/1738/1028 894/1737/896 1087/1866/1091
f 920/1538/922 876/1537/878 1026/1740/1030
f 875/1741/877 1117/1942/1121 936/1943/938
f 1026/1740/1030 876/1537/878 1118/1944/1122
f 1119/1945/1123 895/1491/897 1089/1869/1093
f 1120/1946/1124 761/1260/763 730/1206/732
f 1121/1947/1125 808/1349/810 878/1461/880
f 775/1371/777 998/1689/1002 1089/1869/1093
f 1122/1948/1126 1029/1745/1033 825/1373/827
f 1032/1748/1036 941/1568/943 840/1397/842
f 1123/1949/1127 1031/1747/1035 863/1435/865
f 1031/1747/1035 864/1436/866 732/1209/734
f 1124/1950/1128 1033/1749/1037 864/1436/866
f 1125/1951/1129 968/1750/970 1033/1749/1037
f 1126/1952/1130 734/1211/736 829/1377/831
f 1127/1953/1131 1061/1799/1065 1036/1757/1040
f 1127/1954/1131 1128/1955/1132 1061/1956/1065
f 1128/1957/1132 1093/1876/1097 1061/1878/1065
f 1129/1958/1133 926/1547/928 927/1549/929
f 1130/1959/1134 735/1266/737 734/1265/736
f 1036/1960/1040 1004/1890/1008 1099/1892/1103
f 1039/1886/1043 1131/1961/1135 1038/1962/1042
f 1098/1889/1102 1007/1698/1011 1132/1963/1136
f 1133/1964/1137 1008/1965/1012 1010/1966/1014
f 1099/1967/1103 1040/1968/1044 1134/1969/1138
f 1038/1970/1042 1132/1971/1136 1007/1972/1011
f 1037/1973/1041 1134/1969/1138 1040/1968/1044
f 1071/1815/1075 1009/1701/1013 1135/1974/1139
f 1042/1766/1046 1074/1820/1078 1136/1975/1140
f 1073/1819/1077 1137/1976/1141 1136/1975/1140
f 1074/1820/1078 1073/1819/1077 1136/1975/1140
f 1043/1769/1047 1138/1977/1142 948/1824/950
f 1139/1978/1143 720/1186/722 948/1824/950
f 885/1474/887 1140/1979/1144 1016/1829/1020
f 1078/1831/1082 1141/1980/1145 885/1832/887
f 1101/1981/1105 951/1585/953 950/1584/952
f 1102/1904/1106 1079/1903/1083 1103/1982/1107
f 930/1983/932 887/1658/889 912/1526/914
f 1142/1984/1146 853/1421/855 832/1422/834
f 1143/1985/1147 1111/1986/1115 888/1987/890
f 888/1988/890 1111/1989/1115 1107/1990/1111
f 985/1991/989 1108/1992/1112 1144/1993/1148
f 1144/1993/1148 1108/1992/1112 1112/1994/1116
f 1112/1995/1116 915/1996/917 1085/1997/1089
f 1085/1857/1089 991/1730/995 1115/1940/1119
f 1086/1860/1090 989/1859/993 916/1937/918
f 1047/1779/1051 1116/1941/1120 960/1602/962
f 1115/1940/1119 1021/1732/1025 1086/1860/1090
f 996/1687/1000 964/1998/966 921/1539/923
f 996/1687/1000 1145/1999/1149 964/1998/966
f 875/1741/877 1025/1739/1029 1117/1942/1121
f 1117/1942/1121 1146/2000/1150 936/1943/938
f 1087/1866/1091 938/1865/940 997/2001/1001
f 877/2002/879 895/2003/897 1147/2004/1151
f 730/1206/732 937/1564/939 1120/1946/1124
f 823/1370/825 807/1348/809 1054/1787/1058
f 761/1260/763 1120/1946/1124 1028/1743/1032
f 1148/2005/1152 965/1616/967 896/1492/898
f 1056/1789/1060 1149/2006/1153 825/1373/827
f 1055/1788/1059 812/1353/814 1150/2007/1154
f 825/1373/827 1149/2006/1153 1122/1948/1126
f 1150/2008/1154 812/2009/814 1151/2010/1155
f 967/1618/969 1123/1949/1127 863/1435/865
f 647/2011/649 1060/2012/1064 1152/2013/1156
f 880/2014/882 1153/2015/1157 999/2016/1003
f 533/952/535 899/1501/901 942/1569/944
f 649/1131/651 562/927/564 969/1622/971
f 717/2017/719 970/2018/972 1096/2019/1100
f 1037/1888/1041 1093/1876/1097 1154/2020/1158
f 1008/1699/1012 1155/2021/1159 1094/1881/1098
f 1008/1699/1012 1133/2022/1137 1155/2021/1159
f 1154/2020/1158 1156/2023/1160 1037/1888/1041
f 978/2024/982 1157/2025/1161 1012/2026/1016
f 1131/1961/1135 1132/2027/1136 1038/1962/1042
f 1037/1888/1041 1156/2023/1160 1134/2028/1138
f 1010/1767/1014 1042/1766/1046 1136/1975/1140
f 976/1705/980 1071/2029/1075 975/1641/979
f 1009/2030/1013 1158/2031/1162 1135/1038/1139
f 1043/2032/1047 1137/2033/1141 1138/2034/1142
f 1073/1819/1077 1138/2035/1142 1137/1976/1141
f 783/1304/785 1076/1827/1080 949/1583/951
f 952/1834/954 1017/2036/1021 1078/1835/1082
f 982/1841/986 1102/2037/1106 912/1842/914
f 912/2038/914 1102/1904/1106 1159/2039/1163
f 1103/1982/1107 1160/2040/1164 1102/1904/1106
f 853/2041/855 1161/2042/1165 1017/2036/1021
f 912/1526/914 1162/2043/1166 930/1983/932
f 1161/2044/1165 853/2045/855 1142/2046/1146
f 930/1552/932 1163/2047/1167 913/1527/915
f 1106/1912/1110 1164/2048/1168 888/1481/890
f 988/1845/992 870/1447/872 1110/2049/1114
f 888/2050/890 1164/2051/1168 1143/2052/1147
f 1113/2053/1117 1165/2054/1169 987/1776/991
f 1110/2055/1114 1166/2056/1170 1109/2057/1113
f 1167/2058/1171 1165/2059/1169 1113/984/1117
f 1113/1930/1117 1168/2060/1172 1167/2061/1171
f 1109/2062/1113 1166/2063/1170 1115/2064/1119
f 1114/1939/1118 1169/2065/1173 960/1602/962
f 1113/1930/1117 1047/1779/1051 1168/2060/1172
f 1109/1935/1113 1115/1940/1119 1086/1860/1090
f 1168/2060/1172 1047/1779/1051 1169/2065/1173
f 960/1602/962 1169/2065/1173 1047/1779/1051
f 996/1687/1000 1024/1738/1028 1145/1999/1149
f 1026/1740/1030 1118/1944/1122 1025/1739/1029
f 1025/1739/1029 1170/2066/1174 1117/1942/1121
f 936/1943/938 1146/2000/1150 1027/2067/1031
f 964/1998/966 1145/1999/1149 1171/2068/1175
f 1027/2067/1031 1146/2000/1150 1088/2069/1092
f 964/1615/966 1148/2005/1152 896/1492/898
f 895/1491/897 1119/1945/1123 1147/2070/1151
f 997/1688/1001 823/1370/825 1054/1787/1058
f 878/1461/880 1028/1743/1032 1121/1947/1125
f 809/1350/811 1172/2071/1176 1090/1870/1094
f 812/1790/814 1030/1746/1034 1151/2072/1155
f 647/1793/649 1152/2073/1156 1173/2074/1177
f 880/1463/882 1174/2075/1178 1153/2076/1157
f 578/954/580 733/1210/735 1175/2077/1179
f 898/1797/900 1176/2078/1180 1060/1798/1064
f 999/2016/1003 1153/2015/1157 1177/2079/1181
f 1034/1752/1038 1178/2080/1182 1179/2081/1183
f 1180/2082/1184 946/1579/948 1091/1872/1095
f 1034/1752/1038 926/1547/928 1178/2080/1182
f 1181/2083/1185 1094/1416/1098 1062/2084/1066
f 1129/1958/1133 927/1549/929 1182/2085/1186
f 1062/1800/1066 1094/2086/1098 1035/1756/1039
f 1094/2087/1098 1097/2088/1101 1035/2089/1039
f 845/1647/847 1096/1884/1100 978/1645/982
f 1067/2090/1071 1183/2091/1187 1068/2092/1072
f 1157/2093/1161 978/2094/982 1184/2095/1188
f 1098/2096/1102 1132/2097/1136 1131/2098/1135
f 1010/1767/1014 1136/1975/1140 1133/2099/1137
f 1158/2100/1162 1185/2101/1189 1135/2102/1139
f 1138/2103/1142 1073/1822/1077 1070/1821/1074
f 1185/2101/1189 1186/2104/1190 1135/2102/1139
f 1015/2105/1019 1187/2106/1191 1100/2107/1104
f 1139/1978/1143 981/1652/985 720/1186/722
f 981/1652/985 1044/1772/1048 782/1301/784
f 1044/1772/1048 1077/1828/1081 884/1473/886
f 883/1472/885 1016/1829/1020 1076/1827/1080
f 1159/2108/1163 1162/2043/1166 912/1526/914
f 1081/2109/1085 1188/2110/1192 832/1422/834
f 671/1253/673 1104/2111/1108 931/1844/933
f 985/1661/989 1189/2112/1193 1019/1727/1023
f 1144/2113/1148 1189/2114/1193 985/2115/989
f 1144/2116/1148 1112/2117/1116 1189/2118/1193
f 1084/2119/1088 1111/2120/1115 1190/2121/1194
f 1167/2058/1171 1191/2122/1195 1165/2059/1169
f 1166/2063/1170 1192/2123/1196 1115/2064/1119
f 1114/1939/1118 1084/2124/1088 1169/2065/1173
f 1085/1997/1089 1115/2125/1119 1112/1995/1116
f 1169/2126/1173 1191/2127/1195 1168/2128/1172
f 1168/2129/1172 1191/2130/1195 1167/2131/1171
f 1024/1738/1028 1087/1866/1091 1145/1999/1149
f 1170/2066/1174 1146/2000/1150 1117/1942/1121
f 1025/1739/1029 1118/1944/1122 1170/2066/1174
f 877/2002/879 1147/2004/1151 876/1537/878
f 964/1998/966 1171/2068/1175 1148/2132/1152
f 997/1688/1001 1054/1787/1058 1193/2133/1197
f 1054/1787/1058 839/1395/841 1194/2134/1198
f 939/2135/941 965/2136/967 1195/2137/1199
f 939/1566/941 1195/2138/1199 1056/1789/1060
f 998/1689/1002 1055/1788/1059 1196/2139/1200
f 647/1793/649 1173/2074/1177 1058/1794/1062
f 1060/2012/1064 1197/2140/1201 1152/2013/1156
f 1059/1795/1063 1174/2075/1178 880/1463/882
f 1060/2012/1064 1198/2141/1202 1197/2140/1201
f 1199/2142/1203 898/1871/900 1000/1691/1004
f 1060/1798/1064 1176/2078/1180 1198/2143/1202
f 649/1131/651 969/1622/971 1200/2144/1204
f 1198/2143/1202 1176/2078/1180 1179/2145/1183
f 515/845/517 843/1403/845 1201/2146/1205
f 1177/2079/1181 1153/2015/1157 1091/2147/1095
f 1153/2076/1157 1180/2148/1184 1091/2149/1095
f 1198/2141/1202 1179/2150/1183 1178/2151/1182
f 1202/2152/1206 1062/1800/1066 1092/1873/1096
f 1065/1803/1069 946/1579/948 1180/2082/1184
f 1036/1757/1040 1203/2153/1207 1127/1953/1131
f 1092/2154/1096 1063/2155/1067 1204/2156/1208
f 1063/2157/1067 1064/2158/1068 1204/2159/1208
f 1097/2160/1101 1094/2161/1098 1155/2162/1159
f 979/2163/983 1069/2164/1073 1205/2165/1209
f 1068/2092/1072 1183/2091/1187 1009/2166/1013
f 1157/2167/1161 1013/1712/1017 1012/1711/1016
f 1039/1886/1043 1206/2168/1210 1131/1961/1135
f 1099/1967/1103 1134/1969/1138 1207/2169/1211
f 1098/1889/1102 1208/2170/1212 1209/2171/1213
f 1131/2172/1135 1208/2173/1212 1098/2174/1102
f 1131/1961/1135 1206/2168/1210 1208/2175/1212
f 1134/2176/1138 1210/2177/1214 1207/2178/1211
f 1134/2028/1138 1156/2023/1160 1210/2179/1214
f 1069/1816/1073 849/1413/851 1211/2180/1215
f 1135/2181/1139 975/1641/979 1071/2029/1075
f 849/1413/851 1100/1900/1104 1211/2180/1215
f 1186/2182/1190 1212/2183/1216 1213/2184/1217
f 1213/2184/1217 1212/2183/1216 1187/2106/1191
f 1187/2106/1191 1212/2183/1216 1100/2107/1104
f 816/1359/818 949/1583/951 1214/2185/1218
f 951/1585/953 1215/2186/1219 1080/1838/1084
f 1160/2040/1164 1216/2187/1220 1102/1904/1106
f 832/1422/834 1188/2110/1192 1142/1984/1146
f 1081/1843/1085 983/1659/987 1217/2188/1221
f 983/1659/987 1218/2189/1222 1217/2188/1221
f 1163/2047/1167 1218/2189/1222 913/1527/915
f 913/1527/915 1218/2189/1222 983/1659/987
f 1105/1911/1109 637/1053/639 1219/2190/1223
f 1143/1985/1147 1164/2191/1168 1111/1986/1115
f 1164/2191/1168 1220/2192/1224 1111/1986/1115
f 1189/2193/1193 1112/2194/1116 1221/2195/1225
f 1084/2119/1088 1190/2121/1194 1222/2196/1226
f 1084/2119/1088 1222/2196/1226 1169/2126/1173
f 1112/1995/1116 1115/2125/1119 1223/2197/1227
f 1170/2066/1174 1118/1944/1122 1224/2198/1228
f 1118/1944/1122 876/1537/878 1224/2198/1228
f 1087/1866/1091 997/2001/1001 1225/2199/1229
f 1224/2198/1228 876/1537/878 1147/2004/1151
f 1088/1868/1092 1120/1946/1124 937/1564/939
f 1054/1787/1058 1194/2134/1198 1226/2200/1230
f 624/1021/626 1227/2201/1231 839/1395/841
f 862/2202/864 1090/2203/1094 624/2204/626
f 941/283/943 1151/2205/1155 1030/2206/1034
f 967/1618/969 1228/2207/1232 1123/1949/1127
f 879/1462/881 1057/1791/1061 1032/1748/1036
f 898/2208/900 1199/2209/1203 1176/2210/1180
f 1201/2146/1205 843/1403/845 1001/1692/1005
f 1198/2141/1202 1178/2151/1182 1197/2140/1201
f 1127/1954/1131 1203/2211/1207 1128/1955/1132
f 1099/1892/1103 1229/2212/1233 1036/1960/1040
f 945/2213/947 1230/2214/1234 1091/2215/1095
f 1096/1884/1100 1184/2216/1188 978/1645/982
f 1094/2217/1098 1181/2218/1185 1183/2219/1187
f 979/2163/983 1205/2165/1209 779/1758/781
f 1094/1879/1098 1183/2220/1187 1067/1807/1071
f 1064/1802/1068 1098/1889/1102 1209/2171/1213
f 1097/1885/1101 1206/2168/1210 1039/1886/1043
f 1186/2221/1190 975/1641/979 1135/2181/1139
f 1186/2182/1190 1185/2222/1189 1212/2183/1216
f 1212/2183/1216 1231/2223/1235 1100/2107/1104
f 1015/1718/1019 1075/1826/1079 1187/2224/1191
f 948/1824/950 1138/1977/1142 1232/2225/1236
f 948/1824/950 1232/2225/1236 1139/1978/1143
f 911/1525/913 1045/2226/1049 801/1339/803
f 1101/1981/1105 1215/2186/1219 951/1585/953
f 1080/1838/1084 1233/2227/1237 1103/2228/1107
f 1102/1904/1106 1216/2187/1220 1159/2039/1163
f 1162/2229/1166 1234/2230/1238 930/1552/932
f 1234/2230/1238 1163/2047/1167 930/1552/932
f 1018/1726/1022 871/1449/873 1235/2231/1239
f 1219/2190/1223 637/1053/639 1019/1727/1023
f 1236/2232/1240 1165/2054/1169 1191/2233/1195
f 1236/2232/1240 987/1776/991 1165/2054/1169
f 1237/2234/1241 1238/2235/1242 1222/2236/1226
f 1237/2234/1241 1239/2237/1243 1238/2235/1242
f 1112/2238/1116 1223/2239/1227 1221/2240/1225
f 1220/2241/1224 1222/2236/1226 1190/2242/1194
f 1220/2192/1224 1190/2243/1194 1111/1986/1115
f 1238/2244/1242 1239/2245/1243 1222/2246/1226
f 1222/2196/1226 1191/2127/1195 1169/2126/1173
f 1191/2247/1195 1222/2246/1226 1239/2245/1243
f 1240/2248/1244 1192/2249/1196 1241/2250/1245
f 1240/2248/1244 1115/2251/1119 1192/2249/1196
f 1223/2252/1227 1115/2251/1119 1240/2248/1244
f 1145/1999/1149 1087/1866/1091 1225/2199/1229
f 1146/2000/1150 1170/2066/1174 1224/2198/1228
f 1242/2253/1246 1171/2068/1175 1145/1999/1149
f 997/2001/1001 1243/2254/1247 1225/2199/1229
f 1244/2255/1248 1088/2069/1092 1146/2000/1150
f 1244/2255/1248 1245/2256/1249 1088/2069/1092
f 997/2001/1001 1193/2257/1197 1243/2254/1247
f 1246/2258/1250 1149/2259/1153 1056/2260/1060
f 1031/1747/1035 1123/1949/1127 1124/1950/1128
f 1124/1950/1128 864/1436/866 1031/1747/1035
f 733/1210/735 1247/2261/1251 1175/2077/1179
f 1175/2077/1179 969/1622/971 578/954/580
f 1248/2262/1252 1180/2148/1184 1153/2076/1157
f 1129/1958/1133 1178/2080/1182 926/1547/928
f 1249/2263/1253 970/1628/972 1065/1803/1069
f 1036/1757/1040 1250/2264/1254 1203/2153/1207
f 1251/2265/1255 1181/2266/1185 1062/2267/1066
f 1203/2268/1207 1093/1876/1097 1128/1957/1132
f 1204/2156/1208 1202/2269/1206 1092/2154/1096
f 1097/2160/1101 1155/2162/1159 1133/2270/1137
f 1229/2212/1233 1099/1892/1103 1207/2271/1211
f 1013/1712/1017 1157/2167/1161 1184/2272/1188
f 1252/2273/1256 814/1356/816 977/1644/981
f 1206/2274/1210 1209/2275/1213 1208/2276/1212
f 1154/2020/1158 1210/2179/1214 1156/2023/1160
f 1009/2277/1013 1185/2222/1189 1158/2278/1162
f 1253/2279/1257 1137/1976/1141 1043/2280/1047
f 1185/2222/1189 1231/2223/1235 1212/2183/1216
f 1075/1826/1079 1213/2281/1217 1187/2224/1191
f 1214/2185/1218 949/1583/951 1076/1827/1080
f 1254/2282/1258 911/2283/913 1077/2284/1081
f 1254/2285/1258 1045/2226/1049 911/1525/913
f 1160/2286/1164 1103/2228/1107 1233/2227/1237
f 1160/2040/1164 1255/2287/1259 1216/2187/1220
f 1142/2288/1146 1188/2289/1192 1256/2290/1260
f 1256/2290/1260 1188/2289/1192 1217/2291/1221
f 1188/2289/1192 1081/2292/1085 1217/2291/1221
f 1237/2234/1241 1257/2293/1261 1239/2237/1243
f 1257/2294/1261 1236/2295/1240 1239/2296/1243
f 1110/2297/1114 1258/2298/1262 1166/2299/1170
f 1258/2300/1262 1259/2301/1263 1240/2302/1244
f 1259/2301/1263 1260/2303/1264 1240/2302/1244
f 1261/2304/1265 1221/2305/1225 1260/2306/1264
f 1237/2234/1241 1222/2236/1226 1220/2241/1224
f 1236/2307/1240 1191/2308/1195 1239/2309/1243
f 1166/2299/1170 1258/2298/1262 1192/2249/1196
f 1258/2300/1262 1240/2302/1244 1241/2310/1245
f 1240/2248/1244 1260/2311/1264 1223/2252/1227
f 1221/2312/1225 1223/2252/1227 1260/2311/1264
f 1145/1999/1149 1225/2199/1229 1242/2253/1246
f 1054/1787/1058 1226/2200/1230 1193/2133/1197
f 839/1395/841 1227/2201/1231 1194/2134/1198
f 1227/2313/1231 624/2314/626 1090/2315/1094
f 1121/1947/1125 809/1744/811 808/1349/810
f 1029/1745/1033 1262/2316/1266 967/1618/969
f 1263/2317/1267 1228/2207/1232 967/1618/969
f 1264/2318/1268 941/1568/943 1032/1748/1036
f 1228/2319/1232 1124/2320/1128 1123/2321/1127
f 1057/1791/1061 865/1437/867 1058/2322/1062
f 968/2323/970 1265/2324/1269 1059/2325/1063
f 1152/2073/1156 1197/2326/1201 1173/2074/1177
f 1266/2327/1270 999/1690/1003 1267/2328/1271
f 1174/2075/1178 1248/2262/1252 1153/2076/1157
f 1065/1803/1069 1180/2082/1184 1248/2329/1252
f 1268/2330/1272 1178/2080/1182 1129/1958/1133
f 1202/2152/1206 1269/2331/1273 1062/1800/1066
f 1270/2332/1274 1269/2331/1273 1202/2152/1206
f 1271/2333/1275 1203/2153/1207 1250/2264/1254
f 1251/2334/1255 1250/2264/1254 1272/2335/1276
f 1272/2335/1276 1250/2264/1254 1036/1757/1040
f 1272/2335/1276 1181/2336/1185 1251/2334/1255
f 1272/2335/1276 1036/1757/1040 1181/2336/1185
f 1273/2337/1277 1205/2338/1209 1093/2246/1097
f 651/1072/653 798/1330/800 1274/2339/1278
f 1184/2272/1188 1204/2340/1208 1275/2341/1279
f 1204/2342/1208 1064/1802/1068 1275/2343/1279
f 1064/1802/1068 1209/2171/1213 1275/2343/1279
f 1205/2344/1209 1069/1816/1073 1211/2180/1215
f 1210/2345/1214 1154/2346/1158 1207/2347/1211
f 1013/1899/1017 1253/2348/1257 1043/1897/1047
f 1009/2277/1013 1276/2349/1280 1185/2222/1189
f 1185/2222/1189 1276/2349/1280 1231/2223/1235
f 1138/1977/1142 1070/2350/1074 1277/2351/1281
f 1186/2221/1190 1213/2281/1217 1278/2352/1282
f 1213/2281/1217 1075/1826/1079 1278/2352/1282
f 1075/1826/1079 816/1471/818 1214/2353/1218
f 1216/2187/1220 1255/2287/1259 1279/2354/1283
f 1256/2290/1260 1161/2355/1165 1142/2288/1146
f 1279/2356/1283 1280/2357/1284 1216/2358/1220
f 1216/2358/1220 1280/2357/1284 1159/88/1163
f 1280/2357/1284 1162/2359/1166 1159/88/1163
f 1256/2290/1260 1217/2291/1221 1281/2360/1285
f 1234/2230/1238 1282/2361/1286 1163/2047/1167
f 1163/2047/1167 1282/2361/1286 1283/2362/1287
f 1163/2363/1167 1283/2364/1287 1218/2365/1222
f 1218/2365/1222 1283/2364/1287 1217/2291/1221
f 869/1448/871 1105/1911/1109 1284/2366/1288
f 871/1449/873 987/1776/991 1236/2232/1240
f 1221/2367/1225 1261/2368/1265 1189/2112/1193
f 1164/2191/1168 1285/2369/1289 1220/2192/1224
f 1220/2370/1224 1285/2371/1289 1237/2372/1241
f 1110/2373/1114 1259/2301/1263 1258/2300/1262
f 1259/2374/1263 1286/2375/1290 1260/2376/1264
f 1286/2377/1290 1287/2378/1291 1260/2379/1264
f 1260/2380/1264 1287/2381/1291 1261/2382/1265
f 1258/2298/1262 1241/2250/1245 1192/2249/1196
f 1224/2198/1228 1244/2255/1248 1146/2000/1150
f 1225/2199/1229 1243/2254/1247 1242/2253/1246
f 1120/1946/1124 1288/2383/1292 1028/1743/1032
f 809/1744/811 1121/1947/1125 1172/2384/1176
f 1195/2385/1199 1246/2258/1250 1056/2260/1060
f 1055/2386/1059 1150/2387/1154 1196/2388/1200
f 1262/2316/1266 1263/2317/1267 967/1618/969
f 1264/2318/1268 1289/2389/1293 941/1568/943
f 999/1690/1003 1266/2327/1270 867/1439/869
f 1177/2390/1181 1267/2391/1271 999/2392/1003
f 1065/1803/1069 1248/2329/1252 1290/2393/1294
f 1268/2330/1272 1129/1958/1133 1182/2085/1186
f 1269/2331/1273 1251/2334/1255 1062/1800/1066
f 1250/2264/1254 1251/2334/1255 1271/2333/1275
f 1229/2394/1233 1181/2395/1185 1036/2396/1040
f 1093/2397/1097 1205/2398/1209 1291/2399/1295
f 1292/2400/1296 735/1266/737 1130/1959/1134
f 1291/2401/1295 1154/2020/1158 1093/1876/1097
f 1275/2341/1279 1013/1712/1017 1184/2272/1188
f 1133/2270/1137 1206/2402/1210 1097/2160/1101
f 1293/2403/1297 977/1644/981 844/1404/846
f 1294/2404/1298 1133/2099/1137 1136/1975/1140
f 1277/2405/1281 975/1641/979 1278/2352/1282
f 1277/2405/1281 1070/2406/1074 975/1641/979
f 1295/2407/1299 1161/2408/1165 1256/2409/1260
f 1279/2354/1283 1255/2287/1259 1256/2410/1260
f 1279/2356/1283 1256/2290/1260 1296/2411/1300
f 1296/2411/1300 1256/2290/1260 1281/2360/1285
f 1280/2357/1284 1234/2412/1238 1162/2359/1166
f 1296/2411/1300 1281/2360/1285 1283/2364/1287
f 1281/2360/1285 1217/2291/1221 1283/2364/1287
f 1297/2413/1301 1110/2049/1114 870/1447/872
f 1298/2414/1302 1164/2048/1168 1106/1912/1110
f 1299/2415/1303 1189/2112/1193 1261/2368/1265
f 1300/2416/1304 1164/2417/1168 1298/2418/1302
f 1300/2419/1304 1285/2369/1289 1164/2191/1168
f 1257/2420/1261 1237/2372/1241 1285/2371/1289
f 1244/2255/1248 1224/2198/1228 1301/2421/1305
f 1171/2068/1175 1242/2253/1246 1302/2422/1306
f 1147/2004/1151 1303/2423/1307 1224/2198/1228
f 1088/2069/1092 1245/2256/1249 1120/2424/1124
f 1288/2425/1292 1120/2424/1124 1245/2256/1249
f 1171/2068/1175 1304/2426/1308 1148/2132/1152
f 1193/2257/1197 1226/2427/1230 1305/2428/1309
f 1288/2383/1292 1306/2429/1310 1028/1743/1032
f 1307/2430/1311 1226/2427/1230 1194/2431/1198
f 1308/2432/1312 1028/2433/1032 1306/2434/1310
f 1309/2435/1313 1194/2134/1198 1227/2201/1231
f 1310/2436/1314 1121/1947/1125 1028/1743/1032
f 1311/2437/1315 1119/2438/1123 1089/2439/1093
f 1089/1869/1093 998/1689/1002 1196/2139/1200
f 1196/2388/1200 1150/2387/1154 1312/2440/1316
f 1313/2441/1317 1149/2259/1153 1246/2258/1250
f 1151/2010/1155 1314/2442/1318 1150/2008/1154
f 1151/2072/1155 941/1568/943 1289/2389/1293
f 1264/2443/1268 1032/2444/1036 1315/2445/1319
f 1316/2446/1320 1032/1748/1036 1057/1791/1061
f 1317/2447/1321 1033/2448/1037 1124/2320/1128
f 1317/2449/1321 1125/1951/1129 1033/1749/1037
f 1125/1951/1129 1265/2450/1269 968/1750/970
f 1247/2451/1251 733/1402/735 867/1439/869
f 1290/2452/1294 1174/2453/1178 1059/2454/1063
f 1197/2326/1201 1318/2455/1322 1173/2074/1177
f 1197/2326/1201 1268/2330/1272 1318/2455/1322
f 1248/2329/1252 1174/2456/1178 1290/2393/1294
f 1197/2326/1201 1178/2080/1182 1268/2330/1272
f 1290/2393/1294 1249/2263/1253 1065/1803/1069
f 1269/2331/1273 1319/2457/1323 1251/2334/1255
f 1271/2333/1275 1251/2334/1255 1320/2458/1324
f 1203/2268/1207 1271/2459/1275 1273/2460/1277
f 1202/2269/1206 1204/2156/1208 1270/2461/1274
f 1273/2460/1277 1093/1876/1097 1203/2268/1207
f 927/1549/929 779/1758/781 1321/2462/1325
f 1321/2462/1325 779/1758/781 1205/2165/1209
f 1204/2156/1208 1184/2463/1188 1322/2464/1326
f 1126/2465/1130 1130/1959/1134 734/1265/736
f 1181/2466/1185 1229/2467/1233 1183/2468/1187
f 1205/2398/1209 1211/2469/1215 1291/2399/1295
f 1276/2470/1280 1009/2166/1013 1183/2091/1187
f 1253/2279/1257 1136/1975/1140 1137/1976/1141
f 1253/2471/1257 1294/2472/1298 1136/2473/1140
f 975/1641/979 1186/2221/1190 1278/2352/1282
f 1277/2351/1281 1323/2474/1327 1138/1977/1142
f 1138/1977/1142 1323/2474/1327 1232/2225/1236
f 885/1832/887 1141/1980/1145 1140/2475/1144
f 1324/2476/1328 1255/2477/1259 1160/2478/1164
f 1279/2356/1283 1282/2479/1286 1280/2357/1284
f 1279/2356/1283 1296/2411/1300 1282/2479/1286
f 1280/2357/1284 1282/2479/1286 1234/2412/1238
f 1296/2411/1300 1283/2364/1287 1282/2479/1286
f 1018/1726/1022 1235/2231/1239 1104/2480/1108
f 1105/1911/1109 1219/2190/1223 1325/2481/1329
f 1326/2482/1330 870/1447/872 854/1479/856
f 1019/1727/1023 1189/2112/1193 1299/2415/1303
f 1297/2483/1301 1327/2484/1331 1110/2485/1114
f 1300/2486/1304 1257/2487/1261 1285/2488/1289
f 1261/2489/1265 1287/2490/1291 1328/2491/1332
f 1328/2491/1332 1287/2490/1291 1286/2295/1290
f 1243/2254/1247 1329/2492/1333 1242/2253/1246
f 1243/2254/1247 1193/2257/1197 1329/2492/1333
f 1244/2255/1248 1330/2493/1334 1245/2256/1249
f 1224/2198/1228 1303/2423/1307 1301/2421/1305
f 1302/2422/1306 1304/2426/1308 1171/2068/1175
f 1245/2256/1249 1330/2493/1334 1288/2425/1292
f 1147/2070/1151 1119/1945/1123 1303/2494/1307
f 1028/1743/1032 1308/2495/1312 1310/2436/1314
f 1331/2496/1335 1195/2137/1199 965/2136/967
f 1331/2497/1335 1246/2498/1250 1195/2499/1199
f 1312/2440/1316 1150/2387/1154 1314/2500/1318
f 1029/1745/1033 1122/1948/1126 1262/2316/1266
f 867/1439/869 1266/2327/1270 1247/2451/1251
f 1000/2501/1004 1332/2502/1336 1199/2503/1203
f 1270/2332/1274 1319/2457/1323 1269/2331/1273
f 1320/2458/1324 1251/2334/1255 1319/2457/1323
f 829/1377/831 649/1131/651 1126/1952/1130
f 970/1628/972 1333/2504/1337 1096/1884/1100
f 927/1549/929 1334/2505/1338 1182/2085/1186
f 1204/2156/1208 1322/2464/1326 1270/2461/1274
f 1207/2506/1211 1231/2507/1235 1229/2508/1233
f 1206/2509/1210 1275/2510/1279 1209/2511/1213
f 1206/2402/1210 1133/2270/1137 1294/2512/1298
f 1207/2513/1211 1154/2020/1158 1231/2514/1235
f 1206/2515/1210 1253/2516/1257 1275/2517/1279
f 1206/2518/1210 1294/2519/1298 1253/2520/1257
f 1183/2468/1187 1229/2467/1233 1276/2521/1280
f 1100/1900/1104 1231/2522/1235 1211/2180/1215
f 1232/2225/1236 1335/2523/1339 981/1652/985
f 1335/2523/1339 1044/1772/1048 981/1652/985
f 1076/1827/1080 1336/2524/1340 1214/2185/1218
f 1076/1827/1080 1016/1829/1020 1336/2524/1340
f 1044/1772/1048 1337/2525/1341 1077/1828/1081
f 1017/2036/1021 1338/2526/1342 1078/1835/1082
f 931/1553/933 1339/2527/1343 984/1660/988
f 871/1449/873 1340/2528/1344 1235/2231/1239
f 870/1447/872 1326/2482/1330 1297/2413/1301
f 871/1449/873 1236/2232/1240 1340/2528/1344
f 1300/2529/1304 1298/2530/1302 1341/2531/1345
f 1110/2532/1114 1327/2533/1331 1259/2534/1263
f 1327/2535/1331 1286/2536/1290 1259/2537/1263
f 1286/2536/1290 1327/2535/1331 1328/2538/1332
f 1342/2539/1346 1236/2540/1240 1257/2541/1261
f 1244/2255/1248 1301/2421/1305 1330/2493/1334
f 1193/2257/1197 1343/2542/1347 1329/2492/1333
f 1343/2542/1347 1193/2257/1197 1305/2428/1309
f 1307/2430/1311 1305/2428/1309 1226/2427/1230
f 1194/2543/1198 1309/2544/1313 1307/2545/1311
f 1311/2437/1315 1089/2439/1093 1344/2546/1348
f 1315/2445/1319 1032/2444/1036 1345/2547/1349
f 1032/1748/1036 1316/2446/1320 1345/2548/1349
f 1268/2330/1272 1182/2085/1186 1346/2549/1350
f 1321/2462/1325 1334/2505/1338 927/1549/929
f 1184/2216/1188 1096/1884/1100 1322/2550/1326
f 1293/2403/1297 844/1404/846 1095/1882/1099
f 798/2551/800 814/1356/816 1347/2552/1351
f 1348/2553/1352 971/1630/973 735/1266/737
f 1349/2554/1353 830/1405/832 971/1630/973
f 1293/2403/1297 1252/2273/1256 977/1644/981
f 1291/2401/1295 1231/2514/1235 1154/2020/1158
f 1253/1316/1257 1013/2555/1017 1275/2556/1279
f 1229/2467/1233 1231/2501/1235 1276/2521/1280
f 1232/2225/1236 981/1652/985 1139/1978/1143
f 1350/2557/1354 1254/2282/1258 1077/2284/1081
f 1351/2558/1355 1352/2559/1356 1078/1831/1082
f 1352/2559/1356 1141/1980/1145 1078/1831/1082
f 1215/2186/1219 1233/2227/1237 1080/1838/1084
f 1017/2036/1021 1161/2042/1165 1338/2526/1342
f 1353/2560/1357 1160/2280/1164 1233/2561/1237
f 1324/2562/1328 1160/2563/1164 1353/2343/1357
f 1354/2564/1358 1161/2565/1165 1295/2566/1299
f 1324/2567/1328 1256/2409/1260 1255/2568/1259
f 1284/2569/1288 854/1423/856 869/1446/871
f 1340/2570/1344 1236/2540/1240 1342/2539/1346
f 1299/2571/1303 1261/2572/1265 1328/2573/1332
f 1341/2574/1345 1257/2575/1261 1300/2576/1304
f 1341/2574/1345 1355/2577/1359 1257/2575/1261
f 1355/2577/1359 1342/2578/1346 1257/2575/1261
f 1242/2253/1246 1329/2492/1333 1302/2422/1306
f 1288/2425/1292 1356/2579/1360 1306/2580/1310
f 1357/2581/1361 1306/2582/1310 1356/2583/1360
f 1357/2581/1361 1308/2584/1312 1306/2582/1310
f 1309/2585/1313 1227/2586/1231 1358/2587/1362
f 1359/2588/1363 1310/2589/1314 1308/2590/1312
f 1360/2591/1364 965/2592/967 1148/2132/1152
f 1172/2384/1176 1121/1947/1125 1310/2436/1314
f 1089/1869/1093 1196/2139/1200 1344/2593/1348
f 1344/2593/1348 1196/2139/1200 1312/2594/1316
f 1313/2441/1317 1246/2258/1250 1331/2595/1335
f 1149/2596/1153 1313/2597/1317 1361/2598/1365
f 1362/2599/1366 1314/2442/1318 1363/2600/1367
f 1122/1948/1126 1149/2006/1153 1361/2601/1365
f 1361/2601/1365 1364/2602/1368 1122/1948/1126
f 1364/2602/1368 1262/2316/1266 1122/1948/1126
f 1058/1794/1062 1173/2074/1177 1346/2549/1350
f 1173/2074/1177 1318/2455/1322 1346/2549/1350
f 1346/2549/1350 1318/2455/1322 1268/2330/1272
f 899/2603/901 515/845/517 1201/2146/1205
f 1320/2604/1324 1365/2605/1369 1271/2606/1275
f 1366/2607/1370 1320/2458/1324 1319/2457/1323
f 1319/2608/1323 1270/2609/1274 1366/2610/1370
f 1249/2263/1253 1333/2504/1337 970/1628/972
f 1179/2611/1183 1367/2612/1371 1034/2613/1038
f 651/1072/653 1274/2339/1278 1001/1692/1005
f 814/1356/816 1252/2273/1256 1347/2552/1351
f 1211/2180/1215 1231/2522/1235 1291/2614/1295
f 1016/1829/1020 1368/2615/1372 1369/2616/1373
f 1016/2617/1020 1370/2618/1374 1368/2619/1372
f 1215/2620/1219 1101/1901/1105 1371/2621/1375
f 1351/2622/1355 1078/1835/1082 1338/2526/1342
f 1324/2567/1328 1295/2407/1299 1256/2409/1260
f 1284/2366/1288 1105/1911/1109 1325/2481/1329
f 1372/2623/1376 1219/2624/1223 1019/2625/1023
f 1106/2626/1110 1373/2627/1377 1298/2530/1302
f 1373/2627/1377 1341/2531/1345 1298/2530/1302
f 1299/2628/1303 1328/2629/1332 1327/2630/1331
f 1305/2428/1309 1307/2430/1311 1343/2542/1347
f 1330/2493/1334 1356/2579/1360 1288/2425/1292
f 1374/2631/1378 1307/2545/1311 1309/2544/1313
f 1357/2632/1361 1359/2588/1363 1308/2590/1312
f 1374/2633/1378 1309/2585/1313 1358/2587/1362
f 1227/2586/1231 1375/2634/1379 1358/2587/1362
f 1359/2588/1363 1376/2635/1380 1310/2589/1314
f 1360/2591/1364 1331/2636/1335 965/2592/967
f 1227/2313/1231 1090/2315/1094 1375/2637/1379
f 1151/2010/1155 1363/2600/1367 1314/2442/1318
f 1363/2600/1367 1151/2010/1155 1377/2638/1381
f 1151/2072/1155 1289/2389/1293 1377/2639/1381
f 1262/2640/1266 1364/2641/1368 1263/2642/1267
f 1289/2643/1293 1264/2443/1268 1378/2644/1382
f 1265/2324/1269 1379/2645/1383 1059/2325/1063
f 1290/2393/1294 1379/2645/1383 1249/2263/1253
f 1200/2144/1204 969/1622/971 1380/2646/1384
f 1270/2461/1274 1322/2464/1326 1366/2647/1370
f 1365/2605/1369 1273/2648/1277 1271/2606/1275
f 1182/2085/1186 1334/2505/1338 1346/2549/1350
f 1381/2649/1385 1322/2550/1326 1096/1884/1100
f 1321/2462/1325 1205/2165/1209 1273/2650/1277
f 798/2551/800 1347/2552/1351 1274/2651/1278
f 1214/2185/1218 1382/2652/1386 1075/2653/1079
f 1336/2524/1340 1382/2652/1386 1214/2185/1218
f 1016/1829/1020 1140/1979/1144 1370/2654/1374
f 1368/2655/1372 1383/2656/1387 1351/2657/1355
f 1351/2658/1355 1383/2659/1387 1352/2660/1356
f 1161/2042/1165 1354/2661/1358 1338/2526/1342
f 931/1553/933 1384/2662/1388 1339/2527/1343
f 1373/2663/1377 1385/2664/1389 1341/2574/1345
f 1385/2664/1389 1386/2665/1390 1341/2574/1345
f 1327/2666/1331 1372/2667/1376 1299/2668/1303
f 1343/2542/1347 1307/2430/1311 1387/2669/1391
f 1387/2670/1391 1307/2545/1311 1374/2631/1378
f 1148/2132/1152 1388/2671/1392 1360/2591/1364
f 1119/2438/1123 1311/2437/1315 1303/2423/1307
f 1389/2672/1393 1390/2673/1394 1376/2635/1380
f 1314/2500/1318 1362/2674/1366 1312/2440/1316
f 1264/2443/1268 1315/2445/1319 1378/2644/1382
f 1379/2645/1383 1290/2393/1294 1059/2325/1063
f 1320/2604/1324 1391/2675/1395 1365/2605/1369
f 1366/2647/1370 1391/2676/1395 1320/2677/1324
f 1366/2647/1370 1322/2464/1326 1391/2676/1395
f 1333/2504/1337 1381/2649/1385 1096/1884/1100
f 1367/2612/1371 1095/2678/1099 1034/2613/1038
f 1292/2400/1296 1348/2553/1352 735/1266/737
f 1349/2554/1353 971/1630/973 1348/2553/1352
f 1277/2351/1281 1392/2679/1396 1323/2474/1327
f 1393/2680/1397 1278/2352/1282 1075/1826/1079
f 1336/2524/1340 1016/1829/1020 1369/2616/1373
f 1215/2681/1219 1371/2682/1375 1350/2683/1354
f 1371/2621/1375 1101/1901/1105 1045/1773/1049
f 1394/2684/1398 1233/2227/1237 1215/2186/1219
f 1354/2661/1358 1351/2622/1355 1338/2526/1342
f 1326/2482/1330 854/1479/856 1395/2685/1399
f 1019/2625/1023 1299/2686/1303 1372/2623/1376
f 1340/2687/1344 1342/2688/1346 1355/2689/1359
f 1355/2577/1359 1341/2574/1345 1386/2665/1390
f 1329/2492/1333 1387/2669/1391 1302/2422/1306
f 1329/2492/1333 1343/2542/1347 1387/2669/1391
f 1387/2669/1391 1304/2426/1308 1302/2422/1306
f 1330/2690/1334 1357/2581/1361 1356/2583/1360
f 1303/2423/1307 1396/2691/1400 1301/2421/1305
f 1304/2426/1308 1388/2671/1392 1148/2132/1152
f 1396/2691/1400 1303/2423/1307 1311/2437/1315
f 1358/2587/1362 1375/2634/1379 1397/2692/1401
f 1375/2634/1379 1398/2693/1402 1397/2692/1401
f 1389/2672/1393 1311/2437/1315 1344/2546/1348
f 1398/2693/1402 1375/2634/1379 1399/2694/1403
f 1399/2694/1403 1375/2634/1379 1090/2695/1094
f 1400/2696/1404 1362/2599/1366 1363/2600/1367
f 1377/2697/1381 1289/2643/1293 1378/2644/1382
f 1401/2698/1405 1124/2320/1128 1228/2319/1232
f 1124/2320/1128 1401/2698/1405 1317/2447/1321
f 1379/2645/1383 1265/2324/1269 1125/2699/1129
f 1379/2645/1383 1333/2504/1337 1249/2263/1253
f 1177/2700/1181 1091/2215/1095 1402/2701/1406
f 1200/2144/1204 1126/1952/1130 649/1131/651
f 945/2702/947 830/2703/832 1403/2704/1407
f 1335/2523/1339 1404/2705/1408 1044/1772/1048
f 1337/2525/1341 1405/2706/1409 1077/1828/1081
f 1077/2707/1081 1406/2708/1410 1350/2709/1354
f 1407/2710/1411 1368/2711/1372 1408/2712/1412
f 1409/2713/1413 1383/2656/1387 1368/2655/1372
f 1368/2619/1372 1370/2618/1374 1409/2714/1413
f 1409/2713/1413 1352/2715/1356 1383/2656/1387
f 1368/2716/1372 1351/2717/1355 1408/2718/1412
f 1350/2719/1354 1394/2684/1398 1215/2186/1219
f 1408/2720/1412 1351/2721/1355 1354/2564/1358
f 1410/2722/1414 1411/2723/1415 1326/2482/1330
f 1326/2482/1330 1411/2723/1415 1297/2413/1301
f 1106/2626/1110 1385/2724/1389 1373/2627/1377
f 1386/2725/1390 1412/2726/1416 1355/2727/1359
f 1297/2728/1301 1413/2729/1417 1327/1385/1331
f 1413/2729/1417 1414/2730/1418 1327/1385/1331
f 1414/2731/1418 1372/2667/1376 1327/2666/1331
f 1301/2421/1305 1396/2691/1400 1330/2493/1334
f 1374/2633/1378 1358/2587/1362 1387/2669/1391
f 1330/2493/1334 1415/2732/1419 1357/2632/1361
f 1357/2632/1361 1415/2732/1419 1359/2588/1363
f 1359/2588/1363 1415/2732/1419 1376/2635/1380
f 1388/2671/1392 1416/2733/1420 1360/2591/1364
f 1360/2591/1364 1416/2733/1420 1397/2692/1401
f 1415/2732/1419 1389/2672/1393 1376/2635/1380
f 1389/2672/1393 1344/2546/1348 1417/2734/1421
f 1360/2591/1364 1418/2735/1422 1331/2636/1335
f 1310/2589/1314 1390/2673/1394 1172/2736/1176
f 1390/2673/1394 1310/2589/1314 1376/2635/1380
f 1390/2673/1394 1419/2737/1423 1420/2738/1424
f 1390/2673/1394 1421/2739/1425 1172/2736/1176
f 1398/2693/1402 1399/2694/1403 1422/2740/1426
f 1090/2741/1094 1423/2742/1427 1424/2743/1428
f 1312/2440/1316 1362/2674/1366 1425/2744/1429
f 1263/2642/1267 1426/2745/1430 1228/2319/1232
f 828/1376/830 1427/2746/1431 1000/1691/1004
f 1428/2747/1432 1266/2327/1270 1267/2328/1271
f 1365/2605/1369 1391/2675/1395 1273/2648/1277
f 1429/2748/1433 1334/2505/1338 1321/2462/1325
f 1322/2550/1326 1381/2649/1385 1430/2749/1434
f 945/2750/947 1403/2751/1407 1230/2752/1234
f 1349/2554/1353 1403/2753/1407 830/1405/832
f 1278/2352/1282 1393/2680/1397 1277/2405/1281
f 1232/2754/1236 1431/2755/1435 1335/2756/1339
f 1432/2757/1436 1433/2758/1437 1434/2759/1438
f 1433/2758/1437 1435/2760/1439 1434/2759/1438
f 1433/2761/1437 1436/2762/1440 1435/2763/1439
f 1437/2764/1441 1438/2765/1442 1439/2766/1443
f 1044/1772/1048 1404/2705/1408 1337/2525/1341
f 1336/2524/1340 1369/2616/1373 1440/2767/1444
f 1368/2711/1372 1441/2768/1445 1369/2159/1373
f 1077/2769/1081 1405/2770/1409 1406/2771/1410
f 1368/2711/1372 1407/2710/1411 1441/2768/1445
f 1350/2557/1354 1442/2772/1446 1254/2282/1258
f 1406/2771/1410 1443/2773/1447 1350/2774/1354
f 1350/2775/1354 1444/2776/1448 1442/2777/1446
f 1350/2775/1354 1371/2778/1375 1444/2776/1448
f 1443/2773/1447 1394/2779/1398 1350/2774/1354
f 1371/2621/1375 1045/1773/1049 1444/2780/1448
f 1352/2559/1356 1140/2475/1144 1141/1980/1145
f 1352/2559/1356 1445/2781/1449 1140/2475/1144
f 1104/2111/1108 1446/2782/1450 931/1844/933
f 854/1423/856 1284/2569/1288 1395/2783/1399
f 1104/2480/1108 1235/2231/1239 1447/2784/1451
f 984/1660/988 1448/2785/1452 1106/1912/1110
f 1340/2786/1344 1412/2726/1416 1449/2787/1453
f 1355/2727/1359 1412/2726/1416 1340/2786/1344
f 1450/2788/1454 1415/2732/1419 1330/2493/1334
f 1330/2493/1334 1396/2691/1400 1450/2788/1454
f 1450/2788/1454 1396/2691/1400 1311/2437/1315
f 1387/2669/1391 1388/2671/1392 1304/2426/1308
f 1387/2669/1391 1416/2733/1420 1388/2671/1392
f 1416/2733/1420 1358/2587/1362 1397/2692/1401
f 1397/2692/1401 1418/2735/1422 1360/2591/1364
f 1397/2692/1401 1398/2693/1402 1418/2735/1422
f 1389/2672/1393 1417/2734/1421 1390/2673/1394
f 1390/2673/1394 1451/2789/1455 1421/2739/1425
f 1399/2790/1403 1090/2741/1094 1424/2743/1428
f 1390/2673/1394 1417/2734/1421 1419/2737/1423
f 1344/2546/1348 1312/2440/1316 1417/2734/1421
f 1422/2740/1426 1418/2735/1422 1398/2693/1402
f 1172/2736/1176 1421/2739/1425 1090/2791/1094
f 1090/2741/1094 1421/2792/1425 1423/2742/1427
f 1422/2740/1426 1399/2694/1403 1452/2793/1456
f 1419/2737/1423 1425/2744/1429 1420/2738/1424
f 1417/2734/1421 1312/2440/1316 1419/2737/1423
f 1419/2737/1423 1312/2440/1316 1425/2744/1429
f 1418/2794/1422 1422/2795/1426 1331/2796/1335
f 1422/2797/1426 1453/2798/1457 1331/2595/1335
f 1331/2595/1335 1453/2798/1457 1313/2441/1317
f 1362/2674/1366 1454/2799/1458 1425/2744/1429
f 1361/2598/1365 1313/2597/1317 1455/2800/1459
f 1364/2641/1368 1426/2745/1430 1263/2642/1267
f 1000/1691/1004 1427/2746/1431 1332/2801/1336
f 942/1569/944 1427/2746/1431 828/1376/830
f 1346/2549/1350 1334/2505/1338 1429/2748/1433
f 1273/2648/1277 1391/2675/1395 1456/2802/1460
f 1176/2210/1180 1457/2803/1461 1179/2611/1183
f 1001/1692/1005 1458/2804/1462 1201/2146/1205
f 1323/2805/1327 1392/2806/1396 1434/2759/1438
f 1393/2807/1397 1075/2808/1079 1382/2809/1386
f 1232/2754/1236 1323/2805/1327 1434/2759/1438
f 1232/2754/1236 1434/2759/1438 1431/2755/1435
f 1439/2766/1443 1459/2810/1463 1437/2764/1441
f 1434/2759/1438 1435/2760/1439 1431/2755/1435
f 1459/2810/1463 1460/2811/1464 1437/2764/1441
f 1431/2755/1435 1404/2812/1408 1335/2756/1339
f 1431/2755/1435 1435/2760/1439 1404/2812/1408
f 1436/2762/1440 1433/2761/1437 1461/2417/1465
f 1462/2813/1466 1439/2814/1443 1438/2815/1442
f 1437/2764/1441 1460/2811/1464 1438/2765/1442
f 1404/2812/1408 1435/2760/1439 1463/2816/1467
f 1463/2816/1467 1435/2760/1439 1464/2817/1468
f 1436/2818/1440 1464/2817/1468 1435/2760/1439
f 1382/2809/1386 1336/2819/1340 1460/2811/1464
f 1460/2820/1464 1336/2524/1340 1440/2767/1444
f 1441/2768/1445 1407/2710/1411 1465/2821/1469
f 1466/2822/1470 1443/2773/1447 1406/2771/1410
f 1467/2823/1471 1443/2773/1447 1466/2822/1470
f 1408/2712/1412 1465/2821/1469 1407/2710/1411
f 1465/2821/1469 1408/2712/1412 1468/2824/1472
f 1254/2285/1258 1469/2825/1473 1045/2226/1049
f 1409/2713/1413 1445/2826/1449 1352/2715/1356
f 1394/2827/1398 1353/2828/1357 1233/2829/1237
f 1339/2527/1343 1448/2785/1452 984/1660/988
f 1470/2830/1474 1284/2366/1288 1325/2481/1329
f 1411/2831/1415 1413/2729/1417 1297/2728/1301
f 1411/2832/1415 1414/2731/1418 1413/2833/1417
f 1387/2669/1391 1358/2587/1362 1416/2733/1420
f 1450/2788/1454 1311/2437/1315 1415/2732/1419
f 1389/2672/1393 1415/2732/1419 1311/2437/1315
f 1420/2738/1424 1425/2744/1429 1471/2834/1475
f 1454/2835/1458 1362/2599/1366 1400/2696/1404
f 1455/2800/1459 1313/2597/1317 1453/2836/1457
f 1378/2644/1382 1315/2445/1319 1472/2837/1476
f 1473/2838/1477 1058/1794/1062 1346/2549/1350
f 1474/2839/1478 1247/2451/1251 1266/2327/1270
f 1475/2840/1479 1175/2077/1179 1247/2261/1251
f 942/1569/944 899/1501/901 1476/2841/1480
f 1477/2842/1481 1176/2210/1180 1199/2209/1203
f 1175/2077/1179 1380/2646/1384 969/1622/971
f 1381/2649/1385 1333/2504/1337 1430/2749/1434
f 1391/2843/1395 1322/2550/1326 1430/2749/1434
f 1457/2803/1461 1367/2612/1371 1179/2611/1183
f 1478/2844/1482 1348/2553/1352 1292/2400/1296
f 1479/2845/1483 1480/2846/1484 1277/2405/1281
f 1479/2845/1483 1277/2405/1281 1393/2680/1397
f 1393/2807/1397 1382/2809/1386 1459/2810/1463
f 1459/2810/1463 1439/2766/1443 1481/2847/1485
f 1460/2811/1464 1459/2810/1463 1382/2809/1386
f 1461/2848/1465 1433/2758/1437 1432/2757/1436
f 1482/2849/1486 1439/2766/1443 1483/2850/1487
f 1483/2851/1487 1439/2814/1443 1462/2813/1466
f 1460/2811/1464 1440/2852/1444 1438/2765/1442
f 1337/2853/1341 1484/2854/1488 1405/2855/1409
f 1441/2560/1445 1485/2856/1489 1369/2857/1373
f 1369/2858/1373 1485/2859/1489 1370/2860/1374
f 1441/2768/1445 1465/2821/1469 1486/2861/1490
f 1487/2862/1491 1488/2863/1492 1466/2822/1470
f 1489/2864/1493 1490/2865/1494 1491/2866/1495
f 1485/2859/1489 1409/2867/1413 1370/2860/1374
f 1487/2868/1491 1492/2869/1496 1488/2870/1492
f 1489/2871/1493 1486/2861/1490 1490/2872/1494
f 1466/2822/1470 1488/2863/1492 1467/2823/1471
f 1465/2821/1469 1468/2824/1472 1486/2861/1490
f 1492/2873/1496 1493/2874/1497 1488/2863/1492
f 1490/2872/1494 1494/2875/1498 1491/2876/1495
f 1486/2861/1490 1468/2824/1472 1490/2872/1494
f 1493/2874/1497 1467/2823/1471 1488/2863/1492
f 1490/2872/1494 1468/2824/1472 1494/2875/1498
f 1442/2877/1446 1444/2878/1448 1495/2879/1499
f 1409/2880/1413 1496/2881/1500 1445/1854/1449
f 1495/2879/1499 1444/2878/1448 1497/2882/1501
f 1498/2883/1502 1468/2824/1472 1408/2712/1412
f 1496/2884/1500 1140/2885/1144 1445/2886/1449
f 1469/2887/1473 1444/2780/1448 1045/1773/1049
f 931/1844/933 1446/2782/1450 1384/2888/1388
f 1284/2569/1288 1499/2889/1503 1395/2783/1399
f 1104/2480/1108 1447/2784/1451 1446/2890/1450
f 1395/2685/1399 1410/2722/1414 1326/2482/1330
f 1390/2673/1394 1471/2834/1475 1451/2789/1455
f 1390/2673/1394 1420/2738/1424 1471/2834/1475
f 1424/2891/1428 1500/2892/1504 1399/2694/1403
f 1423/2893/1427 1421/2739/1425 1501/2894/1505
f 1421/2739/1425 1451/2789/1455 1502/2895/1506
f 1471/2834/1475 1425/2744/1429 1503/2896/1507
f 1452/2793/1456 1504/2897/1508 1422/2740/1426
f 1504/2898/1508 1453/2704/1457 1422/2899/1426
f 1425/2744/1429 1454/2799/1458 1503/2896/1507
f 1505/2900/1509 1506/1927/1510 1453/2901/1457
f 1507/2902/1511 1506/2903/1510 1505/2904/1509
f 1363/2905/1367 1377/2697/1381 1508/2906/1512
f 1377/2697/1381 1378/2644/1382 1508/2906/1512
f 1426/2745/1430 1509/2907/1513 1228/2319/1232
f 1510/2908/1514 1125/2699/1129 1317/2447/1321
f 1057/1791/1061 1058/2322/1062 1473/2909/1477
f 1379/2645/1383 1430/2749/1434 1333/2504/1337
f 899/1501/901 1201/2910/1205 1476/2841/1480
f 1001/2911/1005 1274/100/1278 1511/2912/1515
f 1367/2612/1371 1512/2913/1516 1095/2678/1099
f 1274/2339/1278 1513/2914/1517 1511/2915/1515
f 1292/2400/1296 1130/1959/1134 1478/2844/1482
f 1480/2846/1484 1392/2916/1396 1277/2405/1281
f 1514/2917/1518 1434/2918/1438 1392/2919/1396
f 1438/2765/1442 1515/2920/1519 1462/2921/1466
f 1464/2922/1468 1516/2923/1520 1463/2924/1467
f 1516/2923/1520 1464/2922/1468 1517/2925/1521
f 1404/2705/1408 1484/2926/1488 1337/2525/1341
f 1484/2927/1488 1518/2928/1522 1519/2929/1523
f 1484/2854/1488 1520/2930/1524 1405/2855/1409
f 1369/2616/1373 1370/2654/1374 1521/2931/1525
f 1484/2927/1488 1519/2929/1523 1442/2932/1446
f 1484/2854/1488 1522/2933/1526 1520/2930/1524
f 1466/2822/1470 1406/2771/1410 1405/2770/1409
f 1441/2934/1445 1489/2935/1493 1523/2936/1527
f 1441/2768/1445 1486/2861/1490 1489/2871/1493
f 1489/2864/1493 1524/2937/1528 1523/2938/1527
f 1484/2939/1488 1469/2940/1473 1522/2941/1526
f 1466/2822/1470 1405/2770/1409 1487/2862/1491
f 1487/2868/1491 1525/2942/1529 1492/2869/1496
f 1489/2864/1493 1491/2866/1495 1524/2937/1528
f 1484/2939/1488 1442/2943/1446 1469/2940/1473
f 1485/2944/1489 1526/2945/1530 1409/2946/1413
f 1442/2947/1446 1519/2948/1523 1254/2949/1258
f 1526/2945/1530 1527/2950/1531 1409/2946/1413
f 1492/2951/1496 1528/2952/1532 1493/2953/1497
f 1494/2954/1498 1529/2955/1533 1491/2956/1495
f 1254/2285/1258 1519/2957/1523 1469/2825/1473
f 1442/2958/1446 1495/2959/1499 1469/2960/1473
f 1496/2961/1500 1527/2950/1531 1530/2962/1534
f 1409/2946/1413 1527/2950/1531 1496/2961/1500
f 1468/2824/1472 1531/2963/1535 1494/2875/1498
f 1498/2964/1502 1531/2965/1535 1468/2966/1472
f 1496/2967/1500 1530/2968/1534 1531/2969/1535
f 1495/2970/1499 1497/2971/1501 1467/2972/1471
f 1467/2973/1471 1497/2974/1501 1443/2975/1447
f 1444/2780/1448 1469/2887/1473 1532/2976/1536
f 1444/2780/1448 1532/2976/1536 1497/2977/1501
f 1497/2977/1501 1533/2978/1537 1443/2979/1447
f 1443/2773/1447 1533/2980/1537 1534/2981/1538
f 1535/2982/1539 1531/2983/1535 1408/2984/1412
f 1498/2985/1502 1408/297/1412 1531/2986/1535
f 1531/2987/1535 1140/2988/1144 1496/2989/1500
f 1535/2990/1539 1408/2720/1412 1536/2991/1540
f 1537/2992/1541 1295/2566/1299 1324/2993/1328
f 1354/2564/1358 1295/2566/1299 1537/2992/1541
f 1235/2231/1239 1340/2528/1344 1447/2784/1451
f 1372/2667/1376 1538/2994/1542 1219/2995/1223
f 1539/2996/1543 1540/2997/1544 1449/2998/1453
f 1412/2999/1416 1539/2996/1543 1449/2998/1453
f 1399/2694/1403 1500/2892/1504 1452/2793/1456
f 1500/2892/1504 1424/2891/1428 1423/3000/1427
f 1451/2789/1455 1471/2834/1475 1502/2895/1506
f 1453/3001/1457 1504/2897/1508 1505/2904/1509
f 1500/2892/1504 1505/2904/1509 1452/2793/1456
f 1502/2895/1506 1541/3002/1545 1542/3003/1546
f 1454/2799/1458 1541/3002/1545 1502/2895/1506
f 1503/2896/1507 1454/2799/1458 1502/2895/1506
f 1543/3004/1547 1506/3005/1510 1507/3006/1511
f 1455/2800/1459 1544/3007/1548 1361/2598/1365
f 1361/3008/1365 1544/3009/1548 1364/2641/1368
f 1378/2644/1382 1472/2837/1476 1508/2906/1512
f 1315/2445/1319 1345/2547/1349 1545/3010/1549
f 1228/2319/1232 1546/3011/1550 1401/2698/1405
f 1316/3012/1320 1547/3013/1551 1345/2547/1349
f 1346/2549/1350 1429/2748/1433 1548/3014/1552
f 942/1569/944 1476/2841/1480 1427/2746/1431
f 1391/2843/1395 1430/2749/1434 1456/3015/1460
f 1273/2650/1277 1456/3015/1460 1321/2462/1325
f 1230/2214/1234 1549/3016/1553 1091/2215/1095
f 1478/3017/1482 1130/3018/1134 1550/3019/1554
f 1274/3020/1278 1347/3021/1351 1513/3022/1517
f 1347/2552/1351 1252/2273/1256 1551/3023/1555
f 1459/3024/1463 1552/3025/1556 1393/3026/1397
f 1434/2759/1438 1553/3027/1557 1432/2757/1436
f 1553/3027/1557 1554/3028/1558 1432/2757/1436
f 1459/2810/1463 1481/2847/1485 1552/3029/1556
f 1439/2766/1443 1482/2849/1486 1481/2847/1485
f 1461/2848/1465 1555/3030/1559 1436/2818/1440
f 1436/2818/1440 1555/3030/1559 1464/2817/1468
f 1555/3030/1559 1517/3031/1521 1464/2817/1468
f 1555/3030/1559 1556/3032/1560 1517/3031/1521
f 1515/2920/1519 1557/3033/1561 1462/2921/1466
f 1438/2765/1442 1440/2852/1444 1558/3034/1562
f 1463/3035/1467 1484/2926/1488 1404/2705/1408
f 1515/2920/1519 1558/3034/1562 1557/3033/1561
f 1515/2920/1519 1438/2765/1442 1558/3034/1562
f 1369/3036/1373 1521/3037/1525 1559/3038/1563
f 1405/2855/1409 1560/3039/1564 1487/2868/1491
f 1487/2868/1491 1560/3039/1564 1525/2942/1529
f 1491/2866/1495 1561/3040/1565 1524/2937/1528
f 1492/2951/1496 1562/3041/1566 1528/2952/1532
f 1491/2866/1495 1529/3042/1533 1561/3040/1565
f 1493/3043/1497 1528/3044/1532 1563/3045/1567
f 1494/2954/1498 1561/3046/1565 1529/2955/1533
f 1494/2954/1498 1564/3047/1568 1561/3046/1565
f 1493/3048/1497 1563/3049/1567 1467/3050/1471
f 1531/3051/1535 1564/3047/1568 1494/2954/1498
f 1531/3052/1535 1530/1620/1534 1564/3053/1568
f 1140/1979/1144 1565/3054/1569 1370/2654/1374
f 1532/2976/1536 1566/3055/1570 1497/2977/1501
f 1497/2977/1501 1566/3055/1570 1533/2978/1537
f 1531/2983/1535 1535/2982/1539 1567/3056/1571
f 1531/2983/1535 1567/3056/1571 1140/3057/1144
f 1443/2773/1447 1353/3058/1357 1394/2779/1398
f 1536/2991/1540 1537/2992/1541 1568/3059/1572
f 1537/3060/1541 1536/3061/1540 1354/3062/1358
f 1324/2993/1328 1353/3058/1357 1568/3059/1572
f 1324/2993/1328 1568/3059/1572 1537/2992/1541
f 1569/3063/1573 1448/2785/1452 1339/2527/1343
f 1325/2481/1329 1219/2190/1223 1570/3064/1574
f 1106/3065/1110 1571/3066/1575 1385/2664/1389
f 1386/2665/1390 1539/2996/1543 1412/2999/1416
f 1423/2893/1427 1501/2894/1505 1572/3067/1576
f 1421/3068/1425 1502/3069/1506 1501/3070/1505
f 1502/2895/1506 1542/3003/1546 1501/2894/1505
f 1471/2834/1475 1503/2896/1507 1502/2895/1506
f 1500/2892/1504 1423/3000/1427 1505/2904/1509
f 1504/2897/1508 1452/2793/1456 1505/2904/1509
f 1572/3071/1576 1507/3072/1511 1423/3073/1427
f 1423/3000/1427 1507/2902/1511 1505/2904/1509
f 1573/3074/1577 1541/3002/1545 1543/3075/1547
f 1506/3076/1510 1455/2800/1459 1453/2836/1457
f 1543/3077/1547 1541/3078/1545 1506/3079/1510
f 1363/2905/1367 1508/2906/1512 1400/3080/1404
f 1544/3009/1548 1426/2745/1430 1364/2641/1368
f 1426/2745/1430 1574/3081/1578 1509/2907/1513
f 1315/2445/1319 1545/3010/1549 1472/2837/1476
f 1317/2447/1321 1401/2698/1405 1510/2908/1514
f 1316/2446/1320 1057/1791/1061 1473/2909/1477
f 1510/2908/1514 1379/2645/1383 1125/2699/1129
f 1346/2549/1350 1548/3014/1552 1473/2838/1477
f 1575/3082/1579 1429/2748/1433 1321/2462/1325
f 1176/2210/1180 1477/2842/1481 1457/2803/1461
f 1380/2646/1384 1576/3083/1580 1200/2144/1204
f 1001/1692/1005 1511/2915/1515 1577/3084/1581
f 1230/2214/1234 1403/3085/1407 1549/3016/1553
f 1095/1882/1099 1512/3086/1516 1293/2403/1297
f 1478/2844/1482 1550/3087/1554 1348/2553/1352
f 1347/2552/1351 1551/3023/1555 1578/3088/1582
f 1347/2552/1351 1578/3088/1582 1513/3089/1517
f 1480/3090/1484 1479/3091/1483 1392/2806/1396
f 1481/2847/1485 1554/3028/1558 1552/3029/1556
f 1432/2757/1436 1554/3028/1558 1461/2848/1465
f 1481/2847/1485 1482/2849/1486 1554/3028/1558
f 1554/3028/1558 1482/2849/1486 1579/3092/1583
f 1579/3092/1583 1483/2850/1487 1461/2848/1465
f 1483/2850/1487 1579/3092/1583 1482/2849/1486
f 1483/3093/1487 1555/3094/1559 1461/3095/1465
f 1483/2850/1487 1462/2921/1466 1555/3030/1559
f 1557/3096/1561 1558/2860/1562 1580/3097/1584
f 1463/3098/1467 1516/3099/1520 1560/3100/1564
f 1484/3101/1488 1463/3098/1467 1560/3100/1564
f 1516/3099/1520 1581/3102/1585 1560/3100/1564
f 1440/2852/1444 1369/3103/1373 1558/3034/1562
f 1484/3104/1488 1560/3105/1564 1518/3106/1522
f 1405/2855/1409 1520/2930/1524 1560/3039/1564
f 1441/2934/1445 1523/2936/1527 1485/3107/1489
f 1525/3108/1529 1562/3041/1566 1492/2951/1496
f 1370/2654/1374 1565/3054/1569 1521/2931/1525
f 1495/2959/1499 1563/3049/1567 1469/2960/1473
f 1467/3050/1471 1563/3049/1567 1495/2959/1499
f 1582/3109/1586 1583/3110/1587 1535/2982/1539
f 1583/3110/1587 1584/3111/1588 1535/2982/1539
f 1533/2978/1537 1566/3055/1570 1583/3112/1587
f 1533/2980/1537 1583/3113/1587 1534/2981/1538
f 1582/3114/1586 1534/3115/1538 1583/3116/1587
f 1582/3117/1586 1535/2990/1539 1534/2981/1538
f 1567/3056/1571 1565/3118/1569 1140/3057/1144
f 1535/2990/1539 1536/2991/1540 1534/2981/1538
f 1534/2981/1538 1353/3058/1357 1443/2773/1447
f 1408/2720/1412 1354/2564/1358 1536/2991/1540
f 1568/3059/1572 1534/2981/1538 1536/2991/1540
f 1284/2569/1288 1470/3119/1474 1499/2889/1503
f 1340/3120/1344 1449/3121/1453 1585/3122/1589
f 1449/3123/1453 1540/3124/1544 1585/3125/1589
f 1219/2995/1223 1538/2994/1542 1586/3126/1590
f 1385/2664/1389 1539/2996/1543 1386/2665/1390
f 1501/2894/1505 1573/3074/1577 1572/3067/1576
f 1501/2894/1505 1542/3003/1546 1573/3074/1577
f 1572/3067/1576 1573/3074/1577 1507/3127/1511
f 1573/3074/1577 1543/3075/1547 1507/3127/1511
f 1541/3002/1545 1573/3074/1577 1542/3003/1546
f 1454/2835/1458 1400/2696/1404 1541/3128/1545
f 1541/3128/1545 1587/3129/1591 1506/3076/1510
f 1544/3009/1548 1574/3081/1578 1426/2745/1430
f 1345/2547/1349 1588/3130/1592 1545/3010/1549
f 1456/3015/1460 1575/3082/1579 1321/2462/1325
f 1267/2328/1271 1177/3131/1181 1589/3132/1593
f 1348/2553/1352 1590/3133/1594 1349/2554/1353
f 1252/2273/1256 1293/2403/1297 1591/3134/1595
f 1252/2273/1256 1591/3134/1595 1551/3023/1555
f 1479/3091/1483 1514/3135/1518 1392/2806/1396
f 1479/3091/1483 1393/2807/1397 1592/3136/1596
f 1592/3136/1596 1393/2807/1397 1552/3029/1556
f 1514/3135/1518 1553/3027/1557 1434/2759/1438
f 1554/3028/1558 1553/3027/1557 1552/3029/1556
f 1554/3028/1558 1579/3092/1583 1461/2848/1465
f 1555/3030/1559 1593/3137/1597 1594/3138/1598
f 1555/3030/1559 1462/2921/1466 1593/3137/1597
f 1555/3030/1559 1594/3138/1598 1556/3032/1560
f 1557/3033/1561 1593/3137/1597 1462/2921/1466
f 1516/2923/1520 1517/2925/1521 1595/3139/1599
f 1516/3099/1520 1595/3140/1599 1581/3102/1585
f 1596/3141/1600 1580/3142/1584 1558/3143/1562
f 1596/3141/1600 1558/3143/1562 1524/3144/1528
f 1558/3145/1562 1369/3036/1373 1559/3038/1563
f 1518/3146/1522 1560/3147/1564 1522/3148/1526
f 1558/3143/1562 1559/3149/1563 1524/3144/1528
f 1518/2928/1522 1522/3150/1526 1519/2929/1523
f 1522/2933/1526 1560/3039/1564 1520/2930/1524
f 1524/3144/1528 1559/3149/1563 1485/3151/1489
f 1559/3152/1563 1526/2945/1530 1485/2944/1489
f 1523/2936/1527 1524/2392/1528 1485/3107/1489
f 1521/3153/1525 1526/3154/1530 1559/3155/1563
f 1522/3156/1526 1469/3157/1473 1519/3158/1523
f 1526/2945/1530 1565/3159/1569 1527/2950/1531
f 1565/3160/1569 1526/3154/1530 1521/3153/1525
f 1528/3044/1532 1562/3161/1566 1563/3045/1567
f 1527/3162/1531 1565/3163/1569 1530/3164/1534
f 1530/3165/1534 1565/3166/1569 1564/3167/1568
f 1469/3168/1473 1563/3169/1567 1532/3170/1536
f 1563/3169/1567 1566/3171/1570 1532/3170/1536
f 1535/2982/1539 1584/3111/1588 1567/3056/1571
f 1534/2981/1538 1568/3059/1572 1353/3058/1357
f 1339/2527/1343 1384/2662/1388 1569/3063/1573
f 1385/2664/1389 1597/3172/1601 1539/2996/1543
f 1455/2800/1459 1598/3173/1602 1544/3007/1548
f 1541/3128/1545 1599/3174/1603 1587/3129/1591
f 1400/2696/1404 1599/3174/1603 1541/3128/1545
f 1400/3080/1404 1508/2906/1512 1600/3175/1604
f 1508/2906/1512 1472/2837/1476 1600/3175/1604
f 1429/2748/1433 1575/3082/1579 1548/3014/1552
f 1199/2142/1203 1332/2801/1336 1477/3176/1481
f 1200/2144/1204 1576/3083/1580 1126/1952/1130
f 1577/3084/1581 1511/2915/1515 1601/3177/1605
f 1511/2915/1515 1513/2914/1517 1601/3177/1605
f 1349/2554/1353 1590/3133/1594 1403/2753/1407
f 1479/3091/1483 1592/3136/1596 1514/3135/1518
f 1594/3178/1598 1593/2044/1597 1602/3179/1606
f 1593/3137/1597 1557/3033/1561 1602/3180/1606
f 1594/3181/1598 1602/3182/1606 1556/3183/1560
f 1557/3096/1561 1580/3097/1584 1603/3184/1607
f 1596/3185/1600 1524/3186/1528 1580/3187/1584
f 1581/3102/1585 1525/3188/1529 1560/3100/1564
f 1581/3102/1585 1595/3140/1599 1525/3188/1529
f 1524/3189/1528 1561/3190/1565 1580/3191/1584
f 1604/3192/1608 1562/3193/1566 1525/3188/1529
f 1561/3194/1565 1584/3195/1588 1604/3192/1608
f 1604/3192/1608 1583/3196/1587 1562/3193/1566
f 1584/3195/1588 1583/3196/1587 1604/3192/1608
f 1561/3194/1565 1564/3197/1568 1584/3195/1588
f 1562/3193/1566 1583/3196/1587 1563/3169/1567
f 1565/3198/1569 1584/3195/1588 1564/3197/1568
f 1565/3198/1569 1567/3199/1571 1584/3195/1588
f 1566/3171/1570 1563/3169/1567 1583/3196/1587
f 1340/2528/1344 1585/3125/1589 1447/2784/1451
f 1448/2785/1452 1571/3200/1575 1106/1912/1110
f 1219/2190/1223 1586/3201/1590 1570/3064/1574
f 1506/3076/1510 1587/3129/1591 1455/2800/1459
f 1472/2837/1476 1545/3010/1549 1605/3202/1609
f 1316/3012/1320 1473/2838/1477 1547/3013/1551
f 1606/3203/1610 1430/2749/1434 1379/2645/1383
f 1607/3204/1611 1456/3205/1460 1430/3206/1434
f 1474/2839/1478 1266/2327/1270 1428/2747/1432
f 1201/2146/1205 1458/2804/1462 1476/3207/1480
f 1576/3083/1580 1608/3208/1612 1126/1952/1130
f 1609/3209/1613 1591/3134/1595 1293/2403/1297
f 1551/3023/1555 1591/3134/1595 1578/3088/1582
f 1578/3088/1582 1601/3210/1605 1513/3089/1517
f 1348/2553/1352 1610/3211/1614 1590/3133/1594
f 1514/3135/1518 1592/3136/1596 1553/3027/1557
f 1592/3136/1596 1552/3029/1556 1553/3027/1557
f 1602/3212/1606 1557/3096/1561 1603/3184/1607
f 1602/3212/1606 1611/3213/1615 1556/3214/1560
f 1517/3215/1521 1556/3214/1560 1611/3213/1615
f 1580/3216/1584 1561/3217/1565 1612/3218/1616
f 1604/3192/1608 1613/3219/1617 1561/3194/1565
f 1325/2481/1329 1570/3064/1574 1470/2830/1474
f 1455/3220/1459 1614/3221/1618 1598/3222/1602
f 1455/3220/1459 1587/3223/1591 1614/3221/1618
f 1400/3080/1404 1600/3175/1604 1599/3224/1603
f 1544/3009/1548 1598/3222/1602 1574/3081/1578
f 1600/3175/1604 1472/2837/1476 1605/3202/1609
f 1588/3130/1592 1345/2547/1349 1547/3013/1551
f 1548/3014/1552 1615/3225/1619 1473/2838/1477
f 1607/3226/1611 1616/3227/1620 1456/3015/1460
f 1332/2801/1336 1427/2746/1431 1617/3228/1621
f 1175/2077/1179 1475/2840/1479 1380/2646/1384
f 1267/2328/1271 1589/3132/1593 1428/2747/1432
f 1091/2215/1095 1549/3016/1553 1402/2701/1406
f 1591/3134/1595 1618/3229/1622 1578/3088/1582
f 1561/3194/1565 1613/3219/1617 1612/3230/1616
f 1619/3231/1623 1587/3129/1591 1599/3174/1603
f 1600/3175/1604 1605/3202/1609 1599/3224/1603
f 1401/2698/1405 1546/3011/1550 1510/2908/1514
f 1606/3203/1610 1607/3226/1611 1430/2749/1434
f 1616/3227/1620 1575/3082/1579 1456/3015/1460
f 1591/3134/1595 1609/3209/1613 1618/3229/1622
f 1620/3232/1624 1517/3233/1521 1611/3234/1615
f 1595/3235/1599 1517/3233/1521 1620/3232/1624
f 1525/3188/1529 1595/3140/1599 1604/3192/1608
f 1595/3140/1599 1613/3219/1617 1604/3192/1608
f 1411/2832/1415 1621/3236/1625 1414/2731/1418
f 1587/3223/1591 1622/3237/1626 1614/3221/1618
f 1598/3222/1602 1614/3221/1618 1623/3238/1627
f 1614/3221/1618 1622/3237/1626 1623/3238/1627
f 1599/3224/1603 1605/3202/1609 1624/3239/1628
f 1598/3222/1602 1623/3238/1627 1574/3081/1578
f 1623/3238/1627 1509/2907/1513 1574/3081/1578
f 1605/3202/1609 1545/3010/1549 1624/3239/1628
f 1509/2907/1513 1546/3011/1550 1228/2319/1232
f 1547/3013/1551 1473/2838/1477 1625/3240/1629
f 1510/2908/1514 1626/3241/1630 1379/2645/1383
f 1626/3241/1630 1606/3203/1610 1379/2645/1383
f 1627/3242/1631 1427/2746/1431 1476/2841/1480
f 1293/2403/1297 1512/3086/1516 1609/3209/1613
f 1590/3243/1594 1610/3244/1614 1403/3245/1407
f 1628/3246/1632 1601/3247/1605 1578/2630/1582
f 1611/3213/1615 1602/3212/1606 1603/3184/1607
f 1603/3184/1607 1580/3097/1584 1629/3248/1633
f 1384/2888/1388 1630/3249/1634 1569/3250/1573
f 1631/3251/1635 1632/3252/1636 1384/2888/1388
f 1384/2888/1388 1446/2782/1450 1631/3251/1635
f 1414/2731/1418 1633/3253/1637 1372/2667/1376
f 1587/3223/1591 1619/3254/1623 1634/3255/1638
f 1599/3224/1603 1635/3256/1639 1619/3254/1623
f 1587/3257/1591 1634/3258/1638 1622/3259/1626
f 1634/3258/1638 1636/3260/1640 1622/3259/1626
f 1636/3260/1640 1637/3261/1641 1622/3259/1626
f 1623/3238/1627 1637/3262/1641 1509/2907/1513
f 1637/3262/1641 1638/3263/1642 1509/2907/1513
f 1545/3010/1549 1639/3264/1643 1624/3239/1628
f 1546/3011/1550 1626/3241/1630 1510/2908/1514
f 1625/3240/1629 1473/2838/1477 1615/3225/1619
f 1607/3226/1611 1640/3265/1644 1616/3227/1620
f 1247/2451/1251 1474/2839/1478 1475/3266/1479
f 1126/2465/1130 1641/3267/1645 1130/1959/1134
f 1580/3216/1584 1612/3218/1616 1629/3268/1633
f 1642/3269/1646 1613/3219/1617 1595/3140/1599
f 1384/2888/1388 1632/3252/1636 1630/3249/1634
f 1569/3063/1573 1630/3270/1634 1448/2785/1452
f 1585/3125/1589 1643/3271/1647 1447/2784/1451
f 1448/2785/1452 1644/3272/1648 1571/3200/1575
f 1571/3066/1575 1597/3172/1601 1385/2664/1389
f 1635/3256/1639 1599/3224/1603 1645/3273/1649
f 1622/3237/1626 1637/3262/1641 1623/3238/1627
f 1545/3010/1549 1588/3130/1592 1639/3264/1643
f 1646/3274/1650 1626/3241/1630 1546/3011/1550
f 1625/3240/1629 1615/3225/1619 1548/3014/1552
f 1616/3227/1620 1548/3014/1552 1575/3082/1579
f 1380/2646/1384 1475/2840/1479 1647/3275/1651
f 1001/1692/1005 1577/3084/1581 1458/2804/1462
f 1608/3208/1612 1641/3276/1645 1126/1952/1130
f 1550/3087/1554 1648/3277/1652 1348/2553/1352
f 1611/3213/1615 1603/3184/1607 1649/3278/1653
f 1603/3184/1607 1629/3248/1633 1649/3278/1653
f 1611/3279/1615 1649/3280/1653 1620/3281/1624
f 1612/3230/1616 1613/3219/1617 1642/3269/1646
f 1650/3282/1654 1410/2722/1414 1395/2685/1399
f 1446/2890/1450 1447/2784/1451 1631/3283/1635
f 1643/3271/1647 1631/3283/1635 1447/2784/1451
f 1633/3253/1637 1538/2994/1542 1372/2667/1376
f 1619/3254/1623 1635/3256/1639 1634/3255/1638
f 1634/3255/1638 1635/3256/1639 1636/3284/1640
f 1635/3256/1639 1645/3273/1649 1636/3284/1640
f 1636/3260/1640 1651/3285/1655 1637/3261/1641
f 1599/3224/1603 1624/3239/1628 1645/3273/1649
f 1637/3261/1641 1651/3285/1655 1638/3286/1642
f 1639/3287/1643 1652/2516/1656 1624/3288/1628
f 1509/2907/1513 1638/3263/1642 1653/3289/1657
f 1588/3130/1592 1654/3290/1658 1639/3264/1643
f 1509/2907/1513 1646/3274/1650 1546/3011/1550
f 1547/3013/1551 1625/3240/1629 1588/3130/1592
f 1646/3274/1650 1640/3265/1644 1626/3241/1630
f 1640/3265/1644 1606/3203/1610 1626/3241/1630
f 1607/3226/1611 1606/3203/1610 1640/3265/1644
f 1655/3291/1659 1548/3014/1552 1616/3227/1620
f 1177/2700/1181 1402/2701/1406 1589/3292/1593
f 1130/1959/1134 1641/3267/1645 1550/3087/1554
f 1550/3087/1554 1641/3267/1645 1648/3277/1652
f 1649/3280/1653 1642/3269/1646 1620/3281/1624
f 1649/3280/1653 1629/3293/1633 1642/3269/1646
f 1620/3281/1624 1642/3269/1646 1595/3140/1599
f 1612/3230/1616 1642/3269/1646 1629/3293/1633
f 1499/2889/1503 1650/3294/1654 1395/2783/1399
f 1652/3295/1656 1645/3273/1649 1624/3239/1628
f 1638/3286/1642 1651/3285/1655 1653/3296/1657
f 1639/3264/1643 1654/3290/1658 1652/3295/1656
f 1653/3289/1657 1646/3274/1650 1509/2907/1513
f 1656/3297/1660 1640/3265/1644 1646/3274/1650
f 1625/3240/1629 1548/3014/1552 1657/3298/1661
f 1655/3291/1659 1616/3227/1620 1640/3265/1644
f 1475/2840/1479 1474/3299/1478 1658/3300/1662
f 1476/3207/1480 1659/3301/1663 1627/3302/1631
f 1380/2646/1384 1647/3275/1651 1576/3083/1580
f 1476/3207/1480 1458/2804/1462 1659/3301/1663
f 1512/3086/1516 1618/3229/1622 1609/3209/1613
f 1660/3303/1664 1411/2832/1415 1410/3304/1414
f 1661/3305/1665 1571/3066/1575 1644/3306/1648
f 1636/3284/1640 1645/3273/1649 1651/3307/1655
f 1645/3273/1649 1652/3295/1656 1651/3307/1655
f 1651/3285/1655 1656/3308/1660 1653/3296/1657
f 1588/3130/1592 1625/3240/1629 1654/3290/1658
f 1653/3289/1657 1656/3297/1660 1646/3274/1650
f 1654/3290/1658 1625/3240/1629 1657/3298/1661
f 1662/3309/1666 1663/3310/1667 1656/3311/1660
f 1656/3312/1660 1663/3313/1667 1640/3314/1644
f 1548/1861/1552 1655/3315/1659 1663/3316/1667
f 1663/3317/1667 1655/3291/1659 1640/3265/1644
f 1402/2701/1406 1549/3016/1553 1664/3318/1668
f 1549/3319/1553 1403/3320/1407 1610/3321/1614
f 1630/3270/1634 1644/3272/1648 1448/2785/1452
f 1650/3282/1654 1660/3322/1664 1410/2722/1414
f 1660/3303/1664 1621/3236/1625 1411/2832/1415
f 1651/3307/1655 1652/3295/1656 1656/3297/1660
f 1652/3295/1656 1654/3290/1658 1657/3298/1661
f 1656/3323/1660 1548/2096/1552 1662/3324/1666
f 1662/3309/1666 1548/3325/1552 1663/3310/1667
f 1627/3242/1631 1617/3228/1621 1427/2746/1431
f 1475/2840/1479 1658/3300/1662 1647/3275/1651
f 1665/3326/1669 1367/2612/1371 1457/2803/1461
f 1458/2804/1462 1577/3084/1581 1666/3327/1670
f 1577/3084/1581 1601/3177/1605 1667/3328/1671
f 1618/3229/1622 1668/3329/1672 1578/3088/1582
f 1578/3088/1582 1668/3329/1672 1628/3330/1632
f 1470/2830/1474 1570/3064/1574 1669/3331/1673
f 1643/3271/1647 1585/3125/1589 1670/3332/1674
f 1586/3201/1590 1669/3331/1673 1570/3064/1574
f 1621/3236/1625 1633/3253/1637 1414/2731/1418
f 1652/3295/1656 1657/3298/1661 1656/3297/1660
f 1671/3333/1675 1548/3014/1552 1656/3297/1660
f 1657/3298/1661 1548/3014/1552 1671/3333/1675
f 1477/2842/1481 1672/3334/1676 1457/2803/1461
f 1576/3083/1580 1673/3335/1677 1608/3208/1612
f 1470/2830/1474 1669/3331/1673 1499/3336/1503
f 1643/3271/1647 1670/3332/1674 1631/3283/1635
f 1585/3125/1589 1540/3124/1544 1670/3332/1674
f 1539/2996/1543 1674/3337/1678 1540/2997/1544
f 1657/3298/1661 1671/3333/1675 1656/3297/1660
f 1627/3242/1631 1675/3338/1679 1617/3228/1621
f 1576/3083/1580 1647/3275/1651 1676/3339/1680
f 1348/2553/1352 1648/3277/1652 1677/3340/1681
f 1348/2553/1352 1677/3340/1681 1610/3211/1614
f 1499/2889/1503 1678/3341/1682 1650/3294/1654
f 1669/3331/1673 1679/3342/1683 1499/3336/1503
f 1586/3201/1590 1538/3343/1542 1669/3331/1673
f 1332/2801/1336 1617/3228/1621 1477/3176/1481
f 1647/3275/1651 1658/3300/1662 1680/3344/1684
f 1681/3345/1685 1512/2913/1516 1367/2612/1371
f 1618/3229/1622 1512/3086/1516 1682/3346/1686
f 1678/3347/1682 1660/3348/1664 1650/3349/1654
f 1660/3303/1664 1683/3350/1687 1621/3236/1625
f 1571/3066/1575 1661/3305/1665 1597/3172/1601
f 1457/2803/1461 1672/3334/1676 1665/3326/1669
f 1669/3331/1673 1538/3343/1542 1684/3351/1688
f 1540/2997/1544 1685/3352/1689 1670/3353/1674
f 1674/3337/1678 1685/3352/1689 1540/2997/1544
f 1686/3354/1690 1659/3301/1663 1458/2804/1462
f 1367/2612/1371 1665/3326/1669 1681/3345/1685
f 1549/3016/1553 1687/3355/1691 1664/3318/1668
f 1679/3356/1683 1688/3357/1692 1499/2889/1503
f 1632/3358/1636 1644/3359/1648 1630/3360/1634
f 1631/3283/1635 1670/3332/1674 1689/3361/1693
f 1660/3362/1664 1690/3363/1694 1683/3364/1687
f 1691/3365/1695 1674/3337/1678 1597/3172/1601
f 1597/3172/1601 1674/3337/1678 1539/2996/1543
f 1474/2839/1478 1428/2747/1432 1658/3366/1662
f 1617/3228/1621 1692/3367/1696 1477/3176/1481
f 1402/2701/1406 1693/3368/1697 1589/3292/1593
f 1402/2701/1406 1664/3318/1668 1693/3368/1697
f 1458/2804/1462 1666/3327/1670 1686/3354/1690
f 1610/3369/1614 1694/3370/1698 1549/3016/1553
f 1610/3369/1614 1677/3371/1681 1694/3370/1698
f 1499/2889/1503 1688/3357/1692 1678/3341/1682
f 1678/3372/1682 1690/3373/1694 1660/626/1664
f 1679/3374/1683 1669/3375/1673 1684/3376/1688
f 1631/3377/1635 1689/3378/1693 1695/3379/1699
f 1644/3359/1648 1632/3358/1636 1661/3380/1665
f 1670/3381/1674 1685/3382/1689 1689/3378/1693
f 1683/3350/1687 1633/3253/1637 1621/3236/1625
f 1428/2747/1432 1696/3383/1700 1658/3366/1662
f 1549/3016/1553 1694/3370/1698 1687/3355/1691
f 1667/3328/1671 1601/3177/1605 1628/3384/1632
f 1684/3376/1688 1688/3385/1692 1679/3374/1683
f 1597/3172/1601 1661/3305/1665 1691/3365/1695
f 1691/3386/1695 1685/3382/1689 1674/3387/1678
f 1633/3253/1637 1697/3388/1701 1538/2994/1542
f 1538/3389/1542 1697/3390/1701 1684/3376/1688
f 1628/3384/1632 1698/3391/1702 1667/3328/1671
f 1631/3251/1635 1699/3392/1703 1632/3252/1636
f 1695/3393/1699 1699/3392/1703 1631/3251/1635
f 1632/3358/1636 1691/3386/1695 1661/3380/1665
f 1633/3394/1637 1683/3364/1687 1697/3390/1701
f 1672/3334/1676 1700/3395/1704 1665/3326/1669
f 1512/2913/1516 1681/3345/1685 1682/3396/1686
f 1608/3208/1612 1701/3397/1705 1641/3276/1645
f 1648/3277/1652 1702/3398/1706 1677/3340/1681
f 1678/3399/1682 1703/3400/1707 1690/3363/1694
f 1688/3385/1692 1684/3376/1688 1697/3390/1701
f 1695/3379/1699 1689/3378/1693 1699/3401/1703
f 1689/3378/1693 1685/3382/1689 1691/3386/1695
f 1703/3400/1707 1683/3364/1687 1690/3363/1694
f 1703/3400/1707 1697/3390/1701 1683/3364/1687
f 1659/3402/1663 1704/3403/1708 1627/3242/1631
f 1576/3083/1580 1676/3339/1680 1673/3335/1677
f 1665/3326/1669 1700/3395/1704 1681/3345/1685
f 1673/3335/1677 1701/3397/1705 1608/3208/1612
f 1632/3358/1636 1699/3401/1703 1691/3386/1695
f 1688/3385/1692 1703/3400/1707 1678/3399/1682
f 1688/3385/1692 1697/3390/1701 1703/3400/1707
f 1699/3401/1703 1689/3378/1693 1691/3386/1695
f 1692/3367/1696 1617/3228/1621 1705/3404/1709
f 1675/3338/1679 1705/3404/1709 1617/3228/1621
f 1627/3242/1631 1704/3403/1708 1675/3338/1679
f 1680/3344/1684 1676/3339/1680 1647/3275/1651
f 1618/3229/1622 1682/3346/1686 1706/3405/1710
f 1641/3267/1645 1707/3406/1711 1648/3277/1652
f 1708/3407/1712 1696/3383/1700 1428/2747/1432
f 1709/3408/1713 1672/3334/1676 1477/2842/1481
f 1666/3327/1670 1577/3084/1581 1667/3328/1671
f 1428/2747/1432 1589/3132/1593 1708/3407/1712
f 1707/3406/1711 1702/3398/1706 1648/3277/1652
f 1658/3366/1662 1696/3383/1700 1710/3409/1714
f 1693/3368/1697 1664/3318/1668 1711/3410/1715
f 1641/3276/1645 1701/3397/1705 1707/3411/1711
f 1694/3370/1698 1677/3371/1681 1712/3412/1716
f 1710/3413/1714 1680/3344/1684 1658/3300/1662
f 1704/3403/1708 1659/3402/1663 1713/3414/1717
f 1589/3292/1593 1693/3368/1697 1711/3410/1715
f 1686/3354/1690 1666/3327/1670 1714/3415/1718
f 1681/3345/1685 1706/3416/1710 1682/3396/1686
f 1704/3403/1708 1715/3417/1719 1675/3338/1679
f 1687/3355/1691 1716/3418/1720 1664/3318/1668
f 1694/3370/1698 1712/3412/1716 1687/3355/1691
f 1628/3330/1632 1668/3329/1672 1698/3419/1702
f 1477/2842/1481 1692/3420/1696 1709/3408/1713
f 1672/3334/1676 1709/3408/1713 1700/3395/1704
f 1666/3327/1670 1667/3328/1671 1717/3421/1721
f 1696/3383/1700 1708/3407/1712 1718/3422/1722
f 1589/3132/1593 1719/3423/1723 1708/3407/1712
f 1659/3301/1663 1686/3354/1690 1713/3424/1717
f 1687/3355/1691 1712/3412/1716 1716/3418/1720
f 1589/3292/1593 1711/3410/1715 1719/3425/1723
f 1706/3405/1710 1668/3329/1672 1618/3229/1622
f 1675/3338/1679 1715/3417/1719 1705/3404/1709
f 1676/3339/1680 1710/3413/1714 1673/3335/1677
f 1700/3395/1704 1720/3426/1724 1681/3345/1685
f 1680/3344/1684 1710/3413/1714 1676/3339/1680
f 1709/3408/1713 1720/3426/1724 1700/3395/1704
f 1721/3427/1725 1722/3428/1726 1707/3429/1711
f 1707/3429/1711 1722/3428/1726 1702/3430/1706
f 1702/3430/1706 1723/3431/1727 1677/3432/1681
f 1724/3433/1728 1725/3434/1729 1668/3435/1672
f 1725/3434/1729 1726/3436/1730 1668/3435/1672
f 1727/3437/1731 1721/3438/1725 1707/3439/1711
f 1668/3435/1672 1726/3436/1730 1698/3440/1702
f 1702/3430/1706 1722/3428/1726 1723/3431/1727
f 1704/3403/1708 1713/3414/1717 1715/3417/1719
f 1686/3354/1690 1714/3415/1718 1713/3424/1717
f 1681/3345/1685 1720/3426/1724 1706/3416/1710
f 1677/3371/1681 1728/3441/1732 1712/3412/1716
f 1706/3442/1710 1729/3443/1733 1668/3435/1672
f 1677/3371/1681 1723/3444/1727 1728/3441/1732
f 1668/3435/1672 1729/3443/1733 1724/3433/1728
f 1698/3445/1702 1726/3446/1730 1730/3447/1734
f 1705/3404/1709 1731/3448/1735 1692/3367/1696
f 1673/3335/1677 1732/3449/1736 1701/3397/1705
f 1701/3450/1705 1727/3451/1731 1707/3452/1711
f 1725/3453/1729 1724/3454/1728 1733/3455/1737
f 1664/3318/1668 1716/3418/1720 1711/3410/1715
f 1701/3397/1705 1734/3456/1738 1727/3457/1731
f 1667/3328/1671 1698/3391/1702 1735/3458/1739
f 1725/3453/1729 1733/3455/1737 1726/3459/1730
f 1717/3421/1721 1736/3460/1740 1666/3327/1670
f 1722/3461/1726 1737/3462/1741 1723/3463/1727
f 1708/3407/1712 1719/3423/1723 1718/3422/1722
f 1666/3327/1670 1736/3460/1740 1714/3415/1718
f 1717/3421/1721 1738/3464/1742 1736/3460/1740
f 1732/3449/1736 1734/3456/1738 1701/3397/1705
f 1721/3438/1725 1739/3465/1743 1722/3461/1726
f 1710/3413/1714 1740/3466/1744 1673/3335/1677
f 1716/3418/1720 1712/3412/1716 1741/3467/1745
f 1706/3468/1710 1742/3469/1746 1729/3470/1733
f 1705/3404/1709 1715/3417/1719 1731/3448/1735
f 1716/3418/1720 1741/3467/1745 1743/3471/1747
f 1717/3421/1721 1667/3328/1671 1744/3472/1748
f 1735/3458/1739 1744/3472/1748 1667/3328/1671
f 1698/3391/1702 1745/3473/1749 1735/3458/1739
f 1730/3474/1734 1745/3475/1749 1698/3476/1702
f 1696/3383/1700 1718/3422/1722 1710/3409/1714
f 1673/3335/1677 1740/3466/1744 1732/3449/1736
f 1720/3426/1724 1746/3477/1750 1706/3416/1710
f 1716/3418/1720 1743/3471/1747 1747/3478/1751
f 1706/3416/1710 1746/3477/1750 1742/3479/1746
f 1734/3456/1738 1748/3480/1752 1727/3457/1731
f 1727/3437/1731 1748/3481/1752 1749/3482/1753
f 1727/3437/1731 1749/3482/1753 1721/3438/1725
f 1722/3461/1726 1739/3465/1743 1737/3462/1741
f 1709/3408/1713 1692/3420/1696 1731/3483/1735
f 1716/3418/1720 1747/3478/1751 1711/3410/1715
f 1720/3426/1724 1750/3484/1754 1746/3477/1750
f 1723/3444/1727 1751/3485/1755 1728/3441/1732
f 1723/3444/1727 1737/3486/1741 1751/3485/1755
f 1739/3465/1743 1752/3487/1756 1737/3462/1741
f 1753/3488/1757 1754/3489/1758 1755/3490/1759
f 1753/3488/1757 1756/3491/1760 1754/3489/1758
f 1753/3492/1757 1757/3493/1761 1756/3494/1760
f 1747/3478/1751 1758/3495/1762 1711/3410/1715
f 1756/3491/1760 1757/3496/1761 1759/3497/1763
f 1757/3496/1761 1753/3488/1757 1759/3497/1763
f 1760/3498/1764 1761/3499/1765 1762/3500/1766
f 1721/3438/1725 1749/3482/1753 1763/3501/1767
f 1710/3502/1714 1764/3503/1768 1740/3504/1744
f 1765/3505/1769 1766/3506/1770 1754/3489/1758
f 1767/3507/1771 1768/3508/1772 1769/3509/1773
f 1755/3490/1759 1754/3489/1758 1766/3506/1770
f 1766/3506/1770 1770/3510/1774 1755/3490/1759
f 1760/3498/1764 1762/3500/1766 1766/3506/1770
f 1766/3511/1770 1762/3512/1766 1770/3513/1774
f 1771/3514/1775 1772/3515/1776 1773/3516/1777
f 1770/3510/1774 1761/3499/1765 1755/3490/1759
f 1762/3512/1766 1761/3517/1765 1770/3513/1774
f 1773/3518/1777 1772/3519/1776 1774/3520/1778
f 1775/3521/1779 1761/3522/1765 1760/3523/1764
f 1720/3426/1724 1776/3524/1780 1750/3484/1754
f 1769/511/1773 1777/3525/1781 1778/3526/1782
f 1717/3421/1721 1744/3472/1748 1738/3464/1742
f 1728/3441/1732 1779/3527/1783 1712/3412/1716
f 1742/3469/1746 1780/3528/1784 1729/3470/1733
f 1730/3529/1734 1726/3459/1730 1733/3455/1737
f 1709/3408/1713 1781/3530/1785 1720/3426/1724
f 1720/3426/1724 1781/3530/1785 1776/3524/1780
f 1768/3508/1772 1771/3514/1775 1769/3509/1773
f 1766/3506/1770 1765/3505/1769 1760/3498/1764
f 1771/3514/1775 1782/3531/1786 1772/3515/1776
f 1772/3515/1776 1782/3531/1786 1783/3532/1787
f 1773/3533/1777 1784/3534/1788 1771/3535/1775
f 1756/3536/1760 1759/3537/1763 1785/3538/1789
f 1753/3488/1757 1755/3490/1759 1759/3497/1763
f 1738/3464/1742 1786/3539/1790 1736/3460/1740
f 1732/3449/1736 1787/3540/1791 1734/3456/1738
f 1712/3412/1716 1779/3527/1783 1741/3467/1745
f 1751/3485/1755 1737/3486/1741 1752/3541/1756
f 1711/3542/1715 1788/3543/1792 1719/3544/1723
f 1771/3514/1775 1768/3508/1772 1782/3531/1786
f 1754/3545/1758 1789/3546/1793 1790/3547/1794
f 1754/3489/1758 1790/3548/1794 1765/3505/1769
f 1754/3549/1758 1756/3550/1760 1789/3551/1793
f 1767/3552/1771 1791/3553/1795 1792/3554/1796
f 1768/3555/1772 1767/3552/1771 1792/3554/1796
f 1767/3552/1771 1778/3556/1782 1791/3553/1795
f 1767/3507/1771 1769/3509/1773 1778/3557/1782
f 1760/3558/1764 1793/3559/1797 1775/3560/1779
f 1756/3550/1760 1785/3561/1789 1789/3551/1793
f 1755/3562/1759 1794/3563/1798 1759/3564/1763
f 1775/3521/1779 1795/3565/1799 1761/3522/1765
f 1778/3526/1782 1777/3525/1781 1796/3566/1800
f 1774/3567/1778 1784/3534/1788 1773/3533/1777
f 1761/3568/1765 1795/3569/1799 1797/3570/1801
f 1738/3464/1742 1744/3472/1748 1786/3539/1790
f 1729/3470/1733 1780/3528/1784 1724/3454/1728
f 1749/3482/1753 1798/3571/1802 1763/3501/1767
f 1763/3501/1767 1739/3465/1743 1721/3438/1725
f 1719/3423/1723 1799/3572/1803 1718/3422/1722
f 1719/3573/1723 1788/3574/1792 1800/3575/1804
f 1709/3408/1713 1801/3576/1805 1781/3530/1785
f 1768/3577/1772 1792/3578/1796 1802/3579/1806
f 1768/3577/1772 1802/3579/1806 1782/3580/1786
f 1782/3580/1786 1802/3579/1806 1803/3581/1807
f 1782/3580/1786 1803/3581/1807 1783/3582/1787
f 1711/3410/1715 1758/3495/1762 1788/3583/1792
f 1760/3558/1764 1765/3584/1769 1793/3559/1797
f 1783/3585/1787 1804/3586/1808 1772/3519/1776
f 1778/3556/1782 1796/3587/1800 1791/3553/1795
f 1772/3519/1776 1804/3586/1808 1774/3520/1778
f 1785/3538/1789 1759/3537/1763 1805/3588/1809
f 1734/3456/1738 1787/3540/1791 1748/3480/1752
f 1745/3473/1749 1806/3589/1810 1735/3458/1739
f 1718/3422/1722 1807/3590/1811 1710/3409/1714
f 1719/3423/1723 1808/3591/1812 1799/3572/1803
f 1731/3448/1735 1715/3417/1719 1809/3592/1813
f 1709/3408/1713 1810/3593/1814 1801/3576/1805
f 1731/3483/1735 1810/3593/1814 1709/3408/1713
f 1765/3584/1769 1790/3547/1794 1811/3594/1815
f 1755/3595/1759 1812/3596/1816 1794/3597/1798
f 1796/3587/1800 1813/3598/1817 1791/3553/1795
f 1761/3568/1765 1797/3570/1801 1755/3595/1759
f 1785/3561/1789 1814/3599/1818 1789/3551/1793
f 1796/3587/1800 1815/3600/1819 1813/3598/1817
f 1759/3564/1763 1816/3601/1820 1805/3602/1809
f 1777/3525/1781 1815/3603/1819 1796/3566/1800
f 1740/3466/1744 1787/3540/1791 1732/3449/1736
f 1750/3484/1754 1817/3604/1821 1746/3477/1750
f 1735/3458/1739 1806/3589/1810 1744/3472/1748
f 1748/3481/1752 1798/3571/1802 1749/3482/1753
f 1728/3441/1732 1751/3485/1755 1779/3527/1783
f 1724/3454/1728 1818/3605/1822 1733/3455/1737
f 1733/3455/1737 1819/3606/1823 1730/3529/1734
f 1718/3422/1722 1799/3572/1803 1807/3590/1811
f 1731/3448/1735 1809/3592/1813 1820/3607/1824
f 1719/3423/1723 1800/3608/1804 1808/3591/1812
f 1765/3584/1769 1811/3594/1815 1793/3559/1797
f 1803/3581/1807 1804/3609/1808 1783/3582/1787
f 1781/3530/1785 1821/3610/1825 1776/3524/1780
f 1736/3460/1740 1786/3539/1790 1714/3415/1718
f 1774/3567/1778 1804/3611/1808 1784/3534/1788
f 1794/3563/1798 1816/3601/1820 1759/3564/1763
f 1777/3612/1781 1769/3613/1773 1822/3614/1826
f 1775/3521/1779 1823/3615/1827 1795/3565/1799
f 1795/3565/1799 1823/3615/1827 1824/3616/1828
f 1741/3467/1745 1825/3617/1829 1743/3471/1747
f 1748/3481/1752 1826/3618/1830 1798/3571/1802
f 1730/3529/1734 1819/3606/1823 1806/3619/1810
f 1730/3620/1734 1806/3589/1810 1745/3473/1749
f 1820/3607/1824 1810/3621/1814 1731/3448/1735
f 1710/3413/1714 1827/3622/1831 1764/3623/1768
f 1781/3530/1785 1801/3576/1805 1821/3610/1825
f 1811/3594/1815 1828/3624/1832 1793/3559/1797
f 1764/3623/1768 1829/3625/1833 1740/3466/1744
f 1797/3570/1801 1812/3596/1816 1755/3595/1759
f 1830/3626/1834 1769/3627/1773 1771/3535/1775
f 1795/3569/1799 1824/3628/1828 1797/3570/1801
f 1785/3561/1789 1805/3629/1809 1814/3599/1818
f 1740/3466/1744 1829/3625/1833 1787/3540/1791
f 1743/3471/1747 1831/3630/1835 1747/3478/1751
f 1807/3631/1811 1832/3632/1836 1710/3413/1714
f 1713/3414/1717 1833/3633/1837 1715/3417/1719
f 1791/3553/1795 1813/3598/1817 1792/3554/1796
f 1793/3634/1797 1834/3635/1838 1775/3521/1779
f 1775/3521/1779 1834/3635/1838 1823/3615/1827
f 1750/3484/1754 1776/3524/1780 1835/3636/1839
f 1750/3484/1754 1835/3636/1839 1817/3604/1821
f 1777/3612/1781 1822/3614/1826 1815/3637/1819
f 1743/3471/1747 1825/3617/1829 1831/3630/1835
f 1741/3467/1745 1779/3527/1783 1825/3617/1829
f 1724/3454/1728 1780/3528/1784 1818/3605/1822
f 1733/3455/1737 1836/3638/1840 1819/3606/1823
f 1799/3572/1803 1837/3639/1841 1807/3590/1811
f 1715/3417/1719 1838/3640/1842 1809/3592/1813
f 1771/3535/1775 1784/3534/1788 1830/3626/1834
f 1812/3596/1816 1839/3641/1843 1794/3597/1798
f 1769/3627/1773 1830/3626/1834 1822/3642/1826
f 1784/3643/1788 1804/3644/1808 1840/2610/1844
f 1814/3599/1818 1805/3629/1809 1816/3645/1820
f 1787/3540/1791 1826/3646/1830 1748/3480/1752
f 1810/3593/1814 1841/3647/1845 1801/3576/1805
f 1792/3648/1796 1842/3649/1846 1802/3650/1806
f 1793/3634/1797 1828/3651/1832 1834/3635/1838
f 1824/3628/1828 1843/3652/1847 1797/3570/1801
f 1823/3615/1827 1834/3635/1838 1824/3616/1828
f 1822/3614/1826 1813/3653/1817 1815/3637/1819
f 1798/3571/1802 1844/3654/1848 1763/3501/1767
f 1763/3501/1767 1844/3654/1848 1739/3465/1743
f 1739/3465/1743 1845/3655/1849 1752/3487/1756
f 1733/3455/1737 1818/3605/1822 1836/3638/1840
f 1801/3576/1805 1841/3647/1845 1846/3656/1850
f 1764/3623/1768 1827/3622/1831 1829/3625/1833
f 1800/3608/1804 1788/3657/1792 1847/3658/1851
f 1814/3599/1818 1848/3659/1852 1789/3551/1793
f 1792/3554/1796 1813/3598/1817 1842/3660/1846
f 1784/3534/1788 1849/3661/1853 1830/3626/1834
f 1814/3599/1818 1816/3645/1820 1848/3659/1852
f 1822/2397/1826 1830/3662/1834 1850/3663/1854
f 1804/3664/1808 1849/3665/1853 1840/3666/1844
f 1840/3667/1844 1849/3661/1853 1784/3534/1788
f 1816/3601/1820 1794/3563/1798 1848/1582/1852
f 1758/3495/1762 1747/3478/1751 1851/3668/1855
f 1822/3669/1826 1850/3670/1854 1813/3671/1817
f 1746/3672/1750 1817/3673/1821 1852/3674/1856
f 1744/3472/1748 1853/3675/1857 1786/3539/1790
f 1744/3472/1748 1806/3589/1810 1854/3676/1858
f 1844/3654/1848 1845/3655/1849 1739/3465/1743
f 1818/3605/1822 1855/3677/1859 1836/3638/1840
f 1836/3638/1840 1855/3677/1859 1819/3606/1823
f 1799/3572/1803 1856/3678/1860 1837/3639/1841
f 1710/3413/1714 1832/3632/1836 1827/3622/1831
f 1800/3608/1804 1847/3658/1851 1808/3591/1812
f 1803/3679/1807 1857/3680/1861 1858/3681/1862
f 1803/3581/1807 1858/3682/1862 1804/3609/1808
f 1794/3597/1863 1859/3683/1864 1848/3684/1865
f 1824/3628/1828 1860/3685/1866 1843/3652/1847
f 1834/3635/1838 1860/3686/1866 1824/3616/1828
f 1747/3478/1751 1831/3630/1835 1851/3668/1855
f 1744/3472/1748 1854/3676/1858 1853/3675/1857
f 1787/3540/1791 1861/3687/1867 1826/3646/1830
f 1752/3487/1756 1845/3655/1849 1751/3688/1755
f 1818/3605/1822 1780/3528/1784 1855/3677/1859
f 1715/3417/1719 1833/3633/1837 1838/3640/1842
f 1801/3576/1805 1846/3656/1850 1821/3610/1825
f 1827/3622/1831 1862/3689/1868 1829/3625/1833
f 1802/3579/1806 1863/3690/1869 1803/3581/1807
f 1803/3581/1807 1863/3690/1869 1857/3691/1861
f 1758/3495/1762 1851/3668/1855 1788/3583/1792
f 1821/3610/1825 1835/3636/1839 1776/3524/1780
f 1804/3611/1808 1864/3692/1870 1849/3661/1853
f 1804/3693/1808 1858/3694/1862 1864/3695/1870
f 1714/3415/1718 1786/3539/1790 1865/3696/1871
f 1828/3651/1832 1866/3697/1872 1834/3635/1838
f 1850/3698/1873 1842/3162/1874 1867/3699/1875
f 1850/3700/1854 1830/3626/1834 1867/3701/1876
f 1834/3635/1838 1866/3697/1872 1860/3686/1866
f 1746/3477/1750 1868/3702/1877 1742/3479/1746
f 1779/3527/1783 1751/3485/1755 1825/3617/1829
f 1742/3479/1746 1868/3702/1877 1780/3703/1784
f 1780/3528/1784 1869/3704/1878 1855/3677/1859
f 1855/3705/1859 1870/3706/1879 1819/3707/1823
f 1788/3583/1792 1851/3668/1855 1847/3708/1851
f 1713/3414/1717 1714/3709/1718 1833/3633/1837
f 1848/3684/1852 1794/3597/1798 1839/3641/1843
f 1828/3710/1880 1860/3711/1881 1843/3712/1882
f 1835/3636/1839 1871/3713/1883 1817/3604/1821
f 1786/3539/1790 1853/3675/1857 1865/3696/1871
f 1872/3714/1884 1751/3715/1755 1845/3716/1849
f 1873/3717/1885 1869/3718/1878 1780/3719/1784
f 1870/3706/1879 1806/3720/1810 1819/3707/1823
f 1808/3591/1812 1856/3678/1860 1799/3572/1803
f 1811/3594/1815 1874/3721/1886 1828/3624/1832
f 1833/3633/1837 1714/3709/1718 1865/3722/1871
f 1871/3713/1883 1835/3636/1839 1821/3610/1825
f 1797/3570/1801 1875/3723/1887 1812/3596/1816
f 1797/3570/1801 1843/3652/1847 1875/3723/1887
f 1848/3684/1852 1839/3641/1843 1876/3724/1888
f 1849/3661/1853 1864/3692/1870 1877/3725/1889
f 1842/3660/1846 1813/3598/1817 1878/3726/1890
f 1813/3671/1817 1850/3670/1854 1879/3727/1891
f 1813/3598/1817 1879/3728/1891 1878/3726/1890
f 1867/3729/1892 1879/3730/1891 1850/3731/1854
f 1780/3732/1784 1868/3733/1877 1873/3734/1885
f 1880/3735/1893 1870/3706/1879 1855/3705/1859
f 1832/3736/1836 1807/3590/1811 1837/3639/1841
f 1839/3641/1843 1812/3596/1816 1875/3723/1887
f 1881/3737/1894 1848/3659/1852 1876/3738/1888
f 1882/3739/1895 1858/3740/1862 1857/3741/1861
f 1882/3742/1895 1864/3695/1870 1858/3694/1862
f 1876/3743/1888 1839/3744/1843 1883/3745/1896
f 1842/3660/1846 1878/3726/1890 1884/3746/1897
f 1882/3742/1895 1877/3747/1889 1864/3695/1870
f 1828/3651/1832 1885/3735/1898 1866/3697/1872
f 1886/3748/1899 1879/3749/1891 1867/3750/1892
f 1866/3697/1872 1887/3751/1900 1860/3686/1866
f 1829/3625/1833 1861/3687/1867 1787/3540/1791
f 1852/3752/1856 1868/3702/1877 1746/3477/1750
f 1825/3753/1829 1872/3754/1884 1887/3755/1900
f 1888/3756/1901 1873/3757/1885 1868/3758/1877
f 1825/3753/1829 1751/3759/1755 1872/3754/1884
f 1798/3760/1802 1889/3761/1902 1844/3762/1848
f 1890/3763/1903 1845/3764/1849 1844/3762/1848
f 1809/3592/1813 1891/3765/1904 1820/3607/1824
f 1809/3592/1813 1838/3640/1842 1891/3765/1904
f 1808/3591/1812 1847/3658/1851 1856/3678/1860
f 1790/3547/1794 1892/3766/1905 1811/3594/1815
f 1811/3594/1815 1892/3766/1905 1874/3721/1886
f 1863/3767/1869 1802/3768/1806 1842/3769/1846
f 1842/3770/1846 1884/3771/1897 1863/3772/1869
f 1789/3551/1793 1848/3659/1852 1881/3737/1894
f 1849/3661/1853 1893/3773/1906 1830/3626/1834
f 1849/3661/1853 1877/3725/1889 1893/3773/1906
f 1894/3774/1907 1895/3775/1908 1882/3776/1909
f 1894/3777/1907 1896/3778/1910 1895/3779/1908
f 1878/3780/1911 1886/3781/1912 1867/3782/1913
f 1886/3783/1899 1897/3784/1914 1879/3785/1891
f 1878/3726/1890 1879/3728/1891 1897/3786/1914
f 1866/3787/1872 1898/3788/1915 1887/3755/1900
f 1866/3697/1872 1885/3735/1898 1898/3789/1915
f 1899/3790/1916 1861/3687/1867 1829/3625/1833
f 1887/3755/1900 1898/3788/1915 1825/3753/1829
f 1888/3791/1901 1900/3792/1917 1873/3717/1885
f 1901/3793/1918 1798/3760/1802 1826/3794/1830
f 1855/3677/1859 1869/3704/1878 1880/3795/1893
f 1798/3760/1802 1901/3793/1918 1889/3761/1902
f 1889/3761/1902 1890/3763/1903 1844/3762/1848
f 1810/3621/1814 1820/3607/1824 1891/3765/1904
f 1827/3622/1831 1902/3796/1919 1862/3689/1868
f 1789/3546/1793 1892/3766/1905 1790/3547/1794
f 1877/3747/1889 1882/3742/1895 1893/3797/1906
f 1860/3798/1866 1887/3799/1900 1903/3800/1920
f 1862/3689/1868 1899/3790/1916 1829/3625/1833
f 1831/3630/1835 1904/3801/1921 1851/3668/1855
f 1886/3802/1899 1888/3803/1901 1897/3804/1914
f 1817/3604/1821 1871/3713/1883 1852/3752/1856
f 1888/3756/1901 1868/3758/1877 1897/3805/1914
f 1873/3717/1885 1905/3806/1922 1869/3718/1878
f 1845/3716/1849 1906/3807/1923 1872/3714/1884
f 1845/3716/1849 1890/3808/1903 1906/3807/1923
f 1837/3639/1841 1907/3809/1924 1832/3736/1836
f 1856/3678/1860 1907/3809/1924 1837/3639/1841
f 1810/3621/1814 1891/3765/1904 1841/3810/1845
f 1832/3632/1836 1902/3796/1919 1827/3622/1831
f 1833/3633/1837 1908/3811/1925 1838/3640/1842
f 1789/3551/1793 1881/3737/1894 1892/3812/1905
f 1882/3813/1909 1895/3814/1908 1857/3815/1926
f 1882/3742/1895 1857/3816/1861 1893/3797/1906
f 1882/3742/1909 1857/3816/1926 1894/3817/1907
f 1843/3652/1847 1860/3685/1866 1903/3818/1920
f 1867/3782/1876 1909/3819/1927 1886/3781/1899
f 1895/3779/1908 1896/3778/1910 1857/3820/1926
f 1894/3817/1907 1857/3816/1926 1896/3821/1910
f 1885/3735/1898 1825/3822/1829 1898/3789/1915
f 1831/3823/1835 1825/3824/1829 1904/3825/1921
f 1872/3714/1884 1910/3826/1928 1887/3799/1900
f 1872/3714/1884 1906/3807/1923 1911/3827/1929
f 1806/3589/1810 1912/3828/1930 1854/3676/1858
f 1869/3704/1878 1913/3829/1931 1880/3795/1893
f 1869/3704/1878 1905/3830/1922 1913/3829/1931
f 1832/3736/1836 1907/3809/1924 1914/3831/1932
f 1832/3832/1836 1914/3833/1932 1902/3834/1919
f 1856/3678/1860 1847/3658/1851 1915/3835/1933
f 1851/3668/1855 1915/3836/1933 1847/3708/1851
f 1821/3610/1825 1846/3656/1850 1871/3713/1883
f 1875/3723/1887 1843/3652/1847 1903/3818/1920
f 1874/3721/1886 1885/3837/1898 1828/3624/1832
f 1876/3838/1888 1883/3839/1896 1916/3840/1934
f 1862/3841/1935 1916/3842/1936 1917/3843/1937
f 1883/3844/1896 1839/3845/1843 1916/3846/1934
f 1897/3786/1914 1871/3847/1883 1878/3726/1890
f 1897/3786/1914 1852/3848/1856 1871/3847/1883
f 1885/3849/1898 1904/3825/1921 1825/3824/1829
f 1886/3781/1899 1918/3850/1938 1888/3791/1901
f 1897/3786/1914 1868/3851/1877 1852/3848/1856
f 1833/3633/1837 1865/3722/1871 1908/3811/1925
f 1881/3852/1894 1914/3853/1932 1892/3854/1905
f 1851/3855/1855 1904/3856/1921 1915/3857/1933
f 1881/3858/1894 1862/3859/1868 1914/3860/1932
f 1876/3738/1888 1862/3861/1868 1881/3737/1894
f 1876/3838/1888 1916/3840/1934 1862/3862/1868
f 1878/3726/1890 1871/3847/1883 1884/3746/1897
f 1857/3863/1861 1919/3864/1939 1893/3865/1906
f 1857/3866/1861 1920/2276/1940 1919/3867/1939
f 1865/3868/1871 1853/3869/1857 1920/3870/1940
f 1862/3871/1868 1916/3872/1934 1899/3873/1916
f 1886/3781/1899 1909/3819/1927 1918/3850/1938
f 1853/3874/1857 1921/3875/1941 1920/3876/1940
f 1853/3874/1857 1922/3877/1942 1921/3875/1941
f 1861/3878/1867 1899/3879/1916 1826/3880/1830
f 1872/3714/1884 1911/3827/1929 1910/3826/1928
f 1873/3717/1885 1923/3881/1943 1905/3806/1922
f 1870/3706/1879 1912/3882/1930 1806/3720/1810
f 1889/3761/1902 1924/3883/1944 1890/3763/1903
f 1908/3811/1925 1891/3765/1904 1838/3640/1842
f 1902/3834/1919 1914/3833/1932 1862/3884/1868
f 1884/3746/1897 1871/3847/1883 1863/3885/1869
f 1865/3868/1871 1920/3870/1940 1857/3886/1861
f 1888/3791/1901 1925/3887/1945 1900/3792/1917
f 1900/3792/1917 1923/3881/1943 1873/3717/1885
f 1906/3807/1923 1926/3888/1946 1911/3827/1929
f 1923/3881/1943 1913/3889/1931 1905/3806/1922
f 1846/3890/1850 1841/3891/1845 1891/3892/1904
f 1892/3766/1905 1915/3893/1933 1874/3721/1886
f 1863/3894/1869 1908/3895/1925 1857/3886/1861
f 1874/3896/1886 1915/3897/1933 1885/3849/1898
f 1871/3898/1883 1891/3892/1904 1863/3894/1869
f 1865/3868/1871 1857/3886/1861 1908/3895/1925
f 1915/3897/1933 1904/3825/1921 1885/3849/1898
f 1916/3846/1934 1927/3899/1947 1899/3900/1916
f 1922/3901/1942 1853/3675/1857 1854/3676/1858
f 1899/3900/1916 1928/3902/1948 1826/3903/1830
f 1890/3808/1903 1926/3888/1946 1906/3807/1923
f 1880/3795/1893 1913/3829/1931 1929/3904/1949
f 1907/3905/1924 1915/3906/1933 1914/3853/1932
f 1907/3905/1924 1856/3907/1860 1915/3906/1933
f 1891/3892/1904 1908/3895/1925 1863/3894/1869
f 1914/3853/1932 1915/3906/1933 1892/3854/1905
f 1871/3898/1883 1846/3890/1850 1891/3892/1904
f 1867/3701/1876 1830/3626/1834 1909/3908/1927
f 1912/3828/1930 1930/3909/1950 1854/3676/1858
f 1931/3910/1951 1912/3911/1930 1870/3912/1879
f 1870/3913/1879 1932/3914/1952 1933/3915/1953
f 1889/3916/1902 1934/3917/1954 1924/3918/1944
f 1880/3919/1893 1932/3920/1952 1870/3921/1879
f 1918/3850/1938 1925/3887/1945 1888/3791/1901
f 1900/3922/1917 1925/3923/1945 1935/3924/1955
f 1910/3925/1928 1911/3926/1929 1936/3927/1956
f 1911/3926/1929 1926/3928/1946 1936/3927/1956
f 1900/3792/1917 1937/3929/1957 1923/3881/1943
f 1880/3795/1893 1929/3904/1949 1938/3930/1958
f 1932/3931/1952 1880/3932/1893 1939/3933/1959
f 1887/3799/1900 1940/3934/1960 1903/3800/1920
f 1921/3875/1941 1922/3877/1942 1920/3876/1940
f 1910/3826/1928 1940/3934/1960 1887/3799/1900
f 1936/3927/1956 1941/3935/1961 1910/3925/1928
f 1923/3881/1943 1937/3929/1957 1913/3889/1931
f 1932/3914/1952 1942/3936/1962 1933/3915/1953
f 1934/98/1954 1943/3937/1963 1924/3938/1944
f 1916/3846/1934 1839/3845/1843 1927/3899/1947
f 1919/3864/1939 1920/3711/1940 1893/3865/1906
f 1854/3676/1858 1944/3939/1964 1922/3901/1942
f 1935/3940/1955 1937/3929/1957 1900/3792/1917
f 1928/3902/1948 1945/3941/1965 1826/3903/1830
f 1889/3916/1902 1946/3942/1966 1934/3917/1954
f 1870/3912/1879 1933/3943/1953 1931/3910/1951
f 1932/3914/1952 1947/3944/1967 1942/3936/1962
f 1890/3808/1903 1948/3945/1968 1926/3888/1946
f 1924/3938/1944 1943/3937/1963 1949/3946/1969
f 1924/3947/1944 1949/3948/1969 1890/3949/1903
f 1938/3950/1958 1939/3951/1959 1880/3952/1893
f 1925/3923/1945 1950/3953/1970 1935/3924/1955
f 1926/3928/1946 1951/3954/1971 1936/3927/1956
f 1913/3889/1931 1937/3929/1957 1952/3955/1972
f 1889/3956/1902 1953/3957/1973 1946/3958/1966
f 1943/3937/1963 1954/3959/1974 1949/3946/1969
f 1939/3933/1959 1955/3960/1975 1932/3931/1952
f 1956/3961/1976 1839/3641/1843 1875/3723/1887
f 1875/3723/1887 1903/3818/1920 1956/3961/1976
f 1893/3773/1906 1920/3876/1940 1830/3626/1834
f 1945/3941/1965 1957/3962/1977 1826/3903/1830
f 1826/3903/1830 1957/3962/1977 1901/3963/1918
f 1937/3964/1957 1958/3965/1978 1952/3966/1972
f 1926/3928/1946 1959/3967/1979 1951/3954/1971
f 1901/3968/1918 1953/3957/1973 1889/3956/1902
f 1934/3024/1954 1946/3969/1966 1960/3970/1980
f 1948/3945/1968 1959/3971/1979 1926/3888/1946
f 1932/3914/1952 1955/3972/1975 1947/3944/1967
f 1961/3973/1981 1962/3974/1982 1949/3975/1969
f 1949/3975/1969 1962/3974/1982 1890/3976/1903
f 1939/3977/1959 1938/3978/1958 1963/3979/1983
f 1920/3876/1940 1922/3877/1942 1964/3980/1984
f 1918/3850/1938 1965/3981/1985 1925/3887/1945
f 1927/3899/1947 1966/3982/1986 1899/3900/1916
f 1930/3909/1950 1944/3939/1964 1854/3676/1858
f 1912/3828/1930 1967/3983/1987 1930/3909/1950
f 1912/3911/1930 1931/3910/1951 1967/3984/1987
f 1968/3985/1988 1969/3986/1989 1933/1518/1953
f 1942/3987/1962 1968/3988/1988 1933/3989/1953
f 1942/3936/1962 1947/3944/1967 1970/3990/1990
f 1949/3991/1969 1954/3992/1974 1961/3993/1981
f 1939/3994/1959 1963/3995/1983 1955/3972/1975
f 1890/3808/1903 1962/3996/1982 1948/3945/1968
f 1971/3997/1991 1962/3974/1982 1961/3973/1981
f 1839/3641/1843 1956/3961/1976 1927/3998/1947
f 1935/3999/1955 1972/4000/1992 1937/3964/1957
f 1972/4000/1992 1958/3965/1978 1937/3964/1957
f 1951/3954/1971 1973/4001/1993 1936/3927/1956
f 1958/3965/1978 1968/4002/1988 1952/3966/1972
f 1968/4003/1988 1974/4004/1994 1969/4005/1989
f 1960/4006/1980 1975/4007/1995 1934/4008/1954
f 1913/3889/1931 1952/3955/1972 1976/4009/1996
f 1934/4008/1954 1975/4007/1995 1977/4010/1997
f 1913/3889/1931 1976/4009/1996 1929/4011/1949
f 1934/4008/1954 1977/4010/1997 1943/4012/1963
f 1961/4013/1981 1954/4014/1974 1971/4015/1991
f 1971/4015/1991 1948/4016/1968 1962/4017/1982
f 1920/3876/1940 1964/3980/1984 1830/3626/1834
f 1940/3934/1960 1978/4018/1998 1903/3800/1920
f 1910/3826/1928 1979/4019/1999 1940/3934/1960
f 1899/3900/1916 1966/3982/1986 1928/3902/1948
f 1935/3924/1955 1950/3953/1970 1980/4020/2000
f 1935/4021/1955 1980/4022/2000 1981/4023/2001
f 1935/3999/1955 1981/4024/2001 1972/4000/1992
f 1982/4025/2002 1941/4026/1961 1973/4027/1993
f 1941/3935/1961 1936/3927/1956 1973/4001/1993
f 1973/4001/1993 1951/3954/1971 1960/4028/1980
f 1957/4029/1977 1983/4030/2003 1901/3968/1918
f 1983/4030/2003 1953/3957/1973 1901/3968/1918
f 1974/4031/1994 1933/3943/1953 1969/4032/1989
f 1960/4028/1980 1951/3954/1971 1975/4033/1995
f 1970/3990/1990 1947/3944/1967 1955/3972/1975
f 1938/3930/1958 1984/4034/2004 1963/4035/1983
f 1955/3972/1975 1963/3995/1983 1984/4036/2004
f 1956/3961/1976 1903/3818/1920 1978/4037/1998
f 1985/4038/2005 1964/3980/1984 1922/3877/1942
f 1986/4039/2006 1950/4040/1970 1925/3887/1945
f 1982/4025/2002 1910/3826/1928 1941/4026/1961
f 1987/4041/2007 1982/4025/2002 1988/4042/2008
f 1988/4042/2008 1982/4025/2002 1989/4043/2009
f 1989/4043/2009 1982/4025/2002 1973/4027/1993
f 1972/4000/1992 1968/4002/1988 1958/3965/1978
f 1972/4000/1992 1974/4044/1994 1968/4002/1988
f 1973/4001/1993 1960/4028/1980 1989/4045/2009
f 1975/4033/1995 1951/3954/1971 1959/3967/1979
f 1952/3966/1972 1968/4002/1988 1976/4046/1996
f 1968/4047/1988 1942/4048/1962 1970/4049/1990
f 1977/4010/1997 1954/4050/1974 1943/4012/1963
f 1990/4051/2010 1971/4015/1991 1954/4014/1974
f 1929/3904/1949 1991/4052/2011 1938/3930/1958
f 1971/4015/1991 1992/4053/2012 1948/4016/1968
f 1991/4052/2011 1984/4034/2004 1938/3930/1958
f 1909/3819/1927 1965/3981/1985 1918/3850/1938
f 1965/3981/1985 1986/4039/2006 1925/3887/1945
f 1960/3970/1980 1946/3969/1966 1989/4054/2009
f 1974/4031/1994 1993/4055/2013 1933/3943/1953
f 1933/3943/1953 1993/4055/2013 1931/3910/1951
f 1959/4056/1979 1994/4057/2014 1975/4058/1995
f 1959/3971/1979 1948/3945/1968 1995/4059/2015
f 1955/3972/1975 1984/4036/2004 1996/4060/2016
f 1990/4051/2010 1992/4053/2012 1971/4015/1991
f 1910/3826/1928 1987/4041/2007 1979/4019/1999
f 1910/4061/1928 1982/4062/2002 1987/4063/2007
f 1928/3902/1948 1997/4064/2017 1945/3941/1965
f 1970/4049/1990 1998/4065/2018 1968/4047/1988
f 1976/4009/1996 1999/4066/2019 1929/4011/1949
f 1955/3972/1975 1998/4067/2018 1970/3990/1990
f 1959/3971/1979 1995/4059/2015 1994/4068/2014
f 1954/4050/1974 1977/4010/1997 1990/4069/2010
f 1964/3980/1984 1909/3908/1927 1830/3626/1834
f 1927/3998/1947 1956/3961/1976 2000/4070/2020
f 1940/3934/1960 1979/4019/1999 1978/4018/1998
f 1950/3953/1970 2001/4071/2021 1980/4020/2000
f 2001/4072/2021 2002/4073/2022 1980/4022/2000
f 1980/4022/2000 2002/4073/2022 1981/4023/2001
f 2002/4073/2022 1972/4074/1992 1981/4023/2001
f 1946/4075/1966 2003/4076/2023 1989/4043/2009
f 1974/4031/1994 2004/4077/2024 1993/4055/2013
f 1976/4046/1996 1968/4002/1988 1999/4078/2019
f 1975/4079/1995 1994/4080/2014 2005/4081/2025
f 1955/3972/1975 1996/4060/2016 1998/4067/2018
f 1995/4059/2015 1948/3945/1968 2006/4082/2026
f 1929/3904/1949 2007/4083/2027 1991/4052/2011
f 1990/4084/2010 2006/4085/2026 1992/4086/2012
f 1948/3945/1968 1992/4087/2012 2006/4082/2026
f 1991/4052/2011 1996/4088/2016 1984/4034/2004
f 1964/3980/1984 1985/4038/2005 2008/4089/2028
f 1930/3909/1950 2009/4090/2029 1944/3939/1964
f 1989/4043/2009 2003/4076/2023 1988/4042/2008
f 1967/3983/1987 2010/4091/2030 1930/3909/1950
f 1974/4092/1994 1972/4074/1992 2004/4093/2024
f 1931/3910/1951 2011/4094/2031 1967/3984/1987
f 1975/4079/1995 2005/4081/2025 1977/4095/1997
f 1968/4002/1988 1998/4096/2018 1999/4078/2019
f 1994/4080/2014 1995/4097/2015 2005/4081/2025
f 1977/4095/1997 2005/4081/2025 1990/4084/2010
f 1929/4011/1949 1999/4066/2019 2007/4098/2027
f 2005/4081/2025 2006/4085/2026 1990/4084/2010
f 1927/3899/1947 2012/4099/2032 1966/3982/1986
f 1998/4096/2018 2007/4100/2027 1999/4078/2019
f 1995/4097/2015 2006/4085/2026 2005/4081/2025
f 1996/4101/2016 2007/4100/2027 1998/4096/2018
f 1991/4102/2011 2007/4100/2027 1996/4101/2016
f 1909/3908/1927 1964/3980/1984 2013/4103/2033
f 2014/4104/2034 2001/4071/2021 1950/3953/1970
f 1966/3982/1986 2015/4105/2035 1928/3902/1948
f 2002/4073/2022 2016/4106/2036 1972/4074/1992
f 1930/3323/1950 2017/4107/2037 2009/4108/2029
f 1945/3941/1965 2018/4109/2038 1957/3962/1977
f 1931/3910/1951 1993/4055/2013 2011/4094/2031
f 1966/4110/1986 2012/2408/2032 2019/4111/2039
f 1986/4039/2006 2014/4112/2034 1950/4040/1970
f 2001/4072/2021 2014/4113/2034 2002/4073/2022
f 2020/4114/2040 1922/3901/1942 1944/3939/1964
f 1988/4042/2008 2003/4076/2023 2021/4115/2041
f 2016/4106/2036 2004/4093/2024 1972/4074/1992
f 1946/3958/1966 1953/3957/1973 2003/4116/2023
f 1927/3998/1947 2000/4070/2020 2022/4117/2042
f 1909/3819/1927 2013/4118/2033 1965/3981/1985
f 2013/4103/2033 1964/3980/1984 2023/4119/2043
f 2008/4089/2028 2023/4119/2043 1964/3980/1984
f 1987/4041/2007 2021/4115/2041 1979/4019/1999
f 1988/4042/2008 2021/4115/2041 1987/4041/2007
f 1953/3957/1973 2024/4120/2044 2003/4116/2023
f 1956/3961/1976 1978/4037/1998 2025/4121/2045
f 1927/3899/1947 2022/4122/2042 2012/4099/2032
f 1922/3877/1942 2026/4123/2046 1985/4038/2005
f 1922/3901/1942 2020/4114/2040 2026/4124/2046
f 2014/4113/2034 2016/4106/2036 2002/4073/2022
f 2003/4125/2023 2027/4126/2047 2021/4127/2041
f 1930/3909/1950 2010/4091/2030 2017/4128/2037
f 1993/4055/2013 2004/4077/2024 2011/4094/2031
f 1979/4019/1999 2025/4129/2045 1978/4018/1998
f 1986/4130/2006 2028/4131/2048 2014/3898/2034
f 2016/4132/2036 2029/4133/2049 2004/4134/2024
f 1945/3941/1965 2030/4135/2050 2018/4109/2038
f 1983/4030/2003 2024/4120/2044 1953/3957/1973
f 1965/3981/1985 2013/4118/2033 2031/4136/2051
f 2031/4136/2051 2028/4137/2048 1965/3981/1985
f 1965/3981/1985 2028/4137/2048 1986/4039/2006
f 1985/4038/2005 2026/4123/2046 2008/4089/2028
f 1979/4019/1999 2021/4115/2041 2032/4138/2052
f 1997/4064/2017 2030/4135/2050 1945/3941/1965
f 1967/3983/1987 2011/4139/2031 2010/4091/2030
f 2025/4129/2045 1979/4019/1999 2032/4138/2052
f 1966/3982/1986 2019/4140/2039 2015/4105/2035
f 2033/4141/2053 1997/4064/2017 1928/3902/1948
f 2003/4076/2023 2034/4142/2054 2027/4143/2047
f 1957/4029/1977 2018/4144/2038 1983/4030/2003
f 2004/4077/2024 2035/4145/2055 2011/4094/2031
f 2022/4122/2042 2036/4146/2056 2012/4099/2032
f 2015/4105/2035 2033/4141/2053 1928/3902/1948
f 2021/4115/2041 2027/4143/2047 2037/4147/2057
f 2029/4148/2049 2038/4149/2058 2004/4150/2024
f 2022/4122/2042 2000/4151/2020 2036/4146/2056
f 2032/4152/2052 2039/4153/2059 2025/4154/2045
f 2028/4131/2048 2040/4155/2060 2014/3898/2034
f 2014/4113/2034 2040/4156/2060 2041/4157/2061
f 1944/3939/1964 2009/4090/2029 2042/4158/2062
f 2027/4143/2047 2043/4159/2063 2037/4147/2057
f 2018/4144/2038 2044/4160/2064 1983/4030/2003
f 2025/4121/2045 2045/4161/2065 1956/3961/1976
f 1956/3961/1976 2045/4161/2065 2000/4070/2020
f 2023/4119/2043 2046/4162/2066 2013/4103/2033
f 2013/4118/2033 2047/4163/2067 2031/4136/2051
f 2023/4119/2043 2008/4089/2028 2046/4162/2066
f 2008/4089/2028 2026/4123/2046 2048/4164/2068
f 2028/4165/2048 2049/4166/2069 2040/4167/2060
f 2021/4115/2041 2050/4168/2070 2032/4138/2052
f 1944/4169/1964 2042/4170/2062 2020/4171/2040
f 2021/4115/2041 2037/4147/2057 2050/4168/2070
f 2014/4113/2034 2051/4172/2071 2016/4106/2036
f 2027/4143/2047 2034/4142/2054 2043/4159/2063
f 1983/4030/2003 2044/4160/2064 2034/4173/2054
f 1983/4030/2003 2034/4173/2054 2024/4120/2044
f 2012/4099/2032 2052/4174/2072 2019/4140/2039
f 2053/4175/2073 1997/4064/2017 2033/4141/2053
f 2041/4157/2061 2051/4172/2071 2014/4113/2034
f 2030/4135/2050 1997/4064/2017 2054/4176/2074
f 2030/4135/2050 2054/4176/2074 2018/4109/2038
f 2010/4091/2030 2055/4177/2075 2017/4128/2037
f 2024/4120/2044 2034/4173/2054 2003/4116/2023
f 2004/4077/2024 2056/4178/2076 2035/4145/2055
f 2013/4103/2033 2046/4162/2066 2047/4179/2067
f 2008/4180/2028 2048/4181/2068 2046/4182/2066
f 2028/4137/2048 2031/4136/2051 2049/4183/2069
f 2026/4124/2046 2020/4114/2040 2057/4184/2077
f 2049/4166/2069 2058/4185/2078 2040/4167/2060
f 2015/4105/2035 2053/4175/2073 2033/4141/2053
f 2058/4185/2078 2041/4186/2061 2040/4167/2060
f 2029/4187/2049 2016/4188/2036 2038/4189/2058
f 2038/4149/2058 2056/4190/2076 2004/4150/2024
f 2011/4094/2031 2035/4145/2055 2010/4191/2030
f 2000/4070/2020 2045/4161/2065 2036/4192/2056
f 2032/4193/2052 2059/4194/2079 2039/4195/2059
f 2050/4196/2070 2060/4197/2080 2032/4198/2052
f 2050/4196/2070 2061/4199/2081 2060/4197/2080
f 2016/4188/2036 2051/4200/2071 2038/4189/2058
f 2036/4192/2056 2045/4161/2065 2062/4201/2082
f 2036/4146/2056 2062/4202/2082 2012/4099/2032
f 2039/4203/2059 2059/4204/2079 2063/4205/2083
f 2032/4198/2052 2060/4197/2080 2059/4206/2079
f 2058/4207/2078 2064/4208/2084 2041/4209/2061
f 2020/4171/2040 2042/4170/2062 2065/4210/2085
f 2041/4211/2061 2064/4212/2084 2066/4213/2086
f 2037/4214/2057 2061/4199/2081 2050/4196/2070
f 2042/4158/2062 2009/4090/2029 2065/4215/2085
f 2037/4214/2057 2067/4216/2087 2061/4199/2081
f 2012/4099/2032 2062/4202/2082 2052/4174/2072
f 2025/4217/2045 2039/4203/2059 2063/4205/2083
f 2031/4136/2051 2068/4218/2088 2049/4183/2069
f 2049/4219/2069 2068/4220/2088 2058/4221/2078
f 2066/4213/2086 2051/4222/2071 2041/4211/2061
f 2009/4108/2029 2017/4107/2037 2065/4223/2085
f 2043/4224/2063 2034/4225/2054 2069/4226/2089
f 2010/4091/2030 2035/4227/2055 2055/4177/2075
f 2062/4201/2082 2045/4161/2065 2063/4228/2083
f 2047/4229/2067 2046/4230/2066 2070/2882/2090
f 2025/4121/2045 2063/4228/2083 2045/4161/2065
f 2047/4229/2067 2070/2882/2090 2031/4231/2051
f 2019/4140/2039 2052/4174/2072 2015/4105/2035
f 2059/4204/2079 2060/4232/2080 2063/4205/2083
f 2068/4218/2088 2064/4233/2084 2058/4234/2078
f 2053/4175/2073 2071/4235/2091 1997/4064/2017
f 2051/4200/2071 2066/4236/2086 2072/4237/2092
f 2037/4214/2057 2043/4238/2063 2067/4216/2087
f 2072/4237/2092 2038/4189/2058 2051/4200/2071
f 2056/4190/2076 2038/4149/2058 2072/4239/2092
f 2056/4178/2076 2073/4240/2093 2035/4145/2055
f 2046/4230/2066 2048/4241/2068 2070/2882/2090
f 2062/4242/2082 2074/4243/2094 2052/4244/2072
f 2070/4245/2090 2068/4218/2088 2031/4136/2051
f 2026/4123/2046 2057/4246/2077 2048/4164/2068
f 2063/4247/2083 2060/4248/2080 2075/4249/2095
f 2060/4250/2080 2061/4251/2081 2076/4252/2096
f 2043/4224/2063 2069/4226/2089 2077/4253/2097
f 2043/4254/2063 2077/4255/2097 2067/4256/2087
f 2072/4239/2092 2078/4257/2098 2056/4190/2076
f 2018/4144/2038 2079/4258/2099 2044/4160/2064
f 2062/4242/2082 2075/4249/2095 2074/4243/2094
f 2063/4247/2083 2075/4249/2095 2062/4242/2082
f 2052/4244/2072 2074/4243/2094 2080/4259/2100
f 2052/4174/2072 2081/4260/2101 2015/4105/2035
f 2068/4218/2088 2070/4245/2090 2064/4233/2084
f 2070/4245/2090 2082/4261/2102 2064/4233/2084
f 2064/4262/2084 2083/4263/2103 2066/2670/2086
f 2061/4251/2081 2067/4264/2087 2076/4252/2096
f 1997/4064/2017 2071/4235/2091 2054/4176/2074
f 2067/4264/2087 2077/4265/2097 2076/4252/2096
f 2066/4236/2086 2084/4266/2104 2072/4237/2092
f 2018/4109/2038 2054/4176/2074 2079/4267/2099
f 2035/4227/2055 2085/4268/2105 2055/4177/2075
f 2056/4178/2076 2078/4269/2098 2073/4240/2093
f 2048/4164/2068 2057/4246/2077 2086/4270/2106
f 2081/4271/2101 2053/4272/2073 2015/4273/2035
f 2065/4210/2085 2057/4274/2077 2020/4171/2040
f 2064/4233/2084 2082/4261/2102 2083/4275/2103
f 2083/4276/2103 2084/4277/2104 2066/4278/2086
f 2017/4107/2037 2055/4279/2075 2065/4223/2085
f 2069/4280/2089 2087/4281/2107 2077/4282/2097
f 2034/4173/2054 2088/4283/2108 2069/4284/2089
f 2048/4164/2068 2086/4270/2106 2070/4285/2090
f 2052/4244/2072 2080/4259/2100 2081/4286/2101
f 2075/4287/2095 2060/4250/2080 2089/4288/2109
f 2053/4175/2073 2090/4289/2110 2071/4235/2091
f 2077/4265/2097 2091/4290/2111 2076/4252/2096
f 2071/4291/2091 2079/4292/2099 2054/4293/2074
f 2034/4173/2054 2044/4160/2064 2088/4283/2108
f 2075/4294/2095 2089/4295/2109 2074/4296/2094
f 2070/4245/2090 2086/4297/2106 2082/4261/2102
f 2057/4298/2077 2092/4299/2112 2086/4300/2106
f 2060/4250/2080 2076/4252/2096 2089/4288/2109
f 2055/4279/2075 2093/4301/2113 2065/4223/2085
f 2090/4289/2110 2079/4267/2099 2071/4235/2091
f 2079/4302/2099 2088/4303/2108 2044/4304/2064
f 2069/4284/2089 2088/4283/2108 2087/4305/2107
f 2078/4269/2098 2094/4306/2114 2073/4240/2093
f 2073/4240/2093 2085/4307/2105 2035/4145/2055
f 2081/4286/2101 2095/4308/2115 2053/4309/2073
f 2092/4310/2112 2057/4274/2077 2096/4311/2116
f 2057/4274/2077 2065/4210/2085 2096/4311/2116
f 2076/4252/2096 2097/4312/2117 2089/4288/2109
f 2065/4223/2085 2093/4301/2113 2098/4313/2118
f 2077/4314/2097 2099/4315/2119 2091/4316/2111
f 2072/4237/2092 2084/4266/2104 2100/4317/2120
f 2055/4318/2075 2085/4319/2105 2093/4320/2113
f 2077/4321/2097 2087/4322/2107 2099/4323/2119
f 2074/4296/2094 2089/4295/2109 2080/4324/2100
f 2082/4325/2102 2086/4300/2106 2101/4326/2121
f 2102/4327/2122 2092/4310/2112 2096/4311/2116
f 2082/4325/2102 2101/4326/2121 2083/4328/2103
f 2083/4328/2103 2101/4326/2121 2103/4329/2123
f 2053/4309/2073 2104/4330/2124 2090/4331/2110
f 2076/4252/2096 2091/4290/2111 2097/4312/2117
f 2083/4276/2103 2103/4332/2123 2084/4277/2104
f 2090/4331/2110 2099/4323/2119 2079/4302/2099
f 2100/4333/2120 2094/4334/2114 2072/4239/2092
f 2072/4239/2092 2094/4334/2114 2078/4257/2098
f 2073/4240/2093 2094/4306/2114 2085/4307/2105
f 2086/4300/2106 2092/4299/2112 2101/4326/2121
f 2089/4335/2109 2097/4336/2117 2080/4259/2100
f 2092/4310/2112 2102/4327/2122 2101/4337/2121
f 2081/4286/2101 2097/4336/2117 2095/4308/2115
f 2081/4286/2101 2080/4259/2100 2097/4336/2117
f 2102/4338/2122 2103/4329/2123 2101/4326/2121
f 2065/4339/2085 2098/4340/2118 2096/4341/2116
f 2104/4330/2124 2099/4323/2119 2090/4331/2110
f 2098/4340/2118 2100/4342/2120 2096/4341/2116
f 2098/4340/2118 2093/4320/2113 2100/4342/2120
f 2084/4266/2104 2105/4343/2125 2100/4317/2120
f 2085/4319/2105 2094/4344/2114 2093/4320/2113
f 2079/4302/2099 2099/4323/2119 2088/4303/2108
f 2053/4309/2073 2095/4308/2115 2104/4330/2124
f 2097/4336/2117 2091/4345/2111 2095/4308/2115
f 2103/4332/2123 2105/4346/2125 2084/4277/2104
f 2091/4345/2111 2099/4323/2119 2095/4308/2115
f 2093/4320/2113 2094/4344/2114 2100/4342/2120
f 2087/4322/2107 2088/4303/2108 2099/4323/2119
f 2102/4338/2122 2105/4347/2125 2103/4329/2123
f 2102/4338/2122 2096/4341/2116 2105/4347/2125
f 2099/4348/2119 2104/4349/2124 2095/4350/2115
f 2096/4341/2116 2100/4342/2120 2105/4347/2125
