# Blender 5.1.1
# www.blender.org
o Meshy_AI_An_acoustic_guitar_0508171245_texture
v -0.002739 -1.579799 -0.108404
v -0.002739 -1.575886 -0.116232
v 0.001175 -1.575886 -0.112318
v 0.001175 -1.575886 -0.108404
v -0.002739 -1.575886 -0.104490
v -0.006653 -1.575886 -0.104490
v -0.006653 -1.575886 -0.108404
v -0.006653 -1.575886 -0.112318
v -0.006653 -1.571971 -0.116232
v -0.010567 -1.571971 -0.112318
v -0.010567 -1.564144 -0.120146
v -0.002739 -1.564144 -0.120146
v -0.002739 -1.571971 -0.116232
v 0.001175 -1.571971 -0.116232
v 0.005089 -1.564144 -0.120146
v 0.005089 -1.571971 -0.112318
v -0.006653 -1.571971 -0.104490
v -0.010567 -1.571971 -0.108404
v 0.009003 -1.564144 -0.112318
v 0.009003 -1.564144 -0.104490
v 0.005089 -1.571971 -0.108404
v 0.001175 -1.571971 -0.104490
v 0.005089 -1.564144 -0.100576
v -0.002739 -1.571971 -0.100576
v -0.002739 -1.564144 -0.096662
v -0.010567 -1.564144 -0.100576
v -0.002739 -1.575886 0.024668
v -0.006653 -1.575886 0.020755
v -0.002739 -1.575886 0.020755
v 0.001175 -1.575886 0.020755
v 0.001175 -1.575886 0.024668
v 0.001175 -1.575886 0.028582
v -0.002739 -1.575886 0.028582
v -0.006653 -1.575886 0.028582
v -0.006653 -1.575886 0.024668
v -0.010567 -1.571971 0.024668
v -0.010567 -1.571971 0.028582
v -0.014481 -1.564144 0.024668
v -0.006653 -1.571971 0.016841
v -0.002739 -1.571971 0.016841
v -0.010567 -1.564144 0.016841
v -0.002739 -1.564144 0.012927
v 0.005089 -1.564144 0.016841
v 0.001175 -1.571971 0.016841
v 0.005089 -1.571971 0.024668
v 0.009003 -1.564144 0.020755
v 0.005089 -1.571971 0.028582
v -0.006653 -1.571971 0.032496
v -0.014481 -1.564144 0.028582
v 0.009003 -1.564144 0.028582
v 0.001175 -1.571971 0.032496
v -0.002739 -1.571971 0.032496
v -0.002739 -1.564144 0.036410
v -0.010567 -1.564144 0.036410
v 0.005089 -1.564144 0.036410
v -0.014481 -1.564144 -0.112318
v -0.014481 -1.564144 -0.104490
v -0.018395 -1.560230 -0.116232
v -0.010567 -1.560230 -0.124060
v -0.018395 -1.560230 -0.104490
v -0.018395 -1.560230 0.032496
v -0.018395 -1.560230 0.020755
v 0.005089 -1.560230 0.012927
v 0.012917 -1.560230 0.020755
v -0.092759 -1.560230 -0.143629
v -0.002739 -1.560230 -0.124060
v 0.044228 -1.560230 -0.143629
v 0.009003 -1.560230 -0.120146
v 0.012917 -1.560230 -0.112318
v 0.012917 -1.560230 -0.104490
v 0.044228 -1.560230 0.067721
v 0.005089 -1.560230 -0.096662
v -0.010567 -1.560230 -0.096662
v -0.002739 -1.560230 -0.092748
v -0.010567 -1.560230 0.012927
v -0.002739 -1.560230 0.009013
v 0.012917 -1.560230 0.032496
v 0.005089 -1.560230 0.040324
v -0.010567 -1.560230 0.040324
v -0.002739 -1.560230 0.040324
v -0.092759 -1.560230 0.067721
v -0.155381 -1.552402 0.067721
v -0.155381 -1.552402 -0.143629
v -0.092759 -1.556316 -0.147543
v 0.044228 -1.560230 -0.147543
v 0.099022 -1.560230 -0.143629
v 0.099022 -1.556316 -0.147543
v 0.142075 -1.552402 -0.143629
v 0.142075 -1.552402 0.067721
v 0.099022 -1.560230 0.067721
v 0.044228 -1.556316 -0.151457
v -0.092759 -1.552402 -0.151457
v 0.196870 -1.536747 -0.151457
v 0.099022 -1.552402 -0.151457
v 0.099022 -1.556316 0.071635
v 0.044228 -1.560230 0.071635
v 0.044228 -1.556316 0.075549
v -0.092759 -1.556316 0.071635
v -0.092759 -1.552402 0.075549
v -0.155381 -1.552402 0.071635
v -0.155381 -1.552402 -0.147543
v -0.202348 -1.540661 -0.147543
v -0.198434 -1.536747 -0.151457
v -0.155381 -1.548488 -0.151457
v 0.142075 -1.552402 -0.147543
v 0.142075 -1.548488 -0.151457
v 0.196870 -1.540661 -0.147543
v 0.142075 -1.552402 0.071635
v 0.196870 -1.540661 0.071635
v 0.196870 -1.536747 0.075549
v 0.142075 -1.548488 0.075549
v 0.099022 -1.552402 0.075549
v -0.155381 -1.548488 0.075549
v 0.251664 -1.517178 -0.151457
v -0.202348 -1.540661 0.067721
v -0.202348 -1.540661 0.071635
v -0.245400 -1.525006 0.071635
v -0.245400 -1.525006 0.067721
v -0.245400 -1.525006 -0.143629
v -0.202348 -1.540661 -0.143629
v -0.245400 -1.525006 -0.147543
v -0.241486 -1.521091 -0.151457
v 0.200784 -1.540661 -0.143629
v 0.251664 -1.521091 -0.147543
v 0.251664 -1.525006 -0.143629
v 0.200784 -1.540661 0.067721
v 0.251664 -1.525006 0.067721
v 0.251664 -1.521091 0.071635
v -0.198434 -1.536747 0.075549
v 0.282975 -1.501522 -0.151457
v -0.276712 -1.513263 -0.143629
v -0.276712 -1.509350 -0.147543
v -0.241486 -1.521091 0.075549
v 0.251664 -1.517178 0.075549
v -0.272798 -1.505435 0.075549
v 0.282975 -1.505435 0.071635
v 0.282975 -1.501522 0.075549
v -0.272798 -1.505435 -0.151457
v -0.300195 -1.485867 -0.151457
v 0.310373 -1.481952 -0.151457
v 0.282975 -1.505435 -0.147543
v 0.314286 -1.481952 -0.147543
v 0.286889 -1.505435 -0.143629
v 0.314286 -1.485867 -0.143629
v 0.286889 -1.505435 0.067721
v -0.276712 -1.509350 0.071635
v -0.300195 -1.485867 0.075549
v -0.304109 -1.489780 0.071635
v -0.276712 -1.513263 0.067721
v -0.304109 -1.493695 0.067721
v -0.304109 -1.493695 -0.143629
v 0.314286 -1.485867 0.067721
v 0.314286 -1.481952 0.071635
v 0.310373 -1.481952 0.075549
v -0.304109 -1.489780 -0.147543
v -0.331506 -1.466296 -0.147543
v -0.327592 -1.466296 -0.151457
v 0.333856 -1.454556 0.075549
v -0.327592 -1.466296 0.075549
v -0.331506 -1.470211 -0.143629
v -0.331506 -1.470211 0.067721
v -0.354989 -1.442814 0.067721
v -0.354989 -1.442814 -0.143629
v -0.331506 -1.466296 0.071635
v -0.354989 -1.442814 0.071635
v -0.354989 -1.442814 -0.147543
v -0.351076 -1.438900 -0.151457
v 0.333856 -1.454556 -0.151457
v 0.337770 -1.458470 -0.147543
v 0.361253 -1.431072 -0.147543
v 0.361253 -1.431072 -0.143629
v 0.337770 -1.458470 -0.143629
v 0.337770 -1.458470 0.067721
v 0.349512 -1.446728 -0.034040
v 0.353425 -1.442814 -0.018384
v 0.361253 -1.431072 -0.010556
v 0.361253 -1.431072 0.067721
v 0.337770 -1.458470 0.071635
v 0.361253 -1.431072 0.071635
v -0.374559 -1.411502 0.067721
v -0.374559 -1.411502 -0.143629
v -0.351076 -1.438900 0.075549
v 0.357339 -1.427158 0.075549
v -0.370645 -1.407588 0.075549
v -0.374559 -1.411502 0.071635
v 0.353425 -1.442814 -0.049695
v 0.361253 -1.431072 -0.065351
v 0.365167 -1.434986 -0.061437
v 0.357339 -1.442814 -0.049695
v 0.380823 -1.399760 -0.143629
v 0.369081 -1.419330 -0.069265
v 0.357339 -1.427158 -0.151457
v -0.370645 -1.407588 -0.151457
v 0.372995 -1.395846 -0.151457
v 0.376909 -1.399760 -0.147543
v 0.380823 -1.399760 0.067721
v 0.376909 -1.399760 0.071635
v 0.357339 -1.446728 -0.034040
v 0.365167 -1.442814 -0.045782
v 0.365167 -1.442814 -0.034040
v 0.365167 -1.442814 -0.026212
v 0.357339 -1.442814 -0.022298
v 0.365167 -1.434986 -0.014470
v -0.374559 -1.411502 -0.147543
v -0.394129 -1.364536 -0.143629
v -0.390215 -1.364536 -0.147543
v 0.369081 -1.434986 -0.057523
v 0.372995 -1.423244 -0.065351
v 0.376909 -1.427158 -0.057523
v 0.376909 -1.427158 -0.045782
v 0.376909 -1.431072 -0.034040
v 0.384737 -1.411502 -0.034040
v 0.380823 -1.419330 -0.022298
v 0.372995 -1.431072 -0.022298
v 0.372995 -1.423244 -0.014470
v 0.369081 -1.419330 -0.010556
v -0.394129 -1.364536 0.067721
v 0.376909 -1.403674 -0.065351
v 0.392564 -1.352793 -0.147543
v 0.396478 -1.352793 -0.143629
v 0.380823 -1.411502 -0.018384
v 0.376909 -1.403674 -0.018384
v 0.380823 -1.411502 -0.057523
v 0.380823 -1.407588 -0.061437
v 0.384737 -1.411502 -0.045782
v 0.384737 -1.399760 -0.049695
v 0.384737 -1.403674 -0.034040
v 0.372995 -1.395846 0.075549
v 0.392564 -1.352793 0.071635
v 0.388650 -1.352793 0.075549
v -0.386301 -1.364536 0.075549
v 0.380823 -1.395846 -0.053609
v -0.390215 -1.364536 0.071635
v -0.405870 -1.313654 0.067721
v 0.380823 -1.395846 -0.034040
v -0.401956 -1.313654 0.071635
v -0.386301 -1.364536 -0.151457
v -0.401956 -1.313654 -0.147543
v -0.398043 -1.313654 -0.151457
v 0.388650 -1.352793 -0.151457
v 0.396478 -1.352793 0.067721
v 0.404306 -1.301913 0.067721
v 0.396478 -1.301913 -0.151457
v 0.400392 -1.301913 -0.147543
v -0.405870 -1.313654 -0.143629
v -0.405870 -1.262774 0.067721
v -0.405870 -1.262774 -0.143629
v -0.398043 -1.313654 0.075549
v 0.396478 -1.301913 0.075549
v -0.401956 -1.262774 0.075549
v -0.405870 -1.262774 0.071635
v 0.404306 -1.301913 -0.143629
v 0.404306 -1.251033 -0.143629
v 0.404306 -1.251033 0.067721
v 0.400392 -1.301913 0.071635
v 0.400392 -1.251033 0.071635
v -0.405870 -1.262774 -0.147543
v -0.398043 -1.215807 -0.147543
v -0.394129 -1.215807 -0.151457
v -0.401956 -1.262774 -0.151457
v 0.396478 -1.251033 -0.151457
v 0.400392 -1.251033 -0.147543
v -0.398043 -1.215807 0.071635
v -0.398043 -1.215807 0.067721
v -0.398043 -1.215807 -0.143629
v 0.388650 -1.204066 -0.151457
v 0.392564 -1.204066 -0.147543
v 0.396478 -1.251033 0.075549
v 0.388650 -1.204066 0.075549
v -0.394129 -1.215807 0.075549
v -0.382387 -1.172755 -0.151457
v -0.386301 -1.168841 -0.143629
v -0.386301 -1.168841 -0.147543
v 0.001175 -1.184497 0.075549
v -0.155381 -1.149271 0.075549
v -0.382387 -1.172755 0.075549
v 0.396478 -1.204066 -0.143629
v 0.380823 -1.161013 -0.147543
v 0.384737 -1.161013 -0.143629
v 0.396478 -1.204066 0.067721
v 0.392564 -1.204066 0.071635
v 0.380823 -1.161013 0.071635
v 0.376909 -1.161013 0.075549
v -0.370645 -1.129701 -0.147543
v -0.366731 -1.129701 -0.151457
v -0.386301 -1.168841 0.071635
v -0.366731 -1.129701 0.075549
v -0.370645 -1.129701 0.071635
v -0.386301 -1.168841 0.067721
v -0.370645 -1.125788 0.067721
v -0.370645 -1.125788 -0.143629
v 0.376909 -1.161013 -0.151457
v 0.361253 -1.121875 -0.151457
v 0.384737 -1.161013 0.067721
v 0.365167 -1.117960 -0.143629
v 0.365167 -1.117960 0.067721
v 0.365167 -1.117960 0.071635
v 0.149903 -1.149271 0.075549
v 0.161645 -1.137529 0.075549
v 0.149903 -1.141443 0.083377
v 0.005089 -1.176669 0.083377
v -0.151467 -1.141443 0.083377
v -0.049706 -1.141443 0.083377
v -0.081017 -1.129701 0.083377
v -0.092759 -1.114047 0.083377
v -0.155381 -1.090562 0.083377
v -0.163209 -1.137529 0.075549
v 0.048142 -1.141443 0.083377
v 0.079453 -1.129701 0.083377
v 0.048142 -1.133615 0.091205
v -0.002739 -1.133615 0.091205
v -0.002739 -1.141443 0.083377
v -0.347162 -1.090562 0.075549
v -0.354989 -1.086650 -0.143629
v -0.351076 -1.086650 -0.147543
v 0.365167 -1.117960 -0.147543
v 0.341684 -1.082736 -0.151457
v 0.345598 -1.078822 -0.147543
v 0.361253 -1.121875 0.075549
v 0.341684 -1.082736 0.075549
v 0.161645 -1.078822 0.075549
v -0.049706 -1.133615 0.091205
v -0.041878 -1.125788 0.095119
v -0.057534 -1.117960 0.095119
v -0.077103 -1.121875 0.091205
v 0.153817 -1.090562 0.083377
v 0.149903 -1.082736 0.083377
v 0.091195 -1.114047 0.083377
v 0.087281 -1.086650 0.083377
v 0.079453 -1.114047 0.091205
v -0.163209 -1.078822 0.075549
v -0.151467 -1.082736 0.083377
v -0.096672 -1.070994 0.075549
v -0.257142 -0.930094 0.075549
v -0.284539 -0.965319 0.075549
v -0.304109 -1.004457 0.075549
v -0.327592 -1.047511 0.075549
v 0.040314 -1.125788 0.095119
v 0.055970 -1.117960 0.095119
v 0.044228 -1.110132 0.091205
v -0.002739 -1.121875 0.091205
v -0.002739 -1.110132 0.083377
v -0.045792 -1.110132 0.091205
v 0.075539 -1.121875 0.091205
v -0.347162 -1.090562 -0.151457
v -0.327592 -1.047511 -0.151457
v -0.351076 -1.086650 0.071635
v -0.331506 -1.047511 0.071635
v -0.354989 -1.086650 0.067721
v -0.081017 -1.114047 0.091205
v -0.077103 -1.090562 0.091205
v -0.088845 -1.086650 0.083377
v -0.331506 -1.043597 0.067721
v -0.331506 -1.043597 -0.143629
v -0.041878 -1.098390 0.083377
v -0.053620 -1.098390 0.095119
v 0.349512 -1.078822 -0.143629
v 0.326028 -1.039683 -0.147543
v 0.326028 -1.039683 -0.143629
v 0.349512 -1.078822 0.067721
v 0.345598 -1.078822 0.071635
v 0.326028 -1.039683 0.071635
v 0.322114 -1.039683 0.075549
v -0.053620 -1.082736 0.091205
v -0.073189 -1.078822 0.087291
v 0.075539 -1.090562 0.091205
v 0.071625 -1.078822 0.087291
v 0.052056 -1.082736 0.091205
v 0.052056 -1.098390 0.095119
v 0.040314 -1.098390 0.083377
v -0.088845 -1.078822 0.083377
v 0.040314 -1.082736 0.083377
v -0.041878 -1.082736 0.083377
v -0.002739 -1.074908 0.083377
v -0.026222 -1.074908 0.083377
v -0.041878 -1.074908 0.083377
v -0.049706 -1.074908 0.083377
v -0.331506 -1.047511 -0.147543
v -0.311937 -1.004457 -0.147543
v -0.304109 -1.004457 -0.151457
v 0.087281 -1.078822 0.083377
v 0.095108 -1.070994 0.075549
v 0.079453 -1.063166 0.075549
v 0.071625 -1.067080 0.083377
v 0.322114 -1.039683 -0.151457
v 0.302545 -1.000543 -0.151457
v 0.302545 -1.000543 0.075549
v 0.279061 -0.957491 0.075549
v -0.053620 -1.067080 0.083377
v -0.081017 -1.063166 0.075549
v 0.048142 -1.074908 0.083377
v 0.055970 -1.074908 0.087291
v 0.052056 -1.063166 0.091205
v 0.048142 -1.063166 0.087291
v 0.048142 -1.063166 0.079463
v 0.040314 -1.074908 0.083377
v 0.024658 -1.074908 0.083377
v 0.040314 -1.063166 0.079463
v 0.024658 -1.063166 0.075549
v 0.020745 -1.059252 0.087291
v 0.012917 -1.063166 0.087291
v -0.049706 -1.063166 0.079463
v -0.049706 -1.063166 0.087291
v -0.053620 -1.063166 0.091205
v -0.057534 -1.074908 0.087291
v 0.055970 -1.067080 0.083377
v 0.326028 -1.039683 0.067721
v 0.306459 -0.996629 -0.143629
v 0.306459 -0.996629 0.067721
v 0.306459 -0.996629 0.071635
v -0.030136 -1.063166 0.091205
v -0.026222 -1.059252 0.087291
v -0.034050 -0.984887 0.091205
v -0.037964 -1.051425 0.087291
v -0.037964 -1.063166 0.087291
v -0.041878 -1.063166 0.079463
v -0.037964 -1.051425 0.079463
v -0.049706 -1.051425 0.079463
v -0.006653 -1.063166 0.075549
v 0.005089 -1.063166 0.087291
v 0.005089 -1.051425 0.087291
v -0.006653 -1.051425 0.075549
v -0.026222 -1.059252 0.079463
v -0.026222 -0.984887 0.075549
v -0.030136 -0.984887 0.087291
v 0.012917 -1.051425 0.091205
v 0.048142 -1.051425 0.087291
v 0.048142 -1.051425 0.079463
v 0.055970 -1.059252 0.075549
v 0.055970 -1.051425 0.087291
v -0.057534 -1.043597 0.075549
v -0.045792 -0.969232 0.075549
v -0.061447 -0.937922 0.075549
v -0.081017 -0.914438 0.075549
v -0.100586 -0.887040 0.075549
v -0.257142 -0.894868 0.075549
v -0.268884 -0.926180 0.075549
v -0.288453 -0.961405 0.071635
v 0.282975 -0.953577 0.071635
v 0.271233 -0.926180 0.075549
v 0.079453 -0.914438 0.075549
v 0.059883 -0.937922 0.075549
v 0.044228 -0.969232 0.075549
v -0.057534 -1.051425 0.087291
v -0.049706 -1.051425 0.091205
v -0.053620 -0.984887 0.087291
v -0.053620 -1.051425 0.079463
v -0.049706 -0.984887 0.079463
v 0.052056 -1.051425 0.079463
v 0.036400 -1.051425 0.075549
v 0.044228 -0.984887 0.079463
v 0.032486 -0.984887 0.075549
v 0.024658 -1.051425 0.075549
v 0.020745 -0.984887 0.075549
v 0.016831 -1.051425 0.087291
v -0.049706 -1.051425 0.087291
v -0.045792 -0.984887 0.087291
v -0.049706 -0.984887 0.091205
v 0.012917 -0.984887 0.091205
v 0.052056 -1.051425 0.091205
v 0.052056 -0.984887 0.087291
v 0.048142 -0.984887 0.091205
v -0.026222 -0.926180 0.087291
v -0.030136 -0.926180 0.091205
v 0.005089 -0.984887 0.087291
v 0.005089 -0.926180 0.091205
v 0.001175 -0.926180 0.087291
v -0.006653 -0.984887 0.075549
v -0.006653 -0.926180 0.075549
v -0.022308 -0.926180 0.075549
v -0.045792 -0.984887 0.079463
v -0.037964 -0.984887 0.075549
v -0.045792 -0.926180 0.075549
v -0.045792 -0.926180 0.087291
v -0.037964 -0.984887 0.087291
v -0.034050 -0.926180 0.087291
v 0.044228 -0.984887 0.087291
v 0.044228 -0.926180 0.087291
v 0.052056 -0.980973 0.079463
v 0.055970 -0.926180 0.087291
v 0.048142 -0.926180 0.091205
v 0.052056 -0.926180 0.075549
v 0.016831 -0.984887 0.087291
v 0.016831 -0.926180 0.075549
v 0.012917 -0.926180 0.087291
v -0.049706 -0.926180 0.091205
v -0.057534 -0.926180 0.087291
v -0.311937 -1.004457 0.071635
v -0.311937 -1.004457 -0.143629
v -0.311937 -1.004457 0.067721
v -0.292367 -0.961405 -0.143629
v -0.288453 -0.961405 -0.147543
v -0.053620 -0.926180 0.075549
v 0.306459 -0.996629 -0.147543
v 0.279061 -0.957491 -0.151457
v 0.282975 -0.953577 -0.147543
v -0.284539 -0.965319 -0.151457
v -0.268884 -0.926180 -0.151457
v -0.292367 -0.961405 0.067721
v -0.272798 -0.922266 0.067721
v -0.272798 -0.922266 -0.143629
v 0.286889 -0.953577 -0.143629
v 0.275147 -0.926180 -0.147543
v 0.275147 -0.926180 -0.143629
v 0.286889 -0.953577 0.067721
v 0.275147 -0.926180 0.067721
v -0.037964 -0.926180 0.075549
v -0.037964 -0.871385 0.087291
v -0.037964 -0.871385 0.075549
v -0.026222 -0.871385 0.075549
v -0.030136 -0.871385 0.087291
v 0.028572 -0.926180 0.075549
v 0.044228 -0.926180 0.075549
v 0.044228 -0.871385 0.075549
v 0.032486 -0.871385 0.075549
v 0.044228 -0.871385 0.087291
v -0.049706 -0.871385 0.091205
v -0.053620 -0.871385 0.087291
v 0.016831 -0.871385 0.087291
v 0.009003 -0.871385 0.091205
v 0.048142 -0.871385 0.087291
v 0.055970 -0.922266 0.067721
v 0.052056 -0.871385 0.075549
v -0.053620 -0.871385 0.075549
v -0.057534 -0.922266 0.067721
v -0.272798 -0.922266 -0.147543
v -0.268884 -0.894868 -0.147543
v -0.261056 -0.894868 -0.151457
v 0.267320 -0.930094 -0.151457
v 0.263406 -0.906610 -0.151457
v -0.037964 -0.945749 0.055980
v -0.037964 -0.949663 0.059894
v -0.034050 -0.937922 0.063807
v -0.034050 -0.937922 0.055980
v -0.049706 -0.934008 0.052066
v -0.053620 -0.941835 0.052066
v -0.053620 -0.937922 0.055980
v -0.053620 -0.930094 0.052066
v -0.049706 -0.930094 0.059894
v 0.036400 -0.945749 0.055980
v 0.036400 -0.949663 0.059894
v 0.052056 -0.941835 0.052066
v 0.048142 -0.934008 0.052066
v 0.032486 -0.937922 0.055980
v 0.032486 -0.937922 0.063807
v 0.052056 -0.937922 0.055980
v 0.048142 -0.930094 0.059894
v 0.052056 -0.930094 0.052066
v 0.005089 -0.941835 -0.084921
v -0.010567 -0.941835 -0.081007
v 0.005089 -0.941835 0.036410
v 0.020745 -0.937922 0.032496
v 0.020745 -0.937922 -0.081007
v 0.020745 -0.937922 -0.088834
v 0.005089 -0.937922 -0.088834
v -0.010567 -0.937922 -0.088834
v -0.010567 -0.941835 0.036410
v -0.026222 -0.937922 -0.081007
v -0.026222 -0.937922 0.036410
v -0.010567 -0.934008 0.036410
v -0.026222 -0.934008 -0.088834
v -0.041878 -0.930094 -0.088834
v -0.041878 -0.934008 -0.081007
v 0.009003 -0.934008 0.036410
v 0.005089 -0.926180 0.040324
v 0.024658 -0.922266 0.040324
v 0.028572 -0.930094 0.036410
v 0.036400 -0.934008 -0.081007
v 0.036400 -0.930094 -0.088834
v -0.057534 -0.922266 -0.088834
v -0.041878 -0.934008 0.036410
v -0.037964 -0.930094 0.036410
v -0.030136 -0.930094 0.036410
v 0.036400 -0.934008 0.032496
v 0.036400 -0.930094 0.036410
v 0.052056 -0.930094 0.032496
v 0.044228 -0.922266 0.036410
v 0.048142 -0.926180 0.036410
v -0.057534 -0.926180 -0.081007
v -0.069275 -0.918352 -0.081007
v -0.057534 -0.926180 0.036410
v 0.052056 -0.930094 -0.081007
v 0.067711 -0.918352 0.032496
v 0.067711 -0.918352 -0.081007
v 0.052056 -0.926180 -0.088834
v -0.069275 -0.918352 0.036410
v -0.065361 -0.914438 0.036410
v -0.053620 -0.922266 0.036410
v -0.010567 -0.926180 0.040324
v -0.026222 -0.922266 0.040324
v -0.026222 -0.918352 0.048152
v -0.010567 -0.922266 0.048152
v -0.069275 -0.914438 -0.088834
v -0.081017 -0.902696 -0.088834
v -0.084931 -0.906610 -0.081007
v 0.063797 -0.914438 0.036410
v 0.063797 -0.914438 0.040324
v 0.075539 -0.906610 0.040324
v 0.075539 -0.906610 0.036410
v 0.079453 -0.910524 0.032496
v -0.045792 -0.922266 0.036410
v -0.053620 -0.922266 0.032496
v -0.049706 -0.918352 0.032496
v -0.057534 -0.910524 0.036410
v -0.045792 -0.914438 0.040324
v 0.040314 -0.914438 0.040324
v 0.055970 -0.910524 0.036410
v 0.048142 -0.918352 0.032496
v 0.052056 -0.922266 0.032496
v -0.065361 -0.930094 0.048152
v -0.065361 -0.930094 0.055980
v -0.061447 -0.926180 0.052066
v -0.065361 -0.926180 0.048152
v -0.077103 -0.918352 0.048152
v -0.081017 -0.922266 0.052066
v 0.063797 -0.930094 0.048152
v 0.059883 -0.930094 0.055980
v 0.079453 -0.922266 0.052066
v 0.075539 -0.918352 0.048152
v 0.059883 -0.926180 0.048152
v 0.059883 -0.926180 0.052066
v -0.081017 -0.922266 0.059894
v -0.077103 -0.914438 0.055980
v -0.077103 -0.914438 0.063807
v 0.075539 -0.914438 0.063807
v 0.075539 -0.914438 0.055980
v 0.079453 -0.922266 0.059894
v 0.267320 -0.906610 -0.147543
v 0.259492 -0.887040 -0.151457
v 0.263406 -0.887040 -0.147543
v 0.267320 -0.906610 -0.143629
v 0.267320 -0.887040 -0.143629
v 0.267320 -0.906610 0.067721
v 0.063797 -0.918352 -0.088834
v 0.079453 -0.910524 -0.081007
v 0.075539 -0.906610 -0.088834
v -0.092759 -0.890954 -0.088834
v 0.059883 -0.914438 0.036410
v 0.063797 -0.910524 0.036410
v 0.005089 -0.922266 0.048152
v 0.005089 -0.922266 0.071635
v 0.020745 -0.918352 0.071635
v 0.024658 -0.918352 0.048152
v 0.036400 -0.910524 0.071635
v 0.040314 -0.910524 0.048152
v 0.267320 -0.906610 0.071635
v 0.263406 -0.887040 0.071635
v 0.259492 -0.887040 0.075549
v 0.263406 -0.906610 0.075549
v -0.264970 -0.894868 0.075549
v -0.261056 -0.875299 0.075549
v -0.264970 -0.879212 0.071635
v -0.268884 -0.894868 0.067721
v -0.045792 -0.871385 0.087291
v -0.045792 -0.871385 0.075549
v -0.045792 -0.812676 0.079463
v -0.045792 -0.812676 0.087291
v -0.049706 -0.812676 0.087291
v -0.037964 -0.812676 0.079463
v 0.005089 -0.871385 0.087291
v 0.005089 -0.812676 0.087291
v -0.002739 -0.871385 0.075549
v 0.001175 -0.812676 0.075549
v -0.022308 -0.812676 0.075549
v 0.016831 -0.871385 0.075549
v 0.032486 -0.812676 0.075549
v 0.016831 -0.812676 0.075549
v 0.012917 -0.812676 0.087291
v 0.099022 -0.887040 0.075549
v 0.110764 -0.859643 0.075549
v 0.091195 -0.879212 0.071635
v 0.075539 -0.902696 0.071635
v -0.053620 -0.812676 0.087291
v -0.049706 -0.812676 0.075549
v -0.053620 -0.871385 0.067721
v -0.034050 -0.871385 0.091205
v -0.034050 -0.812676 0.087291
v 0.052056 -0.871385 0.067721
v 0.048142 -0.812676 0.075549
v 0.052056 -0.812676 0.087291
v 0.052056 -0.871385 0.087291
v 0.048142 -0.812676 0.087291
v 0.044228 -0.812676 0.087291
v -0.268884 -0.894868 -0.143629
v -0.268884 -0.879212 -0.143629
v -0.268884 -0.879212 -0.147543
v -0.081017 -0.906610 0.036410
v -0.077103 -0.902696 0.036410
v -0.065361 -0.910524 0.036410
v -0.073189 -0.898782 0.036410
v -0.057534 -0.906610 0.040324
v -0.041878 -0.910524 0.048152
v -0.057534 -0.902696 0.048152
v -0.041878 -0.910524 0.071635
v -0.026222 -0.918352 0.071635
v 0.052056 -0.902696 0.071635
v 0.052056 -0.902696 0.048152
v -0.010567 -0.922266 0.071635
v -0.077103 -0.902696 0.071635
v -0.069275 -0.898782 0.067721
v -0.092759 -0.879212 0.071635
v -0.053620 -0.812676 0.067721
v -0.088845 -0.847902 0.067721
v -0.081017 -0.875299 0.067721
v 0.067711 -0.898782 0.067721
v -0.092759 -0.894868 -0.081007
v 0.091195 -0.898782 0.032496
v -0.073189 -0.894868 0.040324
v -0.069275 -0.890954 0.048152
v 0.055970 -0.906610 0.040324
v 0.067711 -0.890954 0.048152
v 0.067711 -0.894868 0.040324
v 0.071625 -0.898782 0.036410
v -0.092759 -0.914438 0.052066
v -0.092759 -0.914438 0.059894
v -0.088845 -0.910524 0.055980
v -0.104500 -0.898782 0.052066
v -0.108414 -0.902696 0.052066
v -0.108414 -0.898782 0.055980
v 0.091195 -0.898782 0.052066
v 0.079453 -0.914438 0.052066
v 0.079453 -0.914438 0.059894
v 0.091195 -0.898782 0.059894
v 0.087281 -0.894868 0.055980
v 0.087281 -0.894868 0.052066
v 0.079453 -0.910524 0.048152
v 0.075539 -0.910524 0.055980
v -0.088845 -0.906610 0.059894
v -0.104500 -0.894868 0.059894
v -0.100586 -0.894868 0.055980
v 0.091195 -0.894868 -0.081007
v 0.099022 -0.883126 0.032496
v 0.099022 -0.883126 -0.081007
v 0.087281 -0.894868 -0.088834
v -0.088845 -0.890954 0.036410
v -0.084931 -0.890954 0.032496
v 0.083367 -0.883126 0.036410
v 0.083367 -0.890954 0.032496
v 0.075539 -0.902696 0.036410
v 0.087281 -0.894868 0.036410
v -0.057534 -0.902696 0.071635
v -0.069275 -0.890954 0.071635
v -0.261056 -0.875299 -0.151457
v -0.272798 -0.855730 -0.147543
v -0.268884 -0.855730 -0.151457
v -0.100586 -0.875299 -0.088834
v -0.104500 -0.859644 -0.088834
v -0.108414 -0.863558 -0.081007
v -0.100586 -0.879212 -0.081007
v -0.092759 -0.894868 0.036410
v -0.100586 -0.879212 0.036410
v 0.095108 -0.883126 0.036410
v 0.271233 -0.867471 -0.143629
v 0.271233 -0.867471 0.067721
v 0.267320 -0.887040 0.067721
v 0.267320 -0.867471 0.071635
v 0.263406 -0.867471 0.075549
v 0.114678 -0.828332 0.075549
v 0.099022 -0.851815 0.075549
v 0.067711 -0.890954 0.071635
v 0.075539 -0.875299 0.071635
v 0.079453 -0.875299 0.067721
v -0.084931 -0.883126 0.036410
v -0.096672 -0.875299 0.036410
v -0.096672 -0.867471 0.036410
v -0.081017 -0.879212 0.040324
v -0.100586 -0.851815 0.075549
v -0.112328 -0.859643 0.075549
v 0.087281 -0.847902 0.067721
v 0.052056 -0.812676 0.067721
v 0.095108 -0.879212 -0.088834
v 0.106850 -0.867471 -0.081007
v 0.102936 -0.863558 -0.088834
v -0.108414 -0.843988 -0.088834
v -0.088845 -0.863558 0.040324
v -0.081017 -0.879212 0.048152
v 0.079453 -0.879212 0.040324
v 0.075539 -0.879212 0.048152
v 0.087281 -0.863558 0.040324
v 0.091195 -0.867471 0.036410
v -0.268884 -0.879212 0.067721
v -0.272798 -0.855730 0.067721
v -0.116242 -0.828332 0.075549
v -0.264970 -0.855729 0.075549
v 0.091195 -0.879212 0.032496
v 0.099022 -0.863558 0.032496
v 0.102936 -0.867471 0.036410
v -0.108414 -0.863558 0.036410
v -0.088845 -0.863558 0.048152
v -0.081017 -0.879212 0.071635
v 0.083367 -0.863557 0.071635
v 0.083367 -0.863558 0.048152
v 0.263406 -0.867471 -0.151457
v -0.280625 -0.808763 -0.151457
v 0.271233 -0.836160 -0.151457
v 0.275147 -0.836160 -0.147543
v 0.267320 -0.867471 -0.147543
v 0.275147 -0.836160 -0.143629
v -0.112328 -0.887040 0.048152
v -0.116242 -0.887040 0.052066
v -0.108414 -0.883126 0.055980
v -0.104500 -0.883126 0.052066
v -0.112328 -0.867471 0.052066
v -0.120156 -0.871385 0.052066
v -0.116242 -0.871385 0.055980
v -0.112328 -0.867471 0.055980
v 0.099022 -0.887040 0.048152
v 0.102936 -0.887040 0.052066
v 0.110764 -0.871385 0.052066
v 0.106850 -0.867471 0.052066
v 0.095108 -0.883126 0.052066
v 0.099022 -0.883126 0.055980
v 0.110764 -0.871385 0.055980
v 0.106850 -0.867471 0.055980
v 0.275147 -0.836159 0.067721
v 0.275147 -0.836159 0.071635
v 0.106850 -0.867471 0.032496
v 0.110764 -0.851816 0.032496
v -0.272798 -0.855730 -0.143629
v -0.284539 -0.812676 0.067721
v -0.284539 -0.812677 -0.143629
v -0.272798 -0.855729 0.071635
v -0.284539 -0.812676 0.071635
v -0.096672 -0.847902 0.040324
v -0.092759 -0.847902 0.048152
v -0.088845 -0.863557 0.071635
v -0.104500 -0.859644 0.036410
v -0.112328 -0.847902 0.036410
v -0.108414 -0.843988 0.036410
v -0.100586 -0.847902 0.036410
v -0.092759 -0.824418 0.067721
v -0.104500 -0.824418 0.075549
v 0.102936 -0.824418 0.075549
v 0.091195 -0.824418 0.067721
v -0.037964 -0.812676 0.087291
v -0.034050 -0.750054 0.079463
v -0.030136 -0.812676 0.087291
v -0.026222 -0.750054 0.083377
v -0.030136 -0.750054 0.087291
v 0.044228 -0.812676 0.079463
v 0.040314 -0.750054 0.083377
v 0.040314 -0.750054 0.079463
v -0.053620 -0.750054 0.083377
v -0.034050 -0.750054 0.083377
v 0.012917 -0.750054 0.083377
v 0.009003 -0.812676 0.087291
v 0.048142 -0.750054 0.083377
v 0.044228 -0.750054 0.087291
v 0.009003 -0.750054 0.087291
v 0.005089 -0.750054 0.083377
v 0.286889 -0.797021 -0.143629
v 0.286889 -0.797020 0.067721
v 0.110764 -0.851816 -0.081007
v 0.110764 -0.832245 0.032496
v 0.110764 -0.832245 -0.081007
v 0.106850 -0.847902 -0.088834
v -0.104500 -0.828332 0.036410
v 0.095108 -0.847902 0.036410
v 0.091195 -0.847902 0.040324
v 0.099022 -0.828332 0.036410
v 0.102936 -0.847902 0.032496
v 0.106850 -0.847902 0.036410
v 0.106850 -0.832245 0.036410
v -0.116242 -0.867471 0.059894
v -0.124070 -0.863558 0.055980
v -0.124070 -0.863558 0.063807
v -0.116242 -0.863558 0.063807
v -0.108414 -0.863558 0.059894
v -0.116242 -0.855730 0.052066
v 0.106850 -0.867471 0.059894
v 0.106850 -0.863558 0.055980
v 0.099022 -0.863558 0.059894
v 0.106850 -0.863558 0.063807
v 0.114678 -0.863558 0.063807
v 0.114678 -0.863558 0.055980
v 0.271233 -0.836159 0.075549
v 0.286889 -0.797020 0.071635
v 0.282975 -0.797020 0.075549
v 0.110764 -0.797020 0.075549
v -0.112328 -0.828332 -0.088834
v -0.108414 -0.812676 -0.088834
v -0.112328 -0.812676 -0.081007
v -0.112328 -0.832245 -0.081007
v -0.112328 -0.847902 -0.081007
v 0.087281 -0.843987 0.071635
v 0.087281 -0.843988 0.048152
v -0.120156 -0.851816 0.055980
v 0.110764 -0.851816 0.055980
v 0.110764 -0.851816 0.063807
v 0.106850 -0.851816 0.059894
v -0.096672 -0.828332 0.040324
v -0.096672 -0.828332 0.048152
v -0.092759 -0.847901 0.071635
v -0.284539 -0.812677 -0.147543
v -0.296281 -0.761796 -0.143629
v -0.296281 -0.761796 -0.147543
v -0.280625 -0.808762 0.075549
v -0.112328 -0.797020 0.075549
v -0.292367 -0.761796 0.075549
v -0.296281 -0.761796 0.071635
v -0.100586 -0.797020 0.075549
v 0.099022 -0.797020 0.075549
v 0.106850 -0.832245 -0.088834
v 0.110764 -0.816590 -0.081007
v 0.106850 -0.816590 -0.088834
v -0.104500 -0.797020 -0.088834
v 0.102936 -0.832245 0.032496
v 0.102936 -0.812676 0.032496
v 0.106850 -0.812676 0.036410
v -0.112328 -0.832245 0.036410
v -0.112328 -0.812676 0.036410
v -0.108414 -0.828332 0.036410
v -0.108414 -0.812676 0.036410
v -0.100586 -0.812676 0.036410
v 0.095108 -0.828332 0.040324
v 0.091195 -0.828332 0.048152
v 0.091195 -0.812676 0.040324
v 0.099022 -0.812676 0.036410
v -0.096672 -0.812676 0.040324
v -0.092759 -0.812676 0.048152
v -0.096672 -0.828332 0.071635
v 0.091195 -0.828332 0.071635
v 0.091195 -0.812676 0.071635
v -0.292367 -0.761796 -0.151457
v -0.304109 -0.714830 -0.147543
v -0.300195 -0.714830 -0.151457
v 0.282975 -0.797021 -0.151457
v 0.286889 -0.797021 -0.147543
v 0.294717 -0.753969 -0.147543
v 0.294717 -0.753969 -0.143629
v 0.294717 -0.753968 0.067721
v 0.110764 -0.816590 0.032496
v 0.106850 -0.797020 0.032496
v -0.108414 -0.797020 -0.081007
v -0.108414 -0.797020 0.036410
v 0.095108 -0.793108 0.036410
v 0.099022 -0.797020 0.032496
v -0.104500 -0.797020 0.036410
v -0.096672 -0.793108 0.036410
v 0.091195 -0.812676 0.048152
v 0.087281 -0.793108 0.071635
v 0.087281 -0.793108 0.048152
v 0.087281 -0.793108 0.040324
v -0.092759 -0.793108 0.040324
v -0.088845 -0.797020 0.048152
v -0.092759 -0.812676 0.071635
v -0.088845 -0.797020 0.067721
v -0.081017 -0.773538 0.067721
v -0.092759 -0.769624 0.075549
v 0.087281 -0.797020 0.067721
v 0.091195 -0.769624 0.075549
v 0.079453 -0.773538 0.067721
v 0.106850 -0.797020 -0.081007
v 0.102936 -0.781366 0.032496
v 0.102936 -0.781366 -0.081007
v 0.102936 -0.797020 -0.088834
v -0.100586 -0.781366 -0.088834
v -0.092759 -0.765710 -0.088834
v -0.096672 -0.765710 -0.081007
v -0.104500 -0.781366 -0.081007
v -0.296281 -0.761796 0.067721
v -0.304109 -0.714830 0.067721
v 0.102936 -0.797020 0.036410
v 0.099022 -0.781366 0.036410
v -0.104500 -0.781366 0.036410
v -0.100586 -0.781366 0.040324
v -0.100586 -0.789194 0.032496
v -0.092759 -0.777452 0.036410
v -0.088845 -0.777452 0.036410
v 0.083367 -0.777452 0.040324
v 0.087281 -0.777452 0.036410
v -0.053620 -0.750054 0.067721
v -0.053620 -0.750054 0.075549
v -0.069275 -0.753968 0.067721
v 0.052056 -0.750054 0.067721
v 0.067711 -0.753968 0.067721
v 0.052056 -0.750054 0.075549
v -0.084931 -0.777452 0.040324
v -0.081017 -0.781366 0.048152
v -0.088845 -0.797020 0.071635
v -0.049706 -0.750054 0.087291
v -0.053620 -0.730484 0.083377
v -0.053620 -0.730484 0.075549
v -0.022308 -0.750054 0.075549
v 0.001175 -0.750054 0.075549
v -0.018395 -0.734398 0.075549
v 0.009003 -0.730484 0.087291
v 0.005089 -0.730484 0.083377
v 0.001175 -0.734398 0.075549
v 0.032486 -0.750054 0.075549
v 0.032486 -0.734398 0.075549
v 0.016831 -0.750054 0.075549
v 0.016831 -0.734398 0.075549
v 0.016831 -0.730484 0.083377
v 0.075539 -0.750054 0.075549
v 0.052056 -0.730484 0.075549
v 0.048142 -0.730484 0.083377
v -0.045792 -0.750054 0.079463
v -0.045792 -0.730484 0.075549
v -0.045792 -0.750054 0.083377
v -0.049706 -0.730484 0.087291
v -0.030136 -0.730484 0.083377
v -0.034050 -0.730484 0.075549
v 0.044228 -0.730484 0.087291
v 0.290803 -0.753969 -0.151457
v -0.300195 -0.679605 -0.151457
v 0.290803 -0.730484 -0.151457
v 0.294717 -0.730484 -0.147543
v 0.298631 -0.730484 -0.143629
v 0.298631 -0.730484 0.067721
v 0.099022 -0.781366 -0.088834
v 0.095108 -0.765710 -0.081007
v 0.091195 -0.765710 -0.088834
v -0.081017 -0.753968 -0.088834
v 0.095108 -0.781366 0.032496
v 0.087281 -0.765710 0.032496
v 0.091195 -0.765710 0.036410
v -0.096672 -0.765710 0.036410
v -0.073189 -0.765710 0.040324
v -0.073189 -0.765710 0.048152
v -0.081017 -0.781366 0.071635
v 0.294717 -0.753968 0.071635
v 0.294717 -0.730484 0.071635
v 0.290803 -0.753968 0.075549
v -0.104500 -0.765710 0.075549
v -0.077103 -0.750054 0.075549
v -0.084931 -0.738312 0.075549
v -0.300195 -0.714830 0.075549
v 0.102936 -0.765710 0.075549
v 0.083367 -0.738312 0.075549
v -0.092759 -0.773538 0.032496
v -0.084931 -0.765710 0.036410
v -0.077103 -0.761796 0.036410
v 0.079453 -0.777452 0.071635
v 0.079453 -0.777452 0.048152
v -0.092759 -0.765710 0.036410
v 0.095108 -0.765710 0.032496
v 0.083367 -0.750054 0.032496
v -0.061447 -0.753968 0.048152
v -0.073189 -0.765710 0.071635
v -0.084931 -0.750054 0.036410
v -0.081017 -0.753968 0.036410
v 0.075539 -0.761796 0.036410
v 0.071625 -0.761796 0.040324
v 0.063797 -0.750054 0.036410
v 0.075539 -0.753968 0.032496
v -0.077103 -0.753968 0.032496
v -0.065361 -0.750054 0.036410
v 0.071625 -0.765710 0.048152
v 0.059883 -0.750054 0.048152
v 0.059883 -0.750054 0.040324
v 0.071625 -0.765710 0.071635
v 0.059883 -0.750054 0.071635
v -0.104500 -0.773538 0.048152
v -0.100586 -0.777452 0.052066
v -0.096672 -0.773538 0.044238
v -0.100586 -0.769624 0.040324
v -0.092759 -0.757882 0.048152
v -0.092759 -0.757882 0.052066
v -0.104500 -0.769624 0.055980
v -0.088845 -0.761796 0.055980
v -0.088845 -0.761796 0.048152
v -0.084931 -0.750054 -0.081007
v -0.073189 -0.738312 -0.081007
v 0.083367 -0.750054 -0.081007
v 0.071625 -0.738312 0.032496
v 0.071625 -0.738312 -0.081007
v 0.079453 -0.753968 -0.088834
v -0.069275 -0.742226 -0.088834
v -0.057534 -0.730484 -0.088834
v -0.057534 -0.726570 -0.081007
v 0.079453 -0.753968 0.036410
v 0.067711 -0.742226 0.036410
v -0.073189 -0.738312 0.036410
v -0.069275 -0.742226 0.036410
v -0.061447 -0.750054 0.040324
v -0.049706 -0.738312 0.036410
v -0.045792 -0.742226 0.040324
v -0.045792 -0.742226 0.048152
v 0.044228 -0.742226 0.071635
v 0.044228 -0.742226 0.048152
v -0.061447 -0.753968 0.071635
v -0.045792 -0.742226 0.071635
v -0.304109 -0.714830 -0.143629
v -0.308023 -0.679604 0.067721
v -0.308023 -0.679605 -0.143629
v -0.304109 -0.714830 0.071635
v -0.304109 -0.679604 0.071635
v 0.290803 -0.710916 -0.151457
v 0.294717 -0.710916 -0.147543
v 0.067711 -0.742226 -0.088834
v 0.055970 -0.730484 -0.081007
v 0.055970 -0.734398 -0.088834
v -0.041878 -0.722656 -0.088834
v -0.084931 -0.753968 0.020755
v -0.084931 -0.753968 0.036410
v -0.088845 -0.750054 0.032496
v -0.088845 -0.750054 0.020755
v -0.073189 -0.738312 0.020755
v -0.069275 -0.742226 0.020755
v -0.069275 -0.742226 0.032496
v -0.065361 -0.742226 0.032496
v -0.057534 -0.730484 0.036410
v -0.053620 -0.734398 0.032496
v 0.063797 -0.742226 0.032496
v 0.048142 -0.738312 0.036410
v 0.052056 -0.734398 0.032496
v 0.055970 -0.730484 0.036410
v -0.073189 -0.738312 0.032496
v 0.294717 -0.710916 0.071635
v 0.290803 -0.710916 0.075549
v 0.290803 -0.730484 0.075549
v 0.286889 -0.695260 0.075549
v 0.282975 -0.683518 0.075549
v 0.279061 -0.671776 0.075549
v 0.271233 -0.663948 0.075549
v 0.263406 -0.660034 0.075549
v 0.255578 -0.656120 0.075549
v 0.247750 -0.656120 0.075549
v 0.236009 -0.656120 0.075549
v 0.173386 -0.675690 0.075549
v 0.134247 -0.679604 0.075549
v 0.099022 -0.675690 0.075549
v -0.057534 -0.726570 0.036410
v 0.044228 -0.742226 0.040324
v 0.032486 -0.730484 0.036410
v 0.036400 -0.726570 0.032496
v 0.028572 -0.734398 0.071635
v 0.028572 -0.734398 0.048152
v -0.002739 -0.730484 0.075549
v -0.018395 -0.730484 0.075549
v -0.022308 -0.730484 0.083377
v 0.036400 -0.730484 0.079463
v 0.028572 -0.730484 0.075549
v 0.020745 -0.730484 0.075549
v -0.034050 -0.710916 0.079463
v -0.045792 -0.710916 0.079463
v 0.036400 -0.730484 0.083377
v 0.040314 -0.710916 0.087291
v 0.032486 -0.710916 0.083377
v -0.045792 -0.730484 0.083377
v -0.049706 -0.710916 0.087291
v -0.026222 -0.730484 0.087291
v -0.022308 -0.710916 0.087291
v -0.030136 -0.710916 0.083377
v 0.071625 -0.742226 0.028582
v 0.067711 -0.746140 0.040324
v 0.071625 -0.738312 0.040324
v 0.071625 -0.738312 0.028582
v 0.055970 -0.730484 0.028582
v 0.052056 -0.734398 0.028582
v 0.052056 -0.734398 0.036410
v 0.040314 -0.722656 0.036410
v 0.040314 -0.722656 0.032496
v 0.055970 -0.730484 0.032496
v -0.041878 -0.722656 -0.081007
v -0.041878 -0.722656 0.036410
v -0.034050 -0.730484 0.036410
v -0.037964 -0.726570 0.032496
v -0.022308 -0.722656 0.032496
v -0.014481 -0.726570 0.036410
v -0.030136 -0.734398 0.040324
v -0.030136 -0.734398 0.048152
v -0.014481 -0.730484 0.048152
v -0.030136 -0.734398 0.071635
v 0.028572 -0.734398 0.040324
v 0.012917 -0.730484 0.048152
v 0.012917 -0.730484 0.040324
v 0.012917 -0.726570 0.036410
v -0.026222 -0.718744 0.036410
v -0.053620 -0.710916 0.083377
v -0.073189 -0.546531 0.075549
v -0.155381 -0.546531 0.075549
v -0.190606 -0.554359 0.075549
v -0.221917 -0.566101 0.075549
v -0.245400 -0.581756 0.075549
v -0.268884 -0.601326 0.075549
v -0.284539 -0.620896 0.075549
v -0.292367 -0.644379 0.075549
v -0.300195 -0.679604 0.075549
v 0.040314 -0.722656 -0.081007
v 0.024658 -0.714830 0.032496
v 0.024658 -0.714830 -0.081007
v 0.040314 -0.726570 -0.088834
v -0.026222 -0.718744 -0.088834
v -0.006653 -0.714830 -0.088834
v -0.006653 -0.710916 -0.081007
v -0.026222 -0.714830 -0.081007
v 0.020745 -0.722656 0.032496
v 0.024658 -0.718744 0.036410
v -0.014481 -0.730484 0.040324
v 0.001175 -0.722656 0.036410
v 0.001175 -0.726570 0.040324
v 0.001175 -0.730484 0.048152
v 0.012917 -0.730484 0.071635
v -0.002739 -0.730484 0.071635
v -0.014481 -0.730484 0.071635
v 0.005089 -0.710916 0.087291
v -0.002739 -0.710916 0.083377
v -0.002739 -0.726570 0.083377
v 0.020745 -0.726570 0.083377
v 0.020745 -0.710916 0.083377
v 0.012917 -0.710916 0.087291
v -0.292367 -0.644379 -0.151457
v -0.304109 -0.679605 -0.147543
v -0.296281 -0.644379 -0.147543
v -0.284539 -0.620896 -0.151457
v 0.294717 -0.710916 -0.143629
v 0.290803 -0.695260 -0.147543
v 0.294717 -0.695260 -0.143629
v 0.294717 -0.710916 0.067721
v 0.005089 -0.718744 0.032496
v 0.294717 -0.695260 0.067721
v 0.290803 -0.695260 0.071635
v -0.018395 -0.726570 0.083377
v 0.028572 -0.726570 0.083377
v 0.048142 -0.710916 0.083377
v 0.052056 -0.624810 0.075549
v 0.048142 -0.628724 0.083377
v 0.075539 -0.660034 0.075549
v 0.102936 -0.671776 0.071635
v 0.079453 -0.656120 0.071635
v 0.059883 -0.640465 0.075549
v 0.063797 -0.636551 0.071635
v 0.055970 -0.620896 0.071635
v 0.052056 -0.546531 0.075549
v 0.040314 -0.628724 0.087291
v 0.032486 -0.628724 0.083377
v -0.053620 -0.628724 0.083377
v -0.022308 -0.628724 0.087291
v -0.030136 -0.628724 0.091205
v -0.034050 -0.628724 0.083377
v -0.018395 -0.710916 0.083377
v -0.014481 -0.628724 0.083377
v 0.016831 -0.628724 0.083377
v 0.012917 -0.628724 0.087291
v 0.024658 -0.718744 -0.088834
v 0.009003 -0.710916 -0.081007
v 0.009003 -0.714830 -0.088834
v -0.006653 -0.718744 0.032496
v -0.010567 -0.714830 0.036410
v 0.009003 -0.714830 0.036410
v -0.026222 -0.714830 0.036410
v -0.010567 -0.710916 0.036410
v 0.009003 -0.710916 0.036410
v 0.099022 -0.675691 -0.151457
v 0.134247 -0.679605 -0.151457
v 0.173386 -0.675691 -0.151457
v 0.286889 -0.695260 -0.151457
v 0.282975 -0.683518 -0.151457
v 0.286889 -0.683518 -0.147543
v 0.286889 -0.683518 0.071635
v -0.034050 -0.546531 0.087291
v -0.045792 -0.546531 0.087291
v -0.045792 -0.628724 0.083377
v -0.053620 -0.546531 0.079463
v 0.005089 -0.628724 0.091205
v 0.001175 -0.546531 0.079463
v -0.002739 -0.628724 0.095119
v -0.002739 -0.546531 0.087291
v -0.014481 -0.546531 0.087291
v 0.036400 -0.546531 0.079463
v 0.020745 -0.546531 0.087291
v 0.044228 -0.546531 0.087291
v 0.173386 -0.671777 -0.147543
v 0.236009 -0.656121 -0.151457
v 0.247750 -0.656121 -0.151457
v 0.255578 -0.656121 -0.151457
v 0.263406 -0.660035 -0.151457
v 0.271233 -0.663949 -0.151457
v 0.279061 -0.671777 -0.151457
v 0.286889 -0.683518 -0.143629
v 0.279061 -0.671777 -0.147543
v 0.282975 -0.671777 -0.143629
v 0.286889 -0.683518 0.067721
v 0.282975 -0.671776 0.067721
v 0.279061 -0.671776 0.071635
v 0.271233 -0.663948 0.071635
v 0.134247 -0.675691 -0.147543
v 0.102936 -0.671777 -0.147543
v 0.134247 -0.675691 -0.143629
v 0.173386 -0.667863 -0.143629
v -0.300195 -0.644379 -0.143629
v -0.300195 -0.644379 0.067721
v -0.288453 -0.616982 -0.143629
v -0.288453 -0.616982 -0.147543
v -0.296281 -0.644379 0.071635
v -0.288453 -0.616982 0.071635
v 0.134247 -0.675690 0.071635
v 0.173386 -0.671776 0.071635
v 0.173386 -0.667862 0.067721
v 0.134247 -0.675690 0.067721
v 0.236009 -0.652206 0.071635
v 0.079453 -0.660035 -0.147543
v 0.075539 -0.663949 -0.151457
v 0.059883 -0.640465 -0.151457
v 0.063797 -0.636551 -0.147543
v 0.079453 -0.656121 -0.143629
v -0.268884 -0.601327 -0.151457
v 0.102936 -0.671777 -0.143629
v 0.102936 -0.671776 0.067721
v 0.079453 -0.656120 0.067721
v 0.236009 -0.652206 0.067721
v 0.236009 -0.652207 -0.143629
v 0.063797 -0.636551 -0.143629
v 0.247750 -0.652207 -0.143629
v 0.247750 -0.652207 -0.147543
v 0.236009 -0.652207 -0.147543
v 0.271233 -0.663949 -0.147543
v 0.263406 -0.656121 -0.147543
v 0.267320 -0.656121 -0.143629
v 0.275147 -0.660035 -0.143629
v 0.267320 -0.656120 0.067721
v 0.275147 -0.660034 0.067721
v 0.263406 -0.656120 0.071635
v 0.063797 -0.636551 0.067721
v -0.268884 -0.597413 -0.147543
v -0.245400 -0.581757 -0.151457
v 0.255578 -0.652207 -0.147543
v 0.255578 -0.652207 -0.143629
v 0.255578 -0.652206 0.067721
v 0.255578 -0.652206 0.071635
v 0.247750 -0.652206 0.067721
v 0.247750 -0.652206 0.071635
v -0.288453 -0.616982 0.067721
v -0.268884 -0.597412 0.071635
v -0.272798 -0.597412 0.067721
v -0.272798 -0.597413 -0.143629
v 0.048142 -0.616982 -0.151457
v -0.221917 -0.566101 -0.151457
v 0.048142 -0.593499 -0.151457
v 0.052056 -0.613068 -0.147543
v 0.052056 -0.593499 -0.147543
v 0.055970 -0.613068 -0.143629
v 0.052056 -0.593499 -0.143629
v 0.055970 -0.613068 0.067721
v -0.045792 -0.499564 0.087291
v -0.053620 -0.499564 0.075549
v -0.057534 -0.534791 0.071635
v -0.073189 -0.538704 0.071635
v -0.022308 -0.546531 0.079463
v -0.014481 -0.499564 0.087291
v -0.030136 -0.499564 0.087291
v -0.030136 -0.546531 0.087291
v 0.012917 -0.546531 0.079463
v 0.020745 -0.499564 0.087291
v 0.009003 -0.499564 0.079463
v 0.044228 -0.499564 0.087291
v 0.036400 -0.499564 0.083377
v -0.249314 -0.577843 -0.147543
v 0.052056 -0.593498 0.067721
v 0.052056 -0.542617 -0.143629
v 0.052056 -0.542617 0.067721
v -0.249314 -0.577843 -0.143629
v -0.249314 -0.577842 0.067721
v -0.221917 -0.558273 -0.143629
v -0.249314 -0.577842 0.071635
v -0.221917 -0.562187 0.071635
v -0.221917 -0.558273 0.067721
v -0.190606 -0.554359 -0.151457
v -0.221917 -0.558273 -0.147543
v -0.194520 -0.550445 -0.147543
v -0.155381 -0.546531 -0.151457
v 0.048142 -0.542617 -0.151457
v -0.116242 -0.542617 -0.151457
v -0.053620 -0.538704 -0.151457
v 0.005089 -0.538704 -0.151457
v 0.040314 -0.538704 -0.151457
v 0.052056 -0.538704 -0.147543
v 0.052056 -0.542617 -0.147543
v -0.194520 -0.546531 0.067721
v -0.194520 -0.546531 -0.143629
v -0.194520 -0.550445 0.071635
v -0.155381 -0.542617 0.071635
v -0.159295 -0.538704 0.067721
v -0.159295 -0.538704 -0.143629
v -0.155381 -0.542617 -0.147543
v -0.116242 -0.534790 -0.143629
v -0.116242 -0.538704 -0.147543
v -0.116242 -0.534791 0.067721
v -0.116242 -0.542617 0.075549
v -0.116242 -0.538704 0.071635
v 0.052056 -0.499564 0.075549
v 0.052056 -0.499564 0.067721
v 0.052056 -0.366493 0.075549
v -0.002739 -0.499564 0.087291
v 0.009003 -0.366493 0.087291
v -0.002739 -0.366493 0.083377
v 0.040314 -0.366493 0.087291
v 0.032486 -0.366493 0.083377
v -0.037964 -0.499564 0.083377
v -0.030136 -0.366493 0.087291
v -0.037964 -0.366493 0.087291
v -0.053620 -0.534790 -0.147543
v 0.052056 -0.538704 -0.143629
v 0.044228 -0.534790 -0.147543
v 0.044228 -0.534790 -0.143629
v 0.044228 -0.530877 0.036410
v 0.052056 -0.534790 0.044238
v 0.044228 -0.507393 0.059894
v -0.061447 -0.534791 0.067721
v -0.061447 -0.534790 0.024669
v -0.053620 -0.534790 -0.143629
v 0.005089 -0.534790 -0.147543
v 0.005089 -0.530877 -0.143629
v -0.057534 -0.511307 0.063808
v -0.010567 -0.526963 -0.127973
v 0.001175 -0.526963 -0.131887
v 0.012917 -0.526963 -0.124059
v -0.045792 -0.519135 0.044238
v -0.010567 -0.523049 0.024669
v -0.010567 -0.523049 -0.096662
v -0.018395 -0.526963 -0.104490
v -0.018395 -0.526963 -0.120145
v -0.014481 -0.515221 -0.108404
v -0.014481 -0.519135 -0.116232
v -0.010567 -0.519135 -0.124059
v 0.001175 -0.519135 -0.127973
v 0.009003 -0.519135 -0.124059
v 0.012917 -0.515221 -0.112318
v 0.016831 -0.523049 -0.112318
v 0.012917 -0.523049 -0.100576
v 0.009003 -0.523049 0.024669
v 0.032486 -0.515221 0.048152
v 0.001175 -0.511307 -0.124059
v 0.001175 -0.523049 -0.096662
v 0.001175 -0.515221 -0.096662
v -0.010567 -0.515221 -0.100576
v 0.009003 -0.511307 -0.120145
v 0.012917 -0.511307 -0.112318
v 0.009003 -0.515221 -0.100576
v -0.014481 -0.515221 0.040324
v -0.041878 -0.507393 0.059894
v -0.014481 -0.499564 0.052066
v 0.012917 -0.499564 0.052066
v 0.012917 -0.515221 0.044238
v 0.028572 -0.503479 0.055980
v -0.006653 -0.511307 -0.124059
v -0.014481 -0.511307 -0.116232
v -0.002739 -0.507393 -0.120145
v 0.005089 -0.507393 -0.116232
v -0.014481 -0.511307 -0.108404
v -0.010567 -0.507393 -0.112318
v -0.053620 -0.495651 0.067721
v -0.045792 -0.491737 0.063808
v -0.006653 -0.511307 -0.100576
v 0.009003 -0.511307 -0.104490
v 0.005089 -0.507393 -0.108404
v 0.001175 -0.511307 -0.100576
v -0.002739 -0.507393 -0.104490
v 0.028572 -0.487823 0.059894
v 0.044228 -0.491737 0.063808
v -0.002739 -0.507393 -0.112318
v -0.045792 -0.362579 0.063808
v -0.014481 -0.483909 0.059894
v 0.044228 -0.362579 0.063808
v 0.052056 -0.366493 0.067721
v 0.012917 -0.483909 0.059894
v 0.012917 -0.358665 0.059894
v 0.028572 -0.362579 0.059894
v 0.048142 -0.237334 0.067721
v 0.048142 -0.237334 0.075549
v -0.045792 -0.366493 0.083377
v -0.037964 -0.237334 0.087291
v -0.045792 -0.237334 0.079463
v -0.053620 -0.366493 0.075549
v -0.049706 -0.237334 0.075549
v -0.053620 -0.362579 0.067721
v 0.020745 -0.366493 0.087291
v 0.020745 -0.237334 0.083377
v -0.014481 -0.366493 0.087291
v -0.002739 -0.237334 0.087291
v -0.014481 -0.237334 0.083377
v 0.040314 -0.237334 0.083377
v -0.049706 -0.237334 0.067721
v -0.041878 -0.237334 0.063808
v 0.028572 -0.237334 0.059894
v 0.040314 -0.237334 0.063808
v -0.014481 -0.358665 0.059894
v -0.014481 -0.237334 0.059894
v 0.012917 -0.237334 0.059894
v 0.009003 -0.237334 0.087291
v 0.009003 -0.108176 0.083377
v 0.032486 -0.237334 0.087291
v 0.036400 -0.108176 0.083377
v 0.020745 -0.108176 0.087291
v -0.030136 -0.237334 0.087291
v -0.014481 -0.108176 0.083377
v -0.030136 -0.108176 0.087291
v 0.028572 -0.112090 0.059894
v 0.040314 -0.108176 0.063808
v 0.012917 -0.112090 0.059894
v -0.014481 -0.112090 0.059894
v -0.037964 -0.108176 0.063808
v -0.014481 0.009242 0.059894
v 0.012917 0.009242 0.059894
v 0.024658 0.013156 0.059894
v -0.045792 -0.108176 0.067721
v -0.037964 0.017070 0.063808
v -0.041878 -0.108176 0.079463
v -0.045792 -0.108176 0.075549
v 0.044228 -0.108176 0.067721
v 0.036400 0.017070 0.063808
v 0.040314 0.020984 0.067721
v 0.044228 -0.108176 0.075549
v 0.040314 0.020984 0.075549
v 0.036400 0.020984 0.079463
v -0.037964 -0.108176 0.083377
v -0.030136 0.020984 0.083377
v -0.037964 0.020984 0.083377
v -0.002739 -0.108176 0.087291
v 0.009003 0.020984 0.083377
v -0.002739 0.020984 0.083377
v 0.024658 0.020984 0.087291
v -0.014481 0.048380 0.059894
v 0.012917 0.048380 0.059894
v 0.024658 0.052294 0.059894
v 0.036400 0.056208 0.063808
v -0.041878 0.020984 0.067721
v -0.041878 0.020984 0.075549
v -0.041878 0.060121 0.067721
v -0.034050 0.056208 0.063808
v -0.041878 0.020984 0.079463
v -0.034050 0.060121 0.083377
v -0.037964 0.060121 0.079463
v -0.014481 0.020984 0.083377
v -0.002739 0.060121 0.083377
v -0.014481 0.060121 0.083377
v 0.036400 0.060121 0.079463
v 0.024658 0.060121 0.087291
v -0.014481 0.064035 0.055980
v 0.012917 0.064035 0.055980
v 0.024658 0.067949 0.055980
v 0.040314 0.060121 0.067721
v 0.036400 0.071863 0.059894
v 0.040314 0.075777 0.067721
v 0.040314 0.060121 0.075549
v -0.041878 0.060121 0.075549
v -0.037964 0.075777 0.075549
v -0.041878 0.075777 0.071635
v 0.040314 0.075777 0.071635
v 0.036400 0.075777 0.079463
v -0.030136 0.060121 0.087291
v -0.030136 0.075777 0.083377
v 0.009003 0.060121 0.087291
v 0.009003 0.075777 0.083377
v -0.002739 0.075777 0.083377
v -0.034050 0.067949 0.059894
v -0.034050 0.075777 0.048152
v -0.041878 0.071863 0.063808
v 0.036400 0.075777 0.048152
v 0.040314 0.087520 0.055980
v -0.034050 0.075777 0.079463
v -0.034050 0.126658 0.067722
v 0.024658 0.075777 0.083377
v 0.036400 0.126658 0.067722
v 0.028572 0.126658 0.067722
v -0.014481 0.075777 0.083377
v -0.014481 0.126658 0.055980
v -0.026222 0.126658 0.067722
v -0.041878 0.111003 0.032496
v -0.026222 0.114917 0.028583
v -0.045792 0.122745 0.055980
v -0.041878 0.126658 0.067722
v -0.045792 0.134485 0.067722
v -0.049706 0.130572 0.055980
v -0.053620 0.114917 0.032496
v -0.061447 0.122745 0.028583
v -0.053620 0.118831 0.020755
v 0.032486 0.111003 0.028583
v 0.020745 0.122745 0.024669
v 0.032486 0.114917 0.020755
v 0.044228 0.114917 0.020755
v 0.048142 0.111003 0.032496
v 0.044228 0.126658 0.055980
v -0.037964 0.134485 0.075549
v -0.026222 0.138399 0.067722
v 0.009003 0.126658 0.055980
v 0.024658 0.138399 0.067722
v 0.009003 0.138399 0.052066
v -0.002739 0.126658 0.055980
v -0.002739 0.138399 0.052066
v -0.014481 0.138399 0.052066
v 0.055970 0.122745 0.028583
v 0.048142 0.134485 0.055980
v 0.044228 0.134485 0.071635
v -0.088845 0.111003 0.020755
v -0.081017 0.111003 0.020755
v -0.084931 0.114917 0.028583
v -0.092759 0.118831 0.028583
v -0.100586 0.118831 0.020755
v -0.096672 0.114917 0.012927
v -0.084931 0.114917 0.012927
v -0.077103 0.118831 0.012927
v -0.084931 0.126658 0.005099
v -0.073189 0.130572 0.009013
v -0.069275 0.130572 0.016841
v -0.073189 0.118831 0.020755
v -0.077103 0.118831 0.028583
v -0.069275 0.130572 0.024669
v -0.073189 0.130572 0.028583
v -0.084931 0.126658 0.032496
v 0.083367 0.111003 0.020755
v 0.091195 0.111003 0.020755
v 0.087281 0.114917 0.028583
v 0.079453 0.118831 0.028583
v 0.075539 0.118831 0.020755
v 0.075539 0.118831 0.012927
v 0.087281 0.114917 0.012927
v 0.095108 0.118831 0.012927
v 0.091195 0.126658 0.005099
v 0.099022 0.130572 0.009013
v 0.102936 0.122745 0.020755
v 0.095108 0.118831 0.028583
v 0.099022 0.130572 0.028583
v 0.091195 0.126658 0.032496
v -0.037964 0.114917 0.020755
v -0.045792 0.126658 0.009013
v -0.030136 0.122745 0.012927
v 0.052056 0.122745 0.020755
v 0.044228 0.126658 0.009013
v 0.055970 0.134485 0.012927
v 0.063797 0.134485 0.024669
v -0.100586 0.126658 0.009013
v -0.104500 0.130572 0.016841
v -0.104500 0.138399 0.009013
v -0.096672 0.134485 0.005099
v -0.092759 0.122745 0.009013
v 0.079453 0.126658 0.005099
v 0.071625 0.130572 0.009013
v 0.075539 0.142313 0.005099
v 0.087281 0.138399 0.001185
v 0.032486 0.122745 0.012927
v 0.024658 0.126658 0.012927
v 0.028572 0.134485 0.009013
v -0.022308 0.126658 0.024669
v 0.020745 0.138399 0.020755
v -0.081017 0.138399 0.032496
v -0.092759 0.134485 0.028583
v -0.034050 0.130572 0.009013
v -0.026222 0.134485 0.012927
v 0.095108 0.138399 0.028583
v 0.083367 0.134485 0.032496
v 0.067711 0.126658 0.016841
v 0.071625 0.126658 0.024669
v -0.100586 0.126658 0.024669
v -0.104500 0.138399 0.024669
v -0.053620 0.134485 0.012927
v -0.057534 0.130572 0.020755
v -0.053620 0.142313 0.052066
v -0.065361 0.134485 0.028583
v -0.073189 0.142313 0.005099
v -0.057534 0.142313 0.012927
v -0.045792 0.138399 0.009013
v 0.106850 0.134485 0.016841
v 0.102936 0.142313 0.009013
v 0.102936 0.146227 0.020755
v 0.102936 0.138399 0.024669
v 0.067711 0.142313 0.024669
v 0.048142 0.142313 0.055980
v 0.048142 0.142313 0.067722
v -0.084931 0.138399 0.001185
v -0.092759 0.146227 0.005099
v -0.084931 0.150141 0.005099
v 0.095108 0.138399 0.005099
v 0.091195 0.150141 0.005099
v 0.099022 0.150141 0.009013
v -0.041878 0.150141 0.012927
v -0.034050 0.142313 0.009013
v 0.040314 0.142313 0.009013
v 0.028572 0.146227 0.012927
v 0.036400 0.154055 0.016841
v 0.052056 0.150141 0.016841
v 0.055970 0.142313 0.012927
v -0.022308 0.142313 0.020755
v 0.020745 0.154055 0.016841
v -0.030136 0.154055 0.016841
v -0.014481 0.189281 0.036410
v -0.026222 0.185367 0.048152
v -0.026222 0.146227 0.063808
v 0.040314 0.134485 0.075549
v 0.036400 0.142313 0.071635
v 0.071625 0.150141 0.009013
v 0.083367 0.154055 0.005099
v -0.104500 0.142313 0.016841
v -0.100586 0.150141 0.020755
v -0.100586 0.154055 0.012927
v -0.069275 0.146227 0.024669
v 0.095108 0.150141 0.024669
v 0.083367 0.146227 0.028583
v -0.049706 0.142313 0.063808
v -0.041878 0.142313 0.071635
v -0.041878 0.150141 0.063808
v -0.045792 0.150141 0.048152
v -0.088845 0.157969 0.009013
v 0.071625 0.150141 0.020755
v 0.059883 0.154055 0.024669
v -0.092759 0.146227 0.028583
v -0.084931 0.154055 0.024669
v -0.092759 0.157969 0.020755
v 0.079453 0.157969 0.012927
v 0.091195 0.157969 0.009013
v 0.095108 0.157969 0.016841
v -0.061447 0.154055 0.024669
v -0.073189 0.154055 0.020755
v 0.009003 0.189281 0.036410
v 0.024658 0.185367 0.048152
v 0.024658 0.197109 0.048152
v 0.009003 0.197109 0.032497
v -0.002739 0.189281 0.036410
v -0.002739 0.197109 0.032497
v -0.014481 0.197109 0.032497
v 0.024658 0.146227 0.063808
v 0.036400 0.150141 0.063808
v -0.073189 0.150141 0.009013
v -0.081017 0.157969 0.012927
v -0.061447 0.150141 0.016841
v -0.041878 0.157969 0.016841
v -0.037964 0.157969 0.009013
v -0.026222 0.161883 0.009013
v -0.018395 0.165797 0.012927
v 0.063797 0.150141 0.016841
v 0.044228 0.150141 0.052066
v 0.055970 0.157969 0.024669
v 0.044228 0.181453 0.040324
v 0.036400 0.185367 0.052066
v 0.028572 0.161883 0.009013
v 0.040314 0.157969 0.005099
v 0.052056 0.161883 0.009013
v 0.087281 0.157969 0.020755
v -0.026222 0.197109 0.048152
v -0.037964 0.193195 0.055980
v -0.041878 0.185367 0.052066
v -0.045792 0.193195 0.052066
v -0.045792 0.181453 0.040324
v -0.049706 0.189281 0.040324
v -0.061447 0.173625 0.016841
v -0.053620 0.165797 0.020755
v 0.044228 0.189281 0.052066
v 0.036400 0.193195 0.055980
v 0.020745 0.173625 0.009013
v -0.018395 0.181453 0.009013
v 0.020745 0.189281 0.005099
v 0.024658 0.181453 -0.002729
v 0.028572 0.169711 0.001185
v -0.057534 0.173625 0.005099
v -0.049706 0.161883 0.009013
v 0.036400 0.181453 -0.006642
v 0.044228 0.169711 -0.002729
v 0.052056 0.181453 -0.002729
v 0.059883 0.169711 0.005099
v -0.045792 0.169711 -0.002729
v -0.030136 0.169711 -0.002729
v 0.059883 0.165797 0.016841
v 0.067711 0.173625 0.012927
v -0.065361 0.177539 0.005099
v -0.057534 0.181453 -0.002729
v -0.022308 0.173625 0.001185
v -0.030136 0.181453 -0.006642
v -0.022308 0.189281 -0.002729
v -0.096672 0.165797 0.009013
v -0.084931 0.165797 0.009013
v -0.092759 0.169711 0.016841
v -0.100586 0.173625 0.012927
v -0.104500 0.173625 0.005099
v -0.096672 0.173625 -0.002729
v -0.088845 0.169711 0.001185
v -0.077103 0.169711 0.001185
v -0.084931 0.177539 -0.006642
v -0.069275 0.181453 -0.002729
v -0.073189 0.169711 0.009013
v -0.077103 0.169711 0.016841
v -0.069275 0.181453 0.020755
v -0.084931 0.177539 0.020755
v 0.083367 0.165797 0.009013
v 0.095108 0.165797 0.009013
v 0.087281 0.169711 0.016841
v 0.075539 0.169711 0.016841
v 0.071625 0.169711 0.009013
v 0.075539 0.169711 0.001185
v 0.087281 0.169711 0.001185
v 0.095108 0.173625 -0.002729
v 0.087281 0.177539 -0.006642
v 0.099022 0.185367 -0.006642
v 0.102936 0.181453 0.001185
v 0.102936 0.173625 0.005099
v 0.099022 0.169711 0.012927
v 0.102936 0.181453 0.012927
v 0.095108 0.177539 0.020755
v -0.041878 0.181453 -0.006642
v -0.049706 0.193195 -0.006642
v -0.034050 0.193195 -0.010556
v -0.104500 0.181453 0.001185
v -0.096672 0.185367 -0.006642
v 0.063797 0.177539 0.001185
v 0.071625 0.181453 -0.006642
v 0.083367 0.189281 -0.010556
v 0.083367 0.177539 0.020755
v 0.067711 0.185367 0.016841
v 0.048142 0.189281 0.040324
v -0.096672 0.177539 0.020755
v -0.088845 0.189281 0.020755
v -0.100586 0.189281 0.016841
v -0.104500 0.181453 0.012927
v 0.087281 0.189281 0.020755
v -0.104500 0.193195 0.005099
v 0.102936 0.193195 -0.002729
v 0.102936 0.193195 0.009013
v -0.045792 0.201023 0.048152
v -0.049706 0.197109 0.036410
v -0.069275 0.189281 0.016841
v -0.084931 0.189281 -0.010556
v -0.092759 0.197109 -0.010556
v -0.081017 0.201023 -0.006642
v -0.073189 0.193195 -0.002729
v -0.061447 0.193195 0.001185
v -0.084931 0.201023 0.012927
v 0.099022 0.189281 0.016841
v 0.099022 0.201023 0.009013
v 0.087281 0.201023 0.012927
v -0.037964 0.204937 -0.006642
v -0.026222 0.201023 -0.006642
v 0.028572 0.193195 -0.002729
v 0.024658 0.201023 0.001185
v 0.036400 0.204937 -0.002729
v 0.044228 0.193195 -0.006642
v 0.052056 0.204937 -0.002729
v 0.055970 0.193195 -0.002729
v 0.067711 0.193195 -0.006642
v 0.067711 0.201023 -0.002729
v 0.079453 0.201023 -0.006642
v -0.104500 0.193195 -0.002729
v -0.100586 0.201023 -0.002729
v -0.018395 0.197109 0.001185
v -0.026222 0.212763 -0.002729
v 0.071625 0.197109 0.012927
v 0.048142 0.197109 0.036410
v 0.044228 0.201023 0.048152
v 0.091195 0.197109 -0.010556
v 0.087281 0.208849 -0.002729
v 0.099022 0.201023 -0.002729
v 0.079453 0.208849 0.005099
v 0.067711 0.204937 0.009013
v 0.036400 0.201023 0.052066
v -0.096672 0.201023 0.009013
v -0.088845 0.208849 0.005099
v -0.073189 0.201023 0.009013
v -0.065361 0.197109 0.012927
v -0.061447 0.201023 0.009013
v -0.069275 0.201023 0.001185
v -0.081017 0.208849 0.005099
v -0.041878 0.204937 0.032497
v -0.014481 0.247989 0.016841
v -0.026222 0.244075 0.028583
v -0.026222 0.204937 0.040324
v -0.053620 0.204937 -0.002729
v -0.053620 0.208849 0.005099
v -0.045792 0.212763 -0.002729
v -0.088845 0.208849 -0.002729
v 0.059883 0.201023 0.005099
v 0.055970 0.208849 0.005099
v 0.091195 0.208849 0.005099
v -0.037964 0.201023 0.052066
v -0.037964 0.208849 0.040324
v -0.037964 0.240161 0.032497
v -0.045792 0.236247 0.024669
v 0.009003 0.247989 0.016841
v 0.024658 0.244075 0.028583
v 0.024658 0.251903 0.024669
v 0.009003 0.255817 0.012927
v -0.002739 0.247989 0.016841
v -0.002739 0.255817 0.012927
v -0.014481 0.255817 0.012927
v 0.024658 0.204937 0.040324
v 0.036400 0.204937 0.040324
v 0.044228 0.204937 0.032497
v 0.044228 0.236247 0.024669
v 0.036400 0.240161 0.032497
v -0.034050 0.216677 -0.010556
v -0.026222 0.220591 -0.014470
v -0.018395 0.236247 -0.010556
v 0.024658 0.216677 -0.002729
v 0.016831 0.236247 -0.014470
v 0.024658 0.220591 -0.018384
v 0.032486 0.212763 -0.014470
v 0.044228 0.208849 -0.010556
v 0.036400 0.220591 -0.022298
v 0.052056 0.220591 -0.018384
v 0.055970 0.212763 -0.006642
v 0.063797 0.224505 -0.014470
v 0.059883 0.216677 0.001185
v -0.030136 0.251903 0.024669
v -0.034050 0.247989 0.036410
v 0.044228 0.244075 0.036410
v 0.036400 0.247989 0.036410
v -0.057534 0.220591 0.001185
v -0.065361 0.228419 0.001185
v -0.065361 0.220591 -0.002729
v -0.061447 0.224505 -0.010556
v -0.049706 0.216677 -0.006642
v 0.067711 0.228419 -0.002729
v 0.052056 0.244075 0.024669
v 0.020745 0.236247 -0.022298
v 0.032486 0.232333 -0.026212
v -0.092759 0.212763 -0.006642
v -0.081017 0.212763 -0.006642
v -0.084931 0.216677 0.001185
v -0.096672 0.216677 0.001185
v -0.100586 0.216677 -0.006642
v -0.096672 0.220591 -0.014470
v -0.084931 0.216677 -0.014470
v -0.073189 0.220591 -0.014470
v -0.077103 0.228419 -0.022298
v -0.065361 0.232333 -0.018384
v -0.073189 0.220591 0.001185
v -0.081017 0.228419 0.005099
v 0.079453 0.212763 -0.006642
v 0.091195 0.212763 -0.006642
v 0.083367 0.216677 0.001185
v 0.071625 0.220591 0.001185
v 0.067711 0.220591 -0.006642
v 0.071625 0.220591 -0.014470
v 0.083367 0.216677 -0.014470
v 0.095108 0.220591 -0.014470
v 0.091195 0.228419 -0.022298
v 0.102936 0.232333 -0.018384
v 0.102936 0.228419 -0.010556
v 0.099022 0.220591 -0.006642
v 0.095108 0.220591 0.001185
v 0.099022 0.228419 0.001185
v 0.091195 0.228419 0.005099
v -0.045792 0.224505 -0.022298
v -0.030136 0.224505 -0.022298
v -0.092759 0.228419 -0.022298
v -0.100586 0.232333 -0.018384
v -0.096672 0.240161 -0.022298
v -0.084931 0.240161 -0.026212
v 0.079453 0.228419 -0.022298
v 0.063797 0.232333 -0.018384
v 0.071625 0.244075 -0.026212
v 0.087281 0.240161 -0.026212
v -0.100586 0.224505 0.001185
v -0.092759 0.228419 0.005099
v -0.100586 0.236247 0.001185
v -0.104500 0.228419 -0.010556
v -0.104500 0.240161 -0.010556
v -0.057534 0.236247 -0.022298
v -0.041878 0.236247 -0.026212
v -0.088845 0.240161 0.001185
v 0.079453 0.228419 0.005099
v 0.083367 0.240161 0.001185
v 0.067711 0.236247 -0.002729
v 0.044228 0.232333 -0.026212
v 0.040314 0.244075 -0.026212
v 0.055970 0.244075 -0.022298
v -0.022308 0.236247 -0.022298
v -0.030136 0.240161 -0.026212
v -0.026222 0.247989 -0.022298
v 0.102936 0.240161 -0.014470
v 0.102936 0.240161 -0.002729
v -0.053620 0.247989 -0.022298
v -0.037964 0.247989 -0.026212
v -0.073189 0.244075 -0.026212
v -0.069275 0.251903 -0.022298
v -0.092759 0.251903 -0.026212
v -0.081017 0.255817 -0.026212
v 0.099022 0.240161 -0.022298
v 0.091195 0.251903 -0.026212
v 0.099022 0.251903 -0.018384
v 0.071625 0.247989 -0.006642
v 0.052056 0.251903 0.020755
v -0.069275 0.236247 0.001185
v -0.049706 0.244075 0.024669
v -0.053620 0.251903 0.020755
v -0.069275 0.247989 -0.006642
v -0.045792 0.244075 0.036410
v -0.045792 0.251903 0.032497
v 0.095108 0.240161 0.001185
v 0.099022 0.251903 -0.006642
v 0.087281 0.251903 -0.002729
v 0.028572 0.244075 -0.026212
v 0.024658 0.247989 -0.018384
v 0.036400 0.251903 -0.018384
v -0.100586 0.247989 -0.006642
v -0.100586 0.251903 -0.018384
v 0.067711 0.251903 -0.018384
v 0.075539 0.259731 -0.022298
v 0.083367 0.255817 -0.026212
v -0.022308 0.251903 -0.018384
v 0.005089 0.314525 -0.037954
v 0.020745 0.310611 -0.037954
v -0.034050 0.255817 -0.018384
v -0.088845 0.255817 -0.006642
v -0.096672 0.259731 -0.014470
v 0.079453 0.263645 -0.022298
v 0.091195 0.259731 -0.022298
v -0.092759 0.259731 -0.022298
v 0.095108 0.259731 -0.014470
v -0.065361 0.255817 -0.006642
v -0.073189 0.255817 -0.014470
v 0.083367 0.259731 -0.010556
v 0.071625 0.255817 -0.014470
v 0.067711 0.255817 -0.006642
v -0.084931 0.263645 -0.022298
v -0.073189 0.259731 -0.022298
v 0.052056 0.251903 -0.018384
v 0.059883 0.298869 -0.034040
v 0.063797 0.255817 -0.014470
v 0.044228 0.251903 0.032497
v 0.044228 0.255817 0.020755
v 0.036400 0.255817 0.032497
v 0.028572 0.255817 0.012927
v -0.049706 0.255817 -0.018384
v -0.065361 0.255817 -0.018384
v -0.061447 0.259731 -0.014470
v -0.065361 0.298869 -0.034040
v -0.045792 0.298869 -0.034040
v -0.026222 0.314525 -0.010556
v -0.045792 0.306697 -0.006642
v -0.034050 0.255817 0.012927
v -0.037964 0.255817 0.032497
v -0.045792 0.255817 0.020755
v -0.014481 0.310611 -0.037954
v -0.045792 0.306697 -0.030126
v -0.014481 0.318438 -0.034040
v 0.044228 0.298869 -0.034040
v 0.044228 0.306697 -0.030126
v 0.063797 0.306697 -0.030126
v 0.071625 0.302783 -0.034040
v 0.020745 0.318438 -0.034040
v 0.087281 0.263645 -0.018384
v -0.061447 0.306697 -0.006642
v -0.069275 0.306697 -0.006642
v -0.069275 0.314525 -0.014470
v -0.077103 0.310611 -0.018384
v 0.071625 0.306697 -0.010556
v 0.075539 0.306697 -0.026212
v 0.067711 0.314525 -0.014470
v 0.063797 0.306697 -0.006642
v 0.044228 0.314525 -0.014470
v 0.044228 0.306697 -0.006642
v -0.084931 0.263645 -0.014470
v 0.067711 0.310611 -0.026212
v -0.069275 0.310611 -0.026212
v -0.073189 0.302783 -0.030126
v 0.005089 0.318438 -0.010556
v 0.024658 0.314525 -0.010556
v 0.020745 0.322352 -0.014470
v 0.005089 0.326266 -0.014470
v -0.010567 0.318438 -0.010556
v -0.010567 0.326266 -0.014470
v -0.022308 0.322352 -0.014470
v -0.065361 0.306697 -0.030126
v 0.044228 0.310611 -0.022298
v -0.045792 0.310611 -0.022298
v -0.045792 0.314525 -0.014470
v -0.018395 0.322352 -0.026212
v 0.005089 0.322352 -0.026212
v 0.020745 0.322352 -0.026212
v 0.005089 0.322352 -0.034040
v -0.001733 -0.824978 0.071635
vn 0.0484 -0.9893 0.1373
vn -0.0000 -0.6041 -0.7969
vn 0.6151 -0.7236 -0.3130
vn 0.6739 -0.6739 0.3029
vn 0.3029 -0.6739 0.6739
vn -0.7139 -0.4952 0.4952
vn -0.7644 -0.6373 0.0979
vn -0.6151 -0.7236 -0.3130
vn -0.3554 -0.5050 -0.7865
vn -0.7662 -0.5829 -0.2706
vn -0.5038 -0.5640 -0.6543
vn -0.0000 -0.5847 -0.8112
vn -0.0000 -0.2298 -0.9732
vn 0.3554 -0.5050 -0.7865
vn 0.4226 -0.5253 -0.7386
vn 0.7662 -0.5829 -0.2706
vn -0.7101 -0.3980 0.5808
vn -0.7550 -0.6023 0.2592
vn 0.7881 -0.5850 -0.1916
vn 0.7036 -0.6186 0.3498
vn 0.7550 -0.6023 0.2592
vn 0.5773 -0.5774 0.5773
vn 0.5114 -0.5780 0.6359
vn 0.0333 -0.5837 0.8113
vn -0.0000 -0.6077 0.7942
vn -0.5114 -0.5780 0.6359
vn -0.0000 -1.0000 -0.0000
vn -0.4092 -0.8357 -0.3662
vn -0.0000 -0.9239 -0.3827
vn 0.4092 -0.8357 -0.3662
vn 0.3827 -0.9239 -0.0000
vn 0.3416 -0.8756 0.3416
vn -0.0000 -0.9239 0.3827
vn -0.3416 -0.8756 0.3416
vn -0.3827 -0.9239 -0.0000
vn -0.8244 -0.5408 -0.1669
vn -0.7749 -0.5391 0.3300
vn -0.7691 -0.6221 -0.1466
vn -0.3755 -0.4142 -0.8291
vn -0.0000 -0.4900 -0.8717
vn -0.5733 -0.5561 -0.6017
vn -0.0000 -0.6077 -0.7942
vn 0.5224 -0.4880 -0.6993
vn 0.3456 -0.4301 -0.8340
vn 0.8085 -0.5738 -0.1307
vn 0.7382 -0.5852 -0.3356
vn 0.7749 -0.5391 0.3300
vn -0.3037 -0.5808 0.7553
vn -0.7515 -0.6300 0.1957
vn 0.7515 -0.6300 0.1957
vn 0.3037 -0.5808 0.7553
vn -0.0000 -0.5847 0.8112
vn -0.5073 -0.5863 0.6316
vn 0.5073 -0.5863 0.6316
vn -0.7704 -0.6115 -0.1802
vn -0.7036 -0.6185 0.3499
vn -0.2171 -0.9704 -0.1057
vn -0.1130 -0.9585 -0.2617
vn -0.2894 -0.9518 0.1020
vn -0.2171 -0.9704 0.1057
vn -0.2589 -0.9609 -0.0984
vn 0.2137 -0.9220 -0.3229
vn 0.2893 -0.9518 -0.1020
vn -0.0623 -0.9254 -0.3739
vn 0.0230 -0.9262 -0.3762
vn 0.2603 -0.9356 -0.2385
vn 0.3297 -0.9414 -0.0706
vn 0.2893 -0.9518 0.1020
vn 0.2137 -0.9220 0.3229
vn -0.2137 -0.9220 0.3229
vn -0.0000 -0.9603 0.2789
vn -0.2137 -0.9220 -0.3229
vn -0.0000 -0.9603 -0.2789
vn 0.2171 -0.9704 0.1057
vn 0.1130 -0.9585 0.2617
vn -0.1130 -0.9585 0.2617
vn -0.0623 -0.9254 0.3739
vn -0.1690 -0.9856 0.0099
vn -0.1690 -0.9856 -0.0099
vn -0.0435 -0.7114 -0.7015
vn 0.0086 -0.9195 -0.3929
vn 0.0951 -0.9257 -0.3662
vn 0.0738 -0.7123 -0.6980
vn 0.1700 -0.9853 -0.0163
vn 0.1700 -0.9853 0.0163
vn 0.0951 -0.9257 0.3662
vn 0.0086 -0.3929 -0.9195
vn -0.0177 -0.3860 -0.9223
vn 0.1144 -0.3895 -0.9139
vn 0.0313 -0.3842 -0.9227
vn 0.0738 -0.7123 0.6980
vn 0.0086 -0.9195 0.3929
vn 0.0086 -0.3929 0.9195
vn -0.0435 -0.7114 0.7015
vn -0.0177 -0.3860 0.9223
vn -0.1399 -0.9174 0.3726
vn -0.1430 -0.9162 -0.3744
vn -0.2683 -0.8626 -0.4289
vn -0.0961 -0.3289 -0.9395
vn -0.0698 -0.4010 -0.9134
vn 0.1379 -0.9167 -0.3751
vn 0.0615 -0.3931 -0.9174
vn 0.2177 -0.8548 -0.4711
vn 0.1379 -0.9167 0.3752
vn 0.2177 -0.8548 0.4711
vn 0.1144 -0.3895 0.9139
vn 0.0615 -0.3931 0.9174
vn 0.0313 -0.3842 0.9227
vn -0.0649 -0.3992 0.9146
vn 0.1675 -0.3806 -0.9094
vn -0.2925 -0.9563 -0.0000
vn -0.2708 -0.8623 0.4279
vn -0.3584 -0.8241 0.4386
vn -0.3691 -0.9292 0.0166
vn -0.3691 -0.9292 -0.0166
vn -0.3584 -0.8241 -0.4386
vn -0.1273 -0.3057 -0.9436
vn 0.2682 -0.9514 -0.1511
vn 0.2842 -0.6814 -0.6745
vn 0.3548 -0.8653 -0.3541
vn 0.2683 -0.9514 0.1511
vn 0.3548 -0.8653 0.3541
vn 0.2842 -0.6814 0.6745
vn -0.0992 -0.3241 0.9408
vn 0.2330 -0.3705 -0.8992
vn -0.4320 -0.8323 -0.3474
vn -0.3513 -0.5918 -0.7255
vn -0.1273 -0.3057 0.9436
vn 0.1675 -0.3806 0.9094
vn -0.1643 -0.2794 0.9460
vn 0.4229 -0.7113 0.5615
vn 0.2330 -0.3704 0.8992
vn -0.1643 -0.2794 -0.9460
vn -0.1779 -0.2490 -0.9520
vn 0.3271 -0.3790 -0.8657
vn 0.4229 -0.7113 -0.5615
vn 0.5521 -0.5849 -0.5942
vn 0.5305 -0.8082 -0.2557
vn 0.6241 -0.7178 -0.3085
vn 0.5305 -0.8082 0.2557
vn -0.3513 -0.5918 0.7255
vn -0.1779 -0.2490 0.9520
vn -0.4272 -0.5552 0.7136
vn -0.4320 -0.8323 0.3474
vn -0.5788 -0.7472 0.3267
vn -0.5788 -0.7472 -0.3267
vn 0.6241 -0.7178 0.3085
vn 0.5521 -0.5849 0.5942
vn 0.3271 -0.3790 0.8657
vn -0.4272 -0.5552 -0.7136
vn -0.5860 -0.5867 -0.5589
vn -0.3209 -0.3567 -0.8774
vn 0.2284 -0.2092 0.9508
vn -0.3209 -0.3567 0.8774
vn -0.6663 -0.6809 -0.3040
vn -0.6663 -0.6809 0.3040
vn -0.7952 -0.6062 0.0122
vn -0.7952 -0.6062 -0.0122
vn -0.5860 -0.5867 0.5589
vn -0.7090 -0.5524 0.4384
vn -0.7090 -0.5524 -0.4384
vn -0.2582 -0.1872 -0.9478
vn 0.2284 -0.2092 -0.9508
vn 0.6627 -0.5864 -0.4658
vn 0.7253 -0.5165 -0.4551
vn 0.8054 -0.5928 -0.0012
vn 0.7591 -0.6510 -0.0012
vn 0.7591 -0.6510 0.0013
vn 0.4647 -0.8854 0.0100
vn 0.6321 -0.7552 0.1737
vn 0.6937 -0.6055 0.3901
vn 0.8054 -0.5927 0.0012
vn 0.6627 -0.5864 0.4658
vn 0.7253 -0.5165 0.4551
vn -0.8885 -0.4588 -0.0000
vn -0.2582 -0.1872 0.9478
vn 0.2770 -0.1784 0.9442
vn -0.3106 -0.1380 0.9405
vn -0.7986 -0.4050 0.4453
vn 0.4383 -0.8765 -0.1993
vn 0.6172 -0.6801 -0.3958
vn 0.2574 -0.7346 -0.6278
vn 0.0858 -0.9114 -0.4025
vn 0.8599 -0.3777 -0.3433
vn 0.7947 -0.4618 -0.3939
vn 0.2770 -0.1784 -0.9442
vn -0.3106 -0.1380 -0.9405
vn 0.3115 -0.1239 -0.9421
vn 0.6209 -0.2669 -0.7371
vn 0.8621 -0.3759 0.3398
vn 0.6209 -0.2669 0.7371
vn 0.1592 -0.9866 0.0361
vn 0.4809 -0.8464 -0.2286
vn 0.5847 -0.8112 -0.0000
vn 0.5024 -0.8198 0.2750
vn 0.2431 -0.8832 0.4010
vn 0.4148 -0.6181 0.6677
vn -0.7986 -0.4050 -0.4453
vn -0.8929 -0.2707 -0.3599
vn -0.6910 -0.1985 -0.6951
vn 0.5885 -0.7230 -0.3618
vn 0.6081 -0.3728 -0.7009
vn 0.8300 -0.4809 -0.2827
vn 0.8655 -0.4877 -0.1141
vn 0.8391 -0.5434 0.0240
vn 0.9807 -0.1772 0.0830
vn 0.8759 -0.3426 0.3397
vn 0.7524 -0.5456 0.3691
vn 0.6504 -0.3460 0.6762
vn 0.8129 -0.4051 0.4184
vn -0.8929 -0.2707 0.3599
vn 0.9211 -0.2693 -0.2810
vn 0.6944 -0.1723 -0.6986
vn 0.9042 -0.2176 -0.3675
vn 0.7918 0.0758 0.6060
vn 0.9519 -0.0987 0.2900
vn 0.8954 -0.3238 -0.3055
vn 0.8519 -0.0404 -0.5221
vn 0.9605 -0.2480 -0.1260
vn 0.9274 0.3362 -0.1638
vn 0.9522 0.2307 0.2003
vn 0.3115 -0.1239 0.9421
vn 0.6944 -0.1723 0.6986
vn 0.3969 -0.1066 0.9116
vn -0.3881 -0.1183 0.9140
vn 0.9879 -0.0123 -0.1548
vn -0.6910 -0.1985 0.6951
vn -0.9225 -0.1030 0.3720
vn 0.9931 0.0023 0.1174
vn -0.7099 -0.0957 0.6977
vn -0.3881 -0.1183 -0.9140
vn -0.7099 -0.0957 -0.6977
vn -0.3961 -0.0628 -0.9161
vn 0.3969 -0.1066 -0.9116
vn 0.9043 -0.2196 0.3661
vn 0.9241 -0.0697 0.3757
vn 0.3978 -0.0315 -0.9169
vn 0.7061 -0.0542 -0.7061
vn -0.9225 -0.1030 -0.3720
vn -0.9979 0.0643 0.0123
vn -0.9979 0.0643 -0.0123
vn -0.3961 -0.0628 0.9161
vn 0.3978 -0.0315 0.9169
vn -0.4071 0.0191 0.9132
vn -0.9272 0.0402 0.3725
vn 0.9241 -0.0697 -0.3757
vn 0.9239 0.0754 -0.3750
vn 0.9239 0.0754 0.3751
vn 0.7061 -0.0542 0.7061
vn 0.7059 0.0586 0.7059
vn -0.9272 0.0402 -0.3725
vn -0.9067 0.1905 -0.3764
vn -0.3892 0.0873 -0.9170
vn -0.4071 0.0191 -0.9132
vn 0.3990 0.0343 -0.9163
vn 0.7059 0.0586 -0.7059
vn -0.9067 0.1905 0.3764
vn -0.9790 0.2036 -0.0000
vn 0.3892 0.0873 -0.9170
vn 0.6987 0.1533 -0.6987
vn 0.3990 0.0343 0.9163
vn 0.3892 0.0873 0.9170
vn -0.3892 0.0873 0.9170
vn -0.3289 0.0961 -0.9395
vn -0.9540 0.2997 -0.0050
vn -0.8617 0.2780 -0.4245
vn -0.0123 -0.3297 0.9440
vn -0.1533 -0.2326 0.9604
vn -0.3289 0.0961 0.9395
vn 0.9066 0.1968 -0.3733
vn 0.6869 0.2229 -0.6918
vn 0.8838 0.3019 -0.3575
vn 0.9066 0.1968 0.3733
vn 0.6987 0.1533 0.6988
vn 0.6869 0.2229 0.6918
vn 0.3854 0.1328 0.9132
vn -0.7926 0.3250 -0.5160
vn -0.3760 0.1719 -0.9105
vn -0.8617 0.2780 0.4245
vn -0.3760 0.1719 0.9105
vn -0.7926 0.3250 0.5160
vn -0.9540 0.2997 0.0050
vn -0.9100 0.3670 0.1929
vn -0.9100 0.3670 -0.1929
vn 0.3854 0.1328 -0.9132
vn 0.3055 0.1277 -0.9436
vn 0.8838 0.3019 0.3575
vn 0.9117 0.4106 -0.0132
vn 0.9117 0.4106 0.0132
vn 0.8107 0.3752 0.4495
vn 0.1533 -0.3096 0.9384
vn 0.2461 -0.0798 0.9659
vn 0.3260 -0.3440 0.8806
vn 0.0276 -0.4354 0.8998
vn -0.2966 -0.3025 0.9058
vn -0.0575 -0.3424 0.9378
vn -0.1834 -0.2329 0.9550
vn -0.2199 -0.0472 0.9744
vn -0.3865 0.0447 0.9212
vn -0.2612 -0.0671 0.9629
vn 0.0575 -0.3424 0.9378
vn 0.1834 -0.2329 0.9550
vn 0.1260 -0.5516 0.8245
vn 0.0018 -0.4106 0.9118
vn -0.0000 -0.7071 0.7071
vn -0.2891 0.1320 0.9482
vn -0.8503 0.3897 -0.3538
vn -0.6194 0.2842 -0.7319
vn 0.8107 0.3752 -0.4495
vn 0.2817 0.1355 -0.9499
vn 0.6186 0.2896 -0.7304
vn 0.3055 0.1277 0.9436
vn 0.2817 0.1355 0.9499
vn 0.1435 0.1169 0.9827
vn -0.1260 -0.5516 0.8245
vn 0.0121 -0.1110 0.9937
vn -0.0348 -0.0824 0.9960
vn -0.3789 -0.3499 0.8568
vn 0.3865 0.0447 0.9212
vn 0.1727 0.4398 0.8813
vn 0.2199 -0.0472 0.9744
vn 0.2234 0.0732 0.9720
vn 0.4155 -0.1055 0.9035
vn -0.1435 0.1169 0.9827
vn -0.1727 0.4398 0.8813
vn -0.0776 0.3741 0.9241
vn -0.0166 -0.0078 0.9998
vn -0.2714 0.1738 0.9466
vn -0.2278 0.1110 0.9673
vn -0.3670 0.1929 0.9100
vn -0.0096 -0.1123 0.9936
vn 0.0348 -0.0824 0.9960
vn -0.2938 0.2534 0.9217
vn 0.0050 0.2747 0.9615
vn 0.0043 0.3315 0.9434
vn 0.2981 0.2534 0.9203
vn 0.3789 -0.3499 0.8568
vn -0.2891 0.1320 -0.9482
vn -0.3670 0.1929 -0.9100
vn -0.6194 0.2842 0.7319
vn -0.7366 0.3802 0.5594
vn -0.8503 0.3897 0.3538
vn -0.4155 -0.1055 0.9035
vn -0.3137 0.2117 0.9256
vn -0.2234 0.0732 0.9720
vn -0.8758 0.4404 0.1977
vn -0.8760 0.4399 -0.1977
vn 0.3442 0.2138 0.9142
vn 0.2841 0.1362 0.9491
vn 0.8473 0.4013 -0.3479
vn 0.8256 0.4227 -0.3738
vn 0.8854 0.4649 -0.0000
vn 0.8473 0.4013 0.3479
vn 0.6186 0.2896 0.7304
vn 0.8256 0.4227 0.3738
vn 0.3654 0.1821 0.9129
vn 0.2748 0.3343 0.9015
vn -0.2032 0.4471 0.8711
vn 0.3137 0.2117 0.9256
vn 0.1798 0.3338 0.9253
vn -0.2748 0.3343 0.9015
vn -0.2841 0.1362 0.9491
vn -0.3416 0.2173 0.9144
vn -0.1545 0.3194 0.9349
vn -0.2183 0.0751 0.9730
vn 0.2183 0.0751 0.9730
vn -0.1359 0.1113 0.9844
vn 0.1751 -0.0346 0.9839
vn -0.1341 0.0078 0.9909
vn 0.4095 0.1997 0.8902
vn -0.7366 0.3802 -0.5594
vn -0.7699 0.3893 -0.5057
vn -0.2278 0.1110 -0.9673
vn 0.1860 0.2993 0.9358
vn 0.0776 0.3741 0.9241
vn 0.1499 0.3240 0.9341
vn 0.1693 0.5761 0.7996
vn 0.3654 0.1821 -0.9129
vn 0.2886 0.1424 -0.9468
vn 0.2886 0.1424 0.9468
vn 0.2738 0.1147 0.9549
vn -0.8024 0.3215 0.5028
vn -0.1178 0.2514 0.9607
vn -0.4095 0.1997 0.8902
vn 0.0058 0.3083 0.9513
vn 0.0823 -0.1456 0.9859
vn -0.9081 -0.0724 0.4125
vn -0.6728 0.1185 0.7303
vn -0.0000 0.1602 0.9871
vn 0.1121 0.0811 0.9904
vn -0.1174 0.2692 0.9559
vn 0.4727 0.2883 0.8327
vn 0.6429 0.0184 0.7658
vn 0.0498 -0.2963 0.9538
vn 0.6728 0.1185 0.7303
vn 0.9188 -0.1249 0.3746
vn -0.2762 -0.2771 0.9203
vn -0.0041 0.3753 0.9269
vn 0.6389 0.3598 0.6800
vn 0.9030 0.4294 -0.0116
vn 0.9030 0.4294 0.0116
vn 0.8005 0.4018 0.4448
vn 0.1908 -0.1858 0.9639
vn 0.9189 -0.0033 0.3945
vn -0.0209 0.0131 0.9997
vn -0.8324 0.0472 0.5521
vn -0.6752 -0.0207 0.7373
vn -0.4901 0.1693 0.8551
vn -0.7302 0.1201 0.6726
vn 0.7133 -0.0210 0.7006
vn -0.2612 0.2086 0.9425
vn -0.3578 -0.1337 0.9242
vn -0.5847 -0.0000 0.8112
vn -0.3036 0.0154 0.9527
vn 0.7519 0.0998 0.6517
vn 0.5945 -0.0119 0.8040
vn 0.8509 -0.0137 0.5251
vn 0.1228 -0.0288 0.9920
vn -0.9225 -0.0273 0.3851
vn -0.7980 0.0181 0.6024
vn 0.5849 0.3768 0.7183
vn 0.9680 0.0902 0.2343
vn -0.3479 0.0931 0.9329
vn -0.9570 -0.1250 0.2619
vn -0.0000 -0.0000 1.0000
vn 0.1545 0.1234 0.9803
vn 0.1436 0.0813 0.9863
vn -0.4161 0.1026 0.9035
vn -0.5780 0.3031 0.7576
vn 0.6398 0.2294 0.7335
vn 0.4930 0.1724 0.8528
vn -0.1545 0.1234 0.9803
vn 0.9741 -0.1274 0.1869
vn -0.9611 0.0007 0.2764
vn 0.5428 0.0370 0.8391
vn -0.9840 -0.0024 0.1781
vn -0.9012 0.1722 0.3978
vn -0.9094 0.0585 -0.4118
vn 0.9642 0.2643 0.0215
vn -0.1870 0.0782 0.9792
vn -0.8134 -0.0030 0.5817
vn -0.1474 0.0095 0.9890
vn 0.4994 0.0576 0.8644
vn 0.5762 0.0211 0.8170
vn 0.7579 0.1937 0.6229
vn 0.9998 -0.0152 0.0093
vn 0.9246 -0.0270 0.3801
vn 0.0064 -0.0144 0.9999
vn 0.1769 -0.0012 0.9842
vn 0.0132 0.0008 0.9999
vn 0.9246 -0.0007 0.3810
vn -0.0132 -0.0008 0.9999
vn 0.8534 0.0020 0.5213
vn 0.0310 0.0001 0.9995
vn -0.5861 -0.0270 0.8098
vn -0.1897 0.0078 0.9818
vn -0.7695 0.0140 0.6385
vn -0.3894 -0.0109 0.9210
vn -0.4633 0.0163 0.8861
vn 0.5673 0.0013 0.8235
vn 0.8463 0.0142 0.5324
vn -0.5167 0.0768 0.8527
vn 0.7071 0.0015 0.7071
vn 0.9239 -0.0000 0.3827
vn -0.9246 0.0306 0.3797
vn -0.8529 -0.0158 0.5218
vn -0.9246 -0.0270 0.3801
vn -0.9239 -0.0000 0.3827
vn 0.8395 -0.0316 -0.5424
vn 0.9197 0.0044 0.3927
vn -0.1458 0.0117 0.9893
vn 0.8795 0.2050 0.4295
vn 0.8516 0.0283 0.5234
vn 0.6010 0.0016 0.7992
vn 0.7512 0.0063 0.6600
vn 0.1506 0.0006 0.9886
vn -0.9249 -0.0234 0.3796
vn -0.7699 0.3893 0.5057
vn -0.8949 0.4461 -0.0115
vn -0.8949 0.4461 0.0115
vn -0.8504 0.3906 -0.3524
vn -0.6188 0.2721 -0.7369
vn -0.8786 0.1814 0.4418
vn 0.8005 0.4018 -0.4448
vn 0.2746 0.1361 -0.9519
vn 0.6113 0.2486 -0.7513
vn -0.2749 0.1323 -0.9523
vn -0.2980 0.1015 -0.9492
vn -0.8469 0.3959 0.3550
vn -0.9225 0.2693 0.2765
vn -0.9545 0.2982 -0.0000
vn 0.8625 0.3614 -0.3541
vn 0.7942 0.2838 -0.5373
vn 0.9239 0.3827 -0.0000
vn 0.8615 0.3637 0.3544
vn 0.9100 0.3601 0.2054
vn -0.5930 -0.0183 0.8050
vn -0.9179 -0.0035 0.3967
vn -0.6997 -0.0238 0.7140
vn 0.5931 0.0187 0.8049
vn 0.8445 0.0421 0.5339
vn -0.7070 0.0046 0.7072
vn -0.0105 -0.0145 0.9998
vn -0.7152 0.0238 0.6985
vn 0.0073 0.0173 0.9998
vn -0.9192 0.0201 0.3932
vn 0.8509 0.0164 0.5251
vn -0.1425 0.0152 0.9897
vn 0.0113 0.0194 0.9997
vn 0.2428 0.5517 0.7979
vn 0.9986 0.0515 -0.0095
vn -0.9986 0.0515 -0.0095
vn -0.2428 0.5517 0.7979
vn -0.8453 0.2576 -0.4680
vn -0.8420 0.0607 -0.5361
vn -0.2192 0.0172 -0.9755
vn 0.1999 0.0495 -0.9786
vn 0.3601 0.0961 -0.9280
vn -0.5220 0.4643 0.7155
vn -0.2825 0.9126 -0.2955
vn -0.6338 -0.2094 -0.7446
vn -0.8259 -0.2538 0.5035
vn 0.0081 -0.0386 0.9992
vn 0.7137 0.4730 0.5166
vn 0.9232 0.1360 -0.3595
vn 0.5811 -0.6010 0.5487
vn 0.2317 -0.7244 -0.6492
vn 0.5220 0.4643 0.7155
vn 0.2825 0.9126 -0.2955
vn -0.7137 0.4730 0.5166
vn -0.0080 -0.0386 0.9992
vn 0.8259 -0.2538 0.5035
vn 0.6338 -0.2094 -0.7446
vn -0.9232 0.1360 -0.3595
vn -0.2317 -0.7244 -0.6492
vn -0.5811 -0.6010 0.5487
vn -0.0667 0.9347 0.3492
vn 0.1415 0.9682 0.2062
vn -0.1349 0.7132 -0.6879
vn -0.2211 0.8523 -0.4741
vn -0.2425 0.9701 -0.0000
vn -0.1806 0.6846 0.7062
vn -0.0000 0.3827 0.9239
vn 0.0959 0.5345 0.8397
vn 0.0878 0.7276 -0.6803
vn 0.2364 0.9455 0.2239
vn 0.1715 0.6860 -0.7071
vn 0.0203 0.2159 -0.9762
vn 0.1287 0.5150 0.8475
vn 0.2012 0.5254 0.8267
vn 0.3344 0.9176 0.2151
vn -0.1089 0.2909 -0.9505
vn -0.0616 0.6896 -0.7216
vn -0.2147 0.6504 -0.7286
vn -0.0745 0.3995 -0.9137
vn -0.2777 0.9421 0.1881
vn -0.1713 0.4784 0.8613
vn 0.2879 0.4858 0.8253
vn 0.2533 0.6847 -0.6834
vn -0.0000 -0.0000 -1.0000
vn 0.0675 0.1832 -0.9808
vn -0.2248 0.8991 -0.3757
vn -0.0885 0.3800 -0.9208
vn -0.4037 0.8106 -0.4243
vn -0.2880 0.1240 -0.9496
vn -0.2113 0.1301 -0.9687
vn 0.4881 0.8491 0.2020
vn 0.5650 0.8023 0.1925
vn 0.3617 0.6232 -0.6934
vn -0.4112 0.8877 0.2071
vn -0.5122 0.7254 -0.4599
vn -0.5637 0.8135 0.1431
vn -0.2632 0.5275 0.8077
vn 0.4551 0.5636 -0.6894
vn -0.1329 -0.0363 -0.9905
vn -0.1819 -0.6007 -0.7785
vn 0.0802 0.6891 -0.7202
vn 0.2253 0.6512 -0.7247
vn 0.3434 0.9131 -0.2200
vn 0.1209 0.9651 -0.2322
vn 0.3383 0.4533 0.8246
vn 0.3609 0.3173 0.8770
vn 0.7152 0.6445 0.2703
vn -0.5154 0.7271 -0.4535
vn -0.0210 0.3381 -0.9409
vn -0.5422 0.0295 -0.8398
vn -0.6332 0.4849 -0.6033
vn -0.5681 0.6907 -0.4474
vn 0.2395 0.1491 -0.9594
vn -0.2089 -0.6505 -0.7302
vn 0.5126 0.3597 -0.7797
vn 0.2613 0.4810 -0.8369
vn 0.3564 0.6176 -0.7011
vn -0.3595 0.6178 -0.6994
vn -0.1870 0.4318 -0.8824
vn -0.5126 0.3597 -0.7797
vn 0.2882 -0.4847 -0.8259
vn -0.2125 0.7370 0.6416
vn -0.3186 0.7650 -0.5597
vn -0.9817 -0.1875 0.0334
vn -0.4337 -0.3762 0.8188
vn 0.2514 -0.4833 0.8386
vn 0.8932 0.2791 0.3526
vn 0.0434 0.8034 0.5938
vn 0.6435 0.6063 -0.4673
vn -0.8892 0.3049 0.3411
vn -0.3005 -0.4675 0.8314
vn 0.8125 -0.0747 0.5781
vn 0.9676 -0.2512 -0.0267
vn 0.7943 0.3530 -0.4945
vn 0.1544 -0.9762 0.1521
vn 0.1235 -0.6397 -0.7586
vn -0.1584 -0.6267 -0.7630
vn -0.2190 -0.9631 0.1563
vn -0.7896 0.3782 -0.4832
vn 0.8853 0.2684 -0.3797
vn 0.3402 -0.0000 -0.9404
vn 0.7219 -0.0261 -0.6915
vn 0.9723 0.2316 -0.0314
vn 0.9161 -0.0926 -0.3901
vn 0.9723 0.2316 0.0314
vn -0.3502 0.4949 0.7953
vn -0.6783 0.6807 0.2767
vn -0.3532 0.3181 0.8798
vn 0.5355 0.3547 0.7665
vn 0.4313 -0.1727 -0.8855
vn 0.2530 -0.3266 -0.9107
vn -0.1017 0.9662 -0.2370
vn -0.0895 0.7272 -0.6806
vn -0.2332 0.6765 -0.6985
vn -0.3262 0.9118 -0.2494
vn -0.3042 0.6085 -0.7329
vn -0.4832 0.8454 -0.2277
vn 0.8870 0.2630 0.3797
vn 0.7219 -0.0261 0.6915
vn 0.3402 -0.0000 0.9404
vn 0.3578 0.1020 0.9282
vn -0.5204 0.0720 0.8509
vn -0.2993 -0.0392 0.9534
vn -0.7434 -0.0096 0.6688
vn -0.9645 0.0925 0.2474
vn 0.9209 0.0124 0.3895
vn 0.6997 -0.0238 0.7140
vn 0.7147 -0.0233 0.6991
vn 0.7071 0.0009 0.7071
vn 0.0007 0.0323 0.9995
vn -0.7076 -0.0014 0.7066
vn -0.7721 0.0276 0.6349
vn -0.5873 0.0424 0.8083
vn -0.4797 0.0197 0.8772
vn -0.5898 0.0254 0.8071
vn 0.4662 -0.0198 0.8844
vn 0.6993 0.0204 0.7146
vn -0.1633 -0.0046 0.9866
vn 0.5821 0.0025 0.8131
vn 0.5875 0.0482 0.8078
vn -0.1436 0.0813 0.9863
vn -0.0384 -0.0170 0.9991
vn -0.2922 0.0894 0.9522
vn -0.3342 0.2035 0.9203
vn -0.8026 0.0682 0.5926
vn -0.9983 0.0109 0.0580
vn -0.7066 0.0487 0.7059
vn -0.0163 0.0316 0.9994
vn -0.0099 0.0176 0.9998
vn 0.7066 0.0487 0.7059
vn 0.9974 0.0256 0.0674
vn 0.8013 0.0659 0.5946
vn 0.6985 0.0249 0.7152
vn 0.0099 0.0162 0.9998
vn -0.6996 -0.0210 0.7142
vn -0.9975 0.0709 -0.0000
vn -0.9966 -0.0825 -0.0000
vn -0.8369 -0.0641 -0.5436
vn 0.5004 0.4930 -0.7117
vn 0.0117 -0.0733 -0.9972
vn -0.0410 0.0410 -0.9983
vn 0.3622 0.2862 -0.8871
vn 0.5079 0.6854 -0.5218
vn 0.4157 0.8661 -0.2775
vn 0.5967 0.7767 -0.2019
vn 0.3162 0.6325 -0.7071
vn 0.2533 0.6847 -0.6833
vn 0.8353 0.5357 0.1236
vn -0.5087 0.7811 -0.3621
vn 0.0895 0.7272 -0.6806
vn 0.3342 0.2035 0.9203
vn 0.1757 0.0985 0.9795
vn 0.2922 0.0894 0.9522
vn -0.5257 -0.0000 0.8507
vn 0.2844 0.0605 0.9568
vn 0.1764 0.0415 0.9834
vn -0.1757 0.0985 0.9795
vn 0.8255 0.5390 0.1676
vn -0.7298 0.5271 -0.4354
vn 0.6142 0.5294 -0.5852
vn 0.6993 0.6465 -0.3050
vn -0.4387 0.6613 -0.6084
vn -0.6837 0.6864 -0.2477
vn -0.5987 0.5280 -0.6023
vn -0.2933 0.1759 -0.9397
vn -0.1387 0.6917 0.7087
vn -0.0177 0.7723 -0.6350
vn -0.9405 0.1109 0.3211
vn 0.0969 -0.5193 0.8491
vn 0.8360 0.3518 0.4210
vn 0.9405 -0.2281 -0.2517
vn -0.8565 -0.0866 0.5089
vn 0.0122 0.9241 0.3820
vn 0.0588 0.6829 -0.7281
vn -0.6315 -0.1767 -0.7550
vn 0.1194 -0.9233 -0.3649
vn 0.0504 -0.8589 0.5097
vn 0.2485 0.2184 0.9437
vn 0.9796 -0.0307 -0.1984
vn -0.7769 -0.3326 -0.5346
vn 0.3962 -0.6310 -0.6670
vn -0.3343 -0.9014 0.2750
vn -0.7908 0.5750 0.2097
vn -0.8265 0.4320 -0.3609
vn -0.8407 0.4671 0.2740
vn -0.4570 0.3747 0.8067
vn -0.2393 -0.0313 -0.9704
vn -0.2070 0.0187 -0.9782
vn -0.5205 0.3334 -0.7861
vn -0.0460 -0.0478 -0.9978
vn -0.0651 -0.2028 -0.9771
vn -0.0896 0.0022 -0.9960
vn 0.3688 0.9295 -0.0028
vn 0.3690 0.9294 -0.0028
vn 0.6994 0.6465 -0.3048
vn -0.2070 -0.0266 -0.9780
vn -0.8889 -0.2271 -0.3979
vn -0.3855 -0.1325 -0.9132
vn 0.5706 0.2597 0.7791
vn 0.4760 0.1190 0.8714
vn 0.9206 0.3081 0.2398
vn 0.8890 0.4445 0.1098
vn 0.6002 0.4326 -0.6728
vn 0.6325 0.3162 -0.7071
vn -0.1202 0.0753 -0.9899
vn 0.9145 -0.1474 -0.3767
vn 0.9145 -0.1474 0.3767
vn 0.9161 -0.0926 0.3902
vn 0.7093 -0.1414 0.6906
vn 0.3741 -0.0832 0.9237
vn -0.2619 0.0177 0.9649
vn 0.4744 -0.2658 0.8392
vn 0.4594 -0.2716 0.8457
vn 0.4743 -0.2657 0.8393
vn 0.8353 0.5358 0.1233
vn -0.1764 0.0415 0.9834
vn 0.2680 0.2587 -0.9280
vn 0.1782 0.0689 -0.9816
vn 0.7253 0.4607 -0.5116
vn 0.2619 0.0177 0.9649
vn 0.0384 -0.0170 0.9991
vn -0.2844 0.0605 0.9568
vn 0.5257 -0.0000 0.8507
vn -0.4209 0.2104 0.8824
vn -0.8985 0.3397 0.2781
vn -0.4776 0.1670 0.8626
vn 0.5303 0.0755 0.8444
vn 0.7712 0.3547 -0.5286
vn 0.8112 0.5847 -0.0000
vn -0.6712 0.3954 -0.6270
vn -0.8306 0.4917 -0.2615
vn -0.7409 0.2501 -0.6233
vn -0.5465 0.2172 -0.8088
vn -0.9180 -0.0772 0.3891
vn -0.9684 -0.2482 0.0247
vn -0.2238 -0.0526 0.9732
vn 0.0046 -0.0130 -0.9999
vn 0.1063 -0.0385 -0.9936
vn -0.1210 0.0507 -0.9914
vn 0.6847 0.2533 -0.6833
vn 0.9227 0.3841 -0.0328
vn 0.6001 0.4324 0.6730
vn 0.4593 -0.2716 0.8457
vn 0.5169 -0.1597 0.8410
vn 0.5168 -0.1597 0.8411
vn -0.8856 0.3626 -0.2901
vn 0.3741 -0.0832 -0.9237
vn -0.3321 -0.0792 -0.9399
vn 0.3725 -0.1013 -0.9225
vn 0.8932 -0.2466 -0.3760
vn 0.7093 -0.1414 -0.6906
vn 0.9722 -0.2336 -0.0191
vn -0.0658 0.7001 0.7110
vn 0.6220 0.7661 -0.1617
vn -0.3149 0.4226 -0.8498
vn -0.9470 0.2875 0.1435
vn -0.1990 -0.8535 0.4816
vn 0.8967 -0.3857 0.2171
vn 0.4769 -0.2800 -0.8332
vn -0.1430 -0.8092 -0.5698
vn 0.2743 0.6762 0.6838
vn -0.4587 0.8802 -0.1219
vn -0.8346 -0.1591 0.5275
vn 0.0478 -0.8545 0.5173
vn 0.9933 0.1102 0.0337
vn 0.3198 0.3277 -0.8890
vn -0.7905 -0.1112 -0.6023
vn 0.0667 -0.8155 -0.5749
vn 0.9722 -0.2336 0.0191
vn 0.8932 -0.2466 0.3760
vn -0.8769 0.3178 -0.3607
vn -0.9119 0.1171 -0.3933
vn -0.9768 -0.2140 -0.0000
vn -0.9698 -0.2440 -0.0000
vn -0.8269 -0.2381 0.5095
vn -0.8702 -0.2322 0.4346
vn 0.7921 0.1932 -0.5789
vn 0.9620 0.1833 -0.2025
vn 0.6846 0.2533 0.6835
vn 0.7272 0.0895 -0.6806
vn 0.3514 0.1039 -0.9304
vn 0.3153 0.0040 0.9490
vn 0.2638 0.0018 0.9646
vn -0.2638 0.0018 0.9646
vn -0.3153 0.0040 0.9490
vn -0.7064 0.0432 0.7064
vn -0.7352 0.0895 0.6719
vn 0.4769 -0.0184 0.8788
vn 0.8010 -0.0871 0.5922
vn -0.0365 0.0239 0.9990
vn -0.8148 -0.0279 0.5790
vn -0.9120 -0.0768 0.4028
vn -0.8563 -0.0862 0.5092
vn -0.9275 -0.0156 0.3736
vn -0.9120 0.0776 0.4028
vn 0.8095 -0.0193 0.5868
vn 0.0099 0.0483 0.9988
vn 0.8204 -0.0004 0.5718
vn -0.0072 0.0151 0.9999
vn 0.0072 0.0151 0.9999
vn -0.8153 0.0115 0.5789
vn 0.9724 -0.2335 -0.0000
vn -0.9592 0.1300 0.2510
vn -0.9239 -0.0000 -0.3827
vn -0.9732 -0.0000 0.2298
vn -0.5369 0.0499 0.8422
vn 0.2113 -0.0186 -0.9772
vn -0.5784 0.1263 -0.8059
vn -0.7796 0.1689 -0.6031
vn -0.6909 0.0382 -0.7219
vn 0.1899 -0.0073 -0.9818
vn -0.0348 -0.0207 -0.9992
vn -0.1415 0.9874 0.0703
vn 0.7262 0.4100 0.5518
vn 0.6821 0.1970 -0.7042
vn -0.2291 0.0663 -0.9711
vn -0.9761 0.1949 -0.0965
vn -0.3248 -0.3480 0.8795
vn 0.1202 0.9927 -0.0001
vn 0.2617 0.2798 0.9237
vn 0.9818 0.1898 -0.0000
vn 0.2616 0.2798 -0.9237
vn -0.7182 0.3466 -0.6034
vn -0.7182 0.3466 0.6034
vn 0.3725 -0.1013 0.9225
vn 0.9031 -0.2146 0.3719
vn 0.3894 -0.0960 0.9160
vn 0.7172 0.0362 0.6960
vn 0.5150 -0.1287 0.8475
vn 0.9691 -0.1580 0.1897
vn 0.9957 0.0559 0.0738
vn 0.9592 0.1300 0.2510
vn -0.8857 0.3626 -0.2900
vn 0.4638 -0.1137 0.8786
vn 0.4636 -0.1137 0.8787
vn -0.9287 0.1936 -0.3164
vn 0.2635 -0.9628 0.0603
vn -0.2448 -0.6902 0.6809
vn -0.2449 -0.6902 -0.6809
vn 0.6859 -0.7277 -0.0001
vn 0.8432 0.0175 -0.5374
vn 0.9991 0.0197 -0.0368
vn 0.6948 0.1563 0.7020
vn -0.8800 -0.2188 -0.4216
vn -0.9809 -0.1947 -0.0000
vn -0.9080 -0.1822 -0.3773
vn -0.3329 -0.0893 0.9387
vn -0.3875 -0.0821 0.9182
vn -0.9080 -0.1822 0.3773
vn 0.2768 -0.0570 0.9592
vn -0.2768 -0.0570 0.9592
vn -0.9696 -0.0948 0.2257
vn -0.5468 -0.0557 0.8354
vn 0.0544 0.0136 -0.9984
vn -0.0887 -0.0296 -0.9956
vn 0.7071 -0.0000 -0.7071
vn 0.7275 -0.0883 -0.6804
vn 0.3613 -0.0445 -0.9314
vn -0.7825 0.0257 -0.6221
vn -0.9764 0.0800 -0.2004
vn -0.8247 -0.1339 -0.5495
vn -0.6069 -0.0900 -0.7897
vn 0.8204 -0.1215 -0.5588
vn 0.9459 -0.2276 -0.2312
vn 0.7502 -0.0180 0.6610
vn -0.3868 -0.0282 0.9217
vn -0.7243 -0.0717 0.6857
vn -0.3868 -0.0283 0.9217
vn -0.9287 0.1936 -0.3162
vn -0.3875 -0.0821 -0.9182
vn -0.9146 -0.1029 -0.3911
vn -0.3990 -0.0343 -0.9163
vn 0.3894 -0.0960 -0.9160
vn 0.9031 -0.2146 -0.3719
vn 0.9092 -0.1213 -0.3983
vn 0.9852 -0.1717 -0.0000
vn -0.9295 -0.0764 -0.3608
vn -0.9052 -0.2110 -0.3689
vn 0.9455 -0.2364 0.2239
vn 0.6860 -0.1715 -0.7071
vn -0.6159 -0.1754 -0.7680
vn -0.0538 0.0052 -0.9985
vn -0.0297 -0.0310 -0.9991
vn 0.5019 -0.2494 -0.8282
vn -0.9951 -0.0985 -0.0000
vn -0.6947 -0.2384 0.6786
vn -0.9573 -0.2872 -0.0326
vn -0.8352 -0.2182 -0.5048
vn 0.7383 -0.2760 -0.6154
vn 0.9017 -0.3250 -0.2852
vn 0.6859 -0.1714 0.7073
vn 0.2992 -0.0684 0.9517
vn 0.2735 -0.1472 0.9505
vn 0.2230 -0.1149 0.9680
vn -0.2992 -0.0684 0.9517
vn -0.2230 -0.1149 0.9680
vn -0.2735 -0.1472 0.9505
vn -0.9509 -0.2131 0.2243
vn -0.8769 -0.3178 -0.3607
vn -0.9176 -0.3344 0.2151
vn -0.5224 -0.1183 0.8444
vn 0.5254 -0.2012 0.8267
vn 0.4780 -0.3187 0.8185
vn 0.8369 -0.5100 0.1989
vn 0.9176 -0.3344 0.2151
vn -0.9905 -0.1375 -0.0000
vn -0.0441 -0.0360 -0.9984
vn 0.8782 -0.2703 -0.3945
vn 0.0509 0.1330 -0.9898
vn -0.2650 0.0487 -0.9630
vn -0.3229 -0.1158 -0.9393
vn 0.4421 -0.3426 -0.8289
vn -0.7509 -0.4079 -0.5194
vn -0.5695 -0.2851 -0.7710
vn -0.4870 -0.6622 0.5694
vn -0.8710 -0.3413 0.3533
vn 0.1920 -0.5034 0.8424
vn 0.4870 -0.6622 0.5694
vn -0.1920 -0.5034 0.8424
vn 0.7473 -0.3162 0.5844
vn 0.6400 -0.4481 -0.6241
vn 0.8423 -0.4712 -0.2616
vn 0.6845 -0.2533 0.6836
vn -0.7075 -0.0091 0.7067
vn 0.5510 -0.0703 0.8315
vn 0.4777 -0.0618 0.8764
vn -0.1378 -0.0852 0.9868
vn -0.6570 -0.2141 0.7228
vn -0.5344 -0.1803 0.8258
vn -0.2298 -0.0000 0.9732
vn -0.3361 -0.1479 0.9301
vn 0.6438 -0.2600 0.7197
vn 0.6415 -0.3009 0.7057
vn -0.1525 -0.2259 0.9621
vn 0.5257 -0.0000 0.8506
vn 0.8112 -0.0000 0.5847
vn 0.7300 0.0673 0.6801
vn 0.6655 -0.0000 0.7464
vn 0.9265 0.0116 0.3761
vn -0.7979 0.0616 0.5996
vn -0.5090 0.0188 0.8606
vn 0.1615 -0.0397 0.9861
vn 0.4003 -0.0377 -0.9156
vn -0.4038 0.0467 -0.9136
vn 0.3827 -0.0000 -0.9239
vn 0.9434 0.0109 -0.3314
vn 0.9434 0.0109 0.3314
vn -0.5254 -0.2011 0.8267
vn -0.8369 -0.5100 0.1989
vn -0.4780 -0.3187 0.8185
vn 0.3250 -0.3250 0.8881
vn 0.1177 0.0229 -0.9928
vn 0.1809 0.1600 -0.9704
vn -0.0495 -0.0360 -0.9981
vn 0.6227 -0.4703 -0.6253
vn 0.6654 -0.5517 -0.5029
vn 0.8112 -0.5847 -0.0000
vn 0.6323 -0.3161 0.7073
vn 0.9092 -0.1213 0.3983
vn 0.7071 -0.0000 0.7071
vn 0.4003 -0.0377 0.9156
vn 0.1525 -0.2259 0.9621
vn -0.3990 -0.0343 0.9163
vn -0.4413 -0.1545 -0.8840
vn 0.0323 0.0158 -0.9994
vn 0.3351 -0.3972 -0.8544
vn -0.0324 0.0557 0.9979
vn -0.8382 -0.4937 -0.2316
vn -0.1126 0.0702 -0.9912
vn -0.8037 -0.4871 -0.3417
vn -0.6676 -0.5997 -0.4411
vn 0.6773 -0.7211 -0.1455
vn 0.6000 -0.4326 0.6730
vn 0.5457 -0.4733 -0.6915
vn -0.3153 0.1742 -0.9329
vn -0.5106 -0.4497 -0.7328
vn -0.6932 -0.5731 -0.4370
vn -0.4755 -0.5195 -0.7099
vn 0.1196 0.1195 -0.9856
vn -0.1921 0.0597 -0.9796
vn 0.4779 -0.4784 -0.7367
vn -0.8102 -0.5693 -0.1392
vn -0.6207 -0.7838 -0.0216
vn -0.5729 -0.7584 -0.3107
vn -0.2601 -0.2054 0.9435
vn -0.6352 -0.7723 -0.0049
vn -0.2599 -0.2053 0.9435
vn -0.0324 0.0558 0.9979
vn -0.8382 -0.4937 -0.2315
vn 0.9027 0.2856 0.3219
vn 0.0180 0.9549 -0.2964
vn -0.4599 0.7210 0.5184
vn 0.3826 -0.0364 0.9232
vn 0.0207 -0.9132 0.4071
vn 0.0736 -0.9562 -0.2835
vn 0.7452 -0.1237 -0.6552
vn -0.6928 -0.1805 -0.6982
vn -0.9013 -0.1351 0.4116
vn 0.7109 -0.6437 0.2833
vn 0.6259 -0.7205 0.2985
vn -0.7109 -0.6437 0.2833
vn -0.5283 -0.7265 -0.4394
vn -0.5622 -0.7738 0.2919
vn -0.3250 -0.3250 0.8881
vn 0.3181 -0.3532 0.8798
vn 0.3392 -0.5096 0.7907
vn 0.4260 -0.8775 0.2202
vn 0.1196 0.1196 -0.9856
vn 0.1452 0.0558 -0.9878
vn 0.4733 -0.5457 -0.6915
vn -0.3251 0.3251 -0.8881
vn 0.5894 -0.6647 -0.4592
vn 0.2919 -0.5277 -0.7977
vn 0.3997 -0.7994 -0.4486
vn 0.4972 -0.8672 -0.0270
vn -0.3162 -0.6325 -0.7071
vn -0.4472 -0.8944 -0.0000
vn 0.6552 -0.7554 -0.0098
vn 0.3818 -0.6178 -0.6874
vn -0.9317 0.0673 0.3570
vn -0.9317 0.0673 -0.3570
vn -0.9146 -0.1029 0.3911
vn -0.7050 0.0779 0.7050
vn 0.4062 0.0530 -0.9123
vn 0.9032 0.1568 -0.3995
vn -0.2952 -0.4009 0.8673
vn -0.4503 -0.8654 0.2198
vn -0.2879 -0.4858 0.8253
vn 0.2979 -0.6422 0.7062
vn -0.0575 -0.8089 -0.5852
vn -0.1575 -0.6234 0.7659
vn -0.9233 0.1194 0.3649
vn -0.8194 0.0582 -0.5703
vn 0.0575 0.8089 -0.5852
vn 0.8194 -0.0582 -0.5703
vn 0.8601 -0.0375 0.5088
vn -0.1626 0.1260 -0.9786
vn -0.1585 0.2509 -0.9549
vn -0.0070 0.0242 -0.9997
vn 0.1626 0.1260 -0.9786
vn -0.2919 -0.5277 -0.7977
vn 0.0070 0.0242 -0.9997
vn -0.0462 -0.6939 -0.7186
vn 0.0773 0.8484 0.5236
vn 0.9032 0.1568 0.3995
vn 0.4061 0.0530 0.9123
vn 0.3827 -0.0000 0.9239
vn 0.3839 0.1139 0.9163
vn 0.3745 0.1249 0.9188
vn 0.5729 0.4482 0.6863
vn 0.4824 0.5173 0.7068
vn 0.1826 0.3652 0.9129
vn 0.1123 0.4225 0.8994
vn -0.0675 0.4110 0.9091
vn -0.0700 0.3585 0.9309
vn 0.0019 0.3604 0.9328
vn 0.1074 0.2549 0.9610
vn 0.3209 -0.6742 -0.6651
vn -0.3997 -0.7994 -0.4486
vn -0.2037 -0.5779 -0.7903
vn -0.0012 0.0517 -0.9987
vn -0.2533 -0.6847 -0.6834
vn -0.3470 -0.9379 -0.0000
vn -0.1948 -0.5510 0.8114
vn 0.4461 -0.4460 0.7759
vn 0.7210 -0.2397 0.6502
vn -0.7501 -0.3932 0.5317
vn -0.1194 -0.5399 0.8332
vn 0.2671 -0.5645 0.7810
vn -0.4096 -0.0811 0.9087
vn 0.5618 -0.0544 0.8255
vn -0.8362 -0.1672 0.5224
vn -0.0280 -0.0056 0.9996
vn -0.2153 -0.0344 0.9759
vn 0.9238 0.0067 0.3828
vn 0.1424 0.0237 0.9895
vn 0.0192 -0.0444 0.9988
vn 0.1948 -0.0228 0.9806
vn -0.5917 0.0083 0.8061
vn -0.4985 0.6007 0.6251
vn -0.0412 0.8478 -0.5288
vn -0.6793 -0.3071 -0.6666
vn -0.6768 -0.4183 0.6057
vn 0.1286 -0.7925 0.5962
vn 0.8123 0.1667 0.5590
vn 0.8662 0.1222 -0.4846
vn -0.2405 -0.3968 -0.8859
vn -0.5063 -0.8609 -0.0506
vn -0.0461 -0.6941 -0.7184
vn 0.3840 -0.9227 0.0328
vn 0.1359 -0.4053 -0.9040
vn 0.2037 -0.5779 -0.7903
vn 0.0012 0.0517 -0.9987
vn -0.0176 0.0262 -0.9995
vn 0.1514 -0.6266 -0.7645
vn 0.2935 -0.8482 -0.4409
vn 0.3470 -0.9379 -0.0000
vn 0.1222 -0.9925 -0.0000
vn 0.2533 -0.6847 -0.6834
vn -0.2935 -0.8482 -0.4409
vn -0.1222 -0.9925 -0.0000
vn -0.2014 -0.8883 -0.4129
vn -0.1730 -0.6293 -0.7576
vn -0.0820 0.3280 -0.9411
vn -0.8650 -0.0455 0.4998
vn -0.0944 0.2349 0.9674
vn -0.0602 0.3909 0.9185
vn -0.0983 0.3356 0.9369
vn -0.1880 0.3804 0.9055
vn -0.2007 0.2509 0.9470
vn -0.3200 0.3357 0.8860
vn -0.3179 0.1507 0.9361
vn -0.3871 0.1099 0.9155
vn -0.4039 0.0467 0.9136
vn -0.4373 -0.8747 0.2087
vn -0.3363 -0.8889 -0.3110
vn -0.3344 -0.9176 0.2151
vn -0.2432 -0.4865 0.8391
vn 0.1183 -0.5224 0.8445
vn 0.0557 -0.5468 0.8354
vn 0.0948 -0.9695 0.2259
vn 0.2839 -0.9392 0.1934
vn 0.0176 0.0262 -0.9995
vn -0.0500 -0.0228 -0.9985
vn 0.1768 -0.8949 -0.4098
vn -0.0305 -0.6692 -0.7425
vn -0.0320 -0.8006 -0.5984
vn -0.0077 -0.9879 -0.1548
vn -0.0895 -0.7272 -0.6806
vn -0.0000 -0.7071 -0.7071
vn 0.0895 -0.7271 -0.6806
vn -0.2490 -0.0613 0.9666
vn -0.2090 -0.0509 0.9766
vn -0.1015 -0.4579 0.8832
vn 0.1492 -0.4009 0.9039
vn 0.2126 -0.0149 0.9770
vn 0.2464 -0.0203 0.9689
vn -0.3871 0.1099 -0.9155
vn -0.7050 0.0779 -0.7050
vn -0.6921 0.1815 -0.6986
vn -0.3179 0.1507 -0.9361
vn 0.9879 0.1501 -0.0384
vn 0.7147 0.1727 -0.6778
vn 0.9138 0.2329 -0.3328
vn 0.9879 0.1501 0.0384
vn -0.0384 0.0882 -0.9954
vn 0.9138 0.2329 0.3328
vn 0.7147 0.1727 0.6778
vn 0.1492 -0.4008 0.9039
vn 0.0959 -0.4709 0.8769
vn 0.7169 0.0195 0.6970
vn 0.7413 0.0813 0.6663
vn 0.7095 -0.0050 0.7047
vn 0.1869 0.2026 0.9613
vn 0.2885 0.8398 0.4599
vn 0.5923 0.6480 0.4788
vn 0.2415 0.1583 0.9574
vn 0.7472 0.4729 0.4669
vn 0.7672 0.1760 0.6168
vn 0.9576 0.0053 0.2879
vn -0.0134 0.0119 0.9998
vn -0.2125 0.0058 0.9771
vn -0.1893 0.0257 0.9816
vn 0.4442 0.0067 0.8959
vn -0.3004 -0.0362 0.9531
vn -0.5224 -0.0467 0.8514
vn 0.3612 -0.0347 0.9318
vn -0.1658 -0.0236 0.9859
vn 0.3656 0.0061 0.9307
vn 0.5683 0.0440 0.8216
vn -0.2011 -0.5254 0.8267
vn -0.1173 -0.9674 0.2246
vn -0.0703 -0.5510 0.8315
vn 0.0302 0.1098 -0.9935
vn -0.0521 0.3223 -0.9452
vn 0.0521 0.3223 -0.9452
vn 0.2520 -0.6865 -0.6820
vn 0.0916 -0.7283 -0.6791
vn -0.1014 -0.7250 -0.6812
vn 0.0959 0.2788 -0.9555
vn 0.0019 0.3604 -0.9328
vn -0.0700 0.3586 -0.9309
vn 0.3839 0.1139 -0.9163
vn 0.3746 0.1249 -0.9188
vn 0.8245 0.4253 -0.3733
vn 0.8245 0.4253 0.3733
vn -0.0284 0.0201 0.9994
vn -0.3687 -0.0017 0.9296
vn -0.0000 -0.0022 1.0000
vn -0.5294 0.1083 0.8414
vn 0.4348 0.0319 0.8999
vn 0.5187 0.0376 0.8541
vn -0.1284 -0.0319 0.9912
vn 0.5327 0.0405 0.8453
vn -0.4016 0.0132 0.9157
vn -0.1597 -0.0230 0.9869
vn -0.1749 -0.0139 0.9845
vn 0.1113 -0.0031 0.9938
vn -0.1361 0.7050 -0.6960
vn -0.0675 0.4110 -0.9091
vn -0.0000 0.3827 -0.9239
vn 0.1123 0.4225 -0.8994
vn 0.1826 0.3652 -0.9129
vn 0.4825 0.5173 -0.7068
vn 0.5729 0.4482 -0.6863
vn 0.8719 0.4879 -0.0416
vn 0.7466 0.5888 -0.3099
vn 0.8331 0.4180 -0.3622
vn 0.8719 0.4879 0.0416
vn 0.8331 0.4180 0.3622
vn 0.7466 0.5887 0.3099
vn 0.6350 0.6498 0.4179
vn -0.0150 0.9123 -0.4092
vn 0.2678 0.8438 -0.4650
vn -0.0365 0.9993 -0.0000
vn -0.1888 0.9094 -0.3707
vn -0.8965 0.2648 -0.3552
vn -0.8965 0.2648 0.3552
vn -0.8445 0.5352 -0.0177
vn -0.7621 0.4814 -0.4329
vn -0.6921 0.1815 0.6986
vn -0.7622 0.4814 0.4329
vn -0.0150 0.9123 0.4092
vn -0.1435 0.6998 0.6998
vn -0.2015 0.9098 0.3628
vn -0.1210 0.9186 0.3763
vn 0.4256 0.5238 -0.7379
vn 0.1711 0.1911 -0.9665
vn 0.2574 0.1521 -0.9543
vn 0.7531 0.4583 -0.4720
vn 0.6739 0.6851 -0.2764
vn -0.3199 0.3357 -0.8860
vn 0.3487 0.9372 -0.0000
vn 0.6758 0.7371 -0.0000
vn -0.1222 0.9925 -0.0000
vn -0.1360 0.9907 -0.0093
vn 0.8623 0.5059 -0.0227
vn -0.0000 1.0000 -0.0000
vn -0.0000 0.9239 -0.3827
vn -0.1368 0.9197 -0.3681
vn 0.6350 0.6498 -0.4179
vn 0.4094 0.7722 -0.4858
vn 0.4372 0.8475 -0.3010
vn 0.5987 0.6750 -0.4312
vn 0.4373 0.8475 0.3010
vn 0.5987 0.6750 0.4312
vn 0.4094 0.7722 0.4858
vn 0.8631 0.5045 0.0225
vn -0.5633 0.5751 -0.5933
vn -0.2007 0.2509 -0.9470
vn 0.2070 0.9099 -0.3595
vn 0.1855 0.9824 -0.0216
vn 0.1855 0.9824 0.0216
vn 0.2070 0.9099 0.3595
vn -0.0000 0.9239 0.3827
vn -0.8445 0.5352 0.0177
vn -0.5633 0.5751 0.5933
vn -0.6975 0.6500 0.3016
vn -0.6975 0.6500 -0.3016
vn 0.2757 0.0816 -0.9578
vn -0.1406 0.2415 -0.9601
vn 0.6853 0.1087 -0.7202
vn 0.9100 0.0460 -0.4120
vn 0.9072 0.2119 -0.3634
vn 0.9951 0.0985 -0.0000
vn 0.9823 0.1758 0.0644
vn -0.2561 0.0103 0.9666
vn -0.9333 0.0779 0.3506
vn -0.6474 0.3030 0.6993
vn -0.0480 0.6095 0.7914
vn 0.0156 0.0016 0.9999
vn -0.0214 -0.0300 0.9993
vn -0.1989 -0.0289 0.9796
vn 0.3795 0.0308 0.9247
vn -0.3690 0.0242 0.9291
vn -0.1766 -0.0090 0.9842
vn -0.0001 -0.0534 0.9986
vn 0.2587 -0.0038 0.9660
vn -0.1127 -0.0086 0.9936
vn -0.5519 0.6927 -0.4642
vn 0.9119 0.1204 -0.3924
vn 1.0000 -0.0000 -0.0000
vn -0.6111 0.7915 -0.0000
vn -0.4904 0.8715 -0.0000
vn -0.5483 0.6954 0.4645
vn -0.3225 0.6655 0.6731
vn -0.4416 0.8305 0.3396
vn -0.0835 0.3341 -0.9388
vn -0.4084 0.7666 -0.4955
vn -0.1696 0.6561 -0.7354
vn -0.0602 0.3909 -0.9185
vn 0.3680 0.1770 -0.9128
vn -0.0316 0.3860 -0.9219
vn -0.0123 0.3891 -0.9211
vn 0.0609 0.3911 -0.9183
vn 0.7713 0.4922 -0.4035
vn 0.9239 -0.0000 -0.3827
vn -0.2812 0.8876 0.3647
vn -0.2648 0.8965 -0.3552
vn -0.2177 0.6401 0.7368
vn -0.0935 0.6829 0.7245
vn -0.1433 0.9026 0.4059
vn -0.1433 0.9026 -0.4059
vn -0.0935 0.6829 -0.7245
vn -0.0546 0.9264 -0.3726
vn -0.0573 0.7059 -0.7059
vn -0.0431 0.9242 0.3794
vn -0.0186 0.3928 0.9194
vn -0.0353 0.7067 0.7066
vn 0.9571 -0.0000 0.2898
vn 0.9026 0.1088 -0.4165
vn 0.9255 0.0192 0.3783
vn 0.2914 -0.0258 0.9563
vn -0.1419 -0.0018 0.9899
vn -0.0000 -0.0013 1.0000
vn 0.1539 0.0171 0.9879
vn -0.0690 0.0102 0.9976
vn -0.0016 0.0058 1.0000
vn 0.0001 -0.0001 1.0000
vn -0.2211 -0.0013 0.9752
vn -0.0123 0.9211 -0.3891
vn 0.8523 0.5231 -0.0057
vn 0.2520 0.8706 -0.4225
vn 0.3079 0.9504 -0.0438
vn 0.4691 0.8363 -0.2838
vn 0.9503 0.2694 -0.1559
vn 0.3537 0.4634 -0.8125
vn -0.5765 0.7520 0.3195
vn -0.1942 0.9742 -0.1150
vn -0.0440 0.9985 -0.0341
vn -0.0114 0.7124 -0.7017
vn 0.0115 0.8705 -0.4920
vn -0.8682 0.4146 -0.2726
vn -0.2827 0.7862 -0.5495
vn 0.0550 0.8136 -0.5788
vn 0.3582 0.8097 -0.4648
vn -0.2182 0.8304 -0.5126
vn -0.0885 0.9681 -0.2344
vn -0.4171 0.8281 0.3745
vn -0.5524 0.8278 0.0979
vn -0.4906 0.8490 -0.1963
vn -0.9623 0.1694 0.2130
vn -0.8597 0.3787 -0.3429
vn -0.5846 0.4219 -0.6930
vn 0.0911 0.4279 -0.8992
vn 0.6281 0.3366 -0.7015
vn 0.9683 0.2415 -0.0638
vn 0.5895 0.8007 -0.1070
vn 0.3790 0.8787 0.2904
vn 0.1083 0.9737 -0.2003
vn 0.2480 0.6905 -0.6795
vn 0.1590 0.5783 -0.8001
vn 0.1287 0.7582 0.6392
vn 0.1506 0.3639 0.9192
vn -0.6311 0.3786 0.6770
vn 0.6354 0.5475 -0.5445
vn 0.8880 0.4584 -0.0362
vn 0.5962 0.4127 0.6887
vn -0.1020 0.7747 -0.6240
vn -0.3089 0.4941 -0.8127
vn -0.1581 0.4970 -0.8532
vn 0.1492 0.4327 -0.8891
vn 0.1277 0.7398 -0.6606
vn 0.2859 0.3965 -0.8723
vn -0.3324 0.4547 -0.8263
vn -0.8357 0.4093 -0.3662
vn -0.0524 0.9161 -0.3976
vn 0.2742 0.9362 -0.2199
vn -0.8432 0.4518 0.2914
vn -0.3951 0.9187 -0.0000
vn -0.8830 0.1721 -0.4367
vn -0.3363 0.1210 -0.9339
vn -0.3182 0.6265 0.7115
vn 0.5702 0.6643 0.4833
vn 0.2742 0.9362 0.2199
vn 0.1821 0.7339 0.6544
vn -0.0524 0.9161 0.3976
vn 0.1936 0.1525 -0.9692
vn 0.3884 0.0951 -0.9166
vn -0.2914 0.0045 -0.9566
vn -0.0863 0.2135 -0.9731
vn 0.3496 0.0063 -0.9369
vn 0.8525 0.0118 -0.5226
vn 0.0245 0.2125 -0.9769
vn 0.1234 0.0018 -0.9924
vn 0.8515 0.0221 -0.5239
vn 0.9235 0.0280 0.3826
vn -0.5908 0.0125 0.8067
vn -0.3826 0.0116 0.9238
vn -0.7069 0.0214 0.7069
vn -0.9233 0.0115 0.3838
vn -0.9234 0.0282 0.3827
vn -0.8544 0.0157 -0.5194
vn 0.1508 0.0009 0.9886
vn -0.0045 -0.0071 1.0000
vn 0.1509 0.0012 0.9885
vn -0.1462 0.0060 0.9892
vn -0.0429 0.0081 0.9990
vn 0.5794 0.0081 0.8150
vn -0.8502 0.0262 -0.5258
vn -0.2980 0.0073 -0.9545
vn 0.1602 -0.0000 -0.9871
vn 0.3806 0.0036 -0.9247
vn -0.0629 0.0009 -0.9980
vn -0.0709 -0.0000 -0.9975
vn 0.1552 0.0077 0.9879
vn 0.0046 -0.0062 1.0000
vn 0.0773 -0.0184 0.9968
vn 0.4967 0.0153 0.8678
vn -0.0476 -0.0042 0.9989
vn 0.1222 -0.0000 0.9925
vn -0.0338 0.0071 0.9994
vn -0.1090 0.0148 0.9939
vn 0.1611 0.0020 -0.9869
vn 0.5236 0.0140 -0.8519
vn -0.0815 0.0012 -0.9967
vn -0.3077 0.0045 -0.9515
vn -0.0825 -0.0000 -0.9966
vn 0.1577 0.0029 -0.9875
vn -0.8515 0.0220 -0.5239
vn -0.4524 0.0207 -0.8916
vn -0.7071 0.0107 0.7071
vn -0.9249 0.0224 0.3795
vn 0.9234 0.0282 -0.3827
vn 0.5191 0.0095 -0.8546
vn 0.9223 0.0117 -0.3862
vn 0.9232 0.0140 0.3840
vn 0.6344 0.0117 0.7729
vn -0.5819 0.0189 0.8131
vn 0.0103 -0.0231 0.9997
vn -0.4073 -0.0019 0.9133
vn -0.0045 0.0080 1.0000
vn -0.1180 -0.0403 0.9922
vn -0.0202 -0.0123 0.9997
vn 0.1826 -0.0118 0.9831
vn -0.1124 -0.1038 -0.9882
vn 0.0163 -0.1098 -0.9938
vn 0.2006 -0.1216 -0.9721
vn 0.5658 -0.0937 -0.8192
vn -0.9112 0.0347 -0.4105
vn -0.9991 0.0385 0.0158
vn -0.8896 -0.0879 -0.4483
vn -0.3716 -0.1334 -0.9188
vn -0.9224 0.0537 0.3826
vn -0.7018 0.1225 0.7018
vn -0.7109 0.1073 0.6951
vn 0.0048 0.0070 1.0000
vn -0.1602 -0.0000 0.9871
vn 0.0771 0.0121 0.9969
vn 0.6119 0.0304 0.7904
vn 0.2822 0.1151 0.9524
vn -0.1009 -0.4383 -0.8932
vn 0.0393 -0.4119 -0.9104
vn 0.3144 -0.6252 -0.7143
vn 0.9446 -0.0409 -0.3257
vn 0.7866 -0.3713 -0.4934
vn 0.9874 -0.0623 -0.1454
vn 0.9237 0.0104 0.3829
vn -0.9123 0.0530 0.4062
vn -0.6876 0.1447 0.7115
vn -0.9224 0.0367 0.3845
vn 0.9717 0.0459 0.2316
vn 0.6250 0.1103 0.7728
vn -0.2309 0.1010 0.9677
vn -0.3381 0.2079 0.9178
vn -0.1275 0.0763 0.9889
vn -0.0300 0.3253 0.9451
vn -0.0345 0.2800 0.9594
vn -0.4416 -0.5401 -0.7164
vn -0.4078 -0.5702 -0.7131
vn -0.9142 -0.2594 -0.3112
vn 0.6059 -0.5420 -0.5824
vn 0.9669 -0.1851 -0.1757
vn -0.6971 0.1676 0.6971
vn -0.0265 -0.2768 0.9606
vn 0.1789 0.2174 0.9595
vn 0.4549 -0.3796 0.8056
vn -0.3222 0.0321 0.9461
vn 0.0313 0.2029 0.9787
vn 0.3886 0.3383 0.8571
vn 0.4607 0.0944 0.8825
vn -0.1835 -0.7386 -0.6486
vn 0.1679 -0.5892 -0.7904
vn -0.9073 -0.2107 0.3638
vn -0.6042 -0.2903 0.7420
vn -0.7860 -0.2226 0.5768
vn -0.8611 -0.3123 0.4012
vn -0.7081 -0.7031 -0.0647
vn -0.8824 -0.4649 -0.0720
vn -0.5303 -0.6624 -0.5291
vn -0.0122 -0.7199 -0.6940
vn -0.3655 -0.4287 -0.8262
vn -0.2829 -0.7946 -0.5373
vn 0.3014 -0.7832 -0.5439
vn 0.7039 -0.6851 -0.1878
vn 0.8790 -0.3034 0.3680
vn -0.0754 -0.0726 0.9945
vn 0.5910 0.2422 0.7695
vn -0.2989 0.3396 0.8918
vn -0.5378 0.1495 0.8297
vn -0.3521 0.3029 0.8856
vn -0.0000 0.3966 0.9180
vn -0.0000 0.3052 0.9523
vn 0.4188 0.2937 0.8593
vn 0.8359 -0.5482 0.0271
vn 0.9072 -0.2696 0.3229
vn 0.7477 -0.4077 0.5241
vn -0.2225 -0.9706 0.0916
vn 0.3579 -0.9338 -0.0000
vn -0.0000 -0.6566 0.7543
vn -0.4454 -0.4189 0.7913
vn -0.8116 -0.5307 0.2443
vn -0.4726 -0.7258 -0.4998
vn 0.1250 -0.7227 -0.6798
vn 0.5641 -0.5640 -0.6031
vn 0.0861 -0.4166 -0.9050
vn 0.4741 -0.4790 -0.7387
vn 0.5398 -0.8179 -0.1990
vn 0.8345 -0.5510 -0.0000
vn 0.5247 -0.4630 0.7143
vn 0.5532 -0.7386 0.3853
vn 0.4214 -0.3180 0.8493
vn -0.0617 -0.0997 0.9931
vn -0.3265 -0.9447 0.0300
vn -0.0081 -0.6548 0.7558
vn -0.4959 -0.4624 0.7351
vn -0.7252 -0.6584 0.2014
vn -0.5623 -0.6885 -0.4580
vn 0.0471 -0.7519 -0.6576
vn 0.5488 -0.6000 -0.5821
vn 0.2898 -0.3984 -0.8702
vn 0.6394 -0.3082 -0.7044
vn 0.8849 -0.4598 0.0748
vn 0.5219 -0.4919 0.6969
vn 0.6250 -0.0207 0.7803
vn 0.1823 -0.0962 0.9785
vn 0.0341 -0.8691 -0.4935
vn -0.2625 -0.3790 -0.8874
vn 0.4680 -0.5278 -0.7088
vn 0.6540 -0.5917 -0.4714
vn 0.2319 -0.3915 -0.8905
vn 0.1283 -0.4339 -0.8918
vn 0.2970 -0.7159 0.6319
vn -0.6305 -0.3730 -0.6806
vn -0.9710 -0.2387 -0.0111
vn -0.8315 0.0526 -0.5530
vn -0.3523 -0.1285 -0.9270
vn -0.1550 -0.4282 -0.8903
vn -0.2919 -0.3840 -0.8760
vn -0.4816 -0.3707 -0.7941
vn -0.3503 0.0708 -0.9340
vn 0.0770 -0.0118 -0.9970
vn -0.1742 -0.5837 -0.7931
vn -0.6480 -0.3360 -0.6835
vn -0.4372 0.0166 -0.8992
vn 0.4537 -0.3328 -0.8267
vn -0.4655 -0.1320 -0.8752
vn 0.0681 0.1729 0.9826
vn -0.3634 -0.0000 0.9316
vn 0.2450 -0.1525 -0.9575
vn 0.7362 -0.0108 -0.6767
vn 0.3271 0.2617 0.9080
vn -0.1277 0.0999 0.9868
vn -0.6869 -0.7238 -0.0654
vn -0.6188 -0.4623 0.6351
vn -0.7088 -0.1875 0.6801
vn -0.8092 0.0647 0.5839
vn -0.2972 -0.3488 -0.8888
vn -0.5169 -0.6951 -0.4996
vn -0.8572 0.3132 0.4089
vn -0.5042 -0.4567 0.7329
vn 0.3461 0.1092 -0.9318
vn 0.1217 0.3097 -0.9430
vn -0.1943 0.1234 -0.9731
vn 0.9907 -0.1088 -0.0820
vn 0.7747 0.1666 -0.6100
vn 0.8310 0.4457 0.3327
vn 0.7371 0.1373 0.6617
vn 0.2461 0.2811 0.9276
vn 0.9293 0.2753 0.2460
vn 0.8093 0.3408 0.4784
vn 0.0379 -0.0298 -0.9988
vn -0.3348 0.2854 -0.8980
vn 0.0821 0.4360 -0.8962
vn 0.4631 -0.0235 -0.8860
vn 0.3144 0.2979 -0.9013
vn 0.6979 0.4394 -0.5655
vn -0.0520 0.4324 -0.9002
vn 0.2796 0.2561 -0.9253
vn 0.0604 0.3047 -0.9505
vn -0.3603 0.2794 -0.8900
vn 0.0561 -0.2263 -0.9725
vn 0.1466 0.6151 -0.7747
vn -0.0691 0.2908 -0.9543
vn 0.3804 -0.1142 -0.9177
vn -0.1602 -0.2783 -0.9470
vn 0.2602 -0.2716 -0.9266
vn 0.3997 0.3139 0.8612
vn 0.5407 0.1029 0.8349
vn 0.5130 0.3838 0.7678
vn 0.1940 -0.1729 0.9656
vn -0.0909 0.5312 0.8423
vn -0.4735 0.6278 -0.6178
vn -0.1559 0.5422 -0.8257
vn -0.9762 0.2147 0.0311
vn -0.7322 0.4914 0.4716
vn -0.7178 0.6340 -0.2876
vn -0.2143 0.4482 0.8678
vn 0.3721 0.4908 0.7878
vn -0.0874 0.4402 0.8936
vn -0.8496 0.2696 0.4533
vn -0.2950 0.4410 0.8476
vn -0.4205 0.5949 0.6850
vn -0.8148 0.4402 0.3772
vn -0.0860 0.8117 -0.5777
vn -0.1845 0.8356 0.5174
vn 0.5959 0.8013 0.0529
vn -0.2908 0.3294 0.8983
vn 0.1082 0.6961 0.7097
vn -0.2545 0.8708 0.4207
vn -0.3905 0.9148 -0.1032
vn 0.2571 0.8286 -0.4974
vn 0.5025 0.8496 0.1601
vn -0.6318 0.7715 0.0750
vn 0.2420 0.9047 0.3506
vn -0.3307 0.3255 0.8858
vn -0.4972 0.1162 0.8598
vn -0.5543 0.3428 0.7584
vn -0.3126 0.3768 0.8720
vn -0.0000 0.3719 0.9283
vn 0.3762 0.3693 0.8497
vn -0.4747 0.4000 0.7840
vn 0.2224 0.6168 0.7551
vn 0.3833 0.6370 -0.6688
vn 0.3166 0.9211 -0.2267
vn 0.0643 0.7627 -0.6436
vn -0.4148 -0.4092 -0.8127
vn -0.0867 -0.8765 -0.4736
vn 0.4520 -0.6998 -0.5531
vn 0.3009 -0.4192 -0.8566
vn -0.0972 0.8892 -0.4472
vn 0.7828 0.4461 0.4337
vn 0.9761 0.2158 -0.0263
vn 0.8212 -0.1765 0.5426
vn 0.1831 -0.2410 0.9531
vn -0.4243 -0.6048 -0.6739
vn 0.0321 -0.8138 -0.5803
vn 0.4553 -0.7751 -0.4380
vn -0.0317 0.8589 0.5112
vn 0.6038 0.3299 0.7256
vn 0.0308 0.0269 0.9992
vn -0.4986 -0.1755 0.8489
vn -0.7389 0.0156 0.6736
vn -0.8765 -0.1466 0.4585
vn -0.8523 -0.1202 0.5091
vn -0.3778 -0.8652 0.3296
vn -0.9460 -0.2798 -0.1634
vn 0.6821 -0.2672 0.6807
vn -0.0092 0.0447 0.9990
vn -0.4379 -0.3579 -0.8247
vn 0.5188 -0.2751 -0.8094
vn -0.4309 -0.1603 -0.8880
vn -0.6458 -0.1212 -0.7539
vn -0.4951 -0.4962 -0.7132
vn -0.5652 -0.7054 -0.4278
vn -0.5513 -0.7830 -0.2882
vn -0.1076 -0.1490 -0.9830
vn 0.1492 -0.4435 -0.8838
vn 0.1592 -0.2517 -0.9546
vn 0.3997 -0.6971 -0.5952
vn -0.2606 -0.5395 -0.8007
vn 0.2864 -0.5226 -0.8031
vn 0.8225 -0.5494 0.1472
vn 0.1085 -0.6901 0.7156
vn 0.1535 -0.8539 -0.4973
vn -0.2866 -0.3184 -0.9036
vn 0.7443 -0.3029 -0.5952
vn 0.3159 -0.2524 -0.9146
vn 0.7279 -0.1329 -0.6727
vn -0.3910 -0.9190 0.0500
vn 0.0838 -0.9965 -0.0000
vn -0.2152 -0.6906 0.6905
vn -0.7124 -0.4962 0.4962
vn -0.8658 -0.4737 -0.1612
vn -0.3597 -0.5629 -0.7442
vn -0.0319 -0.8123 -0.5823
vn 0.3174 -0.7839 -0.5337
vn 0.0592 -0.4709 -0.8802
vn 0.2800 -0.3793 -0.8819
vn 0.4183 -0.9005 -0.1190
vn 0.1579 -0.7666 0.6224
vn -0.2307 -0.1322 0.9640
vn 0.0161 -0.2329 0.9724
vn -0.0838 -0.9965 -0.0000
vn 0.3100 -0.9507 -0.0034
vn 0.0615 -0.7046 0.7070
vn -0.3574 -0.6180 0.7003
vn -0.3591 -0.9331 0.0170
vn -0.2716 -0.8133 -0.5146
vn 0.0319 -0.8123 -0.5823
vn 0.3549 -0.6106 -0.7079
vn 0.0473 -0.4878 -0.8716
vn 0.5604 -0.2116 -0.8007
vn 0.9265 -0.1832 -0.3287
vn 0.8687 -0.4438 -0.2200
vn 0.6313 -0.6233 0.4614
vn 0.9166 -0.0630 0.3948
vn 0.3753 -0.2200 0.9004
vn -0.1299 -0.2484 -0.9599
vn -0.3521 0.0495 -0.9347
vn 0.1104 0.0040 -0.9939
vn -0.8973 -0.1591 -0.4118
vn -0.4269 -0.2425 -0.8712
vn -0.0898 -0.7000 -0.7085
vn -0.2242 -0.3956 -0.8906
vn -0.0650 -0.0730 -0.9952
vn -0.1323 -0.1911 0.9726
vn 0.3559 -0.0660 0.9322
vn 0.8608 -0.0959 0.4999
vn -0.4043 -0.2405 0.8824
vn -0.0799 0.3457 0.9349
vn -0.6097 0.3540 0.7092
vn -0.9138 -0.0771 0.3988
vn 0.0286 0.3186 0.9475
vn -0.9239 0.3330 0.1884
vn 0.8930 0.1871 -0.4092
vn 0.9326 0.2624 0.2479
vn -0.6958 0.5589 0.4510
vn -0.7793 0.5176 0.3533
vn -0.2781 0.5282 0.8023
vn 0.1581 -0.0834 -0.9839
vn -0.2316 0.2374 -0.9434
vn 0.3886 0.4552 -0.8011
vn 0.4232 0.1856 -0.8868
vn -0.1323 0.3947 -0.9093
vn 0.0054 0.6151 0.7884
vn 0.5750 0.2932 0.7638
vn 0.6575 0.6148 0.4356
vn 0.0583 0.6058 0.7935
vn -0.0692 0.3260 -0.9428
vn 0.4764 0.1771 -0.8612
vn -0.4698 0.1550 -0.8690
vn -0.2442 -0.1214 -0.9621
vn -0.2905 -0.3351 -0.8963
vn 0.0694 0.0812 -0.9943
vn 0.5923 -0.2132 -0.7770
vn 0.0593 0.2292 -0.9716
vn -0.2583 0.1943 -0.9463
vn -0.3345 0.7056 -0.6246
vn -0.2368 0.5349 -0.8111
vn -0.8781 0.1249 -0.4619
vn -0.7155 0.6250 -0.3122
vn 0.4086 -0.2064 -0.8891
vn 0.2544 -0.2814 -0.9253
vn 0.2200 0.4906 0.8432
vn 0.7956 0.4078 0.4479
vn 0.6442 0.5994 0.4751
vn 0.2134 0.2657 -0.9402
vn 0.0449 0.8677 -0.4950
vn 0.7137 0.5719 -0.4044
vn -0.2161 0.9565 0.1962
vn 0.1520 0.9638 0.2189
vn 0.0026 0.6950 0.7190
vn -0.5356 0.6662 0.5189
vn -0.2715 0.8925 0.3602
vn 0.2468 0.7749 0.5819
vn -0.3624 0.6923 0.6240
vn -0.4190 0.9063 0.0556
vn 0.4534 0.7205 -0.5247
vn 0.3168 0.9285 0.1934
vn -0.8179 0.4837 0.3115
vn 0.2909 0.3859 0.8755
vn 0.5709 0.3012 0.7638
vn 0.4945 0.4733 0.7290
vn -0.5890 0.4161 -0.6928
vn -0.9294 0.3649 -0.0554
vn -0.4058 -0.3043 -0.8618
vn -0.0982 0.8872 -0.4509
vn 0.2172 0.6216 -0.7526
vn 0.9689 0.2427 -0.0474
vn 0.3382 0.8997 0.2759
vn 0.0110 0.6301 0.7765
vn -0.4183 0.6282 0.6560
vn -0.0231 -0.3309 0.9434
vn -0.7533 -0.2771 0.5965
vn -0.2676 0.3678 0.8906
vn -0.4856 0.2406 0.8404
vn -0.3874 0.7296 0.5636
vn -0.0849 0.4707 0.8782
vn -0.0033 0.4032 0.9151
vn 0.0901 0.4742 0.8758
vn -0.3693 0.5135 0.7745
vn 0.2425 0.7452 0.6211
vn 0.7197 0.4831 0.4987
vn 0.7148 -0.3099 0.6269
vn -0.0118 -0.2703 0.9627
vn 0.0195 -0.8582 -0.5129
vn 0.5961 -0.6532 -0.4668
vn 0.4551 -0.3682 -0.8108
vn -0.4142 -0.5301 -0.7398
vn -0.5080 -0.3084 -0.8043
vn -0.6422 -0.5438 -0.5402
vn -0.3582 -0.7725 -0.5244
vn 0.1378 -0.7721 -0.6204
vn -0.0393 -0.5220 -0.8521
vn 0.3363 -0.5465 -0.7669
vn 0.6621 -0.6300 -0.4058
vn 0.1420 -0.7274 -0.6714
vn 0.8723 -0.4066 0.2717
vn 0.5051 0.7583 0.4122
vn 0.4247 0.1089 0.8988
vn 0.4229 -0.2381 0.8743
vn -0.2434 0.0985 0.9649
vn -0.6811 -0.6926 0.2374
vn -0.2319 -0.3538 0.9061
vn 0.2528 -0.9221 0.2930
vn -0.0266 -0.8414 -0.5397
vn -0.3854 -0.8412 -0.3793
vn 0.0201 -0.3312 0.9434
vn 0.8085 -0.1376 0.5722
vn -0.7241 -0.0040 -0.6897
vn -0.1760 -0.2036 -0.9631
vn -0.2087 -0.9734 -0.0944
vn 0.2266 -0.9740 -0.0052
vn 0.0809 -0.6591 0.7477
vn -0.3865 -0.6263 0.6770
vn -0.7480 -0.6557 -0.1028
vn -0.4684 -0.5907 -0.6570
vn 0.0166 -0.7512 -0.6599
vn 0.3771 -0.7176 -0.5855
vn 0.2067 -0.4521 -0.8677
vn 0.1813 -0.5772 -0.7962
vn 0.2658 -0.5471 0.7937
vn 0.0936 -0.0032 0.9956
vn -0.2537 -0.9673 -0.0000
vn 0.3553 -0.9347 -0.0000
vn -0.0210 -0.6623 0.7490
vn -0.5576 -0.4293 0.7105
vn -0.7715 -0.6157 0.1605
vn -0.3694 -0.7188 -0.5890
vn -0.0222 -0.7470 -0.6644
vn 0.4922 -0.6559 -0.5723
vn 0.2165 -0.4362 -0.8734
vn 0.8222 -0.2328 -0.5195
vn 0.9412 -0.3368 -0.0262
vn 0.8200 -0.5708 0.0416
vn 0.5029 -0.5221 0.6888
vn 0.7181 -0.1482 0.6799
vn 0.1904 -0.0282 0.9813
vn -0.2112 -0.6045 -0.7681
vn 0.2897 -0.5668 -0.7712
vn -0.2876 -0.3925 -0.8736
vn -0.7342 -0.1611 -0.6595
vn -0.5940 -0.0823 -0.8002
vn -0.0811 -0.1654 -0.9829
vn -0.1435 -0.4439 -0.8845
vn -0.0019 -0.3863 -0.9224
vn -0.2630 0.0169 -0.9646
vn 0.1117 -0.1632 -0.9802
vn -0.7488 -0.1681 0.6412
vn -0.1582 0.0062 0.9874
vn -0.6244 0.2545 0.7385
vn -0.9640 -0.2059 -0.1683
vn -0.9896 0.1351 -0.0486
vn -0.1766 -0.2935 -0.9395
vn -0.1069 -0.1220 -0.9868
vn -0.0353 0.4328 0.9008
vn -0.2127 0.0372 0.9764
vn -0.1594 0.3596 0.9194
vn 0.3731 0.1464 0.9162
vn 0.1860 -0.1796 -0.9660
vn 0.0751 0.3677 -0.9269
vn 0.0995 0.2082 -0.9730
vn 0.7673 -0.0755 -0.6369
vn 0.2669 0.0134 -0.9636
vn 0.5105 0.3381 -0.7906
vn 0.9711 0.1688 -0.1688
vn 0.8418 0.1946 0.5034
vn -0.1054 0.2721 -0.9565
vn 0.0134 0.3793 -0.9252
vn 0.2212 -0.0308 -0.9747
vn 0.3360 0.2965 -0.8940
vn -0.3886 0.1451 -0.9099
vn 0.0922 0.2736 -0.9574
vn 0.6352 0.0014 -0.7724
vn 0.3654 0.1867 -0.9119
vn 0.8605 0.3586 -0.3620
vn 0.2668 0.4654 0.8439
vn 0.7080 0.3600 0.6075
vn -0.3437 0.2052 0.9164
vn -0.8212 -0.2095 0.5308
vn -0.7195 0.2413 0.6512
vn -0.4082 0.5399 0.7361
vn -0.5094 -0.2197 0.8320
vn -0.5856 0.5250 0.6176
vn 0.2589 0.3078 0.9156
vn 0.6765 0.5627 0.4751
vn -0.0168 0.5604 0.8280
vn -0.3214 0.3933 -0.8614
vn -0.2954 0.1098 -0.9490
vn -0.0080 0.2060 -0.9785
vn -0.6876 0.4740 0.5501
vn -0.8915 0.2727 -0.3617
vn -0.3277 0.6465 -0.6890
vn -0.6207 0.5711 -0.5373
vn -0.0184 0.2900 -0.9569
vn 0.1906 -0.1563 -0.9692
vn 0.0019 0.1281 -0.9918
vn 0.1236 0.0922 -0.9880
vn 0.0433 0.1425 -0.9888
vn -0.0542 0.6078 0.7922
vn -0.6240 0.7614 0.1757
vn -0.2897 0.8745 -0.3890
vn 0.4861 0.6160 -0.6198
vn -0.4673 0.6689 -0.5781
vn 0.6003 0.7836 0.1602
vn -0.9011 0.3185 0.2943
vn 0.1894 0.8458 0.4988
vn -0.1425 0.7898 0.5966
vn -0.3002 0.9340 0.1940
vn 0.9100 0.2835 0.3026
vn -0.0771 0.8719 -0.4836
vn 0.4940 0.7532 -0.4344
vn 0.1313 0.1808 -0.9747
vn 0.0342 0.0141 -0.9993
vn 0.4395 0.3482 -0.8280
vn 0.5297 0.5819 0.6172
vn 0.0704 0.7937 0.6042
vn -0.1403 0.8365 0.5297
vn -0.1480 0.7170 0.6812
vn -0.1251 0.1562 -0.9798
vn 0.0635 0.8579 -0.5099
vn -0.6856 0.1572 -0.7108
vn -0.2640 -0.0316 -0.9640
vn -0.0574 0.0115 -0.9983
vn -0.0940 0.4569 0.8846
vn 0.0018 0.5557 0.8314
vn 0.2168 0.7319 0.6460
vn 0.1235 0.8275 0.5477
vn -0.0945 0.8099 0.5788
vn -0.0899 0.0790 -0.9928
vn -0.1804 0.6766 -0.7140
vn -0.1743 0.6942 -0.6984
vn 0.0731 0.0124 -0.9972
vn 0.2234 0.6724 -0.7056
vn -0.0693 0.6546 -0.7528
vn 0.4967 0.1508 -0.8547
vn 0.2634 0.7037 -0.6599
vn 0.2011 0.9796 0.0034
vn -0.0000 0.5969 0.8023
vn -0.4924 0.3950 0.7756
vn -0.2445 0.9377 0.2468
vn -0.8906 0.4547 0.0111
vn 0.7756 0.3211 0.5435
vn 0.8917 0.3768 -0.2506
vn 0.3526 0.9049 0.2382
vn 0.2006 0.5307 0.8235
vn 0.1415 0.9722 0.1867
vn -0.0039 0.5555 0.8315
vn 0.0670 0.9215 0.3825
vn 0.1533 0.8597 -0.4872
vn -0.2261 0.7901 -0.5698
vn -0.7414 0.0692 -0.6675
vn 0.0449 0.4060 0.9128
vn 0.0888 0.4574 0.8848
vn 0.2670 0.8371 0.4774
vn 0.0652 0.9172 0.3930
vn -0.0596 0.4054 0.9122
vn -0.1061 0.9159 0.3872
vn -0.3031 0.8509 0.4292
vn -0.0680 0.6012 -0.7962
vn 0.1978 0.8894 -0.4120
vn -0.1781 0.8889 -0.4220
vn -0.1415 0.9722 0.1867
vn -0.2438 0.9031 -0.3537
vn 0.0059 0.9741 -0.2261
vn 0.2673 0.9282 -0.2588
vn 0.0200 0.8685 -0.4952
vn 0.6002 0.4328 0.6726
vn 0.6848 0.2535 0.6832
vn 0.6952 0.1564 0.7016
vn 0.7504 -0.0179 0.6607
vn 0.6862 -0.1715 0.7069
vn 0.6849 -0.2533 0.6832
vn 0.6326 -0.3163 0.7070
vn 0.6004 -0.4326 0.6726
vn 0.6552 -0.7554 -0.0096
vn -0.6352 -0.7724 -0.0047
vn -0.6950 -0.2385 0.6783
vn -0.7245 -0.0717 0.6855
vt 0.169261 0.266888
vt 0.169604 0.271112
vt 0.166813 0.269235
vt 0.166136 0.266906
vt 0.168676 0.264421
vt 0.171112 0.264370
vt 0.172036 0.266437
vt 0.171936 0.269011
vt 0.172489 0.272560
vt 0.174676 0.269199
vt 0.919828 0.796477
vt 0.921895 0.798419
vt 0.916465 0.800053
vt 0.914921 0.796351
vt 0.919059 0.794627
vt 0.169824 0.273138
vt 0.167006 0.272451
vt 0.918287 0.792776
vt 0.913503 0.792604
vt 0.163056 0.275855
vt 0.163891 0.269802
vt 0.172748 0.262824
vt 0.174701 0.266142
vt 0.816451 0.105948
vt 0.813568 0.111894
vt 0.811366 0.107155
vt 0.810287 0.102611
vt 0.815909 0.103676
vt 0.163056 0.267168
vt 0.165299 0.263981
vt 0.816526 0.100430
vt 0.811355 0.099482
vt 0.163927 0.259082
vt 0.168926 0.261771
vt 0.249464 0.511883
vt 0.252121 0.506200
vt 0.254291 0.510722
vt 0.254041 0.516248
vt 0.248840 0.515558
vt 0.244332 0.140243
vt 0.245093 0.142939
vt 0.243159 0.142152
vt 0.241325 0.141132
vt 0.242197 0.139188
vt 0.243379 0.137298
vt 0.245211 0.138316
vt 0.247377 0.139195
vt 0.246844 0.141336
vt 0.249125 0.143738
vt 0.250569 0.142149
vt 0.323717 0.124670
vt 0.324919 0.122696
vt 0.328130 0.127358
vt 0.250540 0.149198
vt 0.243968 0.145774
vt 0.241584 0.145075
vt 0.245325 0.150658
vt 0.240115 0.150060
vt 0.236118 0.147582
vt 0.239279 0.143769
vt 0.239086 0.138385
vt 0.235335 0.138838
vt 0.606272 0.201720
vt 0.602484 0.200651
vt 0.607301 0.200487
vt 0.240112 0.136167
vt 0.320952 0.122164
vt 0.322525 0.120472
vt 0.325649 0.119511
vt 0.329332 0.125384
vt 0.604541 0.198184
vt 0.321896 0.112869
vt 0.325313 0.108039
vt 0.324290 0.115093
vt 0.321166 0.116054
vt 0.321846 0.118263
vt 0.324969 0.117302
vt 0.330145 0.116072
vt 0.331209 0.120570
vt 0.329081 0.111575
vt 0.179306 0.268399
vt 0.249538 0.522317
vt 0.247280 0.518622
vt 0.252775 0.519861
vt 0.920180 0.802559
vt 0.924115 0.803323
vt 0.917672 0.804962
vt 0.913751 0.800868
vt 0.256278 0.521334
vt 0.257465 0.526424
vt 0.333325 0.125110
vt 0.329719 0.131031
vt 0.250244 0.153306
vt 0.235335 0.150972
vt 0.602095 0.202891
vt 0.599963 0.203673
vt 0.600738 0.199195
vt 0.605258 0.204593
vt 0.902828 0.842735
vt 0.912271 0.797354
vt 0.902032 0.773392
vt 0.817221 0.114806
vt 0.788856 0.125668
vt 0.810284 0.112266
vt 0.911082 0.791129
vt 0.808085 0.107527
vt 0.807046 0.103248
vt 0.789058 0.000322
vt 0.809182 0.096995
vt 0.257204 0.514771
vt 0.257465 0.509549
vt 0.335624 0.891932
vt 0.331006 0.889623
vt 0.335624 0.827271
vt 0.096549 0.071263
vt 0.092249 0.006746
vt 0.096549 0.001830
vt 0.202294 0.751392
vt 0.197676 0.820669
vt 0.197676 0.746774
vt 0.806508 0.026799
vt 0.811045 0.031602
vt 0.896510 0.926414
vt 0.896510 0.861749
vt 0.901127 0.924104
vt 0.255679 0.505837
vt 0.114924 0.940207
vt 0.114924 0.877691
vt 0.119358 0.937563
vt 0.243706 0.154019
vt 0.238978 0.152981
vt 0.124135 0.939524
vt 0.603827 0.195496
vt 0.599963 0.176538
vt 0.608220 0.194326
vt 0.332878 0.118589
vt 0.333325 0.115320
vt 0.613778 0.197552
vt 0.611000 0.195937
vt 0.846001 0.118402
vt 0.860659 0.090661
vt 0.859083 0.160797
vt 0.841902 0.122319
vt 0.332261 0.110822
vt 0.607740 0.196548
vt 0.923685 0.805090
vt 0.134479 0.808026
vt 0.090606 0.784935
vt 0.134479 0.683337
vt 0.103420 0.062067
vt 0.101924 0.003310
vt 0.119468 0.002862
vt 0.947103 0.714561
vt 0.928312 0.776992
vt 0.928448 0.714520
vt 0.946962 0.712932
vt 0.900028 0.843599
vt 0.900028 0.773416
vt 0.929015 0.848438
vt 0.914244 0.846101
vt 0.929175 0.846940
vt 0.940925 0.848198
vt 0.942089 0.905725
vt 0.936859 0.160916
vt 0.934269 0.098535
vt 0.946938 0.100613
vt 0.756347 0.126434
vt 0.756347 0.000270
vt 0.914153 0.847162
vt 0.897194 0.773471
vt 0.897194 0.843657
vt 0.020689 0.151600
vt 0.014021 0.232178
vt 0.014021 0.061054
vt 0.914404 0.844603
vt 0.956298 0.844603
vt 0.929335 0.845442
vt 0.946821 0.098971
vt 0.144877 0.182098
vt 0.147151 0.182051
vt 0.146485 0.204593
vt 0.144877 0.204593
vt 0.458052 0.866645
vt 0.458052 0.755977
vt 0.487344 0.823813
vt 0.835892 0.122183
vt 0.148756 0.204545
vt 0.862664 0.090705
vt 0.865496 0.090794
vt 0.861915 0.160886
vt 0.864751 0.160974
vt 0.102021 0.001773
vt 0.102090 0.000236
vt 0.119468 0.001775
vt 0.928421 0.713364
vt 0.796312 0.517430
vt 0.797823 0.516150
vt 0.810288 0.525052
vt 0.807734 0.526259
vt 0.795005 0.518212
vt 0.928312 0.711732
vt 0.946853 0.711301
vt 0.940943 0.847132
vt 0.941096 0.845876
vt 0.626520 0.849189
vt 0.639979 0.862965
vt 0.639673 0.864173
vt 0.956197 0.847381
vt 0.934416 0.097394
vt 0.863064 0.676057
vt 0.864015 0.677571
vt 0.847848 0.681462
vt 0.847561 0.680762
vt 0.860333 0.672618
vt 0.867740 0.663017
vt 0.947103 0.097394
vt 0.149422 0.182003
vt 0.875840 0.649900
vt 0.026436 0.376174
vt 0.020494 0.439070
vt 0.020494 0.294382
vt 0.865496 0.193099
vt 0.000994 0.462057
vt 0.149325 0.454040
vt 0.181393 0.456046
vt 0.203443 0.462057
vt 0.714848 0.788294
vt 0.719522 0.680778
vt 0.719522 0.803428
vt 0.655468 0.866374
vt 0.953999 0.149075
vt 0.941557 0.202294
vt 0.941557 0.149018
vt 0.941734 0.148031
vt 0.953994 0.148063
vt 0.130947 0.092603
vt 0.129472 0.092415
vt 0.142587 0.085673
vt 0.144741 0.085785
vt 0.159766 0.143675
vt 0.840032 0.471457
vt 0.824200 0.533235
vt 0.811967 0.524377
vt 0.822073 0.533704
vt 0.818566 0.533457
vt 0.641596 0.866620
vt 0.627638 0.865764
vt 0.655073 0.867649
vt 0.654898 0.868964
vt 0.626520 0.921816
vt 0.243630 0.542832
vt 0.191539 0.655156
vt 0.211448 0.535927
vt 0.212502 0.533086
vt 0.247108 0.541002
vt 0.847357 0.682791
vt 0.875840 0.733315
vt 0.414722 0.455161
vt 0.234323 0.449146
vt 0.436771 0.449146
vt 0.942033 0.146632
vt 0.953652 0.146488
vt 0.119537 0.000236
vt 0.434472 0.145973
vt 0.429745 0.012895
vt 0.434472 0.000206
vt 0.482747 0.009473
vt 0.478805 0.143675
vt 0.478805 0.000796
vt 0.665123 0.863682
vt 0.840209 0.594238
vt 0.821734 0.539362
vt 0.820979 0.538896
vt 0.139545 0.085716
vt 0.126364 0.092225
vt 0.804578 0.295395
vt 0.800654 0.283275
vt 0.804578 0.173412
vt 0.464356 0.426426
vt 0.456501 0.246530
vt 0.464356 0.223971
vt 0.375144 0.141768
vt 0.379301 0.004684
vt 0.379301 0.150571
vt 0.137871 0.080497
vt 0.201033 0.514312
vt 0.201769 0.512158
vt 0.213379 0.530302
vt 0.248270 0.538266
vt 0.637790 0.931848
vt 0.628162 0.935188
vt 0.638468 0.930136
vt 0.646080 0.933874
vt 0.560083 0.400254
vt 0.565666 0.392015
vt 0.571250 0.572400
vt 0.609180 0.027311
vt 0.609180 0.186202
vt 0.604156 0.178534
vt 0.404588 0.003536
vt 0.404588 0.167812
vt 0.399895 0.012758
vt 0.627756 0.936375
vt 0.664035 0.865386
vt 0.674130 0.859708
vt 0.675178 0.859933
vt 0.666384 0.865301
vt 0.920766 0.073710
vt 0.921816 0.074625
vt 0.911862 0.076522
vt 0.675570 0.860913
vt 0.827566 0.940207
vt 0.819098 0.940207
vt 0.827566 0.887055
vt 0.763984 0.390290
vt 0.787337 0.512775
vt 0.763984 0.517229
vt 0.921816 0.128732
vt 0.139089 0.079852
vt 0.185703 0.936262
vt 0.186202 0.937908
vt 0.177453 0.937641
vt 0.177215 0.935937
vt 0.186202 0.934974
vt 0.140334 0.079893
vt 0.177446 0.934566
vt 0.180279 0.882008
vt 0.652857 0.877717
vt 0.646993 0.931134
vt 0.638733 0.928757
vt 0.159766 0.026908
vt 0.124899 0.528836
vt 0.127583 0.655156
vt 0.101320 0.531434
vt 0.101977 0.528760
vt 0.127583 0.525535
vt 0.785835 0.515675
vt 0.191539 0.493193
vt 0.607292 0.374547
vt 0.601917 0.382749
vt 0.601917 0.212745
vt 0.611479 0.365251
vt 0.646970 0.932487
vt 0.652857 0.940207
vt 0.032396 0.646294
vt 0.051463 0.633320
vt 0.050277 0.635938
vt 0.651425 0.940186
vt 0.104277 0.525791
vt 0.096591 0.511313
vt 0.498838 0.443584
vt 0.490979 0.450564
vt 0.490979 0.257864
vt 0.603433 0.427116
vt 0.603433 0.604583
vt 0.598178 0.596832
vt 0.592926 0.589082
vt 0.899041 0.643912
vt 0.908023 0.643912
vt 0.908023 0.696534
vt 0.091296 0.557322
vt 0.133330 0.676191
vt 0.112058 0.679710
vt 0.091296 0.683404
vt 0.050864 0.630478
vt 0.089653 0.510457
vt 0.072129 0.633646
vt 0.030451 0.642378
vt 0.111236 0.682773
vt 0.131994 0.679557
vt 0.113133 0.685518
vt 0.091858 0.685694
vt 0.132953 0.683415
vt 0.071854 0.635387
vt 0.071701 0.640471
vt 0.457460 0.241146
vt 0.449525 0.248270
vt 0.449525 0.045771
vt 0.019540 0.258969
vt 0.019540 0.439070
vt 0.012197 0.432545
vt 0.571250 0.383779
vt 0.684375 0.855997
vt 0.683769 0.855184
vt 0.194248 0.897679
vt 0.191759 0.897461
vt 0.182919 0.876976
vt 0.512631 0.809029
vt 0.492791 0.821489
vt 0.489308 0.821354
vt 0.510288 0.807866
vt 0.685040 0.856240
vt 0.938031 0.015812
vt 0.947103 0.068964
vt 0.938027 0.068964
vt 0.347118 0.719907
vt 0.347118 0.834462
vt 0.335645 0.775052
vt 0.617094 0.845160
vt 0.619755 0.903260
vt 0.613705 0.897183
vt 0.603384 0.893254
vt 0.595781 0.848564
vt 0.616665 0.842843
vt 0.632168 0.832373
vt 0.087229 0.537128
vt 0.595176 0.846304
vt 0.615363 0.839024
vt 0.629782 0.830417
vt 0.093832 0.513944
vt 0.319532 0.321831
vt 0.297328 0.200906
vt 0.319102 0.197029
vt 0.161295 0.795383
vt 0.161295 0.668804
vt 0.182754 0.791634
vt 0.089653 0.654532
vt 0.541947 0.185328
vt 0.549412 0.192032
vt 0.541947 0.375853
vt 0.477000 0.491525
vt 0.350617 0.645961
vt 0.340104 0.645961
vt 0.208890 0.448902
vt 0.405737 0.457460
vt 0.203216 0.457460
vt 0.297571 0.194555
vt 0.319532 0.190800
vt 0.318677 0.194754
vt 0.297407 0.198576
vt 0.092214 0.689638
vt 0.333462 0.783655
vt 0.326638 0.793203
vt 0.898897 0.612194
vt 0.893100 0.623802
vt 0.891464 0.619767
vt 0.897234 0.611197
vt 0.329366 0.783027
vt 0.498109 0.839049
vt 0.472707 0.867432
vt 0.901127 0.668949
vt 0.885430 0.627563
vt 0.472707 0.771917
vt 0.524125 0.193099
vt 0.516771 0.186582
vt 0.524125 0.000214
vt 0.587725 0.000283
vt 0.595388 0.176524
vt 0.587725 0.181605
vt 0.446707 0.453063
vt 0.455161 0.254987
vt 0.455161 0.457460
vt 0.180470 0.876960
vt 0.168574 0.858908
vt 0.171692 0.857082
vt 0.575047 0.851813
vt 0.572736 0.848093
vt 0.593691 0.842618
vt 0.326647 0.776007
vt 0.897943 0.601598
vt 0.892873 0.608822
vt 0.892633 0.602104
vt 0.892221 0.597574
vt 0.896614 0.594379
vt 0.901127 0.597809
vt 0.888418 0.590701
vt 0.611989 0.899339
vt 0.604317 0.896980
vt 0.898484 0.591435
vt 0.089337 0.656169
vt 0.652555 0.031881
vt 0.651947 0.033946
vt 0.620062 0.028662
vt 0.621745 0.025895
vt 0.652857 0.028444
vt 0.089041 0.659754
vt 0.889273 0.617267
vt 0.884329 0.623630
vt 0.882137 0.618462
vt 0.881210 0.611593
vt 0.882842 0.603786
vt 0.871556 0.603384
vt 0.876184 0.596585
vt 0.883033 0.596553
vt 0.599276 0.901575
vt 0.594950 0.897748
vt 0.593419 0.894453
vt 0.678144 0.576535
vt 0.678117 0.578897
vt 0.648678 0.583628
vt 0.648678 0.456892
vt 0.473520 0.878139
vt 0.659183 0.899956
vt 0.667034 0.905122
vt 0.656870 0.902655
vt 0.144234 0.844238
vt 0.145710 0.841457
vt 0.172587 0.853863
vt 0.499101 0.837418
vt 0.591359 0.903925
vt 0.588180 0.910401
vt 0.587534 0.902375
vt 0.582151 0.901409
vt 0.662188 0.909232
vt 0.654078 0.906831
vt 0.664723 0.907821
vt 0.660724 0.915550
vt 0.652170 0.912236
vt 0.873620 0.616082
vt 0.668727 0.914369
vt 0.669121 0.922818
vt 0.658501 0.921289
vt 0.572958 0.844369
vt 0.553272 0.830417
vt 0.384030 0.402289
vt 0.389379 0.378919
vt 0.391072 0.381431
vt 0.449855 0.481032
vt 0.454012 0.491942
vt 0.256527 0.491942
vt 0.514930 0.205392
vt 0.514930 0.398841
vt 0.504145 0.394407
vt 0.559888 0.189650
vt 0.559888 0.000146
vt 0.567802 0.185538
vt 0.673546 0.864514
vt 0.671038 0.911671
vt 0.650231 0.586636
vt 0.263959 0.205736
vt 0.260132 0.204651
vt 0.279240 0.183566
vt 0.314935 0.313785
vt 0.610131 0.145973
vt 0.673546 0.921615
vt 0.673245 0.931011
vt 0.582128 0.909769
vt 0.657296 0.929659
vt 0.677836 0.583044
vt 0.651153 0.589641
vt 0.255201 0.204222
vt 0.274333 0.184274
vt 0.624126 0.023586
vt 0.616892 0.000558
vt 0.441368 0.439070
vt 0.432518 0.427686
vt 0.433068 0.426424
vt 0.503436 0.192996
vt 0.490928 0.196547
vt 0.490928 0.000430
vt 0.514930 0.000486
vt 0.514930 0.195397
vt 0.504163 0.191297
vt 0.561848 0.379301
vt 0.561848 0.190089
vt 0.572400 0.374965
vt 0.194248 0.801468
vt 0.812624 0.323893
vt 0.785597 0.377002
vt 0.785597 0.252311
vt 0.575327 0.919517
vt 0.551151 0.855259
vt 0.578470 0.909964
vt 0.388310 0.375998
vt 0.377840 0.257761
vt 0.420426 0.370879
vt 0.377840 0.401261
vt 0.204612 0.469981
vt 0.402289 0.482747
vt 0.202455 0.482747
vt 0.623891 0.703431
vt 0.600143 0.689144
vt 0.600343 0.685924
vt 0.143607 0.846668
vt 0.116839 0.842002
vt 0.610131 0.003801
vt 0.165490 0.677780
vt 0.195397 0.670390
vt 0.195397 0.798831
vt 0.314935 0.057710
vt 0.248357 0.167240
vt 0.548913 0.926649
vt 0.542040 0.873267
vt 0.560782 0.921957
vt 0.549571 0.927865
vt 0.542040 0.940207
vt 0.000639 0.478149
vt 0.004267 0.465363
vt 0.201144 0.478149
vt 0.213611 0.448265
vt 0.413896 0.435331
vt 0.416082 0.448265
vt 0.433129 0.201820
vt 0.445966 0.000751
vt 0.445966 0.203443
vt 0.269577 0.184917
vt 0.240093 0.168724
vt 0.244996 0.167901
vt 0.600013 0.682556
vt 0.624123 0.698773
vt 0.569993 0.688863
vt 0.541820 0.569755
vt 0.710781 0.121886
vt 0.726414 0.247546
vt 0.696172 0.244129
vt 0.774693 0.654695
vt 0.745185 0.775843
vt 0.745185 0.647507
vt 0.120000 0.836429
vt 0.421327 0.373748
vt 0.696509 0.247422
vt 0.726070 0.250826
vt 0.696172 0.250643
vt 0.422978 0.376341
vt 0.419220 0.427745
vt 0.561253 0.922821
vt 0.572400 0.918477
vt 0.404077 0.762063
vt 0.421970 0.766347
vt 0.420588 0.767246
vt 0.403816 0.763057
vt 0.419836 0.426472
vt 0.441368 0.236566
vt 0.465391 0.413783
vt 0.465391 0.213093
vt 0.478149 0.413157
vt 0.570122 0.695278
vt 0.570246 0.692031
vt 0.547107 0.762586
vt 0.547113 0.764881
vt 0.519171 0.764953
vt 0.519165 0.762657
vt 0.518848 0.638637
vt 0.571894 0.917638
vt 0.541998 0.701374
vt 0.541983 0.698152
vt 0.726419 0.254017
vt 0.752850 0.000724
vt 0.753426 0.003937
vt 0.724810 0.002446
vt 0.489643 0.198846
vt 0.477951 0.196357
vt 0.489643 0.000166
vt 0.459759 0.203443
vt 0.447880 0.003132
vt 0.459759 0.000973
vt 0.482747 0.217933
vt 0.479783 0.418380
vt 0.469972 0.217933
vt 0.428030 0.776471
vt 0.489643 0.457460
vt 0.478773 0.454319
vt 0.489643 0.258959
vt 0.000166 0.491942
vt 0.196358 0.480250
vt 0.198846 0.491942
vt 0.003131 0.440984
vt 0.203443 0.452862
vt 0.000973 0.452862
vt 0.423206 0.766031
vt 0.456310 0.714686
vt 0.432094 0.776630
vt 0.430519 0.776685
vt 0.280970 0.472832
vt 0.480448 0.472832
vt 0.381805 0.479298
vt 0.548262 0.768397
vt 0.548262 0.868944
vt 0.536225 0.830077
vt 0.537616 0.772228
vt 0.518803 0.768181
vt 0.492688 0.770096
vt 0.546742 0.768110
vt 0.541820 0.694913
vt 0.230859 0.506462
vt 0.231909 0.506944
vt 0.250636 0.533347
vt 0.514457 0.604420
vt 0.540147 0.595717
vt 0.540216 0.598980
vt 0.540216 0.726419
vt 0.733614 0.133330
vt 0.725966 0.008875
vt 0.754004 0.007151
vt 0.725388 0.005660
vt 0.699062 0.005417
vt 0.698484 0.002202
vt 0.426072 0.784981
vt 0.424420 0.784877
vt 0.490763 0.765026
vt 0.465294 0.769015
vt 0.466028 0.765089
vt 0.490757 0.762730
vt 0.463876 0.762657
vt 0.464212 0.638637
vt 0.456310 0.834462
vt 0.426559 0.786243
vt 0.490439 0.638710
vt 0.003902 0.489643
vt 0.000518 0.478963
vt 0.194248 0.478963
vt 0.517870 0.385048
vt 0.517870 0.192499
vt 0.528723 0.196638
vt 0.576540 0.187352
vt 0.576540 0.000493
vt 0.586192 0.183010
vt 0.252557 0.530668
vt 0.277894 0.534957
vt 0.234113 0.505909
vt 0.699640 0.008631
vt 0.698484 0.133316
vt 0.230859 0.659754
vt 0.250604 0.536502
vt 0.278333 0.540852
vt 0.225702 0.291685
vt 0.343670 0.340775
vt 0.220866 0.319163
vt 0.218592 0.318764
vt 0.222452 0.292013
vt 0.089791 0.327509
vt 0.220585 0.266045
vt 0.219203 0.292335
vt 0.098031 0.332809
vt 0.827852 0.054895
vt 0.822960 0.056025
vt 0.824053 0.051733
vt 0.837914 0.014487
vt 0.839459 0.015300
vt 0.841358 0.119537
vt 0.954014 0.656088
vt 0.945637 0.616705
vt 0.948466 0.615779
vt 0.956191 0.630378
vt 0.958488 0.638539
vt 0.962193 0.641840
vt 0.965493 0.662053
vt 0.953477 0.659760
vt 0.951184 0.657014
vt 0.822975 0.025555
vt 0.821340 0.033541
vt 0.819760 0.024945
vt 0.808046 0.013155
vt 0.809481 0.012839
vt 0.841358 0.000168
vt 0.527046 0.777046
vt 0.533102 0.828334
vt 0.517544 0.782779
vt 0.166196 0.148549
vt 0.181081 0.139032
vt 0.166396 0.150296
vt 0.914920 0.902469
vt 0.904641 0.953999
vt 0.904641 0.900418
vt 0.625085 0.232046
vt 0.626356 0.256907
vt 0.623251 0.257925
vt 0.415374 0.791370
vt 0.278595 0.538574
vt 0.302255 0.525923
vt 0.936343 0.677613
vt 0.940207 0.702399
vt 0.936343 0.703431
vt 0.303441 0.528395
vt 0.215074 0.316860
vt 0.209070 0.341968
vt 0.079396 0.092313
vt 0.099533 0.108467
vt 0.079396 0.212780
vt 0.105375 0.366658
vt 0.959000 0.630313
vt 0.955914 0.618473
vt 0.958723 0.618405
vt 0.961340 0.628474
vt 0.962914 0.632625
vt 0.961283 0.637515
vt 0.813721 0.049630
vt 0.339099 0.562328
vt 0.365508 0.564468
vt 0.333637 0.569305
vt 0.334405 0.561300
vt 0.343151 0.525829
vt 0.819061 0.036836
vt 0.328041 0.527440
vt 0.341428 0.518274
vt 0.817780 0.033235
vt 0.206727 0.037242
vt 0.166196 0.025735
vt 0.202976 0.029158
vt 0.289821 0.011468
vt 0.296215 0.010491
vt 0.297506 0.016122
vt 0.318124 0.049843
vt 0.214283 0.000511
vt 0.279303 0.096555
vt 0.259483 0.114095
vt 0.236766 0.126085
vt 0.209150 0.136412
vt 0.814917 0.022920
vt 0.817589 0.026680
vt 0.812655 0.025421
vt 0.804860 0.013915
vt 0.801803 0.014584
vt 0.961754 0.618460
vt 0.965493 0.618713
vt 0.965336 0.629806
vt 0.819056 0.032003
vt 0.414793 0.790638
vt 0.619391 0.256863
vt 0.620016 0.284783
vt 0.448265 0.393094
vt 0.435669 0.387221
vt 0.447928 0.190634
vt 0.503436 0.178156
vt 0.493836 0.005478
vt 0.503436 0.000135
vt 0.574021 0.569629
vt 0.583894 0.390101
vt 0.583894 0.574698
vt 0.183537 0.142957
vt 0.209494 0.140254
vt 0.183829 0.146075
vt 0.743660 0.372410
vt 0.742547 0.375488
vt 0.718171 0.370249
vt 0.716316 0.366992
vt 0.962923 0.638338
vt 0.336354 0.026016
vt 0.349450 0.020491
vt 0.337268 0.035416
vt 0.326596 0.039692
vt 0.327544 0.024662
vt 0.212335 0.142856
vt 0.184711 0.257465
vt 0.751129 0.260025
vt 0.625633 0.285859
vt 0.716316 0.496539
vt 0.101756 0.961007
vt 0.117238 0.941154
vt 0.110221 0.964335
vt 0.101607 0.969507
vt 0.092215 0.963178
vt 0.339359 0.365267
vt 0.342314 0.366658
vt 0.648539 0.625205
vt 0.649656 0.622161
vt 0.675277 0.622913
vt 0.675278 0.625206
vt 0.648539 0.749008
vt 0.175311 0.000830
vt 0.103841 0.103000
vt 0.083463 0.088746
vt 0.102738 0.106075
vt 0.123030 0.122032
vt 0.121927 0.125107
vt 0.082481 0.090071
vt 0.214117 0.344188
vt 0.093221 0.981523
vt 0.107785 0.976352
vt 0.353282 0.035075
vt 0.338218 0.040510
vt 0.328406 0.519409
vt 0.340279 0.505077
vt 0.320783 0.520785
vt 0.503841 0.986183
vt 0.500761 0.978442
vt 0.509998 0.973760
vt 0.514930 0.981654
vt 0.329337 0.505679
vt 0.905409 0.061127
vt 0.899448 0.054794
vt 0.906455 0.054364
vt 0.910322 0.061841
vt 0.909892 0.071263
vt 0.325646 0.044102
vt 0.901941 0.044189
vt 0.973348 0.521507
vt 0.963286 0.524125
vt 0.963286 0.482507
vt 0.977912 0.498388
vt 0.979286 0.522798
vt 0.806999 0.904067
vt 0.816072 0.902339
vt 0.816072 0.951701
vt 0.910322 0.000575
vt 0.900165 0.020895
vt 0.165513 0.801713
vt 0.165513 0.822547
vt 0.161973 0.810511
vt 0.162371 0.801606
vt 0.114488 0.973652
vt 0.117238 0.977910
vt 0.113996 0.980028
vt 0.623123 0.283767
vt 0.623253 0.311694
vt 0.619187 0.313733
vt 0.315860 0.532266
vt 0.312744 0.539028
vt 0.304924 0.533442
vt 0.306473 0.527035
vt 0.224548 0.013793
vt 0.217950 0.001099
vt 0.420679 0.001099
vt 0.531021 0.206730
vt 0.531021 0.397691
vt 0.518455 0.390635
vt 0.549419 0.403438
vt 0.549419 0.213713
vt 0.560906 0.396863
vt 0.676392 0.619868
vt 0.702013 0.620620
vt 0.648735 0.618298
vt 0.142064 0.141258
vt 0.163971 0.160158
vt 0.304924 0.657455
vt 0.350847 0.042931
vt 0.328537 0.051276
vt 0.897808 0.049854
vt 0.510393 0.967328
vt 0.505166 0.970444
vt 0.503557 0.962878
vt 0.506328 0.961329
vt 0.510575 0.959625
vt 0.514402 0.965338
vt 0.897161 0.046055
vt 0.897271 0.037355
vt 0.889398 0.045781
vt 0.887277 0.038244
vt 0.888141 0.031774
vt 0.891832 0.028198
vt 0.851729 0.480982
vt 0.853995 0.478647
vt 0.861537 0.481881
vt 0.857671 0.484489
vt 0.854537 0.486251
vt 0.847158 0.484506
vt 0.110961 0.981585
vt 0.848247 0.487604
vt 0.349519 0.039331
vt 0.493854 0.974506
vt 0.500125 0.967793
vt 0.675276 0.749008
vt 0.702980 0.625206
vt 0.702979 0.749009
vt 0.124511 0.120260
vt 0.146686 0.137057
vt 0.145292 0.138898
vt 0.153199 0.805938
vt 0.150668 0.809111
vt 0.123973 0.003049
vt 0.128732 0.004495
vt 0.128732 0.041378
vt 0.119609 0.009780
vt 0.860159 0.472323
vt 0.869621 0.473296
vt 0.862082 0.475315
vt 0.154688 0.801244
vt 0.863553 0.478826
vt 0.871664 0.476641
vt 0.870335 0.484104
vt 0.157920 0.822822
vt 0.891976 0.016474
vt 0.891984 0.024158
vt 0.884017 0.023104
vt 0.883536 0.015546
vt 0.151102 0.825267
vt 0.151332 0.813218
vt 0.450564 0.951701
vt 0.438835 0.946967
vt 0.450564 0.907767
vt 0.859392 0.263957
vt 0.866645 0.307287
vt 0.859392 0.308133
vt 0.894235 0.765498
vt 0.894235 0.721322
vt 0.898828 0.765016
vt 0.883662 0.027211
vt 0.503999 0.954420
vt 0.508561 0.952614
vt 0.514782 0.957956
vt 0.493995 0.965008
vt 0.498062 0.957859
vt 0.289821 0.177007
vt 0.346030 0.054049
vt 0.647110 0.497406
vt 0.642441 0.630259
vt 0.599950 0.618089
vt 0.743660 0.651327
vt 0.743660 0.778142
vt 0.727178 0.765696
vt 0.220684 0.141917
vt 0.220684 0.257465
vt 0.207303 0.245375
vt 0.191613 0.233192
vt 0.114441 0.288499
vt 0.114441 0.192707
vt 0.134479 0.282988
vt 0.229542 0.373155
vt 0.234830 0.393269
vt 0.223424 0.377153
vt 0.206899 0.359879
vt 0.209096 0.356535
vt 0.167212 0.157813
vt 0.180583 0.169466
vt 0.157546 0.280453
vt 0.378762 0.613859
vt 0.456310 0.706053
vt 0.449467 0.722737
vt 0.437464 0.739545
vt 0.378762 0.747108
vt 0.859090 0.490347
vt 0.864403 0.487640
vt 0.647110 0.637750
vt 0.646672 0.642579
vt 0.607635 0.628596
vt 0.646594 0.633798
vt 0.356313 0.047106
vt 0.349456 0.049504
vt 0.606673 0.623519
vt 0.486562 0.975237
vt 0.879768 0.904135
vt 0.891932 0.897111
vt 0.891913 0.956298
vt 0.878086 0.909534
vt 0.493160 0.958726
vt 0.879077 0.044074
vt 0.514930 0.949690
vt 0.855043 0.914645
vt 0.862116 0.912831
vt 0.869746 0.951406
vt 0.862673 0.953220
vt 0.848338 0.916385
vt 0.879702 0.036327
vt 0.855968 0.954961
vt 0.302011 0.972390
vt 0.303292 0.933088
vt 0.310337 0.972390
vt 0.882726 0.029905
vt 0.865080 0.486508
vt 0.887334 0.524125
vt 0.878139 0.000799
vt 0.874534 0.036971
vt 0.872774 0.037445
vt 0.229873 0.880438
vt 0.229873 0.841114
vt 0.232178 0.880302
vt 0.883817 0.498837
vt 0.880551 0.498838
vt 0.883817 0.459583
vt 0.888981 0.498838
vt 0.500956 0.956110
vt 0.869822 0.911169
vt 0.872996 0.910403
vt 0.880625 0.948978
vt 0.877451 0.949744
vt 0.866647 0.911935
vt 0.864133 0.342520
vt 0.075860 0.064134
vt 0.075860 0.098848
vt 0.072598 0.098695
vt 0.399990 0.848026
vt 0.399647 0.882737
vt 0.396727 0.848147
vt 0.399990 0.804093
vt 0.888981 0.459583
vt 0.898778 0.498838
vt 0.290087 0.999920
vt 0.284924 0.999975
vt 0.288681 0.965235
vt 0.291947 0.965257
vt 0.890614 0.424908
vt 0.898777 0.459584
vt 0.469824 0.425123
vt 0.478149 0.459759
vt 0.469823 0.459759
vt 0.448265 0.645807
vt 0.448265 0.680443
vt 0.439028 0.680442
vt 0.908013 0.424947
vt 0.910322 0.459583
vt 0.901127 0.967792
vt 0.894247 0.929076
vt 0.901127 0.928266
vt 0.967792 0.151274
vt 0.967792 0.190800
vt 0.962657 0.151813
vt 0.062067 0.305740
vt 0.056906 0.305586
vt 0.062067 0.271026
vt 0.066656 0.386043
vt 0.068964 0.420679
vt 0.062036 0.420679
vt 0.482757 0.689663
vt 0.483303 0.654725
vt 0.487344 0.689125
vt 0.487344 0.728718
vt 0.887334 0.436834
vt 0.393463 0.848269
vt 0.392005 0.809042
vt 0.056535 0.737913
vt 0.056535 0.702894
vt 0.059769 0.703351
vt 0.937908 0.448705
vt 0.931114 0.482747
vt 0.931114 0.447349
vt 0.955854 0.153119
vt 0.874277 0.950510
vt 0.449626 0.761051
vt 0.452862 0.761482
vt 0.445048 0.795382
vt 0.445048 0.760440
vt 0.885584 0.950416
vt 0.022965 0.121604
vt 0.027586 0.123908
vt 0.022965 0.156318
vt 0.172878 0.622973
vt 0.170877 0.588319
vt 0.176040 0.588328
vt 0.176144 0.622963
vt 0.723506 0.804578
vt 0.725726 0.784044
vt 0.733357 0.780715
vt 0.241373 0.188452
vt 0.236413 0.213788
vt 0.236413 0.181379
vt 0.930605 0.531021
vt 0.930605 0.491767
vt 0.937908 0.531021
vt 0.281658 0.999954
vt 0.274360 0.999716
vt 0.276220 0.965053
vt 0.283518 0.965291
vt 0.880551 0.459583
vt 0.607782 0.631312
vt 0.867701 0.038643
vt 0.878139 0.068964
vt 0.001742 0.213558
vt 0.006896 0.247962
vt 0.001742 0.248270
vt 0.584069 0.648260
vt 0.238293 0.131278
vt 0.625564 0.311701
vt 0.750444 0.286195
vt 0.750376 0.312037
vt 0.626274 0.339619
vt 0.623174 0.340654
vt 0.023694 0.003250
vt 0.027586 0.031262
vt 0.023694 0.032183
vt 0.264019 0.139503
vt 0.238861 0.132891
vt 0.372100 0.910322
vt 0.372100 0.875075
vt 0.379301 0.876285
vt 0.581180 0.623116
vt 0.702979 0.622913
vt 0.729769 0.614503
vt 0.731706 0.622913
vt 0.620567 0.339538
vt 0.618646 0.364357
vt 0.573269 0.340413
vt 0.586192 0.345792
vt 0.573269 0.527573
vt 0.405806 0.003698
vt 0.418380 0.173733
vt 0.405806 0.181605
vt 0.462897 0.209504
vt 0.475850 0.014644
vt 0.475850 0.216087
vt 0.171707 0.938921
vt 0.174708 0.911182
vt 0.174708 0.940207
vt 0.203818 0.360973
vt 0.219258 0.380985
vt 0.751087 0.339798
vt 0.751706 0.365508
vt 0.626895 0.365453
vt 0.730671 0.625986
vt 0.748257 0.625070
vt 0.748076 0.627355
vt 0.720955 0.749407
vt 0.785873 0.251718
vt 0.785873 0.127023
vt 0.813773 0.127023
vt 0.773372 0.644812
vt 0.773372 0.518885
vt 0.790785 0.642356
vt 0.168443 0.154787
vt 0.182754 0.164782
vt 0.926440 0.602478
vt 0.921541 0.636766
vt 0.919211 0.601445
vt 0.924516 0.569472
vt 0.278154 0.548533
vt 0.278154 0.581595
vt 0.271380 0.580143
vt 0.931011 0.570475
vt 0.931011 0.603131
vt 0.053369 0.145787
vt 0.062067 0.142681
vt 0.062067 0.177007
vt 0.296995 0.966869
vt 0.277202 0.946841
vt 0.284910 0.946543
vt 0.880160 0.662570
vt 0.882024 0.629240
vt 0.887334 0.661211
vt 0.887334 0.696534
vt 0.269294 0.965143
vt 0.267434 0.999806
vt 0.260058 0.965262
vt 0.321916 0.936068
vt 0.322175 0.927209
vt 0.357643 0.926972
vt 0.357297 0.934420
vt 0.320882 0.943378
vt 0.260134 0.999975
vt 0.032183 0.530790
vt 0.032183 0.565503
vt 0.025271 0.531251
vt 0.320868 0.920803
vt 0.356406 0.918573
vt 0.155366 0.204593
vt 0.155366 0.169802
vt 0.158617 0.204285
vt 0.164499 0.875154
vt 0.167756 0.875382
vt 0.162232 0.907401
vt 0.158975 0.907173
vt 0.159350 0.874765
vt 0.317313 0.949402
vt 0.353815 0.947670
vt 0.918427 0.928712
vt 0.917992 0.896306
vt 0.923148 0.896565
vt 0.068964 0.151559
vt 0.065869 0.183903
vt 0.063801 0.151559
vt 0.320760 0.918015
vt 0.320357 0.914125
vt 0.357327 0.915414
vt 0.179306 0.588319
vt 0.723506 0.766146
vt 0.735614 0.775528
vt 0.027586 0.172410
vt 0.022422 0.170101
vt 0.027586 0.140082
vt 0.928324 0.905499
vt 0.930508 0.873246
vt 0.935609 0.905992
vt 0.928324 0.937908
vt 0.152048 0.874765
vt 0.152048 0.907092
vt 0.492832 0.947376
vt 0.477032 0.919172
vt 0.496208 0.942837
vt 0.510370 0.948673
vt 0.493740 0.955651
vt 0.477032 0.967792
vt 0.624585 0.365508
vt 0.021215 0.291831
vt 0.022796 0.290170
vt 0.039623 0.296291
vt 0.616429 0.363937
vt 0.616361 0.340267
vt 0.618204 0.341641
vt 0.617769 0.367807
vt 0.389619 0.008112
vt 0.397691 0.004096
vt 0.397691 0.170111
vt 0.599985 0.210446
vt 0.599985 0.388496
vt 0.589569 0.385971
vt 0.557373 0.586192
vt 0.557373 0.400420
vt 0.565503 0.584275
vt 0.671797 0.522511
vt 0.685208 0.524348
vt 0.673541 0.524585
vt 0.748216 0.620469
vt 0.191856 0.255774
vt 0.195437 0.254309
vt 0.202294 0.257465
vt 0.147102 0.128167
vt 0.151720 0.133330
vt 0.147102 0.133330
vt 0.338343 0.009205
vt 0.342821 0.010117
vt 0.338750 0.017907
vt 0.191758 0.241890
vt 0.194550 0.246786
vt 0.197198 0.245605
vt 0.194791 0.239599
vt 0.202294 0.244282
vt 0.287349 0.523924
vt 0.284326 0.520989
vt 0.283629 0.512876
vt 0.284026 0.506951
vt 0.319532 0.160119
vt 0.315779 0.169458
vt 0.314381 0.159762
vt 0.276680 0.526424
vt 0.280388 0.521568
vt 0.281577 0.512868
vt 0.278925 0.514435
vt 0.276680 0.506862
vt 0.916217 0.349290
vt 0.927433 0.349062
vt 0.924936 0.412476
vt 0.913023 0.411659
vt 0.905210 0.351740
vt 0.240027 0.805224
vt 0.245638 0.799274
vt 0.247739 0.802505
vt 0.241737 0.807347
vt 0.235736 0.812187
vt 0.232969 0.808881
vt 0.935514 0.412777
vt 0.935609 0.346205
vt 0.924115 0.551402
vt 0.914601 0.620674
vt 0.914594 0.551402
vt 0.647857 0.783889
vt 0.648739 0.774999
vt 0.652660 0.782821
vt 0.947263 0.108536
vt 0.951840 0.109041
vt 0.947320 0.117443
vt 0.230943 0.818530
vt 0.226152 0.824872
vt 0.835263 0.847742
vt 0.835168 0.850968
vt 0.830868 0.851337
vt 0.834107 0.846199
vt 0.227984 0.815073
vt 0.952227 0.120127
vt 0.958072 0.118060
vt 0.959535 0.129026
vt 0.952608 0.131265
vt 0.947866 0.126243
vt 0.252300 0.794938
vt 0.255179 0.798147
vt 0.233165 0.839023
vt 0.818812 0.809459
vt 0.354014 0.838100
vt 0.354014 0.908023
vt 0.344582 0.839396
vt 0.647857 0.766078
vt 0.651041 0.767607
vt 0.652857 0.771713
vt 0.902587 0.413319
vt 0.947263 0.135593
vt 0.950796 0.135925
vt 0.050256 0.576799
vt 0.051202 0.578561
vt 0.037000 0.579916
vt 0.894702 0.416082
vt 0.894702 0.351484
vt 0.954976 0.140948
vt 0.952094 0.142744
vt 0.042899 0.580857
vt 0.347118 0.009205
vt 0.346346 0.018838
vt 0.340931 0.020689
vt 0.314381 0.172410
vt 0.836773 0.855229
vt 0.841358 0.853807
vt 0.864248 0.615700
vt 0.861745 0.614891
vt 0.867522 0.612479
vt 0.878139 0.652857
vt 0.907005 0.479372
vt 0.917219 0.547889
vt 0.907005 0.549412
vt 0.818812 0.891932
vt 0.258756 0.790303
vt 0.226152 0.744888
vt 0.000986 0.511121
vt 0.027330 0.587086
vt 0.242591 0.735923
vt 0.267395 0.786026
vt 0.261635 0.793512
vt 0.879735 0.727458
vt 0.877590 0.660925
vt 0.888425 0.726074
vt 0.887818 0.729324
vt 0.879108 0.731203
vt 0.289648 0.165513
vt 0.286931 0.163702
vt 0.289648 0.153738
vt 0.650303 0.756715
vt 0.957048 0.108800
vt 0.949492 0.099682
vt 0.973832 0.225067
vt 0.982886 0.224844
vt 0.982093 0.230001
vt 0.980962 0.235218
vt 0.962597 0.100786
vt 0.962351 0.109057
vt 0.233240 0.845975
vt 0.234807 0.854002
vt 0.861818 0.612173
vt 0.856871 0.609345
vt 0.861357 0.607763
vt 0.034354 0.587158
vt 0.038357 0.587247
vt 0.215017 0.526739
vt 0.214404 0.522634
vt 0.222221 0.521742
vt 0.224698 0.522709
vt 0.224209 0.525438
vt 0.030302 0.592063
vt 0.993824 0.225831
vt 0.987903 0.222529
vt 0.997676 0.223222
vt 0.877590 0.737355
vt 0.880592 0.732684
vt 0.880977 0.735225
vt 0.887438 0.735979
vt 0.879927 0.740212
vt 0.994610 0.230652
vt 0.959414 0.139918
vt 0.048783 0.579818
vt 0.057112 0.579692
vt 0.049319 0.586378
vt 0.047241 0.582801
vt 0.044286 0.582865
vt 0.024876 0.263764
vt 0.027586 0.268364
vt 0.024106 0.266952
vt 0.021296 0.265668
vt 0.230143 0.337923
vt 0.228206 0.337165
vt 0.228206 0.328751
vt 0.232408 0.328424
vt 0.235533 0.337755
vt 0.206891 0.015334
vt 0.202974 0.018390
vt 0.204826 0.004779
vt 0.093278 0.311294
vt 0.094251 0.321831
vt 0.090424 0.320666
vt 0.090154 0.310343
vt 0.075860 0.108043
vt 0.072713 0.107170
vt 0.073331 0.104945
vt 0.075860 0.102880
vt 0.236776 0.327426
vt 0.103788 0.307361
vt 0.105745 0.312663
vt 0.100599 0.311836
vt 0.097400 0.308324
vt 0.112641 0.256762
vt 0.107847 0.259764
vt 0.107847 0.247329
vt 0.097400 0.321831
vt 0.021296 0.280453
vt 0.198854 0.008647
vt 0.195869 0.017226
vt 0.195808 0.003829
vt 0.201834 0.007451
vt 0.203733 0.000188
vt 0.685350 0.525408
vt 0.695560 0.524059
vt 0.696734 0.525829
vt 0.686408 0.526285
vt 0.673989 0.525582
vt 0.698406 0.527869
vt 0.777021 0.254583
vt 0.783889 0.254583
vt 0.777021 0.328727
vt 0.061547 0.317234
vt 0.193030 0.269894
vt 0.188879 0.277523
vt 0.254706 0.896529
vt 0.254706 0.822017
vt 0.262062 0.895795
vt 0.267809 0.790317
vt 0.006896 0.791448
vt 0.006774 0.794350
vt 0.001711 0.794604
vt 0.001132 0.791448
vt 0.859106 0.200787
vt 0.866645 0.194531
vt 0.866645 0.294246
vt 0.000117 0.656306
vt 0.000117 0.562539
vt 0.005747 0.570558
vt 0.043494 0.586565
vt 0.043741 0.588222
vt 0.215673 0.519459
vt 0.963718 0.117468
vt 0.975649 0.113042
vt 0.976987 0.123793
vt 0.967831 0.129524
vt 0.289967 0.016020
vt 0.298843 0.026906
vt 0.289967 0.032183
vt 0.969559 0.141531
vt 0.963956 0.136803
vt 0.103335 0.316003
vt 0.085394 0.321831
vt 0.194949 0.018390
vt 0.195152 0.271435
vt 0.206794 0.267295
vt 0.207448 0.269014
vt 0.197316 0.274125
vt 0.190940 0.278388
vt 0.230359 0.394444
vt 0.235532 0.405033
vt 0.231700 0.403878
vt 0.225466 0.396100
vt 0.165490 0.907630
vt 0.174666 0.875868
vt 0.172400 0.908116
vt 0.167669 0.942505
vt 0.071252 0.363209
vt 0.066634 0.328573
vt 0.071252 0.328573
vt 0.073561 0.328573
vt 0.336024 0.950159
vt 0.370736 0.950159
vt 0.336177 0.953422
vt 0.297160 0.944483
vt 0.291055 0.945146
vt 0.293893 0.907712
vt 0.301142 0.943155
vt 0.177007 0.908439
vt 0.254903 0.945824
vt 0.250141 0.967061
vt 0.241060 0.967792
vt 0.118574 0.015867
vt 0.121836 0.048110
vt 0.118574 0.048275
vt 0.174708 0.107814
vt 0.174708 0.140226
vt 0.171447 0.107979
vt 0.926414 0.896565
vt 0.926414 0.861928
vt 0.254507 0.905446
vt 0.263634 0.944196
vt 0.261553 0.905541
vt 0.276087 0.909119
vt 0.355979 0.942021
vt 0.911105 0.895546
vt 0.901915 0.894633
vt 0.905340 0.860166
vt 0.914531 0.861080
vt 0.921798 0.861801
vt 0.147123 0.734867
vt 0.147123 0.839060
vt 0.136888 0.831997
vt 0.137150 0.275855
vt 0.137150 0.178188
vt 0.154019 0.270887
vt 0.598692 0.662578
vt 0.590027 0.649705
vt 0.605805 0.660864
vt 0.601372 0.678659
vt 0.528723 0.535424
vt 0.513963 0.527379
vt 0.516156 0.520042
vt 0.840209 0.160723
vt 0.823370 0.171260
vt 0.823370 0.057905
vt 0.337414 0.963539
vt 0.336574 0.956663
vt 0.370953 0.952459
vt 0.371914 0.959697
vt 0.337925 0.968128
vt 0.389403 0.555733
vt 0.393968 0.556434
vt 0.389403 0.586192
vt 0.245007 0.250404
vt 0.241746 0.218160
vt 0.245008 0.217995
vt 0.248269 0.250240
vt 0.287997 0.946113
vt 0.287058 0.909557
vt 0.241746 0.250569
vt 0.248270 0.217831
vt 0.453728 0.885179
vt 0.478149 0.917219
vt 0.452904 0.890327
vt 0.408037 0.885944
vt 0.408373 0.880431
vt 0.451876 0.879400
vt 0.478149 0.845835
vt 0.355914 0.913548
vt 0.369987 0.885758
vt 0.131021 0.036781
vt 0.131021 0.002140
vt 0.133330 0.002140
vt 0.376484 0.915461
vt 0.042737 0.293865
vt 0.059048 0.184277
vt 0.078159 0.188813
vt 0.051999 0.299990
vt 0.048179 0.300292
vt 0.306756 0.975563
vt 0.309856 0.974602
vt 0.310392 0.984928
vt 0.306855 0.985171
vt 0.304819 0.977102
vt 0.889633 0.731232
vt 0.301109 0.973907
vt 0.303363 0.985844
vt 0.298223 0.976259
vt 0.888910 0.738592
vt 0.992254 0.236200
vt 0.375085 0.350992
vt 0.377002 0.356313
vt 0.366172 0.356206
vt 0.368089 0.339034
vt 0.377002 0.333819
vt 0.980774 0.248480
vt 0.294478 0.275755
vt 0.296544 0.289648
vt 0.286218 0.289648
vt 0.060638 0.312635
vt 0.068964 0.298782
vt 0.068964 0.312636
vt 0.965058 0.147123
vt 0.975088 0.103690
vt 0.973832 0.250569
vt 0.512631 0.941356
vt 0.510222 0.936239
vt 0.126434 0.206844
vt 0.121287 0.209190
vt 0.121287 0.191008
vt 0.112641 0.270698
vt 0.112641 0.287349
vt 0.105833 0.286068
vt 0.499394 0.480751
vt 0.505735 0.465182
vt 0.505735 0.485045
vt 0.372405 0.964837
vt 0.353692 0.987499
vt 0.337163 0.984439
vt 0.409185 0.562351
vt 0.399294 0.574272
vt 0.501144 0.517007
vt 0.509113 0.530289
vt 0.501144 0.547113
vt 0.302261 0.916431
vt 0.300828 0.913492
vt 0.307106 0.915223
vt 0.310337 0.953999
vt 0.898358 0.667683
vt 0.908024 0.736319
vt 0.898358 0.737913
vt 0.878139 0.571897
vt 0.229512 0.528722
vt 0.928713 0.535619
vt 0.918916 0.535619
vt 0.928713 0.468656
vt 0.003948 0.832163
vt 0.000986 0.662053
vt 0.300694 0.988190
vt 0.295367 0.988369
vt 0.293294 0.977815
vt 0.293979 0.969744
vt 0.054399 0.586109
vt 0.063217 0.586175
vt 0.213638 0.512676
vt 0.211686 0.507618
vt 0.222986 0.507618
vt 0.223353 0.512374
vt 0.223291 0.516409
vt 0.212409 0.516085
vt 0.975292 0.934632
vt 0.974608 0.931487
vt 0.978589 0.931791
vt 0.983884 0.944804
vt 0.986183 0.372262
vt 0.979013 0.385322
vt 0.978415 0.382331
vt 0.975369 0.383235
vt 0.961038 0.929509
vt 0.355744 0.262062
vt 0.358014 0.248319
vt 0.360934 0.251767
vt 0.362065 0.261853
vt 0.330199 0.326872
vt 0.326655 0.323911
vt 0.330521 0.322886
vt 0.332293 0.324366
vt 0.337923 0.333325
vt 0.268959 0.042822
vt 0.263064 0.050981
vt 0.259940 0.050031
vt 0.258776 0.053857
vt 0.268959 0.059769
vt 0.337923 0.314026
vt 0.364187 0.249373
vt 0.365508 0.262062
vt 0.976175 0.928783
vt 0.961167 0.392852
vt 0.973974 0.386598
vt 0.975329 0.388059
vt 0.983884 0.919001
vt 0.433698 0.834180
vt 0.442154 0.838967
vt 0.423082 0.875840
vt 0.914920 0.218385
vt 0.904671 0.152167
vt 0.914920 0.150903
vt 0.423082 0.791791
vt 0.436160 0.831056
vt 0.439504 0.834227
vt 0.443667 0.837506
vt 0.313922 0.991909
vt 0.310235 0.991654
vt 0.375388 0.975474
vt 0.374582 0.972139
vt 0.383752 0.972413
vt 0.381576 0.975994
vt 0.375591 0.978168
vt 0.224273 0.519459
vt 0.381465 0.979102
vt 0.229879 0.518829
vt 0.986183 0.397691
vt 0.359176 0.344248
vt 0.319532 0.156318
vt 0.308810 0.141154
vt 0.319532 0.133571
vt 0.193099 0.420921
vt 0.182376 0.436085
vt 0.171652 0.428503
vt 0.572299 0.339072
vt 0.572299 0.150827
vt 0.579296 0.338653
vt 0.618765 0.324676
vt 0.615952 0.326636
vt 0.615520 0.305193
vt 0.617183 0.306246
vt 0.558607 0.202527
vt 0.551774 0.205742
vt 0.551774 0.016098
vt 0.588491 0.381600
vt 0.581841 0.202272
vt 0.588491 0.200523
vt 0.841797 0.372459
vt 0.849404 0.477723
vt 0.841797 0.483896
vt 0.300520 0.815580
vt 0.309188 0.704487
vt 0.309188 0.819520
vt 0.918983 0.346911
vt 0.914882 0.343724
vt 0.917864 0.340963
vt 0.921816 0.347118
vt 0.310259 0.907227
vt 0.310337 0.909486
vt 0.305936 0.912294
vt 0.850314 0.361110
vt 0.858599 0.367274
vt 0.850314 0.466655
vt 0.840757 0.857142
vt 0.850554 0.857142
vt 0.840757 0.926414
vt 0.914956 0.071263
vt 0.914956 0.001991
vt 0.925282 0.001991
vt 0.925282 0.071263
vt 0.392310 0.389036
vt 0.401875 0.388760
vt 0.394188 0.391552
vt 0.317234 0.991375
vt 0.387319 0.977850
vt 0.388496 0.979698
vt 0.383791 0.981908
vt 0.380667 0.986182
vt 0.706374 0.524935
vt 0.728718 0.610330
vt 0.791655 0.678738
vt 0.803428 0.803428
vt 0.791655 0.803428
vt 0.780109 0.803428
vt 0.206203 0.265566
vt 0.216593 0.260913
vt 0.218739 0.262102
vt 0.090570 0.301142
vt 0.090570 0.206926
vt 0.100926 0.212527
vt 0.112641 0.213716
vt 0.085055 0.010673
vt 0.066180 0.098848
vt 0.066615 0.008116
vt 0.082390 0.002786
vt 0.292816 0.066580
vt 0.301142 0.066580
vt 0.296019 0.082757
vt 0.244839 0.344819
vt 0.244839 0.330964
vt 0.255166 0.344819
vt 0.271206 0.294184
vt 0.282752 0.308038
vt 0.271206 0.308038
vt 0.068964 0.291947
vt 0.068964 0.278092
vt 0.622973 0.649705
vt 0.611925 0.665890
vt 0.605336 0.681631
vt 0.307712 0.995378
vt 0.395065 0.395862
vt 0.391919 0.392489
vt 0.405086 0.392661
vt 0.407735 0.394907
vt 0.395825 0.401468
vt 0.389731 0.395049
vt 0.168243 0.257465
vt 0.168243 0.239282
vt 0.174708 0.253359
vt 0.931960 0.841358
vt 0.923965 0.836676
vt 0.937219 0.825328
vt 0.943277 0.832048
vt 0.321800 0.142525
vt 0.322570 0.126053
vt 0.328728 0.142525
vt 0.617954 0.682742
vt 0.450787 0.901141
vt 0.431428 0.902685
vt 0.407309 0.891315
vt 0.442422 0.829811
vt 0.386918 0.960777
vt 0.385814 0.957429
vt 0.391974 0.957645
vt 0.393094 0.960896
vt 0.010345 0.785889
vt 0.000722 0.789636
vt 0.000722 0.664414
vt 0.817708 0.319532
vt 0.817708 0.197683
vt 0.826416 0.201532
vt 0.160468 0.142525
vt 0.160468 0.024190
vt 0.170111 0.138829
vt 0.408018 0.400729
vt 0.396144 0.404990
vt 0.390587 0.403077
vt 0.293294 0.995340
vt 0.383333 0.969333
vt 0.376114 0.957078
vt 0.383417 0.965579
vt 0.108440 0.197458
vt 0.112641 0.194457
vt 0.112641 0.206891
vt 0.551429 0.992179
vt 0.554478 0.986355
vt 0.559764 0.986750
vt 0.388496 0.968791
vt 0.228513 0.404828
vt 0.230585 0.418634
vt 0.806624 0.163804
vt 0.820669 0.163804
vt 0.806624 0.288499
vt 0.110696 0.445966
vt 0.949402 0.814738
vt 0.322814 0.391643
vt 0.325279 0.410113
vt 0.236236 0.416796
vt 0.144824 0.541207
vt 0.128334 0.627571
vt 0.128334 0.535095
vt 0.387194 0.974549
vt 0.565621 0.988554
vt 0.566076 0.993079
vt 0.558972 0.979492
vt 0.563317 0.978721
vt 0.569689 0.987758
vt 0.935609 0.001991
vt 0.935609 0.071263
vt 0.405160 0.383501
vt 0.407954 0.405404
vt 0.396693 0.418103
vt 0.389731 0.420679
vt 0.272454 0.250569
vt 0.272454 0.233600
vt 0.280453 0.244912
vt 0.004791 0.220344
vt 0.011494 0.208002
vt 0.011494 0.225282
vt 0.114940 0.036403
vt 0.114940 0.055171
vt 0.110903 0.041792
vt 0.124341 0.112641
vt 0.124341 0.093873
vt 0.133330 0.105952
vt 0.483530 0.459540
vt 0.487344 0.469136
vt 0.483024 0.471964
vt 0.591939 0.593089
vt 0.585167 0.591894
vt 0.591792 0.409590
vt 0.503436 0.391944
vt 0.487156 0.201881
vt 0.503436 0.195893
vt 0.551710 0.002526
vt 0.540797 0.190800
vt 0.540797 0.000366
vt 0.704344 0.522422
vt 0.711457 0.511145
vt 0.713146 0.510936
vt 0.705008 0.523580
vt 0.713596 0.512267
vt 0.299439 0.367807
vt 0.301839 0.364284
vt 0.305989 0.364823
vt 0.310337 0.367807
vt 0.018390 0.011494
vt 0.012741 0.011227
vt 0.013227 0.000912
vt 0.018390 0.000912
vt 0.299852 0.355276
vt 0.304262 0.357954
vt 0.308711 0.357300
vt 0.307378 0.358887
vt 0.004295 0.252354
vt 0.006896 0.254327
vt 0.003577 0.264106
vt 0.000322 0.264361
vt 0.000322 0.252816
vt 0.042710 0.059769
vt 0.042710 0.055769
vt 0.045976 0.055769
vt 0.045976 0.059769
vt 0.052613 0.069635
vt 0.050779 0.061432
vt 0.053911 0.061962
vt 0.055171 0.070068
vt 0.050779 0.072229
vt 0.050779 0.069635
vt 0.355807 0.775843
vt 0.356087 0.772589
vt 0.374703 0.772546
vt 0.229557 0.244829
vt 0.230618 0.245454
vt 0.220109 0.263394
vt 0.380589 0.924115
vt 0.380589 0.856360
vt 0.390795 0.922541
vt 0.566127 0.976606
vt 0.572400 0.985775
vt 0.564988 0.968063
vt 0.931011 0.209190
vt 0.921491 0.209190
vt 0.931011 0.142228
vt 0.393094 0.919496
vt 0.054829 0.080458
vt 0.082338 0.232178
vt 0.082338 0.220404
vt 0.085055 0.230367
vt 0.044080 0.308467
vt 0.078159 0.411484
vt 0.255100 0.601313
vt 0.255100 0.725989
vt 0.228776 0.725989
vt 0.758129 0.255166
vt 0.758129 0.127725
vt 0.783889 0.249726
vt 0.614345 0.305125
vt 0.612223 0.265256
vt 0.232888 0.418446
vt 0.255100 0.728298
vt 0.256315 0.733315
vt 0.228776 0.728298
vt 0.414898 0.402622
vt 0.086379 0.441368
vt 0.081205 0.431209
vt 0.086379 0.431773
vt 0.100341 0.441368
vt 0.408175 0.419251
vt 0.937406 0.594678
vt 0.935166 0.584597
vt 0.940206 0.592998
vt 0.940206 0.602518
vt 0.937406 0.604199
vt 0.933486 0.600838
vt 0.934046 0.589077
vt 0.410758 0.391430
vt 0.367704 0.988481
vt 0.929487 0.820360
vt 0.933288 0.806128
vt 0.943057 0.809860
vt 0.144824 0.005796
vt 0.137028 0.020689
vt 0.137028 0.002073
vt 0.331582 0.103397
vt 0.340221 0.103397
vt 0.337752 0.119537
vt 0.257658 0.197696
vt 0.257658 0.180417
vt 0.264361 0.185354
vt 0.124135 0.974689
vt 0.112706 0.966524
vt 0.124135 0.945299
vt 0.289457 0.908799
vt 0.976795 0.772369
vt 0.976987 0.776984
vt 0.939810 0.773909
vt 0.976891 0.767752
vt 0.297653 0.905446
vt 0.284256 0.909793
vt 0.970992 0.624962
vt 0.979286 0.625681
vt 0.970992 0.662053
vt 0.212834 0.926414
vt 0.212834 0.889327
vt 0.216087 0.889614
vt 0.976664 0.781590
vt 0.939778 0.779480
vt 0.976795 0.779285
vt 0.379301 0.949402
vt 0.797751 0.851947
vt 0.802279 0.817529
vt 0.802279 0.852852
vt 0.411461 0.514395
vt 0.416072 0.514633
vt 0.411854 0.551482
vt 0.409548 0.551363
vt 0.404158 0.514449
vt 0.898074 0.859444
vt 0.976974 0.758518
vt 0.976950 0.760826
vt 0.939958 0.758144
vt 0.976615 0.751224
vt 0.939906 0.776216
vt 0.855186 0.971389
vt 0.847952 0.972390
vt 0.847952 0.935085
vt 0.857450 0.970938
vt 0.924105 0.861865
vt 0.170111 0.068730
vt 0.170111 0.103446
vt 0.167807 0.068885
vt 0.947103 0.419229
vt 0.944871 0.419821
vt 0.937620 0.383445
vt 0.418380 0.514693
vt 0.418380 0.551710
vt 0.415118 0.551566
vt 0.773774 0.976987
vt 0.771474 0.976787
vt 0.774693 0.939982
vt 0.417193 0.956080
vt 0.418380 0.993079
vt 0.415115 0.993039
vt 0.409892 0.956103
vt 0.720572 0.496691
vt 0.159085 0.509767
vt 0.182754 0.514344
vt 0.159085 0.636766
vt 0.332176 0.383898
vt 0.210728 0.355256
vt 0.226298 0.338860
vt 0.791934 0.669762
vt 0.773522 0.793084
vt 0.773522 0.667012
vt 0.355807 0.647900
vt 0.493885 0.489699
vt 0.498722 0.489865
vt 0.547113 0.554009
vt 0.921765 0.708028
vt 0.921765 0.641062
vt 0.933310 0.641062
vt 0.933310 0.708028
vt 0.489055 0.489894
vt 0.490322 0.483665
vt 0.494957 0.484553
vt 0.077927 0.430927
vt 0.073655 0.427956
vt 0.077295 0.419078
vt 0.071263 0.174708
vt 0.068545 0.172897
vt 0.071263 0.162934
vt 0.416082 0.395501
vt 0.551429 0.980398
vt 0.181764 0.386503
vt 0.175881 0.383278
vt 0.182433 0.382937
vt 0.194299 0.388956
vt 0.182970 0.392212
vt 0.175520 0.392512
vt 0.560691 0.968606
vt 0.181885 0.395612
vt 0.192821 0.396048
vt 0.191351 0.399330
vt 0.180304 0.398752
vt 0.096074 0.348454
vt 0.090623 0.346560
vt 0.094956 0.343794
vt 0.098840 0.346742
vt 0.098848 0.352662
vt 0.090618 0.354014
vt 0.286834 0.314935
vt 0.287686 0.311845
vt 0.291947 0.314416
vt 0.276707 0.358612
vt 0.273600 0.352687
vt 0.277372 0.353482
vt 0.281292 0.355219
vt 0.285050 0.358143
vt 0.283446 0.310524
vt 0.232082 0.246616
vt 0.238223 0.215513
vt 0.239592 0.215985
vt 0.425277 0.857419
vt 0.402186 0.864346
vt 0.402186 0.762748
vt 0.221675 0.247120
vt 0.221675 0.149671
vt 0.239075 0.156292
vt 0.317233 0.317234
vt 0.547113 0.367481
vt 0.319322 0.747108
vt 0.319322 0.617283
vt 0.328727 0.745629
vt 0.884774 0.180343
vt 0.891932 0.182637
vt 0.886629 0.183892
vt 0.879103 0.179634
vt 0.885146 0.177353
vt 0.301595 0.659800
vt 0.310337 0.663570
vt 0.301595 0.788486
vt 0.911861 0.340191
vt 0.909104 0.342934
vt 0.883836 0.175775
vt 0.869250 0.138806
vt 0.916893 0.786187
vt 0.916893 0.716917
vt 0.926414 0.716917
vt 0.921816 0.300231
vt 0.133330 0.066873
vt 0.133330 0.085055
vt 0.124358 0.077431
vt 0.175507 0.377086
vt 0.180689 0.367089
vt 0.185490 0.377416
vt 0.487344 0.480448
vt 0.341167 0.326033
vt 0.345012 0.331026
vt 0.338049 0.327944
vt 0.338049 0.317895
vt 0.344065 0.318881
vt 0.347118 0.324845
vt 0.287977 0.304854
vt 0.285050 0.347725
vt 0.281814 0.348514
vt 0.281202 0.345345
vt 0.291947 0.306240
vt 0.082468 0.419643
vt 0.087113 0.419931
vt 0.100341 0.431773
vt 0.614212 0.264488
vt 0.613549 0.221074
vt 0.614837 0.220073
vt 0.617002 0.262992
vt 0.234346 0.445966
vt 0.804701 0.755604
vt 0.822968 0.851548
vt 0.804701 0.855137
vt 0.828138 0.656828
vt 0.854002 0.560718
vt 0.854002 0.668949
vt 0.227143 0.731949
vt 0.198485 0.731522
vt 0.197972 0.728298
vt 0.947192 0.794433
vt 0.821147 0.858620
vt 0.805183 0.862048
vt 0.066180 0.000828
vt 0.872454 0.746380
vt 0.873542 0.753601
vt 0.855739 0.748160
vt 0.856926 0.741336
vt 0.988481 0.960885
vt 0.985974 0.976977
vt 0.980182 0.960581
vt 0.485935 0.488288
vt 0.489283 0.493680
vt 0.486537 0.493694
vt 0.849829 0.491656
vt 0.855151 0.492543
vt 0.849829 0.565503
vt 0.762987 0.518436
vt 0.772395 0.644498
vt 0.762987 0.645961
vt 0.362738 0.516520
vt 0.192847 0.393021
vt 0.956822 0.315008
vt 0.959990 0.311519
vt 0.968638 0.315590
vt 0.968039 0.318996
vt 0.199995 0.401187
vt 0.919517 0.713704
vt 0.910362 0.714925
vt 0.910362 0.645038
vt 0.869250 0.220684
vt 0.338028 0.891932
vt 0.338028 0.821705
vt 0.349417 0.890034
vt 0.976449 0.579602
vt 0.979286 0.590950
vt 0.974747 0.582438
vt 0.072356 0.420713
vt 0.074992 0.418744
vt 0.937966 0.611479
vt 0.972477 0.583006
vt 0.977016 0.591517
vt 0.972476 0.592653
vt 0.967369 0.584140
vt 0.194913 0.385159
vt 0.196362 0.380054
vt 0.960529 0.307801
vt 0.959290 0.302202
vt 0.971004 0.306426
vt 0.970626 0.312304
vt 0.083044 0.410353
vt 0.088247 0.410403
vt 0.100647 0.419912
vt 0.252867 0.291379
vt 0.245118 0.296544
vt 0.245118 0.279755
vt 0.199995 0.369389
vt 0.764804 0.912823
vt 0.774322 0.912562
vt 0.774693 0.926414
vt 0.425277 0.000911
vt 0.425277 0.204593
vt 0.409144 0.007283
vt 0.616119 0.222600
vt 0.652857 0.187251
vt 0.013734 0.833313
vt 0.038449 0.826504
vt 0.038565 0.829424
vt 0.441066 0.455696
vt 0.445966 0.471253
vt 0.244225 0.471253
vt 0.394243 0.503436
vt 0.198164 0.503436
vt 0.201338 0.489903
vt 0.720161 0.495833
vt 0.719071 0.495745
vt 0.728252 0.478820
vt 0.728718 0.479148
vt 0.091890 0.383898
vt 0.197629 0.327574
vt 0.211066 0.351369
vt 0.225610 0.336300
vt 0.103405 0.940207
vt 0.112641 0.873243
vt 0.112641 0.940207
vt 0.196280 0.404588
vt 0.969204 0.323198
vt 0.965761 0.331026
vt 0.976987 0.325536
vt 0.091631 0.940207
vt 0.103405 0.873243
vt 0.685040 0.093101
vt 0.668080 0.051473
vt 0.670901 0.047009
vt 0.905488 0.641363
vt 0.905488 0.571439
vt 0.914920 0.640067
vt 0.979285 0.600597
vt 0.976943 0.307857
vt 0.464092 0.991374
vt 0.470766 0.982818
vt 0.469823 0.987017
vt 0.975737 0.319130
vt 0.977017 0.601163
vt 0.973043 0.604568
vt 0.969234 0.593312
vt 0.969923 0.301991
vt 0.961863 0.290148
vt 0.273439 0.119537
vt 0.273439 0.105568
vt 0.282752 0.105568
vt 0.149646 0.018390
vt 0.149646 0.000207
vt 0.158617 0.010765
vt 0.465060 0.967011
vt 0.471907 0.972822
vt 0.470734 0.977036
vt 0.976987 0.298550
vt 0.964050 0.594020
vt 0.969808 0.605227
vt 0.964294 0.603663
vt 0.950017 0.594374
vt 0.101147 0.410330
vt 0.936539 0.790674
vt 0.923965 0.785472
vt 0.936032 0.776566
vt 0.661137 0.102003
vt 0.675277 0.098096
vt 0.677587 0.106459
vt 0.661161 0.110364
vt 0.977675 0.976673
vt 0.981546 0.993151
vt 0.972893 0.990434
vt 0.957064 0.967198
vt 0.491195 0.499207
vt 0.091631 0.873243
vt 0.082110 0.940207
vt 0.082110 0.873243
vt 0.870929 0.789775
vt 0.873894 0.784239
vt 0.873156 0.791011
vt 0.867915 0.797681
vt 0.868944 0.396437
vt 0.868944 0.468954
vt 0.862521 0.466494
vt 0.658314 0.863197
vt 0.658314 0.752159
vt 0.667194 0.857256
vt 0.659548 0.044507
vt 0.649815 0.044274
vt 0.652888 0.042550
vt 0.662977 0.042401
vt 0.667237 0.046942
vt 0.452648 0.637120
vt 0.462058 0.635672
vt 0.462058 0.760901
vt 0.197972 0.725989
vt 0.228776 0.601313
vt 0.261933 0.639029
vt 0.263956 0.637314
vt 0.286147 0.652747
vt 0.772395 0.794233
vt 0.744304 0.794233
vt 0.772395 0.669543
vt 0.377027 0.859749
vt 0.377027 0.748194
vt 0.404588 0.748194
vt 0.666582 0.049852
vt 0.685040 0.000788
vt 0.975232 0.321663
vt 0.470482 0.990171
vt 0.479773 0.987125
vt 0.480532 0.990382
vt 0.470988 0.993079
vt 0.979286 0.610243
vt 0.976075 0.611046
vt 0.976386 0.606861
vt 0.971435 0.614080
vt 0.969103 0.614262
vt 0.480876 0.975432
vt 0.480971 0.978648
vt 0.464092 0.978923
vt 0.939382 0.748926
vt 0.976217 0.746076
vt 0.939670 0.753535
vt 0.016534 0.019020
vt 0.020689 0.017004
vt 0.020689 0.027586
vt 0.243672 0.388862
vt 0.239415 0.380347
vt 0.243672 0.367574
vt 0.951948 0.731742
vt 0.312564 0.983884
vt 0.312564 0.946939
vt 0.328727 0.970029
vt 0.964882 0.730731
vt 0.964882 0.709565
vt 0.969115 0.722265
vt 0.968989 0.732785
vt 0.967282 0.527184
vt 0.971856 0.526544
vt 0.976987 0.563204
vt 0.314419 0.940206
vt 0.314419 0.902902
vt 0.319532 0.903617
vt 0.965737 0.614866
vt 0.960931 0.613573
vt 0.950261 0.604017
vt 0.940009 0.761409
vt 0.109727 0.425392
vt 0.110007 0.422162
vt 0.121148 0.426385
vt 0.120751 0.430953
vt 0.109330 0.429961
vt 0.396098 0.993070
vt 0.396037 0.956125
vt 0.409952 0.993048
vt 0.109439 0.396031
vt 0.108139 0.382334
vt 0.118353 0.392881
vt 0.110612 0.401022
vt 0.390934 0.993079
vt 0.172410 0.375760
vt 0.172167 0.378620
vt 0.157668 0.379875
vt 0.159336 0.376442
vt 0.459670 0.990780
vt 0.450352 0.985441
vt 0.454603 0.982342
vt 0.462058 0.986613
vt 0.404384 0.551395
vt 0.394922 0.514506
vt 0.172410 0.395640
vt 0.171379 0.400554
vt 0.162324 0.394781
vt 0.171927 0.386919
vt 0.395149 0.551451
vt 0.190800 0.832001
vt 0.185636 0.868944
vt 0.185636 0.832001
vt 0.171550 0.381515
vt 0.161994 0.386857
vt 0.156832 0.383821
vt 0.771440 0.939698
vt 0.975514 0.719717
vt 0.979259 0.737913
vt 0.171383 0.413783
vt 0.157148 0.412724
vt 0.158155 0.408018
vt 0.171585 0.408898
vt 0.976987 0.525971
vt 0.937620 0.420679
vt 0.939953 0.766984
vt 0.110486 0.416646
vt 0.109727 0.409810
vt 0.122107 0.415355
vt 0.110288 0.418931
vt 0.940001 0.764675
vt 0.976987 0.763135
vt 0.121429 0.423154
vt 0.111761 0.407405
vt 0.111187 0.404213
vt 0.122869 0.403758
vt 0.124035 0.408752
vt 0.171258 0.405935
vt 0.158445 0.404820
vt 0.171073 0.402815
vt 0.461062 0.000815
vt 0.475850 0.002503
vt 0.461062 0.202294
vt 0.000671 0.002849
vt 0.012643 0.205386
vt 0.000671 0.206891
vt 0.456811 0.466655
vt 0.456811 0.273702
vt 0.464356 0.465705
vt 0.734711 0.528722
vt 0.720983 0.526849
vt 0.721425 0.523615
vt 0.735152 0.525488
vt 0.727536 0.478266
vt 0.735620 0.523226
vt 0.721866 0.520378
vt 0.747147 0.398277
vt 0.760901 0.401125
vt 0.760901 0.528460
vt 0.875901 0.784144
vt 0.877731 0.777617
vt 0.879836 0.777583
vt 0.667883 0.756184
vt 0.677779 0.760927
vt 0.675588 0.851387
vt 0.479045 0.983825
vt 0.488711 0.980398
vt 0.488971 0.984293
vt 0.923790 0.418072
vt 0.933310 0.418072
vt 0.923788 0.487344
vt 0.913462 0.487344
vt 0.913462 0.418072
vt 0.978484 0.620674
vt 0.142525 0.027586
vt 0.137627 0.024758
vt 0.142525 0.016274
vt 0.130925 0.409185
vt 0.126179 0.398876
vt 0.130812 0.398825
vt 0.252867 0.032908
vt 0.244589 0.039079
vt 0.244587 0.021800
vt 0.252867 0.015627
vt 0.198940 0.325340
vt 0.135860 0.659720
vt 0.135876 0.657423
vt 0.149847 0.657517
vt 0.149602 0.660757
vt 0.135616 0.662960
vt 0.246839 0.182298
vt 0.247971 0.183621
vt 0.679139 0.113628
vt 0.660777 0.117311
vt 0.690122 0.098494
vt 0.696534 0.103860
vt 0.696534 0.232178
vt 0.299993 0.531640
vt 0.290682 0.648126
vt 0.265833 0.634545
vt 0.676611 0.224862
vt 0.838331 0.740446
vt 0.838331 0.848255
vt 0.843451 0.108043
vt 0.844278 0.000232
vt 0.870093 0.000232
vt 0.827566 0.560103
vt 0.812316 0.670098
vt 0.812316 0.547374
vt 0.978489 0.701449
vt 0.983884 0.719555
vt 0.972371 0.705357
vt 0.988481 0.995378
vt 0.261272 0.124287
vt 0.262348 0.122246
vt 0.265233 0.123767
vt 0.264797 0.130673
vt 0.263366 0.135629
vt 0.258618 0.126184
vt 0.500760 0.785161
vt 0.500759 0.771191
vt 0.512631 0.771191
vt 0.502742 0.795382
vt 0.481237 0.970613
vt 0.258618 0.118001
vt 0.268405 0.117959
vt 0.268959 0.120198
vt 0.071784 0.940207
vt 0.489643 0.987947
vt 0.958041 0.431225
vt 0.958557 0.428284
vt 0.967063 0.428773
vt 0.924064 0.075563
vt 0.935609 0.075563
vt 0.924064 0.142525
vt 0.030825 0.041378
vt 0.030825 0.002768
vt 0.036781 0.002768
vt 0.130705 0.388997
vt 0.144711 0.398674
vt 0.144824 0.409034
vt 0.133782 0.109378
vt 0.135629 0.107992
vt 0.135629 0.119537
vt 0.132396 0.119075
vt 0.130087 0.112148
vt 0.963233 0.419167
vt 0.951424 0.422489
vt 0.952202 0.419236
vt 0.963516 0.415827
vt 0.971979 0.415525
vt 0.968104 0.421924
vt 0.958850 0.425250
vt 0.620339 0.964439
vt 0.624113 0.960365
vt 0.624074 0.968168
vt 0.619752 0.974441
vt 0.616682 0.964536
vt 0.614930 0.955926
vt 0.951970 0.413974
vt 0.960039 0.411646
vt 0.971129 0.408074
vt 0.972817 0.412393
vt 0.954645 0.399165
vt 0.966528 0.394602
vt 0.330432 0.022988
vt 0.327137 0.008863
vt 0.335624 0.008863
vt 0.264160 0.305740
vt 0.262729 0.301730
vt 0.266660 0.298231
vt 0.267578 0.381212
vt 0.271488 0.374617
vt 0.271975 0.378494
vt 0.276151 0.383135
vt 0.275397 0.384977
vt 0.266958 0.388496
vt 0.257896 0.302509
vt 0.257896 0.291921
vt 0.280453 0.387182
vt 0.280453 0.381287
vt 0.263295 0.290411
vt 0.232979 0.377784
vt 0.237740 0.390795
vt 0.108139 0.443667
vt 0.111697 0.100646
vt 0.119537 0.084404
vt 0.119537 0.103446
vt 0.960155 0.789302
vt 0.954568 0.785842
vt 0.960256 0.786017
vt 0.965839 0.789477
vt 0.958918 0.829504
vt 0.949502 0.828662
vt 0.953482 0.788636
vt 0.882865 0.770522
vt 0.335624 0.760901
vt 0.328966 0.760901
vt 0.335624 0.722291
vt 0.839060 0.859449
vt 0.839059 0.926414
vt 0.829263 0.926414
vt 0.867915 0.727349
vt 0.888474 0.767615
vt 0.884499 0.772996
vt 0.684627 0.846370
vt 0.685978 0.766359
vt 0.693322 0.841370
vt 0.965940 0.786192
vt 0.971628 0.786276
vt 0.972534 0.789134
vt 0.967729 0.425155
vt 0.974688 0.427589
vt 0.971980 0.432173
vt 0.627071 0.966598
vt 0.630302 0.966247
vt 0.629910 0.976260
vt 0.626889 0.976240
vt 0.616217 0.975631
vt 0.614930 0.983900
vt 0.286979 0.780632
vt 0.281766 0.788927
vt 0.279368 0.785191
vt 0.278570 0.780401
vt 0.125812 0.387298
vt 0.131428 0.377436
vt 0.974688 0.390572
vt 0.209405 0.983696
vt 0.195551 0.988481
vt 0.203508 0.975540
vt 0.213175 0.979647
vt 0.144604 0.388846
vt 0.144824 0.377265
vt 0.575407 0.187251
vt 0.835768 0.165450
vt 0.860898 0.165450
vt 0.835768 0.277005
vt 0.368956 0.322981
vt 0.327541 0.209030
vt 0.335853 0.195940
vt 0.038276 0.824446
vt 0.047472 0.711710
vt 0.056915 0.822862
vt 0.013409 0.828632
vt 0.288200 0.650966
vt 0.299993 0.668949
vt 0.325390 0.208010
vt 0.330222 0.196031
vt 0.816135 0.091698
vt 0.812896 0.091246
vt 0.814491 0.079794
vt 0.817730 0.080246
vt 0.709985 0.522054
vt 0.890060 0.770092
vt 0.896474 0.768707
vt 0.896271 0.770378
vt 0.693999 0.771728
vt 0.699045 0.777801
vt 0.700883 0.834459
vt 0.259943 0.509995
vt 0.271258 0.506779
vt 0.268527 0.510208
vt 0.263909 0.512702
vt 0.264976 0.523994
vt 0.263149 0.526152
vt 0.349417 0.189766
vt 0.349417 0.204593
vt 0.343828 0.201226
vt 0.339143 0.190876
vt 0.624275 0.977358
vt 0.629447 0.985173
vt 0.625922 0.985608
vt 0.291947 0.787600
vt 0.283483 0.792818
vt 0.219446 0.976273
vt 0.224240 0.982721
vt 0.216942 0.979717
vt 0.210917 0.968858
vt 0.215691 0.970284
vt 0.219286 0.968896
vt 0.223451 0.975130
vt 0.341492 0.203130
vt 0.271258 0.526424
vt 0.161054 0.661621
vt 0.160810 0.664861
vt 0.149358 0.663995
vt 0.135616 0.785038
vt 0.807376 0.460908
vt 0.807376 0.337465
vt 0.816835 0.338544
vt 0.824005 0.339927
vt 0.831175 0.341309
vt 0.836358 0.345282
vt 0.839252 0.349559
vt 0.842146 0.353835
vt 0.842750 0.358414
vt 0.843657 0.365281
vt 0.381600 0.370266
vt 0.321522 0.422978
vt 0.337817 0.391140
vt 0.348819 0.373467
vt 0.355741 0.353245
vt 0.070435 0.515729
vt 0.071263 0.552706
vt 0.054064 0.521723
vt 0.964602 0.829679
vt 0.971302 0.829864
vt 0.632168 0.986182
vt 0.207166 0.971743
vt 0.203542 0.962267
vt 0.918751 0.147724
vt 0.908564 0.149422
vt 0.908948 0.145441
vt 0.213381 0.964269
vt 0.256082 0.208002
vt 0.264361 0.219111
vt 0.256082 0.225282
vt 0.662053 0.029884
vt 0.646906 0.021024
vt 0.660751 0.020404
vt 0.197273 0.966475
vt 0.456265 0.971733
vt 0.452814 0.979888
vt 0.450543 0.971602
vt 0.454228 0.966882
vt 0.121721 0.397376
vt 0.159110 0.397363
vt 0.159906 0.392498
vt 0.159944 0.388333
vt 0.451959 0.956245
vt 0.452893 0.960956
vt 0.441757 0.960226
vt 0.439415 0.954224
vt 0.133330 0.418632
vt 0.158846 0.399648
vt 0.041459 0.512583
vt 0.044943 0.516193
vt 0.036079 0.518867
vt 0.779341 0.960449
vt 0.781030 0.951807
vt 0.786574 0.951426
vt 0.781457 0.960896
vt 0.121710 0.419924
vt 0.401675 0.891671
vt 0.403322 0.903329
vt 0.398163 0.903143
vt 0.132851 0.424147
vt 0.122296 0.400567
vt 0.453527 0.963927
vt 0.443324 0.967908
vt 0.442390 0.963197
vt 0.268432 0.349163
vt 0.259257 0.349417
vt 0.262918 0.345826
vt 0.268959 0.344763
vt 0.298225 0.164630
vt 0.300172 0.165952
vt 0.298776 0.176383
vt 0.295507 0.177007
vt 0.365508 0.052110
vt 0.365486 0.066665
vt 0.361738 0.064245
vt 0.356934 0.053955
vt 0.919517 0.139762
vt 0.919134 0.143743
vt 0.909331 0.141459
vt 0.908952 0.139182
vt 0.919137 0.137484
vt 0.221676 0.968552
vt 0.359288 0.066138
vt 0.303441 0.177007
vt 0.259257 0.335745
vt 0.977954 0.788043
vt 0.283778 0.798883
vt 0.267979 0.867795
vt 0.274881 0.798318
vt 0.284566 0.796613
vt 0.908129 0.071433
vt 0.040023 0.039079
vt 0.040023 0.000469
vt 0.045976 0.000469
vt 0.206891 0.870944
vt 0.196566 0.937908
vt 0.196565 0.870944
vt 0.227581 0.974796
vt 0.271368 0.790150
vt 0.273472 0.794223
vt 0.323200 0.305370
vt 0.322309 0.301647
vt 0.331868 0.302779
vt 0.334474 0.307885
vt 0.323627 0.309152
vt 0.269018 0.786104
vt 0.267979 0.781393
vt 0.322031 0.313458
vt 0.332211 0.315229
vt 0.321113 0.326429
vt 0.345986 0.103446
vt 0.345986 0.089591
vt 0.356313 0.089591
vt 0.272847 0.766415
vt 0.200065 0.963244
vt 0.292452 0.037947
vt 0.295772 0.031796
vt 0.298688 0.039012
vt 0.298623 0.043208
vt 0.297262 0.046195
vt 0.195551 0.953572
vt 0.321113 0.297947
vt 0.331160 0.299026
vt 0.132570 0.427377
vt 0.456310 0.827566
vt 0.451533 0.816085
vt 0.456310 0.718425
vt 0.355810 0.125027
vt 0.422978 0.204358
vt 0.393243 0.230775
vt 0.374583 0.243000
vt 0.350368 0.244909
vt 0.027888 0.295889
vt 0.043677 0.433782
vt 0.027888 0.439070
vt 0.000984 0.000137
vt 0.078159 0.120887
vt 0.066024 0.135293
vt 0.049777 0.144685
vt 0.035837 0.152462
vt 0.384780 0.156318
vt 0.384780 0.006591
vt 0.395393 0.140509
vt 0.047979 0.168871
vt 0.000984 0.289648
vt 0.052208 0.169097
vt 0.057632 0.184980
vt 0.905096 0.769089
vt 0.897943 0.073130
vt 0.898765 0.140880
vt 0.887757 0.074828
vt 0.912621 0.770846
vt 0.904186 0.771021
vt 0.705459 0.824904
vt 0.703272 0.787232
vt 0.708996 0.814328
vt 0.712834 0.816155
vt 0.708633 0.827285
vt 0.899965 0.148593
vt 0.900348 0.144613
vt 0.333643 0.310835
vt 0.869018 0.064632
vt 0.869012 0.067898
vt 0.859628 0.069514
vt 0.859634 0.066248
vt 0.367807 0.560368
vt 0.358302 0.560906
vt 0.358571 0.555750
vt 0.367807 0.555750
vt 0.648237 0.010735
vt 0.647005 0.002191
vt 0.662053 0.010195
vt 0.105744 0.293451
vt 0.097898 0.298843
vt 0.097898 0.282033
vt 0.367807 0.541895
vt 0.360880 0.541895
vt 0.154360 0.371349
vt 0.439415 0.986001
vt 0.439591 0.981202
vt 0.448182 0.981157
vt 0.155620 0.386405
vt 0.149687 0.382732
vt 0.799123 0.960107
vt 0.794303 0.952134
vt 0.800187 0.954038
vt 0.150297 0.376081
vt 0.419921 0.308700
vt 0.432173 0.107140
vt 0.432173 0.310337
vt 0.076062 0.830888
vt 0.057143 0.828701
vt 0.057030 0.825782
vt 0.075947 0.827969
vt 0.088899 0.833313
vt 0.201144 0.462956
vt 0.199390 0.471253
vt 0.000081 0.462956
vt 0.533946 0.087198
vt 0.540216 0.277227
vt 0.533946 0.278154
vt 0.820041 0.080167
vt 0.820441 0.091952
vt 0.817406 0.070716
vt 0.820669 0.070938
vt 0.561022 0.702875
vt 0.570259 0.702875
vt 0.561022 0.827565
vt 0.549249 0.827565
vt 0.549249 0.702875
vt 0.977557 0.785393
vt 0.983884 0.787160
vt 0.983884 0.827826
vt 0.308038 0.046166
vt 0.306157 0.049178
vt 0.297939 0.051611
vt 0.293384 0.052866
vt 0.307003 0.039264
vt 0.307998 0.043347
vt 0.351644 0.555750
vt 0.570259 0.827565
vt 0.161414 0.659352
vt 0.170587 0.659862
vt 0.170407 0.663106
vt 0.448137 0.972566
vt 0.156600 0.392399
vt 0.043677 0.524786
vt 0.036079 0.572400
vt 0.082757 0.031693
vt 0.082757 0.082757
vt 0.077853 0.079937
vt 0.776967 0.952152
vt 0.777555 0.905158
vt 0.048321 0.517869
vt 0.057378 0.560592
vt 0.358681 0.337569
vt 0.351813 0.351542
vt 0.355008 0.335804
vt 0.369921 0.330834
vt 0.043862 0.567621
vt 0.381398 0.326714
vt 0.367341 0.328110
vt 0.380618 0.324791
vt 0.161932 0.649480
vt 0.165805 0.646946
vt 0.199995 0.668949
vt 0.157182 0.653303
vt 0.783198 0.906435
vt 0.789931 0.907361
vt 0.786822 0.958832
vt 0.394897 0.903143
vt 0.394897 0.951635
vt 0.328085 0.591532
vt 0.336831 0.641680
vt 0.340149 0.695448
vt 0.413472 0.904239
vt 0.418633 0.904443
vt 0.416705 0.952896
vt 0.411543 0.952911
vt 0.406419 0.952269
vt 0.410227 0.903873
vt 0.439546 0.972611
vt 0.421896 0.904574
vt 0.431121 0.905018
vt 0.421864 0.953120
vt 0.801004 0.907477
vt 0.804776 0.907132
vt 0.803672 0.953937
vt 0.806877 0.960896
vt 0.911772 0.772994
vt 0.706722 0.797075
vt 0.709987 0.798495
vt 0.712135 0.806799
vt 0.709010 0.807000
vt 0.864184 0.072868
vt 0.873569 0.071250
vt 0.866457 0.076160
vt 0.854886 0.075958
vt 0.857258 0.072736
vt 0.790770 0.959194
vt 0.331817 0.296907
vt 0.875840 0.074543
vt 0.875669 0.076846
vt 0.866285 0.078462
vt 0.854847 0.078267
vt 0.305691 0.053704
vt 0.306961 0.055544
vt 0.296082 0.056172
vt 0.298079 0.058664
vt 0.292452 0.064366
vt 0.889754 0.144722
vt 0.324476 0.232200
vt 0.748381 0.843444
vt 0.875840 0.147123
vt 0.764349 0.811183
vt 0.878365 0.146621
vt 0.878365 0.076393
vt 0.570447 0.189650
vt 0.570447 0.001012
vt 0.572117 0.126510
vt 0.196827 0.732281
vt 0.243672 0.781903
vt 0.228943 0.778943
vt 0.214704 0.773696
vt 0.852300 0.912621
vt 0.852300 0.840437
vt 0.860467 0.907765
vt 0.814167 0.070265
vt 0.813531 0.062980
vt 0.816770 0.063432
vt 0.177386 0.665119
vt 0.176869 0.669517
vt 0.169991 0.667182
vt 0.958032 0.541969
vt 0.963195 0.541985
vt 0.959946 0.590479
vt 0.953023 0.590752
vt 0.951109 0.542242
vt 0.399514 0.951725
vt 0.946492 0.590790
vt 0.946492 0.542242
vt 0.436771 0.953620
vt 0.436284 0.905075
vt 0.907476 0.050136
vt 0.912621 0.001864
vt 0.912621 0.050573
vt 0.957433 0.284897
vt 0.952272 0.284743
vt 0.957861 0.235862
vt 0.962594 0.285050
vt 0.431621 0.953999
vt 0.963002 0.236342
vt 0.969929 0.236400
vt 0.972390 0.284884
vt 0.374703 0.827566
vt 0.369540 0.827566
vt 0.373655 0.778978
vt 0.645961 0.493048
vt 0.635747 0.445533
vt 0.645961 0.444011
vt 0.939783 0.285050
vt 0.944408 0.236232
vt 0.949009 0.284613
vt 0.089653 0.634467
vt 0.081345 0.586415
vt 0.089653 0.585866
vt 0.707467 0.769876
vt 0.712626 0.721552
vt 0.712626 0.770096
vt 0.214398 0.775587
vt 0.755154 0.134264
vt 0.753990 0.137516
vt 0.716230 0.135525
vt 0.913157 0.717835
vt 0.914920 0.756500
vt 0.913157 0.763199
vt 0.875919 0.879067
vt 0.877244 0.883482
vt 0.876361 0.888559
vt 0.875478 0.893636
vt 0.872387 0.899376
vt 0.866427 0.903571
vt 0.818944 0.062781
vt 0.815164 0.055250
vt 0.818302 0.055497
vt 0.578584 0.702875
vt 0.585886 0.702875
vt 0.578584 0.827565
vt 0.585886 0.827565
vt 0.261360 0.259764
vt 0.262849 0.254409
vt 0.266734 0.252745
vt 0.178254 0.662991
vt 0.185053 0.668249
vt 0.874416 0.900469
vt 0.812896 0.055695
vt 0.265202 0.246601
vt 0.267575 0.246172
vt 0.268864 0.252417
vt 0.271258 0.259733
vt 0.183710 0.671958
vt 0.506141 0.567289
vt 0.507434 0.567112
vt 0.507925 0.573472
vt 0.504694 0.573598
vt 0.505219 0.566949
vt 0.226183 0.781802
vt 0.225611 0.783044
vt 0.213743 0.777461
vt 0.075835 0.825050
vt 0.368956 0.068801
vt 0.313395 0.182892
vt 0.817732 0.326530
vt 0.833313 0.216072
vt 0.833313 0.328727
vt 0.704496 0.382533
vt 0.686971 0.383017
vt 0.686908 0.380716
vt 0.090802 0.830315
vt 0.311862 0.184689
vt 0.040240 0.153434
vt 0.541276 0.543919
vt 0.536509 0.530736
vt 0.538962 0.529576
vt 0.280854 0.181891
vt 0.345958 0.370083
vt 0.336686 0.389050
vt 0.335571 0.388439
vt 0.343802 0.368109
vt 0.971495 0.084367
vt 0.968304 0.085055
vt 0.968304 0.046348
vt 0.971496 0.045659
vt 0.974688 0.083678
vt 0.513785 0.579764
vt 0.515872 0.578210
vt 0.524926 0.583344
vt 0.523443 0.584782
vt 0.512006 0.581853
vt 0.686841 0.376729
vt 0.702181 0.373815
vt 0.672183 0.378302
vt 0.526679 0.000544
vt 0.537918 0.007522
vt 0.526679 0.191949
vt 0.574698 0.118408
vt 0.501596 0.574452
vt 0.478251 0.491874
vt 0.310117 0.690233
vt 0.328728 0.814922
vt 0.310111 0.814922
vt 0.196827 0.851703
vt 0.801719 0.752855
vt 0.801719 0.628167
vt 0.818370 0.752855
vt 0.349579 0.349544
vt 0.352845 0.334504
vt 0.973804 0.045605
vt 0.656306 0.827566
vt 0.618222 0.827566
vt 0.618222 0.702875
vt 0.755154 0.264361
vt 0.715798 0.141256
vt 0.754127 0.140765
vt 0.787927 0.499988
vt 0.787927 0.375293
vt 0.811474 0.499988
vt 0.523057 0.585734
vt 0.478251 0.655156
vt 0.611295 0.702875
vt 0.879262 0.870846
vt 0.881382 0.877925
vt 0.879041 0.878131
vt 0.877054 0.871508
vt 0.715545 0.138947
vt 0.873933 0.872445
vt 0.877507 0.894729
vt 0.879584 0.888073
vt 0.881657 0.890903
vt 0.881058 0.896552
vt 0.876129 0.903241
vt 0.594213 0.702875
vt 0.599374 0.702875
vt 0.599374 0.827565
vt 0.594213 0.827565
vt 0.260759 0.246662
vt 0.262252 0.241877
vt 0.265023 0.240155
vt 0.321522 0.218083
vt 0.365459 0.326630
vt 0.670635 0.381165
vt 0.654209 0.377830
vt 0.000075 0.508033
vt 0.012466 0.494931
vt 0.195397 0.508033
vt 0.354014 0.818371
vt 0.347438 0.711322
vt 0.354014 0.704971
vt 0.880467 0.882996
vt 0.882737 0.883391
vt 0.263533 0.234963
vt 0.265639 0.235199
vt 0.268068 0.241099
vt 0.264164 0.230369
vt 0.266456 0.230869
vt 0.268599 0.236048
vt 0.606676 0.702875
vt 0.611295 0.827566
vt 0.606676 0.827566
vt 0.269677 0.231714
vt 0.268044 0.224331
vt 0.271258 0.225259
vt 0.265650 0.223715
vt 0.540105 0.529202
vt 0.543665 0.544814
vt 0.533070 0.515019
vt 0.534944 0.515479
vt 0.695132 0.507066
vt 0.680422 0.508033
vt 0.672261 0.383984
vt 0.712626 0.505914
vt 0.544012 0.409895
vt 0.556308 0.400476
vt 0.556308 0.583894
vt 0.598359 0.174708
vt 0.598359 0.000285
vt 0.609180 0.012940
vt 0.616077 0.381524
vt 0.616077 0.543665
vt 0.602463 0.384090
vt 0.463797 0.635893
vt 0.453120 0.624148
vt 0.463701 0.631667
vt 0.475850 0.645961
vt 0.539067 0.585775
vt 0.453723 0.621142
vt 0.465515 0.629589
vt 0.474811 0.643747
vt 0.538300 0.586620
vt 0.455029 0.618709
vt 0.159766 0.798831
vt 0.147992 0.798831
vt 0.159766 0.674140
vt 0.640214 0.768946
vt 0.625710 0.645100
vt 0.640214 0.643402
vt 0.926414 0.149922
vt 0.918396 0.218385
vt 0.918395 0.149922
vt 0.629744 0.641877
vt 0.172305 0.645952
vt 0.980678 0.002836
vt 0.980802 0.009366
vt 0.953098 0.009892
vt 0.952902 0.001569
vt 0.740212 0.225431
vt 0.734499 0.252867
vt 0.734133 0.231669
vt 0.726841 0.225431
vt 0.347391 0.685780
vt 0.346549 0.702538
vt 0.880438 0.404536
vt 0.873910 0.452862
vt 0.873910 0.404316
vt 0.981585 0.025113
vt 0.981071 0.031624
vt 0.953447 0.029442
vt 0.953542 0.020206
vt 0.981204 0.018593
vt 0.859749 0.243672
vt 0.853218 0.243672
vt 0.856482 0.195070
vt 0.934810 0.213788
vt 0.932744 0.165123
vt 0.937908 0.165123
vt 0.950937 0.236051
vt 0.510872 0.401405
vt 0.517228 0.402903
vt 0.510872 0.429874
vt 0.407962 0.588210
vt 0.413783 0.616077
vt 0.405459 0.615902
vt 0.401035 0.588161
vt 0.981070 0.016288
vt 0.962254 0.590524
vt 0.083221 0.712626
vt 0.082190 0.664096
vt 0.087354 0.664096
vt 0.087827 0.558217
vt 0.204027 0.682742
vt 0.204027 0.655032
vt 0.209190 0.655032
vt 0.629225 0.445872
vt 0.632673 0.417898
vt 0.633379 0.494241
vt 0.532607 0.517582
vt 0.523685 0.503164
vt 0.654355 0.381160
vt 0.182680 0.649776
vt 0.199995 0.534151
vt 0.475850 0.495154
vt 0.425387 0.613192
vt 0.753457 0.390795
vt 0.753457 0.262542
vt 0.782640 0.383768
vt 0.209190 0.877889
vt 0.209190 0.907909
vt 0.204572 0.905600
vt 0.654289 0.383460
vt 0.662135 0.507529
vt 0.634492 0.382882
vt 0.527071 0.500430
vt 0.505863 0.497217
vt 0.506801 0.494485
vt 0.508089 0.491696
vt 0.529129 0.498710
vt 0.001588 0.419091
vt 0.010345 0.276627
vt 0.010345 0.436771
vt 0.618832 0.370407
vt 0.637721 0.375892
vt 0.634807 0.380133
vt 0.619062 0.374387
vt 0.618626 0.132833
vt 0.617441 0.131668
vt 0.636858 0.136550
vt 0.671248 0.199995
vt 0.151684 0.509705
vt 0.158617 0.650559
vt 0.128599 0.650559
vt 0.647008 0.144723
vt 0.064366 0.000717
vt 0.064366 0.097699
vt 0.062058 0.060753
vt 0.062056 0.026116
vt 0.423348 0.618491
vt 0.397233 0.631334
vt 0.417575 0.620013
vt 0.422881 0.615823
vt 0.424841 0.615436
vt 0.357671 0.648440
vt 0.357680 0.645209
vt 0.375645 0.648295
vt 0.375853 0.770096
vt 0.617126 0.505980
vt 0.617126 0.380431
vt 0.543665 0.381903
vt 0.377089 0.246727
vt 0.375853 0.641189
vt 0.375154 0.645101
vt 0.356031 0.642226
vt 0.398508 0.237520
vt 0.394954 0.243895
vt 0.376395 0.252011
vt 0.790185 0.626421
vt 0.790186 0.501731
vt 0.811474 0.626421
vt 0.617132 0.130328
vt 0.636509 0.130336
vt 0.637689 0.134057
vt 0.650855 0.137228
vt 0.648884 0.139697
vt 0.091952 0.765809
vt 0.089303 0.769549
vt 0.066354 0.765897
vt 0.066141 0.641995
vt 0.671248 0.061553
vt 0.422978 0.362060
vt 0.412840 0.222445
vt 0.328085 0.719407
vt 0.329360 0.721562
vt 0.066160 0.772395
vt 0.066141 0.769148
vt 0.204572 0.933310
vt 0.153010 0.970748
vt 0.129428 0.979286
vt 0.151451 0.966431
vt 0.680073 0.891367
vt 0.680073 0.886749
vt 0.758582 0.891367
vt 0.680073 0.899693
vt 0.775563 0.388373
vt 0.783889 0.388373
vt 0.775563 0.416082
vt 0.397135 0.616077
vt 0.680783 0.931011
vt 0.680284 0.922701
vt 0.758900 0.920553
vt 0.759262 0.927846
vt 0.036781 0.739826
vt 0.036781 0.818370
vt 0.029854 0.739826
vt 0.952902 0.036348
vt 0.980525 0.038529
vt 0.980119 0.043677
vt 0.680112 0.904856
vt 0.758602 0.901164
vt 0.758640 0.906327
vt 0.680205 0.914376
vt 0.245971 0.956298
vt 0.236967 0.953205
vt 0.245971 0.926999
vt 0.953197 0.015055
vt 0.284171 0.899834
vt 0.279015 0.899151
vt 0.289406 0.820748
vt 0.294022 0.821326
vt 0.289340 0.900414
vt 0.259343 0.761103
vt 0.259323 0.757854
vt 0.296072 0.759982
vt 0.296008 0.763342
vt 0.258649 0.764349
vt 0.422947 0.614156
vt 0.417319 0.617647
vt 0.416886 0.616255
vt 0.856301 0.360911
vt 0.851146 0.360610
vt 0.856301 0.254495
vt 0.840749 0.479924
vt 0.845956 0.586221
vt 0.840749 0.590790
vt 0.299993 0.706383
vt 0.297686 0.817221
vt 0.297686 0.706287
vt 0.127705 0.963902
vt 0.128127 0.956312
vt 0.145958 0.959895
vt 0.783889 0.369219
vt 0.330467 0.724120
vt 0.355164 0.701056
vt 0.010522 0.642347
vt 0.041517 0.651529
vt 0.034302 0.675884
vt 0.010522 0.772395
vt 0.258649 0.634348
vt 0.296544 0.757475
vt 0.058790 0.060754
vt 0.056483 0.060754
vt 0.058791 0.026118
vt 0.055527 0.026053
vt 0.128732 0.814749
vt 0.126692 0.817298
vt 0.110705 0.800320
vt 0.396414 0.630546
vt 0.478149 0.418288
vt 0.474883 0.439070
vt 0.474883 0.418288
vt 0.730873 0.231215
vt 0.112641 0.228786
vt 0.112641 0.250569
vt 0.107357 0.242002
vt 0.054329 0.657734
vt 0.046093 0.035379
vt 0.797681 0.962071
vt 0.796317 0.975265
vt 0.793539 0.968513
vt 0.123866 0.824416
vt 0.115605 0.823385
vt 0.109189 0.802061
vt 0.051205 0.671623
vt 0.059097 0.694167
vt 0.016617 0.751779
vt 0.894231 0.895380
vt 0.867100 0.823853
vt 0.872325 0.819501
vt 0.894231 0.797806
vt 0.041631 0.040148
vt 0.032405 0.040587
vt 0.797681 0.981652
vt 0.796268 0.990780
vt 0.789406 0.987381
vt 0.792198 0.983038
vt 0.791868 0.977885
vt 0.787667 0.962611
vt 0.789090 0.971132
vt 0.785589 0.967337
vt 0.778227 0.965229
vt 0.844264 0.840643
vt 0.849159 0.832365
vt 0.850908 0.837123
vt 0.109189 0.827566
vt 0.834640 0.341168
vt 0.832751 0.334114
vt 0.357869 0.878139
vt 0.357869 0.795107
vt 0.377002 0.866515
vt 0.129121 0.935453
vt 0.140866 0.950341
vt 0.784641 0.973752
vt 0.889602 0.717224
vt 0.889602 0.645647
vt 0.896529 0.717224
vt 0.862262 0.828631
vt 0.859076 0.825405
vt 0.863795 0.820010
vt 0.865996 0.815444
vt 0.781155 0.969983
vt 0.843307 0.831535
vt 0.847977 0.829564
vt 0.855470 0.828966
vt 0.857219 0.833724
vt 0.896498 0.146807
vt 0.903426 0.218385
vt 0.891880 0.218385
vt 0.820714 0.645736
vt 0.827566 0.574328
vt 0.827566 0.648260
vt 0.064366 0.684989
vt 0.635352 0.964208
vt 0.629644 0.946339
vt 0.641303 0.944703
vt 0.646533 0.961333
vt 0.650559 0.976987
vt 0.146867 0.926408
vt 0.152766 0.939304
vt 0.142155 0.937568
vt 0.357271 0.048275
vt 0.357271 0.031947
vt 0.367807 0.047295
vt 0.149154 0.949439
vt 0.127705 0.927140
vt 0.786704 0.977884
vt 0.787606 0.982542
vt 0.782751 0.977277
vt 0.779019 0.973364
vt 0.787110 0.987133
vt 0.784020 0.983684
vt 0.304017 0.909173
vt 0.297684 0.901254
vt 0.302550 0.899414
vt 0.307082 0.895960
vt 0.638611 0.935284
vt 0.650559 0.941491
vt 0.860591 0.820063
vt 0.863954 0.814460
vt 0.852612 0.827515
vt 0.851517 0.823189
vt 0.857063 0.822911
vt 0.856813 0.818993
vt 0.860587 0.812439
vt 0.158108 0.950889
vt 0.154851 0.960752
vt 0.778168 0.978457
vt 0.847001 0.822797
vt 0.856210 0.813617
vt 0.315776 0.821265
vt 0.326248 0.893507
vt 0.325885 0.903904
vt 0.684691 0.881585
vt 0.687001 0.872065
vt 0.760891 0.881586
vt 0.758582 0.886749
vt 0.342520 0.894075
vt 0.689309 0.862829
vt 0.689309 0.846665
vt 0.763199 0.862829
vt 0.760891 0.872065
vt 0.162208 0.942101
vt 0.165513 0.931805
vt 0.078110 0.875046
vt 0.075609 0.880119
vt 0.001880 0.874245
vt 0.001929 0.869627
vt 0.078159 0.870428
vt 0.299191 0.821906
vt 0.897665 0.298809
vt 0.892502 0.298790
vt 0.892786 0.222591
vt 0.899318 0.222593
vt 0.904197 0.298811
vt 0.305736 0.822576
vt 0.902583 0.222594
vt 0.908765 0.296406
vt 0.310601 0.820735
vt 0.758711 0.913629
vt 0.077650 0.848174
vt 0.077815 0.855474
vt 0.001455 0.850638
vt 0.077425 0.841251
vt 0.280182 0.819525
vt 0.269791 0.897928
vt 0.271258 0.806861
vt 0.263987 0.885036
vt 0.263987 0.806185
vt 0.878648 0.298773
vt 0.871346 0.298843
vt 0.871346 0.222609
vt 0.878648 0.222538
vt 0.887884 0.298773
vt 0.078052 0.860632
vt 0.001858 0.863096
vt 0.907200 0.222496
vt 0.912357 0.222243
vt 0.913922 0.296153
vt 0.075229 0.889632
vt 0.072555 0.898770
vt 0.001396 0.886701
vt 0.001686 0.879404
vt 0.334455 0.819525
vt 0.932393 0.292875
vt 0.928663 0.221391
vt 0.944804 0.220550
vt 0.071913 0.914920
vt 0.001030 0.895930
vt 0.763199 0.846665
vt 0.001255 0.843339
vt 0.077225 0.833952
vt 0.473173 0.563178
vt 0.480448 0.562551
vt 0.480448 0.639065
vt 0.466277 0.563839
vt 0.001030 0.836415
vt 0.001620 0.857938
vt 0.054606 0.362860
vt 0.059769 0.362860
vt 0.057703 0.439070
vt 0.742191 0.604583
vt 0.742191 0.528313
vt 0.751705 0.528663
vt 0.326050 0.682742
vt 0.326050 0.606227
vt 0.333325 0.682114
vt 0.888168 0.222574
vt 0.691937 0.225282
vt 0.682416 0.225282
vt 0.682416 0.149083
vt 0.712626 0.369174
vt 0.712626 0.445966
vt 0.703179 0.444786
vt 0.698813 0.613778
vt 0.698813 0.537574
vt 0.703431 0.613778
vt 0.034482 0.816072
vt 0.027180 0.816072
vt 0.027183 0.742180
vt 0.278154 0.089653
vt 0.270852 0.015759
vt 0.278154 0.013450
vt 0.546547 0.547113
vt 0.546547 0.470910
vt 0.551710 0.547113
vt 0.724421 0.534698
vt 0.740212 0.531244
vt 0.740212 0.606881
vt 0.715398 0.536671
vt 0.839060 0.383569
vt 0.839060 0.457460
vt 0.822732 0.457460
vt 0.393094 0.516443
vt 0.378986 0.590790
vt 0.378986 0.514554
vt 0.139973 0.852534
vt 0.154019 0.854842
vt 0.139975 0.924115
vt 0.123810 0.852534
vt 0.025287 0.818370
vt 0.009123 0.818370
vt 0.025287 0.744480
vt 0.388455 0.896529
vt 0.388455 0.822639
vt 0.397691 0.896529
vt 0.114573 0.852534
vt 0.123812 0.924115
vt 0.076910 0.199331
vt 0.083906 0.271166
vt 0.076910 0.273257
vt 0.868473 0.363209
vt 0.868473 0.289282
vt 0.875840 0.361118
vt 0.008653 0.539523
vt 0.013793 0.615589
vt 0.008653 0.616077
vt 0.627028 0.526424
vt 0.627028 0.449875
vt 0.632168 0.525936
vt 0.786187 0.457460
vt 0.781024 0.457460
vt 0.786187 0.383574
vt 0.083105 0.776370
vt 0.112641 0.844099
vt 0.097919 0.845480
vt 0.012833 0.275339
vt 0.016092 0.275548
vt 0.012833 0.351715
vt 0.689638 0.094251
vt 0.681765 0.018284
vt 0.685028 0.018156
vt 0.689638 0.017877
vt 0.087342 0.078159
vt 0.087342 0.001785
vt 0.091952 0.077879
vt 0.042717 0.397482
vt 0.045976 0.321318
vt 0.045976 0.397691
vt 0.645961 0.758602
vt 0.642703 0.758386
vt 0.645961 0.684534
vt 0.151854 0.169569
vt 0.155169 0.243572
vt 0.151854 0.245811
vt 0.691925 0.082477
vt 0.696534 0.006382
vt 0.696534 0.082757
vt 0.048254 0.342142
vt 0.052872 0.342142
vt 0.052872 0.418380
vt 0.280441 0.089653
vt 0.280441 0.013280
vt 0.285050 0.013558
vt 0.692592 0.539806
vt 0.696534 0.616077
vt 0.691917 0.616036
vt 0.688651 0.616077
vt 0.508412 0.689638
vt 0.508412 0.613266
vt 0.514930 0.689219
vt 0.076227 0.314700
vt 0.082757 0.314560
vt 0.082757 0.390795
vt 0.374703 0.082757
vt 0.368174 0.006662
vt 0.374703 0.006521
vt 0.372405 0.321831
vt 0.365875 0.245736
vt 0.372405 0.245596
vt 0.176449 0.250289
vt 0.181605 0.174229
vt 0.181605 0.250569
vt 0.410919 0.229574
vt 0.416082 0.229504
vt 0.416082 0.305740
vt 0.317233 0.719522
vt 0.312615 0.643323
vt 0.317233 0.643323
vt 0.778324 0.206891
vt 0.778324 0.130692
vt 0.781590 0.206891
vt 0.087354 0.404588
vt 0.084095 0.404378
vt 0.087354 0.328224
vt 0.250167 0.181264
vt 0.257465 0.257465
vt 0.250163 0.257465
vt 0.535247 0.491245
vt 0.542515 0.415393
vt 0.542515 0.491942
vt 0.760901 0.609180
vt 0.753632 0.608484
vt 0.760901 0.532631
vt 0.540217 0.282061
vt 0.540217 0.358612
vt 0.533318 0.357984
vt 0.489643 0.549385
vt 0.482368 0.625272
vt 0.482368 0.548758
vt 0.031777 0.298506
vt 0.039079 0.298506
vt 0.039079 0.374703
vt 0.093929 0.691562
vt 0.103446 0.691842
vt 0.093929 0.767797
vt 0.377002 0.593089
vt 0.367524 0.517446
vt 0.377002 0.516541
vt 0.746363 0.607787
vt 0.613778 0.539589
vt 0.606503 0.540216
vt 0.606503 0.463704
vt 0.083105 0.851941
vt 0.107150 0.866645
vt 0.435023 0.574698
vt 0.435023 0.546512
vt 0.448265 0.555782
vt 0.083185 0.294246
vt 0.135629 0.205377
vt 0.135629 0.279303
vt 0.128262 0.207469
vt 0.128946 0.184388
vt 0.105047 0.258437
vt 0.105745 0.280453
vt 0.098086 0.280453
vt 0.154670 0.266660
vt 0.011494 0.131031
vt 0.006884 0.054937
vt 0.011494 0.054658
vt 0.282721 0.089653
vt 0.287339 0.013418
vt 0.287339 0.089653
vt 0.925400 0.328676
vt 0.926634 0.323393
vt 0.949958 0.329260
vt 0.948196 0.334624
vt 0.922908 0.332445
vt 0.642646 0.645595
vt 0.645961 0.647833
vt 0.642646 0.721821
vt 0.748446 0.054831
vt 0.751705 0.131031
vt 0.748440 0.131031
vt 0.546149 0.149282
vt 0.549412 0.073148
vt 0.549412 0.149422
vt 0.926711 0.320754
vt 0.926675 0.317112
vt 0.950597 0.318137
vt 0.950658 0.321461
vt 0.289648 0.089653
vt 0.071231 0.308038
vt 0.071231 0.231846
vt 0.078159 0.308038
vt 0.924560 0.302921
vt 0.922908 0.296684
vt 0.948458 0.299176
vt 0.950352 0.305373
vt 0.926445 0.312022
vt 0.728718 0.124135
vt 0.719481 0.124135
vt 0.719481 0.047898
vt 0.682489 0.604583
vt 0.682489 0.527793
vt 0.691937 0.528974
vt 0.891890 0.986445
vt 0.891903 0.989710
vt 0.868800 0.986537
vt 0.868766 0.978211
vt 0.891856 0.978119
vt 0.301142 0.648260
vt 0.292816 0.648260
vt 0.299860 0.572038
vt 0.943225 0.345619
vt 0.950552 0.346725
vt 0.944706 0.360911
vt 0.268959 0.034570
vt 0.254881 0.052872
vt 0.262060 0.032177
vt 0.267790 0.024573
vt 0.783743 0.848599
vt 0.773046 0.853300
vt 0.775443 0.845879
vt 0.784112 0.840542
vt 0.868831 0.994420
vt 0.891921 0.994328
vt 0.871153 0.997676
vt 0.784053 0.836356
vt 0.776745 0.837940
vt 0.776297 0.831858
vt 0.787290 0.832561
vt 0.868813 0.989802
vt 0.950774 0.324736
vt 0.956298 0.322782
vt 0.466094 0.881928
vt 0.480307 0.880886
vt 0.482201 0.882595
vt 0.467374 0.884283
vt 0.775559 0.829258
vt 0.780485 0.825433
vt 0.790326 0.830317
vt 0.948762 0.314559
vt 0.956009 0.311899
vt 0.868729 0.968975
vt 0.891820 0.961673
vt 0.891932 0.968599
vt 0.859209 0.969013
vt 0.075860 0.128796
vt 0.075860 0.138316
vt 0.068933 0.138316
vt 0.859493 0.961673
vt 0.868729 0.961673
vt 0.614960 0.941285
vt 0.603634 0.936420
vt 0.607432 0.931866
vt 0.615198 0.927333
vt 0.622973 0.956298
vt 0.254881 0.014846
vt 0.477739 0.885132
vt 0.597755 0.930572
vt 0.604630 0.927566
vt 0.952472 0.334126
vt 0.770343 0.840301
vt 0.769946 0.835194
vt 0.956165 0.318415
vt 0.771476 0.160590
vt 0.771476 0.170111
vt 0.768259 0.161149
vt 0.771088 0.129784
vt 0.774693 0.160030
vt 0.774693 0.169551
vt 0.786683 0.820423
vt 0.764599 0.798854
vt 0.079869 0.822968
vt 0.080568 0.790813
vt 0.085055 0.791905
vt 0.226882 0.853543
vt 0.226882 0.885036
vt 0.217671 0.852866
vt 0.227581 0.844047
vt 0.797681 0.824583
vt 0.954904 0.298258
vt 0.149530 0.074632
vt 0.154479 0.064201
vt 0.156318 0.073253
vt 0.156318 0.108043
vt 0.186202 0.533709
vt 0.186202 0.567802
vt 0.176973 0.564518
vt 0.531197 0.933486
vt 0.531197 0.901324
vt 0.540217 0.931497
vt 0.533186 0.942505
vt 0.622973 0.904204
vt 0.497126 0.909383
vt 0.505735 0.930933
vt 0.497126 0.935609
vt 0.029884 0.976987
vt 0.004068 0.972369
vt 0.029884 0.935424
vt 0.764599 0.882737
vt 0.494241 0.914920
vt 0.445966 0.911871
vt 0.438515 0.940207
vt 0.438515 0.910100
vt 0.439021 0.904961
vt 0.343755 0.604092
vt 0.344521 0.595688
vt 0.348341 0.602474
vt 0.417426 0.574124
vt 0.417438 0.568961
vt 0.432598 0.576224
vt 0.417426 0.604583
vt 0.025778 0.254859
vt 0.032183 0.239317
vt 0.032183 0.257499
vt 0.026972 0.262062
vt 0.534567 0.554715
vt 0.527110 0.555891
vt 0.535619 0.547240
vt 0.436771 0.582217
vt 0.963194 0.908618
vt 0.945019 0.924115
vt 0.945019 0.879042
vt 0.501181 0.425277
vt 0.501181 0.390563
vt 0.508033 0.417903
vt 0.212268 0.412773
vt 0.223292 0.414284
vt 0.215436 0.417175
vt 0.209678 0.421002
vt 0.202770 0.417890
vt 0.611479 0.965632
vt 0.604910 0.972523
vt 0.591135 0.957844
vt 0.593762 0.949613
vt 0.582092 0.950667
vt 0.590416 0.981038
vt 0.582092 0.980862
vt 0.494241 0.849391
vt 0.763198 0.290129
vt 0.763198 0.259703
vt 0.767797 0.289779
vt 0.765998 0.296544
vt 0.339038 0.595662
vt 0.339842 0.590621
vt 0.214520 0.841634
vt 0.210781 0.852869
vt 0.207381 0.842824
vt 0.208183 0.836410
vt 0.212728 0.837745
vt 0.225282 0.808940
vt 0.075860 0.172410
vt 0.787198 0.865275
vt 0.792932 0.832153
vt 0.798721 0.868217
vt 0.796129 0.876297
vt 0.785194 0.872956
vt 0.781552 0.864816
vt 0.202484 0.863210
vt 0.205017 0.858116
vt 0.225282 0.889633
vt 0.189314 0.859770
vt 0.196433 0.855976
vt 0.200171 0.851960
vt 0.608144 0.980535
vt 0.590863 0.986182
vt 0.819994 0.881749
vt 0.817170 0.885245
vt 0.809409 0.879131
vt 0.813288 0.875658
vt 0.978188 0.844999
vt 0.976395 0.849014
vt 0.972801 0.845002
vt 0.973696 0.840167
vt 0.979121 0.837125
vt 0.984471 0.842987
vt 0.981781 0.849011
vt 0.980887 0.853846
vt 0.988481 0.853251
vt 0.985170 0.859749
vt 0.256814 0.368944
vt 0.264361 0.370819
vt 0.261789 0.375179
vt 0.254614 0.373682
vt 0.976169 0.855230
vt 0.250725 0.377526
vt 0.249029 0.371729
vt 0.259661 0.379556
vt 0.257132 0.381942
vt 0.249732 0.384203
vt 0.246136 0.378753
vt 0.969799 0.848896
vt 0.728559 0.976622
vt 0.730420 0.972420
vt 0.733821 0.977530
vt 0.731609 0.982166
vt 0.726438 0.982630
vt 0.722006 0.981142
vt 0.724168 0.973569
vt 0.725036 0.969290
vt 0.975488 0.372323
vt 0.977256 0.377069
vt 0.969276 0.376178
vt 0.966788 0.371029
vt 0.974495 0.365109
vt 0.981585 0.371664
vt 0.738352 0.975318
vt 0.740013 0.969290
vt 0.977666 0.359115
vt 0.971700 0.358063
vt 0.975907 0.353481
vt 0.740212 0.981666
vt 0.529429 0.545765
vt 0.519485 0.549139
vt 0.521563 0.540002
vt 0.968213 0.232454
vt 0.960934 0.227878
vt 0.971318 0.224860
vt 0.974689 0.234477
vt 0.206523 0.426910
vt 0.214677 0.428822
vt 0.209421 0.435687
vt 0.201172 0.434755
vt 0.201172 0.426262
vt 0.988481 0.836896
vt 0.082333 0.960378
vt 0.089653 0.963401
vt 0.082755 0.965742
vt 0.076685 0.964420
vt 0.077118 0.959058
vt 0.083539 0.955618
vt 0.988064 0.846999
vt 0.079909 0.951647
vt 0.717625 0.976980
vt 0.206047 0.257465
vt 0.206047 0.250537
vt 0.211489 0.255925
vt 0.824352 0.958620
vt 0.825198 0.962069
vt 0.818098 0.965240
vt 0.968933 0.383525
vt 0.961560 0.388496
vt 0.963090 0.380956
vt 0.219080 0.422720
vt 0.224358 0.422016
vt 0.224613 0.427890
vt 0.974689 0.197356
vt 0.964992 0.220159
vt 0.346532 0.528390
vt 0.358612 0.506814
vt 0.355186 0.532367
vt 0.346911 0.536066
vt 0.256021 0.388988
vt 0.248241 0.390795
vt 0.967146 0.840956
vt 0.967090 0.834359
vt 0.515808 0.542878
vt 0.578158 0.937780
vt 0.577269 0.934587
vt 0.584741 0.933943
vt 0.589414 0.939042
vt 0.970316 0.353422
vt 0.974350 0.347074
vt 0.738356 0.989045
vt 0.723131 0.988544
vt 0.728344 0.988156
vt 0.726956 0.994175
vt 0.719305 0.995800
vt 0.718049 0.987287
vt 0.975483 0.833817
vt 0.087458 0.968355
vt 0.088021 0.974920
vt 0.081433 0.971812
vt 0.979107 0.829832
vt 0.515832 0.565497
vt 0.510840 0.566146
vt 0.514588 0.554104
vt 0.519923 0.559368
vt 0.519314 0.568191
vt 0.351483 0.616077
vt 0.355955 0.600226
vt 0.527359 0.562857
vt 0.535619 0.576997
vt 0.522104 0.568118
vt 0.505792 0.563283
vt 0.900051 0.985985
vt 0.900724 0.975007
vt 0.904629 0.984290
vt 0.511643 0.555143
vt 0.512881 0.549482
vt 0.965584 0.363627
vt 0.961560 0.366502
vt 0.047916 0.973379
vt 0.053862 0.970402
vt 0.054065 0.977408
vt 0.049264 0.978639
vt 0.966245 0.357775
vt 0.310583 0.439070
vt 0.299424 0.426855
vt 0.304654 0.420631
vt 0.309301 0.418850
vt 0.317233 0.437212
vt 0.812650 0.889226
vt 0.808063 0.883414
vt 0.072664 0.953293
vt 0.070181 0.959397
vt 0.573927 0.585992
vt 0.577507 0.591262
vt 0.572962 0.592638
vt 0.567098 0.587715
vt 0.070140 0.946243
vt 0.076970 0.944982
vt 0.962892 0.375358
vt 0.055247 0.965152
vt 0.058333 0.961274
vt 0.061741 0.967788
vt 0.058655 0.971666
vt 0.049839 0.964662
vt 0.506279 0.547816
vt 0.509654 0.544739
vt 0.220641 0.436218
vt 0.227581 0.433615
vt 0.347869 0.402097
vt 0.361497 0.400731
vt 0.355994 0.404485
vt 0.224052 0.443333
vt 0.215685 0.443667
vt 0.211382 0.439945
vt 0.606882 0.958597
vt 0.593991 0.931312
vt 0.366278 0.395440
vt 0.383899 0.371485
vt 0.371680 0.403654
vt 0.358612 0.540217
vt 0.351512 0.540033
vt 0.579789 0.930232
vt 0.587453 0.925373
vt 0.606882 0.903117
vt 0.427644 0.537918
vt 0.420717 0.537918
vt 0.427645 0.506511
vt 0.436771 0.510755
vt 0.339038 0.571935
vt 0.363939 0.566762
vt 0.345163 0.580648
vt 0.339763 0.582356
vt 0.079869 0.783921
vt 0.806263 0.875754
vt 0.801851 0.880503
vt 0.829864 0.971786
vt 0.825639 0.975012
vt 0.816132 0.971056
vt 0.810542 0.965462
vt 0.815140 0.958620
vt 0.077211 0.969303
vt 0.074463 0.973928
vt 0.588491 0.598368
vt 0.584218 0.601334
vt 0.581510 0.597433
vt 0.070140 0.971053
vt 0.523278 0.574405
vt 0.261948 0.382793
vt 0.264361 0.390428
vt 0.049455 0.983591
vt 0.056351 0.982334
vt 0.054812 0.989522
vt 0.047916 0.990780
vt 0.350219 0.594748
vt 0.345869 0.590239
vt 0.352431 0.588028
vt 0.359810 0.594581
vt 0.574470 0.597616
vt 0.731472 0.997676
vt 0.812847 0.983414
vt 0.803144 0.988481
vt 0.805912 0.982481
vt 0.813594 0.977732
vt 0.819664 0.983015
vt 0.317233 0.417707
vt 0.078189 0.979363
vt 0.085052 0.983884
vt 0.584517 0.607698
vt 0.575804 0.613778
vt 0.572104 0.604777
vt 0.578454 0.603022
vt 0.809173 0.971157
vt 0.803779 0.966419
vt 0.066403 0.966103
vt 0.064805 0.972881
vt 0.062356 0.977190
vt 0.366752 0.608386
vt 0.505735 0.426237
vt 0.505735 0.445966
vt 0.500411 0.430021
vt 0.918184 0.975372
vt 0.915716 0.981380
vt 0.913341 0.974398
vt 0.916076 0.967737
vt 0.567098 0.612848
vt 0.978564 0.160350
vt 0.971637 0.128943
vt 0.978564 0.128943
vt 0.989547 0.156106
vt 0.990728 0.162932
vt 0.698139 0.933447
vt 0.705438 0.944644
vt 0.694948 0.937311
vt 0.978564 0.165513
vt 0.971637 0.160350
vt 0.971637 0.165513
vt 0.778236 0.896529
vt 0.777124 0.891488
vt 0.783889 0.889996
vt 0.939826 0.667105
vt 0.948915 0.672267
vt 0.941973 0.673138
vt 0.420717 0.506511
vt 0.793178 0.882156
vt 0.799059 0.887832
vt 0.781552 0.901420
vt 0.990780 0.131267
vt 0.906126 0.974294
vt 0.903826 0.967737
vt 0.910753 0.968290
vt 0.910116 0.981749
vt 0.576281 0.925847
vt 0.549413 0.947933
vt 0.545941 0.940702
vt 0.550104 0.939880
vt 0.554290 0.943358
vt 0.555233 0.951371
vt 0.554379 0.957588
vt 0.589860 0.912762
vt 0.915407 0.992895
vt 0.909868 0.993079
vt 0.819041 0.977184
vt 0.825824 0.980512
vt 0.810793 0.892171
vt 0.822968 0.903123
vt 0.058915 0.020689
vt 0.058915 0.001930
vt 0.062067 0.002783
vt 0.365508 0.029884
vt 0.347572 0.026904
vt 0.357505 0.011851
vt 0.365508 0.008596
vt 0.804392 0.903426
vt 0.363623 0.407478
vt 0.246622 0.887157
vt 0.242470 0.894954
vt 0.240133 0.888020
vt 0.237215 0.879616
vt 0.245858 0.873823
vt 0.250569 0.878424
vt 0.066665 0.979640
vt 0.803475 0.975042
vt 0.939826 0.683998
vt 0.947503 0.683393
vt 0.947457 0.691456
vt 0.943258 0.694158
vt 0.370106 0.576443
vt 0.569750 0.598139
vt 0.822226 0.985318
vt 0.950074 0.696338
vt 0.167209 0.947825
vt 0.172089 0.945190
vt 0.172410 0.954496
vt 0.158404 0.966344
vt 0.950564 0.705583
vt 0.954494 0.705012
vt 0.948192 0.717224
vt 0.493400 0.496447
vt 0.505735 0.508548
vt 0.499189 0.510815
vt 0.493400 0.517229
vt 0.172410 0.974688
vt 0.716722 0.950984
vt 0.719956 0.961314
vt 0.714608 0.956045
vt 0.712264 0.950967
vt 0.714661 0.942389
vt 0.055171 0.022371
vt 0.048476 0.025287
vt 0.048476 0.001513
vt 0.369874 0.415135
vt 0.383899 0.432173
vt 0.545941 0.976105
vt 0.563515 0.962508
vt 0.239937 0.903785
vt 0.250569 0.925407
vt 0.231090 0.910219
vt 0.231076 0.902951
vt 0.236127 0.897412
vt 0.767797 0.815141
vt 0.762807 0.820250
vt 0.757183 0.816325
vt 0.250569 0.037693
vt 0.250569 0.048275
vt 0.244397 0.042228
vt 0.550736 0.930839
vt 0.555770 0.935866
vt 0.921816 0.988188
vt 0.226393 0.895602
vt 0.232106 0.888296
vt 0.419041 0.645176
vt 0.415289 0.637357
vt 0.424837 0.640032
vt 0.427743 0.651269
vt 0.419745 0.652560
vt 0.564448 0.938956
vt 0.562967 0.949010
vt 0.241970 0.872276
vt 0.421617 0.656978
vt 0.426942 0.657455
vt 0.236619 0.867631
vt 0.248917 0.856784
vt 0.754770 0.820992
vt 0.750969 0.815141
vt 0.942689 0.465073
vt 0.949529 0.463755
vt 0.944291 0.472419
vt 0.562597 0.930521
vt 0.562762 0.955067
vt 0.569529 0.950466
vt 0.571768 0.957830
vt 0.101147 0.202263
vt 0.101147 0.209190
vt 0.095984 0.204572
vt 0.799980 0.641180
vt 0.796602 0.645766
vt 0.797121 0.640576
vt 0.170446 0.982428
vt 0.168310 0.987447
vt 0.164162 0.984693
vt 0.163484 0.978432
vt 0.755278 0.841358
vt 0.749693 0.841234
vt 0.751528 0.836323
vt 0.757075 0.834824
vt 0.753151 0.829300
vt 0.745786 0.831646
vt 0.748696 0.821457
vt 0.757882 0.827376
vt 0.762430 0.830098
vt 0.798233 0.655030
vt 0.799980 0.664351
vt 0.793088 0.661071
vt 0.791963 0.651092
vt 0.762634 0.837979
vt 0.981957 0.664840
vt 0.977818 0.659665
vt 0.984435 0.660030
vt 0.988574 0.665205
vt 0.986844 0.669831
vt 0.980860 0.671375
vt 0.976720 0.666200
vt 0.971556 0.664586
vt 0.971841 0.670103
vt 0.348366 0.431789
vt 0.344744 0.435873
vt 0.341799 0.428398
vt 0.346367 0.425410
vt 0.351286 0.426204
vt 0.356313 0.430610
vt 0.356190 0.423807
vt 0.350271 0.419983
vt 0.356313 0.417123
vt 0.978760 0.655957
vt 0.984881 0.653418
vt 0.952393 0.473567
vt 0.958101 0.466855
vt 0.960651 0.476462
vt 0.571217 0.942758
vt 0.576424 0.949960
vt 0.159617 0.986725
vt 0.156492 0.979267
vt 0.159878 0.971988
vt 0.166315 0.973771
vt 0.985576 0.677793
vt 0.429937 0.646098
vt 0.431402 0.653102
vt 0.436771 0.642233
vt 0.976117 0.678144
vt 0.968045 0.676368
vt 0.337408 0.436771
vt 0.993079 0.668201
vt 0.990956 0.675478
vt 0.989672 0.658670
vt 0.080500 0.308038
vt 0.080500 0.297457
vt 0.087354 0.305519
vt 0.090898 0.359694
vt 0.096549 0.364318
vt 0.090898 0.381600
vt 0.740212 0.968186
vt 0.716105 0.964728
vt 0.792459 0.644447
vt 0.171389 0.991948
vt 0.177007 0.995561
vt 0.171522 0.999975
vt 0.165474 0.996370
vt 0.164783 0.990960
vt 0.993079 0.652572
vt 0.612635 0.193099
vt 0.614143 0.186716
vt 0.623827 0.191473
vt 0.157104 0.993302
vt 0.339614 0.423396
vt 0.343452 0.417923
vt 0.954831 0.694619
vt 0.960156 0.700147
vt 0.960190 0.714688
vt 0.956131 0.716992
vt 0.289624 0.202294
vt 0.289624 0.185326
vt 0.296544 0.185640
vt 0.152887 0.972823
vt 0.274751 0.264609
vt 0.277003 0.257018
vt 0.281179 0.262767
vt 0.280477 0.270029
vt 0.274668 0.273624
vt 0.267381 0.272550
vt 0.267596 0.264083
vt 0.742799 0.817056
vt 0.950261 0.454402
vt 0.955993 0.458859
vt 0.784415 0.653636
vt 0.788188 0.664257
vt 0.502543 0.829534
vt 0.506236 0.819690
vt 0.511561 0.829584
vt 0.503199 0.837028
vt 0.348104 0.414973
vt 0.338790 0.416164
vt 0.340481 0.408954
vt 0.353413 0.409630
vt 0.967307 0.471130
vt 0.967875 0.478789
vt 0.579296 0.956779
vt 0.224846 0.905273
vt 0.222221 0.909655
vt 0.216193 0.906573
vt 0.219553 0.898980
vt 0.420845 0.632077
vt 0.417148 0.624391
vt 0.424977 0.625309
vt 0.428122 0.632872
vt 0.435480 0.634007
vt 0.436771 0.628971
vt 0.636691 0.170015
vt 0.633958 0.174290
vt 0.628732 0.168304
vt 0.630800 0.160643
vt 0.639065 0.163049
vt 0.153660 0.990479
vt 0.150504 0.994329
vt 0.284883 0.255188
vt 0.287349 0.259490
vt 0.574678 0.962675
vt 0.971548 0.485045
vt 0.972390 0.478246
vt 0.727449 0.939033
vt 0.735614 0.932301
vt 0.735614 0.963194
vt 0.215384 0.926414
vt 0.578580 0.976987
vt 0.308038 0.172410
vt 0.301953 0.155276
vt 0.308038 0.150626
vt 0.711663 0.978749
vt 0.709864 0.966393
vt 0.709459 0.958197
vt 0.334038 0.431445
vt 0.624340 0.161322
vt 0.622393 0.169331
vt 0.616127 0.164068
vt 0.334634 0.423569
vt 0.625617 0.184328
vt 0.616925 0.178917
vt 0.624562 0.175346
vt 0.630303 0.180777
vt 0.202294 0.390795
vt 0.196638 0.390795
vt 0.202294 0.371202
vt 0.708228 0.952686
vt 0.512261 0.837236
vt 0.517456 0.832445
vt 0.518371 0.841881
vt 0.514075 0.843657
vt 0.156804 0.999975
vt 0.337923 0.098848
vt 0.332084 0.092479
vt 0.337695 0.093196
vt 0.957599 0.448722
vt 0.960965 0.450173
vt 0.961774 0.454564
vt 0.954765 0.452264
vt 0.514616 0.822714
vt 0.519110 0.819690
vt 0.518144 0.827801
vt 0.963673 0.692712
vt 0.969809 0.702752
vt 0.337923 0.076546
vt 0.777124 0.859326
vt 0.894231 0.343354
vt 0.887534 0.367407
vt 0.876764 0.368839
vt 0.966661 0.669978
vt 0.954003 0.681257
vt 0.964319 0.462012
vt 0.967254 0.457330
vt 0.970275 0.464067
vt 0.287349 0.268183
vt 0.287257 0.274831
vt 0.278922 0.278154
vt 0.431056 0.626455
vt 0.428811 0.621580
vt 0.635681 0.179987
vt 0.636633 0.182795
vt 0.618620 0.172248
vt 0.612635 0.171594
vt 0.952062 0.690047
vt 0.961231 0.687176
vt 0.521826 0.833566
vt 0.974688 0.683227
vt 0.901127 0.586192
vt 0.881554 0.586192
vt 0.883527 0.580163
vt 0.899404 0.567790
vt 0.972390 0.441183
vt 0.664760 0.248314
vt 0.631884 0.255166
vt 0.633651 0.247292
vt 0.660745 0.236467
vt 0.667217 0.239018
vt 0.669393 0.250175
vt 0.820263 0.670924
vt 0.822327 0.675871
vt 0.813424 0.669773
vt 0.665752 0.255166
vt 0.812600 0.674801
vt 0.770096 0.930063
vt 0.770096 0.935226
vt 0.763168 0.935226
vt 0.763168 0.930063
vt 0.478149 0.535619
vt 0.471221 0.535619
vt 0.478149 0.504214
vt 0.700168 0.948911
vt 0.703341 0.956688
vt 0.636168 0.235909
vt 0.637257 0.228201
vt 0.704180 0.964237
vt 0.694948 0.979286
vt 0.165482 0.448265
vt 0.165482 0.428672
vt 0.172410 0.431938
vt 0.638363 0.221198
vt 0.641965 0.208662
vt 0.659095 0.220722
vt 0.658619 0.228392
vt 0.218189 0.956824
vt 0.210612 0.959013
vt 0.208323 0.953118
vt 0.215900 0.950929
vt 0.220923 0.949732
vt 0.230565 0.950315
vt 0.239075 0.974689
vt 0.653420 0.926560
vt 0.668665 0.952604
vt 0.659327 0.952260
vt 0.696534 0.949556
vt 0.684808 0.959810
vt 0.673118 0.962125
vt 0.666506 0.963819
vt 0.659406 0.960442
vt 0.659998 0.968847
vt 0.670334 0.969667
vt 0.662821 0.976987
vt 0.946414 0.865702
vt 0.953523 0.860522
vt 0.952805 0.869633
vt 0.653420 0.974429
vt 0.654008 0.970080
vt 0.961783 0.864866
vt 0.956447 0.875080
vt 0.950613 0.875129
vt 0.949179 0.871219
vt 0.882185 0.373996
vt 0.875279 0.375283
vt 0.868025 0.374862
vt 0.857748 0.363709
vt 0.663411 0.225477
vt 0.663704 0.230015
vt 0.891657 0.564712
vt 0.884734 0.562046
vt 0.971684 0.876890
vt 0.972014 0.871540
vt 0.975999 0.874566
vt 0.977497 0.882804
vt 0.968244 0.880722
vt 0.201010 0.950164
vt 0.207309 0.949611
vt 0.203187 0.956807
vt 0.647270 0.207272
vt 0.959260 0.896529
vt 0.963112 0.873306
vt 0.671358 0.206194
vt 0.667897 0.219661
vt 0.683514 0.964550
vt 0.678816 0.969827
vt 0.988017 0.862203
vt 0.983242 0.867343
vt 0.980207 0.862254
vt 0.041398 0.606323
vt 0.044939 0.611897
vt 0.038424 0.610820
vt 0.036477 0.606301
vt 0.037485 0.601005
vt 0.044424 0.600455
vt 0.988240 0.870177
vt 0.983477 0.875778
vt 0.990372 0.879259
vt 0.983932 0.883901
vt 0.976257 0.868458
vt 0.973285 0.861906
vt 0.538332 0.976133
vt 0.532080 0.976458
vt 0.536005 0.971582
vt 0.823989 0.462657
vt 0.829730 0.465422
vt 0.823562 0.469675
vt 0.819169 0.467645
vt 0.815908 0.463615
vt 0.820463 0.457593
vt 0.536491 0.980901
vt 0.530061 0.982384
vt 0.532103 0.988301
vt 0.525185 0.988481
vt 0.522322 0.977304
vt 0.526542 0.974419
vt 0.529456 0.970775
vt 0.526313 0.967327
vt 0.530730 0.965826
vt 0.212680 0.941581
vt 0.220579 0.944580
vt 0.037660 0.594404
vt 0.030191 0.600716
vt 0.915630 0.961768
vt 0.915186 0.956233
vt 0.920717 0.956717
vt 0.924009 0.963085
vt 0.919229 0.970091
vt 0.045976 0.591514
vt 0.812601 0.455849
vt 0.972390 0.858428
vt 0.966400 0.864469
vt 0.962818 0.857927
vt 0.971345 0.851147
vt 0.950073 0.175407
vt 0.959869 0.172472
vt 0.956311 0.180957
vt 0.948986 0.182013
vt 0.538360 0.988481
vt 0.035298 0.614621
vt 0.039461 0.618046
vt 0.033550 0.620989
vt 0.029502 0.608456
vt 0.910746 0.952898
vt 0.911238 0.944431
vt 0.916695 0.949602
vt 0.968907 0.887309
vt 0.964601 0.092609
vt 0.959102 0.094250
vt 0.958862 0.086314
vt 0.965493 0.085188
vt 0.217033 0.936104
vt 0.045976 0.619122
vt 0.040498 0.625272
vt 0.814520 0.467232
vt 0.817736 0.473966
vt 0.536892 0.964718
vt 0.533671 0.958593
vt 0.542515 0.958207
vt 0.829864 0.472900
vt 0.819713 0.477786
vt 0.677046 0.976135
vt 0.684984 0.976319
vt 0.175228 0.971252
vt 0.175228 0.964355
vt 0.184468 0.966102
vt 0.185955 0.974688
vt 0.952649 0.851218
vt 0.946414 0.852659
vt 0.228056 0.943220
vt 0.226563 0.938277
vt 0.234374 0.941192
vt 0.946166 0.193245
vt 0.949353 0.189405
vt 0.953193 0.192591
vt 0.951672 0.199111
vt 0.519392 0.967402
vt 0.960023 0.077788
vt 0.219345 0.926016
vt 0.225149 0.932485
vt 0.982826 0.887079
vt 0.955496 0.089942
vt 0.947159 0.084646
vt 0.949524 0.078893
vt 0.928208 0.956073
vt 0.189487 0.022988
vt 0.182210 0.020703
vt 0.185822 0.015073
vt 0.193099 0.017358
vt 0.928713 0.968495
vt 0.993079 0.887334
vt 0.954578 0.187798
vt 0.962316 0.184663
vt 0.960952 0.190826
vt 0.959704 0.218385
vt 0.957162 0.209265
vt 0.965305 0.213548
vt 0.827919 0.962409
vt 0.827972 0.955240
vt 0.844609 0.962265
vt 0.845956 0.967792
vt 0.812601 0.494241
vt 0.428496 0.967002
vt 0.430821 0.969657
vt 0.422468 0.986182
vt 0.858414 0.395826
vt 0.870829 0.386935
vt 0.875461 0.391303
vt 0.229455 0.289648
vt 0.229455 0.272215
vt 0.237758 0.289035
vt 0.422468 0.958261
vt 0.435011 0.956985
vt 0.439070 0.963263
vt 0.878696 0.579555
vt 0.868029 0.381838
vt 0.872543 0.379452
vt 0.876120 0.383138
vt 0.953220 0.203855
vt 0.946166 0.204057
vt 0.959858 0.197621
vt 0.964271 0.203127
vt 0.526043 0.960734
vt 0.686624 0.969772
vt 0.690792 0.964958
vt 0.692991 0.973921
vt 0.920260 0.945346
vt 0.925115 0.950620
vt 0.193527 0.970565
vt 0.192509 0.963570
vt 0.990780 0.175071
vt 0.988424 0.183140
vt 0.983011 0.179361
vt 0.981158 0.173556
vt 0.985047 0.165713
vt 0.236776 0.609180
vt 0.226649 0.584443
vt 0.236776 0.581376
vt 0.832947 0.778950
vt 0.812600 0.782739
vt 0.825472 0.739681
vt 0.836365 0.738811
vt 0.837232 0.776721
vt 0.239075 0.936961
vt 0.237293 0.943385
vt 0.914703 0.937831
vt 0.926404 0.939955
vt 0.928681 0.946363
vt 0.980175 0.178331
vt 0.975441 0.174034
vt 0.977953 0.169257
vt 0.176680 0.022988
vt 0.174526 0.018276
vt 0.179114 0.017127
vt 0.970405 0.170610
vt 0.970841 0.176788
vt 0.965493 0.194008
vt 0.241373 0.285350
vt 0.182499 0.000075
vt 0.192037 0.002320
vt 0.185120 0.005855
vt 0.171082 0.012219
vt 0.924471 0.927902
vt 0.981414 0.190800
vt 0.970405 0.187333
vt 0.975393 0.183121
vt 0.984049 0.184716
vt 0.823527 0.951705
vt 0.829916 0.950892
vt 0.181141 0.012854
vt 0.187231 0.010087
vt 0.192244 0.012248
vt 0.184129 0.959938
vt 0.175237 0.957489
vt 0.193713 0.932423
vt 0.191908 0.959517
vt 0.667583 0.226316
vt 0.671668 0.221422
vt 0.673546 0.227892
vt 0.668315 0.230450
vt 0.672887 0.239195
vt 0.959812 0.071972
vt 0.965493 0.074235
vt 0.950660 0.074830
vt 0.951191 0.070804
vt 0.948930 0.046160
vt 0.866684 0.507076
vt 0.882804 0.533048
vt 0.870224 0.532527
vt 0.857012 0.506274
vt 0.238831 0.928533
vt 0.192776 0.008623
vt 0.946101 0.072341
vt 0.756241 0.972531
vt 0.744688 0.967384
vt 0.751623 0.935224
vt 0.889613 0.371596
vt 0.885534 0.382042
vt 0.879133 0.379900
vt 0.881087 0.389131
vt 0.953366 0.327083
vt 0.963194 0.362547
vt 0.955923 0.363209
vt 0.056333 0.950360
vt 0.034803 0.979286
vt 0.036593 0.951564
vt 0.037624 0.946528
vt 0.057364 0.945323
vt 0.068051 0.950661
vt 0.963194 0.320600
vt 0.519415 0.856937
vt 0.529882 0.826401
vt 0.527548 0.855383
vt 0.530750 0.862612
vt 0.519049 0.863826
vt 0.514691 0.861287
vt 0.502901 0.841471
vt 0.835072 0.733482
vt 0.846120 0.737486
vt 0.539719 0.853434
vt 0.195397 0.963098
vt 0.824660 0.948215
vt 0.975836 0.177657
vt 0.743520 0.933310
vt 0.857012 0.588491
vt 0.868871 0.556562
vt 0.878502 0.557521
vt 0.884041 0.557367
vt 0.894231 0.425277
vt 0.882225 0.550559
vt 0.886789 0.548108
vt 0.910322 0.568567
vt 0.974689 0.924115
vt 0.960558 0.897530
vt 0.974689 0.886811
vt 0.845956 0.923373
vt 0.511514 0.879356
vt 0.487350 0.876942
vt 0.510189 0.867903
vt 0.516373 0.875554
vt 0.516770 0.883331
vt 0.498636 0.906120
vt 0.530583 0.875386
vt 0.530461 0.882006
vt 0.540216 0.908023
vt 0.284616 0.673526
vt 0.289648 0.709168
vt 0.284616 0.710327
vt 0.177318 0.011041
vt 0.063970 0.294246
vt 0.063970 0.261754
vt 0.068964 0.263067
vt 0.515963 0.867587
vt 0.882556 0.543075
vt 0.885201 0.538699
vt 0.901984 0.527604
vt 0.505353 0.000703
vt 0.510332 0.031799
vt 0.505353 0.034482
vt 0.826304 0.714499
vt 0.837881 0.714753
vt 0.836589 0.720615
vt 0.826705 0.724067
vt 0.818412 0.715452
vt 0.055171 0.000912
vt 0.055171 0.011494
vt 0.050664 0.003432
vt 0.058010 0.928191
vt 0.059922 0.932963
vt 0.051718 0.933740
vt 0.047395 0.930130
vt 0.765514 0.974689
vt 0.835058 0.674871
vt 0.847962 0.706066
vt 0.537956 0.879158
vt 0.847460 0.715266
vt 0.841277 0.669501
vt 0.880804 0.539482
vt 0.870518 0.537917
vt 0.531032 0.868925
vt 0.870154 0.543742
vt 0.869875 0.549650
vt 0.037558 0.941388
vt 0.037396 0.936249
vt 0.055173 0.940136
vt 0.068964 0.940424
vt 0.836354 0.728096
vt 0.823887 0.731762
vt 0.848255 0.725800
vt 0.540216 0.863600
vt 0.034803 0.930286
vt 0.539161 0.873571
vt 0.825997 0.735145
vt 0.819137 0.737664
vt 0.821154 0.724167
vt 0.877783 0.301950
vt 0.887304 0.301867
vt 0.877783 0.358612
vt 0.896283 0.304028
vt 0.904722 0.308435
vt 0.912621 0.315087
vt 0.351715 0.085055
vt 0.343601 0.073841
vt 0.351715 0.052591
vt 0.193099 0.443667
vt 0.171650 0.428508
vt 0.979286 0.946824
vt 0.934526 0.981585
vt 0.971903 0.939604
vt 0.963814 0.934584
vt 0.953526 0.928857
vt 0.944026 0.928233
vt 0.934526 0.927610
vt 0.960896 0.481644
vt 0.960896 0.535619
vt 0.950690 0.483219
vt 0.940484 0.484794
vt 0.931772 0.489273
vt 0.949402 0.420679
vt 0.937874 0.366585
vt 0.949402 0.365942
vt 0.487344 0.941848
vt 0.478924 0.947827
vt 0.454178 0.897586
vt 0.470150 0.951523
vt 0.463305 0.952585
vt 0.454178 0.953999
vt 0.937611 0.001860
vt 0.947103 0.001120
vt 0.947103 0.057470
vt 0.922318 0.540319
vt 0.932411 0.538012
vt 0.942505 0.593089
vt 0.942505 0.535707
vt 0.949402 0.668949
vt 0.929668 0.615067
vt 0.941171 0.613773
vt 0.949402 0.612381
vt 0.528723 0.900056
vt 0.528723 0.956298
vt 0.516978 0.901788
vt 0.508210 0.904927
vt 0.499692 0.908691
vt 0.774693 0.858874
vt 0.039079 0.921788
vt 0.002280 0.960896
vt 0.030610 0.913608
vt 0.022871 0.910540
vt 0.013817 0.905573
vt 0.002280 0.905133
vt 0.933878 0.482747
vt 0.943939 0.428412
vt 0.953999 0.430741
vt 0.933878 0.426085
s 1
usemtl Material.001
f 1/1/1 2/2/2 3/3/3
f 1/1/1 3/3/3 4/4/4
f 1/1/1 4/4/4 5/5/5
f 1/1/1 5/5/5 6/6/6
f 1/1/1 6/6/6 7/7/7
f 1/1/1 7/7/7 8/8/8
f 1/1/1 8/8/8 2/2/2
f 9/9/9 2/2/2 8/8/8
f 9/9/9 8/8/8 10/10/10
f 9/11/9 10/12/10 11/13/11
f 9/11/9 11/13/11 12/14/12
f 9/11/9 12/14/12 13/15/13
f 9/9/9 13/16/13 2/2/2
f 14/17/14 2/2/2 13/16/13
f 14/18/14 13/15/13 12/14/12
f 14/18/14 12/14/12 15/19/15
f 14/17/14 15/20/15 16/21/16
f 14/17/14 16/21/16 3/3/3
f 14/17/14 3/3/3 2/2/2
f 7/7/7 6/6/6 17/22/17
f 7/7/7 17/22/17 18/23/18
f 7/7/7 18/23/18 10/10/10
f 7/7/7 10/10/10 8/8/8
f 16/24/16 15/25/15 19/26/19
f 16/24/16 19/26/19 20/27/20
f 16/24/16 20/27/20 21/28/21
f 16/21/16 21/29/21 4/4/4
f 16/21/16 4/4/4 3/3/3
f 22/30/22 4/4/4 21/29/21
f 22/31/22 21/28/21 20/27/20
f 22/31/22 20/27/20 23/32/23
f 22/30/22 23/33/23 24/34/24
f 22/30/22 24/34/24 5/5/5
f 22/30/22 5/5/5 4/4/4
f 24/35/24 23/36/23 25/37/25
f 24/35/24 25/37/25 26/38/26
f 24/35/24 26/38/26 17/39/17
f 24/34/24 17/22/17 6/6/6
f 24/34/24 6/6/6 5/5/5
f 27/40/27 28/41/28 29/42/29
f 27/40/27 29/42/29 30/43/30
f 27/40/27 30/43/30 31/44/31
f 27/40/27 31/44/31 32/45/32
f 27/40/27 32/45/32 33/46/33
f 27/40/27 33/46/33 34/47/34
f 27/40/27 34/47/34 35/48/35
f 27/40/27 35/48/35 28/41/28
f 36/49/36 28/41/28 35/48/35
f 36/49/36 35/48/35 37/50/37
f 36/51/36 37/52/37 38/53/38
f 36/49/36 38/54/38 39/55/39
f 36/49/36 39/55/39 28/41/28
f 40/56/40 28/41/28 39/55/39
f 40/56/40 39/55/39 41/57/41
f 40/56/40 41/57/41 42/58/42
f 40/56/40 42/58/42 43/59/43
f 40/56/40 43/59/43 44/60/44
f 40/56/40 44/60/44 30/43/30
f 40/56/40 30/43/30 29/42/29
f 40/56/40 29/42/29 28/41/28
f 45/61/45 30/43/30 44/60/44
f 45/61/45 44/60/44 46/62/46
f 45/63/45 46/64/46 47/65/47
f 45/61/45 47/66/47 31/44/31
f 45/61/45 31/44/31 30/43/30
f 37/52/37 35/67/35 34/68/34
f 37/52/37 34/68/34 48/69/48
f 37/52/37 48/69/48 49/70/49
f 37/52/37 49/70/49 38/53/38
f 47/65/47 46/64/46 50/71/50
f 47/72/47 50/73/50 51/74/51
f 47/72/47 51/74/51 32/75/32
f 47/66/47 32/45/32 31/44/31
f 48/69/48 34/68/34 33/76/33
f 48/69/48 33/76/33 52/77/52
f 48/69/48 52/77/52 53/78/52
f 48/69/48 53/78/52 54/79/53
f 48/69/48 54/79/53 49/70/49
f 51/74/51 50/73/50 55/80/54
f 51/74/51 55/80/54 53/78/52
f 51/74/51 53/78/52 52/77/52
f 51/74/51 52/77/52 33/76/33
f 51/74/51 33/76/33 32/75/32
f 56/81/55 10/10/10 18/23/18
f 56/82/55 18/83/18 57/84/56
f 56/85/55 57/86/56 58/87/57
f 56/85/55 58/87/57 59/88/58
f 56/85/55 59/88/58 11/13/11
f 56/85/55 11/13/11 10/12/10
f 57/84/56 18/83/18 17/39/17
f 57/84/56 17/39/17 26/38/26
f 57/84/56 26/38/26 60/89/59
f 57/84/56 60/89/59 58/90/57
f 38/53/38 49/70/49 61/91/60
f 38/53/38 61/91/60 62/92/61
f 38/54/38 62/93/61 41/57/41
f 38/54/38 41/57/41 39/55/39
f 43/59/43 42/58/42 63/94/62
f 43/95/43 63/96/62 64/97/63
f 43/95/43 64/97/63 46/64/46
f 43/95/43 46/64/46 44/98/44
f 59/88/58 58/87/57 65/99/64
f 59/88/58 65/99/64 66/100/65
f 59/88/58 66/100/65 12/14/12
f 59/88/58 12/14/12 11/13/11
f 66/100/65 65/99/64 67/101/27
f 66/102/65 67/103/27 68/104/66
f 66/100/65 68/105/66 15/19/15
f 66/100/65 15/19/15 12/14/12
f 68/104/66 67/103/27 69/106/67
f 68/104/66 69/106/67 19/26/19
f 68/104/66 19/26/19 15/25/15
f 69/106/67 67/103/27 70/107/68
f 69/106/67 70/107/68 20/27/20
f 69/106/67 20/27/20 19/26/19
f 70/107/68 67/103/27 71/108/27
f 70/107/68 71/108/27 72/109/69
f 70/107/68 72/109/69 23/32/23
f 70/107/68 23/32/23 20/27/20
f 73/110/70 26/38/26 25/37/25
f 73/110/70 25/37/25 74/111/71
f 73/112/70 74/113/71 75/114/72
f 73/115/70 75/116/72 62/117/61
f 73/118/70 62/119/61 60/120/59
f 73/110/70 60/89/59 26/38/26
f 72/109/69 71/108/27 64/121/63
f 72/109/69 64/121/63 63/122/62
f 72/123/69 63/124/62 74/125/71
f 72/126/69 74/111/71 25/37/25
f 72/126/69 25/37/25 23/36/23
f 75/127/72 74/128/71 76/129/73
f 75/130/72 76/131/73 42/58/42
f 75/130/72 42/58/42 41/57/41
f 75/130/72 41/57/41 62/93/61
f 76/129/73 74/128/71 63/132/62
f 76/131/73 63/94/62 42/58/42
f 77/133/74 46/64/46 64/97/63
f 77/133/74 64/97/63 71/134/27
f 77/133/74 71/134/27 78/135/75
f 77/133/74 78/135/75 50/71/50
f 77/133/74 50/71/50 46/64/46
f 79/136/76 49/70/49 54/79/53
f 79/136/76 54/79/53 80/137/33
f 79/138/76 80/139/33 71/134/27
f 79/140/76 71/141/27 81/142/77
f 79/140/76 81/142/77 61/143/60
f 79/136/76 61/91/60 49/70/49
f 78/135/75 71/134/27 80/139/33
f 78/144/75 80/137/33 55/80/54
f 78/135/75 55/145/54 50/71/50
f 53/78/52 55/80/54 80/137/33
f 53/78/52 80/137/33 54/79/53
f 65/99/64 58/87/57 60/146/59
f 65/147/64 60/148/59 81/149/77
f 65/150/64 81/151/77 82/152/78
f 65/153/64 82/154/78 83/155/79
f 65/153/64 83/155/79 84/156/80
f 65/99/64 84/157/80 85/158/81
f 65/99/64 85/158/81 67/101/27
f 86/159/82 85/160/81 87/161/83
f 86/159/82 87/161/83 88/162/84
f 86/159/82 88/162/84 89/163/85
f 86/164/82 89/165/85 90/166/86
f 86/167/82 90/168/86 67/103/27
f 86/159/82 67/169/27 85/160/81
f 91/170/87 85/158/81 84/157/80
f 91/170/87 84/157/80 92/171/88
f 91/172/87 92/173/88 93/174/89
f 91/175/87 93/176/89 94/177/90
f 91/175/87 94/177/90 87/161/83
f 91/175/87 87/161/83 85/160/81
f 90/166/86 89/165/85 95/178/91
f 90/179/86 95/180/91 96/181/92
f 90/179/86 96/181/92 71/182/27
f 90/168/86 71/108/27 67/103/27
f 81/183/77 60/184/59 62/185/61
f 81/142/77 62/186/61 61/143/60
f 96/181/92 95/180/91 97/187/93
f 96/188/92 97/189/93 98/190/94
f 96/188/92 98/190/94 81/142/77
f 96/188/92 81/142/77 71/141/27
f 98/190/94 97/189/93 99/191/95
f 98/192/94 99/193/95 100/194/96
f 98/192/94 100/194/96 82/152/78
f 98/192/94 82/152/78 81/151/77
f 101/195/97 84/156/80 83/155/79
f 101/196/97 83/197/79 102/198/98
f 101/196/97 102/198/98 103/199/99
f 101/196/97 103/199/99 104/200/100
f 101/195/97 104/201/100 92/202/88
f 101/195/97 92/202/88 84/156/80
f 105/203/101 87/161/83 94/177/90
f 105/203/101 94/177/90 106/204/102
f 105/203/101 106/204/102 93/176/89
f 105/205/101 93/206/89 107/207/103
f 105/203/101 107/208/103 88/162/84
f 105/203/101 88/162/84 87/161/83
f 108/209/104 95/178/91 89/165/85
f 108/210/104 89/211/85 109/212/105
f 108/210/104 109/212/105 110/213/106
f 108/210/104 110/213/106 111/214/107
f 108/210/104 111/214/107 112/215/108
f 108/209/104 112/216/108 95/178/91
f 97/187/93 95/180/91 112/217/108
f 97/218/93 112/215/108 110/213/106
f 97/219/93 110/220/106 113/221/109
f 97/189/93 113/222/109 99/191/95
f 93/223/89 92/224/88 104/225/100
f 93/223/89 104/225/100 103/226/99
f 93/227/89 103/228/99 114/229/110
f 93/206/89 114/230/110 107/207/103
f 106/204/102 94/177/90 93/176/89
f 115/231/111 83/232/79 82/233/78
f 115/231/111 82/233/78 100/234/96
f 115/231/111 100/234/96 116/235/112
f 115/236/111 116/237/112 117/238/113
f 115/236/111 117/238/113 118/239/114
f 115/236/111 118/239/114 119/240/115
f 115/241/111 119/242/115 120/243/111
f 115/241/111 120/243/111 83/197/79
f 102/198/98 83/197/79 120/243/111
f 102/198/98 120/243/111 121/244/116
f 102/198/98 121/244/116 122/245/117
f 102/198/98 122/245/117 103/199/99
f 123/246/118 88/247/84 107/207/103
f 123/246/118 107/207/103 124/248/119
f 123/246/118 124/248/119 125/249/120
f 123/246/118 125/249/120 126/250/121
f 123/246/118 126/250/121 88/247/84
f 126/251/121 125/252/120 127/253/122
f 126/251/121 127/253/122 128/254/123
f 126/251/121 128/254/123 109/255/105
f 126/256/121 109/212/105 89/211/85
f 126/256/121 89/211/85 88/257/84
f 113/258/109 110/259/106 129/260/124
f 113/261/109 129/262/124 116/235/112
f 113/261/109 116/235/112 100/234/96
f 113/263/109 100/194/96 99/193/95
f 110/213/106 112/215/108 111/214/107
f 114/264/110 103/265/99 122/266/117
f 114/267/110 122/268/117 130/269/125
f 114/230/110 130/270/125 124/248/119
f 114/230/110 124/248/119 107/207/103
f 119/242/115 118/271/114 131/272/126
f 119/242/115 131/272/126 132/273/127
f 119/242/115 132/273/127 121/244/116
f 119/242/115 121/244/116 120/243/111
f 133/274/128 116/237/112 129/275/124
f 133/276/128 129/277/124 110/278/106
f 133/279/128 110/280/106 134/281/129
f 133/282/128 134/283/129 135/284/130
f 133/274/128 135/285/130 117/238/113
f 133/274/128 117/238/113 116/237/112
f 128/254/123 127/253/122 136/286/131
f 128/254/123 136/286/131 137/287/132
f 128/254/123 137/287/132 134/288/129
f 128/254/123 134/288/129 109/255/105
f 134/288/129 110/289/106 109/255/105
f 138/290/133 121/291/116 132/292/127
f 138/290/133 132/292/127 139/293/134
f 138/294/133 139/295/134 140/296/135
f 138/297/133 140/298/135 130/299/125
f 138/300/133 130/301/125 122/302/117
f 138/290/133 122/303/117 121/291/116
f 141/304/136 125/249/120 124/248/119
f 141/304/136 124/248/119 130/270/125
f 141/304/136 130/270/125 140/305/135
f 141/304/136 140/305/135 142/306/137
f 141/304/136 142/306/137 143/307/138
f 141/308/136 143/309/138 125/310/120
f 143/307/138 142/306/137 144/311/139
f 143/312/138 144/313/139 145/314/140
f 143/315/138 145/316/140 127/317/122
f 143/309/138 127/318/122 125/310/120
f 146/319/141 118/239/114 117/238/113
f 146/319/141 117/238/113 135/285/130
f 146/320/141 135/321/130 147/322/142
f 146/320/141 147/322/142 148/323/143
f 146/320/141 148/323/143 149/324/144
f 146/319/141 149/325/144 118/239/114
f 149/324/144 148/323/143 150/326/145
f 149/324/144 150/326/145 151/327/146
f 149/328/144 151/329/146 131/330/126
f 149/325/144 131/331/126 118/239/114
f 145/332/140 144/333/139 152/334/147
f 145/332/140 152/334/147 153/335/148
f 145/332/140 153/335/148 136/336/131
f 145/316/140 136/337/131 127/317/122
f 137/287/132 136/286/131 154/338/149
f 137/339/132 154/340/149 135/341/130
f 137/339/132 135/341/130 134/342/129
f 155/343/150 131/330/126 151/329/146
f 155/343/150 151/329/146 156/344/151
f 155/345/150 156/346/151 157/347/152
f 155/343/150 157/348/152 139/293/134
f 155/343/150 139/293/134 132/292/127
f 155/343/150 132/292/127 131/330/126
f 154/349/149 136/336/131 153/335/148
f 154/349/149 153/335/148 158/350/153
f 154/351/149 158/352/153 159/353/154
f 154/354/149 159/355/154 147/356/142
f 154/354/149 147/356/142 135/357/130
f 160/358/155 151/359/146 150/360/145
f 160/361/155 150/362/145 161/363/156
f 160/361/155 161/363/156 162/364/157
f 160/365/155 162/366/157 163/367/158
f 160/365/155 163/367/158 156/346/151
f 160/365/155 156/346/151 151/368/146
f 164/369/159 150/362/145 148/370/143
f 164/369/159 148/370/143 159/371/154
f 164/369/159 159/371/154 165/372/160
f 164/369/159 165/372/160 162/364/157
f 164/369/159 162/364/157 161/363/156
f 164/369/159 161/363/156 150/362/145
f 159/371/154 148/370/143 147/373/142
f 157/347/152 156/346/151 166/374/161
f 157/347/152 166/374/161 167/375/162
f 157/376/152 167/377/162 168/378/163
f 157/379/152 168/380/163 140/381/135
f 157/382/152 140/296/135 139/295/134
f 169/383/164 144/311/139 142/306/137
f 169/383/164 142/306/137 168/384/163
f 169/385/164 168/386/163 170/387/165
f 169/388/164 170/389/165 171/390/166
f 169/388/164 171/390/166 172/391/167
f 169/383/164 172/392/167 144/311/139
f 173/393/168 144/394/139 172/395/167
f 173/396/168 172/397/167 174/398/169
f 173/399/168 174/400/169 175/401/170
f 173/399/168 175/401/170 176/402/171
f 173/399/168 176/402/171 177/403/172
f 173/399/168 177/403/172 178/404/173
f 173/399/168 178/404/173 152/405/147
f 173/406/168 152/334/147 144/333/139
f 178/404/173 177/403/172 179/407/174
f 178/404/173 179/407/174 158/408/153
f 178/404/173 158/408/153 153/409/148
f 178/410/173 153/335/148 152/334/147
f 168/384/163 142/306/137 140/305/135
f 163/411/158 162/412/157 180/413/175
f 163/414/158 180/415/175 181/416/175
f 163/367/158 181/417/175 166/374/161
f 163/367/158 166/374/161 156/346/151
f 182/418/176 159/419/154 158/420/153
f 182/421/176 158/422/153 183/423/177
f 182/424/176 183/425/177 184/426/178
f 182/427/176 184/428/178 185/429/179
f 182/427/176 185/429/179 165/430/160
f 182/431/176 165/372/160 159/371/154
f 186/432/180 172/397/167 187/433/181
f 186/434/180 187/435/181 188/436/182
f 186/434/180 188/436/182 189/437/183
f 186/432/180 189/438/183 174/398/169
f 186/432/180 174/398/169 172/397/167
f 171/390/166 170/389/165 190/439/184
f 171/390/166 190/439/184 191/440/185
f 171/441/166 191/442/185 187/435/181
f 171/390/166 187/443/181 172/391/167
f 192/444/186 168/445/163 167/446/162
f 192/447/186 167/448/162 193/449/187
f 192/450/186 193/451/187 194/452/188
f 192/453/186 194/454/188 195/455/189
f 192/453/186 195/455/189 170/387/165
f 192/453/186 170/387/165 168/386/163
f 179/407/174 177/403/172 196/456/190
f 179/407/174 196/456/190 197/457/191
f 179/407/174 197/457/191 183/458/177
f 179/407/174 183/458/177 158/408/153
f 198/459/192 174/398/169 189/438/183
f 198/460/192 189/437/183 199/461/193
f 198/460/192 199/461/193 200/462/194
f 198/460/192 200/462/194 201/463/195
f 198/460/192 201/463/195 202/464/196
f 198/460/192 202/464/196 174/465/169
f 202/464/196 201/463/195 203/466/197
f 202/467/196 203/468/197 176/402/171
f 202/467/196 176/402/171 175/401/170
f 202/464/196 175/469/170 174/465/169
f 204/470/198 166/374/161 181/417/175
f 204/471/198 181/472/175 205/473/199
f 204/471/198 205/473/199 206/474/200
f 204/471/198 206/474/200 193/475/187
f 204/470/198 193/476/187 167/375/162
f 204/470/198 167/375/162 166/374/161
f 207/477/201 189/437/183 188/436/182
f 207/477/201 188/436/182 208/478/202
f 207/477/201 208/478/202 209/479/203
f 207/477/201 209/479/203 210/480/204
f 207/477/201 210/480/204 199/461/193
f 207/477/201 199/461/193 189/437/183
f 211/481/205 199/461/193 210/480/204
f 211/481/205 210/480/204 212/482/206
f 211/481/205 212/482/206 213/483/207
f 211/481/205 213/483/207 214/484/208
f 211/481/205 214/484/208 201/463/195
f 211/481/205 201/463/195 200/462/194
f 211/481/205 200/462/194 199/461/193
f 203/466/197 201/463/195 214/484/208
f 203/468/197 214/485/208 215/486/209
f 203/468/197 215/486/209 216/487/210
f 203/468/197 216/487/210 176/402/171
f 180/413/175 162/412/157 165/430/160
f 180/413/175 165/430/160 185/429/179
f 180/488/175 185/489/179 217/490/211
f 180/488/175 217/490/211 181/491/175
f 191/440/185 190/439/184 218/492/212
f 191/493/185 218/494/212 208/495/202
f 191/442/185 208/478/202 188/436/182
f 191/442/185 188/436/182 187/435/181
f 195/455/189 194/454/188 219/496/213
f 195/455/189 219/496/213 220/497/214
f 195/455/189 220/497/214 190/498/184
f 195/499/189 190/439/184 170/389/165
f 213/500/207 212/501/206 221/502/215
f 213/500/207 221/502/215 215/486/209
f 213/500/207 215/486/209 214/485/208
f 216/487/210 215/486/209 221/502/215
f 216/487/210 221/502/215 222/503/216
f 216/487/210 222/503/216 196/456/190
f 216/487/210 196/456/190 177/403/172
f 216/487/210 177/403/172 176/402/171
f 223/504/217 209/505/203 208/495/202
f 223/504/217 208/495/202 224/506/218
f 223/504/217 224/506/218 225/507/219
f 223/504/217 225/507/219 210/508/204
f 223/509/217 210/480/204 209/479/203
f 225/507/219 224/506/218 226/510/220
f 225/507/219 226/510/220 227/511/221
f 225/507/219 227/511/221 212/512/206
f 225/507/219 212/512/206 210/508/204
f 228/513/222 183/458/177 197/457/191
f 228/513/222 197/457/191 229/514/223
f 228/515/222 229/516/223 230/517/224
f 228/518/222 230/519/224 231/520/225
f 228/521/222 231/522/225 184/523/178
f 228/524/222 184/525/178 183/526/177
f 218/494/212 190/527/184 232/528/226
f 218/494/212 232/528/226 224/506/218
f 218/494/212 224/506/218 208/495/202
f 217/490/211 185/489/179 233/529/227
f 217/530/211 233/531/227 234/532/228
f 217/530/211 234/532/228 205/533/199
f 217/534/211 205/473/199 181/472/175
f 227/511/221 226/510/220 235/535/229
f 227/511/221 235/535/229 222/536/216
f 227/537/221 222/503/216 221/502/215
f 227/511/221 221/538/215 212/512/206
f 233/529/227 185/489/179 184/539/178
f 233/529/227 184/539/178 231/540/225
f 233/531/227 231/541/225 236/542/230
f 233/531/227 236/542/230 234/532/228
f 237/543/231 193/475/187 206/474/200
f 237/543/231 206/474/200 238/544/232
f 237/545/231 238/546/232 239/547/233
f 237/548/231 239/549/233 240/550/234
f 237/551/231 240/552/234 194/553/188
f 237/554/231 194/555/188 193/556/187
f 232/557/226 190/498/184 220/497/214
f 232/558/226 220/559/214 241/560/235
f 232/561/226 241/562/235 235/563/229
f 232/528/226 235/535/229 226/510/220
f 232/528/226 226/510/220 224/506/218
f 241/564/235 220/565/214 242/566/236
f 241/564/235 242/566/236 229/516/223
f 241/564/235 229/516/223 197/567/191
f 241/562/235 197/457/191 196/456/190
f 241/562/235 196/456/190 222/503/216
f 241/562/235 222/503/216 235/563/229
f 240/568/234 239/569/233 243/570/237
f 240/571/234 243/572/237 244/573/238
f 240/574/234 244/575/238 219/496/213
f 240/574/234 219/496/213 194/454/188
f 245/576/239 206/474/200 205/473/199
f 245/577/239 205/578/199 234/579/228
f 245/580/239 234/532/228 246/581/240
f 245/582/239 246/583/240 247/584/241
f 245/582/239 247/584/241 238/585/232
f 245/582/239 238/585/232 206/586/200
f 248/587/242 231/588/225 230/589/224
f 248/590/242 230/591/224 249/592/243
f 248/593/242 249/594/243 250/595/244
f 248/596/242 250/597/244 251/598/245
f 248/596/242 251/598/245 236/542/230
f 248/596/242 236/542/230 231/541/225
f 252/599/246 219/600/213 244/573/238
f 252/599/246 244/573/238 253/601/247
f 252/599/246 253/601/247 254/602/248
f 252/603/246 254/604/248 242/605/236
f 252/606/246 242/607/236 220/608/214
f 252/609/246 220/497/214 219/496/213
f 255/610/249 229/516/223 242/566/236
f 255/611/249 242/605/236 254/604/248
f 255/611/249 254/604/248 256/612/250
f 255/611/249 256/612/250 249/613/243
f 255/610/249 249/614/243 230/517/224
f 255/610/249 230/517/224 229/516/223
f 257/615/251 239/547/233 238/546/232
f 257/616/251 238/585/232 247/584/241
f 257/616/251 247/584/241 258/617/252
f 257/618/251 258/619/252 259/620/253
f 257/618/251 259/620/253 260/621/254
f 257/615/251 260/622/254 239/547/233
f 243/623/237 239/547/233 260/622/254
f 243/624/237 260/625/254 261/626/255
f 243/572/237 261/627/255 262/628/256
f 243/572/237 262/628/256 244/573/238
f 246/581/240 234/532/228 236/542/230
f 246/581/240 236/542/230 251/598/245
f 246/629/240 251/630/245 263/631/257
f 246/629/240 263/631/257 264/632/258
f 246/629/240 264/632/258 265/633/258
f 246/583/240 265/634/258 247/584/241
f 262/628/256 261/627/255 266/635/259
f 262/628/256 266/635/259 267/636/260
f 262/628/256 267/636/260 253/601/247
f 262/628/256 253/601/247 244/573/238
f 268/637/261 249/613/243 256/612/250
f 268/638/261 256/639/250 269/640/262
f 268/641/261 269/642/262 270/643/263
f 268/644/261 270/645/263 250/646/244
f 268/647/261 250/648/244 249/649/243
f 259/620/253 258/619/252 271/650/264
f 259/651/253 271/652/264 266/653/259
f 259/654/253 266/655/259 261/656/255
f 259/657/253 261/658/255 260/659/254
f 265/660/258 264/661/258 272/662/265
f 265/660/258 272/662/265 273/663/266
f 265/660/258 273/663/266 258/619/252
f 265/634/258 258/617/252 247/584/241
f 270/664/263 269/665/262 274/666/267
f 270/667/263 274/668/267 275/669/268
f 270/667/263 275/669/268 276/670/269
f 270/671/263 276/672/269 263/631/257
f 270/671/263 263/631/257 251/630/245
f 270/671/263 251/630/245 250/673/244
f 277/674/270 253/601/247 267/636/260
f 277/675/270 267/676/260 278/677/271
f 277/678/270 278/679/271 279/680/272
f 277/678/270 279/680/272 280/681/273
f 277/682/270 280/683/273 254/684/248
f 277/674/270 254/602/248 253/601/247
f 281/685/274 254/684/248 280/683/273
f 281/685/274 280/683/273 282/686/275
f 281/685/274 282/686/275 283/687/276
f 281/685/274 283/687/276 269/640/262
f 281/685/274 269/640/262 256/639/250
f 281/685/274 256/639/250 254/684/248
f 273/663/266 272/662/265 284/688/277
f 273/663/266 284/688/277 285/689/278
f 273/663/266 285/689/278 271/650/264
f 273/663/266 271/650/264 258/619/252
f 286/690/279 264/632/258 263/631/257
f 286/690/279 263/631/257 276/672/269
f 286/690/279 276/672/269 287/691/280
f 286/690/279 287/691/280 288/692/281
f 286/690/279 288/692/281 289/693/282
f 286/690/279 289/693/282 264/632/258
f 289/693/282 288/692/281 290/694/283
f 289/693/282 290/694/283 291/695/284
f 289/696/282 291/697/284 272/662/265
f 289/693/282 272/698/265 264/632/258
f 292/699/285 266/700/259 271/701/264
f 292/702/285 271/703/264 285/704/278
f 292/705/285 285/706/278 293/707/286
f 292/708/285 293/709/286 278/677/271
f 292/708/285 278/677/271 267/676/260
f 292/708/285 267/676/260 266/710/259
f 294/711/287 280/683/273 279/712/272
f 294/713/287 279/714/272 295/715/288
f 294/716/287 295/717/288 296/718/289
f 294/716/287 296/718/289 297/719/290
f 294/716/287 297/719/290 282/720/275
f 294/711/287 282/686/275 280/683/273
f 298/721/291 269/722/262 283/723/276
f 298/721/291 283/723/276 299/724/292
f 298/725/291 299/726/292 300/727/293
f 298/725/291 300/727/293 301/728/294
f 298/725/291 301/728/294 274/729/267
f 298/725/291 274/729/267 269/730/262
f 302/731/295 274/732/267 301/733/294
f 302/731/295 301/733/294 303/734/296
f 302/731/295 303/734/296 304/735/297
f 302/731/295 304/735/297 305/736/298
f 302/731/295 305/736/298 306/737/299
f 302/731/295 306/737/299 307/738/300
f 302/731/295 307/738/300 275/739/268
f 302/731/295 275/739/268 274/732/267
f 308/740/301 301/728/294 300/727/293
f 308/740/301 300/727/293 309/741/302
f 308/740/301 309/741/302 310/742/303
f 308/740/301 310/742/303 311/743/304
f 308/740/301 311/743/304 312/744/305
f 308/740/301 303/745/296 301/728/294
f 287/746/280 276/670/269 275/669/268
f 287/746/280 275/669/268 307/747/300
f 287/746/280 307/747/300 313/748/306
f 287/749/280 313/750/306 288/751/281
f 291/752/284 290/753/283 314/754/307
f 291/755/284 314/756/307 315/757/308
f 291/697/284 315/758/308 284/688/277
f 291/697/284 284/688/277 272/662/265
f 316/759/309 278/677/271 293/709/286
f 316/759/309 293/709/286 317/760/310
f 316/761/309 317/762/310 318/763/311
f 316/759/309 318/764/311 295/715/288
f 316/759/309 295/715/288 279/714/272
f 316/759/309 279/714/272 278/677/271
f 319/765/312 282/720/275 297/719/290
f 319/765/312 297/719/290 320/766/313
f 319/767/312 320/768/313 321/769/314
f 319/765/312 321/770/314 299/724/292
f 319/765/312 299/724/292 283/723/276
f 319/765/312 283/723/276 282/720/275
f 322/771/315 303/734/296 312/772/305
f 322/771/315 312/772/305 311/773/304
f 322/771/315 311/773/304 323/774/316
f 322/771/315 323/774/316 324/775/317
f 322/771/315 324/775/317 325/776/318
f 322/771/315 325/776/318 304/735/297
f 322/771/315 304/735/297 303/734/296
f 326/777/319 300/727/293 299/726/292
f 326/778/319 299/779/292 321/780/314
f 326/778/319 321/780/314 327/781/320
f 326/778/319 327/781/320 328/782/321
f 326/777/319 328/783/321 300/727/293
f 328/782/321 327/781/320 329/784/322
f 328/782/321 329/784/322 330/785/323
f 328/783/321 330/786/323 309/741/302
f 328/783/321 309/741/302 300/727/293
f 331/787/324 307/788/300 306/789/299
f 331/790/324 306/791/299 332/792/325
f 331/790/324 332/792/325 333/793/326
f 331/787/324 333/794/326 334/795/327
f 331/787/324 334/795/327 335/796/328
f 331/787/324 335/796/328 336/797/329
f 331/787/324 336/797/329 337/798/330
f 331/787/324 337/798/330 313/750/306
f 331/787/324 313/750/306 307/788/300
f 338/799/331 311/743/304 310/742/303
f 338/799/331 310/742/303 339/800/332
f 338/799/331 339/800/332 340/801/333
f 338/799/331 340/801/333 341/802/334
f 338/799/331 341/802/334 311/743/304
f 341/802/334 340/801/333 342/803/335
f 341/804/334 342/805/335 343/806/336
f 341/804/334 343/806/336 323/774/316
f 341/804/334 323/774/316 311/773/304
f 344/807/337 310/742/303 309/741/302
f 344/807/337 309/741/302 330/786/323
f 344/807/337 330/786/323 339/800/332
f 344/807/337 339/800/332 310/742/303
f 345/808/338 285/689/278 284/688/277
f 345/808/338 284/688/277 315/758/308
f 345/809/338 315/757/308 346/810/339
f 345/811/338 346/812/339 317/813/310
f 345/814/338 317/815/310 293/816/286
f 345/817/338 293/818/286 285/819/278
f 347/820/340 288/751/281 313/750/306
f 347/820/340 313/750/306 337/798/330
f 347/820/340 337/798/330 348/821/341
f 347/820/340 348/821/341 349/822/342
f 347/823/340 349/824/342 290/825/283
f 347/823/340 290/825/283 288/826/281
f 350/827/343 304/735/297 325/776/318
f 350/827/343 325/776/318 324/775/317
f 350/828/343 324/829/317 351/830/344
f 350/828/343 351/830/344 352/831/345
f 350/828/343 352/831/345 305/832/298
f 350/827/343 305/736/298 304/735/297
f 349/822/342 348/821/341 353/833/346
f 349/822/342 353/833/346 354/834/347
f 349/835/342 354/836/347 314/756/307
f 349/824/342 314/837/307 290/825/283
f 343/838/336 342/839/335 355/840/348
f 343/838/336 355/840/348 356/841/349
f 343/838/336 356/841/349 324/842/317
f 343/806/336 324/775/317 323/774/316
f 357/843/350 295/717/288 318/844/311
f 357/845/350 318/846/311 358/847/351
f 357/845/350 358/847/351 359/848/352
f 357/845/350 359/848/352 360/849/353
f 357/850/350 360/851/353 296/852/289
f 357/843/350 296/718/289 295/717/288
f 361/853/354 296/852/289 360/851/353
f 361/853/354 360/851/353 362/854/355
f 361/853/354 362/854/355 363/855/356
f 361/853/354 363/855/356 320/768/313
f 361/853/354 320/768/313 297/856/290
f 361/857/354 297/719/290 296/718/289
f 351/858/344 324/842/317 356/841/349
f 351/858/344 356/841/349 364/859/357
f 351/830/344 364/860/357 365/861/358
f 351/830/344 365/861/358 352/831/345
f 366/862/359 339/863/332 330/785/323
f 366/862/359 330/785/323 329/784/322
f 366/862/359 329/784/322 367/864/360
f 366/865/359 367/866/360 368/867/361
f 366/865/359 368/867/361 369/868/362
f 366/862/359 369/869/362 339/863/332
f 369/870/362 368/871/361 370/872/363
f 369/870/362 370/872/363 340/873/333
f 369/870/362 340/873/333 339/874/332
f 352/831/345 365/861/358 371/875/364
f 352/831/345 371/875/364 332/792/325
f 352/831/345 332/792/325 306/791/299
f 352/831/345 306/791/299 305/832/298
f 370/872/363 368/871/361 372/876/365
f 370/877/363 372/878/365 355/879/348
f 370/877/363 355/879/348 342/880/335
f 370/877/363 342/880/335 340/881/333
f 373/882/366 355/883/348 372/884/365
f 373/885/366 372/876/365 374/886/367
f 373/887/366 374/888/367 375/889/368
f 373/887/366 375/889/368 376/890/369
f 373/891/366 376/892/369 377/893/370
f 373/891/366 377/893/370 364/859/357
f 373/891/366 364/859/357 355/840/348
f 364/859/357 356/841/349 355/840/348
f 378/894/371 315/757/308 314/756/307
f 378/894/371 314/756/307 354/836/347
f 378/894/371 354/836/347 379/895/372
f 378/894/371 379/895/372 380/896/373
f 378/894/371 380/896/373 346/810/339
f 378/894/371 346/810/339 315/757/308
f 381/897/374 329/784/322 327/781/320
f 381/897/374 327/781/320 382/898/375
f 381/897/374 382/898/375 383/899/376
f 381/897/374 383/899/376 384/900/377
f 381/897/374 384/900/377 367/864/360
f 381/897/374 367/864/360 329/784/322
f 385/901/378 317/902/310 346/903/339
f 385/904/378 346/905/339 380/906/373
f 385/907/378 380/908/373 386/909/379
f 385/910/378 386/911/379 358/847/351
f 385/910/378 358/847/351 318/846/311
f 385/910/378 318/846/311 317/912/310
f 321/769/314 320/768/313 363/855/356
f 321/769/314 363/855/356 387/913/380
f 321/769/314 387/913/380 388/914/381
f 321/780/314 388/915/381 382/898/375
f 321/780/314 382/898/375 327/781/320
f 371/875/364 365/861/358 389/916/382
f 371/875/364 389/916/382 390/917/383
f 371/875/364 390/917/383 333/793/326
f 371/875/364 333/793/326 332/792/325
f 391/918/384 372/876/365 368/871/361
f 391/919/384 368/867/361 392/920/385
f 391/919/384 392/920/385 393/921/386
f 391/919/384 393/921/386 394/922/387
f 391/919/384 394/922/387 395/923/388
f 391/919/384 395/923/388 396/924/389
f 391/918/384 396/925/389 372/876/365
f 397/926/390 372/876/365 396/925/389
f 397/926/390 396/925/389 398/927/391
f 397/926/390 398/927/391 399/928/392
f 397/926/390 399/928/392 400/929/393
f 397/926/390 400/929/393 401/930/394
f 397/926/390 401/930/394 374/886/367
f 397/926/390 374/886/367 372/876/365
f 377/931/370 376/932/369 402/933/395
f 377/931/370 402/933/395 403/934/396
f 377/931/370 403/934/396 404/935/397
f 377/931/370 404/935/397 405/936/398
f 377/893/370 405/937/398 364/859/357
f 405/936/398 404/935/397 389/938/382
f 405/939/398 389/916/382 365/861/358
f 405/939/398 365/861/358 364/860/357
f 367/866/360 384/940/377 406/941/399
f 367/866/360 406/941/399 392/920/385
f 367/866/360 392/920/385 368/867/361
f 407/942/352 360/849/353 359/848/352
f 407/942/352 359/848/352 408/943/400
f 407/942/352 408/943/400 409/944/401
f 407/945/352 409/946/401 410/947/402
f 407/945/352 410/947/402 362/854/355
f 407/945/352 362/854/355 360/851/353
f 411/948/403 376/890/369 375/889/368
f 411/948/403 375/889/368 412/949/404
f 411/950/403 412/951/404 413/952/405
f 411/950/403 413/952/405 414/953/406
f 411/954/403 414/955/406 415/956/407
f 411/948/403 415/957/407 376/890/369
f 416/958/408 376/932/369 415/956/407
f 416/958/408 415/956/407 414/955/406
f 416/958/408 414/955/406 417/959/409
f 416/958/408 417/959/409 418/960/410
f 416/958/408 418/960/410 402/933/395
f 416/958/408 402/933/395 376/932/369
f 419/961/411 375/889/368 374/888/367
f 419/962/411 374/886/367 420/963/412
f 419/962/411 420/963/412 421/964/413
f 419/962/411 421/964/413 422/965/414
f 419/961/411 422/966/414 423/967/415
f 419/961/411 423/967/415 375/889/368
f 423/968/415 422/969/414 424/970/416
f 423/971/415 424/972/416 425/973/417
f 423/974/415 425/975/417 412/976/404
f 423/967/415 412/949/404 375/889/368
f 401/930/394 400/929/393 426/977/418
f 401/930/394 426/977/418 420/963/412
f 401/930/394 420/963/412 374/886/367
f 395/923/388 394/922/387 427/978/419
f 395/923/388 427/978/419 428/979/420
f 395/923/388 428/979/420 398/980/391
f 395/923/388 398/980/391 396/924/389
f 406/941/399 384/940/377 429/981/421
f 406/941/399 429/981/421 430/982/422
f 406/941/399 430/982/422 393/921/386
f 406/941/399 393/921/386 392/920/385
f 334/983/327 333/793/326 390/917/383
f 334/983/327 390/917/383 431/984/423
f 334/985/327 431/986/423 432/987/424
f 334/988/327 432/989/424 433/990/425
f 334/991/327 433/992/425 434/993/426
f 334/991/327 434/993/426 435/994/427
f 334/995/327 435/996/427 436/997/425
f 334/998/327 436/999/425 437/1000/428
f 334/998/327 437/1000/428 438/1001/429
f 334/998/327 438/1001/429 335/1002/328
f 388/914/381 387/913/380 410/947/402
f 388/914/381 410/947/402 439/1003/430
f 388/914/381 439/1003/430 440/1004/431
f 388/914/381 440/1004/431 441/1005/432
f 388/1006/381 441/1007/432 442/1008/425
f 388/1006/381 442/1008/425 443/1009/433
f 388/1006/381 443/1009/433 383/1010/376
f 388/915/381 383/899/376 382/898/375
f 444/1011/434 389/938/382 404/935/397
f 444/1011/434 404/935/397 445/1012/435
f 444/1013/434 445/1014/435 446/1015/436
f 444/1013/434 446/1015/436 447/1016/437
f 444/1017/434 447/1018/437 389/916/382
f 447/1016/437 446/1015/436 448/1019/438
f 447/1016/437 448/1019/438 431/986/423
f 447/1018/437 431/984/423 390/917/383
f 447/1018/437 390/917/383 389/916/382
f 429/981/421 384/940/377 383/1020/376
f 429/1021/421 383/1022/376 443/1023/433
f 429/1021/421 443/1023/433 449/1024/439
f 429/981/421 449/1025/439 430/982/422
f 450/1026/440 399/928/392 398/927/391
f 450/1027/440 398/980/391 428/979/420
f 450/1028/440 428/1029/420 451/1030/441
f 450/1028/440 451/1030/441 452/1031/442
f 450/1028/440 452/1031/442 453/1032/443
f 450/1026/440 453/1033/443 399/928/392
f 453/1032/443 452/1031/442 454/1034/444
f 453/1035/443 454/1036/444 455/1037/445
f 453/1033/443 455/1038/445 400/929/393
f 453/1033/443 400/929/393 399/928/392
f 456/1039/446 402/933/395 418/960/410
f 456/1039/446 418/960/410 457/1040/447
f 456/1041/446 457/1042/447 458/1043/448
f 456/1044/446 458/1045/448 445/1046/435
f 456/1039/446 445/1012/435 403/934/396
f 456/1039/446 403/934/396 402/933/395
f 445/1012/435 404/935/397 403/934/396
f 426/977/418 400/929/393 455/1038/445
f 426/1047/418 455/1048/445 459/1049/449
f 426/1047/418 459/1049/449 421/1050/413
f 426/977/418 421/964/413 420/963/412
f 460/1051/450 394/922/387 393/921/386
f 460/1051/450 393/921/386 430/982/422
f 460/1052/450 430/1053/422 461/1054/451
f 460/1052/450 461/1054/451 462/1055/452
f 460/1052/450 462/1055/452 427/1056/419
f 460/1051/450 427/978/419 394/922/387
f 425/973/417 424/972/416 463/1057/453
f 425/1058/417 463/1059/453 464/1060/454
f 425/1061/417 464/1062/454 413/1063/405
f 425/1061/417 413/1063/405 412/1064/404
f 465/1065/455 422/1066/414 421/1050/413
f 465/1065/455 421/1050/413 459/1049/449
f 465/1067/455 459/1068/449 466/1069/456
f 465/1067/455 466/1069/456 467/1070/457
f 465/1065/455 467/1071/457 468/1072/458
f 465/1065/455 468/1072/458 422/1066/414
f 468/1073/458 467/1074/457 469/1075/459
f 468/1076/458 469/1077/459 470/1078/460
f 468/1072/458 470/1079/460 424/1080/416
f 468/1072/458 424/1080/416 422/1066/414
f 471/1081/461 418/1082/410 417/1083/409
f 471/1084/461 417/1085/409 472/1086/462
f 471/1087/461 472/1088/462 473/1089/463
f 471/1090/461 473/1091/463 474/1092/464
f 471/1093/461 474/1094/464 457/1095/447
f 471/1093/461 457/1095/447 418/1096/410
f 475/1097/465 417/959/409 414/955/406
f 475/1098/465 414/1099/406 413/1063/405
f 475/1098/465 413/1063/405 464/1062/454
f 475/1100/465 464/1101/454 476/1102/466
f 475/1103/465 476/1104/466 472/1105/462
f 475/1106/465 472/1086/462 417/1085/409
f 477/1107/467 428/1029/420 427/1056/419
f 477/1107/467 427/1056/419 462/1055/452
f 477/1108/467 462/1109/452 478/1110/468
f 477/1108/467 478/1110/468 451/1111/441
f 477/1107/467 451/1030/441 428/1029/420
f 461/1054/451 430/1053/422 449/1024/439
f 461/1054/451 449/1024/439 479/1112/469
f 461/1113/451 479/1114/469 480/1115/470
f 461/1116/451 480/1117/470 481/1118/471
f 461/1116/451 481/1118/471 462/1119/452
f 443/1120/433 442/1121/425 482/1122/472
f 443/1123/433 482/1124/472 479/1125/469
f 443/1023/433 479/1112/469 449/1024/439
f 483/1126/473 455/1127/445 454/1128/444
f 483/1129/473 454/1130/444 484/1131/474
f 483/1129/473 484/1131/474 485/1132/475
f 483/1129/473 485/1132/475 459/1068/449
f 483/1133/473 459/1049/449 455/1048/445
f 446/1015/436 445/1014/435 458/1134/448
f 446/1135/436 458/1043/448 486/1136/476
f 446/1137/436 486/1138/476 487/1139/477
f 446/1015/436 487/1140/477 448/1019/438
f 348/821/341 337/798/330 336/797/329
f 348/821/341 336/797/329 488/1141/478
f 348/821/341 488/1141/478 353/833/346
f 489/1142/479 354/836/347 353/1143/346
f 489/1142/479 353/1143/346 490/1144/480
f 489/1142/479 490/1144/480 491/1145/481
f 489/1142/479 491/1145/481 492/1146/482
f 489/1142/479 492/1146/482 379/895/372
f 489/1142/479 379/895/372 354/836/347
f 488/1141/478 336/797/329 335/796/328
f 488/1147/478 335/1148/328 438/1149/429
f 488/1141/478 438/1150/429 490/1151/480
f 488/1141/478 490/1151/480 353/833/346
f 448/1152/438 487/1153/477 493/1154/483
f 448/1019/438 493/1155/483 432/987/424
f 448/1019/438 432/987/424 431/986/423
f 494/1156/484 358/847/351 386/911/379
f 494/1156/484 386/911/379 495/1157/485
f 494/1156/484 495/1157/485 496/1158/486
f 494/1156/484 496/1158/486 408/943/400
f 494/1156/484 408/943/400 359/848/352
f 494/1156/484 359/848/352 358/847/351
f 362/854/355 410/947/402 387/913/380
f 362/854/355 387/913/380 363/855/356
f 497/1159/487 380/896/373 379/895/372
f 497/1159/487 379/895/372 492/1146/482
f 497/1159/487 492/1146/482 498/1160/488
f 497/1161/487 498/1162/488 495/1163/485
f 497/1164/487 495/1165/485 386/1166/379
f 497/1167/487 386/1168/379 380/1169/373
f 499/1170/489 490/1171/480 438/1172/429
f 499/1173/489 438/1001/429 437/1000/428
f 499/1173/489 437/1000/428 500/1174/490
f 499/1175/489 500/1176/490 501/1177/491
f 499/1175/489 501/1177/491 491/1145/481
f 499/1175/489 491/1145/481 490/1144/480
f 502/1178/492 408/943/400 496/1158/486
f 502/1178/492 496/1158/486 503/1179/493
f 502/1178/492 503/1179/493 504/1180/494
f 502/1178/492 504/1180/494 505/1181/495
f 502/1182/492 505/1183/495 409/1184/401
f 502/1178/492 409/944/401 408/943/400
f 505/1185/495 504/1186/494 506/1187/496
f 505/1188/495 506/1189/496 440/1004/431
f 505/1188/495 440/1004/431 439/1003/430
f 505/1188/495 439/1003/430 409/946/401
f 409/946/401 439/1003/430 410/947/402
f 507/1190/497 472/1191/462 476/1192/466
f 507/1190/497 476/1192/466 508/1193/498
f 507/1194/497 508/1195/498 509/1196/499
f 507/1190/497 509/1197/499 473/1198/463
f 507/1190/497 473/1198/463 472/1191/462
f 470/1199/460 469/1200/459 510/1201/500
f 470/1202/460 510/1203/500 511/1204/501
f 470/1205/460 511/1206/501 463/1207/453
f 470/1205/460 463/1207/453 424/1208/416
f 512/1209/425 454/1130/444 452/1210/442
f 512/1209/425 452/1210/442 513/1211/502
f 512/1212/425 513/1213/502 514/1214/499
f 512/1212/425 514/1214/499 515/1215/503
f 512/1212/425 515/1215/503 484/1216/474
f 512/1209/425 484/1131/474 454/1130/444
f 513/1211/502 452/1210/442 451/1217/441
f 513/1218/502 451/1219/441 478/1220/468
f 513/1213/502 478/1221/468 516/1222/504
f 513/1213/502 516/1222/504 514/1214/499
f 486/1136/476 458/1043/448 457/1042/447
f 486/1223/476 457/1224/447 474/1225/464
f 486/1226/476 474/1227/464 517/1228/505
f 486/1226/476 517/1228/505 518/1229/506
f 486/1226/476 518/1229/506 487/1230/477
f 485/1231/475 484/1216/474 519/1232/507
f 485/1233/475 519/1234/507 520/1235/508
f 485/1236/475 520/1237/508 466/1238/456
f 485/1132/475 466/1069/456 459/1068/449
f 481/1239/471 480/1240/470 521/1241/509
f 481/1239/471 521/1241/509 516/1222/504
f 481/1239/471 516/1222/504 478/1221/468
f 481/1118/471 478/1242/468 462/1119/452
f 482/1122/472 442/1121/425 441/1243/432
f 482/1122/472 441/1243/432 522/1244/510
f 482/1245/472 522/1246/510 523/1247/511
f 482/1248/472 523/1249/511 480/1250/470
f 482/1248/472 480/1250/470 479/1251/469
f 493/1252/483 487/1230/477 524/1253/512
f 493/1254/483 524/1255/512 525/1256/513
f 493/1254/483 525/1256/513 434/1257/426
f 493/1254/483 434/1257/426 433/1258/425
f 493/1254/483 433/1258/425 432/1259/424
f 526/1260/514 492/1146/482 491/1145/481
f 526/1260/514 491/1145/481 501/1177/491
f 526/1261/514 501/1262/491 527/1263/515
f 526/1264/514 527/1265/515 528/1266/516
f 526/1264/514 528/1266/516 498/1267/488
f 526/1260/514 498/1160/488 492/1146/482
f 529/1268/517 495/1269/485 498/1270/488
f 529/1271/517 498/1272/488 528/1273/516
f 529/1274/517 528/1275/516 530/1276/518
f 529/1277/517 530/1278/518 503/1279/493
f 529/1280/517 503/1179/493 496/1158/486
f 529/1280/517 496/1158/486 495/1157/485
f 531/1281/519 532/1282/520 533/1283/521
f 531/1284/519 533/1285/521 534/1286/522
f 531/1287/519 534/1288/522 535/1289/523
f 531/1281/519 535/1290/523 536/1291/524
f 531/1281/519 536/1291/524 532/1282/520
f 537/1292/525 532/1282/520 536/1291/524
f 537/1292/525 536/1291/524 535/1290/523
f 537/1292/525 535/1290/523 538/1293/526
f 537/1292/525 538/1293/526 539/1294/527
f 537/1292/525 539/1294/527 533/1283/521
f 537/1292/525 533/1283/521 532/1282/520
f 540/1295/528 541/1296/529 542/1297/530
f 540/1295/528 542/1297/530 543/1298/531
f 540/1299/528 543/1300/531 544/1301/532
f 540/1295/528 544/1302/532 545/1303/533
f 540/1295/528 545/1303/533 541/1296/529
f 546/1304/534 541/1296/529 545/1303/533
f 546/1304/534 545/1303/533 547/1305/535
f 546/1304/534 547/1305/535 548/1306/536
f 546/1304/534 548/1306/536 543/1298/531
f 546/1304/534 543/1298/531 542/1297/530
f 546/1304/534 542/1297/530 541/1296/529
f 549/1307/537 550/1308/538 551/1309/539
f 549/1307/537 551/1309/539 552/1310/540
f 549/1307/537 552/1310/540 553/1311/541
f 549/1312/537 553/1313/541 554/1314/542
f 549/1312/537 554/1314/542 555/1315/543
f 549/1312/537 555/1315/543 556/1316/544
f 549/1312/537 556/1316/544 550/1317/538
f 557/1318/545 550/1308/538 558/1319/546
f 557/1320/545 558/1321/546 559/1322/547
f 557/1323/545 559/1324/547 560/1325/548
f 557/1326/545 560/1327/548 551/1328/539
f 557/1318/545 551/1309/539 550/1308/538
f 561/1329/549 550/1317/538 556/1316/544
f 561/1329/549 556/1316/544 555/1315/543
f 561/1329/549 555/1315/543 562/1330/550
f 561/1331/549 562/1332/550 563/1333/551
f 561/1331/549 563/1333/551 558/1334/546
f 561/1329/549 558/1335/546 550/1317/538
f 564/1336/552 551/1328/539 560/1327/548
f 564/1336/552 560/1327/548 565/1337/553
f 564/1336/552 565/1337/553 566/1338/554
f 564/1336/552 566/1338/554 567/1339/555
f 564/1336/552 567/1339/555 552/1340/540
f 564/1336/552 552/1340/540 551/1328/539
f 554/1314/542 553/1313/541 568/1341/556
f 554/1314/542 568/1341/556 569/1342/557
f 554/1314/542 569/1342/557 570/1343/558
f 554/1314/542 570/1343/558 562/1330/550
f 554/1314/542 562/1330/550 555/1315/543
f 559/1344/547 558/1334/546 563/1333/551
f 559/1345/547 563/1346/551 571/1347/559
f 559/1324/547 571/1348/559 572/1349/560
f 559/1324/547 572/1349/560 573/1350/561
f 559/1324/547 573/1350/561 560/1325/548
f 574/1351/562 553/1311/541 552/1310/540
f 574/1352/562 552/1340/540 575/1353/563
f 574/1354/562 575/1355/563 576/1356/564
f 574/1351/562 576/1357/564 568/1358/556
f 574/1351/562 568/1358/556 553/1311/541
f 575/1353/563 552/1340/540 567/1339/555
f 575/1353/563 567/1339/555 577/1359/565
f 575/1353/563 577/1359/565 578/1360/566
f 575/1355/563 578/1361/566 576/1356/564
f 534/1288/522 533/1362/521 539/1363/527
f 534/1288/522 539/1363/527 538/1364/526
f 534/1288/522 538/1364/526 535/1289/523
f 544/1301/532 543/1300/531 548/1365/536
f 544/1302/532 548/1306/536 547/1305/535
f 544/1302/532 547/1305/535 545/1303/533
f 579/1366/567 563/1333/551 562/1332/550
f 579/1366/567 562/1332/550 570/1367/558
f 579/1368/567 570/1369/558 580/1370/568
f 579/1368/567 580/1370/568 581/1371/569
f 579/1372/567 581/1373/569 571/1374/559
f 579/1366/567 571/1375/559 563/1333/551
f 582/1376/570 568/1341/556 576/1377/564
f 582/1378/570 576/1356/564 583/1379/571
f 582/1376/570 583/1380/571 584/1381/572
f 582/1376/570 584/1381/572 585/1382/573
f 582/1376/570 585/1382/573 569/1342/557
f 582/1376/570 569/1342/557 568/1341/556
f 581/1383/569 580/1384/568 586/1385/574
f 581/1383/569 586/1385/574 587/1386/575
f 581/1383/569 587/1386/575 588/1387/576
f 581/1388/569 588/1389/576 572/1390/560
f 581/1391/569 572/1349/560 571/1348/559
f 589/1392/577 560/1327/548 573/1393/561
f 589/1394/577 573/1395/561 590/1396/578
f 589/1394/577 590/1396/578 591/1397/579
f 589/1392/577 591/1398/579 592/1399/580
f 589/1392/577 592/1399/580 565/1337/553
f 589/1392/577 565/1337/553 560/1327/548
f 593/1400/581 569/1342/557 585/1382/573
f 593/1400/581 585/1382/573 594/1401/582
f 593/1402/581 594/1403/582 595/1404/583
f 593/1402/581 595/1404/583 580/1370/568
f 593/1402/581 580/1370/568 570/1369/558
f 593/1400/581 570/1343/558 569/1342/557
f 596/1405/584 576/1356/564 578/1361/566
f 596/1405/584 578/1361/566 597/1406/585
f 596/1407/584 597/1408/585 598/1409/586
f 596/1407/584 598/1409/586 599/1410/587
f 596/1407/584 599/1410/587 600/1411/588
f 596/1405/584 600/1412/588 583/1379/571
f 596/1405/584 583/1379/571 576/1356/564
f 601/1413/589 572/1414/560 588/1415/576
f 601/1416/589 588/1387/576 602/1417/590
f 601/1416/589 602/1417/590 603/1418/591
f 601/1416/589 603/1418/591 604/1419/592
f 601/1416/589 604/1419/592 605/1420/593
f 601/1413/589 605/1421/593 590/1396/578
f 601/1413/589 590/1396/578 573/1395/561
f 601/1413/589 573/1395/561 572/1414/560
f 577/1359/565 567/1339/555 566/1338/554
f 577/1359/565 566/1338/554 606/1422/594
f 577/1423/565 606/1424/594 607/1425/595
f 577/1423/565 607/1425/595 608/1426/596
f 577/1423/565 608/1426/596 609/1427/597
f 577/1423/565 609/1427/597 578/1361/566
f 610/1428/598 611/1429/599 612/1430/600
f 610/1428/598 612/1430/600 613/1431/601
f 610/1432/598 613/1433/601 614/1434/602
f 610/1432/598 614/1434/602 615/1435/603
f 610/1432/598 615/1435/603 611/1436/599
f 616/1437/604 617/1438/605 618/1439/606
f 616/1440/604 618/1441/606 619/1442/607
f 616/1440/604 619/1442/607 620/1443/608
f 616/1444/604 620/1445/608 621/1446/609
f 616/1444/604 621/1446/609 617/1447/605
f 622/1448/610 611/1436/599 615/1435/603
f 622/1449/610 615/1450/603 623/1451/611
f 622/1449/610 623/1451/611 624/1452/612
f 622/1453/610 624/1454/612 611/1455/599
f 624/1452/612 623/1451/611 613/1456/601
f 624/1457/612 613/1431/601 612/1430/600
f 624/1457/612 612/1430/600 611/1429/599
f 625/1458/613 617/1438/605 621/1459/609
f 625/1458/613 621/1459/609 626/1460/614
f 625/1458/613 626/1460/614 627/1461/615
f 625/1458/613 627/1461/615 617/1438/605
f 618/1439/606 617/1438/605 627/1461/615
f 618/1439/606 627/1461/615 626/1460/614
f 618/1439/606 626/1460/614 619/1462/607
f 628/1463/616 503/1279/493 530/1278/518
f 628/1463/616 530/1278/518 629/1464/617
f 628/1463/616 629/1464/617 630/1465/618
f 628/1463/616 630/1465/618 631/1466/619
f 628/1463/616 631/1466/619 504/1467/494
f 628/1463/616 504/1467/494 503/1279/493
f 631/1466/619 630/1465/618 632/1468/620
f 631/1469/619 632/1470/620 633/1471/621
f 631/1472/619 633/1473/621 506/1474/496
f 631/1475/619 506/1476/496 504/1477/494
f 634/1478/622 585/1382/573 584/1381/572
f 634/1479/622 584/1480/572 635/1481/623
f 634/1479/622 635/1481/623 636/1482/624
f 634/1483/622 636/1484/624 637/1485/625
f 634/1486/622 637/1487/625 594/1488/582
f 634/1478/622 594/1401/582 585/1382/573
f 597/1406/585 578/1361/566 609/1427/597
f 597/1406/585 609/1427/597 638/1489/626
f 597/1406/585 638/1489/626 639/1490/627
f 597/1408/585 639/1491/627 598/1409/586
f 640/1492/628 565/1337/553 592/1399/580
f 640/1492/628 592/1399/580 641/1493/629
f 640/1492/628 641/1493/629 642/1494/630
f 640/1492/628 642/1494/630 643/1495/631
f 640/1492/628 643/1495/631 565/1337/553
f 643/1496/631 642/1497/630 644/1498/632
f 643/1495/631 644/1499/632 645/1500/633
f 643/1495/631 645/1500/633 566/1338/554
f 643/1495/631 566/1338/554 565/1337/553
f 623/1451/611 615/1450/603 614/1501/602
f 623/1451/611 614/1501/602 613/1456/601
f 620/1443/608 619/1442/607 626/1502/614
f 620/1503/608 626/1460/614 621/1459/609
f 646/1504/634 506/1474/496 633/1473/621
f 646/1504/634 633/1473/621 647/1505/635
f 646/1504/634 647/1505/635 648/1506/636
f 646/1504/634 648/1506/636 649/1507/637
f 646/1504/634 649/1507/637 440/1508/431
f 646/1504/634 440/1508/431 506/1474/496
f 650/1509/638 437/1000/428 436/999/425
f 650/1509/638 436/999/425 651/1510/639
f 650/1509/638 651/1510/639 652/1511/640
f 650/1509/638 652/1511/640 653/1512/641
f 650/1509/638 653/1512/641 500/1174/490
f 650/1509/638 500/1174/490 437/1000/428
f 654/1513/642 473/1514/463 655/1515/643
f 654/1513/642 655/1515/643 656/1516/644
f 654/1517/642 656/1518/644 657/1519/645
f 654/1517/642 657/1519/645 658/1520/646
f 654/1521/642 658/1522/646 517/1523/505
f 654/1513/642 517/1228/505 474/1227/464
f 654/1513/642 474/1227/464 473/1514/463
f 509/1524/499 508/1525/498 659/1526/647
f 509/1524/499 659/1526/647 655/1527/643
f 509/1528/499 655/1515/643 473/1514/463
f 660/1529/648 469/1530/459 467/1531/457
f 660/1532/648 467/1533/457 466/1534/456
f 660/1535/648 466/1536/456 520/1537/508
f 660/1538/648 520/1235/508 661/1539/649
f 660/1529/648 661/1540/649 662/1541/650
f 660/1529/648 662/1541/650 469/1530/459
f 662/1541/650 661/1540/649 663/1542/651
f 662/1541/650 663/1542/651 664/1543/652
f 662/1541/650 664/1543/652 510/1203/500
f 662/1541/650 510/1203/500 469/1530/459
f 665/1544/653 484/1216/474 515/1215/503
f 665/1545/653 515/1546/503 666/1547/654
f 665/1545/653 666/1547/654 667/1548/655
f 665/1545/653 667/1548/655 668/1549/656
f 665/1545/653 668/1549/656 519/1234/507
f 665/1544/653 519/1232/507 484/1216/474
f 669/1550/657 440/1551/431 649/1552/637
f 669/1553/657 649/1554/637 670/1555/658
f 669/1556/657 670/1557/658 671/1558/659
f 669/1556/657 671/1558/659 672/1559/660
f 669/1560/657 672/1561/660 441/1562/432
f 669/1563/657 441/1564/432 440/1565/431
f 524/1253/512 487/1230/477 518/1229/506
f 524/1566/512 518/1567/506 673/1568/661
f 524/1566/512 673/1568/661 674/1569/662
f 524/1566/512 674/1569/662 675/1570/663
f 524/1571/512 675/1572/663 525/1573/513
f 676/1574/664 476/1575/466 464/1576/454
f 676/1574/664 464/1576/454 511/1577/501
f 676/1578/664 511/1204/501 677/1579/665
f 676/1578/664 677/1579/665 508/1525/498
f 676/1574/664 508/1580/498 476/1575/466
f 511/1577/501 464/1576/454 463/1581/453
f 523/1582/511 522/1583/510 678/1584/666
f 523/1582/511 678/1584/666 679/1585/667
f 523/1582/511 679/1585/667 680/1586/668
f 523/1582/511 680/1586/668 681/1587/669
f 523/1582/511 681/1587/669 480/1588/470
f 521/1241/509 480/1240/470 681/1589/669
f 521/1241/509 681/1589/669 682/1590/670
f 521/1591/509 682/1592/670 683/1593/671
f 521/1241/509 683/1594/671 516/1222/504
f 684/1595/672 501/1262/491 500/1596/490
f 684/1595/672 500/1596/490 653/1597/641
f 684/1595/672 653/1597/641 685/1598/673
f 684/1595/672 685/1598/673 686/1599/674
f 684/1595/672 686/1599/674 527/1263/515
f 684/1595/672 527/1263/515 501/1262/491
f 587/1600/575 586/1601/574 687/1602/675
f 587/1600/575 687/1602/675 688/1603/676
f 587/1600/575 688/1603/676 689/1604/677
f 587/1386/575 689/1605/677 602/1417/590
f 587/1386/575 602/1417/590 588/1387/576
f 604/1419/592 603/1418/591 602/1417/590
f 604/1419/592 602/1417/590 689/1605/677
f 604/1606/592 689/1604/677 690/1607/678
f 604/1606/592 690/1607/678 691/1608/679
f 604/1419/592 691/1609/679 605/1420/593
f 638/1489/626 609/1427/597 608/1426/596
f 638/1489/626 608/1426/596 607/1425/595
f 638/1489/626 607/1425/595 639/1490/627
f 692/1610/680 590/1396/578 605/1421/593
f 692/1611/680 605/1612/593 693/1613/681
f 692/1611/680 693/1613/681 694/1614/682
f 692/1611/680 694/1614/682 695/1615/683
f 692/1610/680 695/1616/683 591/1397/579
f 692/1610/680 591/1397/579 590/1396/578
f 645/1617/633 644/1618/632 696/1619/684
f 645/1620/633 696/1621/684 697/1622/685
f 645/1500/633 697/1623/685 606/1422/594
f 645/1500/633 606/1422/594 566/1338/554
f 698/1624/686 641/1493/629 592/1399/580
f 698/1624/686 592/1399/580 591/1398/579
f 698/1625/686 591/1397/579 695/1616/683
f 699/1626/687 525/1256/513 700/1627/688
f 699/1628/687 700/1629/688 701/1630/689
f 699/1631/687 701/1632/689 435/1633/427
f 699/1634/687 435/1635/427 434/1636/426
f 699/1626/687 434/1257/426 525/1256/513
f 675/1570/663 674/1569/662 702/1637/690
f 675/1570/663 702/1637/690 703/1638/691
f 675/1570/663 703/1638/691 704/1639/692
f 675/1572/663 704/1640/692 700/1641/688
f 675/1572/663 700/1641/688 525/1573/513
f 522/1642/510 441/1562/432 672/1561/660
f 522/1642/510 672/1561/660 705/1643/693
f 522/1642/510 705/1643/693 678/1644/666
f 595/1645/583 594/1646/582 706/1647/694
f 595/1645/583 706/1647/694 687/1648/675
f 595/1649/583 687/1650/675 586/1651/574
f 595/1404/583 586/1652/574 580/1370/568
f 600/1411/588 599/1410/587 707/1653/695
f 600/1654/588 707/1655/695 635/1656/623
f 600/1657/588 635/1481/623 584/1480/572
f 600/1412/588 584/1658/572 583/1379/571
f 691/1608/679 690/1607/678 708/1659/696
f 691/1608/679 708/1659/696 709/1660/697
f 691/1608/679 709/1660/697 693/1661/681
f 691/1608/679 693/1661/681 605/1662/593
f 710/1663/698 606/1424/594 697/1664/685
f 710/1665/698 697/1666/685 711/1667/699
f 710/1665/698 711/1667/699 712/1668/700
f 710/1665/698 712/1668/700 713/1669/701
f 710/1665/698 713/1669/701 607/1670/595
f 710/1663/698 607/1425/595 606/1424/594
f 714/1671/702 715/1672/703 716/1673/704
f 714/1671/702 716/1673/704 717/1674/705
f 714/1675/702 717/1676/705 718/1677/706
f 714/1675/702 718/1677/706 719/1678/707
f 714/1671/702 719/1679/707 715/1672/703
f 720/1680/708 721/1681/709 722/1682/710
f 720/1680/708 722/1682/710 723/1683/711
f 720/1684/708 723/1685/711 724/1686/712
f 720/1684/708 724/1686/712 725/1687/713
f 720/1684/708 725/1687/713 726/1688/714
f 720/1689/708 726/1690/714 721/1691/709
f 727/1692/715 721/1691/709 726/1690/714
f 727/1692/715 726/1690/714 725/1693/713
f 727/1694/715 725/1687/713 724/1686/712
f 727/1695/715 724/1696/712 723/1683/711
f 727/1695/715 723/1683/711 722/1682/710
f 727/1695/715 722/1682/710 721/1681/709
f 728/1697/716 715/1672/703 719/1679/707
f 728/1698/716 719/1678/707 729/1699/717
f 728/1698/716 729/1699/717 730/1700/718
f 728/1697/716 730/1701/718 716/1673/704
f 728/1697/716 716/1673/704 715/1672/703
f 731/1702/719 635/1703/623 707/1704/695
f 731/1705/719 707/1706/695 732/1707/720
f 731/1702/719 732/1708/720 733/1709/721
f 731/1702/719 733/1709/721 734/1710/722
f 731/1702/719 734/1710/722 636/1711/624
f 731/1702/719 636/1711/624 635/1703/623
f 688/1603/676 687/1602/675 735/1712/723
f 688/1603/676 735/1712/723 736/1713/724
f 688/1603/676 736/1713/724 690/1607/678
f 688/1603/676 690/1607/678 689/1604/677
f 713/1714/701 712/1715/700 737/1716/725
f 713/1714/701 737/1716/725 738/1717/726
f 713/1714/701 738/1717/726 739/1718/727
f 713/1669/701 739/1719/727 639/1491/627
f 713/1669/701 639/1491/627 607/1670/595
f 739/1718/727 738/1717/726 740/1720/728
f 739/1719/727 740/1721/728 599/1410/587
f 739/1719/727 599/1410/587 598/1409/586
f 739/1719/727 598/1409/586 639/1491/627
f 730/1700/718 729/1699/717 719/1678/707
f 730/1700/718 719/1678/707 717/1676/705
f 730/1700/718 717/1676/705 716/1722/704
f 741/1723/729 694/1614/682 693/1613/681
f 741/1724/729 693/1725/681 709/1726/697
f 741/1727/730 742/1728/425 709/1729/731
f 743/1730/732 530/1731/518 528/1732/516
f 743/1733/732 528/1266/516 527/1265/515
f 743/1733/732 527/1265/515 686/1734/674
f 743/1733/732 686/1734/674 744/1735/733
f 743/1733/732 744/1735/733 745/1736/734
f 743/1737/732 745/1738/734 629/1739/617
f 743/1740/732 629/1741/617 530/1742/518
f 746/1743/735 636/1744/624 734/1745/722
f 746/1746/735 734/1747/722 747/1748/736
f 746/1749/735 747/1750/736 748/1751/737
f 746/1749/735 748/1751/737 749/1752/738
f 746/1753/735 749/1754/738 637/1755/625
f 746/1756/735 637/1757/625 636/1758/624
f 750/1759/739 687/1760/675 706/1761/694
f 750/1762/739 706/1763/694 749/1764/738
f 750/1762/739 749/1764/738 751/1765/740
f 750/1766/739 751/1767/740 735/1768/723
f 750/1769/739 735/1712/723 687/1602/675
f 740/1720/728 738/1717/726 752/1770/741
f 740/1720/728 752/1770/741 732/1771/720
f 740/1720/728 732/1771/720 707/1772/695
f 740/1720/728 707/1772/695 599/1773/587
f 632/1468/620 630/1465/618 753/1774/742
f 632/1468/620 753/1774/742 754/1775/743
f 632/1776/620 754/1777/743 755/1778/744
f 632/1776/620 755/1778/744 633/1779/621
f 647/1505/635 633/1473/621 755/1780/744
f 647/1505/635 755/1780/744 754/1781/743
f 647/1505/635 754/1781/743 756/1782/745
f 647/1505/635 756/1782/745 648/1506/636
f 670/1783/658 649/1784/637 648/1785/636
f 670/1783/658 648/1785/636 757/1786/746
f 670/1787/658 757/1788/746 758/1789/425
f 670/1787/658 758/1789/425 759/1790/747
f 670/1791/658 759/1792/747 671/1793/659
f 637/1755/625 749/1754/738 706/1647/694
f 637/1755/625 706/1647/694 594/1646/582
f 760/1794/748 711/1795/699 761/1796/749
f 760/1797/750 711/1798/699 697/1799/685
f 760/1800/748 696/1800/751 697/1801/685
f 718/1677/706 717/1676/705 719/1678/707
f 671/1558/659 759/1802/747 762/1803/752
f 671/1558/659 762/1803/752 705/1804/693
f 671/1558/659 705/1804/693 672/1559/660
f 763/1805/753 690/1607/678 736/1713/724
f 763/1806/753 736/1807/724 735/1768/723
f 763/1806/753 735/1768/723 764/1808/560
f 763/1806/753 764/1808/560 765/1809/754
f 763/1806/753 765/1809/754 766/1810/755
f 763/1806/753 766/1810/755 708/1811/696
f 763/1805/753 708/1659/696 690/1607/678
f 701/1812/689 700/1813/688 704/1814/692
f 701/1815/689 704/1816/692 767/1817/756
f 701/1815/689 767/1817/756 768/1818/757
f 701/1819/689 768/1820/757 435/1821/427
f 678/1822/666 705/1804/693 762/1803/752
f 678/1584/666 762/1823/752 769/1824/758
f 678/1584/666 769/1824/758 770/1825/759
f 678/1584/666 770/1825/759 679/1585/667
f 771/1826/760 734/1710/722 733/1709/721
f 771/1827/760 733/1828/721 772/1829/761
f 771/1827/760 772/1829/761 773/1830/762
f 771/1831/760 773/1832/762 774/1833/763
f 771/1834/760 774/1835/763 747/1836/736
f 771/1837/760 747/1838/736 734/1839/722
f 766/1810/755 765/1809/754 775/1840/764
f 766/1810/755 775/1840/764 776/1841/765
f 766/1810/755 776/1841/765 709/1842/697
f 766/1843/755 709/1660/697 708/1659/696
f 777/1844/766 712/1715/700 711/1845/699
f 777/1844/766 711/1845/699 778/1846/767
f 777/1847/766 778/1848/767 779/1849/768
f 777/1850/766 779/1851/768 780/1852/769
f 777/1844/766 780/1853/769 737/1716/725
f 777/1844/766 737/1716/725 712/1715/700
f 781/1854/770 653/1512/641 652/1511/640
f 781/1854/770 652/1511/640 782/1855/771
f 781/1856/770 782/1857/771 685/1858/673
f 781/1854/770 685/1859/673 653/1512/641
f 768/1818/757 767/1817/756 783/1860/425
f 768/1861/757 783/1862/425 784/1863/772
f 768/1861/757 784/1863/772 651/1510/639
f 768/1861/757 651/1510/639 436/999/425
f 768/1864/757 436/1865/425 435/1866/427
f 785/1867/773 738/1717/726 737/1716/725
f 785/1868/773 737/1869/725 780/1852/769
f 785/1868/773 780/1852/769 786/1870/774
f 785/1868/773 786/1870/774 787/1871/775
f 785/1868/773 787/1871/775 752/1872/741
f 785/1867/773 752/1770/741 738/1717/726
f 751/1765/740 749/1764/738 748/1873/737
f 751/1765/740 748/1873/737 788/1874/776
f 751/1767/740 788/1875/776 764/1808/560
f 751/1767/740 764/1808/560 735/1768/723
f 776/1841/765 775/1840/764 789/1876/777
f 776/1841/765 789/1876/777 790/1877/778
f 776/1841/765 790/1877/778 742/1878/425
f 776/1879/765 742/1880/425 709/1881/697
f 778/1882/767 711/1883/699 761/1884/779
f 778/1885/767 791/1886/780 761/1887/749
f 778/1888/767 791/1889/781 792/1890/782
f 778/1891/767 792/1892/782 779/1893/768
f 793/1894/783 629/1895/617 745/1896/734
f 793/1897/783 745/1898/734 794/1899/784
f 793/1900/783 794/1901/784 795/1902/785
f 793/1903/783 795/1904/785 796/1905/786
f 793/1903/783 796/1905/786 797/1906/787
f 793/1903/783 797/1906/787 629/1464/617
f 797/1906/787 796/1905/786 798/1907/788
f 797/1906/787 798/1907/788 753/1774/742
f 797/1906/787 753/1774/742 630/1465/618
f 797/1906/787 630/1465/618 629/1464/617
f 799/1908/789 800/1909/790 801/1910/791
f 799/1908/789 801/1910/791 802/1911/792
f 799/1912/789 802/1913/792 803/1914/793
f 799/1912/789 803/1914/793 804/1915/794
f 799/1908/789 804/1916/794 800/1909/790
f 805/1917/795 800/1909/790 804/1916/794
f 805/1917/795 804/1916/794 803/1918/793
f 805/1917/795 803/1918/793 806/1919/796
f 805/1917/795 806/1919/796 801/1910/791
f 805/1917/795 801/1910/791 800/1909/790
f 807/1920/797 808/1921/798 809/1922/799
f 807/1920/797 809/1922/799 810/1923/800
f 807/1920/797 810/1923/800 811/1924/801
f 807/1925/797 811/1926/801 812/1927/802
f 807/1925/797 812/1927/802 808/1928/798
f 813/1929/803 808/1930/798 812/1931/802
f 813/1929/803 812/1931/802 814/1932/804
f 813/1929/803 814/1932/804 810/1933/800
f 813/1929/803 810/1933/800 809/1934/799
f 813/1929/803 809/1934/799 808/1930/798
f 756/1935/745 754/1936/743 815/1937/805
f 756/1782/745 815/1938/805 816/1939/806
f 756/1782/745 816/1939/806 757/1940/746
f 756/1782/745 757/1940/746 648/1506/636
f 817/1941/807 733/1942/721 732/1943/720
f 817/1944/807 732/1945/720 752/1872/741
f 817/1944/807 752/1872/741 787/1871/775
f 817/1944/807 787/1871/775 818/1946/808
f 817/1947/807 818/1948/808 772/1949/761
f 817/1950/807 772/1829/761 733/1828/721
f 802/1911/792 801/1910/791 806/1919/796
f 802/1911/792 806/1919/796 803/1918/793
f 811/1951/801 810/1933/800 814/1932/804
f 811/1952/801 814/1953/804 812/1954/802
f 819/1955/809 686/1599/674 685/1598/673
f 819/1955/809 685/1598/673 782/1956/771
f 819/1957/809 782/1958/771 820/1959/810
f 819/1960/809 820/1961/810 821/1962/810
f 819/1963/809 821/1964/810 744/1735/733
f 819/1963/809 744/1735/733 686/1734/674
f 822/1965/811 652/1511/640 651/1510/639
f 822/1965/811 651/1510/639 784/1863/772
f 822/1966/811 784/1967/772 823/1968/812
f 822/1966/811 823/1968/812 820/1959/810
f 822/1966/811 820/1959/810 782/1958/771
f 822/1965/811 782/1855/771 652/1511/640
f 789/1876/777 775/1840/764 824/1969/813
f 789/1970/777 824/1971/813 825/1972/814
f 789/1970/777 825/1972/814 826/1973/815
f 789/1876/777 826/1974/815 790/1877/778
f 827/1975/560 764/1976/560 788/1977/776
f 827/1975/560 788/1977/776 828/1978/816
f 827/1975/560 828/1978/816 829/1979/560
f 827/1975/560 829/1979/560 830/1980/817
f 827/1975/560 830/1980/817 765/1981/754
f 827/1982/560 765/1809/754 764/1808/560
f 703/1638/691 702/1637/690 831/1983/818
f 703/1984/691 831/1985/818 832/1986/819
f 703/1984/691 832/1986/819 767/1817/756
f 703/1984/691 767/1817/756 704/1816/692
f 769/1987/758 762/1988/752 759/1989/747
f 769/1990/758 759/1991/747 833/1992/820
f 769/1993/758 833/1994/820 834/1995/821
f 769/1996/758 834/1997/821 770/1998/759
f 659/1526/647 508/1525/498 835/1999/822
f 659/2000/647 835/2001/822 836/2002/823
f 659/2000/647 836/2002/823 656/2003/644
f 659/1526/647 656/2004/644 655/1527/643
f 837/2005/824 510/1203/500 664/1543/652
f 837/2006/824 664/2007/652 838/2008/825
f 837/2009/824 838/2010/825 839/2011/826
f 837/2012/824 839/2013/826 677/2014/665
f 837/2005/824 677/1579/665 511/1204/501
f 837/2005/824 511/1204/501 510/1203/500
f 840/2015/827 515/1215/503 514/1214/499
f 840/2016/827 514/2017/499 683/2018/671
f 840/2019/827 683/2020/671 841/2021/828
f 840/2019/827 841/2021/828 842/2022/829
f 840/2019/827 842/2022/829 666/2023/654
f 840/2024/827 666/1547/654 515/1546/503
f 683/1594/671 514/1214/499 516/1222/504
f 673/1568/661 518/1567/506 517/1523/505
f 673/1568/661 517/1523/505 658/1522/646
f 673/2025/661 658/2026/646 843/2027/830
f 673/2025/661 843/2027/830 674/2028/662
f 677/2014/665 839/2013/826 844/2029/831
f 677/2014/665 844/2029/831 835/2001/822
f 677/1579/665 835/1999/822 508/1525/498
f 668/2030/656 667/2031/655 845/2032/832
f 668/2030/656 845/2032/832 846/2033/833
f 668/1549/656 846/2034/833 520/1235/508
f 668/1549/656 520/1235/508 519/1234/507
f 682/2035/670 681/2036/669 680/2037/668
f 682/2038/670 680/2039/668 847/2040/834
f 682/2041/670 847/2042/834 848/2043/835
f 682/2041/670 848/2043/835 683/2020/671
f 661/1539/649 520/1235/508 846/2034/833
f 661/2044/649 846/2045/833 849/2046/836
f 661/2047/649 849/2048/836 850/2049/837
f 661/2047/649 850/2049/837 663/2050/651
f 798/1907/788 796/1905/786 851/2051/838
f 798/2052/788 851/2053/838 852/2054/838
f 798/2055/788 852/2056/838 815/2057/805
f 798/2058/788 815/2059/805 753/2060/742
f 815/1937/805 754/1936/743 753/2061/742
f 853/2062/839 772/2063/761 818/2064/808
f 853/2065/839 818/2066/808 854/2067/840
f 853/2065/839 854/2067/840 855/2068/841
f 853/2062/839 855/2069/841 856/2070/842
f 853/2062/839 856/2070/842 773/2071/762
f 853/2062/839 773/2071/762 772/2063/761
f 830/2072/817 829/2073/560 857/2074/843
f 830/2072/817 857/2074/843 824/1971/813
f 830/2075/817 824/2076/813 775/2077/764
f 830/2078/817 775/1840/764 765/1809/754
f 858/2079/844 780/1852/769 779/1851/768
f 858/2080/844 779/2081/768 859/2082/845
f 858/2080/844 859/2082/845 860/2083/846
f 858/2080/844 860/2083/846 861/2084/847
f 858/2080/844 861/2084/847 786/2085/774
f 858/2079/844 786/1870/774 780/1852/769
f 862/2086/848 787/1871/775 786/1870/774
f 862/2087/848 786/2085/774 861/2084/847
f 862/2087/848 861/2084/847 863/2088/560
f 862/2087/848 863/2088/560 854/2089/840
f 862/2087/848 854/2089/840 818/2090/808
f 862/2086/848 818/1946/808 787/1871/775
f 864/2091/849 865/2092/850 866/2093/851
f 864/2091/849 866/2093/851 867/2094/852
f 864/2091/849 867/2094/852 868/2095/853
f 864/2091/849 868/2095/853 869/2096/854
f 864/2091/849 869/2096/854 865/2092/850
f 870/2097/855 871/2098/856 872/2099/857
f 870/2100/855 872/2101/857 873/2102/858
f 870/2100/855 873/2102/858 874/2103/859
f 870/2100/855 874/2103/859 875/2104/860
f 870/2097/855 875/2105/860 871/2098/856
f 876/2106/861 757/1940/746 816/1939/806
f 876/2106/861 816/1939/806 877/2107/862
f 876/2106/861 877/2107/862 878/2108/863
f 876/2109/861 878/2110/863 879/2111/425
f 876/2112/861 879/2113/425 758/2114/425
f 876/2106/861 758/2115/425 757/1940/746
f 880/2116/864 773/2071/762 856/2070/842
f 880/2117/864 856/2118/842 881/2119/865
f 880/2120/864 881/2121/865 882/2122/866
f 880/2120/864 882/2122/866 883/2123/867
f 880/2120/864 883/2123/867 774/2124/763
f 880/2125/864 774/2126/763 773/2127/762
f 884/2128/868 748/1751/737 747/1750/736
f 884/2128/868 747/1750/736 774/2129/763
f 884/2130/868 774/2124/763 883/2123/867
f 884/2130/868 883/2123/867 828/2131/816
f 884/2132/868 828/2133/816 788/2134/776
f 884/2128/868 788/2135/776 748/1751/737
f 792/2136/869 885/2137/870 791/2138/780
f 792/2139/782 885/2140/871 886/2141/872
f 792/2139/782 886/2141/872 859/2082/845
f 792/1892/782 859/2142/845 779/1893/768
f 887/2143/873 865/2144/850 869/2145/854
f 887/2143/873 869/2145/854 868/2146/853
f 887/2143/873 868/2146/853 867/2147/852
f 887/2143/873 867/2147/852 866/2148/851
f 887/2143/873 866/2148/851 865/2144/850
f 888/2149/874 871/2098/856 875/2105/860
f 888/2150/874 875/2104/860 874/2103/859
f 888/2150/874 874/2103/859 889/2151/875
f 888/2150/874 889/2151/875 890/2152/876
f 888/2149/874 890/2153/876 871/2098/856
f 890/2152/876 889/2151/875 873/2102/858
f 890/2152/876 873/2102/858 872/2101/857
f 890/2153/876 872/2099/857 871/2098/856
f 873/2102/858 889/2151/875 874/2103/859
f 825/1972/814 824/1971/813 891/2154/877
f 825/1972/814 891/2154/877 892/2155/878
f 825/1972/814 892/2155/878 893/2156/879
f 825/1972/814 893/2156/879 826/1973/815
f 894/2157/880 745/1736/734 744/1735/733
f 894/2157/880 744/1735/733 821/1964/810
f 894/2157/880 821/1964/810 895/2158/881
f 894/2157/880 895/2158/881 896/2159/882
f 894/2157/880 896/2159/882 794/2160/784
f 894/2157/880 794/2160/784 745/1736/734
f 897/2161/883 784/1863/772 783/1862/425
f 897/2162/883 783/2163/425 898/2164/425
f 897/2165/883 898/2166/425 899/2167/884
f 897/2168/883 899/2169/884 900/2170/885
f 897/2168/883 900/2170/885 823/1968/812
f 897/2168/883 823/1968/812 784/1967/772
f 832/1986/819 831/1985/818 901/2171/886
f 832/2172/819 901/2173/886 898/2164/425
f 832/2172/819 898/2164/425 783/2163/425
f 832/1986/819 783/1860/425 767/1817/756
f 833/2174/820 759/1790/747 758/1789/425
f 833/2175/820 758/2176/425 879/2177/425
f 833/2175/820 879/2177/425 902/2178/887
f 833/2179/820 902/2180/887 834/2181/821
f 903/2182/690 856/2070/842 855/2069/841
f 903/2182/690 855/2069/841 904/2183/888
f 903/2182/690 904/2183/888 905/2184/889
f 903/2185/690 905/2186/889 906/2187/865
f 903/2188/690 906/2189/865 881/2190/865
f 903/2182/690 881/2191/865 856/2070/842
f 907/2192/560 861/2084/847 860/2083/846
f 907/2193/560 860/2194/846 908/2195/890
f 907/2193/560 908/2195/890 909/2196/891
f 907/2192/560 909/2197/891 863/2088/560
f 907/2192/560 863/2088/560 861/2084/847
f 910/2198/892 828/2199/816 883/2200/867
f 910/2201/892 883/2123/867 882/2122/866
f 910/2202/892 882/2203/866 911/2204/893
f 910/2205/892 911/2206/893 912/2207/560
f 910/2208/892 912/2209/560 829/2073/560
f 910/2210/892 829/1979/560 828/1978/816
f 857/2074/843 829/2073/560 912/2209/560
f 857/2211/843 912/2207/560 913/2212/560
f 857/2211/843 913/2212/560 914/2213/894
f 857/2211/843 914/2213/894 891/2214/877
f 857/2074/843 891/2154/877 824/1971/813
f 915/2215/895 859/2082/845 886/2141/872
f 915/2215/895 886/2141/872 916/2216/896
f 915/2217/895 916/2218/896 917/2219/897
f 915/2217/895 917/2219/897 918/2220/898
f 915/2217/895 918/2220/898 860/2194/846
f 915/2215/895 860/2083/846 859/2082/845
f 892/2155/878 891/2154/877 919/2221/899
f 892/2155/878 919/2221/899 920/2222/900
f 892/2155/878 920/2222/900 921/2223/901
f 892/2155/878 921/2223/901 893/2156/879
f 922/2224/902 923/2225/903 916/2226/896
f 922/2227/902 916/2216/896 886/2141/872
f 922/2228/904 885/2229/870 886/2230/905
f 924/2231/906 795/2232/785 794/2233/784
f 924/2234/906 794/2160/784 896/2159/882
f 924/2234/906 896/2159/882 925/2235/907
f 924/2236/906 925/2237/907 926/2238/908
f 924/2239/906 926/2240/908 927/2241/909
f 924/2242/906 927/2243/909 795/2244/785
f 928/2245/910 795/1904/785 927/2246/909
f 928/2245/910 927/2246/909 929/2247/911
f 928/2245/910 929/2247/911 930/2248/912
f 928/2245/910 930/2248/912 851/2051/838
f 928/2245/910 851/2051/838 796/1905/786
f 928/2245/910 796/1905/786 795/1904/785
f 852/2056/838 851/2249/838 931/2250/912
f 852/2056/838 931/2250/912 877/2251/862
f 852/2056/838 877/2251/862 816/2252/806
f 852/2056/838 816/2252/806 815/2057/805
f 932/2253/913 855/2254/841 854/2255/840
f 932/2256/913 854/2089/840 863/2088/560
f 932/2257/913 863/2258/560 909/2196/891
f 932/2257/913 909/2196/891 933/2259/914
f 932/2253/913 933/2260/914 904/2261/888
f 932/2253/913 904/2261/888 855/2254/841
f 911/2262/893 882/2263/866 934/2264/915
f 911/2265/893 934/2266/915 935/2267/916
f 911/2206/893 935/2268/916 913/2212/560
f 911/2206/893 913/2212/560 912/2207/560
f 918/2220/898 917/2219/897 936/2269/917
f 918/2270/898 936/2271/917 937/2272/918
f 918/2220/898 937/2273/918 908/2195/890
f 918/2220/898 908/2195/890 860/2194/846
f 914/2213/894 913/2212/560 938/2274/919
f 914/2213/894 938/2274/919 939/2275/920
f 914/2213/894 939/2275/920 919/2276/899
f 914/2213/894 919/2276/899 891/2214/877
f 940/2277/921 916/2218/896 923/2278/903
f 940/2279/921 923/2280/903 941/2281/922
f 940/2282/921 941/2283/922 942/2284/923
f 940/2285/921 942/2286/923 943/2287/924
f 940/2277/921 943/2288/924 917/2219/897
f 940/2277/921 917/2219/897 916/2218/896
f 920/2289/900 919/2276/899 944/2290/925
f 920/2289/900 944/2290/925 945/2291/926
f 920/2289/900 945/2291/926 946/2292/927
f 920/2222/900 946/2293/927 921/2223/901
f 947/2294/928 831/1985/818 702/2295/690
f 947/2294/928 702/2295/690 948/2296/929
f 947/2297/928 948/2298/929 949/2299/930
f 947/2297/928 949/2299/930 901/2300/886
f 947/2294/928 901/2171/886 831/1985/818
f 950/2301/931 834/2181/821 902/2180/887
f 950/2301/931 902/2180/887 951/2302/932
f 950/2301/931 951/2302/932 952/2303/933
f 950/2301/931 952/2303/933 770/2304/759
f 950/2301/931 770/2304/759 834/2181/821
f 953/2305/934 905/2184/889 904/2183/888
f 953/2306/934 904/2261/888 933/2260/914
f 953/2306/934 933/2260/914 954/2307/935
f 953/2306/934 954/2307/935 955/2308/936
f 953/2309/934 955/2310/936 956/2311/937
f 953/2309/934 956/2311/937 905/2312/889
f 957/2313/938 905/2314/889 956/2315/937
f 957/2316/938 956/2317/937 958/2318/939
f 957/2319/938 958/2320/939 959/2321/940
f 957/2319/938 959/2321/940 960/2322/941
f 957/2319/938 960/2322/941 906/2323/865
f 957/2324/938 906/2325/865 905/2326/889
f 961/2327/881 821/2328/810 820/1959/810
f 961/2327/881 820/1959/810 823/1968/812
f 961/2327/881 823/1968/812 900/2170/885
f 961/2329/881 900/2330/885 962/2331/942
f 961/2332/881 962/2333/942 895/2334/881
f 961/2335/881 895/2336/881 821/2337/810
f 934/2264/915 882/2263/866 881/2338/865
f 934/2264/915 881/2338/865 906/2323/865
f 934/2264/915 906/2323/865 960/2322/941
f 934/2264/915 960/2322/941 935/2339/916
f 963/2340/560 908/2195/890 937/2273/918
f 963/2341/560 937/2272/918 964/2342/943
f 963/2341/560 964/2342/943 954/2343/935
f 963/2341/560 954/2343/935 933/2344/914
f 963/2340/560 933/2259/914 909/2196/891
f 963/2340/560 909/2196/891 908/2195/890
f 938/2274/919 913/2212/560 935/2268/916
f 938/2274/919 935/2268/916 965/2345/944
f 938/2274/919 965/2345/944 966/2346/945
f 938/2274/919 966/2346/945 967/2347/946
f 938/2274/919 967/2347/946 939/2275/920
f 939/2275/920 967/2347/946 968/2348/947
f 939/2275/920 968/2348/947 969/2349/948
f 939/2275/920 969/2349/948 944/2290/925
f 939/2275/920 944/2290/925 919/2276/899
f 943/2287/924 942/2286/923 970/2350/949
f 943/2287/924 970/2350/949 971/2351/950
f 943/2287/924 971/2351/950 936/2271/917
f 943/2287/924 936/2271/917 917/2352/897
f 972/2353/951 702/2354/690 674/2028/662
f 972/2353/951 674/2028/662 973/2355/952
f 972/2356/951 973/2357/952 974/2358/953
f 972/2359/951 974/2360/953 948/2361/929
f 972/2353/951 948/2362/929 702/2354/690
f 975/2363/954 770/2364/759 952/2365/933
f 975/2366/954 952/2367/933 976/2368/955
f 975/2366/954 976/2368/955 977/2369/956
f 975/2370/954 977/2371/956 679/2372/667
f 975/2373/954 679/2374/667 770/2375/759
f 945/2291/926 944/2290/925 978/2376/957
f 945/2291/926 978/2376/957 979/2377/958
f 945/2291/926 979/2377/958 980/2378/959
f 945/2291/926 980/2378/959 946/2292/927
f 843/2027/830 658/2026/646 981/2379/835
f 843/2380/830 981/2381/835 982/2382/468
f 843/2380/830 982/2382/468 983/2383/960
f 843/2380/830 983/2383/960 973/2384/952
f 843/2027/830 973/2355/952 674/2028/662
f 984/2385/961 664/2386/652 663/2050/651
f 984/2385/961 663/2050/651 985/2387/690
f 984/2388/961 985/2389/690 986/2390/962
f 984/2388/961 986/2390/962 838/2391/825
f 984/2385/961 838/2392/825 664/2386/652
f 850/2393/837 849/2394/836 987/2395/963
f 850/2393/837 987/2395/963 988/2396/964
f 850/2397/837 988/2398/964 989/2399/965
f 850/2397/837 989/2399/965 985/2400/690
f 850/2049/837 985/2387/690 663/2050/651
f 990/2401/966 667/2402/655 666/2023/654
f 990/2401/966 666/2023/654 842/2022/829
f 990/2403/966 842/2404/829 991/2405/967
f 990/2403/966 991/2405/967 992/2406/759
f 990/2401/966 992/2407/759 667/2402/655
f 845/2408/832 667/2409/655 992/2410/759
f 845/2411/832 992/2406/759 993/2412/968
f 845/2411/832 993/2412/968 994/2413/969
f 845/2411/832 994/2413/969 987/2395/963
f 845/2411/832 987/2395/963 849/2394/836
f 845/2414/832 849/2046/836 846/2045/833
f 977/2369/956 976/2368/955 995/2415/970
f 977/2369/956 995/2415/970 996/2416/971
f 977/2417/956 996/2418/971 997/2419/972
f 977/2417/956 997/2419/972 847/2420/834
f 977/2371/956 847/2421/834 679/2372/667
f 847/2040/834 680/2039/668 679/2422/667
f 998/2423/973 656/2003/644 836/2002/823
f 998/2424/973 836/2425/823 999/2426/974
f 998/2424/973 999/2426/974 1000/2427/975
f 998/2423/973 1000/2428/975 657/2429/645
f 998/2423/973 657/2429/645 656/2003/644
f 981/2379/835 658/2026/646 657/2429/645
f 981/2379/835 657/2429/645 1000/2428/975
f 981/2381/835 1000/2427/975 1001/2430/425
f 981/2381/835 1001/2430/425 982/2382/468
f 844/2431/831 839/2432/826 1002/2433/976
f 844/2431/831 1002/2433/976 1003/2434/977
f 844/2431/831 1003/2434/977 836/2425/823
f 844/2029/831 836/2002/823 835/2001/822
f 848/2435/835 847/2420/834 997/2419/972
f 848/2435/835 997/2419/972 1004/2436/978
f 848/2435/835 1004/2436/978 841/2437/828
f 848/2043/835 841/2021/828 683/2020/671
f 1005/2438/979 927/2439/909 926/2440/908
f 1005/2441/979 926/2442/908 1006/2443/980
f 1005/2444/979 1006/2445/980 1007/2446/981
f 1005/2447/979 1007/2448/981 1008/2449/892
f 1005/2447/979 1008/2449/892 929/2450/911
f 1005/2451/979 929/2247/911 927/2246/909
f 930/2452/912 929/2450/911 1009/2453/982
f 930/2452/912 1009/2453/982 1010/2454/983
f 930/2452/912 1010/2454/983 931/2455/912
f 930/2452/912 931/2455/912 851/2456/838
f 1011/2457/984 956/2311/937 955/2310/936
f 1011/2457/984 955/2310/936 1012/2458/985
f 1011/2457/984 1012/2458/985 1013/2459/986
f 1011/2460/984 1013/2461/986 1014/2462/987
f 1011/2460/984 1014/2462/987 958/2318/939
f 1011/2460/984 958/2318/939 956/2317/937
f 1015/2463/988 937/2272/918 936/2271/917
f 1015/2463/988 936/2271/917 971/2351/950
f 1015/2463/988 971/2351/950 1016/2464/989
f 1015/2463/988 1016/2464/989 1017/2465/990
f 1015/2463/988 1017/2465/990 964/2342/943
f 1015/2463/988 964/2342/943 937/2272/918
f 965/2466/944 935/2467/916 960/2468/941
f 965/2466/944 960/2468/941 959/2469/940
f 965/2466/944 959/2469/940 1018/2470/991
f 965/2345/944 1018/2471/991 966/2346/945
f 979/2472/958 978/2473/957 1019/2474/992
f 979/2475/958 1019/2476/992 1020/2477/993
f 979/2478/958 1020/2479/993 1021/2480/994
f 979/2478/958 1021/2480/994 980/2481/959
f 1022/2482/995 877/2251/862 931/2250/912
f 1022/2483/995 931/2484/912 1010/2485/983
f 1022/2483/995 1010/2485/983 1023/2486/996
f 1022/2483/995 1023/2486/996 1024/2487/997
f 1022/2488/995 1024/2489/997 878/2108/863
f 1022/2488/995 878/2108/863 877/2107/862
f 1025/2490/425 898/2491/425 901/2300/886
f 1025/2490/425 901/2300/886 949/2299/930
f 1025/2490/425 949/2299/930 1026/2492/998
f 1025/2490/425 1026/2492/998 1027/2493/425
f 1025/2490/425 1027/2493/425 1028/2494/999
f 1025/2495/425 1028/2496/999 899/2497/884
f 1025/2490/425 899/2498/884 898/2491/425
f 1029/2499/425 902/2178/887 879/2177/425
f 1029/2499/425 879/2177/425 878/2500/863
f 1029/2501/425 878/2502/863 1024/2503/997
f 1029/2504/425 1024/2505/997 1030/2506/425
f 1029/2507/425 1030/2508/425 995/2415/970
f 1029/2507/425 995/2415/970 951/2509/932
f 1029/2510/425 951/2302/932 902/2180/887
f 969/2511/948 968/2512/947 1031/2513/1000
f 969/2511/948 1031/2513/1000 1032/2514/1001
f 969/2511/948 1032/2514/1001 1033/2515/1002
f 969/2511/948 1033/2515/1002 978/2516/957
f 969/2349/948 978/2376/957 944/2290/925
f 942/2517/923 941/2518/922 1034/2519/1003
f 942/2517/923 1034/2519/1003 1035/2520/1004
f 942/2286/923 1035/2521/1004 970/2350/949
f 966/2522/945 1018/2523/991 1036/2524/1005
f 966/2522/945 1036/2524/1005 968/2512/947
f 966/2346/945 968/2348/947 967/2347/946
f 1037/2525/1006 955/2308/936 954/2307/935
f 1037/2526/1006 954/2343/935 964/2342/943
f 1037/2526/1006 964/2342/943 1017/2465/990
f 1037/2527/1006 1017/2528/990 1038/2529/1007
f 1037/2530/1006 1038/2531/1007 1012/2532/985
f 1037/2533/1006 1012/2534/985 955/2535/936
f 1020/2477/993 1019/2476/992 1039/2536/1008
f 1020/2477/993 1039/2536/1008 1040/2537/1009
f 1020/2477/993 1040/2537/1009 1021/2538/994
f 1036/2539/1005 1018/2540/991 1041/2541/1010
f 1036/2539/1005 1041/2541/1010 1042/2542/1011
f 1036/2539/1005 1042/2542/1011 1032/2543/1001
f 1036/2524/1005 1032/2514/1001 1031/2513/1000
f 1036/2524/1005 1031/2513/1000 968/2512/947
f 1043/2544/1012 971/2545/950 970/2546/949
f 1043/2544/1012 970/2546/949 1044/2547/1013
f 1043/2544/1012 1044/2547/1013 1045/2548/1014
f 1043/2544/1012 1045/2548/1014 1046/2549/1015
f 1043/2544/1012 1046/2549/1015 1016/2550/989
f 1043/2544/1012 1016/2550/989 971/2545/950
f 1033/2551/1002 1032/2552/1001 1047/2553/1016
f 1033/2551/1002 1047/2553/1016 1048/2554/1017
f 1033/2551/1002 1048/2554/1017 1019/2555/992
f 1033/2551/1002 1019/2555/992 978/2556/957
f 1044/2547/1013 970/2546/949 1035/2557/1004
f 1044/2547/1013 1035/2557/1004 1049/2558/1018
f 1044/2547/1013 1049/2558/1018 1050/2559/1019
f 1044/2547/1013 1050/2559/1019 1051/2560/1020
f 1044/2547/1013 1051/2560/1020 1045/2548/1014
f 1052/2561/1021 1053/2562/1022 1049/2558/1018
f 1052/2561/1021 1049/2558/1018 1035/2557/1004
f 1052/2563/1023 1034/2564/1024 1035/2565/1025
f 1054/2566/1026 1055/2567/1027 1056/2568/1028
f 1054/2569/1026 1056/2570/1028 1057/2571/1029
f 1054/2569/1026 1057/2571/1029 1058/2572/1030
f 1054/2569/1026 1058/2572/1030 1059/2573/1031
f 1054/2569/1026 1059/2573/1031 1060/2574/1032
f 1054/2566/1026 1060/2575/1032 1055/2567/1027
f 1061/2576/1033 1055/2567/1027 1060/2575/1032
f 1061/2577/1033 1060/2574/1032 1059/2573/1031
f 1061/2577/1033 1059/2573/1031 1062/2578/1034
f 1061/2576/1033 1062/2579/1034 1056/2568/1028
f 1061/2576/1033 1056/2568/1028 1055/2567/1027
f 1062/2578/1034 1059/2573/1031 1058/2572/1030
f 1062/2578/1034 1058/2572/1030 1057/2571/1029
f 1062/2578/1034 1057/2571/1029 1056/2570/1028
f 1026/2492/998 949/2299/930 948/2298/929
f 1026/2580/998 948/2361/929 974/2360/953
f 1026/2580/998 974/2360/953 973/2581/952
f 1026/2582/998 973/2384/952 983/2383/960
f 1026/2583/998 983/2584/960 1027/2585/425
f 995/2415/970 976/2368/955 952/2367/933
f 995/2415/970 952/2367/933 951/2509/932
f 1063/2586/1035 958/2587/939 1014/2588/987
f 1063/2586/1035 1014/2588/987 1064/2589/1036
f 1063/2586/1035 1064/2589/1036 1041/2590/1010
f 1063/2586/1035 1041/2590/1010 1018/2591/991
f 1063/2586/1035 1018/2591/991 959/2592/940
f 1063/2586/1035 959/2592/940 958/2587/939
f 1065/2593/1037 1013/2459/986 1012/2458/985
f 1065/2594/1037 1012/2595/985 1038/2596/1007
f 1065/2597/1037 1038/2598/1007 1066/2599/1038
f 1065/2593/1037 1066/2600/1038 1067/2601/1039
f 1065/2593/1037 1067/2601/1039 1068/2602/1040
f 1065/2593/1037 1068/2602/1040 1013/2459/986
f 1069/2603/1041 1013/2461/986 1068/2604/1040
f 1069/2603/1041 1068/2604/1040 1070/2605/1042
f 1069/2606/1041 1070/2607/1042 1071/2608/1043
f 1069/2606/1041 1071/2608/1043 1064/2589/1036
f 1069/2606/1041 1064/2589/1036 1014/2588/987
f 1069/2603/1041 1014/2462/987 1013/2461/986
f 1072/2609/1044 1016/2550/989 1046/2549/1015
f 1072/2609/1044 1046/2549/1015 1073/2610/1045
f 1072/2609/1044 1073/2610/1045 1066/2611/1038
f 1072/2609/1044 1066/2611/1038 1038/2529/1007
f 1072/2609/1044 1038/2529/1007 1017/2528/990
f 1072/2609/1044 1017/2528/990 1016/2550/989
f 1042/2612/1011 1041/2613/1010 1074/2614/1046
f 1042/2612/1011 1074/2614/1046 1075/2615/1047
f 1042/2612/1011 1075/2615/1047 1047/2553/1016
f 1042/2612/1011 1047/2553/1016 1032/2552/1001
f 1076/2616/1048 1019/2555/992 1048/2554/1017
f 1076/2616/1048 1048/2554/1017 1077/2617/1049
f 1076/2618/1048 1077/2619/1049 1078/2620/1050
f 1076/2618/1048 1078/2620/1050 1079/2621/1051
f 1076/2622/1048 1079/2623/1051 1039/2536/1008
f 1076/2622/1048 1039/2536/1008 1019/2476/992
f 1050/2559/1019 1049/2558/1018 1053/2562/1022
f 1050/2559/1019 1053/2562/1022 1080/2624/1052
f 1050/2625/1019 1080/2626/1052 1081/2627/1053
f 1050/2625/1019 1081/2627/1053 1051/2628/1020
f 1082/2629/1054 1040/2537/1009 1039/2536/1008
f 1082/2629/1054 1039/2536/1008 1079/2623/1051
f 1082/2629/1054 1079/2623/1051 1083/2630/1055
f 1084/2631/942 896/2159/882 895/2158/881
f 1084/2632/942 895/2633/881 962/2634/942
f 1084/2635/942 962/2636/942 1085/2637/1056
f 1084/2638/942 1085/2639/1056 1086/2640/1057
f 1084/2638/942 1086/2640/1057 925/2237/907
f 1084/2638/942 925/2237/907 896/2641/882
f 1087/2642/1058 900/2330/885 899/2497/884
f 1087/2642/1058 899/2497/884 1028/2496/999
f 1087/2642/1058 1028/2496/999 1088/2643/1059
f 1087/2644/1058 1088/2645/1059 1085/2637/1056
f 1087/2644/1058 1085/2637/1056 962/2636/942
f 1087/2642/1058 962/2331/942 900/2330/885
f 1008/2646/892 1007/2647/981 1089/2648/1060
f 1008/2646/892 1089/2648/1060 1090/2649/1061
f 1008/2449/892 1090/2650/1061 1009/2453/982
f 1008/2449/892 1009/2453/982 929/2450/911
f 1091/2651/1062 1068/2602/1040 1067/2601/1039
f 1091/2651/1062 1067/2601/1039 1092/2652/1063
f 1091/2651/1062 1092/2652/1063 1093/2653/1064
f 1091/2654/1062 1093/2655/1064 1094/2656/1065
f 1091/2654/1062 1094/2656/1065 1070/2605/1042
f 1091/2654/1062 1070/2605/1042 1068/2604/1040
f 1095/2657/1066 1096/2658/1067 1097/2659/1068
f 1095/2657/1066 1097/2659/1068 1098/2660/1069
f 1095/2657/1066 1098/2660/1069 1099/2661/1070
f 1095/2657/1066 1099/2661/1070 1100/2662/1071
f 1095/2663/1066 1100/2664/1071 1101/2665/1072
f 1095/2663/1066 1101/2665/1072 1096/2666/1067
f 1102/2667/1073 1047/2553/1016 1075/2615/1047
f 1102/2667/1073 1075/2615/1047 1103/2668/1074
f 1102/2667/1073 1103/2668/1074 1104/2669/1075
f 1102/2670/1073 1104/2671/1075 1077/2619/1049
f 1102/2667/1073 1077/2617/1049 1048/2554/1017
f 1102/2667/1073 1048/2554/1017 1047/2553/1016
f 1105/2672/1076 1046/2673/1015 1045/2674/1014
f 1105/2672/1076 1045/2674/1014 1106/2675/1077
f 1105/2672/1076 1106/2675/1077 1107/2676/1078
f 1105/2672/1076 1107/2676/1078 1108/2677/1079
f 1105/2672/1076 1108/2677/1079 1073/2678/1045
f 1105/2672/1076 1073/2678/1045 1046/2673/1015
f 1109/2679/1080 1096/2666/1067 1101/2665/1072
f 1109/2679/1080 1101/2665/1072 1100/2664/1071
f 1109/2680/1080 1100/2662/1071 1099/2661/1070
f 1109/2680/1080 1099/2661/1070 1098/2660/1069
f 1109/2680/1080 1098/2660/1069 1097/2659/1068
f 1109/2680/1080 1097/2659/1068 1096/2658/1067
f 1023/2486/996 1010/2485/983 1110/2681/1081
f 1023/2486/996 1110/2681/1081 1111/2682/1082
f 1023/2486/996 1111/2682/1082 1112/2683/1083
f 1023/2486/996 1112/2683/1083 1024/2487/997
f 1030/2684/425 1024/2487/997 1112/2683/1083
f 1030/2684/425 1112/2683/1083 1111/2682/1082
f 1030/2685/425 1111/2686/1082 1113/2687/1084
f 1030/2685/425 1113/2687/1084 1114/2688/1085
f 1030/2685/425 1114/2688/1085 1115/2689/1086
f 1030/2685/425 1115/2689/1086 1116/2690/1087
f 1030/2685/425 1116/2690/1087 1117/2691/1088
f 1030/2685/425 1117/2691/1088 1118/2692/1089
f 1030/2685/425 1118/2692/1089 1119/2693/543
f 1030/2685/425 1119/2693/543 1120/2694/1090
f 1030/2695/425 1120/2696/1090 1121/2697/1091
f 1030/2695/425 1121/2697/1091 1122/2698/1092
f 1030/2695/425 1122/2698/1092 1123/2699/1093
f 1030/2700/425 1123/2701/1093 996/2702/971
f 1030/2508/425 996/2416/971 995/2415/970
f 1074/2703/1046 1041/2590/1010 1064/2589/1036
f 1074/2703/1046 1064/2589/1036 1071/2608/1043
f 1074/2703/1046 1071/2608/1043 1124/2704/1094
f 1074/2614/1046 1124/2705/1094 1075/2615/1047
f 1106/2675/1077 1045/2674/1014 1051/2628/1020
f 1106/2675/1077 1051/2628/1020 1125/2706/1095
f 1106/2675/1077 1125/2706/1095 1126/2707/1096
f 1106/2708/1077 1126/2709/1096 1127/2710/1097
f 1106/2675/1077 1127/2711/1097 1107/2676/1078
f 1081/2712/1053 1080/2713/1052 1128/2714/1098
f 1081/2715/1053 1128/2716/1098 1129/2717/1099
f 1081/2627/1053 1129/2718/1099 1125/2706/1095
f 1081/2627/1053 1125/2706/1095 1051/2628/1020
f 986/2719/962 985/2400/690 989/2399/965
f 986/2719/962 989/2399/965 1130/2720/1100
f 986/2719/962 1130/2720/1100 1131/2721/1101
f 986/2719/962 1131/2721/1101 1132/2722/1102
f 986/2390/962 1132/2723/1102 838/2391/825
f 991/2405/967 842/2404/829 1133/2724/1103
f 991/2405/967 1133/2724/1103 1134/2725/1104
f 991/2405/967 1134/2725/1104 1135/2726/1105
f 991/2405/967 1135/2726/1105 993/2412/968
f 991/2405/967 993/2412/968 992/2406/759
f 1003/2727/977 1002/2728/976 1136/2729/1106
f 1003/2727/977 1136/2729/1106 1137/2730/1107
f 1003/2434/977 1137/2731/1107 999/2426/974
f 1003/2434/977 999/2426/974 836/2425/823
f 1138/2732/1108 842/2404/829 841/2437/828
f 1138/2732/1108 841/2437/828 1004/2436/978
f 1138/2733/1108 1004/2734/978 1139/2735/1109
f 1138/2736/1108 1139/2737/1109 1140/2738/1110
f 1138/2736/1108 1140/2738/1110 1133/2739/1103
f 1138/2732/1108 1133/2724/1103 842/2404/829
f 1141/2740/1111 1000/2427/975 999/2426/974
f 1141/2740/1111 999/2426/974 1137/2731/1107
f 1141/2741/1111 1137/2742/1107 1142/2743/1112
f 1141/2740/1111 1142/2744/1112 1001/2430/425
f 1141/2740/1111 1001/2430/425 1000/2427/975
f 1143/2745/1113 838/2391/825 1132/2723/1102
f 1143/2746/1113 1132/2722/1102 1144/2747/1114
f 1143/2746/1113 1144/2747/1114 1145/2748/1115
f 1143/2746/1113 1145/2748/1115 1002/2728/976
f 1143/2745/1113 1002/2433/976 839/2432/826
f 1143/2745/1113 839/2432/826 838/2391/825
f 1146/2749/1116 1147/2750/1117 1148/2751/1118
f 1146/2749/1116 1148/2751/1118 1149/2752/1119
f 1146/2753/1116 1149/2754/1119 1150/2755/1120
f 1146/2753/1116 1150/2755/1120 1151/2756/1121
f 1146/2757/1116 1151/2758/1121 1152/2759/1122
f 1146/2757/1116 1152/2759/1122 1147/2760/1117
f 1108/2761/1079 1107/2762/1078 1153/2763/1123
f 1108/2761/1079 1153/2763/1123 1154/2764/1053
f 1108/2761/1079 1154/2764/1053 1155/2765/1124
f 1108/2677/1079 1155/2766/1124 1073/2678/1045
f 1108/2767/1125 1147/2760/1117 1152/2759/1122
f 1108/2767/1125 1152/2759/1122 1151/2758/1121
f 1108/2768/1125 1151/2756/1121 1150/2755/1120
f 1108/2768/1125 1150/2755/1120 1149/2754/1119
f 1108/2769/1125 1149/2752/1119 1148/2751/1118
f 1108/2769/1125 1148/2751/1118 1147/2750/1117
f 1124/2704/1094 1071/2608/1043 1156/2770/1126
f 1124/2771/1094 1156/2772/1126 1157/2773/1127
f 1124/2771/1094 1157/2773/1127 1103/2774/1074
f 1124/2705/1094 1103/2668/1074 1075/2615/1047
f 1155/2765/1124 1154/2764/1053 1092/2775/1063
f 1155/2776/1124 1092/2777/1063 1067/2778/1039
f 1155/2779/1124 1067/2780/1039 1066/2781/1038
f 1155/2766/1124 1066/2782/1038 1073/2678/1045
f 1158/2783/1128 1078/2620/1050 1077/2619/1049
f 1158/2783/1128 1077/2619/1049 1159/2784/1129
f 1158/2785/1128 1159/2786/1129 1160/2787/1130
f 1158/2785/1128 1160/2787/1130 1161/2788/1131
f 1158/2785/1128 1161/2788/1131 1162/2789/1132
f 1158/2783/1128 1162/2790/1132 1078/2620/1050
f 1163/2791/1133 1078/2620/1050 1162/2790/1132
f 1163/2792/1133 1162/2789/1132 1164/2793/1134
f 1163/2792/1133 1164/2793/1134 1165/2794/1135
f 1163/2795/1133 1165/2796/1135 1083/2797/1055
f 1163/2791/1133 1083/2798/1055 1079/2621/1051
f 1163/2791/1133 1079/2621/1051 1078/2620/1050
f 1166/2799/1136 1125/2706/1095 1129/2718/1099
f 1166/2800/1136 1129/2801/1099 1167/2802/1137
f 1166/2800/1136 1167/2802/1137 1168/2803/1138
f 1166/2800/1136 1168/2803/1138 1169/2804/1139
f 1166/2799/1136 1169/2805/1139 1126/2707/1096
f 1166/2799/1136 1126/2707/1096 1125/2706/1095
f 1159/2784/1129 1077/2619/1049 1104/2671/1075
f 1159/2784/1129 1104/2671/1075 1157/2773/1127
f 1159/2786/1129 1157/2806/1127 1170/2807/1140
f 1159/2786/1129 1170/2807/1140 1160/2787/1130
f 983/2383/960 982/2382/468 1171/2808/1141
f 983/2809/960 1171/2810/1141 1172/2811/1142
f 983/2812/960 1172/2813/1142 1173/2814/1143
f 983/2812/960 1173/2814/1143 1174/2815/1144
f 983/2812/960 1174/2815/1144 1175/2816/1145
f 983/2817/960 1175/2818/1145 1176/2819/1146
f 983/2820/960 1176/2821/1146 1177/2822/1147
f 983/2820/960 1177/2822/1147 1178/2823/1148
f 983/2820/960 1178/2823/1148 1179/2824/1149
f 983/2825/960 1179/2826/1149 1027/2827/425
f 1180/2828/1150 1027/2829/425 1179/2824/1149
f 1180/2828/1150 1179/2824/1149 1088/2830/1059
f 1180/2828/1150 1088/2830/1059 1028/2831/999
f 1180/2828/1150 1028/2831/999 1027/2829/425
f 1181/2832/1151 1093/2653/1064 1092/2652/1063
f 1181/2833/1151 1092/2775/1063 1154/2764/1053
f 1181/2833/1151 1154/2764/1053 1182/2834/1152
f 1181/2833/1151 1182/2834/1152 1183/2835/1153
f 1181/2832/1151 1183/2836/1153 1184/2837/1154
f 1181/2832/1151 1184/2837/1154 1093/2653/1064
f 1185/2838/1155 1093/2655/1064 1184/2839/1154
f 1185/2838/1155 1184/2839/1154 1186/2840/1156
f 1185/2838/1155 1186/2840/1156 1187/2841/1157
f 1185/2838/1155 1187/2841/1157 1188/2842/1158
f 1185/2838/1155 1188/2842/1158 1094/2656/1065
f 1185/2838/1155 1094/2656/1065 1093/2655/1064
f 1157/2773/1127 1104/2671/1075 1103/2774/1074
f 1127/2710/1097 1126/2709/1096 1189/2843/1159
f 1127/2710/1097 1189/2843/1159 1190/2844/1160
f 1127/2710/1097 1190/2844/1160 1153/2763/1123
f 1127/2710/1097 1153/2763/1123 1107/2762/1078
f 1191/2845/1161 1162/2789/1132 1161/2788/1131
f 1191/2846/1161 1161/2847/1131 1192/2848/1162
f 1191/2846/1161 1192/2848/1162 1193/2849/1163
f 1191/2850/1161 1193/2851/1163 1194/2852/1164
f 1191/2850/1161 1194/2852/1164 1164/2853/1134
f 1191/2845/1161 1164/2793/1134 1162/2789/1132
f 1195/2854/1165 1196/2855/1166 1167/2856/1137
f 1195/2854/1165 1167/2856/1137 1129/2717/1099
f 1195/2854/1165 1129/2717/1099 1128/2716/1098
f 1197/2857/1167 1165/2858/1135 1164/2859/1134
f 1197/2860/1167 1164/2853/1134 1194/2852/1164
f 1197/2860/1167 1194/2852/1164 1196/2861/1166
f 988/2396/964 987/2395/963 1198/2862/1168
f 988/2398/964 1198/2863/1168 1199/2864/1169
f 988/2398/964 1199/2864/1169 1200/2865/1170
f 988/2398/964 1200/2865/1170 1130/2720/1100
f 988/2398/964 1130/2720/1100 989/2399/965
f 994/2413/969 993/2412/968 1135/2726/1105
f 994/2413/969 1135/2726/1105 1201/2866/1171
f 994/2413/969 1201/2866/1171 1202/2867/1172
f 994/2868/969 1202/2869/1172 1203/2870/1173
f 994/2413/969 1203/2871/1173 987/2395/963
f 1204/2872/1174 1007/2873/981 1006/2874/980
f 1204/2875/1174 1006/2876/980 1205/2877/1175
f 1204/2875/1174 1205/2877/1175 1206/2878/1176
f 1204/2875/1174 1206/2878/1176 1207/2879/1177
f 1204/2880/1174 1207/2881/1177 1089/2882/1060
f 1204/2883/1174 1089/2884/1060 1007/2885/981
f 1208/2886/1178 1009/2887/982 1090/2649/1061
f 1208/2886/1178 1090/2649/1061 1209/2888/1179
f 1208/2886/1178 1209/2888/1179 1210/2889/1180
f 1208/2890/1178 1210/2891/1180 1211/2892/1181
f 1208/2890/1178 1211/2892/1181 1010/2893/983
f 1208/2890/1178 1010/2893/983 1009/2894/982
f 1156/2770/1126 1071/2608/1043 1070/2607/1042
f 1156/2770/1126 1070/2607/1042 1094/2895/1065
f 1156/2770/1126 1094/2895/1065 1188/2896/1158
f 1156/2770/1126 1188/2896/1158 1157/2897/1127
f 1169/2804/1139 1168/2803/1138 1192/2898/1162
f 1169/2804/1139 1192/2898/1162 1212/2899/1182
f 1169/2804/1139 1212/2899/1182 1189/2900/1159
f 1169/2804/1139 1189/2900/1159 1126/2901/1096
f 1168/2803/1138 1167/2802/1137 1194/2902/1164
f 1168/2803/1138 1194/2902/1164 1193/2903/1163
f 1168/2803/1138 1193/2903/1163 1192/2898/1162
f 1194/2852/1164 1167/2904/1137 1196/2861/1166
f 1211/2892/1181 1210/2891/1180 1213/2905/1183
f 1211/2906/1181 1213/2907/1183 1214/2908/1184
f 1211/2906/1181 1214/2908/1184 1110/2681/1081
f 1211/2906/1181 1110/2681/1081 1010/2485/983
f 1131/2721/1101 1130/2720/1100 1200/2865/1170
f 1131/2721/1101 1200/2865/1170 1215/2909/1185
f 1131/2721/1101 1215/2909/1185 1132/2722/1102
f 1134/2725/1104 1133/2724/1103 1216/2910/1186
f 1134/2725/1104 1216/2910/1186 1201/2866/1171
f 1134/2725/1104 1201/2866/1171 1135/2726/1105
f 1217/2911/1187 996/2702/971 1218/2912/1188
f 1217/2913/1187 1218/2914/1188 1219/2915/1189
f 1217/2916/1187 1219/2917/1189 1139/2737/1109
f 1217/2911/1187 1139/2735/1109 1004/2734/978
f 1217/2911/1187 1004/2734/978 997/2918/972
f 1217/2911/1187 997/2918/972 996/2702/971
f 1220/2919/1190 996/2702/971 1123/2701/1093
f 1220/2920/1190 1123/2699/1093 1221/2921/1191
f 1220/2920/1190 1221/2921/1191 1222/2922/1192
f 1220/2920/1190 1222/2922/1192 1223/2923/1193
f 1220/2919/1190 1223/2924/1193 996/2702/971
f 1218/2912/1188 996/2702/971 1223/2924/1193
f 1218/2925/1188 1223/2923/1193 1224/2926/1194
f 1218/2925/1188 1224/2926/1194 1225/2927/1195
f 1218/2928/1188 1225/2929/1195 1226/2930/1196
f 1218/2928/1188 1226/2930/1196 1219/2931/1189
f 1140/2738/1110 1139/2737/1109 1227/2932/1197
f 1140/2738/1110 1227/2932/1197 1228/2933/1198
f 1140/2738/1110 1228/2933/1198 1202/2869/1172
f 1140/2738/1110 1202/2869/1172 1216/2934/1186
f 1140/2738/1110 1216/2934/1186 1133/2739/1103
f 1171/2808/1141 982/2382/468 1001/2430/425
f 1171/2808/1141 1001/2430/425 1142/2744/1112
f 1171/2935/1141 1142/2743/1112 1229/2936/1199
f 1171/2937/1141 1229/2938/1199 1172/2939/1142
f 1145/2940/1115 1144/2941/1114 1230/2942/1200
f 1145/2940/1115 1230/2942/1200 1231/2943/1201
f 1145/2940/1115 1231/2943/1201 1232/2944/1202
f 1145/2940/1115 1232/2944/1202 1136/2945/1106
f 1145/2748/1115 1136/2729/1106 1002/2728/976
f 1233/2946/1203 1132/2722/1102 1215/2909/1185
f 1233/2946/1203 1215/2909/1185 1199/2864/1169
f 1233/2947/1203 1199/2948/1169 1234/2949/1204
f 1233/2947/1203 1234/2949/1204 1230/2942/1200
f 1233/2947/1203 1230/2942/1200 1144/2941/1114
f 1233/2946/1203 1144/2747/1114 1132/2722/1102
f 1203/2870/1173 1202/2869/1172 1235/2950/1205
f 1203/2870/1173 1235/2950/1205 1236/2951/1206
f 1203/2870/1173 1236/2951/1206 1198/2952/1168
f 1203/2870/1173 1198/2952/1168 987/2953/963
f 1237/2954/1207 1184/2837/1154 1183/2836/1153
f 1237/2955/1207 1183/2956/1153 1238/2957/1208
f 1237/2955/1207 1238/2957/1208 1239/2958/1209
f 1237/2955/1207 1239/2958/1209 1186/2840/1156
f 1237/2955/1207 1186/2840/1156 1184/2839/1154
f 1240/2959/1210 1161/2847/1131 1160/2960/1130
f 1240/2959/1210 1160/2960/1130 1241/2961/1211
f 1240/2959/1210 1241/2961/1211 1242/2962/1212
f 1240/2959/1210 1242/2962/1212 1212/2963/1182
f 1240/2959/1210 1212/2963/1182 1192/2848/1162
f 1240/2959/1210 1192/2848/1162 1161/2847/1131
f 1199/2864/1169 1215/2909/1185 1200/2865/1170
f 1202/2869/1172 1201/2964/1171 1216/2934/1186
f 1170/2807/1140 1157/2806/1127 1243/2965/1213
f 1170/2966/1140 1243/2967/1213 1244/2968/1214
f 1170/2966/1140 1244/2968/1214 1241/2961/1211
f 1170/2966/1140 1241/2961/1211 1160/2960/1130
f 1242/2962/1212 1241/2961/1211 1245/2969/1215
f 1242/2970/1212 1245/2971/1215 1190/2972/1160
f 1242/2970/1212 1190/2972/1160 1189/2900/1159
f 1242/2970/1212 1189/2900/1159 1212/2899/1182
f 1182/2834/1152 1154/2764/1053 1153/2763/1123
f 1182/2973/1152 1153/2974/1123 1190/2972/1160
f 1182/2973/1152 1190/2972/1160 1245/2971/1215
f 1182/2834/1152 1245/2975/1215 1183/2835/1153
f 1243/2965/1213 1157/2806/1127 1188/2976/1158
f 1243/2977/1213 1188/2842/1158 1187/2841/1157
f 1243/2967/1213 1187/2978/1157 1244/2968/1214
f 1205/2877/1175 1006/2876/980 926/2238/908
f 1205/2877/1175 926/2238/908 925/2237/907
f 1205/2877/1175 925/2237/907 1086/2640/1057
f 1205/2877/1175 1086/2640/1057 1206/2878/1176
f 1187/2841/1157 1186/2840/1156 1239/2958/1209
f 1187/2841/1157 1239/2958/1209 1238/2957/1208
f 1187/2841/1157 1238/2957/1208 1244/2979/1214
f 1245/2969/1215 1241/2961/1211 1244/2968/1214
f 1245/2975/1215 1244/2980/1214 1238/2981/1208
f 1245/2975/1215 1238/2981/1208 1183/2835/1153
f 1089/2982/1060 1207/2983/1177 1246/2984/1216
f 1089/2985/1060 1246/2986/1216 1247/2987/1217
f 1089/2985/1060 1247/2987/1217 1248/2988/1218
f 1089/2989/1060 1248/2990/1218 1249/2991/1219
f 1089/2648/1060 1249/2992/1219 1090/2649/1061
f 1209/2888/1179 1090/2649/1061 1249/2992/1219
f 1209/2888/1179 1249/2992/1219 1250/2993/1220
f 1209/2888/1179 1250/2993/1220 1251/2994/1221
f 1209/2888/1179 1251/2994/1221 1210/2889/1180
f 1214/2908/1184 1213/2907/1183 1252/2995/1222
f 1214/2908/1184 1252/2995/1222 1114/2996/1085
f 1214/2908/1184 1114/2996/1085 1113/2997/1084
f 1214/2908/1184 1113/2997/1084 1110/2681/1081
f 1110/2681/1081 1113/2997/1084 1111/2682/1082
f 1232/2998/1202 1231/2999/1201 1253/3000/1223
f 1232/2998/1202 1253/3000/1223 1254/3001/1224
f 1232/2998/1202 1254/3001/1224 1255/3002/1225
f 1232/2944/1202 1255/3003/1225 1137/2742/1107
f 1232/2944/1202 1137/2742/1107 1136/2945/1106
f 1255/3002/1225 1254/3001/1224 1256/3004/1226
f 1255/3002/1225 1256/3004/1226 1229/3005/1199
f 1255/3003/1225 1229/2936/1199 1142/2743/1112
f 1255/3003/1225 1142/2743/1112 1137/2742/1107
f 1257/3006/1227 1199/2948/1169 1198/3007/1168
f 1257/3008/1227 1198/3009/1168 1236/3010/1206
f 1257/3011/1227 1236/3012/1206 1258/3013/1228
f 1257/3011/1227 1258/3013/1228 1259/3014/1229
f 1257/3006/1227 1259/3015/1229 1199/2948/1169
f 1259/3014/1229 1258/3013/1228 1260/3016/1230
f 1259/3014/1229 1260/3016/1230 1261/3017/1231
f 1259/3014/1229 1261/3017/1231 1234/3018/1204
f 1259/3015/1229 1234/2949/1204 1199/2948/1169
f 1228/3019/1198 1227/3020/1197 1262/3021/1232
f 1228/3022/1198 1262/3023/1232 1263/3024/1233
f 1228/3025/1198 1263/3026/1233 1235/3027/1205
f 1228/2933/1198 1235/2950/1205 1202/2869/1172
f 1219/3028/1189 1226/3029/1196 1264/3030/1234
f 1219/3031/1189 1264/3032/1234 1227/3033/1197
f 1219/2917/1189 1227/2932/1197 1139/2737/1109
f 1248/2988/1218 1247/2987/1217 1265/3034/1235
f 1248/3035/1218 1265/3036/1235 1266/3037/1236
f 1248/3038/1218 1266/3039/1236 1267/3040/1237
f 1248/2990/1218 1267/3041/1237 1268/3042/1238
f 1248/2990/1218 1268/3042/1238 1269/3043/1239
f 1248/2990/1218 1269/3043/1239 1270/3044/1240
f 1248/2990/1218 1270/3044/1240 1271/3045/1241
f 1248/2990/1218 1271/3045/1241 1250/3046/1220
f 1248/2990/1218 1250/3046/1220 1249/2991/1219
f 1272/3047/1242 1210/2889/1180 1251/2994/1221
f 1272/3047/1242 1251/2994/1221 1273/3048/1243
f 1272/3047/1242 1273/3048/1243 1274/3049/1244
f 1272/3050/1242 1274/3051/1244 1275/3052/1245
f 1272/3050/1242 1275/3052/1245 1213/2905/1183
f 1272/3050/1242 1213/2905/1183 1210/2891/1180
f 1275/3052/1245 1274/3051/1244 1276/3053/1246
f 1275/3054/1245 1276/3055/1246 1277/3056/1247
f 1275/3057/1245 1277/3058/1247 1252/2995/1222
f 1275/3057/1245 1252/2995/1222 1213/2907/1183
f 1271/3045/1241 1270/3044/1240 1273/3059/1243
f 1271/3060/1241 1273/3048/1243 1251/2994/1221
f 1271/3060/1241 1251/2994/1221 1250/2993/1220
f 1277/3056/1247 1276/3055/1246 1278/3061/1248
f 1277/3056/1247 1278/3061/1248 1116/3062/1087
f 1277/3056/1247 1116/3062/1087 1115/3063/1086
f 1277/3056/1247 1115/3063/1086 1252/3064/1222
f 1252/2995/1222 1115/3065/1086 1114/2996/1085
f 1279/3066/1249 1247/3067/1217 1246/3068/1216
f 1279/3066/1249 1246/3068/1216 1280/3069/1250
f 1279/3066/1249 1280/3069/1250 1281/3070/1251
f 1279/3071/1249 1281/3072/1251 1282/3073/1252
f 1279/3071/1249 1282/3073/1252 1265/3034/1235
f 1279/3071/1249 1265/3034/1235 1247/2987/1217
f 1283/3074/1253 1086/2640/1057 1085/2639/1056
f 1283/3075/1253 1085/2637/1056 1284/3076/1254
f 1283/3077/1253 1284/3078/1254 1285/3079/1255
f 1283/3080/1253 1285/3081/1255 1286/3082/1256
f 1283/3074/1253 1286/3083/1256 1206/2878/1176
f 1283/3074/1253 1206/2878/1176 1086/2640/1057
f 1287/3084/1257 1085/2637/1056 1088/2645/1059
f 1287/3085/1257 1088/2830/1059 1179/2824/1149
f 1287/3085/1257 1179/2824/1149 1178/2823/1148
f 1287/3086/1257 1178/3087/1148 1288/3088/1258
f 1287/3084/1257 1288/3089/1258 1284/3076/1254
f 1287/3084/1257 1284/3076/1254 1085/2637/1056
f 1289/3090/1259 1122/2698/1092 1290/3091/1260
f 1289/3090/1259 1290/3091/1260 1291/3092/1261
f 1289/3090/1259 1291/3092/1261 1292/3093/1251
f 1289/3090/1259 1292/3093/1251 1221/2921/1191
f 1289/3090/1259 1221/2921/1191 1123/2699/1093
f 1289/3090/1259 1123/2699/1093 1122/2698/1092
f 1290/3091/1260 1122/2698/1092 1121/2697/1091
f 1290/3094/1260 1121/3095/1091 1120/3096/1090
f 1290/3094/1260 1120/3096/1090 1293/3097/1262
f 1290/3094/1260 1293/3097/1262 1291/3098/1261
f 1294/3099/1263 1246/3068/1216 1295/3100/1264
f 1294/3099/1263 1295/3100/1264 1296/3101/1265
f 1294/3099/1263 1296/3101/1265 1297/3102/1266
f 1294/3099/1263 1297/3102/1266 1298/3103/1267
f 1294/3099/1263 1298/3103/1267 1280/3069/1250
f 1294/3099/1263 1280/3069/1250 1246/3068/1216
f 1207/3104/1177 1206/3105/1176 1286/3082/1256
f 1207/3104/1177 1286/3082/1256 1299/3106/1268
f 1207/3107/1177 1299/3108/1268 1295/3109/1264
f 1207/2983/1177 1295/3110/1264 1246/2984/1216
f 1281/3070/1251 1280/3069/1250 1300/3111/1269
f 1281/3070/1251 1300/3111/1269 1301/3112/1269
f 1281/3113/1251 1301/3114/1269 1292/3115/1251
f 1281/3072/1251 1292/3116/1251 1282/3073/1252
f 1301/3117/1269 1300/3118/1269 1302/3119/1270
f 1301/3120/1269 1302/3121/1270 1221/2921/1191
f 1301/3120/1269 1221/2921/1191 1292/3093/1251
f 1291/3098/1261 1293/3097/1262 1303/3122/1271
f 1291/3123/1261 1303/3124/1271 1304/3125/1272
f 1291/3126/1261 1304/3127/1272 1282/3128/1252
f 1291/3129/1261 1282/3130/1252 1292/3131/1251
f 1298/3103/1267 1297/3102/1266 1305/3132/1273
f 1298/3103/1267 1305/3132/1273 1302/3133/1270
f 1298/3103/1267 1302/3133/1270 1300/3111/1269
f 1298/3103/1267 1300/3111/1269 1280/3069/1250
f 1304/3125/1272 1303/3124/1271 1306/3134/1274
f 1304/3135/1272 1306/3136/1274 1307/3137/1275
f 1304/3135/1272 1307/3137/1275 1308/3138/1276
f 1304/3127/1272 1308/3139/1276 1265/3036/1235
f 1304/3127/1272 1265/3036/1235 1282/3128/1252
f 1308/3138/1276 1307/3137/1275 1267/3041/1237
f 1308/3138/1276 1267/3041/1237 1266/3140/1236
f 1308/3139/1276 1266/3037/1236 1265/3036/1235
f 1309/3141/1277 1273/3059/1243 1270/3044/1240
f 1309/3141/1277 1270/3044/1240 1310/3142/1278
f 1309/3141/1277 1310/3142/1278 1311/3143/1279
f 1309/3141/1277 1311/3143/1279 1312/3144/1280
f 1309/3141/1277 1312/3144/1280 1274/3145/1244
f 1309/3141/1277 1274/3145/1244 1273/3059/1243
f 1312/3146/1280 1311/3147/1279 1313/3148/1281
f 1312/3146/1280 1313/3148/1281 1314/3149/1282
f 1312/3146/1280 1314/3149/1282 1276/3053/1246
f 1312/3146/1280 1276/3053/1246 1274/3051/1244
f 1278/3061/1248 1276/3055/1246 1314/3150/1282
f 1278/3061/1248 1314/3150/1282 1313/3151/1281
f 1278/3061/1248 1313/3151/1281 1315/3152/1283
f 1278/3061/1248 1315/3152/1283 1116/3062/1087
f 1302/3121/1270 1305/3153/1273 1316/3154/1284
f 1302/3121/1270 1316/3154/1284 1224/2926/1194
f 1302/3121/1270 1224/2926/1194 1222/2922/1192
f 1302/3121/1270 1222/2922/1192 1221/2921/1191
f 1299/3106/1268 1286/3082/1256 1317/3155/1285
f 1299/3106/1268 1317/3155/1285 1318/3156/1286
f 1299/3157/1268 1318/3158/1286 1296/3159/1265
f 1299/3160/1268 1296/3161/1265 1295/3162/1264
f 1310/3142/1278 1270/3044/1240 1269/3043/1239
f 1310/3142/1278 1269/3043/1239 1319/3163/1287
f 1310/3142/1278 1319/3163/1287 1320/3164/1288
f 1310/3142/1278 1320/3164/1288 1311/3143/1279
f 1315/3152/1283 1313/3151/1281 1321/3165/1289
f 1315/3152/1283 1321/3165/1289 1322/3166/1290
f 1315/3152/1283 1322/3166/1290 1117/3167/1088
f 1315/3152/1283 1117/3167/1088 1116/3062/1087
f 1319/3163/1287 1269/3043/1239 1268/3042/1238
f 1319/3163/1287 1268/3042/1238 1307/3137/1275
f 1319/3163/1287 1307/3137/1275 1306/3136/1274
f 1319/3163/1287 1306/3136/1274 1320/3164/1288
f 1322/3166/1290 1321/3165/1289 1323/3168/1274
f 1322/3166/1290 1323/3168/1274 1324/3169/1291
f 1322/3166/1290 1324/3169/1291 1118/3170/1089
f 1322/3166/1290 1118/3170/1089 1117/3167/1088
f 1267/3041/1237 1307/3137/1275 1268/3042/1238
f 1320/3171/1288 1306/3134/1274 1323/3172/1274
f 1320/3171/1288 1323/3172/1274 1321/3173/1289
f 1320/3171/1288 1321/3173/1289 1311/3147/1279
f 1311/3147/1279 1321/3173/1289 1313/3148/1281
f 1224/2926/1194 1223/2923/1193 1222/2922/1192
f 1119/3174/543 1118/3170/1089 1324/3169/1291
f 1119/3174/543 1324/3169/1291 1293/3175/1262
f 1119/3174/543 1293/3175/1262 1120/3176/1090
f 1303/3177/1271 1293/3175/1262 1324/3169/1291
f 1303/3177/1271 1324/3169/1291 1323/3168/1274
f 1303/3124/1271 1323/3172/1274 1306/3134/1274
f 1325/3178/1292 1284/3179/1254 1288/3088/1258
f 1325/3178/1292 1288/3088/1258 1326/3180/1293
f 1325/3178/1292 1326/3180/1293 1327/3181/1294
f 1325/3182/1292 1327/3183/1294 1328/3184/1295
f 1325/3182/1292 1328/3184/1295 1285/3081/1255
f 1325/3182/1292 1285/3081/1255 1284/3185/1254
f 1329/3186/1296 1296/3187/1265 1318/3188/1286
f 1329/3189/1296 1318/3190/1286 1330/3191/1297
f 1329/3192/1296 1330/3193/1297 1331/3194/981
f 1329/3195/1296 1331/3196/981 1332/3197/1298
f 1329/3195/1296 1332/3197/1298 1297/3198/1266
f 1329/3199/1296 1297/3102/1266 1296/3101/1265
f 1332/3197/1298 1331/3196/981 1333/3200/1299
f 1332/3197/1298 1333/3200/1299 1334/3201/1300
f 1332/3197/1298 1334/3201/1300 1305/3202/1273
f 1332/3203/1298 1305/3132/1273 1297/3102/1266
f 1334/3201/1300 1333/3200/1299 1335/3204/1301
f 1334/3205/1300 1335/3206/1301 1336/3207/1302
f 1334/3208/1300 1336/3209/1302 1316/3210/1284
f 1334/3211/1300 1316/3212/1284 1305/3213/1273
f 1225/2927/1195 1224/2926/1194 1316/3154/1284
f 1225/3214/1195 1316/3210/1284 1336/3209/1302
f 1225/2929/1195 1336/3215/1302 1226/2930/1196
f 1256/3216/1226 1254/3217/1224 1337/3218/1303
f 1256/3216/1226 1337/3218/1303 1338/3219/1304
f 1256/3220/1226 1338/3221/1304 1339/3222/1305
f 1256/3220/1226 1339/3222/1305 1340/3223/1306
f 1256/3224/1226 1340/3225/1306 1172/2939/1142
f 1256/3224/1226 1172/2939/1142 1229/2938/1199
f 1341/3226/1307 1234/3227/1204 1261/3228/1231
f 1341/3229/1307 1261/3230/1231 1342/3231/1308
f 1341/3229/1307 1342/3231/1308 1343/3232/1309
f 1341/3229/1307 1343/3232/1309 1344/3233/1310
f 1341/3234/1307 1344/3235/1310 1230/3236/1200
f 1341/3237/1307 1230/3238/1200 1234/3239/1204
f 1345/3240/1311 1235/3027/1205 1263/3026/1233
f 1345/3241/1311 1263/3242/1233 1346/3243/1312
f 1345/3244/1311 1346/3245/1312 1347/3246/1313
f 1345/3244/1311 1347/3246/1313 1258/3247/1228
f 1345/3240/1311 1258/3013/1228 1236/3012/1206
f 1345/3240/1311 1236/3012/1206 1235/3027/1205
f 1344/3233/1310 1343/3232/1309 1253/3248/1223
f 1344/3249/1310 1253/3000/1223 1231/2999/1201
f 1344/3250/1310 1231/3251/1201 1230/3252/1200
f 1264/3030/1234 1226/3029/1196 1348/3253/1314
f 1264/3254/1234 1348/3255/1314 1349/3256/1315
f 1264/3257/1234 1349/3258/1315 1262/3023/1232
f 1264/3257/1234 1262/3023/1232 1227/3259/1197
f 1177/3260/1147 1176/3261/1146 1326/3180/1293
f 1177/3260/1147 1326/3180/1293 1288/3088/1258
f 1177/3260/1147 1288/3088/1258 1178/3087/1148
f 1317/3155/1285 1286/3082/1256 1285/3081/1255
f 1317/3155/1285 1285/3081/1255 1328/3184/1295
f 1317/3155/1285 1328/3184/1295 1350/3262/1316
f 1317/3155/1285 1350/3262/1316 1318/3156/1286
f 1351/3263/1317 1336/3215/1302 1335/3264/1301
f 1351/3265/1317 1335/3204/1301 1352/3266/1318
f 1351/3267/1317 1352/3268/1318 1353/3269/1318
f 1351/3270/1317 1353/3271/1318 1226/3272/1196
f 1351/3263/1317 1226/2930/1196 1336/3215/1302
f 1354/3273/1319 1328/3184/1295 1327/3183/1294
f 1354/3273/1319 1327/3183/1294 1355/3274/1319
f 1354/3273/1319 1355/3274/1319 1356/3275/1320
f 1354/3273/1319 1356/3275/1320 1350/3262/1316
f 1354/3273/1319 1350/3262/1316 1328/3184/1295
f 1357/3276/1321 1327/3181/1294 1326/3180/1293
f 1357/3276/1321 1326/3180/1293 1176/3261/1146
f 1357/3276/1321 1176/3261/1146 1175/3277/1145
f 1357/3276/1321 1175/3277/1145 1358/3278/1322
f 1357/3276/1321 1358/3278/1322 1359/3279/1323
f 1357/3276/1321 1359/3279/1323 1355/3280/1319
f 1357/3276/1321 1355/3280/1319 1327/3181/1294
f 1360/3281/1324 1331/3282/981 1330/3283/1297
f 1360/3284/1324 1330/3285/1297 1361/3286/1325
f 1360/3284/1324 1361/3286/1325 1362/3287/1326
f 1360/3288/1324 1362/3289/1326 1363/3290/1327
f 1360/3288/1324 1363/3290/1327 1364/3291/1328
f 1360/3292/1324 1364/3293/1328 1331/3294/981
f 1364/3291/1328 1363/3290/1327 1365/3295/1329
f 1364/3296/1328 1365/3297/1329 1366/3298/1330
f 1364/3296/1328 1366/3298/1330 1367/3299/1237
f 1364/3300/1328 1367/3301/1237 1368/3302/1331
f 1364/3300/1328 1368/3302/1331 1369/3303/1332
f 1364/3300/1328 1369/3303/1332 1370/3304/1333
f 1364/3300/1328 1370/3304/1333 1333/3200/1299
f 1364/3300/1328 1333/3200/1299 1331/3196/981
f 1370/3304/1333 1369/3303/1332 1352/3266/1318
f 1370/3304/1333 1352/3266/1318 1335/3204/1301
f 1370/3304/1333 1335/3204/1301 1333/3200/1299
f 1350/3262/1316 1356/3275/1320 1361/3286/1325
f 1350/3262/1316 1361/3286/1325 1330/3285/1297
f 1350/3262/1316 1330/3285/1297 1318/3156/1286
f 1359/3305/1323 1358/3306/1322 1371/3307/1334
f 1359/3305/1323 1371/3307/1334 1372/3308/1335
f 1359/3309/1323 1372/3310/1335 1356/3275/1320
f 1359/3279/1323 1356/3311/1320 1355/3280/1319
f 1174/2815/1144 1173/2814/1143 1373/3312/1336
f 1174/3313/1144 1373/3314/1336 1358/3306/1322
f 1174/3313/1144 1358/3306/1322 1175/3315/1145
f 1373/3312/1336 1173/2814/1143 1374/3316/1337
f 1373/3312/1336 1374/3316/1337 1375/3317/1338
f 1373/3312/1336 1375/3317/1338 1371/3318/1334
f 1373/3314/1336 1371/3307/1334 1358/3306/1322
f 1372/3319/1335 1371/3320/1334 1376/3321/1339
f 1372/3322/1335 1376/3323/1339 1362/3289/1326
f 1372/3310/1335 1362/3287/1326 1361/3286/1325
f 1372/3310/1335 1361/3286/1325 1356/3275/1320
f 1377/3324/1340 1362/3289/1326 1376/3323/1339
f 1377/3324/1340 1376/3323/1339 1378/3325/1341
f 1377/3324/1340 1378/3325/1341 1379/3326/1342
f 1377/3324/1340 1379/3326/1342 1365/3295/1329
f 1377/3324/1340 1365/3295/1329 1363/3290/1327
f 1377/3324/1340 1363/3290/1327 1362/3289/1326
f 1375/3327/1338 1374/3328/1337 1380/3329/1343
f 1375/3327/1338 1380/3329/1343 1378/3330/1341
f 1375/3331/1338 1378/3325/1341 1376/3323/1339
f 1375/3317/1338 1376/3332/1339 1371/3318/1334
f 1381/3333/1344 1173/2814/1143 1172/2813/1142
f 1381/3334/1344 1172/2939/1142 1340/3225/1306
f 1381/3334/1344 1340/3225/1306 1382/3335/1345
f 1381/3336/1344 1382/3337/1345 1374/3328/1337
f 1381/3333/1344 1374/3316/1337 1173/2814/1143
f 1383/3338/1346 1226/3272/1196 1353/3271/1318
f 1383/3339/1346 1353/3340/1318 1384/3341/1347
f 1383/3342/1346 1384/3343/1347 1385/3344/1348
f 1383/3342/1346 1385/3344/1348 1348/3345/1314
f 1383/3346/1346 1348/3347/1314 1226/3348/1196
f 1386/3349/1349 1258/3247/1228 1347/3246/1313
f 1386/3350/1349 1347/3351/1313 1387/3352/1350
f 1386/3350/1349 1387/3352/1350 1388/3353/1351
f 1386/3354/1349 1388/3355/1351 1342/3356/1308
f 1386/3357/1349 1342/3231/1308 1261/3230/1231
f 1386/3357/1349 1261/3230/1231 1260/3358/1230
f 1386/3357/1349 1260/3358/1230 1258/3359/1228
f 1349/3360/1315 1348/3345/1314 1389/3361/1352
f 1349/3360/1315 1389/3361/1352 1390/3362/1353
f 1349/3360/1315 1390/3362/1353 1346/3363/1312
f 1349/3364/1315 1346/3365/1312 1263/3366/1233
f 1349/3258/1315 1263/3024/1233 1262/3023/1232
f 1391/3367/1354 1254/3217/1224 1253/3248/1223
f 1391/3367/1354 1253/3248/1223 1343/3232/1309
f 1391/3368/1354 1343/3369/1309 1392/3370/1355
f 1391/3368/1354 1392/3370/1355 1393/3371/1356
f 1391/3368/1354 1393/3371/1356 1337/3372/1303
f 1391/3367/1354 1337/3218/1303 1254/3217/1224
f 1379/3373/1342 1378/3374/1341 1394/3375/1357
f 1379/3373/1342 1394/3375/1357 1366/3376/1330
f 1379/3373/1342 1366/3376/1330 1365/3377/1329
f 1395/3378/1358 1352/3266/1318 1369/3303/1332
f 1395/3378/1358 1369/3303/1332 1396/3379/1359
f 1395/3378/1358 1396/3379/1359 1397/3380/1360
f 1395/3381/1358 1397/3382/1360 1398/3383/1361
f 1395/3384/1358 1398/3385/1361 1399/3386/1362
f 1395/3387/1358 1399/3388/1362 1352/3389/1318
f 1399/3390/1362 1398/3391/1361 1400/3392/1363
f 1399/3390/1362 1400/3392/1363 1384/3341/1347
f 1399/3390/1362 1384/3341/1347 1353/3340/1318
f 1399/3393/1362 1353/3269/1318 1352/3268/1318
f 1380/3329/1343 1374/3328/1337 1382/3337/1345
f 1380/3394/1343 1382/3335/1345 1340/3225/1306
f 1380/3394/1343 1340/3225/1306 1401/3395/1364
f 1380/3396/1343 1401/3397/1364 1402/3398/1365
f 1380/3396/1343 1402/3398/1365 1403/3399/1366
f 1380/3400/1343 1403/3401/1366 1378/3374/1341
f 1394/3375/1357 1378/3374/1341 1403/3401/1366
f 1394/3402/1357 1403/3403/1366 1404/3404/1367
f 1394/3402/1357 1404/3404/1367 1367/3299/1237
f 1394/3402/1357 1367/3299/1237 1366/3298/1330
f 1404/3404/1367 1403/3403/1366 1405/3405/1368
f 1404/3406/1367 1405/3407/1368 1396/3408/1359
f 1404/3409/1367 1396/3379/1359 1368/3302/1331
f 1404/3410/1367 1368/3411/1331 1367/3412/1237
f 1396/3379/1359 1369/3303/1332 1368/3302/1331
f 1401/3413/1364 1340/3223/1306 1339/3222/1305
f 1401/3413/1364 1339/3222/1305 1338/3221/1304
f 1401/3414/1364 1338/3415/1304 1406/3416/1369
f 1401/3397/1364 1406/3417/1369 1402/3398/1365
f 1405/3405/1368 1403/3403/1366 1407/3418/1370
f 1405/3419/1368 1407/3420/1370 1408/3421/1371
f 1405/3407/1368 1408/3422/1371 1409/3423/1372
f 1405/3407/1368 1409/3423/1372 1397/3424/1360
f 1405/3407/1368 1397/3424/1360 1396/3408/1359
f 1402/3398/1365 1406/3417/1369 1410/3425/1373
f 1402/3398/1365 1410/3425/1373 1411/3426/1374
f 1402/3398/1365 1411/3426/1374 1412/3427/1375
f 1402/3428/1365 1412/3429/1375 1413/3430/1376
f 1402/3428/1365 1413/3430/1376 1403/3431/1366
f 1414/3432/1377 1403/3403/1366 1413/3433/1376
f 1414/3434/1377 1413/3435/1376 1415/3436/1378
f 1414/3434/1377 1415/3436/1378 1416/3437/1379
f 1414/3434/1377 1416/3437/1379 1417/3438/1380
f 1414/3434/1377 1417/3438/1380 1407/3420/1370
f 1414/3432/1377 1407/3418/1370 1403/3403/1366
f 1409/3439/1372 1408/3421/1371 1418/3440/1381
f 1409/3439/1372 1418/3440/1381 1419/3441/1382
f 1409/3439/1372 1419/3441/1382 1420/3442/1383
f 1409/3443/1372 1420/3444/1383 1421/3445/1384
f 1409/3423/1372 1421/3446/1384 1397/3424/1360
f 1398/3383/1361 1397/3382/1360 1421/3447/1384
f 1398/3383/1361 1421/3447/1384 1422/3448/1385
f 1398/3449/1361 1422/3450/1385 1423/3451/1386
f 1398/3391/1361 1423/3452/1386 1424/3453/1387
f 1398/3391/1361 1424/3453/1387 1400/3392/1363
f 1418/3440/1381 1408/3421/1371 1407/3420/1370
f 1418/3440/1381 1407/3420/1370 1417/3438/1380
f 1418/3440/1381 1417/3438/1380 1425/3454/1388
f 1418/3440/1381 1425/3454/1388 1419/3441/1382
f 1412/3455/1375 1411/3456/1374 1426/3457/1389
f 1412/3429/1375 1426/3458/1389 1427/3459/1390
f 1412/3429/1375 1427/3459/1390 1428/3460/1391
f 1412/3429/1375 1428/3460/1391 1415/3461/1378
f 1412/3429/1375 1415/3461/1378 1413/3430/1376
f 1420/3442/1383 1419/3441/1382 1429/3462/1392
f 1420/3444/1383 1429/3463/1392 1430/3464/1393
f 1420/3444/1383 1430/3464/1393 1431/3465/1394
f 1420/3444/1383 1431/3465/1394 1422/3466/1385
f 1420/3444/1383 1422/3466/1385 1421/3445/1384
f 1426/3467/1389 1411/3468/1374 1423/3469/1386
f 1426/3470/1389 1423/3471/1386 1422/3472/1385
f 1426/3458/1389 1422/3466/1385 1431/3465/1394
f 1426/3458/1389 1431/3465/1394 1427/3459/1390
f 1432/3473/1395 1411/3426/1374 1410/3425/1373
f 1432/3474/1395 1410/3475/1373 1433/3476/1396
f 1432/3474/1395 1433/3476/1396 1434/3477/1397
f 1432/3474/1395 1434/3477/1397 1435/3478/1398
f 1432/3479/1395 1435/3480/1398 1436/3481/1399
f 1432/3482/1395 1436/3483/1399 1411/3484/1374
f 1436/3481/1399 1435/3480/1398 1437/3485/1400
f 1436/3481/1399 1437/3485/1400 1424/3453/1387
f 1436/3481/1399 1424/3453/1387 1423/3452/1386
f 1436/3481/1399 1423/3452/1386 1411/3486/1374
f 1438/3487/1401 1417/3438/1380 1416/3437/1379
f 1438/3487/1401 1416/3437/1379 1439/3488/1402
f 1438/3487/1401 1439/3488/1402 1440/3489/1403
f 1438/3487/1401 1440/3489/1403 1425/3454/1388
f 1438/3487/1401 1425/3454/1388 1417/3438/1380
f 1425/3454/1388 1440/3489/1403 1441/3490/1404
f 1425/3454/1388 1441/3490/1404 1429/3462/1392
f 1425/3454/1388 1429/3462/1392 1419/3441/1382
f 1439/3488/1402 1416/3437/1379 1415/3436/1378
f 1439/3488/1402 1415/3436/1378 1442/3491/1405
f 1439/3488/1402 1442/3491/1405 1443/3492/1406
f 1439/3488/1402 1443/3492/1406 1440/3489/1403
f 1406/3493/1369 1338/3494/1304 1444/3495/1407
f 1406/3493/1369 1444/3495/1407 1445/3496/1408
f 1406/3497/1369 1445/3498/1408 1433/3476/1396
f 1406/3497/1369 1433/3476/1396 1410/3475/1373
f 1428/3460/1391 1427/3459/1390 1446/3499/1409
f 1428/3460/1391 1446/3499/1409 1442/3500/1405
f 1428/3460/1391 1442/3500/1405 1415/3461/1378
f 1447/3501/1410 1431/3465/1394 1430/3464/1393
f 1447/3501/1410 1430/3464/1393 1448/3502/1411
f 1447/3501/1410 1448/3502/1411 1449/3503/1412
f 1447/3501/1410 1449/3503/1412 1427/3459/1390
f 1447/3501/1410 1427/3459/1390 1431/3465/1394
f 1446/3499/1409 1427/3459/1390 1449/3503/1412
f 1446/3499/1409 1449/3503/1412 1450/3504/1413
f 1446/3499/1409 1450/3504/1413 1443/3505/1406
f 1446/3499/1409 1443/3505/1406 1442/3500/1405
f 1437/3485/1400 1435/3480/1398 1451/3506/1414
f 1437/3485/1400 1451/3506/1414 1452/3507/1415
f 1437/3485/1400 1452/3507/1415 1400/3392/1363
f 1437/3485/1400 1400/3392/1363 1424/3453/1387
f 1441/3490/1404 1440/3489/1403 1453/3508/1274
f 1441/3509/1404 1453/3510/1274 1448/3502/1411
f 1441/3509/1404 1448/3502/1411 1430/3464/1393
f 1441/3509/1404 1430/3464/1393 1429/3463/1392
f 1450/3504/1413 1449/3503/1412 1448/3502/1411
f 1450/3504/1413 1448/3502/1411 1453/3510/1274
f 1450/3504/1413 1453/3510/1274 1443/3505/1406
f 1440/3489/1403 1443/3492/1406 1453/3508/1274
f 1445/3496/1408 1444/3495/1407 1454/3511/1416
f 1445/3496/1408 1454/3511/1416 1455/3512/1417
f 1445/3496/1408 1455/3512/1417 1434/3513/1397
f 1445/3498/1408 1434/3477/1397 1433/3476/1396
f 1452/3514/1415 1451/3515/1414 1456/3516/1418
f 1452/3514/1415 1456/3516/1418 1457/3517/1419
f 1452/3514/1415 1457/3517/1419 1384/3343/1347
f 1452/3507/1415 1384/3341/1347 1400/3392/1363
f 1458/3518/1420 1434/3513/1397 1455/3512/1417
f 1458/3519/1420 1455/3520/1417 1459/3521/560
f 1458/3519/1420 1459/3521/560 1460/3522/1421
f 1458/3519/1420 1460/3522/1421 1451/3515/1414
f 1458/3523/1420 1451/3506/1414 1435/3480/1398
f 1458/3523/1420 1435/3480/1398 1434/3524/1397
f 1457/3525/1419 1456/3526/1418 1461/3527/1422
f 1457/3525/1419 1461/3527/1422 1462/3528/1423
f 1457/3525/1419 1462/3528/1423 1385/3529/1348
f 1457/3517/1419 1385/3344/1348 1384/3343/1347
f 1463/3530/1424 1338/3494/1304 1337/3372/1303
f 1463/3530/1424 1337/3372/1303 1393/3371/1356
f 1463/3531/1424 1393/3532/1356 1464/3533/1425
f 1463/3531/1424 1464/3533/1425 1465/3534/1426
f 1463/3531/1424 1465/3534/1426 1466/3535/1427
f 1463/3530/1424 1466/3536/1427 1338/3494/1304
f 1466/3535/1427 1465/3534/1426 1467/3537/1428
f 1466/3535/1427 1467/3537/1428 1468/3538/1429
f 1466/3536/1427 1468/3539/1429 1444/3495/1407
f 1466/3536/1427 1444/3495/1407 1338/3494/1304
f 1469/3540/1430 1347/3351/1313 1346/3363/1312
f 1469/3540/1430 1346/3363/1312 1390/3362/1353
f 1469/3541/1430 1390/3542/1353 1470/3543/1431
f 1469/3541/1430 1470/3543/1431 1387/3544/1350
f 1469/3540/1430 1387/3352/1350 1347/3351/1313
f 1471/3545/1432 1343/3369/1309 1342/3546/1308
f 1471/3547/1432 1342/3548/1308 1388/3549/1351
f 1471/3550/1432 1388/3551/1351 1472/3552/1433
f 1471/3550/1432 1472/3552/1433 1473/3553/1434
f 1471/3550/1432 1473/3553/1434 1392/3554/1355
f 1471/3545/1432 1392/3370/1355 1343/3369/1309
f 1389/3361/1352 1348/3345/1314 1385/3344/1348
f 1389/3555/1352 1385/3529/1348 1462/3528/1423
f 1389/3555/1352 1462/3528/1423 1474/3556/1435
f 1389/3555/1352 1474/3556/1435 1390/3542/1353
f 1468/3538/1429 1467/3537/1428 1475/3557/1436
f 1468/3538/1429 1475/3557/1436 1476/3558/1437
f 1468/3538/1429 1476/3558/1437 1454/3559/1416
f 1468/3539/1429 1454/3511/1416 1444/3495/1407
f 1460/3560/1421 1459/3561/560 1477/3562/1438
f 1460/3560/1421 1477/3562/1438 1478/3563/1439
f 1460/3560/1421 1478/3563/1439 1456/3526/1418
f 1460/3522/1421 1456/3516/1418 1451/3515/1414
f 1479/3564/1440 1455/3512/1417 1454/3511/1416
f 1479/3565/1440 1454/3559/1416 1476/3558/1437
f 1479/3565/1440 1476/3558/1437 1480/3566/1441
f 1479/3565/1440 1480/3566/1441 1481/3567/560
f 1479/3568/1440 1481/3569/560 1459/3561/560
f 1479/3570/1440 1459/3521/560 1455/3520/1417
f 1482/3571/1442 1388/3572/1351 1387/3544/1350
f 1482/3571/1442 1387/3544/1350 1470/3543/1431
f 1482/3573/1442 1470/3574/1431 1483/3575/1443
f 1482/3573/1442 1483/3575/1443 1472/3576/1433
f 1482/3571/1442 1472/3577/1433 1388/3572/1351
f 1484/3578/1444 1390/3542/1353 1474/3556/1435
f 1484/3579/1444 1474/3580/1435 1485/3581/1445
f 1484/3582/1444 1485/3583/1445 1486/3584/1446
f 1484/3585/1444 1486/3586/1446 1470/3587/1431
f 1484/3578/1444 1470/3543/1431 1390/3542/1353
f 1487/3588/1447 1393/3532/1356 1392/3554/1355
f 1487/3588/1447 1392/3554/1355 1473/3553/1434
f 1487/3589/1447 1473/3590/1434 1488/3591/1448
f 1487/3592/1447 1488/3593/1448 1489/3594/1449
f 1487/3595/1447 1489/3596/1449 1464/3597/1425
f 1487/3588/1447 1464/3533/1425 1393/3532/1356
f 1478/3598/1439 1477/3599/1438 1490/3600/1450
f 1478/3601/1439 1490/3602/1450 1491/3603/1451
f 1478/3604/1439 1491/3605/1451 1461/3606/1422
f 1478/3563/1439 1461/3527/1422 1456/3526/1418
f 1481/3607/560 1480/3608/1441 1492/3609/560
f 1481/3607/560 1492/3609/560 1477/3610/1438
f 1481/3569/560 1477/3562/1438 1459/3561/560
f 1493/3611/1452 1480/3612/1441 1476/3613/1437
f 1493/3614/1452 1476/3615/1437 1494/3616/1453
f 1493/3617/1452 1494/3618/1453 1495/3619/1454
f 1493/3617/1452 1495/3619/1454 1492/3620/560
f 1493/3621/1452 1492/3622/560 1480/3623/1441
f 1490/3624/1450 1477/3625/1438 1492/3626/560
f 1490/3627/1450 1492/3620/560 1496/3628/560
f 1490/3629/1450 1496/3630/560 1497/3631/1455
f 1490/3632/1450 1497/3633/1455 1491/3634/1451
f 1494/3635/1453 1476/3636/1437 1475/3637/1436
f 1494/3638/1453 1475/3639/1436 1498/3640/1456
f 1494/3641/1453 1498/3642/1456 1499/3643/1457
f 1494/3644/1453 1499/3645/1457 1495/3646/1454
f 1467/3647/1428 1465/3648/1426 1500/3649/1458
f 1467/3650/1428 1500/3651/1458 1501/3652/1459
f 1467/3650/1428 1501/3652/1459 1498/3653/1456
f 1467/3654/1428 1498/3655/1456 1475/3656/1436
f 1502/3657/1460 1461/3658/1422 1491/3659/1451
f 1502/3660/1460 1491/3661/1451 1503/3662/1461
f 1502/3663/1460 1503/3664/1461 1504/3665/1462
f 1502/3666/1460 1504/3667/1462 1505/3668/1423
f 1502/3669/1460 1505/3670/1423 1462/3671/1423
f 1502/3672/1460 1462/3673/1423 1461/3674/1422
f 1505/3675/1423 1504/3676/1462 1506/3677/1463
f 1505/3675/1423 1506/3677/1463 1507/3678/1464
f 1505/3679/1423 1507/3680/1464 1485/3681/1445
f 1505/3682/1423 1485/3683/1445 1474/3684/1435
f 1505/3685/1423 1474/3686/1435 1462/3687/1423
f 1508/3688/1465 1465/3689/1426 1464/3690/1425
f 1508/3691/1465 1464/3692/1425 1489/3693/1449
f 1508/3694/1465 1489/3695/1449 1509/3696/1466
f 1508/3697/1465 1509/3698/1466 1510/3699/1467
f 1508/3700/1465 1510/3701/1467 1500/3702/1458
f 1508/3703/1465 1500/3704/1458 1465/3705/1426
f 1511/3706/1468 1473/3707/1434 1472/3708/1433
f 1511/3709/1468 1472/3710/1433 1483/3711/1443
f 1511/3712/1468 1483/3713/1443 1512/3714/1469
f 1511/3715/1468 1512/3716/1469 1513/3717/1470
f 1511/3718/1468 1513/3719/1470 1488/3720/1448
f 1511/3721/1468 1488/3722/1448 1473/3723/1434
f 1486/3724/1446 1485/3725/1445 1514/3726/1471
f 1486/3727/1446 1514/3728/1471 1512/3729/1469
f 1486/3730/1446 1512/3714/1469 1483/3713/1443
f 1486/3731/1446 1483/3732/1443 1470/3733/1431
f 1496/3628/560 1492/3620/560 1495/3619/1454
f 1496/3734/560 1495/3646/1454 1515/3735/1472
f 1496/3736/560 1515/3737/1472 1516/3738/1473
f 1496/3630/560 1516/3739/1473 1497/3631/1455
f 1503/3740/1461 1491/3741/1451 1497/3742/1455
f 1503/3740/1461 1497/3742/1455 1517/3743/1474
f 1503/3744/1461 1517/3745/1474 1518/3746/1475
f 1503/3664/1461 1518/3747/1475 1504/3665/1462
f 1519/3748/1476 1498/3749/1456 1501/3750/1459
f 1519/3751/1476 1501/3752/1459 1520/3753/1477
f 1519/3754/1476 1520/3755/1477 1521/3756/1478
f 1519/3754/1476 1521/3756/1478 1522/3757/1479
f 1519/3754/1476 1522/3757/1479 1499/3758/1457
f 1519/3759/1476 1499/3760/1457 1498/3761/1456
f 1523/3762/1480 1501/3763/1459 1500/3764/1458
f 1523/3765/1480 1500/3766/1458 1510/3767/1467
f 1523/3768/1480 1510/3769/1467 1524/3770/1481
f 1523/3768/1480 1524/3770/1481 1525/3771/1482
f 1523/3768/1480 1525/3771/1482 1520/3755/1477
f 1523/3772/1480 1520/3753/1477 1501/3752/1459
f 1526/3773/1483 1488/3774/1448 1513/3775/1470
f 1526/3776/1483 1513/3777/1470 1527/3778/1484
f 1526/3776/1483 1527/3778/1484 1528/3779/1485
f 1526/3776/1483 1528/3779/1485 1509/3780/1466
f 1526/3781/1483 1509/3782/1466 1489/3783/1449
f 1526/3784/1483 1489/3785/1449 1488/3786/1448
f 1507/3787/1464 1506/3788/1463 1529/3789/1486
f 1507/3787/1464 1529/3789/1486 1530/3790/1487
f 1507/3787/1464 1530/3790/1487 1514/3791/1471
f 1507/3792/1464 1514/3793/1471 1485/3794/1445
f 1515/3735/1472 1495/3646/1454 1499/3645/1457
f 1515/3795/1472 1499/3758/1457 1522/3757/1479
f 1515/3795/1472 1522/3757/1479 1531/3796/1488
f 1515/3795/1472 1531/3796/1488 1516/3797/1473
f 1517/3798/1474 1497/3799/1455 1516/3800/1473
f 1517/3798/1474 1516/3800/1473 1532/3801/1489
f 1517/3802/1474 1532/3803/1489 1533/3804/1490
f 1517/3802/1474 1533/3804/1490 1518/3805/1475
f 1534/3806/1491 1504/3807/1462 1518/3808/1475
f 1534/3809/1491 1518/3805/1475 1535/3810/1492
f 1534/3809/1491 1535/3810/1492 1536/3811/1493
f 1534/3809/1491 1536/3811/1493 1537/3812/1494
f 1534/3806/1491 1537/3813/1494 1506/3788/1463
f 1534/3806/1491 1506/3788/1463 1504/3807/1462
f 1538/3814/1495 1520/3755/1477 1525/3771/1482
f 1538/3814/1495 1525/3771/1482 1539/3815/1496
f 1538/3816/1495 1539/3817/1496 1540/3818/1497
f 1538/3816/1495 1540/3818/1497 1521/3819/1478
f 1538/3814/1495 1521/3756/1478 1520/3755/1477
f 1537/3812/1494 1536/3811/1493 1541/3820/1498
f 1537/3812/1494 1541/3820/1498 1542/3821/1499
f 1537/3812/1494 1542/3821/1499 1529/3822/1486
f 1537/3813/1494 1529/3789/1486 1506/3788/1463
f 1543/3823/1500 1510/3769/1467 1509/3780/1466
f 1543/3823/1500 1509/3780/1466 1528/3779/1485
f 1543/3823/1500 1528/3779/1485 1544/3824/1501
f 1543/3823/1500 1544/3824/1501 1524/3770/1481
f 1543/3823/1500 1524/3770/1481 1510/3769/1467
f 1545/3825/1502 1513/3826/1470 1512/3827/1469
f 1545/3825/1502 1512/3827/1469 1514/3791/1471
f 1545/3825/1502 1514/3791/1471 1530/3790/1487
f 1545/3825/1502 1530/3790/1487 1546/3828/1503
f 1545/3829/1502 1546/3830/1503 1547/3831/1504
f 1545/3825/1502 1547/3832/1504 1527/3833/1484
f 1545/3825/1502 1527/3833/1484 1513/3826/1470
f 1531/3834/1488 1522/3835/1479 1548/3836/1505
f 1531/3834/1488 1548/3836/1505 1549/3837/1506
f 1531/3834/1488 1549/3837/1506 1532/3838/1489
f 1531/3839/1488 1532/3801/1489 1516/3800/1473
f 1521/3819/1478 1540/3818/1497 1550/3840/1507
f 1521/3841/1478 1550/3842/1507 1548/3836/1505
f 1521/3756/1478 1548/3843/1505 1522/3757/1479
f 1535/3810/1492 1518/3805/1475 1533/3804/1490
f 1535/3810/1492 1533/3804/1490 1551/3844/1508
f 1535/3810/1492 1551/3844/1508 1552/3845/1509
f 1535/3810/1492 1552/3845/1509 1536/3811/1493
f 1553/3846/1510 1525/3771/1482 1524/3770/1481
f 1553/3847/1510 1524/3848/1481 1544/3849/1501
f 1553/3847/1510 1544/3849/1501 1554/3850/1511
f 1553/3847/1510 1554/3850/1511 1539/3851/1496
f 1553/3847/1510 1539/3851/1496 1525/3852/1482
f 1555/3853/1512 1529/3822/1486 1542/3821/1499
f 1555/3853/1512 1542/3821/1499 1556/3854/1513
f 1555/3855/1512 1556/3856/1513 1557/3857/1514
f 1555/3858/1512 1557/3859/1514 1546/3860/1503
f 1555/3858/1512 1546/3860/1503 1530/3861/1487
f 1555/3853/1512 1530/3862/1487 1529/3822/1486
f 1558/3863/1515 1528/3779/1485 1527/3778/1484
f 1558/3864/1515 1527/3865/1484 1547/3866/1504
f 1558/3864/1515 1547/3866/1504 1559/3867/1516
f 1558/3868/1515 1559/3869/1516 1560/3870/1517
f 1558/3871/1515 1560/3872/1517 1544/3873/1501
f 1558/3871/1515 1544/3873/1501 1528/3874/1485
f 1549/3837/1506 1548/3836/1505 1550/3842/1507
f 1549/3837/1506 1550/3842/1507 1561/3875/1518
f 1549/3876/1506 1561/3877/1518 1562/3878/1519
f 1549/3879/1506 1562/3880/1519 1551/3881/1508
f 1549/3882/1506 1551/3844/1508 1532/3803/1489
f 1551/3844/1508 1533/3804/1490 1532/3803/1489
f 1563/3883/1520 1550/3840/1507 1540/3818/1497
f 1563/3884/1520 1540/3885/1497 1564/3886/1521
f 1563/3884/1520 1564/3886/1521 1565/3887/1522
f 1563/3888/1520 1565/3889/1522 1566/3890/1523
f 1563/3891/1520 1566/3892/1523 1567/3893/1524
f 1563/3891/1520 1567/3893/1524 1550/3894/1507
f 1567/3895/1524 1566/3896/1523 1568/3897/1525
f 1567/3895/1524 1568/3897/1525 1569/3898/1526
f 1567/3899/1524 1569/3900/1526 1561/3901/1518
f 1567/3893/1524 1561/3902/1518 1550/3894/1507
f 1570/3903/1527 1551/3904/1508 1562/3905/1519
f 1570/3906/1527 1562/3907/1519 1571/3908/1528
f 1570/3909/1527 1571/3910/1528 1572/3911/1529
f 1570/3909/1527 1572/3911/1529 1573/3912/1530
f 1570/3909/1527 1573/3912/1530 1574/3913/1531
f 1570/3914/1527 1574/3915/1531 1552/3916/1509
f 1570/3914/1527 1552/3916/1509 1551/3917/1508
f 1541/3820/1498 1536/3811/1493 1552/3845/1509
f 1541/3918/1498 1552/3916/1509 1575/3919/1532
f 1541/3918/1498 1575/3919/1532 1556/3920/1513
f 1541/3820/1498 1556/3854/1513 1542/3821/1499
f 1564/3921/1521 1540/3818/1497 1539/3817/1496
f 1564/3922/1521 1539/3923/1496 1554/3924/1511
f 1564/3922/1521 1554/3924/1511 1576/3925/1533
f 1564/3926/1521 1576/3927/1533 1565/3889/1522
f 1560/3928/1517 1559/3929/1516 1577/3930/1534
f 1560/3928/1517 1577/3930/1534 1576/3931/1533
f 1560/3928/1517 1576/3931/1533 1554/3932/1511
f 1560/3928/1517 1554/3932/1511 1544/3933/1501
f 1578/3934/1535 1547/3831/1504 1546/3830/1503
f 1578/3935/1535 1546/3936/1503 1557/3937/1514
f 1578/3935/1535 1557/3937/1514 1579/3938/1536
f 1578/3935/1535 1579/3938/1536 1580/3939/1537
f 1578/3935/1535 1580/3939/1537 1581/3940/1538
f 1578/3941/1535 1581/3942/1538 1547/3943/1504
f 1581/3942/1538 1580/3944/1537 1582/3945/1539
f 1581/3942/1538 1582/3945/1539 1583/3946/1540
f 1581/3942/1538 1583/3946/1540 1559/3929/1516
f 1581/3942/1538 1559/3929/1516 1547/3943/1504
f 1575/3919/1532 1552/3916/1509 1574/3915/1531
f 1575/3919/1532 1574/3915/1531 1584/3947/1541
f 1575/3919/1532 1584/3947/1541 1585/3948/1542
f 1575/3949/1532 1585/3950/1542 1586/3951/1543
f 1575/3949/1532 1586/3951/1543 1556/3952/1513
f 1587/3953/1544 1588/3954/1545 1589/3955/1546
f 1587/3953/1544 1589/3955/1546 1590/3956/1547
f 1587/3953/1544 1590/3956/1547 1591/3957/1548
f 1587/3953/1544 1591/3957/1548 1592/3958/1549
f 1587/3953/1544 1592/3958/1549 1593/3959/1550
f 1587/3953/1544 1593/3959/1550 1588/3954/1545
f 1594/3960/1551 1588/3954/1545 1593/3959/1550
f 1594/3960/1551 1593/3959/1550 1595/3961/1552
f 1594/3960/1551 1595/3961/1552 1596/3962/1553
f 1594/3963/1551 1596/3964/1553 1597/3965/1554
f 1594/3963/1551 1597/3965/1554 1598/3966/1555
f 1594/3960/1551 1598/3967/1555 1588/3954/1545
f 1599/3968/1556 1588/3969/1545 1598/3966/1555
f 1599/3968/1556 1598/3966/1555 1600/3970/1557
f 1599/3968/1556 1600/3970/1557 1601/3971/1558
f 1599/3968/1556 1601/3971/1558 1602/3972/1559
f 1599/3968/1556 1602/3972/1559 1589/3973/1546
f 1599/3974/1556 1589/3955/1546 1588/3954/1545
f 1603/3975/1560 1604/3976/1545 1605/3977/1561
f 1603/3975/1560 1605/3977/1561 1606/3978/1562
f 1603/3975/1560 1606/3978/1562 1607/3979/1563
f 1603/3975/1560 1607/3979/1563 1608/3980/1564
f 1603/3975/1560 1608/3980/1564 1609/3981/1565
f 1603/3975/1560 1609/3981/1565 1604/3976/1545
f 1610/3982/1566 1604/3976/1545 1609/3981/1565
f 1610/3983/1566 1609/3984/1565 1611/3985/1567
f 1610/3983/1566 1611/3985/1567 1612/3986/1568
f 1610/3983/1566 1612/3986/1568 1613/3987/1569
f 1610/3983/1566 1613/3987/1569 1604/3988/1545
f 1614/3989/1570 1604/3976/1545 1613/3990/1569
f 1614/3991/1570 1613/3987/1569 1615/3992/1571
f 1614/3991/1570 1615/3992/1571 1616/3993/1572
f 1614/3989/1570 1616/3994/1572 1605/3977/1561
f 1614/3989/1570 1605/3977/1561 1604/3976/1545
f 1617/3995/1573 1561/3901/1518 1569/3900/1526
f 1617/3995/1573 1569/3900/1526 1618/3996/1574
f 1617/3995/1573 1618/3996/1574 1619/3997/1575
f 1617/3998/1573 1619/3999/1575 1562/4000/1519
f 1617/3998/1573 1562/4000/1519 1561/4001/1518
f 1620/4002/1576 1574/3913/1531 1573/3912/1530
f 1620/4002/1576 1573/3912/1530 1621/4003/1577
f 1620/4002/1576 1621/4003/1577 1622/4004/1578
f 1620/4002/1576 1622/4004/1578 1623/4005/1579
f 1620/4002/1576 1623/4005/1579 1584/4006/1541
f 1620/4002/1576 1584/4006/1541 1574/3913/1531
f 1624/4007/1580 1592/3958/1549 1591/3957/1548
f 1624/4008/1580 1591/4009/1548 1625/4010/1581
f 1624/4008/1580 1625/4010/1581 1626/4011/1582
f 1624/4008/1580 1626/4011/1582 1627/4012/1583
f 1624/4008/1580 1627/4012/1583 1628/4013/1584
f 1624/4007/1580 1628/4014/1584 1592/3958/1549
f 1628/4013/1584 1627/4012/1583 1595/4015/1552
f 1628/4014/1584 1595/3961/1552 1593/3959/1550
f 1628/4014/1584 1593/3959/1550 1592/3958/1549
f 1629/4016/1585 1609/3981/1565 1608/3980/1564
f 1629/4017/1585 1608/4018/1564 1630/4019/1586
f 1629/4020/1585 1630/4021/1586 1631/4022/1587
f 1629/4023/1585 1631/4024/1587 1632/4025/1588
f 1629/4023/1585 1632/4025/1588 1611/3985/1567
f 1629/4023/1585 1611/3985/1567 1609/3984/1565
f 1633/4026/1589 1572/3911/1529 1634/4027/1590
f 1633/4026/1589 1634/4027/1590 1635/4028/1591
f 1633/4026/1589 1635/4028/1591 1621/4003/1577
f 1633/4026/1589 1621/4003/1577 1573/3912/1530
f 1633/4026/1589 1573/3912/1530 1572/3911/1529
f 1571/4029/1528 1562/4000/1519 1636/4030/1592
f 1571/4031/1528 1636/4032/1592 1637/4033/1593
f 1571/4031/1528 1637/4033/1593 1634/4034/1590
f 1571/3910/1528 1634/4027/1590 1572/3911/1529
f 1602/3972/1559 1601/3971/1558 1638/4035/1594
f 1602/3972/1559 1638/4035/1594 1639/4036/1595
f 1602/4037/1559 1639/4038/1595 1590/3956/1547
f 1602/4037/1559 1590/3956/1547 1589/3955/1546
f 1619/3997/1575 1618/3996/1574 1640/4039/1596
f 1619/4040/1575 1640/4041/1596 1641/4042/1597
f 1619/4040/1575 1641/4042/1597 1636/4043/1592
f 1619/3999/1575 1636/4030/1592 1562/4000/1519
f 1616/3993/1572 1615/3992/1571 1642/4044/1598
f 1616/3993/1572 1642/4044/1598 1643/4045/1599
f 1616/3994/1572 1643/4046/1599 1606/3978/1562
f 1616/3994/1572 1606/3978/1562 1605/3977/1561
f 1644/4047/1600 1608/3980/1564 1607/3979/1563
f 1644/4047/1600 1607/3979/1563 1645/4048/1601
f 1644/4047/1600 1645/4048/1601 1623/4049/1579
f 1644/4047/1600 1623/4049/1579 1622/4050/1578
f 1644/4047/1600 1622/4050/1578 1630/4051/1586
f 1644/4047/1600 1630/4051/1586 1608/3980/1564
f 1646/4052/1602 1591/3957/1548 1590/3956/1547
f 1646/4052/1602 1590/3956/1547 1639/4038/1595
f 1646/4053/1602 1639/4054/1595 1647/4055/1603
f 1646/4053/1602 1647/4055/1603 1625/4010/1581
f 1646/4052/1602 1625/4056/1581 1591/3957/1548
f 1597/4057/1554 1596/4058/1553 1648/4059/1604
f 1597/4057/1554 1648/4059/1604 1649/4060/1605
f 1597/4057/1554 1649/4060/1605 1600/4061/1557
f 1597/3965/1554 1600/3970/1557 1598/3966/1555
f 1568/4062/1525 1566/3890/1523 1650/4063/1606
f 1568/4064/1525 1650/4065/1606 1651/4066/1607
f 1568/4064/1525 1651/4066/1607 1649/4060/1605
f 1568/4064/1525 1649/4060/1605 1569/3900/1526
f 1648/4059/1604 1596/4058/1553 1652/4067/1608
f 1648/4068/1604 1652/4069/1608 1653/4070/1609
f 1648/4059/1604 1653/4071/1609 1654/4072/1610
f 1648/4059/1604 1654/4072/1610 1618/3996/1574
f 1648/4059/1604 1618/3996/1574 1569/3900/1526
f 1648/4059/1604 1569/3900/1526 1649/4060/1605
f 1645/4048/1601 1607/3979/1563 1606/3978/1562
f 1645/4048/1601 1606/3978/1562 1643/4046/1599
f 1645/4048/1601 1643/4046/1599 1623/4049/1579
f 1655/4073/1611 1613/3987/1569 1612/3986/1568
f 1655/4073/1611 1612/3986/1568 1656/4074/1612
f 1655/4075/1611 1656/4076/1612 1657/4077/1613
f 1655/4075/1611 1657/4077/1613 1658/4078/1614
f 1655/4073/1611 1658/4079/1614 1615/3992/1571
f 1655/4073/1611 1615/3992/1571 1613/3987/1569
f 1585/4080/1542 1584/4081/1541 1623/4082/1579
f 1585/4080/1542 1623/4082/1579 1659/4083/1615
f 1585/4080/1542 1659/4083/1615 1660/4084/1616
f 1585/3950/1542 1660/4085/1616 1661/4086/1617
f 1585/3950/1542 1661/4086/1617 1586/3951/1543
f 1662/4087/1618 1595/4015/1552 1627/4012/1583
f 1662/4087/1618 1627/4012/1583 1663/4088/1619
f 1662/4089/1618 1663/4090/1619 1664/4091/1620
f 1662/4089/1618 1664/4091/1620 1652/4092/1608
f 1662/4087/1618 1652/4093/1608 1596/4094/1553
f 1662/4087/1618 1596/4094/1553 1595/4015/1552
f 1665/4095/1621 1611/3985/1567 1632/4025/1588
f 1665/4096/1621 1632/4097/1588 1666/4098/1622
f 1665/4096/1621 1666/4098/1622 1667/4099/1623
f 1665/4096/1621 1667/4099/1623 1656/4076/1612
f 1665/4096/1621 1656/4076/1612 1612/4100/1568
f 1665/4095/1621 1612/3986/1568 1611/3985/1567
f 1654/4072/1610 1653/4071/1609 1668/4101/1624
f 1654/4072/1610 1668/4101/1624 1669/4102/1625
f 1654/4072/1610 1669/4102/1625 1640/4039/1596
f 1654/4072/1610 1640/4039/1596 1618/3996/1574
f 1670/4103/1626 1621/4003/1577 1635/4028/1591
f 1670/4103/1626 1635/4028/1591 1671/4104/1627
f 1670/4105/1626 1671/4106/1627 1672/4107/1628
f 1670/4103/1626 1672/4108/1628 1673/4109/1629
f 1670/4103/1626 1673/4109/1629 1674/4110/1630
f 1670/4103/1626 1674/4110/1630 1622/4004/1578
f 1670/4103/1626 1622/4004/1578 1621/4003/1577
f 1637/4111/1593 1636/4043/1592 1675/4112/1631
f 1637/4113/1593 1675/4114/1631 1676/4115/1632
f 1637/4113/1593 1676/4115/1632 1671/4106/1627
f 1637/4033/1593 1671/4116/1627 1635/4117/1591
f 1637/4033/1593 1635/4117/1591 1634/4034/1590
f 1675/4112/1631 1636/4043/1592 1641/4042/1597
f 1675/4112/1631 1641/4042/1597 1669/4118/1625
f 1675/4112/1631 1669/4118/1625 1677/4119/1633
f 1675/4112/1631 1677/4119/1633 1676/4120/1632
f 1583/4121/1540 1582/4122/1539 1678/4123/1634
f 1583/4121/1540 1678/4123/1634 1679/4124/1635
f 1583/4125/1540 1679/4126/1635 1680/4127/1636
f 1583/4125/1540 1680/4127/1636 1577/4128/1534
f 1583/3946/1540 1577/3930/1534 1559/3929/1516
f 1681/4129/1637 1557/3857/1514 1556/3856/1513
f 1681/4130/1637 1556/3952/1513 1586/3951/1543
f 1681/4130/1637 1586/3951/1543 1661/4086/1617
f 1681/4130/1637 1661/4086/1617 1682/4131/1638
f 1681/4130/1637 1682/4131/1638 1579/3938/1536
f 1681/4130/1637 1579/3938/1536 1557/3937/1514
f 1669/4118/1625 1641/4042/1597 1640/4041/1596
f 1631/4022/1587 1630/4021/1586 1622/4132/1578
f 1631/4022/1587 1622/4132/1578 1674/4133/1630
f 1631/4022/1587 1674/4133/1630 1683/4134/1639
f 1631/4022/1587 1683/4134/1639 1684/4135/1640
f 1631/4022/1587 1684/4135/1640 1632/4136/1588
f 1685/4137/1641 1625/4010/1581 1647/4055/1603
f 1685/4137/1641 1647/4055/1603 1686/4138/1642
f 1685/4139/1641 1686/4140/1642 1687/4141/1643
f 1685/4137/1641 1687/4142/1643 1626/4011/1582
f 1685/4137/1641 1626/4011/1582 1625/4010/1581
f 1651/4066/1607 1650/4065/1606 1688/4143/1644
f 1651/4144/1607 1688/4145/1644 1638/4035/1594
f 1651/4144/1607 1638/4035/1594 1601/3971/1558
f 1651/4144/1607 1601/3971/1558 1600/3970/1557
f 1651/4066/1607 1600/4061/1557 1649/4060/1605
f 1642/4044/1598 1615/3992/1571 1658/4079/1614
f 1642/4146/1598 1658/4078/1614 1689/4147/1645
f 1642/4146/1598 1689/4147/1645 1690/4148/1646
f 1642/4146/1598 1690/4148/1646 1643/4149/1599
f 1691/4150/1647 1566/3890/1523 1565/3889/1522
f 1691/4150/1647 1565/3889/1522 1692/4151/1648
f 1691/4150/1647 1692/4151/1648 1693/4152/1649
f 1691/4150/1647 1693/4152/1649 1694/4153/1650
f 1691/4150/1647 1694/4153/1650 1650/4063/1606
f 1691/4150/1647 1650/4063/1606 1566/3890/1523
f 1663/4088/1619 1627/4012/1583 1626/4011/1582
f 1663/4088/1619 1626/4011/1582 1687/4142/1643
f 1663/4090/1619 1687/4141/1643 1695/4154/1651
f 1663/4090/1619 1695/4154/1651 1664/4091/1620
f 1659/4155/1615 1623/4049/1579 1643/4046/1599
f 1659/4156/1615 1643/4157/1599 1690/4158/1646
f 1659/4156/1615 1690/4158/1646 1696/4159/1652
f 1659/4156/1615 1696/4159/1652 1697/4160/1653
f 1659/4083/1615 1697/4161/1653 1660/4084/1616
f 1698/4162/1654 1639/4054/1595 1638/4163/1594
f 1698/4164/1654 1638/4165/1594 1699/4166/1655
f 1698/4164/1654 1699/4166/1655 1700/4167/1656
f 1698/4164/1654 1700/4167/1656 1686/4140/1642
f 1698/4162/1654 1686/4138/1642 1647/4055/1603
f 1698/4162/1654 1647/4055/1603 1639/4054/1595
f 1692/4151/1648 1565/3889/1522 1576/3927/1533
f 1692/4151/1648 1576/3927/1533 1577/4128/1534
f 1692/4151/1648 1577/4128/1534 1680/4127/1636
f 1692/4151/1648 1680/4127/1636 1693/4152/1649
f 1684/4135/1640 1683/4134/1639 1701/4168/1657
f 1684/4135/1640 1701/4168/1657 1702/4169/1658
f 1684/4170/1640 1702/4171/1658 1666/4098/1622
f 1684/4170/1640 1666/4098/1622 1632/4097/1588
f 1657/4077/1613 1656/4076/1612 1667/4099/1623
f 1657/4077/1613 1667/4099/1623 1703/4172/1659
f 1657/4077/1613 1703/4172/1659 1689/4147/1645
f 1657/4077/1613 1689/4147/1645 1658/4078/1614
f 1688/4173/1644 1650/4063/1606 1694/4153/1650
f 1688/4174/1644 1694/4175/1650 1704/4176/1660
f 1688/4177/1644 1704/4178/1660 1705/4179/1661
f 1688/4177/1644 1705/4179/1661 1699/4180/1655
f 1688/4181/1644 1699/4166/1655 1638/4165/1594
f 1706/4182/1662 1582/4183/1539 1580/4184/1537
f 1706/4182/1662 1580/4184/1537 1707/4185/1663
f 1706/4182/1662 1707/4185/1663 1708/4186/1664
f 1706/4187/1662 1708/4188/1664 1709/4189/1665
f 1706/4182/1662 1709/4190/1665 1710/4191/1666
f 1706/4182/1662 1710/4191/1666 1582/4183/1539
f 1710/4191/1666 1709/4190/1665 1711/4192/1666
f 1710/4193/1666 1711/4194/1666 1712/4195/1667
f 1710/4196/1666 1712/4197/1667 1678/4198/1634
f 1710/4199/1666 1678/4123/1634 1582/4122/1539
f 1713/4200/1668 1580/3939/1537 1579/3938/1536
f 1713/4200/1668 1579/3938/1536 1682/4131/1638
f 1713/4200/1668 1682/4131/1638 1714/4201/1669
f 1713/4200/1668 1714/4201/1669 1707/4202/1663
f 1713/4203/1668 1707/4185/1663 1580/4184/1537
f 1715/4204/1670 1652/4069/1608 1664/4205/1620
f 1715/4204/1670 1664/4205/1620 1716/4206/1671
f 1715/4204/1670 1716/4206/1671 1705/4179/1661
f 1715/4204/1670 1705/4179/1661 1717/4207/1672
f 1715/4204/1670 1717/4207/1672 1653/4070/1609
f 1715/4204/1670 1653/4070/1609 1652/4069/1608
f 1677/4119/1633 1669/4118/1625 1668/4208/1624
f 1677/4209/1633 1668/4210/1624 1718/4211/1673
f 1677/4209/1633 1718/4211/1673 1719/4212/1674
f 1677/4209/1633 1719/4212/1674 1720/4213/1675
f 1677/4209/1633 1720/4213/1675 1721/4214/1676
f 1677/4119/1633 1721/4215/1676 1676/4120/1632
f 1717/4207/1672 1705/4179/1661 1704/4178/1660
f 1717/4207/1672 1704/4178/1660 1718/4216/1673
f 1717/4207/1672 1718/4216/1673 1668/4217/1624
f 1717/4207/1672 1668/4217/1624 1653/4070/1609
f 1722/4218/1677 1674/4133/1630 1673/4219/1629
f 1722/4218/1677 1673/4219/1629 1697/4160/1653
f 1722/4218/1677 1697/4160/1653 1696/4159/1652
f 1722/4218/1677 1696/4159/1652 1683/4134/1639
f 1722/4218/1677 1683/4134/1639 1674/4133/1630
f 1723/4220/1678 1660/4085/1616 1697/4221/1653
f 1723/4222/1678 1697/4223/1653 1724/4224/1679
f 1723/4225/1678 1724/4226/1679 1725/4227/1680
f 1723/4225/1678 1725/4227/1680 1726/4228/1681
f 1723/4220/1678 1726/4229/1681 1714/4201/1669
f 1723/4220/1678 1714/4201/1669 1661/4086/1617
f 1723/4220/1678 1661/4086/1617 1660/4085/1616
f 1714/4201/1669 1682/4131/1638 1661/4086/1617
f 1672/4107/1628 1671/4106/1627 1676/4115/1632
f 1672/4107/1628 1676/4115/1632 1727/4230/1682
f 1672/4231/1628 1727/4232/1682 1728/4233/1683
f 1672/4231/1628 1728/4233/1683 1729/4234/1684
f 1672/4231/1628 1729/4234/1684 1724/4235/1679
f 1672/4231/1628 1724/4235/1679 1673/4236/1629
f 1730/4237/1685 1690/4148/1646 1689/4147/1645
f 1730/4237/1685 1689/4147/1645 1703/4172/1659
f 1730/4237/1685 1703/4172/1659 1702/4171/1658
f 1730/4238/1685 1702/4169/1658 1701/4168/1657
f 1730/4238/1685 1701/4168/1657 1696/4159/1652
f 1730/4238/1685 1696/4159/1652 1690/4158/1646
f 1679/4239/1635 1678/4198/1634 1731/4240/1686
f 1679/4239/1635 1731/4240/1686 1732/4241/1687
f 1679/4239/1635 1732/4241/1687 1733/4242/1688
f 1679/4126/1635 1733/4243/1688 1693/4152/1649
f 1679/4126/1635 1693/4152/1649 1680/4127/1636
f 1716/4244/1671 1664/4091/1620 1695/4154/1651
f 1716/4244/1671 1695/4154/1651 1700/4167/1656
f 1716/4244/1671 1700/4167/1656 1699/4166/1655
f 1716/4206/1671 1699/4180/1655 1705/4179/1661
f 1702/4171/1658 1703/4172/1659 1667/4099/1623
f 1702/4171/1658 1667/4099/1623 1666/4098/1622
f 1683/4134/1639 1696/4159/1652 1701/4168/1657
f 1724/4245/1679 1697/4160/1653 1673/4219/1629
f 1700/4167/1656 1695/4154/1651 1687/4141/1643
f 1700/4167/1656 1687/4141/1643 1686/4140/1642
f 1733/4242/1688 1732/4241/1687 1734/4246/1689
f 1733/4247/1688 1734/4248/1689 1735/4249/1690
f 1733/4247/1688 1735/4249/1690 1694/4250/1650
f 1733/4243/1688 1694/4153/1650 1693/4152/1649
f 1735/4251/1690 1734/4246/1689 1736/4252/1691
f 1735/4251/1690 1736/4252/1691 1737/4253/1692
f 1735/4254/1690 1737/4255/1692 1738/4256/1693
f 1735/4254/1690 1738/4256/1693 1704/4257/1660
f 1735/4249/1690 1704/4258/1660 1694/4250/1650
f 1726/4259/1681 1725/4260/1680 1739/4261/1694
f 1726/4259/1681 1739/4261/1694 1740/4262/1695
f 1726/4259/1681 1740/4262/1695 1707/4263/1663
f 1726/4264/1681 1707/4265/1663 1714/4266/1669
f 1741/4267/1696 1676/4115/1632 1721/4268/1676
f 1741/4269/1696 1721/4214/1676 1742/4270/1697
f 1741/4271/1696 1742/4272/1697 1743/4273/1698
f 1741/4271/1696 1743/4273/1698 1744/4274/1699
f 1741/4271/1696 1744/4274/1699 1745/4275/1700
f 1741/4271/1696 1745/4275/1700 1727/4232/1682
f 1741/4267/1696 1727/4230/1682 1676/4115/1632
f 1738/4276/1693 1737/4277/1692 1746/4278/1701
f 1738/4279/1693 1746/4280/1701 1747/4281/1702
f 1738/4282/1693 1747/4283/1702 1718/4211/1673
f 1738/4284/1693 1718/4216/1673 1704/4178/1660
f 1745/4275/1700 1744/4274/1699 1748/4285/1703
f 1745/4275/1700 1748/4285/1703 1749/4286/1704
f 1745/4275/1700 1749/4286/1704 1728/4233/1683
f 1745/4275/1700 1728/4233/1683 1727/4232/1682
f 1749/4287/1704 1748/4288/1703 1750/4289/1705
f 1749/4287/1704 1750/4289/1705 1751/4290/1706
f 1749/4287/1704 1751/4290/1706 1729/4291/1684
f 1749/4286/1704 1729/4234/1684 1728/4233/1683
f 1719/4212/1674 1718/4211/1673 1747/4283/1702
f 1719/4212/1674 1747/4283/1702 1752/4292/1707
f 1719/4212/1674 1752/4292/1707 1753/4293/1708
f 1719/4212/1674 1753/4293/1708 1720/4213/1675
f 1754/4294/1709 1724/4235/1679 1729/4234/1684
f 1754/4295/1709 1729/4291/1684 1751/4290/1706
f 1754/4295/1709 1751/4290/1706 1755/4296/1710
f 1754/4294/1709 1755/4297/1710 1725/4298/1680
f 1754/4294/1709 1725/4298/1680 1724/4235/1679
f 1746/4278/1701 1737/4277/1692 1756/4299/1711
f 1746/4278/1701 1756/4299/1711 1757/4300/1712
f 1746/4301/1701 1757/4302/1712 1752/4303/1707
f 1746/4304/1701 1752/4292/1707 1747/4283/1702
f 1758/4305/1713 1720/4213/1675 1753/4293/1708
f 1758/4305/1713 1753/4293/1708 1759/4306/1714
f 1758/4305/1713 1759/4306/1714 1760/4307/1715
f 1758/4305/1713 1760/4307/1715 1742/4270/1697
f 1758/4305/1713 1742/4270/1697 1721/4214/1676
f 1758/4305/1713 1721/4214/1676 1720/4213/1675
f 1761/4308/1716 1762/4309/1717 1763/4310/1718
f 1761/4311/1716 1763/4312/1718 1764/4313/1719
f 1761/4314/1716 1764/4315/1719 1765/4316/1720
f 1761/4314/1716 1765/4316/1720 1766/4317/1721
f 1761/4318/1716 1766/4319/1721 1767/4320/1722
f 1761/4318/1716 1767/4320/1722 1762/4321/1717
f 1768/4322/1723 1762/4321/1717 1767/4320/1722
f 1768/4322/1723 1767/4320/1722 1769/4323/1724
f 1768/4322/1723 1769/4323/1724 1770/4324/1725
f 1768/4322/1723 1770/4324/1725 1756/4299/1711
f 1768/4322/1723 1756/4299/1711 1771/4325/1726
f 1768/4322/1723 1771/4325/1726 1762/4321/1717
f 1772/4326/1727 1762/4321/1717 1771/4325/1726
f 1772/4326/1727 1771/4325/1726 1737/4277/1692
f 1772/4327/1727 1737/4328/1692 1773/4329/1728
f 1772/4327/1727 1773/4329/1728 1774/4330/1729
f 1772/4327/1727 1774/4330/1729 1763/4312/1718
f 1772/4326/1727 1763/4331/1718 1762/4321/1717
f 1775/4332/1730 1776/4333/1731 1777/4334/1732
f 1775/4332/1730 1777/4334/1732 1778/4335/1733
f 1775/4332/1730 1778/4335/1733 1779/4336/1734
f 1775/4332/1730 1779/4336/1734 1780/4337/1735
f 1775/4332/1730 1780/4337/1735 1781/4338/1736
f 1775/4332/1730 1781/4338/1736 1776/4333/1731
f 1782/4339/1737 1776/4333/1731 1781/4338/1736
f 1782/4339/1737 1781/4338/1736 1783/4340/1738
f 1782/4341/1737 1783/4342/1738 1784/4343/1739
f 1782/4341/1737 1784/4343/1739 1785/4344/1740
f 1782/4341/1737 1785/4344/1740 1786/4345/1741
f 1782/4341/1737 1786/4345/1741 1776/4346/1731
f 1787/4347/1742 1776/4346/1731 1786/4345/1741
f 1787/4347/1742 1786/4345/1741 1788/4348/1743
f 1787/4347/1742 1788/4348/1743 1789/4349/1744
f 1787/4350/1742 1789/4351/1744 1777/4334/1732
f 1787/4350/1742 1777/4334/1732 1776/4333/1731
f 1790/4352/1745 1752/4303/1707 1757/4302/1712
f 1790/4352/1745 1757/4302/1712 1791/4353/1746
f 1790/4352/1745 1791/4353/1746 1792/4354/1747
f 1790/4355/1745 1792/4356/1747 1759/4306/1714
f 1790/4355/1745 1759/4306/1714 1753/4293/1708
f 1790/4355/1745 1753/4293/1708 1752/4292/1707
f 1766/4317/1721 1765/4316/1720 1793/4357/1748
f 1766/4317/1721 1793/4357/1748 1794/4358/1749
f 1766/4317/1721 1794/4358/1749 1769/4359/1724
f 1766/4317/1721 1769/4359/1724 1767/4360/1722
f 1795/4361/1750 1780/4337/1735 1779/4336/1734
f 1795/4362/1750 1779/4363/1734 1751/4290/1706
f 1795/4362/1750 1751/4290/1706 1750/4289/1705
f 1795/4362/1750 1750/4289/1705 1796/4364/1751
f 1795/4361/1750 1796/4365/1751 1780/4337/1735
f 1783/4340/1738 1781/4338/1736 1780/4337/1735
f 1783/4340/1738 1780/4337/1735 1796/4365/1751
f 1783/4340/1738 1796/4365/1751 1797/4366/1752
f 1783/4342/1738 1797/4367/1752 1784/4343/1739
f 1755/4368/1710 1751/4369/1706 1779/4336/1734
f 1755/4368/1710 1779/4336/1734 1778/4335/1733
f 1755/4368/1710 1778/4335/1733 1798/4370/1753
f 1755/4371/1710 1798/4372/1753 1799/4373/1754
f 1755/4374/1710 1799/4375/1754 1800/4376/1755
f 1755/4377/1710 1800/4378/1755 1725/4260/1680
f 1756/4299/1711 1737/4277/1692 1771/4325/1726
f 1801/4379/1756 1763/4312/1718 1774/4330/1729
f 1801/4380/1756 1774/4381/1729 1802/4382/1757
f 1801/4380/1756 1802/4382/1757 1803/4383/1758
f 1801/4380/1756 1803/4383/1758 1804/4384/1759
f 1801/4380/1756 1804/4384/1759 1764/4315/1719
f 1801/4379/1756 1764/4313/1719 1763/4312/1718
f 1798/4370/1753 1778/4335/1733 1777/4334/1732
f 1798/4370/1753 1777/4334/1732 1789/4351/1744
f 1798/4370/1753 1789/4351/1744 1805/4385/1760
f 1798/4386/1753 1805/4387/1760 1799/4388/1754
f 1804/4384/1759 1803/4383/1758 1806/4389/1761
f 1804/4384/1759 1806/4389/1761 1793/4357/1748
f 1804/4384/1759 1793/4357/1748 1765/4316/1720
f 1804/4384/1759 1765/4316/1720 1764/4315/1719
f 1785/4344/1740 1784/4343/1739 1807/4390/1762
f 1785/4344/1740 1807/4390/1762 1808/4391/1763
f 1785/4344/1740 1808/4391/1763 1788/4348/1743
f 1785/4344/1740 1788/4348/1743 1786/4345/1741
f 1736/4252/1691 1734/4246/1689 1809/4392/1764
f 1736/4252/1691 1809/4392/1764 1810/4393/1765
f 1736/4252/1691 1810/4393/1765 1811/4394/1766
f 1736/4252/1691 1811/4394/1766 1773/4395/1728
f 1736/4396/1691 1773/4397/1728 1737/4398/1692
f 1812/4399/1767 1769/4359/1724 1794/4358/1749
f 1812/4400/1767 1794/4401/1749 1813/4402/1768
f 1812/4400/1767 1813/4402/1768 1814/4403/1769
f 1812/4400/1767 1814/4403/1769 1815/4404/1770
f 1812/4400/1767 1815/4404/1770 1770/4405/1725
f 1812/4400/1767 1770/4405/1725 1769/4406/1724
f 1757/4300/1712 1756/4299/1711 1770/4324/1725
f 1757/4300/1712 1770/4324/1725 1815/4407/1770
f 1757/4302/1712 1815/4408/1770 1816/4409/1771
f 1757/4302/1712 1816/4409/1771 1791/4353/1746
f 1802/4410/1757 1774/4330/1729 1773/4329/1728
f 1802/4410/1757 1773/4329/1728 1811/4411/1766
f 1802/4412/1757 1811/4413/1766 1817/4414/1772
f 1802/4412/1757 1817/4414/1772 1803/4415/1758
f 1818/4416/1773 1789/4349/1744 1788/4348/1743
f 1818/4416/1773 1788/4348/1743 1808/4391/1763
f 1818/4416/1773 1808/4391/1763 1819/4417/1774
f 1818/4416/1773 1819/4417/1774 1820/4418/1775
f 1818/4416/1773 1820/4418/1775 1805/4419/1760
f 1818/4416/1773 1805/4419/1760 1789/4349/1744
f 1792/4354/1747 1791/4353/1746 1821/4420/1776
f 1792/4354/1747 1821/4420/1776 1822/4421/1777
f 1792/4356/1747 1822/4422/1777 1760/4307/1715
f 1792/4356/1747 1760/4307/1715 1759/4306/1714
f 1823/4423/1778 1748/4285/1703 1744/4274/1699
f 1823/4423/1778 1744/4274/1699 1743/4273/1698
f 1823/4423/1778 1743/4273/1698 1824/4424/1779
f 1823/4423/1778 1824/4424/1779 1825/4425/1780
f 1823/4423/1778 1825/4425/1780 1826/4426/1781
f 1823/4423/1778 1826/4426/1781 1748/4285/1703
f 1826/4427/1781 1825/4428/1780 1827/4429/1782
f 1826/4427/1781 1827/4429/1782 1828/4430/1783
f 1826/4427/1781 1828/4430/1783 1750/4289/1705
f 1826/4427/1781 1750/4289/1705 1748/4288/1703
f 1829/4431/1784 1796/4364/1751 1750/4289/1705
f 1829/4431/1784 1750/4289/1705 1828/4430/1783
f 1829/4431/1784 1828/4430/1783 1830/4432/1785
f 1829/4433/1784 1830/4434/1785 1831/4435/1786
f 1829/4433/1784 1831/4435/1786 1797/4436/1752
f 1829/4433/1784 1797/4436/1752 1796/4437/1751
f 1832/4438/1787 1793/4357/1748 1806/4389/1761
f 1832/4438/1787 1806/4389/1761 1833/4439/1788
f 1832/4440/1787 1833/4441/1788 1813/4402/1768
f 1832/4440/1787 1813/4402/1768 1794/4401/1749
f 1832/4438/1787 1794/4358/1749 1793/4357/1748
f 1834/4442/1789 1742/4270/1697 1760/4307/1715
f 1834/4442/1789 1760/4307/1715 1822/4422/1777
f 1834/4443/1789 1822/4421/1777 1835/4444/1790
f 1834/4445/1789 1835/4446/1790 1824/4447/1779
f 1834/4448/1789 1824/4424/1779 1743/4273/1698
f 1834/4442/1789 1743/4449/1698 1742/4270/1697
f 1800/4450/1755 1799/4451/1754 1836/4452/1791
f 1800/4378/1755 1836/4453/1791 1837/4454/1792
f 1800/4378/1755 1837/4454/1792 1838/4455/1793
f 1800/4378/1755 1838/4455/1793 1739/4261/1694
f 1800/4378/1755 1739/4261/1694 1725/4260/1680
f 1839/4456/1794 1784/4343/1739 1797/4367/1752
f 1839/4457/1794 1797/4436/1752 1831/4435/1786
f 1839/4457/1794 1831/4435/1786 1840/4458/1795
f 1839/4457/1794 1840/4458/1795 1841/4459/1796
f 1839/4456/1794 1841/4460/1796 1807/4390/1762
f 1839/4456/1794 1807/4390/1762 1784/4343/1739
f 1836/4461/1791 1799/4388/1754 1805/4387/1760
f 1836/4461/1791 1805/4387/1760 1820/4462/1775
f 1836/4461/1791 1820/4462/1775 1842/4463/1797
f 1836/4461/1791 1842/4463/1797 1843/4464/1798
f 1836/4465/1791 1843/4466/1798 1837/4467/1792
f 1740/4262/1695 1739/4261/1694 1838/4455/1793
f 1740/4262/1695 1838/4455/1793 1844/4468/1799
f 1740/4262/1695 1844/4468/1799 1708/4188/1664
f 1740/4262/1695 1708/4188/1664 1707/4263/1663
f 1845/4469/1800 1803/4415/1758 1817/4414/1772
f 1845/4469/1800 1817/4414/1772 1846/4470/1801
f 1845/4469/1800 1846/4470/1801 1833/4471/1788
f 1845/4469/1800 1833/4471/1788 1806/4472/1761
f 1845/4473/1800 1806/4389/1761 1803/4383/1758
f 1847/4474/1802 1811/4475/1766 1848/4476/1803
f 1847/4477/1802 1848/4478/1803 1849/4479/1804
f 1847/4477/1802 1849/4479/1804 1850/4480/1805
f 1847/4481/1802 1850/4482/1805 1851/4483/1806
f 1847/4481/1802 1851/4483/1806 1817/4414/1772
f 1847/4481/1802 1817/4414/1772 1811/4413/1766
f 1810/4393/1765 1809/4392/1764 1852/4484/1807
f 1810/4393/1765 1852/4484/1807 1848/4485/1803
f 1810/4486/1765 1848/4476/1803 1811/4475/1766
f 1712/4195/1667 1711/4194/1666 1853/4487/1808
f 1712/4488/1667 1853/4489/1808 1854/4490/1809
f 1712/4197/1667 1854/4491/1809 1855/4492/1810
f 1712/4197/1667 1855/4492/1810 1731/4240/1686
f 1712/4197/1667 1731/4240/1686 1678/4198/1634
f 1856/4493/1811 1791/4353/1746 1816/4409/1771
f 1856/4493/1811 1816/4409/1771 1849/4479/1804
f 1856/4493/1811 1849/4479/1804 1857/4494/1812
f 1856/4493/1811 1857/4494/1812 1858/4495/1813
f 1856/4493/1811 1858/4495/1813 1821/4420/1776
f 1856/4493/1811 1821/4420/1776 1791/4353/1746
f 1814/4403/1769 1813/4402/1768 1859/4496/1814
f 1814/4403/1769 1859/4496/1814 1851/4497/1806
f 1814/4403/1769 1851/4497/1806 1850/4498/1805
f 1814/4403/1769 1850/4498/1805 1815/4404/1770
f 1850/4480/1805 1849/4479/1804 1816/4409/1771
f 1850/4480/1805 1816/4409/1771 1815/4408/1770
f 1860/4499/1815 1828/4430/1783 1827/4429/1782
f 1860/4499/1815 1827/4429/1782 1861/4500/1816
f 1860/4501/1815 1861/4502/1816 1843/4464/1798
f 1860/4501/1815 1843/4464/1798 1830/4434/1785
f 1860/4499/1815 1830/4432/1785 1828/4430/1783
f 1841/4459/1796 1840/4458/1795 1862/4503/1817
f 1841/4459/1796 1862/4503/1817 1819/4504/1774
f 1841/4460/1796 1819/4417/1774 1808/4391/1763
f 1841/4460/1796 1808/4391/1763 1807/4390/1762
f 1863/4505/1818 1734/4246/1689 1732/4241/1687
f 1863/4505/1818 1732/4241/1687 1731/4240/1686
f 1863/4505/1818 1731/4240/1686 1855/4492/1810
f 1863/4505/1818 1855/4492/1810 1864/4506/1819
f 1863/4505/1818 1864/4506/1819 1809/4392/1764
f 1863/4505/1818 1809/4392/1764 1734/4246/1689
f 1859/4496/1814 1813/4402/1768 1833/4441/1788
f 1859/4507/1814 1833/4471/1788 1846/4470/1801
f 1859/4507/1814 1846/4470/1801 1851/4483/1806
f 1852/4484/1807 1809/4392/1764 1864/4506/1819
f 1852/4484/1807 1864/4506/1819 1865/4508/1820
f 1852/4509/1807 1865/4510/1820 1866/4511/1821
f 1852/4509/1807 1866/4511/1821 1857/4512/1812
f 1852/4513/1807 1857/4494/1812 1849/4479/1804
f 1852/4513/1807 1849/4479/1804 1848/4478/1803
f 1867/4514/1822 1711/4515/1666 1709/4516/1665
f 1867/4514/1822 1709/4516/1665 1868/4517/1823
f 1867/4514/1822 1868/4517/1823 1869/4518/1824
f 1867/4514/1822 1869/4518/1824 1870/4519/1825
f 1867/4520/1822 1870/4521/1825 1871/4522/1666
f 1867/4514/1822 1871/4523/1666 1711/4515/1666
f 1871/4522/1666 1870/4521/1825 1872/4524/1826
f 1871/4525/1666 1872/4526/1826 1873/4527/1827
f 1871/4525/1666 1873/4527/1827 1853/4528/1808
f 1871/4529/1666 1853/4530/1808 1711/4531/1666
f 1874/4532/1828 1709/4189/1665 1708/4188/1664
f 1874/4532/1828 1708/4188/1664 1844/4468/1799
f 1874/4532/1828 1844/4468/1799 1875/4533/1829
f 1874/4534/1828 1875/4535/1829 1868/4517/1823
f 1874/4534/1828 1868/4517/1823 1709/4516/1665
f 1876/4536/1830 1837/4454/1792 1843/4537/1798
f 1876/4538/1830 1843/4539/1798 1861/4540/1816
f 1876/4541/1830 1861/4542/1816 1877/4543/1831
f 1876/4541/1830 1877/4543/1831 1878/4544/1832
f 1876/4541/1830 1878/4544/1832 1875/4535/1829
f 1876/4536/1830 1875/4533/1829 1838/4455/1793
f 1876/4536/1830 1838/4455/1793 1837/4454/1792
f 1835/4444/1790 1822/4421/1777 1821/4420/1776
f 1835/4545/1790 1821/4546/1776 1858/4547/1813
f 1835/4545/1790 1858/4547/1813 1879/4548/1833
f 1835/4545/1790 1879/4548/1833 1880/4549/1834
f 1835/4545/1790 1880/4549/1834 1881/4550/1835
f 1835/4545/1790 1881/4550/1835 1882/4551/1836
f 1835/4552/1790 1882/4553/1836 1824/4554/1779
f 1842/4463/1797 1820/4462/1775 1862/4503/1817
f 1842/4463/1797 1862/4503/1817 1840/4458/1795
f 1842/4463/1797 1840/4458/1795 1831/4435/1786
f 1842/4463/1797 1831/4435/1786 1830/4434/1785
f 1842/4463/1797 1830/4434/1785 1843/4464/1798
f 1882/4553/1836 1881/4555/1835 1883/4556/1837
f 1882/4553/1836 1883/4556/1837 1884/4557/1838
f 1882/4553/1836 1884/4557/1838 1885/4558/1839
f 1882/4553/1836 1885/4558/1839 1825/4559/1780
f 1882/4553/1836 1825/4559/1780 1824/4554/1779
f 1819/4504/1774 1862/4503/1817 1820/4462/1775
f 1817/4414/1772 1851/4483/1806 1846/4470/1801
f 1875/4533/1829 1844/4468/1799 1838/4455/1793
f 1886/4560/1840 1825/4559/1780 1885/4558/1839
f 1886/4560/1840 1885/4558/1839 1887/4561/1841
f 1886/4560/1840 1887/4561/1841 1888/4562/1842
f 1886/4563/1840 1888/4564/1842 1889/4565/1843
f 1886/4560/1840 1889/4566/1843 1827/4567/1782
f 1886/4560/1840 1827/4567/1782 1825/4559/1780
f 1889/4565/1843 1888/4564/1842 1890/4568/1844
f 1889/4565/1843 1890/4568/1844 1891/4569/1845
f 1889/4565/1843 1891/4569/1845 1861/4570/1816
f 1889/4565/1843 1861/4570/1816 1827/4571/1782
f 1854/4490/1809 1853/4489/1808 1892/4572/1846
f 1854/4490/1809 1892/4572/1846 1893/4573/1847
f 1854/4490/1809 1893/4573/1847 1865/4574/1820
f 1854/4490/1809 1865/4574/1820 1864/4575/1819
f 1854/4491/1809 1864/4506/1819 1855/4492/1810
f 1878/4544/1832 1877/4543/1831 1894/4576/1848
f 1878/4544/1832 1894/4576/1848 1895/4577/1849
f 1878/4544/1832 1895/4577/1849 1868/4517/1823
f 1878/4544/1832 1868/4517/1823 1875/4535/1829
f 1896/4578/1850 1857/4512/1812 1866/4511/1821
f 1896/4578/1850 1866/4511/1821 1897/4579/1851
f 1896/4580/1850 1897/4581/1851 1898/4582/1852
f 1896/4580/1850 1898/4582/1852 1899/4583/1853
f 1896/4580/1850 1899/4583/1853 1900/4584/1854
f 1896/4585/1850 1900/4586/1854 1858/4547/1813
f 1896/4585/1850 1858/4547/1813 1857/4587/1812
f 1877/4543/1831 1861/4542/1816 1891/4588/1845
f 1877/4589/1831 1891/4569/1845 1901/4590/1855
f 1877/4543/1831 1901/4591/1855 1902/4592/1856
f 1877/4543/1831 1902/4592/1856 1894/4576/1848
f 1884/4557/1838 1883/4556/1837 1903/4593/1857
f 1884/4557/1838 1903/4593/1857 1904/4594/1858
f 1884/4557/1838 1904/4594/1858 1887/4561/1841
f 1884/4557/1838 1887/4561/1841 1885/4558/1839
f 1905/4595/1859 1906/4596/1860 1907/4597/1861
f 1905/4598/1859 1907/4599/1861 1908/4600/1862
f 1905/4598/1859 1908/4600/1862 1909/4601/1863
f 1905/4598/1859 1909/4601/1863 1910/4602/1864
f 1905/4598/1859 1910/4602/1864 1911/4603/1865
f 1905/4595/1859 1911/4604/1865 1906/4596/1860
f 1912/4605/1866 1906/4596/1860 1911/4604/1865
f 1912/4605/1866 1911/4604/1865 1913/4606/1867
f 1912/4605/1866 1913/4606/1867 1914/4607/1868
f 1912/4605/1866 1914/4607/1868 1899/4583/1853
f 1912/4605/1866 1899/4583/1853 1898/4582/1852
f 1912/4605/1866 1898/4582/1852 1906/4596/1860
f 1915/4608/1869 1906/4596/1860 1898/4582/1852
f 1915/4608/1869 1898/4582/1852 1897/4581/1851
f 1915/4608/1869 1897/4581/1851 1916/4609/1870
f 1915/4608/1869 1916/4609/1870 1907/4597/1861
f 1915/4608/1869 1907/4597/1861 1906/4596/1860
f 1917/4610/1871 1918/4611/1872 1919/4612/1873
f 1917/4613/1871 1919/4614/1873 1920/4615/1874
f 1917/4613/1871 1920/4615/1874 1921/4616/1875
f 1917/4613/1871 1921/4616/1875 1922/4617/1876
f 1917/4613/1871 1922/4617/1876 1923/4618/1877
f 1917/4610/1871 1923/4619/1877 1918/4611/1872
f 1924/4620/1878 1918/4611/1872 1923/4619/1877
f 1924/4620/1878 1923/4619/1877 1925/4621/1879
f 1924/4620/1878 1925/4621/1879 1926/4622/1880
f 1924/4620/1878 1926/4622/1880 1927/4623/1881
f 1924/4620/1878 1927/4623/1881 1928/4624/1882
f 1924/4620/1878 1928/4624/1882 1918/4611/1872
f 1929/4625/1883 1918/4611/1872 1928/4624/1882
f 1929/4625/1883 1928/4624/1882 1930/4626/1884
f 1929/4625/1883 1930/4626/1884 1931/4627/1885
f 1929/4625/1883 1931/4627/1885 1919/4612/1873
f 1929/4625/1883 1919/4612/1873 1918/4611/1872
f 1879/4548/1833 1858/4547/1813 1900/4586/1854
f 1879/4548/1833 1900/4586/1854 1932/4628/1886
f 1879/4548/1833 1932/4628/1886 1933/4629/1887
f 1879/4548/1833 1933/4629/1887 1880/4549/1834
f 1934/4630/1888 1911/4603/1865 1910/4602/1864
f 1934/4630/1888 1910/4602/1864 1935/4631/1889
f 1934/4632/1888 1935/4633/1889 1936/4634/1890
f 1934/4632/1888 1936/4634/1890 1937/4635/1891
f 1934/4632/1888 1937/4635/1891 1913/4636/1867
f 1934/4630/1888 1913/4637/1867 1911/4603/1865
f 1938/4638/1892 1923/4618/1877 1922/4617/1876
f 1938/4639/1892 1922/4640/1876 1939/4641/1893
f 1938/4639/1892 1939/4641/1893 1940/4642/1894
f 1938/4643/1892 1940/4644/1894 1941/4645/1895
f 1938/4643/1892 1941/4645/1895 1925/4646/1879
f 1938/4647/1892 1925/4621/1879 1923/4619/1877
f 1942/4648/1896 1909/4601/1863 1908/4600/1862
f 1942/4648/1896 1908/4600/1862 1943/4649/1897
f 1942/4648/1896 1943/4649/1897 1944/4650/1898
f 1942/4648/1896 1944/4650/1898 1945/4651/1899
f 1942/4648/1896 1945/4651/1899 1909/4601/1863
f 1945/4652/1899 1944/4653/1898 1946/4654/1900
f 1945/4652/1899 1946/4654/1900 1935/4633/1889
f 1945/4651/1899 1935/4631/1889 1910/4602/1864
f 1945/4651/1899 1910/4602/1864 1909/4601/1863
f 1932/4655/1886 1900/4584/1854 1899/4583/1853
f 1932/4656/1886 1899/4657/1853 1947/4658/1901
f 1932/4656/1886 1947/4658/1901 1948/4659/1902
f 1932/4628/1886 1948/4660/1902 1933/4629/1887
f 1943/4649/1897 1908/4600/1862 1907/4599/1861
f 1943/4649/1897 1907/4599/1861 1916/4661/1870
f 1943/4649/1897 1916/4661/1870 1949/4662/1903
f 1943/4649/1897 1949/4662/1903 1944/4650/1898
f 1890/4568/1844 1888/4564/1842 1939/4641/1893
f 1890/4568/1844 1939/4641/1893 1922/4640/1876
f 1890/4663/1844 1922/4617/1876 1921/4616/1875
f 1890/4663/1844 1921/4616/1875 1901/4664/1855
f 1890/4568/1844 1901/4590/1855 1891/4569/1845
f 1950/4665/1904 1919/4612/1873 1931/4627/1885
f 1950/4665/1904 1931/4627/1885 1951/4666/1905
f 1950/4665/1904 1951/4666/1905 1952/4667/1906
f 1950/4668/1904 1952/4669/1906 1901/4664/1855
f 1950/4668/1904 1901/4664/1855 1920/4615/1874
f 1950/4668/1904 1920/4615/1874 1919/4614/1873
f 1953/4670/1907 1887/4561/1841 1904/4594/1858
f 1953/4670/1907 1904/4594/1858 1954/4671/1908
f 1953/4672/1907 1954/4673/1908 1955/4674/1909
f 1953/4672/1907 1955/4674/1909 1939/4675/1893
f 1953/4676/1907 1939/4641/1893 1888/4564/1842
f 1953/4676/1907 1888/4564/1842 1887/4677/1841
f 1956/4678/1910 1880/4549/1834 1933/4629/1887
f 1956/4678/1910 1933/4629/1887 1957/4679/1911
f 1956/4678/1910 1957/4679/1911 1958/4680/1912
f 1956/4678/1910 1958/4680/1912 1881/4550/1835
f 1956/4678/1910 1881/4550/1835 1880/4549/1834
f 1901/4664/1855 1921/4616/1875 1920/4615/1874
f 1927/4681/1881 1926/4682/1880 1959/4683/1913
f 1927/4681/1881 1959/4683/1913 1960/4684/1914
f 1927/4623/1881 1960/4685/1914 1930/4626/1884
f 1927/4623/1881 1930/4626/1884 1928/4624/1882
f 1948/4659/1902 1947/4658/1901 1961/4686/1915
f 1948/4660/1902 1961/4687/1915 1962/4688/1916
f 1948/4660/1902 1962/4688/1916 1957/4679/1911
f 1948/4660/1902 1957/4679/1911 1933/4629/1887
f 1947/4689/1901 1899/4583/1853 1914/4607/1868
f 1947/4658/1901 1914/4690/1868 1963/4691/1917
f 1947/4658/1901 1963/4691/1917 1964/4692/1918
f 1947/4658/1901 1964/4692/1918 1961/4686/1915
f 1937/4635/1891 1936/4634/1890 1965/4693/1919
f 1937/4694/1891 1965/4695/1919 1966/4696/1920
f 1937/4694/1891 1966/4696/1920 1963/4697/1917
f 1937/4635/1891 1963/4698/1917 1913/4636/1867
f 1963/4699/1917 1914/4607/1868 1913/4606/1867
f 1967/4700/1921 1925/4646/1879 1941/4645/1895
f 1967/4700/1921 1941/4645/1895 1968/4701/1922
f 1967/4700/1921 1968/4701/1922 1969/4702/1923
f 1967/4700/1921 1969/4702/1923 1959/4683/1913
f 1967/4700/1921 1959/4683/1913 1926/4682/1880
f 1967/4700/1921 1926/4682/1880 1925/4646/1879
f 1952/4703/1906 1951/4704/1905 1970/4705/1924
f 1952/4706/1906 1970/4707/1924 1971/4708/1925
f 1952/4706/1906 1971/4708/1925 1902/4709/1856
f 1952/4669/1906 1902/4710/1856 1901/4664/1855
f 1972/4711/1926 1897/4712/1851 1973/4713/1927
f 1972/4714/1926 1973/4715/1927 1974/4716/1928
f 1972/4717/1926 1974/4718/1928 1975/4719/1929
f 1972/4711/1926 1975/4720/1929 1949/4721/1903
f 1972/4711/1926 1949/4721/1903 1916/4722/1870
f 1972/4711/1926 1916/4722/1870 1897/4712/1851
f 1973/4723/1927 1897/4579/1851 1866/4511/1821
f 1973/4715/1927 1866/4724/1821 1976/4725/1930
f 1973/4715/1927 1976/4725/1930 1977/4726/1931
f 1973/4715/1927 1977/4726/1931 1974/4716/1928
f 1978/4727/1932 1930/4728/1884 1960/4684/1914
f 1978/4727/1932 1960/4684/1914 1979/4729/1933
f 1978/4727/1932 1979/4729/1933 1980/4730/1934
f 1978/4727/1932 1980/4730/1934 1951/4704/1905
f 1978/4731/1932 1951/4666/1905 1931/4627/1885
f 1978/4731/1932 1931/4627/1885 1930/4626/1884
f 1981/4732/1935 1904/4594/1858 1903/4593/1857
f 1981/4732/1935 1903/4593/1857 1982/4733/1936
f 1981/4732/1935 1982/4733/1936 1983/4734/1937
f 1981/4732/1935 1983/4734/1937 1954/4671/1908
f 1981/4732/1935 1954/4671/1908 1904/4594/1858
f 1946/4654/1900 1944/4653/1898 1984/4735/1938
f 1946/4654/1900 1984/4735/1938 1985/4736/1939
f 1946/4654/1900 1985/4736/1939 1936/4634/1890
f 1946/4654/1900 1936/4634/1890 1935/4633/1889
f 1940/4737/1894 1939/4675/1893 1955/4674/1909
f 1940/4737/1894 1955/4674/1909 1986/4738/1940
f 1940/4739/1894 1986/4740/1940 1987/4741/1941
f 1940/4739/1894 1987/4741/1941 1988/4742/1942
f 1940/4739/1894 1988/4742/1942 1941/4743/1895
f 1982/4733/1936 1903/4593/1857 1883/4556/1837
f 1982/4733/1936 1883/4556/1837 1881/4555/1835
f 1982/4744/1936 1881/4745/1835 1989/4746/1943
f 1982/4747/1936 1989/4748/1943 1990/4749/1944
f 1982/4747/1936 1990/4749/1944 1991/4750/1945
f 1982/4747/1936 1991/4750/1945 1983/4751/1937
f 1958/4680/1912 1957/4679/1911 1962/4688/1916
f 1958/4680/1912 1962/4688/1916 1992/4752/1946
f 1958/4680/1912 1992/4752/1946 1989/4753/1943
f 1958/4680/1912 1989/4753/1943 1881/4550/1835
f 1984/4735/1938 1944/4653/1898 1949/4754/1903
f 1984/4735/1938 1949/4754/1903 1993/4755/1947
f 1984/4735/1938 1993/4755/1947 1994/4756/1948
f 1984/4735/1938 1994/4756/1948 1985/4736/1939
f 1976/4725/1930 1866/4724/1821 1865/4574/1820
f 1976/4725/1930 1865/4574/1820 1893/4573/1847
f 1976/4725/1930 1893/4573/1847 1977/4726/1931
f 1988/4742/1942 1987/4741/1941 1995/4757/1949
f 1988/4742/1942 1995/4757/1949 1996/4758/1950
f 1988/4742/1942 1996/4758/1950 1968/4759/1922
f 1988/4742/1942 1968/4759/1922 1941/4743/1895
f 1985/4760/1939 1994/4761/1948 1997/4762/1951
f 1985/4760/1939 1997/4762/1951 1965/4695/1919
f 1985/4736/1939 1965/4693/1919 1936/4634/1890
f 1969/4763/1923 1968/4759/1922 1996/4758/1950
f 1969/4763/1923 1996/4758/1950 1998/4764/1952
f 1969/4702/1923 1998/4765/1952 1979/4729/1933
f 1969/4702/1923 1979/4729/1933 1959/4683/1913
f 1979/4729/1933 1960/4684/1914 1959/4683/1913
f 1975/4719/1929 1974/4718/1928 1999/4766/1953
f 1975/4767/1929 1999/4768/1953 2000/4769/1954
f 1975/4767/1929 2000/4769/1954 1993/4770/1947
f 1975/4771/1929 1993/4755/1947 1949/4754/1903
f 1970/4705/1924 1951/4704/1905 1980/4730/1934
f 1970/4772/1924 1980/4773/1934 2001/4774/1955
f 1970/4772/1924 2001/4774/1955 2002/4775/1956
f 1970/4707/1924 2002/4776/1956 2003/4777/1957
f 1970/4707/1924 2003/4777/1957 1971/4708/1925
f 1966/4696/1920 1965/4695/1919 1997/4762/1951
f 1966/4696/1920 1997/4762/1951 2004/4778/1958
f 1966/4696/1920 2004/4778/1958 2005/4779/1959
f 1966/4696/1920 2005/4779/1959 1964/4780/1918
f 1966/4696/1920 1964/4780/1918 1963/4697/1917
f 2006/4781/1960 1954/4673/1908 1983/4782/1937
f 2006/4781/1960 1983/4782/1937 2007/4783/1961
f 2006/4781/1960 2007/4783/1961 2008/4784/1962
f 2006/4781/1960 2008/4784/1962 1986/4738/1940
f 2006/4781/1960 1986/4738/1940 1955/4674/1909
f 2006/4781/1960 1955/4674/1909 1954/4673/1908
f 2009/4785/1963 1902/4592/1856 1971/4786/1925
f 2009/4785/1963 1971/4786/1925 2010/4787/1964
f 2009/4785/1963 2010/4787/1964 2011/4788/1965
f 2009/4785/1963 2011/4788/1965 1895/4577/1849
f 2009/4785/1963 1895/4577/1849 1894/4576/1848
f 2009/4785/1963 1894/4576/1848 1902/4592/1856
f 1869/4518/1824 1868/4517/1823 1895/4577/1849
f 1869/4518/1824 1895/4577/1849 2011/4788/1965
f 1869/4518/1824 2011/4788/1965 2010/4787/1964
f 1869/4518/1824 2010/4787/1964 2012/4789/1966
f 1869/4518/1824 2012/4789/1966 1870/4519/1825
f 2013/4790/1967 1962/4791/1916 1961/4686/1915
f 2013/4790/1967 1961/4686/1915 2014/4792/1968
f 2013/4790/1967 2014/4792/1968 2015/4793/1969
f 2013/4790/1967 2015/4793/1969 2016/4794/1970
f 2013/4795/1967 2016/4796/1970 2017/4797/1971
f 2013/4795/1967 2017/4797/1971 1992/4798/1946
f 2013/4799/1967 1992/4752/1946 1962/4688/1916
f 2014/4792/1968 1961/4686/1915 1964/4692/1918
f 2014/4800/1968 1964/4780/1918 2005/4779/1959
f 2014/4800/1968 2005/4779/1959 2000/4769/1954
f 2014/4800/1968 2000/4769/1954 1999/4768/1953
f 2014/4792/1968 1999/4801/1953 2015/4793/1969
f 1873/4527/1827 1872/4526/1826 2018/4802/1972
f 1873/4527/1827 2018/4802/1972 2019/4803/1973
f 1873/4527/1827 2019/4803/1973 2020/4804/1974
f 1873/4805/1827 2020/4806/1974 1892/4572/1846
f 1873/4805/1827 1892/4572/1846 1853/4489/1808
f 2021/4807/1975 1893/4573/1847 1892/4572/1846
f 2021/4807/1975 1892/4572/1846 2020/4806/1974
f 2021/4807/1975 2020/4806/1974 2022/4808/1976
f 2021/4807/1975 2022/4808/1976 1977/4726/1931
f 2021/4807/1975 1977/4726/1931 1893/4573/1847
f 2023/4809/1977 1989/4810/1943 1992/4811/1946
f 2023/4812/1977 1992/4813/1946 2017/4814/1971
f 2023/4812/1977 2017/4814/1971 2024/4815/1978
f 2023/4812/1977 2024/4815/1978 2025/4816/1979
f 2023/4812/1977 2025/4816/1979 1990/4817/1944
f 2023/4809/1977 1990/4818/1944 1989/4810/1943
f 2007/4819/1961 1983/4820/1937 2026/4821/1980
f 2007/4819/1961 2026/4821/1980 2027/4822/1981
f 2007/4819/1961 2027/4822/1981 2028/4823/1982
f 2007/4819/1961 2028/4823/1982 2029/4824/1983
f 2007/4819/1961 2029/4824/1983 2008/4825/1962
f 1991/4750/1945 1990/4749/1944 2030/4826/1984
f 1991/4750/1945 2030/4826/1984 2027/4827/1981
f 1991/4828/1945 2027/4822/1981 2026/4821/1980
f 1991/4828/1945 2026/4821/1980 1983/4820/1937
f 2002/4775/1956 2001/4774/1955 1995/4757/1949
f 2002/4775/1956 1995/4757/1949 1987/4741/1941
f 2002/4775/1956 1987/4741/1941 1986/4740/1940
f 2002/4829/1956 1986/4738/1940 2008/4784/1962
f 2002/4776/1956 2008/4830/1962 2003/4777/1957
f 1998/4764/1952 1996/4758/1950 2031/4831/1985
f 1998/4764/1952 2031/4831/1985 2001/4774/1955
f 1998/4764/1952 2001/4774/1955 1980/4773/1934
f 1998/4765/1952 1980/4730/1934 1979/4729/1933
f 2022/4832/1976 2020/4804/1974 2019/4803/1973
f 2022/4833/1976 2019/4834/1973 2032/4835/1986
f 2022/4833/1976 2032/4835/1986 2033/4836/1987
f 2022/4808/1976 2033/4837/1987 1974/4716/1928
f 2022/4808/1976 1974/4716/1928 1977/4726/1931
f 2033/4836/1987 2032/4835/1986 2034/4838/1988
f 2033/4836/1987 2034/4838/1988 2035/4839/1989
f 2033/4836/1987 2035/4839/1989 1999/4840/1953
f 2033/4841/1987 1999/4842/1953 1974/4843/1928
f 2036/4844/1990 1971/4708/1925 2003/4777/1957
f 2036/4845/1990 2003/4846/1957 2037/4847/1991
f 2036/4845/1990 2037/4847/1991 2038/4848/1992
f 2036/4845/1990 2038/4848/1992 2039/4849/1993
f 2036/4845/1990 2039/4849/1993 1971/4850/1925
f 2039/4849/1993 2038/4848/1992 2040/4851/1994
f 2039/4849/1993 2040/4851/1994 2041/4852/1995
f 2039/4849/1993 2041/4852/1995 2010/4853/1964
f 2039/4854/1993 2010/4855/1964 1971/4856/1925
f 2042/4857/1996 2000/4769/1954 2005/4779/1959
f 2042/4857/1996 2005/4779/1959 2004/4778/1958
f 2042/4857/1996 2004/4778/1958 1997/4762/1951
f 2042/4857/1996 1997/4762/1951 1994/4761/1948
f 2042/4857/1996 1994/4761/1948 1993/4770/1947
f 2042/4857/1996 1993/4770/1947 2000/4769/1954
f 2037/4858/1991 2003/4859/1957 2008/4860/1962
f 2037/4847/1991 2008/4825/1962 2029/4824/1983
f 2037/4847/1991 2029/4824/1983 2043/4861/1997
f 2037/4847/1991 2043/4861/1997 2038/4848/1992
f 2035/4839/1989 2034/4838/1988 2044/4862/1998
f 2035/4839/1989 2044/4862/1998 2045/4863/1999
f 2035/4839/1989 2045/4863/1999 2015/4864/1969
f 2035/4865/1989 2015/4866/1969 1999/4867/1953
f 2046/4868/2000 1872/4524/1826 1870/4521/1825
f 2046/4868/2000 1870/4521/1825 2047/4869/2001
f 2046/4868/2000 2047/4869/2001 2048/4870/2002
f 2046/4868/2000 2048/4870/2002 2049/4871/2003
f 2046/4868/2000 2049/4871/2003 2050/4872/2004
f 2046/4868/2000 2050/4872/2004 1872/4524/1826
f 2050/4873/2004 2049/4874/2003 2051/4875/2005
f 2050/4876/2004 2051/4877/2005 2052/4878/2006
f 2050/4876/2004 2052/4878/2006 2018/4879/1972
f 2050/4880/2004 2018/4802/1972 1872/4526/1826
f 2047/4869/2001 1870/4521/1825 2012/4881/1966
f 2047/4869/2001 2012/4881/1966 2041/4882/1995
f 2047/4883/2001 2041/4852/1995 2040/4851/1994
f 2047/4869/2001 2040/4884/1994 2048/4870/2002
f 2012/4881/1966 2010/4885/1964 2041/4882/1995
f 1995/4757/1949 2001/4774/1955 2031/4831/1985
f 1995/4757/1949 2031/4831/1985 1996/4758/1950
f 2016/4796/1970 2015/4864/1969 2045/4863/1999
f 2016/4796/1970 2045/4863/1999 2053/4886/2007
f 2016/4796/1970 2053/4886/2007 2024/4887/1978
f 2016/4796/1970 2024/4887/1978 2017/4797/1971
f 2028/4823/1982 2027/4822/1981 2054/4888/2008
f 2028/4823/1982 2054/4888/2008 2043/4861/1997
f 2028/4823/1982 2043/4861/1997 2029/4824/1983
f 2044/4862/1998 2034/4838/1988 2055/4889/2009
f 2044/4862/1998 2055/4889/2009 2053/4886/2007
f 2044/4862/1998 2053/4886/2007 2045/4863/1999
f 2055/4889/2009 2034/4838/1988 2056/4890/2010
f 2055/4891/2009 2056/4892/2010 2052/4878/2006
f 2055/4891/2009 2052/4878/2006 2057/4893/2011
f 2055/4891/2009 2057/4893/2011 2024/4815/1978
f 2055/4889/2009 2024/4887/1978 2053/4886/2007
f 2057/4893/2011 2052/4878/2006 2051/4877/2005
f 2057/4893/2011 2051/4877/2005 2058/4894/2012
f 2057/4893/2011 2058/4894/2012 2025/4816/1979
f 2057/4893/2011 2025/4816/1979 2024/4815/1978
f 2059/4895/2013 2027/4827/1981 2030/4826/1984
f 2059/4895/2013 2030/4826/1984 2058/4896/2012
f 2059/4895/2013 2058/4896/2012 2049/4871/2003
f 2059/4895/2013 2049/4871/2003 2048/4870/2002
f 2059/4895/2013 2048/4870/2002 2054/4897/2008
f 2059/4898/2013 2054/4888/2008 2027/4822/1981
f 2056/4890/2010 2034/4838/1988 2032/4835/1986
f 2056/4890/2010 2032/4835/1986 2019/4834/1973
f 2056/4892/2010 2019/4899/1973 2018/4879/1972
f 2056/4892/2010 2018/4879/1972 2052/4878/2006
f 2054/4888/2008 2048/4900/2002 2040/4851/1994
f 2054/4888/2008 2040/4851/1994 2038/4848/1992
f 2054/4888/2008 2038/4848/1992 2043/4861/1997
f 2060/4901/2014 1990/4749/1944 2025/4902/1979
f 2060/4901/2014 2025/4902/1979 2058/4896/2012
f 2060/4901/2014 2058/4896/2012 2030/4826/1984
f 2060/4901/2014 2030/4826/1984 1990/4749/1944
f 2058/4896/2012 2051/4903/2005 2049/4871/2003
f 642/4904/630 641/4905/629 2061/4906/425
f 641/4905/629 698/4907/686 2061/4906/425
f 698/4907/686 695/4908/683 2061/4906/425
f 695/4908/683 694/4909/682 2061/4906/425
f 694/4910/682 741/4911/729 2061/4912/425
f 741/1727/730 2061/4913/425 742/1728/425
f 742/1728/425 2061/4913/425 790/4914/2015
f 790/4915/2015 2061/4916/425 826/4917/2016
f 826/4917/2016 2061/4916/425 893/4918/2017
f 893/4918/2017 2061/4916/425 921/4919/2018
f 921/4919/2018 2061/4916/425 946/4920/2019
f 946/4920/2019 2061/4916/425 980/4921/2020
f 980/4922/2020 2061/4923/425 1021/4924/2021
f 1021/4924/2021 2061/4923/425 1040/4925/2022
f 1040/4925/2022 2061/4923/425 1082/4926/2023
f 1082/4927/1054 1083/4928/1055 2061/4929/425
f 1083/4930/1055 1165/4931/1135 2061/4932/425
f 1165/4931/1135 1197/4933/1167 2061/4932/425
f 1197/4933/1167 1196/4934/1166 2061/4932/425
f 1196/4934/1166 1195/4935/1165 2061/4932/425
f 1195/4936/1165 1128/4937/1098 2061/4938/425
f 1128/4939/1098 1080/4940/1052 2061/4941/425
f 1080/4940/1052 1053/4942/1022 2061/4941/425
f 1053/4943/2024 2061/4944/425 1052/4945/1023
f 1052/4945/1023 2061/4944/425 1034/4946/1024
f 1034/4947/1024 2061/4948/425 941/4949/2025
f 941/4949/2025 2061/4948/425 923/4950/2026
f 923/4950/2026 2061/4948/425 922/4951/904
f 922/2228/904 2061/4952/425 885/2229/870
f 885/4953/870 2061/4954/425 791/4955/780
f 791/4955/780 2061/4954/425 761/4956/749
f 761/4956/749 2061/4954/425 760/4957/748
f 760/4957/748 2061/4954/425 696/4958/751
f 696/4959/684 644/4960/632 2061/4961/425
f 644/4960/632 642/4962/630 2061/4961/425
