# Blender 4.4.0
# www.blender.org
# mtl  Meshy_AI_A_hippy_named_Jared__0508031802_texture.mtl
o Meshy_AI_A_hippy_named_Jared__0508031802_texture
v -0.163048 -0.451624 -0.899883
v 0.004972 -0.121984 -0.899270
v 0.095229 -0.137253 -0.896406
v 0.063526 -0.459880 -0.900113
v 0.115059 -0.256624 -0.896290
v 0.146379 -0.376028 -0.880777
v 0.059956 -0.018247 -0.880537
v -0.127317 -0.531242 -0.884611
v -0.134591 -0.225345 -0.867919
v -0.023652 -0.646715 -0.884485
v 0.035855 -0.519773 -0.900093
v 0.087263 -0.751355 -0.872159
v 0.178759 -0.512485 -0.888132
v -0.237637 -0.488117 -0.876568
v -0.228549 -0.392914 -0.842042
v 0.149686 -0.129227 -0.875487
v -0.043303 -0.800558 -0.887646
v 0.083067 -0.791061 -0.882864
v 0.205252 -0.561492 -0.854883
v 0.193862 -0.437193 -0.853080
v -0.193814 -0.332393 -0.855773
v -0.134245 -0.786923 -0.870445
v -0.102903 -0.735393 -0.864910
v -0.037967 -0.006708 -0.850176
v 0.171071 0.090176 -0.840982
v 0.197342 -0.033729 -0.834248
v -0.202021 -0.794425 -0.819151
v 0.266046 -0.514232 -0.848167
v 0.281364 -0.488828 -0.840899
v 0.004074 -0.894331 -0.791196
v 0.161870 -0.796678 -0.855286
v 0.189637 -0.272976 -0.850911
v 0.237417 -0.757429 -0.803361
v -0.277223 -0.237151 -0.837050
v -0.340362 -0.727523 -0.782029
v -0.280937 -0.496439 -0.852932
v -0.122873 -0.097893 -0.848639
v 0.025306 0.204518 -0.816482
v 0.224754 -0.060949 -0.811192
v 0.210344 0.157754 -0.829452
v 0.273086 -0.676343 -0.798652
v 0.246676 -0.196474 -0.775832
v -0.206077 -0.046340 -0.828535
v 0.293452 -0.498004 -0.802881
v 0.233318 -0.801308 -0.790316
v -0.325519 -0.765319 -0.801314
v 0.261202 -0.414251 -0.799017
v -0.186676 -0.919047 -0.742500
v 0.185967 -0.856283 -0.778444
v -0.313413 -0.347515 -0.813450
v 0.241467 0.126376 -0.817751
v 0.306218 -0.468259 -0.811653
v 0.332649 -0.733335 -0.781755
v 0.194822 0.224647 -0.816502
v 0.252706 -0.514436 -0.774064
v -0.344388 -0.363833 -0.789994
v -0.178250 0.133055 -0.785787
v 0.275144 -0.273376 -0.772071
v 0.095312 -0.914632 -0.743838
v -0.022930 0.288544 -0.750782
v 0.365222 0.309443 -0.671111
v 0.147819 0.315914 -0.782307
v 0.198484 0.315994 -0.770868
v -0.425609 -0.700227 -0.691890
v 0.326958 -0.431022 -0.725737
v -0.395625 -0.508452 -0.758297
v -0.296217 0.061641 -0.720274
v -0.419057 -0.484828 -0.711391
v 0.292432 -0.385462 -0.751837
v -0.265438 -0.868619 -0.746101
v 0.357456 -0.741727 -0.752636
v 0.360521 0.095714 -0.648258
v 0.297523 -0.044849 -0.696404
v -0.419300 -0.757860 -0.719850
v 0.284874 -0.548723 -0.751924
v -0.339717 -0.130042 -0.727918
v 0.116185 0.340243 -0.754936
v 0.272913 -0.816857 -0.739648
v 0.345329 -0.565184 -0.632945
v 0.336123 -0.756886 -0.707458
v 0.288985 -0.456917 -0.719189
v 0.376933 0.363940 -0.647690
v 0.360414 -0.624797 -0.677395
v -0.178109 0.232701 -0.747468
v -0.123680 -0.939393 -0.701683
v -0.385408 -0.772625 -0.696460
v 0.271412 -0.483589 -0.716482
v -0.386465 -0.412529 -0.743572
v 0.376872 -0.722055 -0.733802
v -0.401497 -0.570909 -0.705612
v 0.181073 -0.915287 -0.692908
v -0.383905 -0.837362 -0.671093
v -0.126710 0.311177 -0.717546
v -0.006747 0.383348 -0.685351
v 0.316906 -0.852592 -0.597257
v -0.454623 -0.483532 -0.664299
v 0.297835 -0.168598 -0.673006
v 0.286873 -0.272534 -0.669830
v -0.387780 -0.169806 -0.633378
v 0.310186 -0.124062 -0.669338
v -0.345136 -0.078075 -0.676596
v 0.134077 0.471275 -0.658644
v 0.353471 -0.719114 -0.674884
v -0.479591 -0.745413 -0.648707
v 0.329437 -0.497442 -0.598709
v -0.450616 -0.510296 -0.656948
v -0.320992 -0.927230 -0.643654
v -0.257241 0.280122 -0.676987
v -0.397911 -0.353891 -0.661254
v -0.312655 0.165120 -0.695055
v 0.092337 0.467554 -0.675222
v 0.127356 -0.943315 -0.546361
v -0.440461 -0.672986 -0.652580
v 0.188503 0.430841 -0.687274
v 0.377141 0.182463 -0.647726
v -0.360263 0.098070 -0.656068
v -0.322486 -0.935547 -0.605886
v -0.328185 0.220384 -0.651888
v -0.466899 -0.433547 -0.598322
v 0.251145 0.466154 -0.612675
v 0.357868 -0.743123 -0.625201
v 0.283502 -0.439659 -0.587680
v 0.345162 -0.380199 -0.573839
v -0.185719 0.386781 -0.627957
v -0.122247 0.399688 -0.643469
v -0.471709 -0.773162 -0.573328
v 0.353516 0.391274 -0.642286
v 0.364493 -0.793504 -0.581204
v -0.404734 -0.580730 -0.612864
v -0.410781 -0.546995 -0.597569
v 0.341521 -0.402599 -0.558839
v 0.298889 -0.240684 -0.565676
v -0.356714 -0.025105 -0.636656
v -0.408176 0.170133 -0.529521
v 0.342925 0.016949 -0.556886
v -0.058817 0.496051 -0.623091
v 0.032693 0.515853 -0.636876
v 0.130233 0.553903 -0.623066
v -0.420385 -0.519011 -0.577596
v -0.427188 -0.848874 -0.596643
v -0.288691 0.363517 -0.563185
v 0.436174 0.301341 -0.618837
v 0.335835 -0.584143 -0.569953
v 0.226067 -0.923408 -0.597445
v 0.313371 -0.180051 -0.609677
v 0.409549 0.143289 -0.616215
v -0.089086 0.535010 -0.583864
v -0.388947 0.280640 -0.517113
v 0.005144 0.567459 -0.596014
v -0.173816 0.438348 -0.538355
v -0.529821 -0.738775 -0.558080
v -0.479837 -0.635945 -0.580128
v -0.434543 -0.366348 -0.507161
v 0.382179 0.044930 -0.586644
v 0.052344 0.711199 -0.554789
v -0.392729 -0.188635 -0.574816
v 0.389221 0.454708 -0.497800
v -0.459247 -0.466413 -0.559790
v -0.404958 -0.329780 -0.570043
v -0.368602 -0.121900 -0.590303
v 0.337737 -0.045008 -0.597883
v 0.436239 0.419011 -0.513366
v -0.008026 -0.927617 -0.431785
v 0.496615 0.130212 -0.585999
v 0.156484 0.559421 -0.592063
v -0.380080 -0.915485 -0.553655
v 0.388793 -0.731231 -0.564417
v -0.380697 -0.273724 -0.539433
v 0.175079 -0.935571 -0.471107
v -0.369093 -0.076222 -0.553964
v 0.211417 0.523074 -0.552101
v 0.130372 0.667266 -0.562176
v 0.396217 -0.749943 -0.541883
v 0.403540 0.001262 -0.554435
v 0.494003 0.043418 -0.576965
v 0.499622 0.229042 -0.572101
v 0.196843 0.592222 -0.510078
v 0.196412 0.640954 -0.532563
v 0.257055 0.490508 -0.525366
v 0.337096 -0.852426 -0.518143
v -0.491399 -0.742017 -0.516676
v -0.491025 -0.588671 -0.533348
v 0.312598 -0.484632 -0.549267
v -0.361084 -0.125575 -0.503546
v 0.560901 -0.040786 -0.538143
v 0.333488 -0.028341 -0.506435
v -0.399681 0.035403 -0.456901
v 0.555167 0.042063 -0.542896
v 0.388675 -0.560729 -0.537358
v 0.353453 -0.513370 -0.553162
v -0.153311 0.467292 -0.521534
v -0.439135 -0.459417 -0.511765
v 0.345500 -0.001832 -0.528835
v -0.521450 -0.749859 -0.544179
v 0.344813 -0.473206 -0.521552
v -0.018434 0.838332 -0.456255
v -0.372799 -0.927116 -0.482669
v -0.521201 -0.734348 -0.532125
v 0.278479 -0.448176 -0.497270
v 0.557779 -0.123457 -0.516791
v -0.455143 -0.844451 -0.498325
v 0.371411 -0.513927 -0.506579
v 0.549589 0.149462 -0.517355
v -0.152658 0.568232 -0.485958
v 0.267667 -0.431997 -0.505963
v -0.423526 -0.403342 -0.480495
v 0.349351 -0.351977 -0.494818
v -0.380483 -0.044101 -0.491494
v 0.425055 -0.146701 -0.455909
v 0.550334 0.252783 -0.446016
v -0.092843 0.831284 -0.424653
v 0.079663 0.854691 -0.487704
v -0.482808 -0.770562 -0.466322
v -0.300757 0.440286 -0.453868
v -0.473293 -0.548616 -0.492186
v 0.332663 -0.381879 -0.483198
v -0.209161 0.454353 -0.504838
v -0.341003 -0.220845 -0.452161
v 0.317943 -0.156467 -0.470209
v 0.238021 -0.923792 -0.498908
v 0.553902 0.153295 -0.481548
v 0.382571 0.461900 -0.466679
v 0.420505 -0.670617 -0.481450
v 0.241049 0.581402 -0.487596
v 0.298611 -0.430961 -0.480050
v -0.372132 -0.173296 -0.479687
v 0.629269 -0.078430 -0.476577
v -0.411218 0.071111 -0.456684
v -0.355858 0.359615 -0.488735
v 0.247656 0.528363 -0.489216
v -0.416344 0.253453 -0.453759
v -0.205658 0.466963 -0.477395
v -0.101748 0.667490 -0.478540
v 0.201626 0.730397 -0.499164
v 0.381239 -0.785122 -0.308368
v -0.467930 -0.607518 -0.495278
v 0.280035 -0.414516 -0.473266
v 0.519202 -0.214724 -0.467566
v -0.164484 0.523190 -0.480917
v 0.238323 0.672786 -0.467934
v 0.411424 -0.720111 -0.434356
v 0.334306 -0.184396 -0.402736
v 0.347418 -0.015061 -0.490447
v -0.415253 -0.367998 -0.440836
v 0.288988 0.475608 -0.459170
v 0.251899 0.557315 -0.476884
v 0.683792 -0.125333 -0.437629
v 0.440310 0.426748 -0.466736
v -0.176463 0.515292 -0.460868
v 0.142227 0.861953 -0.461646
v 0.492797 0.363474 -0.446606
v 0.193143 0.847084 -0.417461
v 0.280931 0.743070 -0.396955
v -0.417853 -0.478737 -0.436197
v 0.278362 -0.420105 -0.465710
v 0.583815 0.133133 -0.423680
v 0.297383 -0.872711 -0.407867
v -0.487349 -0.715128 -0.445709
v 0.451125 -0.564127 -0.439510
v -0.376608 -0.462563 -0.420823
v 0.659778 -0.183571 -0.458722
v 0.341408 -0.462285 -0.457581
v 0.613025 -0.214986 -0.466699
v -0.383512 0.001310 -0.445743
v 0.474267 0.379355 -0.424976
v 0.297032 0.636890 -0.417112
v 0.071401 0.902440 -0.440523
v -0.286737 -0.931435 -0.367998
v -0.434455 -0.532271 -0.451289
v 0.456878 -0.213920 -0.436215
v -0.326775 -0.081338 -0.424012
v -0.128411 0.676505 -0.437105
v -0.505366 -0.741778 -0.378240
v 0.294218 -0.400088 -0.448828
v -0.228332 0.482048 -0.450088
v -0.400188 -0.895800 -0.395331
v -0.487950 -0.589024 -0.429458
v 0.628173 -0.253515 -0.428254
v 0.345450 -0.288722 -0.435348
v -0.392743 -0.403467 -0.449616
v 0.675859 -0.179347 -0.438171
v 0.687691 -0.088634 -0.399525
v -0.337121 -0.051563 -0.404971
v 0.405718 -0.050021 -0.415585
v 0.355546 -0.000963 -0.444620
v 0.267700 0.541053 -0.413382
v -0.152095 0.640038 -0.408347
v 0.606306 -0.266636 -0.406483
v -0.308047 -0.157902 -0.343226
v 0.413695 -0.167471 -0.414652
v 0.494863 -0.464408 -0.344560
v 0.289111 -0.388531 -0.423017
v 0.453027 -0.246185 -0.390597
v -0.425106 -0.024999 -0.425417
v -0.208950 0.519630 -0.433598
v -0.066038 0.878781 -0.412443
v 0.390098 -0.120410 -0.384131
v 0.626974 -0.003381 -0.409076
v 0.035875 -0.922834 -0.425185
v 0.475221 -0.606901 -0.391911
v -0.431326 -0.508079 -0.418954
v 0.416959 -0.461700 -0.408637
v 0.293403 -0.346962 -0.385381
v 0.361766 0.451483 -0.412448
v -0.541506 -0.670886 -0.341730
v -0.451154 0.090519 -0.393005
v 0.375719 -0.382904 -0.404113
v -0.365238 -0.334960 -0.365293
v -0.168969 0.683995 -0.348163
v 0.417178 -0.104942 -0.344321
v 0.361509 0.018027 -0.399974
v 0.546307 0.153469 -0.388029
v -0.349455 -0.269937 -0.313390
v 0.522748 -0.247497 -0.402310
v -0.483504 -0.569099 -0.407383
v -0.463510 0.193339 -0.301738
v 0.524063 0.228627 -0.373188
v -0.164100 0.724015 -0.384901
v 0.136028 -0.879146 -0.354306
v -0.401374 -0.478690 -0.395071
v 0.434991 -0.398009 -0.391870
v -0.325808 -0.364994 -0.388701
v 0.648064 -0.242511 -0.386842
v 0.679759 -0.145685 -0.403335
v -0.414227 -0.135378 -0.403165
v -0.380139 -0.155612 -0.392801
v -0.331655 -0.087958 -0.372589
v 0.602993 0.038086 -0.396181
v -0.277308 0.443229 -0.399874
v 0.122103 0.925991 -0.365812
v 0.044070 0.934820 -0.369425
v -0.349689 -0.915312 -0.356120
v -0.446990 -0.053215 -0.404433
v 0.417277 0.387336 -0.375419
v 0.293399 0.455461 -0.395285
v -0.324397 -0.410183 -0.389759
v 0.474778 -0.254838 -0.386843
v 0.295330 0.501390 -0.372793
v 0.298488 0.600662 -0.313142
v 0.267704 0.790303 -0.369631
v 0.197424 0.878230 -0.326723
v -0.013303 -0.876985 -0.381531
v -0.485094 -0.581379 -0.390250
v -0.252666 -0.400463 -0.348216
v 0.507889 -0.247647 -0.367583
v -0.346800 -0.249434 -0.322096
v 0.525153 -0.468079 -0.293297
v 0.378055 0.039541 -0.369306
v 0.552612 0.028906 -0.330411
v 0.486215 0.312590 -0.393419
v -0.034493 0.918816 -0.353774
v 0.432226 -0.743191 -0.283870
v -0.451433 -0.542912 -0.395452
v -0.341521 -0.454391 -0.357651
v 0.270734 -0.388963 -0.401645
v 0.341712 -0.088273 -0.336619
v -0.491517 -0.077071 -0.332788
v -0.315632 -0.099286 -0.360016
v -0.220441 0.480040 -0.371503
v 0.028127 -0.877071 -0.387007
v 0.383382 -0.363530 -0.353431
v 0.549771 0.129374 -0.352528
v 0.316910 0.411173 -0.357213
v -0.215496 0.552085 -0.359455
v -0.152741 -0.902840 -0.337080
v -0.480735 -0.764432 -0.188278
v 0.499209 -0.622257 -0.257969
v 0.535069 -0.519652 -0.282656
v -0.275502 -0.421688 -0.318262
v 0.300686 -0.368069 -0.328919
v 0.310717 -0.187831 -0.337414
v 0.665681 -0.113040 -0.384184
v 0.313674 0.680908 -0.316591
v 0.250663 -0.397889 -0.382086
v -0.452724 -0.185304 -0.364041
v -0.171619 0.731511 -0.359276
v -0.239649 -0.899565 -0.284603
v 0.448770 -0.148685 -0.329209
v 0.454087 -0.113171 -0.337639
v 0.402061 -0.116551 -0.359971
v 0.636408 -0.041181 -0.304228
v -0.385463 -0.445786 -0.336473
v 0.224100 -0.408252 -0.378804
v 0.231600 -0.404175 -0.379970
v 0.456865 -0.238552 -0.356255
v 0.661022 -0.050709 -0.324773
v 0.390277 0.348269 -0.351862
v -0.080153 0.892311 -0.338523
v 0.046329 -0.853400 -0.374201
v -0.499725 -0.458580 -0.280273
v 0.189424 -0.438458 -0.359031
v 0.182031 -0.436533 -0.376761
v 0.177996 -0.444929 -0.374055
v 0.189945 -0.435995 -0.375337
v 0.213528 -0.421301 -0.375964
v 0.204172 -0.420107 -0.380138
v 0.215626 -0.416253 -0.383728
v -0.430568 -0.235217 -0.364622
v 0.683483 -0.132804 -0.351166
v 0.497718 0.217649 -0.377200
v -0.360504 0.388463 -0.287395
v -0.009419 -0.800768 -0.345260
v 0.139780 -0.460158 -0.370297
v -0.369495 -0.235706 -0.351071
v 0.502774 0.113416 -0.362795
v 0.317326 0.537274 -0.337533
v 0.305221 0.707407 -0.312190
v 0.097364 -0.479912 -0.358993
v 0.140742 -0.466116 -0.368483
v -0.253903 -0.419458 -0.333083
v 0.233287 -0.339406 -0.322023
v -0.488973 -0.220488 -0.353687
v -0.316762 -0.092355 -0.343366
v 0.480976 -0.045561 -0.341540
v 0.436483 0.328654 -0.352242
v 0.115404 -0.471904 -0.367428
v 0.161407 -0.415042 -0.309063
v 0.529548 -0.346826 -0.288994
v -0.509350 -0.239005 -0.337040
v -0.351013 -0.151576 -0.334638
v 0.666882 -0.073182 -0.329197
v 0.450839 0.042998 -0.339513
v 0.537194 0.129341 -0.339613
v 0.440264 0.222208 -0.324577
v 0.345898 0.356629 -0.343466
v 0.433302 0.158265 -0.335734
v -0.113491 0.846759 -0.311867
v 0.144539 -0.812542 -0.287620
v -0.574418 -0.500678 -0.232493
v 0.534203 -0.391741 -0.312951
v -0.459525 0.252940 -0.264514
v -0.221123 0.446291 -0.285211
v 0.129816 0.930239 -0.322468
v 0.028085 -0.768196 -0.298069
v 0.073576 -0.483760 -0.354582
v 0.061142 -0.489613 -0.341218
v 0.117161 -0.487863 -0.318970
v 0.205782 -0.429529 -0.278657
v 0.395082 0.241213 -0.311479
v 0.330450 0.313592 -0.317078
v 0.298291 0.468949 -0.323869
v 0.045050 -0.473941 -0.304775
v 0.157322 -0.444577 -0.299194
v -0.324816 -0.282924 -0.265324
v 0.484260 -0.214609 -0.332206
v 0.473252 -0.153475 -0.318586
v -0.219921 0.465321 -0.304141
v -0.127958 0.810786 -0.267873
v -0.018030 0.931746 -0.243908
v 0.361238 0.034925 -0.326115
v 0.516072 0.033360 -0.336975
v -0.191966 0.595844 -0.320250
v 0.062074 -0.504774 -0.265790
v -0.489287 -0.298077 -0.297817
v -0.368391 -0.266976 -0.325088
v -0.427130 -0.309992 -0.309179
v 0.534359 -0.262635 -0.219442
v -0.515202 -0.022302 -0.300781
v 0.512896 -0.000031 -0.305627
v 0.535191 0.012809 -0.312929
v -0.250391 0.419875 -0.261046
v -0.200272 0.508461 -0.285249
v 0.317861 0.536946 -0.316445
v -0.137967 -0.844530 -0.273140
v -0.209672 -0.418541 -0.308793
v -0.328390 -0.178723 -0.269787
v -0.296216 -0.069918 -0.306234
v 0.484820 -0.069658 -0.311922
v 0.325915 0.178065 -0.315063
v -0.561285 -0.126107 -0.289171
v 0.329253 -0.064730 -0.319771
v -0.102139 0.689173 -0.284381
v -0.040459 -0.775958 -0.292644
v -0.214909 -0.447308 -0.250970
v 0.207287 -0.233791 -0.307545
v -0.344221 -0.109206 -0.251819
v 0.659352 -0.085737 -0.256178
v 0.196753 0.881406 -0.221163
v -0.173555 -0.396096 -0.288743
v -0.301376 -0.298378 -0.257576
v 0.499656 -0.108451 -0.324361
v 0.223223 -0.028709 -0.323593
v 0.219300 -0.149033 -0.327131
v 0.289085 0.003622 -0.305172
v 0.309576 0.186314 -0.300153
v -0.321367 -0.158701 -0.239246
v 0.524215 -0.081517 -0.309588
v 0.640856 -0.058783 -0.309872
v 0.341895 0.031107 -0.315724
v 0.301774 0.038574 -0.298254
v 0.394548 0.170288 -0.307591
v 0.282867 0.501199 -0.284993
v 0.290211 0.665196 -0.300359
v 0.056464 0.958371 -0.232276
v -0.382855 -0.382873 -0.297769
v -0.348258 -0.265769 -0.307919
v 0.584605 -0.243258 -0.180330
v -0.585153 -0.172386 -0.269451
v 0.232677 -0.003445 -0.308846
v 0.148924 0.057180 -0.305507
v 0.289547 0.408070 -0.257109
v -0.146480 0.598764 -0.269914
v -0.135471 0.654799 -0.308131
v 0.314714 -0.758036 -0.237384
v 0.027097 -0.450316 -0.229546
v -0.519189 -0.292068 -0.262553
v 0.103221 -0.051290 -0.300747
v 0.122016 0.015249 -0.300725
v -0.522168 0.057529 -0.246618
v 0.218787 0.575373 -0.298674
v 0.233403 0.682236 -0.332772
v 0.223649 0.673145 -0.311905
v 0.263919 0.608037 -0.300760
v 0.271685 0.710595 -0.308536
v -0.105946 0.648609 -0.302463
v -0.572131 -0.657269 -0.116021
v 0.114506 -0.383959 -0.248163
v 0.454381 -0.137849 -0.182856
v -0.286162 -0.051306 -0.290507
v 0.570889 -0.059511 -0.291940
v 0.115758 0.010673 -0.294591
v 0.294362 0.009599 -0.293359
v 0.151573 0.086592 -0.296709
v 0.313893 0.333155 -0.273343
v 0.211832 0.581813 -0.292281
v 0.271879 0.730298 -0.285312
v 0.552715 -0.522932 -0.202490
v -0.222265 -0.342739 -0.277104
v -0.339825 -0.266243 -0.278970
v 0.061102 -0.346651 -0.277813
v 0.662534 -0.151610 -0.248522
v -0.596495 -0.153757 -0.242481
v 0.110596 -0.022502 -0.295022
v 0.068263 -0.054357 -0.288431
v 0.125469 -0.024098 -0.285936
v 0.152075 0.043665 -0.293204
v 0.110321 0.035770 -0.298703
v 0.152559 0.118279 -0.288543
v 0.157435 0.260403 -0.270707
v 0.148835 0.320694 -0.306039
v 0.099735 0.281534 -0.289260
v 0.110796 0.301862 -0.295290
v 0.166659 0.426097 -0.306095
v 0.192748 0.369173 -0.285393
v 0.258350 0.567083 -0.281541
v 0.525008 -0.637402 -0.211174
v -0.605237 -0.559359 -0.174449
v -0.476902 -0.366989 -0.248754
v -0.483907 -0.352986 -0.220074
v -0.012294 -0.284256 -0.280224
v 0.098942 -0.029329 -0.272096
v 0.535235 -0.029901 -0.280480
v 0.326093 0.010597 -0.269058
v -0.089183 0.558829 -0.273723
v -0.061095 0.899622 -0.248626
v -0.122116 -0.773361 -0.228429
v 0.025621 -0.477547 -0.278418
v -0.377175 -0.308903 -0.276998
v -0.592902 -0.183495 -0.242553
v 0.471650 -0.218537 -0.230985
v 0.049664 -0.108889 -0.285408
v 0.321085 -0.015558 -0.265489
v 0.039446 0.078624 -0.279670
v 0.155901 0.058910 -0.276253
v 0.141284 0.158571 -0.280632
v 0.047794 0.167405 -0.264500
v 0.306415 0.133625 -0.246723
v 0.187935 0.502176 -0.286175
v 0.149249 0.443090 -0.267922
v 0.230261 0.718707 -0.232682
v -0.421652 -0.779597 -0.125849
v -0.337126 -0.259109 -0.259587
v 0.617202 -0.206644 -0.156588
v 0.136181 0.081767 -0.264551
v 0.038645 0.275635 -0.277094
v 0.199028 0.533485 -0.288797
v -0.127420 0.548130 -0.240627
v 0.044754 -0.577550 -0.276851
v -0.116313 -0.511865 -0.279640
v -0.032700 -0.570027 -0.276087
v 0.032198 -0.543203 -0.283955
v -0.165536 -0.422806 -0.241861
v -0.337706 -0.378130 -0.178441
v -0.095873 -0.395788 -0.285403
v 0.096003 -0.373916 -0.245478
v -0.285293 -0.004780 -0.252104
v 0.225403 0.001151 -0.251600
v 0.022152 -0.042778 -0.276047
v 0.272697 0.420673 -0.254585
v 0.110083 0.946380 -0.255265
v 0.073879 -0.569545 -0.268101
v -0.121449 -0.530628 -0.269192
v 0.148372 -0.430701 -0.216222
v -0.019737 -0.413643 -0.257073
v -0.369189 -0.368669 -0.223048
v 0.053940 -0.108618 -0.265583
v 0.025889 -0.101846 -0.272411
v -0.353250 -0.073720 -0.219917
v 0.022445 -0.069922 -0.277086
v 0.032944 -0.056073 -0.280457
v 0.149368 0.129393 -0.285103
v 0.128408 0.203035 -0.272421
v 0.047642 0.307111 -0.276456
v 0.197091 0.317455 -0.261284
v -0.173233 0.475856 -0.256617
v 0.247851 0.784299 -0.204209
v -0.064257 -0.476153 -0.261044
v -0.103481 -0.414172 -0.229476
v -0.116426 -0.291433 -0.260987
v -0.085055 -0.151246 -0.244190
v 0.117619 -0.036261 -0.261292
v 0.052695 -0.063604 -0.262251
v 0.037421 -0.073156 -0.260207
v 0.117587 0.408721 -0.243244
v -0.205878 0.439264 -0.269752
v 0.213403 0.453124 -0.233561
v 0.185464 0.893258 -0.239331
v 0.095412 -0.547744 -0.258451
v -0.233705 -0.449371 -0.227932
v -0.422864 -0.361786 -0.244821
v -0.326398 -0.254847 -0.257203
v 0.202346 0.032649 -0.217149
v -0.020646 0.070132 -0.261079
v 0.329448 0.089066 -0.219062
v -0.024522 0.284532 -0.261274
v -0.069603 0.396531 -0.274517
v -0.044459 0.459165 -0.252804
v -0.078870 0.506821 -0.272008
v -0.088016 0.533848 -0.272521
v 0.250312 0.491616 -0.218343
v -0.109018 0.661005 -0.247072
v -0.112638 0.760818 -0.212908
v 0.049498 -0.602045 -0.235944
v -0.274665 -0.282800 -0.241693
v -0.010424 -0.000804 -0.265127
v 0.268836 -0.005958 -0.244644
v 0.146451 0.054715 -0.264240
v 0.003302 0.009987 -0.245173
v -0.033161 0.158311 -0.250719
v 0.198031 0.373348 -0.248914
v -0.360684 0.364244 -0.233320
v -0.105568 0.347808 -0.241026
v 0.160668 0.434923 -0.187459
v -0.112420 0.489305 -0.236780
v 0.188368 0.506109 -0.188074
v 0.172120 -0.752553 -0.238622
v 0.079525 -0.505232 -0.238151
v 0.293513 -0.275515 -0.107321
v 0.481132 -0.087647 -0.194774
v 0.017535 -0.055806 -0.248284
v -0.008564 0.053222 -0.257729
v -0.015775 0.246161 -0.256198
v -0.021196 0.427048 -0.249884
v -0.128716 0.448228 -0.232829
v 0.116625 -0.673279 -0.207535
v -0.032259 -0.681848 -0.224688
v -0.188598 -0.162261 -0.217135
v 0.042479 -0.092538 -0.248787
v -0.019789 0.093785 -0.250427
v 0.059190 0.270303 -0.237988
v -0.267149 -0.848201 -0.177864
v -0.024155 -0.458583 -0.221514
v -0.125367 -0.193984 -0.237628
v 0.631922 -0.065999 -0.219968
v 0.586279 -0.052370 -0.215160
v 0.333756 -0.024252 -0.238734
v -0.017611 0.024014 -0.244801
v -0.030704 0.129399 -0.253405
v -0.506066 0.097030 -0.233300
v 0.082307 0.253760 -0.233622
v 0.063944 0.390119 -0.224387
v -0.101758 0.704409 -0.239981
v 0.425375 -0.701360 -0.181672
v -0.549493 -0.230599 -0.216760
v 0.278252 -0.041898 -0.240846
v -0.077926 -0.057233 -0.240613
v -0.028191 0.107191 -0.246076
v 0.198441 0.055319 -0.209640
v 0.217328 0.093285 -0.208646
v -0.042015 0.201755 -0.239784
v -0.069888 0.245999 -0.213028
v 0.245635 0.273674 -0.201785
v -0.322563 0.382706 -0.229584
v -0.113605 -0.560458 -0.199130
v 0.153260 -0.505976 -0.216476
v 0.609780 -0.369179 -0.089299
v -0.075800 -0.433458 -0.213831
v 0.277843 -0.090088 -0.229318
v 0.312639 -0.066522 -0.218699
v -0.306131 -0.077588 -0.203901
v -0.044390 0.159713 -0.248880
v -0.090429 0.079400 -0.232690
v -0.037827 0.161173 -0.248936
v 0.211943 0.204572 -0.220137
v 0.218156 0.229104 -0.234440
v -0.185560 0.364581 -0.225582
v -0.069034 0.519073 -0.168376
v -0.049481 0.889238 -0.212329
v -0.327271 -0.288457 -0.214533
v 0.279029 -0.027260 -0.217167
v 0.333303 0.026535 -0.235969
v -0.009932 0.030938 -0.233165
v -0.068360 0.151877 -0.232174
v -0.183807 -0.474998 -0.244622
v -0.020125 -0.446276 -0.217608
v -0.282778 -0.175862 -0.204783
v -0.323000 -0.174579 -0.234867
v 0.229014 0.028836 -0.194261
v 0.280435 0.004590 -0.224328
v 0.223526 0.402054 -0.232846
v 0.302848 -0.701944 -0.159614
v 0.007760 -0.610472 -0.191129
v -0.154810 -0.196045 -0.225364
v -0.082894 0.010658 -0.210105
v 0.233904 -0.100981 -0.213461
v 0.332749 0.065794 -0.205321
v 0.297506 0.128914 -0.198012
v 0.044653 0.249764 -0.229078
v -0.088722 0.245336 -0.161859
v 0.002475 0.413147 -0.160375
v 0.100546 -0.502385 -0.225322
v 0.454719 -0.255839 -0.185728
v 0.449475 -0.164318 -0.171211
v 0.321213 -0.033490 -0.205595
v -0.063273 0.162309 -0.215053
v 0.281618 0.197375 -0.213002
v 0.229472 0.297385 -0.209625
v -0.179173 0.412160 -0.221988
v 0.211992 0.628954 -0.192379
v 0.172694 -0.463944 -0.215179
v 0.242103 -0.071449 -0.206437
v -0.273310 0.079416 -0.220547
v -0.322084 0.175471 -0.178328
v -0.444488 0.127164 -0.214567
v -0.349253 0.328149 -0.193835
v 0.118020 0.399101 -0.195109
v -0.272036 0.336350 -0.178197
v -0.139279 0.413083 -0.209240
v -0.049389 0.883042 -0.165437
v 0.145934 0.905662 -0.157368
v 0.008073 -0.664602 -0.218947
v -0.520017 -0.338629 -0.177372
v -0.131811 -0.199520 -0.192693
v 0.241177 -0.103975 -0.201709
v -0.505340 0.012913 -0.190493
v -0.413753 0.228866 -0.194084
v -0.147068 0.316570 -0.194565
v 0.071271 0.926441 -0.169222
v -0.088594 -0.621411 -0.182828
v 0.045508 -0.602095 -0.182819
v -0.083182 -0.167221 -0.187897
v -0.076135 -0.121224 -0.182257
v 0.313235 0.055833 -0.190290
v -0.082909 0.573054 -0.177144
v 0.218890 0.741355 -0.185276
v 0.106563 0.932848 -0.188573
v -0.213047 -0.823912 -0.162531
v -0.165250 -0.194270 -0.192909
v 0.310193 0.019682 -0.213715
v 0.240004 0.181499 -0.215974
v -0.119814 -0.638388 -0.162446
v 0.160509 -0.432517 -0.202475
v -0.528588 -0.354996 -0.199670
v -0.343393 -0.208124 -0.189269
v -0.352542 -0.148463 -0.142428
v 0.608965 -0.128877 -0.076900
v 0.279944 -0.062155 -0.189643
v 0.233220 0.130495 -0.190239
v -0.384773 0.285034 -0.207097
v 0.421014 -0.180200 -0.022252
v -0.587976 -0.145799 -0.181071
v -0.083303 0.007103 -0.173728
v -0.413598 0.129550 -0.169150
v -0.063799 0.169377 -0.197628
v -0.180076 0.291956 -0.187582
v 0.587090 -0.431815 -0.134141
v 0.199988 -0.428207 -0.193425
v -0.530288 -0.260307 -0.191983
v -0.202164 -0.111686 -0.211089
v -0.293561 -0.053068 -0.181965
v -0.351268 -0.065835 -0.168030
v 0.250835 0.028740 -0.190143
v -0.380333 0.061686 -0.203696
v 0.179744 0.690366 -0.141718
v 0.205482 -0.380374 -0.174384
v 0.229754 -0.342997 -0.167327
v -0.179739 -0.180945 -0.169516
v -0.191052 -0.124697 -0.165947
v -0.395176 0.109505 -0.170030
v -0.092855 0.769169 -0.173799
v 0.017437 0.923500 -0.188461
v 0.081427 -0.768389 -0.172915
v 0.127554 -0.772339 -0.191767
v 0.112569 -0.799445 -0.195801
v 0.531880 -0.609103 -0.160972
v 0.090325 -0.604565 -0.181749
v -0.045285 -0.587259 -0.161540
v 0.494691 -0.235338 -0.153306
v -0.266719 0.027017 -0.158903
v -0.199022 0.018982 -0.208040
v -0.052334 0.086355 -0.170893
v -0.387153 0.094214 -0.206056
v 0.263932 0.073615 -0.178297
v -0.361120 0.202180 -0.182276
v -0.393629 0.174147 -0.192906
v -0.097578 0.178452 -0.189414
v 0.186313 0.589938 -0.149806
v -0.049085 0.632151 -0.126466
v 0.205053 0.853839 -0.160971
v 0.317363 -0.742340 -0.152240
v 0.193636 -0.434171 -0.143439
v 0.583997 -0.247476 -0.109102
v 0.527834 -0.243385 -0.157368
v -0.541136 -0.186636 -0.168859
v -0.025833 0.490375 -0.137912
v 0.020946 0.922370 -0.145381
v 0.178582 -0.879843 -0.168195
v 0.112491 -0.891684 -0.171932
v -0.190166 -0.717881 -0.121097
v 0.047286 -0.617559 -0.120991
v -0.004613 -0.570486 -0.080326
v -0.288928 -0.384984 -0.141936
v -0.083396 -0.040990 -0.155921
v -0.186707 0.087446 -0.158399
v -0.194019 0.127895 -0.159364
v -0.237265 0.110922 -0.159825
v -0.108312 0.113392 -0.176577
v -0.101703 0.218692 -0.150073
v 0.075969 -0.869454 -0.150259
v 0.179266 -0.757267 -0.168617
v 0.097045 -0.749597 -0.172955
v -0.179241 -0.266090 -0.160410
v 0.485423 -0.223544 -0.145831
v -0.559941 -0.122235 -0.146276
v -0.090195 -0.057731 -0.181350
v -0.041195 0.819981 -0.110655
v 0.344897 -0.685346 -0.143041
v 0.190462 -0.590270 -0.115299
v 0.567091 -0.553508 -0.135801
v 0.553431 -0.240864 -0.132941
v -0.183638 -0.029019 -0.158445
v -0.422208 -0.050495 -0.142122
v -0.175108 0.030015 -0.158394
v -0.284951 0.166814 -0.165139
v -0.329691 0.281172 -0.170393
v -0.048609 0.680499 -0.137975
v 0.207243 -0.625994 -0.115827
v -0.524845 -0.308748 -0.122450
v -0.106928 -0.202870 -0.156331
v 0.048606 0.394124 -0.148424
v 0.104728 -0.908132 -0.146919
v 0.305272 -0.860935 -0.124272
v -0.225499 -0.773772 -0.134187
v 0.156826 -0.688875 -0.117073
v -0.116651 -0.586303 -0.157414
v -0.549110 -0.308509 -0.117510
v -0.187921 -0.238448 -0.150679
v -0.113155 -0.103533 -0.150843
v 0.509890 -0.047473 0.023815
v -0.100536 0.026117 -0.161792
v -0.402382 0.069850 -0.154391
v -0.213012 0.159221 -0.138990
v -0.246182 0.201009 -0.139272
v -0.163596 0.228840 -0.169162
v 0.195051 0.843229 -0.134379
v 0.058559 -0.774150 -0.128915
v 0.290978 -0.706640 -0.155020
v 0.523167 -0.249150 -0.159083
v -0.371279 -0.189936 -0.150388
v -0.064694 0.066396 -0.158359
v 0.103100 0.402987 -0.133422
v 0.145603 0.788984 -0.092319
v 0.308739 -0.789958 -0.129661
v -0.177851 -0.646692 -0.096430
v 0.149994 -0.562577 -0.064905
v -0.034352 -0.597056 -0.092843
v 0.602762 -0.494090 -0.103374
v -0.636593 -0.329684 -0.042110
v -0.168879 -0.180657 -0.154782
v 0.461289 -0.056738 -0.018897
v 0.575438 -0.064641 -0.084799
v -0.509594 -0.100904 -0.126706
v -0.170803 -0.004709 -0.142880
v -0.216603 0.185888 -0.135318
v -0.017167 0.543811 -0.108297
v -0.625139 -0.460267 -0.122317
v 0.247606 -0.357350 -0.136608
v -0.359638 -0.073586 -0.146484
v -0.104141 -0.021820 -0.142365
v -0.033004 0.748334 -0.129900
v 0.151501 -0.565407 -0.129249
v 0.632279 -0.241711 -0.034120
v -0.125114 -0.212236 -0.142493
v -0.485554 -0.141372 -0.145472
v -0.497911 -0.131469 -0.145652
v -0.265744 0.122784 -0.146495
v 0.179918 0.628682 -0.135302
v -0.164387 -0.517945 -0.111911
v -0.145506 -0.551747 -0.132632
v -0.327328 -0.334558 -0.065579
v -0.208329 -0.277374 -0.137606
v -0.499915 -0.225358 -0.132418
v -0.549682 -0.163088 -0.138525
v -0.147620 0.154274 -0.143849
v 0.180716 0.717096 -0.117053
v 0.120368 -0.681346 -0.067958
v 0.218240 -0.674372 -0.135141
v -0.208085 -0.406380 0.020335
v -0.507183 -0.288008 -0.095608
v 0.467041 -0.208584 -0.121943
v -0.147231 -0.129063 -0.142390
v -0.188479 0.174738 -0.153422
v 0.136191 0.438690 -0.114995
v 0.059381 0.914142 -0.125937
v 0.404675 -0.651431 -0.114505
v 0.008857 -0.601098 -0.077080
v 0.580708 -0.215395 -0.100028
v -0.379447 -0.139775 -0.126661
v -0.048419 -0.836988 -0.128325
v -0.058893 -0.799364 -0.132518
v 0.015939 -0.785545 -0.121122
v -0.235514 -0.785378 -0.097272
v 0.563362 -0.235000 -0.124041
v 0.002860 0.427584 -0.133397
v -0.156204 -0.696734 -0.087118
v -0.415708 -0.161013 -0.138043
v 0.087229 0.827092 -0.090486
v -0.222113 -0.869195 -0.065391
v -0.274984 -0.779613 -0.113517
v 0.641100 -0.352606 -0.062409
v 0.130447 0.865949 -0.106881
v 0.052822 -0.752737 -0.117317
v 0.504401 -0.581765 -0.070360
v 0.041075 0.419413 -0.106246
v 0.058956 -0.834023 -0.077344
v -0.244196 -0.775999 -0.116177
v -0.162731 -0.791048 -0.113322
v 0.480522 -0.673583 -0.054016
v 0.138192 -0.509141 -0.034978
v -0.307227 -0.338911 -0.082180
v -0.433829 -0.231346 -0.085468
v 0.022107 0.454153 -0.094803
v 0.012100 0.518611 -0.102941
v 0.025118 0.776810 -0.087217
v 0.104588 -0.906427 -0.065965
v 0.079966 -0.884787 -0.083223
v -0.361336 -0.745270 -0.058852
v -0.188442 -0.738914 -0.102300
v 0.198463 -0.637277 -0.105323
v 0.205251 -0.533599 -0.073287
v 0.274771 -0.305573 -0.096628
v 0.102053 0.446597 -0.084275
v 0.076146 0.529535 -0.067728
v 0.116401 0.585330 -0.091027
v -0.013912 0.677060 -0.110446
v 0.392017 -0.782165 -0.069438
v 0.344572 -0.849458 -0.100739
v -0.030864 0.516019 -0.098209
v 0.003729 0.548207 -0.101361
v -0.013269 0.720433 -0.090719
v 0.021212 0.850533 -0.083151
v -0.076343 -0.709162 -0.093202
v 0.185344 -0.605859 -0.062495
v -0.090614 -0.494695 -0.055508
v 0.587136 -0.180463 -0.056260
v 0.119410 0.827428 -0.087173
v 0.207836 -0.935474 0.024790
v 0.206424 -0.583851 -0.084090
v 0.118070 0.751545 -0.082126
v 0.326396 -0.939756 0.021147
v -0.177201 -0.659714 -0.085569
v -0.178059 -0.508183 -0.101431
v 0.109524 0.674071 -0.102792
v 0.038103 0.616087 -0.077103
v 0.069620 -0.846212 -0.075160
v -0.343530 -0.318028 -0.046031
v 0.086703 0.465281 -0.076380
v 0.059480 -0.889474 -0.074833
v 0.387324 -0.819718 -0.049111
v -0.312918 -0.760196 -0.082249
v 0.429825 -0.158129 -0.003582
v 0.064304 0.501497 -0.086597
v -0.123869 0.496847 -0.020849
v 0.053828 0.687113 -0.084100
v 0.114842 0.705263 -0.067376
v 0.043189 0.835411 -0.075971
v -0.197577 -0.600174 -0.065627
v 0.626083 -0.431115 -0.018622
v -0.196632 -0.474822 -0.079315
v 0.293131 -0.279977 -0.047991
v 0.056672 0.465544 -0.075661
v -0.651894 -0.443591 -0.026834
v -0.401298 -0.273323 -0.039794
v -0.083724 0.528800 -0.044719
v 0.090813 0.656290 -0.063603
v 0.044753 0.713313 -0.060057
v -0.336989 -0.848410 -0.010448
v 0.091335 -0.735532 0.028173
v 0.053111 -0.714221 0.004721
v -0.568328 -0.625018 -0.009317
v 0.069202 -0.550956 -0.051871
v -0.031675 -0.575119 -0.075056
v -0.465977 -0.270778 -0.059501
v -0.147325 -0.943429 -0.033661
v -0.325080 -0.801266 -0.057797
v -0.064455 -0.674755 -0.003623
v 0.088817 0.575243 -0.062360
v -0.464092 -0.697635 0.012717
v 0.571615 -0.517240 -0.043223
v -0.223869 -0.438621 -0.048784
v 0.584560 -0.106352 -0.017298
v -0.115506 0.496221 -0.010065
v 0.097616 0.619221 -0.036818
v 0.069628 0.596913 -0.032016
v -0.659316 -0.494864 0.039984
v 0.033645 -0.582939 -0.053861
v -0.518350 -0.251418 -0.045602
v -0.050215 0.513709 -0.050430
v 0.474775 -0.876285 0.041532
v -0.072123 -0.534234 -0.054784
v -0.624198 -0.197590 0.092999
v -0.465772 -0.264365 -0.047245
v 0.581559 -0.166236 -0.020306
v 0.101353 0.583084 -0.037702
v 0.171345 -0.588793 0.019580
v 0.219264 -0.528513 -0.044629
v -0.230836 -0.523755 -0.008322
v -0.340688 -0.281176 -0.003069
v -0.128749 0.524594 -0.025255
v -0.071437 -0.678371 -0.050127
v 0.100378 -0.939130 -0.018319
v 0.276774 -0.275835 0.008218
v 0.083379 0.579530 -0.037281
v 0.504550 -0.830492 0.061994
v 0.225228 -0.485421 0.000669
v 0.178171 -0.445538 -0.010334
v -0.434487 -0.272600 -0.016666
v -0.120909 0.521448 -0.005882
v -0.225887 -0.931775 -0.021674
v 0.098665 -0.729414 -0.032850
v -0.098488 -0.605123 0.028100
v 0.089184 -0.554538 -0.014154
v 0.644108 -0.427454 0.040219
v -0.468429 -0.242913 -0.005088
v 0.530594 -0.067776 0.062706
v -0.209750 -0.384796 0.026420
v -0.367542 -0.298443 -0.026096
v -0.430451 -0.264595 -0.014025
v -0.112185 0.534119 -0.013349
v -0.423925 -0.761381 0.009268
v 0.541409 -0.109205 0.074634
v 0.429447 -0.157931 0.048554
v 0.548746 -0.609507 -0.014666
v 0.448228 -0.710054 0.040796
v -0.257219 -0.399960 -0.006777
v -0.699357 -0.360452 0.084293
v -0.466321 -0.260470 -0.030500
v -0.466941 -0.248728 -0.006021
v -0.480449 -0.253582 -0.025441
v 0.421800 -0.791703 0.010600
v 0.620272 -0.502340 0.024462
v -0.411133 -0.278557 -0.006069
v -0.462301 -0.256480 -0.004976
v -0.452000 -0.267156 -0.011893
v 0.287197 -0.950932 0.044607
v -0.249958 -0.342091 0.058538
v -0.380252 -0.259881 0.017457
v 0.170862 -0.628997 0.042944
v -0.457788 -0.264841 -0.028601
v 0.111372 -0.947114 0.008823
v -0.265324 -0.939528 0.021496
v 0.140333 -0.685420 0.000011
v 0.026245 -0.662015 0.048553
v 0.182736 -0.389931 0.036350
v 0.295792 -0.285594 0.012330
v -0.459990 -0.256806 -0.014820
v 0.642871 -0.223827 0.012598
v 0.228690 -0.450523 0.029712
v 0.447560 -0.907355 0.068801
v 0.102696 -0.731981 0.015373
v -0.290092 -0.413448 0.075400
v 0.451046 -0.036233 0.103777
v -0.035974 -0.661874 0.013478
v -0.564110 -0.565422 0.111100
v -0.691362 -0.423485 0.052782
v 0.410195 -0.056491 0.119727
v -0.085961 -0.638625 0.056202
v 0.555567 -0.146422 0.031120
v 0.648234 -0.265242 0.087258
v 0.110339 -0.749116 0.134885
v -0.532803 -0.682975 0.105954
v 0.125377 -0.699895 0.038153
v -0.295686 -0.345546 0.055937
v -0.573166 -0.201208 0.041909
v -0.506689 -0.196733 0.041681
v 0.142353 -0.484183 0.024702
v -0.396354 -0.828543 0.056550
v -0.340757 -0.868766 0.048990
v -0.488412 -0.674348 0.048532
v 0.268385 -0.371726 0.056712
v 0.217153 -0.485782 0.087609
v 0.238839 -0.460670 0.038659
v -0.289159 -0.359579 0.039405
v -0.300906 -0.381892 0.096623
v -0.008039 -0.661342 0.075002
v 0.422462 -0.168935 0.110566
v 0.561125 -0.147327 0.102188
v 0.590239 -0.167558 0.091053
v 0.163112 -0.939574 0.127263
v 0.236717 -0.328015 0.071035
v 0.626747 -0.459347 0.071240
v 0.268663 -0.264715 0.079622
v -0.499638 -0.166497 0.128464
v -0.542799 -0.689558 0.132473
v 0.567510 -0.605519 0.085233
v 0.639491 -0.242448 0.090773
v -0.113705 -0.564697 0.098641
v 0.281987 -0.273123 0.093216
v 0.512234 -0.067441 0.144851
v 0.512560 -0.646038 0.077237
v -0.117087 -0.604952 0.098431
v 0.299945 -0.282017 0.086319
v 0.513245 -0.727111 0.086986
v 0.516819 -0.775301 0.094178
v -0.376845 -0.231728 0.131400
v -0.227269 -0.950680 0.218260
v 0.420599 -0.910189 0.108921
v 0.536450 -0.896452 0.208530
v 0.171034 -0.716013 0.097914
v -0.686906 -0.430780 0.074532
v -0.312895 -0.331660 0.071437
v -0.687853 -0.293495 0.116381
v -0.346167 -0.902264 0.144765
v -0.507687 -0.642366 0.084850
v 0.406828 -0.067268 0.096652
v 0.127123 -0.947362 0.155119
v -0.659079 -0.224369 0.100838
v 0.497173 -0.052572 0.140959
v 0.492706 -0.935317 0.204617
v -0.210059 -0.480267 0.136284
v 0.293363 -0.319469 0.080483
v 0.643837 -0.371656 0.151296
v 0.536418 -0.140256 0.101576
v -0.329614 -0.947221 0.164266
v -0.675708 -0.362842 0.174753
v -0.667591 -0.221745 0.147576
v 0.489908 -0.908307 0.160560
v -0.396340 -0.840603 0.162746
v 0.587646 -0.645042 0.118299
v -0.572794 -0.162195 0.163400
v 0.144552 -0.780283 0.246524
v -0.093896 -0.632628 0.135448
v 0.617426 -0.531112 0.146953
v -0.331611 -0.290774 0.110187
v 0.568478 -0.754287 0.153333
v 0.286647 -0.389095 0.146963
v -0.328294 -0.311592 0.091540
v 0.395303 -0.125174 0.114461
v -0.154024 -0.584988 0.142226
v 0.260810 -0.489680 0.178225
v 0.236300 -0.604638 0.225753
v -0.146148 -0.525062 0.158831
v -0.341994 -0.301092 0.107205
v 0.383821 -0.094599 0.140586
v 0.513380 -0.147625 0.152194
v 0.161757 -0.725251 0.146888
v -0.573741 -0.559056 0.165016
v 0.413275 -0.212668 0.150871
v 0.588189 -0.234208 0.166360
v 0.216672 -0.568970 0.174281
v 0.420598 -0.189450 0.128068
v 0.493219 -0.122400 0.185642
v 0.286277 -0.428606 0.203990
v -0.369925 -0.261831 0.137706
v 0.355959 -0.191477 0.138677
v 0.411298 -0.199863 0.137897
v 0.565280 -0.198758 0.160341
v 0.327655 -0.162337 0.168016
v -0.354224 -0.873455 0.159238
v 0.151345 -0.786481 0.204518
v 0.609025 -0.603300 0.155292
v -0.139238 -0.599155 0.218806
v -0.316401 -0.338486 0.124422
v -0.330058 -0.321519 0.178839
v 0.639661 -0.360613 0.164570
v 0.503555 -0.168352 0.155626
v 0.443369 -0.051116 0.153866
v -0.040352 -0.700949 0.189024
v -0.165819 -0.587672 0.190760
v -0.676019 -0.242096 0.178509
v 0.329237 -0.223383 0.173269
v -0.522492 -0.158168 0.194613
v -0.597776 -0.566795 0.188159
v 0.350624 -0.238519 0.173647
v -0.392712 -0.828721 0.182699
v 0.245064 -0.669005 0.230211
v 0.609393 -0.563393 0.162370
v 0.609339 -0.403833 0.175954
v 0.600432 -0.380661 0.177414
v -0.378504 -0.936249 0.217118
v 0.056119 -0.696830 0.182046
v -0.687745 -0.285143 0.186316
v -0.369748 -0.250687 0.178726
v -0.416895 -0.206878 0.198207
v 0.408644 -0.211236 0.153494
v 0.440762 -0.220141 0.178789
v 0.019762 -0.724017 0.218025
v -0.576672 -0.613638 0.194028
v -0.664405 -0.352176 0.237365
v 0.506577 -0.166333 0.213981
v 0.573763 -0.699472 0.234678
v 0.497066 -0.184771 0.166929
v -0.054898 -0.679883 0.205740
v 0.121645 -0.919279 0.282686
v 0.573289 -0.790178 0.195767
v 0.487136 -0.196529 0.173853
v 0.408503 -0.111370 0.206018
v 0.275402 -0.540797 0.241298
v -0.626464 -0.458573 0.203858
v 0.557664 -0.353218 0.213287
v 0.438023 -0.119711 0.220329
v 0.329332 -0.317258 0.205976
v 0.372056 -0.217631 0.214561
v -0.580670 -0.177706 0.213884
v -0.359582 -0.837721 0.189877
v -0.126943 -0.622121 0.226584
v 0.275909 -0.477801 0.221798
v 0.380810 -0.224161 0.198575
v 0.452661 -0.223782 0.186503
v 0.447815 -0.236013 0.190978
v 0.467688 -0.226344 0.190758
v 0.303826 -0.319381 0.214388
v -0.618802 -0.203155 0.217379
v 0.438262 -0.947341 0.477859
v -0.431735 -0.870334 0.245226
v -0.371151 -0.784862 0.203007
v -0.280042 -0.402421 0.210095
v 0.447657 -0.228093 0.197960
v 0.498800 -0.268063 0.263574
v -0.190041 -0.578798 0.230634
v -0.233646 -0.465478 0.242700
v -0.409026 -0.706038 0.200693
v 0.305626 -0.437406 0.212549
v 0.303678 -0.289126 0.226195
v 0.340031 -0.218679 0.219790
v 0.341297 -0.195416 0.217613
v -0.416287 -0.815428 0.229974
v 0.151743 -0.831120 0.219414
v 0.181362 -0.757037 0.230051
v -0.648552 -0.406915 0.249635
v -0.627766 -0.289415 0.262796
v 0.358580 -0.147249 0.245426
v -0.435228 -0.652839 0.209984
v -0.494463 -0.642300 0.215983
v 0.581118 -0.559681 0.270099
v 0.478199 -0.278381 0.252730
v 0.550852 -0.858117 0.294612
v 0.225074 -0.696871 0.265438
v -0.489022 -0.582865 0.224957
v 0.340717 -0.384276 0.227469
v 0.329200 -0.329463 0.234443
v 0.528278 -0.360405 0.247835
v -0.487444 -0.177064 0.221770
v -0.382342 -0.954944 0.267568
v 0.087527 -0.739867 0.265070
v 0.384796 -0.382335 0.240488
v 0.312566 -0.329578 0.230250
v -0.385078 -0.297919 0.257428
v 0.136313 -0.825851 0.265598
v 0.576111 -0.385105 0.232386
v 0.494793 -0.310581 0.233993
v 0.324095 -0.296858 0.246908
v 0.391589 -0.141941 0.257156
v -0.102311 -0.698108 0.257059
v -0.468369 -0.218730 0.258221
v 0.508812 -0.935767 0.270970
v 0.136629 -0.873501 0.236576
v 0.154778 -0.842127 0.229424
v -0.138030 -0.631695 0.297034
v -0.525056 -0.538322 0.244161
v 0.339523 -0.197833 0.258301
v -0.419701 -0.748149 0.271901
v 0.288846 -0.645029 0.317672
v 0.359667 -0.291543 0.265110
v 0.418031 -0.155129 0.266850
v -0.166762 -0.931307 0.323804
v -0.245547 -0.528944 0.258095
v 0.536145 -0.580768 0.284980
v 0.547386 -0.428720 0.227946
v 0.464327 -0.444916 0.308128
v -0.419314 -0.723048 0.287768
v -0.486567 -0.277684 0.290415
v -0.150895 -0.610774 0.301092
v -0.571139 -0.491254 0.273942
v -0.550120 -0.494604 0.259875
v 0.516323 -0.452176 0.255684
v 0.380914 -0.478677 0.316963
v 0.495105 -0.257646 0.281088
v 0.031035 -0.923087 0.330640
v -0.461926 -0.610265 0.357494
v 0.508572 -0.519675 0.248327
v 0.443571 -0.286657 0.266276
v -0.541662 -0.206695 0.262767
v 0.105100 -0.892845 0.366441
v 0.330918 -0.553668 0.357823
v -0.325700 -0.402112 0.275909
v -0.419189 -0.931633 0.303215
v -0.443124 -0.815681 0.271843
v 0.244346 -0.709828 0.306525
v -0.593131 -0.420076 0.268480
v 0.101898 -0.833583 0.300516
v 0.102957 -0.761218 0.282763
v 0.043745 -0.757536 0.271498
v 0.491107 -0.612767 0.270312
v 0.379411 -0.335517 0.264194
v 0.429589 -0.370502 0.292870
v 0.082405 -0.875404 0.297199
v -0.510216 -0.498556 0.317203
v 0.567516 -0.576116 0.283875
v -0.616727 -0.440473 0.273849
v -0.556823 -0.360693 0.317857
v 0.344103 -0.213385 0.277968
v -0.235659 -0.948514 0.398684
v -0.182616 -0.919001 0.309953
v 0.105264 -0.884267 0.282398
v 0.118690 -0.911157 0.289836
v 0.149354 -0.879959 0.295258
v 0.134330 -0.851783 0.375080
v 0.391543 -0.384610 0.292862
v -0.585810 -0.282384 0.279723
v -0.423783 -0.799662 0.317641
v -0.436200 -0.901535 0.307021
v 0.560800 -0.801966 0.349459
v 0.019834 -0.761528 0.297365
v 0.429230 -0.245455 0.288578
v 0.403181 -0.205892 0.294052
v 0.464493 -0.362359 0.306018
v 0.050753 -0.799076 0.290528
v 0.099546 -0.803981 0.302024
v 0.403298 -0.280704 0.306002
v 0.052095 -0.823472 0.287917
v -0.495956 -0.487310 0.340268
v 0.496848 -0.922342 0.345201
v 0.023349 -0.876280 0.298637
v -0.419626 -0.662708 0.396457
v -0.033509 -0.733166 0.373091
v 0.568964 -0.723993 0.332905
v -0.193260 -0.644131 0.320926
v 0.487130 -0.324168 0.305000
v 0.447998 -0.507309 0.324920
v -0.371927 -0.452464 0.314615
v -0.423647 -0.389580 0.313366
v -0.301300 -0.566176 0.341482
v -0.467746 -0.410121 0.325328
v 0.438822 -0.355829 0.313928
v 0.538236 -0.772649 0.364844
v 0.466254 -0.336392 0.317858
v 0.389424 -0.735102 0.352386
v 0.112407 -0.919775 0.556652
v 0.021451 -0.888890 0.329316
v 0.048702 -0.895957 0.327192
v 0.401363 -0.517569 0.373810
v -0.419669 -0.863702 0.376788
v -0.406055 -0.832237 0.348191
v 0.445769 -0.728709 0.314406
v -0.201715 -0.654138 0.338037
v 0.005996 -0.828279 0.337430
v 0.159624 -0.825509 0.422544
v 0.521288 -0.808106 0.384718
v 0.519336 -0.834665 0.391206
v -0.407700 -0.914884 0.409496
v 0.056057 -0.877838 0.427041
v -0.400408 -0.825216 0.352842
v -0.052360 -0.796783 0.388680
v 0.373436 -0.824707 0.404561
v -0.438479 -0.480992 0.367124
v -0.085745 -0.940078 0.375603
v 0.109452 -0.875501 0.430527
v -0.373431 -0.864894 0.336987
v -0.390902 -0.846859 0.347042
v -0.370519 -0.880329 0.334738
v 0.027027 -0.832588 0.395107
v 0.189953 -0.736889 0.482401
v 0.292326 -0.653716 0.367011
v 0.041470 -0.873795 0.391151
v 0.426504 -0.781306 0.350845
v -0.335711 -0.951189 0.406595
v -0.343701 -0.896198 0.375476
v -0.362699 -0.894127 0.348668
v -0.379000 -0.904908 0.437405
v -0.394308 -0.889879 0.408023
v 0.194031 -0.744694 0.549304
v -0.096216 -0.717690 0.400742
v -0.156754 -0.692924 0.373088
v -0.140088 -0.710443 0.378984
v 0.367621 -0.538633 0.398220
v 0.082174 -0.858998 0.530331
v -0.327854 -0.849826 0.459733
v 0.368616 -0.743080 0.385290
v -0.290339 -0.589889 0.392406
v 0.301686 -0.610509 0.477708
v -0.101307 -0.915835 0.431956
v 0.423987 -0.883325 0.447522
v 0.134984 -0.854928 0.478311
v 0.360916 -0.593314 0.440271
v -0.140681 -0.926618 0.413875
v 0.027906 -0.863514 0.417812
v -0.372123 -0.758848 0.443460
v 0.354151 -0.715565 0.442248
v 0.330736 -0.664116 0.485205
v -0.325642 -0.912640 0.429760
v -0.267439 -0.740071 0.423653
v -0.366885 -0.676558 0.430976
v 0.197340 -0.935933 0.589971
v -0.114030 -0.951002 0.630505
v -0.089238 -0.780663 0.442196
v -0.106347 -0.761761 0.432123
v 0.360513 -0.839955 0.422210
v -0.200465 -0.938910 0.469270
v 0.426064 -0.855958 0.444028
v -0.360830 -0.954680 0.521406
v -0.324293 -0.929996 0.436455
v -0.328487 -0.955237 0.510387
v 0.344595 -0.864752 0.455857
v -0.163802 -0.751645 0.465042
v -0.373143 -0.941477 0.521188
v 0.452025 -0.938542 0.473102
v -0.104817 -0.943097 0.466989
v -0.332846 -0.921329 0.552824
v -0.110572 -0.898565 0.479481
v 0.005853 -0.885710 0.489228
v 0.406376 -0.868912 0.450289
v 0.331768 -0.876587 0.498180
v 0.372328 -0.817550 0.486026
v -0.037202 -0.931637 0.701769
v -0.283052 -0.776700 0.463549
v 0.357141 -0.834749 0.543189
v -0.107295 -0.788461 0.481188
v -0.222565 -0.920308 0.489624
v -0.108013 -0.922175 0.495176
v 0.363628 -0.756776 0.508866
v -0.269934 -0.878480 0.490816
v -0.087719 -0.943070 0.856444
v -0.151104 -0.899443 0.501875
v -0.207067 -0.831477 0.506621
v 0.396069 -0.917637 0.545619
v -0.130040 -0.804925 0.496605
v -0.012058 -0.797072 0.562108
v -0.006759 -0.889346 0.581640
v 0.301677 -0.660572 0.532389
v -0.032966 -0.783700 0.530553
v 0.154075 -0.841863 0.527333
v -0.319527 -0.935011 0.545291
v 0.370519 -0.939658 0.570223
v -0.166737 -0.908156 0.551461
v -0.164274 -0.860218 0.520547
v 0.091370 -0.910089 0.541466
v -0.134900 -0.817331 0.523161
v 0.344373 -0.756141 0.539329
v 0.276628 -0.657842 0.533070
v 0.340373 -0.895769 0.539721
v -0.335552 -0.954890 0.545229
v 0.033309 -0.862519 0.598664
v 0.138208 -0.840128 0.572486
v -0.133391 -0.812668 0.616738
v 0.190094 -0.788813 0.577856
v -0.183611 -0.871145 0.563435
v 0.178699 -0.925296 0.582834
v 0.402346 -0.924896 0.575106
v -0.018209 -0.883932 0.589668
v 0.217256 -0.753281 0.588830
v 0.263840 -0.713536 0.550146
v 0.379141 -0.863025 0.591957
v -0.333238 -0.938005 0.561512
v 0.313496 -0.797118 0.585665
v 0.242869 -0.760504 0.600616
v 0.259969 -0.947095 0.717819
v -0.075213 -0.779907 0.568097
v -0.033091 -0.787247 0.590079
v 0.109379 -0.902334 0.566119
v -0.144149 -0.919693 0.626290
v 0.197809 -0.895997 0.592067
v 0.213308 -0.776363 0.600261
v 0.277789 -0.789308 0.596636
v 0.190174 -0.863585 0.581690
v 0.224988 -0.803676 0.597715
v 0.384104 -0.838297 0.650433
v -0.032332 -0.794891 0.627683
v -0.171980 -0.863416 0.620323
v 0.352798 -0.807630 0.645995
v 0.010001 -0.801727 0.618871
v -0.140698 -0.848378 0.660783
v 0.014231 -0.793964 0.631441
v -0.014760 -0.876600 0.681939
v -0.008639 -0.851406 0.694084
v -0.023003 -0.815709 0.634472
v -0.002883 -0.787979 0.639477
v 0.444542 -0.928033 0.663413
v 0.207109 -0.914374 0.649304
v 0.201936 -0.866687 0.633276
v 0.038584 -0.867111 0.788701
v 0.286839 -0.783845 0.653877
v -0.000647 -0.812498 0.632217
v -0.051983 -0.798781 0.652961
v 0.432160 -0.875329 0.667231
v 0.423187 -0.891353 0.651900
v -0.145354 -0.946220 0.737783
v -0.109998 -0.833194 0.647647
v 0.242816 -0.903413 0.666401
v -0.144895 -0.876168 0.681434
v 0.257030 -0.791745 0.661848
v 0.233644 -0.869352 0.680314
v 0.465625 -0.939613 0.812477
v -0.164423 -0.918463 0.714130
v -0.105605 -0.853707 0.685123
v 0.221802 -0.850909 0.683507
v 0.479193 -0.922403 0.746141
v 0.389559 -0.874411 0.783943
v 0.428522 -0.855622 0.729442
v 0.340742 -0.833890 0.761144
v 0.287669 -0.809742 0.691956
v 0.240787 -0.847558 0.695632
v 0.240616 -0.925676 0.820268
v -0.124959 -0.866426 0.740364
v 0.315640 -0.822552 0.704416
v -0.023450 -0.869260 0.853240
v 0.447580 -0.889892 0.769091
v 0.303228 -0.865768 0.848078
v -0.045636 -0.874266 0.852350
v 0.257034 -0.939188 0.816724
v -0.078532 -0.893503 0.812785
v 0.013588 -0.884876 0.844393
v 0.003635 -0.862010 0.848894
v -0.160580 -0.922379 0.752897
v 0.422380 -0.861928 0.764402
v 0.287344 -0.904804 0.805483
v 0.355744 -0.873833 0.875363
v -0.143352 -0.943497 0.776916
v 0.242132 -0.912850 0.820397
v 0.479116 -0.926708 0.796938
v -0.107016 -0.897752 0.832246
v 0.358827 -0.942921 0.852209
v -0.121150 -0.911577 0.832391
v 0.331730 -0.862398 0.875521
v -0.102610 -0.936244 0.859697
v 0.433962 -0.905414 0.832176
v 0.463989 -0.926570 0.827188
v 0.259236 -0.918477 0.854504
v -0.009941 -0.873739 0.882935
v -0.049190 -0.915910 0.899008
v 0.353690 -0.910246 0.887651
v 0.318042 -0.891989 0.875447
v -0.065430 -0.890346 0.895429
v -0.078155 -0.923743 0.894225
v 0.300429 -0.927974 0.878820
v 0.320022 -0.910829 0.892062
v -0.033411 -0.894410 0.904015
v -0.062196 -0.903473 0.907389
vn -0.2310 0.0471 -0.9718
vn -0.1800 0.1735 -0.9682
vn 0.1566 0.0837 -0.9841
vn 0.1283 0.0006 -0.9917
vn 0.2877 0.0086 -0.9577
vn 0.4738 -0.0133 -0.8805
vn 0.0717 0.1819 -0.9807
vn -0.1006 -0.1182 -0.9879
vn -0.3106 0.1568 -0.9375
vn -0.0663 -0.1206 -0.9905
vn -0.0032 -0.0595 -0.9982
vn 0.1970 0.0466 -0.9793
vn 0.3137 -0.0074 -0.9495
vn -0.3480 -0.0110 -0.9374
vn -0.5073 0.0896 -0.8571
vn 0.5194 0.0644 -0.8521
vn -0.1291 -0.4231 -0.8968
vn 0.2036 -0.5539 -0.8073
vn 0.6893 -0.3461 -0.6365
vn 0.4066 0.2499 -0.8788
vn -0.3954 0.0442 -0.9175
vn -0.2315 -0.2142 -0.9490
vn -0.1829 0.0189 -0.9830
vn -0.2704 0.2327 -0.9342
vn 0.3665 0.0230 -0.9301
vn 0.5344 0.0033 -0.8452
vn -0.3835 -0.6610 -0.6451
vn 0.6410 -0.4389 -0.6297
vn 0.6255 0.1065 -0.7729
vn 0.0418 -0.8031 -0.5944
vn 0.4509 -0.2471 -0.8577
vn 0.6232 0.0666 -0.7792
vn 0.5138 -0.3493 -0.7836
vn -0.4478 0.1018 -0.8883
vn -0.5404 0.0591 -0.8393
vn -0.6136 0.1757 -0.7699
vn -0.2134 0.2166 -0.9527
vn -0.2022 0.3387 -0.9189
vn 0.7567 -0.0770 -0.6492
vn 0.2673 0.1334 -0.9543
vn 0.6043 0.0651 -0.7941
vn 0.8092 0.0379 -0.5863
vn -0.4575 0.2275 -0.8596
vn 0.7592 -0.6489 -0.0497
vn 0.5107 -0.6020 -0.6138
vn -0.4529 -0.4423 -0.7741
vn 0.5989 0.2716 -0.7534
vn -0.2223 -0.7509 -0.6219
vn 0.4085 -0.6799 -0.6090
vn -0.4385 -0.1059 -0.8925
vn 0.5461 0.0625 -0.8354
vn 0.8352 0.1543 -0.5279
vn 0.5609 0.1253 -0.8183
vn 0.3383 0.3128 -0.8875
vn 0.8804 -0.4739 -0.0172
vn -0.7602 0.0375 -0.6486
vn -0.3508 0.2804 -0.8935
vn 0.8713 0.1080 -0.4788
vn 0.1656 -0.8502 -0.4998
vn -0.2124 0.4470 -0.8689
vn 0.6531 0.0476 -0.7558
vn 0.0040 0.5529 -0.8332
vn 0.2402 0.5856 -0.7742
vn -0.8157 0.1538 -0.5577
vn 0.8968 -0.4403 0.0423
vn -0.8554 0.0877 -0.5105
vn -0.7369 0.1316 -0.6631
vn -0.6933 0.2260 -0.6843
vn 0.8767 0.3148 -0.3638
vn -0.4632 -0.5244 -0.7145
vn 0.5581 -0.7406 -0.3743
vn 0.7074 -0.3130 -0.6337
vn 0.9050 -0.1154 -0.4094
vn -0.6907 -0.3279 -0.6446
vn 0.8228 0.2903 -0.4886
vn -0.8233 0.2116 -0.5267
vn -0.0919 0.5973 -0.7967
vn 0.6454 -0.5465 -0.5337
vn 0.8768 0.3437 -0.3362
vn 0.7916 -0.5664 -0.2294
vn 0.7205 -0.6732 0.1663
vn 0.4618 0.3809 -0.8010
vn 0.9505 0.2741 -0.1465
vn -0.3096 0.4181 -0.8540
vn -0.0133 -0.9704 -0.2412
vn -0.4773 -0.7840 -0.3968
vn 0.9670 0.0810 -0.2416
vn -0.8303 0.2584 -0.4938
vn 0.9530 -0.2664 -0.1443
vn -0.9869 -0.1270 -0.0997
vn 0.3424 -0.8836 -0.3195
vn -0.6664 -0.3945 -0.6327
vn -0.2563 0.5705 -0.7803
vn -0.2277 0.5030 -0.8338
vn 0.6872 -0.6635 -0.2957
vn -0.8908 0.0859 -0.4462
vn 0.9497 -0.1382 -0.2811
vn 0.9927 0.0209 -0.1188
vn -0.9522 0.2230 -0.2089
vn 0.9111 -0.0358 -0.4107
vn -0.9321 0.2100 -0.2952
vn 0.3861 0.5518 -0.7392
vn 0.9719 -0.1800 0.1516
vn -0.7826 -0.3563 -0.5105
vn 0.8986 0.4357 -0.0510
vn -0.9081 -0.4062 -0.1021
vn -0.4488 -0.7946 -0.4089
vn -0.5009 0.4790 -0.7208
vn -0.9232 0.2975 -0.2434
vn -0.6234 0.2357 -0.7455
vn -0.0458 0.5330 -0.8449
vn 0.0553 -0.9983 -0.0170
vn -0.8245 0.3483 -0.4459
vn 0.2678 0.6504 -0.7108
vn 0.5929 -0.1063 -0.7982
vn -0.8246 0.0682 -0.5616
vn -0.1673 -0.9843 -0.0559
vn -0.7456 0.3567 -0.5629
vn -0.9846 0.1659 -0.0543
vn 0.3357 0.7054 -0.6243
vn 0.9494 -0.0559 -0.3092
vn 0.9625 -0.2565 0.0881
vn 0.9742 0.1574 -0.1620
vn -0.3697 0.7575 -0.5381
vn -0.3938 0.6619 -0.6379
vn -0.7076 -0.6645 -0.2405
vn 0.3387 0.6189 -0.7087
vn 0.8740 -0.4050 -0.2685
vn -0.8719 0.2736 -0.4062
vn -0.8872 0.0326 -0.4602
vn 0.7558 -0.6372 0.1509
vn 0.9848 -0.0014 -0.1737
vn -0.9370 -0.0190 -0.3489
vn -0.9603 -0.0048 -0.2789
vn 0.4885 -0.4768 -0.7307
vn -0.2836 0.4157 -0.8641
vn -0.1926 0.4134 -0.8900
vn 0.2717 0.4139 -0.8688
vn -0.9356 -0.3346 -0.1125
vn -0.8162 -0.5058 -0.2792
vn -0.5291 0.6911 -0.4924
vn 0.6440 0.1313 -0.7536
vn 0.9323 0.1673 -0.3208
vn 0.3879 -0.9126 -0.1292
vn 0.9632 -0.2390 -0.1232
vn 0.4524 -0.2325 -0.8610
vn -0.7309 0.3998 -0.5531
vn -0.8796 0.3141 -0.3572
vn -0.1907 0.3937 -0.8992
vn -0.5446 0.6407 -0.5412
vn -0.9274 -0.2192 -0.3031
vn -0.6999 0.3490 -0.6232
vn -0.9221 0.3712 0.1094
vn 0.3026 -0.5799 -0.7564
vn -0.1047 0.4088 -0.9066
vn -0.9792 0.1123 0.1691
vn 0.4317 0.8602 -0.2714
vn -0.9198 -0.2764 0.2786
vn -0.9130 0.3867 0.1301
vn -0.9816 0.1876 -0.0348
vn 0.9827 -0.0645 -0.1737
vn 0.7296 0.5908 -0.3444
vn 0.1216 -0.8942 0.4308
vn 0.5599 0.0073 -0.8286
vn 0.8256 0.1023 -0.5549
vn -0.6100 -0.7719 -0.1789
vn 0.8361 0.0817 -0.5424
vn -0.9095 0.1287 0.3952
vn 0.1396 -0.9585 0.2486
vn -0.9890 -0.1182 -0.0891
vn 0.6585 0.5119 -0.5516
vn 0.3354 0.4019 -0.8521
vn 0.9376 -0.2620 -0.2287
vn -0.0545 -0.4694 -0.8813
vn 0.1654 -0.2697 -0.9486
vn 0.8037 0.2511 -0.5395
vn 0.7423 0.2012 -0.6391
vn 0.7622 0.1037 -0.6390
vn 0.5188 0.8247 -0.2252
vn 0.7197 -0.6919 -0.0575
vn -0.8361 -0.4999 0.2258
vn -0.9437 0.3113 -0.1116
vn 0.4949 0.6850 -0.5347
vn -0.9820 0.0718 0.1749
vn 0.4485 -0.1037 -0.8877
vn 0.9036 -0.4283 -0.0046
vn -0.8681 -0.2952 -0.3991
vn 0.8055 0.1120 -0.5819
vn 0.8455 0.2059 -0.4927
vn 0.5765 0.4139 -0.7045
vn -0.6756 0.4649 -0.5723
vn -0.9537 0.2641 0.1437
vn -0.1401 -0.9178 -0.3716
vn -0.5262 -0.8043 0.2759
vn 0.6192 0.6894 -0.3759
vn -0.3436 0.4943 -0.7985
vn -0.4512 -0.8917 0.0358
vn -0.7803 -0.0984 0.6176
vn 0.6166 0.7421 -0.2628
vn 0.2287 -0.2788 -0.9327
vn -0.8360 -0.5447 -0.0658
vn 0.7635 0.5217 -0.3807
vn 0.9073 0.1423 -0.3957
vn -0.8324 0.2978 -0.4674
vn 0.9517 -0.3064 0.0177
vn -0.8784 -0.0580 0.4743
vn 0.9726 -0.1905 0.1335
vn -0.9107 -0.3389 0.2362
vn -0.5498 -0.5560 -0.6233
vn 0.9480 0.3161 -0.0380
vn -0.7091 0.3728 -0.5985
vn -0.0051 0.5499 -0.8352
vn -0.9656 -0.2223 -0.1349
vn -0.5207 0.7763 -0.3553
vn -0.8457 0.1741 0.5045
vn 0.7452 -0.5644 0.3550
vn -0.5555 0.6458 -0.5238
vn -0.9712 0.0777 0.2251
vn 0.9736 -0.1038 -0.2035
vn 0.4233 -0.9032 0.0708
vn 0.9364 0.1799 -0.3013
vn 0.3331 0.9374 0.1012
vn 0.9390 -0.0454 -0.3408
vn 0.6684 0.3067 -0.6776
vn 0.3109 0.7337 -0.6042
vn -0.9782 0.0762 0.1930
vn 0.8104 0.3047 -0.5005
vn -0.8930 -0.0687 -0.4448
vn -0.7922 0.5389 -0.2864
vn 0.8920 0.3401 -0.2978
vn -0.9311 0.1965 -0.3074
vn -0.5273 0.6928 -0.4919
vn -0.8038 0.3038 -0.5115
vn 0.6043 0.3673 -0.7070
vn 0.6237 -0.7568 0.1955
vn -0.9504 0.1331 0.2813
vn 0.6245 -0.7641 -0.1619
vn -0.1967 -0.6890 -0.6976
vn -0.8320 0.3791 -0.4050
vn 0.7829 0.0388 -0.6209
vn 0.8795 -0.4492 -0.1571
vn 0.9755 0.0365 -0.2167
vn -0.5908 -0.6307 0.5031
vn -0.8759 -0.0360 0.4811
vn 0.4416 0.8890 0.1212
vn 0.9149 -0.0362 -0.4021
vn 0.7893 0.0730 -0.6097
vn 0.6227 0.7792 0.0709
vn -0.7078 0.5050 -0.4940
vn 0.4481 0.6507 -0.6130
vn 0.8352 0.5321 0.1390
vn 0.6586 0.5942 -0.4617
vn 0.8226 0.2913 -0.4883
vn -0.7981 0.4929 0.3467
vn 0.5237 0.0943 -0.8466
vn 0.9246 0.3205 0.2057
vn 0.3790 -0.8574 0.3483
vn -0.9788 -0.0521 -0.1979
vn 0.8247 0.0800 -0.5599
vn -0.6638 0.5763 0.4767
vn 0.6059 -0.2868 -0.7421
vn 0.5386 0.5671 -0.6231
vn 0.2147 -0.5162 -0.8291
vn -0.6826 -0.6293 -0.3716
vn 0.7020 0.5999 0.3838
vn 0.8570 0.0605 -0.5117
vn -0.0672 0.8007 -0.5953
vn -0.1034 -0.9600 0.2603
vn -0.8909 0.4347 -0.1317
vn -0.5757 -0.5710 -0.5853
vn -0.9956 0.0317 0.0884
vn -0.8396 0.2514 -0.4815
vn -0.9217 -0.3642 -0.1334
vn 0.7865 0.3336 -0.5197
vn -0.7376 0.6449 -0.2000
vn -0.6312 -0.7610 0.1495
vn -0.8579 0.4501 -0.2478
vn 0.4497 -0.7389 -0.5018
vn 0.9726 -0.1028 0.2083
vn -0.6111 -0.1665 0.7738
vn 0.9426 -0.2810 -0.1806
vn 0.9922 0.1152 0.0477
vn -0.6250 -0.5953 -0.5050
vn -0.7435 -0.1777 0.6447
vn -0.2601 -0.8934 0.3664
vn 0.9158 0.1371 -0.3774
vn -0.8875 0.1992 -0.4156
vn 0.0747 -0.9869 -0.1430
vn -0.9832 0.1171 0.1401
vn -0.8699 -0.4874 0.0758
vn 0.7328 0.1469 -0.6644
vn 0.6330 0.7675 0.1017
vn -0.4996 -0.7977 -0.3378
vn -0.2848 -0.2954 -0.9120
vn -0.8369 0.4148 -0.3571
vn -0.5582 0.6618 -0.5004
vn -0.9547 -0.1716 0.2432
vn 0.8488 0.5284 0.0153
vn -0.0105 -0.7796 0.6262
vn 0.9084 -0.2774 -0.3128
vn -0.8247 0.5581 -0.0918
vn 0.4782 0.4065 -0.7785
vn 0.7069 -0.4335 0.5588
vn 0.3411 0.8160 0.4667
vn -0.9498 -0.0101 -0.3127
vn -0.8678 0.0645 -0.4927
vn 0.2425 0.6884 -0.6836
vn -0.6016 -0.5832 0.5459
vn -0.9381 0.3187 0.1356
vn -0.5953 0.3180 0.7379
vn 0.5078 -0.8031 0.3116
vn 0.9142 0.2313 0.3327
vn -0.9601 -0.1283 0.2485
vn -0.1070 -0.9312 -0.3484
vn -0.8176 0.5484 0.1755
vn -0.9339 0.2017 -0.2952
vn 0.5340 0.3538 0.7679
vn -0.8924 0.1031 -0.4393
vn 0.0050 -0.7875 0.6163
vn -0.6087 0.7848 0.1168
vn 0.4989 0.2865 -0.8179
vn -0.4530 -0.6646 0.5943
vn 0.7805 -0.6207 0.0742
vn 0.9886 0.0391 0.1457
vn -0.4109 -0.2900 -0.8643
vn 0.4204 -0.3512 -0.8366
vn 0.1808 -0.6803 -0.7103
vn 0.7566 0.4854 0.4381
vn -0.4484 0.8726 0.1938
vn 0.3698 0.8760 -0.3098
vn -0.0211 0.9634 -0.2674
vn -0.3853 -0.8793 0.2800
vn -0.7285 -0.1224 -0.6740
vn 0.3998 0.4997 0.7684
vn 0.8069 0.5784 0.1200
vn -0.4969 0.6300 0.5968
vn -0.1215 -0.9926 0.0039
vn 0.9489 0.0345 -0.3138
vn 0.9343 0.0436 0.3538
vn 0.8667 0.4956 -0.0569
vn 0.6553 0.7360 -0.1700
vn 0.2139 -0.5985 0.7720
vn -0.8510 0.4582 -0.2566
vn -0.5923 -0.1346 0.7944
vn -0.2829 -0.9471 0.1512
vn -0.0588 -0.0416 -0.9974
vn 0.8933 -0.0328 -0.4482
vn 0.1147 -0.7644 0.6344
vn 0.7112 0.3638 0.6016
vn 0.5161 0.3216 0.7938
vn -0.3620 0.8999 -0.2432
vn 0.7476 -0.6623 -0.0493
vn -0.7320 0.6755 -0.0889
vn -0.3033 0.9336 -0.1906
vn 0.5210 0.5976 0.6095
vn 0.8927 -0.1854 0.4106
vn -0.6915 0.0111 -0.7223
vn -0.9118 -0.4005 0.0908
vn -0.9579 0.2763 0.0786
vn -0.2068 -0.5181 0.8299
vn -0.0127 0.9154 -0.4024
vn 0.9076 0.2065 0.3656
vn 0.5328 0.5065 0.6779
vn -0.9759 0.2031 0.0804
vn 0.3767 -0.6987 0.6081
vn -0.6659 -0.7170 0.2062
vn 0.8738 -0.3508 -0.3367
vn 0.9329 -0.1027 -0.3453
vn -0.0251 0.9995 -0.0210
vn -0.3561 0.9024 -0.2425
vn 0.6088 -0.1986 0.7681
vn 0.9826 0.1359 0.1266
vn 0.9716 0.1205 0.2038
vn 0.3817 0.0226 0.9240
vn -0.3556 -0.1457 -0.9232
vn -0.9517 0.3066 0.0126
vn 0.1926 -0.8157 0.5455
vn -0.7484 -0.0113 0.6631
vn -0.6617 -0.0871 0.7447
vn -0.6107 -0.4374 0.6601
vn 0.5129 0.4108 0.7538
vn -0.3207 0.6813 -0.6580
vn -0.3464 0.6191 0.7047
vn 0.3697 -0.6566 0.6574
vn -0.5184 -0.6060 0.6034
vn 0.8715 0.2427 0.4262
vn 0.1308 0.3144 0.9402
vn -0.7044 0.7037 -0.0935
vn -0.2461 -0.4792 0.8425
vn -0.5590 0.4805 -0.6757
vn -0.5876 0.8088 0.0245
vn 0.1456 -0.0080 0.9893
vn -0.4031 0.5989 0.6919
vn -0.3634 0.8541 0.3722
vn -0.4014 0.5717 0.7155
vn 0.0316 -0.0400 0.9987
vn 0.0317 -0.0401 0.9987
vn 0.4137 -0.7530 0.5116
vn -0.3465 0.6190 0.7048
vn -0.0952 -0.4571 -0.8843
vn 0.9982 0.0585 0.0097
vn 0.3011 0.0919 0.9491
vn -0.5806 0.7978 0.1624
vn 0.2586 -0.6385 0.7248
vn 0.2651 -0.1664 0.9497
vn 0.5567 -0.3825 -0.7374
vn -0.2197 0.1457 0.9646
vn 0.9570 0.0324 -0.2882
vn 0.6504 0.1152 0.7508
vn 0.3265 -0.0891 0.9410
vn -0.2931 0.7446 0.5997
vn -0.2173 0.8514 0.4774
vn 0.5607 -0.2564 0.7873
vn -0.4762 -0.0447 -0.8782
vn -0.0423 -0.9950 -0.0903
vn -0.5929 0.1816 0.7845
vn 0.4896 0.3166 0.8124
vn -0.2721 0.9460 0.1760
vn 0.5141 -0.7052 0.4882
vn 0.3643 0.7228 -0.5872
vn -0.6072 -0.4434 -0.6593
vn 0.9265 -0.2347 -0.2941
vn 0.8845 0.4445 0.1419
vn 0.1407 -0.2672 0.9533
vn 0.2034 0.2624 0.9433
vn 0.5330 0.0031 0.8461
vn 0.5222 0.1791 0.8338
vn 0.4268 -0.0490 0.9030
vn -0.8446 0.5214 0.1213
vn -0.2725 -0.5517 0.7883
vn -0.7802 0.2696 -0.5644
vn 0.8317 0.1181 -0.5425
vn -0.8612 0.4134 0.2956
vn -0.5704 0.7234 0.3890
vn 0.3759 0.9175 -0.1298
vn -0.1366 -0.6626 0.7364
vn 0.5801 -0.2764 0.7662
vn 0.3443 0.8526 0.3932
vn -0.4052 0.9122 0.0608
vn -0.4430 0.8685 -0.2225
vn 0.1936 0.2478 0.9493
vn 0.8949 0.1538 0.4189
vn 0.9803 0.0638 0.1870
vn 0.7309 -0.4532 0.5103
vn -0.5430 0.8214 -0.1745
vn -0.7717 -0.3514 0.5302
vn -0.7464 -0.5254 0.4085
vn -0.8493 -0.0854 0.5210
vn -0.8354 0.3735 0.4032
vn -0.9203 0.2756 0.2778
vn -0.4519 0.8626 0.2273
vn 0.5549 -0.3090 0.7724
vn -0.6274 0.3634 0.6888
vn -0.8360 0.3118 0.4515
vn -0.2438 0.5248 0.8156
vn -0.4257 -0.6595 -0.6196
vn 0.2355 -0.8630 -0.4469
vn 0.0538 -0.7205 -0.6914
vn -0.1884 -0.9742 0.1243
vn -0.8116 0.1960 -0.5504
vn -0.5821 0.4800 0.6563
vn -0.0805 0.4811 0.8730
vn -0.2842 0.8360 0.4693
vn -0.7523 0.2694 0.6013
vn 0.8720 0.0050 0.4895
vn 0.5365 -0.5748 0.6179
vn -0.4908 0.6616 0.5669
vn 0.4594 0.6723 -0.5805
vn 0.1216 -0.6493 0.7508
vn -0.4789 -0.0365 0.8771
vn 0.2209 0.0846 0.9716
vn -0.7210 0.1737 -0.6708
vn 0.3094 -0.1497 0.9391
vn -0.9059 -0.0651 0.4184
vn 0.3170 -0.6404 0.6996
vn -0.0238 0.8436 0.5364
vn 0.1045 0.0958 0.9899
vn 0.9701 0.0585 0.2355
vn 0.9022 0.3457 0.2578
vn 0.6989 0.6974 0.1589
vn -0.3770 0.3032 0.8752
vn -0.4160 -0.4782 0.7735
vn -0.6764 0.2923 0.6760
vn -0.0684 -0.1636 0.9842
vn -0.2163 0.1469 0.9652
vn 0.5988 -0.5133 0.6149
vn 0.9150 -0.0481 0.4006
vn -0.9105 0.4098 0.0551
vn -0.1743 -0.3545 0.9187
vn 0.5313 0.5713 0.6255
vn 0.3167 -0.1175 0.9412
vn 0.9905 -0.0788 0.1128
vn 0.2444 -0.0838 0.9660
vn 0.8369 0.0503 0.5450
vn 0.2920 0.0267 0.9561
vn -0.0392 0.9957 0.0841
vn 0.0546 0.8493 -0.5251
vn -0.6078 -0.7165 0.3425
vn 0.4409 -0.8707 0.2179
vn -0.8126 -0.0659 -0.5791
vn -0.2742 -0.7430 0.6105
vn 0.5211 -0.4511 0.7246
vn 0.6762 0.2965 0.6744
vn -0.4774 0.4337 0.7642
vn -0.1543 0.3258 0.9328
vn 0.0991 -0.7862 0.6100
vn 0.4098 -0.6008 0.6863
vn -0.8180 -0.5325 -0.2174
vn 0.6896 -0.2627 0.6748
vn 0.4132 -0.5396 0.7336
vn -0.9382 0.3372 0.0777
vn 0.3929 0.1590 0.9057
vn 0.3598 -0.2422 0.9011
vn 0.9368 -0.1435 0.3191
vn -0.0100 0.1790 0.9838
vn -0.1229 -0.2607 0.9576
vn -0.8004 -0.0513 0.5972
vn -0.8414 -0.5398 0.0264
vn 0.4122 -0.1228 0.9028
vn -0.9160 0.3783 -0.1331
vn -0.9390 -0.0302 0.3426
vn -0.2531 0.5958 0.7622
vn -0.7982 -0.0805 -0.5971
vn 0.7775 -0.1294 -0.6154
vn 0.8897 -0.1727 0.4225
vn 0.8801 0.0730 0.4691
vn 0.8854 -0.1068 0.4524
vn 0.7190 -0.4286 0.5471
vn 0.9251 -0.2645 -0.2726
vn -0.1106 -0.4840 0.8680
vn -0.4270 -0.8348 0.3476
vn -0.1148 0.3482 0.9304
vn 0.9574 -0.1725 0.2315
vn -0.9486 0.1625 -0.2717
vn -0.8764 0.4774 -0.0635
vn 0.4135 -0.5395 0.7334
vn -0.0840 0.5193 0.8505
vn -0.7983 -0.0802 -0.5970
vn 0.7454 -0.5163 -0.4217
vn 0.8765 -0.2454 -0.4141
vn -0.4422 -0.1208 0.8887
vn -0.6430 -0.6154 0.4559
vn -0.1382 0.4423 0.8862
vn -0.2580 0.2434 0.9350
vn 0.0937 0.6357 0.7662
vn 0.3450 -0.0916 0.9341
vn 0.1068 -0.2240 0.9687
vn -0.8479 0.0769 0.5245
vn 0.1931 0.3786 0.9052
vn 0.8697 -0.4849 -0.0925
vn -0.9556 -0.1386 -0.2599
vn -0.3500 0.6824 -0.6418
vn -0.5828 -0.2936 -0.7577
vn 0.2087 -0.0638 0.9759
vn -0.7332 0.5853 0.3463
vn -0.0908 0.1777 0.9799
vn 0.8505 -0.0558 -0.5230
vn -0.4471 0.0737 0.8914
vn -0.7194 0.6506 0.2432
vn 0.6057 -0.4577 0.6509
vn 0.4894 -0.3618 0.7934
vn 0.6559 -0.5423 -0.5251
vn -0.9120 -0.4044 -0.0684
vn -0.8229 -0.5670 -0.0374
vn 0.5182 -0.8195 0.2447
vn 0.3489 -0.6283 -0.6954
vn 0.2325 -0.0478 0.9714
vn 0.9674 -0.1002 0.2324
vn -0.2795 -0.0550 0.9586
vn 0.0780 -0.2267 0.9708
vn 0.9412 0.2352 0.2424
vn 0.4818 -0.4280 0.7646
vn 0.8182 -0.5441 0.1859
vn 0.8849 -0.3723 0.2799
vn -0.2040 -0.8353 0.5105
vn 0.4455 -0.8772 -0.1792
vn 0.8108 -0.5076 0.2916
vn -0.5639 0.1518 0.8117
vn 0.1707 0.4778 0.8617
vn 0.3421 0.1407 0.9291
vn 0.1417 0.2835 0.9485
vn -0.1104 0.4578 0.8822
vn 0.0976 -0.0624 0.9933
vn 0.2429 0.7509 0.6141
vn -0.1586 -0.1224 0.9797
vn -0.3794 0.5053 0.7751
vn 0.7217 0.5870 -0.3670
vn -0.0016 0.4053 0.9142
vn -0.0913 0.4666 0.8798
vn -0.4874 -0.3494 0.8002
vn -0.4892 -0.8596 0.1476
vn 0.7276 0.2433 0.6414
vn 0.6988 0.1382 0.7018
vn 0.4124 0.9085 0.0672
vn -0.5387 0.3536 0.7647
vn 0.3584 -0.0337 0.9330
vn -0.7023 0.6600 0.2669
vn -0.0478 0.7480 0.6620
vn 0.4652 -0.6699 -0.5786
vn 0.2041 -0.9020 0.3805
vn -0.7919 -0.5383 0.2883
vn 0.9058 -0.0177 0.4233
vn -0.4661 -0.3979 0.7902
vn 0.2277 0.6511 0.7240
vn -0.9346 -0.2924 0.2027
vn -0.1890 -0.1639 0.9682
vn 0.1300 -0.3307 0.9347
vn -0.7827 0.1071 0.6132
vn -0.4936 0.3937 0.7755
vn 0.9076 0.1220 0.4016
vn 0.0830 -0.5554 0.8275
vn -0.0365 0.8262 0.5621
vn 0.0879 -0.2354 0.9679
vn 0.7876 -0.1856 0.5875
vn 0.5766 -0.3299 0.7474
vn -0.2791 0.7507 0.5988
vn -0.0805 0.3465 0.9346
vn 0.6396 -0.6813 0.3560
vn -0.3125 0.5803 0.7521
vn -0.7686 0.1145 0.6294
vn 0.6154 0.7871 0.0415
vn -0.5355 -0.1827 0.8245
vn 0.5522 0.7955 0.2498
vn -0.0236 0.1067 -0.9940
vn 0.4619 -0.5749 0.6753
vn -0.8048 -0.4853 0.3418
vn 0.5334 -0.0020 0.8459
vn 0.9466 0.3057 -0.1027
vn 0.2594 0.3811 0.8874
vn -0.0348 -0.0516 0.9981
vn -0.7568 -0.4509 0.4733
vn 0.0727 -0.1295 0.9889
vn 0.5320 0.1473 0.8338
vn 0.0661 0.1861 0.9803
vn -0.9960 -0.0447 0.0778
vn -0.9416 0.0248 0.3359
vn -0.3052 0.9124 0.2726
vn -0.0195 -0.4068 0.9133
vn -0.6121 -0.2652 0.7450
vn -0.6621 -0.7305 0.1676
vn 0.5404 0.0238 0.8411
vn 0.8847 0.0882 0.4578
vn 0.5658 -0.0157 0.8244
vn -0.7898 0.0156 0.6132
vn -0.5078 0.6454 0.5706
vn 0.6422 0.2558 0.7226
vn 0.8003 -0.5983 0.0402
vn 0.5679 0.0753 0.8196
vn 0.9574 -0.2262 0.1794
vn -0.1460 -0.7155 0.6831
vn -0.6889 -0.0670 0.7217
vn -0.6392 0.7512 -0.1645
vn -0.7171 0.6665 -0.2038
vn -0.5251 -0.4792 0.7033
vn 0.6424 0.1132 -0.7579
vn 0.1179 -0.2285 0.9664
vn -0.5815 -0.5646 0.5857
vn 0.2724 0.2340 0.9333
vn -0.3017 -0.4412 0.8452
vn 0.1582 -0.4368 0.8856
vn -0.5223 -0.5505 0.6513
vn -0.2800 0.0705 0.9574
vn 0.8343 0.3573 0.4198
vn 0.5336 -0.0018 0.8457
vn 0.0983 0.8083 0.5805
vn 0.0340 -0.8427 0.5373
vn 0.0666 -0.6568 0.7511
vn 0.4015 -0.8194 0.4092
vn 0.5550 0.8124 0.1788
vn 0.1756 0.9837 0.0389
vn 0.9599 -0.2478 -0.1314
vn -0.9138 -0.3234 0.2456
vn -0.6673 -0.2568 0.6992
vn 0.8345 0.3572 0.4197
vn -0.7153 0.3303 0.6158
vn 0.2224 -0.2129 0.9514
vn -0.1136 -0.9024 0.4157
vn -0.9153 -0.0689 0.3969
vn 0.3516 -0.7798 0.5179
vn -0.7101 -0.5745 0.4070
vn -0.7234 0.0077 -0.6904
vn 0.7023 -0.0181 0.7117
vn -0.6326 0.0148 0.7743
vn -0.7076 -0.0763 0.7025
vn -0.6376 0.0135 0.7702
vn 0.5729 -0.1228 0.8103
vn 0.8180 0.0830 0.5692
vn 0.0183 0.0596 0.9981
vn -0.3005 0.7689 0.5644
vn 0.5473 0.8341 -0.0685
vn -0.7873 0.5800 0.2094
vn 0.8572 0.0591 -0.5117
vn -0.0398 0.2402 0.9699
vn 0.1385 -0.7454 -0.6520
vn 0.7276 -0.6690 0.1518
vn -0.9770 0.1342 0.1656
vn 0.3381 -0.1521 0.9287
vn 0.8381 -0.1100 0.5343
vn 0.0960 -0.1080 0.9895
vn -0.2960 0.3188 0.9004
vn -0.4936 0.1613 0.8546
vn -0.5950 0.2915 0.7490
vn -0.8859 -0.3386 0.3171
vn -0.6545 0.7123 0.2536
vn 0.9104 -0.2661 -0.3166
vn -0.9333 0.2496 0.2582
vn 0.9599 -0.0670 0.2723
vn 0.1616 -0.0794 0.9837
vn 0.8538 -0.3209 0.4099
vn 0.0100 -0.0534 0.9985
vn 0.1021 0.1676 0.9806
vn -0.1789 -0.2428 0.9534
vn 0.0924 0.0534 0.9943
vn -0.2836 -0.6658 0.6901
vn -0.6573 -0.2577 0.7083
vn -0.0494 0.1151 0.9921
vn 0.1787 -0.9833 -0.0355
vn 0.1446 0.9893 -0.0181
vn -0.3718 -0.8502 -0.3727
vn 0.9996 -0.0294 -0.0038
vn -0.7798 -0.3159 -0.5404
vn 0.6773 0.2496 0.6920
vn 0.4543 0.3391 0.8238
vn -0.1494 -0.0486 0.9876
vn 0.6363 0.3393 0.6928
vn -0.6491 -0.7319 0.2073
vn -0.3149 -0.1990 0.9280
vn -0.0741 0.8162 -0.5730
vn -0.9806 -0.1620 -0.1102
vn 0.7368 -0.0754 0.6719
vn 0.9853 -0.1420 -0.0949
vn 0.5434 0.1246 0.8302
vn -0.6664 0.0046 0.7456
vn -0.5446 0.2596 0.7975
vn 0.9255 -0.0740 0.3715
vn -0.3519 -0.1747 0.9196
vn -0.8367 0.4350 0.3327
vn -0.8506 -0.1507 0.5038
vn -0.1546 -0.2729 0.9495
vn -0.6404 0.2195 0.7360
vn -0.5002 0.3623 0.7865
vn 0.3725 -0.9280 0.0045
vn -0.0600 0.5096 0.8583
vn 0.2546 0.3040 0.9180
vn -0.7375 0.5542 0.3859
vn 0.3612 0.8243 0.4360
vn 0.0397 -0.6909 0.7219
vn -0.7076 0.5018 -0.4974
vn 0.1976 -0.9006 -0.3872
vn -0.0604 -0.7346 0.6758
vn -0.5457 0.3747 0.7496
vn -0.6311 0.2675 0.7281
vn -0.0190 0.3414 0.9397
vn -0.0108 0.9389 0.3440
vn 0.0607 -0.6461 0.7608
vn -0.3938 0.9008 -0.1833
vn 0.7894 -0.5958 -0.1475
vn 0.8731 0.0019 0.4875
vn 0.4724 -0.2766 0.8369
vn -0.8779 -0.0575 0.4753
vn 0.8277 -0.2734 0.4900
vn 0.2459 0.9027 0.3530
vn 0.3808 -0.6114 0.6937
vn -0.7433 -0.4754 -0.4706
vn 0.2553 -0.3371 0.9062
vn -0.0557 0.2318 0.9712
vn 0.6684 -0.1666 0.7249
vn -0.3760 -0.1138 0.9196
vn -0.5096 0.6275 -0.5887
vn 0.9347 0.1311 0.3304
vn 0.8181 -0.1077 0.5650
vn 0.9381 0.0308 0.3451
vn -0.2189 0.0639 0.9737
vn -0.2089 0.2286 0.9509
vn -0.3289 0.2848 0.9004
vn -0.6478 0.7359 -0.1969
vn -0.9179 -0.0888 0.3868
vn 0.9512 -0.1706 0.2573
vn -0.2607 0.2014 0.9442
vn 0.7971 0.2315 0.5577
vn 0.0745 0.4046 0.9115
vn 0.8922 -0.0572 -0.4480
vn -0.7509 0.1003 0.6528
vn -0.9660 -0.1046 0.2365
vn -0.2816 -0.1808 0.9424
vn -0.7735 -0.0535 0.6315
vn 0.9613 0.1947 0.1947
vn 0.0366 -0.5590 0.8284
vn 0.5371 0.0857 0.8392
vn 0.7754 -0.1990 0.5993
vn -0.6361 0.0864 0.7668
vn -0.7968 0.5777 0.1771
vn -0.9718 -0.1837 0.1480
vn -0.8640 -0.1010 0.4933
vn 0.8443 0.2041 0.4954
vn -0.7368 -0.1890 0.6492
vn -0.3130 0.9284 0.2002
vn -0.6518 0.1507 -0.7432
vn -0.0591 0.5053 -0.8609
vn -0.1086 -0.0460 -0.9930
vn 0.5887 -0.6614 0.4648
vn 0.0819 -0.7952 0.6008
vn 0.4273 0.8516 -0.3036
vn -0.3571 0.0428 -0.9331
vn 0.0331 -0.1494 0.9882
vn -0.5925 -0.1378 0.7937
vn 0.7788 0.1281 0.6141
vn 0.3509 -0.0260 0.9361
vn -0.0946 0.0619 0.9936
vn -0.3199 -0.0884 0.9433
vn 0.9216 -0.2936 0.2540
vn 0.5859 0.0882 0.8056
vn 0.7926 -0.0385 0.6085
vn -0.6549 0.0542 0.7538
vn 0.6968 0.6248 0.3521
vn 0.4076 -0.0820 -0.9095
vn -0.8246 0.5592 -0.0854
vn 0.8218 0.3156 -0.4744
vn 0.1183 -0.8682 -0.4819
vn -0.3569 -0.4076 0.8405
vn -0.7558 -0.3677 0.5418
vn -0.3545 0.8455 0.3993
vn 0.1925 -0.7205 -0.6662
vn -0.3755 -0.4502 -0.8101
vn 0.8585 -0.4698 0.2054
vn 0.3114 -0.8994 0.3068
vn 0.0518 0.9828 0.1770
vn 0.3728 0.8351 -0.4044
vn 0.9096 -0.0499 0.4124
vn -0.6354 -0.1122 0.7640
vn -0.1097 -0.2567 0.9602
vn 0.3008 -0.3390 0.8914
vn 0.3193 0.1335 0.9382
vn 0.5184 0.0156 0.8550
vn -0.8297 -0.4272 -0.3593
vn 0.0226 0.5610 -0.8275
vn -0.5095 0.5964 -0.6202
vn 0.3998 -0.7989 -0.4494
vn -0.7163 0.0037 -0.6978
vn -0.6560 0.2420 0.7149
vn 0.9378 -0.0808 0.3377
vn -0.6350 0.1970 0.7470
vn 0.5723 -0.6843 -0.4519
vn -0.6397 -0.3398 0.6894
vn 0.6969 -0.6408 0.3220
vn 0.7150 -0.4674 -0.5200
vn -0.5655 -0.0176 0.8246
vn -0.1412 0.2715 0.9520
vn -0.5403 0.0393 0.8405
vn -0.6894 -0.1469 0.7094
vn -0.3361 0.1913 0.9222
vn -0.7835 0.0552 0.6189
vn -0.9414 -0.2876 0.1761
vn -0.7109 0.6548 -0.2568
vn 0.8031 -0.4683 0.3684
vn -0.1179 -0.9671 0.2252
vn -0.3033 -0.9011 -0.3100
vn 0.5952 -0.4877 -0.6386
vn 0.5029 -0.7638 0.4045
vn -0.2936 0.5726 -0.7654
vn 0.1244 -0.4933 0.8609
vn -0.3039 0.8224 -0.4810
vn -0.7938 0.3418 0.5031
vn 0.4616 -0.0456 0.8859
vn 0.2874 0.9570 0.0396
vn 0.5044 0.1044 0.8572
vn -0.1293 0.1873 0.9738
vn 0.3015 -0.2706 0.9143
vn -0.2860 -0.0070 0.9582
vn 0.0501 0.2622 0.9637
vn 0.6078 0.4473 0.6561
vn -0.8008 -0.0874 -0.5926
vn -0.1412 -0.2300 -0.9629
vn 0.3477 0.4546 -0.8201
vn 0.5200 0.1923 0.8323
vn 0.3245 -0.0223 0.9456
vn 0.3325 -0.8468 0.4151
vn 0.6050 0.0119 0.7962
vn 0.8464 -0.2220 -0.4841
vn 0.9659 -0.0883 0.2436
vn 0.3839 -0.8752 0.2942
vn -0.3391 -0.7054 0.6225
vn 0.9269 -0.3378 -0.1634
vn -0.8058 0.3662 -0.4653
vn -0.5416 0.0271 0.8402
vn -0.6520 0.7254 -0.2208
vn 0.6726 0.7051 0.2247
vn -0.2697 0.1042 0.9573
vn -0.3332 0.0747 0.9399
vn 0.2176 0.1098 0.9698
vn -0.9516 0.0673 0.3000
vn -0.9278 0.0745 -0.3655
vn -0.8785 0.3136 0.3604
vn 0.5709 0.1756 0.8020
vn 0.3181 -0.0112 0.9480
vn -0.7628 0.0350 0.6457
vn -0.0147 -0.8312 0.5558
vn 0.8070 0.3395 -0.4831
vn 0.2890 -0.1397 0.9471
vn -0.2775 0.0650 0.9585
vn 0.0605 -0.4325 0.8996
vn -0.1867 -0.1475 0.9713
vn 0.7414 -0.0171 0.6709
vn 0.0805 -0.5419 0.8366
vn 0.5511 -0.1688 0.8172
vn 0.5246 0.7396 -0.4216
vn -0.9279 -0.0558 0.3687
vn -0.6945 0.1961 0.6922
vn -0.1718 -0.4742 0.8635
vn -0.0310 -0.0085 0.9995
vn 0.7089 -0.1288 0.6934
vn -0.7927 0.6063 -0.0636
vn -0.4067 0.2264 -0.8851
vn -0.0909 -0.6111 0.7863
vn -0.6822 0.6858 0.2537
vn -0.9121 0.1389 -0.3857
vn -0.2054 0.0236 0.9784
vn 0.2850 -0.0002 0.9585
vn 0.7411 -0.3434 0.5769
vn 0.1459 0.7080 0.6910
vn 0.5713 -0.8106 -0.1286
vn -0.1020 -0.8212 0.5614
vn 0.8965 -0.4430 -0.0043
vn 0.0809 -0.1657 0.9829
vn 0.1349 -0.3220 -0.9371
vn -0.0938 0.0146 -0.9955
vn 0.0569 -0.0093 -0.9983
vn 0.4912 -0.4707 -0.7329
vn 0.7901 -0.5083 -0.3426
vn -0.7002 -0.5206 0.4886
vn 0.0781 0.3797 -0.9218
vn 0.1082 0.1037 0.9887
vn 0.0330 0.7660 0.6421
vn -0.2581 -0.4525 -0.8536
vn 0.0971 -0.8263 0.5549
vn 0.9190 0.0241 -0.3935
vn 0.0969 0.6061 0.7895
vn -0.2351 0.7905 -0.5655
vn 0.6848 -0.7228 -0.0930
vn -0.2372 -0.6856 0.6883
vn 0.1139 -0.3756 -0.9198
vn -0.1873 -0.9047 -0.3828
vn -0.1729 0.0382 -0.9842
vn 0.6799 -0.4089 -0.6087
vn -0.7089 0.7014 -0.0738
vn 0.3650 0.8166 -0.4471
vn -0.2632 0.6816 0.6827
vn -0.5857 -0.2610 0.7674
vn -0.2786 -0.3588 0.8908
vn -0.3341 0.0603 0.9406
vn -0.2541 -0.8547 -0.4527
vn -0.7613 -0.4543 -0.4627
vn -0.4993 -0.8305 -0.2470
vn 0.5453 -0.0486 -0.8368
vn -0.7085 0.3588 -0.6077
vn -0.4998 -0.6278 0.5967
vn -0.8875 0.3944 0.2383
vn 0.3239 -0.4195 0.8480
vn 0.0797 -0.1530 0.9850
vn 0.7653 -0.0303 0.6429
vn -0.4848 -0.1697 0.8580
vn 0.6326 -0.2819 -0.7214
vn 0.6894 -0.2180 -0.6908
vn -0.1944 -0.7259 -0.6597
vn -0.1003 0.4721 0.8758
vn -0.6473 0.0220 0.7619
vn -0.2886 0.4373 0.8518
vn 0.4001 0.6937 -0.5989
vn -0.7207 0.5397 -0.4351
vn 0.7424 0.5932 0.3113
vn 0.9830 -0.0653 0.1718
vn 0.2248 0.3259 0.9183
vn 0.0640 -0.9795 -0.1911
vn -0.9761 0.2136 -0.0398
vn 0.2502 0.1655 0.9539
vn 0.3339 -0.8717 -0.3587
vn 0.7031 0.3506 -0.6187
vn 0.6221 -0.1317 0.7718
vn 0.8076 -0.0793 0.5844
vn -0.5511 -0.0948 0.8290
vn -0.5265 -0.2316 -0.8180
vn 0.5621 0.8265 0.0300
vn -0.0744 -0.2248 0.9716
vn -0.0171 -0.3861 -0.9223
vn 0.8226 -0.1497 -0.5485
vn -0.3400 -0.9220 -0.1854
vn -0.9314 0.3283 -0.1571
vn -0.3322 0.0018 0.9432
vn -0.7703 -0.2597 -0.5824
vn -0.4684 -0.2745 0.8398
vn 0.5342 -0.2280 0.8140
vn -0.0332 0.3454 0.9379
vn 0.9569 0.2745 0.0946
vn 0.8989 -0.3989 -0.1815
vn 0.0250 -0.6119 0.7906
vn -0.6691 0.7431 0.0103
vn -0.2099 -0.0800 0.9744
vn -0.9400 -0.0408 -0.3388
vn 0.3796 0.6556 0.6528
vn -0.3084 0.8725 -0.3790
vn -0.0609 0.1675 0.9840
vn -0.2527 -0.1177 0.9604
vn -0.5347 -0.5859 -0.6089
vn -0.1113 0.9932 0.0346
vn 0.4419 0.8768 -0.1898
vn -0.6623 -0.6892 0.2939
vn -0.4990 0.8374 0.2229
vn -0.0107 -0.1377 0.9904
vn -0.3939 0.8963 -0.2036
vn -0.0610 -0.8783 -0.4742
vn -0.4958 -0.4450 -0.7458
vn 0.5577 0.7430 -0.3701
vn 0.2414 -0.6663 0.7055
vn -0.7437 -0.6622 -0.0916
vn 0.7878 -0.5227 -0.3257
vn 0.5577 -0.2982 0.7746
vn 0.8864 0.3277 0.3270
vn -0.1441 -0.8151 0.5611
vn 0.5381 0.2365 0.8090
vn -0.4504 0.1070 0.8864
vn -0.8871 -0.4585 0.0524
vn -0.4340 0.1965 0.8792
vn -0.0210 0.8202 -0.5717
vn 0.5990 -0.0585 0.7986
vn 0.6819 -0.4623 -0.5668
vn 0.3412 -0.1510 0.9278
vn -0.5183 0.7507 -0.4096
vn 0.0283 0.9773 -0.2100
vn 0.8300 0.5539 -0.0647
vn 0.5566 -0.6273 0.5447
vn -0.8941 0.4472 -0.0227
vn -0.9675 -0.0403 0.2497
vn 0.8939 0.4274 0.1352
vn 0.1692 0.8410 -0.5138
vn -0.9418 0.3360 0.0095
vn 0.6131 0.5512 -0.5660
vn 0.1250 -0.8900 -0.4385
vn -0.4688 0.8560 -0.2177
vn -0.2477 -0.6994 0.6704
vn 0.7795 0.0412 -0.6250
vn -0.7547 -0.4020 0.5184
vn -0.7742 0.5461 -0.3199
vn 0.5745 0.8095 0.1209
vn -0.0072 0.4726 0.8812
vn -0.3554 -0.6746 -0.6470
vn -0.6739 0.7281 0.1253
vn 0.7337 0.5912 -0.3348
vn -0.5590 -0.1773 0.8100
vn 0.9753 -0.2180 -0.0348
vn 0.3967 0.8067 -0.4380
vn 0.7605 0.6022 0.2429
vn 0.7697 0.4123 0.4874
vn 0.1558 0.8220 -0.5478
vn 0.2569 0.7670 0.5880
vn -0.1025 0.9028 0.4177
vn -0.7006 -0.4965 -0.5125
vn 0.9272 0.1320 0.3505
vn -0.9495 0.2887 -0.1227
vn 0.8089 -0.5440 -0.2230
vn 0.8209 -0.4917 -0.2903
vn 0.5189 -0.4332 0.7369
vn -0.9959 -0.0132 -0.0897
vn 0.3019 0.6948 0.6528
vn -0.0945 -0.9279 -0.3606
vn 0.8311 0.3979 -0.3885
vn 0.7009 0.1546 -0.6963
vn 0.9070 -0.4201 -0.0308
vn 0.2553 0.8201 -0.5121
vn 0.4036 0.7161 -0.5695
vn 0.1783 0.9745 0.1364
vn 0.2568 0.7670 0.5880
vn -0.0417 -0.9955 -0.0846
vn 0.7285 0.4017 0.5550
vn 0.3448 0.7807 -0.5211
vn -0.9136 0.3521 0.2034
vn -0.0997 0.9803 0.1704
vn 0.1779 0.9745 0.1366
vn 0.0659 -0.9881 -0.1388
vn -0.5437 -0.7608 -0.3544
vn -0.8398 0.5324 0.1063
vn 0.4968 0.8168 -0.2932
vn -0.8701 0.4744 0.1336
vn -0.0108 0.9999 -0.0130
vn 0.4035 0.7161 -0.5696
vn 0.2567 0.7670 0.5881
vn 0.2542 0.9668 0.0277
vn 0.9078 0.4109 -0.0836
vn -0.2136 -0.4355 0.8745
vn 0.3636 -0.8977 -0.2489
vn -0.6158 0.7504 0.2403
vn 0.8811 0.4715 0.0367
vn -0.1114 0.9926 0.0493
vn -0.0052 0.9449 -0.3273
vn -0.8091 -0.5719 0.1348
vn -0.9761 -0.2032 -0.0768
vn -0.6266 0.7788 0.0289
vn 0.7835 0.6187 0.0582
vn 0.8351 0.4971 0.2356
vn 0.9862 0.1160 0.1180
vn 0.0402 0.9637 0.2640
vn -0.8090 -0.1092 -0.5776
vn -0.8918 0.3728 0.2565
vn -0.0154 -0.7106 0.7034
vn -0.2574 0.8442 -0.4703
vn 0.1265 0.8897 -0.4387
vn -0.2777 -0.1830 0.9431
vn -0.6719 -0.6937 -0.2596
vn -0.6827 -0.6918 -0.2353
vn -0.9000 -0.2101 -0.3821
vn -0.5169 -0.0824 0.8521
vn -0.9133 0.3842 0.1351
vn -0.9105 0.2604 0.3211
vn 0.7598 -0.1917 0.6213
vn 0.8992 0.4289 0.0858
vn 0.1089 0.9805 0.1635
vn -0.8898 0.4479 -0.0874
vn 0.4522 0.8459 0.2827
vn 0.7175 0.6445 0.2642
vn 0.1193 -0.9896 0.0804
vn -0.4137 -0.0473 0.9092
vn 0.9212 -0.3838 0.0644
vn -0.3459 0.8758 0.3366
vn 0.2502 0.9476 -0.1989
vn -0.8280 -0.5570 -0.0646
vn 0.8059 -0.5263 -0.2712
vn 0.7465 0.4080 0.5256
vn 0.8805 0.4520 0.1429
vn 0.1690 0.4924 0.8538
vn 0.7660 0.5241 0.3723
vn 0.6245 -0.4393 -0.6457
vn 0.7668 0.5602 0.3134
vn -0.5715 0.6001 0.5596
vn 0.5581 -0.0502 -0.8283
vn 0.6627 0.0157 -0.7487
vn 0.6782 0.6989 0.2271
vn -0.0236 -0.9966 0.0795
vn 0.3834 -0.8734 -0.3002
vn 0.7808 -0.5724 -0.2505
vn -0.7516 0.5309 0.3915
vn -0.8661 -0.4118 0.2833
vn 0.5446 -0.3621 0.7565
vn -0.9433 0.2847 -0.1706
vn -0.8640 -0.4810 -0.1486
vn -0.8979 -0.2634 -0.3527
vn -0.8878 0.1751 -0.4256
vn 0.0741 -0.9884 0.1327
vn -0.7887 0.5233 -0.3227
vn 0.3719 0.7800 0.5033
vn 0.4256 -0.8540 -0.2992
vn 0.7221 0.6874 -0.0782
vn -0.5046 -0.1012 0.8574
vn 0.9790 -0.1257 0.1604
vn 0.8087 0.4335 0.3977
vn -0.2253 -0.9607 -0.1619
vn -0.9180 -0.3475 0.1908
vn -0.7195 0.6942 0.0227
vn 0.3950 -0.8644 -0.3110
vn -0.6614 -0.7066 0.2515
vn 0.7298 -0.2134 -0.6495
vn -0.2548 0.9618 -0.1005
vn 0.7191 0.6575 0.2251
vn 0.6723 0.7302 0.1216
vn 0.9759 -0.1766 -0.1281
vn 0.3573 -0.4138 0.8373
vn 0.9238 -0.1847 -0.3354
vn -0.8661 0.4172 0.2752
vn 0.6883 -0.1636 0.7067
vn -0.6401 -0.0703 -0.7651
vn 0.8380 0.2026 0.5066
vn -0.8685 0.3144 0.3832
vn -0.8440 0.0965 0.5275
vn 0.8635 0.3060 0.4009
vn 0.7017 -0.0954 0.7060
vn -0.7799 0.6254 0.0269
vn 0.9855 -0.0815 0.1491
vn -0.5773 0.7747 0.2580
vn -0.8398 -0.1945 -0.5068
vn -0.8390 -0.4183 0.3479
vn 0.6619 0.3352 0.6705
vn -0.8671 0.3774 0.3252
vn -0.1937 -0.5240 -0.8294
vn 0.7118 0.3787 0.5915
vn -0.6503 0.2701 0.7101
vn 0.8664 0.4375 0.2408
vn -0.3854 -0.3565 -0.8511
vn -0.1019 -0.7018 -0.7051
vn 0.3780 0.3979 0.8359
vn -0.9545 0.2202 -0.2011
vn -0.8864 -0.4544 0.0883
vn -0.0297 0.6082 0.7932
vn 0.9854 -0.1666 0.0349
vn 0.6043 0.7965 -0.0196
vn 0.8655 0.4886 -0.1102
vn 0.8462 0.5058 0.1675
vn 0.7057 0.1602 0.6901
vn 0.6965 0.3493 0.6267
vn -0.2539 0.8255 0.5040
vn 0.6409 0.6207 0.4518
vn 0.5242 0.8440 0.1134
vn -0.8577 0.4186 0.2987
vn -0.4978 -0.2781 -0.8215
vn 0.1815 0.9726 0.1455
vn -0.9192 -0.2195 -0.3270
vn 0.1223 -0.6960 -0.7076
vn -0.4328 -0.4708 0.7688
vn -0.8339 0.4296 0.3466
vn 0.8114 -0.0961 0.5766
vn 0.1987 0.1591 0.9671
vn 0.8044 0.0555 0.5915
vn -0.7611 -0.4892 -0.4259
vn 0.2372 0.9248 0.2974
vn -0.9406 0.1671 0.2957
vn 0.7736 0.5930 0.2233
vn 0.6338 0.7294 0.2573
vn 0.1208 -0.9778 -0.1711
vn -0.7390 -0.1451 0.6579
vn 0.1492 0.9084 0.3905
vn -0.7020 -0.4777 0.5282
vn -0.7961 -0.1069 0.5957
vn 0.7919 0.3800 0.4780
vn 0.9869 -0.0834 0.1380
vn 0.9315 -0.2888 0.2211
vn 0.7877 0.5366 0.3027
vn -0.0917 -0.9848 0.1477
vn 0.9791 -0.1861 -0.0818
vn 0.8281 -0.3709 0.4204
vn -0.2851 0.8214 0.4940
vn -0.7057 0.4008 0.5842
vn -0.9121 -0.3463 -0.2192
vn 0.0443 0.3129 0.9488
vn 0.2366 0.6842 0.6899
vn 0.2148 -0.6712 -0.7095
vn -0.0411 -0.9987 0.0291
vn -0.3137 0.8506 0.4219
vn -0.9496 -0.1879 -0.2509
vn 0.7450 0.6454 0.1684
vn -0.7361 0.4552 0.5009
vn 0.8692 -0.4590 0.1839
vn -0.8231 -0.5633 -0.0721
vn -0.3452 0.2658 0.9001
vn 0.5105 -0.8538 0.1027
vn -0.7935 -0.3515 -0.4968
vn -0.5661 0.6349 0.5258
vn 0.3169 -0.9392 0.1319
vn -0.8440 -0.1471 -0.5157
vn -0.9853 -0.0999 -0.1382
vn 0.7052 0.5565 0.4393
vn -0.3690 -0.8523 -0.3708
vn 0.7963 -0.4569 -0.3965
vn 0.7740 0.5294 0.3474
vn 0.6675 0.4377 0.6024
vn -0.2627 -0.2497 0.9320
vn -0.6369 0.3070 0.7072
vn -0.8635 0.1356 0.4858
vn -0.4523 0.2927 0.8425
vn -0.9014 -0.0441 0.4307
vn -0.7103 0.1492 -0.6879
vn -0.0899 0.3211 0.9428
vn -0.8951 0.3017 0.3282
vn -0.8580 -0.2706 0.4366
vn -0.5905 0.3046 0.7474
vn -0.6901 0.5983 0.4072
vn -0.8590 -0.4686 0.2064
vn 0.0831 -0.2304 0.9695
vn 0.9231 0.0657 0.3788
vn 0.0821 -0.6950 -0.7143
vn 0.9147 -0.3648 0.1738
vn -0.7790 0.4703 0.4147
vn -0.1796 -0.4035 0.8972
vn -0.4524 0.3110 0.8358
vn 0.5651 -0.7372 0.3704
vn 0.6523 0.1163 0.7489
vn 0.1979 0.8256 0.5284
vn -0.2829 -0.9503 -0.1298
vn 0.1636 0.8288 0.5351
vn -0.4143 0.3457 0.8420
vn -0.5729 -0.7473 0.3367
vn 0.6094 0.4127 0.6770
vn 0.8662 -0.0392 0.4982
vn 0.2063 0.3021 0.9307
vn -0.0757 0.4996 0.8629
vn 0.0317 -0.0450 0.9985
vn -0.1531 0.6797 0.7173
vn 0.5250 0.7361 0.4272
vn 0.4107 0.5616 0.7183
vn 0.6933 -0.7169 0.0731
vn 0.3322 0.4059 0.8514
vn -0.8861 0.4015 0.2316
vn 0.6434 0.0225 0.7652
vn -0.2060 -0.4763 0.8548
vn -0.9936 -0.1122 -0.0103
vn -0.8719 0.2854 -0.3980
vn -0.8848 0.4130 0.2158
vn -0.7008 -0.5421 -0.4637
vn 0.2823 0.5573 0.7809
vn -0.0988 -0.9935 0.0566
vn 0.5410 0.5042 0.6732
vn -0.4193 0.3270 0.8469
vn 0.1598 0.1423 0.9768
vn 0.2979 0.3920 0.8704
vn -0.9819 -0.1281 -0.1393
vn 0.2169 0.3404 0.9149
vn 0.6291 0.5487 0.5507
vn -0.2056 -0.3395 0.9179
vn -0.1963 -0.1724 0.9653
vn 0.7199 -0.0654 0.6910
vn -0.4198 0.6665 0.6161
vn 0.5660 0.2291 0.7919
vn 0.1997 -0.9792 0.0362
vn -0.9055 -0.3100 0.2898
vn 0.5949 -0.0228 0.8035
vn -0.0784 -0.5379 -0.8394
vn -0.1634 0.5679 0.8067
vn 0.7564 -0.6322 0.1678
vn -0.8072 0.4673 0.3607
vn 0.5059 0.4859 0.7127
vn -0.7695 -0.6339 -0.0779
vn -0.9773 0.1901 0.0933
vn -0.7748 0.5976 0.2063
vn -0.2939 -0.0117 0.9558
vn 0.6723 -0.1288 0.7290
vn 0.5286 0.4166 0.7396
vn 0.0498 0.6267 0.7777
vn -0.0381 0.2872 0.9571
vn -0.0419 -0.2830 -0.9582
vn 0.3032 -0.4384 -0.8461
vn 0.3691 0.2235 0.9021
vn -0.7904 -0.4412 0.4249
vn 0.3073 0.2905 0.9062
vn -0.0693 0.1064 0.9919
vn -0.4065 0.0572 0.9118
vn -0.6316 0.1968 0.7499
vn 0.1198 -0.9921 -0.0382
vn -0.2316 -0.9717 0.0455
vn 0.5986 0.7529 0.2735
vn 0.0549 0.9229 0.3812
vn -0.9473 0.3180 0.0380
vn -0.9677 0.2467 -0.0513
vn -0.4555 -0.8344 0.3104
vn -0.1717 0.3511 0.9205
vn -0.9545 0.0474 0.2945
vn -0.9669 -0.2434 0.0767
vn 0.9384 -0.1215 0.3235
vn 0.6339 0.6387 0.4362
vn 0.1470 0.1806 0.9725
vn 0.0351 0.2693 0.9624
vn 0.5746 -0.7941 0.1981
vn 0.5212 0.1510 0.8399
vn -0.0066 0.1682 0.9857
vn -0.2346 0.0369 0.9714
vn -0.0692 0.0754 0.9947
vn -0.6724 -0.0778 0.7361
vn 0.8289 -0.4312 0.3563
vn 0.3940 0.3751 0.8391
vn -0.8367 -0.1228 0.5336
vn 0.6274 0.5800 0.5196
vn 0.7393 0.1509 0.6563
vn 0.5012 0.2091 0.8397
vn 0.8793 -0.1880 0.4376
vn 0.7730 -0.0267 0.6339
vn 0.2801 -0.0001 0.9600
vn 0.2683 0.2900 0.9186
vn 0.5128 0.6346 0.5782
vn 0.1970 0.3113 0.9297
vn -0.0240 -0.1602 0.9868
vn 0.1935 0.3296 0.9241
vn 0.2435 0.0120 0.9698
vn 0.7289 0.0368 0.6836
vn -0.8465 -0.2788 0.4536
vn 0.8129 0.5670 -0.1333
vn 0.1864 0.9220 0.3393
vn 0.3904 0.4650 0.7946
vn -0.7468 0.3814 0.5448
vn -0.4631 0.3828 0.7994
vn 0.1756 0.4354 0.8830
vn 0.6262 0.6962 0.3509
vn 0.9116 0.3158 0.2632
vn -0.8411 0.5406 0.0147
vn 0.0886 0.4968 0.8634
vn 0.6220 0.0016 0.7830
vn -0.8380 0.2550 0.4824
vn 0.0627 0.9858 -0.1554
vn -0.6596 -0.2698 0.7015
vn 0.7018 0.5268 0.4795
vn 0.4147 0.5376 0.7342
vn 0.1019 0.4710 0.8762
vn -0.4646 -0.8823 -0.0749
vn 0.9647 -0.2333 0.1218
vn -0.4176 -0.3631 0.8330
vn 0.4191 0.3194 0.8499
vn 0.1645 0.3747 0.9124
vn 0.8239 0.5667 0.0109
vn -0.7934 0.6086 0.0096
vn -0.8613 0.5078 -0.0179
vn 0.8631 0.5043 0.0265
vn 0.1343 0.6121 0.7793
vn 0.3050 -0.9293 0.2082
vn -0.8837 0.0361 0.4666
vn -0.1292 0.8765 0.4638
vn -0.0430 0.9174 0.3956
vn -0.2433 0.6652 0.7060
vn -0.8834 0.4049 0.2360
vn 0.2236 0.8484 0.4799
vn 0.4805 0.6212 0.6191
vn 0.2431 0.8501 0.4672
vn -0.1067 0.7651 0.6350
vn -0.0186 0.9978 -0.0631
vn -0.7752 -0.3370 0.5343
vn 0.9333 0.1185 0.3390
vn 0.5047 0.6567 0.5604
vn -0.6621 0.6915 0.2889
vn -0.4875 -0.8673 0.1006
vn 0.6615 0.2828 0.6946
vn -0.8468 0.5265 -0.0755
vn 0.6463 0.2851 0.7078
vn 0.2500 -0.9545 0.1626
vn 0.8924 0.2767 0.3565
vn -0.5219 0.0548 0.8512
vn 0.9775 0.1788 0.1123
vn 0.9038 0.1212 0.4105
vn -0.2107 0.4238 0.8809
vn 0.1065 0.7045 0.7016
vn -0.0836 0.2611 0.9617
vn -0.4157 -0.8799 0.2304
vn -0.3140 -0.9478 -0.0556
vn 0.4397 0.8967 0.0512
vn 0.5705 0.5559 0.6046
vn 0.9566 -0.1474 0.2513
vn 0.1314 -0.9207 0.3674
vn 0.2045 0.4626 0.8627
vn -0.4063 -0.8970 0.1740
vn 0.9962 0.0090 -0.0868
vn 0.5520 -0.8338 -0.0036
vn 0.2279 0.7270 0.6478
vn 0.1255 0.6995 0.7035
vn -0.8732 -0.1251 0.4710
vn 0.8592 -0.1384 0.4925
vn -0.9009 -0.4122 -0.1360
vn 0.1080 0.7981 0.5928
vn -0.3836 -0.9213 -0.0632
vn 0.6225 0.7503 0.2224
vn 0.2971 0.5489 0.7813
vn 0.9657 0.1867 0.1806
vn 0.9893 -0.0523 0.1361
vn 0.4732 -0.8761 0.0923
vn -0.0344 0.5315 0.8464
vn 0.9954 0.0845 -0.0460
vn -0.0234 0.9078 0.4188
vn -0.2385 -0.4727 0.8483
vn -0.8873 -0.4087 -0.2138
vn 0.9123 0.2554 0.3202
vn -0.4124 -0.2211 0.8838
vn 0.0818 -0.9752 0.2057
vn -0.0726 -0.9175 0.3910
vn -0.1749 0.2343 0.9563
vn 0.6250 0.6559 0.4233
vn -0.2432 0.6388 0.7299
vn 0.9430 0.3298 -0.0439
vn -0.0950 0.9910 -0.0941
vn 0.3922 0.5251 0.7553
vn 0.2006 0.9248 -0.3233
vn -0.7519 0.6593 0.0036
vn 0.9451 -0.1181 0.3047
vn 0.3607 -0.9305 0.0633
vn -0.7216 -0.6344 -0.2772
vn -0.8925 0.1333 0.4309
vn -0.8700 0.1854 0.4568
vn -0.7268 0.6859 0.0367
vn 0.6994 0.2905 0.6531
vn -0.2741 0.6637 0.6960
vn 0.8490 0.3923 -0.3540
vn -0.1975 -0.7760 0.5990
vn -0.2514 0.9644 -0.0821
vn -0.6865 0.6922 0.2225
vn -0.5415 0.8208 0.1818
vn -0.7929 0.5211 0.3158
vn -0.9625 0.2712 -0.0095
vn -0.6466 -0.1076 0.7552
vn 0.8925 0.1827 -0.4124
vn 0.9405 0.3367 0.0456
vn -0.3617 0.5438 0.7573
vn -0.0624 0.5465 0.8351
vn 0.8712 0.2095 -0.4440
vn 0.3015 -0.1339 0.9440
vn 0.5092 0.8265 0.2402
vn -0.0131 0.4054 0.9141
vn -0.0650 -0.9978 0.0124
vn -0.1681 0.9858 -0.0027
vn 0.2452 0.9686 -0.0406
vn -0.4094 -0.1058 0.9062
vn -0.8735 -0.4862 0.0255
vn -0.7213 -0.0165 0.6924
vn -0.4375 0.2400 0.8666
vn 0.0524 0.7278 0.6838
vn -0.7097 0.2515 0.6581
vn -0.0095 -0.1691 0.9856
vn 0.6428 0.7608 -0.0892
vn 0.0230 0.8583 0.5127
vn -0.9147 0.1079 0.3895
vn 0.5407 0.8401 0.0423
vn 0.8025 -0.3190 -0.5043
vn -0.6583 0.6547 0.3715
vn 0.9318 0.3293 0.1526
vn 0.5421 0.8349 -0.0954
vn 0.9652 0.2500 0.0768
vn 0.8555 -0.1351 0.4998
vn 0.0163 0.4697 0.8827
vn 0.6418 -0.7157 -0.2753
vn -0.8249 0.4825 0.2944
vn -0.9015 -0.2282 0.3678
vn 0.7846 0.5488 0.2886
vn -0.0464 0.9602 0.2754
vn 0.4836 -0.7111 0.5103
vn 0.0916 0.9012 0.4236
vn 0.8813 0.2952 -0.3690
vn 0.8499 0.3487 -0.3950
vn -0.6567 -0.7533 -0.0350
vn -0.4355 0.7340 0.5211
vn -0.8427 0.3474 0.4114
vn -0.9492 0.3125 0.0369
vn -0.5012 0.7875 0.3587
vn -0.8104 -0.3375 0.4789
vn 0.4123 -0.9031 0.1201
vn -0.9994 0.0353 -0.0064
vn -0.3660 0.8530 0.3722
vn -0.8168 0.1319 0.5616
vn 0.9608 0.1380 -0.2403
vn 0.3695 0.8699 0.3267
vn 0.4447 0.8917 0.0841
vn 0.1975 0.9192 0.3407
vn -0.1351 0.8343 0.5345
vn -0.6591 0.3405 0.6705
vn -0.8940 -0.3109 0.3227
vn -0.5402 0.7890 0.2925
vn -0.2379 0.8696 0.4327
vn 0.0724 0.9798 0.1866
vn 0.8212 0.5649 0.0809
vn -0.7227 0.4954 0.4820
vn -0.5355 0.7927 0.2913
vn -0.3575 -0.9000 0.2495
vn -0.2261 0.8893 0.3976
vn 0.7637 -0.5499 0.3380
vn 0.0690 0.9739 0.2164
vn -0.9701 -0.0471 0.2381
vn 0.3093 0.8865 0.3443
vn -0.7196 0.6349 0.2812
vn 0.5224 0.5589 0.6440
vn -0.5820 -0.7670 0.2703
vn -0.6713 0.6852 0.2825
vn 0.9187 0.2849 0.2737
vn -0.0302 0.6329 0.7736
vn 0.0898 -0.9030 0.4201
vn -0.7759 0.2617 0.5740
vn -0.2743 0.7632 0.5850
vn -0.6704 -0.5397 0.5091
vn 0.4461 0.7739 0.4495
vn 0.6531 -0.1355 0.7451
vn -0.7199 0.2030 0.6637
vn 0.4451 0.5946 0.6696
vn 0.3867 -0.7648 0.5153
vn 0.4460 -0.0631 0.8928
vn -0.7301 0.4571 0.5079
vn -0.4466 0.8122 0.3753
vn -0.5424 -0.3729 0.7528
vn -0.1925 -0.7191 0.6678
vn -0.2891 0.1545 0.9448
vn 0.5079 -0.1634 0.8458
vn -0.2078 0.2195 0.9532
vt 0.086635 0.335752
vt 0.101421 0.246569
vt 0.123590 0.243459
vt 0.140005 0.320987
vt 0.137026 0.269810
vt 0.153268 0.295222
vt 0.106720 0.218227
vt 0.100965 0.351570
vt 0.076818 0.280726
vt 0.133634 0.370837
vt 0.137985 0.336980
vt 0.167294 0.386967
vt 0.170825 0.324677
vt 0.072157 0.349596
vt 0.067532 0.326520
vt 0.135854 0.237441
vt 0.140394 0.408149
vt 0.169160 0.396597
vt 0.180893 0.333927
vt 0.169075 0.305794
vt 0.071035 0.309950
vt 0.118354 0.411559
vt 0.121893 0.397208
vt 0.083320 0.222553
vt 0.124920 0.184522
vt 0.140245 0.211412
vt 0.239612 0.528537
vt 0.238526 0.549251
vt 0.227662 0.569077
vt 0.191615 0.318394
vt 0.193367 0.311299
vt 0.159162 0.425877
vt 0.188157 0.391921
vt 0.155981 0.267830
vt 0.203286 0.376872
vt 0.044735 0.293782
vt 0.066711 0.412324
vt 0.062887 0.354570
vt 0.070296 0.250042
vt 0.082736 0.168459
vt 0.148832 0.215584
vt 0.129171 0.165809
vt 0.205643 0.355322
vt 0.164244 0.245314
vt 0.047281 0.244028
vt 0.508123 0.791707
vt 0.510070 0.785774
vt 0.517889 0.789497
vt 0.848225 0.551841
vt 0.848225 0.594854
vt 0.843858 0.574968
vt 0.072797 0.420163
vt 0.183516 0.295135
vt 0.023743 0.541610
vt 0.029055 0.589451
vt 0.000000 0.549779
vt 0.955005 0.369016
vt 0.956759 0.407099
vt 0.925372 0.376300
vt 0.198816 0.403531
vt 0.205682 0.387312
vt 0.485689 0.861561
vt 0.481046 0.849295
vt 0.500082 0.866386
vt 0.044657 0.322007
vt 0.138834 0.170751
vt 0.255282 0.502426
vt 0.516414 0.781859
vt 0.223865 0.364103
vt 0.120724 0.151283
vt 0.492123 0.844339
vt 0.038846 0.327937
vt 0.197881 0.304485
vt 0.040871 0.199903
vt 0.176584 0.261110
vt 0.005362 0.519302
vt 0.037912 0.521084
vt 0.065849 0.152006
vt 0.155363 0.118025
vt 0.103325 0.133257
vt 0.115214 0.129432
vt 0.045601 0.411655
vt 0.536970 0.776382
vt 0.037862 0.365199
vt 0.019224 0.224803
vt 0.031054 0.361114
vt 0.189058 0.285819
vt 0.935861 0.355970
vt 0.422905 0.960018
vt 0.423733 0.950808
vt 0.435193 0.980643
vt 0.538767 0.684600
vt 0.576090 0.652687
vt 0.562249 0.684990
vt 0.033176 0.497888
vt 0.051092 0.424801
vt 0.199355 0.324414
vt 0.189146 0.318940
vt 0.023188 0.272717
vt 0.094392 0.129741
vt 0.524235 0.769792
vt 0.535876 0.736932
vt 0.534775 0.764608
vt 0.539928 0.718518
vt 0.216476 0.387688
vt 0.476256 0.828494
vt 0.215648 0.323019
vt 0.435193 0.947028
vt 0.485709 0.828883
vt 0.154261 0.104312
vt 0.223190 0.336088
vt 0.448721 0.943993
vt 0.452537 0.980197
vt 0.448721 0.992248
vt 0.544431 0.639115
vt 0.579761 0.600261
vt 0.033866 0.176426
vt 0.040726 0.575554
vt 0.254619 0.472037
vt 0.245094 0.474807
vt 0.356955 0.012195
vt 0.350672 0.014514
vt 0.341879 0.002749
vt 0.492668 0.540273
vt 0.496501 0.521850
vt 0.504077 0.508720
vt 0.233732 0.357904
vt 0.230506 0.364040
vt 0.333856 0.007071
vt 0.495394 0.593055
vt 0.493337 0.561387
vt 0.503567 0.544565
vt 0.508123 0.476787
vt 0.481409 0.454137
vt 0.053005 0.501963
vt 0.941154 0.327171
vt 0.040290 0.154160
vt 0.045853 0.478011
vt 0.423845 0.943993
vt 0.301761 0.000000
vt 0.332370 0.032243
vt 0.063165 0.128298
vt 0.708305 0.987735
vt 0.703308 0.996492
vt 0.703308 0.976064
vt 0.081304 0.472048
vt 0.483000 0.541344
vt 0.562332 0.715752
vt 0.227037 0.368849
vt 0.559175 0.740984
vt 0.956759 0.325099
vt 0.462351 0.466647
vt 0.564433 0.705089
vt 0.471352 0.408142
vt 0.467725 0.443200
vt 0.089689 0.097265
vt 0.283987 0.020122
vt 0.291490 0.010700
vt 0.293849 0.025870
vt 0.036730 0.425877
vt 0.349807 0.039470
vt 0.481950 0.548084
vt 0.048528 0.625219
vt 0.920821 0.344767
vt 0.250590 0.449524
vt 0.012528 0.170745
vt 0.475487 0.510284
vt 0.007966 0.201739
vt 0.026241 0.608322
vt 0.080105 0.101314
vt 0.086391 0.519792
vt 0.485802 0.587676
vt 0.105109 0.102863
vt 0.263618 0.049750
vt 0.269082 0.017617
vt 0.170245 0.168018
vt 0.167713 0.146579
vt 0.002159 0.220613
vt 0.057519 0.626824
vt 0.000630 0.189726
vt 0.316659 0.022434
vt 0.466197 0.531337
vt 0.117714 0.089534
vt 0.289220 0.037997
vt 0.771845 0.824738
vt 0.786652 0.823630
vt 0.767958 0.848047
vt 0.364471 0.043154
vt 0.462682 0.383830
vt 0.457725 0.401140
vt 0.451281 0.371786
vt 0.489004 0.605179
vt 0.492727 0.797316
vt 0.573695 0.770470
vt 0.021717 0.140307
vt 0.035414 0.132725
vt 0.471618 0.614393
vt 0.497067 0.610614
vt 0.493087 0.627128
vt 0.146835 0.099633
vt 0.278023 0.049340
vt 0.471722 0.566778
vt 0.467242 0.559080
vt 0.576436 0.776528
vt 0.584253 0.737655
vt 0.456992 0.431624
vt 0.427366 0.387609
vt 0.595032 0.675677
vt 0.043239 0.105468
vt 0.062970 0.094204
vt 0.082990 0.078064
vt 0.235542 0.439338
vt 0.461996 0.552912
vt 0.012245 0.248924
vt 0.057411 0.652329
vt 0.040935 0.639402
vt 0.000000 0.152889
vt 0.172922 0.114345
vt 0.329404 0.048165
vt 0.077465 0.494180
vt 0.575781 0.721071
vt 0.178417 0.153113
vt 0.033642 0.098365
vt 0.419924 0.361329
vt 0.423699 0.340179
vt 0.053086 0.083943
vt 0.957275 0.074266
vt 0.951277 0.101836
vt 0.936485 0.075913
vt 0.000000 0.850731
vt 0.008689 0.827532
vt 0.032669 0.834017
vt 0.469449 0.606313
vt 0.469091 0.580900
vt 0.440842 0.518172
vt 0.179556 0.177853
vt 0.053808 0.046707
vt 0.241400 0.425877
vt 0.464268 0.981272
vt 0.452537 0.975937
vt 0.464268 0.956817
vt 0.479978 0.787420
vt 0.449247 0.473098
vt 0.743156 0.855198
vt 0.753579 0.889573
vt 0.457762 0.540587
vt 0.453293 0.507389
vt 0.449666 0.456531
vt 0.583040 0.688879
vt 0.643398 0.955949
vt 0.643398 0.919902
vt 0.645645 0.935122
vt 0.542650 0.007950
vt 0.557590 0.002824
vt 0.573880 0.029830
vt 0.109924 0.556285
vt 0.477670 0.632161
vt 0.924573 0.065217
vt 0.199911 0.149549
vt 0.088955 0.074642
vt 0.068536 0.642437
vt 0.293395 0.050327
vt 0.443082 0.494913
vt 0.064993 0.994019
vt 0.056968 0.980962
vt 0.064993 0.972145
vt 0.106240 0.510662
vt 0.439536 0.446650
vt 0.783632 0.855382
vt 0.075160 0.051244
vt 0.289353 0.055725
vt 0.459942 0.949608
vt 0.188026 0.186243
vt 0.205789 0.169905
vt 0.193429 0.126211
vt 0.525768 0.017321
vt 0.975242 0.844619
vt 0.975926 0.818668
vt 0.986150 0.802713
vt 0.092731 0.052316
vt 0.777605 0.866924
vt 0.101105 0.469727
vt 0.457985 0.608613
vt 0.456900 0.570927
vt 0.455372 0.943993
vt 0.354280 0.051774
vt 0.428796 0.460283
vt 0.227913 0.184342
vt 0.737705 0.857180
vt 0.741947 0.892453
vt 0.923804 0.093533
vt 0.605396 0.688802
vt 0.414124 0.422649
vt 0.220418 0.165493
vt 0.975242 0.795541
vt 0.645645 0.945948
vt 0.659831 0.943148
vt 0.650461 0.983857
vt 0.653803 0.929989
vt 0.172732 0.187069
vt 0.015655 0.822378
vt 0.265480 0.067322
vt 0.227662 0.426622
vt 0.645645 0.920941
vt 0.445201 0.540545
vt 0.600635 0.681368
vt 0.957795 0.474342
vt 0.958075 0.439866
vt 0.969026 0.453317
vt 0.207918 0.927793
vt 0.207918 0.937612
vt 0.205408 0.930146
vt 0.654224 0.919902
vt 0.028763 0.021656
vt 0.085809 0.643002
vt 0.462740 0.606124
vt 0.335511 0.052299
vt 0.364694 0.065038
vt 0.233471 0.203694
vt 0.467523 0.649898
vt 0.455364 0.634178
vt 0.466131 0.609487
vt 0.346892 0.049307
vt 0.347784 0.059330
vt 0.211402 0.140714
vt 0.040072 0.813124
vt 0.080351 0.662288
vt 0.368491 0.063168
vt 0.435218 0.528049
vt 0.593174 0.767011
vt 0.424115 0.440859
vt 0.204792 0.218489
vt 0.534302 0.043675
vt 0.507416 0.029533
vt 0.012222 0.028573
vt 0.050135 0.010825
vt 0.446551 0.617206
vt 0.357507 0.056223
vt 0.500082 0.778278
vt 0.941586 0.126271
vt 0.506961 0.813585
vt 0.500082 0.810389
vt 0.507563 0.809818
vt 0.444993 0.562644
vt 0.595528 0.774842
vt 0.956425 0.974403
vt 0.965050 0.954054
vt 0.972821 0.949075
vt 0.418796 0.485121
vt 0.609178 0.721299
vt 0.969428 0.940941
vt 0.101692 0.494487
vt 0.480634 0.025972
vt 0.509209 0.037659
vt 0.758859 0.895206
vt 0.309959 0.066591
vt 0.789631 0.872333
vt 0.786652 0.831328
vt 0.789631 0.823630
vt 0.968974 0.436823
vt 0.369157 0.067533
vt 0.425176 0.472573
vt 0.247130 0.187675
vt 0.452446 0.040630
vt 0.413413 0.413957
vt 0.957275 0.125619
vt 0.783944 0.873084
vt 0.682544 0.985931
vt 0.676137 0.985847
vt 0.684251 0.971085
vt 0.673910 0.971085
vt 0.406956 0.369864
vt 0.998435 0.245637
vt 0.992242 0.222424
vt 0.998435 0.219952
vt 0.064301 0.808393
vt 0.103954 0.793948
vt 0.087620 0.030875
vt 0.286740 0.112704
vt 0.500082 0.776978
vt 0.485373 0.769380
vt 0.498507 0.769673
vt 0.231641 0.227478
vt 0.029025 0.812746
vt 0.982040 0.782054
vt 0.299172 0.079525
vt 0.503842 0.763012
vt 0.622835 0.730750
vt 0.956425 0.935730
vt 0.608934 0.686168
vt 0.424245 0.520817
vt 0.996051 0.031307
vt 0.986524 0.012449
vt 0.996051 0.000000
vt 0.779334 0.884894
vt 0.743136 0.427955
vt 0.731038 0.432602
vt 0.743825 0.420425
vt 0.263618 0.194332
vt 0.746934 0.902682
vt 0.012348 0.820956
vt 0.026950 0.808519
vt 0.064386 0.004354
vt 0.561623 0.043887
vt 0.740372 0.415256
vt 0.077712 0.003779
vt 0.106009 0.021413
vt 0.426895 0.547781
vt 0.447425 0.576833
vt 0.372305 0.071778
vt 0.505527 0.050190
vt 0.154108 0.465725
vt 0.126260 0.482970
vt 0.440025 0.604432
vt 0.751878 0.287624
vt 0.774991 0.291646
vt 0.776995 0.318915
vt 0.420864 0.544540
vt 0.373462 0.069752
vt 0.262150 0.209808
vt 0.015240 0.814122
vt 0.721769 0.921207
vt 0.721945 0.933100
vt 0.708305 0.934100
vt 0.677691 0.991649
vt 0.991605 0.396415
vt 0.991605 0.364456
vt 0.997603 0.380627
vt 0.253516 0.220623
vt 0.411866 0.431339
vt 0.943704 0.973536
vt 0.950361 0.982316
vt 0.943704 0.994787
vt 0.974945 0.417800
vt 0.045080 0.000000
vt 0.116292 0.625887
vt 0.432987 0.560185
vt 0.573880 0.325099
vt 0.573880 0.321455
vt 0.576084 0.321685
vt 0.217332 0.231677
vt 0.406877 0.452309
vt 0.013243 0.973209
vt 0.013243 0.996978
vt 0.007078 0.993976
vt 0.957795 0.417396
vt 0.066202 0.799574
vt 0.425640 0.613012
vt 0.728789 0.923754
vt 0.725241 0.917930
vt 0.319177 0.981026
vt 0.329727 0.963499
vt 0.336171 0.964261
vt 0.336794 0.950343
vt 0.450680 0.655063
vt 0.430079 0.650210
vt 0.432040 0.574415
vt 0.260212 0.228233
vt 0.409098 0.343267
vt 0.974203 0.440628
vt 0.610052 0.754361
vt 0.751257 0.439149
vt 0.736838 0.439326
vt 0.426497 0.529218
vt 0.496140 0.763012
vt 0.427108 0.045873
vt 0.441609 0.048000
vt 0.428527 0.049721
vt 0.451450 0.055838
vt 0.401827 0.445674
vt 0.786363 0.573925
vt 0.780608 0.560001
vt 0.789251 0.551841
vt 0.758589 0.420470
vt 0.057079 0.793972
vt 0.596371 0.937427
vt 0.591040 0.946745
vt 0.588245 0.919902
vt 0.006188 0.932132
vt 0.010861 0.926310
vt 0.033649 0.937740
vt 0.389323 0.473570
vt 0.996418 0.643209
vt 0.996418 0.673729
vt 0.988812 0.650060
vt 0.985013 0.759860
vt 0.776995 0.264403
vt 0.604930 0.781016
vt 0.611756 0.779380
vt 0.047400 0.917346
vt 0.047754 0.928153
vt 0.411105 0.056671
vt 0.036074 0.988955
vt 0.037006 0.977459
vt 0.038374 0.993759
vt 0.364256 0.839263
vt 0.357855 0.849185
vt 0.357107 0.833417
vt 0.350907 0.826657
vt 0.329527 0.953040
vt 0.015058 0.015453
vt 0.779911 0.919121
vt 0.771823 0.965218
vt 0.775136 0.927747
vt 0.472388 0.054770
vt 0.113000 0.545855
vt 0.327268 0.083039
vt 0.424354 0.555393
vt 0.723856 0.955018
vt 0.622126 0.770946
vt 0.770101 0.903994
vt 0.416231 0.596877
vt 0.967640 0.320018
vt 0.967639 0.308289
vt 0.978092 0.305982
vt 0.399396 0.411163
vt 0.745318 0.915983
vt 0.697562 0.325014
vt 0.697877 0.304204
vt 0.714977 0.317279
vt 0.148255 0.716127
vt 0.152564 0.720778
vt 0.136922 0.735771
vt 0.402944 0.515493
vt 0.784139 0.969564
vt 0.067392 0.779976
vt 0.718914 0.298749
vt 0.761247 0.969564
vt 0.507708 0.721527
vt 0.507708 0.761663
vt 0.502662 0.744349
vt 0.038374 0.966317
vt 0.511640 0.060197
vt 0.319177 0.912489
vt 0.336658 0.072022
vt 0.387747 0.501503
vt 0.030883 0.922420
vt 0.425931 0.570328
vt 0.374840 0.389183
vt 0.530445 0.063001
vt 0.959165 0.396766
vt 0.077429 0.788313
vt 0.133921 0.523813
vt 0.416367 0.549181
vt 0.704709 0.290795
vt 0.708305 0.954105
vt 0.703449 0.976064
vt 0.697008 0.954500
vt 0.414663 0.065062
vt 0.437548 0.056865
vt 0.371688 0.872432
vt 0.381398 0.873382
vt 0.385420 0.853270
vt 0.771120 0.567239
vt 0.482968 0.058087
vt 0.957795 0.412494
vt 0.947964 0.422968
vt 0.940871 0.407099
vt 0.338512 0.850477
vt 0.337713 0.868394
vt 0.317284 0.860411
vt 0.322547 0.878758
vt 0.117323 0.641494
vt 0.106435 0.652418
vt 0.000000 0.922619
vt 0.955082 0.324630
vt 0.356029 0.857522
vt 0.380253 0.845983
vt 0.409746 0.438198
vt 0.763458 0.919121
vt 0.766981 0.439894
vt 0.728789 0.979184
vt 0.599821 0.947688
vt 0.409419 0.533089
vt 0.505988 0.864597
vt 0.507973 0.859201
vt 0.507973 0.876117
vt 0.992956 0.323308
vt 0.992956 0.291878
vt 0.997362 0.298207
vt 0.630749 0.681941
vt 0.786560 0.898941
vt 0.769005 0.427682
vt 0.749837 0.398637
vt 0.775964 0.400565
vt 0.748335 0.372089
vt 0.741539 0.347446
vt 0.752201 0.359009
vt 0.325061 0.840856
vt 0.303455 0.844791
vt 0.122525 0.559102
vt 0.422326 0.573855
vt 0.659982 0.894063
vt 0.662094 0.916195
vt 0.659982 0.936319
vt 0.033383 0.913541
vt 0.389028 0.496264
vt 0.566161 0.049630
vt 0.309132 0.825929
vt 0.362935 0.089429
vt 0.363094 0.099948
vt 0.762509 0.571655
vt 0.482755 0.076708
vt 0.550631 0.058158
vt 0.569764 0.064340
vt 0.978889 0.590616
vt 0.989548 0.561379
vt 0.989548 0.600261
vt 0.338512 0.902736
vt 0.323081 0.898374
vt 0.162192 0.454091
vt 0.125381 0.454197
vt 0.420800 0.564511
vt 0.594475 0.964016
vt 0.985184 0.527120
vt 0.994258 0.544726
vt 0.985184 0.561294
vt 0.617766 0.780551
vt 0.042053 0.917227
vt 0.642063 0.710380
vt 0.392365 0.453549
vt 0.406653 0.445623
vt 0.407589 0.465706
vt 0.391733 0.458792
vt 0.617736 0.320803
vt 0.600670 0.311907
vt 0.617984 0.310401
vt 0.292715 0.956413
vt 0.280134 0.979980
vt 0.281625 0.953669
vt 0.141716 0.747188
vt 0.506644 0.069024
vt 0.786652 0.910134
vt 0.606493 0.294993
vt 0.988935 0.189574
vt 0.976725 0.186696
vt 0.987172 0.153623
vt 0.380059 0.624801
vt 0.297160 0.114546
vt 0.326696 0.113767
vt 0.350750 0.103248
vt 0.390594 0.538417
vt 0.723744 0.279680
vt 0.159127 0.722876
vt 0.162094 0.741727
vt 0.639289 0.734561
vt 0.446066 0.061336
vt 0.340541 0.825929
vt 0.769068 0.382148
vt 0.282337 0.943562
vt 0.588245 0.981646
vt 0.623078 0.783704
vt 0.368523 0.887145
vt 0.390227 0.854062
vt 0.589461 0.328139
vt 0.609898 0.325099
vt 0.611916 0.339662
vt 0.079078 0.782444
vt 0.115489 0.789494
vt 0.138381 0.617130
vt 0.947681 0.297724
vt 0.951806 0.289866
vt 0.349112 0.866812
vt 0.766460 0.968735
vt 0.465745 0.080019
vt 0.617984 0.264403
vt 0.400625 0.543191
vt 0.262609 0.475160
vt 0.262609 0.468190
vt 0.262871 0.473090
vt 0.165853 0.724428
vt 0.045343 0.909069
vt 0.947502 0.320509
vt 0.462732 0.074026
vt 0.588303 0.339662
vt 0.118274 0.772279
vt 0.988935 0.132392
vt 0.275504 0.957670
vt 0.236622 0.876854
vt 0.219862 0.893445
vt 0.208429 0.888549
vt 0.605956 0.960945
vt 0.732102 0.318657
vt 0.734192 0.322771
vt 0.732102 0.323078
vt 0.586674 0.940722
vt 0.586674 0.933930
vt 0.588122 0.935719
vt 0.110555 0.934439
vt 0.110221 0.937353
vt 0.108209 0.938778
vt 0.378526 0.895984
vt 0.119446 0.993104
vt 0.119446 0.971222
vt 0.128228 0.981943
vt 0.441952 0.068659
vt 0.547538 0.346842
vt 0.544402 0.340610
vt 0.564744 0.331065
vt 0.957795 0.456096
vt 0.263618 0.943109
vt 0.916230 0.919527
vt 0.917604 0.917716
vt 0.917168 0.929539
vt 0.587582 0.942434
vt 0.112109 0.929157
vt 0.588009 0.930052
vt 0.392239 0.889779
vt 0.530049 0.365370
vt 0.773530 0.417355
vt 0.768789 0.375489
vt 0.917604 0.940968
vt 0.915768 0.929992
vt 0.939862 0.253703
vt 0.943847 0.253298
vt 0.944323 0.255205
vt 0.768821 0.684207
vt 0.769870 0.677880
vt 0.789787 0.687555
vt 0.262766 0.460413
vt 0.262766 0.449701
vt 0.263618 0.453688
vt 0.640641 0.772343
vt 0.364138 0.898570
vt 0.395069 0.455569
vt 0.387592 0.457651
vt 0.774807 0.591694
vt 0.555936 0.070269
vt 0.262572 0.444961
vt 0.263618 0.438834
vt 0.263618 0.449701
vt 0.190818 0.713580
vt 0.181755 0.721621
vt 0.182244 0.717068
vt 0.098606 0.918020
vt 0.107705 0.940572
vt 0.106284 0.945054
vt 0.119446 0.779220
vt 0.126222 0.745997
vt 0.361626 0.904631
vt 0.600091 0.855768
vt 0.590864 0.874331
vt 0.588245 0.852779
vt 0.457115 0.073236
vt 0.508849 0.398325
vt 0.528532 0.386679
vt 0.541436 0.398927
vt 0.526236 0.356917
vt 0.507052 0.072786
vt 0.866301 0.958846
vt 0.879022 0.939146
vt 0.879022 0.968234
vt 0.597886 0.345161
vt 0.114976 0.919067
vt 0.944323 0.244864
vt 0.171855 0.721770
vt 0.600861 0.840812
vt 0.595422 0.837825
vt 0.789251 0.595904
vt 0.754834 0.993263
vt 0.761247 0.971668
vt 0.761247 0.997669
vt 0.550127 0.368070
vt 0.106940 0.767676
vt 0.263618 0.980799
vt 0.386100 0.559073
vt 0.708549 0.266006
vt 0.686509 0.937340
vt 0.245458 0.956473
vt 0.262424 0.967630
vt 0.245458 0.980911
vt 0.363842 0.375978
vt 0.925611 0.444711
vt 0.306572 0.860972
vt 0.297198 0.946005
vt 0.292715 0.931179
vt 0.310871 0.939628
vt 0.206669 0.707975
vt 0.210997 0.709198
vt 0.201132 0.710080
vt 0.196257 0.710589
vt 0.202171 0.720992
vt 0.116725 0.908471
vt 0.600252 0.594152
vt 0.585798 0.584605
vt 0.588562 0.580898
vt 0.188590 0.740392
vt 0.644412 0.791707
vt 0.697562 0.264403
vt 0.637931 0.677930
vt 0.559026 0.355083
vt 0.570460 0.358729
vt 0.536010 0.084506
vt 0.593958 0.355581
vt 0.782190 0.432251
vt 0.321806 0.910165
vt 0.996106 0.165570
vt 0.996106 0.132392
vt 0.999333 0.159363
vt 0.038374 0.937740
vt 0.029606 0.966317
vt 0.017141 0.937740
vt 0.109464 0.891513
vt 0.118052 0.902703
vt 0.932452 0.983068
vt 0.927509 0.995132
vt 0.927509 0.976639
vt 0.375631 0.506322
vt 0.037824 0.903854
vt 0.924029 0.308583
vt 0.928633 0.312563
vt 0.910105 0.324630
vt 0.262805 0.562920
vt 0.263142 0.567576
vt 0.255282 0.557563
vt 0.576607 0.335954
vt 0.777347 0.448286
vt 0.584740 0.307205
vt 0.097837 0.757999
vt 0.296117 0.900524
vt 0.956425 0.978492
vt 0.957019 0.974403
vt 0.962143 0.987082
vt 0.910602 0.315733
vt 0.648777 0.681024
vt 0.514896 0.378089
vt 0.867125 0.978598
vt 0.360421 0.342828
vt 0.395689 0.325099
vt 0.602539 0.280532
vt 0.220530 0.725105
vt 0.372397 0.915419
vt 0.395867 0.896418
vt 0.387328 0.911829
vt 0.022345 0.878688
vt 0.387892 0.869086
vt 0.398896 0.890302
vt 0.263142 0.541615
vt 0.384002 0.441226
vt 0.673910 0.990161
vt 0.662635 0.990326
vt 0.662635 0.971085
vt 0.949566 0.260343
vt 0.958933 0.254531
vt 0.956139 0.273865
vt 0.996531 0.824109
vt 0.996531 0.796123
vt 0.999952 0.816541
vt 0.508123 0.378839
vt 0.792235 0.468926
vt 0.930325 0.452874
vt 0.585132 0.295330
vt 0.778354 0.416097
vt 0.145110 0.592766
vt 0.128456 0.594376
vt 0.196126 0.729999
vt 0.577780 0.577376
vt 0.595101 0.879334
vt 0.611378 0.866601
vt 0.377098 0.453516
vt 0.947502 0.277509
vt 0.479409 0.082238
vt 0.543904 0.402416
vt 0.573247 0.381455
vt 0.400461 0.895062
vt 0.338947 0.884474
vt 0.609858 0.838085
vt 0.647724 0.705541
vt 0.068250 0.761626
vt 0.308325 0.956261
vt 0.747481 0.677894
vt 0.759908 0.670611
vt 0.373430 0.480922
vt 0.529774 0.476762
vt 0.517831 0.451809
vt 0.527914 0.428399
vt 0.938377 0.293671
vt 0.621676 0.852110
vt 0.455942 0.091253
vt 0.338512 0.856813
vt 0.760045 0.334404
vt 0.784057 0.326920
vt 0.276454 0.912489
vt 0.574684 0.567446
vt 0.708305 0.923098
vt 0.928661 0.296703
vt 0.205368 0.847637
vt 0.208231 0.876932
vt 0.205368 0.897898
vt 0.534002 0.425994
vt 0.559405 0.436177
vt 0.552357 0.419682
vt 0.805622 0.497461
vt 0.801865 0.500625
vt 0.782519 0.460734
vt 0.155515 0.678416
vt 0.381090 0.092807
vt 0.508123 0.492244
vt 0.365187 0.477099
vt 0.930142 0.287904
vt 0.910105 0.259272
vt 0.915314 0.256992
vt 0.916848 0.262076
vt 0.546906 0.406191
vt 0.555574 0.411170
vt 0.816207 0.531988
vt 0.559286 0.371975
vt 0.578548 0.309098
vt 0.789807 0.421925
vt 0.731889 0.290192
vt 0.732713 0.270252
vt 0.737449 0.275264
vt 0.289394 0.883363
vt 0.247779 0.901989
vt 0.262863 0.898200
vt 0.261732 0.925899
vt 0.996517 0.699246
vt 0.996713 0.697842
vt 0.999858 0.703501
vt 0.008833 0.870607
vt 0.338512 0.897034
vt 0.920911 0.260261
vt 0.561696 0.429970
vt 0.586890 0.432036
vt 0.815271 0.597965
vt 0.809795 0.599812
vt 0.809795 0.592198
vt 0.801966 0.442183
vt 0.972276 0.348743
vt 0.972012 0.334854
vt 0.981290 0.329353
vt 0.059998 0.769055
vt 0.169458 0.484099
vt 0.093988 0.880254
vt 0.391200 0.508231
vt 0.383940 0.507799
vt 0.399492 0.492558
vt 0.578130 0.459434
vt 0.585224 0.444094
vt 0.946577 0.271520
vt 0.946994 0.265750
vt 0.368794 0.423627
vt 0.785257 0.404267
vt 0.769617 0.381527
vt 0.775525 0.382175
vt 0.751878 0.274409
vt 0.740543 0.290329
vt 0.744364 0.265495
vt 0.964647 0.335055
vt 0.965508 0.325099
vt 0.736198 0.264403
vt 0.363412 0.600812
vt 0.523223 0.519334
vt 0.386254 0.500677
vt 0.941328 0.699208
vt 0.939569 0.667265
vt 0.952254 0.697516
vt 0.372294 0.449563
vt 0.927336 0.275604
vt 0.398724 0.983270
vt 0.398724 0.966999
vt 0.400461 0.968226
vt 0.218757 0.854665
vt 0.215863 0.854828
vt 0.220530 0.847637
vt 0.591093 0.426147
vt 0.801862 0.461258
vt 0.786674 0.402228
vt 0.102147 0.963931
vt 0.093988 0.965077
vt 0.101880 0.958035
vt 0.351820 0.121301
vt 0.956425 0.996762
vt 0.689086 0.917930
vt 0.379001 0.501773
vt 0.540989 0.459138
vt 0.539013 0.520933
vt 0.440098 0.094597
vt 0.378065 0.474623
vt 0.386703 0.466552
vt 0.581350 0.452912
vt 0.584154 0.465551
vt 0.259981 0.947364
vt 0.258222 0.939347
vt 0.259193 0.937795
vt 0.263581 0.946349
vt 0.260805 0.954614
vt 0.261569 0.925899
vt 0.263581 0.928613
vt 0.254729 0.934139
vt 0.595965 0.420100
vt 0.158843 0.921202
vt 0.145537 0.914690
vt 0.158326 0.906217
vt 0.152775 0.907258
vt 0.119689 0.910860
vt 0.130913 0.921202
vt 0.749482 0.300602
vt 0.739624 0.300354
vt 0.323989 0.123779
vt 0.375582 0.575049
vt 0.221555 0.863046
vt 0.259843 0.875552
vt 0.592233 0.565278
vt 0.733704 0.588131
vt 0.731038 0.572932
vt 0.752060 0.587316
vt 0.997252 0.690506
vt 0.562556 0.521028
vt 0.505244 0.858151
vt 0.500082 0.859201
vt 0.505942 0.850056
vt 0.938439 0.277957
vt 0.947502 0.277738
vt 0.697562 0.311977
vt 0.697562 0.321152
vt 0.691472 0.315965
vt 0.977177 0.698626
vt 0.980100 0.691784
vt 0.979436 0.702289
vt 0.956759 0.355875
vt 0.111760 0.969928
vt 0.775244 0.367831
vt 0.119446 0.749782
vt 0.319177 0.979226
vt 0.815650 0.588726
vt 0.823675 0.588726
vt 0.821069 0.597830
vt 0.617984 0.312059
vt 0.628686 0.307895
vt 0.628686 0.322420
vt 0.378899 0.481839
vt 0.920479 0.713213
vt 0.922033 0.681271
vt 0.927106 0.704505
vt 0.384593 0.478303
vt 0.578938 0.478629
vt 0.977177 0.725334
vt 0.980338 0.719105
vt 0.981841 0.740133
vt 0.697856 0.986600
vt 0.692480 0.980100
vt 0.697361 0.976063
vt 0.220530 0.862504
vt 0.610670 0.445444
vt 0.590663 0.442143
vt 0.983731 0.699142
vt 0.604481 0.414407
vt 0.623269 0.427622
vt 0.821503 0.506407
vt 0.796206 0.439010
vt 0.794609 0.420187
vt 0.804775 0.432287
vt 0.790317 0.366512
vt 0.299409 0.910604
vt 0.172353 0.666160
vt 0.998294 0.685755
vt 0.037689 0.878990
vt 0.429355 0.120314
vt 0.500082 0.831760
vt 0.507941 0.844135
vt 0.506071 0.813585
vt 0.164300 0.892447
vt 0.730134 0.314688
vt 0.723744 0.304294
vt 0.751878 0.311651
vt 0.751502 0.299443
vt 0.590559 0.272994
vt 0.965531 0.360046
vt 0.111760 0.945054
vt 0.453800 0.865888
vt 0.429250 0.876127
vt 0.448090 0.846824
vt 0.686509 0.959483
vt 0.674343 0.918746
vt 0.686509 0.940460
vt 0.678463 0.955623
vt 0.692395 0.976064
vt 0.692395 0.994151
vt 0.686509 0.982187
vt 0.662635 0.787227
vt 0.775686 0.709923
vt 0.744633 0.712299
vt 0.560320 0.555029
vt 0.528259 0.520411
vt 0.475441 0.950824
vt 0.465642 0.958177
vt 0.464268 0.942504
vt 0.338469 0.983411
vt 0.336797 0.978496
vt 0.338469 0.967169
vt 0.804395 0.588665
vt 0.796402 0.558723
vt 0.815650 0.581255
vt 0.594577 0.470724
vt 0.983046 0.684381
vt 0.802626 0.438774
vt 0.291795 0.869357
vt 0.151136 0.523795
vt 0.683856 0.966371
vt 0.679009 0.917930
vt 0.208538 0.746042
vt 0.740492 0.667811
vt 0.543402 0.546205
vt 0.745907 0.971668
vt 0.754734 0.980558
vt 0.745907 0.992216
vt 0.477721 0.868777
vt 0.482898 0.873510
vt 0.476256 0.873510
vt 0.632108 0.846451
vt 0.961710 0.120796
vt 0.961710 0.132392
vt 0.958033 0.127716
vt 0.590451 0.471480
vt 0.569884 0.943924
vt 0.570835 0.958035
vt 0.547673 0.951917
vt 0.557093 0.959720
vt 0.794194 0.557009
vt 0.613958 0.408194
vt 0.156302 0.892156
vt 0.965995 0.653223
vt 0.971672 0.640438
vt 0.978889 0.652186
vt 0.574209 0.298339
vt 0.791570 0.349551
vt 0.668373 0.961966
vt 0.664389 0.930549
vt 0.539705 0.992387
vt 0.542211 0.976980
vt 0.542211 0.996351
vt 0.983987 0.019690
vt 0.970087 0.018768
vt 0.973091 0.000000
vt 0.580779 0.538905
vt 0.000000 0.865491
vt 0.597284 0.507878
vt 0.590204 0.475717
vt 0.986167 0.722924
vt 0.697856 0.995455
vt 0.692395 0.991753
vt 0.989548 0.593231
vt 0.990376 0.589664
vt 0.994982 0.596204
vt 0.692358 0.325027
vt 0.986914 0.674965
vt 0.970376 0.667133
vt 0.814405 0.438277
vt 0.809885 0.466635
vt 0.920821 0.447068
vt 0.957794 0.620231
vt 0.971227 0.600261
vt 0.971281 0.607936
vt 0.283434 0.852452
vt 0.678025 0.971085
vt 0.984125 0.004225
vt 0.744325 0.684453
vt 0.768265 0.724182
vt 0.774716 0.735752
vt 0.996045 0.684243
vt 0.372845 0.499780
vt 0.619434 0.864158
vt 0.986277 0.740703
vt 0.793976 0.587101
vt 0.620508 0.456560
vt 0.829528 0.515518
vt 0.166985 0.877070
vt 0.144384 0.858137
vt 0.926917 0.440114
vt 0.977474 0.626417
vt 0.127888 0.859214
vt 0.119446 0.847637
vt 0.263618 0.431920
vt 0.262710 0.438834
vt 0.262710 0.425877
vt 0.737435 0.318657
vt 0.058462 0.766413
vt 0.061105 0.753162
vt 0.085254 0.744446
vt 0.733331 0.635493
vt 0.715711 0.621608
vt 0.725406 0.618307
vt 0.662635 0.952465
vt 0.509459 0.517703
vt 0.528927 0.545536
vt 0.614009 0.569609
vt 0.611559 0.562453
vt 0.742265 0.595565
vt 0.373248 0.510418
vt 0.803654 0.599700
vt 0.798039 0.594243
vt 0.802230 0.591927
vt 0.626519 0.826906
vt 0.692667 0.995531
vt 0.361583 0.439550
vt 0.607320 0.468105
vt 0.559181 0.944369
vt 0.389211 0.961547
vt 0.384369 0.961207
vt 0.392037 0.933033
vt 0.986948 0.700620
vt 0.387040 0.938038
vt 0.995441 0.575109
vt 0.823422 0.537120
vt 0.636875 0.442173
vt 0.962647 0.639641
vt 0.348350 0.350457
vt 0.158376 0.853418
vt 0.944633 0.739257
vt 0.951736 0.713213
vt 0.951736 0.753055
vt 0.573880 0.308447
vt 0.823129 0.429274
vt 0.993788 0.120912
vt 0.983878 0.115873
vt 0.984793 0.109304
vt 0.816802 0.413017
vt 0.930089 0.210979
vt 0.915064 0.217065
vt 0.920459 0.182097
vt 0.720496 0.612737
vt 0.989307 0.928631
vt 0.989630 0.917472
vt 0.996469 0.920358
vt 0.191487 0.786393
vt 0.746158 0.572324
vt 0.951994 0.666795
vt 0.848746 0.289156
vt 0.842247 0.285354
vt 0.848289 0.272272
vt 0.915740 0.946491
vt 0.917511 0.951262
vt 0.917604 0.962210
vt 0.398562 0.915419
vt 0.647610 0.423107
vt 0.127339 0.900683
vt 0.133589 0.867047
vt 0.981290 0.364456
vt 0.981290 0.325099
vt 0.990964 0.341179
vt 0.994856 0.131046
vt 0.985055 0.103197
vt 0.994856 0.106549
vt 0.779725 0.325099
vt 0.896206 0.202681
vt 0.899842 0.166420
vt 0.923040 0.165430
vt 0.751606 0.559319
vt 0.614801 0.526366
vt 0.920821 0.480296
vt 0.925069 0.476459
vt 0.925069 0.483749
vt 0.395512 0.981260
vt 0.396109 0.973805
vt 0.398562 0.977461
vt 0.846476 0.249034
vt 0.848746 0.254950
vt 0.488071 0.970618
vt 0.477673 0.967599
vt 0.488071 0.955377
vt 0.981290 0.372824
vt 0.163940 0.627166
vt 0.914954 0.251945
vt 0.097177 0.867966
vt 0.110101 0.862744
vt 0.105441 0.884629
vt 0.973278 0.038395
vt 0.597981 0.522217
vt 0.482220 0.866386
vt 0.796836 0.599700
vt 0.391321 0.983724
vt 0.461848 0.100842
vt 0.889362 0.792247
vt 0.883713 0.766189
vt 0.898662 0.775585
vt 0.832250 0.543519
vt 0.826233 0.542966
vt 0.844073 0.265978
vt 0.848165 0.240428
vt 0.336797 0.967169
vt 0.336797 0.945368
vt 0.338415 0.961092
vt 0.363608 0.414562
vt 0.630656 0.406074
vt 0.617698 0.392928
vt 0.480685 0.942504
vt 0.135690 0.889596
vt 0.071665 0.750841
vt 0.187205 0.458995
vt 0.989307 0.897329
vt 0.372370 0.494275
vt 0.879079 0.759860
vt 0.879079 0.787827
vt 0.573631 0.959720
vt 0.566132 0.969119
vt 0.560989 0.961638
vt 0.610920 0.489291
vt 0.972647 0.253271
vt 0.971058 0.242548
vt 0.974099 0.232802
vt 0.957902 0.221323
vt 0.956329 0.238293
vt 0.956329 0.212357
vt 0.998607 0.892435
vt 0.997300 0.872149
vt 0.998607 0.866559
vt 0.789286 0.583746
vt 0.987591 0.471810
vt 0.987591 0.438868
vt 0.995078 0.446836
vt 0.645449 0.435507
vt 0.655327 0.417382
vt 0.637569 0.406685
vt 0.179295 0.869375
vt 0.825866 0.469562
vt 0.944302 0.466323
vt 0.973405 0.379446
vt 0.961526 0.384122
vt 0.036335 0.759363
vt 0.741275 0.655678
vt 0.724775 0.661342
vt 0.905998 0.584142
vt 0.906718 0.590389
vt 0.898833 0.569465
vt 0.118052 0.850731
vt 0.391585 0.140869
vt 0.986524 0.027092
vt 0.769189 0.740220
vt 0.570080 0.980170
vt 0.772180 0.994141
vt 0.763729 0.987008
vt 0.770339 0.980826
vt 0.997094 0.962920
vt 0.996536 0.940928
vt 0.999833 0.957055
vt 0.353428 0.458670
vt 0.765067 0.993771
vt 0.999833 0.935730
vt 0.631815 0.447152
vt 0.639185 0.443698
vt 0.634987 0.465912
vt 0.997061 0.858925
vt 0.577583 0.424411
vt 0.580118 0.414359
vt 0.638199 0.442383
vt 0.598796 0.394571
vt 0.601518 0.389043
vt 0.619430 0.376021
vt 0.487402 0.986494
vt 0.066299 0.935468
vt 0.078111 0.947526
vt 0.068108 0.956506
vt 0.953358 0.468735
vt 0.713583 0.417516
vt 0.698016 0.428104
vt 0.713368 0.405519
vt 0.023620 0.758839
vt 0.025900 0.733422
vt 0.791347 0.413168
vt 0.116663 0.740613
vt 0.762510 0.551841
vt 0.477673 0.963075
vt 0.464268 0.977298
vt 0.620803 0.570476
vt 0.625578 0.565509
vt 0.614890 0.970342
vt 0.616263 0.979105
vt 0.609727 0.977426
vt 0.829563 0.531380
vt 0.976593 0.248391
vt 0.975829 0.229625
vt 0.976593 0.216435
vt 0.642419 0.448948
vt 0.624130 0.452023
vt 0.618753 0.307895
vt 0.617984 0.288167
vt 0.627140 0.303090
vt 0.897332 0.594851
vt 0.543651 0.584109
vt 0.564120 0.583678
vt 0.577489 0.586842
vt 0.742670 0.671789
vt 0.982993 0.040246
vt 0.970087 0.066666
vt 0.630142 0.543859
vt 0.866301 0.968145
vt 0.866301 0.984909
vt 0.864723 0.981350
vt 0.566188 0.930051
vt 0.555391 0.939929
vt 0.727229 0.318657
vt 0.724684 0.323042
vt 0.723744 0.318657
vt 0.368616 0.931483
vt 0.379588 0.938178
vt 0.363988 0.933737
vt 0.011861 0.753005
vt 0.188570 0.489397
vt 0.164609 0.518594
vt 0.710081 0.635531
vt 0.943704 0.993776
vt 0.940067 0.987698
vt 0.943704 0.976639
vt 0.188259 0.884724
vt 0.179295 0.924074
vt 0.180313 0.901123
vt 0.560989 0.986162
vt 0.608958 0.969499
vt 0.995309 0.891064
vt 0.834030 0.520176
vt 0.833456 0.504264
vt 0.898977 0.974453
vt 0.902107 0.983188
vt 0.898977 0.999094
vt 0.637018 0.412801
vt 0.982587 0.096144
vt 0.970087 0.091797
vt 0.973613 0.066666
vt 0.000000 0.729010
vt 0.004006 0.751478
vt 0.807470 0.419391
vt 0.952254 0.610895
vt 0.787587 0.405787
vt 0.959380 0.373541
vt 0.978889 0.659818
vt 0.985519 0.650767
vt 0.988812 0.654764
vt 0.569035 0.571082
vt 0.574285 0.583492
vt 0.538357 0.552285
vt 0.147791 0.790603
vt 0.999858 0.674965
vt 0.932740 0.665835
vt 0.364739 0.481080
vt 0.841129 0.543373
vt 0.183735 0.867784
vt 0.066299 0.986617
vt 0.068836 0.969081
vt 0.073060 0.967377
vt 0.177795 0.933335
vt 0.179102 0.921202
vt 0.179102 0.938900
vt 0.826373 0.488838
vt 0.952254 0.658426
vt 0.995078 0.455962
vt 0.999054 0.438868
vt 0.999054 0.466962
vt 0.806449 0.384768
vt 0.902100 0.559617
vt 0.978889 0.631913
vt 0.537141 0.555215
vt 0.637756 0.550048
vt 0.616263 0.994344
vt 0.612123 0.988070
vt 0.912276 0.805098
vt 0.917604 0.773723
vt 0.657731 0.512550
vt 0.668957 0.494986
vt 0.693367 0.484874
vt 0.714937 0.528751
vt 0.708336 0.513345
vt 0.731038 0.492440
vt 0.959131 0.674965
vt 0.339626 0.360537
vt 0.628246 0.291503
vt 0.640693 0.300051
vt 0.928380 0.474342
vt 0.554928 0.959720
vt 0.559640 0.969207
vt 0.547673 0.983428
vt 0.377297 0.915419
vt 0.114823 0.729387
vt 0.266220 0.866381
vt 0.895210 0.176091
vt 0.550737 0.558758
vt 0.558913 0.559597
vt 0.763586 0.752581
vt 0.762510 0.596271
vt 0.415976 0.963574
vt 0.411352 0.953567
vt 0.420384 0.957147
vt 0.772180 0.969564
vt 0.768847 0.969767
vt 0.619279 0.868197
vt 0.840766 0.551841
vt 0.573631 0.934246
vt 0.350770 0.420237
vt 0.997128 0.291878
vt 0.992956 0.275556
vt 0.997128 0.254531
vt 0.356147 0.436337
vt 0.345823 0.384302
vt 0.355412 0.408137
vt 0.559640 0.993118
vt 0.368406 0.967924
vt 0.384369 0.946272
vt 0.384369 0.926386
vt 0.273342 0.883435
vt 0.885572 0.152013
vt 0.704375 0.628006
vt 0.701233 0.600261
vt 0.192474 0.928330
vt 0.193695 0.917126
vt 0.839186 0.521238
vt 0.701504 0.544207
vt 0.957474 0.632709
vt 0.373369 0.962990
vt 0.962572 0.392992
vt 0.039143 0.735787
vt 0.800302 0.357971
vt 0.276028 0.873940
vt 0.169694 0.614512
vt 0.988760 0.629943
vt 0.418174 0.949100
vt 0.967912 0.838587
vt 0.974828 0.830839
vt 0.975242 0.839037
vt 0.408206 0.969967
vt 0.400461 0.958831
vt 0.836364 0.531190
vt 0.547673 0.938617
vt 0.589925 0.394386
vt 0.488071 0.995872
vt 0.488071 0.973040
vt 0.495277 0.985287
vt 0.372913 0.979947
vt 0.993673 0.438868
vt 0.987591 0.415835
vt 0.993673 0.396766
vt 0.290053 0.909887
vt 0.923110 0.145405
vt 0.889996 0.144542
vt 0.184062 0.433779
vt 0.906718 0.552849
vt 0.903234 0.570639
vt 0.903048 0.551617
vt 0.259088 0.863046
vt 0.615262 0.896207
vt 0.608204 0.885168
vt 0.628060 0.879766
vt 0.643740 0.869637
vt 0.450306 0.137599
vt 0.605956 0.987573
vt 0.634079 0.984115
vt 0.636884 0.971158
vt 0.644116 0.991182
vt 0.644116 0.974934
vt 0.659440 0.536124
vt 0.789251 0.591926
vt 0.105656 0.988791
vt 0.111760 0.997290
vt 0.583120 0.404907
vt 0.345784 0.370396
vt 0.007078 0.973209
vt 0.007078 0.995852
vt 0.000000 0.980766
vt 0.704405 0.418253
vt 0.683294 0.430862
vt 0.769305 0.752233
vt 0.175354 0.819873
vt 0.362803 0.474735
vt 0.196908 0.885821
vt 0.186893 0.847637
vt 0.343143 0.409172
vt 0.584732 0.384817
vt 0.603567 0.376368
vt 0.077499 0.966551
vt 0.685518 0.440674
vt 0.709666 0.447052
vt 0.375413 0.133167
vt 0.899944 0.548941
vt 0.986299 0.628252
vt 0.366590 0.502361
vt 0.625375 0.519131
vt 0.346839 0.453499
vt 0.644307 0.848522
vt 0.563667 0.420992
vt 0.551165 0.413254
vt 0.556394 0.406038
vt 0.686034 0.515283
vt 0.570922 0.394982
vt 0.657171 0.285737
vt 0.660684 0.307895
vt 0.815757 0.366546
vt 0.900493 0.536303
vt 0.901832 0.526807
vt 0.197417 0.766131
vt 0.962960 0.835333
vt 0.651717 0.522759
vt 0.962693 0.821603
vt 0.974058 0.818498
vt 0.149009 0.990093
vt 0.143410 0.982394
vt 0.149009 0.976027
vt 0.647731 0.816739
vt 0.659831 0.808451
vt 0.560762 0.930088
vt 0.087034 0.734109
vt 0.280894 0.895187
vt 0.541308 0.923471
vt 0.544799 0.912906
vt 0.550442 0.917996
vt 0.196774 0.433693
vt 0.879641 0.195539
vt 0.709194 0.650241
vt 0.979915 0.620946
vt 0.986863 0.611402
vt 0.737705 0.993847
vt 0.737705 0.971668
vt 0.745907 0.991966
vt 0.029726 0.861107
vt 0.659515 0.503603
vt 0.613478 0.995983
vt 0.761247 0.976587
vt 0.848904 0.548416
vt 0.645580 0.494374
vt 0.502855 0.942504
vt 0.508112 0.960413
vt 0.502855 0.980548
vt 0.692469 0.510333
vt 0.568396 0.410567
vt 0.554328 0.401100
vt 0.704853 0.486129
vt 0.706409 0.496513
vt 0.574614 0.948808
vt 0.574433 0.930051
vt 0.582648 0.945852
vt 0.826849 0.974063
vt 0.819936 0.992035
vt 0.819936 0.966436
vt 0.820161 0.390811
vt 0.053249 0.721700
vt 0.799213 0.329712
vt 0.547985 0.865671
vt 0.888681 0.545352
vt 0.365226 0.521852
vt 0.392639 0.097566
vt 0.420864 0.134469
vt 0.021862 0.863238
vt 0.359148 0.485224
vt 0.973382 0.786548
vt 0.696458 0.508735
vt 0.722375 0.474537
vt 0.018699 0.724362
vt 0.270441 0.896750
vt 0.573170 0.906383
vt 0.572379 0.922801
vt 0.471363 0.840370
vt 0.435208 0.812723
vt 0.458715 0.816236
vt 0.860935 0.045068
vt 0.873544 0.026385
vt 0.886549 0.038965
vt 0.687112 0.649601
vt 0.731448 0.705325
vt 0.144084 0.996327
vt 0.200854 0.897684
vt 0.961006 0.769731
vt 0.961626 0.759860
vt 0.567725 0.424449
vt 0.650091 0.809133
vt 0.667392 0.483345
vt 0.662065 0.473316
vt 0.659604 0.791707
vt 0.586674 0.961435
vt 0.573631 0.969215
vt 0.992092 0.843856
vt 0.997308 0.834640
vt 0.997308 0.858681
vt 0.971664 0.109703
vt 0.983878 0.103429
vt 0.703067 0.507944
vt 0.718845 0.489559
vt 0.722664 0.460871
vt 0.565055 0.930051
vt 0.505198 0.923508
vt 0.505198 0.876127
vt 0.508110 0.889636
vt 0.537686 0.918728
vt 0.417369 0.941152
vt 0.530522 0.998096
vt 0.530522 0.976980
vt 0.533462 0.996883
vt 0.352495 0.470282
vt 0.195092 0.901615
vt 0.078903 0.987611
vt 0.099038 0.716285
vt 0.194142 0.479717
vt 0.875006 0.219793
vt 0.345944 0.137061
vt 0.332068 0.134530
vt 0.014873 0.858113
vt 0.135664 0.971222
vt 0.135664 0.990907
vt 0.128228 0.974840
vt 0.960703 0.798192
vt 0.676079 0.542705
vt 0.960399 0.783745
vt 0.685122 0.480561
vt 0.711606 0.466456
vt 0.065143 0.724118
vt 0.278400 0.850808
vt 0.883562 0.224254
vt 0.351384 0.516386
vt 0.143516 0.802351
vt 0.401441 0.949484
vt 0.201105 0.937237
vt 0.335226 0.400826
vt 0.661195 0.434771
vt 0.680472 0.418508
vt 0.646291 0.281928
vt 0.686082 0.263851
vt 0.669863 0.264403
vt 0.687447 0.257772
vt 0.575539 0.874731
vt 0.467722 0.826493
vt 0.526415 0.900592
vt 0.544006 0.899530
vt 0.877233 0.144783
vt 0.753558 0.765104
vt 0.958712 0.849383
vt 0.203366 0.912997
vt 0.889326 0.853509
vt 0.200837 0.881248
vt 0.343006 0.453628
vt 0.341090 0.424162
vt 0.670611 0.470502
vt 0.970087 0.125934
vt 0.683414 0.468022
vt 0.672455 0.449750
vt 0.851584 0.986953
vt 0.848804 0.968145
vt 0.864380 0.968145
vt 0.278848 0.912489
vt 0.624131 0.976284
vt 0.616262 0.970725
vt 0.622588 0.969499
vt 0.066299 0.939848
vt 0.057254 0.943245
vt 0.064673 0.935468
vt 0.538040 0.870031
vt 0.136916 0.804875
vt 0.639744 0.878958
vt 0.577079 0.973782
vt 0.691517 0.517227
vt 0.633390 0.276839
vt 0.822428 0.339614
vt 0.205408 0.897898
vt 0.208231 0.910615
vt 0.205408 0.927793
vt 0.449818 0.800443
vt 0.189241 0.492430
vt 0.904380 0.016011
vt 0.872353 0.077275
vt 0.866778 0.069651
vt 0.890722 0.059670
vt 0.360927 0.141182
vt 0.371455 0.525052
vt 0.337928 0.523601
vt 0.745836 0.792378
vt 0.133919 0.814143
vt 0.547673 0.976980
vt 0.546402 0.985178
vt 0.544891 0.984150
vt 0.958933 0.835223
vt 0.903814 0.847266
vt 0.465973 0.135943
vt 0.344889 0.465968
vt 0.956425 0.792206
vt 0.149548 0.995382
vt 0.149548 0.976027
vt 0.152951 0.981089
vt 0.659389 0.441770
vt 0.675526 0.466120
vt 0.031554 0.716501
vt 0.998202 0.168071
vt 0.998202 0.189567
vt 0.995886 0.182939
vt 0.878291 0.923660
vt 0.869694 0.935334
vt 0.869694 0.883162
vt 0.537577 0.866997
vt 0.360803 0.552663
vt 0.892943 0.526526
vt 0.983148 0.600261
vt 0.547673 0.991587
vt 0.649016 0.852090
vt 0.205368 0.893083
vt 0.198293 0.859828
vt 0.582881 0.987848
vt 0.586674 0.982823
vt 0.081670 0.721023
vt 0.902484 0.245556
vt 0.869357 0.210037
vt 0.423774 0.149341
vt 0.403403 0.944297
vt 0.999431 0.757373
vt 0.996589 0.753261
vt 0.999431 0.732163
vt 0.673377 0.569652
vt 0.677245 0.569780
vt 0.676450 0.586918
vt 0.674589 0.485660
vt 0.992911 0.494820
vt 0.997513 0.483749
vt 0.997513 0.517968
vt 0.821279 0.380660
vt 0.066299 0.965110
vt 0.882490 0.090312
vt 0.860935 0.132392
vt 0.869039 0.137364
vt 0.718868 0.721533
vt 0.130638 0.823058
vt 0.131552 0.997030
vt 0.349906 0.495968
vt 0.963387 0.131937
vt 0.965352 0.120796
vt 0.099188 0.981258
vt 0.105237 0.976113
vt 0.093988 0.992520
vt 0.205368 0.939611
vt 0.636696 0.494219
vt 0.643818 0.462392
vt 0.642989 0.488474
vt 0.657678 0.461024
vt 0.819595 0.358698
vt 0.789787 0.939147
vt 0.805879 0.959308
vt 0.790990 0.958853
vt 0.535901 0.855907
vt 0.514192 0.885144
vt 0.526345 0.885373
vt 0.914248 0.105364
vt 0.617009 0.919902
vt 0.645265 0.918182
vt 0.956425 0.858925
vt 0.343524 0.512313
vt 0.999048 0.129961
vt 0.994856 0.109384
vt 0.999048 0.103197
vt 0.919931 0.655248
vt 0.351534 0.480474
vt 0.610263 0.503401
vt 0.612543 0.513551
vt 0.595209 0.525471
vt 0.608332 0.526583
vt 0.621327 0.519734
vt 0.690226 0.577933
vt 0.684310 0.565947
vt 0.711619 0.538657
vt 0.635183 0.500788
vt 0.660784 0.537043
vt 0.654276 0.479659
vt 0.668499 0.463734
vt 0.625719 0.271121
vt 0.840807 0.423362
vt 0.806545 0.330349
vt 0.986948 0.706313
vt 0.996589 0.723496
vt 0.986948 0.735545
vt 0.263618 0.888705
vt 0.203391 0.466099
vt 0.896003 0.049784
vt 0.420384 0.932690
vt 0.007093 0.850731
vt 0.600304 0.550793
vt 0.602683 0.540334
vt 0.644432 0.560495
vt 0.647566 0.549809
vt 0.653971 0.552460
vt 0.882148 0.823479
vt 0.621602 0.486792
vt 0.706280 0.877514
vt 0.712036 0.869902
vt 0.725846 0.882516
vt 0.476256 0.821746
vt 0.012155 0.856210
vt 0.662708 0.587513
vt 0.093988 0.969928
vt 0.614678 0.487063
vt 0.003340 0.722415
vt 0.718128 0.836067
vt 0.752129 0.759223
vt 0.791178 0.594107
vt 0.789251 0.599781
vt 0.657302 0.562181
vt 0.883107 0.256992
vt 0.901395 0.267890
vt 0.883320 0.280892
vt 0.674999 0.848769
vt 0.180084 0.631028
vt 0.977177 0.749723
vt 0.985379 0.740703
vt 0.985379 0.759404
vt 0.396049 0.145040
vt 0.681838 0.583876
vt 0.996723 0.039994
vt 0.986524 0.048377
vt 0.986524 0.031307
vt 0.737705 0.884890
vt 0.734271 0.889098
vt 0.053704 0.938658
vt 0.218141 0.443244
vt 0.649108 0.271565
vt 0.657712 0.279002
vt 0.986623 0.059824
vt 0.723119 0.898297
vt 0.176755 0.618357
vt 0.180481 0.623476
vt 0.698545 0.848548
vt 0.807174 0.939147
vt 0.540399 0.822043
vt 0.800777 0.280197
vt 0.803987 0.264403
vt 0.803987 0.314505
vt 0.338512 0.945368
vt 0.336797 0.922570
vt 0.338512 0.912489
vt 0.662635 0.622449
vt 0.720424 0.715380
vt 0.153154 0.805182
vt 0.146344 0.802651
vt 0.649578 0.578066
vt 0.001176 0.714236
vt 0.009574 0.712103
vt 0.662981 0.323931
vt 0.660517 0.312618
vt 0.669947 0.312618
vt 0.895398 0.313903
vt 0.888205 0.299803
vt 0.910105 0.318571
vt 0.616262 0.994073
vt 0.051134 0.972145
vt 0.190931 0.653661
vt 0.185223 0.622004
vt 0.689081 0.833618
vt 0.708702 0.832370
vt 0.705023 0.835915
vt 0.465457 0.816673
vt 0.531054 0.839525
vt 0.516385 0.887740
vt 0.404758 0.662951
vt 0.393779 0.663488
vt 0.392555 0.660209
vt 0.888854 0.013378
vt 0.860935 0.222794
vt 0.888467 0.510458
vt 0.952254 0.624751
vt 0.634762 0.264403
vt 0.228014 0.956473
vt 0.252051 0.925899
vt 0.254729 0.956473
vt 0.837714 0.386985
vt 0.229135 0.971497
vt 0.228013 0.956473
vt 0.245458 0.980779
vt 0.957466 0.000376
vt 0.958226 0.012147
vt 0.949061 0.001616
vt 0.561445 0.849203
vt 0.574923 0.864502
vt 0.558827 0.870086
vt 0.728789 0.966278
vt 0.730738 0.949803
vt 0.737375 0.943817
vt 0.995115 0.142809
vt 0.988936 0.138572
vt 0.951609 0.034093
vt 0.946456 0.033280
vt 0.064130 0.715974
vt 0.074591 0.710915
vt 0.165023 0.991452
vt 0.152951 0.991452
vt 0.153586 0.968374
vt 0.910105 0.271890
vt 0.899710 0.285890
vt 0.727405 0.853430
vt 0.508123 0.888695
vt 0.691037 0.670883
vt 0.438447 0.145047
vt 0.428913 0.135965
vt 0.025376 0.714073
vt 0.864416 0.262078
vt 0.880459 0.266989
vt 0.877055 0.276138
vt 0.658384 0.218845
vt 0.796548 0.972293
vt 0.379806 0.661184
vt 0.385509 0.655063
vt 0.893145 0.504489
vt 0.789072 0.989500
vt 0.782435 0.996222
vt 0.782435 0.969564
vt 0.848904 0.288915
vt 0.866307 0.279881
vt 0.866283 0.291230
vt 0.907469 0.301004
vt 0.685535 0.238078
vt 0.637911 0.256573
vt 0.629654 0.222639
vt 0.453880 0.800829
vt 0.662635 0.894063
vt 0.659982 0.862677
vt 0.661993 0.859074
vt 0.245458 0.959046
vt 0.937189 0.017116
vt 0.962143 0.974403
vt 0.966492 0.980066
vt 0.962143 0.995686
vt 0.047754 0.963242
vt 0.722332 0.902185
vt 0.927509 0.996552
vt 0.922909 0.994251
vt 0.519854 0.811517
vt 0.651830 0.916100
vt 0.654162 0.600261
vt 0.929048 0.038722
vt 0.927310 0.054562
vt 0.923804 0.059340
vt 0.088363 0.707975
vt 0.712409 0.906588
vt 0.637672 0.324940
vt 0.637672 0.307895
vt 0.645131 0.315286
vt 0.186657 0.641198
vt 0.722268 0.826526
vt 0.744488 0.758013
vt 0.927388 0.626772
vt 0.983534 0.323988
vt 0.983534 0.308221
vt 0.987872 0.315570
vt 0.996106 0.165165
vt 0.944801 0.040618
vt 0.932412 0.000000
vt 0.988936 0.189567
vt 0.988936 0.165355
vt 0.995886 0.171260
vt 0.835320 0.357219
vt 0.893206 0.285652
vt 0.447499 0.786457
vt 0.378172 0.158279
vt 0.662635 0.849717
vt 0.879760 0.499503
vt 0.934638 0.054101
vt 0.943211 0.056466
vt 0.932294 0.045448
vt 0.204675 0.425877
vt 0.368049 0.656827
vt 0.338715 0.551625
vt 0.743107 0.721838
vt 0.734984 0.742594
vt 0.721236 0.740316
vt 0.796836 0.597545
vt 0.996531 0.799156
vt 0.994091 0.821607
vt 0.992092 0.796123
vt 0.923804 0.007968
vt 0.879079 0.976935
vt 0.885124 0.974454
vt 0.885124 0.993713
vt 0.915513 0.986522
vt 0.902107 0.943422
vt 0.915513 0.917717
vt 0.838503 0.939147
vt 0.848804 0.971455
vt 0.838503 0.988442
vt 0.915756 0.529792
vt 0.906718 0.494270
vt 0.921018 0.520104
vt 0.197667 0.705194
vt 0.171334 0.702707
vt 0.382152 0.667660
vt 0.673274 0.636138
vt 0.165842 0.996440
vt 0.165842 0.968373
vt 0.171064 0.992221
vt 0.904651 0.002300
vt 0.732331 0.752571
vt 0.989939 0.154533
vt 0.497908 0.954617
vt 0.488071 0.949166
vt 0.496981 0.942504
vt 0.671819 0.874471
vt 0.716262 0.909842
vt 0.662635 0.823630
vt 0.800777 0.320391
vt 0.788475 0.304528
vt 0.798744 0.303588
vt 0.936948 0.483749
vt 0.944924 0.504067
vt 0.982132 0.467844
vt 0.982858 0.456095
vt 0.987591 0.458767
vt 0.728789 0.917930
vt 0.939030 0.065217
vt 0.848904 0.397963
vt 0.846439 0.387073
vt 0.881310 0.325099
vt 0.875157 0.309385
vt 0.887532 0.316466
vt 0.915686 0.981023
vt 0.915686 0.962210
vt 0.917604 0.969882
vt 0.715822 0.917930
vt 0.776995 0.306232
vt 0.205498 0.680792
vt 0.227662 0.427723
vt 0.357034 0.157757
vt 0.424659 0.777753
vt 0.422905 0.755034
vt 0.423169 0.767534
vt 0.889750 0.099189
vt 0.457450 0.152478
vt 0.989524 0.897329
vt 0.991985 0.858925
vt 0.995309 0.888482
vt 0.502855 0.964302
vt 0.488071 0.971005
vt 0.056968 0.978841
vt 0.047754 0.988150
vt 0.047754 0.972145
vt 0.336778 0.596497
vt 0.324822 0.566192
vt 0.974945 0.470070
vt 0.922909 0.995297
vt 0.917604 0.987058
vt 0.922909 0.976639
vt 0.734820 0.765519
vt 0.659831 0.907165
vt 0.989307 0.877439
vt 0.653221 0.307895
vt 0.660517 0.307895
vt 0.653969 0.323931
vt 0.588245 0.833474
vt 0.570107 0.852156
vt 0.539705 0.976980
vt 0.539705 0.993776
vt 0.536384 0.982858
vt 0.980613 0.442178
vt 0.859520 0.552170
vt 0.715501 0.803098
vt 0.729639 0.753770
vt 0.442843 0.153493
vt 0.400461 0.969967
vt 0.412493 0.976109
vt 0.405898 0.977953
vt 0.500082 0.873110
vt 0.505988 0.865090
vt 0.860208 0.300772
vt 0.798177 0.291420
vt 0.400129 0.673931
vt 0.368529 0.681663
vt 0.362996 0.662529
vt 0.968570 0.131133
vt 0.965352 0.132039
vt 0.925358 0.027722
vt 0.444831 0.762302
vt 0.986150 0.828472
vt 0.991461 0.836627
vt 0.992092 0.848920
vt 0.974945 0.396766
vt 0.706768 0.730751
vt 0.989230 0.165355
vt 0.857806 0.313883
vt 0.407239 0.932690
vt 0.405783 0.920300
vt 0.410419 0.910659
vt 0.634079 0.971158
vt 0.634079 0.993730
vt 0.625108 0.988535
vt 0.734516 0.850094
vt 0.716332 0.727077
vt 0.685569 0.226769
vt 0.868578 0.493250
vt 0.411699 0.980443
vt 0.400461 0.989369
vt 0.501461 0.973040
vt 0.578937 0.823670
vt 0.923804 0.000000
vt 0.859094 0.534765
vt 0.896604 0.106794
vt 0.998336 0.764307
vt 0.998949 0.789198
vt 0.995072 0.771758
vt 0.992092 0.834640
vt 0.662635 0.857509
vt 0.406171 0.686518
vt 0.422905 0.670625
vt 0.826849 0.966436
vt 0.807174 0.966436
vt 0.807439 0.939147
vt 0.914597 0.032500
vt 0.902705 0.044578
vt 0.991714 0.339778
vt 0.997088 0.325099
vt 0.997279 0.356294
vt 0.746203 0.224570
vt 0.906892 0.517613
vt 0.523513 0.989835
vt 0.508123 0.989835
vt 0.516763 0.966214
vt 0.348155 0.666397
vt 0.380394 0.171087
vt 0.720726 0.758643
vt 0.175800 0.824758
vt 0.469227 0.173424
vt 0.995309 0.859008
vt 0.685987 0.705281
vt 0.719574 0.750057
vt 0.714541 0.734376
vt 0.718621 0.749404
vt 0.939862 0.256870
vt 0.935641 0.254278
vt 0.939862 0.244864
vt 0.840659 0.588726
vt 0.843362 0.597486
vt 0.840659 0.600202
vt 0.050098 0.991723
vt 0.178433 0.988065
vt 0.171064 0.983355
vt 0.171770 0.974225
vt 0.789604 0.279035
vt 0.459373 0.176715
vt 0.119327 0.895077
vt 0.118052 0.907750
vt 0.227662 0.707764
vt 0.227777 0.687952
vt 0.251261 0.702871
vt 0.975242 0.858925
vt 0.975242 0.844994
vt 0.981001 0.853162
vt 0.528814 0.801889
vt 0.335492 0.168193
vt 0.424343 0.739903
vt 0.311643 0.534910
vt 0.829647 0.596300
vt 0.835564 0.597846
vt 0.830121 0.599943
vt 0.925274 0.614440
vt 0.175524 0.992648
vt 0.171064 0.992237
vt 0.565238 0.841790
vt 0.662833 0.635648
vt 0.361979 0.170646
vt 0.714766 0.746015
vt 0.930628 0.247349
vt 0.933293 0.244864
vt 0.935641 0.251138
vt 0.933043 0.252593
vt 0.930089 0.256990
vt 0.835564 0.588726
vt 0.482898 0.869707
vt 0.483700 0.866386
vt 0.487677 0.868031
vt 0.638677 0.216119
vt 0.800777 0.264403
vt 0.852260 0.561138
vt 0.683331 0.717329
vt 0.706472 0.741545
vt 0.996141 0.764362
vt 0.400461 0.893880
vt 0.373900 0.691622
vt 0.906044 0.116278
vt 0.930089 0.249419
vt 0.985243 0.473219
vt 0.983279 0.482678
vt 0.983635 0.474736
vt 0.983279 0.470070
vt 0.199181 0.798719
vt 0.398844 0.924049
vt 0.400461 0.915419
vt 0.400461 0.948761
vt 0.990964 0.356294
vt 0.682281 0.220529
vt 0.791344 0.213280
vt 0.764971 0.219630
vt 0.773566 0.208277
vt 0.508123 0.930051
vt 0.530522 0.943151
vt 0.508123 0.966214
vt 0.391823 0.689055
vt 0.991605 0.384913
vt 0.981290 0.394822
vt 0.789657 0.931828
vt 0.784139 0.965789
vt 0.784139 0.919121
vt 0.209759 0.808299
vt 0.206373 0.811647
vt 0.998949 0.759860
vt 0.263618 0.460413
vt 0.263618 0.468190
vt 0.262609 0.463866
vt 0.925069 0.475682
vt 0.927235 0.482565
vt 0.429206 0.159330
vt 0.487677 0.874926
vt 0.484788 0.875615
vt 0.521382 0.961729
vt 0.958033 0.184152
vt 0.962013 0.176498
vt 0.976725 0.216435
vt 0.262559 0.488060
vt 0.257950 0.448552
vt 0.261978 0.452003
vt 0.719979 0.757356
vt 0.662116 0.939266
vt 0.659982 0.947023
vt 0.598895 0.213616
vt 0.592786 0.220548
vt 0.911790 0.528395
vt 0.441576 0.726795
vt 0.953377 0.975619
vt 0.956360 0.995676
vt 0.950361 0.988888
vt 0.897074 0.876417
vt 0.986592 0.370197
vt 0.305963 0.586008
vt 0.854451 0.517634
vt 0.320859 0.549184
vt 0.881582 0.861166
vt 0.905370 0.883327
vt 0.410570 0.892864
vt 0.956360 0.973536
vt 0.449136 0.166598
vt 0.420962 0.177762
vt 0.924481 0.554901
vt 0.309653 0.614448
vt 0.329269 0.615250
vt 0.330393 0.630749
vt 0.390348 0.698155
vt 0.400467 0.696832
vt 0.920498 0.127706
vt 0.993674 0.396766
vt 0.998565 0.407727
vt 0.993674 0.424802
vt 0.714649 0.771767
vt 0.848904 0.540532
vt 0.334069 0.651556
vt 0.320112 0.648677
vt 0.975239 0.194888
vt 0.721476 0.786518
vt 0.353099 0.968014
vt 0.359225 0.955816
vt 0.363988 0.977298
vt 0.321062 0.610674
vt 0.227662 0.707975
vt 0.472282 0.881532
vt 0.504323 0.891750
vt 0.964393 0.155025
vt 0.337374 0.683870
vt 0.337850 0.671437
vt 0.337142 0.667921
vt 0.426115 0.723825
vt 0.439959 0.717359
vt 0.737705 0.961068
vt 0.754817 0.957618
vt 0.759999 0.971668
vt 0.861899 0.809502
vt 0.869694 0.811640
vt 0.846377 0.815121
vt 0.916564 0.125567
vt 0.191993 0.847637
vt 0.547673 0.930051
vt 0.538176 0.958717
vt 0.533100 0.953137
vt 0.922900 0.632507
vt 0.666828 0.192913
vt 0.851104 0.499303
vt 0.373546 0.180227
vt 0.220530 0.822058
vt 0.530522 0.930588
vt 0.547481 0.943985
vt 0.863079 0.825394
vt 0.262559 0.425877
vt 0.255282 0.434401
vt 0.694913 0.779086
vt 0.304002 0.616865
vt 0.246311 0.671377
vt 0.845138 0.804615
vt 0.976725 0.150252
vt 0.854470 0.483749
vt 0.426656 0.178491
vt 0.400821 0.873668
vt 0.465824 0.897607
vt 0.505198 0.916048
vt 0.219537 0.826642
vt 0.879730 0.881645
vt 0.251261 0.684241
vt 0.409386 0.878505
vt 0.958598 0.177219
vt 0.214959 0.827558
vt 0.445234 0.179375
vt 0.554750 0.815690
vt 0.566416 0.817396
vt 0.681095 0.752499
vt 0.759651 0.161510
vt 0.604505 0.203249
vt 0.573880 0.181685
vt 0.906969 0.554055
vt 0.384933 0.714119
vt 0.338813 0.190661
vt 0.315722 0.551679
vt 0.923804 0.132392
vt 0.301291 0.519788
vt 0.746297 0.934952
vt 0.547191 0.830722
vt 0.535411 0.811528
vt 0.312224 0.604030
vt 0.907862 0.878291
vt 0.674950 0.185364
vt 0.427421 0.712623
vt 0.717221 0.811744
vt 0.945244 0.600261
vt 0.883544 0.881751
vt 0.118313 0.987539
vt 0.111760 0.963367
vt 0.118313 0.945054
vt 0.480439 0.917849
vt 0.966258 0.140956
vt 0.396728 0.195920
vt 0.920091 0.600533
vt 0.543606 0.961350
vt 0.850109 0.483970
vt 0.785820 0.172121
vt 0.289130 0.538541
vt 0.301437 0.502659
vt 0.707784 0.818468
vt 0.586403 0.192352
vt 0.338512 0.940454
vt 0.539227 0.793168
vt 0.528754 0.796151
vt 0.974775 0.132947
vt 0.694813 0.798881
vt 0.930631 0.582981
vt 0.850614 0.840276
vt 0.358062 0.200521
vt 0.998540 0.919452
vt 0.997081 0.924686
vt 0.996469 0.908575
vt 0.564156 0.803327
vt 0.137183 0.921202
vt 0.152951 0.928783
vt 0.137183 0.976027
vt 0.460334 0.731095
vt 0.316378 0.664677
vt 0.308036 0.686006
vt 0.301896 0.663672
vt 0.998762 0.913232
vt 0.502855 0.987904
vt 0.496081 0.996834
vt 0.496081 0.973040
vt 0.969897 0.132392
vt 0.996209 0.973920
vt 0.996209 0.999034
vt 0.991386 0.987414
vt 0.471495 0.193872
vt 0.411442 0.865225
vt 0.325553 0.704466
vt 0.427812 0.705139
vt 0.452536 0.184174
vt 0.343946 0.728156
vt 0.400573 0.854824
vt 0.429085 0.700109
vt 1.000000 0.909169
vt 0.848746 0.250466
vt 0.850046 0.240428
vt 0.856227 0.241512
vt 0.329880 0.198378
vt 0.452180 0.197629
vt 0.363988 0.915419
vt 0.914828 0.563450
vt 0.979490 0.918002
vt 0.985321 0.886609
vt 0.989307 0.912034
vt 0.419045 0.875471
vt 0.464268 0.913955
vt 0.997104 0.079815
vt 0.993480 0.103197
vt 0.993480 0.061954
vt 0.293227 0.660249
vt 0.267785 0.668611
vt 0.263618 0.655063
vt 0.430928 0.199032
vt 0.761247 0.932685
vt 0.343598 0.712311
vt 0.293347 0.586184
vt 0.507808 0.933835
vt 0.505198 0.939786
vt 0.459297 0.206015
vt 0.856227 0.256183
vt 0.304345 0.210580
vt 0.298150 0.200036
vt 0.308978 0.702742
vt 0.428305 0.687066
vt 1.000000 0.897329
vt 0.902107 0.939496
vt 0.886640 0.942116
vt 0.893680 0.924861
vt 0.584791 0.182020
vt 0.290603 0.503512
vt 0.900303 0.942281
vt 0.439566 0.197973
vt 0.450647 0.183116
vt 0.879079 0.935870
vt 0.890109 0.917716
vt 0.536384 0.996448
vt 0.533461 0.989712
vt 0.536384 0.976980
vt 0.284025 0.194549
vt 0.271409 0.229127
vt 0.924205 0.574868
vt 0.340788 0.204841
vt 0.444588 0.943993
vt 0.435193 0.972337
vt 0.435193 0.949391
vt 0.437527 0.704592
vt 0.444077 0.691850
vt 0.399775 0.199006
vt 0.263618 0.479043
vt 0.263032 0.473158
vt 0.544482 0.976980
vt 0.895107 0.888756
vt 0.272608 0.192571
vt 0.831790 0.840480
vt 0.901337 0.945248
vt 0.447404 0.957574
vt 0.444217 0.969375
vt 0.284283 0.509415
vt 0.957946 0.152770
vt 0.955164 0.163000
vt 0.949589 0.149095
vt 0.682709 0.790974
vt 0.289163 0.588712
vt 0.848815 0.322141
vt 0.842247 0.307150
vt 0.848695 0.310888
vt 0.887273 0.953506
vt 0.447302 0.199531
vt 0.295224 0.655063
vt 0.289922 0.652851
vt 0.906718 0.590819
vt 0.350661 0.205457
vt 0.869694 0.833042
vt 0.873920 0.804615
vt 0.875478 0.844564
vt 0.395517 0.204767
vt 0.881582 0.950567
vt 0.530522 0.971182
vt 0.737705 0.919121
vt 0.816546 0.822399
vt 0.284361 0.520047
vt 0.433131 0.678178
vt 0.848815 0.289156
vt 0.946849 0.592276
vt 0.948096 0.592660
vt 0.944924 0.594642
vt 0.947269 0.582798
vt 0.816346 0.835064
vt 0.356495 0.737736
vt 0.288363 0.600339
vt 0.979490 0.885588
vt 0.753279 0.931745
vt 0.273368 0.538048
vt 0.389782 0.204524
vt 0.265088 0.676289
vt 0.449225 0.213109
vt 0.909908 0.890435
vt 0.319658 0.228095
vt 0.443642 0.202995
vt 0.208429 0.968852
vt 0.221785 0.955912
vt 0.226310 0.961319
vt 0.219643 0.981378
vt 0.216230 0.983989
vt 0.673101 0.153917
vt 0.296644 0.221278
vt 0.143410 0.976027
vt 0.143410 0.994378
vt 0.137183 0.983773
vt 0.214131 0.987103
vt 0.899262 0.903944
vt 0.796396 0.157976
vt 0.835564 0.598964
vt 0.836190 0.588726
vt 0.840659 0.598964
vt 0.789787 0.818459
vt 0.327753 0.724494
vt 0.283149 0.562888
vt 0.911906 0.606725
vt 0.919931 0.600261
vt 0.909940 0.636613
vt 0.961152 0.600048
vt 0.670636 0.768189
vt 0.808760 0.257401
vt 0.805781 0.243568
vt 0.809883 0.240428
vt 0.822990 0.241691
vt 0.822264 0.258367
vt 0.885098 0.973121
vt 0.965089 0.589215
vt 0.684367 0.805930
vt 0.867795 0.763334
vt 0.873105 0.756847
vt 0.871828 0.771262
vt 0.994539 0.643209
vt 0.988812 0.620056
vt 0.994539 0.619525
vt 0.317168 0.712368
vt 0.960725 0.590351
vt 0.946663 0.579422
vt 0.989282 0.257633
vt 0.990104 0.254531
vt 0.992956 0.255558
vt 0.208429 0.993649
vt 0.891313 0.905135
vt 0.985732 0.858925
vt 0.878469 0.839281
vt 0.879079 0.974453
vt 0.958033 0.187931
vt 0.701689 0.823630
vt 0.687394 0.814839
vt 0.591548 0.114448
vt 0.643204 0.955587
vt 0.625108 0.956221
vt 0.641363 0.946875
vt 0.862570 0.751153
vt 0.461554 0.702348
vt 0.732101 0.323246
vt 0.730329 0.324060
vt 0.730329 0.318657
vt 0.578640 0.325099
vt 0.576085 0.325099
vt 0.576931 0.322488
vt 0.949524 0.578473
vt 0.792264 0.993376
vt 0.789787 0.994916
vt 0.789787 0.972293
vt 0.421744 0.844535
vt 0.476256 0.709433
vt 0.894321 0.948886
vt 0.958033 0.216435
vt 0.971058 0.226828
vt 0.966587 0.225808
vt 0.425795 0.227919
vt 0.858889 0.730101
vt 0.093988 0.935468
vt 0.093988 0.959075
vt 0.079091 0.948706
vt 0.444741 0.980699
vt 0.263365 0.655915
vt 0.258487 0.671377
vt 0.258376 0.654512
vt 0.952160 0.182626
vt 0.944245 0.167258
vt 0.942082 0.161975
vt 0.627440 0.942576
vt 0.637445 0.934221
vt 0.386471 0.744263
vt 0.393816 0.753103
vt 0.376364 0.746761
vt 0.271538 0.551775
vt 0.263618 0.523832
vt 0.118109 0.937442
vt 0.118109 0.907751
vt 0.119327 0.932705
vt 0.930089 0.154842
vt 0.945669 0.132392
vt 0.639316 0.971158
vt 0.908556 0.411631
vt 0.896563 0.381772
vt 0.902801 0.393175
vt 0.866801 0.705248
vt 0.879079 0.687902
vt 0.470673 0.942504
vt 0.354462 0.232424
vt 0.992956 0.318955
vt 0.953997 0.564456
vt 0.282765 0.247679
vt 0.358293 0.747792
vt 0.380852 0.724959
vt 0.915312 0.596116
vt 0.856527 0.715780
vt 0.857261 0.694188
vt 0.400461 0.825929
vt 0.309224 0.706344
vt 0.984279 0.971693
vt 0.991386 0.935730
vt 0.991386 0.983274
vt 0.958033 0.247329
vt 0.962052 0.253553
vt 0.849931 0.044302
vt 0.844032 0.036193
vt 0.860935 0.000000
vt 0.944924 0.576043
vt 0.672942 0.786119
vt 0.804210 0.267596
vt 0.796208 0.145836
vt 0.796474 0.831348
vt 0.252260 0.631732
vt 0.497940 0.867364
vt 0.500082 0.871093
vt 0.493863 0.873194
vt 0.455047 0.672129
vt 0.797143 0.989624
vt 0.674292 0.299985
vt 0.672152 0.311718
vt 0.660684 0.311977
vt 0.260183 0.639036
vt 0.903241 0.642570
vt 0.242931 0.601017
vt 0.247171 0.569077
vt 0.263365 0.594483
vt 0.969150 0.248677
vt 0.907902 0.917106
vt 0.899349 0.917334
vt 0.830500 0.862911
vt 0.292260 0.707829
vt 0.493863 0.866386
vt 0.955412 0.192049
vt 0.430463 0.665441
vt 0.444452 0.655063
vt 0.412493 0.972205
vt 0.421499 0.969967
vt 0.419668 0.975355
vt 0.579288 0.166291
vt 0.957923 0.238293
vt 0.957923 0.249265
vt 0.956329 0.240559
vt 0.394746 0.756684
vt 0.213309 0.928221
vt 0.858080 0.680168
vt 0.395990 0.219248
vt 0.416194 0.994497
vt 0.978092 0.308221
vt 0.983533 0.316512
vt 0.978092 0.321687
vt 0.933713 0.166913
vt 0.625446 0.926091
vt 0.339296 0.754079
vt 0.947752 0.186955
vt 0.421499 0.994637
vt 0.271197 0.501495
vt 0.848804 0.963694
vt 0.866301 0.939147
vt 0.826081 0.267480
vt 0.742319 0.137105
vt 0.263618 0.246467
vt 0.683473 0.309936
vt 0.523513 0.996890
vt 0.523513 0.966214
vt 0.529457 0.984460
vt 0.662195 0.301604
vt 0.801172 0.718030
vt 0.797242 0.735892
vt 0.789787 0.707138
vt 0.660393 0.849717
vt 0.660393 0.791707
vt 0.662635 0.810303
vt 0.834128 0.052277
vt 0.227662 0.630881
vt 0.228858 0.605068
vt 0.815650 0.553774
vt 0.828465 0.551841
vt 0.827972 0.557561
vt 0.885818 0.405342
vt 0.897602 0.690965
vt 0.796052 0.652260
vt 0.813334 0.633735
vt 0.790058 0.688071
vt 0.911772 0.455755
vt 0.910315 0.433851
vt 0.920821 0.446697
vt 0.625108 0.919902
vt 0.993855 0.600261
vt 0.860532 0.664196
vt 0.856837 0.667880
vt 0.836170 0.062180
vt 0.237989 0.650302
vt 0.919931 0.759081
vt 0.919931 0.750988
vt 0.923950 0.758485
vt 0.804279 0.289968
vt 0.694009 0.140122
vt 0.861078 0.386289
vt 0.093288 0.978098
vt 0.265069 0.573326
vt 0.823764 0.073115
vt 0.422743 0.941459
vt 0.420384 0.961850
vt 0.943945 0.167058
vt 0.941819 0.188451
vt 0.829059 0.600261
vt 0.814204 0.611843
vt 0.817860 0.600633
vt 0.662635 0.785859
vt 0.669319 0.802497
vt 0.674999 0.132868
vt 0.228014 0.941692
vt 0.314196 0.751975
vt 0.474143 0.689156
vt 0.903167 0.453434
vt 0.998192 0.527120
vt 0.998192 0.557252
vt 0.994258 0.544138
vt 0.355264 0.758562
vt 0.989282 0.254531
vt 0.989282 0.308221
vt 0.978092 0.270586
vt 0.854783 0.646930
vt 0.859310 0.623358
vt 0.863938 0.636470
vt 0.843087 0.616041
vt 0.892455 0.917717
vt 0.678990 0.290687
vt 0.790648 0.831802
vt 0.802750 0.840207
vt 0.208429 0.925899
vt 0.905586 0.701867
vt 0.906562 0.654902
vt 0.908633 0.678955
vt 0.827337 0.585304
vt 0.815650 0.583811
vt 0.841085 0.579000
vt 0.825317 0.565690
vt 0.688849 0.293293
vt 0.860818 0.356592
vt 0.888558 0.366723
vt 0.986948 0.759561
vt 0.994358 0.752692
vt 0.888758 0.682649
vt 0.890675 0.687484
vt 0.038374 0.984807
vt 0.046986 0.972088
vt 0.862372 0.647617
vt 0.848522 0.071582
vt 0.839094 0.640188
vt 0.931040 0.172535
vt 0.428792 0.231997
vt 0.757363 0.117442
vt 0.746451 0.139949
vt 0.689580 0.298532
vt 0.696190 0.299447
vt 0.969819 0.874534
vt 0.960595 0.858925
vt 0.968295 0.859857
vt 0.962920 0.893020
vt 0.660811 0.289745
vt 0.944893 0.212357
vt 0.946083 0.198302
vt 0.801347 0.624669
vt 0.833737 0.620576
vt 0.977507 0.871886
vt 0.891811 0.409384
vt 0.899514 0.424069
vt 0.887069 0.425304
vt 0.999267 0.993807
vt 0.996536 0.980813
vt 0.999267 0.962920
vt 0.881415 0.358062
vt 0.874663 0.349425
vt 0.265457 0.560829
vt 0.839184 0.588726
vt 0.840718 0.267421
vt 0.842247 0.283842
vt 0.832886 0.265106
vt 0.999675 0.003477
vt 0.996051 0.028480
vt 0.900046 0.446804
vt 0.297706 0.258632
vt 0.802297 0.848828
vt 0.820635 0.289005
vt 0.828164 0.280194
vt 0.697321 0.279975
vt 0.697562 0.301803
vt 0.007323 0.937740
vt 0.017141 0.943807
vt 0.002737 0.942209
vt 0.843858 0.570552
vt 0.948819 0.771657
vt 0.948286 0.779203
vt 0.938892 0.776343
vt 0.001800 0.952616
vt 0.930089 0.191372
vt 0.012403 0.959312
vt 0.013745 0.953487
vt 0.672193 0.288151
vt 0.152951 0.930575
vt 0.171064 0.921202
vt 0.171064 0.948647
vt 0.302593 0.735771
vt 0.854046 0.356579
vt 0.848904 0.325099
vt 0.400460 0.966999
vt 0.398844 0.957791
vt 0.400460 0.948761
vt 0.825868 0.298312
vt 0.268822 0.264344
vt 0.017141 0.973209
vt 0.855985 0.402522
vt 0.956425 0.759860
vt 0.956425 0.799811
vt 0.316184 0.252231
vt 0.955991 0.973536
vt 0.946485 0.957646
vt 0.955991 0.947577
vt 0.879079 0.721619
vt 0.413279 0.239829
vt 0.404192 0.242334
vt 0.841462 0.085948
vt 0.799058 0.681380
vt 0.815391 0.684736
vt 0.816729 0.664881
vt 0.002951 0.970542
vt 0.156087 0.968374
vt 0.828412 0.662668
vt 0.814971 0.315435
vt 0.825539 0.323895
vt 0.000000 0.959651
vt 0.798307 0.870910
vt 0.882528 0.735216
vt 0.943704 0.952316
vt 0.808538 0.316251
vt 0.808914 0.309878
vt 0.804210 0.306301
vt 0.919931 0.737920
vt 0.979490 0.935730
vt 0.247435 0.715692
vt 0.246430 0.723231
vt 0.239994 0.721483
vt 0.233342 0.712539
vt 0.809872 0.132754
vt 0.978385 0.580152
vt 0.965089 0.587146
vt 0.965089 0.564456
vt 0.410786 0.244360
vt 0.981001 0.844789
vt 0.984251 0.849850
vt 0.981001 0.858925
vt 0.880290 0.445473
vt 0.882868 0.435868
vt 0.907290 0.732181
vt 0.191612 0.984771
vt 0.197020 0.961078
vt 0.201987 0.959678
vt 0.944632 0.750988
vt 0.935760 0.713213
vt 0.992242 0.246350
vt 0.987897 0.212651
vt 0.992242 0.189574
vt 0.920280 0.780860
vt 0.932572 0.790401
vt 0.366615 0.794082
vt 0.883774 0.744713
vt 0.291111 0.271682
vt 0.917604 0.788422
vt 0.850006 0.097634
vt 0.668792 0.087130
vt 0.877706 0.460307
vt 0.953159 0.915098
vt 0.979490 0.870306
vt 0.191612 0.939611
vt 0.228560 0.707975
vt 0.233498 0.744927
vt 0.880915 0.434850
vt 0.941185 0.805438
vt 0.916849 0.759860
vt 0.832652 0.680833
vt 0.844991 0.673969
vt 0.721414 0.126572
vt 0.684251 0.982846
vt 0.685303 0.976779
vt 0.685782 0.986372
vt 0.932162 0.802968
vt 0.207907 0.975131
vt 0.201987 0.986686
vt 0.201987 0.939611
vt 0.943704 0.915098
vt 0.928895 0.933952
vt 0.334732 0.765394
vt 0.921988 0.801771
vt 0.686359 0.971739
vt 0.305385 0.262774
vt 0.907782 0.745807
vt 0.781521 0.113137
vt 0.880648 0.453861
vt 0.889123 0.445877
vt 0.887114 0.450454
vt 0.887216 0.442603
vt 0.782435 0.994783
vt 0.773357 0.970831
vt 0.659853 0.948391
vt 0.662635 0.963384
vt 0.659853 0.971085
vt 0.932452 0.978451
vt 0.935758 0.976639
vt 0.935758 0.996224
vt 0.332877 0.810720
vt 0.339873 0.795916
vt 0.804259 0.886499
vt 0.819549 0.892209
vt 0.815591 0.890409
vt 0.966963 0.597265
vt 0.222340 0.768301
vt 0.220530 0.743212
vt 0.860857 0.246913
vt 0.856227 0.255740
vt 0.856227 0.240428
vt 0.464269 0.876127
vt 0.462843 0.894869
vt 0.449856 0.880389
vt 0.833533 0.893847
vt 0.856892 0.452032
vt 0.814998 0.140402
vt 0.804210 0.157747
vt 0.850348 0.911307
vt 0.839468 0.918231
vt 0.311462 0.782706
vt 0.817510 0.717331
vt 0.723740 0.112229
vt 0.772180 0.975113
vt 0.281404 0.291616
vt 0.869694 0.939147
vt 0.921394 0.809525
vt 0.882201 0.751017
vt 0.251261 0.707877
vt 0.251261 0.671377
vt 0.262813 0.693145
vt 0.917604 0.948707
vt 0.963635 0.917859
vt 0.956425 0.905536
vt 0.850159 0.123495
vt 0.733798 0.115795
vt 0.983464 0.674965
vt 0.978889 0.669758
vt 0.983464 0.662185
vt 0.924901 0.808729
vt 0.305015 0.759620
vt 0.853257 0.429387
vt 0.829998 0.145556
vt 0.847050 0.144529
vt 0.122245 0.921202
vt 0.119446 0.942927
vt 0.119729 0.928839
vt 0.806785 0.763021
vt 0.835470 0.756547
vt 0.805961 0.768862
vt 0.818678 0.723499
vt 0.846203 0.729762
vt 0.647411 0.081266
vt 0.722243 0.064075
vt 0.132438 0.940840
vt 0.457770 0.909800
vt 0.950539 0.818326
vt 0.996045 0.687911
vt 0.986948 0.694094
vt 0.986948 0.674965
vt 0.462337 0.911599
vt 0.854735 0.719578
vt 0.982448 0.966256
vt 0.972821 0.942418
vt 0.984279 0.935730
vt 0.697856 0.996963
vt 0.697856 0.976063
vt 0.702703 0.984482
vt 0.805169 0.163844
vt 0.747070 0.101031
vt 0.266494 0.299654
vt 0.829407 0.920480
vt 0.838503 0.974880
vt 0.826849 0.963640
vt 0.836423 0.939147
vt 0.784899 0.084672
vt 0.804210 0.136021
vt 0.983878 0.066666
vt 0.989302 0.072895
vt 0.983878 0.090961
vt 0.869622 0.463155
vt 0.826849 0.983782
vt 0.834590 0.978672
vt 0.804415 0.909500
vt 0.858942 0.745350
vt 0.854409 0.477772
vt 0.268411 0.297528
vt 0.803654 0.591926
vt 0.809795 0.591926
vt 0.806998 0.599812
vt 0.777299 0.088136
vt 0.723880 0.103940
vt 0.855162 0.480946
vt 0.993480 0.071200
vt 0.129960 0.971222
vt 0.994372 0.706312
vt 0.724776 0.100263
vt 0.238700 0.736987
vt 0.242583 0.762274
vt 0.992911 0.483749
vt 0.991688 0.507121
vt 0.985184 0.508738
vt 0.580359 0.147813
vt 0.588274 0.115837
vt 0.989380 0.512397
vt 0.813105 0.183961
vt 0.807360 0.174381
vt 0.819374 0.170025
vt 0.992911 0.527120
vt 0.701762 0.048393
vt 0.824935 0.930245
vt 0.920501 0.827232
vt 0.826838 0.183095
vt 0.464269 0.927618
vt 0.452689 0.919053
vt 0.843764 0.761526
vt 0.852151 0.798624
vt 0.871583 0.782562
vt 0.879079 0.788841
vt 0.987897 0.189574
vt 0.982309 0.217080
vt 0.981423 0.202131
vt 0.833965 0.163465
vt 0.751873 0.095342
vt 0.976725 0.212929
vt 0.987712 0.210695
vt 0.855618 0.783569
vt 0.863073 0.769699
vt 0.710399 0.009720
vt 0.734103 0.093853
vt 0.836427 0.783135
vt 0.605956 0.919902
vt 0.621111 0.919982
vt 0.610471 0.943268
vt 0.285108 0.292884
vt 0.275721 0.317274
vt 0.817343 0.788832
vt 0.816492 0.773504
vt 0.810487 0.788826
vt 0.422905 0.912125
vt 0.992591 0.100937
vt 0.241221 0.785048
vt 0.851999 0.106668
vt 0.856916 0.152834
vt 0.978472 0.979405
vt 0.659853 0.995589
vt 0.662040 0.988797
vt 0.187936 0.952010
vt 0.185661 0.964575
vt 0.179295 0.939611
vt 0.989124 0.098537
vt 0.605779 0.090284
vt 0.736758 0.081526
vt 0.980711 0.470070
vt 0.975234 0.483230
vt 0.832001 0.794906
vt 0.625108 0.930116
vt 0.137183 0.932334
vt 0.137183 0.961084
vt 0.834971 0.804615
vt 0.891755 0.974581
vt 0.897998 0.974453
vt 0.897998 0.992790
vt 0.492521 0.665328
vt 0.481811 0.665148
vt 0.480042 0.658502
vt 0.980711 0.482545
vt 0.983279 0.476367
vt 0.840074 0.169136
vt 0.271174 0.325099
vt 0.672327 0.117205
vt 0.943151 0.844348
vt 0.314860 0.799204
vt 0.984279 0.981341
vt 0.623882 0.940547
vt 0.816574 0.193881
vt 0.778181 0.079496
vt 0.230814 0.787023
vt 0.191612 0.974626
vt 0.429712 0.943993
vt 0.356814 0.817361
vt 0.338486 0.822116
vt 0.848904 0.483749
vt 0.502662 0.663400
vt 0.502572 0.674825
vt 0.493318 0.675120
vt 0.432215 0.911581
vt 0.957404 0.743829
vt 0.970647 0.753222
vt 0.952254 0.742891
vt 0.984331 0.099635
vt 0.600053 0.096630
vt 0.597854 0.089698
vt 0.243588 0.787474
vt 0.035965 0.985273
vt 0.017141 0.979632
vt 0.035965 0.966317
vt 0.329042 0.820751
vt 0.997608 0.192600
vt 0.992242 0.205464
vt 0.829436 0.195296
vt 0.995900 0.219952
vt 0.988605 0.103197
vt 0.842304 0.185191
vt 0.952810 0.686172
vt 0.975794 0.674965
vt 0.971265 0.702855
vt 0.679615 0.320757
vt 0.687584 0.313147
vt 0.687584 0.322870
vt 0.987897 0.249628
vt 0.476256 0.687036
vt 0.476584 0.655063
vt 0.994539 0.628409
vt 0.994539 0.600261
vt 0.998660 0.612876
vt 0.629169 0.051837
vt 0.922333 0.852415
vt 0.956170 0.226145
vt 0.945334 0.221917
vt 0.956329 0.212356
vt 0.947089 0.213615
vt 0.923950 0.754480
vt 0.926906 0.750988
vt 0.926906 0.759421
vt 0.991386 0.973920
vt 0.991407 0.969158
vt 0.996536 0.973920
vt 0.179295 0.978020
vt 0.017000 0.973209
vt 0.017000 0.997820
vt 0.013243 0.982478
vt 0.723886 0.096778
vt 0.729526 0.064019
vt 0.609548 0.950629
vt 0.958436 0.735330
vt 0.973968 0.750419
vt 0.993987 0.935730
vt 0.786652 0.916625
vt 0.786652 0.872333
vt 0.789722 0.896237
vt 0.960193 0.702779
vt 0.964933 0.730463
vt 0.952254 0.698651
vt 0.351112 0.825755
vt 0.332470 0.825929
vt 0.215138 0.861320
vt 0.208231 0.861320
vt 0.208931 0.847637
vt 0.501562 0.693997
vt 0.967837 0.713755
vt 0.843411 0.200447
vt 0.974317 0.710466
vt 0.938227 0.227833
vt 0.488655 0.688656
vt 0.066353 0.862976
vt 0.063312 0.880367
vt 0.052630 0.857836
vt 0.933049 0.218640
vt 0.977177 0.705532
vt 0.482808 0.698824
vt 0.946395 0.244864
vt 0.946395 0.256928
vt 0.944323 0.256019
vt 0.238385 0.809370
vt 0.931565 0.876229
vt 0.925289 0.874031
vt 0.939580 0.862401
vt 0.931371 0.224236
vt 0.930089 0.219823
vt 0.585491 0.069294
vt 0.885124 0.991908
vt 0.885124 0.974453
vt 0.891755 0.987759
vt 0.971067 0.486823
vt 0.963606 0.496689
vt 0.963243 0.483749
vt 0.999615 0.720117
vt 0.996589 0.732163
vt 0.996589 0.706312
vt 0.220530 0.832355
vt 0.986941 0.935730
vt 0.979490 0.922929
vt 0.986941 0.918064
vt 0.078809 0.875684
vt 0.075403 0.861981
vt 0.935758 0.991160
vt 0.939280 0.976639
vt 0.939280 0.994420
vt 0.981612 0.919423
vt 0.727229 0.319886
vt 0.730329 0.323281
vt 0.936682 0.235529
vt 0.837978 0.207894
vt 0.833012 0.208513
vt 0.047754 0.893164
vt 0.052449 0.871089
vt 0.056815 0.884555
vt 0.956329 0.244864
vt 0.727272 0.037198
vt 0.829647 0.599850
vt 0.824183 0.598813
vt 0.829647 0.592459
vt 0.605956 0.969499
vt 0.259464 0.488060
vt 0.263286 0.498567
vt 0.255282 0.496681
vt 0.972821 0.974403
vt 0.972821 0.994574
vt 0.966960 0.989816
vt 0.823675 0.593314
vt 0.827238 0.588726
vt 0.976376 0.483749
vt 0.979052 0.497798
vt 0.972220 0.504618
vt 0.488535 0.704852
vt 0.093988 0.850731
vt 0.086308 0.874681
vt 0.972220 0.506745
vt 0.963830 0.509425
vt 0.576849 0.033713
vt 0.502662 0.721498
vt 0.497331 0.713752
vt 0.255959 0.506027
vt 0.492896 0.873160
vt 0.487676 0.873160
vt 0.490069 0.866386
vt 0.959339 0.509526
vt 0.995072 0.776547
vt 0.988262 0.796123
vt 0.986150 0.759860
vt 0.964304 0.024866
vt 0.967491 0.088725
vt 0.958226 0.000000
vt 0.068477 0.915338
vt 0.944924 0.505459
vt 0.653221 0.322729
vt 0.645131 0.309820
vt 0.986150 0.778491
vt 0.054432 0.906680
vt 0.077121 0.905283
vt 0.082361 0.884496
vt 0.797143 0.991969
vt 0.799450 0.986832
vt 0.802320 0.990564
vt 0.805591 0.974081
vt 0.502662 0.664193
vt 0.507282 0.706615
vt 0.502662 0.721527
vt 0.483206 0.719133
vt 0.077309 0.890053
vt 0.999747 0.659280
vt 0.996418 0.673915
vt 0.797143 0.972293
vt 0.232342 0.850783
vt 0.728789 0.991836
vt 0.737410 0.966278
vt 0.737410 0.995516
vt 0.263120 0.518517
vt 0.944082 0.868198
vt 0.929315 0.915098
vt 0.093412 0.881089
vt 0.093988 0.921459
vt 0.852241 0.226732
vt 0.852095 0.214875
vt 0.237703 0.851660
vt 0.248710 0.803597
vt 0.262863 0.805338
vt 0.627480 0.027644
vt 0.174258 0.931185
vt 0.177795 0.964336
vt 0.171064 0.974225
vt 0.685781 0.014434
vt 0.226056 0.848401
vt 0.496397 0.723243
vt 0.255282 0.538190
vt 0.059177 0.913997
vt 0.973523 0.540287
vt 0.084809 0.932664
vt 0.725836 0.027707
vt 0.500140 0.730674
vt 0.575058 0.049965
vt 0.505793 0.663957
vt 0.857245 0.222008
vt 0.971453 0.542154
vt 0.573880 0.037669
vt 0.985184 0.540016
vt 0.964370 0.103687
vt 0.631326 0.026235
vt 0.263009 0.541615
vt 0.958376 0.513262
vt 0.961569 0.552806
vt 0.601889 0.021520
vt 0.669947 0.313147
vt 0.679615 0.316603
vt 0.669947 0.323931
vt 0.489635 0.743167
vt 0.090182 0.930332
vt 0.494059 0.751601
vt 0.860935 0.240428
vt 0.063215 0.930628
vt 0.803942 0.318114
vt 0.800777 0.322555
vt 0.800777 0.314506
vt 0.628686 0.313203
vt 0.637672 0.323781
vt 0.630744 0.321206
vt 0.625945 0.018283
vt 0.504045 0.655063
vt 0.970087 0.104860
vt 0.967957 0.113926
vt 0.486180 0.743079
vt 0.576835 0.029952
vt 0.713912 0.008493
vt 0.699885 0.000000
vt 0.995441 0.580659
vt 0.999458 0.561379
vt 0.999458 0.588698
vt 0.986030 0.851611
vt 0.984251 0.856104
vt 0.984251 0.844790
vt 0.086591 0.935468
vt 0.967739 0.560237
vt 0.247462 0.843884
vt 0.240400 0.863046
vt 0.602140 0.012415
vt 0.256746 0.850743
vt 0.489173 0.760196
vt 0.480979 0.759418
vt 0.984101 0.549312
vt 0.960466 0.560647
vt 0.615387 0.013476
vt 0.707080 0.000552
vt 0.972220 0.558829
vt 0.219643 0.968852
vt 0.227157 0.991281
vt 0.219643 0.996940
vt 0.227692 0.857293
vt 0.811719 0.985230
vt 0.812119 0.978869
vt 0.819679 0.991773
vt 0.807174 0.972284
vt 0.816019 0.976436
vt 0.963463 0.120655
vt 0.972220 0.564456
vt 0.819679 0.969357
vt 0.813871 0.966436
vt 0.958226 0.120783
vt 0.483525 0.763012
vt 0.687602 0.317230
vt 0.691472 0.319355
vt 0.687885 0.324558
vt 0.691472 0.311977
vt 0.986622 0.674080
vt 0.983464 0.660276
vt 0.645645 0.970178
vt 0.643378 0.963446
vt 0.645645 0.955949
s 1
usemtl Material.004
f 1/1/1 2/2/2 3/3/3
f 4/4/4 1/1/1 5/5/5
f 4/4/4 5/5/5 6/6/6
f 1/1/1 3/3/3 5/5/5
f 2/2/2 7/7/7 3/3/3
f 4/4/4 8/8/8 1/1/1
f 9/9/9 2/2/2 1/1/1
f 10/10/10 11/11/11 12/12/12
f 12/12/12 11/11/11 13/13/13
f 8/8/8 11/11/11 10/10/10
f 8/8/8 4/4/4 11/11/11
f 11/11/11 4/4/4 13/13/13
f 14/14/14 15/15/15 1/1/1
f 3/3/3 16/16/16 5/5/5
f 3/3/3 7/7/7 16/16/16
f 17/17/17 12/12/12 18/18/18
f 12/12/12 13/13/13 19/19/19
f 8/8/8 14/14/14 1/1/1
f 4/4/4 6/6/6 20/20/20
f 15/15/15 21/21/21 1/1/1
f 21/21/21 9/9/9 1/1/1
f 17/17/17 22/22/22 12/12/12
f 12/12/12 22/22/22 23/23/23
f 23/23/23 10/10/10 12/12/12
f 9/9/9 24/24/24 2/2/2
f 16/16/16 7/7/7 25/25/25
f 26/26/26 16/16/16 25/25/25
f 27/27/27 22/28/22 17/29/17
f 28/30/28 13/13/13 29/31/29
f 2/2/2 24/24/24 7/7/7
f 30/32/30 17/17/17 18/18/18
f 18/18/18 12/12/12 31/33/31
f 23/23/23 8/8/8 10/10/10
f 13/13/13 28/30/28 19/19/19
f 6/6/6 5/5/5 32/34/32
f 5/5/5 16/16/16 32/34/32
f 31/33/31 12/12/12 33/35/33
f 4/4/4 20/20/20 13/13/13
f 21/21/21 34/36/34 9/9/9
f 23/23/23 14/14/14 8/8/8
f 14/14/14 35/37/35 36/38/36
f 20/20/20 29/31/29 13/13/13
f 9/9/9 37/39/37 24/24/24
f 36/38/36 15/15/15 14/14/14
f 34/36/34 37/39/37 9/9/9
f 24/24/24 38/40/38 7/7/7
f 26/26/26 39/41/39 16/16/16
f 7/7/7 40/42/40 25/25/25
f 12/12/12 41/43/41 33/35/33
f 19/19/19 41/43/41 12/12/12
f 35/37/35 14/14/14 23/23/23
f 16/16/16 42/44/42 32/34/32
f 34/36/34 43/45/43 37/39/37
f 38/40/38 40/42/40 7/7/7
f 28/46/28 29/47/29 44/48/44
f 45/49/45 18/50/18 31/51/31
f 46/52/46 35/37/35 23/23/23
f 47/53/47 20/20/20 6/6/6
f 30/54/30 48/55/48 17/56/17
f 27/57/27 17/58/17 48/59/48
f 49/60/49 18/18/18 45/61/45
f 46/52/46 23/23/23 22/22/22
f 28/62/28 44/63/44 19/64/19
f 20/20/20 47/53/47 29/31/29
f 50/65/50 34/36/34 21/21/21
f 42/44/42 16/16/16 39/41/39
f 25/25/25 40/42/40 51/66/51
f 22/28/22 27/27/27 46/67/46
f 29/47/29 52/68/52 44/48/44
f 25/25/25 51/66/51 26/26/26
f 37/39/37 38/40/38 24/24/24
f 33/35/33 41/43/41 53/69/53
f 15/15/15 50/65/50 21/21/21
f 32/34/32 47/53/47 6/6/6
f 40/42/40 38/40/38 54/70/54
f 19/64/19 44/63/44 55/71/55
f 50/65/50 56/72/56 34/36/34
f 45/61/45 31/33/31 33/35/33
f 29/31/29 47/53/47 52/73/52
f 37/39/37 43/45/43 57/74/57
f 51/66/51 40/42/40 54/70/54
f 32/34/32 58/75/58 47/53/47
f 18/76/18 59/77/59 30/54/30
f 39/41/39 26/26/26 51/66/51
f 37/39/37 60/78/60 38/40/38
f 51/66/51 54/70/54 61/79/61
f 38/40/38 62/80/62 54/70/54
f 54/70/54 62/80/62 63/81/63
f 36/38/36 35/37/35 64/82/64
f 52/68/52 65/83/65 44/48/44
f 60/78/60 37/39/37 57/74/57
f 64/82/64 66/84/66 36/38/36
f 32/34/32 42/44/42 58/75/58
f 67/85/67 57/74/57 43/45/43
f 36/38/36 68/86/68 15/15/15
f 47/53/47 69/87/69 52/73/52
f 70/88/70 27/57/27 48/59/48
f 53/89/53 71/90/71 33/91/33
f 39/92/39 72/93/72 73/94/73
f 18/76/18 49/95/49 59/77/59
f 35/37/35 46/52/46 74/96/74
f 19/19/19 75/97/75 41/43/41
f 19/19/19 55/98/55 75/97/75
f 34/36/34 76/99/76 43/45/43
f 38/40/38 77/100/77 62/80/62
f 68/86/68 56/72/56 15/15/15
f 15/15/15 56/72/56 50/65/50
f 47/101/47 58/102/58 69/103/69
f 39/92/39 73/94/73 42/104/42
f 60/78/60 77/100/77 38/40/38
f 78/105/78 49/60/49 45/61/45
f 55/71/55 44/63/44 65/106/65
f 52/68/52 69/103/69 65/83/65
f 53/69/53 41/43/41 79/107/79
f 43/45/43 76/99/76 67/85/67
f 71/90/71 80/108/80 33/91/33
f 65/106/65 81/109/81 55/71/55
f 63/81/63 82/110/82 54/70/54
f 79/107/79 83/111/83 53/69/53
f 74/96/74 64/82/64 35/37/35
f 36/112/36 66/113/66 68/114/68
f 51/115/51 61/116/61 39/92/39
f 84/117/84 60/78/60 57/74/57
f 82/110/82 61/79/61 54/70/54
f 30/54/30 59/77/59 85/118/85
f 74/119/74 46/67/46 86/120/86
f 81/121/81 87/122/87 55/123/55
f 68/124/68 88/125/88 56/126/56
f 30/54/30 85/118/85 48/55/48
f 46/67/46 27/27/27 86/120/86
f 33/35/33 78/105/78 45/61/45
f 53/69/53 89/127/89 71/128/71
f 55/123/55 87/122/87 75/129/75
f 61/116/61 72/93/72 39/92/39
f 53/69/53 83/111/83 89/127/89
f 64/130/64 90/131/90 66/132/66
f 34/133/34 56/126/56 76/134/76
f 49/95/49 91/135/91 59/77/59
f 70/88/70 92/136/92 27/57/27
f 93/137/93 60/78/60 84/117/84
f 78/138/78 91/135/91 49/95/49
f 89/139/89 80/108/80 71/90/71
f 41/140/41 75/129/75 79/141/79
f 94/142/94 77/100/77 60/78/60
f 62/143/62 77/144/77 63/145/63
f 78/138/78 95/146/95 91/135/91
f 96/147/96 88/125/88 68/124/68
f 58/102/58 42/104/42 97/148/97
f 33/35/33 80/149/80 78/105/78
f 85/118/85 59/77/59 91/135/91
f 58/102/58 97/148/97 98/150/98
f 92/136/92 86/151/86 27/57/27
f 58/102/58 98/150/98 69/103/69
f 99/152/99 76/134/76 56/126/56
f 42/104/42 100/153/100 97/148/97
f 67/154/67 76/134/76 101/155/101
f 77/100/77 102/156/102 63/81/63
f 80/157/80 89/158/89 103/159/103
f 104/160/104 64/82/64 74/96/74
f 105/161/105 79/141/79 75/129/75
f 66/132/66 90/131/90 106/162/106
f 75/129/75 87/122/87 105/161/105
f 42/104/42 73/94/73 100/153/100
f 85/118/85 107/163/107 48/55/48
f 92/136/92 70/88/70 107/164/107
f 74/119/74 86/120/86 104/165/104
f 57/74/57 108/166/108 84/117/84
f 94/142/94 60/78/60 93/137/93
f 88/125/88 109/167/109 56/126/56
f 67/85/67 110/168/110 57/74/57
f 110/168/110 108/166/108 57/74/57
f 48/55/48 107/163/107 70/169/70
f 66/132/66 96/147/96 68/124/68
f 94/142/94 111/170/111 77/100/77
f 108/166/108 93/137/93 84/117/84
f 91/135/91 112/171/112 85/118/85
f 64/130/64 113/172/113 90/131/90
f 102/156/102 114/173/114 63/81/63
f 102/156/102 77/100/77 111/170/111
f 95/174/95 78/175/78 80/157/80
f 96/147/96 66/132/66 106/162/106
f 72/176/72 61/79/61 115/177/115
f 67/85/67 116/178/116 110/168/110
f 85/118/85 112/171/112 117/179/117
f 110/168/110 118/180/118 108/166/108
f 83/181/83 103/159/103 89/158/89
f 88/125/88 119/182/119 109/167/109
f 76/134/76 99/152/99 101/155/101
f 63/81/63 114/173/114 120/183/120
f 80/157/80 103/159/103 121/184/121
f 119/182/119 88/125/88 96/147/96
f 82/110/82 63/81/63 120/183/120
f 114/185/114 102/186/102 120/187/120
f 85/118/85 117/179/117 107/163/107
f 87/122/87 81/121/81 122/188/122
f 110/189/110 116/190/116 118/191/118
f 104/192/104 113/172/113 64/130/64
f 81/109/81 65/106/65 122/193/122
f 69/103/69 123/194/123 65/83/65
f 108/166/108 124/195/124 93/137/93
f 93/137/93 125/196/125 94/142/94
f 126/197/126 86/198/86 92/199/92
f 109/167/109 99/152/99 56/126/56
f 82/110/82 120/183/120 127/200/127
f 95/174/95 80/157/80 128/201/128
f 90/131/90 129/202/129 130/203/130
f 105/161/105 87/122/87 122/188/122
f 65/83/65 123/194/123 131/204/131
f 98/150/98 97/148/97 132/205/132
f 101/155/101 133/206/133 67/154/67
f 116/190/116 134/207/134 118/191/118
f 93/137/93 124/195/124 125/196/125
f 113/172/113 129/202/129 90/131/90
f 73/94/73 72/93/72 135/208/135
f 136/209/136 137/210/137 94/142/94
f 111/170/111 138/211/138 102/156/102
f 126/212/126 104/165/104 86/120/86
f 90/131/90 130/203/130 139/213/139
f 133/214/133 116/178/116 67/85/67
f 94/142/94 125/196/125 136/209/136
f 94/142/94 138/211/138 111/170/111
f 140/215/140 92/216/92 107/163/107
f 118/180/118 141/217/141 108/166/108
f 82/110/82 142/218/142 61/79/61
f 103/159/103 143/219/143 121/184/121
f 103/159/103 83/181/83 143/219/143
f 115/177/115 61/79/61 142/218/142
f 112/171/112 91/135/91 144/220/144
f 90/131/90 139/213/139 106/162/106
f 73/94/73 135/208/135 100/153/100
f 106/162/106 119/182/119 96/147/96
f 123/194/123 69/103/69 132/205/132
f 98/150/98 132/205/132 69/103/69
f 97/148/97 100/153/100 145/221/145
f 72/176/72 115/177/115 146/222/146
f 147/223/147 136/209/136 125/196/125
f 94/142/94 137/210/137 138/211/138
f 118/191/118 148/224/148 141/225/141
f 149/226/149 137/210/137 136/209/136
f 91/135/91 95/146/95 144/220/144
f 108/227/108 141/228/141 124/229/124
f 125/230/125 150/231/150 147/232/147
f 128/201/128 80/157/80 121/184/121
f 113/172/113 151/233/151 152/234/152
f 83/181/83 79/141/79 143/219/143
f 119/182/119 153/235/153 109/167/109
f 72/176/72 146/222/146 154/236/154
f 137/210/137 155/237/155 138/211/138
f 104/165/104 126/212/126 151/238/151
f 113/239/113 152/240/152 129/241/129
f 65/106/65 131/242/131 122/193/122
f 109/167/109 156/243/156 99/152/99
f 97/148/97 145/221/145 132/205/132
f 127/244/127 120/187/120 157/245/157
f 113/172/113 104/192/104 151/233/151
f 139/213/139 158/246/158 106/162/106
f 106/162/106 158/246/158 119/182/119
f 159/247/159 156/243/156 109/167/109
f 99/152/99 160/248/160 101/155/101
f 145/221/145 100/153/100 161/249/161
f 100/250/100 135/251/135 161/252/161
f 142/253/142 82/254/82 162/255/162
f 112/171/112 163/256/163 117/179/117
f 140/257/140 126/197/126 92/199/92
f 160/248/160 133/206/133 101/155/101
f 146/222/146 115/177/115 142/218/142
f 141/228/141 125/258/125 124/229/124
f 137/210/137 149/226/149 155/237/155
f 146/222/146 142/218/142 164/259/164
f 102/156/102 138/211/138 165/260/165
f 107/163/107 117/179/117 166/261/166
f 121/184/121 143/219/143 167/262/167
f 159/247/159 168/263/168 156/243/156
f 72/264/72 154/265/154 135/266/135
f 144/220/144 169/267/169 112/171/112
f 99/152/99 156/243/156 160/248/160
f 160/248/160 170/268/170 133/206/133
f 133/206/133 134/207/134 116/190/116
f 120/187/120 102/186/102 171/269/171
f 138/211/138 155/237/155 172/270/172
f 166/261/166 140/215/140 107/163/107
f 173/271/173 121/184/121 167/262/167
f 152/240/152 130/272/130 129/241/129
f 174/273/174 154/236/154 146/222/146
f 146/222/146 164/259/164 175/274/175
f 164/259/164 142/218/142 176/275/176
f 79/141/79 105/161/105 143/219/143
f 170/268/170 134/207/134 133/206/133
f 146/222/146 175/274/175 174/273/174
f 142/253/142 162/255/162 176/276/176
f 102/277/102 165/278/165 177/279/177
f 121/184/121 173/271/173 128/201/128
f 172/270/172 178/280/178 138/211/138
f 120/187/120 179/281/179 157/245/157
f 165/260/165 138/211/138 178/280/178
f 95/146/95 180/282/180 144/220/144
f 126/197/126 140/257/140 181/283/181
f 151/233/151 182/284/182 152/234/152
f 130/272/130 152/240/152 139/285/139
f 105/161/105 183/286/183 143/219/143
f 160/248/160 184/287/184 170/268/170
f 175/274/175 164/259/164 185/288/185
f 134/207/134 148/224/148 118/191/118
f 82/289/82 127/244/127 162/290/162
f 125/258/125 141/228/141 150/291/150
f 136/209/136 155/237/155 149/226/149
f 145/221/145 161/249/161 186/292/186
f 175/274/175 185/288/185 174/273/174
f 170/268/170 187/293/187 134/207/134
f 164/259/164 188/294/188 185/288/185
f 120/187/120 171/269/171 179/281/179
f 177/279/177 165/278/165 178/295/178
f 143/296/143 189/297/189 167/298/167
f 143/296/143 190/299/190 189/297/189
f 153/235/153 159/247/159 109/167/109
f 135/300/135 154/236/154 174/273/174
f 191/301/191 147/232/147 150/231/150
f 95/174/95 128/201/128 180/302/180
f 126/212/126 181/303/181 151/238/151
f 143/296/143 183/304/183 190/299/190
f 139/213/139 192/305/192 158/246/158
f 161/249/161 135/208/135 193/306/193
f 102/307/102 177/308/177 171/309/171
f 151/310/151 181/311/181 194/312/194
f 183/304/183 195/313/195 190/299/190
f 186/292/186 161/249/161 193/306/193
f 136/209/136 196/314/196 155/237/155
f 117/179/117 197/315/197 166/261/166
f 151/233/151 198/316/198 182/284/182
f 167/262/167 189/317/189 173/271/173
f 105/161/105 199/318/199 183/286/183
f 122/188/122 199/318/199 105/161/105
f 132/205/132 145/221/145 186/292/186
f 185/288/185 200/319/200 174/273/174
f 166/320/166 201/321/201 140/257/140
f 151/233/151 194/322/194 198/316/198
f 190/323/190 202/324/202 189/317/189
f 139/213/139 152/234/152 192/305/192
f 164/259/164 176/275/176 203/325/203
f 157/245/157 162/290/162 127/244/127
f 147/232/147 191/301/191 204/326/204
f 166/261/166 197/315/197 201/327/201
f 122/188/122 205/328/205 199/318/199
f 153/235/153 119/182/119 206/329/206
f 123/194/123 207/330/207 131/204/131
f 170/268/170 184/287/184 208/331/208
f 135/300/135 174/273/174 209/332/209
f 176/276/176 210/333/210 203/334/203
f 136/209/136 211/335/211 196/314/196
f 155/237/155 212/336/212 172/270/172
f 140/257/140 213/337/213 181/283/181
f 182/284/182 192/305/192 152/234/152
f 202/324/202 190/323/190 195/338/195
f 158/246/158 206/329/206 119/182/119
f 122/193/122 131/242/131 205/339/205
f 188/294/188 164/259/164 203/325/203
f 150/291/150 141/228/141 214/340/214
f 201/321/201 213/337/213 140/257/140
f 194/341/194 181/342/181 198/343/198
f 215/344/215 192/305/192 182/284/182
f 131/204/131 207/330/207 216/345/216
f 162/255/162 210/333/210 176/276/176
f 214/346/214 217/347/217 150/348/150
f 156/243/156 168/263/168 218/349/218
f 132/205/132 186/292/186 219/350/219
f 217/347/217 191/351/191 150/348/150
f 147/223/147 211/335/211 136/209/136
f 144/220/144 220/352/220 169/267/169
f 128/201/128 173/271/173 180/302/180
f 156/243/156 184/287/184 160/248/160
f 188/353/188 203/334/203 221/354/221
f 157/245/157 179/281/179 222/355/222
f 189/317/189 223/356/223 173/271/173
f 209/357/209 193/358/193 135/359/135
f 177/308/177 224/360/224 171/309/171
f 189/317/189 202/324/202 223/356/223
f 195/338/195 225/361/225 202/324/202
f 156/243/156 226/362/226 184/287/184
f 185/288/185 188/294/188 227/363/227
f 227/364/227 188/353/188 221/354/221
f 134/207/134 228/365/228 148/224/148
f 229/366/229 214/340/214 141/228/141
f 230/367/230 179/281/179 171/269/171
f 198/316/198 215/344/215 182/284/182
f 199/368/199 225/369/225 183/370/183
f 225/369/225 195/371/195 183/370/183
f 228/365/228 231/372/231 148/224/148
f 214/373/214 232/374/232 217/375/217
f 147/232/147 233/376/233 211/377/211
f 178/280/178 172/270/172 234/378/234
f 180/282/180 220/352/220 144/220/144
f 173/271/173 235/379/235 180/302/180
f 198/343/198 181/342/181 236/380/236
f 158/246/158 192/305/192 206/329/206
f 216/381/216 237/382/237 131/242/131
f 218/349/218 226/362/226 156/243/156
f 209/332/209 174/273/174 238/383/238
f 170/268/170 208/331/208 187/293/187
f 191/301/191 239/384/239 204/326/204
f 178/295/178 240/385/240 177/279/177
f 173/271/173 223/356/223 241/386/241
f 198/343/198 236/380/236 215/387/215
f 132/205/132 242/388/242 123/194/123
f 217/347/217 239/389/239 191/351/191
f 155/237/155 196/314/196 212/336/212
f 200/319/200 238/383/238 174/273/174
f 243/390/243 186/292/186 193/306/193
f 147/232/147 204/326/204 233/376/233
f 206/329/206 244/391/244 153/235/153
f 159/247/159 218/349/218 168/263/168
f 148/392/148 229/393/229 141/394/141
f 179/281/179 245/395/245 222/355/222
f 230/396/230 171/397/171 246/398/246
f 112/171/112 169/267/169 163/256/163
f 185/288/185 247/399/247 200/319/200
f 157/245/157 248/400/248 162/290/162
f 217/401/217 249/402/249 239/384/239
f 172/270/172 250/403/250 234/378/234
f 212/336/212 250/403/250 172/270/172
f 187/293/187 228/365/228 134/207/134
f 203/334/203 210/333/210 221/354/221
f 251/404/251 210/333/210 162/255/162
f 246/398/246 171/397/171 224/405/224
f 234/378/234 252/406/252 253/407/253
f 254/408/254 215/344/215 236/409/236
f 199/318/199 205/328/205 255/410/255
f 237/382/237 205/339/205 131/242/131
f 221/354/221 256/411/256 227/364/227
f 234/378/234 250/403/250 252/406/252
f 180/282/180 235/412/235 257/413/257
f 213/337/213 258/414/258 181/283/181
f 202/415/202 259/416/259 223/417/223
f 254/408/254 192/305/192 215/344/215
f 260/418/260 206/329/206 192/305/192
f 255/410/255 205/328/205 237/419/237
f 261/420/261 200/319/200 247/399/247
f 217/401/217 232/421/232 249/402/249
f 225/422/225 262/423/262 202/424/202
f 255/425/255 225/369/225 199/368/199
f 244/426/244 159/427/159 153/428/153
f 263/429/263 238/383/238 200/319/200
f 263/429/263 200/319/200 261/420/261
f 185/288/185 227/363/227 247/399/247
f 208/331/208 264/430/264 187/293/187
f 162/431/162 248/432/248 265/433/265
f 177/308/177 266/434/266 224/360/224
f 212/336/212 267/435/267 250/403/250
f 267/435/267 212/336/212 196/314/196
f 163/256/163 268/436/268 117/179/117
f 117/179/117 268/436/268 197/315/197
f 236/409/236 269/437/269 254/408/254
f 225/438/225 255/439/255 237/440/237
f 132/205/132 219/350/219 242/388/242
f 238/383/238 270/441/270 209/332/209
f 184/287/184 226/362/226 271/442/271
f 162/443/162 265/444/265 251/445/251
f 222/355/222 248/400/248 157/245/157
f 177/308/177 240/446/240 266/434/266
f 204/326/204 272/447/272 233/376/233
f 234/378/234 253/407/253 178/280/178
f 220/352/220 180/282/180 257/413/257
f 213/337/213 273/448/273 258/414/258
f 258/414/258 236/409/236 181/283/181
f 225/422/225 274/449/274 262/423/262
f 225/422/225 237/450/237 274/449/274
f 184/287/184 271/442/271 208/331/208
f 214/451/214 275/452/275 232/453/232
f 249/454/249 232/453/232 275/452/275
f 197/455/197 276/456/276 201/321/201
f 213/337/213 201/321/201 273/448/273
f 236/409/236 277/457/277 269/437/269
f 263/429/263 261/420/261 278/458/278
f 231/372/231 229/459/229 148/224/148
f 246/460/246 224/360/224 266/434/266
f 272/447/272 211/377/211 233/376/233
f 123/194/123 279/461/279 207/330/207
f 238/383/238 263/429/263 278/458/278
f 221/354/221 210/333/210 256/411/256
f 245/462/245 179/463/179 230/396/230
f 204/326/204 239/384/239 272/447/272
f 260/418/260 280/464/280 206/329/206
f 237/382/237 216/381/216 274/465/274
f 261/466/261 247/467/247 281/468/281
f 247/467/247 227/364/227 282/469/282
f 271/442/271 283/470/283 208/331/208
f 284/471/284 285/472/285 243/473/243
f 246/398/246 286/474/286 230/396/230
f 239/384/239 249/402/249 287/475/287
f 254/476/254 260/477/260 192/478/192
f 216/345/216 207/330/207 279/461/279
f 278/479/278 288/480/288 238/481/238
f 226/362/226 218/349/218 289/482/289
f 290/483/290 193/484/193 209/485/209
f 208/331/208 283/470/283 264/430/264
f 178/295/178 253/486/253 240/385/240
f 202/415/202 291/487/291 259/416/259
f 206/329/206 280/464/280 244/391/244
f 274/488/274 216/345/216 292/489/292
f 238/481/238 293/490/293 270/491/270
f 261/466/261 281/468/281 278/492/278
f 243/493/243 285/494/285 186/495/186
f 264/496/264 294/497/294 187/498/187
f 187/498/187 294/497/294 228/499/228
f 275/452/275 295/500/295 249/454/249
f 287/475/287 272/447/272 239/384/239
f 211/335/211 296/501/296 196/314/196
f 173/271/173 241/386/241 235/379/235
f 193/502/193 297/503/297 243/504/243
f 227/364/227 298/505/298 282/469/282
f 227/364/227 256/411/256 298/505/298
f 299/506/299 163/256/163 169/267/169
f 223/356/223 300/507/300 241/386/241
f 301/508/301 269/437/269 277/457/277
f 202/424/202 262/423/262 302/509/302
f 303/510/303 292/489/292 216/345/216
f 303/510/303 216/345/216 279/461/279
f 304/511/304 248/400/248 222/355/222
f 296/501/296 267/435/267 196/314/196
f 258/414/258 305/512/305 236/409/236
f 301/508/301 254/408/254 269/437/269
f 270/513/270 290/514/290 209/515/209
f 306/516/306 231/372/231 228/365/228
f 265/517/265 248/400/248 304/511/304
f 274/518/274 307/519/307 262/520/262
f 274/521/274 292/522/292 307/523/307
f 280/464/280 308/524/308 244/391/244
f 193/502/193 290/525/290 297/503/297
f 219/350/219 186/292/186 242/388/242
f 287/475/287 249/402/249 309/526/309
f 302/527/302 262/520/262 307/519/307
f 123/194/123 242/388/242 279/461/279
f 297/503/297 310/528/310 243/504/243
f 243/529/243 310/530/310 284/531/284
f 186/495/186 285/494/285 311/532/311
f 256/411/256 210/333/210 312/533/312
f 222/355/222 245/395/245 304/511/304
f 249/454/249 295/500/295 309/534/309
f 259/535/259 300/507/300 223/356/223
f 244/391/244 313/536/313 159/247/159
f 238/481/238 314/537/314 293/490/293
f 288/480/288 314/537/314 238/481/238
f 220/352/220 257/413/257 169/267/169
f 236/409/236 305/512/305 277/457/277
f 277/457/277 315/538/315 301/508/301
f 159/247/159 313/536/313 218/349/218
f 316/539/316 231/372/231 306/516/306
f 312/533/312 210/333/210 317/540/317
f 317/540/317 210/333/210 251/404/251
f 266/434/266 240/446/240 253/541/253
f 287/475/287 318/542/318 272/447/272
f 299/506/299 169/267/169 319/543/319
f 320/544/320 254/408/254 301/508/301
f 302/527/302 307/519/307 321/545/321
f 308/546/308 280/547/280 322/548/322
f 323/549/323 278/492/278 281/468/281
f 324/550/324 281/468/281 282/469/282
f 281/468/281 247/467/247 282/469/282
f 325/551/325 294/497/294 326/552/326
f 294/497/294 327/553/327 326/552/326
f 284/471/284 311/554/311 285/472/285
f 328/555/328 298/505/298 256/411/256
f 214/556/214 329/557/329 275/558/275
f 250/559/250 267/560/267 330/561/330
f 331/562/331 330/561/330 267/560/267
f 332/563/332 276/564/276 197/315/197
f 319/543/319 169/267/169 257/413/257
f 320/544/320 301/508/301 315/538/315
f 278/479/278 323/565/323 288/480/288
f 270/513/270 293/566/293 290/514/290
f 325/551/325 333/567/333 294/497/294
f 327/553/327 294/497/294 283/568/283
f 264/496/264 283/568/283 294/497/294
f 306/516/306 228/365/228 294/569/294
f 304/511/304 334/570/334 265/517/265
f 245/462/245 230/396/230 335/571/335
f 202/424/202 302/509/302 291/572/291
f 320/573/320 260/477/260 254/476/254
f 280/464/280 260/418/260 336/574/336
f 337/575/337 293/576/293 314/577/314
f 226/578/226 283/579/283 271/580/271
f 242/388/242 186/292/186 311/581/311
f 335/582/335 304/511/304 245/395/245
f 230/396/230 286/474/286 338/583/338
f 246/398/246 266/584/266 339/585/339
f 253/586/253 252/587/252 340/588/340
f 252/589/252 250/559/250 341/590/341
f 197/315/197 268/436/268 332/563/332
f 299/506/299 342/591/342 163/256/163
f 277/457/277 343/592/343 315/538/315
f 280/593/280 336/594/336 344/595/344
f 288/480/288 345/596/345 314/537/314
f 313/536/313 346/597/346 218/349/218
f 317/540/317 251/404/251 265/598/265
f 246/398/246 339/585/339 286/474/286
f 252/589/252 341/590/341 340/599/340
f 259/535/259 291/600/291 347/601/347
f 284/471/284 348/602/348 311/554/311
f 349/603/349 256/411/256 312/533/312
f 350/604/350 265/598/265 334/605/334
f 309/526/309 318/542/318 287/475/287
f 318/606/318 211/607/211 272/608/272
f 296/609/296 351/610/351 267/560/267
f 352/611/352 235/412/235 241/612/241
f 343/592/343 353/613/353 315/538/315
f 353/613/353 320/544/320 315/538/315
f 354/614/354 260/477/260 320/573/320
f 344/615/344 322/616/322 280/617/280
f 355/618/355 292/489/292 303/510/303
f 345/596/345 337/619/337 314/537/314
f 279/461/279 242/388/242 356/620/356
f 357/621/357 333/622/333 325/623/325
f 358/624/358 283/470/283 226/362/226
f 328/555/328 256/411/256 349/603/349
f 265/598/265 350/604/350 317/540/317
f 275/625/275 359/626/359 295/627/295
f 299/628/299 319/629/319 360/630/360
f 305/512/305 343/592/343 277/457/277
f 307/523/307 292/522/292 361/631/361
f 312/533/312 317/540/317 362/632/362
f 335/582/335 363/633/363 304/511/304
f 359/626/359 364/634/364 295/627/295
f 163/635/163 342/636/342 365/637/365
f 366/638/366 273/448/273 201/321/201
f 352/639/352 241/386/241 367/640/367
f 305/512/305 258/414/258 273/448/273
f 300/507/300 259/535/259 368/641/368
f 369/642/369 336/574/336 260/418/260
f 302/527/302 321/545/321 291/643/291
f 355/644/355 370/645/370 292/522/292
f 279/461/279 356/620/356 371/646/371
f 324/550/324 282/469/282 372/647/372
f 306/648/306 294/497/294 333/567/333
f 266/584/266 253/586/253 373/649/373
f 341/590/341 250/559/250 330/561/330
f 351/610/351 331/562/331 267/560/267
f 342/650/342 299/628/299 360/630/360
f 354/614/354 369/651/369 260/477/260
f 374/652/374 355/618/355 303/510/303
f 370/645/370 361/631/361 292/522/292
f 375/653/375 325/551/325 326/552/326
f 283/568/283 358/654/358 327/553/327
f 334/655/334 304/656/304 363/657/363
f 376/658/376 296/659/296 211/377/211
f 268/436/268 163/256/163 377/660/377
f 303/510/303 279/461/279 371/646/371
f 290/514/290 378/661/378 379/662/379
f 325/551/325 375/653/375 357/663/357
f 290/525/290 380/664/380 297/503/297
f 289/482/289 358/624/358 226/362/226
f 381/665/381 298/505/298 328/555/328
f 295/627/295 364/634/364 309/666/309
f 373/649/373 253/586/253 340/588/340
f 367/640/367 241/386/241 300/507/300
f 353/613/353 382/667/382 320/544/320
f 383/668/383 374/669/374 384/670/384
f 370/645/370 355/644/355 374/671/374
f 385/672/385 293/490/293 337/619/337
f 385/673/385 290/514/290 293/566/293
f 282/469/282 298/505/298 386/674/386
f 334/655/334 363/657/363 387/675/387
f 230/396/230 338/583/338 335/571/335
f 388/676/388 296/659/296 376/658/376
f 365/637/365 377/677/377 163/635/163
f 389/678/389 342/650/342 360/630/360
f 390/679/390 353/680/353 343/681/343
f 259/535/259 347/601/347 368/641/368
f 320/573/320 382/682/382 354/614/354
f 391/683/391 392/684/392 393/685/393
f 394/686/394 395/687/395 396/688/396
f 396/689/397 397/690/398 383/691/399
f 308/524/308 313/536/313 244/391/244
f 375/653/375 326/552/326 398/692/400
f 290/693/290 379/694/379 380/695/380
f 281/468/281 324/550/324 399/696/401
f 282/469/282 386/674/386 372/647/372
f 311/581/311 356/620/356 242/388/242
f 400/697/402 317/698/317 350/699/350
f 214/556/214 401/700/403 329/557/329
f 402/701/404 342/650/342 389/678/389
f 393/702/393 392/703/392 403/704/405
f 394/686/394 396/688/396 392/705/392
f 392/706/392 396/689/396 383/691/383
f 383/707/383 396/688/396 395/687/395
f 398/692/400 326/552/326 404/708/406
f 372/647/372 399/696/401 324/550/324
f 357/621/357 306/516/306 333/622/333
f 400/697/402 405/709/407 317/698/317
f 406/710/408 338/583/338 286/474/286
f 373/649/373 340/588/340 407/711/409
f 376/658/376 211/377/211 318/542/318
f 408/712/410 409/713/411 403/704/405
f 409/713/411 393/702/393 403/704/405
f 391/714/391 394/715/394 392/716/392
f 369/717/369 410/718/412 336/719/336
f 394/720/394 383/721/383 395/722/395
f 411/723/413 303/510/303 371/646/371
f 290/514/290 385/673/385 378/661/378
f 412/724/414 375/653/375 398/692/400
f 297/503/297 380/664/380 310/528/310
f 327/725/327 358/624/358 413/726/415
f 284/471/284 414/727/416 348/602/348
f 415/728/417 350/604/350 334/605/334
f 416/729/418 409/730/411 408/731/410
f 409/732/411 391/733/391 393/734/393
f 392/706/392 383/691/383 417/735/419
f 383/691/383 384/736/384 417/735/419
f 417/735/419 384/736/384 374/737/374
f 418/738/420 321/739/321 307/523/307
f 419/740/421 412/724/414 398/692/400
f 420/741/422 404/742/406 326/743/326
f 323/549/323 281/468/281 399/696/401
f 421/744/423 372/647/372 386/674/386
f 414/745/416 422/746/424 348/747/348
f 362/632/362 349/603/349 312/533/312
f 423/748/425 317/698/317 405/709/407
f 423/749/425 362/632/362 317/540/317
f 400/750/402 350/751/350 424/752/426
f 425/753/427 387/675/387 363/657/363
f 276/456/276 366/638/366 201/321/201
f 392/706/392 417/735/419 403/754/405
f 391/714/391 383/755/383 394/715/394
f 383/756/383 370/645/370 374/671/374
f 337/619/337 345/596/345 385/672/385
f 420/741/422 326/743/326 413/757/415
f 326/743/326 327/758/327 413/757/415
f 372/647/372 421/744/423 399/696/401
f 310/759/310 414/727/416 284/471/284
f 386/760/386 298/761/298 381/762/381
f 405/709/407 400/697/402 426/763/428
f 427/764/429 388/676/388 376/658/376
f 360/630/360 319/629/319 428/765/430
f 343/592/343 305/512/305 429/766/431
f 321/545/321 430/767/432 291/643/291
f 307/523/307 361/631/361 418/738/420
f 344/768/344 308/546/308 322/548/322
f 328/769/328 349/770/349 381/771/381
f 431/772/433 229/459/229 231/372/231
f 329/557/329 432/773/434 275/558/275
f 266/584/266 373/649/373 339/585/339
f 330/561/330 433/774/435 341/590/341
f 402/775/404 389/776/389 434/777/436
f 435/778/437 436/779/438 408/780/410
f 416/781/418 437/782/439 409/732/411
f 408/783/410 403/754/405 417/735/419
f 336/784/336 410/785/412 344/786/344
f 383/756/383 438/787/440 370/645/370
f 374/652/374 303/510/303 417/788/419
f 321/545/321 418/789/420 430/767/432
f 218/349/218 346/597/346 289/482/289
f 311/581/311 348/790/348 356/620/356
f 424/791/426 350/699/350 439/792/441
f 415/728/417 439/793/441 350/604/350
f 425/753/427 363/657/363 440/794/442
f 338/583/338 441/795/443 335/571/335
f 296/609/296 388/796/388 351/610/351
f 360/797/360 428/798/430 389/799/389
f 353/800/353 390/801/390 382/802/382
f 416/781/418 408/780/410 437/782/439
f 408/783/410 442/803/444 435/804/437
f 391/805/391 443/806/445 383/807/383
f 411/723/413 417/788/419 303/510/303
f 444/808/446 313/536/313 308/524/308
f 345/596/345 445/809/447 385/672/385
f 446/810/448 378/811/378 385/812/385
f 310/813/310 380/814/380 379/815/379
f 422/746/424 405/709/407 426/763/428
f 415/816/417 334/655/334 439/792/441
f 441/795/443 363/817/363 335/571/335
f 447/818/449 359/626/359 275/625/275
f 339/585/339 406/710/408 286/474/286
f 448/819/450 427/764/429 376/658/376
f 449/820/451 351/610/351 388/796/388
f 436/821/438 435/822/437 442/823/444
f 437/782/439 408/780/410 436/779/438
f 437/782/439 391/733/391 409/732/411
f 385/812/385 445/824/447 446/810/448
f 356/620/356 348/790/348 450/825/452
f 405/709/407 422/746/424 414/745/416
f 414/745/416 451/826/453 405/709/407
f 349/603/349 362/632/362 423/749/425
f 426/827/428 400/750/402 424/752/426
f 387/675/387 439/792/441 334/655/334
f 229/459/229 401/828/403 214/829/214
f 338/583/338 406/710/408 441/795/443
f 452/830/454 309/666/309 364/634/364
f 318/542/318 309/526/309 376/658/376
f 331/562/331 433/774/435 330/561/330
f 436/779/438 453/831/455 437/782/439
f 354/614/354 382/682/382 369/651/369
f 454/832/456 419/740/421 398/692/400
f 455/833/457 456/834/458 398/692/400
f 345/596/345 288/480/288 457/835/459
f 404/708/406 420/836/422 346/837/346
f 375/653/375 412/724/414 357/663/357
f 358/624/358 289/482/289 413/726/415
f 379/815/379 414/838/416 310/813/310
f 306/516/306 357/621/357 458/839/460
f 450/840/452 348/841/348 422/842/424
f 431/772/433 231/372/231 316/539/316
f 408/783/410 417/735/419 442/803/444
f 398/692/400 404/708/406 455/833/457
f 455/833/457 404/708/406 346/837/346
f 459/843/461 451/844/453 414/845/416
f 460/846/462 405/847/407 451/848/453
f 460/849/462 423/748/425 405/709/407
f 440/850/442 363/817/363 441/795/443
f 329/557/329 461/851/463 432/773/434
f 359/626/359 462/852/464 364/634/364
f 406/710/408 339/585/339 463/853/465
f 462/852/464 452/830/454 364/634/364
f 464/854/466 365/855/365 342/591/342
f 437/782/439 443/856/445 391/733/391
f 465/857/467 344/786/344 410/785/412
f 456/834/458 454/832/456 398/692/400
f 346/858/346 420/741/422 466/859/468
f 467/860/469 413/726/415 289/482/289
f 468/861/470 414/845/416 379/662/379
f 468/861/470 459/843/461 414/845/416
f 460/862/462 349/603/349 423/749/425
f 422/746/424 426/763/428 450/863/452
f 469/864/471 387/675/387 425/753/427
f 346/837/346 313/865/313 455/833/457
f 470/866/472 357/663/357 412/724/414
f 378/661/378 468/861/470 379/662/379
f 420/741/422 413/757/415 467/867/469
f 471/868/473 356/620/356 450/825/452
f 450/863/452 426/763/428 424/791/426
f 309/526/309 472/869/474 376/658/376
f 428/534/430 434/777/436 389/776/389
f 434/777/436 473/870/475 402/775/404
f 410/718/412 474/871/476 465/872/467
f 346/597/346 466/873/468 289/482/289
f 475/874/477 371/875/371 356/876/356
f 468/877/470 378/811/378 446/810/448
f 420/741/422 467/867/469 476/878/478
f 421/744/423 477/879/479 399/696/401
f 357/663/357 470/866/472 458/880/460
f 469/864/471 439/792/441 387/675/387
f 229/459/229 431/772/433 401/828/403
f 406/710/408 463/853/465 441/795/443
f 340/588/340 341/881/341 478/882/480
f 464/883/466 342/650/342 402/701/404
f 443/856/445 438/787/440 383/756/383
f 465/857/467 479/884/481 344/786/344
f 344/768/344 480/885/482 308/546/308
f 446/810/448 481/886/483 468/877/470
f 482/887/484 483/888/485 475/889/477
f 475/874/477 471/890/473 482/891/484
f 475/874/477 356/876/356 471/890/473
f 471/890/473 484/892/486 482/891/484
f 485/893/487 469/894/471 425/895/427
f 332/563/332 366/896/366 276/564/276
f 430/897/432 347/601/347 291/600/291
f 475/874/477 411/898/413 371/875/371
f 420/741/422 476/878/478 466/859/468
f 289/482/289 466/873/468 486/899/488
f 481/886/483 487/900/489 468/877/470
f 421/901/423 386/902/386 488/903/490
f 471/890/473 489/904/491 484/892/486
f 471/890/473 450/863/452 489/904/491
f 489/904/491 469/864/471 490/905/492
f 490/906/492 469/894/471 485/893/487
f 489/904/491 491/907/493 469/864/471
f 450/863/452 424/791/426 491/907/493
f 275/625/275 432/908/434 447/818/449
f 492/909/494 441/795/443 463/853/465
f 339/910/339 373/911/373 493/912/495
f 494/913/496 331/562/331 351/610/351
f 382/914/382 495/915/497 369/916/369
f 313/917/313 496/918/498 455/919/457
f 323/565/323 497/920/499 288/480/288
f 498/921/500 412/724/414 419/740/421
f 412/724/414 498/921/500 470/866/472
f 488/903/490 386/902/386 381/922/381
f 484/892/486 499/923/501 482/891/484
f 499/923/501 500/924/502 482/891/484
f 489/904/491 490/905/492 484/892/486
f 459/925/461 460/926/462 451/927/453
f 489/904/491 450/863/452 491/907/493
f 425/895/427 440/850/442 485/893/487
f 441/795/443 501/928/503 440/850/442
f 502/929/504 503/930/505 309/931/309
f 309/526/309 503/932/505 472/869/474
f 449/820/451 494/913/496 351/610/351
f 319/543/319 257/413/257 504/933/506
f 417/735/419 505/934/507 442/803/444
f 454/935/456 506/936/508 419/937/421
f 507/938/509 482/891/484 508/939/510
f 500/924/502 508/939/510 482/891/484
f 460/940/462 381/922/381 349/941/349
f 458/839/460 509/942/511 306/516/306
f 469/864/471 491/907/493 439/792/441
f 439/792/441 491/907/493 424/791/426
f 447/818/449 462/852/464 359/626/359
f 510/943/512 511/944/513 512/945/514
f 511/946/513 513/947/515 514/948/516
f 503/930/505 515/949/517 472/950/474
f 373/911/373 407/951/409 493/912/495
f 305/512/305 273/448/273 516/952/518
f 369/717/369 474/871/476 410/718/412
f 411/898/413 475/874/477 517/953/519
f 444/808/446 496/954/498 313/536/313
f 446/955/448 518/956/520 481/957/483
f 486/899/488 467/860/469 289/482/289
f 486/899/488 519/958/521 467/860/469
f 481/886/483 520/959/522 487/900/489
f 507/960/509 508/961/510 521/962/523
f 522/963/524 484/964/486 490/965/492
f 499/923/501 523/966/525 500/924/502
f 524/967/526 440/850/442 501/928/503
f 525/968/527 510/943/512 512/945/514
f 493/912/495 513/947/515 339/910/339
f 513/947/515 493/912/495 514/948/516
f 407/951/409 514/948/516 493/912/495
f 514/969/516 407/970/409 526/971/528
f 527/972/529 300/507/300 368/641/368
f 442/823/444 453/973/455 436/821/438
f 344/768/344 528/974/530 480/885/482
f 444/808/446 529/975/531 496/954/498
f 475/874/477 483/976/485 530/977/532
f 399/696/401 531/978/533 323/549/323
f 532/979/534 458/839/460 470/980/472
f 533/981/535 508/939/536 534/982/537
f 533/983/535 521/984/538 508/985/536
f 535/986/539 507/987/509 521/984/523
f 521/984/523 508/985/510 535/986/539
f 508/985/510 500/988/502 536/989/540
f 521/984/538 537/990/541 508/985/536
f 523/966/525 499/923/501 538/991/542
f 539/992/543 540/993/544 541/994/545
f 541/994/545 540/993/544 542/995/546
f 542/995/546 540/993/544 543/996/547
f 544/997/548 543/996/547 540/993/544
f 510/998/512 545/999/549 511/946/513
f 545/999/549 513/947/515 511/946/513
f 257/413/257 235/412/235 504/933/506
f 546/1000/550 352/639/352 367/640/367
f 547/1001/551 429/766/431 305/512/305
f 429/1002/431 390/679/390 343/681/343
f 390/679/390 548/1003/552 382/914/382
f 548/1003/552 495/915/497 382/914/382
f 479/884/481 528/1004/530 344/786/344
f 454/1005/456 456/1006/458 549/1007/553
f 496/918/498 529/1008/531 455/919/457
f 483/976/485 482/891/484 550/1009/554
f 482/891/484 507/938/509 550/1009/554
f 487/900/489 520/959/522 468/877/470
f 533/1010/535 551/1011/555 521/1012/538
f 460/940/462 552/1013/556 381/922/381
f 460/940/462 459/1014/461 552/1013/556
f 490/1015/492 553/1016/557 522/1017/524
f 500/1018/502 523/1019/525 536/1020/540
f 329/557/329 401/700/403 461/851/463
f 513/947/515 545/999/549 339/910/339
f 515/949/517 503/930/505 554/1021/558
f 514/969/516 526/971/528 511/1022/513
f 407/711/409 340/588/340 526/1023/528
f 427/764/429 555/1024/559 388/676/388
f 402/775/404 473/870/475 556/1025/560
f 442/1026/444 557/1027/561 453/1028/455
f 455/1029/457 558/1030/562 456/1031/458
f 506/936/508 559/1032/563 419/937/421
f 345/1033/345 560/1034/564 445/1035/447
f 419/937/421 559/1032/563 498/1036/500
f 507/938/509 561/1037/565 550/1009/554
f 507/1038/509 535/1039/539 561/1040/565
f 520/959/522 552/1013/556 468/877/470
f 520/959/522 381/922/381 552/1013/556
f 488/903/490 381/922/381 520/959/522
f 534/1041/537 551/1042/555 533/1043/535
f 508/985/510 536/989/540 535/986/539
f 522/963/524 562/1044/566 484/964/486
f 534/982/537 508/939/536 563/1045/567
f 508/939/536 537/1046/541 563/1045/567
f 509/942/511 316/539/316 306/516/306
f 536/1020/540 523/1019/525 564/1047/568
f 565/1048/569 566/1049/570 537/1046/541
f 490/906/492 485/893/487 567/1050/571
f 543/1051/547 568/1052/572 569/1053/573
f 511/944/513 570/1054/574 512/945/514
f 472/869/474 448/819/450 376/658/376
f 388/796/388 555/1055/559 449/820/451
f 332/563/332 268/436/268 571/1056/575
f 455/919/457 529/1008/531 572/1057/576
f 530/977/532 483/976/485 550/1009/554
f 345/596/345 457/835/459 560/1058/564
f 323/549/323 531/978/533 573/1059/577
f 552/1013/556 459/1014/461 468/877/470
f 521/1012/538 574/1060/578 537/1061/541
f 537/1046/541 566/1049/570 563/1045/567
f 537/1061/541 574/1060/578 565/1062/569
f 541/994/545 542/995/546 575/1063/579
f 492/1064/494 463/1065/465 545/999/549
f 576/1066/580 510/998/512 525/1067/527
f 463/1065/465 339/910/339 545/999/549
f 510/998/512 576/1066/580 545/999/549
f 452/830/454 502/1068/504 309/666/309
f 554/1021/558 503/930/505 577/1069/581
f 511/1022/513 526/971/528 570/1070/574
f 331/562/331 494/913/496 433/774/435
f 464/1071/466 402/1072/404 556/1073/560
f 578/1074/582 579/1075/583 580/1076/584
f 578/1074/582 581/1077/585 579/1075/583
f 465/1078/467 582/1079/586 479/1080/481
f 517/1081/519 417/788/419 411/723/413
f 369/717/369 495/1082/497 583/1083/587
f 530/977/532 550/1009/554 584/1084/588
f 585/1085/589 475/874/477 530/977/532
f 517/953/519 475/874/477 585/1085/589
f 572/1086/576 558/1087/562 455/1088/457
f 470/980/472 498/1036/500 532/979/534
f 467/1089/469 519/1090/521 586/1091/590
f 587/1092/591 538/1093/542 499/1094/501
f 588/1095/592 534/982/537 563/1045/567
f 551/1011/555 574/1060/578 521/1012/538
f 523/1019/525 538/1096/542 564/1047/568
f 485/893/487 440/850/442 524/967/526
f 441/795/443 589/1097/593 501/928/503
f 441/795/443 492/909/494 589/1097/593
f 494/913/496 590/1098/594 433/774/435
f 428/1099/430 319/543/319 504/933/506
f 305/512/305 516/952/518 547/1001/551
f 591/1100/595 581/1077/585 578/1074/582
f 579/1075/583 592/1101/596 580/1076/584
f 438/787/440 443/856/445 593/1102/597
f 465/872/467 474/871/476 582/1103/586
f 594/1104/598 530/977/532 584/1084/588
f 456/1105/458 558/1106/562 595/1107/599
f 596/1108/600 597/1109/601 561/1110/565
f 598/1111/602 476/878/478 467/867/469
f 599/1112/603 561/1113/565 597/1114/601
f 534/982/537 588/1095/592 600/1115/604
f 587/1116/591 499/1117/501 562/1118/566
f 499/1117/501 484/1119/486 562/1118/566
f 564/1047/568 535/1039/539 536/1020/540
f 538/1093/542 601/1120/605 565/473/569
f 566/1049/570 565/1048/569 602/1121/606
f 575/1063/579 542/995/546 603/1122/607
f 604/1123/608 544/1124/548 540/1125/544
f 605/1126/609 462/852/464 447/818/449
f 462/852/464 502/1068/504 452/830/454
f 502/929/504 577/1069/581 503/930/505
f 606/1127/610 340/588/340 478/882/480
f 581/1077/585 591/1100/595 453/1128/455
f 581/1077/585 607/1129/611 579/1075/583
f 607/1129/611 581/1077/585 453/1128/455
f 579/1130/583 607/1131/611 592/1132/596
f 608/1133/612 584/1134/588 479/1135/481
f 528/1004/530 479/884/481 609/1136/613
f 479/884/481 584/1084/588 609/1136/613
f 584/1084/588 550/1009/554 609/1136/613
f 573/1137/577 497/920/499 323/565/323
f 610/1138/614 550/1009/554 599/1139/603
f 550/1009/554 561/1037/565 599/1139/603
f 561/1040/565 535/1039/539 611/1140/615
f 600/1141/604 612/1142/616 534/1041/537
f 600/1143/604 588/1144/592 613/1145/617
f 522/1017/524 553/1016/557 562/1146/566
f 564/1047/568 538/1096/542 565/1147/569
f 316/539/316 509/942/511 431/772/433
f 539/1148/543 604/1123/608 540/1125/544
f 614/1149/618 542/1150/546 543/1051/547
f 615/1151/619 432/773/434 461/851/463
f 616/1152/620 576/1153/580 568/1154/572
f 340/588/340 606/1127/610 526/1023/528
f 341/590/341 433/774/435 617/1155/621
f 332/563/332 571/1056/575 366/896/366
f 366/638/366 516/952/518 273/448/273
f 591/1100/595 618/1156/622 453/1128/455
f 479/1135/481 582/1157/586 608/1133/612
f 619/1158/623 369/717/369 583/1083/587
f 620/1159/624 495/1082/497 548/1160/552
f 529/1008/531 621/1161/625 572/1057/576
f 444/808/446 621/1162/625 529/975/531
f 466/859/468 476/878/478 486/1163/488
f 399/696/401 477/879/479 531/978/533
f 596/1164/600 561/1040/565 611/1140/615
f 532/979/534 509/942/511 458/839/460
f 564/1047/568 611/1140/615 535/1039/539
f 538/1093/542 587/1092/591 622/1165/626
f 588/1095/592 563/1045/567 623/1166/627
f 567/1050/571 624/1167/628 490/906/492
f 625/1168/629 575/1063/579 626/1169/630
f 432/773/434 615/1151/619 447/1170/449
f 544/1124/548 616/1152/620 543/1171/547
f 626/1169/630 627/1172/631 628/1173/632
f 543/1171/547 616/1152/620 568/1154/572
f 629/1174/633 628/1175/632 554/1176/558
f 545/999/549 576/1066/580 630/1177/634
f 472/869/474 515/1178/517 631/1179/635
f 472/869/474 632/1180/636 448/819/450
f 580/1181/584 633/1182/637 578/1183/582
f 607/1129/611 453/1128/455 557/1184/561
f 417/1185/419 517/953/519 505/1186/507
f 620/1159/624 583/1083/587 495/1082/497
f 480/1187/482 528/1004/530 634/1188/638
f 549/1007/553 506/1189/508 454/1005/456
f 308/524/308 480/1190/482 444/808/446
f 597/1191/601 613/1192/617 599/1193/603
f 467/867/469 586/1194/590 598/1111/602
f 534/1041/537 612/1142/616 551/1042/555
f 600/1141/604 613/1195/617 612/1142/616
f 519/958/521 486/899/488 586/1196/590
f 610/1138/614 599/1139/603 635/1197/639
f 587/1116/591 562/1118/566 636/1198/640
f 551/1199/555 611/1200/615 574/1201/578
f 564/1047/568 637/1202/641 611/1140/615
f 611/1200/615 637/1203/641 574/1201/578
f 588/1144/592 623/607/627 638/1204/642
f 490/906/492 624/1167/628 553/1205/557
f 622/1165/626 601/1120/605 538/1093/542
f 564/1047/568 565/1147/569 637/1202/641
f 623/1166/627 563/1045/567 639/1206/643
f 603/1122/607 626/1169/630 575/1063/579
f 604/1123/608 640/1207/644 544/1124/548
f 401/828/403 431/772/433 641/1208/645
f 626/1169/630 642/1209/646 625/1168/629
f 543/1051/547 569/1053/573 614/1149/618
f 626/1210/630 628/1211/632 642/1212/646
f 447/818/449 615/1213/619 605/1126/609
f 643/1214/647 569/1053/573 568/1052/572
f 644/1215/648 628/1216/632 629/1217/633
f 512/945/514 570/1054/574 645/1218/649
f 428/1219/430 646/1220/650 434/1221/436
f 578/1183/582 633/1182/637 591/1222/595
f 618/1223/622 647/1224/651 453/1225/455
f 437/782/439 453/831/455 593/1102/597
f 443/856/445 437/782/439 593/1102/597
f 370/645/370 438/787/440 648/1226/652
f 456/1006/458 620/1227/624 549/1007/553
f 518/956/520 649/1228/653 481/957/483
f 599/1229/603 650/1230/654 635/1231/639
f 588/1144/592 638/1204/642 613/1145/617
f 623/1232/627 651/1233/655 638/1234/642
f 637/1203/641 565/1235/569 574/1201/578
f 563/1045/567 566/1049/570 652/1236/656
f 542/995/546 614/1237/618 603/1122/607
f 653/1238/657 627/1172/631 626/1169/630
f 642/1239/646 628/1240/632 654/1241/658
f 644/1215/648 654/1242/658 628/1216/632
f 554/1243/558 577/1244/581 629/1217/633
f 512/945/514 645/1218/649 525/968/527
f 617/1245/621 478/882/480 341/881/341
f 434/1221/436 646/1220/650 655/1246/659
f 434/1221/436 656/1247/660 473/1248/475
f 300/507/300 527/972/529 367/640/367
f 474/871/476 369/717/369 619/1158/623
f 456/1006/458 595/1249/599 620/1227/624
f 528/1004/530 609/1136/613 657/1250/661
f 613/1251/617 650/1252/654 599/1253/603
f 658/1254/662 612/1255/616 613/1256/617
f 658/1254/662 611/1200/615 551/1199/555
f 635/1231/639 659/1257/663 623/1258/664
f 563/1045/567 652/1236/656 639/1206/643
f 485/893/487 524/967/526 567/1050/571
f 575/1259/579 660/1260/665 541/1261/545
f 640/1207/644 616/1152/620 544/1124/548
f 577/1069/581 502/929/504 462/1262/464
f 661/1263/666 268/436/268 377/660/377
f 646/1220/650 428/1219/430 504/1264/506
f 662/1265/667 607/1266/611 557/1267/561
f 557/1267/561 442/803/444 505/934/507
f 594/1268/598 584/1134/588 608/1133/612
f 429/1002/431 548/1003/552 390/679/390
f 528/1004/530 657/1250/661 634/1188/638
f 550/1009/554 610/1138/614 663/1269/668
f 597/1109/601 596/1108/600 658/1270/662
f 658/1271/662 613/1192/617 597/1191/601
f 658/1254/662 596/1272/600 611/1200/615
f 477/879/479 421/744/423 664/1273/669
f 665/1274/670 488/1275/490 520/1276/522
f 666/1277/671 562/1278/566 553/1205/557
f 667/1279/672 635/1231/639 650/1230/654
f 667/1279/672 659/1257/663 635/1231/639
f 659/1257/663 668/1280/673 623/1258/664
f 623/1281/627 639/1282/643 659/1283/674
f 669/1284/675 431/772/433 509/942/511
f 670/1285/676 602/1121/606 539/1286/543
f 539/1287/543 541/1261/545 660/1260/665
f 603/1122/607 671/1288/677 626/1169/630
f 644/1215/648 629/1217/633 577/1244/581
f 631/1179/635 672/1289/678 472/869/474
f 235/412/235 352/611/352 673/1290/679
f 647/1224/651 593/1291/597 453/1225/455
f 674/1292/680 559/1032/563 506/936/508
f 560/1034/564 446/955/448 445/1035/447
f 609/1136/613 550/1009/554 663/1269/668
f 612/1255/616 658/1254/662 551/1199/555
f 421/1293/423 488/1275/490 664/1294/669
f 562/1295/566 675/1296/681 636/1297/640
f 610/1138/614 635/1197/639 676/1298/682
f 638/1299/642 651/1300/655 659/1301/674
f 651/1233/655 623/1232/627 659/712/674
f 659/1302/663 667/1303/672 668/1304/673
f 667/1305/672 677/1306/683 668/1307/673
f 601/1120/605 678/1308/684 565/473/569
f 679/1309/685 602/1310/606 565/1311/569
f 566/1049/570 602/1121/606 670/1285/676
f 680/1312/686 652/1236/656 625/1313/629
f 670/1285/676 539/1286/543 660/1314/665
f 625/1168/629 642/1209/646 681/1315/687
f 603/1122/607 614/1237/618 671/1288/677
f 524/967/526 501/928/503 682/1316/688
f 401/700/403 683/1317/689 461/851/463
f 605/1318/609 654/1319/658 462/1262/464
f 631/1179/635 515/1178/517 554/1320/558
f 472/869/474 672/1289/678 632/1180/636
f 433/774/435 590/1098/594 617/1155/621
f 592/1321/596 684/1322/690 580/1181/584
f 618/1323/622 591/1324/595 685/1325/691
f 607/1266/611 662/1265/667 592/1326/596
f 557/1267/561 505/934/507 662/1265/667
f 686/1327/692 368/641/368 347/601/347
f 594/1268/598 608/1133/612 687/1328/693
f 585/1085/589 530/977/532 594/1104/598
f 549/1329/553 620/1159/624 548/1160/552
f 559/1032/563 532/979/534 498/1036/500
f 675/1296/681 562/1295/566 688/1330/694
f 562/1331/566 689/1332/695 688/1333/694
f 613/1334/617 638/1335/642 650/1336/654
f 486/899/488 690/1337/696 586/1196/590
f 562/1331/566 666/1338/671 689/1332/695
f 650/1336/654 638/1335/642 667/1339/672
f 668/1340/673 691/1341/697 692/1342/698
f 668/1307/673 677/1306/683 693/1343/699
f 565/1048/569 678/1344/684 679/1345/685
f 693/1346/699 691/1341/697 668/1340/673
f 639/1206/643 652/1236/656 680/1312/686
f 670/1285/676 652/1236/656 566/1049/570
f 602/1121/606 694/1347/700 539/1286/543
f 539/1286/543 695/1348/701 604/1349/608
f 625/1350/629 660/1260/665 575/1259/579
f 625/1351/629 681/1352/687 680/1353/686
f 683/1317/689 401/700/403 641/1354/645
f 615/1355/619 696/1356/702 605/1357/609
f 628/1358/632 697/1359/703 554/1320/558
f 525/968/527 645/1218/649 576/1360/580
f 448/819/450 698/1361/704 427/764/429
f 620/1227/624 595/1249/599 583/1362/587
f 558/1087/562 699/1363/705 595/1364/599
f 558/1087/562 572/1086/576 699/1363/705
f 444/1365/446 480/1187/482 621/1366/625
f 636/1367/640 675/1368/681 700/1369/706
f 553/1205/557 701/1370/707 666/1277/671
f 635/1197/639 623/1166/664 676/1298/682
f 659/1301/674 702/1371/708 638/1299/642
f 623/1166/664 692/1342/698 676/1298/682
f 659/1301/674 677/1372/683 702/1371/708
f 623/1166/664 668/1340/673 692/1342/698
f 659/1301/674 693/1373/699 677/1372/683
f 692/1342/698 691/1341/697 703/1374/709
f 639/1206/643 693/1346/699 659/1375/674
f 639/1206/643 680/1312/686 693/1346/699
f 679/1345/685 694/1347/700 602/1121/606
f 569/1376/573 643/1377/647 614/1378/618
f 568/1052/572 576/1360/580 643/1214/647
f 654/1319/658 577/1069/581 462/1262/464
f 427/764/429 698/1361/704 555/1024/559
f 268/436/268 661/1263/666 571/1056/575
f 633/1379/637 685/1325/691 591/1324/595
f 619/1158/623 684/1322/690 592/1321/596
f 592/1380/596 704/1381/710 619/1382/623
f 704/1383/710 474/871/476 619/1158/623
f 705/1384/711 585/1385/589 594/1268/598
f 657/1250/661 706/1386/712 634/1188/638
f 663/1269/668 657/1250/661 609/1136/613
f 476/1387/478 707/1388/713 486/1389/488
f 708/1390/714 636/1198/640 709/1391/715
f 667/1392/672 638/1393/642 702/1394/708
f 624/1167/628 701/1370/707 553/1205/557
f 691/1341/697 693/1346/699 680/1312/686
f 694/1347/700 695/1348/701 539/1286/543
f 626/1169/630 671/1288/677 653/1238/657
f 589/1395/593 710/1396/716 501/1397/503
f 627/1398/631 697/1359/703 628/1358/632
f 504/933/506 711/1399/717 646/1400/650
f 434/1221/436 655/1246/659 656/1247/660
f 580/1181/584 712/1401/718 633/1182/637
f 594/1268/598 687/1328/693 705/1384/711
f 497/920/499 457/835/459 288/480/288
f 663/1402/668 713/1403/719 657/1404/661
f 714/1405/720 610/1406/614 676/1407/682
f 715/1408/721 675/1296/681 688/1330/694
f 700/1369/706 709/1409/715 636/1367/640
f 708/1390/714 587/1116/591 636/1198/640
f 702/1410/708 677/1306/683 667/1305/672
f 678/1308/684 601/1120/605 622/1165/626
f 716/1411/722 567/1050/571 717/1412/723
f 703/1374/709 691/1341/697 680/1312/686
f 670/1413/676 718/1414/724 652/1415/656
f 652/1236/656 718/1416/724 625/1313/629
f 625/1313/629 718/1416/724 660/1314/665
f 719/1417/725 681/1418/687 642/1419/646
f 720/1420/726 627/1398/631 653/1421/657
f 630/1422/634 589/1097/593 492/909/494
f 630/1423/634 576/1153/580 616/1152/620
f 630/1422/634 492/909/494 545/1424/549
f 654/1319/658 644/1425/648 577/1069/581
f 661/1263/666 377/660/377 365/855/365
f 618/1426/622 721/1427/727 647/1428/651
f 704/1381/710 582/1429/586 474/1430/476
f 705/1431/711 517/953/519 585/1085/589
f 722/1432/728 418/738/420 361/631/361
f 572/1057/576 621/1161/625 699/1433/705
f 560/1034/564 723/1434/729 446/955/448
f 486/899/488 707/1435/713 690/1337/696
f 666/1277/671 701/1370/707 724/1436/730
f 676/1407/682 692/1437/698 714/1405/720
f 692/1438/698 703/1439/709 725/1440/731
f 624/1441/628 567/1442/571 716/1443/722
f 567/1050/571 524/967/526 726/1444/732
f 670/1285/676 660/1314/665 718/1416/724
f 727/1445/733 640/1207/644 604/1123/608
f 728/1446/734 605/1447/609 696/1448/702
f 645/1218/649 570/1054/574 729/1449/735
f 685/1325/691 730/1450/736 618/1323/622
f 618/1426/622 730/1451/736 721/1427/727
f 592/1380/596 662/1452/667 704/1381/710
f 370/645/370 722/1432/728 361/631/361
f 621/1366/625 480/1187/482 707/1453/713
f 715/1454/721 731/1455/737 675/1368/681
f 649/1456/653 520/1276/522 481/1457/483
f 586/1458/590 732/1459/738 733/1460/739
f 701/1370/707 624/1167/628 716/1411/722
f 669/1461/675 734/1462/740 431/1463/433
f 703/1439/709 680/1353/686 725/1440/731
f 567/1050/571 726/1444/732 717/1412/723
f 604/1123/608 695/1464/701 727/1445/733
f 431/772/433 735/1465/741 641/1208/645
f 614/1378/618 736/1466/742 671/1467/677
f 461/851/463 737/1468/743 615/1151/619
f 654/1469/658 738/1470/744 642/1471/646
f 589/1395/593 630/1472/634 710/1396/716
f 448/819/450 739/1473/745 698/1361/704
f 617/1155/621 590/1098/594 740/1474/746
f 655/1246/659 741/1475/747 656/1247/660
f 580/1181/584 684/1322/690 712/1401/718
f 367/640/367 527/972/529 546/1000/550
f 582/1429/586 687/1476/693 608/1477/612
f 347/601/347 430/897/432 686/1327/692
f 549/1329/553 548/1160/552 742/1478/748
f 506/1189/508 549/1007/553 742/1479/748
f 663/1480/668 743/1481/749 713/1482/719
f 723/1434/729 518/956/520 446/955/448
f 715/1483/721 688/1333/694 744/1484/750
f 707/1485/713 476/878/478 598/1111/602
f 731/1455/737 700/1369/706 675/1368/681
f 664/1294/669 488/1275/490 665/1274/670
f 689/1486/695 666/1277/671 724/1436/730
f 622/1487/626 587/1116/591 708/1390/714
f 690/1337/696 732/1488/738 586/1196/590
f 714/1489/720 692/1490/698 725/1491/731
f 745/1492/751 669/1284/675 509/942/511
f 746/1493/752 431/772/433 734/1494/740
f 747/1495/753 642/1471/646 738/1470/744
f 682/1496/688 501/1397/503 710/1396/716
f 630/1472/634 640/1497/644 710/1396/716
f 630/1472/634 616/1498/620 640/1497/644
f 697/1359/703 631/1179/635 554/1320/558
f 449/820/451 748/1499/754 494/913/496
f 656/1247/660 741/1475/747 749/1500/755
f 750/1501/756 685/1502/691 633/1182/637
f 687/1476/693 704/1381/710 662/1452/667
f 662/1452/667 505/1186/507 705/1431/711
f 505/1186/507 517/953/519 705/1431/711
f 704/1381/710 687/1476/693 582/1429/586
f 751/1503/757 610/1406/614 752/1504/758
f 752/1504/758 610/1406/614 714/1405/720
f 701/1370/707 716/1411/722 753/1505/759
f 745/1506/751 734/1462/740 669/1461/675
f 725/1440/731 680/1353/686 681/1352/687
f 727/1445/733 710/1507/716 640/1207/644
f 727/1508/733 682/1496/688 710/1396/716
f 738/1509/744 654/1319/658 605/1318/609
f 643/1214/647 576/1360/580 645/1218/649
f 697/1359/703 754/1510/760 631/1179/635
f 526/1023/528 606/1127/610 755/1511/761
f 756/1512/762 740/1474/746 590/1098/594
f 756/1512/762 590/1098/594 494/913/496
f 757/1513/763 365/855/365 464/854/466
f 504/933/506 235/412/235 673/1290/679
f 750/1501/756 633/1182/637 712/1401/718
f 593/1514/597 647/1428/651 721/1427/727
f 662/1452/667 705/1431/711 687/1476/693
f 480/1187/482 706/1386/712 707/1453/713
f 758/1515/764 713/1482/719 743/1481/749
f 758/1516/764 657/1517/661 713/1518/719
f 610/1519/614 751/1520/757 663/1480/668
f 744/1484/750 688/1333/694 689/1332/695
f 724/1436/730 701/1370/707 759/1521/765
f 709/1391/715 759/1522/765 708/1390/714
f 753/1505/759 759/1521/765 701/1370/707
f 760/1523/766 695/1348/701 694/1347/700
f 760/1524/766 682/1525/688 695/1526/701
f 727/1508/733 695/1527/701 682/1496/688
f 726/1444/732 524/967/526 682/1316/688
f 747/1528/753 738/1529/744 605/1530/609
f 555/1055/559 698/1531/704 449/820/451
f 556/1532/560 473/1248/475 761/1533/767
f 473/1248/475 656/1247/660 761/1533/767
f 352/611/352 546/1534/550 673/1290/679
f 593/1535/597 721/1536/727 762/1537/768
f 429/1002/431 763/1538/769 548/1003/552
f 699/1539/705 621/1540/625 764/1541/770
f 621/1540/625 707/1485/713 765/1542/771
f 634/1188/638 706/1386/712 480/1187/482
f 531/978/533 477/879/479 766/1543/772
f 700/1369/706 767/1544/773 709/1409/715
f 724/1545/730 759/1546/765 767/1547/773
f 759/1546/765 709/1548/715 767/1547/773
f 586/1458/590 733/1460/739 598/1549/602
f 622/1165/626 708/1550/714 678/1308/684
f 768/1551/774 694/1022/700 679/1552/685
f 768/1553/774 760/1523/766 694/1347/700
f 735/1465/741 431/772/433 769/1554/775
f 641/1555/645 737/1556/743 683/1557/689
f 461/851/463 683/1317/689 737/1468/743
f 728/1558/734 747/1559/753 605/1357/609
f 661/1263/666 365/855/365 757/1513/763
f 711/1399/717 504/933/506 673/1290/679
f 763/1560/769 742/1478/748 548/1160/552
f 370/645/370 770/1561/776 722/1432/728
f 771/1562/777 509/942/511 532/979/534
f 772/1563/778 714/1405/720 725/1564/731
f 734/1494/740 773/1565/779 746/1493/752
f 726/1566/732 682/1567/688 760/1523/766
f 725/1440/731 681/1352/687 774/1568/780
f 746/1493/752 769/1554/775 431/772/433
f 775/1569/781 696/1356/702 615/1355/619
f 615/1355/619 737/1570/743 775/1569/781
f 696/1356/702 747/1559/753 728/1558/734
f 614/1378/618 643/1377/647 736/1466/742
f 632/1180/636 739/1473/745 448/819/450
f 527/972/529 368/641/368 776/1571/782
f 685/1325/691 777/1572/783 730/1450/736
f 730/1451/736 762/1573/768 721/1427/727
f 506/936/508 778/1574/784 674/1292/680
f 764/1541/770 621/1540/625 765/1542/771
f 771/1562/777 532/979/534 559/1032/563
f 657/1250/661 779/1575/785 706/1386/712
f 707/1435/713 780/1576/786 690/1337/696
f 707/1485/713 598/1111/602 781/1577/787
f 782/1578/788 759/1579/765 753/1580/759
f 598/1549/602 733/1460/739 783/1581/789
f 717/1582/723 726/1566/732 760/1523/766
f 671/1467/677 720/1583/726 653/1584/657
f 631/1179/635 754/1510/760 672/1289/678
f 570/1054/574 784/1585/790 729/1449/735
f 570/1054/574 526/1023/528 755/1511/761
f 494/913/496 748/1499/754 756/1512/762
f 593/1535/597 762/1537/768 785/1586/791
f 593/1535/597 785/1586/791 786/1587/792
f 593/1102/597 786/1588/792 438/787/440
f 758/1516/764 787/1589/793 657/1517/661
f 706/1386/712 780/1590/786 707/1453/713
f 657/1517/661 788/1591/794 779/1592/785
f 731/1593/737 767/1594/773 700/1595/706
f 783/1596/789 789/1597/795 598/1111/602
f 759/1522/765 782/1598/788 708/1390/714
f 768/1553/774 717/1582/723 760/1523/766
f 696/1356/702 775/1569/781 747/1559/753
f 790/1599/796 632/1180/636 672/1289/678
f 698/1531/704 791/1600/797 449/820/451
f 748/1499/754 449/820/451 791/1600/797
f 792/1601/798 793/1602/799 794/1603/800
f 673/1290/679 546/1534/550 795/1604/801
f 655/1246/659 796/1605/802 741/1475/747
f 684/1322/690 797/1606/803 712/1401/718
f 730/1451/736 777/1607/783 762/1573/768
f 785/1608/791 762/1573/768 777/1607/783
f 595/1609/599 699/1610/705 583/1611/587
f 560/1058/564 457/835/459 798/1612/804
f 663/1480/668 751/1520/757 743/1481/749
f 674/1292/680 771/1562/777 559/1032/563
f 706/1386/712 779/1575/785 799/1613/805
f 715/1454/721 744/1614/750 731/1455/737
f 689/1332/695 767/1615/773 744/1484/750
f 689/1486/695 724/1436/730 767/1616/773
f 779/1575/785 800/1617/806 799/1613/805
f 725/1618/731 801/1619/807 772/1620/778
f 802/1621/808 783/1581/789 733/1460/739
f 679/1345/685 803/1622/809 768/1553/774
f 803/1622/809 716/1623/722 717/1582/723
f 802/1621/808 804/1624/810 805/1625/811
f 774/1626/780 681/1627/687 806/1628/812
f 735/1629/741 737/1630/743 641/1631/645
f 645/1218/649 729/1449/735 807/1632/813
f 808/1633/814 672/1289/678 754/1510/760
f 606/1127/610 478/882/480 809/1634/815
f 794/1603/800 793/1602/799 810/1635/816
f 685/1325/691 811/1636/817 777/1572/783
f 438/787/440 786/1588/792 648/1226/652
f 742/1637/748 778/1574/784 506/936/508
f 430/897/432 418/1638/420 812/1639/818
f 813/1640/819 798/1612/804 457/835/459
f 778/1574/784 814/1641/820 674/1292/680
f 788/1591/794 800/1642/806 779/1592/785
f 690/1337/696 780/1576/786 732/1488/738
f 768/1553/774 803/1622/809 717/1582/723
f 789/1643/795 804/1624/810 769/1644/775
f 720/1420/726 815/1645/821 627/1398/631
f 627/1398/631 815/1645/821 697/1359/703
f 791/1600/797 698/1531/704 816/1646/822
f 817/1647/823 818/1648/824 794/1603/800
f 818/1648/824 792/1601/798 794/1603/800
f 794/1603/800 810/1635/816 817/1647/823
f 556/1073/560 757/1649/763 464/1071/466
f 761/1650/767 819/1651/825 556/1073/560
f 656/1247/660 749/1500/755 761/1533/767
f 741/1652/747 796/1653/802 820/1654/826
f 797/1606/803 821/1655/827 712/1401/718
f 546/1000/550 527/972/529 776/1571/782
f 619/1158/623 822/1656/828 684/1322/690
f 731/1593/737 744/1657/750 767/1594/773
f 714/1405/720 772/1563/778 823/1658/829
f 800/1642/806 824/1659/830 825/1660/831
f 708/1661/714 803/1622/809 678/1344/684
f 678/1344/684 803/1622/809 679/1345/685
f 716/1623/722 803/1622/809 753/1580/759
f 802/1662/808 789/1597/795 783/1596/789
f 826/1663/832 800/1617/806 825/1664/831
f 802/1662/808 805/1665/811 789/1597/795
f 827/1666/833 801/1667/807 806/1628/812
f 774/1626/780 806/1628/812 801/1667/807
f 805/1668/811 804/1669/810 789/1670/795
f 806/1671/812 681/1418/687 828/1672/834
f 773/1673/779 769/1644/775 746/1674/752
f 789/1643/795 769/1644/775 773/1673/779
f 804/1624/810 735/1675/741 769/1644/775
f 784/1585/790 570/1054/574 755/1511/761
f 829/1676/835 792/1601/798 818/1648/824
f 810/1677/816 793/1678/799 830/1679/836
f 792/1601/798 831/1680/837 793/1602/799
f 822/1656/828 619/1158/623 583/1083/587
f 743/1481/749 751/1520/757 832/1681/838
f 833/1682/839 560/1683/564 798/1684/804
f 787/1589/793 788/1591/794 657/1517/661
f 834/1685/840 509/942/511 771/1562/777
f 799/1613/805 780/1590/786 706/1386/712
f 714/1405/720 835/1686/841 752/1504/758
f 598/1111/602 789/1597/795 781/1577/787
f 803/1622/809 782/1578/788 753/1580/759
f 782/1578/788 803/1622/809 708/1661/714
f 801/1687/807 725/1440/731 774/1568/780
f 802/1621/808 733/1460/739 804/1624/810
f 828/1672/834 681/1418/687 719/1417/725
f 836/1688/842 739/1473/745 632/1180/636
f 711/1399/717 673/1290/679 837/1689/843
f 655/1246/659 838/1690/844 796/1605/802
f 546/1000/550 839/1691/845 795/1692/801
f 368/641/368 686/1327/692 776/1571/782
f 840/1693/846 813/1640/819 457/835/459
f 743/1694/749 832/1695/838 758/1696/764
f 765/1542/771 707/1485/713 781/1577/787
f 800/1642/806 788/1591/794 841/1697/847
f 842/1698/848 734/1462/740 745/1506/751
f 843/1699/849 824/1659/830 800/1642/806
f 732/1459/738 844/1700/850 733/1460/739
f 735/1675/741 845/1701/851 737/1570/743
f 808/1633/814 846/1702/852 672/1289/678
f 478/1703/480 617/1155/621 740/1474/746
f 748/1499/754 740/1474/746 756/1512/762
f 646/1220/650 847/1704/853 655/1246/659
f 742/1637/748 848/1705/854 778/1574/784
f 497/920/499 840/1693/846 457/835/459
f 418/738/420 722/1432/728 798/1706/804
f 832/1681/838 751/1520/757 849/1707/855
f 751/1503/757 752/1504/758 849/1708/855
f 835/1686/841 714/1405/720 823/1658/829
f 799/1613/805 800/1617/806 826/1663/832
f 780/1576/786 844/1709/850 732/1488/738
f 804/1624/810 845/1701/851 735/1675/741
f 747/1559/753 719/1710/725 642/1711/646
f 736/1466/742 850/1712/856 671/1467/677
f 790/1599/796 836/1688/842 632/1180/636
f 791/1600/797 816/1646/822 748/1499/754
f 818/1713/824 817/1714/823 851/1715/857
f 810/1635/816 852/1716/858 817/1647/823
f 757/1649/763 556/1073/560 853/1717/859
f 831/1680/837 854/1718/860 793/1602/799
f 793/1602/799 854/1718/860 830/1719/836
f 749/1500/755 855/1720/861 761/1533/767
f 763/1560/769 856/1721/862 742/1478/748
f 758/1516/764 857/1722/863 787/1589/793
f 752/1504/758 835/1686/841 858/1723/864
f 665/1274/670 520/1276/522 859/1724/865
f 772/1563/778 860/1725/866 823/1658/829
f 734/1494/740 842/1726/848 861/1727/867
f 825/1664/831 862/1728/868 826/1663/832
f 806/1671/812 828/1672/834 827/1729/833
f 733/1460/739 863/1730/869 804/1624/810
f 863/1730/869 845/1701/851 804/1624/810
f 864/1731/870 747/1559/753 775/1569/781
f 478/1732/480 740/1733/746 865/1734/871
f 698/1531/704 739/1735/745 816/1646/822
f 851/1736/857 829/1737/835 818/1738/824
f 792/1739/798 866/1740/872 831/1741/837
f 830/1719/836 867/1742/873 810/1635/816
f 847/1704/853 838/1690/844 655/1246/659
f 370/645/370 648/1226/652 770/1561/776
f 418/738/420 798/1706/804 868/1743/874
f 764/1541/770 765/1542/771 869/1744/875
f 835/1686/841 823/1658/829 858/1723/864
f 800/1642/806 841/1697/847 843/1699/849
f 861/1727/867 773/1565/779 734/1494/740
f 780/1590/786 799/1613/805 844/1700/850
f 870/1745/876 801/1667/807 827/1666/833
f 789/1643/795 773/1673/779 861/1746/867
f 844/1700/850 863/1730/869 733/1460/739
f 671/1467/677 850/1712/856 720/1583/726
f 736/1466/742 643/1377/647 871/1747/877
f 729/1449/735 784/1585/790 807/1632/813
f 755/1511/761 606/1127/610 872/1748/878
f 810/1749/816 873/1750/879 852/1751/858
f 556/1073/560 819/1651/825 853/1717/859
f 830/1719/836 854/1718/860 867/1742/873
f 761/1650/767 874/1752/880 819/1651/825
f 646/1400/650 711/1399/717 867/1753/873
f 796/1653/802 875/1754/881 820/1654/826
f 855/1755/861 749/1756/755 876/1757/882
f 712/1401/718 821/1655/827 750/1501/756
f 546/1000/550 776/1571/782 877/1758/883
f 763/1759/769 429/766/431 878/1760/884
f 878/1761/884 856/1721/862 763/1560/769
f 418/738/420 868/1743/874 840/1762/846
f 798/1763/804 813/1764/819 868/1765/874
f 787/1589/793 879/1766/885 788/1591/794
f 649/1456/653 880/1767/886 520/1276/522
f 477/879/479 664/1273/669 881/1768/887
f 882/1769/888 745/1492/751 509/942/511
f 520/1276/522 880/1767/886 859/1724/865
f 841/1697/847 883/1770/889 843/1699/849
f 772/1771/778 801/1772/807 870/1773/876
f 747/1559/753 864/1731/870 828/1774/834
f 864/1731/870 775/1569/781 884/1775/890
f 747/1559/753 828/1774/834 719/1710/725
f 775/1569/781 737/1570/743 884/1775/890
f 863/1730/869 737/1570/743 845/1701/851
f 697/1359/703 885/1776/891 754/1510/760
f 478/1777/480 865/1778/871 809/1779/815
f 661/1780/666 757/1781/763 571/1782/575
f 810/1635/816 867/1742/873 711/1783/717
f 886/1784/892 429/766/431 547/1001/551
f 429/766/431 886/1784/892 878/1760/884
f 777/1572/783 811/1636/817 887/1785/893
f 777/1607/783 887/1786/893 785/1608/791
f 813/1764/819 840/1787/846 868/1765/874
f 781/1577/787 789/1597/795 888/1788/894
f 889/1789/895 860/1725/866 827/1790/833
f 772/1791/778 870/1745/876 860/1792/866
f 860/1792/866 870/1745/876 827/1666/833
f 884/1775/890 737/1570/743 863/1730/869
f 850/1712/856 736/1466/742 871/1747/877
f 890/1793/896 790/1599/796 672/1289/678
f 847/1704/853 646/1220/650 867/1794/873
f 796/1605/802 838/1690/844 891/1795/897
f 812/1639/818 892/1796/898 430/897/432
f 893/1797/899 832/1681/838 849/1707/855
f 879/1766/885 787/1589/793 857/1722/863
f 893/1798/899 849/1799/855 752/1800/758
f 894/1801/900 895/1802/901 814/1803/820
f 765/1542/771 781/1577/787 888/1788/894
f 799/1613/805 826/1663/832 896/1804/902
f 896/1805/902 844/1806/850 799/1807/805
f 826/1663/832 862/1728/868 896/1804/902
f 807/1632/813 784/1585/790 897/1808/903
f 846/1702/852 890/1793/896 672/1289/678
f 829/1809/835 866/1740/872 792/1739/798
f 876/1757/882 898/1810/904 855/1755/861
f 855/1720/861 898/1811/904 899/1812/905
f 900/1813/906 822/1656/828 583/1083/587
f 812/1814/818 418/738/420 840/1762/846
f 832/1695/838 901/1815/907 758/1696/764
f 902/1816/908 814/1641/820 778/1574/784
f 722/1817/728 833/1112/839 798/1818/804
f 814/1819/820 903/1820/909 674/1821/680
f 752/1504/758 858/1723/864 893/1822/899
f 766/1543/772 477/879/479 881/1768/887
f 823/1658/829 860/1725/866 889/1789/895
f 883/1823/889 827/1824/833 843/1825/849
f 864/1731/870 904/1826/910 828/1774/834
f 784/1585/790 755/1511/761 905/1827/911
f 831/1828/837 906/1829/912 854/1830/860
f 810/1635/816 711/1783/717 837/1831/843
f 847/1832/853 867/1742/873 907/1833/913
f 876/1757/882 908/1834/914 898/1810/904
f 761/1533/767 855/1720/861 899/1812/905
f 583/1835/587 699/1539/705 900/1836/906
f 699/1539/705 764/1541/770 900/1836/906
f 901/1837/907 857/1722/863 758/1516/764
f 778/1574/784 909/1838/915 902/1816/908
f 560/1839/564 833/1840/839 910/1841/916
f 560/1034/564 910/1842/916 723/1434/729
f 674/1292/680 903/1843/909 771/1562/777
f 858/1844/864 911/1845/917 893/1846/899
f 879/1847/885 911/1845/917 788/1848/794
f 834/1849/840 882/1850/888 509/1851/511
f 911/1845/917 858/1844/864 841/1852/847
f 888/1853/894 789/1643/795 861/1746/867
f 824/1854/830 904/1826/910 825/1664/831
f 824/1854/830 843/1825/849 904/1826/910
f 843/1825/849 827/1824/833 904/1826/910
f 828/1774/834 904/1826/910 827/1824/833
f 904/1826/910 912/1855/918 825/1664/831
f 825/1664/831 912/1855/918 862/1728/868
f 864/1731/870 912/1855/918 904/1826/910
f 912/1855/918 864/1731/870 884/1775/890
f 643/1377/647 913/1856/919 871/1747/877
f 643/1214/647 645/1218/649 913/1857/919
f 807/1632/813 913/1857/919 645/1218/649
f 606/1127/610 809/1634/815 865/1858/871
f 816/1859/822 739/1860/745 836/1861/842
f 748/1499/754 914/1862/920 740/1474/746
f 816/1646/822 914/1862/920 748/1499/754
f 854/1718/860 907/1833/913 867/1742/873
f 673/1290/679 915/1863/921 837/1689/843
f 741/1652/747 916/1864/922 749/1756/755
f 832/1681/838 893/1797/899 901/1865/907
f 573/1137/577 917/1866/923 497/920/499
f 901/1867/907 893/1846/899 857/1868/863
f 893/1846/899 879/1847/885 857/1868/863
f 869/1869/875 765/1870/771 918/1871/924
f 771/1562/777 903/1843/909 834/1685/840
f 911/1845/917 841/1852/847 788/1848/794
f 664/1294/669 665/1274/670 881/1872/887
f 841/1852/847 858/1844/864 889/1873/895
f 841/1852/847 889/1873/895 883/1823/889
f 889/1873/895 827/1824/833 883/1823/889
f 896/1804/902 863/1730/869 844/1700/850
f 697/1359/703 815/1645/821 885/1776/891
f 919/1874/925 920/1875/926 921/1876/927
f 853/1717/859 819/1651/825 922/1877/928
f 546/1000/550 877/1758/883 839/1691/845
f 848/1705/854 909/1838/915 778/1574/784
f 497/920/499 923/1878/929 840/1693/846
f 893/1846/899 911/1845/917 879/1847/885
f 902/1879/908 894/1801/900 814/1803/820
f 814/1819/820 895/1880/901 903/1820/909
f 894/1801/900 918/1871/924 895/1802/901
f 823/1881/829 889/1873/895 858/1844/864
f 842/1698/848 888/1853/894 861/1746/867
f 720/1420/726 924/1882/930 815/1645/821
f 606/1127/610 865/1858/871 872/1748/878
f 920/1875/926 925/1883/931 921/1876/927
f 848/1884/854 742/1478/748 856/1721/862
f 430/897/432 892/1796/898 686/1327/692
f 840/1550/846 923/1885/929 812/1886/818
f 869/1869/875 918/1871/924 926/1887/932
f 926/1887/932 918/1871/924 894/1801/900
f 895/1802/901 918/1871/924 882/1850/888
f 745/1506/751 882/1850/888 842/1698/848
f 863/1730/869 896/1804/902 884/1775/890
f 862/1728/868 884/1775/890 896/1804/902
f 912/1855/918 884/1775/890 862/1728/868
f 740/1888/746 914/1889/920 927/1890/933
f 928/1891/934 920/1875/926 919/1874/925
f 757/1513/763 929/1892/935 571/1056/575
f 853/1893/859 929/1894/935 757/1895/763
f 776/1571/782 930/1896/936 877/1758/883
f 785/1586/791 887/1785/893 786/1587/792
f 903/1897/909 895/1802/901 882/1850/888
f 903/1897/909 882/1850/888 834/1849/840
f 842/1698/848 918/1871/924 888/1853/894
f 740/1898/746 931/1899/937 865/1900/871
f 921/1876/927 925/1883/931 932/1901/938
f 921/1876/927 932/1901/938 866/1902/872
f 866/1740/872 932/1903/938 831/1741/837
f 915/1863/921 673/1290/679 933/1904/939
f 765/1870/771 888/1853/894 918/1871/924
f 934/1905/940 924/1906/930 720/1583/726
f 905/1827/911 755/1511/761 872/1748/878
f 927/1907/933 931/1899/937 740/1898/746
f 921/1876/927 935/1908/941 919/1874/925
f 929/1892/935 853/1909/859 936/1910/942
f 937/1911/943 925/1883/931 920/1875/926
f 932/1912/938 906/1829/912 831/1828/837
f 810/1635/816 837/1831/843 938/1913/944
f 795/1914/801 839/1915/845 673/1916/679
f 761/1917/767 899/1918/905 898/1919/904
f 939/1920/945 685/1502/691 750/1501/756
f 940/1921/946 684/1322/690 822/1656/828
f 722/1432/728 910/1922/916 833/1923/839
f 926/1887/932 941/1924/947 869/1869/875
f 531/978/533 766/1543/772 573/1059/577
f 850/1712/856 934/1905/940 720/1583/726
f 934/1925/940 942/1926/948 924/1882/930
f 815/1927/821 943/1928/949 885/1929/891
f 890/1930/896 944/1931/950 790/1932/796
f 851/1736/857 945/1933/951 829/1737/835
f 946/1934/952 866/1740/872 829/1809/835
f 937/1911/943 920/1875/926 928/1891/934
f 929/1892/935 947/1935/953 571/1056/575
f 853/1909/859 922/1936/928 936/1910/942
f 922/1937/928 819/1938/825 948/1939/954
f 819/1651/825 874/1752/880 948/1940/954
f 837/1831/843 915/1941/921 938/1913/944
f 854/1718/860 949/1942/955 907/1833/913
f 907/1943/913 949/1944/955 847/1945/853
f 741/1652/747 820/1654/826 916/1864/922
f 796/1653/802 891/1946/897 875/1754/881
f 838/1690/844 950/1947/956 891/1795/897
f 951/1948/957 786/1587/792 887/1785/893
f 918/1871/924 842/1698/848 882/1850/888
f 649/1228/653 518/956/520 880/1949/886
f 850/1712/856 871/1747/877 934/1905/940
f 871/1747/877 913/1856/919 952/1950/958
f 924/1882/930 942/1926/948 815/1645/821
f 913/1951/919 807/1952/813 953/1953/959
f 885/1776/891 808/1633/814 754/1510/760
f 807/1632/813 897/1808/903 954/1954/960
f 897/1955/903 784/1956/790 954/1957/960
f 846/1958/852 808/1959/814 955/1960/961
f 956/1961/962 957/1962/963 852/1716/858
f 852/1716/858 873/1963/879 956/1961/962
f 776/1964/782 686/1965/692 930/1966/936
f 497/920/499 917/1866/923 923/1878/929
f 871/1747/877 952/1950/958 934/1905/940
f 943/798/949 958/1967/964 885/1968/891
f 885/1969/891 959/1970/965 808/1959/814
f 955/1971/961 960/1972/966 846/1702/852
f 846/1702/852 960/1972/966 890/1793/896
f 836/1973/842 961/1974/967 816/1975/822
f 816/1976/822 961/1977/967 914/1889/920
f 866/1902/872 935/1908/941 921/1876/927
f 937/1911/943 948/1939/954 925/1883/931
f 925/1883/931 962/1978/968 932/1901/938
f 854/1718/860 963/1979/969 949/1942/955
f 749/1756/755 916/1864/922 876/1757/882
f 684/1322/690 964/1980/970 797/1606/803
f 894/1801/900 902/1879/908 941/1924/947
f 573/1059/577 965/1981/971 917/1982/923
f 943/1983/949 815/1645/821 942/1926/948
f 865/1984/871 931/1985/937 966/1986/972
f 967/1987/973 851/1715/857 817/1714/823
f 948/1939/954 937/1911/943 922/1937/928
f 854/1830/860 906/1829/912 963/1988/969
f 847/1945/853 968/1989/974 838/1990/844
f 964/1980/970 684/1322/690 940/1921/946
f 822/1656/828 900/1813/906 940/1921/946
f 786/1587/792 951/1948/957 648/1991/652
f 573/1059/577 766/1543/772 965/1981/971
f 859/1724/865 881/1872/887 665/1274/670
f 952/1992/958 913/1993/919 953/1994/959
f 905/1995/911 872/1996/878 969/1997/975
f 944/1931/950 836/1998/842 790/1932/796
f 967/1987/973 945/1999/951 851/1715/857
f 852/2000/858 970/2001/976 817/1714/823
f 874/1752/880 971/2002/977 948/1940/954
f 761/2003/767 898/2004/904 972/2005/978
f 941/1924/947 926/1887/932 894/1801/900
f 784/1956/790 973/2006/979 954/1957/960
f 808/1959/814 974/2007/980 955/1960/961
f 945/2008/951 946/2009/952 829/2010/835
f 946/1934/952 975/2011/981 866/1740/872
f 866/1902/872 975/2012/981 935/1908/941
f 937/807/943 936/2013/942 922/2014/928
f 915/1941/921 933/2015/939 938/1913/944
f 964/1980/970 821/1655/827 797/1606/803
f 869/1744/875 976/2016/982 764/1541/770
f 902/1879/908 909/2017/915 941/1924/947
f 953/2018/959 977/2019/983 952/2020/958
f 959/1970/965 974/2007/980 808/1959/814
f 960/1972/966 944/2021/950 890/1793/896
f 865/1984/871 966/1986/972 872/1996/878
f 927/1890/933 966/1986/972 931/1985/937
f 919/1874/925 935/1908/941 978/2022/984
f 957/2023/963 956/2024/962 979/2025/985
f 936/1910/942 980/2026/986 929/1892/935
f 873/1963/879 810/1635/816 956/1961/962
f 948/1939/954 971/2027/977 925/1883/931
f 900/1836/906 764/1541/770 976/2016/982
f 848/1884/854 856/1721/862 909/2028/915
f 910/1842/916 981/2029/987 723/1434/729
f 723/1434/729 981/2029/987 518/956/520
f 977/2030/983 953/2031/959 982/2032/988
f 958/1967/964 983/2033/989 885/1968/891
f 943/2034/949 974/2007/980 959/1970/965
f 974/2007/980 984/2035/990 955/1960/961
f 784/2036/790 985/2037/991 973/2038/979
f 905/1827/911 985/2039/991 784/1585/790
f 927/1890/933 914/1889/920 986/2040/992
f 978/2022/984 935/1908/941 975/2012/981
f 947/1935/953 929/1892/935 980/2026/986
f 874/1752/880 987/2041/993 971/2002/977
f 988/2042/994 839/1691/845 877/1758/883
f 989/2043/995 972/2005/978 898/2004/904
f 990/2044/996 951/1948/957 887/1785/893
f 991/2045/997 943/2034/949 942/2046/948
f 953/2018/959 943/2034/949 982/2047/988
f 914/1889/920 961/1977/967 986/2040/992
f 968/1989/974 847/1945/853 949/1944/955
f 933/1904/939 673/1290/679 839/2048/845
f 838/1990/844 968/1989/974 950/2049/956
f 886/1784/892 547/1001/551 992/2050/998
f 990/2044/996 648/1991/652 951/1948/957
f 869/2051/875 941/2052/947 993/2053/999
f 923/1885/929 917/2054/923 812/1886/818
f 991/2045/997 982/2047/988 943/2034/949
f 885/2055/891 994/2056/1000 959/2057/965
f 974/2007/980 995/2058/1001 984/2035/990
f 984/2059/990 996/2060/1002 955/2061/961
f 928/2062/934 919/2063/925 978/2064/984
f 997/2065/1003 936/2066/942 937/2067/943
f 998/2068/1004 932/2069/938 999/2070/1005
f 366/896/366 1000/2071/1006 516/2072/518
f 968/1989/974 949/1944/955 963/2073/969
f 750/1501/756 821/1655/827 1001/2074/1007
f 821/2075/827 964/2076/970 1002/2077/1008
f 875/1754/881 891/1946/897 950/2078/956
f 909/2028/915 856/1721/862 1003/2079/1009
f 983/2033/989 994/2080/1000 885/1968/891
f 995/2081/1001 973/2082/979 985/2083/991
f 969/1997/975 872/1996/878 966/1986/972
f 836/1998/842 944/1931/950 986/2040/992
f 978/2022/984 1004/2084/1010 928/1891/934
f 978/2022/984 975/2012/981 946/2085/952
f 928/1891/934 997/2086/1003 937/1911/943
f 936/2087/942 1005/2088/1011 980/2089/986
f 962/2090/968 1006/2091/1012 932/2069/938
f 916/2092/922 1002/2093/1008 876/2094/882
f 892/2095/898 930/1966/936 686/1965/692
f 722/1432/728 770/1561/776 910/1922/916
f 952/2020/958 977/2019/983 934/2096/940
f 942/2046/948 934/2096/940 991/2045/997
f 953/2097/959 807/1632/813 1007/2098/1013
f 807/1632/813 954/1954/960 1007/2098/1013
f 955/2099/961 996/2100/1002 960/2101/966
f 986/2102/992 966/2103/972 927/2104/933
f 836/1998/842 986/2040/992 961/1977/967
f 946/2085/952 945/2105/951 978/2022/984
f 936/2087/942 997/2106/1003 1005/2088/1011
f 571/1056/575 947/1935/953 1008/2107/1014
f 761/1650/767 987/2041/993 874/1752/880
f 839/2048/845 1009/2108/1015 933/1904/939
f 839/1691/845 988/2042/994 1009/2109/1015
f 972/2110/978 1010/2111/1016 761/1650/767
f 972/2110/978 989/2112/995 1010/2111/1016
f 898/1810/904 908/1834/914 989/2113/995
f 941/2052/947 909/2028/915 1003/2079/1009
f 917/1982/923 965/1981/971 812/1639/818
f 766/1543/772 881/1768/887 1011/2114/1017
f 934/2096/940 977/2019/983 991/2045/997
f 977/2019/983 982/2047/988 991/2045/997
f 943/2115/949 1012/2116/1018 958/2117/964
f 973/2082/979 1013/2118/1019 954/2119/960
f 974/2120/980 1014/2121/1020 995/2122/1001
f 996/2100/1002 969/1997/975 944/1931/950
f 969/1997/975 966/1986/972 944/1931/950
f 944/1931/950 966/1986/972 986/2040/992
f 938/1913/944 956/1961/962 810/1635/816
f 1000/2123/1006 1015/2124/1021 516/952/518
f 916/2092/922 1016/2125/1022 1002/2093/1008
f 820/1654/826 875/1754/881 916/1864/922
f 821/2126/827 1016/2127/1022 1001/2128/1007
f 750/1501/756 1001/2074/1007 939/1920/945
f 877/1758/883 930/1896/936 988/2042/994
f 856/1721/862 1017/2129/1023 1003/2079/1009
f 976/2016/982 869/1744/875 993/2130/999
f 943/2115/949 1018/2131/1024 1012/2116/1018
f 943/2132/949 959/2133/965 1018/2134/1024
f 943/2034/949 953/2018/959 974/2007/980
f 973/2082/979 995/2081/1001 1013/2118/1019
f 996/2100/1002 944/1931/950 960/2101/966
f 1019/2135/1025 957/1962/963 979/2136/985
f 1006/2091/1012 999/2070/1005 932/2069/938
f 1002/2137/1008 1016/2138/1022 821/2139/827
f 1002/2093/1008 1020/2140/1026 876/2094/882
f 685/1325/691 939/2141/945 811/1636/817
f 811/1636/817 990/2044/996 887/1785/893
f 856/1721/862 878/1761/884 1021/2142/1027
f 941/2052/947 1022/2143/1028 993/2053/999
f 812/1639/818 1023/2144/1029 892/1796/898
f 954/2145/960 1024/2146/1030 1007/2147/1013
f 995/2148/1001 996/1011/1002 984/2149/990
f 969/1997/975 985/2150/991 905/1995/911
f 969/1997/975 996/2100/1002 985/2150/991
f 980/2089/986 1005/2088/1011 947/2151/953
f 963/2073/969 906/2152/912 1025/2153/1031
f 950/2049/956 968/1989/974 1026/2154/1032
f 992/2050/998 878/1760/884 886/1784/892
f 1003/2155/1009 1022/2156/1028 941/1818/947
f 812/1639/818 965/1981/971 1023/2144/1029
f 1007/2157/1013 974/2007/980 953/2018/959
f 978/2022/984 945/2105/951 1004/2084/1010
f 957/1962/963 1019/2135/1025 852/1716/858
f 761/1650/767 1027/2158/1033 987/2041/993
f 964/2159/970 1020/2160/1026 1002/2161/1008
f 876/2094/882 1020/2140/1026 908/2162/914
f 900/1813/906 1028/2163/1034 940/1921/946
f 1029/2164/1035 994/2080/1000 983/2033/989
f 995/2165/1001 985/2150/991 996/2100/1002
f 962/2166/968 1030/2167/1036 1006/2168/1012
f 366/896/366 1008/2107/1014 1000/2071/1006
f 925/2169/931 1030/2170/1036 962/2171/968
f 971/2027/977 1030/2172/1036 925/1883/931
f 976/2173/982 1028/2163/1034 900/1813/906
f 945/1999/951 967/1987/973 1031/2174/1037
f 1009/46/1015 938/1913/944 933/2015/939
f 1032/2175/1038 990/2044/996 811/1636/817
f 1022/2143/1028 1003/2079/1009 1017/2129/1023
f 1033/2176/1039 974/2177/980 1007/2147/1013
f 1033/2176/1039 1007/2147/1013 1024/2146/1030
f 1024/2178/1030 954/2119/960 1013/2118/1019
f 1034/2179/1040 1019/2135/1025 979/2136/985
f 1035/2180/1041 875/1754/881 950/2078/956
f 1036/2181/1042 811/1636/817 939/2141/945
f 908/1834/914 1010/2182/1016 989/2113/995
f 1037/2183/1043 976/2184/982 993/2185/999
f 994/2056/1000 1038/2186/1044 959/2057/965
f 1004/2084/1010 1039/2187/1045 928/1891/934
f 997/2106/1003 947/2151/953 1005/2088/1011
f 366/896/366 571/1056/575 1008/2107/1014
f 1040/2188/1046 906/2152/912 932/2189/938
f 1041/2190/1047 1030/2191/1036 971/2192/977
f 916/1864/922 1042/2193/1048 1016/2194/1022
f 916/1864/922 875/1754/881 1042/2193/1048
f 516/952/518 1015/2124/1021 547/1001/551
f 1015/2124/1021 992/2050/998 547/1001/551
f 761/1650/767 1010/2111/1016 1027/2158/1033
f 1018/2195/1024 959/2196/965 1038/2197/1044
f 1004/2198/1010 945/1999/951 1031/2174/1037
f 928/1891/934 1039/2187/1045 997/2086/1003
f 998/2068/1004 1040/2199/1046 932/2069/938
f 971/2200/977 987/2201/993 1041/2202/1047
f 1026/2154/1032 1035/2203/1041 950/2049/956
f 930/1896/936 1043/2204/1049 988/2042/994
f 1036/2181/1042 1032/2175/1038 811/1636/817
f 856/1721/862 1021/2142/1027 1017/2129/1023
f 1017/2129/1023 1044/2205/1050 1022/2143/1028
f 770/1561/776 981/2206/987 910/1922/916
f 881/1768/887 1045/2207/1051 1011/2114/1017
f 958/2117/964 1012/2116/1018 983/2208/989
f 963/2073/969 1025/2153/1031 968/1989/974
f 940/1921/946 1046/2209/1052 964/1980/970
f 1037/2210/1043 1047/2211/1053 976/2173/982
f 1022/2143/1028 1048/2212/1054 993/2053/999
f 1029/2213/1035 1049/2214/1055 994/2215/1000
f 994/2216/1000 1049/2217/1055 1038/2218/1044
f 1033/2219/1039 1014/2121/1020 974/2120/980
f 1014/2220/1020 1013/2221/1019 995/2222/1001
f 997/2106/1003 1050/2223/1056 947/2151/953
f 956/1961/962 938/1913/944 979/2136/985
f 1047/2211/1053 1028/2163/1034 976/2173/982
f 965/1981/971 766/1543/772 1051/2224/1057
f 981/2225/987 1052/2226/1058 518/1326/520
f 938/2227/944 1053/2228/1059 1054/2229/1060
f 1016/2230/1022 1042/2231/1048 1001/2232/1007
f 1009/46/1015 1053/2233/1059 938/1913/944
f 1009/2109/1015 988/2042/994 1053/2234/1059
f 1027/2158/1033 1010/2111/1016 1055/2235/1061
f 992/2050/998 1056/2236/1062 878/1760/884
f 1057/2237/1063 1058/2238/1064 1059/2239/1065
f 1052/2240/1058 880/1949/886 518/956/520
f 1033/2241/1039 1024/2242/1030 1013/2221/1019
f 1033/2241/1039 1013/2221/1019 1014/2220/1020
f 1034/2179/1040 979/2136/985 1060/2243/1066
f 968/1989/974 1035/2203/1041 1026/2154/1032
f 1042/2244/1048 939/1920/945 1001/2074/1007
f 1053/2234/1059 988/2042/994 1061/2245/1067
f 1047/2211/1053 1037/2210/1043 1062/2246/1068
f 1057/2247/1063 1059/2248/1065 1063/2249/1069
f 1057/2247/1063 1063/2249/1069 1064/2250/1070
f 1064/2250/1070 1048/2251/1071 1057/2247/1063
f 1048/2252/1071 1058/2238/1064 1057/2237/1063
f 1044/2205/1050 1048/2212/1054 1022/2143/1028
f 1051/2224/1057 766/1543/772 1011/2114/1017
f 1038/2253/1044 1049/2254/1055 1029/2255/1035
f 1065/2256/1072 967/1987/973 817/1714/823
f 947/2151/953 1050/2223/1056 1008/2257/1014
f 875/1754/881 1035/2180/1041 1042/2193/1048
f 1042/2258/1048 1036/2181/1042 939/2141/945
f 940/1921/946 1028/2163/1034 1066/2259/1073
f 1047/2211/1053 1062/2246/1068 1067/2260/1074
f 1047/2211/1053 1067/2260/1074 1028/2163/1034
f 1037/2183/1043 993/2185/999 1048/2261/1054
f 970/2001/976 1065/2256/1072 817/1714/823
f 1030/2167/1036 1041/2262/1047 1006/2168/1012
f 1068/2263/1075 1025/2153/1031 906/2152/912
f 964/2159/970 908/2057/914 1020/2160/1026
f 1055/2264/1061 1010/2182/1016 908/1834/914
f 1069/2265/1076 1064/2250/1077 1048/2251/1071
f 1058/2266/1064 1048/2267/1071 1063/2268/1069
f 1059/2269/1065 1058/2266/1064 1063/2268/1069
f 990/2270/996 770/1561/776 648/1226/652
f 1023/2271/1029 965/2272/971 1051/2273/1057
f 1012/2274/1018 1018/2195/1024 1038/2197/1044
f 1031/2174/1037 1070/2275/1078 1004/2198/1010
f 997/2276/1003 1039/2277/1045 1071/2278/1079
f 938/2279/944 1054/2280/1060 979/2281/985
f 1040/2188/1046 1072/2282/1080 906/2152/912
f 1006/1239/1012 1073/2283/1081 999/2284/1005
f 906/2152/912 1072/2282/1080 1068/2263/1075
f 1036/2285/1042 1042/2286/1048 1074/2287/1082
f 990/2270/996 1032/2288/1038 1075/2289/1083
f 1064/2290/1070 1037/2183/1043 1048/2261/1054
f 1063/2291/1069 1037/2292/1043 1064/2293/1070
f 1063/1253/1084 1048/2294/1085 1076/2295/1086
f 892/1796/898 1077/2296/1087 930/1896/936
f 983/2297/989 1012/2298/1018 1029/2255/1035
f 1054/2280/1060 1060/2299/1066 979/2281/985
f 1035/2300/1041 1078/2301/1088 1042/2302/1048
f 964/2303/970 1046/2304/1052 908/2305/914
f 1037/2210/1043 1063/2306/1069 1062/2246/1068
f 990/2270/996 1075/2289/1083 770/1561/776
f 1063/2307/1069 1048/2308/1054 1044/595/1050
f 1012/2298/1018 1038/2253/1044 1029/2255/1035
f 1031/2174/1037 967/1987/973 1070/2275/1078
f 1039/2277/1045 1004/2198/1010 1071/2278/1079
f 852/2000/858 1079/2309/1089 970/2001/976
f 852/2000/858 1019/2310/1025 1079/2309/1089
f 998/2068/1004 1080/2311/1090 1040/2199/1046
f 1027/2158/1033 1055/2235/1061 1081/2312/1091
f 1046/2209/1052 940/1921/946 1066/2259/1073
f 1063/2313/1069 1067/2314/1074 1062/2315/1068
f 892/1796/898 1023/2144/1029 1077/2296/1087
f 1045/2207/1051 1051/2224/1057 1011/2114/1017
f 1082/2316/1092 859/1724/865 880/1767/886
f 1083/2317/1093 1073/2283/1081 1006/1239/1012
f 1084/2318/1094 1015/2124/1021 1000/2123/1006
f 1074/2319/1082 1032/2175/1038 1036/2181/1042
f 992/2050/998 1085/2320/1095 1056/2236/1062
f 988/2042/994 1043/2204/1049 1061/2245/1067
f 859/1724/865 1045/2321/1051 881/1872/887
f 880/1767/886 1086/2322/1096 1082/2316/1092
f 1041/2262/1047 1087/2323/1097 1006/2168/1012
f 1044/2324/1050 1067/2314/1074 1063/2313/1069
f 1023/2144/1029 1051/2224/1057 1088/2325/1098
f 1043/2204/1049 930/1896/936 1089/2326/1099
f 930/1896/936 1077/2296/1087 1089/2326/1099
f 998/2068/1004 999/2070/1005 1090/2327/1100
f 1091/2328/1101 1008/2329/1014 1050/2330/1056
f 1092/2331/1102 1040/2188/1046 1080/2332/1090
f 1055/2264/1061 908/1834/914 1093/2333/1103
f 1021/2334/1027 1094/2335/1104 1017/2336/1023
f 1017/2129/1023 1095/2337/1105 1044/2205/1050
f 1095/2337/1105 1067/2260/1074 1044/2205/1050
f 1040/2188/1046 1092/2331/1102 1072/2282/1080
f 1042/2258/1048 1096/2338/1106 1074/2319/1082
f 1015/2124/1021 1085/2320/1095 992/2050/998
f 997/2339/1003 1097/2340/1107 1050/2330/1056
f 1042/2302/1048 1078/2301/1088 1096/2341/1106
f 1066/2259/1073 1028/2163/1034 1067/2260/1074
f 1095/2337/1105 1017/2129/1023 1094/2342/1104
f 1098/2343/1108 1097/2344/1107 997/2345/1003
f 1091/2328/1101 1099/2346/1109 1008/2329/1014
f 1084/2347/1094 1000/2071/1006 1008/2107/1014
f 1041/2348/1047 987/1678/993 1027/2349/1033
f 1100/2350/1110 1096/2341/1106 1078/2301/1088
f 968/1989/974 1101/2351/1111 1035/2203/1041
f 1101/2351/1111 1102/2352/1112 1035/2203/1041
f 1035/2203/1041 1102/2352/1112 1078/2353/1088
f 1055/2235/1061 1103/2354/1113 1081/2312/1091
f 1081/2312/1091 1103/2354/1113 1104/2355/1114
f 1071/2356/1079 1098/2357/1108 997/2358/1003
f 1083/2359/1093 1006/2360/1012 1105/2361/1115
f 1025/2153/1031 1101/2351/1111 968/1989/974
f 1093/2333/1103 1103/2362/1113 1055/2264/1061
f 1075/2289/1083 1106/2363/1116 770/1561/776
f 1023/2364/1029 1107/2365/1117 1108/2366/1118
f 981/2029/987 770/2367/776 1052/2240/1058
f 1065/2256/1072 1109/2368/1119 967/1987/973
f 1096/2338/1106 1110/2369/1120 1074/2319/1082
f 1061/2245/1067 1043/2204/1049 1111/2370/1121
f 1032/2288/1038 1112/2371/1122 1075/2289/1083
f 1023/2364/1029 1108/2366/1118 1077/2372/1087
f 1088/2373/1098 1107/2365/1117 1023/2364/1029
f 1099/2346/1109 1084/2318/1094 1008/2329/1014
f 1072/2282/1080 1092/2331/1102 1068/2263/1075
f 1006/2360/1012 1087/2374/1097 1105/2361/1115
f 1061/2245/1067 1111/2370/1121 1053/2234/1059
f 1093/2375/1103 908/2305/914 1066/2376/1073
f 1095/2337/1105 1113/2377/1123 1067/2260/1074
f 1050/2330/1056 1114/2378/1124 1091/2328/1101
f 1053/2228/1059 1115/2379/1125 1054/2229/1060
f 1105/2361/1115 1073/2380/1081 1083/2359/1093
f 1096/2341/1106 1100/2350/1110 1110/2381/1120
f 1066/2376/1073 908/2305/914 1046/2304/1052
f 1074/2319/1082 1112/2382/1122 1032/2175/1038
f 1077/2296/1087 1116/2383/1126 1089/2326/1099
f 1041/2262/1047 1117/2384/1127 1087/2323/1097
f 1117/2385/1127 1041/2348/1047 1027/2349/1033
f 1027/2349/1033 1081/2386/1091 1117/2385/1127
f 1075/2289/1083 1112/2371/1122 1118/2387/1128
f 859/1724/865 1119/2388/1129 1045/2321/1051
f 1054/2229/1060 1115/2379/1125 1120/2389/1130
f 1087/2323/1097 1117/2384/1127 1121/2390/1131
f 1078/2301/1088 1102/2391/1112 1100/2350/1110
f 1112/2382/1122 1074/2319/1082 1110/2369/1120
f 1122/2392/1132 1106/2363/1116 1075/2289/1083
f 1116/2383/1126 1077/2296/1087 1108/2393/1118
f 1097/2340/1107 1114/2378/1124 1050/2330/1056
f 1060/2243/1066 1123/2394/1133 1124/2395/1134
f 1067/2260/1074 1125/2396/1135 1066/2259/1073
f 1070/2275/1078 1126/2397/1136 1004/2198/1010
f 1079/2309/1089 1127/2398/1137 970/2001/976
f 1079/2309/1089 1019/2310/1025 1128/2399/1138
f 998/2068/1004 1129/2400/1139 1080/2311/1090
f 1080/2332/1090 1129/2401/1139 1092/2331/1102
f 1053/2234/1059 1111/2370/1121 1115/2402/1125
f 1015/2124/1021 1130/2403/1140 1085/2320/1095
f 1093/2333/1103 1131/2404/1141 1103/2362/1113
f 1056/2236/1062 1132/2405/1142 878/1760/884
f 1071/2356/1079 1133/2406/1143 1098/2357/1108
f 1060/2243/1066 1054/2407/1060 1123/2394/1133
f 1054/2407/1060 1120/2408/1130 1123/2394/1133
f 1099/2346/1109 1134/2409/1144 1084/2318/1094
f 880/1767/886 1135/2410/1145 1086/2322/1096
f 1070/2275/1078 967/1987/973 1136/2411/1146
f 1068/2263/1075 1101/2351/1111 1025/2153/1031
f 1103/2354/1113 1131/2412/1141 1104/2355/1114
f 878/1761/884 1137/2413/1147 1021/2142/1027
f 1052/2240/1058 1135/2414/1145 880/1949/886
f 859/1724/865 1082/2316/1092 1138/2415/1148
f 970/2416/976 1127/2417/1137 1139/2418/1149
f 1060/2243/1066 1124/2395/1134 1034/2179/1040
f 1117/2385/1127 1081/2386/1091 1140/2419/1150
f 1100/2350/1110 1141/2420/1151 1110/2381/1120
f 1043/2204/1049 1089/2326/1099 1142/2421/1152
f 770/2367/776 1106/2422/1116 1052/2240/1058
f 1088/2373/1098 1143/2423/1153 1107/2365/1117
f 1099/2346/1109 1091/2328/1101 1134/2409/1144
f 1110/2369/1120 1118/2424/1128 1112/2382/1122
f 1004/2198/1010 1144/2425/1154 1071/2278/1079
f 1015/2124/1021 1084/2318/1094 1130/2403/1140
f 1130/2403/1140 1145/2426/1155 1085/2320/1095
f 1142/2421/1152 1111/2370/1121 1043/2204/1049
f 1122/2392/1132 1075/2289/1083 1118/2387/1128
f 1137/2427/1147 878/1760/884 1132/2405/1142
f 1146/2428/1156 1021/2142/1027 1137/2413/1147
f 1147/2429/1157 1079/2309/1089 1128/2399/1138
f 1148/2430/1158 1097/2344/1107 1098/2343/1108
f 1120/2408/1130 1149/2431/1159 1123/2394/1133
f 1115/2432/1125 1149/2431/1159 1120/2408/1130
f 1141/2420/1151 1118/2433/1128 1110/2381/1120
f 1150/2434/1160 1095/2337/1105 1094/2342/1104
f 967/1987/973 1109/2368/1119 1136/2411/1146
f 1124/2395/1134 1123/2394/1133 1149/2431/1159
f 1090/2327/1100 999/2070/1005 1151/2435/1161
f 1087/2374/1097 1152/2436/1162 1105/2361/1115
f 1115/2402/1125 1111/2370/1121 1153/2437/1163
f 1131/2438/1141 1093/2439/1103 1154/2440/1164
f 1106/2422/1116 1135/2414/1145 1052/2240/1058
f 1079/2309/1089 1147/2429/1157 1127/2398/1137
f 1034/2179/1040 1124/2395/1134 1155/2441/1165
f 999/2442/1005 1073/2443/1081 1151/2444/1161
f 1140/2445/1150 1081/2312/1091 1104/2355/1114
f 1100/2446/1110 1156/2447/1166 1141/2448/1151
f 1131/2438/1141 1154/2440/1164 1157/2449/1167
f 1093/2450/1103 1066/2451/1073 1154/2452/1164
f 1122/2453/1132 1118/2433/1128 1141/2420/1151
f 1095/2337/1105 1150/2434/1160 1113/2377/1123
f 1135/2454/1145 1106/2455/1116 1158/2456/1168
f 1045/2207/1051 1119/2457/1129 1051/2224/1057
f 859/1724/865 1138/2415/1148 1119/2388/1129
f 1144/2425/1154 1004/2198/1010 1126/2397/1136
f 1113/2377/1123 1125/2396/1135 1067/2260/1074
f 1070/2275/1078 1136/2411/1146 1126/2397/1136
f 1121/2390/1131 1117/2384/1127 1159/2458/1169
f 1068/2263/1075 1160/2459/1170 1101/2351/1111
f 1131/2412/1141 1157/2460/1167 1104/2355/1114
f 1088/2325/1098 1051/2224/1057 1143/2461/1153
f 1129/2401/1139 1161/2462/1171 1092/2331/1102
f 1117/2384/1127 1162/2463/1172 1159/2458/1169
f 1102/2352/1112 1156/2447/1166 1100/2446/1110
f 1104/2355/1114 1157/2460/1167 1163/2464/1173
f 1157/2449/1167 1154/2440/1164 1163/2465/1173
f 1094/2342/1104 1021/2142/1027 1150/2434/1160
f 1164/2466/1174 1086/2467/1096 1135/2468/1145
f 1115/2402/1125 1153/2437/1163 1149/2469/1159
f 1101/2351/1111 1156/2447/1166 1102/2352/1112
f 1143/2461/1153 1051/2224/1057 1165/2470/1175
f 1148/2430/1158 1114/2471/1124 1097/2344/1107
f 1166/2472/1176 998/2068/1004 1090/2327/1100
f 1166/2472/1176 1129/2400/1139 998/2068/1004
f 1091/2473/1101 1167/2474/1177 1134/2475/1144
f 1152/2476/1162 1087/2323/1097 1121/2390/1131
f 1117/2385/1127 1140/2419/1150 1162/2477/1172
f 1145/2426/1155 1130/2403/1140 1084/2318/1094
f 1154/2478/1164 1066/2479/1073 1125/2480/1135
f 1122/2481/1132 1168/2482/1178 1106/2483/1116
f 1108/2393/1118 1169/2484/1179 1116/2383/1126
f 1133/2406/1143 1148/2485/1158 1098/2357/1108
f 1068/2263/1075 1170/2486/1180 1160/2459/1170
f 1084/2318/1094 1134/2409/1144 1167/2487/1177
f 1111/2370/1121 1142/2421/1152 1153/2437/1163
f 1106/2488/1116 1171/2489/1181 1158/1677/1168
f 1051/2224/1057 1172/2490/1182 1165/2470/1175
f 1158/2491/1168 1164/2466/1174 1135/2468/1145
f 1149/2469/1159 1155/2492/1165 1124/2493/1134
f 1092/2331/1102 1170/2486/1180 1068/2263/1075
f 1160/2459/1170 1173/2494/1183 1101/2351/1111
f 1145/2426/1155 1056/2236/1062 1085/2320/1095
f 1163/2464/1173 1174/2495/1184 1104/2355/1114
f 1163/2465/1173 1154/2440/1164 1174/2496/1184
f 1171/2497/1181 1175/2498/1185 1158/2499/1168
f 970/2001/976 1139/2500/1149 1065/2256/1072
f 1132/2405/1142 1146/2501/1156 1137/2427/1147
f 1171/2497/1181 1176/2502/1186 1175/2498/1185
f 1141/2448/1151 1156/2447/1166 1122/2481/1132
f 1177/2503/1187 1169/2484/1179 1108/2393/1118
f 1146/2428/1156 1150/2434/1160 1021/2142/1027
f 1107/2504/1117 1177/2503/1187 1108/2393/1118
f 1158/2499/1168 1178/2505/1188 1164/2506/1174
f 1133/2507/1143 1179/2508/1189 1148/2509/1158
f 1034/2510/1040 1155/2492/1165 1128/2511/1138
f 1090/2327/1100 1180/2512/1190 1166/2472/1176
f 1149/2469/1159 1181/2513/1191 1155/2492/1165
f 1121/2514/1131 1182/2515/1192 1152/2516/1162
f 1104/2355/1114 1183/2517/1193 1184/2518/1194
f 1089/2326/1099 1185/2519/1195 1142/2421/1152
f 1089/2326/1099 1116/2383/1126 1185/2519/1195
f 1106/2292/1116 1168/2520/1178 1171/2521/1181
f 1175/2498/1185 1178/2505/1188 1158/2499/1168
f 1107/2365/1117 1143/2423/1153 1186/2522/1196
f 1082/2316/1092 1187/2523/1197 1138/2415/1148
f 1019/2524/1025 1034/2510/1040 1128/2511/1138
f 1152/2436/1162 1188/2525/1198 1105/2361/1115
f 1153/2437/1163 1181/2513/1191 1149/2469/1159
f 1156/2447/1166 1101/2351/1111 1173/2494/1183
f 1171/2497/1181 1168/2526/1178 1176/2502/1186
f 1172/2490/1182 1051/2224/1057 1119/2457/1129
f 1121/2514/1131 1159/2527/1169 1189/2528/1199
f 1174/2495/1184 1183/2517/1193 1104/2355/1114
f 1190/2529/1200 1146/2501/1156 1132/2405/1142
f 1175/2530/1185 1191/2531/1201 1178/2532/1188
f 1113/2377/1123 1192/2533/1202 1125/2396/1135
f 1114/2378/1124 1193/2534/1203 1091/2328/1101
f 1092/2331/1102 1161/2462/1171 1170/2486/1180
f 1121/2514/1131 1189/2528/1199 1182/2515/1192
f 1154/2535/1164 1125/2536/1135 1174/2537/1184
f 1176/2502/1186 1194/2538/1204 1175/2498/1185
f 1143/2461/1153 1165/2470/1175 1186/2539/1196
f 1127/2398/1137 1147/2429/1157 1139/2500/1149
f 1148/2540/1158 1195/2541/1205 1114/2378/1124
f 1166/2472/1176 1196/2542/1206 1129/2400/1139
f 1153/2437/1163 1197/2543/1207 1181/2513/1191
f 1104/2355/1114 1184/2518/1194 1140/2445/1150
f 1185/2544/1195 1116/2545/1126 1198/2546/1208
f 1116/2383/1126 1169/2484/1179 1199/2547/1209
f 1175/2498/1185 1194/2538/1204 1191/2548/1201
f 1186/2522/1196 1177/2549/1187 1107/2365/1117
f 1086/2322/1096 1187/2523/1197 1082/2316/1092
f 1071/2356/1079 1200/2550/1210 1133/2406/1143
f 1105/2361/1115 1201/2551/1211 1073/2380/1081
f 1056/2236/1062 1202/2552/1212 1132/2405/1142
f 1183/2517/1193 1174/2495/1184 1203/2553/1213
f 1125/2536/1135 1204/2554/1214 1174/2537/1184
f 1168/2555/1178 1205/2556/1215 1176/2557/1186
f 1168/2555/1178 1206/2558/1216 1205/2556/1215
f 1207/2559/1217 1201/2551/1211 1105/2361/1115
f 1196/2560/1206 1161/2462/1171 1129/2401/1139
f 1208/2561/1218 1193/2534/1203 1114/2378/1124
f 1193/2562/1203 1167/2474/1177 1091/2473/1101
f 1183/2517/1193 1203/2553/1213 1184/2518/1194
f 1200/2550/1210 1179/2563/1189 1133/2406/1143
f 1153/2437/1163 1142/2421/1152 1197/2543/1207
f 1145/2426/1155 1209/2564/1219 1056/2236/1062
f 1116/2383/1126 1199/2547/1209 1198/2565/1208
f 1122/2481/1132 1206/2566/1216 1168/2482/1178
f 1172/2490/1182 1210/2567/1220 1165/2470/1175
f 1086/2322/1096 1164/2568/1174 1187/2523/1197
f 1155/2492/1165 1181/2513/1191 1211/2569/1221
f 1197/2543/1207 1142/2421/1152 1185/2519/1195
f 1186/2539/1196 1165/2470/1175 1212/2570/1222
f 1150/2434/1160 1192/2533/1202 1113/2377/1123
f 1090/2327/1100 1151/2435/1161 1180/2512/1190
f 1152/2571/1162 1213/2572/1223 1188/2573/1198
f 1056/2236/1062 1209/2564/1219 1202/2552/1212
f 1186/2574/1196 1212/2575/1222 1177/2571/1187
f 1136/2411/1146 1109/2368/1119 1214/2576/1224
f 1215/2577/1225 1155/2492/1165 1211/2569/1221
f 1190/2529/1200 1132/2405/1142 1202/2552/1212
f 1156/2447/1166 1206/2566/1216 1122/2481/1132
f 1174/2578/1184 1204/2579/1214 1203/2580/1213
f 1216/2581/1226 1177/2571/1187 1212/2575/1222
f 1164/2568/1174 1217/2582/1227 1187/2523/1197
f 1144/2425/1154 1200/2583/1210 1071/2278/1079
f 1148/2584/1158 1179/2585/1189 1195/2586/1205
f 1151/2587/1161 1073/2380/1081 1201/2551/1211
f 1170/2486/1180 1161/2462/1171 1218/2588/1228
f 1084/2318/1094 1219/2589/1229 1145/2426/1155
f 1197/1782/1207 1185/2544/1195 1198/2546/1208
f 1169/2590/1179 1177/2591/1187 1220/2592/1230
f 1176/2557/1186 1205/2556/1215 1194/2593/1204
f 1125/2396/1135 1192/2533/1202 1204/2594/1214
f 1172/2595/1182 1119/2596/1129 1138/2597/1148
f 1187/2598/1197 1221/2599/1231 1138/2597/1148
f 1128/2511/1138 1155/2492/1165 1215/2577/1225
f 1167/2487/1177 1219/2589/1229 1084/2318/1094
f 1191/2548/1201 1194/2538/1204 1222/2600/1232
f 1205/2556/1215 1206/2558/1216 1223/2601/1233
f 1150/2434/1160 1146/2428/1156 1224/2602/1234
f 1139/2500/1149 1147/2429/1157 1128/2399/1138
f 1225/2603/1235 1195/2604/1205 1179/2605/1189
f 1114/2378/1124 1195/2541/1205 1208/2561/1218
f 1152/2606/1162 1182/2607/1192 1226/2608/1236
f 1170/2486/1180 1227/2609/1237 1160/2459/1170
f 1194/2593/1204 1205/2556/1215 1228/2610/1238
f 1223/2601/1233 1206/2558/1216 1229/2611/1239
f 1230/2612/1240 1229/2613/1239 1206/2614/1216
f 1231/2615/1241 1177/2571/1187 1216/2581/1226
f 1217/2582/1227 1221/2616/1231 1187/2523/1197
f 1167/2474/1177 1193/2562/1203 1219/2617/1229
f 1197/1782/1207 1198/2546/1208 1199/2618/1209
f 1191/2548/1201 1222/2600/1232 1232/2619/1242
f 1232/2620/1242 1178/2532/1188 1191/2531/1201
f 1146/2428/1156 1190/2621/1200 1233/2622/1243
f 1233/2622/1243 1224/2602/1234 1146/2428/1156
f 1150/2434/1160 1224/2602/1234 1192/2533/1202
f 1065/2256/1072 1139/2500/1149 1234/2623/1244
f 1109/2368/1119 1065/2256/1072 1214/2576/1224
f 1179/2624/1189 1235/2625/1245 1225/2626/1235
f 1225/2603/1235 1236/2627/1246 1195/2604/1205
f 1181/2513/1191 1197/2543/1207 1211/2569/1221
f 1140/2445/1150 1184/2518/1194 1237/2628/1247
f 1238/2629/1248 1230/2630/1240 1231/2631/1241
f 1230/2632/1240 1238/2633/1248 1229/2634/1239
f 1238/2635/1248 1223/2601/1233 1229/2611/1239
f 1216/2636/1226 1212/2637/1222 1239/2638/1249
f 1207/2559/1217 1105/2361/1115 1188/2525/1198
f 1211/2569/1221 1197/2543/1207 1199/2547/1209
f 1159/2458/1169 1162/2463/1172 1240/2639/1250
f 1241/2640/1251 1140/2445/1150 1237/2628/1247
f 1173/2494/1183 1206/2566/1216 1156/2447/1166
f 1222/2600/1232 1194/2538/1204 1228/2641/1238
f 1205/2642/1215 1223/2643/1233 1228/2644/1238
f 1239/2645/1249 1212/2570/1222 1165/2470/1175
f 1221/2599/1231 1172/2595/1182 1138/2597/1148
f 1236/2627/1246 1242/2646/1252 1195/2604/1205
f 1152/2647/1162 1226/2648/1236 1213/2649/1223
f 1189/2528/1199 1240/2650/1250 1182/2515/1192
f 1159/2527/1169 1240/2650/1250 1189/2528/1199
f 1173/2651/1183 1160/2652/1170 1243/2653/1253
f 1244/2654/1254 1178/2532/1188 1232/2620/1242
f 1245/2655/1255 1246/2656/1256 1178/2532/1188
f 1225/2626/1235 1235/2625/1245 1247/2657/1257
f 1247/2657/1257 1236/2658/1246 1225/2626/1235
f 1180/2659/1190 1248/2660/1258 1249/2661/1259
f 1250/2662/1260 1219/2589/1229 1193/2534/1203
f 1219/2589/1229 1250/2662/1260 1145/2426/1155
f 1209/2564/1219 1251/2663/1261 1202/2552/1212
f 1251/2663/1261 1190/2529/1200 1202/2552/1212
f 1230/2664/1240 1177/2665/1187 1231/2666/1241
f 1239/2645/1249 1165/2470/1175 1210/2567/1220
f 1252/2667/1262 1164/2668/1174 1178/2532/1188
f 1235/2625/1245 1179/2624/1189 1200/2669/1210
f 1236/2670/1246 1253/2671/1263 1242/2672/1252
f 1195/2604/1205 1254/2673/1264 1208/2674/1218
f 1208/2561/1218 1250/2662/1260 1193/2534/1203
f 1162/2477/1172 1140/2419/1150 1241/2675/1251
f 1255/2676/1265 1199/2547/1209 1169/2484/1179
f 1173/2677/1183 1230/2612/1240 1206/2614/1216
f 1245/2655/1255 1178/2532/1188 1244/2654/1254
f 1223/2601/1233 1238/2635/1248 1256/2678/1266
f 1128/2511/1138 1215/2577/1225 1257/2679/1267
f 1180/2659/1190 1258/2680/1268 1166/2681/1176
f 1166/2472/1176 1258/2682/1268 1196/2542/1206
f 1195/2604/1205 1242/2646/1252 1254/2673/1264
f 1242/2646/1252 1253/2683/1263 1259/2684/1269
f 1162/2463/1172 1241/2685/1251 1240/2639/1250
f 1160/2459/1170 1227/2609/1237 1243/2686/1253
f 1260/2687/1270 1230/2688/1240 1173/2689/1183
f 1222/2690/1232 1228/2644/1238 1261/2691/1271
f 1262/2692/1272 1220/2693/1230 1177/2694/1187
f 1231/2695/1241 1256/2678/1266 1238/2635/1248
f 1192/2533/1202 1263/2696/1273 1204/2594/1214
f 1221/2599/1231 1210/2697/1220 1172/2595/1182
f 1126/2397/1136 1264/2698/1274 1144/2425/1154
f 1207/2559/1217 1265/2699/1275 1201/2551/1211
f 1259/2684/1269 1254/2673/1264 1242/2646/1252
f 1199/2547/1209 1255/2676/1265 1211/2569/1221
f 1173/2651/1183 1243/2653/1253 1266/2700/1276
f 1250/2662/1260 1209/2564/1219 1145/2426/1155
f 1267/2701/1277 1232/2702/1242 1222/2703/1232
f 1237/2628/1247 1184/2518/1194 1268/2704/1278
f 1231/2705/1241 1216/2636/1226 1239/2638/1249
f 1252/2667/1262 1178/2532/1188 1246/2656/1256
f 1269/2706/1279 1248/2707/1258 1180/2708/1190
f 1249/2661/1259 1258/2680/1268 1180/2659/1190
f 1227/2609/1237 1170/2486/1180 1218/2588/1228
f 1266/2700/1276 1260/2709/1270 1173/2651/1183
f 1270/2710/1280 1169/2590/1179 1220/2592/1230
f 1271/2711/1281 1177/2712/1187 1230/2713/1240
f 1228/2644/1238 1223/2643/1233 1272/2714/1282
f 1164/2568/1174 1252/2715/1262 1217/2582/1227
f 1273/2716/1283 1221/2616/1231 1217/2582/1227
f 1188/2525/1198 1274/2717/1284 1207/2559/1217
f 1227/2609/1237 1266/2718/1276 1243/2686/1253
f 1222/2703/1232 1261/2719/1271 1267/2701/1277
f 1267/2720/1277 1244/2654/1254 1232/2620/1242
f 1204/2721/1214 1275/2722/1285 1203/2553/1213
f 1223/2723/1233 1246/2724/1256 1245/2725/1255
f 1224/2602/1234 1263/2696/1273 1192/2533/1202
f 1252/2715/1262 1273/2716/1283 1217/2582/1227
f 1144/2425/1154 1264/2698/1274 1200/2583/1210
f 1128/2399/1138 1276/2726/1286 1139/2500/1149
f 1248/2727/1258 1277/2728/1287 1278/2729/1288
f 1278/2730/1288 1249/2661/1259 1248/2660/1258
f 1188/2573/1198 1213/2572/1223 1279/2731/1289
f 1259/2684/1269 1280/2732/1290 1254/2673/1264
f 1255/2676/1265 1169/2484/1179 1270/2733/1280
f 1268/2704/1278 1184/2518/1194 1203/2553/1213
f 1272/2734/1282 1223/2723/1233 1245/2725/1255
f 1281/2735/1291 1246/2736/1256 1223/2737/1233
f 1281/2738/1291 1252/2667/1262 1246/2656/1256
f 1247/2657/1257 1282/2739/1292 1236/2658/1246
f 1196/2560/1206 1258/2680/1268 1283/2740/1293
f 1260/2709/1270 1266/2700/1276 1230/2713/1240
f 1267/2720/1277 1272/2741/1282 1244/2654/1254
f 1244/2742/1254 1272/2734/1282 1245/2725/1255
f 1190/2529/1200 1251/2663/1261 1233/2743/1243
f 1223/2744/1233 1256/2745/1266 1284/1387/1294
f 1210/2697/1220 1221/2599/1231 1285/2746/1295
f 1136/2411/1146 1286/2747/1296 1126/2397/1136
f 1276/2748/1286 1128/2511/1138 1257/2679/1267
f 1277/2749/1287 1248/2707/1258 1269/2706/1279
f 1235/2750/1245 1282/2751/1292 1247/2752/1257
f 1269/2706/1279 1180/2708/1190 1151/2753/1161
f 1287/2754/1297 1240/2755/1250 1241/2756/1251
f 1288/2757/1298 1220/2758/1230 1289/2759/1299
f 1262/2692/1272 1289/2760/1299 1220/2693/1230
f 1271/2711/1281 1230/2713/1240 1266/2700/1276
f 1177/2712/1187 1290/2761/1300 1262/2762/1272
f 1231/2763/1241 1239/2764/1249 1256/2765/1266
f 1253/2671/1263 1236/2670/1246 1291/2766/1301
f 1270/2710/1280 1220/2592/1230 1288/2767/1298
f 1268/2768/1278 1292/2769/1302 1237/2770/1247
f 1290/2761/1300 1177/2712/1187 1271/2711/1281
f 1228/2644/1238 1272/2714/1282 1261/2691/1271
f 1264/2771/1274 1235/2772/1245 1200/2773/1210
f 1265/2699/1275 1151/2587/1161 1201/2551/1211
f 1282/2739/1292 1291/2774/1301 1236/2658/1246
f 1226/2608/1236 1182/2607/1192 1293/2775/1303
f 1254/2673/1264 1294/2776/1304 1208/2674/1218
f 1280/2732/1290 1295/2777/1305 1254/2673/1264
f 1289/2760/1299 1262/2692/1272 1296/2778/1306
f 1297/2779/1307 1271/2711/1281 1266/2700/1276
f 1261/2780/1271 1272/2781/1282 1267/2782/1277
f 1268/2704/1278 1203/2553/1213 1275/2722/1285
f 1210/2697/1220 1285/2746/1295 1298/2783/1308
f 1136/2411/1146 1299/2784/1309 1286/2747/1296
f 1253/2671/1263 1291/2766/1301 1300/2785/1310
f 1213/2649/1223 1226/2648/1236 1293/2786/1303
f 1254/2673/1264 1295/2777/1305 1294/2776/1304
f 1208/2561/1218 1294/2787/1304 1250/2662/1260
f 1301/2788/1311 1289/2760/1299 1296/2778/1306
f 1302/2789/1312 1284/2790/1294 1256/1865/1266
f 1281/2738/1291 1223/2791/1233 1284/2792/1294
f 1233/2793/1243 1303/2794/1313 1224/2795/1234
f 1204/2594/1214 1263/2696/1273 1275/2796/1285
f 1224/2602/1234 1303/2797/1313 1263/2696/1273
f 1214/2576/1224 1304/2798/1314 1136/2411/1146
f 1215/2577/1225 1211/2569/1221 1257/2679/1267
f 1188/2573/1198 1279/2731/1289 1274/2799/1284
f 1161/2462/1171 1305/2800/1315 1218/2588/1228
f 1241/2640/1251 1237/2628/1247 1306/2801/1316
f 1307/2802/1317 1235/2772/1245 1264/2771/1274
f 1282/2803/1292 1235/2804/1245 1308/2805/1318
f 1309/2806/1319 1258/2680/1268 1249/2661/1259
f 1237/2807/1247 1292/2808/1302 1306/2809/1316
f 1310/2810/1320 1209/2811/1219 1250/2812/1260
f 1251/2813/1261 1303/2794/1313 1233/2793/1243
f 1303/2797/1313 1275/2796/1285 1263/2696/1273
f 1285/2814/1295 1221/2616/1231 1273/2716/1283
f 1277/2749/1287 1269/2706/1279 1311/2815/1321
f 1151/2587/1161 1265/2699/1275 1312/2816/1322
f 1313/2817/1323 1265/2699/1275 1207/2559/1217
f 1279/2731/1289 1213/2572/1223 1293/2818/1303
f 1314/2819/1324 1289/2820/1299 1301/2821/1311
f 1290/2761/1300 1271/2711/1281 1297/2779/1307
f 1315/2822/1325 1284/2823/1294 1316/2824/1326
f 1284/2823/1294 1302/2825/1312 1316/2824/1326
f 1317/2826/1327 1277/2749/1287 1311/2815/1321
f 1253/2671/1263 1318/2827/1328 1259/2828/1269
f 1259/2829/1269 1318/1861/1328 1280/2830/1290
f 1255/2831/1265 1270/2710/1280 1319/2832/1329
f 1218/2833/1228 1266/800/1276 1227/2834/1237
f 1320/2835/1330 1310/2810/1320 1250/2812/1260
f 1296/2778/1306 1262/2692/1272 1290/2836/1300
f 1321/2837/1331 1251/2813/1261 1209/2811/1219
f 1322/2838/1332 1281/2738/1291 1284/2792/1294
f 1298/2839/1308 1239/2645/1249 1210/2567/1220
f 1281/2738/1291 1322/2838/1332 1252/2667/1262
f 1323/2840/1333 1126/2397/1136 1324/2841/1334
f 1325/2842/1335 1326/2843/1336 1277/2749/1287
f 1327/2844/1337 1278/2845/1288 1277/2846/1287
f 1325/2842/1335 1277/2749/1287 1317/2826/1327
f 1327/2844/1337 1328/2847/1338 1278/2845/1288
f 1312/2848/1322 1269/2706/1279 1151/2753/1161
f 1196/2560/1206 1305/2800/1315 1161/2462/1171
f 1314/2819/1324 1288/2767/1298 1289/2820/1299
f 1321/2837/1331 1209/2811/1219 1310/2810/1320
f 1329/2849/1339 1284/2792/1294 1315/2850/1325
f 1268/2768/1278 1275/2851/1285 1292/2769/1302
f 1251/2813/1261 1330/2852/1340 1303/2794/1313
f 1326/2853/1336 1327/2844/1337 1277/2846/1287
f 1282/2854/1292 1308/2855/1318 1331/2856/1341
f 1300/2785/1310 1318/2827/1328 1253/2671/1263
f 1182/2857/1192 1240/2858/1250 1287/2859/1297
f 1280/2860/1290 1318/2827/1328 1295/2861/1305
f 1319/2832/1329 1270/2710/1280 1288/2767/1298
f 1294/2787/1304 1320/2862/1330 1250/2662/1260
f 1315/2822/1325 1316/2824/1326 1329/2863/1339
f 1256/2765/1266 1239/2764/1249 1316/2824/1326
f 1256/2765/1266 1316/2824/1326 1302/2825/1312
f 1252/2864/1262 1322/2865/1332 1273/2866/1283
f 1139/2500/1149 1276/2726/1286 1234/2623/1244
f 1324/2867/1334 1126/2868/1136 1286/394/1296
f 1235/2772/1245 1332/2869/1342 1308/2855/1318
f 1257/2679/1267 1211/2569/1221 1333/2870/1343
f 1207/2559/1217 1334/2871/1344 1313/2817/1323
f 1310/2810/1320 1320/2835/1330 1295/2777/1305
f 1321/2837/1331 1330/2852/1340 1251/2813/1261
f 1292/2769/1302 1275/2851/1285 1303/2794/1313
f 1335/2872/1345 1298/2783/1308 1336/2873/1346
f 1298/2783/1308 1285/2746/1295 1336/2873/1346
f 1336/2873/1346 1285/2746/1295 1273/2866/1283
f 1299/2784/1309 1136/2411/1146 1304/2798/1314
f 1304/2874/1314 1214/2875/1224 1326/2843/1336
f 1265/2876/1275 1313/2877/1323 1312/2878/1322
f 1333/2870/1343 1211/2569/1221 1255/2676/1265
f 1294/2776/1304 1295/2777/1305 1320/2835/1330
f 1295/2777/1305 1321/2837/1331 1310/2810/1320
f 1337/2879/1347 1316/2824/1326 1239/2764/1249
f 1330/2852/1340 1292/2769/1302 1303/2794/1313
f 1322/2865/1332 1336/2873/1346 1273/2866/1283
f 1269/2706/1279 1312/2848/1322 1311/2815/1321
f 1313/2880/1323 1334/2881/1344 1338/2882/1348
f 1312/2878/1322 1313/2877/1323 1339/2883/1349
f 1340/2884/1350 1284/2792/1294 1329/2849/1339
f 1340/2884/1350 1322/2838/1332 1284/2792/1294
f 1323/2840/1333 1264/2698/1274 1126/2397/1136
f 1341/2885/1351 1339/2883/1349 1338/2886/1348
f 1311/2815/1321 1312/2848/1322 1339/2887/1349
f 1313/2877/1323 1338/2886/1348 1339/2883/1349
f 1331/2856/1341 1291/2766/1301 1282/2854/1292
f 1293/2888/1303 1182/2889/1192 1287/2890/1297
f 1297/2891/1307 1266/2718/1276 1218/2588/1228
f 1342/2892/1352 1321/2893/1331 1295/2861/1305
f 1329/2894/1339 1316/2895/1326 1337/2896/1347
f 1340/2897/1350 1336/2873/1346 1322/2865/1332
f 1332/2869/1342 1235/2772/1245 1307/2802/1317
f 1276/2748/1286 1257/2679/1267 1343/2898/1353
f 1344/2899/1354 1341/2885/1351 1338/2886/1348
f 1331/2856/1341 1345/2900/1355 1291/2766/1301
f 1334/2881/1344 1207/2901/1217 1346/2902/1356
f 1333/2870/1343 1255/2676/1265 1347/2903/1357
f 1258/2680/1268 1309/2806/1319 1283/2740/1293
f 1274/2904/1284 1279/2905/1289 1348/2906/1358
f 1347/2907/1357 1255/2831/1265 1319/2832/1329
f 1239/2645/1249 1349/2908/1359 1337/2909/1347
f 1239/2645/1249 1298/2839/1308 1349/2908/1359
f 1326/2843/1336 1325/2842/1335 1304/2874/1314
f 1344/2899/1354 1339/2883/1349 1341/2885/1351
f 1283/2740/1293 1305/2800/1315 1196/2560/1206
f 1301/2788/1311 1296/2778/1306 1350/2910/1360
f 1295/2861/1305 1318/2827/1328 1342/2892/1352
f 1241/2756/1251 1306/2911/1316 1351/2912/1361
f 1306/2911/1316 1352/2913/1362 1351/2912/1361
f 1306/2911/1316 1292/2769/1302 1352/2913/1362
f 1317/2914/1327 1339/2883/1349 1344/2899/1354
f 1293/2888/1303 1287/2890/1297 1353/2915/1363
f 1287/2754/1297 1241/2756/1251 1351/2912/1361
f 1354/2916/1364 1292/2769/1302 1330/2852/1340
f 1352/2913/1362 1292/2769/1302 1354/2916/1364
f 1355/2917/1365 1340/2897/1350 1329/2918/1339
f 1335/2872/1345 1336/2873/1346 1340/2897/1350
f 1317/2914/1327 1311/2919/1321 1339/2883/1349
f 1274/2717/1284 1346/2920/1356 1207/2559/1217
f 1356/2921/1366 1288/2767/1298 1314/2819/1324
f 1279/2905/1289 1293/2922/1303 1348/2906/1358
f 1329/2918/1339 1337/2923/1347 1355/2917/1365
f 1357/2924/1367 1349/2925/1359 1298/2783/1308
f 1355/2917/1365 1335/2872/1345 1340/2897/1350
f 1334/2881/1344 1346/2902/1356 1338/2882/1348
f 1314/2819/1324 1301/2821/1311 1358/2926/1368
f 1357/2924/1367 1335/2872/1345 1355/2917/1365
f 1357/2924/1367 1298/2783/1308 1335/2872/1345
f 1326/2853/1336 1359/2927/1369 1327/2844/1337
f 1344/2928/1354 1360/2929/1370 1361/2930/1371
f 1344/2928/1354 1361/2930/1371 1317/2931/1327
f 1350/2910/1360 1358/2932/1368 1301/2788/1311
f 1297/2933/1307 1362/2934/1372 1290/2935/1300
f 1337/2923/1347 1357/2924/1367 1355/2917/1365
f 1349/2908/1359 1357/2936/1367 1337/2909/1347
f 1325/2937/1335 1317/2938/1327 1361/2939/1371
f 1363/2940/1373 1308/2855/1318 1332/2869/1342
f 1364/2941/1374 1331/2856/1341 1308/2855/1318
f 1365/2942/1375 1356/2921/1366 1314/2819/1324
f 1274/2943/1284 1348/2944/1358 1366/2945/1376
f 1305/2800/1315 1297/2891/1307 1218/2588/1228
f 1353/2946/1363 1287/2781/1297 1354/2947/1364
f 1287/2948/1297 1351/2949/1361 1354/2950/1364
f 1344/2951/1354 1338/2882/1348 1367/2952/1377
f 1249/2661/1259 1278/2730/1288 1368/2953/1378
f 1369/2954/1379 1356/2921/1366 1365/2942/1375
f 1351/2912/1361 1352/2913/1362 1354/2916/1364
f 1321/2837/1331 1354/2916/1364 1330/2852/1340
f 1257/2679/1267 1370/2955/1380 1343/2898/1353
f 1344/2951/1354 1367/2952/1377 1360/2956/1370
f 1350/2910/1360 1296/2778/1306 1362/2957/1372
f 1296/2778/1306 1290/2836/1300 1362/2957/1372
f 1214/2576/1224 1065/2256/1072 1359/2958/1369
f 1332/2869/1342 1371/2959/1381 1363/2940/1373
f 1356/2921/1366 1319/2832/1329 1288/2767/1298
f 1353/2960/1363 1348/2906/1358 1293/2922/1303
f 1324/2841/1334 1286/2747/1296 1323/2840/1333
f 1326/2853/1336 1214/2961/1224 1359/2927/1369
f 1363/2940/1373 1364/2941/1374 1308/2855/1318
f 1314/2819/1324 1358/2926/1368 1365/2942/1375
f 1348/2944/1358 1353/2962/1363 1366/2945/1376
f 1325/2963/1335 1361/2930/1371 1372/2964/1382
f 1364/2941/1374 1373/2965/1383 1331/2856/1341
f 1367/2952/1377 1338/2882/1348 1374/2966/1384
f 1365/2942/1375 1358/2926/1368 1375/2967/1385
f 1345/2900/1355 1300/2785/1310 1291/2766/1301
f 1300/2785/1310 1342/2892/1352 1318/2827/1328
f 1376/2968/1386 1321/2837/1331 1342/2969/1352
f 1299/2784/1309 1377/2970/1387 1286/2747/1296
f 1325/2842/1335 1378/789/1388 1304/2874/1314
f 1379/2971/1389 1380/2972/1390 1381/2973/1391
f 1360/2956/1370 1367/2952/1377 1382/2974/1392
f 1328/2975/1338 1368/2976/1378 1278/2977/1288
f 1249/2978/1259 1383/1404/1393 1309/2979/1319
f 1319/2832/1329 1356/2921/1366 1347/2907/1357
f 1309/2806/1319 1384/2980/1394 1283/2740/1293
f 1360/2929/1370 1372/2964/1382 1361/2930/1371
f 1385/2981/1395 1360/2956/1370 1382/2974/1392
f 1373/370/1383 1364/2982/1374 1380/2972/1390
f 1374/2966/1384 1338/2882/1348 1346/2902/1356
f 1333/2870/1343 1347/2903/1357 1356/2983/1366
f 1386/2984/1396 1369/2954/1379 1365/2942/1375
f 1387/2985/1397 1264/2698/1274 1323/2840/1333
f 1388/2986/1398 1381/2987/1391 1389/2988/1399
f 1388/2986/1398 1379/2989/1389 1381/2987/1391
f 1380/1994/1390 1390/2990/1400 1381/2991/1391
f 1373/370/1383 1380/2972/1390 1379/2971/1389
f 1380/2992/1390 1391/2993/1401 1390/2994/1400
f 1380/2995/1390 1364/2996/1374 1391/2997/1401
f 1257/2679/1267 1333/2870/1343 1370/2955/1380
f 1386/2984/1396 1365/2942/1375 1375/2967/1385
f 1368/2953/1378 1392/2998/1402 1249/2661/1259
f 1392/2998/1402 1383/2999/1393 1249/2661/1259
f 1274/2717/1284 1393/3000/1403 1346/2920/1356
f 1274/2717/1284 1394/3001/1404 1395/3002/1405
f 1396/3003/1406 1362/2934/1372 1297/2933/1307
f 1354/2916/1364 1321/2837/1331 1376/2968/1386
f 1325/2963/1335 1397/3004/1407 1378/3005/1388
f 1363/3006/1373 1391/3007/1401 1364/3008/1374
f 1367/3009/1377 1374/3010/1384 1382/3011/1392
f 1395/3002/1405 1393/3000/1403 1274/2717/1284
f 1394/3001/1404 1274/2717/1284 1366/3012/1376
f 1379/2989/1389 1398/3013/1408 1373/2965/1383
f 1333/2870/1343 1356/2983/1366 1370/2955/1380
f 1358/2932/1368 1399/3014/1409 1375/3015/1385
f 1353/3016/1363 1400/3017/1410 1366/3012/1376
f 1283/2740/1293 1401/3018/1411 1305/2800/1315
f 1354/2916/1364 1376/2968/1386 1353/3019/1363
f 1402/3020/1412 1286/2747/1296 1377/2970/1387
f 1389/3021/1399 1381/2991/1391 1390/2990/1400
f 1403/3022/1413 1343/2898/1353 1370/2955/1380
f 1373/2965/1383 1345/2900/1355 1331/2856/1341
f 1384/2980/1394 1401/3018/1411 1283/2740/1293
f 1400/3017/1410 1353/3016/1363 1376/3023/1386
f 1360/2956/1370 1385/2981/1395 1372/3024/1382
f 1370/3025/1380 1356/2921/1366 1369/2954/1379
f 1375/3026/1385 1369/3027/1379 1386/3028/1396
f 1309/2979/1319 1383/1404/1393 1384/3029/1394
f 1328/2847/1338 1404/3030/1414 1368/3031/1378
f 1366/3012/1376 1400/3017/1410 1394/3001/1404
f 1345/2900/1355 1342/2892/1352 1300/2785/1310
f 1350/2910/1360 1362/2957/1372 1405/3032/1415
f 1286/2747/1296 1402/3020/1412 1406/3033/1416
f 1371/3034/1381 1391/3035/1401 1363/3036/1373
f 1406/3033/1416 1323/2840/1333 1286/2747/1296
f 1407/3037/1417 1385/2981/1395 1382/2974/1392
f 1396/3038/1406 1297/2891/1307 1305/2800/1315
f 1379/2989/1389 1388/2986/1398 1398/3013/1408
f 1370/3025/1380 1369/2954/1379 1375/2967/1385
f 1408/3039/1418 1345/2900/1355 1373/2965/1383
f 1409/3040/1419 1375/3015/1385 1399/3014/1409
f 1358/2932/1368 1350/2910/1360 1410/3041/1420
f 1389/3042/1399 1411/3043/1421 1388/3044/1398
f 1325/2963/1335 1372/2964/1382 1397/3004/1407
f 1394/3045/1404 1412/3046/1422 1395/3047/1405
f 1399/3014/1409 1358/2932/1368 1410/3041/1420
f 1400/3048/1410 1413/3049/1423 1394/3045/1404
f 1234/2623/1244 1414/3050/1424 1065/2256/1072
f 1377/2970/1387 1299/2784/1309 1415/3051/1425
f 1390/3052/1400 1411/3043/1421 1389/3042/1399
f 1398/3013/1408 1408/3039/1418 1373/2965/1383
f 1374/3010/1384 1416/3053/1426 1382/3011/1392
f 1374/2966/1384 1346/2902/1356 1417/3054/1427
f 1393/3055/1403 1417/3056/1427 1346/3057/1356
f 1374/3010/1384 1417/3058/1427 1416/3053/1426
f 1345/3059/1355 1413/3049/1423 1342/2969/1352
f 1401/3060/1411 1396/3061/1406 1305/3062/1315
f 1405/3063/1415 1362/3064/1372 1396/3065/1406
f 1418/3066/1428 1375/3015/1385 1409/3040/1419
f 1376/2968/1386 1342/2969/1352 1413/3049/1423
f 1323/2840/1333 1406/3033/1416 1419/3067/1429
f 1234/3068/1244 1276/2748/1286 1343/2898/1353
f 1412/3069/1422 1393/3000/1403 1395/3002/1405
f 1412/3046/1422 1394/3045/1404 1413/3049/1423
f 1413/3049/1423 1400/3048/1410 1376/2968/1386
f 1350/2910/1360 1405/3032/1415 1410/3041/1420
f 1375/3070/1385 1420/3071/1430 1370/3072/1380
f 1264/2698/1274 1421/3073/1431 1307/3074/1317
f 1387/3075/1397 1422/3076/1432 1423/3077/1433
f 1388/2986/1398 1411/3078/1421 1398/3013/1408
f 1327/2844/1337 1404/3030/1414 1328/2847/1338
f 1424/3079/1434 1375/3070/1385 1418/3080/1428
f 1393/3000/1403 1412/3069/1422 1425/3081/1435
f 1408/3082/1418 1413/3049/1423 1345/3059/1355
f 1399/3014/1409 1410/3041/1420 1409/3040/1419
f 1307/2802/1317 1426/3083/1436 1332/2869/1342
f 1403/3022/1413 1427/3084/1437 1343/2898/1353
f 1391/3085/1401 1371/3086/1381 1390/3087/1400
f 1264/2698/1274 1387/2985/1397 1423/3088/1433
f 1428/3089/1438 1377/2970/1387 1415/3051/1425
f 1421/3090/1431 1426/3083/1436 1307/2802/1317
f 1411/3091/1421 1422/3076/1432 1387/3075/1397
f 1390/3052/1400 1429/3092/1439 1411/3043/1421
f 1425/3093/1435 1417/3056/1427 1393/3055/1403
f 1387/2985/1397 1323/2840/1333 1419/3067/1429
f 1402/3020/1412 1430/3094/1440 1406/3033/1416
f 1359/2927/1369 1404/3030/1414 1327/2844/1337
f 1385/3095/1395 1431/3096/1441 1372/2964/1382
f 1372/2964/1382 1431/3096/1441 1397/3004/1407
f 1370/3097/1380 1420/3098/1430 1403/3099/1413
f 1424/3079/1434 1420/3071/1430 1375/3070/1385
f 1343/3100/1353 1427/3101/1437 1234/2623/1244
f 1332/2869/1342 1426/3083/1436 1371/2959/1381
f 1403/3099/1413 1420/3098/1430 1432/3102/1442
f 1418/3066/1428 1433/3103/1443 1424/3104/1434
f 1409/3040/1419 1434/3105/1444 1418/3066/1428
f 1420/3098/1430 1424/3106/1434 1432/3102/1442
f 1304/2798/1314 1435/3107/1445 1299/2784/1309
f 1436/3108/1446 1425/3081/1435 1412/3069/1422
f 1384/2980/1394 1383/2999/1393 1401/3018/1411
f 1385/2981/1395 1407/3037/1417 1431/3109/1441
f 1418/3066/1428 1437/3110/1447 1433/3103/1443
f 1417/3058/1427 1425/3111/1435 1438/3112/1448
f 1412/3046/1422 1413/3049/1423 1436/3113/1446
f 1439/3114/1449 1411/3115/1421 1387/3116/1397
f 1377/3117/1387 1440/3118/1450 1402/3119/1412
f 1437/3110/1447 1418/3066/1428 1434/3105/1444
f 1434/3105/1444 1409/3040/1419 1441/3120/1451
f 1419/3067/1429 1439/3121/1449 1387/2985/1397
f 1440/3118/1450 1430/3122/1440 1402/3119/1412
f 1416/3053/1426 1417/3058/1427 1438/3112/1448
f 1408/3082/1418 1436/3113/1446 1413/3049/1423
f 1377/3117/1387 1428/3123/1438 1440/3118/1450
f 1411/3115/1421 1442/3124/1452 1398/3125/1408
f 1299/2784/1309 1443/3126/1453 1415/3051/1425
f 1419/3067/1429 1406/3033/1416 1444/3127/1454
f 1439/3114/1449 1442/3124/1452 1411/3115/1421
f 1445/3128/1455 1436/3113/1446 1408/3082/1418
f 1406/3033/1416 1430/3094/1440 1444/3127/1454
f 1432/3129/1442 1424/3130/1434 1446/3131/1456
f 1403/3022/1413 1432/3132/1442 1446/3133/1456
f 1442/3124/1452 1408/3082/1418 1398/3125/1408
f 1436/3113/1446 1447/3134/1457 1425/3135/1435
f 1425/3135/1435 1447/3134/1457 1438/3136/1448
f 1436/3113/1446 1445/3128/1455 1447/3134/1457
f 1382/3011/1392 1416/3053/1426 1448/3137/1458
f 1414/3050/1424 1359/2958/1369 1065/2256/1072
f 1299/2784/1309 1435/3107/1445 1443/3126/1453
f 1411/3091/1421 1429/3138/1439 1422/3076/1432
f 1431/3096/1441 1449/3139/1459 1397/3004/1407
f 1445/3128/1455 1408/3082/1418 1442/3124/1452
f 1405/3032/1415 1396/3140/1406 1450/3141/1460
f 1450/3142/1460 1396/3061/1406 1401/3060/1411
f 1407/3037/1417 1382/2974/1392 1431/3109/1441
f 1448/3143/1458 1416/2994/1426 1451/3144/1461
f 1441/3120/1451 1409/3040/1419 1410/3041/1420
f 1264/2698/1274 1423/3088/1433 1421/3073/1431
f 1404/3145/1414 1452/3146/1462 1368/3147/1378
f 1410/3041/1420 1405/3032/1415 1450/3141/1460
f 1422/3076/1432 1429/3138/1439 1453/3148/1463
f 1439/3114/1449 1445/3128/1455 1442/3124/1452
f 1427/3101/1437 1454/3149/1464 1234/2623/1244
f 1439/3121/1449 1419/3067/1429 1444/3127/1454
f 1430/3094/1440 1455/3150/1465 1444/3127/1454
f 1430/2125/1440 1440/3151/1450 1455/3152/1465
f 1456/3153/1466 1445/3128/1455 1439/3114/1449
f 1424/3130/1434 1433/3154/1443 1446/3131/1456
f 1371/3155/1381 1426/3156/1436 1390/3052/1400
f 1444/3157/1454 1456/3153/1466 1439/3114/1449
f 1234/2623/1244 1454/3149/1464 1414/3050/1424
f 1422/3076/1432 1453/3148/1463 1423/3077/1433
f 1427/3084/1437 1403/3022/1413 1446/3133/1456
f 1359/3158/1369 1457/3159/1467 1404/3160/1414
f 1456/3153/1466 1447/3134/1457 1445/3128/1455
f 1456/3161/1466 1458/3162/1468 1447/3163/1457
f 1458/3164/1468 1438/3151/1448 1447/3165/1457
f 1434/3105/1444 1459/3166/1469 1437/3110/1447
f 1434/3105/1444 1441/3120/1451 1459/3166/1469
f 1454/3167/1464 1427/3084/1437 1446/3133/1456
f 1426/3156/1436 1429/3092/1439 1390/3052/1400
f 1378/3168/1388 1435/3107/1445 1304/2798/1314
f 1431/3109/1441 1382/2974/1392 1448/3169/1458
f 1410/3041/1420 1450/3141/1460 1441/3120/1451
f 1383/2999/1393 1460/3170/1470 1401/3018/1411
f 1401/3060/1411 1460/3171/1470 1450/3142/1460
f 1433/3154/1443 1461/3172/1471 1446/3131/1456
f 1433/3103/1443 1437/3110/1447 1461/3173/1471
f 1392/2998/1402 1460/3170/1470 1383/2999/1393
f 1423/3088/1433 1462/3174/1472 1421/3073/1431
f 1397/3004/1407 1449/3139/1459 1463/3175/1473
f 1404/3145/1414 1464/3176/1474 1452/3146/1462
f 1438/3112/1448 1465/3177/1475 1416/3053/1426
f 1392/2998/1402 1452/3178/1462 1466/3179/1476
f 1421/3090/1431 1462/3180/1472 1426/3083/1436
f 1444/3181/1454 1455/3182/1465 1456/3161/1466
f 1455/3182/1465 1467/3183/1477 1456/3161/1466
f 1368/2953/1378 1452/3178/1462 1392/2998/1402
f 1465/3177/1475 1451/3184/1461 1416/3053/1426
f 1468/3185/1478 1359/3186/1369 1414/3187/1424
f 1459/3166/1469 1441/3120/1451 1450/3141/1460
f 1453/3148/1463 1462/3188/1472 1423/3077/1433
f 1454/3149/1464 1446/3189/1456 1469/3190/1479
f 1431/3096/1441 1470/3191/1480 1449/3139/1459
f 1457/3192/1467 1464/3193/1474 1404/3194/1414
f 1460/3170/1470 1392/2998/1402 1471/3195/1481
f 1450/2950/1460 1460/3196/1470 1472/3197/1482
f 1437/3110/1447 1473/3198/1483 1461/3173/1471
f 1456/3161/1466 1467/3183/1477 1458/3162/1468
f 1471/3199/1481 1472/3197/1482 1460/3196/1470
f 1462/3188/1472 1453/3148/1463 1474/3200/1484
f 1459/3166/1469 1475/3201/1485 1437/3110/1447
f 1459/3202/1469 1450/3203/1460 1476/3204/1486
f 1429/3205/1439 1426/3206/1436 1462/3207/1472
f 1415/3208/1425 1440/3118/1450 1428/3123/1438
f 1465/3209/1475 1438/3210/1448 1458/3162/1468
f 1476/3211/1486 1450/3212/1460 1472/3213/1482
f 1454/3149/1464 1477/3214/1487 1414/3050/1424
f 1474/3200/1484 1453/3148/1463 1429/3138/1439
f 1470/3215/1480 1431/3109/1441 1448/3169/1458
f 1478/3216/1488 1479/3217/1489 1451/3218/1461
f 1451/3218/1461 1479/3217/1489 1448/3219/1458
f 1474/3220/1484 1429/3221/1439 1462/3222/1472
f 1359/3223/1369 1480/3224/1490 1457/3225/1467
f 1464/3176/1474 1466/3226/1476 1452/3146/1462
f 1451/3227/1461 1465/3228/1475 1478/3229/1488
f 1440/3230/1450 1481/3231/1491 1455/3150/1465
f 1446/3131/1456 1461/3172/1471 1469/3232/1479
f 1359/3186/1369 1482/3233/1492 1480/3234/1490
f 1480/3224/1490 1483/3235/1493 1457/3225/1467
f 1457/3236/1467 1483/3237/1493 1464/3238/1474
f 1458/3162/1468 1467/3183/1477 1465/3209/1475
f 1466/3179/1476 1471/3195/1481 1392/2998/1402
f 1476/3204/1486 1484/3239/1494 1459/3202/1469
f 1359/3186/1369 1468/3185/1478 1482/3233/1492
f 1482/3233/1492 1485/3240/1495 1480/3234/1490
f 1459/3202/1469 1484/3239/1494 1475/3241/1485
f 1464/3242/1474 1483/3243/1493 1466/3179/1476
f 1483/3243/1493 1471/3195/1481 1466/3179/1476
f 1471/3244/1481 1476/3245/1486 1472/3246/1482
f 1455/3182/1465 1481/3247/1491 1467/3183/1477
f 1485/3240/1495 1486/3248/1496 1480/3234/1490
f 1487/3249/1497 1473/3198/1483 1437/3110/1447
f 1480/3234/1490 1486/3248/1496 1483/3250/1493
f 1479/3217/1489 1478/3216/1488 1488/3251/1498
f 1481/3247/1491 1489/3252/1499 1467/3183/1477
f 1475/3253/1485 1490/3254/1500 1437/3255/1447
f 1448/3219/1458 1479/3217/1489 1491/3256/1501
f 1483/3250/1493 1476/3204/1486 1471/3257/1481
f 1440/3230/1450 1415/3051/1425 1481/3231/1491
f 1465/3209/1475 1467/3183/1477 1492/3258/1502
f 1485/3240/1495 1484/3239/1494 1486/3248/1496
f 1483/3250/1493 1486/3248/1496 1476/3204/1486
f 1484/3239/1494 1476/3204/1486 1486/3248/1496
f 1479/3259/1489 1493/3260/1503 1491/3261/1501
f 1470/3191/1480 1494/3262/1504 1449/3139/1459
f 1470/3215/1480 1495/3263/1505 1494/3264/1504
f 1470/3215/1480 1448/3169/1458 1496/3265/1506
f 1479/3217/1489 1497/3266/1507 1493/3267/1503
f 1454/3149/1464 1469/3190/1479 1498/3268/1508
f 1468/3269/1478 1499/3270/1509 1482/3271/1492
f 1482/3272/1492 1500/3273/1510 1485/3274/1495
f 1489/3275/1499 1492/3276/1502 1467/3277/1477
f 1397/3004/1407 1463/3175/1473 1501/3278/1511
f 1470/3215/1480 1496/3265/1506 1495/3263/1505
f 1448/3279/1458 1491/3280/1501 1496/3281/1506
f 1475/3253/1485 1502/3282/1512 1490/3254/1500
f 1484/3283/1494 1502/3282/1512 1475/3253/1485
f 1479/3217/1489 1488/3251/1498 1497/3266/1507
f 1414/3284/1424 1499/3285/1509 1468/3286/1478
f 1481/3247/1491 1492/3258/1502 1489/3252/1499
f 1491/3280/1501 1503/3287/1513 1496/3281/1506
f 1491/3288/1501 1493/2631/1503 1503/3289/1513
f 1478/3216/1488 1504/3290/1514 1488/3251/1498
f 1461/3173/1471 1505/3291/1515 1506/3292/1516
f 1461/3173/1471 1473/3198/1483 1505/3291/1515
f 1505/3293/1515 1473/3294/1483 1487/3295/1497
f 1478/3216/1488 1465/3296/1475 1504/3290/1514
f 1415/3051/1425 1507/3297/1517 1481/3231/1491
f 1488/3298/1498 1496/3299/1506 1497/3300/1507
f 1469/3232/1479 1461/3172/1471 1506/3301/1516
f 1494/3262/1504 1463/3175/1473 1449/3139/1459
f 1465/3302/1475 1492/3303/1502 1508/3304/1518
f 1487/3295/1497 1437/3255/1447 1490/3254/1500
f 1504/3305/1514 1465/3306/1475 1508/3307/1518
f 1503/3308/1513 1497/3300/1507 1496/3299/1506
f 1493/3309/1503 1497/3300/1507 1503/3308/1513
f 1482/3310/1492 1499/3311/1509 1509/3312/1519
f 1481/3247/1491 1510/3313/1520 1492/3258/1502
f 1485/3314/1495 1511/3315/1521 1484/3283/1494
f 1509/3316/1519 1512/3317/1522 1482/3272/1492
f 1511/3315/1521 1502/3282/1512 1484/3283/1494
f 1512/3317/1522 1500/3273/1510 1482/3272/1492
f 1498/3268/1508 1513/3318/1523 1454/3149/1464
f 1507/3319/1517 1514/3320/1524 1481/3247/1491
f 1514/3320/1524 1510/3313/1520 1481/3247/1491
f 1492/3303/1502 1515/3321/1525 1508/3304/1518
f 1496/3322/1506 1488/3323/1498 1504/3324/1514
f 1500/3273/1510 1516/3325/1526 1485/3274/1495
f 1477/3214/1487 1454/3149/1464 1513/3318/1523
f 1506/3326/1516 1517/3327/1527 1469/3328/1479
f 1397/3329/1407 1501/3330/1511 1378/3331/1388
f 1487/3295/1497 1490/3254/1500 1518/3332/1528
f 1485/3274/1495 1516/3325/1526 1511/3333/1521
f 1495/3334/1505 1496/3335/1506 1504/2132/1514
f 1469/3328/1479 1517/3327/1527 1498/3336/1508
f 1500/3273/1510 1512/3317/1522 1516/3325/1526
f 1487/3295/1497 1519/3337/1529 1505/3293/1515
f 1502/3282/1512 1520/3338/1530 1490/3254/1500
f 1511/3315/1521 1521/3339/1531 1502/3282/1512
f 1512/3340/1522 1522/3341/1532 1516/3342/1526
f 1516/3342/1526 1522/3341/1532 1511/3343/1521
f 1523/3344/1533 1499/3345/1509 1414/3346/1424
f 1524/3347/1534 1492/3258/1502 1510/3313/1520
f 1502/3282/1512 1521/3339/1531 1525/3348/1535
f 1502/483/1512 1525/3349/1535 1520/3350/1530
f 1522/3341/1532 1521/3351/1531 1511/3343/1521
f 1520/3338/1530 1518/3332/1528 1490/3254/1500
f 1526/3352/1536 1463/3175/1473 1494/3262/1504
f 1517/3353/1527 1506/3354/1516 1527/3355/1537
f 1492/3303/1502 1524/3356/1534 1515/3321/1525
f 1495/3263/1505 1504/3357/1514 1526/3358/1536
f 1522/3359/1532 1528/3360/1538 1521/3339/1531
f 1506/3292/1516 1505/3291/1515 1527/3361/1537
f 1505/3291/1515 1519/3362/1529 1527/3361/1537
f 1494/3264/1504 1495/3263/1505 1526/3358/1536
f 1487/3295/1497 1518/3332/1528 1519/3337/1529
f 1529/3363/1539 1504/3364/1514 1508/3365/1518
f 1477/3214/1487 1530/3366/1540 1414/3050/1424
f 1521/3339/1531 1528/3360/1538 1525/3348/1535
f 1510/3313/1520 1514/3320/1524 1524/3347/1534
f 1515/3367/1525 1531/3368/1541 1529/3369/1539
f 1515/3367/1525 1529/3369/1539 1508/2889/1518
f 1532/3370/1542 1435/3107/1445 1378/3168/1388
f 1463/3175/1473 1533/3371/1543 1501/3278/1511
f 1507/3319/1517 1534/3372/1544 1514/3320/1524
f 1524/3356/1534 1531/3373/1541 1515/3321/1525
f 1526/3352/1536 1533/3371/1543 1463/3175/1473
f 1518/3332/1528 1535/3374/1545 1519/3337/1529
f 1499/3311/1509 1536/3375/1546 1509/3312/1519
f 1520/3338/1530 1537/3376/1547 1518/3332/1528
f 1538/3377/1548 1507/3297/1517 1415/3051/1425
f 1538/3378/1548 1534/3372/1544 1507/3319/1517
f 1517/3379/1527 1513/3318/1523 1498/3268/1508
f 1523/3344/1533 1539/3380/1549 1499/3345/1509
f 1443/3126/1453 1538/3377/1548 1415/3051/1425
f 1519/3362/1529 1535/3381/1545 1527/3361/1537
f 1514/3320/1524 1534/3372/1544 1524/3347/1534
f 1509/3316/1519 1536/3382/1546 1512/3317/1522
f 1517/3379/1527 1540/3383/1550 1513/3318/1523
f 1499/3311/1509 1539/3384/1549 1536/3375/1546
f 1378/3331/1388 1501/3330/1511 1532/3385/1542
f 1530/3366/1540 1523/3386/1533 1414/3050/1424
f 1524/3356/1534 1541/3387/1551 1531/3373/1541
f 1522/3388/1532 1512/3317/1522 1528/3389/1538
f 1513/3318/1523 1542/3390/1552 1477/3214/1487
f 1527/3391/1537 1540/3392/1550 1517/3393/1527
f 1534/3372/1544 1543/3394/1553 1524/3347/1534
f 1529/3363/1539 1526/3352/1536 1504/3364/1514
f 1525/3348/1535 1544/3395/1554 1520/3338/1530
f 1520/3338/1530 1544/3395/1554 1537/3376/1547
f 1538/3378/1548 1543/3394/1553 1534/3372/1544
f 1512/3317/1522 1536/3382/1546 1528/3389/1538
f 1538/3378/1548 1545/3396/1555 1543/3394/1553
f 1535/3381/1545 1546/3397/1556 1527/3361/1537
f 1546/3398/1556 1535/3374/1545 1518/3332/1528
f 1530/3366/1540 1477/3214/1487 1542/3390/1552
f 1513/3399/1523 1540/3400/1550 1547/3401/1557
f 1540/3402/1550 1527/2024/1537 1546/3403/1556
f 1547/3404/1557 1540/3402/1550 1546/3403/1556
f 1530/3366/1540 1548/3405/1558 1523/3386/1533
f 1523/3344/1533 1548/3406/1558 1539/3380/1549
f 1501/3330/1511 1533/3407/1543 1549/3408/1559
f 1524/3347/1534 1543/3394/1553 1541/3409/1551
f 1501/3330/1511 1549/3408/1559 1532/3385/1542
f 1525/3348/1535 1528/3360/1538 1544/3395/1554
f 1513/3318/1523 1547/3410/1557 1542/3390/1552
f 1538/3377/1548 1443/3126/1453 1545/3411/1555
f 1443/3126/1453 1435/3107/1445 1550/3412/1560
f 1546/3413/1556 1551/3414/1561 1547/3415/1557
f 1541/3416/1551 1543/3417/1553 1531/3418/1541
f 1551/3419/1561 1546/3398/1556 1518/3332/1528
f 1552/3420/1562 1528/3389/1538 1536/3382/1546
f 1529/3363/1539 1531/3421/1541 1553/3422/1563
f 1547/3410/1557 1551/3423/1561 1542/3390/1552
f 1435/3107/1445 1532/3370/1542 1550/3412/1560
f 1543/3424/1553 1553/3422/1563 1531/3421/1541
f 1543/3394/1553 1554/3425/1564 1553/3426/1563
f 1536/3375/1546 1539/3384/1549 1548/3427/1558
f 1529/3363/1539 1553/3422/1563 1526/3352/1536
f 1528/3389/1538 1552/3420/1562 1544/3428/1554
f 1530/3366/1540 1542/3390/1552 1555/3429/1565
f 1548/3405/1558 1530/3366/1540 1555/3429/1565
f 1543/3394/1553 1545/3396/1555 1554/3425/1564
f 1553/3422/1563 1533/3371/1543 1526/3352/1536
f 1545/3411/1555 1443/3126/1453 1554/3430/1564
f 1536/3375/1546 1548/3427/1558 1552/3431/1562
f 1518/3432/1528 1537/3433/1547 1551/3434/1561
f 1554/3430/1564 1443/3126/1453 1550/3412/1560
f 1555/3429/1565 1542/3390/1552 1551/3423/1561
f 1533/3371/1543 1553/3422/1563 1549/3435/1559
f 1555/3436/1565 1556/3437/1566 1548/3438/1558
f 1551/3439/1561 1556/3437/1566 1555/3436/1565
f 1552/3440/1562 1548/3438/1558 1556/3437/1566
f 1532/3385/1542 1549/3408/1559 1557/3441/1567
f 1544/3428/1554 1552/3420/1562 1556/3442/1566
f 1544/3443/1554 1556/3437/1566 1537/3444/1547
f 1551/3439/1561 1537/3444/1547 1556/3437/1566
f 1557/3441/1567 1550/3445/1560 1532/3385/1542
f 1554/3425/1564 1558/3446/1568 1553/3426/1563
f 1550/3447/1560 1558/3448/1568 1554/3449/1564
f 1558/3448/1568 1550/3447/1560 1557/3450/1567
f 1553/3451/1563 1558/3034/1568 1549/3452/1559
f 1558/3453/1568 1557/3454/1567 1549/3455/1559
