# Blender 4.4.0
# www.blender.org
mtllib leg.mtl
o Meshy_AI_Donogans_severed_leg_0420163227_texture
v -0.384558 -0.177681 -0.958666
v -0.405310 -0.094270 -0.940303
v -0.333535 -0.168955 -0.960088
v -0.251594 -0.110432 -0.949644
v -0.270977 -0.150553 -0.930463
v -0.327073 -0.070126 -0.938323
v -0.440053 -0.164426 -0.949949
v -0.313609 -0.182295 -0.921146
v -0.481137 -0.131129 -0.945761
v -0.210584 -0.051076 -0.938406
v -0.530634 -0.078022 -0.932711
v -0.372579 -0.010202 -0.918802
v -0.566518 -0.045799 -0.928925
v -0.491161 -0.028150 -0.923264
v -0.525396 -0.108590 -0.880355
v -0.362887 -0.203310 -0.890554
v -0.403690 -0.187846 -0.922943
v -0.187762 -0.016087 -0.928126
v -0.478525 -0.171224 -0.873489
v -0.175189 -0.018924 -0.885075
v -0.496136 0.033280 -0.906340
v -0.589871 0.011422 -0.913184
v -0.269393 0.068390 -0.900721
v -0.183434 0.004917 -0.924929
v -0.447948 -0.185617 -0.883254
v -0.274217 -0.185942 -0.852771
v -0.590766 0.050744 -0.899594
v -0.422720 0.068993 -0.894578
v -0.188982 0.067343 -0.905318
v -0.238147 -0.128664 -0.889342
v -0.561623 -0.074023 -0.894536
v -0.345397 0.073857 -0.894635
v -0.322647 0.062465 -0.896328
v -0.185378 -0.075810 -0.859271
v -0.577785 0.089279 -0.890266
v -0.545272 0.122893 -0.877023
v -0.229051 0.116993 -0.886369
v -0.429923 -0.201144 -0.860705
v -0.162596 0.015386 -0.862113
v -0.396717 0.151741 -0.862791
v -0.449409 0.124165 -0.871318
v -0.268507 0.131523 -0.879138
v -0.381753 -0.221918 -0.824532
v -0.203039 -0.119661 -0.829434
v -0.172811 0.079664 -0.846263
v -0.590316 0.064752 -0.838819
v -0.205562 0.115343 -0.846658
v -0.301304 0.136008 -0.869757
v -0.263830 0.139668 -0.843079
v -0.510472 0.135805 -0.839250
v -0.229863 -0.157440 -0.802418
v -0.591511 -0.055194 -0.844872
v -0.332202 0.175235 -0.837845
v -0.577007 -0.092707 -0.807784
v -0.152867 -0.031481 -0.792425
v -0.559543 0.112404 -0.827943
v -0.430835 -0.214517 -0.804746
v -0.442866 0.140654 -0.826254
v -0.381099 0.190459 -0.807681
v -0.600854 -0.043312 -0.799753
v -0.286967 -0.205018 -0.802607
v -0.511758 -0.151461 -0.816231
v -0.147872 0.029183 -0.786986
v -0.164771 -0.079068 -0.777788
v -0.343347 0.192176 -0.807181
v -0.302054 0.178408 -0.805525
v -0.482614 -0.189150 -0.773751
v -0.436027 0.159556 -0.793220
v -0.331497 -0.222275 -0.752420
v -0.604880 0.013493 -0.784226
v -0.495659 0.148899 -0.783563
v -0.581272 0.076264 -0.769952
v -0.231385 0.148340 -0.743634
v -0.172004 0.103439 -0.762025
v -0.177301 -0.103959 -0.750185
v -0.152912 0.068343 -0.745201
v -0.523839 0.134871 -0.767268
v -0.378336 -0.228133 -0.752955
v -0.463045 -0.206050 -0.729553
v -0.208583 -0.143029 -0.745865
v -0.330572 0.199784 -0.755719
v -0.368502 0.199799 -0.728405
v -0.429494 -0.220413 -0.733757
v -0.584056 -0.093462 -0.719266
v -0.475109 0.162163 -0.709944
v -0.253536 -0.183104 -0.732606
v -0.604867 -0.026632 -0.731211
v -0.593113 0.057491 -0.745683
v -0.414710 0.175597 -0.735308
v -0.285129 0.185438 -0.744551
v -0.560027 -0.122116 -0.749630
v -0.603715 0.019327 -0.752019
v -0.560615 0.096601 -0.697078
v -0.273031 -0.198175 -0.737401
v -0.290507 -0.215646 -0.737500
v -0.158218 -0.073913 -0.712469
v -0.374800 -0.242998 -0.750656
v -0.329840 -0.235593 -0.743886
v -0.141884 -0.004235 -0.719119
v -0.444346 -0.236883 -0.728974
v -0.160075 -0.087659 -0.717817
v -0.585343 0.067560 -0.706569
v -0.506266 -0.178586 -0.708954
v -0.182008 -0.121080 -0.739806
v -0.168328 -0.143751 -0.745553
v -0.142031 -0.103362 -0.744271
v -0.227482 -0.186451 -0.734666
v -0.183775 -0.167716 -0.731832
v -0.221528 -0.161482 -0.728970
v -0.166221 -0.097231 -0.722986
v -0.236639 -0.198810 -0.714351
v -0.156726 -0.142269 -0.713396
v -0.345279 -0.242726 -0.710483
v -0.471419 -0.228071 -0.728758
v -0.458420 -0.210832 -0.714219
v -0.124316 -0.078029 -0.727881
v -0.138329 -0.056858 -0.712542
v -0.436065 -0.242864 -0.671186
v -0.487422 -0.212872 -0.697860
v -0.282583 0.190392 -0.674224
v -0.484445 -0.235076 -0.692369
v -0.207162 -0.187302 -0.692353
v -0.540510 -0.148171 -0.668072
v -0.592648 -0.064664 -0.664867
v -0.600537 0.000448 -0.684743
v -0.151497 0.049213 -0.667301
v -0.173814 0.098317 -0.676166
v -0.312488 0.198602 -0.665837
v -0.306848 -0.234203 -0.678628
v -0.165789 -0.156277 -0.668709
v -0.399428 0.175157 -0.664767
v -0.542117 -0.190719 -0.697161
v -0.510524 -0.219743 -0.700222
v -0.150708 -0.055510 -0.688338
v -0.122061 -0.048338 -0.665854
v -0.510795 0.127207 -0.662188
v -0.564027 -0.190884 -0.672975
v -0.478250 -0.196340 -0.673129
v -0.501637 -0.182478 -0.638246
v -0.147152 -0.016572 -0.645094
v -0.467744 -0.207908 -0.674961
v -0.554015 0.096528 -0.647010
v -0.142763 -0.122767 -0.661889
v -0.217520 0.130300 -0.646957
v -0.260006 0.170163 -0.631543
v -0.563978 -0.159200 -0.665122
v -0.596100 -0.047342 -0.662213
v -0.153449 0.025414 -0.620100
v -0.587277 0.048258 -0.658812
v -0.339208 0.193459 -0.630085
v -0.492247 -0.200482 -0.662530
v -0.577879 -0.093928 -0.652758
v -0.614113 -0.015507 -0.680936
v -0.627816 0.000494 -0.673144
v -0.492327 0.137088 -0.614041
v -0.487538 -0.232263 -0.622877
v -0.607655 -0.124993 -0.664750
v -0.584931 -0.110256 -0.650611
v -0.587584 -0.148520 -0.685030
v -0.129111 -0.027714 -0.651666
v -0.518634 -0.216687 -0.630354
v -0.258180 -0.219749 -0.641649
v -0.503214 -0.191109 -0.644560
v -0.523360 -0.164662 -0.635559
v -0.570072 0.072834 -0.658396
v -0.440920 0.159528 -0.621194
v -0.197583 -0.187221 -0.640977
v -0.610184 0.034212 -0.656088
v -0.622428 -0.065559 -0.654354
v -0.538918 0.113837 -0.639710
v -0.313263 -0.241557 -0.582549
v -0.591932 -0.145772 -0.645271
v -0.588737 0.078904 -0.648932
v -0.553003 -0.152849 -0.627559
v -0.595922 -0.082351 -0.645867
v -0.595600 0.054376 -0.647394
v -0.536654 0.146885 -0.664711
v -0.540946 0.135106 -0.634338
v -0.552687 0.157294 -0.634484
v -0.545944 -0.142191 -0.619547
v -0.605362 -0.095578 -0.638155
v -0.119937 -0.020882 -0.641960
v -0.128410 0.011598 -0.631988
v -0.566975 0.106284 -0.640992
v -0.481353 0.196887 -0.636547
v -0.492350 0.168287 -0.638819
v -0.570756 -0.166804 -0.606969
v -0.565284 -0.120125 -0.630566
v -0.543830 0.139568 -0.622468
v -0.519250 0.141709 -0.618861
v -0.426132 0.204399 -0.623197
v -0.593548 -0.109384 -0.598711
v -0.135029 -0.089469 -0.612231
v -0.596054 -0.011806 -0.605859
v -0.429375 0.190020 -0.610360
v -0.130078 -0.010304 -0.610524
v -0.144914 0.033466 -0.622417
v -0.114822 0.052653 -0.640705
v -0.119995 0.030317 -0.622843
v -0.562783 0.084690 -0.602815
v -0.584585 0.050585 -0.613839
v -0.515535 0.183965 -0.603681
v -0.163686 -0.152757 -0.558325
v -0.114951 0.041587 -0.602550
v -0.081249 0.047318 -0.594503
v -0.158795 0.063581 -0.597957
v -0.165958 0.055946 -0.607584
v -0.100031 0.067111 -0.578197
v -0.376208 0.174285 -0.592162
v -0.442440 0.213381 -0.581275
v -0.577559 0.027999 -0.582927
v -0.430452 0.223825 -0.610568
v -0.404184 0.230889 -0.608101
v -0.442420 0.246926 -0.615007
v -0.531735 -0.194331 -0.578245
v -0.138624 0.042214 -0.592705
v -0.209973 0.099388 -0.571701
v -0.540880 0.131265 -0.592383
v -0.502233 0.158002 -0.586706
v -0.397023 0.202535 -0.607655
v -0.454277 0.245067 -0.611737
v -0.134771 -0.068703 -0.571370
v -0.493681 0.141898 -0.584922
v -0.069224 0.026205 -0.589998
v -0.551549 0.152040 -0.576396
v -0.392057 0.176879 -0.582450
v -0.402701 0.233301 -0.573259
v -0.590779 -0.053217 -0.572897
v -0.143953 0.080675 -0.577415
v -0.466938 0.168519 -0.567528
v -0.397120 0.212975 -0.597194
v -0.230056 -0.219197 -0.541915
v -0.179011 0.074749 -0.579695
v -0.395227 0.164691 -0.560158
v -0.300673 0.179999 -0.571350
v -0.421067 0.171091 -0.554584
v -0.499562 0.186951 -0.565954
v -0.460667 0.228237 -0.552338
v -0.457351 -0.233537 -0.564399
v -0.249904 0.145321 -0.547099
v -0.439140 0.151611 -0.569937
v -0.146300 -0.123495 -0.565148
v -0.088760 0.049068 -0.553688
v -0.194952 0.085702 -0.566461
v -0.442124 0.242701 -0.550543
v -0.078572 0.043920 -0.575320
v -0.532168 0.100066 -0.541508
v -0.230222 0.122747 -0.558368
v -0.371694 0.190484 -0.563819
v -0.565471 -0.150325 -0.560990
v -0.098336 0.081754 -0.564371
v -0.524916 0.136058 -0.569318
v -0.135894 0.066391 -0.557916
v -0.161240 0.110846 -0.555851
v -0.203146 0.115369 -0.569819
v -0.210657 0.158550 -0.562987
v -0.347571 0.182185 -0.557572
v -0.150466 0.055110 -0.570672
v -0.190937 0.137667 -0.558616
v -0.416200 0.199183 -0.546594
v -0.500099 -0.204964 -0.516256
v -0.138343 -0.003674 -0.555664
v -0.576400 -0.010107 -0.520133
v -0.148047 0.108790 -0.547808
v -0.186125 0.179628 -0.551140
v -0.288488 -0.237788 -0.523082
v -0.140853 0.132723 -0.556015
v -0.234196 0.142549 -0.544699
v -0.481330 0.182227 -0.555591
v -0.153720 -0.149910 -0.545635
v -0.136193 -0.107864 -0.549476
v -0.168531 0.068845 -0.548128
v -0.297367 0.175102 -0.528457
v -0.422910 0.206499 -0.548994
v -0.195584 -0.198783 -0.536431
v -0.360148 0.190506 -0.543249
v -0.317436 0.193945 -0.549195
v -0.130413 -0.046395 -0.548411
v -0.548765 0.054463 -0.508639
v -0.314958 0.179904 -0.538100
v -0.322200 0.219312 -0.549121
v -0.297747 0.200527 -0.531086
v -0.410014 0.223525 -0.537583
v -0.563892 -0.098767 -0.488158
v -0.130259 -0.083103 -0.459410
v -0.162507 0.107497 -0.531064
v -0.143955 0.126363 -0.534843
v -0.507901 0.129510 -0.511431
v -0.188357 0.164345 -0.531982
v -0.243116 -0.231001 -0.521595
v -0.199239 0.112201 -0.545311
v -0.219574 0.138047 -0.530717
v -0.237788 0.167058 -0.522337
v -0.275930 0.162592 -0.516760
v -0.258708 0.150447 -0.520442
v -0.426899 0.192823 -0.507089
v -0.543291 -0.152856 -0.492934
v -0.178966 0.075787 -0.508250
v -0.342398 0.194208 -0.525969
v -0.323061 0.218689 -0.532397
v -0.357781 -0.246164 -0.535122
v -0.573246 -0.051850 -0.491037
v -0.132565 -0.025934 -0.485637
v -0.144676 0.011612 -0.492127
v -0.264603 0.190188 -0.523802
v -0.207749 0.192879 -0.505212
v -0.196231 -0.195979 -0.497987
v -0.312193 0.199160 -0.514241
v -0.347112 -0.249226 -0.498212
v -0.478542 -0.213439 -0.489535
v -0.567737 0.015301 -0.480263
v -0.211427 0.207801 -0.506049
v -0.355635 0.173016 -0.502250
v -0.240433 0.206057 -0.507245
v -0.436062 -0.234478 -0.492904
v -0.233308 0.149520 -0.505579
v -0.327996 0.164376 -0.483016
v -0.456794 0.173119 -0.475347
v -0.260048 0.186629 -0.507656
v -0.252188 -0.224396 -0.454346
v -0.157927 -0.149481 -0.460572
v -0.224418 0.146059 -0.488822
v -0.411320 -0.242993 -0.486058
v -0.240253 0.179696 -0.483668
v -0.268518 0.169200 -0.486907
v -0.316952 -0.245472 -0.479157
v -0.255189 0.179586 -0.485694
v -0.225731 0.211929 -0.485578
v -0.167777 0.065397 -0.469471
v -0.348768 0.167055 -0.463434
v -0.376963 -0.240749 -0.446341
v -0.512269 -0.177436 -0.458349
v -0.421575 -0.235686 -0.473571
v -0.542730 -0.130618 -0.446173
v -0.412192 0.181908 -0.464673
v -0.476537 0.152064 -0.447161
v -0.564386 -0.021646 -0.445675
v -0.542380 0.067056 -0.456408
v -0.203334 0.137504 -0.443648
v -0.219693 0.166446 -0.395755
v -0.280359 0.179449 -0.439675
v -0.561746 -0.062093 -0.434195
v -0.379590 0.178694 -0.431740
v -0.479841 -0.198596 -0.438881
v -0.187434 -0.186859 -0.419659
v -0.119126 -0.043337 -0.426812
v -0.126017 0.020166 -0.405899
v -0.550456 0.026644 -0.417592
v -0.426041 0.177833 -0.427450
v -0.435883 -0.225450 -0.447372
v -0.135937 -0.115863 -0.418109
v -0.303258 0.187140 -0.429956
v -0.119326 -0.074082 -0.404678
v -0.312574 -0.229745 -0.402097
v -0.530122 0.076295 -0.415538
v -0.498767 0.120660 -0.422468
v -0.141030 0.073713 -0.388826
v -0.399997 -0.222053 -0.399054
v -0.333804 0.196517 -0.392343
v -0.288617 -0.224867 -0.384688
v -0.526172 -0.119465 -0.375883
v -0.460214 -0.179600 -0.355380
v -0.117176 -0.058189 -0.398163
v -0.102687 -0.021693 -0.338253
v -0.498167 0.119043 -0.374342
v -0.212964 -0.201792 -0.391331
v -0.171857 0.130397 -0.378939
v -0.479757 0.140895 -0.380118
v -0.441288 0.171930 -0.394641
v -0.485358 -0.164973 -0.366895
v -0.267882 0.198648 -0.360721
v -0.390251 0.189032 -0.369565
v -0.541909 -0.060511 -0.358587
v -0.132426 -0.124839 -0.358318
v -0.538384 0.018455 -0.351298
v -0.158202 -0.159320 -0.334689
v -0.378784 -0.211489 -0.341041
v -0.120548 0.064855 -0.344709
v -0.213808 -0.197153 -0.348899
v -0.111720 -0.087865 -0.324212
v -0.512684 0.075750 -0.328214
v -0.231238 0.192050 -0.335526
v -0.347481 0.203969 -0.334681
v -0.277907 -0.214356 -0.329527
v -0.383780 -0.195131 -0.285152
v -0.175030 0.160774 -0.328779
v -0.408136 0.182196 -0.334572
v -0.518399 -0.115935 -0.343524
v -0.455020 0.154856 -0.335553
v -0.146211 0.140103 -0.294996
v -0.318966 -0.210075 -0.290728
v -0.189843 -0.182829 -0.295743
v -0.256125 -0.204034 -0.284375
v -0.479056 0.125353 -0.295610
v -0.448329 -0.161373 -0.281341
v -0.483288 -0.140896 -0.303013
v -0.277109 0.208932 -0.311684
v -0.131719 -0.131612 -0.303069
v -0.521571 -0.054068 -0.280921
v -0.359693 0.203828 -0.297771
v -0.176439 0.177669 -0.279860
v -0.095955 -0.054855 -0.282644
v -0.518847 0.015748 -0.279156
v -0.106992 0.056893 -0.291048
v -0.405283 0.179761 -0.267826
v -0.109006 -0.092530 -0.286165
v -0.498776 -0.089121 -0.245166
v -0.086602 -0.005079 -0.250762
v -0.213123 0.204301 -0.267569
v -0.269889 0.216194 -0.262784
v -0.104745 0.082988 -0.248977
v -0.197318 -0.182424 -0.268117
v -0.481988 -0.116528 -0.247352
v -0.484360 0.082943 -0.232252
v -0.137129 -0.136536 -0.272164
v -0.327344 -0.202744 -0.255529
v -0.162216 -0.155298 -0.237850
v -0.124640 -0.121999 -0.247596
v -0.131737 0.135518 -0.243219
v -0.510565 -0.042230 -0.240145
v -0.097189 -0.072744 -0.244126
v -0.435253 0.156426 -0.245363
v -0.344048 0.203977 -0.249563
v -0.458009 0.122761 -0.217671
v -0.287488 -0.198926 -0.230022
v -0.392703 -0.181026 -0.238112
v -0.281740 0.219016 -0.221875
v -0.252450 -0.181115 -0.167388
v -0.460131 -0.128484 -0.213787
v -0.215815 -0.164573 -0.163444
v -0.086023 -0.001722 -0.188840
v -0.206833 0.211663 -0.178089
v -0.154311 0.176012 -0.219070
v -0.421929 -0.155863 -0.202553
v -0.099991 -0.069101 -0.201212
v -0.485778 0.022024 -0.186215
v -0.381387 0.186162 -0.216894
v -0.165743 0.188882 -0.183440
v -0.350237 -0.184266 -0.185412
v -0.098696 0.080584 -0.196887
v -0.149791 -0.129256 -0.193480
v -0.402200 0.159702 -0.156912
v -0.483271 -0.064858 -0.173190
v -0.119419 0.131199 -0.183710
v -0.086086 0.044367 -0.166372
v -0.459966 0.091665 -0.159523
v -0.440562 0.128157 -0.175934
v -0.330267 0.204537 -0.181806
v -0.385442 -0.159766 -0.133831
v -0.299764 -0.185277 -0.148716
v -0.088159 -0.017157 -0.167591
v -0.255192 0.220324 -0.149975
v -0.418478 -0.136760 -0.138185
v -0.149917 -0.120661 -0.160808
v -0.099323 0.100099 -0.140295
v -0.120643 -0.086030 -0.155617
v -0.131728 0.162867 -0.125586
v -0.351261 0.188569 -0.135336
v -0.446855 -0.095950 -0.128769
v -0.177649 -0.150861 -0.139658
v -0.102499 -0.054284 -0.149679
v -0.164415 0.194408 -0.105819
v -0.304239 0.212091 -0.138203
v -0.462820 -0.043242 -0.124845
v -0.233000 0.217457 -0.114179
v -0.088831 0.005777 -0.137897
v -0.416851 0.124958 -0.100645
v -0.114798 -0.105348 -0.136199
v -0.337616 -0.176791 -0.114488
v -0.261843 -0.179329 -0.087841
v -0.195448 -0.166270 -0.112807
v -0.456804 0.050331 -0.109243
v -0.074918 -0.028458 -0.120282
v -0.094206 0.081601 -0.100384
v -0.129270 -0.138666 -0.106911
v -0.083046 -0.077071 -0.116840
v -0.072041 0.023013 -0.106176
v -0.101547 -0.112511 -0.110207
v -0.108682 0.131471 -0.068111
v -0.368094 0.164211 -0.068015
v -0.055934 -0.090022 -0.106280
v -0.437713 -0.050703 -0.076078
v -0.046525 0.002871 -0.102768
v -0.238904 0.212846 -0.058543
v -0.426614 -0.073314 -0.062485
v -0.411775 0.102140 -0.045813
v -0.050291 -0.130990 -0.082095
v -0.176168 -0.172939 -0.075323
v -0.101606 -0.156438 -0.081855
v -0.391088 -0.130462 -0.064173
v -0.000614 -0.063552 -0.085272
v -0.283929 0.203622 -0.040538
v -0.202177 0.206082 -0.055159
v -0.055731 0.059623 -0.078268
v -0.133975 -0.154237 -0.074928
v -0.440167 0.010783 -0.069876
v 0.041906 -0.018341 -0.066515
v -0.278387 -0.179947 -0.047195
v -0.232284 -0.182193 -0.055831
v -0.072788 0.104818 -0.047244
v -0.000118 -0.154833 -0.044286
v 0.077041 -0.065464 -0.051210
v 0.019812 0.049109 -0.055461
v -0.170515 -0.174693 -0.030211
v -0.342434 -0.162865 -0.042527
v 0.047437 -0.116217 -0.047341
v -0.147157 0.178630 -0.039051
v -0.135229 -0.188543 -0.043024
v -0.388296 -0.109869 -0.019436
v -0.065838 -0.187337 -0.042865
v 0.082164 0.004995 -0.044650
v -0.043308 -0.181644 -0.038766
v -0.364179 0.147387 -0.003025
v -0.406402 -0.018669 0.001880
v -0.214613 -0.187815 -0.011955
v -0.308470 -0.174322 -0.017216
v 0.031321 -0.161168 -0.032302
v 0.128306 -0.037724 -0.027919
v 0.122482 0.019315 -0.018384
v 0.050288 0.082864 -0.016852
v -0.310100 0.182825 0.011487
v -0.220586 0.205411 -0.004860
v -0.257935 -0.186000 0.024255
v -0.001269 -0.197024 -0.011444
v -0.412019 0.030526 0.001139
v -0.075731 -0.220996 0.007286
v 0.141464 -0.086127 -0.017640
v 0.088406 0.037051 -0.028600
v -0.062599 -0.214050 0.000343
v 0.041225 0.110362 0.009724
v -0.107619 0.147527 -0.013624
v 0.044843 -0.207639 0.013725
v 0.101481 -0.162082 -0.003211
v 0.188931 -0.043989 0.005826
v -0.070618 0.139920 0.011868
v -0.145426 -0.203660 -0.007817
v -0.367732 -0.099872 0.032403
v 0.103066 0.078467 0.010563
v -0.330591 -0.151201 0.032507
v 0.172254 0.025767 0.019531
v -0.164594 0.186096 0.009440
v -0.015737 -0.220693 0.016155
v -0.397856 0.044124 0.038182
v -0.394844 0.071116 0.035584
v -0.371451 0.116543 0.045342
v 0.127643 0.070834 0.023346
v 0.173948 -0.140221 0.028459
v 0.223552 -0.084796 0.032975
v -0.219946 -0.194907 0.081980
v -0.031878 -0.230093 0.036610
v 0.103239 -0.215533 0.051505
v 0.138235 -0.191266 0.044312
v 0.002980 0.138718 0.044808
v -0.095837 -0.233702 0.078007
v 0.052366 -0.238236 0.073015
v -0.167445 -0.212261 0.064014
v 0.220401 -0.011477 0.038656
v -0.151143 0.174618 0.044311
v -0.327738 0.159070 0.065559
v -0.287689 -0.162906 0.091945
v 0.173848 -0.194693 0.068147
v 0.192378 0.053275 0.064356
v 0.095272 0.108549 0.055700
v 0.240427 -0.127723 0.060790
v 0.042696 0.128224 0.052364
v -0.098077 0.155311 0.050051
v -0.209859 0.187795 0.063100
v 0.280167 -0.070758 0.071303
v -0.281183 0.183922 0.064680
v -0.247205 -0.183509 0.097707
v -0.327721 -0.130978 0.072372
v 0.150163 0.084005 0.072616
v 0.164206 -0.208713 0.077441
v -0.364761 0.030014 0.120157
v -0.363078 0.102758 0.087584
v -0.352262 -0.050661 0.092043
v 0.301543 -0.027998 0.103842
v 0.255149 0.019559 0.095976
v -0.113361 0.164373 0.090821
v -0.036500 -0.245503 0.112574
v 0.017259 -0.246996 0.102972
v 0.301615 -0.131849 0.094434
v -0.209099 0.180439 0.112210
v 0.170123 -0.239630 0.138648
v 0.272695 -0.196013 0.119692
v 0.107203 0.107931 0.119495
v -0.025920 0.158378 0.102546
v -0.321520 0.136424 0.114121
v -0.168363 -0.209856 0.128766
v 0.347926 -0.079624 0.112278
v -0.093460 -0.230268 0.151233
v 0.220402 -0.217867 0.120178
v -0.358134 0.078326 0.112476
v -0.338331 -0.022530 0.141753
v -0.259211 0.169419 0.119134
v -0.225712 -0.181130 0.129130
v -0.281100 -0.124343 0.142015
v 0.153227 0.099802 0.129096
v 0.198875 0.081193 0.120178
v 0.029774 0.121161 0.118000
v 0.123635 -0.246001 0.184643
v 0.352524 -0.125114 0.126969
v -0.024974 0.144000 0.147163
v -0.117162 0.169588 0.129396
v -0.302943 -0.054520 0.162012
v 0.346234 -0.181294 0.149079
v 0.264853 0.047875 0.153129
v -0.242600 -0.153030 0.155097
v 0.369265 -0.046659 0.138085
v -0.327008 0.043832 0.169414
v -0.018692 -0.247678 0.138015
v 0.275061 -0.224723 0.163460
v 0.045235 -0.244483 0.190438
v 0.046658 0.110726 0.162958
v -0.260477 0.151922 0.147582
v -0.186185 0.168719 0.158409
v 0.389353 -0.113102 0.170936
v 0.362668 -0.011866 0.148701
v -0.076461 0.166168 0.165699
v -0.173540 -0.180509 0.180771
v -0.311485 0.108886 0.150452
v 0.018635 0.111235 0.170615
v -0.127991 0.162530 0.164064
v -0.134687 -0.201219 0.185156
v 0.309943 0.023104 0.165681
v 0.195640 0.097662 0.174156
v -0.010839 0.119830 0.173837
v -0.040608 -0.233217 0.192420
v 0.225035 -0.238261 0.190410
v 0.104937 0.105302 0.186110
v 0.346415 -0.219566 0.200817
v 0.402070 -0.024060 0.173144
v 0.345556 0.039156 0.198823
v -0.171963 -0.153288 0.206500
v 0.387047 0.013557 0.186115
v -0.241828 0.122875 0.190903
v -0.051927 0.143289 0.193677
v 0.382165 -0.184430 0.191719
v 0.421588 -0.072534 0.194138
v 0.368213 -0.210373 0.201141
v 0.414629 -0.123179 0.196983
v 0.271761 0.060986 0.189546
v -0.201716 -0.108380 0.207645
v -0.256442 -0.048309 0.208394
v 0.421927 -0.014299 0.197248
v -0.258364 -0.009640 0.218982
v 0.001631 0.102499 0.210412
v 0.021647 0.101775 0.225847
v -0.118415 0.128343 0.190168
v 0.277346 -0.233996 0.239933
v 0.254719 0.080532 0.226553
v -0.185336 0.116933 0.205671
v -0.070299 0.136072 0.208059
v 0.087650 -0.222966 0.244891
v -0.260762 0.034240 0.218084
v 0.191902 0.101401 0.214410
v 0.415134 -0.179553 0.213031
v 0.455668 -0.043700 0.220679
v -0.051565 0.126983 0.226270
v 0.467004 -0.147386 0.226644
v 0.425897 0.033925 0.254108
v -0.025658 0.109773 0.223179
v 0.051541 0.091987 0.253307
v -0.203481 0.078004 0.231208
v -0.053764 -0.200958 0.237968
v 0.490698 -0.106928 0.228011
v -0.094898 0.121327 0.205651
v 0.317277 0.074326 0.233644
v 0.113037 0.098970 0.228921
v -0.015214 -0.220669 0.226526
v 0.498289 -0.136984 0.239926
v 0.368440 0.054562 0.233012
v -0.127784 0.064956 0.240472
v 0.135426 -0.205331 0.297174
v 0.530607 -0.101433 0.249937
v -0.170610 -0.047345 0.248293
v 0.185097 -0.226071 0.251720
v 0.199078 0.102856 0.269372
v 0.133785 0.092431 0.252762
v -0.028677 0.102289 0.249291
v 0.445259 -0.165780 0.244281
v 0.507046 -0.026713 0.258822
v 0.390082 -0.196824 0.258999
v -0.075460 -0.160951 0.254861
v -0.083574 -0.095144 0.272016
v 0.467176 -0.003176 0.253145
v 0.007087 0.091533 0.254437
v -0.065320 0.115184 0.247919
v -0.198355 0.002923 0.245755
v 0.256972 0.088445 0.259703
v 0.397781 -0.202387 0.282851
v 0.543316 -0.129610 0.271871
v 0.322399 -0.222297 0.302850
v 0.552166 -0.077424 0.272266
v 0.382999 0.095857 0.288636
v 0.013360 -0.185254 0.280730
v 0.506456 -0.179012 0.275654
v -0.137410 0.004369 0.261359
v -0.014365 0.086135 0.273911
v 0.257255 0.109765 0.316591
v 0.346413 0.128762 0.319214
v -0.081315 0.080578 0.270113
v -0.051847 0.081507 0.280968
v -0.125181 -0.028938 0.268484
v -0.069564 0.047710 0.289229
v 0.274419 -0.224510 0.320069
v 0.462004 -0.208090 0.293812
v 0.525616 -0.015987 0.284401
v 0.042939 0.076944 0.299578
v 0.488007 0.025068 0.299974
v 0.098041 0.073456 0.337802
v 0.461482 -0.133597 0.282513
v 0.472087 -0.147751 0.275698
v 0.481605 -0.108338 0.269727
v 0.485641 -0.084543 0.282920
v 0.508820 -0.111715 0.276590
v 0.502344 -0.074980 0.278764
v 0.363788 -0.214616 0.311529
v 0.066145 -0.184455 0.303949
v 0.480673 -0.196967 0.306683
v 0.001272 -0.123094 0.308215
v -0.062252 -0.005152 0.304165
v 0.447246 0.053761 0.305713
v 0.443073 -0.146887 0.289233
v 0.442595 -0.174179 0.292768
v 0.518907 -0.143095 0.289926
v 0.540718 -0.106977 0.287488
v -0.035667 -0.046205 0.315992
v 0.485199 -0.174701 0.302261
v 0.533727 -0.067910 0.298667
v 0.492129 -0.046620 0.301701
v -0.002066 0.059742 0.307391
v 0.141093 -0.198225 0.323545
v 0.438815 -0.223706 0.317477
v 0.434002 -0.158658 0.301653
v 0.526319 -0.124117 0.304694
v 0.506099 -0.057987 0.310949
v 0.496909 -0.031998 0.303959
v 0.180593 -0.203342 0.330397
v 0.517534 -0.173109 0.322684
v 0.547179 -0.029262 0.312109
v 0.194602 0.106436 0.320200
v 0.439885 -0.195925 0.321047
v 0.515199 0.015456 0.315759
v 0.300847 -0.214913 0.350735
v 0.047019 -0.142104 0.320684
v 0.417034 -0.174684 0.311047
v -0.020799 0.018577 0.325143
v 0.408706 -0.167122 0.322235
v 0.340507 -0.215485 0.362579
v 0.117140 -0.174484 0.338816
v 0.553884 -0.174118 0.326138
v 0.526771 0.006127 0.354189
v 0.415613 0.096885 0.338215
v 0.369365 0.124878 0.327186
v 0.461689 -0.213942 0.335615
v 0.595551 -0.119893 0.333419
v 0.511040 -0.020990 0.324870
v 0.470915 0.064547 0.353019
v 0.443755 -0.210633 0.355405
v 0.059743 0.052590 0.347574
v 0.591840 -0.163416 0.330236
v 0.511755 -0.029638 0.334584
v 0.512155 -0.192986 0.345388
v 0.543977 -0.031218 0.355769
v 0.524853 0.023772 0.351387
v 0.038876 0.040067 0.345761
v 0.169554 0.092372 0.353850
v 0.292019 0.117010 0.345380
v 0.244485 -0.200772 0.383372
v 0.428097 -0.237214 0.369371
v 0.396795 -0.200575 0.371092
v 0.410280 -0.171525 0.339415
v 0.396742 -0.172901 0.347470
v 0.587688 -0.074255 0.363625
v 0.545123 -0.210731 0.359969
v 0.594212 -0.209529 0.358813
v 0.443962 -0.187115 0.365053
v 0.382423 -0.176874 0.355024
v 0.618345 -0.169290 0.348137
v 0.048937 -0.067592 0.358879
v 0.383028 -0.230659 0.403149
v 0.191433 -0.176184 0.381448
v 0.019365 -0.020261 0.350492
v 0.502451 0.005166 0.364832
v 0.443598 -0.222128 0.371335
v 0.578368 -0.220893 0.371304
v 0.346209 0.106298 0.354885
v 0.103038 -0.125796 0.360813
v 0.626977 -0.138254 0.372073
v 0.492859 0.069969 0.395196
v 0.323156 0.094584 0.363446
v 0.519393 -0.215576 0.392978
v 0.062891 -0.007509 0.374713
v 0.106690 0.055331 0.369390
v 0.399407 0.108180 0.373183
v 0.548033 0.001256 0.417824
v 0.239576 0.081369 0.389304
v 0.338008 0.113245 0.388111
v 0.088651 0.013936 0.384204
v 0.307105 0.086893 0.368799
v 0.466323 0.094105 0.429097
v 0.577139 -0.222176 0.386066
v 0.398747 -0.172189 0.394434
v 0.161356 -0.127520 0.396027
v 0.431890 -0.181211 0.436755
v 0.571929 -0.045348 0.406651
v 0.118509 -0.065270 0.407027
v 0.350801 -0.171198 0.396887
v 0.144317 0.029951 0.406318
v 0.284607 0.068354 0.395387
v 0.377470 0.111098 0.412128
v 0.415833 -0.232456 0.417831
v 0.422976 -0.213892 0.404006
v 0.366551 -0.160845 0.391069
v 0.590248 -0.173193 0.418078
v 0.497377 0.022578 0.388504
v 0.491069 -0.200743 0.417450
v 0.165200 -0.092280 0.429341
v 0.494016 0.066445 0.407717
v 0.188612 0.061299 0.400059
v 0.558050 -0.222772 0.417623
v 0.194146 -0.119614 0.429077
v 0.116531 -0.007858 0.404808
v 0.625514 -0.116281 0.416692
v 0.483571 0.042536 0.406901
v 0.334910 -0.202954 0.422917
v 0.337886 -0.152879 0.409154
v 0.322257 0.111837 0.418270
v 0.284403 -0.185799 0.422371
v 0.213452 -0.140770 0.426832
v 0.353893 -0.142284 0.438148
v 0.239634 0.037675 0.429997
v 0.378250 -0.188709 0.442848
v 0.554957 -0.211745 0.449786
v 0.305589 -0.171751 0.462042
v 0.560939 -0.021952 0.458843
v 0.516240 0.052443 0.462077
v 0.183339 0.005747 0.439324
v 0.564439 -0.212062 0.434019
v 0.621742 -0.095814 0.467685
v 0.327410 -0.150056 0.441721
v 0.182122 -0.037134 0.451316
v 0.466209 0.066494 0.440394
v 0.365369 -0.203763 0.485399
v 0.394757 -0.199211 0.465159
v 0.577545 -0.164373 0.467269
v 0.252844 -0.157632 0.443177
v 0.578716 -0.046498 0.487397
v 0.434424 0.105472 0.478588
v 0.407014 -0.156971 0.504866
v 0.323906 -0.130931 0.457350
v 0.536085 0.050702 0.490180
v 0.483155 -0.181051 0.478638
v 0.236322 -0.102628 0.472429
v 0.312098 -0.167239 0.491579
v 0.217777 -0.007452 0.464229
v 0.286387 0.086437 0.470518
v 0.350672 0.108188 0.462597
v 0.285079 -0.150361 0.471945
v 0.220759 -0.069127 0.470885
v 0.335370 -0.125060 0.477236
v 0.551504 -0.178286 0.519794
v 0.455355 -0.159911 0.499767
v 0.549496 -0.013408 0.483138
v 0.451520 0.081562 0.472112
v 0.327228 -0.138369 0.490033
v 0.610266 -0.082979 0.520399
v 0.362345 0.115070 0.503130
v 0.321903 -0.122789 0.486509
v 0.259792 -0.105429 0.496981
v 0.555937 -0.018303 0.506046
v 0.376667 -0.180033 0.494385
v 0.279801 0.051551 0.500072
v 0.370855 -0.194452 0.497510
v 0.358895 -0.129276 0.529711
v 0.245091 -0.022682 0.491307
v 0.458429 -0.157460 0.530507
v 0.385801 -0.149218 0.520494
v 0.422861 0.099160 0.507286
v 0.244072 -0.062810 0.493628
v 0.280845 -0.114816 0.517751
v 0.585059 -0.112493 0.532017
v 0.328970 -0.109860 0.520427
v 0.310537 0.084707 0.506145
v 0.386686 0.119615 0.522137
v 0.335931 -0.163337 0.531544
v 0.326073 -0.123447 0.517086
v 0.533914 0.034294 0.524090
v 0.264178 -0.052940 0.515605
v 0.582194 -0.060758 0.516403
v 0.349718 0.103696 0.532117
v 0.340740 -0.124205 0.534278
v 0.295135 0.032654 0.524349
v 0.483867 0.100507 0.533322
v 0.492446 -0.156851 0.533770
v 0.549195 0.001983 0.548508
v 0.290792 -0.005147 0.536698
v 0.518266 0.065938 0.530149
v 0.516835 0.086204 0.540482
v 0.401189 0.112515 0.531380
v 0.346981 -0.137527 0.546963
v 0.313842 -0.059800 0.575926
v 0.435484 -0.135963 0.561830
v 0.317607 -0.123261 0.562914
v 0.570410 -0.080820 0.525035
v 0.310024 -0.020027 0.565251
v 0.532855 -0.120576 0.529469
v 0.576985 -0.054304 0.551046
v 0.512518 0.077582 0.556510
v 0.334596 0.068044 0.549348
v 0.368988 0.102024 0.544093
v 0.541142 -0.159171 0.540013
v 0.510655 -0.095127 0.599864
v 0.342250 -0.105982 0.549147
v 0.381171 0.089236 0.545501
v 0.483975 -0.145579 0.547843
v 0.473467 0.110520 0.566269
v 0.331800 0.014653 0.566607
v 0.541045 0.046868 0.576666
v 0.400678 0.116097 0.580736
v 0.364788 0.052745 0.552853
v 0.345808 0.044957 0.557301
v 0.412815 0.118657 0.562867
v 0.375868 -0.108922 0.594519
v 0.320113 -0.106449 0.574436
v 0.355661 0.022956 0.561098
v 0.337943 -0.076404 0.570702
v 0.560980 0.013984 0.588436
v 0.510221 0.100117 0.580639
v 0.585033 -0.013358 0.604097
v 0.342393 -0.008168 0.567789
v 0.338936 -0.019777 0.573421
v 0.509055 0.095810 0.606601
v 0.444041 0.134339 0.618928
v 0.448466 -0.136522 0.627219
v 0.576814 -0.038914 0.595465
v 0.355093 -0.011824 0.590469
v 0.428685 -0.110429 0.631671
v 0.381443 0.083287 0.617441
v 0.536717 0.074555 0.623886
v 0.414949 0.104261 0.606366
v 0.500652 0.124889 0.650258
v 0.355162 -0.063135 0.625236
v 0.565990 0.050301 0.640481
v 0.507298 0.106097 0.628222
v 0.435465 0.119523 0.624868
v 0.382880 -0.082367 0.654436
v 0.498692 -0.080136 0.662639
v 0.388811 0.080650 0.632401
v 0.592461 0.006231 0.644856
v 0.580736 0.041664 0.641195
v 0.370722 -0.049023 0.674011
v 0.366755 0.048435 0.644026
v 0.503437 0.115814 0.656307
v 0.365914 -0.011799 0.673408
v 0.535594 0.102999 0.679936
v 0.456429 -0.106207 0.688962
v 0.419607 0.110231 0.675132
v 0.442346 0.122645 0.673410
v 0.435493 -0.107153 0.689868
v 0.375888 0.042927 0.655722
v 0.388074 0.077552 0.683700
v 0.560777 0.080407 0.681461
v 0.479910 0.128092 0.676005
v 0.422233 -0.087819 0.688600
v 0.382367 -0.019724 0.701514
v 0.575131 0.084887 0.694549
v 0.488387 0.130255 0.699712
v 0.396655 -0.064304 0.691198
v 0.541805 -0.008923 0.706772
v 0.598896 0.046425 0.693351
v 0.379594 -0.031637 0.687853
v 0.379649 0.045725 0.765900
v 0.436270 -0.085881 0.734823
v 0.389186 0.102294 0.747920
v 0.524671 0.134240 0.720841
v 0.564227 0.125460 0.752287
v 0.406037 -0.047207 0.730869
v 0.452872 -0.062494 0.769205
v 0.457888 0.149420 0.738807
v 0.423880 -0.062597 0.741673
v 0.590963 0.089878 0.751095
v 0.548430 0.128248 0.747503
v 0.423518 0.150295 0.778564
v 0.388713 0.016574 0.790718
v 0.428054 -0.063913 0.772578
v 0.393992 0.135798 0.804930
v 0.418487 -0.021296 0.812416
v 0.559068 0.141951 0.803471
v 0.454980 0.183168 0.798927
v 0.491249 0.008714 0.799798
v 0.488390 0.189509 0.819138
v 0.441408 -0.044224 0.800699
v 0.558930 0.135695 0.832490
v 0.482545 0.056152 0.854282
v 0.431214 -0.024763 0.825487
v 0.375135 0.111294 0.835890
v 0.435899 0.020533 0.871062
v 0.513890 0.174577 0.834502
v 0.409272 0.041022 0.866299
v 0.527898 0.170503 0.834922
v 0.380781 0.177051 0.869207
v 0.423201 0.206932 0.859381
v 0.387602 0.056692 0.850797
v 0.488232 0.103770 0.882840
v 0.472597 0.200243 0.859012
v 0.502037 0.186340 0.874827
v 0.414476 0.045914 0.888375
v 0.527464 0.159619 0.882756
v 0.374443 0.125576 0.886560
v 0.491382 0.188476 0.874179
v 0.466794 0.085710 0.892798
v 0.427092 0.053771 0.903554
v 0.457185 0.201147 0.889659
v 0.473190 0.192592 0.896889
v 0.409360 0.199183 0.896104
v 0.476740 0.191420 0.912482
v 0.386963 0.177108 0.905157
v 0.481333 0.173554 0.937845
v 0.406022 0.112582 0.924928
v 0.429366 0.101931 0.940100
v 0.439350 0.138112 0.959271
v 0.412068 0.155536 0.937110
v 0.433437 0.184288 0.932625
v 0.457758 0.164719 0.956424
vn -0.0529 -0.6851 -0.7265
vn -0.0412 0.2098 -0.9769
vn 0.1951 -0.3268 -0.9247
vn 0.5580 -0.3457 -0.7544
vn 0.6078 -0.6683 -0.4290
vn -0.0425 0.2381 -0.9703
vn -0.3722 -0.6128 -0.6971
vn 0.3157 -0.8804 -0.3540
vn -0.5375 -0.3982 -0.7433
vn 0.5135 -0.1019 -0.8520
vn -0.4138 -0.3017 -0.8589
vn -0.0257 0.2844 -0.9584
vn -0.5887 -0.2584 -0.7659
vn 0.0002 0.2489 -0.9685
vn -0.6825 -0.6667 -0.2995
vn 0.0336 -0.9552 -0.2939
vn -0.2408 -0.9130 -0.3294
vn 0.4132 0.0361 -0.9099
vn -0.6204 -0.7414 -0.2557
vn 0.9194 -0.2625 -0.2928
vn 0.0077 0.2942 -0.9557
vn -0.8794 0.0463 -0.4738
vn -0.0865 0.3013 -0.9496
vn 0.6752 0.0916 -0.7320
vn -0.4222 -0.8622 -0.2800
vn 0.6033 -0.7557 -0.2549
vn -0.6688 0.3032 -0.6788
vn -0.0046 0.3395 -0.9406
vn 0.6153 0.4618 -0.6389
vn 0.7378 -0.5995 -0.3101
vn -0.6861 -0.6471 -0.3325
vn -0.0230 0.3307 -0.9435
vn -0.0420 0.3014 -0.9526
vn 0.8437 -0.4316 -0.3192
vn -0.5471 0.5301 -0.6478
vn -0.2101 0.7399 -0.6390
vn 0.2113 0.6786 -0.7035
vn -0.2759 -0.9216 -0.2729
vn 0.9626 0.0369 -0.2684
vn -0.1583 0.6567 -0.7374
vn -0.0895 0.7836 -0.6147
vn 0.0340 0.6603 -0.7503
vn -0.0057 -0.9834 -0.1816
vn 0.7724 -0.5976 -0.2151
vn 0.8800 0.4174 -0.2268
vn -0.9475 0.3197 -0.0063
vn 0.5773 0.7824 -0.2336
vn 0.0588 0.6912 -0.7203
vn 0.3481 0.8845 -0.3105
vn -0.2353 0.9573 -0.1679
vn 0.6860 -0.7102 -0.1583
vn -0.8928 -0.3909 -0.2239
vn 0.1663 0.8196 -0.5483
vn -0.7754 -0.6053 -0.1798
vn 0.9642 -0.2016 -0.1722
vn -0.6800 0.7326 0.0308
vn -0.3722 -0.9164 -0.1472
vn -0.2914 0.8924 -0.3446
vn -0.3227 0.8986 -0.2972
vn -0.9691 -0.2341 -0.0775
vn 0.4392 -0.8858 -0.1499
vn -0.6940 -0.6883 -0.2113
vn 0.9847 0.1018 -0.1413
vn 0.9062 -0.3916 -0.1595
vn 0.0943 0.9580 -0.2707
vn 0.4147 0.8623 -0.2907
vn -0.6035 -0.7858 -0.1356
vn -0.3535 0.9068 -0.2296
vn 0.2220 -0.7820 -0.5825
vn -0.9863 0.1571 -0.0504
vn -0.2853 0.9404 -0.1851
vn -0.8301 0.5571 0.0240
vn 0.5836 0.8080 -0.0806
vn 0.7548 0.6525 -0.0676
vn 0.8042 -0.5329 -0.2632
vn 0.9446 0.3273 -0.0241
vn -0.5773 0.8157 0.0366
vn -0.1438 -0.8325 -0.5351
vn -0.5912 -0.7840 -0.1894
vn 0.6774 -0.6835 -0.2719
vn 0.1948 0.9747 -0.1094
vn -0.2213 0.9751 0.0163
vn -0.3561 -0.5643 -0.7448
vn -0.8829 -0.4696 0.0019
vn -0.3806 0.9242 0.0314
vn 0.5626 -0.5843 -0.5849
vn -0.9926 -0.1160 0.0352
vn -0.9302 0.3671 -0.0042
vn -0.3868 0.9220 -0.0182
vn 0.4496 0.8801 -0.1523
vn -0.7187 -0.6877 -0.1025
vn -0.9827 0.1736 0.0648
vn -0.7174 0.6905 0.0919
vn 0.5153 -0.6373 -0.5731
vn 0.4543 -0.8268 -0.3316
vn 0.8811 0.0772 -0.4666
vn -0.0660 -0.7029 -0.7082
vn 0.3400 -0.8016 -0.4917
vn 0.9989 -0.0416 -0.0236
vn -0.3649 -0.6454 -0.6710
vn 0.4522 0.1372 -0.8813
vn -0.8856 0.4518 0.1075
vn -0.6173 -0.7856 -0.0409
vn 0.3141 -0.1909 -0.9300
vn 0.2328 -0.2918 -0.9277
vn 0.0243 0.3407 -0.9399
vn 0.1098 -0.3253 -0.9392
vn 0.5641 -0.7783 -0.2759
vn 0.1282 -0.2427 -0.9616
vn 0.4579 0.2342 -0.8576
vn 0.4085 -0.8561 -0.3165
vn 0.8142 -0.5626 -0.1434
vn 0.2134 -0.9753 -0.0578
vn -0.5678 0.0716 -0.8201
vn -0.8500 0.1173 -0.5136
vn 0.9266 0.0128 -0.3758
vn -0.1112 0.7397 -0.6636
vn -0.0810 -0.9967 -0.0081
vn -0.1428 0.6739 -0.7249
vn 0.4329 0.9011 0.0237
vn -0.3944 -0.8729 -0.2871
vn 0.5274 -0.8431 -0.1048
vn -0.7546 -0.6557 -0.0243
vn -0.8032 -0.4216 -0.4209
vn -0.8299 0.2235 -0.5112
vn 0.9629 0.2464 0.1100
vn 0.7998 0.5834 0.1412
vn 0.1111 0.9906 0.0797
vn 0.3386 -0.9324 -0.1266
vn 0.7243 -0.6885 -0.0373
vn -0.3182 0.9414 0.1118
vn -0.1406 0.4303 -0.8917
vn -0.3650 -0.6387 -0.6774
vn 0.4070 0.7297 -0.5495
vn 0.9428 0.2245 -0.2465
vn -0.5841 0.8117 0.0077
vn -0.7111 -0.6133 -0.3438
vn -0.7294 -0.6019 -0.3252
vn -0.6981 -0.0161 -0.7158
vn 0.7321 0.4181 -0.5378
vn -0.6070 0.4560 -0.6509
vn -0.4906 0.6742 -0.5520
vn 0.9089 -0.4163 0.0227
vn 0.7126 0.6896 0.1288
vn 0.5776 0.8101 0.1002
vn 0.5201 0.6504 -0.5535
vn -0.5935 -0.3065 -0.7442
vn 0.5556 0.5021 -0.6628
vn -0.7234 0.4567 -0.5178
vn -0.1748 0.9744 0.1416
vn -0.0420 0.7944 -0.6059
vn -0.6565 -0.4764 -0.5848
vn -0.2174 -0.2816 -0.9346
vn -0.8880 0.1947 -0.4165
vn -0.2484 0.9605 -0.1255
vn -0.3550 -0.9274 0.1180
vn -0.7964 0.2101 -0.5671
vn 0.4293 0.3908 -0.8142
vn -0.1158 0.0826 -0.9898
vn 0.2411 0.6617 -0.7099
vn -0.5364 -0.8381 0.0991
vn 0.3981 -0.9115 -0.1032
vn 0.1488 0.7128 -0.6853
vn -0.5614 -0.2805 -0.7786
vn -0.7368 0.6084 -0.2951
vn -0.3068 0.9419 0.1369
vn 0.6041 -0.7943 -0.0644
vn -0.8480 0.5195 -0.1050
vn -0.6276 -0.4159 -0.6581
vn -0.0847 0.6073 -0.7900
vn 0.1916 -0.9807 -0.0394
vn -0.8782 -0.4541 0.1502
vn -0.6938 0.4756 -0.5408
vn 0.4959 0.4698 -0.7303
vn -0.3368 -0.5018 -0.7967
vn -0.8862 0.4609 -0.0470
vn 0.1036 -0.5584 -0.8231
vn -0.4450 -0.1900 -0.8751
vn -0.9762 0.1093 -0.1875
vn -0.4348 -0.3299 -0.8379
vn -0.9128 -0.1268 -0.3881
vn 0.9501 0.2343 -0.2060
vn 0.3761 0.3444 -0.8602
vn -0.5675 0.6009 -0.5629
vn -0.1316 0.7720 -0.6219
vn 0.5383 -0.6872 -0.4880
vn -0.7709 -0.5958 0.2253
vn 0.1411 -0.4455 -0.8841
vn -0.9923 0.1235 0.0084
vn 0.7507 -0.0697 -0.6570
vn 0.0973 0.0691 -0.9929
vn -0.9395 -0.2113 0.2697
vn 0.9682 -0.2401 0.0703
vn -0.9331 0.0843 0.3495
vn 0.2687 -0.8334 -0.4829
vn 0.9794 -0.0391 0.1980
vn -0.2395 0.2122 -0.9474
vn 0.3119 0.3029 -0.9005
vn 0.8198 -0.4906 -0.2955
vn -0.8526 0.3838 0.3546
vn -0.8388 0.3902 0.3798
vn -0.4960 0.8676 0.0357
vn 0.7658 -0.6108 -0.2013
vn 0.2181 -0.9734 0.0696
vn 0.8204 0.2948 -0.4900
vn -0.1816 0.7281 -0.6610
vn 0.4498 0.7607 -0.4680
vn 0.5089 0.7584 -0.4073
vn -0.0202 0.9009 -0.4337
vn -0.9086 0.3812 -0.1705
vn -0.8866 0.3312 0.3229
vn -0.4136 -0.1289 -0.9013
vn 0.6099 0.4323 -0.6642
vn 0.1411 0.7869 -0.6008
vn -0.5900 -0.7773 0.2184
vn 0.7741 -0.3957 0.4941
vn 0.6620 0.7032 -0.2595
vn -0.9570 -0.0758 0.2799
vn 0.7501 -0.3941 -0.5311
vn 0.5483 -0.2808 -0.7877
vn -0.8507 0.0979 -0.5165
vn 0.9974 -0.0491 -0.0523
vn 0.3452 0.6829 -0.6438
vn 0.9720 -0.1687 -0.1636
vn -0.7767 0.1812 0.6032
vn -0.2106 -0.8121 -0.5442
vn 0.8159 0.5606 0.1415
vn -0.9675 -0.0789 0.2403
vn 0.0139 0.7598 -0.6500
vn 0.4189 -0.4347 -0.7972
vn 0.9119 0.4045 -0.0693
vn 0.4331 -0.8744 -0.2188
vn 0.2115 0.8689 -0.4475
vn -0.6065 0.4253 -0.6717
vn 0.2211 0.9671 0.1255
vn -0.0199 -0.4982 -0.8668
vn -0.4315 0.7523 0.4978
vn -0.7758 -0.2426 0.5824
vn -0.3336 -0.9374 0.0999
vn 0.5550 0.8288 -0.0709
vn -0.0895 0.8728 -0.4799
vn 0.8936 -0.3890 -0.2240
vn 0.4588 -0.2322 0.8577
vn 0.2671 0.4941 -0.8273
vn -0.0865 0.9232 0.3745
vn 0.8776 0.4789 0.0209
vn -0.8550 0.4177 0.3073
vn 0.1052 0.6302 -0.7693
vn 0.4085 0.9079 -0.0943
vn -0.8412 -0.4599 0.2845
vn 0.5941 0.7510 -0.2882
vn -0.7721 0.1952 0.6048
vn 0.0075 -0.7744 0.6326
vn 0.2531 0.3007 -0.9195
vn 0.1224 0.1371 -0.9830
vn -0.2932 0.3797 -0.8774
vn 0.1527 0.9292 -0.3365
vn 0.6677 -0.3554 0.6541
vn 0.8275 0.5449 -0.1353
vn 0.6724 0.4933 0.5519
vn -0.6225 -0.7618 0.1793
vn 0.9598 0.2655 0.0913
vn -0.9633 0.2098 0.1675
vn 0.9627 0.1650 0.2144
vn 0.4960 0.6832 -0.5359
vn 0.1706 -0.9754 -0.1396
vn 0.7191 0.1074 -0.6865
vn -0.3546 0.6642 -0.6581
vn -0.5179 0.6213 0.5880
vn 0.8153 -0.5594 -0.1494
vn 0.9583 -0.2675 -0.1002
vn 0.6292 -0.0814 0.7729
vn 0.5515 0.6489 -0.5242
vn -0.3916 0.3738 0.8408
vn 0.6282 -0.7475 -0.2160
vn -0.1375 0.9817 -0.1316
vn 0.3695 0.0020 -0.9292
vn 0.9953 0.0339 -0.0903
vn -0.8798 0.4620 0.1122
vn 0.6143 0.3351 -0.7144
vn -0.0815 0.8632 -0.4983
vn 0.6806 0.5816 -0.4456
vn 0.0929 0.0753 0.9928
vn -0.9485 -0.2372 0.2100
vn 0.9756 -0.1947 -0.1016
vn 0.0496 -0.0784 0.9957
vn 0.6075 0.2668 0.7482
vn -0.7944 0.5578 0.2405
vn 0.7688 -0.3233 0.5517
vn 0.3496 -0.9352 -0.0565
vn 0.4884 0.4268 0.7611
vn 0.8453 0.0161 0.5340
vn -0.2006 0.4169 -0.8865
vn 0.3386 0.3652 -0.8672
vn 0.0416 0.8087 -0.5868
vn 0.0757 0.9706 0.2284
vn -0.8118 -0.5382 0.2265
vn 0.8516 0.5241 0.0050
vn -0.4856 0.7302 0.4806
vn -0.0327 0.8982 0.4384
vn -0.0229 -0.9996 -0.0184
vn -0.9768 -0.0342 0.2114
vn 0.9856 0.1521 -0.0735
vn 0.9244 0.3610 -0.1233
vn 0.0878 0.3798 -0.9209
vn 0.9074 0.2675 0.3241
vn 0.6576 -0.7509 0.0604
vn 0.0079 0.7739 0.6332
vn 0.0080 -0.9974 -0.0712
vn -0.4942 -0.8470 0.1956
vn -0.9617 0.2460 0.1206
vn 0.4861 0.6376 -0.5976
vn 0.0023 0.9423 0.3348
vn -0.4100 0.8780 -0.2471
vn -0.2927 -0.9559 0.0220
vn 0.9597 0.1609 0.2304
vn -0.0927 0.9497 0.2993
vn -0.4745 0.8560 0.2051
vn -0.2563 0.8823 0.3947
vn 0.3587 -0.9274 0.1059
vn 0.8608 -0.5090 -0.0013
vn 0.7808 0.6164 0.1019
vn -0.2384 -0.9700 0.0469
vn 0.5141 -0.1229 0.8489
vn 0.0256 0.9102 0.4133
vn 0.1432 -0.9817 0.1252
vn -0.4550 0.3720 0.8091
vn 0.1786 0.5850 0.7911
vn 0.8492 0.4740 -0.2329
vn 0.0915 0.9819 -0.1660
vn -0.1269 -0.9645 0.2316
vn -0.6979 -0.6704 0.2520
vn -0.3765 -0.9000 0.2197
vn -0.8688 -0.4268 0.2512
vn -0.0034 0.9946 0.1034
vn -0.6992 0.7063 0.1108
vn -0.9784 0.0261 0.2052
vn -0.8612 0.5013 0.0838
vn 0.7557 0.5949 -0.2738
vn 0.5023 0.8279 -0.2497
vn 0.1277 0.9486 -0.2896
vn -0.9614 -0.1572 0.2257
vn -0.0116 0.9876 -0.1568
vn -0.5185 -0.8161 0.2554
vn 0.6870 -0.7266 -0.0071
vn 0.9829 0.0285 -0.1817
vn 0.9216 0.2864 -0.2619
vn -0.9376 0.2801 0.2060
vn -0.2619 0.9645 0.0334
vn -0.3647 -0.9019 0.2315
vn 0.8887 -0.4473 -0.1010
vn 0.0409 0.9368 -0.3475
vn 0.9731 -0.2133 -0.0875
vn 0.0445 -0.9758 0.2143
vn -0.8775 0.4551 0.1514
vn -0.7593 0.6477 0.0627
vn 0.8379 0.4417 -0.3206
vn -0.2739 -0.9144 0.2980
vn -0.0844 0.9677 -0.2375
vn 0.1216 -0.9802 0.1565
vn -0.8455 -0.4621 0.2677
vn -0.4864 -0.8254 0.2865
vn 0.9780 -0.1819 -0.1018
vn 0.9806 0.0191 -0.1948
vn -0.7930 0.5973 0.1199
vn 0.4201 -0.9026 0.0935
vn 0.7517 0.5887 -0.2973
vn -0.6500 0.7568 0.0691
vn -0.5144 0.8558 0.0543
vn -0.6736 -0.6820 0.2850
vn 0.1912 0.9568 -0.2189
vn -0.2403 0.9672 -0.0822
vn -0.9543 -0.1490 0.2592
vn 0.8867 -0.4548 -0.0827
vn -0.9557 0.1767 0.2355
vn 0.6549 -0.7556 0.0136
vn -0.1942 -0.9519 0.2369
vn 0.8852 0.3822 -0.2652
vn 0.4046 -0.9114 0.0747
vn 0.9373 -0.3176 -0.1432
vn -0.8960 0.3904 0.2116
vn 0.3959 0.8833 -0.2512
vn -0.1541 0.9826 -0.1037
vn 0.2029 -0.9697 0.1364
vn -0.3231 -0.9197 0.2232
vn 0.6710 0.6812 -0.2927
vn -0.4355 0.8997 0.0312
vn -0.8323 -0.4722 0.2904
vn -0.6164 0.7796 0.1110
vn 0.8208 0.5222 -0.2315
vn -0.0479 -0.9810 0.1878
vn 0.5360 -0.8414 0.0683
vn 0.1955 -0.9696 0.1471
vn -0.7589 0.6282 0.1713
vn -0.5604 -0.7889 0.2523
vn -0.7339 -0.6159 0.2864
vn 0.0910 0.9840 -0.1534
vn 0.7990 -0.6010 -0.0199
vn -0.9295 -0.2390 0.2809
vn -0.2500 0.9682 -0.0059
vn 0.6348 0.7384 -0.2274
vn 0.9602 -0.2599 -0.1021
vn -0.9498 0.1482 0.2754
vn 0.9369 0.2768 -0.2136
vn -0.5018 0.8599 0.0940
vn 0.8962 -0.4429 -0.0258
vn -0.8747 -0.4014 0.2716
vn 0.9933 0.0497 -0.1041
vn 0.3837 0.9070 -0.1734
vn 0.0139 0.9962 -0.0859
vn 0.9208 0.3497 -0.1727
vn 0.3982 -0.9002 0.1762
vn -0.7502 -0.5915 0.2954
vn -0.8943 0.3658 0.2578
vn 0.7395 -0.6727 0.0238
vn -0.1164 -0.9754 0.1871
vn 0.5938 -0.7850 0.1764
vn 0.8198 -0.5674 0.0771
vn 0.8360 0.5233 -0.1648
vn -0.9446 -0.0762 0.3194
vn 0.9529 -0.3031 -0.0107
vn -0.6256 0.7632 0.1620
vn -0.2939 0.9550 0.0387
vn -0.7709 0.5933 0.2317
vn 0.0329 -0.9842 0.1738
vn -0.3725 -0.9028 0.2149
vn -0.0841 0.9962 -0.0228
vn 0.2533 -0.9563 0.1463
vn -0.7168 -0.6346 0.2890
vn 0.4133 -0.9090 0.0540
vn 0.9981 -0.0556 -0.0263
vn 0.2715 0.9611 -0.0511
vn 0.7019 0.6985 -0.1397
vn -0.5162 -0.8223 0.2395
vn 0.8776 -0.4593 0.1375
vn -0.9352 0.1275 0.3305
vn -0.4681 0.8746 0.1264
vn 0.6250 0.7755 -0.0894
vn -0.2548 -0.9494 0.1834
vn 0.9492 0.2916 -0.1184
vn 0.6768 -0.7170 0.1671
vn -0.6179 0.7614 0.1961
vn -0.8807 -0.2939 0.3714
vn 0.8502 0.5155 -0.1072
vn 0.9960 0.0885 0.0079
vn -0.8630 0.4207 0.2798
vn -0.7344 0.6341 0.2420
vn -0.3181 0.9462 0.0590
vn -0.4930 -0.8431 0.2147
vn -0.0123 -0.9916 0.1290
vn 0.9715 -0.2303 0.0560
vn -0.0486 0.9987 0.0146
vn -0.6514 -0.6996 0.2936
vn 0.7473 -0.6543 -0.1157
vn 0.9511 0.3074 -0.0289
vn 0.8433 -0.4856 -0.2303
vn 0.7933 0.6056 -0.0632
vn -0.4727 0.8673 0.1561
vn -0.8189 -0.4308 0.3792
vn 0.5103 -0.8240 -0.2463
vn 0.8526 -0.2820 -0.4400
vn 0.5389 0.8423 0.0110
vn -0.2421 0.9657 0.0943
vn -0.9051 -0.1068 0.4115
vn 0.1255 0.9902 0.0620
vn 0.9775 0.0499 -0.2048
vn -0.7587 0.5941 0.2674
vn 0.6525 -0.5375 -0.5342
vn -0.2089 -0.9701 0.1236
vn 0.0894 -0.9959 -0.0150
vn 0.2238 -0.9520 -0.2089
vn -0.9235 0.1412 0.3567
vn 0.5799 -0.0019 -0.8147
vn 0.8199 0.3800 -0.4283
vn 0.5154 -0.7647 -0.3868
vn 0.5784 -0.2937 -0.7611
vn 0.6121 0.2867 -0.7369
vn 0.3914 -0.5702 -0.7223
vn 0.7906 0.5946 -0.1463
vn -0.5938 0.7782 0.2043
vn 0.3470 -0.2739 -0.8970
vn -0.9000 -0.1597 0.4055
vn 0.3921 0.2456 -0.8865
vn -0.0073 0.9939 0.1101
vn -0.8522 -0.3431 0.3950
vn -0.8578 0.4066 0.3144
vn 0.3373 -0.5100 -0.7913
vn 0.2836 -0.9333 -0.2201
vn 0.0317 -0.6383 -0.7692
vn -0.6995 -0.6474 0.3026
vn 0.4090 -0.1818 -0.8942
vn -0.3080 0.9342 0.1800
vn 0.2990 0.9498 0.0922
vn 0.4391 0.4973 -0.7483
vn 0.1064 -0.8226 -0.5586
vn -0.9163 -0.0451 0.3980
vn 0.4036 0.1234 -0.9066
vn -0.1433 -0.9896 -0.0114
vn 0.0133 -0.9916 -0.1287
vn 0.4781 0.7009 -0.5293
vn 0.2847 -0.4976 -0.8193
vn 0.4105 -0.0896 -0.9075
vn 0.3648 0.4052 -0.8383
vn -0.1641 -0.9356 -0.3125
vn -0.4351 -0.8866 0.1567
vn 0.3342 -0.3554 -0.8729
vn 0.5450 0.8384 0.0105
vn -0.2124 -0.7772 -0.5923
vn -0.7806 -0.5144 0.3550
vn 0.1817 -0.7538 -0.6315
vn 0.4187 0.2094 -0.8837
vn 0.2262 -0.7039 -0.6733
vn -0.6963 0.6746 0.2452
vn -0.8975 -0.1585 0.4115
vn 0.0821 -0.9923 -0.0930
vn -0.3546 -0.9307 0.0900
vn 0.2655 -0.5410 -0.7980
vn 0.4618 0.0636 -0.8847
vn 0.4961 0.3687 -0.7861
vn 0.3469 0.6158 -0.7075
vn -0.4181 0.8875 0.1937
vn 0.0769 0.9842 0.1593
vn -0.2379 -0.9712 0.0128
vn 0.1915 -0.6893 -0.6987
vn -0.9300 0.0415 0.3653
vn -0.0172 -0.9220 -0.3868
vn 0.4566 -0.2401 -0.8566
vn 0.4251 0.4530 -0.7836
vn 0.1477 -0.8413 -0.5200
vn 0.3100 0.8136 -0.4918
vn 0.5339 0.8300 -0.1613
vn 0.2324 -0.7531 -0.6155
vn 0.3793 -0.5320 -0.7570
vn 0.5527 0.1143 -0.8255
vn 0.2746 0.8833 -0.3801
vn -0.3375 -0.8840 -0.3234
vn -0.8200 -0.3786 0.4292
vn 0.4520 0.6470 -0.6141
vn -0.6486 -0.7014 0.2955
vn 0.5535 0.4437 -0.7048
vn 0.4138 0.9044 0.1038
vn 0.1006 -0.8508 -0.5157
vn -0.9245 0.0565 0.3769
vn -0.9092 0.2424 0.3384
vn -0.8028 0.5142 0.3019
vn 0.4986 0.6655 -0.5554
vn 0.4642 -0.4551 -0.7599
vn 0.5584 -0.1590 -0.8142
vn -0.2357 -0.9717 0.0135
vn 0.0235 -0.9434 -0.3307
vn 0.2882 -0.7791 -0.5567
vn 0.3905 -0.6247 -0.6762
vn 0.2197 0.9243 -0.3122
vn -0.2206 -0.9721 -0.0800
vn 0.1198 -0.9391 -0.3220
vn -0.3790 -0.9132 -0.1500
vn 0.6142 0.3200 -0.7214
vn 0.3615 0.9323 0.0077
vn -0.6160 0.7250 0.3081
vn -0.5492 -0.7644 0.3378
vn 0.3906 -0.6101 -0.6894
vn 0.5339 0.6911 -0.4872
vn 0.4206 0.8535 -0.3076
vn 0.4653 -0.3834 -0.7978
vn 0.3370 0.9347 -0.1133
vn 0.2322 0.9543 -0.1883
vn 0.1476 0.9751 0.1657
vn 0.5570 0.0145 -0.8304
vn -0.2654 0.9242 0.2745
vn -0.4206 -0.8678 0.2647
vn -0.7448 -0.4772 0.4664
vn 0.4347 0.8512 -0.2942
vn 0.3187 -0.7574 -0.5699
vn -0.8771 -0.0953 0.4707
vn -0.7962 0.4535 0.4005
vn -0.8030 -0.3589 0.4758
vn 0.5436 0.4717 -0.6942
vn 0.6222 0.5736 -0.5328
vn 0.1828 0.9816 -0.0561
vn -0.1359 -0.9895 -0.0487
vn 0.0097 -0.9946 -0.1033
vn 0.4808 -0.3132 -0.8190
vn 0.0059 0.9850 0.1725
vn 0.1914 -0.9347 -0.2996
vn 0.3679 -0.6545 -0.6606
vn 0.2279 0.9737 -0.0019
vn 0.2820 0.9594 -0.0079
vn -0.5787 0.6519 0.4900
vn -0.3669 -0.9052 0.2145
vn 0.6305 0.0212 -0.7759
vn -0.2842 -0.9264 0.2471
vn 0.2719 -0.8374 -0.4741
vn -0.8160 0.2856 0.5026
vn -0.7506 -0.2753 0.6006
vn -0.3007 0.8651 0.4014
vn -0.4285 -0.8284 0.3608
vn -0.6252 -0.4641 0.6275
vn 0.2710 0.9394 -0.2100
vn 0.4249 0.8372 -0.3443
vn 0.3200 0.9247 0.2061
vn 0.0246 -0.9912 0.1301
vn 0.6782 -0.2557 -0.6889
vn 0.4666 0.8199 0.3317
vn 0.0706 0.9959 0.0561
vn -0.7046 -0.3578 0.6128
vn 0.5106 -0.5522 -0.6590
vn 0.5572 0.7229 -0.4086
vn -0.5327 -0.6076 0.5891
vn 0.6505 0.1362 -0.7472
vn -0.6799 0.1354 0.7207
vn -0.1079 -0.9913 0.0753
vn 0.2244 -0.9181 -0.3267
vn -0.0510 -0.9673 0.2485
vn 0.0813 0.9861 0.1452
vn -0.3924 0.7255 0.5654
vn -0.0958 0.8630 0.4961
vn 0.7319 -0.1630 -0.6616
vn 0.4157 0.5655 -0.7124
vn 0.1057 0.9061 0.4098
vn -0.4502 -0.7166 0.5328
vn -0.5978 0.4836 0.6394
vn 0.1908 0.9383 0.2885
vn 0.0032 0.8157 0.5785
vn -0.3975 -0.7349 0.5494
vn 0.3788 0.7168 -0.5854
vn 0.3289 0.9260 -0.1853
vn 0.4533 0.8099 0.3722
vn -0.2319 -0.9206 0.3143
vn 0.1143 -0.9915 -0.0622
vn 0.0569 0.9947 0.0860
vn 0.3250 -0.9143 -0.2416
vn 0.6599 0.2647 -0.7032
vn 0.2853 0.7478 -0.5995
vn -0.4563 -0.4704 0.7553
vn 0.4730 0.6381 -0.6075
vn -0.3691 0.5402 0.7563
vn 0.3648 0.8332 0.4156
vn 0.6455 -0.3615 -0.6728
vn 0.6345 -0.0193 -0.7727
vn 0.5171 -0.7689 -0.3761
vn 0.5166 -0.2017 -0.8321
vn 0.3695 0.8172 -0.4423
vn -0.4732 -0.3768 0.7963
vn -0.5262 -0.3467 0.7765
vn 0.6602 0.3512 -0.6639
vn -0.5473 -0.1624 0.8210
vn 0.1980 0.9535 0.2271
vn 0.0435 0.9744 0.2205
vn -0.1560 0.6285 0.7620
vn 0.0846 -0.9960 0.0286
vn 0.2652 0.9405 -0.2126
vn -0.0203 0.6222 0.7826
vn -0.2088 0.7354 0.6446
vn -0.0879 -0.8995 0.4280
vn -0.4707 0.1705 0.8657
vn 0.0991 0.9946 0.0310
vn 0.5680 -0.6602 -0.4915
vn 0.5412 0.2446 -0.8045
vn 0.1738 0.8355 0.5212
vn 0.4908 -0.5185 -0.7002
vn 0.5206 0.6629 -0.5381
vn 0.4241 0.8244 0.3748
vn 0.0092 0.9619 0.2731
vn -0.2126 0.3781 0.9010
vn -0.3355 -0.7359 0.5881
vn 0.4579 -0.0713 -0.8862
vn -0.3980 0.6682 0.6286
vn 0.1925 0.8419 -0.5041
vn -0.0082 0.9732 0.2297
vn -0.1778 -0.8358 0.5194
vn 0.4833 -0.4649 -0.7418
vn 0.3585 0.7434 -0.5646
vn -0.3310 0.4920 0.8052
vn -0.2040 -0.8970 0.3921
vn 0.5827 0.0036 -0.8127
vn -0.3749 -0.1943 0.9065
vn -0.0917 -0.9668 0.2384
vn -0.0069 0.9947 -0.1029
vn -0.0844 0.9815 0.1718
vn 0.1961 0.8976 0.3949
vn 0.3525 -0.8192 -0.4525
vn 0.5162 0.4645 -0.7196
vn 0.3710 -0.9222 -0.1095
vn -0.4177 -0.4499 0.7894
vn -0.4355 -0.2779 0.8562
vn 0.5391 0.5443 -0.6428
vn 0.1000 0.9226 0.3727
vn -0.1093 0.8006 0.5891
vn -0.2874 0.0751 0.9549
vn 0.0559 0.9368 -0.3455
vn 0.1046 -0.8811 -0.4613
vn 0.9062 -0.4115 -0.0976
vn 0.1672 -0.9843 0.0571
vn 0.9264 0.1273 -0.3543
vn 0.4282 0.7422 -0.5155
vn -0.3297 -0.5711 0.7517
vn 0.6311 -0.7357 -0.2461
vn -0.3790 0.1436 0.9142
vn 0.0089 0.8754 0.4833
vn -0.0698 0.9793 -0.1902
vn 0.0234 0.9893 -0.1442
vn -0.4525 0.4761 0.7540
vn -0.1179 0.6504 0.7504
vn -0.4504 -0.0403 0.8919
vn -0.4464 0.2817 0.8493
vn -0.0466 -0.9746 0.2191
vn 0.2841 -0.8614 -0.4210
vn 0.6546 0.5591 -0.5088
vn -0.1122 0.9083 0.4030
vn 0.4935 0.6984 -0.5183
vn -0.2681 0.9171 0.2949
vn 0.8361 -0.5359 -0.1171
vn 0.0660 0.2754 0.9591
vn 0.3105 -0.1854 0.9323
vn 0.9529 -0.2832 -0.1086
vn -0.3265 0.0353 0.9445
vn 0.0819 -0.3863 0.9187
vn -0.0164 -0.9790 -0.2034
vn -0.2658 -0.7254 0.6349
vn 0.7171 -0.6069 0.3426
vn -0.4273 -0.3644 0.8274
vn -0.4949 0.0615 0.8668
vn 0.5255 0.7262 -0.4433
vn 0.7454 -0.5317 0.4020
vn 0.3685 0.4255 0.8265
vn 0.2677 0.0070 0.9635
vn 0.3876 -0.2249 0.8940
vn -0.4848 -0.1599 0.8599
vn 0.1763 0.5491 0.8169
vn -0.2352 -0.4467 0.8632
vn 0.9898 -0.1168 -0.0815
vn -0.2704 0.6349 0.7237
vn -0.2879 -0.8701 0.4001
vn 0.2395 -0.9284 -0.2841
vn 0.3764 -0.9254 -0.0444
vn 0.3512 -0.1043 -0.9305
vn 0.5738 0.3662 -0.7326
vn 0.5364 -0.7065 0.4617
vn -0.2252 -0.9050 0.3610
vn 0.1176 -0.6140 -0.7805
vn 0.9552 0.1637 0.2465
vn -0.1876 0.9820 0.0211
vn 0.1719 0.8443 0.5076
vn 0.6302 0.6752 -0.3833
vn -0.0820 -0.9559 0.2819
vn -0.4074 -0.4476 0.7960
vn 0.6734 0.3001 0.6756
vn -0.4490 0.2304 0.8633
vn 0.7869 -0.5025 0.3581
vn -0.1306 -0.9879 0.0836
vn -0.4194 -0.6263 0.6572
vn 0.0855 -0.5586 -0.8250
vn 0.5930 -0.3923 0.7032
vn 0.5102 0.8096 -0.2902
vn 0.1444 0.9871 -0.0684
vn 0.8572 -0.3911 0.3351
vn 0.6033 0.2471 -0.7583
vn 0.4248 -0.7162 0.5537
vn 0.5306 0.7519 -0.3913
vn 0.4712 0.7533 0.4589
vn -0.3395 0.6711 0.6590
vn 0.3709 -0.2529 -0.8936
vn 0.8345 0.2141 -0.5078
vn -0.1108 -0.8313 -0.5447
vn 0.6126 0.6004 -0.5140
vn 0.8368 0.5442 -0.0600
vn -0.4431 0.3795 0.8122
vn -0.2523 0.8275 0.5016
vn -0.0511 0.8796 0.4729
vn -0.2586 -0.8364 0.4834
vn 0.2587 -0.9659 -0.0053
vn 0.5466 0.7560 0.3601
vn -0.0984 -0.9823 -0.1596
vn 0.5310 -0.7527 0.3891
vn 0.7332 0.5460 -0.4054
vn -0.1329 -0.8850 -0.4462
vn 0.5254 -0.7327 -0.4325
vn -0.2782 -0.9442 -0.1763
vn 0.5206 -0.4468 0.7276
vn 0.8757 -0.2866 -0.3886
vn -0.4825 -0.2780 0.8306
vn -0.2721 -0.9593 0.0756
vn -0.3996 -0.6668 0.6290
vn -0.4805 0.0324 0.8764
vn 0.9682 0.2434 -0.0583
vn 0.8961 -0.0588 0.4399
vn 0.1181 -0.9465 -0.3002
vn -0.3192 0.8960 0.3088
vn -0.4756 -0.4650 0.7467
vn 0.9877 0.0372 -0.1519
vn 0.8342 0.5507 0.0291
vn -0.3321 0.8919 0.3069
vn -0.2741 -0.9599 -0.0585
vn -0.5096 0.0811 0.8566
vn -0.3437 0.6475 0.6802
vn 0.3459 0.9382 -0.0091
vn 0.7228 0.6195 -0.3062
vn -0.0046 0.7431 0.6691
vn -0.4795 0.8637 -0.1553
vn -0.4382 0.3576 0.8247
vn -0.2085 0.8704 0.4461
vn 0.5807 0.8035 0.1307
vn 0.4604 -0.8778 0.1327
vn -0.2073 -0.9713 0.1168
vn -0.4793 -0.5315 0.6984
vn -0.2840 -0.9441 0.1674
vn 0.8057 0.5773 -0.1327
vn -0.5454 -0.1830 0.8179
vn 0.8059 0.4125 0.4247
vn -0.3848 0.5092 0.7698
vn -0.4207 0.8850 0.1994
vn 0.1064 0.9925 0.0598
vn 0.5708 -0.6795 0.4610
vn 0.7295 0.6201 0.2885
vn 0.0804 -0.8438 0.5306
vn 0.8354 -0.4573 0.3050
vn 0.9482 0.2795 0.1506
vn -0.2982 -0.9369 0.1824
vn -0.5073 -0.3965 0.7651
vn 0.8763 0.0915 0.4731
vn -0.2384 0.6642 0.7085
vn 0.0933 -0.9877 0.1254
vn -0.5235 -0.4802 0.7038
vn -0.4935 0.1806 0.8508
vn 0.9970 0.0279 0.0720
vn 0.8951 0.3876 0.2204
vn -0.4144 -0.8802 0.2313
vn 0.5671 -0.5886 0.5762
vn -0.4004 0.9151 -0.0479
vn -0.2417 -0.8380 0.4893
vn -0.4745 -0.5846 0.6581
vn -0.2076 -0.9346 0.2889
vn -0.4337 0.7662 0.4742
vn 0.5753 0.8153 -0.0655
vn 0.1574 -0.9135 0.3751
vn -0.4442 -0.8240 0.3518
vn 0.8615 0.5061 0.0422
vn 0.4680 0.7981 -0.3795
vn -0.3794 0.4483 0.8094
vn 0.7116 -0.6106 0.3475
vn 0.9876 0.0672 0.1417
vn 0.9530 0.1912 0.2350
vn -0.5112 0.0417 0.8584
vn 0.8222 0.5086 0.2557
vn -0.1208 -0.8884 0.4429
vn 0.8827 0.0095 0.4698
vn 0.8093 -0.4958 0.3150
vn -0.4612 -0.6457 0.6086
vn 0.7637 0.6419 0.0687
vn 0.4924 0.8594 0.1376
vn -0.2222 -0.9448 0.2407
vn 0.6670 -0.6160 0.4192
vn 0.9206 0.3845 0.0681
vn -0.2672 -0.9036 0.3348
vn -0.6078 -0.4261 0.6701
vn -0.6026 -0.7196 0.3449
vn -0.6149 0.3541 0.7046
vn -0.5992 0.7630 0.2424
vn -0.1028 0.9943 0.0290
vn -0.5520 -0.6858 0.4743
vn -0.6108 -0.1499 0.7774
vn -0.2273 -0.9351 0.2718
vn 0.3319 -0.7722 0.5418
vn -0.3125 -0.9083 0.2782
vn 0.8991 0.4323 0.0693
vn 0.5464 0.8296 -0.1147
vn 0.7923 0.5778 -0.1960
vn 0.7464 0.3974 0.5337
vn -0.2669 0.9633 0.0278
vn 0.8931 -0.4389 0.0988
vn -0.6830 -0.3579 0.6367
vn 0.7930 0.6092 -0.0035
vn 0.8874 0.3532 0.2961
vn -0.6826 0.3937 0.6157
vn 0.5023 -0.5273 0.6853
vn -0.4695 -0.8509 0.2357
vn -0.6712 0.1262 0.7305
vn -0.2732 -0.9175 0.2891
vn -0.3197 -0.9028 0.2878
vn 0.4750 0.8800 0.0016
vn -0.7164 0.0254 0.6973
vn -0.7418 -0.4231 0.5203
vn 0.4902 -0.1500 0.8586
vn 0.3029 -0.9166 -0.2608
vn -0.6196 0.6208 0.4804
vn 0.1278 0.9157 0.3810
vn 0.0020 -0.6798 0.7334
vn 0.8964 0.2479 -0.3675
vn 0.9363 0.3505 -0.0225
vn -0.7603 0.0119 0.6495
vn 0.7751 0.4372 0.4561
vn -0.4441 0.7768 0.4465
vn 0.9075 0.1837 -0.3777
vn -0.6955 0.2881 0.6583
vn 0.2791 0.9071 -0.3149
vn -0.1044 -0.8366 0.5378
vn 0.8889 0.4244 -0.1722
vn -0.7284 0.2555 0.6357
vn 0.9518 0.2780 0.1299
vn 0.8928 0.4504 -0.0079
vn -0.0610 0.9969 -0.0488
vn 0.7442 -0.2270 0.6283
vn -0.4554 -0.0149 0.8902
vn -0.3669 -0.8859 0.2838
vn -0.3952 -0.6024 0.6935
vn 0.5924 -0.2864 0.7530
vn -0.6619 0.2194 0.7168
vn 0.3138 -0.1497 0.9376
vn 0.9888 -0.1427 0.0445
vn 0.9690 0.2431 0.0443
vn -0.4918 0.3953 0.7758
vn -0.0186 0.4511 0.8923
vn 0.1117 -0.3501 0.9300
vn 0.6313 -0.6931 0.3480
vn 0.3240 -0.5623 0.7608
vn -0.4982 0.6514 0.5722
vn 0.2924 -0.7258 0.6226
vn 0.2372 0.9373 -0.2555
vn -0.1489 0.2674 0.9520
vn 0.8162 0.5158 -0.2605
vn -0.6249 0.7479 0.2239
vn -0.4109 0.3538 0.8402
vn 0.0564 0.2408 0.9689
vn -0.0887 0.9777 -0.1903
vn -0.5138 -0.7537 0.4099
vn 0.0566 -0.2867 0.9563
vn -0.6165 0.3565 0.7020
vn -0.3090 -0.3421 0.8874
vn 0.7719 0.4609 -0.4379
vn 0.8580 0.5102 -0.0600
vn 0.9616 0.1016 -0.2549
vn -0.2644 0.4029 0.8762
vn -0.4135 0.2546 0.8742
vn 0.8893 0.4360 -0.1379
vn -0.2079 0.9765 0.0569
vn -0.1035 -0.9474 0.3028
vn 0.7952 -0.5683 0.2114
vn -0.9215 0.2209 0.3196
vn -0.5814 -0.7741 0.2505
vn -0.7669 0.5988 0.2309
vn 0.6811 0.6743 -0.2855
vn -0.5609 0.7225 0.4042
vn 0.6515 0.7586 0.0031
vn -0.8935 -0.2028 0.4007
vn 0.6444 0.6451 -0.4106
vn 0.9014 0.4280 -0.0646
vn -0.6149 0.7539 0.2315
vn -0.5882 -0.6865 0.4275
vn 0.6484 -0.6754 0.3512
vn -0.6829 0.6952 0.2244
vn 0.9407 -0.3244 0.0997
vn 0.6934 0.5515 -0.4637
vn -0.8500 -0.2410 0.4684
vn -0.8525 0.3781 0.3609
vn 0.6694 0.7406 -0.0593
vn -0.8945 0.0408 0.4452
vn 0.5482 0.7536 -0.3628
vn 0.4313 -0.8074 0.4026
vn -0.6022 0.7837 -0.1521
vn -0.2423 0.9593 -0.1448
vn -0.5818 -0.7524 0.3087
vn -0.8769 0.3264 0.3528
vn -0.8958 0.4423 -0.0444
vn 0.4582 0.7505 -0.4763
vn 0.0443 0.9897 0.1364
vn -0.6525 -0.6836 0.3271
vn -0.9321 -0.1714 0.3192
vn 0.6134 0.6704 -0.4175
vn 0.1806 0.9396 -0.2908
vn -0.6865 -0.5316 0.4961
vn 0.6684 -0.6031 0.4354
vn 0.9995 0.0310 -0.0043
vn -0.8095 -0.2687 0.5220
vn -0.9994 -0.0105 0.0332
vn -0.3058 -0.8544 0.4201
vn -0.8586 0.4678 -0.2095
vn 0.3370 0.8401 -0.4250
vn 0.4947 0.7902 -0.3617
vn -0.8110 -0.4734 0.3438
vn 0.4181 -0.7517 0.5100
vn -0.1873 0.9013 -0.3907
vn -0.7978 -0.5421 0.2638
vn 0.9688 0.0053 0.2477
vn 0.4380 0.8255 -0.3559
vn -0.5758 0.7203 -0.3868
vn -0.8766 -0.4034 0.2623
vn -0.4522 -0.7647 0.4591
vn -0.7990 0.4893 -0.3496
vn -0.7869 -0.5089 0.3489
vn 0.6050 0.7807 -0.1564
vn -0.2351 0.8454 -0.4797
vn 0.6455 -0.5493 0.5307
vn 0.3444 0.9047 -0.2507
vn 0.3233 -0.7250 0.6082
vn 0.8910 0.0721 0.4482
vn 0.6362 -0.4894 0.5964
vn -0.4027 -0.6939 0.5970
vn -0.9908 0.0892 -0.1014
vn 0.2816 -0.6675 0.6893
vn 0.3984 0.9005 -0.1745
vn -0.7885 -0.4679 0.3991
vn 0.5822 0.8116 -0.0484
vn -0.8064 0.5470 -0.2248
vn -0.1582 0.9732 -0.1667
vn -0.8865 -0.3586 0.2925
vn 0.6421 -0.4387 0.6287
vn 0.3636 0.9312 0.0264
vn 0.3908 0.9203 0.0155
vn -0.6181 -0.5518 0.5598
vn 0.8056 0.3730 0.4604
vn -0.9579 -0.0788 0.2759
vn 0.3448 0.9386 -0.0156
vn 0.6173 -0.4686 0.6320
vn 0.0520 -0.6242 0.7795
vn 0.2116 0.9649 0.1556
vn 0.3505 0.9345 0.0619
vn -0.3024 0.9093 0.2859
vn 0.3010 0.8927 0.3355
vn -0.7725 0.3676 0.5178
vn 0.7041 -0.0508 0.7083
vn -0.7370 -0.2850 0.6129
vn 0.2742 -0.5259 0.8051
vn -0.0979 -0.2297 0.9683
vn -0.5925 0.2382 0.7695
vn -0.2628 0.7193 0.6431
vn 0.0154 0.5249 0.8510
vt 0.699935 0.891895
vt 0.715445 0.854983
vt 0.720572 0.902804
vt 0.234348 0.022850
vt 0.268198 0.045208
vt 0.252593 0.049075
vt 0.750258 0.867525
vt 0.766338 0.903394
vt 0.684013 0.871321
vt 0.231338 0.043101
vt 0.677920 0.847921
vt 0.797493 0.892472
vt 0.674726 0.814423
vt 0.213936 0.010978
vt 0.750937 0.832136
vt 0.670212 0.792856
vt 0.702730 0.806612
vt 0.649397 0.862063
vt 0.649175 0.893002
vt 0.622675 0.869539
vt 0.203483 0.043193
vt 0.197240 0.020158
vt 0.192122 0.000000
vt 0.815758 0.885355
vt 0.612480 0.901761
vt 0.006739 0.898469
vt 0.004606 0.883650
vt 0.023008 0.878543
vt 0.718272 0.781945
vt 0.677869 0.764783
vt 0.810337 0.830716
vt 0.822990 0.878784
vt 0.171254 0.024152
vt 0.229544 0.079068
vt 0.002272 0.874607
vt 0.688948 0.749383
vt 0.755307 0.788223
vt 0.838865 0.853378
vt 0.647446 0.913436
vt 0.257188 0.072144
vt 0.632688 0.851409
vt 0.784693 0.807553
vt 0.789916 0.817949
vt 0.158704 0.019745
vt 0.651249 0.842896
vt 0.043856 0.897409
vt 0.704424 0.738404
vt 0.726191 0.734164
vt 0.013024 0.922420
vt 0.838865 0.823176
vt 0.171240 0.037768
vt 0.026569 0.861199
vt 0.789122 0.763138
vt 0.274811 0.094898
vt 0.762041 0.759332
vt 0.828947 0.806643
vt 0.178871 0.064265
vt 0.256966 0.103380
vt 0.000000 0.844790
vt 0.022492 0.830911
vt 0.650245 0.795781
vt 0.625407 0.783044
vt 0.651249 0.780618
vt 0.000376 0.818076
vt 0.016929 0.813774
vt 0.819145 0.795316
vt 0.430026 0.744037
vt 0.415621 0.737383
vt 0.436004 0.728265
vt 0.398987 0.865551
vt 0.387470 0.845265
vt 0.406785 0.822790
vt 0.236896 0.108292
vt 0.612842 0.833433
vt 0.651231 0.813824
vt 0.422893 0.757109
vt 0.821244 0.770220
vt 0.592076 0.846927
vt 0.063814 0.869931
vt 0.398186 0.882937
vt 0.375202 0.866558
vt 0.421102 0.713396
vt 0.156294 0.059302
vt 0.389440 0.813872
vt 0.411213 0.797392
vt 0.810530 0.748916
vt 0.594436 0.821922
vt 0.836590 0.801948
vt 0.210986 0.095645
vt 0.589373 0.882028
vt 0.055630 0.843931
vt 0.372262 0.883563
vt 0.078392 0.886638
vt 0.064340 0.909627
vt 0.392521 0.782275
vt 0.396463 0.765583
vt 0.409389 0.765080
vt 0.398847 0.747930
vt 0.836504 0.774550
vt 0.566456 0.897153
vt 0.377571 0.806120
vt 0.180590 0.104247
vt 0.131680 0.057307
vt 0.594767 0.795922
vt 0.366076 0.831638
vt 0.596844 0.771694
vt 0.344390 0.870997
vt 0.376694 0.711112
vt 0.386822 0.689336
vt 0.094579 0.891628
vt 0.066693 0.820217
vt 0.053995 0.806991
vt 0.354722 0.842747
vt 0.162490 0.092572
vt 0.126952 0.079593
vt 0.232754 0.134615
vt 0.249205 0.139406
vt 0.376180 0.753601
vt 0.360307 0.767036
vt 0.139299 0.086857
vt 0.553095 0.836027
vt 0.337523 0.813389
vt 0.208912 0.129854
vt 0.566462 0.806519
vt 0.583646 0.774951
vt 0.356172 0.789242
vt 0.374823 0.733042
vt 0.563148 0.855001
vt 0.581417 0.789970
vt 0.316825 0.852456
vt 0.201304 0.123695
vt 0.193116 0.119911
vt 0.104963 0.874064
vt 0.491345 0.802724
vt 0.497130 0.799861
vt 0.503301 0.820372
vt 0.161904 0.094847
vt 0.177947 0.108371
vt 0.089886 0.847070
vt 0.499142 0.776517
vt 0.491600 0.771303
vt 0.105094 0.880590
vt 0.315643 0.865774
vt 0.159935 0.933567
vt 0.164630 0.914428
vt 0.164630 0.934717
vt 0.539035 0.881802
vt 0.243368 0.142780
vt 0.266426 0.878074
vt 0.254643 0.874336
vt 0.263126 0.857099
vt 0.218933 0.135680
vt 0.247813 0.144793
vt 0.236490 0.147000
vt 0.222126 0.138461
vt 0.258549 0.908289
vt 0.252718 0.897856
vt 0.251778 0.859910
vt 0.246834 0.926196
vt 0.248607 0.914898
vt 0.209482 0.141560
vt 0.104680 0.885043
vt 0.101993 0.896760
vt 0.545268 0.902013
vt 0.250663 0.854371
vt 0.802105 0.734163
vt 0.819117 0.719512
vt 0.818937 0.733578
vt 0.163480 0.117484
vt 0.194712 0.920918
vt 0.204896 0.915961
vt 0.203407 0.930569
vt 0.541406 0.917546
vt 0.538019 0.902928
vt 0.503301 0.760321
vt 0.791718 0.727512
vt 0.248449 0.837335
vt 0.260495 0.841668
vt 0.119799 0.109814
vt 0.131028 0.085550
vt 0.194712 0.908447
vt 0.345023 0.723463
vt 0.121567 0.078577
vt 0.107309 0.089422
vt 0.216420 0.156877
vt 0.244649 0.159871
vt 0.524434 0.859370
vt 0.532778 0.816529
vt 0.567913 0.767428
vt 0.330868 0.874231
vt 0.246834 0.848789
vt 0.549608 0.790566
vt 0.102843 0.815384
vt 0.055363 0.781040
vt 0.091181 0.794739
vt 0.338972 0.735209
vt 0.171169 0.138888
vt 0.812825 0.316982
vt 0.823243 0.316982
vt 0.818498 0.333360
vt 0.229260 0.175106
vt 0.327131 0.774307
vt 0.931483 0.901327
vt 0.933087 0.928198
vt 0.925685 0.920026
vt 0.793501 0.903394
vt 0.791236 0.913752
vt 0.783376 0.904731
vt 0.111848 0.862849
vt 0.781458 0.719885
vt 0.778803 0.699429
vt 0.309785 0.825090
vt 0.916360 0.897408
vt 0.924360 0.906990
vt 0.916360 0.922232
vt 0.224802 0.884661
vt 0.235368 0.903086
vt 0.224802 0.916839
vt 0.521541 0.889235
vt 0.123381 0.839574
vt 0.925685 0.933563
vt 0.365827 0.897655
vt 0.354492 0.889946
vt 0.371077 0.883563
vt 0.521045 0.895817
vt 0.295784 0.843706
vt 0.811393 0.696753
vt 0.098991 0.773480
vt 0.078595 0.748361
vt 0.099599 0.751292
vt 0.922070 0.884538
vt 0.533755 0.808509
vt 0.126895 0.817382
vt 0.544518 0.769681
vt 0.320147 0.742983
vt 0.351284 0.901037
vt 0.371077 0.920271
vt 0.524002 0.829502
vt 0.872410 0.369978
vt 0.866053 0.362140
vt 0.878090 0.363351
vt 0.291754 0.810893
vt 0.089802 0.114999
vt 0.224802 0.922234
vt 0.213218 0.901209
vt 0.825254 0.698825
vt 0.253329 0.772742
vt 0.266765 0.774304
vt 0.250419 0.788058
vt 0.769168 0.692645
vt 0.783376 0.930712
vt 0.081284 0.103859
vt 0.182049 0.164588
vt 0.182381 0.914597
vt 0.174518 0.887638
vt 0.182381 0.884661
vt 0.508377 0.865042
vt 0.296837 0.853193
vt 0.302378 0.788135
vt 0.100753 0.079398
vt 0.076706 0.075425
vt 0.207773 0.178814
vt 0.507644 0.875988
vt 0.881928 0.381124
vt 0.873817 0.344927
vt 0.292926 0.861940
vt 0.516150 0.887659
vt 0.272999 0.837335
vt 0.268475 0.833452
vt 0.273672 0.823023
vt 0.246834 0.808232
vt 0.257235 0.797600
vt 0.870630 0.388364
vt 0.883817 0.388986
vt 0.941115 0.501848
vt 0.946841 0.509947
vt 0.930992 0.522384
vt 0.883817 0.338864
vt 0.295813 0.835419
vt 0.145118 0.174109
vt 0.629538 0.428643
vt 0.618909 0.419560
vt 0.632571 0.410619
vt 0.665050 0.908428
vt 0.654310 0.898386
vt 0.662915 0.895423
vt 0.269839 0.825712
vt 0.653878 0.417013
vt 0.167037 0.906423
vt 0.522163 0.821214
vt 0.590791 0.422131
vt 0.562053 0.410801
vt 0.571168 0.407429
vt 0.880249 0.334781
vt 0.701797 0.903394
vt 0.701797 0.926409
vt 0.685760 0.921832
vt 0.883817 0.391446
vt 0.894030 0.391446
vt 0.891521 0.403433
vt 0.546770 0.413287
vt 0.542584 0.418523
vt 0.533014 0.416387
vt 0.511572 0.403826
vt 0.515114 0.418283
vt 0.503850 0.417694
vt 0.503850 0.850503
vt 0.265993 0.762240
vt 0.952448 0.507396
vt 0.945985 0.521186
vt 0.953969 0.491496
vt 0.659941 0.881742
vt 0.652269 0.882179
vt 0.915904 0.359254
vt 0.924420 0.369921
vt 0.924676 0.394357
vt 0.670212 0.435494
vt 0.640478 0.446005
vt 0.272265 0.810229
vt 0.511164 0.839718
vt 0.272556 0.782315
vt 0.273672 0.771498
vt 0.272091 0.761573
vt 0.658931 0.870798
vt 0.651249 0.864329
vt 0.304056 0.916541
vt 0.309113 0.916541
vt 0.307482 0.930225
vt 0.267124 0.796452
vt 0.605707 0.430105
vt 0.675248 0.373832
vt 0.689442 0.384023
vt 0.671215 0.397211
vt 0.924676 0.334781
vt 0.612150 0.448054
vt 0.797066 0.674533
vt 0.569842 0.440389
vt 0.549479 0.416169
vt 0.685903 0.395686
vt 0.355470 0.000000
vt 0.368139 0.006369
vt 0.338050 0.024356
vt 0.670940 0.341645
vt 0.678181 0.341957
vt 0.267508 0.748361
vt 0.766643 0.688653
vt 0.761500 0.673907
vt 0.946013 0.480627
vt 0.293066 0.933936
vt 0.293066 0.916433
vt 0.299293 0.924760
vt 0.395964 0.912310
vt 0.395964 0.936199
vt 0.386737 0.919730
vt 0.655182 0.853567
vt 0.512408 0.423563
vt 0.751532 0.683705
vt 0.950581 0.478835
vt 0.960812 0.483957
vt 0.418252 0.912756
vt 0.418252 0.934805
vt 0.413182 0.919413
vt 0.532808 0.435823
vt 0.360277 0.027203
vt 0.273540 0.794747
vt 0.824500 0.648810
vt 0.502740 0.914656
vt 0.502740 0.932751
vt 0.495639 0.925509
vt 0.762706 0.903394
vt 0.762706 0.929556
vt 0.751879 0.917806
vt 0.964666 0.477487
vt 0.950583 0.461458
vt 0.544766 0.433379
vt 0.127229 0.801642
vt 0.524050 0.417752
vt 0.813999 0.375670
vt 0.788925 0.388636
vt 0.788152 0.379638
vt 0.297996 0.755669
vt 0.337053 0.054792
vt 0.743580 0.679922
vt 0.554581 0.448091
vt 0.945736 0.464638
vt 0.665050 0.845830
vt 0.321051 0.044213
vt 0.418356 0.883563
vt 0.407866 0.901342
vt 0.408277 0.886981
vt 0.155194 0.898405
vt 0.167037 0.902191
vt 0.151004 0.907815
vt 0.155590 0.887260
vt 0.657073 0.458565
vt 0.877098 0.916252
vt 0.864840 0.925710
vt 0.864840 0.884538
vt 0.371077 0.912310
vt 0.376552 0.905428
vt 0.385693 0.912310
vt 0.135906 0.774446
vt 0.515492 0.437413
vt 0.699828 0.371967
vt 0.674424 0.327032
vt 0.151004 0.884661
vt 0.163187 0.914428
vt 0.787945 0.655976
vt 0.291421 0.823046
vt 0.279416 0.807854
vt 0.395964 0.884494
vt 0.737362 0.665375
vt 0.266426 0.914136
vt 0.273471 0.928449
vt 0.266426 0.936126
vt 0.383611 0.027924
vt 0.687083 0.322599
vt 0.323553 0.883563
vt 0.302351 0.899370
vt 0.306753 0.884489
vt 0.587479 0.456980
vt 0.813999 0.401796
vt 0.802704 0.401578
vt 0.290787 0.930567
vt 0.285279 0.916433
vt 0.703018 0.353755
vt 0.907045 0.931760
vt 0.900994 0.933007
vt 0.900994 0.916442
vt 0.288026 0.916433
vt 0.283603 0.911444
vt 0.302351 0.911087
vt 0.274811 0.915622
vt 0.274811 0.899853
vt 0.168896 0.209533
vt 0.204011 0.217515
vt 0.944830 0.451695
vt 0.490618 0.935486
vt 0.484478 0.924800
vt 0.490618 0.914656
vt 0.281202 0.760714
vt 0.297492 0.719845
vt 0.504496 0.444133
vt 0.703018 0.331984
vt 0.364224 0.045248
vt 0.395964 0.912756
vt 0.087114 0.144821
vt 0.139303 0.748361
vt 0.279587 0.781728
vt 0.065954 0.119644
vt 0.812163 0.652676
vt 0.372335 0.884774
vt 0.388438 0.883563
vt 0.228960 0.922786
vt 0.224802 0.930620
vt 0.316922 0.912113
vt 0.889627 0.391446
vt 0.892327 0.380745
vt 0.900379 0.373769
vt 0.886939 0.370350
vt 0.883817 0.382869
vt 0.528656 0.461471
vt 0.137980 0.761048
vt 0.857255 0.934164
vt 0.854311 0.916325
vt 0.864840 0.931789
vt 0.296087 0.898085
vt 0.328540 0.886264
vt 0.632699 0.465780
vt 0.977791 0.466633
vt 0.960844 0.454273
vt 0.981563 0.459241
vt 0.877098 0.912610
vt 0.889794 0.919626
vt 0.878859 0.923757
vt 0.327021 0.709519
vt 0.395964 0.902772
vt 0.984087 0.479182
vt 0.940494 0.443237
vt 0.959168 0.436687
vt 0.935493 0.435877
vt 0.940725 0.430058
vt 0.930992 0.421604
vt 0.943860 0.410215
vt 0.864840 0.905804
vt 0.698192 0.321613
vt 0.681284 0.316982
vt 0.173284 0.930875
vt 0.165286 0.923027
vt 0.173284 0.914597
vt 0.395557 0.911579
vt 0.937799 0.623618
vt 0.937799 0.649054
vt 0.930992 0.634305
vt 0.949837 0.421373
vt 0.286745 0.738693
vt 0.290303 0.887916
vt 0.062111 0.151491
vt 0.731013 0.654817
vt 0.758402 0.648618
vt 0.569283 0.478184
vt 0.937202 0.927688
vt 0.933087 0.922011
vt 0.937202 0.901327
vt 0.958143 0.403826
vt 0.856657 0.894976
vt 0.140617 0.202784
vt 0.889705 0.361835
vt 0.970853 0.430700
vt 0.773570 0.921457
vt 0.762706 0.929218
vt 0.763599 0.918274
vt 0.862873 0.884538
vt 0.883571 0.884538
vt 0.889794 0.891824
vt 0.326013 0.914366
vt 0.214908 0.218232
vt 0.205006 0.224729
vt 0.805744 0.646011
vt 0.823844 0.643504
vt 0.723945 0.643740
vt 0.278772 0.713606
vt 0.316668 0.061454
vt 0.338263 0.074917
vt 0.318665 0.081059
vt 0.339289 0.072045
vt 0.182488 0.219501
vt 0.802197 0.357745
vt 0.811388 0.348599
vt 0.812226 0.358993
vt 0.892034 0.344158
vt 0.965170 0.438623
vt 0.289143 0.696375
vt 0.845908 0.401716
vt 0.838499 0.403676
vt 0.847169 0.386555
vt 0.360916 0.054125
vt 0.371077 0.927576
vt 0.379467 0.912310
vt 0.384851 0.927576
vt 0.778233 0.645732
vt 0.544978 0.479167
vt 0.281537 0.722222
vt 0.495639 0.931962
vt 0.490627 0.918169
vt 0.495639 0.914656
vt 0.312522 0.090133
vt 0.319965 0.091711
vt 0.836293 0.383313
vt 0.823243 0.325820
vt 0.830778 0.325820
vt 0.826465 0.333360
vt 0.302351 0.916541
vt 0.608403 0.496214
vt 0.795449 0.605374
vt 0.788152 0.375670
vt 0.797908 0.334589
vt 0.899420 0.340451
vt 0.877606 0.388986
vt 0.882796 0.394137
vt 0.877606 0.403345
vt 0.661350 0.908428
vt 0.661350 0.930774
vt 0.651249 0.909304
vt 0.518479 0.472632
vt 0.514996 0.446916
vt 0.915904 0.382552
vt 0.901399 0.370338
vt 0.911811 0.366255
vt 0.279882 0.883563
vt 0.158021 0.214422
vt 0.664287 0.485689
vt 0.883817 0.336484
vt 0.893828 0.334781
vt 0.807233 0.316982
vt 0.812825 0.324368
vt 0.788152 0.331913
vt 0.806456 0.903394
vt 0.815546 0.908182
vt 0.806456 0.921177
vt 0.274811 0.703425
vt 0.741738 0.927762
vt 0.730015 0.924502
vt 0.740981 0.923256
vt 0.741738 0.903394
vt 0.732339 0.906834
vt 0.689905 0.633426
vt 0.702635 0.641009
vt 0.691473 0.647405
vt 0.277113 0.696875
vt 0.289509 0.689336
vt 0.387435 0.064024
vt 0.377568 0.038155
vt 0.353174 0.086486
vt 0.847169 0.375670
vt 0.634872 0.495679
vt 0.720487 0.625153
vt 0.814485 0.363260
vt 0.824744 0.368708
vt 0.812825 0.375481
vt 0.815626 0.342733
vt 0.812825 0.334781
vt 0.825145 0.337707
vt 0.317802 0.102791
vt 0.301912 0.099376
vt 0.306702 0.105237
vt 0.299828 0.113054
vt 0.116554 0.181222
vt 0.586878 0.493136
vt 0.769260 0.617117
vt 0.751547 0.619470
vt 0.828447 0.353201
vt 0.816427 0.353716
vt 0.714851 0.904954
vt 0.718270 0.925525
vt 0.701797 0.903393
vt 0.701797 0.924684
vt 0.173319 0.233872
vt 0.906490 0.347995
vt 0.936479 0.295242
vt 0.936479 0.315425
vt 0.933202 0.297123
vt 0.309588 0.115244
vt 0.111483 0.198034
vt 0.063086 0.167329
vt 0.558315 0.494636
vt 0.847945 0.371279
vt 0.842926 0.375670
vt 0.330954 0.108238
vt 0.841532 0.359688
vt 0.077989 0.177369
vt 0.810115 0.932234
vt 0.327019 0.123010
vt 0.374256 0.090246
vt 0.293934 0.132226
vt 0.290938 0.125026
vt 0.139141 0.237523
vt 0.684116 0.621373
vt 0.285053 0.137345
vt 0.183139 0.256037
vt 0.823976 0.604697
vt 0.686284 0.614178
vt 0.084910 0.186438
vt 0.720780 0.397538
vt 0.735792 0.383073
vt 0.735792 0.399256
vt 0.304214 0.137822
vt 0.118667 0.212673
vt 0.915904 0.340460
vt 0.298711 0.141700
vt 0.900379 0.344647
vt 0.903228 0.334781
vt 0.726064 0.608073
vt 0.284920 0.149137
vt 0.274811 0.145707
vt 0.670212 0.611078
vt 0.339355 0.124371
vt 0.088603 0.210038
vt 0.648868 0.511098
vt 0.827848 0.389950
vt 0.833647 0.393351
vt 0.813999 0.400022
vt 0.078730 0.188379
vt 0.670212 0.497217
vt 0.623903 0.515744
vt 0.360222 0.106187
vt 0.830238 0.375670
vt 0.410405 0.055429
vt 0.390903 0.095530
vt 0.836293 0.400022
vt 0.573698 0.511837
vt 0.538843 0.501900
vt 0.420642 0.075911
vt 0.691618 0.594647
vt 0.677923 0.572128
vt 0.290270 0.149731
vt 0.311100 0.184444
vt 0.319891 0.151531
vt 0.591201 0.518792
vt 0.357580 0.127187
vt 0.051866 0.185764
vt 0.158773 0.265555
vt 0.778269 0.591048
vt 0.749268 0.581176
vt 0.553958 0.521669
vt 0.375426 0.116012
vt 0.068014 0.194426
vt 0.810243 0.586398
vt 0.939943 0.334781
vt 0.939943 0.367727
vt 0.932818 0.343379
vt 0.662053 0.519467
vt 0.792326 0.581022
vt 0.103365 0.242541
vt 0.426116 0.093945
vt 0.408566 0.099082
vt 0.535347 0.519400
vt 0.724302 0.572684
vt 0.070336 0.221640
vt 0.246834 0.904918
vt 0.236228 0.926123
vt 0.236228 0.884661
vt 0.349794 0.153707
vt 0.329875 0.148614
vt 0.108703 0.254968
vt 0.619290 0.546260
vt 0.041085 0.221771
vt 0.839543 0.584808
vt 0.785290 0.578148
vt 0.769955 0.551581
vt 0.421230 0.116787
vt 0.140987 0.270493
vt 0.696997 0.566725
vt 0.410900 0.119272
vt 0.390149 0.123886
vt 0.644519 0.550663
vt 0.334339 0.183265
vt 0.376774 0.146655
vt 0.591029 0.552014
vt 0.654083 0.555452
vt 0.814894 0.559426
vt 0.557184 0.551475
vt 0.152057 0.304217
vt 0.065464 0.248637
vt 0.729733 0.553607
vt 0.130961 0.286268
vt 0.799516 0.544858
vt 0.535390 0.558118
vt 0.328548 0.202633
vt 0.369168 0.170766
vt 0.170618 0.300447
vt 0.100541 0.278263
vt 0.051738 0.268090
vt 0.520177 0.534630
vt 0.683394 0.543780
vt 0.393113 0.154619
vt 0.617881 0.560376
vt 0.412405 0.141976
vt 0.313384 0.221192
vt 0.694567 0.529788
vt 0.076165 0.282645
vt 0.128636 0.311971
vt 0.098934 0.300515
vt 0.517762 0.569074
vt 0.434551 0.150538
vt 0.029570 0.252274
vt 0.632445 0.578313
vt 0.349554 0.198348
vt 0.645629 0.587536
vt 0.157062 0.321885
vt 0.588765 0.585916
vt 0.383304 0.180843
vt 0.325099 0.238237
vt 0.785709 0.526680
vt 0.818363 0.534386
vt 0.558929 0.583344
vt 0.734439 0.529878
vt 0.409972 0.179734
vt 0.675987 0.521492
vt 0.802028 0.527716
vt 0.606075 0.602710
vt 0.763892 0.512587
vt 0.338777 0.232064
vt 0.359153 0.217962
vt 0.723022 0.510857
vt 0.119252 0.320607
vt 0.620387 0.602268
vt 0.533382 0.599904
vt 0.820497 0.520113
vt 0.065270 0.293696
vt 0.147183 0.332469
vt 0.127781 0.339929
vt 0.814764 0.509520
vt 0.697782 0.506953
vt 0.583969 0.603308
vt 0.793995 0.509156
vt 0.428999 0.180176
vt 0.390426 0.202671
vt 0.457486 0.173038
vt 0.447871 0.184723
vt 0.074580 0.313204
vt 0.038435 0.283275
vt 0.373916 0.229528
vt 0.074493 0.345152
vt 0.627649 0.617037
vt 0.088912 0.355208
vt 0.762811 0.484502
vt 0.359419 0.266181
vt 0.147372 0.344425
vt 0.333408 0.266460
vt 0.021228 0.288645
vt 0.644600 0.621725
vt 0.792472 0.489543
vt 0.558089 0.623601
vt 0.414227 0.204684
vt 0.345608 0.276006
vt 0.041583 0.314028
vt 0.724786 0.487492
vt 0.678357 0.494915
vt 0.817018 0.483807
vt 0.124279 0.359003
vt 0.440204 0.221355
vt 0.595593 0.633423
vt 0.700808 0.480509
vt 0.742083 0.474254
vt 0.467085 0.206004
vt 0.452106 0.204580
vt 0.403338 0.231089
vt 0.530865 0.631293
vt 0.018230 0.324029
vt 0.672131 0.478204
vt 0.051783 0.340609
vt 0.769822 0.474773
vt 0.383277 0.262943
vt 0.634858 0.649765
vt 0.813333 0.468962
vt 0.716285 0.461754
vt 0.799299 0.467915
vt 0.686169 0.453528
vt 0.424747 0.242571
vt 0.612873 0.653354
vt 0.150484 0.366376
vt 0.130232 0.379170
vt 0.117220 0.371105
vt 0.649393 0.651366
vt 0.825619 0.458118
vt 0.098908 0.373295
vt 0.785962 0.466021
vt 0.365079 0.304487
vt 0.404776 0.253935
vt 0.587690 0.653367
vt 0.385082 0.282119
vt 0.759594 0.461240
vt 0.463835 0.238546
vt 0.126017 0.388690
vt 0.808497 0.459388
vt 0.030097 0.343904
vt 0.052110 0.373021
vt 0.084351 0.379614
vt 0.547633 0.655796
vt 0.670212 0.443024
vt 0.773569 0.931814
vt 0.773569 0.903394
vt 0.783376 0.914180
vt 0.725206 0.443890
vt 0.110480 0.397391
vt 0.797570 0.452029
vt 0.775981 0.453917
vt 0.752923 0.447595
vt 0.124151 0.402134
vt 0.135993 0.402986
vt 0.702035 0.428527
vt 0.451026 0.262960
vt 0.795941 0.316982
vt 0.782808 0.306915
vt 0.789091 0.294936
vt 0.762813 0.300528
vt 0.593006 0.674654
vt 0.738999 0.295339
vt 0.749168 0.284912
vt 0.402361 0.300835
vt 0.603947 0.681365
vt 0.478817 0.260374
vt 0.804201 0.293514
vt 0.082062 0.398917
vt 0.113301 0.414441
vt 0.135084 0.426253
vt 0.633778 0.681717
vt 0.779098 0.267333
vt 0.529734 0.680080
vt 0.424167 0.295219
vt 0.390795 0.312295
vt 0.720878 0.284241
vt 0.711298 0.301425
vt 0.099626 0.408932
vt 0.565893 0.674699
vt 0.760337 0.244470
vt 0.036097 0.384387
vt 0.055361 0.392670
vt 0.696190 0.287423
vt 0.813488 0.270311
vt 0.781397 0.230685
vt 0.728150 0.249693
vt 0.073258 0.417555
vt 0.012374 0.369603
vt 0.800679 0.246814
vt 0.684622 0.303096
vt 0.678747 0.413523
vt 0.378141 0.333851
vt 0.088365 0.421957
vt 0.623902 0.700848
vt 0.114640 0.439272
vt 0.750481 0.223767
vt 0.913615 0.403318
vt 0.900379 0.403318
vt 0.909925 0.382552
vt 0.122694 0.446249
vt 0.142797 0.453979
vt 0.654076 0.690888
vt 0.468500 0.288036
vt 0.581243 0.707019
vt 0.051034 0.413968
vt 0.018096 0.388101
vt 0.817050 0.255911
vt 0.770271 0.204697
vt 0.743978 0.203333
vt 0.710970 0.231809
vt 0.449387 0.307403
vt 0.410741 0.325551
vt 0.026194 0.416886
vt 0.130623 0.467661
vt 0.559203 0.704638
vt 0.095818 0.457065
vt 0.790891 0.201134
vt 0.735069 0.218129
vt 0.103076 0.457454
vt 0.151221 0.466597
vt 0.695083 0.232722
vt 0.716222 0.420728
vt 0.695180 0.403826
vt 0.141042 0.489103
vt 0.818986 0.222846
vt 0.773235 0.175971
vt 0.670940 0.298585
vt 0.673773 0.281006
vt 0.074709 0.433341
vt 0.620929 0.722907
vt 0.713339 0.206848
vt 0.648421 0.723728
vt 0.740119 0.178475
vt 0.373860 0.354624
vt 0.396436 0.346542
vt 0.116381 0.475383
vt 0.554213 0.720123
vt 0.543059 0.717561
vt 0.487007 0.304295
vt 0.000000 0.400703
vt 0.716856 0.195561
vt 0.810919 0.187227
vt 0.790044 0.161370
vt 0.170681 0.495187
vt 0.025928 0.448633
vt 0.104532 0.479472
vt 0.153340 0.518312
vt 0.170513 0.523451
vt 0.368123 0.374219
vt 0.350606 0.406436
vt 0.330523 0.404784
vt 0.070160 0.479410
vt 0.192498 0.524540
vt 0.126896 0.514609
vt 0.491345 0.866654
vt 0.491345 0.820372
vt 0.502977 0.834865
vt 0.757390 0.158041
vt 0.401998 0.363165
vt 0.472392 0.322739
vt 0.000922 0.434424
vt 0.177951 0.541518
vt 0.724100 0.165264
vt 0.526474 0.718836
vt 0.694106 0.205991
vt 0.806377 0.154822
vt 0.339451 0.420314
vt 0.386478 0.380239
vt 0.426641 0.353595
vt 0.048442 0.455488
vt 0.783358 0.132961
vt 0.323509 0.436387
vt 0.452979 0.334669
vt 0.012930 0.447426
vt 0.657788 0.749259
vt 0.638866 0.740672
vt 0.706658 0.181888
vt 0.170796 0.543141
vt 0.562524 0.756375
vt 0.496567 0.322255
vt 0.600041 0.746886
vt 0.762371 0.118959
vt 0.739361 0.137351
vt 0.211032 0.552979
vt 0.401801 0.390678
vt 0.083219 0.507766
vt 0.105675 0.517564
vt 0.561493 0.403826
vt 0.550477 0.380594
vt 0.589247 0.387209
vt 0.808471 0.125720
vt 0.440089 0.371825
vt 0.155556 0.568987
vt 0.202843 0.585819
vt 0.532330 0.738198
vt 0.336155 0.462881
vt 0.374211 0.419080
vt 0.485292 0.342597
vt 0.032850 0.479817
vt 0.787069 0.100785
vt 0.310820 0.458138
vt 0.053883 0.507749
vt 0.180962 0.573731
vt 0.225720 0.581178
vt 0.542830 0.750366
vt 0.588347 0.767428
vt 0.460971 0.360821
vt 0.013760 0.464659
vt 0.536687 0.360638
vt 0.559126 0.349443
vt 0.296643 0.467384
vt 0.323043 0.479185
vt 0.306235 0.488875
vt 0.362132 0.440793
vt 0.503850 0.333191
vt 0.126426 0.575125
vt 0.805246 0.100639
vt 0.387116 0.435878
vt 0.412824 0.403554
vt 0.593199 0.354946
vt 0.224950 0.614819
vt 0.826314 0.105607
vt 0.720680 0.128072
vt 0.526192 0.342608
vt 0.546067 0.331155
vt 0.771159 0.087768
vt 0.418356 0.907661
vt 0.432945 0.883563
vt 0.432945 0.926954
vt 0.628528 0.387323
vt 0.638381 0.363171
vt 0.648396 0.385305
vt 0.083666 0.521963
vt 0.190630 0.604066
vt 0.529801 0.328362
vt 0.705521 0.157523
vt 0.095578 0.557735
vt 0.369024 0.462007
vt 0.470713 0.371197
vt 0.445281 0.395174
vt 0.847945 0.365126
vt 0.849901 0.343303
vt 0.866053 0.369126
vt 0.606687 0.373029
vt 0.754295 0.088032
vt 0.408195 0.428008
vt 0.514126 0.304187
vt 0.533392 0.297786
vt 0.494090 0.359159
vt 0.381025 0.457087
vt 0.663761 0.359020
vt 0.426574 0.413342
vt 0.032894 0.509370
vt 0.733153 0.108627
vt 0.319985 0.507267
vt 0.391555 0.449981
vt 0.063730 0.536700
vt 0.164053 0.602324
vt 0.354832 0.486547
vt 0.209127 0.635888
vt 0.522775 0.280675
vt 0.759420 0.069711
vt 0.864994 0.334781
vt 0.724694 0.089813
vt 0.294704 0.519692
vt 0.548258 0.292742
vt 0.740419 0.073453
vt 0.478428 0.392699
vt 0.409124 0.445412
vt 0.862955 0.402458
vt 0.779201 0.062696
vt 0.797270 0.080914
vt 0.182381 0.899120
vt 0.194712 0.910517
vt 0.182381 0.921488
vt 0.218129 0.641124
vt 0.800236 0.068714
vt 0.710964 0.122132
vt 0.228044 0.640111
vt 0.300523 0.534554
vt 0.847945 0.392375
vt 0.569627 0.304868
vt 0.598917 0.327587
vt 0.816323 0.907109
vt 0.826174 0.903394
vt 0.826174 0.929767
vt 0.617186 0.326368
vt 0.753650 0.058856
vt 0.398511 0.467081
vt 0.395498 0.478207
vt 0.433508 0.426200
vt 0.172370 0.634061
vt 0.824989 0.087273
vt 0.670940 0.322660
vt 0.314419 0.542916
vt 0.462713 0.413710
vt 0.420230 0.445754
vt 0.100574 0.588280
vt 0.636401 0.327152
vt 0.331578 0.520803
vt 0.822648 0.070985
vt 0.765926 0.044170
vt 0.190561 0.884661
vt 0.235853 0.656270
vt 0.810862 0.045003
vt 0.725972 0.050966
vt 0.410913 0.464076
vt 0.393045 0.496614
vt 0.479899 0.418852
vt 0.504607 0.239621
vt 0.524809 0.237639
vt 0.503850 0.268777
vt 0.794942 0.031853
vt 0.419258 0.457717
vt 0.937217 0.268240
vt 0.933201 0.256177
vt 0.937217 0.244574
vt 0.050860 0.549629
vt 0.703038 0.098422
vt 0.363885 0.504479
vt 0.066330 0.555571
vt 0.807011 0.029589
vt 0.715443 0.076691
vt 0.456576 0.443287
vt 0.294531 0.562806
vt 0.107754 0.619470
vt 0.792769 0.012379
vt 0.599469 0.284523
vt 0.654032 0.300205
vt 0.429893 0.438440
vt 0.135453 0.615277
vt 0.343383 0.542735
vt 0.363420 0.518989
vt 0.419651 0.472906
vt 0.241035 0.675191
vt 0.255157 0.673258
vt 0.757600 0.017944
vt 0.213818 0.668121
vt 0.545467 0.243838
vt 0.576714 0.243970
vt 0.745187 0.034735
vt 0.409300 0.484829
vt 0.431096 0.462069
vt 0.622639 0.296336
vt 0.321568 0.555424
vt 0.512773 0.223190
vt 0.210514 0.679311
vt 0.803150 0.007142
vt 0.645372 0.266512
vt 0.175434 0.668826
vt 0.264758 0.685747
vt 0.781183 0.000000
vt 0.691699 0.064537
vt 0.533147 0.201973
vt 0.274811 0.708870
vt 0.255428 0.702845
vt 0.621858 0.267797
vt 0.422670 0.486138
vt 0.334335 0.575737
vt 0.670940 0.077249
vt 0.446192 0.466493
vt 0.438419 0.478512
vt 0.607479 0.261723
vt 0.640484 0.233974
vt 0.152999 0.663497
vt 0.231620 0.699689
vt 0.751132 0.007525
vt 0.409873 0.511406
vt 0.689219 0.123165
vt 0.447120 0.837971
vt 0.460486 0.856864
vt 0.445043 0.851038
vt 0.728651 0.021049
vt 0.400604 0.540515
vt 0.211156 0.929345
vt 0.207274 0.936138
vt 0.204896 0.918661
vt 0.211156 0.908447
vt 0.750774 0.380374
vt 0.758077 0.365241
vt 0.763480 0.382413
vt 0.763390 0.369982
vt 0.653227 0.241774
vt 0.189699 0.682178
vt 0.508439 0.176343
vt 0.533421 0.175699
vt 0.236622 0.708853
vt 0.564234 0.202175
vt 0.761637 0.398699
vt 0.618739 0.228915
vt 0.712513 0.037286
vt 0.182381 0.922508
vt 0.173284 0.929534
vt 0.173284 0.916688
vt 0.474878 0.871657
vt 0.470909 0.855553
vt 0.181271 0.914597
vt 0.460541 0.844287
vt 0.740875 0.390428
vt 0.600760 0.216024
vt 0.301192 0.600764
vt 0.952176 0.529748
vt 0.940535 0.538782
vt 0.736696 0.373888
vt 0.743491 0.356356
vt 0.763480 0.350532
vt 0.653342 0.227441
vt 0.429789 0.502260
vt 0.104251 0.630670
vt 0.215769 0.703459
vt 0.900994 0.884538
vt 0.898267 0.891832
vt 0.889794 0.889996
vt 0.958843 0.546245
vt 0.942378 0.724065
vt 0.956548 0.743913
vt 0.925685 0.741155
vt 0.951407 0.706992
vt 0.956688 0.712676
vt 0.932819 0.387636
vt 0.924676 0.366296
vt 0.929152 0.370865
vt 0.117057 0.643302
vt 0.491345 0.868617
vt 0.146323 0.755463
vt 0.177911 0.757347
vt 0.141823 0.764290
vt 0.947882 0.761062
vt 0.763124 0.343652
vt 0.436004 0.810122
vt 0.449722 0.809568
vt 0.358051 0.559918
vt 0.952555 0.559434
vt 0.933201 0.244574
vt 0.933201 0.220480
vt 0.937305 0.236469
vt 0.142259 0.772291
vt 0.732841 0.008538
vt 0.644286 0.202132
vt 0.156539 0.681420
vt 0.519783 0.147391
vt 0.554948 0.180806
vt 0.963461 0.559496
vt 0.893821 0.898633
vt 0.741351 0.336880
vt 0.629383 0.207639
vt 0.899177 0.902600
vt 0.168633 0.695833
vt 0.539180 0.148239
vt 0.963707 0.766282
vt 0.454714 0.826406
vt 0.456554 0.784249
vt 0.687460 0.047050
vt 0.673318 0.066735
vt 0.659528 0.770515
vt 0.669148 0.767428
vt 0.654007 0.785070
vt 0.989131 0.748745
vt 0.756215 0.334434
vt 0.439758 0.789709
vt 0.703677 0.023352
vt 0.657254 0.794623
vt 0.942138 0.572409
vt 0.419007 0.534001
vt 0.938389 0.392768
vt 0.932819 0.382428
vt 0.938389 0.367727
vt 0.981761 0.766764
vt 0.964506 0.698926
vt 0.749782 0.316982
vt 0.932819 0.355877
vt 0.182659 0.768644
vt 0.191756 0.748361
vt 0.979808 0.701759
vt 0.926958 0.356822
vt 0.450961 0.778256
vt 0.427266 0.527881
vt 0.377331 0.565582
vt 0.328764 0.595599
vt 0.128766 0.679298
vt 0.220976 0.715723
vt 0.198079 0.721007
vt 0.955265 0.589136
vt 0.892379 0.928832
vt 0.445356 0.504457
vt 0.139303 0.787362
vt 0.144840 0.793267
vt 0.142388 0.800002
vt 0.993802 0.725085
vt 0.198601 0.766095
vt 0.215606 0.751704
vt 0.979073 0.783089
vt 0.164215 0.794111
vt 0.315639 0.916542
vt 0.323242 0.916541
vt 0.323242 0.926950
vt 0.900994 0.914649
vt 0.993802 0.770951
vt 0.591955 0.173200
vt 0.173598 0.722399
vt 0.522169 0.122753
vt 0.539508 0.109685
vt 0.525708 0.140673
vt 0.613247 0.186758
vt 0.928968 0.334781
vt 0.638030 0.178660
vt 0.204856 0.725093
vt 0.213668 0.761603
vt 0.967182 0.679583
vt 0.441390 0.758807
vt 0.312966 0.614165
vt 0.295477 0.610050
vt 0.652636 0.802305
vt 0.563833 0.150299
vt 0.896960 0.323395
vt 0.873143 0.318219
vt 0.889368 0.308138
vt 0.877606 0.403193
vt 0.866053 0.400027
vt 0.697676 0.010805
vt 0.324666 0.611201
vt 0.199062 0.785211
vt 0.860358 0.296475
vt 0.619362 0.164172
vt 0.407690 0.554769
vt 0.284676 0.627361
vt 0.298570 0.635388
vt 0.990344 0.681647
vt 0.362751 0.597941
vt 0.669561 0.860027
vt 0.665050 0.875292
vt 0.628487 0.151462
vt 0.643875 0.145778
vt 0.642606 0.169350
vt 0.725500 0.001699
vt 0.332605 0.608906
vt 0.290818 0.674403
vt 0.217501 0.767160
vt 0.156649 0.815536
vt 0.139529 0.807042
vt 0.564126 0.119759
vt 0.180618 0.821630
vt 0.839892 0.288390
vt 0.856749 0.272279
vt 0.594947 0.135740
vt 0.826174 0.924249
vt 0.826174 0.903393
vt 0.838865 0.920016
vt 0.455728 0.747646
vt 0.406552 0.579078
vt 0.349560 0.612798
vt 0.323975 0.623851
vt 0.274811 0.669876
vt 0.316414 0.643468
vt 0.182312 0.736226
vt 0.936949 0.595706
vt 0.526143 0.086941
vt 0.144249 0.822359
vt 0.140413 0.829835
vt 0.911798 0.293872
vt 0.839254 0.257045
vt 0.909725 0.931004
vt 0.909725 0.916442
vt 0.916359 0.925010
vt 0.914815 0.325362
vt 0.924955 0.315639
vt 0.196048 0.800181
vt 0.583276 0.112458
vt 0.968981 0.668865
vt 0.465405 0.767309
vt 0.461342 0.745861
vt 0.635131 0.124003
vt 0.385867 0.588291
vt 0.219868 0.783480
vt 0.658715 0.817597
vt 0.569741 0.100381
vt 0.619901 0.136439
vt 0.889340 0.285584
vt 0.467265 0.754221
vt 0.153264 0.716963
vt 0.309113 0.926260
vt 0.315639 0.916541
vt 0.315639 0.927245
vt 0.651249 0.824897
vt 0.337723 0.630526
vt 0.135906 0.703567
vt 0.559189 0.092684
vt 0.153277 0.840318
vt 0.139303 0.835904
vt 0.377910 0.613697
vt 0.965144 0.607288
vt 0.942933 0.618694
vt 0.228006 0.794342
vt 0.135727 0.723455
vt 0.857379 0.245744
vt 0.986443 0.650637
vt 0.403759 0.602317
vt 0.462423 0.728155
vt 0.226807 0.786264
vt 0.891142 0.260581
vt 0.626363 0.102252
vt 0.930104 0.293319
vt 0.933314 0.211155
vt 0.938149 0.196580
vt 0.938877 0.220480
vt 0.609091 0.101220
vt 0.966937 0.656442
vt 0.473797 0.735556
vt 0.149766 0.748361
vt 0.930992 0.623618
vt 0.917723 0.271302
vt 0.144989 0.849800
vt 0.535171 0.063502
vt 0.551641 0.073387
vt 0.955866 0.206697
vt 0.873686 0.240095
vt 0.857611 0.650637
vt 0.865744 0.662516
vt 0.846220 0.677186
vt 0.314158 0.683403
vt 0.669148 0.845830
vt 0.191374 0.849724
vt 0.282510 0.926988
vt 0.274811 0.916433
vt 0.826314 0.226939
vt 0.833282 0.217140
vt 0.210819 0.821546
vt 0.580044 0.075261
vt 0.782554 0.355727
vt 0.788152 0.380856
vt 0.772425 0.347587
vt 0.399350 0.621116
vt 0.366939 0.640228
vt 0.339634 0.654531
vt 0.556501 0.054939
vt 0.595347 0.081860
vt 0.840901 0.890969
vt 0.854311 0.884538
vt 0.845773 0.899954
vt 0.478311 0.709074
vt 0.932865 0.286224
vt 0.621694 0.083663
vt 0.669056 0.908428
vt 0.669056 0.933909
vt 0.661350 0.914056
vt 0.246834 0.816125
vt 0.685760 0.903394
vt 0.685760 0.928966
vt 0.670212 0.904833
vt 0.544877 0.047961
vt 0.858441 0.233440
vt 0.873283 0.674406
vt 0.481936 0.720841
vt 0.763480 0.369685
vt 0.933201 0.186333
vt 0.942713 0.174538
vt 0.896175 0.235871
vt 0.345467 0.672332
vt 0.935449 0.172701
vt 0.580468 0.061321
vt 0.865247 0.225498
vt 0.962252 0.183809
vt 0.965037 0.200590
vt 0.380640 0.649918
vt 0.328540 0.916541
vt 0.328540 0.933989
vt 0.323242 0.932021
vt 0.854311 0.924822
vt 0.839543 0.903342
vt 0.616776 0.067784
vt 0.968614 0.184871
vt 0.854871 0.635302
vt 0.847820 0.650637
vt 0.849421 0.622700
vt 0.933202 0.250961
vt 0.648425 0.050907
vt 0.785069 0.342743
vt 0.151004 0.925933
vt 0.139303 0.891376
vt 0.490810 0.703309
vt 0.188353 0.860337
vt 0.599554 0.068198
vt 0.206995 0.834595
vt 0.777222 0.318048
vt 0.788152 0.316982
vt 0.909808 0.235284
vt 0.842422 0.917898
vt 0.367884 0.659855
vt 0.341316 0.685832
vt 0.555157 0.023767
vt 0.549997 0.040397
vt 0.530441 0.018966
vt 0.941788 0.160547
vt 0.803622 0.924222
vt 0.846745 0.206416
vt 0.605395 0.055997
vt 0.885455 0.231314
vt 0.358797 0.679653
vt 0.945895 0.154584
vt 0.936933 0.156800
vt 0.642212 0.040626
vt 0.861733 0.703018
vt 0.887058 0.686512
vt 0.491345 0.689337
vt 0.535653 0.014596
vt 0.229900 0.835518
vt 0.216943 0.844069
vt 0.865315 0.203808
vt 0.961325 0.162777
vt 0.627372 0.040827
vt 0.834576 0.196731
vt 0.662002 0.036519
vt 0.848770 0.709849
vt 0.839543 0.691414
vt 0.897294 0.694553
vt 0.954037 0.152295
vt 0.606876 0.025162
vt 0.405947 0.912756
vt 0.413182 0.924964
vt 0.405947 0.934236
vt 0.902501 0.688790
vt 0.217775 0.859220
vt 0.577378 0.026201
vt 0.929813 0.401856
vt 0.924676 0.393155
vt 0.929813 0.387636
vt 0.230596 0.916839
vt 0.235368 0.923315
vt 0.230596 0.930598
vt 0.828341 0.188464
vt 0.577694 0.049077
vt 0.736696 0.321423
vt 0.732862 0.328539
vt 0.717427 0.330236
vt 0.720873 0.316982
vt 0.623213 0.028159
vt 0.541279 0.012491
vt 0.567679 0.016347
vt 0.729115 0.349803
vt 0.889641 0.215615
vt 0.895031 0.230965
vt 0.834960 0.183350
vt 0.658539 0.019452
vt 0.372375 0.682534
vt 0.355234 0.689337
vt 0.929159 0.238314
vt 0.914150 0.199428
vt 0.911028 0.234502
vt 0.727419 0.371161
vt 0.703018 0.359985
vt 0.713006 0.354589
vt 0.854091 0.603685
vt 0.941327 0.145141
vt 0.348918 0.909325
vt 0.341171 0.910911
vt 0.348608 0.899166
vt 0.304056 0.928825
vt 0.300078 0.933931
vt 0.300078 0.916541
vt 0.909046 0.700685
vt 0.733992 0.368322
vt 0.867864 0.716137
vt 0.736696 0.383073
vt 0.637378 0.018341
vt 0.852416 0.183026
vt 0.900717 0.716190
vt 0.961057 0.783089
vt 0.955780 0.813240
vt 0.938651 0.795313
vt 0.650647 0.006133
vt 0.670940 0.005316
vt 0.648782 0.013590
vt 0.664862 0.000000
vt 0.893866 0.709092
vt 0.328540 0.918894
vt 0.328540 0.890814
vt 0.585960 0.023132
vt 0.945740 0.133421
vt 0.639081 0.008966
vt 0.206018 0.884661
vt 0.933201 0.130437
vt 0.868811 0.185980
vt 0.853417 0.726227
vt 0.883851 0.186533
vt 0.626969 0.013828
vt 0.830550 0.168968
vt 0.787673 0.397117
vt 0.785865 0.391632
vt 0.787673 0.380856
vt 0.837503 0.159173
vt 0.882712 0.735538
vt 0.926982 0.831380
vt 0.925685 0.789568
vt 0.351284 0.883563
vt 0.597706 0.015857
vt 0.985368 0.785402
vt 0.988242 0.803946
vt 0.622743 0.014501
vt 0.158165 0.920951
vt 0.151004 0.930523
vt 0.151004 0.914428
vt 0.159935 0.924680
vt 0.235410 0.882673
vt 0.892299 0.194516
vt 0.839543 0.578594
vt 0.851059 0.570051
vt 0.483100 0.885983
vt 0.453436 0.882153
vt 0.484478 0.871657
vt 0.914484 0.733035
vt 0.850493 0.158108
vt 0.897152 0.729518
vt 0.860580 0.754735
vt 0.484478 0.939600
vt 0.460817 0.942079
vt 0.478320 0.915932
vt 0.864617 0.158016
vt 0.834171 0.135166
vt 0.837605 0.148246
vt 0.665050 0.888554
vt 0.670071 0.875291
vt 0.670071 0.897794
vt 0.480162 0.960710
vt 0.481354 0.898445
vt 0.888130 0.738432
vt 0.452079 0.956879
vt 0.954215 0.840475
vt 0.912486 0.740457
vt 0.405947 0.932978
vt 0.395964 0.916757
vt 0.884285 0.166596
vt 0.868729 0.160379
vt 0.768754 0.403672
vt 0.763480 0.380856
vt 0.785865 0.380856
vt 0.439469 0.943361
vt 0.471507 0.916409
vt 1.000000 0.821577
vt 0.443610 0.898109
vt 0.839178 0.134665
vt 0.436003 0.926870
vt 0.925685 0.745894
vt 0.850135 0.129658
vt 0.495492 0.737640
vt 0.502246 0.741443
vt 0.491345 0.760321
vt 0.935127 0.856082
vt 0.899461 0.760045
vt 0.888254 0.760349
vt 0.840098 0.546541
vt 0.922905 0.752199
vt 0.930992 0.531910
vt 0.912674 0.527624
vt 0.919638 0.511501
vt 0.860422 0.135105
vt 0.871339 0.764246
vt 0.194712 0.893449
vt 0.213218 0.884661
vt 0.213218 0.908447
vt 0.916685 0.763373
vt 0.837427 0.122711
vt 0.925685 0.857381
vt 0.849396 0.542222
vt 0.751879 0.925882
vt 0.741739 0.907043
vt 0.746409 0.903394
vt 0.494591 0.719044
vt 0.741739 0.931340
vt 0.501599 0.715483
vt 0.869079 0.775331
vt 0.860503 0.758241
vt 0.484478 0.914656
vt 0.486416 0.898993
vt 0.502740 0.901951
vt 0.979421 0.852484
vt 0.877836 0.139410
vt 0.876251 0.528025
vt 0.877990 0.520681
vt 0.888411 0.528933
vt 0.848944 0.772219
vt 0.494469 0.886373
vt 0.901423 0.141072
vt 0.484478 0.882493
vt 0.486857 0.871657
vt 0.891501 0.482716
vt 0.861660 0.129838
vt 0.929311 0.875629
vt 0.916600 0.481156
vt 0.845291 0.106182
vt 0.918732 0.790368
vt 0.498715 0.690057
vt 0.858803 0.516138
vt 0.703018 0.384108
vt 0.720780 0.383073
vt 0.720780 0.402522
vt 0.860848 0.534252
vt 0.939662 0.888361
vt 0.883820 0.788925
vt 0.848710 0.516387
vt 0.871487 0.106886
vt 0.853821 0.098057
vt 0.491345 0.689336
vt 0.901800 0.803683
vt 0.854158 0.787447
vt 0.839543 0.524607
vt 0.856397 0.097686
vt 0.874047 0.478717
vt 0.841616 0.504499
vt 0.917925 0.813897
vt 0.851626 0.479776
vt 0.859819 0.073295
vt 0.886634 0.813181
vt 0.928568 0.890952
vt 0.911442 0.096473
vt 0.933202 0.120370
vt 0.872733 0.824499
vt 0.845986 0.801635
vt 0.936960 0.901327
vt 0.844116 0.826470
vt 0.868214 0.062705
vt 0.902787 0.064444
vt 0.839543 0.805244
vt 0.931742 0.103230
vt 0.939797 0.130437
vt 0.933201 0.116636
vt 0.936948 0.105244
vt 0.944306 0.106848
vt 0.904130 0.442254
vt 0.918102 0.452612
vt 0.919309 0.061555
vt 0.863713 0.834397
vt 0.866645 0.445924
vt 0.853561 0.052873
vt 0.933202 0.268240
vt 0.936309 0.274126
vt 0.933202 0.295242
vt 0.718270 0.927549
vt 0.730015 0.903394
vt 0.730015 0.932287
vt 0.903081 0.835853
vt 0.935066 0.078531
vt 0.878174 0.447120
vt 0.923084 0.417788
vt 0.924997 0.838660
vt 0.889268 0.043866
vt 0.881687 0.840201
vt 0.916360 0.900309
vt 0.949396 0.072696
vt 0.870869 0.850557
vt 0.857859 0.836004
vt 0.267551 0.914136
vt 0.266426 0.870743
vt 0.273041 0.877888
vt 0.867627 0.035515
vt 0.899809 0.419059
vt 0.854356 0.031849
vt 0.875376 0.849251
vt 0.898004 0.041956
vt 0.945172 0.066700
vt 0.912019 0.041250
vt 0.890614 0.852477
vt 0.938985 0.060007
vt 0.884716 0.857565
vt 0.912437 0.851520
vt 0.859107 0.013884
vt 0.924789 0.855128
vt 0.871648 0.007365
vt 0.962311 0.070236
vt 0.952518 0.033446
vt 0.972012 0.036533
vt 0.899785 0.017093
vt 0.915329 0.403826
vt 0.884337 0.864857
vt 0.273041 0.837336
vt 0.939541 0.033722
vt 0.889174 0.002855
vt 0.970761 0.010940
vt 0.953727 0.012979
vt 0.948695 0.000000
vt 0.905539 0.870691
vt 0.898011 0.884538
vt 0.885531 0.877659
vt 0.878290 0.000000
vt 0.937434 0.014682
vt 0.933201 0.002565
s 1
usemtl Material
f 1/1/1 2/2/2 3/3/3
f 3/4/3 4/5/4 5/6/5
f 3/3/3 6/7/6 4/8/4
f 1/1/1 7/9/7 2/2/2
f 3/4/3 5/6/5 8/10/8
f 7/9/7 9/11/9 2/2/2
f 2/2/2 6/7/6 3/3/3
f 6/7/6 10/12/10 4/8/4
f 9/11/9 11/13/11 2/2/2
f 3/4/3 8/10/8 1/14/1
f 2/2/2 12/15/12 6/7/6
f 13/16/13 14/17/14 11/13/11
f 11/13/11 14/17/14 2/2/2
f 12/15/12 10/12/10 6/7/6
f 11/18/11 9/19/9 15/20/15
f 14/17/14 12/15/12 2/2/2
f 1/14/1 16/21/16 17/22/17
f 1/14/1 17/22/17 7/23/7
f 12/15/12 18/24/18 10/12/10
f 19/25/19 15/20/15 9/19/9
f 10/26/10 18/27/18 20/28/20
f 21/29/21 12/15/12 14/17/14
f 13/16/13 22/30/22 14/17/14
f 18/24/18 12/15/12 23/31/23
f 18/24/18 23/31/23 24/32/24
f 7/23/7 17/22/17 25/33/25
f 5/6/5 26/34/26 8/10/8
f 18/27/18 24/35/24 20/28/20
f 22/30/22 27/36/27 14/17/14
f 21/29/21 28/37/28 12/15/12
f 24/32/24 23/31/23 29/38/29
f 7/39/7 19/25/19 9/19/9
f 5/6/5 4/5/4 30/40/30
f 15/20/15 31/41/31 11/18/11
f 12/15/12 32/42/32 33/43/33
f 1/14/1 8/10/8 16/21/16
f 7/23/7 25/33/25 19/44/19
f 11/18/11 31/41/31 13/45/13
f 10/26/10 20/28/20 34/46/34
f 28/37/28 32/42/32 12/15/12
f 27/36/27 35/47/35 14/17/14
f 14/17/14 35/47/35 21/29/21
f 33/43/33 23/31/23 12/15/12
f 35/47/35 36/48/36 21/29/21
f 10/26/10 34/46/34 4/49/4
f 28/37/28 21/29/21 36/48/36
f 23/31/23 37/50/37 29/38/29
f 17/22/17 16/21/16 38/51/38
f 20/28/20 24/35/24 39/52/39
f 28/37/28 40/53/40 32/42/32
f 23/31/23 33/43/33 37/50/37
f 4/5/4 34/54/34 30/40/30
f 36/48/36 41/55/41 28/37/28
f 32/42/32 42/56/42 33/43/33
f 43/57/43 38/51/38 16/21/16
f 30/40/30 34/54/34 44/58/44
f 24/35/24 29/59/29 39/52/39
f 29/59/29 45/60/45 39/52/39
f 27/61/27 46/62/46 35/63/35
f 29/59/29 37/64/37 47/65/47
f 32/42/32 48/66/48 42/56/42
f 33/43/33 42/56/42 37/50/37
f 5/6/5 30/40/30 26/34/26
f 28/37/28 41/55/41 40/53/40
f 40/53/40 48/66/48 32/42/32
f 42/67/42 49/68/49 37/69/37
f 17/22/17 38/51/38 25/33/25
f 36/70/36 50/71/50 41/72/41
f 30/40/30 44/58/44 51/73/51
f 13/45/13 52/74/52 22/75/22
f 48/76/48 49/68/49 42/67/42
f 48/66/48 40/53/40 53/77/53
f 31/41/31 52/74/52 13/45/13
f 45/60/45 29/59/29 47/65/47
f 15/20/15 54/78/54 31/41/31
f 20/28/20 55/79/55 34/46/34
f 20/28/20 39/52/39 55/79/55
f 36/70/36 35/80/35 56/81/56
f 37/69/37 49/68/49 47/82/47
f 36/70/36 56/81/56 50/71/50
f 25/33/25 57/83/57 19/44/19
f 26/34/26 30/40/30 51/73/51
f 27/61/27 22/75/22 46/62/46
f 41/72/41 50/71/50 58/84/58
f 41/72/41 58/84/58 40/85/40
f 59/86/59 53/77/53 40/53/40
f 52/74/52 60/87/60 22/75/22
f 48/66/48 53/77/53 49/88/49
f 8/10/8 26/34/26 61/89/61
f 19/25/19 62/90/62 15/20/15
f 39/52/39 63/91/63 55/79/55
f 35/80/35 46/92/46 56/81/56
f 57/83/57 25/33/25 38/51/38
f 64/93/64 44/94/44 34/46/34
f 58/84/58 59/95/59 40/85/40
f 57/83/57 38/51/38 43/57/43
f 62/90/62 54/78/54 15/20/15
f 65/96/65 53/97/53 59/95/59
f 31/41/31 54/78/54 52/74/52
f 65/96/65 66/98/66 53/97/53
f 53/77/53 66/99/66 49/88/49
f 8/10/8 61/89/61 16/21/16
f 19/25/19 67/100/67 62/90/62
f 59/95/59 58/84/58 68/101/68
f 16/21/16 61/89/61 43/57/43
f 26/34/26 51/73/51 61/89/61
f 61/89/61 69/102/69 43/57/43
f 19/44/19 57/83/57 67/103/67
f 52/74/52 54/78/54 60/87/60
f 70/104/70 46/62/46 22/75/22
f 45/60/45 63/91/63 39/52/39
f 50/71/50 71/105/71 58/84/58
f 46/62/46 70/104/70 72/106/72
f 46/92/46 72/107/72 56/81/56
f 47/82/47 73/108/73 74/109/74
f 47/82/47 49/68/49 73/108/73
f 58/84/58 71/105/71 68/101/68
f 34/46/34 55/79/55 64/93/64
f 64/93/64 75/110/75 44/94/44
f 60/87/60 70/104/70 22/75/22
f 45/60/45 76/111/76 63/91/63
f 45/60/45 47/65/47 74/112/74
f 56/81/56 77/113/77 50/71/50
f 50/71/50 77/113/77 71/105/71
f 66/98/66 73/108/73 49/68/49
f 45/60/45 74/112/74 76/111/76
f 43/57/43 78/114/78 57/83/57
f 43/57/43 69/102/69 78/114/78
f 57/83/57 79/115/79 67/103/67
f 51/73/51 44/58/44 80/116/80
f 75/117/75 80/116/80 44/58/44
f 81/118/81 66/98/66 65/96/65
f 59/95/59 82/119/82 65/96/65
f 57/83/57 78/114/78 83/120/83
f 54/78/54 84/121/84 60/87/60
f 56/81/56 72/107/72 77/113/77
f 71/105/71 85/122/85 68/101/68
f 57/83/57 83/120/83 79/115/79
f 61/89/61 51/73/51 86/123/86
f 60/87/60 87/124/87 70/104/70
f 70/104/70 88/125/88 72/106/72
f 89/126/89 82/119/82 59/95/59
f 90/127/90 66/98/66 81/118/81
f 91/128/91 54/78/54 62/90/62
f 92/129/92 88/125/88 70/104/70
f 93/130/93 77/113/77 72/107/72
f 68/101/68 89/126/89 59/95/59
f 51/73/51 80/116/80 86/123/86
f 91/128/91 62/90/62 67/100/67
f 90/127/90 73/108/73 66/98/66
f 65/96/65 82/119/82 81/118/81
f 61/89/61 94/131/94 95/132/95
f 64/93/64 55/79/55 96/133/96
f 84/121/84 87/124/87 60/87/60
f 70/104/70 87/124/87 92/129/92
f 97/134/97 78/135/78 69/136/69
f 54/78/54 91/128/91 84/121/84
f 97/137/97 69/102/69 98/138/98
f 63/91/63 99/139/99 55/79/55
f 83/140/83 78/135/78 97/134/97
f 97/134/97 100/141/100 83/140/83
f 61/89/61 95/132/95 69/102/69
f 61/89/61 86/123/86 94/131/94
f 64/93/64 101/142/101 75/110/75
f 99/139/99 63/91/63 76/111/76
f 72/107/72 102/143/102 93/130/93
f 69/144/69 95/145/95 98/146/98
f 103/147/103 91/128/91 67/100/67
f 75/117/75 104/148/104 80/116/80
f 105/149/105 104/150/104 106/151/106
f 107/152/107 105/153/105 108/154/108
f 80/116/80 109/155/109 86/123/86
f 107/156/107 109/157/109 105/149/105
f 109/157/109 104/150/104 105/149/105
f 80/116/80 104/148/104 109/155/109
f 104/150/104 110/158/110 106/151/106
f 77/113/77 85/122/85 71/105/71
f 94/159/94 86/160/86 107/156/107
f 94/131/94 107/152/107 111/161/111
f 75/110/75 110/162/110 104/163/104
f 75/110/75 101/142/101 110/162/110
f 101/142/101 64/93/64 96/133/96
f 55/79/55 99/139/99 96/133/96
f 79/164/79 103/147/103 67/100/67
f 107/152/107 108/154/108 111/161/111
f 86/160/86 109/157/109 107/156/107
f 106/151/106 110/158/110 101/165/101
f 94/131/94 111/161/111 95/132/95
f 106/166/106 112/167/112 105/168/105
f 98/138/98 113/169/113 97/137/97
f 114/170/114 115/171/115 100/172/100
f 79/164/79 100/173/100 115/174/115
f 79/175/79 83/140/83 100/141/100
f 106/166/106 116/176/116 112/167/112
f 101/165/101 117/177/117 106/151/106
f 106/151/106 117/177/117 116/178/116
f 97/137/97 118/179/118 100/180/100
f 98/138/98 95/132/95 113/169/113
f 114/170/114 119/181/119 115/171/115
f 81/118/81 120/182/120 90/127/90
f 114/183/114 100/180/100 121/184/121
f 111/161/111 108/154/108 122/185/122
f 105/153/105 112/186/112 108/154/108
f 103/147/103 123/187/123 91/128/91
f 84/121/84 124/188/124 87/124/87
f 102/189/102 88/125/88 92/129/92
f 102/143/102 72/107/72 88/190/88
f 73/108/73 90/127/90 120/182/120
f 96/191/96 117/177/117 101/165/101
f 87/124/87 125/192/125 92/129/92
f 99/139/99 76/111/76 126/193/126
f 73/194/73 127/195/127 74/112/74
f 68/101/68 85/122/85 89/126/89
f 81/118/81 128/196/128 120/182/120
f 113/169/113 95/132/95 129/197/129
f 121/198/121 119/199/119 114/200/114
f 95/132/95 111/161/111 129/197/129
f 108/154/108 112/186/112 130/201/130
f 123/187/123 84/121/84 91/128/91
f 89/126/89 131/202/131 82/119/82
f 132/203/132 119/204/119 133/205/133
f 96/206/96 134/207/134 117/208/117
f 96/133/96 99/139/99 134/209/134
f 117/210/117 135/211/135 116/176/116
f 77/113/77 136/212/136 85/122/85
f 82/119/82 128/196/128 81/118/81
f 100/180/100 118/179/118 121/184/121
f 137/213/137 132/214/132 133/215/133
f 103/216/103 138/217/138 139/218/139
f 74/112/74 127/195/127 76/111/76
f 93/130/93 136/212/136 77/113/77
f 79/164/79 115/174/115 138/219/138
f 79/164/79 138/219/138 103/147/103
f 99/139/99 126/193/126 140/220/140
f 121/221/121 133/205/133 119/204/119
f 119/222/119 141/223/141 115/224/115
f 115/174/115 141/225/141 138/219/138
f 108/154/108 130/201/130 122/185/122
f 76/111/76 127/195/127 126/193/126
f 142/226/142 136/212/136 93/130/93
f 112/167/112 116/176/116 143/227/143
f 127/195/127 73/194/73 144/228/144
f 120/229/120 145/230/145 73/194/73
f 113/169/113 118/179/118 97/137/97
f 137/213/137 146/231/146 132/214/132
f 116/176/116 135/211/135 143/227/143
f 124/188/124 147/232/147 87/124/87
f 99/139/99 140/220/140 134/209/134
f 140/220/140 126/193/126 148/233/148
f 92/129/92 125/192/125 102/189/102
f 149/234/149 102/189/102 125/192/125
f 73/194/73 145/230/145 144/228/144
f 82/119/82 150/235/150 128/196/128
f 151/236/151 119/222/119 132/237/132
f 84/121/84 123/187/123 152/238/152
f 153/239/153 154/240/154 125/241/125
f 136/212/136 155/242/155 85/122/85
f 85/122/85 131/202/131 89/126/89
f 121/184/121 118/179/118 156/243/156
f 146/216/146 151/244/151 132/245/132
f 112/167/112 143/227/143 130/246/130
f 157/247/157 158/248/158 159/249/159
f 84/121/84 152/238/152 124/188/124
f 117/210/117 160/250/160 135/211/135
f 117/208/117 134/207/134 160/251/160
f 147/232/147 125/192/125 87/124/87
f 156/243/156 161/252/161 121/184/121
f 111/161/111 162/253/162 129/197/129
f 141/223/141 119/222/119 151/236/151
f 146/254/146 163/255/163 151/256/151
f 123/187/123 103/147/103 164/257/164
f 102/143/102 165/258/165 93/130/93
f 85/122/85 166/259/166 131/202/131
f 133/260/133 161/252/161 137/261/137
f 111/161/111 122/185/122 162/253/162
f 130/201/130 167/262/167 122/185/122
f 103/147/103 139/263/139 164/257/164
f 125/241/125 147/264/147 153/239/153
f 154/240/154 168/265/168 125/241/125
f 102/143/102 149/266/149 165/258/165
f 82/119/82 131/202/131 150/235/150
f 133/260/133 121/184/121 161/252/161
f 138/219/138 141/225/141 151/267/151
f 138/268/138 151/269/151 139/270/139
f 137/271/137 159/249/159 146/272/146
f 146/272/146 159/249/159 158/248/158
f 169/273/169 147/264/147 124/274/124
f 140/275/140 160/276/160 134/277/134
f 125/241/125 168/265/168 149/278/149
f 165/258/165 142/226/142 93/130/93
f 136/212/136 142/226/142 170/279/170
f 129/197/129 162/253/162 171/280/171
f 172/281/172 157/282/157 159/283/159
f 169/273/169 153/239/153 147/264/147
f 149/284/149 173/285/173 165/286/165
f 151/269/151 163/287/163 139/270/139
f 159/283/159 137/288/137 172/281/172
f 163/255/163 146/254/146 174/289/174
f 152/238/152 175/290/175 124/188/124
f 169/291/169 154/292/154 153/293/153
f 176/294/176 149/278/149 168/265/168
f 155/242/155 166/259/166 85/122/85
f 167/262/167 162/253/162 122/185/122
f 158/295/158 174/296/174 146/297/146
f 124/298/124 175/299/175 169/300/169
f 149/301/149 176/302/176 173/303/173
f 177/304/177 178/305/178 179/306/179
f 129/197/129 171/280/171 113/169/113
f 123/187/123 164/257/164 180/307/180
f 158/248/158 157/247/157 181/308/181
f 160/276/160 182/309/182 135/310/135
f 140/275/140 183/311/183 160/276/160
f 165/286/165 173/285/173 142/312/142
f 184/313/184 142/312/142 173/285/173
f 185/314/185 186/315/186 177/316/177
f 137/288/137 161/317/161 187/318/187
f 163/287/163 164/319/164 139/270/139
f 123/187/123 188/320/188 152/238/152
f 188/321/188 158/248/158 152/322/152
f 158/248/158 181/308/181 152/322/152
f 152/322/152 181/308/181 175/323/175
f 160/276/160 183/311/183 182/309/182
f 142/312/142 184/313/184 170/324/170
f 184/313/184 178/325/178 170/324/170
f 189/326/189 178/327/178 184/328/184
f 163/287/163 174/329/174 164/319/164
f 172/281/172 181/330/181 157/282/157
f 186/331/186 190/332/190 177/333/177
f 186/315/186 185/314/185 191/334/191
f 137/288/137 187/318/187 172/281/172
f 158/248/158 188/321/188 174/329/174
f 123/187/123 180/307/180 188/320/188
f 172/281/172 192/335/192 181/330/181
f 135/211/135 193/336/193 143/227/143
f 169/291/169 194/337/194 154/292/154
f 194/337/194 168/338/168 154/292/154
f 126/193/126 127/195/127 148/233/148
f 178/339/178 177/333/177 190/332/190
f 177/340/177 179/341/179 185/342/185
f 191/343/191 195/344/195 186/331/186
f 175/323/175 181/308/181 169/345/169
f 135/211/135 182/346/182 193/336/193
f 182/346/182 196/347/196 193/336/193
f 140/275/140 148/348/148 183/311/183
f 197/349/197 198/350/198 199/351/199
f 173/352/173 200/353/200 184/354/184
f 136/212/136 170/279/170 155/242/155
f 178/325/178 190/355/190 170/324/170
f 178/305/178 189/356/189 179/306/179
f 182/346/182 183/357/183 196/347/196
f 148/348/148 197/358/197 183/311/183
f 183/311/183 197/358/197 199/359/199
f 168/360/168 201/361/201 176/362/176
f 176/302/176 200/363/200 173/303/173
f 185/342/185 179/341/179 202/364/202
f 174/329/174 180/365/180 164/319/164
f 174/329/174 188/321/188 180/365/180
f 130/246/130 143/227/143 203/366/203
f 143/227/143 193/336/193 203/366/203
f 198/367/198 204/368/204 199/369/199
f 198/370/198 205/371/205 204/372/204
f 198/373/198 197/358/197 206/374/206
f 201/375/201 200/363/200 176/302/176
f 207/376/207 148/233/148 127/195/127
f 189/356/189 184/377/184 200/363/200
f 187/318/187 192/335/192 172/281/172
f 198/378/198 208/379/208 205/380/205
f 131/202/131 209/381/209 150/235/150
f 202/364/202 210/382/210 185/342/185
f 183/357/183 199/383/199 196/347/196
f 211/384/211 201/375/201 168/338/168
f 197/358/197 148/348/148 207/385/207
f 155/386/155 170/324/170 190/355/190
f 131/202/131 166/259/166 209/381/209
f 185/342/185 210/382/210 191/387/191
f 191/388/191 210/389/210 212/390/212
f 212/391/212 213/392/213 191/393/191
f 212/391/212 214/394/214 213/392/213
f 215/395/215 187/318/187 161/317/161
f 169/396/169 181/397/181 194/398/194
f 199/399/199 204/400/204 216/401/216
f 127/195/127 144/228/144 217/402/217
f 189/356/189 200/363/200 218/403/218
f 186/331/186 219/404/219 190/332/190
f 191/343/191 220/405/220 195/344/195
f 212/391/212 221/406/221 214/394/214
f 191/393/191 213/392/213 220/407/220
f 193/336/193 196/347/196 222/408/222
f 207/385/207 206/374/206 197/358/197
f 190/409/190 223/410/223 155/242/155
f 221/411/221 212/390/212 210/389/210
f 196/347/196 199/383/199 216/412/216
f 194/337/194 211/384/211 168/338/168
f 204/413/204 205/414/205 224/415/224
f 217/402/217 207/376/207 127/195/127
f 218/403/218 179/306/179 189/356/189
f 225/416/225 202/364/202 179/341/179
f 220/405/220 226/417/226 195/344/195
f 214/418/214 227/419/227 213/420/213
f 192/335/192 228/421/228 194/337/194
f 181/330/181 192/335/192 194/337/194
f 206/422/206 229/423/229 198/378/198
f 223/350/223 190/424/190 219/425/219
f 195/344/195 230/426/230 186/331/186
f 209/427/209 226/428/226 220/429/220
f 220/430/220 231/431/231 209/432/209
f 213/433/213 231/431/231 220/430/220
f 213/433/213 227/434/227 231/431/231
f 171/280/171 162/253/162 232/435/232
f 167/262/167 232/435/232 162/253/162
f 130/201/130 203/436/203 167/262/167
f 207/385/207 233/437/233 206/374/206
f 217/438/217 233/439/233 207/440/207
f 166/259/166 234/441/234 209/381/209
f 128/196/128 235/442/235 120/182/120
f 167/262/167 203/436/203 232/435/232
f 198/378/198 229/423/229 208/379/208
f 179/306/179 218/403/218 225/443/225
f 186/331/186 230/426/230 219/404/219
f 195/344/195 236/444/236 230/426/230
f 202/364/202 237/445/237 210/382/210
f 210/389/210 238/446/238 221/411/221
f 118/179/118 239/447/239 156/243/156
f 145/230/145 240/448/240 144/228/144
f 166/259/166 155/242/155 241/449/241
f 128/196/128 150/235/150 235/442/235
f 156/243/156 215/450/215 161/252/161
f 203/366/203 193/336/193 242/451/242
f 224/452/224 243/453/243 204/400/204
f 217/218/217 244/454/244 233/455/233
f 166/259/166 241/449/241 234/441/234
f 214/418/214 245/456/245 227/419/227
f 156/243/156 239/447/239 215/450/215
f 224/457/224 246/458/246 243/459/243
f 208/460/208 246/458/246 205/461/205
f 201/375/201 211/384/211 200/363/200
f 200/363/200 247/462/247 218/403/218
f 217/402/217 144/228/144 248/463/248
f 219/464/219 230/465/230 223/466/223
f 225/416/225 237/445/237 202/364/202
f 231/431/231 249/467/249 209/432/209
f 221/468/221 245/456/245 214/418/214
f 187/318/187 250/469/250 192/335/192
f 193/336/193 222/408/222 242/451/242
f 196/347/196 216/412/216 222/408/222
f 224/457/224 205/461/205 246/458/246
f 211/384/211 247/462/247 200/363/200
f 208/470/208 229/471/229 251/472/251
f 252/473/252 225/474/225 218/475/218
f 223/410/223 241/449/241 155/242/155
f 195/344/195 226/417/226 236/444/236
f 120/182/120 235/442/235 145/476/145
f 204/400/204 243/453/243 253/477/253
f 204/400/204 253/477/253 216/401/216
f 246/478/246 208/470/208 251/472/251
f 233/437/233 229/471/229 206/374/206
f 244/479/244 229/471/229 233/437/233
f 254/480/254 251/472/251 229/471/229
f 244/479/244 217/481/217 255/482/255
f 248/483/248 256/484/256 255/482/255
f 144/228/144 240/448/240 248/463/248
f 223/466/223 230/465/230 241/485/241
f 234/486/234 226/417/226 209/487/209
f 209/488/209 249/489/249 257/490/257
f 258/491/258 216/401/216 253/477/253
f 244/479/244 254/480/254 229/471/229
f 217/481/217 248/483/248 255/482/255
f 218/492/218 247/493/247 252/494/252
f 256/484/256 259/495/259 255/482/255
f 235/442/235 150/235/150 257/496/257
f 231/431/231 227/434/227 260/497/260
f 215/450/215 239/447/239 261/498/261
f 258/499/258 262/500/262 216/412/216
f 263/501/263 211/384/211 194/337/194
f 254/502/254 264/503/264 251/504/251
f 244/479/244 255/482/255 254/480/254
f 255/482/255 259/495/259 254/480/254
f 259/495/259 256/484/256 265/505/265
f 230/465/230 236/506/236 241/485/241
f 226/417/226 234/486/234 236/444/236
f 171/280/171 232/435/232 266/507/266
f 216/412/216 262/500/262 222/408/222
f 246/458/246 251/508/251 243/459/243
f 254/480/254 259/495/259 267/509/267
f 256/510/256 248/511/248 268/512/268
f 241/485/241 236/506/236 234/513/234
f 252/473/252 269/514/269 225/474/225
f 225/474/225 269/514/269 237/515/237
f 209/381/209 257/496/257 150/235/150
f 238/516/238 245/456/245 221/468/221
f 113/169/113 171/280/171 118/179/118
f 242/517/242 270/518/270 203/436/203
f 242/451/242 271/519/271 270/520/270
f 222/408/222 271/519/271 242/451/242
f 228/421/228 263/501/263 194/337/194
f 258/499/258 272/521/272 262/500/262
f 235/442/235 273/522/273 145/476/145
f 231/523/231 260/524/260 249/525/249
f 237/445/237 274/526/274 210/382/210
f 232/435/232 203/436/203 275/527/275
f 215/395/215 250/469/250 187/318/187
f 253/528/253 272/529/272 258/530/258
f 243/459/243 251/508/251 264/531/264
f 254/480/254 267/509/267 264/532/264
f 240/533/240 145/476/145 273/522/273
f 257/534/257 276/535/276 277/536/277
f 237/445/237 269/537/269 274/526/274
f 210/538/210 274/539/274 238/540/238
f 250/469/250 228/421/228 192/335/192
f 222/408/222 278/541/278 271/519/271
f 222/408/222 262/500/262 278/541/278
f 211/384/211 279/542/279 247/462/247
f 257/496/257 280/543/280 235/442/235
f 235/442/235 280/543/280 273/522/273
f 257/544/257 277/545/277 280/546/280
f 257/547/257 249/525/249 276/548/276
f 277/536/277 276/535/276 281/549/281
f 277/550/277 282/551/282 280/552/280
f 245/456/245 283/553/283 227/419/227
f 203/436/203 270/518/270 275/527/275
f 250/469/250 284/554/284 228/421/228
f 278/541/278 285/555/285 271/519/271
f 253/528/253 243/556/243 286/557/286
f 243/459/243 264/531/264 286/558/286
f 240/559/240 268/560/268 248/561/248
f 267/562/267 259/563/259 287/564/287
f 247/462/247 288/565/288 252/566/252
f 259/567/259 265/568/265 289/569/289
f 227/434/227 283/570/283 260/497/260
f 232/435/232 275/527/275 290/571/290
f 215/395/215 261/572/261 250/469/250
f 267/573/267 287/574/287 264/531/264
f 259/575/259 291/576/291 286/557/286
f 259/575/259 286/557/286 287/577/287
f 259/578/259 289/579/289 292/580/292
f 268/512/268 293/370/293 256/510/256
f 273/522/273 294/581/294 240/533/240
f 260/582/260 283/583/283 274/584/274
f 274/584/274 283/583/283 238/585/238
f 238/585/238 283/583/283 245/586/245
f 266/507/266 232/435/232 290/571/290
f 253/528/253 286/557/286 272/529/272
f 272/529/272 286/557/286 291/576/291
f 286/558/286 264/531/264 287/574/287
f 292/587/292 291/588/291 259/589/259
f 240/533/240 295/590/295 268/591/268
f 288/592/288 269/537/269 252/593/252
f 296/594/296 274/526/274 269/537/269
f 277/536/277 281/549/281 282/595/282
f 297/596/297 284/554/284 250/469/250
f 262/500/262 272/521/272 298/597/298
f 298/597/298 272/521/272 291/588/291
f 295/598/295 293/599/293 268/600/268
f 273/601/273 280/602/280 282/603/282
f 276/548/276 299/604/299 281/605/281
f 299/604/299 300/606/300 281/605/281
f 281/605/281 300/606/300 282/607/282
f 171/280/171 266/507/266 301/608/301
f 118/179/118 171/280/171 301/608/301
f 284/554/284 302/609/302 228/421/228
f 262/500/262 303/610/303 278/541/278
f 262/500/262 304/611/304 303/610/303
f 262/500/262 298/597/298 304/611/304
f 211/384/211 263/501/263 279/542/279
f 240/533/240 294/581/294 295/590/295
f 273/601/273 305/612/305 294/613/294
f 256/614/256 293/615/293 265/616/265
f 265/616/265 293/615/293 306/617/306
f 273/601/273 282/603/282 305/612/305
f 118/179/118 301/608/301 239/447/239
f 270/518/270 307/618/307 275/527/275
f 292/587/292 298/597/298 291/588/291
f 295/598/295 294/613/294 293/599/293
f 265/568/265 306/619/306 289/569/289
f 274/620/274 296/621/296 260/622/260
f 282/607/282 300/606/300 308/623/308
f 301/608/301 266/507/266 309/624/309
f 239/447/239 310/625/310 261/498/261
f 261/572/261 297/596/297 250/469/250
f 279/542/279 263/501/263 311/626/311
f 294/613/294 305/612/305 293/599/293
f 293/599/293 312/627/312 306/628/306
f 249/525/249 260/524/260 296/594/296
f 296/594/296 276/548/276 249/525/249
f 313/629/313 299/604/299 276/548/276
f 293/599/293 305/612/305 314/630/314
f 301/608/301 315/631/315 239/447/239
f 301/608/301 309/624/309 315/631/315
f 239/447/239 315/631/315 310/625/310
f 247/462/247 279/542/279 288/565/288
f 292/580/292 289/579/289 316/632/316
f 313/629/313 317/633/317 299/604/299
f 293/599/293 314/630/314 312/627/312
f 300/606/300 299/604/299 308/623/308
f 278/541/278 303/610/303 285/555/285
f 228/421/228 302/609/302 263/501/263
f 269/537/269 288/592/288 318/634/318
f 269/537/269 318/634/318 296/594/296
f 296/594/296 313/629/313 276/548/276
f 282/607/282 308/623/308 319/635/319
f 305/636/305 282/607/282 319/635/319
f 290/571/290 307/618/307 320/637/320
f 292/587/292 316/638/316 298/597/298
f 317/633/317 308/623/308 299/604/299
f 305/636/305 319/635/319 314/639/314
f 290/571/290 275/527/275 307/618/307
f 307/618/307 270/518/270 321/640/321
f 270/520/270 271/519/271 321/641/321
f 298/597/298 316/638/316 322/642/322
f 266/507/266 290/571/290 309/624/309
f 309/624/309 323/643/323 315/631/315
f 302/609/302 311/626/311 263/501/263
f 289/644/289 324/645/324 316/646/316
f 308/623/308 325/647/325 319/635/319
f 290/571/290 320/637/320 326/648/326
f 289/569/289 306/619/306 324/649/324
f 327/650/327 314/639/314 319/635/319
f 312/651/312 328/652/328 306/619/306
f 309/624/309 290/571/290 326/648/326
f 298/597/298 322/642/322 329/653/329
f 317/633/317 325/647/325 308/623/308
f 327/650/327 328/654/328 314/639/314
f 314/639/314 328/654/328 312/655/312
f 316/638/316 324/656/324 322/642/322
f 296/594/296 330/657/330 313/629/313
f 319/635/319 325/647/325 327/650/327
f 309/624/309 331/658/331 323/643/323
f 261/572/261 332/659/332 297/596/297
f 298/597/298 329/653/329 304/611/304
f 324/660/324 327/661/327 322/662/322
f 306/619/306 328/652/328 324/649/324
f 309/624/309 326/648/326 331/658/331
f 323/643/323 333/663/333 315/631/315
f 310/625/310 315/631/315 333/663/333
f 261/572/261 310/664/310 332/659/332
f 332/659/332 334/665/334 297/596/297
f 296/594/296 335/666/335 330/657/330
f 318/634/318 335/666/335 296/594/296
f 328/667/328 327/661/327 324/660/324
f 279/668/279 336/669/336 288/592/288
f 313/629/313 330/657/330 317/633/317
f 327/661/327 325/670/325 322/662/322
f 302/609/302 337/671/337 311/626/311
f 311/626/311 338/672/338 279/542/279
f 288/592/288 336/669/336 318/634/318
f 323/643/323 331/658/331 333/663/333
f 279/668/279 338/673/338 336/669/336
f 322/642/322 339/674/339 329/653/329
f 322/642/322 340/675/340 339/674/339
f 322/676/322 325/647/325 340/677/340
f 330/657/330 341/678/341 317/633/317
f 284/554/284 337/671/337 302/609/302
f 317/633/317 341/678/341 325/647/325
f 297/596/297 334/665/334 284/554/284
f 271/519/271 285/555/285 321/641/321
f 334/665/334 342/679/342 284/554/284
f 335/666/335 343/680/343 330/657/330
f 333/663/333 344/681/344 310/625/310
f 307/618/307 345/682/345 320/637/320
f 303/610/303 304/611/304 346/683/346
f 304/611/304 329/653/329 347/684/347
f 311/626/311 348/685/348 338/672/338
f 318/634/318 336/669/336 349/686/349
f 325/647/325 341/678/341 340/677/340
f 333/663/333 331/658/331 350/687/350
f 333/663/333 350/687/350 344/681/344
f 321/641/321 285/555/285 351/688/351
f 304/611/304 347/684/347 346/683/346
f 341/689/341 330/690/330 352/691/352
f 318/634/318 349/686/349 335/666/335
f 303/610/303 346/683/346 285/555/285
f 284/554/284 342/679/342 337/671/337
f 310/664/310 344/692/344 332/659/332
f 285/555/285 346/683/346 353/693/353
f 320/637/320 354/694/354 326/648/326
f 307/618/307 321/640/321 345/682/345
f 355/695/355 356/696/356 338/673/338
f 338/673/338 356/696/356 336/669/336
f 337/671/337 348/685/348 311/626/311
f 338/672/338 348/685/348 355/697/355
f 329/653/329 357/698/357 347/684/347
f 326/648/326 354/694/354 331/658/331
f 335/666/335 349/686/349 343/680/343
f 350/687/350 331/658/331 358/699/358
f 350/700/350 358/701/358 344/702/344
f 330/657/330 359/703/359 352/704/352
f 354/694/354 320/637/320 360/705/360
f 332/659/332 361/706/361 334/665/334
f 359/703/359 330/657/330 343/680/343
f 354/694/354 358/699/358 331/658/331
f 362/707/362 344/681/344 358/699/358
f 345/708/345 321/641/321 351/688/351
f 329/653/329 339/674/339 357/698/357
f 363/709/363 346/683/346 364/710/364
f 365/711/365 356/696/356 355/695/355
f 345/682/345 366/712/366 320/637/320
f 285/555/285 353/693/353 351/688/351
f 361/706/361 342/679/342 334/665/334
f 346/683/346 347/684/347 364/710/364
f 339/674/339 367/713/367 357/698/357
f 356/696/356 365/711/365 368/714/368
f 336/669/336 356/696/356 369/715/369
f 336/669/336 369/715/369 349/686/349
f 332/659/332 344/692/344 370/716/370
f 356/696/356 368/714/368 369/715/369
f 341/678/341 371/717/371 340/677/340
f 349/686/349 372/718/372 343/680/343
f 320/637/320 366/712/366 360/705/360
f 361/706/361 373/719/373 342/679/342
f 359/703/359 371/717/371 352/704/352
f 332/659/332 370/716/370 361/706/361
f 346/683/346 363/709/363 353/693/353
f 343/680/343 372/718/372 359/703/359
f 344/692/344 362/720/362 370/716/370
f 351/688/351 374/721/374 345/708/345
f 342/679/342 375/722/375 337/671/337
f 337/671/337 375/722/375 348/685/348
f 369/715/369 372/718/372 349/686/349
f 352/704/352 371/717/371 341/678/341
f 345/682/345 376/723/376 366/712/366
f 340/675/340 367/713/367 339/674/339
f 353/693/353 374/721/374 351/688/351
f 342/679/342 373/719/373 375/722/375
f 348/685/348 375/722/375 355/697/355
f 358/699/358 354/694/354 377/724/377
f 347/684/347 357/698/357 378/725/378
f 376/723/376 379/726/379 366/712/366
f 353/693/353 363/709/363 374/721/374
f 363/709/363 364/710/364 380/727/380
f 347/684/347 378/725/378 364/710/364
f 375/722/375 381/728/381 355/697/355
f 371/717/371 382/729/382 340/677/340
f 372/718/372 383/730/383 359/703/359
f 377/724/377 362/707/362 358/699/358
f 374/731/374 376/723/376 345/682/345
f 360/705/360 366/712/366 384/732/384
f 362/707/362 377/724/377 385/733/385
f 363/709/363 380/727/380 374/721/374
f 367/713/367 378/725/378 357/698/357
f 381/728/381 365/734/365 355/697/355
f 378/725/378 367/713/367 386/735/386
f 377/724/377 354/694/354 360/705/360
f 384/732/384 366/712/366 379/726/379
f 367/713/367 340/675/340 386/735/386
f 369/715/369 387/736/387 372/718/372
f 370/716/370 388/737/388 361/706/361
f 368/714/368 365/711/365 389/738/389
f 369/715/369 368/714/368 387/736/387
f 340/677/340 382/729/382 386/739/386
f 361/706/361 388/737/388 373/719/373
f 359/703/359 383/730/383 371/717/371
f 378/725/378 386/735/386 390/740/390
f 360/705/360 391/741/391 377/724/377
f 360/705/360 384/732/384 391/741/391
f 376/723/376 392/742/392 379/726/379
f 379/726/379 393/743/393 384/732/384
f 381/728/381 394/744/394 365/734/365
f 365/711/365 394/745/394 389/738/389
f 368/714/368 389/738/389 387/736/387
f 372/718/372 387/736/387 383/730/383
f 385/733/385 395/746/395 362/707/362
f 362/720/362 396/747/396 370/716/370
f 371/717/371 383/730/383 397/748/397
f 362/720/362 395/749/395 396/747/396
f 374/731/374 398/750/398 376/723/376
f 388/737/388 399/751/399 373/719/373
f 387/736/387 400/752/400 383/730/383
f 382/729/382 401/753/401 386/739/386
f 371/717/371 397/748/397 382/729/382
f 383/730/383 400/752/400 397/748/397
f 370/716/370 396/747/396 388/737/388
f 380/727/380 364/710/364 402/754/402
f 398/755/398 374/721/374 380/727/380
f 373/719/373 403/756/403 375/722/375
f 378/725/378 404/757/404 364/710/364
f 387/736/387 389/738/389 405/758/405
f 379/726/379 392/742/392 393/743/393
f 387/736/387 405/758/405 400/752/400
f 386/735/386 401/759/401 390/740/390
f 384/732/384 393/743/393 391/741/391
f 376/723/376 398/750/398 392/742/392
f 388/737/388 396/747/396 399/751/399
f 399/751/399 403/756/403 373/719/373
f 403/756/403 381/728/381 375/722/375
f 389/738/389 394/745/394 405/758/405
f 398/755/398 380/727/380 406/760/406
f 396/747/396 407/761/407 399/751/399
f 404/757/404 408/762/408 364/710/364
f 378/725/378 390/740/390 404/757/404
f 377/724/377 391/741/391 385/733/385
f 409/763/409 382/729/382 397/748/397
f 410/764/410 409/763/409 397/748/397
f 404/757/404 390/740/390 411/765/411
f 393/743/393 392/742/392 412/766/412
f 395/749/395 413/767/413 396/747/396
f 413/767/413 407/761/407 396/747/396
f 406/760/406 380/727/380 402/754/402
f 397/748/397 400/752/400 410/764/410
f 402/754/402 364/710/364 408/762/408
f 381/728/381 414/768/414 394/744/394
f 409/763/409 401/753/401 382/729/382
f 398/755/398 406/760/406 415/769/415
f 381/728/381 403/756/403 414/768/414
f 391/741/391 416/770/416 385/733/385
f 398/750/398 415/771/415 392/742/392
f 415/771/415 417/772/417 392/742/392
f 415/769/415 406/760/406 418/773/418
f 390/740/390 401/759/401 419/774/419
f 406/760/406 402/754/402 418/773/418
f 407/761/407 420/775/420 399/751/399
f 402/754/402 408/762/408 421/776/421
f 394/745/394 422/777/422 405/758/405
f 400/752/400 423/778/423 410/764/410
f 391/741/391 393/743/393 416/770/416
f 394/745/394 414/779/414 424/780/424
f 419/774/419 411/765/411 390/740/390
f 394/745/394 424/780/424 422/777/422
f 416/770/416 393/743/393 425/781/425
f 395/746/395 385/733/385 426/782/426
f 412/766/412 392/742/392 417/772/417
f 404/757/404 411/765/411 408/762/408
f 423/778/423 427/783/427 410/764/410
f 412/766/412 428/784/428 393/743/393
f 395/749/395 429/785/429 413/767/413
f 402/754/402 421/776/421 418/773/418
f 385/733/385 416/770/416 426/782/426
f 412/766/412 417/772/417 430/786/430
f 421/776/421 408/762/408 431/787/431
f 405/758/405 423/778/423 400/752/400
f 410/764/410 432/788/432 409/763/409
f 417/772/417 415/771/415 418/789/418
f 399/751/399 420/775/420 403/756/403
f 409/763/409 433/790/433 401/753/401
f 410/764/410 427/783/427 432/788/432
f 412/766/412 430/786/430 428/784/428
f 395/746/395 426/782/426 434/791/434
f 395/749/395 434/792/434 429/785/429
f 431/787/431 435/793/435 421/776/421
f 420/775/420 436/794/436 403/756/403
f 436/794/436 414/768/414 403/756/403
f 393/743/393 428/784/428 425/781/425
f 418/773/418 421/776/421 435/793/435
f 405/758/405 422/777/422 437/795/437
f 433/790/433 409/763/409 438/796/438
f 409/763/409 432/788/432 438/796/438
f 416/770/416 439/797/439 426/782/426
f 411/765/411 440/798/440 408/762/408
f 419/774/419 401/759/401 433/799/433
f 418/773/418 435/793/435 441/800/441
f 405/758/405 437/795/437 423/778/423
f 425/781/425 439/797/439 416/770/416
f 417/772/417 418/789/418 441/801/441
f 422/777/422 442/802/442 437/795/437
f 411/765/411 419/774/419 440/798/440
f 422/777/422 424/780/424 442/802/442
f 426/782/426 439/797/439 434/791/434
f 407/761/407 443/803/443 420/775/420
f 443/803/443 436/794/436 420/775/420
f 440/798/440 431/787/431 408/762/408
f 417/772/417 441/801/441 430/786/430
f 440/798/440 419/774/419 444/804/444
f 431/787/431 440/798/440 445/805/445
f 414/779/414 446/806/446 424/780/424
f 446/806/446 447/807/447 424/780/424
f 419/774/419 433/799/433 444/804/444
f 423/778/423 448/808/448 427/783/427
f 429/785/429 443/803/443 413/767/413
f 436/794/436 446/809/446 414/768/414
f 424/780/424 447/807/447 442/802/442
f 434/791/434 439/797/439 449/810/449
f 444/804/444 433/799/433 438/811/438
f 439/797/439 425/781/425 450/812/450
f 413/767/413 443/803/443 407/761/407
f 431/787/431 445/805/445 451/813/451
f 427/783/427 452/814/452 432/788/432
f 425/781/425 428/784/428 450/812/450
f 429/785/429 434/792/434 453/815/453
f 441/800/441 435/793/435 454/816/454
f 440/798/440 455/817/455 445/805/445
f 437/795/437 448/808/448 423/778/423
f 435/793/435 451/813/451 456/818/456
f 435/793/435 431/787/431 451/813/451
f 444/804/444 455/817/455 440/798/440
f 444/804/444 438/811/438 457/819/457
f 458/820/458 448/808/448 437/795/437
f 427/783/427 448/808/448 452/814/452
f 453/815/453 459/821/459 429/785/429
f 459/821/459 443/803/443 429/785/429
f 435/822/435 456/823/456 454/824/454
f 444/804/444 457/819/457 455/817/455
f 449/825/449 453/815/453 434/792/434
f 437/795/437 442/802/442 458/820/458
f 441/800/441 454/816/454 460/826/460
f 430/786/430 441/801/441 460/827/460
f 456/818/456 451/813/451 461/828/461
f 462/829/462 438/796/438 432/788/432
f 448/808/448 458/820/458 463/830/463
f 448/808/448 463/830/463 452/814/452
f 443/803/443 464/831/464 436/794/436
f 465/832/465 432/788/432 452/814/452
f 443/803/443 459/821/459 464/831/464
f 461/828/461 451/813/451 466/833/466
f 451/813/451 445/805/445 466/833/466
f 446/806/446 467/834/467 447/807/447
f 454/824/454 456/823/456 468/835/468
f 456/818/456 461/828/461 468/836/468
f 439/797/439 469/837/469 449/810/449
f 428/784/428 430/786/430 470/838/470
f 430/786/430 460/827/460 471/839/471
f 464/831/464 472/840/472 436/794/436
f 436/794/436 472/840/472 446/809/446
f 462/841/462 457/819/457 438/811/438
f 432/788/432 465/832/465 462/829/462
f 430/786/430 471/839/471 470/838/470
f 454/824/454 468/835/468 460/827/460
f 445/805/445 455/817/455 466/833/466
f 450/812/450 469/837/469 439/797/439
f 461/842/461 466/843/466 473/844/473
f 455/817/455 474/845/474 466/833/466
f 463/830/463 465/832/465 452/814/452
f 460/827/460 468/835/468 475/846/475
f 468/836/468 461/828/461 476/847/476
f 461/828/461 473/848/473 476/847/476
f 466/833/466 474/845/474 477/849/477
f 450/812/450 470/838/470 469/837/469
f 475/846/475 468/835/468 478/850/478
f 468/835/468 476/851/476 478/850/478
f 466/833/466 477/849/477 473/848/473
f 455/817/455 479/852/479 474/845/474
f 455/817/455 457/819/457 479/852/479
f 447/807/447 480/853/480 442/802/442
f 478/854/478 476/855/476 481/856/481
f 476/855/476 473/857/473 481/856/481
f 459/821/459 482/858/482 464/831/464
f 477/859/477 483/860/483 473/857/473
f 463/830/463 484/861/484 465/832/465
f 450/812/450 428/784/428 470/838/470
f 482/858/482 459/821/459 485/862/485
f 446/806/446 486/863/486 467/834/467
f 467/834/467 480/853/480 447/807/447
f 487/864/487 478/854/478 481/856/481
f 460/827/460 488/865/488 471/839/471
f 488/865/488 460/827/460 475/846/475
f 489/866/489 478/850/478 487/867/487
f 453/815/453 490/868/490 459/821/459
f 449/825/449 490/868/490 453/815/453
f 473/857/473 491/869/491 481/856/481
f 483/860/483 491/869/491 473/857/473
f 472/840/472 486/870/486 446/809/446
f 442/802/442 480/853/480 458/820/458
f 492/871/492 463/830/463 458/820/458
f 493/872/493 462/829/462 465/832/465
f 494/873/494 483/860/483 477/859/477
f 477/859/477 474/874/474 494/873/494
f 492/871/492 484/861/484 463/830/463
f 475/846/475 495/875/495 488/865/488
f 475/846/475 478/850/478 495/875/495
f 489/866/489 495/875/495 478/850/478
f 481/856/481 491/869/491 487/864/487
f 496/876/496 464/831/464 482/858/482
f 496/876/496 472/840/472 464/831/464
f 490/868/490 485/862/485 459/821/459
f 491/869/491 483/860/483 497/877/497
f 465/832/465 484/861/484 493/872/493
f 470/838/470 498/878/498 469/837/469
f 471/839/471 499/879/499 470/838/470
f 494/873/494 474/874/474 500/880/500
f 457/819/457 462/841/462 479/852/479
f 470/838/470 499/879/499 498/878/498
f 471/839/471 488/865/488 499/879/499
f 487/864/487 491/869/491 501/881/501
f 491/869/491 497/877/497 502/882/502
f 483/860/483 494/873/494 503/883/503
f 458/820/458 480/853/480 492/871/492
f 488/865/488 495/875/495 504/884/504
f 469/837/469 498/878/498 505/885/505
f 501/881/501 491/869/491 506/886/506
f 474/874/474 479/887/479 500/880/500
f 462/841/462 507/888/507 479/852/479
f 462/829/462 493/872/493 507/889/507
f 508/890/508 495/875/495 489/866/489
f 490/868/490 509/891/509 485/862/485
f 506/886/506 491/869/491 502/882/502
f 483/860/483 503/883/503 497/877/497
f 489/866/489 487/867/487 510/892/510
f 469/837/469 505/885/505 449/810/449
f 497/877/497 503/883/503 511/893/511
f 489/866/489 510/892/510 508/890/508
f 508/894/508 504/895/504 495/896/495
f 512/897/512 487/867/487 501/898/501
f 449/825/449 505/899/505 490/868/490
f 497/877/497 511/893/511 502/882/502
f 467/834/467 513/900/513 480/853/480
f 485/862/485 514/901/514 482/858/482
f 488/865/488 515/902/515 499/879/499
f 487/867/487 512/897/512 510/892/510
f 505/885/505 498/878/498 516/903/516
f 506/886/506 517/904/517 501/881/501
f 502/882/502 511/893/511 518/905/518
f 467/834/467 486/863/486 513/900/513
f 519/906/519 518/905/518 511/893/511
f 520/907/520 503/883/503 494/873/494
f 521/908/521 492/871/492 480/853/480
f 522/909/522 507/889/507 493/872/493
f 523/910/523 498/878/498 499/879/499
f 524/911/524 512/897/512 501/898/501
f 496/876/496 525/912/525 472/840/472
f 494/873/494 500/880/500 520/907/520
f 508/890/508 510/892/510 526/913/526
f 502/882/502 518/905/518 527/914/527
f 482/858/482 525/912/525 496/876/496
f 482/858/482 514/901/514 525/912/525
f 511/893/511 528/915/528 519/906/519
f 503/883/503 528/915/528 511/893/511
f 472/840/472 525/912/525 486/870/486
f 510/892/510 529/916/529 526/913/526
f 512/897/512 529/916/529 510/892/510
f 488/865/488 504/884/504 515/902/515
f 501/898/501 517/917/517 524/911/524
f 502/882/502 527/914/527 506/886/506
f 503/883/503 520/907/520 528/915/528
f 500/880/500 530/918/530 520/907/520
f 500/919/500 479/852/479 531/920/531
f 479/852/479 507/888/507 531/920/531
f 484/861/484 522/909/522 493/872/493
f 524/911/524 517/917/517 532/921/532
f 506/886/506 533/922/533 517/904/517
f 506/886/506 527/914/527 533/922/533
f 519/906/519 534/923/534 518/905/518
f 499/879/499 515/902/515 523/910/523
f 498/878/498 523/910/523 516/903/516
f 500/880/500 531/924/531 535/925/535
f 536/926/536 504/884/504 508/890/508
f 509/891/509 537/927/537 485/862/485
f 528/915/528 538/928/538 519/906/519
f 528/915/528 520/907/520 538/928/538
f 492/871/492 522/909/522 484/861/484
f 490/868/490 505/899/505 539/929/539
f 490/868/490 539/929/539 509/891/509
f 527/914/527 518/905/518 534/923/534
f 534/923/534 519/906/519 540/930/540
f 531/931/531 507/889/507 541/932/541
f 512/897/512 542/933/542 529/916/529
f 543/934/543 544/935/544 525/912/525
f 525/912/525 544/935/544 486/870/486
f 513/900/513 486/863/486 545/936/545
f 524/911/524 532/921/532 542/933/542
f 505/885/505 516/903/516 539/937/539
f 519/906/519 546/938/546 540/930/540
f 480/853/480 513/900/513 521/908/521
f 507/889/507 522/909/522 541/932/541
f 524/911/524 542/933/542 512/897/512
f 527/914/527 547/939/547 533/922/533
f 547/939/547 527/914/527 548/940/548
f 527/914/527 534/923/534 548/940/548
f 500/880/500 535/925/535 530/918/530
f 517/917/517 533/941/533 532/921/532
f 508/890/508 526/913/526 536/926/536
f 504/884/504 549/942/549 515/902/515
f 485/862/485 537/927/537 514/901/514
f 521/908/521 522/909/522 492/871/492
f 542/933/542 550/943/550 529/916/529
f 533/941/533 551/944/551 532/921/532
f 533/941/533 552/945/552 551/944/551
f 520/907/520 530/918/530 538/928/538
f 535/946/535 553/947/553 530/948/530
f 536/926/536 526/913/526 554/949/554
f 533/941/533 547/950/547 552/945/552
f 519/906/519 538/928/538 546/938/546
f 542/933/542 532/921/532 555/951/555
f 556/952/556 504/953/504 536/954/536
f 534/923/534 540/930/540 557/955/557
f 541/932/541 558/956/558 531/931/531
f 515/902/515 549/942/549 523/910/523
f 539/929/539 537/927/537 509/891/509
f 513/900/513 559/957/559 521/908/521
f 516/903/516 523/910/523 560/958/560
f 516/903/516 560/958/560 539/937/539
f 547/950/547 561/959/561 552/945/552
f 557/955/557 548/940/548 534/923/534
f 546/938/546 562/960/562 540/930/540
f 486/870/486 544/935/544 545/961/545
f 538/928/538 530/918/530 563/962/563
f 529/916/529 550/943/550 526/913/526
f 547/939/547 548/940/548 564/963/564
f 553/947/553 565/964/565 530/948/530
f 566/965/566 553/947/553 535/946/535
f 531/931/531 558/956/558 566/965/566
f 522/909/522 567/966/567 541/932/541
f 536/926/536 554/949/554 556/967/556
f 556/967/556 549/942/549 504/884/504
f 525/912/525 514/901/514 543/934/543
f 538/928/538 563/962/563 546/938/546
f 531/931/531 566/965/566 535/946/535
f 557/955/557 568/968/568 548/940/548
f 530/948/530 565/964/565 563/969/563
f 540/930/540 562/960/562 557/955/557
f 569/970/569 522/909/522 521/908/521
f 549/942/549 570/971/570 523/910/523
f 539/929/539 560/972/560 571/973/571
f 562/960/562 546/938/546 572/974/572
f 546/938/546 563/962/563 572/974/572
f 559/957/559 569/970/569 521/908/521
f 569/970/569 567/966/567 522/909/522
f 551/944/551 552/945/552 573/975/573
f 571/973/571 537/927/537 539/929/539
f 574/976/574 514/901/514 537/927/537
f 545/936/545 559/957/559 513/900/513
f 575/977/575 559/957/559 545/936/545
f 541/932/541 567/966/567 558/956/558
f 550/943/550 542/933/542 555/951/555
f 532/921/532 551/944/551 555/951/555
f 548/940/548 568/968/568 564/963/564
f 576/978/576 574/976/574 537/927/537
f 557/955/557 577/979/577 568/968/568
f 557/955/557 562/960/562 578/980/578
f 547/950/547 564/981/564 561/959/561
f 514/901/514 574/976/574 543/934/543
f 558/956/558 579/982/579 566/965/566
f 526/913/526 580/983/580 554/949/554
f 550/943/550 581/984/581 580/983/580
f 523/910/523 570/971/570 560/958/560
f 537/985/537 571/986/571 576/987/576
f 564/963/564 568/968/568 582/988/582
f 569/970/569 583/989/583 567/966/567
f 526/913/526 550/943/550 580/983/580
f 573/975/573 584/990/584 551/944/551
f 561/959/561 573/975/573 552/945/552
f 564/981/564 585/991/585 561/959/561
f 544/935/544 575/992/575 545/961/545
f 565/964/565 586/993/586 563/969/563
f 566/965/566 587/994/587 553/947/553
f 559/957/559 588/995/588 569/970/569
f 558/956/558 567/966/567 579/982/579
f 556/967/556 554/949/554 589/996/589
f 582/988/582 568/968/568 590/997/590
f 586/993/586 572/998/572 563/969/563
f 553/947/553 587/994/587 565/964/565
f 555/951/555 581/984/581 550/943/550
f 554/949/554 580/983/580 591/999/591
f 573/975/573 561/959/561 592/1000/592
f 585/991/585 564/981/564 582/1001/582
f 557/955/557 578/980/578 577/979/577
f 543/934/543 593/1002/593 544/935/544
f 551/944/551 584/990/584 555/951/555
f 576/978/576 594/1003/594 574/976/574
f 574/976/574 593/1002/593 543/934/543
f 544/935/544 593/1002/593 575/992/575
f 569/970/569 595/1004/595 583/989/583
f 568/968/568 577/979/577 590/997/590
f 566/965/566 579/982/579 587/994/587
f 588/995/588 595/1004/595 569/970/569
f 570/971/570 549/942/549 596/1005/596
f 560/1006/560 597/1007/597 571/986/571
f 562/1008/562 598/1009/598 599/1010/599
f 572/998/572 598/1009/598 562/1008/562
f 586/993/586 598/1009/598 572/998/572
f 559/957/559 575/977/575 588/995/588
f 600/1011/600 586/993/586 565/964/565
f 589/996/589 554/949/554 591/999/591
f 592/1000/592 584/990/584 573/975/573
f 593/1012/593 588/995/588 575/977/575
f 565/964/565 587/994/587 600/1011/600
f 567/966/567 583/989/583 579/982/579
f 555/951/555 601/1013/601 581/984/581
f 561/959/561 585/991/585 592/1000/592
f 590/997/590 602/1014/602 582/988/582
f 587/994/587 603/1015/603 600/1011/600
f 583/989/583 604/1016/604 579/982/579
f 571/986/571 605/1017/605 576/987/576
f 549/942/549 556/967/556 589/996/589
f 585/991/585 582/1001/582 606/1018/606
f 582/988/582 602/1014/602 606/1019/606
f 578/980/578 562/960/562 607/1020/607
f 587/994/587 579/982/579 604/1016/604
f 549/942/549 589/996/589 596/1005/596
f 570/1021/570 608/1022/608 560/1006/560
f 590/997/590 577/979/577 609/1023/609
f 578/1024/578 607/1025/607 577/1026/577
f 574/1027/574 610/1028/610 593/1029/593
f 581/984/581 611/1030/611 580/983/580
f 555/951/555 584/990/584 601/1013/601
f 585/991/585 612/1031/612 592/1000/592
f 570/1021/570 596/1032/596 608/1022/608
f 560/1006/560 608/1022/608 597/1007/597
f 562/960/562 599/1033/599 607/1020/607
f 581/984/581 601/1013/601 613/1034/613
f 614/1035/614 586/993/586 600/1011/600
f 588/995/588 615/1036/615 595/1004/595
f 595/1004/595 616/1037/616 583/989/583
f 581/984/581 613/1034/613 611/1030/611
f 602/1038/602 590/1039/590 617/1040/617
f 576/987/576 605/1017/605 594/1041/594
f 577/979/577 618/1042/618 609/1023/609
f 604/1016/604 619/1043/619 587/994/587
f 589/1044/589 620/1045/620 596/1032/596
f 597/1007/597 605/1017/605 571/986/571
f 593/1012/593 621/1046/621 588/995/588
f 603/1015/603 622/1047/622 600/1011/600
f 583/989/583 616/1037/616 604/1016/604
f 610/1028/610 621/1048/621 593/1029/593
f 623/1049/623 619/1043/619 604/1016/604
f 624/1050/624 589/996/589 591/999/591
f 625/1051/625 618/1042/618 577/979/577
f 610/1028/610 574/1027/574 594/1041/594
f 626/1052/626 599/1010/599 598/1009/598
f 621/1046/621 615/1036/615 588/995/588
f 622/1047/622 603/1015/603 627/1053/627
f 580/983/580 628/1054/628 591/999/591
f 592/1000/592 612/1031/612 629/1055/629
f 577/979/577 607/1020/607 625/1051/625
f 586/993/586 630/1056/630 598/1009/598
f 622/1047/622 614/1035/614 600/1011/600
f 587/994/587 619/1043/619 603/1015/603
f 615/1036/615 616/1037/616 595/1004/595
f 616/1037/616 623/1049/623 604/1016/604
f 611/1030/611 628/1054/628 580/983/580
f 612/1031/612 585/991/585 631/1057/631
f 624/1058/624 620/1045/620 589/1044/589
f 585/991/585 606/1018/606 631/1057/631
f 609/1023/609 618/1042/618 632/1059/632
f 584/990/584 592/1000/592 629/1055/629
f 596/1032/596 620/1045/620 608/1022/608
f 590/1039/590 609/1060/609 617/1040/617
f 625/1051/625 633/1061/633 618/1042/618
f 599/1010/599 626/1052/626 607/1062/607
f 620/1045/620 634/1063/634 608/1022/608
f 618/1042/618 635/1064/635 632/1059/632
f 630/1056/630 626/1052/626 598/1009/598
f 621/1046/621 636/1065/636 615/1036/615
f 619/1043/619 637/1066/637 603/1015/603
f 636/1065/636 616/1037/616 615/1036/615
f 602/1038/602 617/1040/617 638/1067/638
f 609/1023/609 639/1068/639 617/1069/617
f 637/1070/637 627/1071/627 603/1072/603
f 631/1057/631 606/1018/606 640/1073/640
f 617/1069/617 639/1068/639 641/1074/641
f 609/1023/609 632/1059/632 639/1068/639
f 633/1061/633 635/1064/635 618/1042/618
f 625/1051/625 607/1020/607 642/1075/642
f 584/990/584 629/1055/629 601/1013/601
f 606/1018/606 638/1076/638 640/1073/640
f 607/1062/607 626/1052/626 642/1077/642
f 611/1030/611 613/1034/613 628/1054/628
f 602/1038/602 638/1067/638 606/1078/606
f 608/1022/608 643/1079/643 597/1007/597
f 597/1007/597 644/1080/644 605/1017/605
f 632/1081/632 645/1082/645 639/1083/639
f 605/1017/605 646/1084/646 594/1041/594
f 632/1059/632 635/1064/635 645/1085/645
f 625/1051/625 642/1075/642 633/1061/633
f 622/1047/622 647/1086/647 648/1087/648
f 622/1047/622 648/1087/648 614/1035/614
f 614/1035/614 630/1056/630 586/993/586
f 623/1049/623 649/1088/649 619/1043/619
f 629/1055/629 612/1031/612 650/1089/650
f 638/1090/638 617/1069/617 641/1074/641
f 644/1080/644 646/1084/646 605/1017/605
f 594/1041/594 646/1084/646 610/1028/610
f 610/1028/610 636/1091/636 621/1048/621
f 626/1052/626 651/1092/651 642/1077/642
f 627/1053/627 647/1086/647 622/1047/622
f 616/1037/616 652/1093/652 623/1049/623
f 616/1037/616 636/1065/636 652/1093/652
f 619/1043/619 649/1088/649 653/1094/653
f 601/1013/601 654/1095/654 613/1034/613
f 612/1031/612 631/1057/631 650/1089/650
f 646/1084/646 655/1096/655 610/1028/610
f 636/1091/636 610/1028/610 655/1096/655
f 626/1052/626 656/1097/656 651/1092/651
f 652/1093/652 649/1088/649 623/1049/623
f 653/1094/653 637/1066/637 619/1043/619
f 638/1090/638 641/1074/641 657/1098/657
f 645/1085/645 658/1099/658 639/1068/639
f 614/1035/614 648/1087/648 630/1056/630
f 637/1070/637 659/1100/659 627/1071/627
f 638/1076/638 657/1101/657 640/1073/640
f 657/1098/657 641/1074/641 660/1102/660
f 608/1022/608 634/1063/634 643/1079/643
f 645/1085/645 635/1064/635 661/1103/661
f 627/1053/627 662/1104/662 647/1086/647
f 630/1056/630 648/1087/648 663/1105/663
f 664/1106/664 652/1093/652 636/1065/636
f 628/1107/628 665/1108/665 591/1109/591
f 639/1068/639 666/1110/666 641/1074/641
f 639/1068/639 658/1099/658 666/1110/666
f 597/1007/597 643/1079/643 644/1080/644
f 630/1056/630 656/1097/656 626/1052/626
f 662/1104/662 627/1053/627 659/1111/659
f 649/1112/649 667/1113/667 653/1114/653
f 591/999/591 665/1115/665 624/1050/624
f 641/1074/641 666/1110/666 660/1102/660
f 642/1075/642 668/1116/668 633/1061/633
f 669/1117/669 656/1097/656 630/1056/630
f 670/1118/670 628/1054/628 613/1034/613
f 660/1102/660 666/1110/666 671/1119/671
f 635/1064/635 672/1120/672 661/1103/661
f 633/1061/633 672/1120/672 635/1064/635
f 633/1061/633 668/1116/668 672/1120/672
f 652/1093/652 673/1121/673 649/1088/649
f 637/1066/637 653/1094/653 659/1111/659
f 642/1077/642 651/1092/651 668/1122/668
f 601/1013/601 674/1123/674 654/1095/654
f 624/1058/624 634/1063/634 620/1045/620
f 666/1110/666 658/1099/658 675/1124/675
f 643/1079/643 676/1125/676 644/1080/644
f 655/1096/655 664/1126/664 636/1091/636
f 649/1088/649 673/1121/673 667/1127/667
f 630/1056/630 663/1105/663 669/1117/669
f 629/1055/629 650/1089/650 677/1128/677
f 678/1129/678 651/1092/651 656/1097/656
f 679/1130/679 656/1097/656 669/1117/669
f 680/1131/680 647/1086/647 662/1104/662
f 677/1128/677 674/1123/674 601/1013/601
f 681/1132/681 657/1101/657 660/1133/660
f 675/1124/675 658/1099/658 682/1134/682
f 644/1080/644 676/1125/676 646/1084/646
f 664/1106/664 673/1121/673 652/1093/652
f 656/1097/656 679/1130/679 678/1129/678
f 647/1086/647 680/1131/680 648/1087/648
f 677/1128/677 601/1013/601 629/1055/629
f 657/1101/657 683/1135/683 640/1073/640
f 667/1127/667 659/1111/659 653/1094/653
f 665/1108/665 684/1136/684 624/1058/624
f 634/1063/634 685/1137/685 643/1079/643
f 658/1099/658 686/1138/686 682/1134/682
f 680/1131/680 687/1139/687 648/1087/648
f 667/1127/667 688/1140/688 659/1111/659
f 640/1073/640 683/1135/683 631/1057/631
f 657/1101/657 681/1132/681 683/1135/683
f 658/1099/658 645/1085/645 686/1138/686
f 689/1141/689 655/1096/655 646/1084/646
f 648/1087/648 687/1139/687 663/1105/663
f 662/1104/662 659/1111/659 688/1140/688
f 624/1058/624 684/1136/684 634/1063/634
f 676/1125/676 689/1141/689 646/1084/646
f 686/1138/686 645/1085/645 661/1103/661
f 655/1096/655 689/1141/689 664/1126/664
f 678/1129/678 690/1142/690 651/1092/651
f 673/1121/673 688/1140/688 667/1127/667
f 613/1034/613 654/1095/654 670/1118/670
f 628/1107/628 670/1143/670 665/1108/665
f 683/1135/683 681/1132/681 691/1144/691
f 671/1119/671 666/1110/666 675/1124/675
f 651/1092/651 690/1142/690 668/1122/668
f 688/1140/688 680/1131/680 662/1104/662
f 671/1119/671 675/1124/675 692/1145/692
f 689/1141/689 673/1146/673 664/1126/664
f 631/1057/631 693/1147/693 650/1089/650
f 660/1133/660 671/1148/671 681/1132/681
f 634/1063/634 684/1136/684 685/1137/685
f 675/1124/675 682/1134/682 694/1149/694
f 668/1116/668 695/1150/695 672/1120/672
f 670/1143/670 696/1151/696 665/1108/665
f 671/1148/671 692/1152/692 697/1153/697
f 698/1154/698 673/1146/673 689/1141/689
f 680/1131/680 699/1155/699 687/1139/687
f 678/1129/678 700/1156/700 690/1142/690
f 668/1116/668 701/1157/701 695/1150/695
f 673/1121/673 702/1158/702 688/1140/688
f 688/1140/688 703/1159/703 680/1131/680
f 671/1148/671 697/1153/697 681/1132/681
f 643/1079/643 685/1137/685 676/1125/676
f 704/1160/704 698/1154/698 676/1125/676
f 676/1125/676 698/1154/698 689/1141/689
f 698/1154/698 705/1161/705 673/1146/673
f 650/1089/650 706/1162/706 677/1128/677
f 681/1132/681 697/1153/697 707/1163/707
f 694/1149/694 682/1134/682 708/1164/708
f 709/1165/709 669/1117/669 663/1105/663
f 709/1165/709 679/1130/679 669/1117/669
f 703/1159/703 699/1155/699 680/1131/680
f 701/1157/701 668/1116/668 690/1166/690
f 693/1147/693 631/1057/631 683/1135/683
f 694/1167/694 692/1168/692 675/1169/675
f 676/1125/676 685/1137/685 704/1160/704
f 682/1134/682 686/1138/686 710/1170/710
f 682/1134/682 710/1170/710 708/1164/708
f 661/1103/661 672/1120/672 695/1150/695
f 679/1130/679 709/1165/709 711/1171/711
f 679/1130/679 711/1171/711 678/1129/678
f 712/1172/712 713/1173/713 714/1174/714
f 714/1174/714 715/1175/715 712/1172/712
f 716/1176/716 717/1177/717 714/1178/714
f 717/1177/717 715/1179/715 714/1178/714
f 704/1160/704 705/1161/705 698/1154/698
f 686/1138/686 661/1103/661 710/1170/710
f 705/1161/705 702/1180/702 673/1146/673
f 687/1139/687 699/1155/699 663/1105/663
f 683/1135/683 718/1181/718 693/1147/693
f 654/1182/654 719/1183/719 670/1143/670
f 691/1144/691 681/1132/681 707/1163/707
f 670/1143/670 719/1183/719 696/1151/696
f 697/1153/697 720/1184/720 707/1163/707
f 665/1108/665 696/1151/696 684/1136/684
f 684/1136/684 721/1185/721 685/1137/685
f 713/1186/713 716/1176/716 714/1178/714
f 722/1187/722 705/1161/705 704/1160/704
f 661/1103/661 723/1188/723 710/1170/710
f 661/1103/661 695/1150/695 723/1188/723
f 702/1158/702 703/1159/703 688/1140/688
f 699/1155/699 709/1165/709 663/1105/663
f 683/1135/683 691/1144/691 718/1181/718
f 724/1189/724 725/1190/725 713/1191/713
f 697/1192/697 692/1168/692 726/1193/726
f 724/1189/724 713/1191/713 712/1194/712
f 692/1168/692 727/1195/727 726/1193/726
f 713/1186/713 726/1196/726 716/1176/716
f 728/1197/728 704/1160/704 685/1137/685
f 701/1198/701 690/1142/690 700/1156/700
f 696/1151/696 721/1185/721 684/1136/684
f 713/1199/713 729/1200/729 726/277/726
f 726/1196/726 727/1201/727 716/1176/716
f 692/1168/692 694/1167/694 727/1195/727
f 717/1177/717 716/1176/716 730/1202/730
f 715/1179/715 717/1177/717 731/1203/731
f 705/1161/705 703/1204/703 702/1180/702
f 703/1159/703 732/1205/732 699/1155/699
f 650/1089/650 693/1147/693 706/1162/706
f 674/1123/674 677/1128/677 733/1206/733
f 707/1163/707 734/1207/734 691/1144/691
f 724/1208/724 735/1209/735 725/1210/725
f 725/1211/725 729/1200/729 713/1199/713
f 715/1212/715 736/1213/736 712/1214/712
f 727/1201/727 730/1202/730 716/1176/716
f 715/1212/715 731/1215/731 737/1216/737
f 717/1217/717 738/1218/738 731/1219/731
f 677/1128/677 739/1220/739 733/1206/733
f 697/1192/697 726/1193/726 720/1221/720
f 712/1222/712 740/1223/740 724/1224/724
f 740/1225/740 712/1214/712 736/1213/736
f 717/1177/717 730/1202/730 738/1226/738
f 728/1197/728 722/1187/722 704/1160/704
f 708/1227/708 741/1228/741 694/1167/694
f 678/1129/678 711/1171/711 742/1229/742
f 725/1211/725 743/1230/743 729/1200/729
f 720/1231/720 726/1232/726 729/1233/729
f 724/1224/724 740/1223/740 735/1234/735
f 737/1216/737 736/1213/736 715/1212/715
f 694/1167/694 741/1228/741 727/1195/727
f 708/1164/708 710/1170/710 744/1235/744
f 705/1161/705 732/1236/732 703/1204/703
f 678/1129/678 742/1229/742 700/1156/700
f 706/1162/706 693/1147/693 745/1237/745
f 654/1182/654 674/1238/674 719/1183/719
f 719/1183/719 746/1239/746 696/1151/696
f 725/1211/725 747/1240/747 743/1230/743
f 735/1209/735 747/1241/747 725/1210/725
f 727/1201/727 741/1242/741 730/1202/730
f 705/1161/705 748/1243/748 732/1236/732
f 707/1163/707 720/1184/720 734/1207/734
f 735/1209/735 749/1244/749 747/1241/747
f 696/1151/696 746/1239/746 721/1185/721
f 685/1137/685 721/1185/721 728/1197/728
f 718/1181/718 750/1245/750 693/1147/693
f 751/1246/751 719/1183/719 674/1238/674
f 736/1213/736 752/1247/752 740/1225/740
f 730/1248/730 741/1228/741 753/1249/753
f 748/1243/748 705/1161/705 722/1187/722
f 732/1205/732 709/1165/709 699/1155/699
f 723/1188/723 695/1150/695 754/1250/754
f 695/1150/695 701/1157/701 755/1251/755
f 720/1252/720 729/1253/729 756/1254/756
f 736/1213/736 737/1216/737 757/1255/757
f 738/1226/738 730/1202/730 758/1256/758
f 708/1227/708 744/1257/744 741/1228/741
f 723/1188/723 754/1250/754 759/1258/759
f 734/1207/734 718/1181/718 691/1144/691
f 729/1253/729 760/1259/760 756/1254/756
f 743/1230/743 760/1260/760 729/1200/729
f 709/1165/709 761/1261/761 711/1171/711
f 677/1128/677 706/1162/706 739/1220/739
f 674/1262/674 733/1263/733 751/1264/751
f 752/1247/752 736/1213/736 762/1265/762
f 736/1213/736 757/1255/757 762/1265/762
f 731/1215/731 763/1266/763 737/1216/737
f 730/1202/730 753/1267/753 758/1256/758
f 731/1219/731 738/1218/738 763/1268/763
f 722/1187/722 728/1197/728 748/1243/748
f 732/1205/732 761/1261/761 709/1165/709
f 755/1251/755 754/1250/754 695/1150/695
f 740/1223/740 764/1269/764 735/1234/735
f 752/1270/752 764/1269/764 740/1223/740
f 737/1216/737 763/1266/763 765/1271/765
f 738/1218/738 758/1272/758 763/1268/763
f 744/1257/744 766/1273/766 741/1228/741
f 741/1228/741 766/1273/766 753/1249/753
f 732/1205/732 767/1274/767 761/1261/761
f 723/1188/723 759/1258/759 710/1170/710
f 711/1171/711 768/1275/768 742/1229/742
f 742/1229/742 769/1276/769 700/1156/700
f 700/1156/700 769/1276/769 701/1198/701
f 706/1162/706 745/1237/745 770/1277/770
f 734/1207/734 756/1278/756 771/1279/771
f 734/1207/734 720/1184/720 756/1278/756
f 747/1240/747 772/1280/772 743/1230/743
f 747/1241/747 749/1244/749 772/1281/772
f 732/1205/732 748/1282/748 767/1274/767
f 749/1283/749 773/1284/773 774/1285/774
f 719/1183/719 751/1246/751 746/1239/746
f 737/1216/737 775/1286/775 757/1255/757
f 710/1170/710 759/1258/759 744/1235/744
f 752/1270/752 776/1287/776 764/1269/764
f 752/1270/752 777/1288/777 776/1287/776
f 752/1247/752 762/1265/762 777/1289/777
f 735/1234/735 764/1269/764 778/1290/778
f 774/1291/774 779/1292/779 772/1293/772
f 749/1244/749 774/1294/774 772/1281/772
f 735/1234/735 778/1290/778 773/1284/773
f 749/1283/749 735/1234/735 773/1284/773
f 762/1265/762 757/1255/757 780/1295/780
f 746/1239/746 781/1296/781 721/1185/721
f 721/1185/721 781/1296/781 728/1197/728
f 737/1216/737 765/1271/765 775/1286/775
f 718/1181/718 782/1297/782 750/1245/750
f 706/1162/706 770/1277/770 739/1220/739
f 739/1298/739 783/1299/783 733/1300/733
f 777/1289/777 762/1265/762 780/1295/780
f 728/1197/728 784/1301/784 748/1243/748
f 758/1272/758 785/1302/785 763/1268/763
f 748/1243/748 784/1301/784 767/1303/767
f 742/1229/742 768/1275/768 769/1276/769
f 756/1278/756 786/1304/786 771/1279/771
f 776/1287/776 777/1288/777 787/1305/787
f 772/1280/772 760/1260/760 743/1230/743
f 781/1296/781 784/1301/784 728/1197/728
f 763/1266/763 785/1306/785 765/1271/765
f 744/1257/744 759/1307/759 766/1273/766
f 701/1198/701 769/1276/769 788/1308/788
f 701/1198/701 788/1308/788 755/1309/755
f 693/1147/693 750/1245/750 745/1237/745
f 756/1254/756 760/1259/760 786/1310/786
f 751/1246/751 789/1311/789 746/1239/746
f 780/1312/780 757/1313/757 790/1314/790
f 789/1311/789 781/1296/781 746/1239/746
f 753/1315/753 785/1316/785 758/559/758
f 759/1258/759 754/1250/754 791/1317/791
f 788/1308/788 769/1276/769 792/1318/792
f 734/1207/734 771/1279/771 718/1181/718
f 764/1269/764 793/1319/793 778/1290/778
f 733/1300/733 783/1299/783 751/1246/751
f 757/1313/757 775/1320/775 790/1314/790
f 794/1321/794 767/1303/767 784/1301/784
f 761/1261/761 795/1322/795 711/1171/711
f 754/1323/754 755/1309/755 796/1324/796
f 771/1279/771 782/1297/782 718/1181/718
f 765/1271/765 785/1306/785 797/1325/797
f 795/1322/795 768/1275/768 711/1171/711
f 768/1275/768 798/1326/798 769/1276/769
f 788/1327/788 799/1328/799 755/386/755
f 776/1287/776 793/1319/793 764/1269/764
f 800/1329/800 795/1330/795 761/1331/761
f 766/1332/766 759/1258/759 791/1317/791
f 769/1276/769 801/1333/801 792/1318/792
f 796/1324/796 802/1334/802 754/1323/754
f 787/1305/787 803/1335/803 776/1287/776
f 774/1285/774 804/1336/804 779/1337/779
f 805/1338/805 751/1246/751 783/1299/783
f 761/1331/761 767/1303/767 800/1329/800
f 778/1290/778 806/1339/806 773/1284/773
f 765/1340/765 807/1341/807 775/1320/775
f 808/1342/808 794/1321/794 781/1296/781
f 794/1321/794 800/1329/800 767/1303/767
f 769/1276/769 798/1326/798 801/1333/801
f 787/1305/787 777/1288/777 803/1335/803
f 779/1343/779 809/1344/809 772/1345/772
f 774/1285/774 773/1284/773 804/1336/804
f 751/1246/751 805/1338/805 789/1311/789
f 789/1311/789 808/1342/808 781/1296/781
f 781/1296/781 794/1321/794 784/1301/784
f 791/1346/791 753/1249/753 766/1273/766
f 768/1275/768 795/1322/795 810/1347/810
f 811/1348/811 801/1333/801 798/1326/798
f 792/1318/792 801/1333/801 799/1349/799
f 754/1323/754 802/1334/802 791/1350/791
f 792/1318/792 799/1349/799 788/1308/788
f 799/1349/799 812/1351/812 755/1309/755
f 771/1279/771 786/1304/786 813/1352/813
f 760/1260/760 772/1280/772 814/1353/814
f 739/1298/739 770/1354/770 783/1299/783
f 773/1284/773 806/1339/806 804/1336/804
f 779/1337/779 804/1336/804 815/1355/815
f 779/1337/779 815/1355/815 809/1356/809
f 780/1312/780 790/1314/790 816/1357/816
f 765/1340/765 797/1358/797 807/1341/807
f 753/1359/753 817/1360/817 785/1361/785
f 755/1309/755 812/1351/812 796/1324/796
f 777/1362/777 816/1357/816 803/1363/803
f 793/1319/793 818/1364/818 778/1290/778
f 805/1338/805 819/1365/819 789/1311/789
f 785/1306/785 817/1366/817 797/1325/797
f 753/1249/753 791/1346/791 817/1367/817
f 791/1346/791 820/1368/820 817/1367/817
f 810/1369/810 795/1330/795 800/1329/800
f 810/1347/810 821/1370/821 768/1275/768
f 801/1333/801 811/1348/811 799/1349/799
f 803/1335/803 822/1371/822 776/1287/776
f 760/1259/760 814/1372/814 786/1310/786
f 783/1299/783 823/1373/823 805/1338/805
f 794/1321/794 824/1374/824 800/1329/800
f 768/1275/768 821/1370/821 798/1326/798
f 780/1312/780 816/1357/816 777/1362/777
f 790/1314/790 775/1320/775 825/1375/825
f 817/1367/817 820/1368/820 826/1376/826
f 782/1297/782 827/1377/827 750/1245/750
f 815/1378/815 828/1379/828 809/1380/809
f 775/1320/775 807/1341/807 825/1375/825
f 793/1319/793 776/1287/776 822/1371/822
f 786/1310/786 814/1372/814 813/1381/813
f 819/1365/819 808/1342/808 789/1311/789
f 824/1374/824 810/1369/810 800/1329/800
f 811/1348/811 829/1382/829 799/1349/799
f 770/1277/770 745/1237/745 830/1383/830
f 783/1299/783 770/1354/770 831/1384/831
f 815/1355/815 832/1385/832 828/1386/828
f 783/1299/783 831/1384/831 823/1373/823
f 825/1375/825 816/1357/816 790/1314/790
f 808/1342/808 824/1374/824 794/1321/794
f 798/1326/798 833/1387/833 811/1348/811
f 818/1364/818 806/1339/806 778/1290/778
f 772/1280/772 809/1388/809 834/1389/834
f 815/1355/815 804/1336/804 832/1385/832
f 798/1326/798 821/1370/821 833/1387/833
f 796/1324/796 812/1351/812 802/1334/802
f 818/1364/818 793/1319/793 835/1390/835
f 745/1237/745 750/1245/750 827/1377/827
f 771/1279/771 813/1352/813 782/1297/782
f 745/1237/745 827/1377/827 836/1391/836
f 807/1341/807 797/1358/797 837/1392/837
f 817/1366/817 838/1393/838 797/1325/797
f 810/1347/810 839/1394/839 821/1370/821
f 811/1348/811 833/1387/833 829/1382/829
f 802/1395/802 820/1368/820 791/1346/791
f 803/1335/803 840/1396/840 822/1371/822
f 772/1280/772 834/1389/834 814/1353/814
f 807/1341/807 841/1397/841 825/1375/825
f 824/1374/824 839/1398/839 810/1369/810
f 799/1349/799 829/1382/829 812/1351/812
f 793/1319/793 822/1371/822 835/1390/835
f 803/1363/803 816/1357/816 840/1399/840
f 745/1237/745 836/1391/836 830/1383/830
f 828/1400/828 842/1401/842 809/1402/809
f 808/1342/808 843/1403/843 824/1374/824
f 826/1404/826 838/1393/838 817/1366/817
f 826/1376/826 820/1368/820 844/1405/844
f 782/1297/782 845/1406/845 827/1377/827
f 814/1353/814 834/1389/834 846/1407/846
f 816/1357/816 825/1375/825 847/1408/847
f 832/1385/832 842/1409/842 828/1386/828
f 770/1354/770 830/1410/830 848/1411/848
f 816/1357/816 847/1408/847 840/1399/840
f 809/1402/809 842/1401/842 834/1412/834
f 807/1341/807 849/1413/849 841/1397/841
f 839/1394/839 833/1387/833 821/1370/821
f 826/1414/826 844/1415/844 838/1416/838
f 812/1351/812 850/1417/850 802/1334/802
f 782/1297/782 813/1352/813 845/1406/845
f 814/1372/814 846/1418/846 813/1381/813
f 806/1339/806 851/1419/851 804/1336/804
f 832/1420/832 852/1421/852 842/425/842
f 819/1365/819 843/1403/843 808/1342/808
f 807/1341/807 837/1392/837 849/1413/849
f 831/1384/831 770/1354/770 848/1411/848
f 824/1374/824 843/1403/843 839/1398/839
f 838/1422/838 853/1423/853 797/1358/797
f 806/1339/806 818/1364/818 854/1424/854
f 851/1419/851 832/1385/832 804/1336/804
f 831/1384/831 855/1425/855 823/1373/823
f 802/1395/802 844/1405/844 820/1368/820
f 836/1426/836 827/1427/827 856/1428/856
f 848/1411/848 855/1425/855 831/1384/831
f 825/1375/825 841/1397/841 847/1408/847
f 839/1394/839 857/1429/857 833/1387/833
f 833/1387/833 858/1430/858 829/1382/829
f 829/1382/829 859/1431/859 812/1351/812
f 822/1371/822 840/1396/840 835/1390/835
f 830/1410/830 860/1432/860 848/1411/848
f 861/1433/861 819/1365/819 823/1373/823
f 805/1338/805 823/1373/823 819/1365/819
f 833/1387/833 857/1429/857 858/1430/858
f 852/1434/852 832/1435/832 862/1436/862
f 823/1373/823 855/1425/855 861/1433/861
f 837/1392/837 797/1358/797 853/1423/853
f 802/1395/802 850/1437/850 844/1405/844
f 847/1408/847 835/1438/835 840/1399/840
f 819/1365/819 861/1433/861 843/1403/843
f 843/1403/843 857/1439/857 839/1398/839
f 858/1430/858 859/1431/859 829/1382/829
f 845/1440/845 813/1441/813 846/1442/846
f 818/1364/818 835/1390/835 854/1424/854
f 835/1390/835 863/1443/863 854/1424/854
f 864/1444/864 806/1445/806 854/1446/854
f 836/1447/836 860/1432/860 830/1410/830
f 853/1423/853 865/1448/865 837/1392/837
f 866/1449/866 838/1416/838 844/1415/844
f 866/1450/866 844/1405/844 850/1437/850
f 827/1427/827 845/1451/845 856/1428/856
f 852/1452/852 867/1453/867 842/1401/842
f 841/1397/841 849/1413/849 868/1454/868
f 861/1433/861 857/1439/857 843/1403/843
f 858/1430/858 869/1455/869 859/1431/859
f 870/1456/870 867/1453/867 852/1452/852
f 848/1411/848 871/1457/871 855/1425/855
f 837/1392/837 872/1458/872 849/1413/849
f 834/1412/834 873/1459/873 846/1460/846
f 834/1412/834 867/1453/867 873/1459/873
f 834/1412/834 842/1401/842 867/1453/867
f 857/1429/857 874/1461/874 858/1430/858
f 859/1431/859 850/1417/850 812/1351/812
f 846/1462/846 875/1463/875 845/1464/845
f 860/1432/860 871/1457/871 848/1411/848
f 832/1435/832 876/1465/876 862/1436/862
f 870/1466/870 852/1434/852 862/1436/862
f 861/1433/861 877/1467/877 857/1439/857
f 846/1460/846 873/1459/873 875/1468/875
f 864/1469/864 854/1470/854 878/1471/878
f 835/1438/835 847/1408/847 863/1472/863
f 857/1439/857 877/1467/877 874/1473/874
f 859/1431/859 869/1455/869 850/1417/850
f 836/1426/836 856/1428/856 860/1474/860
f 832/1475/832 879/1476/879 876/406/876
f 855/1425/855 871/1457/871 861/1433/861
f 850/1437/850 880/1477/880 866/1450/866
f 832/1385/832 851/1419/851 879/1478/879
f 871/1457/871 881/1479/881 861/1433/861
f 861/1433/861 881/1479/881 877/1467/877
f 865/1448/865 872/1458/872 837/1392/837
f 806/1339/806 864/1480/864 851/1419/851
f 860/1474/860 882/1481/882 871/1482/871
f 847/1408/847 841/1397/841 883/1483/883
f 862/1436/862 884/1484/884 870/1466/870
f 841/1397/841 868/1454/868 883/1483/883
f 858/1430/858 885/1485/885 869/1455/869
f 869/1455/869 886/1486/886 850/1417/850
f 887/1487/887 856/1488/856 845/1489/845
f 847/1408/847 883/1483/883 863/1472/863
f 867/1453/867 870/1456/870 888/1490/888
f 876/206/876 884/578/884 862/1491/862
f 865/1448/865 853/1423/853 889/1492/889
f 874/1461/874 885/1485/885 858/1430/858
f 881/1479/881 871/1457/871 890/1493/890
f 849/1413/849 872/1458/872 891/1494/891
f 885/1485/885 892/1495/892 869/1455/869
f 873/1459/873 867/1453/867 893/1496/893
f 870/1456/870 884/1497/884 888/1490/888
f 894/1498/894 877/1467/877 881/1479/881
f 895/1499/895 866/1449/866 880/1500/880
f 880/1477/880 850/1437/850 886/1501/886
f 887/1487/887 845/1489/845 875/1502/875
f 896/1503/896 878/1504/878 854/1424/854
f 865/1448/865 889/1492/889 897/1505/897
f 877/1467/877 894/1498/894 874/1473/874
f 866/1449/866 895/1499/895 838/1416/838
f 892/1495/892 886/1486/886 869/1455/869
f 887/1506/887 875/1468/875 873/1459/873
f 863/1443/863 896/1503/896 854/1424/854
f 890/1493/890 898/1507/898 881/1479/881
f 853/1423/853 899/1508/899 889/1492/889
f 894/1498/894 885/1509/885 874/1473/874
f 838/1416/838 900/1510/900 853/1511/853
f 901/1512/901 895/1499/895 880/1500/880
f 873/1459/873 893/1496/893 902/1513/902
f 903/1514/903 890/1493/890 871/1457/871
f 849/1515/849 891/1516/891 868/1517/868
f 881/1479/881 898/1507/898 894/1498/894
f 865/1448/865 897/1505/897 872/1458/872
f 886/1518/886 901/1512/901 880/1500/880
f 904/1519/904 851/1419/851 864/1480/864
f 856/1488/856 887/1487/887 905/1520/905
f 860/1474/860 856/1428/856 882/1481/882
f 867/1521/867 888/1522/888 893/1523/893
f 876/1524/876 893/1525/893 884/1526/884
f 888/1490/888 884/1497/884 893/1496/893
f 853/1423/853 900/1527/900 899/1508/899
f 882/1528/882 903/1514/903 871/1457/871
f 891/1529/891 906/1530/906 883/1531/883
f 883/1531/883 868/1532/868 891/1529/891
f 903/1514/903 907/1533/907 890/1493/890
f 890/1493/890 907/1533/907 898/1507/898
f 891/1494/891 872/1458/872 897/1505/897
f 895/1499/895 900/1510/900 838/1416/838
f 873/1534/873 902/1535/902 887/1487/887
f 908/1536/908 883/1531/883 906/1530/906
f 891/1494/891 909/1537/909 906/1538/906
f 891/1494/891 897/1505/897 909/1537/909
f 900/1527/900 910/1539/910 899/1508/899
f 885/1509/885 894/1498/894 911/1540/911
f 885/1485/885 911/1541/911 892/1495/892
f 892/1495/892 912/1542/912 886/1486/886
f 863/1472/863 883/1483/883 913/1543/913
f 856/1488/856 905/1520/905 882/1528/882
f 906/1538/906 914/1544/914 908/1545/908
f 896/1546/896 863/1547/863 913/1548/913
f 864/1469/864 878/1471/878 904/1549/904
f 893/1496/893 915/1550/915 902/1513/902
f 893/1551/893 876/1552/876 915/1553/915
f 912/1554/912 916/1555/916 886/1556/886
f 886/1518/886 916/1557/916 901/1512/901
f 887/1487/887 902/1535/902 905/1520/905
f 896/1546/896 913/1548/913 917/1558/917
f 851/1419/851 904/1519/904 879/1478/879
f 917/1558/917 913/1548/913 908/1536/908
f 883/1531/883 908/1536/908 913/1548/913
f 894/1498/894 898/1507/898 911/1540/911
f 895/1499/895 901/1512/901 918/1559/918
f 896/1546/896 917/1558/917 878/1560/878
f 898/1507/898 919/1561/919 911/1540/911
f 899/1508/899 920/1562/920 889/1492/889
f 916/1557/916 921/1563/921 901/1512/901
f 908/1564/908 914/1565/914 917/1566/917
f 922/1567/922 912/1568/912 923/1569/923
f 916/1570/916 912/1568/912 922/1567/922
f 892/1495/892 911/1541/911 912/1542/912
f 901/1512/901 924/1571/924 918/1559/918
f 879/1572/879 925/1573/925 876/1552/876
f 905/1520/905 902/1535/902 926/1574/926
f 915/1550/915 926/1575/926 902/1513/902
f 905/1520/905 926/1574/926 882/1528/882
f 882/1528/882 926/1574/926 903/1514/903
f 898/1507/898 907/1533/907 919/1561/919
f 923/1569/923 911/1540/911 919/1561/919
f 927/1576/927 922/1567/922 923/1569/923
f 923/1569/923 912/1568/912 911/1540/911
f 899/1508/899 910/1539/910 920/1562/920
f 879/1478/879 904/1519/904 925/1577/925
f 921/1563/921 924/1571/924 901/1512/901
f 925/1573/925 915/1553/915 876/1552/876
f 915/1550/915 928/1578/928 926/1575/926
f 897/1505/897 929/1579/929 909/1537/909
f 927/1576/927 923/1569/923 919/1561/919
f 895/1499/895 930/1580/930 900/1510/900
f 909/1537/909 929/1579/929 931/1581/931
f 927/1576/927 919/1561/919 932/1582/932
f 900/1527/900 930/1583/930 910/1539/910
f 918/1559/918 930/1580/930 895/1499/895
f 906/1538/906 909/1537/909 914/1544/914
f 933/1584/933 932/1585/932 919/1586/919
f 920/1562/920 910/1539/910 934/1587/934
f 924/1571/924 921/1563/921 935/1588/935
f 917/1566/917 936/1589/936 878/1590/878
f 917/1566/917 914/1565/914 936/1589/936
f 925/1573/925 928/1591/928 915/1553/915
f 926/1574/926 928/1592/928 903/1514/903
f 909/1593/909 937/1594/937 914/1565/914
f 933/1595/933 903/1514/903 928/1592/928
f 907/1533/907 903/1514/903 919/1561/919
f 933/1595/933 919/1561/919 903/1514/903
f 932/1596/932 938/1597/938 927/1598/927
f 924/1571/924 935/1588/935 918/1559/918
f 932/1596/932 933/1599/933 938/1597/938
f 929/1579/929 897/1505/897 920/1562/920
f 897/1505/897 889/1492/889 920/1562/920
f 910/1539/910 930/1583/930 934/1587/934
f 925/1577/925 904/1519/904 939/1600/939
f 909/1537/909 931/1581/931 937/1601/937
f 878/1471/878 936/1602/936 904/1549/904
f 904/1549/904 936/1602/936 939/1603/939
f 922/1604/922 940/1605/940 916/1606/916
f 916/1557/916 940/1607/940 921/1563/921
f 920/1562/920 934/1587/934 941/1608/941
f 940/1607/940 942/1609/942 921/1563/921
f 918/1559/918 943/1610/943 930/1580/930
f 918/1559/918 935/1588/935 943/1610/943
f 928/1611/928 944/1612/944 933/1613/933
f 920/1562/920 941/1608/941 945/1614/945
f 930/1583/930 943/1615/943 946/1616/946
f 942/1617/942 947/1618/947 921/1619/921
f 925/1620/925 944/1612/944 928/1611/928
f 922/1604/922 927/1621/927 940/1605/940
f 930/1583/930 946/1616/946 934/1587/934
f 920/1562/920 945/1614/945 929/1579/929
f 947/1622/947 935/1588/935 921/1563/921
f 925/1620/925 948/1623/948 944/1612/944
f 937/1594/937 949/1624/949 914/1565/914
f 940/1607/940 950/1625/950 942/1609/942
f 934/1587/934 946/1616/946 941/1608/941
f 933/1515/933 944/1626/944 938/1627/938
f 937/1601/937 931/1581/931 951/1628/951
f 931/1581/931 929/1579/929 952/1629/952
f 939/1630/939 948/1631/948 925/1632/925
f 944/1612/944 953/1633/953 938/1634/938
f 949/1624/949 937/1594/937 951/1635/951
f 942/1609/942 950/1625/950 947/1622/947
f 927/1621/927 954/1636/954 940/1605/940
f 941/1608/941 946/1616/946 955/1637/955
f 943/1615/943 955/1637/955 946/1616/946
f 956/1638/956 954/1636/954 938/1634/938
f 938/1634/938 954/1636/954 927/1621/927
f 954/1639/954 950/1625/950 940/1607/940
f 955/1637/955 957/1640/957 941/1608/941
f 931/1581/931 952/1629/952 951/1628/951
f 945/1641/945 952/1642/952 929/1643/929
f 957/1640/957 945/1614/945 941/1608/941
f 914/1565/914 958/1644/958 936/1589/936
f 914/1565/914 949/1624/949 958/1644/958
f 953/1633/953 956/1638/956 938/1634/938
f 950/1625/950 959/1645/959 947/1622/947
f 947/1622/947 959/1645/959 960/1646/960
f 936/1602/936 961/1647/961 939/1603/939
f 954/1639/954 962/1648/962 950/1625/950
f 950/1649/950 962/1650/962 963/1651/963
f 957/1640/957 964/1652/964 945/1614/945
f 947/1622/947 965/1653/965 935/1588/935
f 948/1654/948 939/1655/939 966/1656/966
f 950/1625/950 963/1657/963 959/1645/959
f 935/1588/935 965/1653/965 943/1610/943
f 943/1615/943 965/1658/965 955/1637/955
f 936/1589/936 958/1644/958 961/1659/961
f 961/1647/961 966/1660/966 939/1603/939
f 956/1661/956 962/1662/962 954/1663/954
f 964/1664/964 952/1642/952 945/1641/945
f 944/1612/944 948/1623/948 953/1633/953
f 956/1661/956 967/1665/967 962/1662/962
f 964/1664/964 968/1666/968 952/1642/952
f 965/1653/965 969/1667/969 955/1668/955
f 966/1669/966 970/1670/970 948/1671/948
f 951/1635/951 971/1672/971 949/1624/949
f 951/1628/951 952/1629/952 972/1673/972
f 947/1622/947 960/1646/960 965/1653/965
f 973/1674/973 967/1675/967 956/1676/956
f 969/1667/969 957/1677/957 955/1668/955
f 948/1671/948 970/1670/970 953/1678/953
f 951/1628/951 972/1673/972 971/1679/971
f 960/1646/960 969/1667/969 965/1653/965
f 970/1670/970 973/1680/973 953/1678/953
f 973/1680/973 956/1681/956 953/1678/953
f 967/1675/967 974/1682/974 962/1650/962
f 972/1673/972 952/1629/952 968/1683/968
f 962/1650/962 974/1682/974 963/1651/963
f 961/1659/961 958/1644/958 975/1684/975
f 974/1682/974 976/1685/976 963/1651/963
f 957/1640/957 977/1686/977 964/1652/964
f 963/1657/963 976/1687/976 959/1645/959
f 949/1624/949 971/1672/971 958/1644/958
f 964/1664/964 978/1688/978 968/1666/968
f 979/1689/979 967/1675/967 973/1674/973
f 969/1690/969 977/1691/977 957/1692/957
f 970/1693/970 979/1689/979 973/1674/973
f 958/1644/958 971/1672/971 980/1694/980
f 960/1646/960 959/1645/959 981/1695/981
f 981/1695/981 969/1667/969 960/1646/960
f 966/1660/966 982/1696/982 970/1693/970
f 968/1683/968 983/1697/983 972/1673/972
f 961/1647/961 982/1696/982 966/1660/966
f 964/1652/964 977/1686/977 984/1698/984
f 964/1664/964 984/1699/984 978/1688/978
f 959/1645/959 976/1687/976 985/1700/985
f 969/1667/969 981/1695/981 977/1701/977
f 958/1644/958 980/1694/980 975/1684/975
f 961/1647/961 975/1702/975 982/1696/982
f 970/1693/970 982/1696/982 979/1689/979
f 968/1683/968 978/1703/978 983/1697/983
f 985/1700/985 981/1695/981 959/1645/959
f 967/1675/967 986/1704/986 974/1682/974
f 983/1697/983 971/1679/971 972/1673/972
f 979/1689/979 986/1704/986 967/1675/967
f 975/1702/975 987/1705/987 982/1696/982
f 976/1687/976 988/1706/988 985/1700/985
f 982/1696/982 987/1705/987 989/1707/989
f 982/1696/982 989/1707/989 979/1689/979
f 979/1689/979 989/1707/989 986/1704/986
f 978/1703/978 990/1708/990 983/1697/983
f 991/1709/991 977/1701/977 981/1695/981
f 975/1684/975 980/1694/980 987/1710/987
f 971/1679/971 983/1697/983 992/1711/992
f 971/1679/971 992/1711/992 980/1712/980
f 977/1701/977 993/1713/993 984/1714/984
f 980/1694/980 994/1715/994 987/1710/987
f 993/1713/993 990/1716/990 984/1714/984
f 977/1701/977 991/1709/991 993/1713/993
f 983/1697/983 995/1717/995 996/1718/996
f 984/1714/984 990/1716/990 978/1719/978
f 981/1695/981 985/1700/985 991/1709/991
f 980/1712/980 992/1711/992 994/1720/994
f 987/1721/987 994/1722/994 997/1723/997
f 987/1721/987 997/1723/997 989/1724/989
f 976/1685/976 974/1682/974 998/1725/998
f 998/1725/998 988/1726/988 976/1685/976
f 983/1697/983 990/1708/990 995/1717/995
f 992/1711/992 999/1727/999 994/1720/994
f 983/1697/983 996/1718/996 992/1711/992
f 993/1713/993 1000/1728/1000 990/1716/990
f 989/1707/989 1001/1729/1001 986/1704/986
f 990/1708/990 1002/1730/1002 995/1717/995
f 1000/1731/1000 1002/1732/1002 990/1733/990
f 988/1734/988 1003/1735/1003 985/1736/985
f 991/1709/991 1004/1737/1004 993/1713/993
f 994/1722/994 999/1738/999 997/1723/997
f 986/1704/986 1005/1739/1005 974/1682/974
f 986/1704/986 1001/1729/1001 1005/1739/1005
f 1005/1739/1005 998/1725/998 974/1682/974
f 998/1725/998 1003/1740/1003 988/1726/988
f 1003/1741/1003 991/1709/991 985/1700/985
f 996/1718/996 995/1717/995 1006/1742/1006
f 993/1713/993 1007/1743/1007 1000/1728/1000
f 1003/1208/1003 1004/1744/1004 991/429/991
f 1001/1745/1001 989/1724/989 997/1723/997
f 1004/1737/1004 1007/1743/1007 993/1713/993
f 1000/1728/1000 1008/1746/1008 1002/1747/1002
f 997/1748/997 1009/1749/1009 1001/1750/1001
f 995/1717/995 1002/1730/1002 1010/1751/1010
f 998/1725/998 1005/1739/1005 1011/1752/1011
f 1011/1752/1011 1003/1740/1003 998/1725/998
f 1002/1730/1002 1008/1753/1008 1010/1751/1010
f 1007/1743/1007 1012/1754/1012 1000/1728/1000
f 996/1718/996 1006/1742/1006 1013/1755/1013
f 1012/1754/1012 1008/1746/1008 1000/1728/1000
f 999/1738/999 1009/1756/1009 997/1723/997
f 999/1727/999 992/1711/992 996/1718/996
f 996/1718/996 1013/1755/1013 1014/1757/1014
f 1004/1737/1004 1015/1758/1015 1007/1743/1007
f 999/1738/999 1014/1759/1014 1009/1756/1009
f 996/1718/996 1014/1757/1014 999/1727/999
f 995/1717/995 1010/1751/1010 1006/1742/1006
f 1007/1743/1007 1016/1760/1016 1012/1754/1012
f 1004/1737/1004 1017/1761/1017 1015/1758/1015
f 1008/1753/1008 1018/1762/1018 1010/1751/1010
f 1003/1741/1003 1017/1761/1017 1004/1737/1004
f 1003/1741/1003 1019/1763/1019 1017/1761/1017
f 1016/1760/1016 1008/1746/1008 1012/1754/1012
f 1015/1758/1015 1016/1760/1016 1007/1743/1007
f 1006/1742/1006 1010/1751/1010 1020/1764/1020
f 1005/1765/1005 1001/1745/1001 1021/1766/1021
f 1021/1766/1021 1011/1767/1011 1005/1765/1005
f 1006/1742/1006 1020/1764/1020 1022/1768/1022
f 1011/1752/1011 1019/1769/1019 1003/1740/1003
f 1010/1751/1010 1018/1762/1018 1020/1764/1020
f 1016/1760/1016 1018/1770/1018 1008/1746/1008
f 1009/1749/1009 1021/1771/1021 1001/1750/1001
f 1015/1758/1015 1018/1770/1018 1016/1760/1016
f 1006/1742/1006 1022/1768/1022 1013/1755/1013
f 1009/1756/1009 1014/1759/1014 1021/1766/1021
f 1014/1759/1014 1022/1772/1022 1021/1766/1021
f 1014/1757/1014 1013/1755/1013 1022/1768/1022
f 1022/1768/1022 1020/1764/1020 1023/1773/1023
f 1011/1767/1011 1021/1766/1021 1019/1774/1019
f 1019/1774/1019 1024/1775/1024 1025/1776/1025
f 1019/1763/1019 1025/1777/1025 1017/1761/1017
f 1017/1761/1017 1018/1770/1018 1015/1758/1015
f 1021/1766/1021 1024/1775/1024 1019/1774/1019
f 1017/1761/1017 1025/1777/1025 1018/1770/1018
f 1026/1778/1026 1020/1779/1020 1018/1770/1018
f 1025/1777/1025 1026/1778/1026 1018/1770/1018
f 1020/1764/1020 1026/1780/1026 1023/1773/1023
f 1023/1781/1023 1024/1775/1024 1021/1766/1021
f 1024/1775/1024 1026/1782/1026 1025/1776/1025
f 1022/1772/1022 1023/1781/1023 1021/1766/1021
f 1024/1775/1024 1023/1781/1023 1026/1782/1026
