# Blender 4.4.0
# www.blender.org
mtllib Meshy_AI_a_rolled_up_old_map_p_0425191533_texture.mtl
o Meshy_AI_a_rolled_up_old_map_p_0425191533_texture
v -0.853795 0.027186 -0.441566
v -0.902484 -0.011500 -0.458936
v -0.908296 0.054647 -0.457152
v -0.863458 -0.019971 -0.445098
v -0.911431 -0.093690 -0.433749
v -0.903093 -0.057677 -0.431256
v -0.917759 0.099724 -0.419605
v -0.851300 -0.099183 -0.405944
v -0.866804 0.038049 -0.429271
v -0.865533 0.112983 -0.368864
v -0.912049 -0.104833 -0.403278
v -0.861028 0.074114 -0.423920
v -0.669395 -0.051364 -0.384902
v -0.769590 0.005092 -0.404466
v -0.678873 0.012363 -0.391154
v -0.768799 0.064924 -0.383169
v -0.914077 0.118601 -0.403800
v -0.806200 -0.158149 -0.343021
v -0.713418 0.068019 -0.378219
v -0.915340 0.107014 -0.374013
v -0.677695 -0.059377 -0.366409
v -0.817662 0.134363 -0.355778
v -0.625551 -0.125743 -0.339482
v -0.816985 -0.101068 -0.378826
v -0.667916 -0.003742 -0.380974
v -0.524043 -0.013839 -0.362897
v -0.500351 0.046335 -0.345647
v -0.683880 0.125611 -0.321712
v -0.878214 0.106767 -0.344143
v -0.874997 0.118658 -0.349122
v -0.663279 -0.048914 -0.380541
v -0.532994 0.111711 -0.308028
v -0.870731 0.131903 -0.361576
v -0.545653 -0.019676 -0.363053
v -0.681072 0.047346 -0.374102
v -0.658808 -0.131211 -0.337910
v -0.554588 0.044488 -0.350834
v -0.920816 -0.188569 -0.306079
v -0.851694 -0.166463 -0.315567
v -0.421972 -0.083685 -0.333684
v -0.570938 0.091969 -0.325676
v -0.682312 0.098657 -0.346513
v -0.667826 -0.123397 -0.332332
v -0.548481 -0.113263 -0.328914
v -0.546205 -0.070517 -0.346033
v -0.540785 -0.051837 -0.352522
v -0.925534 -0.054549 -0.343598
v -0.929277 0.028894 -0.334987
v -0.926392 0.019442 -0.353120
v -0.772762 0.118266 -0.318972
v -0.703059 -0.136217 -0.325588
v -0.759314 -0.070097 -0.296742
v -0.933215 0.059653 -0.336196
v -0.720357 0.123457 -0.306110
v -0.301369 -0.000223 -0.326409
v -0.832764 0.012395 -0.325863
v -0.777415 -0.119986 -0.273621
v -0.807774 0.130491 -0.326817
v -0.921389 0.148293 -0.255200
v -0.922067 -0.190635 -0.281929
v -0.290823 -0.090139 -0.308690
v -0.291708 -0.015203 -0.324340
v -0.480124 -0.031632 -0.350237
v -0.255271 -0.057612 -0.319844
v -0.458245 0.001968 -0.346377
v -0.873013 -0.019659 -0.321279
v -0.364283 0.065228 -0.312353
v -0.486839 0.034963 -0.339184
v -0.803924 0.157884 -0.277794
v -0.748480 -0.185612 -0.270043
v -0.545020 -0.154587 -0.296975
v -0.919090 -0.119430 -0.300193
v -0.929113 -0.087621 -0.312413
v -0.362671 0.070058 -0.314100
v -0.488076 0.078291 -0.318095
v -0.565264 0.082460 -0.320661
v -0.456757 -0.067306 -0.335735
v -0.493659 -0.098481 -0.330668
v 0.023028 -0.079982 -0.317648
v 0.012859 0.037632 -0.318655
v 0.036390 0.012812 -0.308141
v -0.919320 0.085754 -0.307411
v -0.414095 0.113885 -0.286679
v -0.622638 0.120270 -0.304424
v -0.728844 -0.014858 -0.303894
v -0.001118 0.009422 -0.313247
v -0.079291 -0.053583 -0.307951
v -0.162358 0.046727 -0.306207
v -0.831140 0.070330 -0.296855
v -0.736292 0.054134 -0.288796
v -0.656438 0.128700 -0.271689
v -0.823468 0.156985 -0.250440
v -0.920042 0.154771 -0.273604
v -0.852081 -0.066476 -0.304740
v -0.297398 0.106624 -0.279810
v -0.422087 -0.163465 -0.277423
v 0.044170 -0.093628 -0.288372
v 0.488160 -0.015651 -0.311088
v 0.596319 0.022166 -0.309807
v 0.630149 -0.053825 -0.308123
v 0.854404 -0.044699 -0.307957
v -0.616556 0.108479 -0.286321
v -0.770936 -0.203110 -0.267127
v -0.328020 -0.153429 -0.272761
v -0.251828 -0.128488 -0.286817
v -0.552494 -0.141379 -0.301217
v -0.000626 -0.107483 -0.289491
v 0.283187 -0.050514 -0.305093
v 0.241306 0.014194 -0.305021
v 0.887395 0.037377 -0.300814
v 0.949524 0.065039 -0.294776
v 0.943995 -0.011167 -0.307134
v -0.171424 0.045695 -0.302977
v -0.924702 0.081409 -0.287762
v -0.503794 -0.134127 -0.306279
v 0.403349 -0.101185 -0.288649
v 0.944289 -0.061446 -0.297137
v 0.138050 -0.028993 -0.307110
v -0.089870 -0.079266 -0.300046
v 0.022085 0.002175 -0.302897
v -0.530561 0.000987 -0.268418
v 0.071738 0.088285 -0.280582
v 0.347390 0.080271 -0.281813
v 0.776025 0.082200 -0.291321
v -0.549182 0.066017 -0.250444
v 0.017957 0.101991 -0.297563
v -0.932735 0.121807 -0.233131
v -0.597504 -0.196956 -0.258856
v -0.669433 -0.188951 -0.250793
v -0.613183 -0.161230 -0.215540
v 0.668493 -0.119111 -0.284590
v 0.231057 -0.122222 -0.277715
v -0.532493 -0.056649 -0.264230
v 0.767539 -0.042269 -0.293689
v 0.763378 -0.027274 -0.305079
v 0.767566 -0.061126 -0.299973
v 0.846220 -0.030118 -0.300115
v 0.641852 0.004810 -0.308775
v 0.675920 -0.075442 -0.300166
v 0.481362 0.008995 -0.305486
v 0.434984 -0.069128 -0.299482
v 0.760191 0.006378 -0.305197
v -0.730519 0.022057 -0.282414
v -0.591487 -0.052885 -0.276412
v -0.611199 0.042765 -0.276615
v 0.778330 0.041314 -0.300623
v -0.753457 0.059908 -0.265473
v 0.810082 0.022512 -0.297924
v 0.849764 0.128899 -0.259797
v 0.618140 0.066480 -0.297650
v -0.011845 0.091541 -0.275937
v 0.037304 0.099779 -0.279070
v -0.657856 -0.187587 -0.270278
v -0.563080 -0.085054 -0.260357
v -0.567763 -0.115445 -0.240700
v -0.734142 -0.054392 -0.286075
v -0.720251 -0.006821 -0.288536
v 0.046922 -0.077641 -0.290785
v 0.324817 -0.052779 -0.302198
v 0.320718 0.004800 -0.302223
v 0.763942 0.034395 -0.292161
v -0.002389 0.085033 -0.276934
v 0.765313 0.070926 -0.294761
v 0.632155 0.073515 -0.291651
v 0.560079 0.084975 -0.286300
v -0.156401 0.109452 -0.264711
v -0.432176 0.131448 -0.264571
v -0.567525 0.159716 -0.241142
v 0.915412 -0.119609 -0.275104
v 0.788013 -0.068362 -0.285821
v 0.130713 -0.024233 -0.301081
v 0.314010 -0.041458 -0.292098
v 0.315652 0.040700 -0.293793
v 0.083474 0.046027 -0.292528
v 0.327647 0.078915 -0.281566
v -0.558642 0.038676 -0.263697
v 0.772863 0.069210 -0.281191
v 0.789143 0.057533 -0.290880
v -0.557751 0.125045 -0.287970
v 0.762833 -0.132467 -0.272917
v 0.536543 -0.135138 -0.270773
v 0.130812 -0.089929 -0.280229
v 0.938337 -0.015244 -0.288721
v 0.838983 -0.017030 -0.275581
v 0.651132 -0.044231 -0.287544
v 0.730155 0.024493 -0.284029
v -0.926314 -0.051334 -0.260781
v -0.926047 0.020348 -0.278803
v -0.920551 -0.015919 -0.290084
v 0.642370 0.029210 -0.287735
v -0.918950 0.013754 -0.291701
v 0.846880 -0.012062 -0.296015
v 0.948529 0.092725 -0.268572
v 0.743605 0.088097 -0.256383
v 0.242157 0.085006 -0.274408
v -0.272541 0.134905 -0.246348
v -0.258102 -0.173244 -0.250025
v -0.927325 -0.152601 -0.255545
v 0.945385 -0.135661 -0.252403
v 0.691779 -0.078465 -0.278006
v 0.671403 -0.034377 -0.284805
v -0.723443 -0.042150 -0.280536
v -0.917304 0.041459 -0.274574
v -0.760917 0.158051 -0.196411
v -0.737878 0.167498 -0.227061
v 0.023964 -0.171563 -0.267479
v 0.260217 -0.176036 -0.236556
v 0.319866 -0.114662 -0.278246
v -0.861454 -0.131779 -0.247428
v 0.024803 -0.135003 -0.259998
v 0.774736 -0.115330 -0.265906
v 0.311947 -0.106981 -0.268370
v -0.599997 -0.118401 -0.249114
v 0.869770 -0.088299 -0.279274
v 0.801895 -0.070152 -0.269402
v 0.896772 0.050489 -0.257535
v 0.757574 0.100939 -0.258174
v 0.726012 0.111049 -0.266481
v 0.043597 -0.157216 -0.254470
v -0.718811 -0.079984 -0.264361
v 0.939185 -0.075087 -0.273844
v 0.689852 -0.068618 -0.276069
v -0.919887 -0.074678 -0.262264
v -0.841037 -0.093863 -0.234983
v 0.715591 0.010077 -0.274425
v -0.763484 0.040290 -0.248601
v 0.103632 0.120145 -0.251278
v -0.735598 0.131359 -0.198990
v -0.895904 0.119946 -0.241388
v 0.492923 0.139381 -0.240496
v 0.620016 0.152237 -0.226928
v 0.001986 -0.181648 -0.235138
v 0.287701 -0.121925 -0.267088
v 0.705000 -0.031916 -0.251689
v -0.742335 0.001236 -0.254018
v 0.735155 0.069142 -0.260043
v -0.661143 0.099569 -0.237112
v 0.634228 0.100682 -0.257179
v 0.726527 0.110397 -0.238398
v 0.311751 0.124055 -0.245319
v 0.002239 0.169030 -0.194946
v -0.420440 0.148460 -0.244175
v 0.040258 0.200709 -0.189522
v 0.014169 0.174879 -0.233381
v -0.929742 0.171398 -0.208302
v 0.553156 -0.171872 -0.242278
v -0.203214 -0.165532 -0.245540
v 0.645540 -0.115357 -0.254116
v 0.744411 -0.077903 -0.249653
v -0.597597 0.004167 -0.278413
v -0.739521 -0.058579 -0.248416
v -0.929809 0.075126 -0.234524
v -0.923772 0.105586 -0.234277
v 0.397005 0.136867 -0.233417
v -0.203153 0.150324 -0.223539
v -0.572962 0.133252 -0.267997
v -0.539315 0.123156 -0.260654
v -0.931390 -0.219119 -0.227509
v 0.279653 -0.131635 -0.267635
v 0.271055 -0.120475 -0.264283
v 0.225595 -0.131917 -0.264810
v 0.299627 -0.138288 -0.245224
v 0.922517 -0.073709 -0.249514
v -0.590753 -0.071016 -0.267121
v 0.953536 0.037514 -0.260306
v -0.825435 -0.005785 -0.248334
v 0.310468 0.125631 -0.248349
v -0.076204 0.146622 -0.226763
v 0.948505 0.126298 -0.257775
v -0.564433 -0.210576 -0.215691
v 0.217286 -0.154368 -0.241851
v -0.923063 -0.157027 -0.215591
v 0.713152 -0.105775 -0.244168
v 0.764844 -0.049068 -0.271421
v 0.737230 -0.064054 -0.262953
v 0.741833 -0.075056 -0.252497
v 0.740758 -0.101258 -0.258552
v 0.806004 -0.047720 -0.270145
v 0.954170 -0.025382 -0.251079
v 0.761749 0.011040 -0.254764
v -0.834273 0.037368 -0.222665
v -0.635179 0.076288 -0.247707
v -0.730383 0.095960 -0.217108
v -0.708463 0.147945 -0.236902
v -0.661198 -0.213227 -0.221661
v 0.049484 -0.190965 -0.221333
v -0.620146 -0.160035 -0.211423
v 0.142549 -0.170424 -0.217693
v -0.745120 -0.115441 -0.246795
v 0.822728 -0.051998 -0.251333
v 0.757362 0.059977 -0.239284
v 0.818558 0.127123 -0.237883
v 0.549706 0.142116 -0.235242
v -0.543022 0.146979 -0.244410
v -0.366771 -0.191905 -0.229123
v 0.807176 -0.182347 -0.231326
v -0.728367 -0.174021 -0.200994
v -0.059211 -0.173352 -0.225113
v 0.252310 -0.167732 -0.213481
v 0.781761 -0.138407 -0.244930
v 0.801939 -0.136942 -0.236216
v 0.698812 -0.131310 -0.240424
v 0.850025 -0.155813 -0.232440
v 0.942534 -0.135384 -0.241062
v 0.755331 -0.056173 -0.242920
v 0.876716 -0.094980 -0.244804
v -0.742722 0.083119 -0.189087
v -0.596581 0.133239 -0.257136
v 0.032387 -0.227234 -0.207270
v -0.737455 -0.149967 -0.190083
v 0.887267 -0.086062 -0.223915
v -0.666316 0.105001 -0.214230
v -0.917054 0.052735 -0.223770
v -0.721623 0.063697 -0.241719
v 0.673093 0.132500 -0.207454
v 0.139454 0.154373 -0.207680
v -0.383418 0.161534 -0.202468
v -0.937509 -0.212506 -0.195463
v -0.396079 -0.209255 -0.210995
v 0.243280 -0.177341 -0.229797
v -0.720526 -0.135295 -0.244233
v -0.770042 -0.118046 -0.260017
v 0.856648 -0.160363 -0.205337
v 0.950520 -0.117312 -0.215695
v -0.842574 -0.050678 -0.236516
v -0.787582 0.002333 -0.235920
v 0.648592 0.142741 -0.205536
v 0.044449 0.157389 -0.214914
v -0.520268 0.143291 -0.228247
v -0.759288 -0.230381 -0.194057
v -0.785982 -0.193226 -0.166586
v 0.411627 -0.200126 -0.203670
v 0.630317 -0.191318 -0.218219
v 0.775505 -0.169825 -0.240577
v -0.596465 -0.146734 -0.217345
v -0.600026 -0.115981 -0.242496
v 0.781234 -0.108104 -0.223018
v 0.947594 -0.090582 -0.215363
v 0.877953 -0.046929 -0.236244
v 0.877056 0.034664 -0.243344
v 0.888786 -0.047900 -0.233626
v 0.908893 -0.000974 -0.221891
v 0.881586 -0.014304 -0.219092
v 0.887206 0.026939 -0.243805
v 0.950563 0.020376 -0.234208
v 0.932548 0.098827 -0.218512
v 0.700964 0.158589 -0.217100
v 0.804390 0.175433 -0.189797
v -0.196079 -0.222296 -0.178260
v -0.918395 -0.182279 -0.193525
v -0.829377 -0.153015 -0.239397
v -0.739547 -0.105339 -0.215750
v -0.927199 -0.024874 -0.244218
v -0.831873 -0.052268 -0.225763
v 0.884599 0.027256 -0.218634
v -0.646236 0.121644 -0.202623
v -0.647808 0.147117 -0.227155
v 0.752500 0.140053 -0.218784
v -0.029999 0.158193 -0.199028
v -0.463821 0.149473 -0.208579
v -0.410330 0.136580 -0.220801
v 0.736937 0.132763 -0.248781
v -0.472072 0.158191 -0.214597
v 0.782932 -0.178249 -0.221166
v 0.777282 -0.171978 -0.200938
v 0.937610 -0.198611 -0.181974
v -0.827698 -0.138501 -0.233132
v 0.867417 -0.163849 -0.204052
v 0.755431 -0.114652 -0.207961
v 0.949525 -0.067714 -0.205888
v 0.880631 0.025115 -0.214716
v 0.952892 0.095837 -0.192864
v 0.947731 0.159145 -0.197648
v 0.947516 0.164952 -0.207378
v 0.669551 -0.177450 -0.192294
v -0.920206 -0.109388 -0.195920
v -0.630808 0.106033 -0.212424
v -0.417989 0.147669 -0.196807
v 0.723064 0.159177 -0.203781
v -0.814838 0.167677 -0.112776
v 0.226471 -0.197068 -0.198243
v 0.056814 -0.204446 -0.162316
v 0.838975 -0.166443 -0.208001
v -0.880378 -0.154846 -0.203981
v -0.695654 -0.175432 -0.186280
v 0.930117 -0.176048 -0.186123
v -0.737716 -0.098688 -0.222421
v -0.841641 -0.074247 -0.209562
v 0.893096 -0.055235 -0.205496
v 0.883838 0.076381 -0.209122
v 0.746527 0.099737 -0.193599
v 0.938031 0.068111 -0.227481
v 0.762601 0.110487 -0.206997
v 0.722121 0.149490 -0.184192
v -0.171282 0.169035 -0.178782
v -0.428450 0.158923 -0.207287
v 0.774857 -0.211698 -0.186217
v -0.169551 -0.199892 -0.191109
v -0.893074 -0.175658 -0.206168
v -0.836113 -0.164294 -0.176321
v -0.672815 -0.158662 -0.209216
v 0.920368 -0.170769 -0.183052
v -0.928248 -0.141497 -0.185279
v -0.916616 -0.057398 -0.202513
v 0.930297 -0.000065 -0.221173
v 0.926250 0.041516 -0.216106
v 0.265311 0.166096 -0.185298
v 0.017788 -0.224657 -0.189319
v 0.785618 -0.188927 -0.191311
v -0.834399 -0.174725 -0.140998
v 0.940933 -0.122020 -0.210033
v 0.879635 -0.058323 -0.202659
v 0.805938 -0.039336 -0.211134
v 0.807967 0.029316 -0.211642
v -0.746922 0.015351 -0.221757
v -0.733177 0.068336 -0.206871
v -0.743867 0.053585 -0.212087
v 0.883203 0.062004 -0.196602
v 0.935387 0.059319 -0.206096
v 0.896228 0.106746 -0.169998
v 0.937666 0.085036 -0.195153
v -0.593976 0.132010 -0.174571
v 0.784531 0.145466 -0.178239
v -0.296426 0.170252 -0.174276
v 0.609291 0.179691 -0.169350
v 0.745428 -0.227215 -0.165514
v 0.218675 -0.199178 -0.176006
v -0.645495 -0.063483 -0.196873
v -0.395641 0.158047 -0.182223
v -0.371571 0.178201 -0.166158
v 0.056013 -0.220246 -0.177852
v 0.873149 -0.105883 -0.204021
v 0.914723 -0.060164 -0.206055
v 0.886474 -0.095781 -0.209104
v 0.943729 -0.093387 -0.208441
v 0.861837 0.010499 -0.214994
v -0.928025 0.083623 -0.144707
v 0.949160 -0.000935 -0.211231
v 0.951077 0.060544 -0.186954
v 0.853575 0.162645 -0.185170
v -0.478959 0.154769 -0.181814
v -0.517404 0.158130 -0.180230
v 0.439066 -0.210823 -0.189138
v 0.840411 -0.141785 -0.178834
v 0.952658 -0.089053 -0.195679
v -0.752392 -0.036402 -0.213583
v -0.783887 -0.060619 -0.117296
v 0.941977 -0.032563 -0.209239
v 0.950610 0.025307 -0.198615
v -0.671459 0.128662 -0.180773
v -0.556518 0.159833 -0.175398
v 0.429109 0.170522 -0.179559
v 0.710923 0.167976 -0.185886
v -0.870641 -0.217987 -0.167688
v -0.668557 -0.223997 -0.157237
v -0.772447 -0.161722 -0.130222
v -0.853074 -0.069524 -0.186590
v 0.877232 -0.108621 -0.169621
v 0.805967 -0.100155 -0.180330
v -0.923458 -0.044777 -0.173291
v 0.857099 0.073290 -0.182219
v 0.898071 0.093281 -0.158209
v -0.935912 0.131195 -0.140703
v -0.688455 0.156822 -0.194615
v -0.357771 0.163551 -0.171336
v -0.596294 0.167793 -0.136234
v 0.304723 0.164914 -0.181925
v -0.524927 -0.236319 -0.153735
v -0.035427 -0.227518 -0.160035
v 0.943777 -0.142696 -0.179048
v 0.950537 -0.125602 -0.153300
v 0.863648 -0.072222 -0.187242
v -0.712077 0.117130 -0.158259
v -0.700320 0.098998 -0.184041
v -0.755601 0.146572 -0.150095
v 0.590710 0.176021 -0.171973
v 0.249917 -0.223814 -0.159324
v 0.943327 -0.207969 -0.147203
v 0.196903 -0.200525 -0.158409
v -0.922942 -0.173866 -0.173439
v 0.941941 -0.153068 -0.186057
v -0.867821 -0.141478 -0.166674
v 0.938531 -0.147493 -0.159976
v 0.944770 -0.144418 -0.136263
v -0.927478 -0.109801 -0.159826
v 0.945529 -0.077181 -0.180553
v 0.941356 -0.034169 -0.181149
v -0.784013 -0.016556 -0.126789
v 0.933689 0.101011 -0.153707
v 0.950775 0.133166 -0.151578
v 0.743152 0.163623 -0.169803
v -0.167565 0.180829 -0.155058
v -0.649054 0.181014 -0.136822
v -0.861807 -0.240103 -0.119826
v -0.367853 -0.216949 -0.179066
v 0.325904 -0.201522 -0.150364
v 0.661676 -0.197292 -0.148679
v 0.834833 -0.118734 -0.180651
v 0.855381 0.041032 -0.171639
v 0.939334 0.006764 -0.181216
v 0.853557 -0.006648 -0.181633
v -0.699942 0.119266 -0.153366
v 0.746420 0.142841 -0.151702
v -0.763244 0.115786 -0.182203
v -0.716672 0.120677 -0.186949
v -0.774587 0.131414 -0.181954
v -0.291630 0.157433 -0.165915
v -0.245689 0.148725 -0.171448
v 0.004819 0.178494 -0.153309
v 0.027191 0.218677 -0.140652
v -0.342834 -0.241751 -0.120153
v 0.565827 -0.228675 -0.147300
v 0.252743 -0.223655 -0.153318
v 0.854159 -0.130974 -0.186349
v 0.752994 -0.135493 -0.184626
v 0.940845 -0.035974 -0.172774
v 0.852130 -0.047012 -0.169878
v -0.920107 -0.001839 -0.163058
v -0.781263 0.015440 -0.104553
v 0.947124 0.081159 -0.166331
v -0.765948 0.129022 -0.122937
v -0.932425 0.143370 -0.160860
v -0.358346 0.152841 -0.170917
v -0.455638 0.160346 -0.168591
v 0.455387 0.178570 -0.158496
v 0.634065 -0.248062 -0.107913
v 0.746658 -0.221004 -0.154028
v -0.241668 -0.221380 -0.135082
v 0.799154 -0.193308 -0.171881
v 0.798928 -0.208502 -0.167299
v -0.047426 -0.205824 -0.151865
v 0.146857 -0.204042 -0.157269
v -0.825222 -0.183349 -0.109783
v 0.929898 -0.073467 -0.159013
v -0.922904 0.114509 -0.130732
v 0.737849 0.161119 -0.136161
v 0.875555 0.177611 -0.131819
v -0.314437 0.174093 -0.146958
v 0.849965 0.192071 -0.135195
v 0.379283 -0.234757 -0.136961
v -0.929987 -0.182048 -0.150153
v 0.947397 -0.186094 -0.142827
v 0.861517 -0.133778 -0.136312
v -0.703879 0.142231 -0.157227
v -0.528453 0.138631 -0.143711
v -0.761120 0.162245 -0.162209
v -0.523000 0.162156 -0.169602
v 0.724078 0.169022 -0.130699
v 0.775627 0.168581 -0.133583
v 0.711411 0.191354 -0.115853
v 0.390749 0.185429 -0.131427
v 0.954021 0.196115 -0.123531
v -0.841627 0.181225 -0.137311
v -0.474546 0.187782 -0.098342
v 0.056383 0.191770 -0.128405
v 0.801898 -0.198165 -0.145276
v 0.945030 -0.016512 -0.152606
v -0.704921 0.142313 -0.148393
v -0.866051 0.155453 -0.091034
v -0.454997 0.129373 -0.145212
v 0.863971 0.156386 -0.127985
v -0.740820 0.163121 -0.153727
v 0.180727 0.194803 -0.112821
v 0.020375 -0.240805 -0.141473
v 0.371092 -0.236633 -0.129015
v -0.873009 -0.198017 -0.149236
v -0.627161 -0.190565 -0.149460
v -0.684966 -0.199591 -0.140605
v 0.940523 -0.165746 -0.140994
v 0.938247 -0.110572 -0.157684
v 0.949536 0.089469 -0.147645
v -0.658645 0.152437 -0.121106
v -0.350938 0.139613 -0.143106
v -0.474955 0.134695 -0.154471
v -0.272270 0.156354 -0.156921
v -0.457830 0.164369 -0.160958
v 0.018463 0.191424 -0.113680
v -0.655251 -0.232862 -0.135388
v 0.664188 -0.219988 -0.150677
v 0.769388 -0.229129 -0.140516
v 0.243976 -0.207328 -0.148658
v -0.887076 -0.169593 -0.137536
v 0.847659 -0.086048 -0.151536
v 0.861277 -0.068607 -0.140770
v -0.839597 -0.050441 -0.160925
v -0.836499 -0.017964 -0.166887
v 0.942414 0.013734 -0.170609
v -0.419448 0.150409 -0.189681
v -0.371504 0.139153 -0.155509
v -0.365344 0.154589 -0.161992
v -0.535789 0.141006 -0.149397
v 0.954801 0.180615 -0.123129
v 0.726526 0.191293 -0.122729
v 0.613062 -0.226363 -0.151098
v -0.359801 -0.229138 -0.107713
v 0.421919 -0.229053 -0.142002
v 0.872687 -0.235961 -0.123679
v -0.925091 -0.212322 -0.101518
v -0.777271 -0.169960 -0.132095
v 0.752994 -0.171734 -0.127999
v -0.829878 -0.161974 -0.133652
v 0.819163 -0.144410 -0.129992
v -0.922299 -0.074745 -0.139872
v 0.942878 -0.057357 -0.153695
v 0.940658 -0.020234 -0.153220
v -0.892675 0.000256 -0.156878
v -0.850709 -0.002648 -0.154747
v -0.919985 0.025076 -0.136590
v -0.927880 0.080272 -0.085419
v 0.943259 0.074796 -0.139613
v 0.863510 0.101572 -0.133382
v 0.798076 0.112243 -0.107823
v -0.802088 0.126074 -0.143004
v -0.156468 0.183634 -0.110114
v -0.935594 -0.236863 -0.118138
v 0.195552 -0.245840 -0.099823
v 0.281904 -0.232271 -0.130011
v 0.878734 -0.185251 -0.090111
v -0.779919 -0.187651 -0.081442
v -0.923667 -0.054119 -0.146644
v 0.860919 -0.026111 -0.155098
v 0.941246 0.067693 -0.140054
v -0.864137 0.120320 -0.097398
v -0.801195 0.121322 -0.091015
v 0.804850 0.131346 -0.130112
v -0.295307 0.158118 -0.154059
v -0.212976 0.159530 -0.141252
v -0.379838 0.173496 -0.111721
v 0.301929 0.186797 -0.112417
v -0.194567 0.183411 -0.114317
v -0.061723 -0.223493 -0.106525
v -0.600530 -0.197223 -0.149328
v 0.169091 -0.197446 -0.146937
v 0.950153 -0.185142 -0.123213
v 0.852141 -0.146427 -0.119239
v 0.878143 -0.076833 -0.146974
v 0.872629 -0.075993 -0.135316
v -0.888558 0.010351 -0.150920
v 0.858354 0.032728 -0.143783
v 0.944026 0.054969 -0.128187
v 0.855347 0.090084 -0.113145
v -0.752713 0.126900 -0.071829
v -0.256957 0.183598 -0.122655
v 0.457530 0.194423 -0.101724
v -0.763876 -0.247011 -0.094253
v -0.443625 -0.226962 -0.135773
v -0.935248 -0.231699 -0.086915
v 0.787796 -0.217742 -0.131222
v -0.111348 -0.197705 -0.146183
v -0.044694 -0.203489 -0.133405
v 0.013301 -0.197246 -0.146901
v 0.339926 -0.198226 -0.147285
v 0.635609 -0.203163 -0.131317
v 0.939271 -0.201782 -0.121444
v -0.911533 -0.173709 -0.132955
v -0.929590 -0.154625 -0.100483
v -0.779350 -0.085757 -0.100644
v 0.925437 0.125801 -0.122225
v -0.894415 0.124614 -0.109702
v 0.753386 0.137624 -0.120170
v -0.780624 0.133137 -0.108703
v -0.389880 0.154116 -0.089859
v -0.103478 0.161342 -0.136688
v -0.193592 0.165278 -0.139257
v 0.063765 -0.246391 -0.090551
v 0.469162 -0.220243 -0.124759
v -0.173146 -0.221522 -0.129310
v -0.118760 -0.220652 -0.121457
v 0.738110 -0.222408 -0.127609
v 0.824575 -0.204265 -0.135578
v 0.345595 -0.212408 -0.127709
v -0.057344 -0.209228 -0.087797
v 0.772912 -0.184662 -0.099334
v 0.909797 -0.145255 -0.107589
v 0.944799 -0.125743 -0.082999
v 0.928933 -0.082721 -0.128723
v 0.944756 0.041678 -0.134003
v -0.798791 0.147349 -0.120846
v -0.216945 0.144010 -0.120217
v -0.251681 0.174513 -0.117970
v -0.274983 0.173349 -0.128292
v -0.911192 0.193336 -0.074606
v -0.554166 0.186918 -0.094743
v 0.599626 -0.228742 -0.140593
v 0.551271 -0.224684 -0.128315
v 0.556104 -0.229779 -0.140317
v 0.274212 -0.213142 -0.124818
v -0.020533 -0.211877 -0.121973
v -0.387867 -0.212230 -0.102712
v -0.924456 -0.201797 -0.126809
v 0.369463 -0.208752 -0.089747
v 0.477774 -0.208391 -0.092419
v 0.945166 -0.195439 -0.110509
v 0.947399 -0.162178 -0.103794
v -0.865404 -0.092387 -0.121071
v 0.948072 -0.130485 -0.109181
v 0.943399 0.104328 -0.124222
v -0.707093 0.133867 -0.099506
v -0.503921 0.149591 -0.096445
v -0.504935 0.158944 -0.037498
v 0.801237 0.139840 -0.157100
v 0.810640 0.148606 -0.136672
v 0.209883 0.191070 -0.089982
v 0.802218 0.196054 -0.107318
v 0.050699 -0.270235 -0.044084
v 0.770283 -0.252589 -0.094186
v 0.427240 -0.228825 -0.122236
v 0.465491 -0.225288 -0.139899
v -0.661760 -0.228386 -0.112243
v 0.402547 -0.221230 -0.115945
v 0.362298 -0.231938 -0.102703
v 0.511151 -0.215435 -0.115750
v 0.031768 -0.210967 -0.137607
v 0.499124 -0.207130 -0.120393
v -0.673813 -0.213213 -0.089824
v -0.112868 -0.213078 -0.088137
v 0.847136 -0.179840 -0.099147
v -0.796229 -0.096612 -0.083319
v -0.861040 -0.112286 -0.144251
v 0.852776 -0.122532 -0.099480
v 0.913953 -0.102578 -0.113196
v -0.922638 -0.047792 -0.128665
v -0.925724 0.016475 -0.113904
v -0.177461 -0.246208 -0.094208
v 0.031179 -0.251179 -0.048633
v -0.771629 -0.229405 -0.076757
v 0.565704 -0.221151 -0.118629
v 0.609734 -0.230972 -0.104639
v -0.528172 -0.215098 -0.091935
v 0.680591 -0.210789 -0.119835
v 0.727595 -0.212702 -0.127688
v 0.947181 -0.159542 -0.109399
v 0.872984 -0.129220 -0.105870
v 0.931191 0.160940 -0.104215
v -0.134329 0.163044 -0.122741
v -0.916942 0.174453 -0.092715
v 0.147875 0.188516 -0.097532
v 0.946613 0.200312 -0.092300
v 0.320164 -0.235639 -0.094365
v -0.435823 -0.228501 -0.103717
v -0.264490 -0.225121 -0.105739
v -0.251107 -0.224545 -0.108403
v 0.362210 -0.213811 -0.112983
v 0.627629 -0.218459 -0.095988
v 0.940182 -0.225991 -0.076568
v 0.891372 -0.107683 -0.111624
v 0.864928 0.063686 -0.108879
v 0.907760 0.119878 -0.094984
v -0.590803 0.159018 -0.051348
v 0.807080 0.157488 -0.107824
v -0.222436 0.145091 -0.122982
v -0.229328 0.166291 -0.133916
v -0.172994 0.163135 -0.116127
v -0.294976 0.180449 -0.072425
v 0.605479 0.179754 -0.080764
v 0.075631 0.190924 -0.102651
v -0.333884 0.192096 -0.102155
v 0.726202 -0.222699 -0.107707
v -0.155946 -0.220258 -0.111879
v -0.082917 -0.212770 -0.093353
v -0.148990 -0.210359 -0.112516
v -0.920819 -0.198779 -0.046236
v 0.937811 -0.175838 -0.107924
v -0.775825 -0.045446 -0.122052
v -0.832930 -0.007262 -0.122135
v -0.852195 0.127993 -0.101840
v -0.515318 0.153006 -0.099569
v -0.090365 0.176073 -0.086401
v 0.004239 0.188480 -0.067185
v 0.637259 0.198500 -0.058417
v -0.902658 -0.219779 -0.089464
v -0.789613 -0.219295 -0.078729
v -0.260982 -0.211831 -0.105389
v 0.751716 -0.178655 -0.056099
v -0.927526 -0.117077 -0.088536
v -0.343248 -0.045186 -0.106964
v -0.530939 -0.010269 -0.116633
v -0.853539 -0.049360 -0.119857
v -0.626056 0.004980 -0.109085
v 0.898969 0.075913 -0.097816
v 0.944479 0.071381 -0.084509
v -0.868797 0.087376 -0.121551
v -0.389372 0.156202 -0.090476
v 0.892014 0.163808 -0.114558
v 0.919623 0.183970 -0.092673
v 0.620843 0.192531 -0.089386
v -0.144371 0.201058 -0.059695
v -0.400938 -0.226242 -0.098679
v -0.521843 -0.226530 -0.095136
v 0.309633 -0.214561 -0.111630
v 0.554365 -0.217152 -0.092240
v 0.511661 -0.218613 -0.106156
v -0.917641 -0.194781 -0.094809
v -0.925571 -0.172321 -0.059879
v 0.921952 -0.145219 -0.085169
v -0.860708 -0.132975 -0.085033
v -0.588978 -0.069457 -0.103379
v -0.273923 -0.017582 -0.109928
v 0.937069 0.065111 -0.081540
v 0.944134 0.096254 -0.078974
v 0.928994 0.119956 -0.095995
v -0.919420 0.131356 -0.094899
v 0.752358 0.156637 -0.101780
v -0.936485 0.154326 -0.091115
v -0.558359 0.176753 -0.074781
v 0.805835 0.175948 -0.103624
v 0.487591 0.189055 -0.095551
v -0.732303 0.192570 -0.070173
v -0.395884 0.191420 -0.092633
v 0.060480 0.224718 -0.068105
v 0.849555 -0.249429 -0.045470
v -0.531929 -0.227157 -0.080157
v 0.947212 -0.168800 -0.065289
v -0.279586 -0.061131 -0.098383
v 0.946297 -0.015242 -0.112049
v 0.942151 -0.088375 -0.075866
v 0.850446 -0.021859 -0.117535
v -0.281795 0.002114 -0.102163
v 0.858932 0.028662 -0.104108
v -0.845223 0.027835 -0.078146
v 0.841867 0.025809 -0.090750
v -0.925477 0.044497 -0.033271
v -0.912430 0.093768 -0.080728
v 0.753870 0.140307 -0.104662
v -0.174420 0.179790 -0.085216
v -0.945352 0.183891 -0.082473
v -0.410513 -0.247496 -0.025421
v -0.923829 -0.211747 -0.092433
v 0.859185 -0.143030 -0.094128
v 0.039724 -0.033842 -0.101656
v 0.927525 -0.038331 -0.103076
v 0.851102 -0.067438 -0.094739
v 0.931930 0.013949 -0.097171
v -0.764632 0.133508 -0.066724
v -0.124229 0.150162 -0.104174
v 0.804237 0.146211 -0.109679
v 0.947477 0.151008 -0.055874
v -0.722986 0.160504 -0.053016
v -0.173193 0.158239 -0.085949
v -0.099255 0.159591 -0.082465
v -0.102818 0.183096 -0.082384
v -0.230846 0.195035 -0.081715
v 0.721818 0.190008 -0.000552
v -0.884197 -0.232277 -0.041455
v -0.867581 -0.182650 -0.083665
v -0.858584 -0.101351 -0.079172
v 0.110828 -0.005096 -0.095547
v 0.089568 0.010814 -0.088157
v 0.915867 0.026706 -0.094304
v 0.890113 0.036549 -0.117917
v 0.942812 0.039523 -0.113723
v 0.869502 0.081543 -0.097423
v 0.858366 0.124432 -0.044552
v -0.811858 0.142905 -0.082394
v -0.125698 0.165374 -0.113035
v 0.779498 0.169716 -0.085159
v 0.671184 0.175932 -0.089022
v 0.676811 0.180555 -0.078153
v -0.071947 0.203038 -0.046358
v 0.879763 -0.167214 -0.061148
v -0.324389 -0.085804 -0.082699
v 0.160963 -0.054588 -0.092620
v 0.365355 -0.023631 -0.098739
v -0.288767 0.018542 -0.081800
v 0.940599 0.020311 -0.093185
v 0.863764 0.061448 -0.080608
v 0.939887 0.088905 -0.082790
v 0.827615 0.143557 -0.079368
v 0.844347 0.151484 -0.098152
v -0.890812 0.165363 -0.091498
v -0.791968 0.179446 -0.012675
v 0.858952 0.177847 -0.064728
v 0.915679 0.163718 -0.075230
v -0.036889 0.186424 -0.077667
v 0.076296 0.177144 -0.091907
v -0.850809 0.192679 -0.073822
v -0.812093 0.191669 -0.072738
v 0.940396 -0.187778 -0.063638
v 0.717653 -0.057810 -0.085185
v 0.914771 -0.001428 -0.088083
v 0.943796 -0.018558 -0.085345
v 0.946925 0.044145 -0.077279
v 0.937886 0.128873 -0.011454
v 0.014133 0.175179 -0.082263
v -0.567977 0.190011 -0.071401
v -0.458830 0.198066 -0.093083
v -0.091798 -0.220474 -0.084393
v 0.865344 -0.153968 -0.061775
v -0.660988 -0.095392 -0.083798
v 0.048253 -0.081751 -0.080947
v 0.641049 -0.016995 -0.092618
v 0.656823 -0.005986 -0.088724
v 0.855915 -0.016115 -0.095248
v 0.846214 -0.053748 -0.087913
v 0.389788 0.010667 -0.081182
v 0.945015 0.020075 -0.056569
v -0.814081 0.126750 -0.081895
v 0.861276 0.139776 -0.060847
v 0.911021 0.137046 -0.049072
v -0.216236 0.159241 -0.058753
v 0.074497 0.199475 -0.050359
v 0.946954 -0.203066 -0.033371
v 0.398107 -0.073525 -0.077401
v 0.831987 -0.073605 -0.077483
v 0.943906 -0.076546 -0.061263
v 0.840984 0.011605 -0.076395
v -0.786254 0.038190 -0.050580
v 0.926885 0.034214 -0.078622
v 0.752867 0.152657 -0.012995
v 0.745603 0.167070 -0.057035
v 0.963261 0.172875 -0.062755
v 0.186574 0.178284 -0.041034
v -0.541649 0.198204 -0.074966
v -0.292089 0.200334 -0.074355
v 0.394924 -0.246205 -0.068277
v -0.923738 -0.215324 -0.022836
v 0.875376 -0.215134 -0.043827
v 0.901677 -0.130673 -0.076248
v -0.358051 -0.101952 -0.061717
v -0.845204 -0.021964 0.027502
v 0.915116 -0.069819 -0.072457
v 0.847896 -0.081851 -0.062196
v 0.849298 0.006980 -0.081882
v 0.643344 0.014743 -0.069539
v 0.408546 0.022623 -0.060910
v 0.164133 0.182709 -0.031500
v 0.116453 0.204638 -0.034460
v 0.151374 0.221517 -0.071686
v -0.067843 0.265997 -0.077440
v -0.000033 0.267281 -0.052008
v -0.071013 0.224770 -0.083559
v 0.943614 -0.211499 -0.048359
v 0.940325 -0.202611 -0.028015
v -0.777283 -0.188234 -0.053802
v 0.940389 -0.157623 -0.062958
v 0.830440 -0.099295 -0.056856
v 0.868235 -0.094475 -0.056319
v 0.939818 0.040867 -0.058063
v 0.896048 0.044785 -0.080759
v -0.453989 0.158119 -0.038317
v -0.795108 0.158283 -0.051486
v 0.288811 0.181144 -0.054134
v -0.117142 0.209873 -0.078468
v -0.105872 0.241516 -0.079782
v -0.821081 -0.248979 -0.000734
v -0.633900 -0.229106 -0.052735
v -0.921757 -0.219706 -0.033158
v -0.756526 -0.220953 -0.032391
v 0.106222 0.026201 -0.061032
v 0.940360 0.051869 -0.070257
v 0.923523 0.128662 -0.048242
v -0.883108 0.203036 -0.069161
v 0.165856 0.201429 -0.047558
v 0.219863 0.195774 -0.056679
v -0.949453 0.208117 -0.073674
v 0.049924 -0.216694 -0.031791
v -0.793961 -0.108206 -0.053340
v 0.357865 -0.093604 -0.057742
v -0.490371 0.032656 -0.052113
v 0.886997 0.091409 -0.073066
v -0.220736 0.159129 -0.009940
v -0.031820 0.157908 -0.039607
v 0.869065 0.165782 -0.012758
v 0.834620 0.148553 -0.058326
v 0.231842 0.177667 -0.034887
v -0.821563 0.203490 -0.067244
v -0.228443 0.203712 -0.068810
v 0.061287 0.224686 0.022223
v -0.172426 0.235495 -0.058692
v -0.842019 -0.183537 -0.056008
v 0.260916 -0.104471 -0.044147
v 0.940949 0.022175 -0.053839
v 0.657166 0.025798 -0.038826
v 0.904407 0.044191 -0.030140
v 0.943571 0.139080 -0.006788
v -0.351980 0.161390 -0.029679
v -0.573332 0.203641 -0.065692
v -0.959890 0.200791 -0.017395
v 0.020867 0.250159 -0.037313
v -0.082064 0.240156 -0.027539
v 0.547066 -0.256175 -0.005473
v 0.937221 -0.230727 -0.033456
v -0.098107 -0.102044 -0.057301
v 0.778992 -0.107578 -0.065279
v 0.755583 -0.095182 -0.055597
v 0.939499 -0.110501 0.015594
v 0.863396 0.028164 -0.028713
v -0.935115 0.159268 0.013145
v -0.058328 0.178336 -0.052140
v -0.069327 0.181608 -0.022051
v 0.339130 0.180061 -0.040992
v 0.604640 0.179616 -0.028178
v 0.531776 0.176407 -0.003368
v 0.023000 0.201995 -0.048413
v 0.195179 0.213493 0.005137
v -0.389718 0.203957 -0.011776
v -0.022750 -0.246868 0.031885
v -0.515155 -0.220220 -0.044478
v -0.914644 -0.198741 -0.033425
v 0.754172 -0.195719 -0.030365
v 0.945056 -0.157080 0.023628
v 0.939303 -0.148814 -0.014310
v -0.925048 -0.105894 -0.022630
v -0.587759 -0.105464 -0.041462
v -0.857666 -0.098781 -0.044807
v 0.913312 0.089006 -0.057649
v -0.846269 0.205550 -0.037378
v -0.929157 0.208448 -0.040071
v -0.513999 0.204302 -0.017362
v -0.058367 0.239239 -0.050962
v -0.168339 0.255972 -0.038991
v -0.124600 0.236381 -0.047021
v 0.687850 -0.259856 -0.006329
v -0.699496 -0.244309 0.060207
v 0.154658 -0.248225 0.033714
v -0.933086 -0.246935 0.016704
v -0.513235 -0.221621 -0.063184
v 0.487457 -0.105472 -0.035218
v -0.767755 0.136844 -0.038840
v -0.923184 0.141480 -0.005380
v 0.741276 0.166579 0.040061
v -0.073927 0.162352 -0.040807
v -0.696978 0.204343 -0.029171
v -0.163709 0.212157 -0.044224
v -0.765887 -0.232003 -0.029799
v -0.685064 -0.234189 0.011629
v -0.635570 -0.222672 -0.036205
v 0.833842 -0.187589 -0.011780
v -0.882500 -0.125209 -0.053843
v -0.852213 -0.113122 -0.055005
v 0.846878 -0.134729 -0.025161
v 0.847906 -0.126460 -0.017359
v 0.940810 -0.129122 -0.007767
v 0.359982 0.030883 -0.014278
v 0.934402 0.084396 0.055866
v 0.873214 0.104930 -0.010991
v 0.862005 0.147024 0.024522
v -0.812978 0.144794 -0.029473
v -0.200649 0.160032 -0.027017
v 0.800056 0.188931 -0.021203
v 0.944877 0.198480 -0.006374
v 0.941000 -0.185137 -0.021623
v 0.899964 -0.097194 -0.029482
v 0.936241 0.030755 -0.017908
v -0.929607 0.092622 -0.017088
v 0.934371 0.101441 0.018353
v -0.039397 0.173637 -0.034417
v -0.137992 0.176297 0.024629
v -0.118912 0.206013 -0.047250
v 0.034029 0.204219 0.018150
v -0.004113 0.262352 -0.017733
v 0.080688 -0.251790 0.010653
v -0.783078 -0.224643 -0.030280
v -0.645140 -0.217021 -0.032324
v -0.922136 -0.160540 0.007466
v -0.854974 -0.134871 0.016115
v -0.349852 -0.106377 -0.021666
v -0.871564 -0.097244 -0.007409
v 0.842027 -0.106726 -0.029626
v -0.083867 0.035266 -0.024762
v 0.909255 0.085098 0.040234
v -0.847174 0.158874 -0.004891
v 0.342094 0.167642 -0.036853
v 0.120304 0.219699 0.026482
v -0.007341 0.246033 -0.026633
v -0.926910 -0.234468 0.001531
v 0.912814 -0.214521 -0.021213
v 0.938383 -0.169153 -0.022973
v 0.918209 -0.140606 0.036543
v -0.839480 0.028964 -0.000817
v 0.884923 0.153012 -0.003758
v -0.671456 0.156054 -0.004344
v 0.002835 0.180231 -0.017768
v 0.224005 0.162527 -0.032231
v 0.370906 0.195149 0.001921
v -0.200053 0.205755 0.000997
v -0.929733 0.231516 -0.029127
v 0.659663 -0.213086 -0.004058
v 0.804298 -0.206587 0.013446
v -0.777551 -0.177064 0.011769
v 0.936496 -0.164872 -0.022787
v 0.851160 -0.036938 -0.007231
v -0.630981 0.032012 -0.015148
v -0.408581 0.030293 -0.004136
v -0.609837 0.150087 -0.003450
v -0.456145 0.152144 0.005717
v 0.025875 0.162948 -0.025404
v 0.124981 0.165708 -0.022141
v -0.360087 0.181955 0.031374
v 0.212328 0.196347 0.009536
v -0.726892 0.222947 -0.024182
v 0.380459 -0.213176 0.006137
v 0.918986 -0.107601 -0.031473
v -0.771230 -0.094430 -0.000076
v -0.043111 -0.105420 -0.013981
v 0.366221 -0.105428 -0.012818
v 0.938008 0.107665 0.018505
v 0.295160 0.165269 -0.016874
v 0.170221 0.167647 -0.021233
v 0.379499 0.173893 -0.011805
v 0.078398 0.203340 0.019509
v -0.218822 0.235890 0.015578
v -0.925573 -0.202212 0.024950
v 0.901721 -0.212747 0.004762
v -0.495484 -0.097733 -0.005686
v 0.836687 -0.105417 -0.002136
v 0.849690 0.019529 0.024078
v -0.837710 0.065263 -0.028465
v -0.817825 0.030851 0.000077
v 0.941109 0.044889 0.015138
v 0.244748 0.154794 0.044841
v 0.127277 0.154936 0.047532
v 0.821360 0.166653 0.040585
v 0.345494 0.163045 -0.018288
v 0.110618 0.178812 -0.011993
v 0.899711 0.190770 -0.000207
v -0.138182 0.204936 0.005159
v 0.282447 -0.229438 -0.034610
v 0.295664 -0.238038 -0.022784
v 0.320335 -0.226227 -0.034395
v 0.355490 -0.232325 -0.034077
v 0.412434 -0.235220 -0.029551
v 0.392041 -0.229127 -0.034953
v 0.451266 -0.226438 0.010608
v -0.321721 -0.212925 0.007336
v -0.161829 -0.216873 0.011147
v 0.826164 -0.195715 0.012676
v 0.906190 -0.197911 0.002945
v 0.934464 -0.191527 0.018738
v -0.141085 0.029382 0.004517
v 0.369900 0.166954 -0.000689
v 0.084890 0.163129 0.027572
v -0.574726 -0.225702 0.055280
v 0.934926 -0.119229 0.005179
v -0.718138 0.142586 0.012731
v -0.806287 0.152460 0.007790
v 0.009742 0.155886 0.026367
v 0.560316 0.165040 -0.008251
v 0.519572 0.194161 0.018768
v -0.470282 0.226340 -0.003530
v 0.048755 0.250008 0.005983
v 0.256129 -0.223479 0.018470
v 0.251841 -0.232187 -0.037446
v -0.797242 -0.206532 0.013187
v 0.942133 -0.195693 0.054131
v -0.743920 -0.205804 0.008516
v -0.918966 -0.192267 0.001858
v 0.947545 0.050346 0.035536
v 0.858299 0.082360 0.061456
v -0.858695 0.133495 -0.008631
v 0.435971 0.158056 0.007870
v -0.026078 0.173885 -0.020277
v 0.958802 0.162102 0.022633
v -0.316749 0.205802 -0.005359
v 0.032343 0.223737 0.021565
v 0.577872 -0.238545 -0.015686
v 0.550199 -0.230493 -0.008391
v 0.546633 -0.240311 -0.002620
v -0.509211 -0.225453 -0.025038
v -0.494767 -0.215137 0.001035
v -0.469925 -0.225070 -0.002748
v -0.922229 -0.204460 0.015186
v 0.845983 -0.186167 0.037839
v 0.859050 -0.136094 0.031981
v -0.849229 -0.078433 0.024283
v 0.846054 -0.107169 -0.000745
v 0.940263 0.040139 0.029393
v 0.940096 0.092446 0.045414
v -0.201160 0.155364 0.023978
v 0.035764 0.157118 0.043586
v -0.318461 0.176260 0.091148
v -0.171635 0.225128 0.011091
v -0.776243 0.232268 -0.004997
v -0.190652 0.245364 0.047229
v 0.042745 0.261913 0.040182
v 0.044531 -0.214815 0.012309
v 0.753772 -0.188326 0.028159
v -0.011413 -0.101318 0.014031
v -0.860832 -0.065851 0.016763
v 0.943195 0.020156 0.031973
v -0.825276 0.122620 0.030187
v -0.774301 0.136446 0.005588
v -0.323692 0.226700 0.007947
v -0.934307 0.227457 0.005415
v 0.934510 -0.233275 0.071569
v 0.515086 -0.229102 0.006883
v -0.878573 -0.227387 0.069046
v 0.934003 -0.164425 0.027091
v 0.883594 -0.161351 0.036006
v 0.458477 -0.101269 0.021315
v 0.811894 0.025053 0.014781
v -0.846438 0.140650 0.000764
v 0.298493 0.229378 0.017008
v -0.937334 0.209949 0.008702
v 0.075510 -0.276341 0.100515
v -0.928171 -0.177582 0.023065
v 0.887960 -0.128124 0.045681
v -0.926478 -0.054568 0.026113
v 0.845166 -0.018559 0.077798
v -0.928975 0.007062 0.029255
v 0.940272 0.018826 0.039922
v -0.505975 0.136432 0.042331
v -0.585909 0.123482 0.056756
v 0.029097 0.170685 0.042061
v 0.425519 0.168566 0.015108
v 0.426692 0.230672 0.015802
v -0.561922 0.224254 0.013172
v -0.471727 -0.242889 0.063746
v 0.456704 -0.236152 0.018293
v -0.381508 -0.224058 0.023224
v -0.390620 -0.208570 0.022975
v -0.530642 -0.208955 0.007352
v 0.942007 -0.173637 0.043585
v -0.902414 -0.138945 0.021114
v 0.481248 0.159940 0.010287
v 0.472848 0.153463 0.057933
v -0.936710 0.192229 0.053894
v -0.962076 0.207449 0.049238
v -0.002044 0.228913 0.024982
v -0.725370 0.221591 0.011141
v 0.590994 -0.250949 0.124352
v -0.340354 -0.232920 0.100805
v -0.930493 -0.099552 0.049212
v -0.187068 -0.096710 0.017066
v -0.579316 -0.001298 0.025835
v 0.228202 0.019997 0.029892
v -0.154057 0.153887 0.015791
v -0.005090 0.172337 0.035453
v -0.013848 0.162283 0.020877
v 0.003158 0.238299 0.032609
v 0.471806 -0.249799 0.116421
v 0.303036 -0.250030 0.022847
v 0.632620 -0.234643 0.007655
v 0.603896 -0.198750 0.049453
v 0.928853 -0.201074 0.024147
v -0.582827 -0.182522 0.046719
v 0.844061 -0.101751 0.051124
v -0.597410 -0.069386 0.023361
v -0.928104 0.111814 0.046815
v -0.721225 0.127488 0.048716
v 0.316707 0.144889 0.075806
v -0.621904 0.174345 0.075761
v 0.800228 0.180822 0.018269
v 0.154926 0.229747 0.031392
v -0.369848 0.223908 0.029464
v 0.246258 -0.237008 0.032725
v -0.264148 -0.195920 0.045154
v -0.358363 -0.181819 0.062113
v -0.869557 -0.164405 0.061349
v 0.926079 -0.110847 0.042445
v 0.837080 -0.098929 0.037371
v -0.292932 -0.076908 0.035108
v -0.818789 -0.063779 0.025312
v -0.818855 -0.003054 0.028351
v -0.312587 0.008087 0.028768
v 0.413962 0.181962 0.025314
v -0.940550 0.207478 0.059119
v -0.821006 0.208070 0.015832
v -0.737782 0.206232 0.016438
v 0.080482 0.252233 0.025850
v 0.051746 -0.263307 0.138556
v 0.573163 -0.235396 0.138339
v 0.354432 -0.228578 0.124844
v 0.929432 -0.218229 0.055044
v -0.095514 -0.193377 0.073074
v 0.127253 -0.197078 0.067365
v 0.841589 -0.201119 0.044116
v -0.771446 -0.161855 0.062767
v -0.913459 -0.166979 0.040994
v 0.938176 -0.182414 0.061308
v 0.927615 -0.157457 0.064858
v 0.936872 -0.119060 0.059638
v 0.521305 0.004957 0.052473
v -0.825460 0.050122 0.091500
v -0.863401 0.137111 0.013169
v -0.865466 0.140125 0.038841
v 0.383155 0.189608 0.041210
v -0.220776 0.219603 0.040786
v 0.849419 -0.249455 0.083723
v 0.732451 -0.231577 0.047278
v 0.675346 -0.233833 0.006116
v 0.155484 -0.231212 0.044547
v 0.173553 -0.222094 0.027399
v -0.319605 -0.217412 0.018956
v -0.567452 -0.183887 0.049417
v 0.934085 -0.203196 0.058363
v 0.935719 -0.143078 0.055818
v -0.833417 -0.078819 0.062368
v -0.046052 0.009511 0.040038
v -0.150814 0.135563 0.061976
v 0.280775 0.153624 0.057692
v 0.295974 0.169781 0.048572
v 0.279582 0.165623 -0.005857
v 0.222119 0.168990 0.041475
v 0.455556 0.211121 0.043360
v -0.536892 0.204339 0.029501
v -0.765150 -0.237536 0.093342
v 0.727977 -0.238550 0.060399
v -0.765754 -0.222828 0.084649
v -0.770791 -0.164447 0.060901
v 0.268284 -0.198407 0.061787
v 0.363727 -0.200125 0.061208
v 0.452743 -0.198182 0.054417
v -0.931122 -0.141527 0.080876
v -0.746230 0.129611 0.051993
v 0.009263 0.129465 0.093698
v -0.902259 0.191408 0.072175
v 0.626158 0.184434 0.078266
v 0.397631 0.233020 0.040414
v 0.427220 0.257932 0.063613
v 0.453900 -0.241605 0.172660
v -0.459308 -0.209552 0.102126
v 0.762695 -0.212463 0.023669
v 0.661418 -0.212800 0.024424
v 0.853627 -0.217104 0.037854
v 0.891285 -0.205885 0.084653
v 0.630419 -0.203901 0.037445
v -0.846789 -0.141665 0.067077
v 0.845791 -0.086798 0.070036
v 0.839458 0.000639 0.067932
v -0.180701 0.222702 0.041189
v 0.486310 -0.231539 0.160433
v -0.246374 -0.209493 0.031278
v -0.235197 -0.214626 0.058127
v 0.634206 -0.213778 0.052807
v -0.921422 -0.137545 0.063545
v 0.847937 -0.122271 0.047094
v 0.184908 -0.089631 0.036767
v -0.589859 -0.037940 0.034710
v 0.953660 0.125707 0.092502
v 0.028257 0.152957 0.053388
v -0.399103 0.205265 0.036167
v 0.369498 0.195489 0.040501
v 0.283184 0.199050 0.037074
v 0.048199 0.221031 0.059079
v 0.569694 -0.207035 0.091646
v 0.409979 -0.206343 0.082353
v 0.257856 -0.203440 0.079657
v 0.943559 -0.189220 0.118546
v 0.519248 -0.082818 0.049709
v -0.862351 0.100891 0.082259
v 0.944921 0.161270 0.089086
v 0.091824 0.220201 0.056626
v 0.184436 0.224737 0.059785
v 0.379176 0.256344 0.048873
v -0.789076 -0.129555 0.067504
v 0.866229 -0.146879 0.075979
v 0.120093 -0.061162 0.056181
v -0.928782 -0.038320 0.070317
v -0.313119 -0.033221 0.046073
v -0.077097 -0.024291 0.058481
v -0.930275 0.031758 0.101906
v 0.301101 0.193886 0.054150
v -0.663936 0.192741 0.054171
v -0.656581 0.197436 0.034446
v -0.665154 0.205184 0.050659
v 0.193933 0.195882 0.066921
v 0.238921 0.196672 0.037222
v -0.533010 0.203104 0.050510
v 0.385325 0.218060 0.050720
v -0.175048 -0.208319 0.050091
v 0.941650 -0.090796 0.105897
v 0.221023 -0.010085 0.060010
v -0.931266 0.104958 0.092330
v -0.737444 0.173033 0.107944
v 0.401848 0.176506 0.064679
v -0.269491 0.193892 0.057349
v -0.231647 0.204878 0.047450
v -0.126494 0.203849 0.052610
v -0.875352 0.203893 0.056734
v 0.150461 0.222962 0.100728
v -0.090889 -0.212809 0.042325
v -0.103855 -0.212679 0.079964
v -0.058501 -0.216883 0.062229
v 0.939029 -0.160314 0.087742
v 0.877787 -0.127314 0.073826
v 0.500577 -0.060029 0.063718
v 0.943016 -0.028121 0.093554
v -0.778131 0.096050 0.060953
v -0.865859 0.091786 0.067304
v 0.857265 0.094704 0.127063
v -0.136862 0.115494 0.096046
v -0.214248 0.167776 0.105353
v 0.576338 0.176546 0.074115
v 0.306928 0.204271 0.079790
v 0.298847 0.223531 0.076252
v -0.627430 0.189016 0.056881
v -0.462191 0.190980 0.059191
v 0.578034 0.189815 0.070207
v 0.598980 0.217932 0.061534
v 0.267502 -0.216713 0.164934
v -0.047435 -0.202679 0.064399
v 0.046252 -0.187993 0.092568
v -0.304389 -0.171888 0.081531
v 0.928711 -0.177531 0.100292
v -0.183931 -0.150378 0.112568
v -0.818195 -0.141845 0.071088
v 0.941095 -0.079135 0.082688
v 0.834270 -0.073832 0.074399
v 0.941143 0.036072 0.095350
v 0.934456 0.074395 0.109365
v 0.014995 0.138471 0.083040
v 0.341130 0.163012 0.054323
v 0.001617 0.157873 0.094141
v 0.719773 0.176876 0.102804
v 0.393217 0.191834 0.064801
v -0.167219 0.190540 0.059535
v -0.123059 0.192807 0.040425
v -0.043672 0.192857 0.047293
v -0.182215 0.216647 0.084772
v 0.047827 -0.238779 0.114430
v -0.935215 -0.237787 0.091264
v -0.935660 -0.201883 0.142487
v 0.110687 -0.208582 0.073783
v 0.605809 -0.209505 0.061777
v 0.439086 -0.206987 0.063899
v 0.859181 -0.173284 0.087965
v 0.942870 -0.163735 0.114712
v -0.582522 -0.135925 0.089843
v 0.940869 -0.130993 0.117574
v 0.500762 -0.023972 0.070279
v 0.589836 0.181813 0.070656
v -0.760203 0.194948 0.056829
v 0.023947 0.200013 0.060034
v 0.474114 0.246774 0.072921
v 0.432170 0.258018 0.109711
v -0.196448 0.240899 0.090159
v 0.086842 -0.245345 0.113514
v -0.187490 -0.240373 0.106203
v 0.768016 -0.203344 0.090708
v 0.248792 -0.200823 0.078864
v 0.942742 -0.122320 0.105728
v -0.825791 -0.089302 0.092694
v -0.922808 -0.098614 0.091762
v 0.943975 0.033251 0.101237
v 0.873684 0.049315 0.117606
v -0.514566 0.109502 0.077275
v 0.243842 0.119340 0.113782
v 0.802479 0.146629 0.102360
v 0.341298 0.165255 0.095096
v 0.024249 0.192369 0.069982
v -0.651906 0.185718 0.090812
v 0.242428 0.192966 0.103647
v 0.422262 0.227963 0.072761
v 0.778549 -0.225513 0.073914
v -0.086290 -0.177520 0.093549
v 0.489224 -0.182274 0.123055
v 0.602748 -0.174603 0.141245
v -0.383119 -0.135603 0.105272
v -0.929805 -0.040784 0.115202
v -0.778566 0.078199 0.089796
v 0.933324 0.089178 0.088800
v 0.567667 0.138590 0.106836
v -0.128641 0.155685 0.124450
v 0.344638 0.178045 0.084813
v -0.850988 0.183829 0.144572
v 0.701762 -0.209235 0.105105
v 0.461160 -0.179629 0.127653
v -0.334645 -0.151710 0.095712
v -0.784715 -0.107562 0.087844
v 0.936216 -0.067518 0.091353
v -0.927661 -0.092563 0.091235
v 0.838653 -0.025184 0.085438
v 0.939891 -0.026754 0.095186
v -0.643980 0.059442 0.103638
v 0.172395 0.157438 0.083698
v 0.190153 0.167852 0.079724
v 0.780020 0.176713 0.116846
v 0.683565 0.212431 0.078615
v 0.643463 0.180527 0.085555
v 0.055930 0.212773 0.125127
v 0.453687 0.272642 0.127125
v 0.351339 -0.221228 0.235428
v 0.801141 -0.234177 0.071727
v -0.678929 -0.213502 0.115306
v 0.001599 -0.192367 0.101681
v 0.152595 -0.152967 0.139226
v 0.939804 -0.165909 0.106328
v -0.783299 -0.123684 0.086582
v -0.813164 -0.128178 0.077055
v 0.837719 -0.047979 0.085882
v -0.856749 0.049897 0.096092
v -0.502342 0.051353 0.112161
v 0.288744 0.131057 0.107992
v 0.504450 0.194284 0.085380
v -0.492778 0.183805 0.110123
v -0.057309 0.183129 0.105616
v 0.340772 0.192764 0.084488
v -0.116683 0.230216 0.097539
v 0.905885 -0.222549 0.082994
v -0.013515 -0.194840 0.083939
v 0.943765 -0.186166 0.121718
v -0.500271 -0.114286 0.110114
v 0.853563 -0.109635 0.081986
v 0.937868 -0.081080 0.107930
v -0.786888 0.042096 0.101431
v -0.604582 0.076167 0.097155
v 0.405912 0.152504 0.083194
v 0.341451 0.188478 0.090762
v 0.614839 0.188152 0.094004
v -0.939272 0.184731 0.126030
v 0.602352 0.228197 0.093294
v 0.862326 -0.225356 0.093502
v -0.834138 -0.117151 0.082711
v -0.785645 -0.096290 0.099919
v 0.852009 0.081062 0.097342
v 0.790128 0.159586 0.085523
v -0.255388 0.180657 0.124333
v 0.392934 0.200100 0.080448
v 0.693593 0.183304 0.102219
v -0.374953 0.186004 0.123041
v 0.235715 0.213245 0.111803
v 0.459543 0.220963 0.088348
v 0.083130 -0.220700 0.110019
v 0.844258 -0.107552 0.099618
v -0.782698 -0.054781 0.109779
v -0.816978 0.025064 0.104488
v -0.862430 0.055459 0.107306
v -0.933678 0.193529 0.143969
v 0.075337 -0.193734 0.093483
v -0.719934 -0.091175 0.108980
v -0.930246 -0.086618 0.114038
v -0.841021 -0.102337 0.095380
v 0.945029 0.047369 0.116643
v -0.779342 0.049916 0.107828
v 0.303789 0.187715 0.091588
v -0.611543 -0.220588 0.137293
v 0.882149 -0.230631 0.101387
v 0.115907 -0.199465 0.193052
v 0.349316 -0.162321 0.134734
v 0.043634 -0.114823 0.159344
v 0.890778 -0.111007 0.122650
v -0.719679 -0.067244 0.113081
v -0.556755 -0.079011 0.118240
v -0.779469 0.017755 0.110259
v 0.150157 0.099455 0.157463
v 0.581402 0.152378 0.091384
v 0.596377 0.161547 0.097788
v 0.534576 0.154405 0.091501
v 0.605346 0.153383 0.093869
v 0.722610 0.160522 0.099239
v 0.714802 0.152163 0.093954
v 0.285688 0.178666 0.125080
v 0.460423 0.212109 0.136373
v 0.718560 0.230530 0.116528
v 0.923514 -0.190199 0.154870
v -0.414672 -0.181129 0.155629
v -0.139852 -0.188908 0.136131
v -0.071976 -0.128753 0.138927
v 0.854164 -0.140738 0.146123
v 0.857877 -0.118649 0.125976
v 0.842233 -0.070068 0.113948
v 0.057925 0.081624 0.147622
v -0.042996 0.112801 0.110226
v 0.170522 0.135269 0.117963
v 0.447293 0.124710 0.128809
v 0.474267 0.150139 0.090966
v 0.529089 0.148869 0.095789
v 0.525235 0.157977 0.100032
v -0.628985 0.142232 0.167276
v 0.763279 0.208314 0.102303
v -0.128650 0.219269 0.113601
v 0.890360 -0.181724 0.141172
v 0.214902 -0.159685 0.138299
v 0.028947 -0.173127 0.123845
v 0.244144 -0.143843 0.149483
v -0.921216 0.025423 0.123658
v 0.016393 0.118147 0.116638
v 0.945647 0.131148 0.138238
v 0.001010 0.118959 0.158078
v 0.427434 0.152795 0.176864
v 0.712816 0.174599 0.128961
v 0.584239 0.210309 0.106475
v 0.172369 0.219091 0.113474
v 0.097938 -0.148984 0.148957
v 0.930052 -0.007865 0.134079
v 0.837722 0.025652 0.117881
v -0.872314 0.018383 0.110188
v -0.809445 0.009971 0.108713
v -0.552613 -0.038514 0.125478
v 0.884818 0.040440 0.112432
v 0.899483 0.022032 0.113267
v 0.941231 0.043403 0.137566
v 0.852118 0.036847 0.142769
v -0.176919 0.054636 0.144274
v -0.081054 0.085135 0.128440
v 0.646946 0.123337 0.137715
v 0.576427 0.160940 0.151168
v -0.880187 0.157316 0.174674
v 0.476505 0.169118 0.169729
v 0.706596 0.174333 0.219888
v 0.696616 0.201108 0.126199
v 0.661155 -0.160817 0.163253
v 0.379122 -0.150001 0.153730
v -0.187380 -0.114323 0.137863
v 0.870567 0.028519 0.114361
v -0.626693 0.019619 0.118795
v 0.817922 0.132895 0.130601
v 0.789673 0.154104 0.187962
v -0.429905 0.138176 0.177239
v 0.335453 0.191563 0.133671
v -0.628700 -0.189678 0.147779
v 0.939192 -0.093946 0.140973
v -0.352962 -0.102338 0.126832
v 0.861515 -0.078962 0.132396
v 0.849107 -0.043005 0.123450
v 0.928108 0.012724 0.131131
v 0.547389 0.109568 0.147987
v -0.824719 -0.185983 0.155030
v 0.931773 -0.122011 0.138861
v -0.814965 -0.034940 0.119297
v 0.946037 0.055181 0.157260
v -0.286667 0.132300 0.181114
v -0.564078 0.156878 0.169317
v -0.144597 0.167650 0.151700
v -0.771643 0.162664 0.176890
v 0.328088 0.201247 0.138193
v 0.765994 0.196585 0.158963
v -0.742710 -0.204135 0.157956
v 0.845693 -0.190700 0.159332
v 0.008748 -0.172834 0.137409
v 0.049431 -0.141951 0.144027
v 0.860216 -0.103391 0.159500
v -0.603986 -0.040372 0.124985
v 0.925993 -0.026957 0.140501
v 0.016224 0.157240 0.173028
v 0.169055 0.188780 0.191046
v 0.305095 0.206927 0.159129
v -0.399017 -0.201833 0.165784
v 0.840699 -0.228825 0.177446
v 0.046977 -0.146474 0.157423
v 0.841059 -0.033776 0.138501
v 0.850454 0.028943 0.157210
v 0.341840 0.171233 0.142680
v -0.936941 -0.200141 0.165822
v 0.009798 -0.205871 0.169715
v -0.873393 -0.161419 0.183546
v 0.933618 -0.138489 0.146846
v 0.923999 -0.092977 0.152979
v 0.821771 -0.096314 0.151360
v 0.878224 -0.040109 0.138046
v 0.938482 -0.001059 0.145241
v 0.939339 -0.041762 0.165554
v 0.922575 0.030762 0.154192
v 0.817483 0.035193 0.172805
v -0.080350 0.061609 0.147563
v 0.247148 0.061054 0.171974
v 0.268188 0.088854 0.154889
v 0.792545 0.093399 0.167906
v 0.297175 0.138157 0.182583
v 0.415664 0.168943 0.165226
v 0.471674 0.237394 0.162846
v 0.731740 -0.148677 0.168777
v 0.947997 -0.160305 0.163925
v 0.039543 0.077215 0.150874
v 0.060824 0.099273 0.133181
v 0.761775 0.094753 0.172191
v 0.420385 0.202132 0.150289
v -0.637615 -0.159562 0.205463
v -0.290475 -0.143013 0.202386
v -0.074825 -0.051941 0.167283
v 0.861640 -0.085037 0.144532
v 0.904089 -0.090835 0.139279
v -0.280240 0.022024 0.144120
v -0.214596 -0.000096 0.156283
v 0.030602 0.171994 0.198022
v 0.767518 0.174653 0.150525
v 0.907758 -0.237045 0.211654
v -0.087962 -0.216197 0.182314
v 0.172591 -0.205315 0.225589
v 0.544419 -0.123457 0.185584
v -0.332222 -0.058793 0.142053
v 0.932380 -0.079942 0.157565
v 0.924157 -0.091533 0.141871
v 0.938793 -0.076180 0.147268
v -0.099638 0.008803 0.162753
v 0.136553 0.108914 0.155866
v 0.540960 0.092940 0.167529
v 0.199682 0.176647 0.133040
v 0.748101 -0.238853 0.216046
v 0.051199 -0.225555 0.167663
v 0.091528 -0.229092 0.193842
v 0.908242 -0.222558 0.211805
v -0.152239 -0.133393 0.202175
v 0.943202 -0.148798 0.177779
v 0.935136 -0.008999 0.163797
v 0.357537 0.076217 0.167905
v -0.750058 0.129832 0.190190
v 0.092923 0.186404 0.220611
v 0.077608 -0.263434 0.176532
v -0.525154 -0.151947 0.194162
v 0.928225 -0.113615 0.176906
v 0.926239 -0.095946 0.178932
v 0.847504 -0.042358 0.159933
v 0.933700 0.004025 0.171605
v 0.127570 0.100786 0.152245
v -0.298791 0.157431 0.177908
v 0.090745 -0.108101 0.169441
v 0.171977 -0.082260 0.181288
v -0.106391 -0.074324 0.161252
v 0.816986 -0.099480 0.164642
v 0.805782 -0.092032 0.167491
v 0.940736 -0.004662 0.201162
v 0.833153 0.076664 0.193608
v 0.263285 0.169876 0.143505
v 0.267428 0.143862 0.198611
v 0.799347 0.165038 0.258919
v -0.047835 -0.151801 0.172943
v 0.938066 -0.097155 0.190874
v 0.855360 0.045374 0.186441
v -0.028602 0.012022 0.171389
v 0.148385 0.064313 0.172074
v 0.065847 0.092000 0.177829
v -0.105631 0.108511 0.183088
v 0.168154 0.125663 0.192497
v 0.439813 0.186898 0.179468
v -0.221489 -0.208124 0.185419
v 0.803527 -0.136802 0.180983
v 0.606439 -0.117793 0.186633
v 0.415560 -0.096452 0.186506
v 0.066511 -0.082487 0.177288
v 0.837592 -0.059594 0.167014
v 0.128065 0.032399 0.181286
v 0.943028 0.071408 0.202596
v 0.739299 0.157594 0.233023
v 0.198715 0.155015 0.172621
v 0.336408 0.164346 0.162444
v 0.397292 0.200427 0.181864
v -0.936110 -0.137256 0.203828
v -0.735576 -0.119747 0.214081
v 0.796051 -0.122544 0.187959
v 0.074926 -0.107454 0.185044
v 0.943694 -0.057294 0.194474
v 0.276072 -0.085802 0.184667
v 0.815427 -0.042758 0.189825
v 0.894992 -0.047592 0.188412
v 0.922614 -0.052823 0.169271
v 0.918606 -0.006919 0.181428
v 0.885460 0.031438 0.157047
v 0.804566 0.019340 0.187710
v 0.589609 0.072680 0.178269
v 0.420295 0.041679 0.191237
v -0.477262 -0.174510 0.196595
v 0.641279 -0.128391 0.185235
v 0.761173 -0.113353 0.192905
v 0.944995 -0.091039 0.219128
v 0.255101 -0.098949 0.178447
v 0.855727 -0.047877 0.194131
v 0.066276 -0.032751 0.184428
v 0.109506 0.021354 0.181096
v 0.930444 0.032517 0.172079
v 0.237445 0.044308 0.182189
v 0.098645 0.094220 0.176738
v -0.617559 0.130516 0.206070
v -0.060780 -0.181799 0.219084
v 0.519020 0.031061 0.196857
v 0.046505 0.051698 0.205496
v -0.264809 0.129409 0.212450
v -0.060457 0.119844 0.231817
v -0.867671 -0.154776 0.206511
v 0.916497 -0.153092 0.200876
v 0.252220 -0.019405 0.192446
v 0.866258 -0.006421 0.187114
v 0.818894 0.052580 0.195152
v -0.133224 -0.186737 0.223499
v 0.059999 -0.086990 0.199607
v 0.100106 -0.065659 0.193966
v 0.921825 -0.061165 0.198078
v 0.784726 0.025674 0.203373
v 0.122516 0.034724 0.196439
v 0.710631 0.034814 0.199872
v -0.118549 0.072361 0.211812
v 0.126613 0.106329 0.223108
v 0.283422 0.096455 0.250366
v -0.947452 0.133411 0.211188
v 0.887824 -0.218556 0.322706
v 0.601520 -0.220206 0.239714
v 0.048862 -0.188929 0.235919
v 0.503515 -0.052430 0.202604
v 0.263812 -0.058265 0.190779
v 0.740571 -0.060341 0.197597
v 0.627049 -0.007655 0.208762
v 0.029095 0.097496 0.181107
v 0.074993 0.105941 0.214407
v 0.033562 0.123599 0.188376
v -0.927284 0.152225 0.202498
v 0.080767 -0.204545 0.255114
v 0.066588 -0.221701 0.244514
v 0.453844 -0.204988 0.258752
v -0.098600 -0.128566 0.200062
v 0.940562 -0.102400 0.206412
v 0.732683 -0.061822 0.211761
v 0.754469 -0.096923 0.198671
v 0.752083 -0.061061 0.197643
v 0.747182 -0.017534 0.212543
v 0.030335 -0.046815 0.214830
v 0.094284 0.011564 0.205135
v 0.909327 0.044554 0.194908
v 0.641290 0.047428 0.196130
v -0.020403 0.078910 0.198320
v 0.517778 0.132751 0.259731
v 0.024440 0.109399 0.266061
v 0.607265 0.157537 0.264809
v 0.832460 -0.100676 0.224543
v 0.827245 -0.078242 0.209842
v 0.934372 0.017798 0.200952
v -0.546381 0.075135 0.232191
v 0.464123 0.100602 0.286429
v -0.532369 0.089950 0.238816
v 0.647423 0.147977 0.259384
v 0.585728 -0.230088 0.254908
v 0.794147 -0.216046 0.282834
v -0.923473 -0.151236 0.211261
v 0.758832 -0.056495 0.208502
v 0.447730 -0.064101 0.200680
v 0.397882 -0.020579 0.200202
v 0.887018 -0.028713 0.199693
v 0.210911 -0.025026 0.196197
v 0.772709 -0.021132 0.209626
v 0.947582 -0.015184 0.222821
v 0.574664 -0.011276 0.208960
v -0.330990 -0.173588 0.210657
v 0.879178 -0.145212 0.189475
v 0.842965 -0.117563 0.203936
v 0.883748 -0.116857 0.223352
v 0.751170 -0.062687 0.218843
v 0.595389 -0.071260 0.206688
v 0.904502 0.003290 0.219188
v 0.770719 0.006313 0.213851
v -0.029744 0.041066 0.216658
v -0.203886 0.060758 0.227108
v -0.013598 0.107418 0.221090
v -0.344376 0.091133 0.239947
v -0.702690 0.094506 0.234316
v 0.526422 0.138209 0.286094
v 0.093430 0.164463 0.240260
v 0.895694 -0.105780 0.212571
v -0.107896 -0.061349 0.235006
v 0.918175 -0.077364 0.218695
v -0.023550 0.004319 0.226672
v -0.043714 0.094335 0.235352
v -0.390658 0.072802 0.236093
v 0.389504 0.141330 0.229932
v 0.148060 0.163565 0.235548
v 0.759596 -0.224940 0.300379
v 0.925134 -0.112295 0.237655
v -0.504551 -0.101882 0.226804
v -0.126128 -0.113343 0.218217
v -0.913895 -0.043396 0.243773
v 0.898969 -0.059552 0.219873
v 0.872327 -0.030741 0.218027
v -0.708809 0.057843 0.237130
v -0.863206 0.071539 0.230507
v -0.942875 0.080818 0.236461
v 0.275069 -0.197422 0.237225
v -0.955407 -0.104099 0.236465
v -0.946259 -0.012861 0.261653
v 0.830292 -0.098561 0.219416
v 0.835893 -0.080728 0.220182
v 0.925352 0.010299 0.244624
v -0.074069 0.049150 0.219468
v 0.156910 0.130977 0.223094
v 0.090000 -0.158103 0.280582
v -0.390360 -0.134171 0.237377
v -0.106765 -0.064282 0.255880
v 0.895344 -0.078437 0.221966
v -0.172395 -0.068617 0.237364
v -0.095910 -0.012484 0.235178
v -0.953678 0.067689 0.263672
v 0.563666 -0.211065 0.267321
v -0.099455 -0.162633 0.235710
v -0.339733 -0.072601 0.243607
v 0.927682 -0.049189 0.254792
v -0.142995 -0.097237 0.232325
v 0.851164 -0.047398 0.220279
v -0.883683 0.104045 0.233725
v 0.097627 -0.167876 0.248755
v 0.881881 -0.050988 0.243828
v -0.810694 -0.052514 0.239302
v 0.894126 -0.060362 0.228855
v 0.886581 -0.016169 0.226502
v -0.517224 -0.094781 0.247682
v -0.138126 -0.116097 0.227998
v -0.855969 -0.075587 0.247071
v -0.543529 -0.047931 0.246707
v -0.632448 -0.009989 0.246708
v 0.915084 -0.024917 0.232628
v -0.132090 0.011764 0.238950
v -0.567894 0.022525 0.246335
v 0.047312 0.046668 0.285545
v -0.146519 0.055995 0.276044
v -0.240828 -0.153824 0.242739
v -0.091389 -0.106482 0.292782
v -0.021960 -0.130162 0.270083
v -0.155821 -0.124738 0.257060
v -0.650539 -0.059015 0.257287
v -0.170417 -0.068629 0.238755
v -0.379158 -0.011679 0.254619
v -0.811014 -0.006491 0.244316
v 0.063445 0.115368 0.256027
v 0.256738 -0.152328 0.290710
v -0.163413 -0.067100 0.251761
v -0.230139 -0.088941 0.277068
v -0.113085 0.038321 0.265520
v -0.094723 0.063064 0.255814
v 0.169039 0.032875 0.304292
v -0.192737 -0.078361 0.246799
v -0.189921 -0.042137 0.253267
v -0.127253 0.018253 0.256801
v -0.884365 0.049430 0.254062
v 0.223730 0.092741 0.269426
v -0.385444 -0.057285 0.267754
v -0.182504 -0.031497 0.260594
v -0.860453 -0.020396 0.257065
v -0.633475 0.010168 0.262629
v -0.407221 0.022455 0.268043
v 0.021497 0.053694 0.297990
v 0.389192 0.102113 0.286539
v 0.284503 -0.178211 0.271892
v -0.213593 -0.064887 0.264867
v 0.759070 0.147746 0.338123
v 0.418393 -0.197243 0.288535
v 0.727135 -0.195964 0.322475
v 0.037727 -0.121842 0.296731
v -0.259501 0.025649 0.277432
v 0.304812 0.027438 0.306983
v 0.064885 0.076444 0.286571
v 0.223349 -0.169855 0.290489
v -0.147805 -0.013577 0.280812
v -0.015771 -0.002757 0.299685
v 0.713584 0.139932 0.304296
v -0.063395 -0.059621 0.292155
v 0.403016 -0.140881 0.311368
v 0.077791 -0.053408 0.307580
v -0.192164 -0.025501 0.290784
v 0.060881 -0.135262 0.311693
v 0.162143 -0.063626 0.317973
v 0.046678 0.045132 0.328137
v 0.575421 -0.206404 0.304265
v 0.877869 -0.196929 0.354834
v 0.538780 -0.163744 0.325866
v 0.412100 0.056585 0.312926
v 0.256490 -0.140748 0.313947
v 0.621449 0.094995 0.338345
v 0.823551 0.128138 0.348041
v 0.247217 0.067004 0.293350
v 0.689653 0.089958 0.390146
v 0.251738 0.033191 0.315171
v 0.481894 0.082415 0.330232
v 0.812505 0.146850 0.333615
v 0.392945 -0.154667 0.320437
v 0.024355 -0.021196 0.319486
v 0.071967 -0.056870 0.324196
v 0.343803 -0.079118 0.321796
v 0.386029 0.049284 0.326844
v 0.566228 0.055535 0.348677
v 0.749925 0.083940 0.395675
v 0.067643 0.015892 0.316930
v 0.450535 -0.033664 0.344405
v 0.042452 -0.040785 0.337523
v 0.553962 -0.146591 0.354877
v 0.718414 -0.134974 0.393578
v 0.164567 -0.020419 0.332868
v 0.211107 -0.064248 0.332477
v 0.631262 0.016730 0.382518
v 0.385851 -0.045713 0.347086
v 0.704599 -0.169807 0.376256
v 0.843727 -0.154475 0.395932
v 0.608276 -0.083679 0.382501
v 0.495798 0.016600 0.363652
v 0.831107 0.068561 0.421504
v 0.751773 0.090315 0.408226
v 0.822069 0.123454 0.383106
v 0.510084 -0.057279 0.373570
v 0.851477 -0.166007 0.411620
v 0.743404 0.015563 0.422517
v 0.679568 -0.083080 0.418462
v 0.746727 -0.075791 0.423765
v 0.822106 0.067142 0.438857
v 0.704565 0.034279 0.420418
v 0.770502 -0.106119 0.441451
v 0.833467 -0.098543 0.436458
v 0.816016 -0.008037 0.448126
v 0.832070 -0.104361 0.451643
v 0.791742 0.009394 0.455557
v 0.836594 -0.029236 0.462203
vn 0.3091 0.2476 -0.9182
vn -0.7628 0.0895 -0.6404
vn -0.7676 -0.4618 0.4443
vn 0.2938 -0.1896 -0.9369
vn -0.5319 -0.4089 -0.7416
vn -0.6060 0.3307 0.7235
vn -0.3399 0.0912 -0.9360
vn 0.2462 -0.4950 -0.8333
vn -0.5078 -0.2064 0.8364
vn -0.1919 -0.8953 0.4020
vn -0.7223 0.5298 0.4446
vn 0.2349 0.5238 -0.8188
vn 0.2004 -0.2628 -0.9438
vn -0.2444 -0.0537 0.9682
vn 0.2421 0.2246 -0.9439
vn -0.2163 -0.5977 0.7720
vn -0.3731 0.8980 -0.2334
vn 0.1192 -0.7549 -0.6449
vn 0.2361 0.5108 -0.8266
vn -0.9334 -0.3555 0.0488
vn 0.1499 0.3762 0.9143
vn -0.0841 0.9169 -0.3901
vn 0.1383 -0.6034 -0.7854
vn -0.1827 0.6134 0.7683
vn -0.0157 -0.0027 0.9999
vn 0.1769 0.0086 -0.9842
vn 0.1432 0.4060 -0.9026
vn 0.1490 0.8157 -0.5589
vn -0.0054 -0.9906 0.1366
vn -0.2686 0.9622 0.0454
vn 0.0766 0.2977 0.9516
vn 0.1331 0.6658 -0.7341
vn -0.2922 0.9186 0.2660
vn -0.4222 -0.0395 0.9056
vn -0.1019 -0.3915 0.9145
vn 0.3516 0.5939 0.7237
vn -0.9655 -0.2093 -0.1548
vn -0.7383 -0.5480 -0.3931
vn -0.0965 0.7889 0.6068
vn 0.1341 -0.3461 -0.9286
vn -0.5465 -0.7504 0.3718
vn 0.0301 -0.7561 0.6538
vn 0.2167 0.6469 0.7312
vn -0.7184 0.3055 0.6249
vn -0.9903 -0.0137 -0.1381
vn -1.0000 -0.0001 0.0001
vn -0.6841 -0.3797 -0.6228
vn -0.7857 -0.2114 0.5814
vn -0.3603 0.0114 -0.9328
vn -0.0211 -0.9356 0.3524
vn -0.1229 0.7534 0.6460
vn 0.1872 -0.2820 -0.9410
vn -0.4091 0.4897 -0.7700
vn 0.0002 -0.8278 0.5610
vn 0.1169 0.0866 -0.9894
vn 0.2426 0.2083 -0.9475
vn 0.1257 -0.6272 -0.7687
vn -0.5305 0.8425 0.0939
vn -0.5591 -0.8012 0.2133
vn -0.5983 0.7596 0.2551
vn -0.1068 0.3896 0.9148
vn -0.1004 -0.0303 0.9945
vn 0.3457 0.1249 0.9300
vn 0.0937 -0.2374 -0.9669
vn 0.2089 -0.1593 0.9649
vn -0.3140 0.1196 0.9419
vn -0.0939 -0.4698 0.8778
vn 0.4928 -0.1368 0.8593
vn -0.3603 0.9058 -0.2231
vn -0.0629 0.8941 0.4434
vn -0.1922 0.7046 0.6831
vn -0.2619 -0.6712 -0.6935
vn -0.7743 0.3478 0.5287
vn 0.0999 0.4689 -0.8776
vn 0.2542 -0.3726 0.8925
vn -0.8365 -0.2273 -0.4986
vn 0.3644 0.0399 0.9304
vn 0.4208 0.1952 0.8859
vn 0.2110 -0.2418 -0.9471
vn -0.1484 0.1715 -0.9739
vn 0.4047 0.1281 -0.9054
vn -0.6091 0.6827 -0.4036
vn 0.0980 0.6655 -0.7399
vn -0.3287 -0.9401 0.0901
vn 0.1774 0.0180 -0.9840
vn -0.2889 0.0425 -0.9564
vn 0.0521 -0.1520 -0.9870
vn 0.0543 0.3049 -0.9508
vn 0.1931 0.6691 -0.7177
vn 0.1433 0.5265 -0.8380
vn -0.3542 -0.9320 -0.0763
vn -0.0907 0.9595 -0.2666
vn -0.5330 0.7686 -0.3539
vn -0.2050 0.3975 0.8944
vn 0.0693 0.6598 -0.7482
vn 0.0862 -0.6967 -0.7122
vn 0.3088 -0.3004 -0.9025
vn -0.0131 -0.0000 -0.9999
vn -0.0040 0.1494 -0.9888
vn -0.0029 -0.1879 -0.9822
vn 0.0254 -0.1637 -0.9862
vn -0.6575 -0.4206 -0.6252
vn 0.0350 -0.9073 -0.4190
vn -0.0950 0.6502 0.7538
vn 0.0730 -0.5038 -0.8607
vn -0.7992 -0.5632 -0.2099
vn -0.2471 -0.4299 -0.8684
vn -0.0095 -0.1933 -0.9811
vn -0.0102 0.1655 -0.9862
vn 0.0108 0.2362 -0.9716
vn 0.7704 0.2122 -0.6012
vn 0.6403 0.0049 -0.7681
vn -0.0604 -0.3572 0.9321
vn -0.6526 -0.6582 0.3754
vn 0.6699 -0.5046 0.5446
vn -0.0084 -0.4239 -0.9057
vn 0.8618 -0.1801 -0.4743
vn -0.0016 -0.0559 -0.9984
vn -0.0596 0.3599 0.9311
vn -0.0377 -0.0836 0.9958
vn 0.5067 0.0441 0.8610
vn 0.0519 0.4597 -0.8866
vn -0.0138 0.4233 -0.9059
vn 0.0099 0.4477 -0.8941
vn 0.5507 -0.0882 0.8300
vn 0.0445 0.5308 -0.8463
vn -0.9338 0.3018 -0.1920
vn 0.0741 -0.8359 -0.5438
vn 0.4103 0.7682 0.4914
vn -0.0736 -0.9742 -0.2133
vn 0.0083 -0.4859 -0.8740
vn -0.0023 -0.4857 -0.8741
vn 0.3339 0.1150 0.9356
vn -0.6985 -0.0504 0.7138
vn -0.4989 0.0197 0.8665
vn -0.5365 0.1716 0.8262
vn -0.0009 -0.0647 0.9979
vn -0.0105 0.2647 0.9643
vn 0.0168 -0.1475 0.9889
vn 0.0112 0.2431 0.9699
vn -0.6118 0.0295 0.7904
vn -0.8563 -0.4240 0.2950
vn -0.3955 -0.1823 -0.9002
vn -0.3698 0.0872 -0.9250
vn -0.6785 -0.1349 0.7221
vn -0.5497 -0.4897 0.6768
vn -0.4331 -0.1904 -0.8810
vn 0.0050 0.6487 -0.7610
vn -0.0121 0.4923 -0.8703
vn -0.2308 0.5668 -0.7909
vn 0.5377 0.4505 -0.7126
vn 0.2296 0.8077 0.5431
vn 0.4253 0.0104 0.9050
vn 0.5173 0.2300 0.8243
vn -0.3389 0.4094 0.8470
vn -0.7466 0.0137 0.6651
vn -0.0459 0.3169 0.9473
vn 0.4345 0.1551 0.8872
vn -1.0000 -0.0003 0.0001
vn -0.4987 0.0197 0.8666
vn 0.1635 -0.0380 0.9858
vn -0.8938 -0.1349 0.4276
vn -0.0158 -0.5195 0.8543
vn -0.3110 -0.5692 0.7611
vn 0.0083 -0.4440 0.8960
vn 0.0138 -0.5205 0.8537
vn -0.0461 -0.6887 0.7236
vn -0.0581 -0.8163 0.5747
vn 0.0450 0.9220 -0.3846
vn 0.1216 -0.5207 -0.8451
vn -0.2305 0.2215 0.9475
vn -0.0163 0.0701 0.9974
vn 0.3093 0.2437 0.9192
vn 0.0216 -0.2682 0.9631
vn -0.0080 -0.3265 0.9452
vn 0.0223 -0.4774 0.8784
vn 0.2560 -0.2653 0.9296
vn -0.6110 -0.6299 0.4795
vn -0.8152 -0.5392 0.2115
vn 0.3721 -0.4382 0.8182
vn -0.3697 0.4659 0.8039
vn 0.0088 0.5690 0.8223
vn -0.0362 0.4684 0.8828
vn 0.6728 0.0308 0.7392
vn 0.1075 -0.0498 -0.9930
vn -0.5447 0.7926 -0.2741
vn 0.0791 0.1818 -0.9801
vn -0.8838 0.1944 0.4255
vn -0.9814 -0.1392 0.1320
vn -0.3721 -0.2472 -0.8947
vn -0.4237 0.1509 0.8932
vn -0.2419 0.2727 -0.9312
vn -0.0466 0.0431 0.9980
vn 0.4802 -0.3695 0.7956
vn 0.0829 0.4191 -0.9042
vn 0.0108 -0.5498 0.8352
vn -0.0457 -0.8162 0.5760
vn 0.0437 -0.7261 -0.6862
vn -0.7762 -0.5348 -0.3339
vn 0.8734 -0.3519 -0.3367
vn 0.0329 -0.3585 -0.9329
vn -0.3938 0.0829 0.9155
vn -0.9997 -0.0006 -0.0259
vn -0.2331 0.6497 -0.7236
vn -0.2085 -0.9717 0.1110
vn -0.0005 0.9745 -0.2242
vn 0.0887 -0.6087 -0.7884
vn 0.0040 -0.7415 -0.6709
vn 0.3403 0.1813 0.9227
vn -0.1791 0.8354 0.5196
vn -0.0516 0.6509 0.7574
vn -0.4252 0.4455 0.7879
vn 0.6150 0.0208 0.7882
vn -0.3478 -0.4342 -0.8310
vn -0.0674 0.4163 0.9067
vn 0.1208 -0.3225 -0.9388
vn 0.0927 0.3921 -0.9153
vn -0.0490 -0.7986 0.5999
vn -0.3500 -0.7683 0.5360
vn 0.4455 -0.4957 -0.7455
vn -0.9731 0.2175 0.0759
vn 0.5454 0.3844 0.7448
vn -0.3770 0.1801 0.9085
vn -0.7280 -0.3901 -0.5638
vn 0.0904 -0.6998 -0.7086
vn -0.3803 0.1505 0.9125
vn -0.3987 0.5399 -0.7413
vn -0.0066 -0.7079 0.7063
vn -0.5469 0.2388 -0.8024
vn 0.0417 0.9128 -0.4063
vn -0.0170 0.7771 -0.6291
vn -0.0224 0.7690 -0.6388
vn -0.3051 -0.7296 -0.6121
vn 0.7089 -0.3639 0.6042
vn -0.4490 0.0858 0.8894
vn -0.4750 -0.0979 -0.8745
vn -0.3880 -0.4167 0.8221
vn -0.5023 -0.1079 -0.8579
vn -0.9661 -0.0710 -0.2483
vn -0.3509 0.8594 -0.3719
vn 0.0156 -0.7252 0.6884
vn -0.6553 0.6715 -0.3458
vn 0.0640 0.8363 -0.5445
vn 0.6623 0.6075 -0.4384
vn -0.4847 0.7338 -0.4761
vn -0.8678 0.4603 -0.1872
vn -0.0061 -0.7124 -0.7017
vn -0.0640 0.7044 0.7069
vn -0.1122 -0.6230 -0.7741
vn -0.5148 0.1963 0.8345
vn 0.2305 -0.0182 0.9729
vn -0.5277 -0.2708 -0.8051
vn -0.7490 0.5661 -0.3442
vn -0.3904 -0.8948 0.2168
vn 0.0247 -0.7894 0.6134
vn 0.0272 0.8313 -0.5551
vn 0.6865 0.5725 -0.4484
vn 0.4862 0.4345 -0.7581
vn -0.5723 -0.7765 -0.2638
vn -0.0431 0.1629 0.9857
vn -0.0645 -0.9808 -0.1841
vn 0.2532 -0.2533 0.9336
vn -0.0507 -0.0568 0.9971
vn 0.2131 -0.3747 -0.9023
vn 0.2617 0.3252 0.9087
vn 0.6051 0.2042 -0.7695
vn -0.3740 0.0706 0.9247
vn -0.3508 0.8594 -0.3721
vn -0.0014 0.7214 -0.6925
vn -0.0105 0.8594 -0.5111
vn 0.8470 0.3652 -0.3862
vn -0.0486 0.9198 0.3895
vn 0.9443 0.1651 -0.2845
vn 0.7087 -0.3631 0.6050
vn -0.0427 0.1630 0.9857
vn -0.0506 -0.0568 0.9971
vn -0.0504 -0.0567 0.9971
vn -0.8607 0.4957 0.1162
vn 0.0179 -0.0940 0.9954
vn 0.6022 -0.4356 0.6691
vn -1.0000 -0.0002 -0.0002
vn 0.5167 -0.7713 -0.3715
vn 0.6022 -0.4352 0.6693
vn 0.2205 0.1910 0.9565
vn -0.2304 -0.8083 0.5418
vn 0.9650 -0.0867 -0.2474
vn -0.2687 0.0447 0.9622
vn -0.3612 -0.8333 -0.4185
vn 0.1565 -0.5013 0.8510
vn -0.3977 -0.7332 0.5517
vn -0.3669 -0.9136 -0.1756
vn 0.3641 0.8742 0.3213
vn 0.3779 -0.6500 -0.6593
vn 0.2054 -0.7757 0.5968
vn -0.0311 0.7863 0.6170
vn -0.5983 -0.3560 0.7178
vn 0.5168 -0.7714 -0.3714
vn -0.1849 -0.9232 -0.3369
vn -0.6642 -0.3530 0.6589
vn 0.0144 -0.7253 0.6882
vn 0.0148 -0.7539 0.6568
vn 0.4745 -0.8329 -0.2850
vn -0.0594 0.8351 0.5469
vn 0.0676 -0.7386 -0.6707
vn 0.0564 -0.8612 -0.5051
vn -0.0529 0.8446 0.5328
vn 0.9364 -0.2349 -0.2608
vn -0.4734 0.6575 0.5861
vn 0.1146 -0.4671 -0.8768
vn -0.0155 0.4948 0.8688
vn -0.0278 0.7913 0.6107
vn 0.6682 0.5035 0.5478
vn -0.2528 0.2661 0.9302
vn -0.4654 -0.1122 0.8780
vn 0.4455 0.8421 -0.3039
vn 0.2246 -0.7074 0.6702
vn 0.0259 -0.8742 -0.4848
vn -0.0335 0.9215 0.3870
vn -0.2923 -0.8717 -0.3934
vn 0.6503 -0.2107 0.7299
vn -0.9151 -0.3951 -0.0802
vn -0.9105 0.3862 0.1477
vn -0.2530 -0.7587 0.6003
vn 0.0041 -0.8062 0.5916
vn 0.0463 -0.9808 0.1894
vn -0.8858 0.4618 0.0463
vn 0.0412 -0.8796 -0.4739
vn 0.3388 0.7392 0.5821
vn -0.4120 0.1413 0.9002
vn 0.1626 -0.7521 0.6387
vn -0.1223 0.7015 0.7021
vn 0.8923 -0.1991 -0.4052
vn -0.3688 0.5900 0.7182
vn -0.7500 -0.0529 0.6593
vn -0.3690 0.8765 -0.3092
vn 0.3488 0.7691 -0.5356
vn 0.4396 0.1368 -0.8877
vn -0.0020 -0.9701 -0.2425
vn 0.0532 -0.9424 -0.3303
vn 0.0054 0.8480 0.5299
vn -0.0028 0.8340 0.5517
vn -0.7010 0.4297 0.5692
vn 0.6152 -0.0499 0.7868
vn 0.5281 0.4220 0.7369
vn 0.1082 -0.6959 -0.7099
vn 0.9969 0.0160 0.0774
vn -0.6943 0.2059 0.6896
vn -0.7170 -0.2578 0.6476
vn 0.2760 0.2160 0.9366
vn -0.9390 0.3228 -0.1189
vn -0.5388 -0.0625 -0.8401
vn -0.9390 0.3228 -0.1188
vn 0.2336 0.1654 0.9582
vn -0.5385 -0.0627 -0.8403
vn 0.8390 -0.0808 0.5381
vn 0.2917 0.7269 -0.6217
vn -0.0429 -0.8630 0.5033
vn -0.0055 0.9178 -0.3969
vn 0.0151 -0.9027 -0.4300
vn -0.5641 -0.7716 -0.2940
vn 0.3001 0.2355 0.9244
vn 0.9121 -0.3959 -0.1062
vn -0.8077 -0.1650 -0.5661
vn -0.8117 0.1114 -0.5733
vn 0.5850 0.2362 -0.7759
vn 0.4486 0.8756 0.1789
vn 0.3680 -0.6095 0.7022
vn -0.1740 -0.8356 0.5210
vn -0.0128 -0.8236 0.5670
vn 0.2583 0.2163 -0.9415
vn 0.1165 0.6926 -0.7119
vn -0.6718 -0.4524 0.5865
vn 0.2156 -0.8743 -0.4349
vn -0.9781 -0.0095 0.2080
vn -0.7216 -0.6464 -0.2479
vn 0.5257 -0.7496 -0.4022
vn 0.4156 -0.8760 0.2448
vn 0.3248 0.3918 -0.8608
vn -0.7179 0.2315 0.6566
vn 0.9996 0.0236 0.0175
vn -0.6293 0.1479 -0.7629
vn 0.9785 -0.0844 0.1884
vn 0.8140 -0.5121 0.2743
vn 0.4608 0.7802 -0.4230
vn -0.0205 0.8013 0.5979
vn -0.7780 0.6166 0.1204
vn -0.0378 -0.7883 0.6141
vn -0.0765 -0.9917 0.1029
vn -0.2612 -0.9480 0.1821
vn -0.0476 -0.9886 0.1428
vn 0.8778 0.2090 0.4309
vn -0.0236 0.9776 0.2093
vn 0.4091 0.6612 -0.6288
vn 0.4894 -0.8058 0.3334
vn -0.0512 0.8303 0.5550
vn 0.6924 0.7036 -0.1600
vn 0.3770 -0.4513 0.8088
vn -0.9087 0.4119 0.0673
vn 0.7998 -0.4357 -0.4129
vn 0.2822 -0.6328 0.7210
vn -0.5733 -0.6857 0.4485
vn -0.4808 -0.4539 0.7502
vn -0.9010 -0.3585 0.2442
vn -0.2102 0.4786 -0.8525
vn -0.0130 -0.9321 0.3619
vn 0.1017 -0.9877 -0.1184
vn -0.4103 0.7524 0.5153
vn -0.0558 0.9154 0.3986
vn 0.3271 0.6609 0.6754
vn 0.1078 -0.9247 -0.3650
vn -0.2310 0.0059 0.9729
vn 0.0758 -0.1897 -0.9789
vn -0.7295 -0.5453 -0.4129
vn -0.5006 -0.7015 -0.5072
vn 0.9528 0.1423 -0.2681
vn -0.7915 0.5601 -0.2447
vn -0.0007 0.9030 -0.4297
vn -0.3879 -0.8262 -0.4086
vn -0.9257 0.0963 0.3659
vn 0.0109 0.9802 -0.1976
vn -0.7971 -0.0613 0.6008
vn -0.7478 -0.2624 -0.6099
vn -0.3980 0.0541 -0.9158
vn -0.2275 0.6129 -0.7567
vn 0.3711 -0.1310 0.9193
vn -0.4939 -0.0707 0.8666
vn 0.7370 -0.3383 0.5852
vn -0.3315 0.6590 -0.6752
vn 0.9579 -0.1411 0.2499
vn -0.3222 -0.8348 0.4465
vn -0.6709 0.1891 -0.7170
vn 0.0183 -0.9173 0.3978
vn 0.1678 0.8087 -0.5638
vn 0.0967 -0.9786 0.1817
vn -0.0201 0.9488 -0.3152
vn 0.0290 -0.8882 -0.4586
vn 0.8454 -0.3805 -0.3748
vn 0.6358 0.1135 0.7634
vn 0.2922 -0.5650 -0.7716
vn 0.0012 0.9639 -0.2663
vn 0.2763 -0.8675 -0.4136
vn -0.5265 0.6724 0.5203
vn -0.3648 -0.9245 0.1105
vn 0.3871 0.0630 0.9199
vn -0.4559 0.1535 0.8767
vn 0.7999 -0.4364 -0.4120
vn -0.0690 -0.0813 0.9943
vn -0.9860 0.0236 0.1652
vn 0.9852 0.0740 -0.1548
vn 0.8804 0.2750 -0.3864
vn 0.0393 -0.9257 0.3763
vn -0.0910 -0.9727 0.2137
vn 0.0919 -0.9788 0.1828
vn -0.0080 -0.8721 -0.4893
vn 0.0069 -0.8001 -0.5998
vn -0.9672 -0.1609 0.1966
vn 0.0420 0.0203 0.9989
vn 0.9232 -0.1004 -0.3710
vn -0.5916 0.2154 0.7769
vn -0.9845 0.1234 0.1248
vn 0.2184 -0.7808 0.5853
vn -0.0679 -0.9515 0.3001
vn -0.0144 0.9311 -0.3645
vn -0.5072 -0.8378 0.2020
vn -0.0098 0.9879 0.1545
vn 0.2652 0.9456 0.1887
vn 0.7500 -0.5785 -0.3207
vn -0.6827 0.0423 -0.7295
vn 0.0692 -0.7961 -0.6011
vn -0.4021 0.7775 0.4835
vn -0.9140 0.1115 0.3900
vn -0.2562 -0.4493 0.8558
vn -0.4943 0.7343 -0.4653
vn -0.8863 -0.4623 -0.0278
vn 0.6438 -0.0058 0.7652
vn 0.3782 -0.2649 -0.8870
vn 0.0073 -0.9827 0.1851
vn 0.0075 -0.9024 0.4308
vn 0.0235 -0.9655 -0.2595
vn -0.0958 -0.9345 -0.3428
vn -0.5440 -0.6923 -0.4742
vn 0.9992 -0.0210 0.0341
vn -0.0694 0.5006 0.8629
vn -0.5868 -0.4467 0.6754
vn 0.9079 -0.1085 0.4050
vn -0.1739 0.9839 0.0406
vn 0.0136 -0.9403 0.3401
vn 0.0007 -0.9002 -0.4354
vn 0.9801 -0.1987 0.0005
vn -0.0364 0.9827 0.1815
vn 0.7735 -0.6295 0.0735
vn -0.7278 0.4531 0.5148
vn 0.0908 -0.8013 -0.5913
vn -0.4376 0.7233 0.5342
vn -0.5678 -0.5928 -0.5712
vn -0.9854 0.0303 0.1675
vn -0.9499 0.2556 0.1799
vn -0.5798 -0.1499 -0.8008
vn 0.8347 0.0874 -0.5437
vn 0.9892 0.1464 -0.0109
vn 0.9277 0.3349 -0.1650
vn 0.3276 -0.7333 -0.5958
vn 0.0061 0.9568 -0.2906
vn 0.0014 0.9878 -0.1556
vn -0.0390 -0.9925 -0.1157
vn -0.0337 0.9711 0.2363
vn 0.1623 -0.5465 -0.8215
vn -0.0451 -0.8404 -0.5402
vn -0.1701 0.5021 0.8479
vn -0.7275 -0.3710 -0.5772
vn 0.9947 -0.0626 0.0817
vn -0.4506 -0.4460 0.7733
vn 0.3299 -0.0182 0.9438
vn -0.9494 -0.0683 0.3065
vn 0.1728 0.9641 0.2018
vn -0.4363 -0.0370 0.8990
vn 0.3912 -0.5111 0.7653
vn 0.1417 0.8538 -0.5010
vn 0.2752 -0.4351 -0.8573
vn 0.0083 -0.9656 0.2600
vn -0.5881 0.8055 -0.0725
vn 0.0033 -0.9746 -0.2240
vn -0.0019 1.0000 0.0023
vn 0.3850 0.9221 0.0397
vn 0.1631 -0.0593 0.9848
vn -0.1295 0.5521 0.8237
vn 0.9945 0.0630 0.0834
vn -0.5391 0.6227 0.5671
vn -0.8291 -0.3870 0.4034
vn 0.9906 0.1093 -0.0825
vn -0.6230 -0.6315 0.4617
vn 0.0571 -0.9816 0.1820
vn -0.4185 0.8831 -0.2124
vn 0.0515 -0.9974 0.0511
vn -0.0562 -0.9016 -0.4289
vn 0.0152 -0.9544 0.2982
vn -0.0179 -0.9698 -0.2433
vn -0.0019 0.9881 0.1539
vn -0.0315 0.9823 0.1844
vn -0.8404 -0.2815 0.4632
vn -0.6217 0.6762 0.3953
vn -0.2590 0.9591 0.1140
vn -0.0307 0.9961 -0.0827
vn 0.0578 -0.9815 -0.1823
vn -0.5374 -0.4225 -0.7298
vn -0.9373 -0.0877 -0.3372
vn -0.1545 -0.8946 0.4193
vn -0.1337 -0.9374 0.3217
vn 0.4639 -0.3361 -0.8197
vn -0.0099 0.9716 -0.2363
vn -0.0052 -0.9609 -0.2767
vn -0.8288 0.5588 0.0266
vn -0.8490 0.4684 0.2445
vn -0.2354 0.8971 0.3740
vn 0.3455 0.8742 0.3413
vn -0.0071 -0.9475 -0.3198
vn -0.5664 -0.7806 0.2643
vn 0.0919 -0.9788 0.1832
vn -0.0912 -0.9725 0.2141
vn 0.1375 -0.5201 0.8429
vn -0.7471 0.5667 -0.3476
vn 0.7738 -0.2316 -0.5895
vn -0.4319 -0.8972 -0.0922
vn 0.0004 0.9693 -0.2457
vn 0.8168 0.5578 -0.1471
vn 0.0070 0.9843 -0.1762
vn -0.0110 0.8675 -0.4973
vn 0.6876 0.6706 -0.2786
vn -0.0412 0.9451 0.3241
vn 0.8427 -0.0281 0.5377
vn 0.0632 -0.9142 0.4003
vn 0.0638 0.9469 -0.3152
vn -0.0250 -0.9813 -0.1911
vn 0.0958 0.8442 -0.5275
vn 0.0764 -0.6828 0.7266
vn 0.0124 0.9664 -0.2568
vn -0.3476 -0.9194 -0.1838
vn -0.0717 0.9974 -0.0018
vn 0.5465 0.2628 -0.7951
vn 0.6610 -0.3070 0.6848
vn -0.1791 -0.9830 -0.0414
vn 0.9896 0.0694 0.1260
vn -0.5633 0.6334 0.5306
vn 0.9747 0.2190 -0.0455
vn 0.0196 0.9639 -0.2656
vn 0.1002 -0.9867 -0.1281
vn 0.1195 0.9351 0.3336
vn 0.0725 -0.9863 -0.1480
vn -0.0616 -0.8153 0.5758
vn -0.3378 0.9245 -0.1769
vn 0.1124 0.9918 0.0615
vn -0.0406 0.9801 0.1945
vn -0.1855 0.9788 0.0864
vn 0.5826 -0.3600 -0.7287
vn -0.1145 0.6951 -0.7098
vn -0.6107 -0.5408 -0.5785
vn -0.2431 0.7832 0.5723
vn -0.6238 0.7387 -0.2552
vn -0.3134 -0.4606 0.8305
vn -0.6764 -0.0068 0.7365
vn -0.0360 -0.2260 0.9735
vn -0.1544 0.9279 0.3394
vn -0.2446 -0.3686 0.8968
vn -0.0639 0.9643 0.2572
vn 0.5910 -0.7559 -0.2817
vn -0.0117 0.9904 -0.1375
vn -0.0271 0.9840 0.1764
vn -0.0459 0.7809 -0.6229
vn -0.1342 0.9892 0.0591
vn 0.1755 -0.9484 -0.2642
vn -0.6906 -0.6990 -0.1856
vn 0.3411 0.7803 -0.5241
vn -0.9987 -0.0475 0.0173
vn 0.0830 -0.1081 -0.9907
vn -0.1451 -0.8939 -0.4242
vn -0.9639 -0.2608 0.0540
vn -0.7038 0.4531 0.5471
vn -0.5896 -0.1456 -0.7945
vn -0.0654 -0.6965 -0.7146
vn -0.3938 -0.3686 -0.8421
vn -0.9678 0.0928 -0.2341
vn -0.9027 0.4004 -0.1575
vn -0.8083 0.4850 -0.3336
vn -0.0087 -0.9173 0.3982
vn -0.1877 0.9309 -0.3133
vn 0.8420 0.5329 0.0844
vn 0.2421 -0.3523 -0.9040
vn -0.8559 -0.5153 -0.0427
vn 0.0019 -0.9799 -0.1997
vn 0.4183 0.8614 -0.2880
vn -0.1395 -0.9597 -0.2438
vn 0.9713 -0.2376 0.0118
vn -0.8705 0.0826 -0.4851
vn -0.8292 -0.3873 0.4030
vn -0.1915 0.2546 -0.9479
vn -0.6312 -0.7387 0.2363
vn 0.2102 0.5112 -0.8333
vn 0.1120 -0.3333 -0.9361
vn -0.0536 -0.9650 0.2566
vn -0.1662 -0.3793 0.9102
vn 0.0711 -0.9958 -0.0575
vn -0.0199 -0.9768 0.2133
vn -0.0037 -0.9956 0.0937
vn 0.0242 -0.4069 -0.9131
vn -0.1206 0.9888 -0.0883
vn -0.0068 0.9786 -0.2056
vn 0.9762 0.2076 0.0634
vn -0.6165 0.6166 0.4897
vn 0.1947 0.8211 0.5366
vn 0.3788 0.0179 -0.9253
vn -0.0654 -0.6963 -0.7147
vn -0.2869 -0.6005 0.7464
vn -0.3938 -0.3687 -0.8420
vn -0.8291 -0.3871 0.4033
vn -0.9677 0.0928 -0.2344
vn -0.0654 -0.6967 -0.7144
vn -0.2870 -0.6004 0.7464
vn -0.8292 -0.3872 0.4032
vn -0.2717 0.1770 0.9460
vn -0.4934 0.7158 -0.4941
vn -0.8252 0.5635 -0.0388
vn 0.9701 0.2303 0.0762
vn 0.2650 -0.8790 -0.3964
vn -0.0089 0.9905 -0.1374
vn -0.0039 -0.9981 -0.0612
vn -0.0255 0.9946 0.1004
vn -0.6009 0.7900 0.1218
vn -0.3085 0.6285 -0.7140
vn -0.0047 -0.8745 -0.4850
vn -0.0750 0.9952 -0.0629
vn -0.0840 -0.9738 -0.2113
vn -0.0107 0.9339 -0.3572
vn 0.3065 -0.2017 -0.9303
vn -0.0250 -0.8402 -0.5416
vn 0.9888 -0.1270 -0.0782
vn -0.8433 -0.3036 -0.4434
vn -0.9834 0.1772 -0.0381
vn 0.7814 -0.5704 -0.2531
vn -0.8706 -0.4218 0.2532
vn 0.3056 -0.7050 -0.6401
vn -0.7595 -0.5958 0.2611
vn 0.2792 0.9462 -0.1636
vn 0.0238 -0.9806 0.1948
vn 0.3217 0.3314 -0.8870
vn 0.0120 0.8389 -0.5442
vn 0.2633 -0.9492 -0.1725
vn 0.0044 0.7270 -0.6866
vn -0.0301 0.9900 0.1375
vn -0.0046 0.9646 -0.2637
vn -0.2778 0.8352 -0.4746
vn -0.6575 -0.5816 -0.4789
vn 0.1721 -0.7114 -0.6814
vn -0.0232 0.9782 0.2065
vn -0.2784 -0.8083 -0.5188
vn -0.0031 0.9896 0.1441
vn 0.5983 0.6540 0.4629
vn -0.7606 0.2609 -0.5945
vn 0.5464 -0.6050 0.5792
vn 0.6236 -0.7534 0.2085
vn 0.1157 -0.9432 -0.3114
vn 0.1466 0.6075 -0.7806
vn 0.5493 -0.1329 -0.8250
vn 0.0032 0.7791 -0.6268
vn -0.1023 0.9130 -0.3950
vn 0.0244 -0.9167 0.3989
vn -0.0000 -0.8944 -0.4473
vn 0.0001 -0.8943 -0.4474
vn 0.4798 -0.3302 -0.8129
vn -0.7516 -0.4220 -0.5070
vn -0.0380 -0.5072 -0.8610
vn -0.1791 -0.9830 -0.0413
vn 0.7658 0.5956 0.2426
vn -0.1791 -0.9829 -0.0417
vn -0.0048 -0.8745 -0.4849
vn 0.6606 -0.3072 0.6850
vn 0.0011 0.9864 0.1642
vn -0.0005 0.9859 0.1674
vn -0.6427 0.7426 0.1884
vn -0.9748 0.2231 0.0046
vn -0.5250 -0.8511 0.0063
vn -0.7600 -0.2999 -0.5765
vn -0.7071 -0.6809 0.1908
vn 0.8824 -0.0665 -0.4657
vn -0.0205 -0.9723 0.2329
vn 0.0110 0.9977 -0.0668
vn 0.0041 -0.9963 -0.0863
vn -0.0396 0.9992 0.0037
vn 0.0679 -0.9846 -0.1610
vn 0.0425 -0.9804 -0.1926
vn 0.0950 0.9955 0.0024
vn -0.1442 0.5190 -0.8426
vn -0.2781 0.1583 -0.9474
vn 0.0467 0.2281 -0.9725
vn -1.0000 0.0003 -0.0000
vn -0.0840 -0.9739 -0.2110
vn -0.2590 0.9591 0.1143
vn 0.0049 -0.4115 -0.9114
vn -0.0405 0.9884 0.1465
vn -0.0347 0.9772 0.2095
vn -0.0806 0.9641 0.2531
vn 0.8602 -0.5099 -0.0085
vn -0.6975 0.3263 0.6379
vn -0.8525 0.3336 0.4024
vn 0.3192 0.9436 0.0880
vn -0.6701 0.1823 0.7196
vn -0.8546 -0.4046 0.3255
vn 0.1485 0.8822 -0.4469
vn -0.2843 -0.6579 0.6974
vn -0.0001 -0.9904 -0.1379
vn -0.4285 -0.9035 -0.0106
vn -0.4006 0.6577 -0.6379
vn -1.0000 -0.0000 -0.0000
vn 0.0003 -0.8944 -0.4473
vn 0.0089 0.9969 0.0780
vn -0.4007 0.6578 -0.6378
vn -0.1341 0.9892 0.0589
vn -0.0000 -0.8946 -0.4469
vn 0.1910 0.5599 -0.8062
vn 0.0052 0.8754 -0.4834
vn -0.4831 -0.6935 -0.5345
vn -0.1557 -0.7289 -0.6667
vn -0.2246 -0.8176 -0.5302
vn 0.9682 -0.2450 -0.0510
vn 0.2001 0.1567 -0.9672
vn 0.7908 -0.2350 -0.5651
vn -0.2844 -0.6578 0.6975
vn 0.2442 -0.9127 -0.3275
vn -0.3813 -0.9182 -0.1069
vn 0.0029 -0.9907 -0.1358
vn 0.4724 0.8814 -0.0054
vn 0.2251 0.3551 -0.9073
vn -0.0214 0.8685 -0.4953
vn -0.0883 0.7591 -0.6450
vn -0.0876 0.7552 -0.6496
vn 0.2720 -0.2125 -0.9385
vn 0.0504 -0.3645 -0.9299
vn 0.7572 -0.6483 -0.0791
vn -0.5932 -0.7534 0.2838
vn -0.3219 0.9061 -0.2746
vn 0.0001 -0.9996 0.0267
vn -0.4161 0.7774 -0.4716
vn -0.2272 0.8768 0.4238
vn -0.2015 -0.5909 0.7812
vn -0.3635 0.2267 0.9036
vn -0.0038 -0.9944 0.1054
vn -0.1631 -0.7585 -0.6310
vn -0.0811 -0.9409 -0.3288
vn -0.0074 0.9733 -0.2296
vn -0.4677 -0.1499 -0.8711
vn -0.1137 0.7048 -0.7002
vn -0.0873 0.0530 -0.9948
vn -0.0420 -0.1937 -0.9802
vn -0.7318 0.6788 0.0608
vn 0.9950 0.0918 0.0392
vn -0.0029 -0.2472 -0.9690
vn -0.4373 -0.2312 0.8691
vn 0.0698 -0.9394 -0.3356
vn 0.0785 0.9822 -0.1708
vn 0.0978 -0.9948 0.0267
vn -0.1152 -0.5106 -0.8521
vn 0.0183 0.9997 -0.0153
vn -0.5199 -0.7895 -0.3262
vn 0.2415 -0.9428 -0.2300
vn -0.0580 -0.2817 -0.9578
vn -0.6008 0.7947 -0.0869
vn -0.8153 0.1310 -0.5640
vn -0.0170 -0.6062 -0.7952
vn -0.2430 0.7832 0.5723
vn 0.0261 -0.2764 -0.9607
vn 0.0296 0.2988 -0.9539
vn -0.8944 0.3172 0.3154
vn 0.0236 0.7661 -0.6422
vn -0.3185 -0.5010 0.8048
vn 0.9944 0.1001 -0.0326
vn -0.9334 0.3534 0.0628
vn -0.0224 0.9785 -0.2051
vn -0.4682 0.7879 0.4000
vn -0.6138 -0.7682 0.1820
vn 0.0052 -0.9614 -0.2751
vn -0.2467 0.8346 -0.4926
vn -0.0160 0.6748 -0.7379
vn -0.2391 0.7729 -0.5878
vn 0.0001 -0.0003 1.0000
vn 0.2719 -0.2130 -0.9385
vn 0.1721 -0.7113 -0.6815
vn 0.6104 -0.7698 -0.1865
vn -0.5759 -0.7730 0.2662
vn -0.6801 0.3454 0.6467
vn -0.6732 0.1790 -0.7175
vn 0.0349 -0.5209 -0.8529
vn 0.0263 0.1748 -0.9843
vn -0.0905 -0.3637 -0.9271
vn -0.7281 0.6667 -0.1597
vn 0.9933 0.1116 0.0312
vn -0.9368 -0.3407 0.0795
vn -0.8764 0.4650 0.1256
vn -0.9049 -0.0197 -0.4251
vn 0.0092 -0.9968 0.0794
vn 0.4161 -0.8351 -0.3599
vn 0.0027 -0.9915 -0.1301
vn 0.0074 0.7823 -0.6229
vn 0.0015 0.8699 -0.4932
vn 0.7123 0.6860 -0.1486
vn 0.1543 -0.9866 -0.0539
vn -0.3695 0.9205 -0.1271
vn -0.7737 -0.6264 -0.0951
vn 0.0208 -0.4496 -0.8930
vn 0.6968 0.1692 -0.6970
vn 0.5304 -0.5987 -0.6002
vn -0.6186 -0.4285 -0.6586
vn 0.0166 0.5970 -0.8021
vn -0.3950 0.3106 -0.8646
vn -0.6717 -0.7228 0.1624
vn -0.8424 0.4742 0.2559
vn -0.7276 -0.6838 -0.0547
vn -0.9480 0.0546 -0.3135
vn -0.6447 -0.1417 0.7512
vn -0.0297 -0.9711 0.2367
vn -0.6520 -0.7298 -0.2056
vn -0.0039 -0.9999 0.0109
vn 0.8511 0.5132 0.1108
vn -0.6945 0.3990 0.5987
vn 0.0194 -0.1436 -0.9895
vn -0.7062 0.4502 -0.5465
vn -0.4916 0.5228 -0.6964
vn -0.6476 -0.5148 0.5618
vn 0.9776 -0.2001 0.0656
vn 0.3822 -0.8730 -0.3030
vn -0.1640 -0.0590 0.9847
vn 0.8554 -0.5139 -0.0646
vn 0.0012 0.9997 -0.0261
vn -0.0671 0.9977 0.0057
vn -0.2015 0.9712 0.1275
vn 0.3073 -0.2417 -0.9204
vn 0.0253 0.9259 -0.3768
vn 0.0349 0.9952 0.0909
vn -0.5199 -0.7895 -0.3261
vn -0.0173 0.9960 0.0880
vn -0.7423 -0.0527 0.6680
vn -0.5130 0.8193 0.2561
vn 0.0195 0.3359 -0.9417
vn 0.0155 0.6899 -0.7237
vn 0.4158 -0.4700 -0.7786
vn -0.1287 0.1317 -0.9829
vn 0.4572 -0.2059 -0.8652
vn -0.7666 -0.0404 0.6408
vn -0.5509 -0.7981 -0.2440
vn 0.9772 0.1039 0.1852
vn -0.3423 0.3085 0.8875
vn -0.4672 -0.8250 -0.3178
vn -0.0519 -0.9987 -0.0026
vn -0.3623 -0.2204 -0.9056
vn 0.6631 0.7438 0.0834
vn -0.0625 -0.0003 -0.9980
vn -0.0000 -0.0003 -1.0000
vn 0.1912 0.5596 -0.8064
vn -0.4712 -0.8259 0.3096
vn 0.0194 -0.6829 -0.7303
vn 0.0156 -0.3985 -0.9170
vn 0.0153 0.0685 -0.9975
vn 0.0090 0.8213 -0.5704
vn 0.7532 0.5125 -0.4124
vn -0.6282 0.4198 0.6550
vn -0.8784 -0.3349 0.3410
vn -0.3184 -0.5011 0.8047
vn -0.1710 0.9853 -0.0000
vn -0.7196 0.5291 0.4497
vn -0.2015 0.9711 0.1276
vn -0.3815 -0.9181 -0.1072
vn 0.2137 0.8057 -0.5524
vn -0.0571 -0.9952 0.0797
vn 0.0501 0.6251 -0.7790
vn -0.6250 0.7006 -0.3443
vn 0.2106 0.4036 -0.8904
vn -0.0752 -0.7302 -0.6790
vn 0.0268 0.7418 -0.6701
vn 0.0239 0.8020 -0.5968
vn 0.0050 0.8754 -0.4833
vn 0.9850 0.1641 0.0529
vn 0.0186 -0.2627 -0.9647
vn -0.2413 0.6986 -0.6735
vn 0.7223 0.0522 0.6896
vn 0.7504 -0.6606 0.0211
vn -0.4420 -0.8456 -0.2994
vn 0.0977 -0.9948 0.0271
vn 0.0425 -0.9393 -0.3404
vn -0.1216 0.8184 -0.5617
vn -0.0056 0.7529 -0.6582
vn -0.5925 -0.2187 -0.7753
vn -0.0872 0.0534 -0.9948
vn -0.1207 0.9887 -0.0884
vn -0.7606 0.3275 0.5606
vn 0.0192 -0.8598 -0.5103
vn 0.0155 -0.6898 -0.7238
vn 0.0012 0.3392 -0.9407
vn -0.0229 0.3895 -0.9207
vn -0.0396 0.1848 -0.9820
vn 0.0165 -0.2920 -0.9563
vn 0.0174 0.6266 -0.7791
vn 0.8877 -0.4321 0.1590
vn 0.9702 0.2301 0.0761
vn -0.0693 -0.8972 0.4361
vn 0.1118 -0.3337 -0.9360
vn -0.2625 -0.9616 -0.0797
vn -0.6041 -0.0413 -0.7959
vn 0.0034 -0.9948 0.1019
vn 0.3943 0.9062 -0.1530
vn 0.9942 0.1046 0.0240
vn 0.0103 -0.5845 -0.8113
vn -0.1852 -0.5193 -0.8343
vn 0.7130 0.5125 0.4785
vn 0.0112 0.8003 -0.5994
vn 0.5607 0.7740 0.2943
vn 0.8473 -0.0984 -0.5219
vn -0.2148 0.9740 -0.0721
vn -0.1380 -0.9881 0.0678
vn 0.9672 -0.2342 -0.0986
vn -0.1258 -0.8159 -0.5643
vn -0.1177 0.8657 -0.4865
vn 0.0105 0.9119 -0.4103
vn -0.0107 -0.9985 -0.0546
vn 0.7107 0.6971 -0.0952
vn -0.0162 0.9995 0.0266
vn -0.6801 0.3452 0.6467
vn -0.4046 -0.8631 0.3021
vn 0.0080 -0.9394 -0.3428
vn -0.8040 0.1224 -0.5819
vn -0.7588 0.4064 -0.5090
vn 0.4905 0.6599 0.5692
vn 0.6704 -0.4406 0.5970
vn -0.0294 0.7916 -0.6103
vn 0.0111 0.9276 -0.3733
vn -0.1103 -0.9508 -0.2897
vn -0.4068 0.8706 -0.2769
vn 0.0301 0.9792 -0.2007
vn -0.1127 0.9876 -0.1090
vn 0.4674 0.6839 -0.5602
vn 0.3804 -0.4128 -0.8276
vn -0.6354 0.7632 -0.1177
vn -0.8449 -0.2549 -0.4703
vn 0.4869 -0.8034 0.3427
vn -0.7642 0.5039 0.4025
vn -0.3215 -0.7821 -0.5338
vn 0.7687 0.5574 -0.3135
vn 0.9605 -0.2466 -0.1290
vn -0.4319 0.6935 0.5766
vn 0.0066 -0.9998 0.0173
vn 0.3245 -0.9458 0.0100
vn -0.0061 -0.9218 -0.3877
vn -0.1359 -0.4962 -0.8575
vn -0.2044 0.7584 -0.6189
vn -0.0157 -0.9995 0.0285
vn -0.1448 0.9744 -0.1720
vn -0.4400 -0.8938 0.0863
vn 0.8183 0.1876 -0.5433
vn 0.0096 0.9445 -0.3283
vn -0.4471 0.6449 0.6199
vn -0.3182 -0.5010 0.8048
vn -0.8785 -0.3347 0.3409
vn 0.9361 -0.3408 -0.0864
vn 0.0468 0.8140 -0.5790
vn 0.3383 0.9395 -0.0529
vn 0.1282 0.9886 -0.0792
vn -0.2590 0.7511 -0.6073
vn -0.0061 0.9982 0.0599
vn 0.4582 -0.7957 0.3960
vn 0.0089 -0.7859 -0.6183
vn 0.0056 0.9811 -0.1935
vn -0.3810 -0.8372 0.3925
vn -0.0090 -0.9989 -0.0463
vn 0.4218 -0.5290 -0.7364
vn -0.4386 -0.8909 0.1177
vn -0.3669 0.9259 0.0900
vn 0.0619 -0.7731 -0.6313
vn 0.0160 0.7759 -0.6307
vn 0.0128 0.9565 -0.2913
vn 0.0072 0.6997 -0.7144
vn -0.6380 -0.0220 -0.7697
vn -0.1049 0.3991 0.9109
vn 0.0066 -0.9482 -0.3176
vn -0.8779 0.4391 -0.1909
vn 0.0052 0.9805 -0.1963
vn -0.8053 -0.2261 0.5480
vn 0.9687 -0.1923 -0.1571
vn -0.0090 0.9989 0.0456
vn -0.0319 0.8653 -0.5003
vn -0.9538 0.2978 -0.0408
vn 0.4904 -0.7574 -0.4311
vn 0.0267 0.4654 0.8847
vn -0.0367 -0.9980 -0.0518
vn 0.8316 -0.5543 0.0352
vn 0.0061 -0.9353 -0.3537
vn -0.0624 -0.9981 -0.0000
vn -0.0208 -0.8447 -0.5348
vn -0.3219 -0.7819 -0.5339
vn -0.0209 -0.8447 -0.5349
vn 0.7194 0.6945 -0.0102
vn -0.0062 0.9871 -0.1599
vn -0.6646 0.7252 0.1803
vn 0.4865 -0.6414 -0.5933
vn -0.2463 -0.9692 -0.0032
vn 0.1737 -0.8670 -0.4670
vn -0.3681 -0.7439 -0.5577
vn -0.0969 -0.7972 -0.5959
vn -0.4787 0.8776 -0.0254
vn 0.1463 0.8314 -0.5361
vn 0.0281 0.8654 -0.5003
vn -0.0008 -0.9986 0.0520
vn -0.7944 0.3958 -0.4608
vn 0.5104 -0.8590 0.0401
vn -0.4355 -0.8949 -0.0975
vn 0.9910 0.1296 -0.0332
vn -0.7771 -0.6285 -0.0333
vn -0.8848 0.4379 -0.1593
vn -0.0010 -0.9997 0.0245
vn -0.7920 0.5839 -0.1783
vn -0.8463 0.1000 0.5233
vn 0.0356 0.8109 -0.5841
vn -0.1504 0.8985 -0.4124
vn 0.0405 0.7632 -0.6449
vn 0.3780 -0.4691 0.7981
vn -0.1143 0.9859 -0.1224
vn 0.4128 0.3666 0.8338
vn 0.0109 -0.9998 -0.0172
vn 0.0091 -0.9897 0.1429
vn 0.0410 -0.9965 0.0724
vn -0.8182 -0.5733 0.0445
vn 0.0021 -0.9709 -0.2396
vn 0.4475 -0.7400 0.5022
vn -0.9628 -0.2637 -0.0585
vn 0.0005 -0.9889 -0.1488
vn -0.5858 0.7483 0.3112
vn 0.0303 0.8814 -0.4715
vn -0.2971 -0.9467 0.1240
vn 0.0063 0.9998 -0.0185
vn -0.0936 0.9943 -0.0511
vn -0.5595 -0.8286 0.0177
vn 0.0085 0.9987 0.0499
vn 0.4417 -0.7980 0.4100
vn 0.3434 -0.7292 0.5919
vn -0.3717 0.8924 -0.2560
vn -0.8786 -0.4601 0.1278
vn 0.6573 -0.7505 -0.0680
vn 0.0075 0.9999 -0.0092
vn -0.2845 -0.9504 -0.1261
vn -0.3439 -0.8441 -0.4114
vn -0.9433 -0.3009 -0.1402
vn 0.7862 0.6164 0.0437
vn -0.0126 0.9998 0.0139
vn 0.0015 0.9899 0.1420
vn 0.3655 0.9117 0.1875
vn -0.3691 0.9206 -0.1273
vn -0.7944 0.3958 -0.4607
vn 1.0000 -0.0000 -0.0003
vn -0.6301 0.7760 0.0284
vn 0.2054 0.8948 0.3964
vn -0.9352 0.1925 0.2973
vn -0.9932 0.0871 -0.0771
vn -0.3467 -0.9377 -0.0242
vn -0.7257 0.6616 -0.1888
vn -0.0231 -0.9913 -0.1295
vn -0.1697 0.1720 0.9704
vn -0.2478 0.8081 -0.5344
vn -0.4251 0.7844 0.4517
vn 0.5492 -0.8321 -0.0773
vn 0.2416 -0.9428 -0.2298
vn 0.0547 -0.9876 0.1470
vn -0.0064 0.9914 -0.1306
vn -0.6601 -0.7331 -0.1641
vn 0.6766 -0.7362 -0.0166
vn -0.0095 -0.9897 0.1428
vn -0.2124 0.8662 -0.4523
vn -0.1875 -0.9775 0.0962
vn 0.0036 0.9983 0.0586
vn -0.4910 0.7021 -0.5157
vn 0.0802 0.9879 0.1331
vn 0.2541 -0.7064 -0.6606
vn 0.0109 0.9584 -0.2853
vn -0.6272 -0.7655 0.1436
vn -0.6564 0.7441 0.1244
vn 0.0548 -0.9876 0.1470
vn -0.3456 0.9154 -0.2063
vn -0.5974 -0.7963 0.0950
vn 0.2980 0.9517 -0.0743
vn -0.6871 -0.6252 -0.3701
vn -0.9009 -0.4192 -0.1125
vn 0.0066 0.9589 0.2836
vn 0.2154 -0.9408 -0.2616
vn 0.0623 -0.7389 -0.6709
vn 0.1907 0.8614 -0.4708
vn -0.0300 0.7745 -0.6319
vn -0.2512 0.7832 -0.5687
vn 0.0168 0.9849 -0.1726
vn 0.0101 0.9846 -0.1748
vn 0.1958 0.9690 -0.1505
vn -0.4550 0.8900 0.0314
vn 0.9887 0.1214 0.0878
vn 0.0113 0.9117 0.4108
vn -0.0148 0.9261 0.3770
vn 0.0104 -0.9527 -0.3038
vn 0.6333 -0.2302 0.7388
vn 0.9043 0.3623 -0.2258
vn -0.3423 -0.5383 -0.7701
vn 0.0019 -1.0000 -0.0067
vn 0.2838 0.6880 -0.6679
vn 0.0510 0.7176 -0.6945
vn -0.0069 0.9806 -0.1958
vn -0.1539 0.4691 0.8696
vn 0.0280 -0.8519 0.5229
vn 0.0003 -1.0000 -0.0004
vn -0.0015 -0.9983 0.0587
vn -0.6891 0.1290 -0.7130
vn -0.0012 -0.9140 -0.4056
vn -0.3604 0.1397 -0.9223
vn 0.2463 -0.8607 -0.4456
vn 0.3238 0.7695 -0.5504
vn -0.6291 0.6667 -0.3995
vn -0.6988 -0.6148 0.3657
vn -0.2815 0.9595 -0.0121
vn -0.0229 -0.8810 0.4725
vn -0.0916 -0.9915 0.0920
vn 0.5061 -0.8300 -0.2343
vn 0.8605 0.2847 0.4225
vn 0.7773 0.5779 0.2488
vn -0.9970 -0.0109 0.0768
vn -0.0023 -0.9700 -0.2430
vn 0.0117 -0.9341 -0.3568
vn -0.3547 -0.8629 -0.3600
vn -0.0220 -0.9818 -0.1885
vn -0.2284 -0.8112 -0.5383
vn -0.0765 0.9698 0.2315
vn 0.0207 0.8720 -0.4890
vn -0.0232 -0.2825 0.9590
vn -0.0050 0.9568 0.2908
vn -0.0377 -0.3855 0.9220
vn -0.0039 0.0670 0.9977
vn -0.3446 0.5526 0.7588
vn -0.1179 -0.7678 0.6297
vn -0.1711 -0.8096 0.5615
vn 0.0234 0.9594 -0.2812
vn 0.0186 0.9723 -0.2328
vn -0.0144 -0.9914 0.1298
vn -0.5626 -0.8243 0.0625
vn 0.9732 0.2268 -0.0375
vn -0.0103 0.9080 0.4189
vn 0.4714 -0.0772 -0.8785
vn -0.5651 0.2423 -0.7886
vn -0.0287 0.9950 -0.0952
vn -0.7974 -0.5718 0.1929
vn 0.4897 0.2835 -0.8245
vn 0.1334 -0.9911 0.0023
vn 0.0390 -0.9772 -0.2088
vn -0.1855 -0.8023 -0.5673
vn -0.0721 0.9543 0.2902
vn 0.0275 0.8804 -0.4735
vn 0.6555 0.5484 -0.5192
vn 0.1213 -0.9543 0.2732
vn 0.6820 0.1268 0.7203
vn 0.0113 -0.8951 0.4457
vn 0.9919 -0.1269 -0.0030
vn 0.0003 0.8863 -0.4631
vn 0.6320 -0.7100 0.3107
vn 0.9656 -0.2601 -0.0002
vn -0.8455 -0.4353 -0.3093
vn 0.5687 -0.8222 0.0249
vn 0.1700 -0.3251 -0.9303
vn 0.9948 -0.0637 0.0795
vn 0.9952 0.0917 0.0328
vn 0.0234 0.8007 -0.5986
vn 0.1550 -0.4902 -0.8577
vn 0.0390 0.7614 0.6472
vn 0.1614 -0.6104 0.7755
vn 0.2107 0.7910 0.5743
vn -0.3149 0.2510 0.9154
vn -0.0872 -0.8607 0.5017
vn -0.2924 0.1721 0.9407
vn 0.6850 0.5229 -0.5073
vn -0.0705 0.8703 0.4875
vn -0.3445 -0.9295 0.1314
vn 0.7051 -0.6791 0.2041
vn 0.7611 0.5752 0.2997
vn 0.9916 -0.1267 -0.0268
vn 0.9980 -0.0629 0.0071
vn 0.0035 -0.9948 0.1019
vn -0.1957 0.9384 0.2848
vn 0.2263 0.7979 -0.5587
vn -0.0223 -0.9734 -0.2280
vn 0.9293 0.3684 -0.0274
vn 0.0165 0.9912 0.1317
vn 0.6136 0.7717 0.1674
vn 0.0045 0.8786 0.4775
vn -0.0030 0.9734 -0.2290
vn -0.8723 -0.0464 0.4867
vn -0.0072 -0.9530 0.3029
vn -0.5222 0.5185 -0.6771
vn 0.8799 -0.4375 -0.1854
vn 0.7896 0.6087 0.0771
vn -0.0213 -0.9674 0.2525
vn 0.0064 0.9334 -0.3589
vn -0.3241 0.6971 0.6395
vn 0.9159 -0.1323 0.3791
vn 0.2096 -0.3442 0.9152
vn -0.1069 0.9717 -0.2108
vn -0.7087 0.6931 -0.1322
vn -0.9873 0.1582 -0.0125
vn -0.0062 -0.9367 0.3502
vn -0.0026 0.9680 0.2511
vn 0.5406 -0.0768 0.8378
vn 0.0194 0.9865 -0.1629
vn -0.2851 0.8712 0.3997
vn 0.5045 -0.8633 0.0145
vn -0.7510 0.3087 -0.5837
vn 0.8696 0.1239 0.4780
vn -0.5975 0.3343 -0.7289
vn 0.8931 -0.2179 -0.3935
vn -0.8198 -0.2763 -0.5016
vn -0.5946 0.7491 0.2921
vn 0.9647 -0.0769 0.2518
vn 0.0484 -0.7407 -0.6701
vn 0.1176 -0.7374 -0.6651
vn 0.0748 -0.2928 -0.9532
vn 0.2510 0.6097 -0.7518
vn -0.0236 0.8294 0.5581
vn 0.0069 -0.9796 0.2008
vn -0.0764 0.8911 0.4472
vn -0.1227 0.8866 0.4461
vn -0.0891 -0.5882 0.8038
vn 0.0184 0.9102 -0.4138
vn -0.9052 -0.4243 0.0247
vn 0.6191 -0.7350 0.2766
vn 0.1335 -0.9910 0.0026
vn -0.0715 -0.5364 -0.8409
vn 0.0228 -0.9829 -0.1825
vn -0.4277 -0.8892 0.1625
vn -0.7322 0.4409 0.5191
vn -0.6138 0.3603 -0.7025
vn -0.0087 0.5704 0.8213
vn -0.0175 -0.9965 0.0822
vn -0.0359 -0.9609 0.2746
vn -0.9995 -0.0056 -0.0296
vn -0.0231 -0.8254 0.5640
vn -0.0207 0.5549 0.8316
vn -0.0023 0.8884 0.4590
vn -0.0323 -0.9822 -0.1849
vn -0.4777 -0.8319 0.2824
vn -0.2648 0.7988 0.5403
vn -0.7759 0.2800 0.5653
vn -0.0197 -0.9983 0.0550
vn -0.0341 -0.9972 0.0661
vn -0.2364 -0.5800 0.7796
vn 0.1495 0.9705 0.1889
vn -0.7997 -0.3793 0.4655
vn 0.0315 0.7412 -0.6705
vn -0.2860 -0.8840 0.3698
vn -0.0213 -0.5284 0.8487
vn -0.9926 -0.0802 -0.0913
vn -0.0476 -0.8346 -0.5488
vn 0.5405 -0.0768 0.8378
vn 0.1334 -0.9911 0.0027
vn 0.0261 -0.9258 -0.3772
vn -0.0060 -0.9841 -0.1774
vn 0.1914 0.9506 0.2445
vn -0.0795 0.9760 -0.2026
vn -0.0301 0.8704 0.4915
vn 0.2229 0.9589 0.1755
vn 0.0493 0.8596 -0.5085
vn 0.0474 0.7985 -0.6001
vn 0.1613 0.4233 -0.8915
vn -0.4135 -0.8573 0.3066
vn -0.3140 -0.8701 0.3799
vn -0.0382 -0.5353 0.8438
vn 0.3405 -0.6801 0.6492
vn 0.6028 0.3245 0.7290
vn -0.0351 0.6381 0.7692
vn 0.0956 0.9541 0.2839
vn -0.4862 0.8207 0.3001
vn 0.0039 0.8417 0.5400
vn -0.0039 0.8424 0.5389
vn 0.4275 0.5313 -0.7314
vn -0.8255 -0.5450 0.1466
vn -0.0107 0.9980 -0.0620
vn 0.0507 0.9905 -0.1282
vn 0.9467 -0.1918 0.2587
vn 0.0434 0.8442 -0.5342
vn 0.0048 0.9533 -0.3021
vn -0.2439 0.0687 0.9674
vn 0.1130 0.5836 -0.8041
vn 0.7975 -0.3470 -0.4936
vn -0.6437 0.7470 -0.1662
vn -0.3778 0.8817 -0.2826
vn -0.7060 0.6946 -0.1379
vn -0.0161 0.7041 0.7099
vn 0.7331 -0.2836 -0.6182
vn -0.0476 -0.8347 -0.5486
vn 0.8727 0.2415 0.4244
vn 0.3902 -0.8961 -0.2116
vn 0.1332 -0.9911 0.0020
vn 0.0959 0.9542 0.2835
vn 0.9624 0.2114 -0.1707
vn 0.1908 0.8614 -0.4706
vn -0.2730 0.4513 0.8496
vn 0.0824 -0.9955 0.0464
vn -0.2833 -0.7476 0.6008
vn -0.2805 0.8358 0.4720
vn 0.3371 0.8595 0.3842
vn 0.3079 -0.0619 0.9494
vn -0.1115 0.5466 0.8300
vn -0.0399 -0.7483 0.6621
vn -0.8004 0.5962 0.0628
vn -0.8635 -0.5000 0.0662
vn 0.4311 -0.9023 0.0027
vn -0.0224 0.6982 0.7155
vn 0.0073 -0.9496 -0.3133
vn -0.0143 0.8655 0.5006
vn -0.3839 -0.7970 0.4662
vn -0.5090 0.7428 0.4349
vn 0.3876 -0.8275 0.4061
vn 0.3786 -0.5108 -0.7718
vn -0.0256 0.8807 0.4731
vn -0.0068 -0.9641 0.2653
vn -0.1403 0.9468 0.2896
vn 0.0145 0.9701 -0.2421
vn -0.0096 -0.6551 0.7555
vn 0.0126 0.9990 -0.0424
vn 0.0099 0.9956 -0.0935
vn 0.0085 0.9371 0.3489
vn -0.8828 -0.2837 0.3744
vn 0.0166 0.7821 0.6229
vn 0.0380 -0.8267 -0.5614
vn -0.0799 -0.9890 -0.1246
vn 0.1128 0.9183 -0.3794
vn 0.9624 0.2116 -0.1706
vn -0.7058 0.6684 0.2346
vn 0.1124 0.8582 -0.5008
vn -0.0449 -0.9861 0.1597
vn -0.0468 0.9428 -0.3300
vn -0.0786 0.3848 0.9196
vn 0.2653 0.0605 0.9623
vn -0.2927 0.8185 0.4943
vn -0.1454 0.9762 -0.1611
vn 0.2213 0.9483 0.2276
vn 0.2987 -0.9100 -0.2877
vn 0.3651 0.5930 -0.7177
vn -0.0237 0.7619 0.6472
vn 0.4348 0.4822 0.7605
vn 0.0476 0.9890 -0.1399
vn -0.2158 0.1670 0.9621
vn -0.0428 0.9969 -0.0666
vn 0.1734 0.9716 0.1608
vn 0.4670 0.5577 -0.6861
vn -0.7392 -0.1835 0.6480
vn -0.0155 -0.7253 0.6883
vn -0.0215 -0.0501 0.9985
vn 0.9928 -0.1165 0.0292
vn -0.9272 -0.3258 0.1847
vn -0.0316 0.7175 0.6958
vn -0.3670 0.8636 0.3457
vn 0.0800 0.5927 0.8015
vn -0.2860 0.6500 0.7040
vn -0.0498 -0.9301 0.3639
vn 0.0023 -0.9007 0.4344
vn -0.0028 -0.8868 0.4622
vn 0.8428 -0.5182 0.1456
vn -0.0277 -0.6788 0.7338
vn 0.7960 -0.3475 -0.4957
vn 0.3892 0.8357 0.3876
vn 0.0961 0.9387 0.3312
vn 0.3609 0.8214 0.4416
vn -0.6597 0.7507 0.0354
vn 0.4211 0.2784 -0.8633
vn -0.1455 0.7780 -0.6112
vn -0.0224 -0.3600 0.9327
vn -0.9994 0.0045 -0.0332
vn -0.0436 0.0290 0.9986
vn -0.0376 0.1403 0.9894
vn -0.9949 0.0115 0.0998
vn -0.4841 0.8693 -0.0993
vn 0.2773 0.8344 0.4764
vn 0.5380 0.2581 0.8024
vn 0.1218 0.6798 0.7233
vn 0.6754 0.7080 -0.2064
vn 0.1361 0.8718 0.4706
vn 0.0105 0.8782 0.4782
vn -0.4175 0.8214 -0.3886
vn -0.1067 0.2127 0.9713
vn 0.5911 -0.5902 0.5498
vn -0.0160 0.4196 0.9076
vn -0.6751 0.3809 0.6318
vn -0.0611 -0.9584 -0.2787
vn 0.2522 0.9501 0.1835
vn 0.0215 0.8438 0.5362
vn 0.0086 0.4824 0.8759
vn 0.0048 -0.1201 0.9927
vn 0.0597 0.9459 0.3188
vn -0.0017 0.9808 0.1950
vn -0.1931 0.2799 0.9404
vn -0.0042 0.9879 -0.1553
vn -0.3953 0.8212 0.4117
vn -0.7022 -0.6588 0.2702
vn -0.4460 -0.5324 0.7195
vn -0.0304 -0.4131 0.9102
vn 0.8295 -0.2630 -0.4926
vn 0.2510 0.6696 0.6990
vn 0.6054 0.5935 0.5304
vn -0.8929 -0.3188 -0.3180
vn -0.0754 0.8487 0.5234
vn -0.0491 -0.9491 -0.3112
vn -0.2438 0.9061 0.3457
vn -0.4116 -0.1898 0.8914
vn -0.4161 0.7274 0.5456
vn -0.0571 0.8288 0.5567
vn -0.0054 0.9088 0.4171
vn -0.1653 -0.7904 -0.5898
vn 0.1464 0.2356 -0.9608
vn 0.0366 0.9814 -0.1882
vn -0.3841 -0.3434 0.8570
vn 0.0267 0.8436 -0.5364
vn -0.0614 -0.7399 0.6699
vn -0.5065 -0.7586 0.4098
vn 0.0709 0.6393 -0.7657
vn 0.0292 0.0113 -0.9995
vn 0.7560 0.3895 -0.5262
vn -0.2385 -0.6132 0.7531
vn -0.9254 0.0726 -0.3719
vn -0.6227 -0.6865 -0.3756
vn -0.5746 0.7518 0.3235
vn -0.2810 0.1676 0.9450
vn -0.4980 -0.7931 -0.3506
vn 0.1683 0.4483 -0.8779
vn 0.4671 -0.7220 0.5105
vn 0.0755 0.7849 0.6150
vn 0.1513 0.3277 0.9326
vn -0.1385 0.4856 0.8631
vn 0.1420 -0.9860 0.0872
vn -0.4343 -0.8790 0.1969
vn -0.5777 -0.7698 0.2714
vn -0.7161 0.5873 -0.3772
vn 0.3682 -0.4207 0.8291
vn 0.0711 0.9952 0.0675
vn 0.0614 0.9976 0.0306
vn -0.8218 -0.5314 -0.2056
vn 0.9993 0.0358 -0.0131
vn 0.0446 0.5517 -0.8329
vn -0.8708 0.1965 -0.4507
vn -0.0350 0.1281 0.9911
vn -0.1787 0.4395 -0.8803
vn 0.0451 0.8230 0.5663
vn -0.2775 0.2649 0.9235
vn 0.7191 0.6218 -0.3104
vn -0.8797 -0.2408 0.4101
vn -0.5491 0.5787 0.6030
vn 0.7020 -0.7093 0.0629
vn -0.0283 -0.9744 0.2231
vn 0.0163 0.9162 -0.4004
vn 0.0136 0.9377 -0.3471
vn 0.5241 0.7488 -0.4058
vn 0.4814 0.1086 -0.8697
vn 0.6735 -0.7303 -0.1142
vn 0.8936 -0.0298 0.4479
vn -0.3143 -0.8110 -0.4935
vn 0.1320 0.5979 0.7906
vn 0.0430 -0.8059 -0.5904
vn -0.1797 -0.8598 -0.4780
vn -0.0587 -0.9952 -0.0787
vn -0.3976 0.8481 0.3502
vn 0.0354 0.9705 0.2385
vn 0.2258 0.8746 -0.4290
vn -0.8082 0.3305 0.4875
vn -0.2132 -0.6196 0.7554
vn -0.0973 -0.7368 0.6691
vn 0.0473 0.7862 -0.6161
vn 0.0259 0.7959 -0.6049
vn -0.2282 0.7605 0.6079
vn -0.9062 -0.0222 0.4224
vn -0.0436 -0.4649 -0.8843
vn 0.9950 -0.0889 -0.0456
vn 0.0205 -0.8859 -0.4634
vn -0.0716 -0.8973 -0.4356
vn 0.2145 0.7578 0.6162
vn 0.0732 0.9380 0.3387
vn -0.0736 -0.8938 0.4423
vn -0.0273 -0.8222 0.5685
vn 0.0672 0.6327 -0.7715
vn 0.7164 0.4691 -0.5165
vn -0.5742 -0.3868 0.7216
vn -0.9993 0.0230 -0.0292
vn -0.0581 0.3556 0.9328
vn -0.7707 0.2548 0.5841
vn 0.0300 -0.4177 -0.9081
vn 0.7962 0.1361 0.5895
vn 0.3326 -0.9315 -0.1473
vn 0.7703 0.6373 0.0204
vn 0.2140 0.0410 -0.9760
vn -0.1236 0.4631 0.8776
vn -0.4106 0.8913 0.1923
vn -0.1926 0.9234 0.3321
vn -0.0795 -0.9396 0.3328
vn -0.2577 0.3494 0.9009
vn -0.0110 0.9102 -0.4139
vn -0.3809 0.9165 -0.1224
vn 0.0322 0.6811 -0.7315
vn -0.6975 0.5777 -0.4239
vn 0.5003 0.4314 -0.7507
vn 0.5002 0.4317 -0.7506
vn -0.0724 -0.2271 0.9712
vn 0.5191 0.3515 0.7791
vn 0.1569 -0.0908 0.9834
vn -0.0424 0.8427 0.5367
vn -0.0861 -0.7623 0.6415
vn -0.0275 0.9754 0.2186
vn 0.0035 0.9722 0.2343
vn 0.2713 0.7222 0.6362
vn 0.8883 0.2272 -0.3991
vn 0.6155 -0.1635 0.7710
vn -0.5828 -0.0604 0.8104
vn -0.9116 0.4017 -0.0876
vn 0.0120 -0.3473 0.9377
vn -1.0000 -0.0003 -0.0000
vn 0.5005 0.4314 -0.7506
vn 0.4211 0.2781 -0.8633
vn 0.0044 0.7698 -0.6383
vn -0.6156 0.4227 -0.6651
vn 0.0309 -0.2524 -0.9671
vn -0.0240 0.4856 0.8738
vn -0.3004 -0.2237 0.9272
vn 0.5475 -0.2317 0.8041
vn -0.1820 -0.7315 0.6571
vn -0.7760 -0.6050 -0.1786
vn 0.0252 0.9669 0.2538
vn -0.0823 -0.6564 0.7499
vn 0.3676 0.4039 -0.8377
vn -0.9523 -0.1598 -0.2601
vn 0.0309 -0.2522 -0.9672
vn 0.5550 0.4964 0.6675
vn 0.0232 0.9578 0.2865
vn -0.0048 -0.2976 0.9547
vn -0.6055 -0.6994 0.3798
vn -0.0071 0.9598 0.2805
vn 0.3901 0.8030 -0.4505
vn 0.0633 -0.0354 0.9974
vn 0.4549 0.8014 0.3884
vn 0.0865 0.0853 -0.9926
vn 0.7166 0.4692 -0.5160
vn 0.5005 0.4315 -0.7505
vn 0.1859 0.1089 -0.9765
vn -0.2974 0.9388 -0.1739
vn 0.2509 0.6696 0.6991
vn -0.0436 -0.4648 -0.8844
vn 0.0309 -0.2521 -0.9672
vn 0.4152 -0.2470 -0.8756
vn -0.4104 0.8432 0.3472
vn 0.4634 -0.1762 0.8685
vn -0.0252 -0.2966 0.9547
vn -0.9349 0.2845 -0.2121
vn -0.4461 -0.5323 0.7195
vn 0.0047 0.7698 -0.6383
vn -0.5987 -0.1743 0.7817
vn 0.9668 -0.1938 -0.1664
vn 0.0287 0.3564 0.9339
vn 0.2859 -0.7555 0.5895
vn -0.0010 -0.8739 0.4861
vn 0.0187 0.9096 0.4151
vn 0.0349 0.9505 -0.3088
vn 0.0301 0.7945 -0.6065
vn 0.0763 0.5471 -0.8336
vn -0.7646 -0.4357 -0.4749
vn 0.7163 0.4694 -0.5163
vn 0.0518 0.2072 -0.9769
vn 0.1696 0.6512 -0.7397
vn -0.0237 0.7299 -0.6832
vn 0.3679 0.4039 -0.8376
vn 0.7167 0.4689 -0.5161
vn 0.1640 -0.1187 -0.9793
vn 0.1828 0.6039 0.7758
vn -0.0440 0.2017 0.9785
vn -0.0007 -0.8225 0.5688
vn 0.2360 -0.3008 0.9240
vn -0.0416 0.2857 0.9574
vn 0.0007 -0.9183 0.3959
vn 0.0177 0.4786 0.8778
vn 0.7456 0.4978 -0.4430
vn 0.3825 -0.8677 -0.3174
vn 0.0336 0.9386 0.3433
vn 0.3375 -0.8180 0.4658
vn -0.0193 0.8594 -0.5110
vn -0.0556 0.8490 -0.5254
vn -0.0833 -0.5461 0.8336
vn -0.6079 -0.5422 0.5802
vn -0.8520 -0.5094 0.1206
vn -0.5306 -0.4443 0.7218
vn -0.5308 -0.4444 0.7217
vn 0.0539 -0.6304 -0.7744
vn -0.1095 0.7071 0.6986
vn 0.8796 -0.0417 0.4739
vn -0.0346 0.7971 0.6028
vn -0.0234 -0.3407 0.9399
vn 0.0829 0.6366 0.7668
vn 0.1736 -0.8816 0.4389
vn -0.0234 -0.8535 -0.5206
vn 0.6094 0.4436 -0.6571
vn -0.0898 -0.4430 0.8920
vn -0.0107 0.8266 -0.5627
vn -0.0090 -0.7063 0.7079
vn -0.8039 0.4894 0.3379
vn 0.0279 0.6435 -0.7650
vn -0.4201 0.1091 0.9009
vn -0.8484 0.0764 0.5238
vn 0.6383 0.5877 0.4972
vn -0.3238 -0.8470 -0.4217
vn 0.0536 -0.9850 -0.1638
vn -0.3765 0.6757 0.6338
vn -0.1598 0.0170 0.9870
vn 0.1353 0.9260 0.3525
vn 0.0688 -0.7039 0.7070
vn -0.9349 0.2846 -0.2121
vn -0.5120 -0.0975 -0.8534
vn -0.7794 0.0343 -0.6255
vn 0.8604 0.1670 0.4814
vn 0.0622 0.2977 0.9526
vn -0.2972 0.9388 -0.1743
vn 0.8605 0.1668 0.4814
vn 0.0810 -0.1055 -0.9911
vn 0.8670 -0.4972 0.0327
vn 0.3931 0.8083 0.4384
vn -0.3147 -0.8108 -0.4935
vn -0.9537 -0.0090 -0.3007
vn -0.3119 -0.4632 -0.8296
vn -0.4067 -0.8582 0.3131
vn 0.0620 -0.5835 -0.8098
vn -0.0101 0.7950 0.6066
vn 0.0388 -0.9953 -0.0889
vn -0.1054 -0.8239 -0.5568
vn -0.0418 0.9833 0.1770
vn -0.0074 0.9937 0.1116
vn -0.4035 -0.2350 0.8843
vn -0.0679 -0.6995 0.7114
vn -0.0471 -0.7069 0.7057
vn -0.0813 -0.4654 0.8814
vn -0.0299 0.1552 0.9874
vn -0.0304 0.8079 0.5886
vn 0.8830 -0.4663 0.0544
vn 0.0037 -0.8187 -0.5743
vn 0.9047 0.0084 -0.4259
vn -0.0114 0.7850 -0.6194
vn 0.8598 0.1659 -0.4830
vn 0.0290 0.5267 -0.8495
vn -0.4948 0.4739 -0.7284
vn -0.4284 -0.0528 -0.9020
vn 0.7968 0.0806 -0.5989
vn 0.0381 -0.7151 -0.6980
vn 0.0407 0.8483 -0.5280
vn -0.8673 -0.4092 0.2833
vn 0.0080 -0.0283 0.9996
vn -0.0000 1.0000 -0.0002
vn 0.8670 -0.4973 0.0325
vn 0.3929 0.8083 0.4385
vn 0.9970 -0.0712 0.0292
vn -0.0465 -0.7827 -0.6207
vn 0.0064 0.8598 0.5105
vn 0.0118 0.8877 0.4603
vn 0.0443 0.8247 0.5639
vn 0.3331 0.8219 -0.4620
vn 0.3307 0.3572 0.8735
vn -0.0042 -0.8097 0.5868
vn -0.0556 -0.7706 0.6349
vn 0.5812 0.1669 0.7965
vn -0.5039 -0.1747 0.8459
vn -0.1679 0.6039 -0.7792
vn -0.0381 -0.0170 0.9991
vn 0.9959 -0.0843 0.0331
vn -0.3897 0.8516 0.3505
vn 0.4206 0.7680 0.4830
vn -0.1372 0.6088 0.7814
vn -0.0418 -0.8635 0.5026
vn -0.0266 0.9960 -0.0849
vn -0.4391 0.7820 -0.4424
vn -0.5943 -0.1463 0.7908
vn -0.4741 0.0831 0.8765
vn 0.4984 0.5136 -0.6984
vn -0.6158 -0.5682 0.5458
vn 0.3642 0.9193 0.1492
vn -0.0210 0.7499 -0.6612
vn -0.6450 0.4884 -0.5878
vn -0.4478 -0.4932 0.7459
vn -0.4589 -0.6619 -0.5928
vn 0.1815 -0.9552 -0.2339
vn -0.5976 0.1862 0.7798
vn 0.9731 -0.0597 -0.2225
vn -0.0662 -0.6197 -0.7820
vn -0.5149 0.3728 -0.7719
vn -0.0844 0.4881 0.8687
vn 0.0324 -0.4823 -0.8754
vn -0.0063 0.6299 0.7767
vn -0.1223 -0.6792 -0.7237
vn 0.0702 -0.9164 -0.3941
vn 0.1295 0.8998 0.4166
vn 0.6764 0.4376 0.5925
vn 0.0286 0.6810 -0.7317
vn 0.9445 -0.2523 0.2102
vn -0.1156 0.5233 0.8443
vn -0.4280 -0.7402 0.5185
vn -0.0372 0.6450 0.7633
vn -0.4998 0.3914 -0.7727
vn -0.0174 -0.6205 0.7840
vn -0.0188 0.6577 -0.7531
vn 0.0894 0.1543 -0.9840
vn -0.2756 0.6996 -0.6592
vn -0.0628 0.6581 0.7503
vn 0.0358 0.0221 -0.9991
vn -0.0945 0.1401 0.9856
vn -0.5077 0.6856 0.5217
vn 0.6065 0.6584 0.4456
vn 0.4736 -0.8639 0.1712
vn -0.0247 -0.9095 0.4151
vn -0.0273 -0.8981 0.4389
vn -0.0450 -0.5096 0.8592
vn -0.1263 -0.1848 0.9746
vn -0.2537 0.5834 -0.7716
vn -0.4841 0.8668 0.1197
vn -0.8055 0.1203 0.5803
vn 0.0789 -0.2664 -0.9606
vn 0.6703 -0.5319 0.5175
vn -0.0318 0.6210 0.7832
vn 0.2287 0.6412 0.7325
vn 0.0015 -0.9905 0.1376
vn -0.5639 -0.7409 0.3650
vn 0.5729 -0.7541 0.3212
vn 0.5640 0.8256 0.0176
vn -0.0897 0.5678 -0.8183
vn -0.6750 0.5131 -0.5302
vn -0.5483 -0.1022 -0.8300
vn 0.0420 -0.5192 -0.8536
vn -0.0303 -0.7047 -0.7088
vn -0.0849 0.8567 0.5087
vn 0.5102 -0.7992 0.3178
vn 0.0083 0.6841 -0.7293
vn -0.6616 -0.4851 0.5719
vn -0.7936 0.0597 -0.6055
vn -0.2938 0.1914 -0.9365
vn 0.9995 -0.0235 0.0202
vn -0.5697 -0.4606 0.6806
vn -0.0094 0.8131 0.5821
vn -0.8604 0.4178 0.2920
vn 0.0524 0.3089 -0.9496
vn -0.0965 -0.2075 0.9735
vn 0.6016 -0.3699 0.7080
vn -0.5213 -0.0103 -0.8533
vn 0.9778 -0.0386 -0.2059
vn -0.0773 0.6151 0.7846
vn -0.1425 0.4680 0.8722
vn -0.0321 0.8830 0.4684
vn 0.5666 0.8240 0.0104
vn 0.4158 -0.1877 0.8899
vn 0.9956 0.0344 -0.0872
vn -0.6900 -0.6470 -0.3244
vn -0.0970 0.2026 0.9744
vn -0.9908 0.0831 -0.1071
vn -0.1585 -0.6995 -0.6968
vn -0.0781 -0.6902 -0.7194
vn 0.3549 -0.8965 -0.2651
vn 0.5388 -0.5487 0.6392
vn -0.0686 -0.8682 0.4914
vn 0.0284 0.4329 -0.9010
vn 0.0471 0.4898 -0.8706
vn 0.0384 0.4366 -0.8989
vn -0.1794 -0.3512 0.9190
vn 0.3283 -0.2287 0.9165
vn -0.6257 0.6519 0.4284
vn 0.8365 0.3312 0.4366
vn 0.0512 -0.9890 -0.1386
vn 0.5370 0.6249 0.5667
vn -0.1527 0.4550 0.8773
vn -0.1646 0.5073 0.8459
vn -0.6720 0.2978 -0.6781
vn 0.0039 0.5295 -0.8483
vn 0.6682 0.7235 -0.1735
vn -0.3172 0.5285 -0.7874
vn 0.9953 0.0113 -0.0966
vn 0.0410 0.3570 -0.9332
vn -0.4802 0.1346 -0.8668
vn -0.2299 0.1011 -0.9679
vn -0.8791 -0.2189 0.4233
vn -0.5257 -0.3866 -0.7577
vn -0.0000 0.2428 0.9701
vn -0.4743 0.0827 0.8765
vn 0.6503 -0.1704 0.7404
vn 0.0351 -0.4742 -0.8797
vn -0.0389 0.3336 0.9419
vn -0.0488 -0.6864 0.7256
vn -0.0685 -0.4310 0.8998
vn -0.3025 0.1577 -0.9400
vn 0.4828 -0.2390 0.8425
vn -0.0104 -0.4594 0.8882
vn -0.9507 0.2313 0.2065
vn -0.7125 0.1484 0.6858
vn -0.5256 -0.3866 -0.7578
vn 0.0705 -0.2329 -0.9699
vn -0.0000 0.2426 0.9701
vn 0.7071 0.7071 -0.0000
vn -0.5260 -0.3866 -0.7576
vn 0.0472 0.3987 0.9159
vn 0.2591 -0.4383 0.8607
vn 0.0307 0.6982 0.7152
vn 0.4042 0.9145 -0.0153
vn 0.0463 -0.3294 -0.9431
vn 0.1382 0.3618 0.9220
vn -0.0294 0.7296 0.6833
vn -0.0875 0.7423 0.6644
vn 0.0094 -0.5821 0.8131
vn 0.2952 -0.5909 0.7508
vn 0.0436 -0.0382 -0.9983
vn -0.8311 -0.2222 0.5097
vn 0.0600 -0.6355 -0.7698
vn -0.0540 -0.7595 0.6482
vn 0.1149 -0.3737 0.9204
vn -0.9434 -0.1991 -0.2653
vn -0.6965 -0.6269 0.3491
vn 0.0604 -0.6355 -0.7697
vn -0.0012 -0.1118 -0.9937
vn -0.5021 -0.0062 -0.8648
vn 0.0268 -0.3521 -0.9356
vn -0.0871 -0.4541 -0.8867
vn 0.1231 -0.9434 -0.3079
vn 0.1120 -0.7498 -0.6521
vn -0.9196 -0.1975 -0.3396
vn 0.6957 -0.6048 0.3876
vn 0.0246 0.9752 -0.2198
vn -0.6061 -0.6100 0.5103
vn 0.0510 0.1155 -0.9920
vn 0.0011 -0.1810 0.9835
vn -0.5623 0.1558 -0.8121
vn 0.0341 -0.1642 -0.9858
vn 0.0024 -0.1099 0.9939
vn -0.1699 -0.9567 0.2363
vn 0.1479 -0.7301 0.6671
vn -0.1678 0.7080 0.6860
vn 0.5862 -0.5681 0.5776
vn -0.4707 -0.6765 0.5663
vn 0.0896 0.8893 -0.4484
vn 0.5094 0.0811 0.8567
vn -0.8771 -0.0252 -0.4797
vn -0.2991 0.1389 -0.9440
vn 0.8109 0.4920 -0.3167
vn 0.8460 -0.2447 0.4736
vn -0.3263 0.0756 -0.9422
vn -0.2771 0.2051 -0.9387
vn -0.4745 0.3064 -0.8252
vn -0.4637 -0.8517 0.2441
vn -0.0011 -0.1120 -0.9937
vn -0.0238 0.3850 0.9226
vn 0.4107 -0.1491 0.8995
vn 0.1329 -0.8982 -0.4191
vn -0.2326 0.6800 0.6953
vn -0.1143 0.9198 0.3754
vn -0.1463 -0.4549 0.8785
vn 0.0692 0.2322 -0.9702
vn -0.8838 0.2910 0.3663
vn 0.0034 -0.4913 -0.8710
vn 0.1754 -0.7569 -0.6295
vn -0.0011 0.5537 0.8327
vn 0.1309 -0.9171 -0.3765
vn -0.0562 -0.9475 0.3147
vn 0.0121 0.9730 -0.2306
vn -0.3209 -0.5842 0.7455
vn 0.5300 -0.0106 -0.8479
vn -0.0523 -0.1812 0.9821
vn -0.0406 0.0064 0.9992
vn -0.9606 0.1312 0.2450
vn 0.0504 0.0385 0.9980
vn 0.6001 -0.2257 -0.7674
vn 0.9526 -0.0671 0.2967
vn -0.0475 0.0854 0.9952
vn -0.0867 -0.7279 0.6802
vn -0.5744 0.8111 -0.1103
vn 0.8228 0.3383 0.4566
vn -0.2689 0.4892 -0.8297
vn -0.1323 -0.0779 0.9881
vn -0.0480 -0.2414 0.9692
vn -0.2300 -0.1653 -0.9591
vn -0.1047 0.2920 0.9507
vn -0.1138 -0.3090 -0.9442
vn -0.0790 -0.4302 -0.8993
vn 0.1985 -0.9508 -0.2379
vn -0.0538 0.5485 0.8344
vn 0.0136 0.5315 0.8469
vn -0.1411 0.8603 0.4899
vn -0.0916 0.6188 0.7802
vn -0.1766 -0.1667 0.9701
vn -0.1767 -0.1668 0.9700
vn 0.1812 -0.2266 0.9570
vn -0.2804 0.0055 -0.9599
vn 0.1313 0.1275 0.9831
vn 0.4874 -0.8694 0.0811
vn -0.0238 -0.4886 -0.8722
vn -0.1173 0.8797 0.4609
vn 0.4758 0.2794 0.8340
vn -0.0385 -0.9227 0.3836
vn 0.9671 -0.0095 -0.2542
vn 0.0365 0.4321 -0.9011
vn 0.6900 0.6808 0.2457
vn -0.2339 0.1493 -0.9607
vn -0.3617 -0.3646 -0.8580
vn -0.2313 0.0316 -0.9724
vn 0.0165 -0.2928 -0.9560
vn -0.0763 -0.4238 -0.9025
vn -0.5819 -0.1420 -0.8008
vn 0.1352 0.8838 -0.4479
vn -0.4827 -0.4168 0.7703
vn -0.8541 0.3326 0.3998
vn 0.6028 -0.2222 0.7663
vn 0.8227 0.3388 0.4565
vn 0.9346 -0.2144 0.2838
vn 0.2819 0.2074 0.9368
vn 0.5503 -0.3192 0.7716
vn 0.2628 0.5568 0.7879
vn 0.3267 -0.5853 0.7421
vn -0.0935 -0.5143 0.8525
vn 0.2412 0.6171 -0.7490
vn -0.8668 0.0360 0.4974
vn -0.0858 0.2521 -0.9639
vn -0.8667 0.0360 0.4975
vn -0.1046 -0.1102 -0.9884
vn -0.8339 0.3007 0.4627
vn 0.0746 0.9136 -0.3998
vn 0.5205 0.8525 0.0489
vn -0.0142 0.3638 -0.9314
vn 0.9958 -0.0851 0.0328
vn 0.6018 0.7914 -0.1074
vn -0.8669 0.0360 0.4972
vn 0.3225 -0.5711 0.7549
vn 0.0668 0.4350 0.8979
vn 0.0934 0.6779 -0.7292
vn -0.1893 -0.0365 -0.9812
vn -0.0028 0.2279 -0.9737
vn -0.5117 -0.5145 0.6880
vn -0.5121 -0.5144 0.6879
vn -0.5914 -0.7100 -0.3822
vn -0.0424 -0.3844 0.9222
vn 0.5312 0.1780 0.8283
vn -0.0027 -0.3501 0.9367
vn 0.0567 0.2071 -0.9767
vn 0.0434 0.0928 -0.9947
vn 0.7783 -0.3377 0.5293
vn 0.5152 -0.3650 0.7755
vn 0.0158 -0.1222 -0.9924
vn 0.0576 -0.5041 -0.8617
vn -0.0815 0.4376 0.8955
vn -0.1032 -0.5881 0.8022
vn -0.1016 -0.4260 0.8990
vn 0.0658 0.5261 -0.8479
vn 0.5667 0.7619 -0.3137
vn -0.0127 -0.2918 0.9564
vn 0.6125 0.3392 0.7140
vn -0.0213 -0.0633 -0.9978
vn -0.0091 -0.0602 -0.9981
vn 0.0636 0.4548 0.8883
vn 0.1486 0.5633 -0.8128
vn 0.3686 0.5687 -0.7354
vn -0.1374 -0.2501 0.9584
vn 0.7160 -0.6647 -0.2133
vn 0.5128 -0.7413 -0.4329
vn 0.0462 -0.4707 -0.8811
vn 0.4337 0.0375 0.9003
vn 0.7840 -0.0386 -0.6195
vn 0.7647 -0.6368 -0.0984
vn 0.0819 0.1567 0.9842
vn -0.0853 0.7199 0.6888
vn -0.0674 -0.1693 0.9833
vn 0.5322 -0.6075 0.5897
vn -0.0073 -0.1023 0.9947
vn -0.0139 0.1078 0.9941
vn -0.0411 0.2279 0.9728
vn -0.3950 0.4189 0.8176
vn -0.1611 0.6971 0.6986
vn 0.1440 0.7436 -0.6529
vn 0.8584 0.0082 -0.5128
vn -0.0608 0.9003 0.4310
vn -0.1015 -0.7484 0.6555
vn 0.0976 0.8540 -0.5110
vn -0.5728 -0.4291 0.6984
vn -0.0977 0.1575 0.9827
vn 0.0992 -0.3811 -0.9192
vn 0.1897 0.6144 0.7659
vn -0.1172 -0.6850 0.7190
vn 0.4953 -0.4287 -0.7556
vn 0.1076 -0.2422 -0.9642
vn 0.1045 -0.8849 -0.4540
vn 0.1309 0.1874 -0.9735
vn 0.1114 0.4726 -0.8742
vn 0.0802 0.1145 -0.9902
vn -0.1364 0.0230 0.9904
vn 0.0423 -0.4563 0.8888
vn 0.0914 0.1491 -0.9846
vn 0.0054 0.3576 0.9339
vn -0.1151 -0.8095 0.5757
vn 0.7315 0.6814 0.0223
vn 0.1877 0.5989 -0.7785
vn 0.1908 -0.4758 -0.8586
vn -0.0921 -0.4202 0.9027
vn 0.2135 -0.6725 -0.7086
vn 0.8716 -0.3674 -0.3246
vn -0.1665 0.5622 0.8101
vn -0.2331 0.5763 0.7833
vn -0.0716 0.3800 0.9222
vn -0.2185 0.5692 0.7926
vn 0.2034 0.8835 0.4220
vn -0.1457 -0.4204 0.8955
vn -0.4075 0.0312 0.9127
vn 0.1731 -0.1647 0.9710
vn 0.1013 0.1388 -0.9851
vn -0.1739 0.4341 0.8839
vn 0.2346 -0.4876 -0.8410
vn 0.2169 -0.6703 -0.7097
vn 0.2546 0.2909 0.9223
vn 0.2052 0.0345 -0.9781
vn -0.3212 -0.1343 0.9375
vn -0.1895 -0.5218 0.8317
vn 0.1754 0.5505 -0.8162
vn -0.0231 0.1235 0.9921
vn -0.0342 -0.0566 0.9978
vn 0.2704 -0.2082 -0.9400
vn -0.1492 -0.0049 0.9888
vn -0.1833 -0.6680 0.7212
vn 0.4505 0.6624 -0.5986
vn 0.2866 0.1613 -0.9444
vn -0.2167 0.2426 0.9456
vn 0.7769 -0.4092 -0.4785
vn -0.1293 0.6516 0.7475
vn 0.6830 0.6219 0.3830
vn -0.2502 -0.0402 0.9674
vn 0.5880 -0.4580 0.6666
vn 0.2816 -0.2037 -0.9377
vn -0.2887 -0.2171 0.9325
vn 0.2133 0.2796 -0.9361
vn 0.1219 0.4670 0.8758
vn -0.2946 0.2806 0.9135
vn -0.2157 -0.3360 0.9168
vn 0.7788 0.3135 -0.5433
vn 0.9572 0.2140 -0.1948
vn 0.8600 -0.0966 0.5011
vn -0.0234 0.2250 0.9741
vn 0.4871 0.3522 0.7992
vt 0.861403 0.690020
vt 0.851348 0.677656
vt 0.867914 0.676109
vt 0.849538 0.687635
vt 0.831314 0.675911
vt 0.926130 0.486444
vt 0.918156 0.482182
vt 0.912087 0.470127
vt 0.879941 0.674181
vt 0.830547 0.691363
vt 0.141835 0.760297
vt 0.127784 0.768220
vt 0.125540 0.757119
vt 0.107384 0.767259
vt 0.113487 0.754007
vt 0.924403 0.494389
vt 0.897565 0.469946
vt 0.873488 0.688371
vt 0.843044 0.737116
vt 0.132784 0.793598
vt 0.152463 0.761692
vt 0.858838 0.734544
vt 0.117306 0.792461
vt 0.884984 0.675288
vt 0.817122 0.703633
vt 0.872991 0.725975
vt 0.571972 0.997293
vt 0.571972 0.985705
vt 0.576014 0.992617
vt 0.145328 0.818642
vt 0.889965 0.700068
vt 0.167641 0.016026
vt 0.155599 0.073893
vt 0.152035 0.028708
vt 0.825409 0.748857
vt 0.163533 0.761037
vt 0.159500 0.784903
vt 0.319479 0.002141
vt 0.330659 0.000386
vt 0.319554 0.014692
vt 0.131736 0.819434
vt 0.852965 0.773749
vt 0.868372 0.779814
vt 0.888558 0.734053
vt 0.312981 0.012162
vt 0.338354 0.474907
vt 0.343062 0.485686
vt 0.330659 0.474337
vt 0.996897 0.947466
vt 0.999886 0.936532
vt 0.999886 0.950988
vt 0.885459 0.772047
vt 0.339537 0.486377
vt 0.132101 0.850521
vt 0.142799 0.821790
vt 0.119203 0.814885
vt 0.161801 0.825582
vt 0.116062 0.846740
vt 0.339353 0.499763
vt 0.173343 0.000392
vt 0.139850 0.000903
vt 0.929111 0.526166
vt 0.472839 0.445304
vt 0.478156 0.469324
vt 0.455263 0.453648
vt 0.836168 0.799836
vt 0.103955 0.841704
vt 0.105697 0.813540
vt 0.159924 0.823194
vt 0.420758 0.893688
vt 0.418274 0.894126
vt 0.425164 0.876130
vt 0.154336 0.852694
vt 0.144201 0.851929
vt 0.139632 0.852709
vt 0.065734 0.728018
vt 0.044710 0.727181
vt 0.047702 0.723029
vt 0.324837 0.038505
vt 0.309567 0.039099
vt 0.461804 0.407607
vt 0.459562 0.416412
vt 0.910670 0.084593
vt 0.892365 0.084659
vt 0.914446 0.042371
vt 0.037112 0.725771
vt 0.307775 0.052496
vt 0.857255 0.829986
vt 0.894047 0.060857
vt 0.881941 0.085969
vt 0.926359 0.046764
vt 0.346332 0.503083
vt 0.290371 0.003612
vt 0.445786 0.471078
vt 0.621800 0.320742
vt 0.603579 0.320124
vt 0.608520 0.272616
vt 0.843074 0.841721
vt 0.600026 0.278074
vt 0.117668 0.910684
vt 0.125424 0.896300
vt 0.138676 0.909253
vt 0.583239 0.301949
vt 0.591617 0.270946
vt 0.357729 0.505485
vt 0.344062 0.534088
vt 0.444209 0.427469
vt 0.163533 0.855024
vt 0.378731 0.956698
vt 0.375809 0.948633
vt 0.376220 0.937259
vt 0.484583 0.975680
vt 0.492969 0.977654
vt 0.484583 0.989770
vt 0.875033 0.814683
vt 0.580219 0.270846
vt 0.173275 0.767469
vt 0.171028 0.755535
vt 0.173275 0.754007
vt 0.099295 0.803879
vt 0.616980 0.278757
vt 0.624623 0.269662
vt 0.927881 0.645884
vt 0.926642 0.617030
vt 0.931034 0.632817
vt 0.199069 0.483637
vt 0.228429 0.480760
vt 0.222477 0.486863
vt 0.029626 0.732064
vt 0.886514 0.802110
vt 0.315961 0.089304
vt 0.309789 0.076921
vt 0.318423 0.060983
vt 0.124029 0.997479
vt 0.120986 0.990759
vt 0.124029 0.976997
vt 0.926045 0.082609
vt 0.900937 0.034632
vt 0.221466 0.477411
vt 0.844436 0.885941
vt 0.869490 0.864989
vt 0.878994 0.059811
vt 0.883354 0.036014
vt 0.300908 0.069312
vt 0.365108 0.501427
vt 0.362263 0.476693
vt 0.110410 0.911896
vt 0.113676 0.892039
vt 0.884914 0.831437
vt 0.874910 0.081977
vt 0.169998 0.865034
vt 0.173045 0.868852
vt 0.169998 0.896547
vt 0.817377 0.800729
vt 0.987022 0.981759
vt 0.993209 0.959249
vt 0.993209 0.986382
vt 0.216010 0.600014
vt 0.225658 0.627010
vt 0.206752 0.635709
vt 0.860125 0.905330
vt 0.209388 0.691836
vt 0.305255 0.078908
vt 0.133193 0.039207
vt 0.926309 0.531551
vt 0.637667 0.257421
vt 0.636562 0.312095
vt 0.826035 0.843167
vt 0.924537 0.656928
vt 0.918244 0.664540
vt 0.993117 0.624114
vt 0.987681 0.632213
vt 0.987681 0.602298
vt 0.207099 0.548870
vt 0.223207 0.538210
vt 0.230099 0.699973
vt 0.237234 0.715538
vt 0.217926 0.714189
vt 0.587727 0.350411
vt 0.030003 0.737066
vt 0.994565 0.141470
vt 0.994565 0.123309
vt 0.998691 0.130951
vt 0.194959 0.579319
vt 0.831391 0.905989
vt 0.205564 0.714536
vt 0.196291 0.489372
vt 0.212209 0.512444
vt 0.618729 0.371150
vt 0.598456 0.398953
vt 0.949467 0.555628
vt 0.932525 0.571144
vt 0.929957 0.563137
vt 0.929111 0.554533
vt 0.241960 0.495891
vt 0.240363 0.564913
vt 0.241322 0.672098
vt 0.948017 0.538648
vt 0.930069 0.542484
vt 0.244953 0.482153
vt 0.281715 0.972769
vt 0.286503 0.986281
vt 0.281715 0.995471
vt 0.018030 0.749154
vt 0.314711 0.090856
vt 0.143997 0.126105
vt 0.135018 0.082711
vt 0.439905 0.407516
vt 0.917433 0.667947
vt 0.897565 0.671212
vt 0.190977 0.645811
vt 0.189655 0.536389
vt 0.470618 0.963590
vt 0.477811 0.964787
vt 0.470618 0.989454
vt 0.994380 0.105486
vt 0.997327 0.101774
vt 0.995865 0.110244
vt 0.605431 0.584565
vt 0.597613 0.554016
vt 0.617341 0.562850
vt 0.613716 0.585763
vt 0.596568 0.513877
vt 0.615886 0.502529
vt 0.597052 0.583690
vt 0.997533 0.093332
vt 0.132769 0.859062
vt 0.910330 0.642880
vt 0.908415 0.618936
vt 0.588207 0.588218
vt 0.143247 0.863465
vt 0.592796 0.596249
vt 0.253754 0.690870
vt 0.237016 0.632522
vt 0.992848 0.844747
vt 0.992848 0.822133
vt 0.996919 0.838849
vt 0.244809 0.487259
vt 0.463079 0.405403
vt 0.444885 0.404759
vt 0.453148 0.376616
vt 0.883505 0.996916
vt 0.886911 0.986203
vt 0.886911 0.998422
vt 0.980337 0.123309
vt 0.988577 0.140707
vt 0.982513 0.147511
vt 0.619306 0.253276
vt 0.113834 0.862051
vt 0.125161 0.857381
vt 0.617981 0.405526
vt 0.611954 0.474873
vt 0.998645 0.452753
vt 0.995166 0.433250
vt 0.998645 0.431930
vt 0.597612 0.473717
vt 0.378922 0.985012
vt 0.382249 0.978458
vt 0.392174 0.985012
vt 0.886578 0.004568
vt 0.577085 0.393018
vt 0.386039 0.978078
vt 0.580670 0.584979
vt 0.580012 0.551683
vt 0.577045 0.533691
vt 0.152819 0.905887
vt 0.570739 0.354585
vt 0.881405 0.903016
vt 0.242738 0.475018
vt 0.565413 0.285499
vt 0.359805 0.565438
vt 0.343334 0.572071
vt 0.191433 0.707767
vt 0.051642 0.890323
vt 0.052224 0.895166
vt 0.047069 0.897135
vt 0.604921 0.426233
vt 0.993917 0.481807
vt 0.990461 0.483729
vt 0.994786 0.469946
vt 0.608851 0.472289
vt 0.994380 0.086251
vt 0.588430 0.472491
vt 0.587199 0.414374
vt 0.578552 0.475586
vt 0.947606 0.546158
vt 0.387292 0.970729
vt 0.390061 0.974934
vt 0.583882 0.591031
vt 0.567749 0.253737
vt 0.425164 0.919532
vt 0.973340 0.131697
vt 0.630719 0.585132
vt 0.631453 0.528520
vt 0.620692 0.426709
vt 0.210925 0.717600
vt 0.230155 0.715628
vt 0.211140 0.722418
vt 0.676525 0.806808
vt 0.668813 0.759741
vt 0.686341 0.779251
vt 0.062000 0.748455
vt 0.044843 0.741445
vt 0.054252 0.739958
vt 0.687131 0.757201
vt 0.046945 0.738514
vt 0.031172 0.885052
vt 0.050567 0.871183
vt 0.238539 0.720219
vt 0.702853 0.782697
vt 0.576879 0.454275
vt 0.563939 0.325720
vt 0.815596 0.842186
vt 0.375809 0.970292
vt 0.187933 0.715628
vt 0.199363 0.723217
vt 0.660599 0.770209
vt 0.687333 0.845687
vt 0.684047 0.850335
vt 0.669616 0.840582
vt 0.116712 0.858968
vt 0.910577 0.000000
vt 0.008363 0.888128
vt 0.002735 0.861103
vt 0.039461 0.741793
vt 0.563600 0.697784
vt 0.560608 0.694221
vt 0.563600 0.691702
vt 0.909449 0.602298
vt 0.279957 0.045132
vt 0.368134 0.523430
vt 0.883088 0.953859
vt 0.883088 0.989751
vt 0.876269 0.964090
vt 0.177208 0.484811
vt 0.192735 0.478177
vt 0.177093 0.544403
vt 0.626689 0.474121
vt 0.911289 0.085969
vt 0.894250 0.103061
vt 0.891904 0.087201
vt 0.631404 0.400566
vt 0.983353 0.839666
vt 0.979068 0.837866
vt 0.975735 0.822133
vt 0.994786 0.499268
vt 0.991708 0.500347
vt 0.926359 0.001992
vt 0.027112 0.904120
vt 0.663245 0.797856
vt 0.693976 0.821205
vt 0.747185 0.984251
vt 0.747185 0.993159
vt 0.738980 0.992681
vt 0.558618 0.987530
vt 0.556086 0.985159
vt 0.558618 0.975685
vt 0.421560 0.915912
vt 0.181091 0.489868
vt 0.612323 0.260813
vt 0.624498 0.472265
vt 0.107641 0.858530
vt 0.009407 0.902584
vt 0.197565 0.729814
vt 0.691491 0.856355
vt 0.067854 0.748948
vt 0.883096 0.953325
vt 0.868973 0.953859
vt 0.887458 0.933206
vt 0.955760 0.568682
vt 0.671097 0.859593
vt 0.276019 0.676500
vt 0.280216 0.686004
vt 0.271873 0.681430
vt 0.567542 0.419854
vt 0.862253 0.034254
vt 0.569887 0.575461
vt 0.084099 0.713977
vt 0.097954 0.698866
vt 0.099295 0.721104
vt 0.256210 0.601762
vt 0.259900 0.633737
vt 0.378317 0.987451
vt 0.373340 0.994188
vt 0.373340 0.971122
vt 0.942201 0.067242
vt 0.944703 0.068652
vt 0.942201 0.075258
vt 0.904965 0.659818
vt 0.051213 0.907882
vt 0.862253 0.091288
vt 0.974519 0.991135
vt 0.966448 0.988497
vt 0.974519 0.979708
vt 0.281747 0.693254
vt 0.279817 0.702121
vt 0.273190 0.691252
vt 0.861592 0.953470
vt 0.864225 0.908724
vt 0.655380 0.862217
vt 0.871337 0.016285
vt 0.705592 0.755244
vt 0.708735 0.778562
vt 0.566279 0.472033
vt 0.291732 0.069042
vt 0.995842 0.057567
vt 0.989306 0.075181
vt 0.989306 0.050836
vt 0.345071 0.602311
vt 0.354983 0.601979
vt 0.343506 0.631576
vt 0.271873 0.488962
vt 0.264478 0.481894
vt 0.378348 0.476205
vt 0.178475 0.617659
vt 0.973340 0.157394
vt 0.638727 0.343762
vt 0.910836 0.101684
vt 0.184194 0.738746
vt 0.651706 0.759131
vt 0.690869 0.870487
vt 0.681139 0.858880
vt 0.598082 0.261107
vt 0.597614 0.244172
vt 0.271873 0.706265
vt 0.854322 0.913928
vt 0.029671 0.750476
vt 0.022107 0.749490
vt 0.562697 0.493520
vt 0.897045 0.855739
vt 0.563536 0.949548
vt 0.569614 0.919472
vt 0.574522 0.927821
vt 0.984493 0.193814
vt 0.990054 0.191280
vt 0.990054 0.199944
vt 0.119560 0.000000
vt 0.813965 0.907529
vt 0.999186 0.899884
vt 0.996311 0.897759
vt 0.999186 0.886392
vt 0.631643 0.469588
vt 0.663195 0.828342
vt 0.616018 0.246219
vt 0.879067 0.907964
vt 0.690878 0.835440
vt 0.173343 0.969849
vt 0.184236 0.944130
vt 0.190689 0.969615
vt 0.854322 0.952806
vt 0.047271 0.862502
vt 0.897565 0.605487
vt 0.711114 0.993276
vt 0.705477 0.996202
vt 0.705477 0.989048
vt 0.563311 0.948317
vt 0.558618 0.948317
vt 0.558988 0.941151
vt 0.252327 0.556008
vt 0.896135 0.887487
vt 0.253300 0.715628
vt 0.431407 0.380972
vt 0.544366 0.994364
vt 0.539514 0.998855
vt 0.539514 0.981686
vt 0.808628 0.855476
vt 0.811763 0.855834
vt 0.808628 0.860275
vt 0.698808 0.993482
vt 0.692262 0.993482
vt 0.697798 0.984937
vt 0.909671 0.111752
vt 0.670923 0.969174
vt 0.678256 0.977914
vt 0.664900 0.971459
vt 0.837787 0.989532
vt 0.843000 0.986335
vt 0.843000 0.993336
vt 0.698760 0.863924
vt 0.800643 0.986673
vt 0.800643 0.994057
vt 0.797562 0.993950
vt 0.683655 0.874171
vt 0.697024 0.870428
vt 0.681700 0.884311
vt 0.675353 0.836019
vt 0.668484 0.871170
vt 0.195775 0.945674
vt 0.588574 0.254061
vt 0.578789 0.235049
vt 0.152819 0.855913
vt 0.651421 0.836019
vt 0.081398 0.723029
vt 0.247366 0.720690
vt 0.902435 0.907529
vt 0.291218 0.057199
vt 0.432126 0.405277
vt 0.984331 0.517144
vt 0.975405 0.517406
vt 0.975405 0.469946
vt 0.918210 0.994242
vt 0.910616 0.994242
vt 0.915076 0.984728
vt 0.702702 0.969476
vt 0.702702 0.962796
vt 0.705314 0.964111
vt 0.944716 0.308930
vt 0.933969 0.305502
vt 0.943738 0.264030
vt 0.638951 0.430738
vt 0.099295 0.895082
vt 0.100070 0.865701
vt 0.690355 0.869707
vt 0.995628 0.588208
vt 0.998850 0.595857
vt 0.995628 0.601771
vt 0.984493 0.157394
vt 0.990379 0.173151
vt 0.985891 0.177648
vt 0.999213 0.281350
vt 0.999213 0.298416
vt 0.995634 0.291038
vt 0.288375 0.586063
vt 0.295152 0.575120
vt 0.300393 0.577619
vt 0.033668 0.848227
vt 0.049866 0.853606
vt 0.934023 0.528222
vt 0.561355 0.531709
vt 0.550006 0.995454
vt 0.550006 0.986720
vt 0.555953 0.988883
vt 0.436645 0.331494
vt 0.448722 0.322040
vt 0.176479 0.681440
vt 0.159099 0.434219
vt 0.173343 0.460259
vt 0.168093 0.468254
vt 0.926902 0.279138
vt 0.944716 0.227895
vt 0.630637 0.464247
vt 0.438332 0.254339
vt 0.448554 0.233473
vt 0.442559 0.290573
vt 0.664900 0.982877
vt 0.979314 0.845714
vt 0.990055 0.281350
vt 0.990055 0.257116
vt 0.996031 0.280591
vt 0.647237 0.798633
vt 0.705477 0.861435
vt 0.032912 0.919062
vt 0.009523 0.916741
vt 0.184999 0.741524
vt 0.704021 0.847482
vt 0.626319 0.252458
vt 0.275802 0.711643
vt 0.684899 0.872388
vt 0.984493 0.191280
vt 0.879967 0.220024
vt 0.867949 0.173141
vt 0.877562 0.171831
vt 0.301050 0.098818
vt 0.298873 0.084611
vt 0.307413 0.093523
vt 0.297275 0.098284
vt 0.302178 0.090228
vt 0.925053 0.546851
vt 0.135468 0.241218
vt 0.142450 0.232983
vt 0.151150 0.237759
vt 0.865040 0.102551
vt 0.863045 0.117500
vt 0.689828 0.903946
vt 0.686592 0.906410
vt 0.681535 0.888808
vt 0.279225 0.661288
vt 0.271873 0.643707
vt 0.282312 0.614762
vt 0.034862 0.754005
vt 0.867313 0.212257
vt 0.866538 0.222851
vt 0.862253 0.213921
vt 0.941133 0.523161
vt 0.640585 0.844862
vt 0.557747 0.429379
vt 0.304444 0.165727
vt 0.291108 0.139155
vt 0.304874 0.125440
vt 0.919359 0.552719
vt 0.127301 0.134085
vt 0.932849 0.227676
vt 0.829022 0.992854
vt 0.821832 0.988118
vt 0.829022 0.976877
vt 0.862230 0.136122
vt 0.851812 0.145459
vt 0.862253 0.071709
vt 0.049679 0.913230
vt 0.973340 0.310213
vt 0.979393 0.315302
vt 0.979713 0.321803
vt 0.705477 0.901992
vt 0.420328 0.859680
vt 0.420328 0.845440
vt 0.425819 0.850630
vt 0.653094 0.836019
vt 0.173522 0.948515
vt 0.186305 0.934415
vt 0.830731 0.908156
vt 0.854322 0.907529
vt 0.848711 0.918675
vt 0.260532 0.489778
vt 0.553190 0.981686
vt 0.169309 0.936004
vt 0.152819 0.906566
vt 0.160949 0.916228
vt 0.896020 0.801050
vt 0.114810 0.043733
vt 0.915828 0.266262
vt 0.844312 0.103372
vt 0.862253 0.014955
vt 0.847572 0.048476
vt 0.853273 0.011958
vt 0.576608 0.763434
vt 0.576608 0.750039
vt 0.578229 0.759498
vt 0.626522 0.244356
vt 0.980827 0.201422
vt 0.974901 0.193015
vt 0.984493 0.184469
vt 0.973340 0.172017
vt 0.190939 0.746358
vt 0.210967 0.731874
vt 0.197462 0.744789
vt 0.677703 0.902418
vt 0.657888 0.898864
vt 0.805419 0.988275
vt 0.805187 0.975204
vt 0.810246 0.980752
vt 0.812936 0.971517
vt 0.225640 0.725645
vt 0.223158 0.733103
vt 0.581377 0.256561
vt 0.706986 0.830468
vt 0.556645 0.569803
vt 0.647440 0.083333
vt 0.637709 0.037232
vt 0.653850 0.025634
vt 0.140602 0.167677
vt 0.123313 0.184774
vt 0.173343 0.491890
vt 0.917420 0.232388
vt 0.678957 0.986639
vt 0.984038 0.852094
vt 0.974752 0.337661
vt 0.836898 0.991131
vt 0.829022 0.988814
vt 0.836898 0.976876
vt 0.478156 0.943634
vt 0.499688 0.962192
vt 0.478156 0.968642
vt 0.688186 0.991684
vt 0.679250 0.983527
vt 0.685317 0.981670
vt 0.143921 0.855024
vt 0.057004 0.849888
vt 0.053636 0.856361
vt 0.993209 0.996131
vt 0.993209 0.977472
vt 0.997950 0.991355
vt 0.049443 0.842717
vt 0.556645 0.387075
vt 0.471020 0.495949
vt 0.464824 0.508121
vt 0.464112 0.474337
vt 0.710939 0.986232
vt 0.291825 0.116732
vt 0.996117 0.157394
vt 0.994862 0.169100
vt 0.991541 0.157484
vt 0.982003 0.857036
vt 0.977283 0.859417
vt 0.671615 0.994641
vt 0.674947 0.986639
vt 0.674947 0.996225
vt 0.149397 0.467894
vt 0.978365 0.336401
vt 0.641408 0.815591
vt 0.633462 0.245683
vt 0.506354 0.984082
vt 0.513078 0.979456
vt 0.513078 0.993514
vt 0.994720 0.218506
vt 0.994720 0.201422
vt 0.999002 0.205189
vt 0.203597 0.745587
vt 0.173343 0.945681
vt 0.985674 0.703655
vt 0.980136 0.696251
vt 0.984254 0.683164
vt 0.977519 0.686654
vt 0.498005 0.941151
vt 0.663228 0.991540
vt 0.653007 0.973476
vt 0.663228 0.964698
vt 0.244068 0.738248
vt 0.000000 0.842717
vt 0.706081 0.980117
vt 0.563965 0.578405
vt 0.652748 0.000898
vt 0.641074 0.001290
vt 0.862832 0.511987
vt 0.879765 0.480311
vt 0.879707 0.507423
vt 0.870960 0.473331
vt 0.452094 0.077801
vt 0.435384 0.071431
vt 0.448693 0.064375
vt 0.074120 0.766642
vt 0.816689 0.956014
vt 0.837787 0.950299
vt 0.836112 0.967828
vt 0.493956 0.975680
vt 0.275447 0.624033
vt 0.656147 0.868285
vt 0.544567 0.995666
vt 0.544567 0.981686
vt 0.550006 0.987083
vt 0.570367 0.236589
vt 0.570696 0.227676
vt 0.076811 0.673081
vt 0.288608 0.130686
vt 0.330659 0.417516
vt 0.319505 0.415174
vt 0.322252 0.409323
vt 0.257908 0.033795
vt 0.990379 0.177875
vt 0.942873 0.984918
vt 0.946933 0.987035
vt 0.942873 0.994498
vt 0.422781 0.224840
vt 0.438028 0.203705
vt 0.640577 0.808428
vt 0.646620 0.793469
vt 0.173275 0.777731
vt 0.171583 0.778094
vt 0.171583 0.767469
vt 0.977821 0.349530
vt 0.436732 0.447456
vt 0.423930 0.413578
vt 0.439152 0.420176
vt 0.782177 0.940110
vt 0.781857 0.963489
vt 0.767700 0.958488
vt 0.983708 0.312163
vt 0.890091 0.907529
vt 0.816394 0.963291
vt 0.717370 0.990499
vt 0.711114 0.994282
vt 0.711114 0.980117
vt 0.684158 0.969174
vt 0.981066 0.460448
vt 0.990395 0.431930
vt 0.990395 0.466566
vt 0.425819 0.862628
vt 0.412834 0.873241
vt 0.412834 0.859680
vt 0.299431 0.560701
vt 0.955760 0.520465
vt 0.829655 0.920769
vt 0.311577 0.194258
vt 0.290713 0.192675
vt 0.259152 0.733151
vt 0.259945 0.730432
vt 0.291124 0.127800
vt 0.838724 0.012366
vt 0.848210 0.010165
vt 0.428416 0.281788
vt 0.092132 0.769827
vt 0.086641 0.763432
vt 0.086954 0.753336
vt 0.173444 0.759935
vt 0.973340 0.353719
vt 0.789046 0.941080
vt 0.788172 0.923735
vt 0.272243 0.925042
vt 0.267125 0.923152
vt 0.273677 0.924064
vt 0.437843 0.176156
vt 0.446803 0.164481
vt 0.942873 0.996748
vt 0.937617 0.986535
vt 0.193795 0.859723
vt 0.206626 0.850008
vt 0.194543 0.874472
vt 0.213394 0.852004
vt 0.991715 0.512055
vt 0.984331 0.519937
vt 0.984331 0.504355
vt 0.640299 0.829166
vt 0.584006 0.910849
vt 0.585781 0.912439
vt 0.578245 0.915291
vt 0.081706 0.770378
vt 0.425026 0.968044
vt 0.425026 0.990101
vt 0.413783 0.989714
vt 0.813965 0.958694
vt 0.991395 0.890260
vt 0.991395 0.869119
vt 0.996311 0.873770
vt 0.977346 0.940260
vt 0.985083 0.945523
vt 0.979408 0.950475
vt 0.996561 0.519937
vt 0.991715 0.513582
vt 0.997138 0.508829
vt 0.243298 0.732232
vt 0.638951 0.838411
vt 0.299178 0.227418
vt 0.323697 0.422154
vt 0.639301 0.172433
vt 0.653850 0.160907
vt 0.647692 0.227676
vt 0.130712 0.237961
vt 0.978495 0.864186
vt 0.786073 0.947637
vt 0.887279 0.130573
vt 0.692946 0.921262
vt 0.748451 0.781305
vt 0.742220 0.785555
vt 0.731089 0.777009
vt 0.288194 0.670594
vt 0.622507 0.975985
vt 0.617433 0.994496
vt 0.617433 0.973592
vt 0.461638 0.994117
vt 0.461638 0.984877
vt 0.468736 0.992967
vt 0.977792 0.707790
vt 0.098903 0.962728
vt 0.080214 0.958564
vt 0.098878 0.952058
vt 0.985048 0.959249
vt 0.098436 0.942124
vt 0.080260 0.941410
vt 0.805187 0.963603
vt 0.152600 0.959645
vt 0.150120 0.945779
vt 0.152537 0.949807
vt 0.986465 0.934009
vt 0.971582 0.678228
vt 0.688186 0.971754
vt 0.296264 0.903082
vt 0.296264 0.883073
vt 0.300270 0.892775
vt 0.974119 0.674181
vt 0.378922 0.876130
vt 0.367968 0.889533
vt 0.365183 0.880097
vt 0.991715 0.501461
vt 0.940421 0.226955
vt 0.934480 0.226955
vt 0.936777 0.219919
vt 0.079160 0.650811
vt 0.073397 0.637206
vt 0.091574 0.627486
vt 0.718943 0.793740
vt 0.294608 0.131998
vt 0.470179 0.481017
vt 0.286431 0.161567
vt 0.293772 0.104375
vt 0.281992 0.715628
vt 0.283171 0.724732
vt 0.280844 0.726597
vt 0.651218 0.115164
vt 0.633766 0.086237
vt 0.140651 0.420262
vt 0.156435 0.370513
vt 0.945364 0.999665
vt 0.330659 0.904971
vt 0.328894 0.925903
vt 0.310504 0.908157
vt 0.296156 0.676500
vt 0.296763 0.654695
vt 0.859954 0.996415
vt 0.854322 0.993656
vt 0.856142 0.981569
vt 0.986465 0.922287
vt 0.295269 0.559962
vt 0.642540 0.867887
vt 0.394772 0.889827
vt 0.378922 0.924431
vt 0.280834 0.051407
vt 0.283171 0.739263
vt 0.472636 0.514152
vt 0.372185 0.616449
vt 0.353651 0.656698
vt 0.128756 0.247759
vt 0.139904 0.245157
vt 0.148537 0.297459
vt 0.430215 0.407996
vt 0.698212 0.875101
vt 0.691404 0.903910
vt 0.768068 0.977298
vt 0.778036 0.971754
vt 0.775150 0.985814
vt 0.767700 0.971754
vt 0.943900 0.204309
vt 0.930465 0.191548
vt 0.944085 0.187217
vt 0.024381 0.772478
vt 0.054843 0.751625
vt 0.567459 0.852600
vt 0.562597 0.852661
vt 0.567959 0.836729
vt 0.297382 0.096666
vt 0.278361 0.087359
vt 0.286454 0.077231
vt 0.329933 0.438161
vt 0.318239 0.448204
vt 0.283435 0.115850
vt 0.282115 0.106296
vt 0.285703 0.136623
vt 0.290403 0.118951
vt 0.140093 0.343199
vt 0.182288 0.869689
vt 0.218113 0.866080
vt 0.271018 0.898937
vt 0.285860 0.919085
vt 0.763938 0.791970
vt 0.773340 0.987968
vt 0.980014 0.719503
vt 0.585819 0.895114
vt 0.610747 0.900069
vt 0.567959 0.869177
vt 0.470470 0.909083
vt 0.464112 0.920565
vt 0.471461 0.895320
vt 0.909904 0.201431
vt 0.908178 0.186644
vt 0.859954 0.979201
vt 0.974850 0.931473
vt 0.974344 0.565497
vt 0.985779 0.600253
vt 0.974210 0.600253
vt 0.277886 0.067873
vt 0.813965 0.919780
vt 0.279944 0.096659
vt 0.290319 0.072580
vt 0.637080 0.131384
vt 0.314876 0.412592
vt 0.417010 0.457377
vt 0.415741 0.406656
vt 0.981586 0.869119
vt 0.783683 0.961761
vt 0.330659 0.951771
vt 0.307002 0.949533
vt 0.774974 0.779147
vt 0.819156 0.968960
vt 0.478156 0.983583
vt 0.484583 0.991953
vt 0.081040 0.973123
vt 0.990379 0.182060
vt 0.995810 0.185368
vt 0.990379 0.200911
vt 0.061450 0.763183
vt 0.057274 0.769954
vt 0.931830 0.175004
vt 0.099080 0.932518
vt 0.112785 0.914380
vt 0.107532 0.922465
vt 0.099295 0.911896
vt 0.012421 0.771746
vt 0.902435 0.984728
vt 0.910616 0.989091
vt 0.902435 0.993566
vt 0.472613 0.524011
vt 0.269303 0.087722
vt 0.318262 0.333095
vt 0.303524 0.311355
vt 0.318864 0.311534
vt 0.109791 0.103167
vt 0.122202 0.225310
vt 0.427442 0.463213
vt 0.440411 0.024601
vt 0.628895 0.990063
vt 0.623218 0.995844
vt 0.623218 0.977239
vt 0.192887 0.761975
vt 0.296264 0.899655
vt 0.294169 0.883604
vt 0.928805 0.211320
vt 0.464112 0.879635
vt 0.290627 0.614103
vt 0.092664 0.929544
vt 0.064622 0.677149
vt 0.092701 0.987365
vt 0.099080 0.985134
vt 0.099080 0.995365
vt 0.322675 0.371140
vt 0.308481 0.382947
vt 0.128323 0.296607
vt 0.423581 0.474337
vt 0.173343 0.768834
vt 0.422924 0.189690
vt 0.990415 0.781515
vt 0.995104 0.779250
vt 0.995104 0.788939
vt 0.431119 0.394813
vt 0.998458 0.645497
vt 0.995437 0.644636
vt 0.998081 0.635664
vt 0.309928 0.924000
vt 0.967785 0.600278
vt 0.955760 0.585984
vt 0.969202 0.585984
vt 0.651808 0.964698
vt 0.653006 0.970121
vt 0.638951 0.967025
vt 0.281715 0.979109
vt 0.274022 0.992965
vt 0.274022 0.972769
vt 0.990476 0.020550
vt 0.980597 0.013054
vt 0.990476 0.000000
vt 0.942864 0.218555
vt 0.983090 0.544990
vt 0.977867 0.535543
vt 0.983773 0.531692
vt 0.585044 0.872574
vt 0.607898 0.889131
vt 0.583105 0.882250
vt 0.571270 0.985705
vt 0.571270 0.997815
vt 0.567208 0.990354
vt 0.234485 0.737700
vt 0.247931 0.747743
vt 0.330659 0.882357
vt 0.289010 0.606884
vt 0.255754 0.745892
vt 0.305578 0.269478
vt 0.311623 0.421045
vt 0.171631 0.852059
vt 0.368863 0.667579
vt 0.349197 0.688218
vt 0.387571 0.548215
vt 0.093910 0.019752
vt 0.423557 0.331434
vt 0.865378 0.611209
vt 0.883203 0.594228
vt 0.874485 0.620471
vt 0.890718 0.510357
vt 0.699812 0.922993
vt 0.985154 0.321070
vt 0.992217 0.312092
vt 0.990056 0.341566
vt 0.099080 0.974625
vt 0.971582 0.721531
vt 0.638951 0.986304
vt 0.072936 0.775578
vt 0.448244 0.941383
vt 0.425876 0.923448
vt 0.449550 0.926794
vt 0.974210 0.520464
vt 0.223291 0.746994
vt 0.219457 0.740044
vt 0.235895 0.741961
vt 0.425917 0.935581
vt 0.296763 0.607260
vt 0.152600 0.941771
vt 0.378556 0.883955
vt 0.285986 0.068328
vt 0.296593 0.544947
vt 0.950213 0.988474
vt 0.946933 0.999634
vt 0.946933 0.984918
vt 0.469666 0.540387
vt 0.465485 0.551161
vt 0.992243 0.748169
vt 0.991375 0.753047
vt 0.987645 0.749040
vt 0.315001 0.259464
vt 0.288988 0.237248
vt 0.284038 0.146343
vt 0.344228 0.710520
vt 0.365804 0.716494
vt 0.353726 0.718307
vt 0.105316 0.149395
vt 0.829163 0.064920
vt 0.831610 0.143397
vt 0.425876 0.963830
vt 0.438983 0.974753
vt 0.425876 0.989710
vt 0.989696 0.401306
vt 0.993888 0.405249
vt 0.994263 0.426207
vt 0.213452 0.751732
vt 0.426243 0.945426
vt 0.046255 0.770991
vt 0.613048 0.880883
vt 0.909167 0.171831
vt 0.297372 0.002018
vt 0.261089 0.045768
vt 0.284447 0.003587
vt 0.578245 0.989129
vt 0.586129 0.967527
vt 0.592187 0.989129
vt 0.063918 0.721572
vt 0.283755 0.146219
vt 0.280819 0.121999
vt 0.314455 0.415445
vt 0.301726 0.349526
vt 0.123534 0.393715
vt 0.789042 0.971754
vt 0.789042 0.996730
vt 0.785840 0.980571
vt 0.830545 0.019539
vt 0.413401 0.299482
vt 0.843517 0.149804
vt 0.975735 0.868433
vt 0.794479 0.994681
vt 0.791598 0.988923
vt 0.794479 0.986673
vt 0.419377 0.250892
vt 0.422191 0.202232
vt 0.789046 0.971755
vt 0.200497 0.890570
vt 0.741967 0.791742
vt 0.994263 0.394130
vt 0.186508 0.976203
vt 0.195716 0.969849
vt 0.195716 0.991645
vt 0.478343 0.994399
vt 0.988533 0.674181
vt 0.991585 0.692111
vt 0.985674 0.676051
vt 0.837787 0.976876
vt 0.446181 0.950864
vt 0.270269 0.850008
vt 0.590444 0.864930
vt 0.476238 0.889698
vt 0.016223 0.774880
vt 0.284937 0.052279
vt 0.010116 0.766330
vt 0.318743 0.402638
vt 0.303072 0.420578
vt 0.317799 0.396565
vt 0.281332 0.063257
vt 0.305742 0.455030
vt 0.279230 0.157764
vt 0.624219 0.026039
vt 0.996117 0.182060
vt 0.125408 0.329422
vt 0.837936 0.151818
vt 0.911289 0.128693
vt 0.424872 0.001430
vt 0.436395 0.003063
vt 0.983708 0.341593
vt 0.236597 0.941594
vt 0.226883 0.931275
vt 0.239474 0.923638
vt 0.267125 0.850465
vt 0.118646 0.918756
vt 0.295132 0.995914
vt 0.293829 0.986693
vt 0.298055 0.988228
vt 0.077203 0.661191
vt 0.067263 0.664353
vt 0.272442 0.104484
vt 0.097897 0.976576
vt 0.474003 0.798843
vt 0.474003 0.783104
vt 0.478129 0.788330
vt 0.279388 0.105166
vt 0.827008 0.933406
vt 0.303504 0.430062
vt 0.323685 0.471381
vt 0.297807 0.414472
vt 0.625622 0.141206
vt 0.272780 0.748602
vt 0.393120 0.500246
vt 0.391808 0.592809
vt 0.620835 0.000000
vt 0.159913 0.893195
vt 0.423977 0.073113
vt 0.424134 0.037941
vt 0.995437 0.658826
vt 0.983708 0.310213
vt 0.908178 0.211676
vt 0.977997 0.546806
vt 0.219424 0.755291
vt 0.271071 0.058322
vt 0.278153 0.056444
vt 0.269182 0.060335
vt 0.275602 0.042112
vt 0.984266 0.789062
vt 0.985161 0.769479
vt 0.990415 0.770562
vt 0.048059 0.703648
vt 0.274540 0.122780
vt 0.403035 0.911763
vt 0.093303 0.974625
vt 0.286686 0.174316
vt 0.988496 0.734779
vt 0.269916 0.051225
vt 0.622338 0.193927
vt 0.626834 0.225029
vt 0.576014 0.902100
vt 0.118591 0.239665
vt 0.824927 0.113815
vt 0.908027 0.245404
vt 0.887802 0.475505
vt 0.090526 0.780524
vt 0.917911 0.306264
vt 0.414888 0.396161
vt 0.412042 0.410599
vt 0.183996 0.767696
vt 0.909353 0.219385
vt 0.245414 0.749652
vt 0.393650 0.932050
vt 0.059356 0.652353
vt 0.276816 0.148785
vt 0.066191 0.673509
vt 0.076853 0.618145
vt 0.070683 0.607062
vt 0.077888 0.608564
vt 0.282510 0.168046
vt 0.074197 0.619341
vt 0.278925 0.121642
vt 0.373389 0.715125
vt 0.354247 0.708687
vt 0.410178 0.403173
vt 0.829949 0.040224
vt 0.826921 0.013895
vt 0.834012 0.006367
vt 0.971178 0.825065
vt 0.971178 0.817101
vt 0.974800 0.822711
vt 0.881970 0.614746
vt 0.417936 0.436104
vt 0.638951 0.831590
vt 0.900467 0.131446
vt 0.267125 0.850850
vt 0.220549 0.856725
vt 0.241754 0.850008
vt 0.982309 0.555076
vt 0.425876 0.954837
vt 0.857379 0.207848
vt 0.859922 0.199075
vt 0.862219 0.209627
vt 0.470197 0.984796
vt 0.462251 0.984877
vt 0.459590 0.963738
vt 0.423737 0.951460
vt 0.423984 0.961178
vt 0.401295 0.946364
vt 0.032327 0.988018
vt 0.028883 0.975842
vt 0.032327 0.973956
vt 0.728116 0.997991
vt 0.722756 0.989867
vt 0.728116 0.984463
vt 0.405599 0.889724
vt 0.074958 0.627833
vt 0.068430 0.622174
vt 0.922653 0.220613
vt 0.928773 0.219385
vt 0.928773 0.226669
vt 0.305637 0.475018
vt 0.992837 0.729664
vt 0.621760 0.057053
vt 0.830041 0.053060
vt 0.405523 0.328901
vt 0.828212 0.101018
vt 0.140709 0.470089
vt 0.132869 0.452974
vt 0.096323 0.793693
vt 0.872919 0.132544
vt 0.742829 0.806446
vt 0.304100 0.935400
vt 0.987267 0.696312
vt 0.946798 0.602298
vt 0.954202 0.618799
vt 0.937468 0.612298
vt 0.955987 0.637827
vt 0.063531 0.779316
vt 0.986775 0.425156
vt 0.985983 0.415876
vt 0.989696 0.407065
vt 0.401042 0.963598
vt 0.458409 0.970627
vt 0.458335 0.981190
vt 0.038636 0.776608
vt 0.023112 0.787313
vt 0.288375 0.533193
vt 0.294742 0.514983
vt 0.298601 0.520662
vt 0.744955 0.879099
vt 0.767700 0.881839
vt 0.747163 0.890795
vt 0.130148 0.938641
vt 0.763589 0.995303
vt 0.767192 0.985592
vt 0.767358 0.996475
vt 0.983708 0.346383
vt 0.991364 0.341593
vt 0.991364 0.353424
vt 0.992217 0.352970
vt 0.992217 0.337759
vt 0.997179 0.342484
vt 0.934480 0.220622
vt 0.928773 0.226955
vt 0.398391 0.880008
vt 0.278834 0.002699
vt 0.274214 0.198102
vt 0.091925 0.001354
vt 0.914141 0.572374
vt 0.111960 0.284342
vt 0.825513 0.136165
vt 0.789810 0.790374
vt 0.791272 0.800035
vt 0.774878 0.814227
vt 0.873488 0.145611
vt 0.257998 0.989364
vt 0.255526 0.997258
vt 0.255526 0.985161
vt 0.962162 0.020856
vt 0.949453 0.019870
vt 0.949013 0.012901
vt 0.623218 0.953764
vt 0.603250 0.955479
vt 0.623218 0.931518
vt 0.981067 0.394130
vt 0.401042 0.932050
vt 0.423052 0.939303
vt 0.907154 0.194220
vt 0.901797 0.178215
vt 0.905818 0.210029
vt 0.344733 0.898292
vt 0.876269 0.979201
vt 0.876269 0.996184
vt 0.870650 0.986000
vt 0.031124 0.956319
vt 0.280163 0.183234
vt 0.271500 0.045946
vt 0.286839 0.130501
vt 0.281382 0.144698
vt 0.268785 0.142342
vt 0.475357 0.536067
vt 0.286480 0.312404
vt 0.274289 0.188490
vt 0.407542 0.254167
vt 0.893957 0.234416
vt 0.913301 0.292315
vt 0.419930 0.196569
vt 0.421838 0.157296
vt 0.173343 0.879546
vt 0.942201 0.020856
vt 0.944619 0.040665
vt 0.942201 0.045535
vt 0.241368 0.943512
vt 0.218113 0.949665
vt 0.057004 0.967755
vt 0.064227 0.971401
vt 0.062115 0.975285
vt 0.058649 0.776898
vt 0.602543 0.973592
vt 0.609347 0.974564
vt 0.602543 0.994855
vt 0.606639 0.967509
vt 0.950013 0.002386
vt 0.946403 0.011719
vt 0.942201 0.019282
vt 0.455653 0.971538
vt 0.452121 0.963590
vt 0.602543 0.940548
vt 0.998604 0.353719
vt 0.998604 0.375525
vt 0.995486 0.374360
vt 0.235381 0.961340
vt 0.245787 0.983708
vt 0.235381 0.992244
vt 0.908178 0.222851
vt 0.080858 0.593834
vt 0.072982 0.581209
vt 0.937617 0.986849
vt 0.933257 0.990051
vt 0.934234 0.984918
vt 0.274783 0.172713
vt 0.618053 0.124590
vt 0.567184 0.898404
vt 0.089569 0.044781
vt 0.411963 0.350119
vt 0.461638 0.993861
vt 0.456778 0.998455
vt 0.456778 0.984877
vt 0.396057 0.472988
vt 0.824818 0.009270
vt 0.918830 0.312876
vt 0.937376 0.434143
vt 0.936763 0.451164
vt 0.941183 0.449762
vt 0.418784 0.235618
vt 0.412856 0.457796
vt 0.578245 0.627449
vt 0.576049 0.612178
vt 0.578245 0.596249
vt 0.173343 0.472688
vt 0.173343 0.515459
vt 0.172440 0.511913
vt 0.894582 0.517251
vt 0.884219 0.590783
vt 0.176504 0.774744
vt 0.178702 0.757632
vt 0.298457 0.915704
vt 0.081959 0.791883
vt 0.615093 0.906198
vt 0.608401 0.925565
vt 0.962162 0.000000
vt 0.298055 0.975213
vt 0.270194 0.061472
vt 0.254463 0.014058
vt 0.261229 0.002912
vt 0.331753 0.900209
vt 0.936469 0.099071
vt 0.930182 0.106834
vt 0.927856 0.088528
vt 0.262789 0.140410
vt 0.937617 0.999764
vt 0.986465 0.959001
vt 0.986465 0.945333
vt 0.992626 0.953419
vt 0.464112 0.587807
vt 0.469388 0.565832
vt 0.106757 0.251622
vt 0.908857 0.578296
vt 0.823988 0.089189
vt 0.412459 0.282264
vt 0.410918 0.268571
vt 0.823938 0.021750
vt 0.668300 0.986639
vt 0.671615 0.988839
vt 0.668300 0.996281
vt 0.889438 0.589810
vt 0.417681 0.266857
vt 0.403235 0.252902
vt 0.427396 0.421886
vt 0.180357 0.773054
vt 0.748250 0.813506
vt 0.087865 0.784594
vt 0.301213 0.921318
vt 0.232248 0.955102
vt 0.603694 0.965805
vt 0.197349 0.779091
vt 0.620851 0.968909
vt 0.666372 0.943966
vt 0.688186 0.931730
vt 0.687415 0.946703
vt 0.234719 0.756085
vt 0.950728 0.990506
vt 0.950728 0.961550
vt 0.960719 0.981257
vt 0.731089 0.897829
vt 0.290407 0.539796
vt 0.763249 0.979049
vt 0.916376 0.085969
vt 0.911289 0.093882
vt 0.296604 0.601322
vt 0.567208 0.996833
vt 0.562742 0.989585
vt 0.567208 0.985705
vt 0.274587 0.182792
vt 0.281836 0.210667
vt 0.478156 0.553164
vt 0.473511 0.576674
vt 0.477247 0.546849
vt 0.410432 0.484774
vt 0.395068 0.573088
vt 0.258074 0.972670
vt 0.258074 0.985161
vt 0.255526 0.983283
vt 0.888648 0.607709
vt 0.826123 0.000000
vt 0.411972 0.243938
vt 0.915483 0.367407
vt 0.924536 0.287822
vt 0.406793 0.470529
vt 0.576049 0.648458
vt 0.576049 0.627449
vt 0.577812 0.634101
vt 0.406859 0.145935
vt 0.421250 0.153752
vt 0.408328 0.118805
vt 0.419097 0.470450
vt 0.791203 0.808286
vt 0.906596 0.132746
vt 0.949305 0.642958
vt 0.804836 0.878912
vt 0.804836 0.861938
vt 0.813158 0.874479
vt 0.452121 0.963830
vt 0.065211 0.974466
vt 0.064373 0.988659
vt 0.057004 0.990889
vt 0.417177 0.968044
vt 0.300292 0.508743
vt 0.767286 0.892057
vt 0.911601 0.107100
vt 0.261463 0.111795
vt 0.041570 0.612334
vt 0.281239 0.162370
vt 0.275572 0.168082
vt 0.278620 0.290005
vt 0.617613 0.038142
vt 0.094519 0.249390
vt 0.123021 0.428048
vt 0.404459 0.404622
vt 0.951445 0.662984
vt 0.951445 0.655165
vt 0.955815 0.660103
vt 0.893721 0.575847
vt 0.896328 0.586206
vt 0.955062 0.652170
vt 0.821940 0.105917
vt 0.821740 0.078669
vt 0.940710 0.469946
vt 0.894456 0.551593
vt 0.414894 0.389496
vt 0.399132 0.407446
vt 0.402823 0.266829
vt 0.213029 0.895393
vt 0.992837 0.735906
vt 0.996043 0.737437
vt 0.993450 0.750397
vt 0.267022 0.865836
vt 0.243341 0.872945
vt 0.619868 0.908691
vt 0.245876 0.936063
vt 0.224443 0.960799
vt 0.974210 0.565497
vt 0.865224 0.979201
vt 0.870486 0.995491
vt 0.865224 0.997415
vt 0.857379 0.224839
vt 0.069343 0.985726
vt 0.981067 0.431930
vt 0.056442 0.781141
vt 0.039961 0.782513
vt 0.619449 0.852674
vt 0.995447 0.003770
vt 0.999079 0.010877
vt 0.998983 0.018677
vt 0.998082 0.961678
vt 0.269041 0.749672
vt 0.102396 0.191279
vt 0.095519 0.244401
vt 0.823268 0.099731
vt 0.998505 0.588208
vt 0.995627 0.566694
vt 0.998505 0.565497
vt 0.394774 0.431896
vt 0.125517 0.972585
vt 0.129197 0.982511
vt 0.124161 0.983440
vt 0.130148 0.951379
vt 0.822181 0.064999
vt 0.818343 0.054019
vt 0.474003 0.653832
vt 0.476054 0.650792
vt 0.477198 0.661454
vt 0.907231 0.333092
vt 0.900982 0.297106
vt 0.934765 0.457613
vt 0.474003 0.619806
vt 0.977611 0.228438
vt 0.973340 0.239294
vt 0.977046 0.216507
vt 0.977984 0.201422
vt 0.857379 0.189968
vt 0.860729 0.151818
vt 0.860729 0.199075
vt 0.996043 0.722949
vt 0.994071 0.721531
vt 0.187462 0.774818
vt 0.450866 0.991397
vt 0.442421 0.974548
vt 0.450866 0.963830
vt 0.617388 0.973592
vt 0.664900 0.969174
vt 0.686912 0.956876
vt 0.666463 0.928937
vt 0.405541 0.929438
vt 0.984266 0.753110
vt 0.277605 0.203322
vt 0.250423 0.008825
vt 0.278886 0.274346
vt 0.613177 0.002006
vt 0.816433 0.126665
vt 0.818490 0.116070
vt 0.403984 0.347925
vt 0.897565 0.596919
vt 0.130148 0.988796
vt 0.405823 0.304989
vt 0.406599 0.301653
vt 0.576049 0.651307
vt 0.578230 0.648458
vt 0.578230 0.663547
vt 0.893487 0.585974
vt 0.982126 0.242337
vt 0.173474 0.787123
vt 0.261964 0.873235
vt 0.985674 0.705468
vt 0.061082 0.857724
vt 0.057004 0.842717
vt 0.079247 0.847813
vt 0.102504 0.936990
vt 0.374873 0.901461
vt 0.260015 0.037611
vt 0.248170 0.091256
vt 0.789873 0.974135
vt 0.789046 0.967135
vt 0.805187 0.963602
vt 0.067813 0.543314
vt 0.074493 0.562113
vt 0.994380 0.105012
vt 0.989448 0.102995
vt 0.992384 0.086251
vt 0.989448 0.117366
vt 0.297719 0.438573
vt 0.304857 0.438737
vt 0.261261 0.164506
vt 0.278025 0.179335
vt 0.286201 0.388945
vt 0.283128 0.759744
vt 0.280844 0.754956
vt 0.283128 0.753746
vt 0.475035 0.567183
vt 0.278363 0.256190
vt 0.386616 0.627723
vt 0.953496 0.672854
vt 0.818994 0.024784
vt 0.408264 0.277819
vt 0.477849 0.637203
vt 0.974746 0.257116
vt 0.925212 0.443296
vt 0.927374 0.426173
vt 0.416571 0.001763
vt 0.908750 0.155007
vt 0.183664 0.776387
vt 0.308203 0.475312
vt 0.319021 0.475018
vt 0.311913 0.477220
vt 0.330659 0.943511
vt 0.353782 0.937259
vt 0.353190 0.953696
vt 0.218094 0.991183
vt 0.210489 0.986945
vt 0.218094 0.968756
vt 0.253629 0.024788
vt 0.767358 0.977256
vt 0.056690 0.616105
vt 0.269872 0.215202
vt 0.705232 0.995439
vt 0.700922 0.991350
vt 0.705232 0.971839
vt 0.267680 0.239282
vt 0.606360 0.079744
vt 0.891750 0.240460
vt 0.893571 0.268877
vt 0.921164 0.398723
vt 0.267125 0.883953
vt 0.801290 0.876616
vt 0.791272 0.861938
vt 0.847713 0.227168
vt 0.838290 0.223557
vt 0.847713 0.215006
vt 0.313088 0.585735
vt 0.321269 0.538504
vt 0.335761 0.953911
vt 0.325059 0.514747
vt 0.069858 0.859356
vt 0.984038 0.849152
vt 0.986127 0.832512
vt 0.992847 0.832156
vt 0.245065 0.766166
vt 0.288375 0.601307
vt 0.296274 0.599032
vt 0.099295 0.929401
vt 0.999079 0.000000
vt 0.056858 0.584437
vt 0.979565 0.021187
vt 0.991214 0.040798
vt 0.983766 0.038543
vt 0.995515 0.769200
vt 0.995515 0.761657
vt 0.999630 0.764984
vt 0.998780 0.753110
vt 0.288933 0.392547
vt 0.391346 0.676170
vt 0.403035 0.339139
vt 0.401258 0.369418
vt 0.993117 0.625596
vt 0.993117 0.612405
vt 0.996938 0.616470
vt 0.993411 0.602298
vt 0.977517 0.213914
vt 0.982126 0.217454
vt 0.476891 0.678007
vt 0.474749 0.688028
vt 0.094250 0.884708
vt 0.086877 0.896169
vt 0.092754 0.876790
vt 0.178514 0.898913
vt 0.084917 0.802609
vt 0.608117 0.927637
vt 0.621014 0.931518
vt 0.239268 0.949170
vt 0.442491 0.987964
vt 0.992302 0.705468
vt 0.992302 0.721197
vt 0.985674 0.709285
vt 0.306640 0.524331
vt 0.320055 0.602969
vt 0.327478 0.475918
vt 0.686196 0.922993
vt 0.401042 0.968044
vt 0.413783 0.970155
vt 0.406678 0.988138
vt 0.080278 0.850884
vt 0.330617 0.951771
vt 0.330413 0.966651
vt 0.315688 0.957303
vt 0.294365 0.498855
vt 0.256217 0.760579
vt 0.010774 0.783195
vt 0.291010 0.533193
vt 0.046735 0.721263
vt 0.255101 0.098740
vt 0.282037 0.739263
vt 0.854322 0.950299
vt 0.297210 0.467013
vt 0.296924 0.438353
vt 0.287030 0.359150
vt 0.406276 0.529453
vt 0.390820 0.612565
vt 0.382667 0.726928
vt 0.731013 0.998760
vt 0.728116 0.990205
vt 0.731013 0.984463
vt 0.122751 0.470860
vt 0.112656 0.448915
vt 0.397431 0.371835
vt 0.565506 0.784621
vt 0.567959 0.786354
vt 0.565171 0.793798
vt 0.404351 0.259361
vt 0.408706 0.276062
vt 0.941120 0.648235
vt 0.438983 0.970541
vt 0.309396 0.601840
vt 0.955218 0.581839
vt 0.955119 0.599386
vt 0.931189 0.584087
vt 0.325122 0.601047
vt 0.933185 0.571144
vt 0.080214 0.929544
vt 0.077395 0.940084
vt 0.057004 0.931767
vt 0.929111 0.571666
vt 0.030147 0.801536
vt 0.243780 0.767421
vt 0.700922 0.977203
vt 0.688186 0.984937
vt 0.688186 0.971839
vt 0.288375 0.536411
vt 0.803587 0.975736
vt 0.267499 0.194259
vt 0.411325 0.898578
vt 0.247296 0.001989
vt 0.080127 0.134564
vt 0.996512 0.860605
vt 0.996512 0.844747
vt 0.999479 0.849558
vt 0.563600 0.733638
vt 0.567959 0.726681
vt 0.567862 0.758413
vt 0.564537 0.757530
vt 0.564612 0.760844
vt 0.097020 0.876209
vt 0.293829 0.979823
vt 0.292167 0.985990
vt 0.291256 0.975213
vt 0.244041 0.946982
vt 0.791808 0.878712
vt 0.316741 0.681662
vt 0.904885 0.979698
vt 0.923938 0.974021
vt 0.924466 0.984728
vt 0.902435 0.966688
vt 0.252127 0.037792
vt 0.638624 0.977239
vt 0.637993 0.991160
vt 0.635045 0.989981
vt 0.331735 0.904051
vt 0.004920 0.783232
vt 0.273041 0.206325
vt 0.383510 0.997606
vt 0.383739 0.985012
vt 0.387677 0.997606
vt 0.265622 0.755938
vt 0.266174 0.767960
vt 0.041390 0.667152
vt 0.059824 0.530292
vt 0.067456 0.530807
vt 0.794479 0.994144
vt 0.797562 0.989640
vt 0.199379 0.996408
vt 0.195775 0.998122
vt 0.195775 0.985948
vt 0.274978 0.193844
vt 0.476634 0.591489
vt 0.388577 0.653986
vt 0.591257 0.058870
vt 0.397211 0.464817
vt 0.385072 0.459851
vt 0.979646 0.246576
vt 0.564554 0.723465
vt 0.996031 0.271474
vt 0.998900 0.257116
vt 0.998900 0.275435
vt 0.996311 0.876371
vt 0.999137 0.871168
vt 0.999137 0.886392
vt 0.397985 0.470131
vt 0.091006 0.806957
vt 0.980597 0.002518
vt 0.968740 0.014198
vt 0.791222 0.207023
vt 0.806918 0.209418
vt 0.791935 0.224127
vt 0.287240 0.983953
vt 0.072215 0.793530
vt 0.336394 0.965700
vt 0.324182 0.699464
vt 0.328270 0.694195
vt 0.947582 0.571144
vt 0.956462 0.869119
vt 0.964978 0.870339
vt 0.967131 0.878926
vt 0.975556 0.878328
vt 0.092702 0.994965
vt 0.088345 0.987181
vt 0.092702 0.974625
vt 0.989859 0.828712
vt 0.401042 0.937868
vt 0.378922 0.946691
vt 0.378922 0.932050
vt 0.112588 0.951379
vt 0.256824 0.061043
vt 0.935043 0.103980
vt 0.937250 0.113984
vt 0.067624 0.518920
vt 0.291562 0.432257
vt 0.275443 0.205720
vt 0.289868 0.405131
vt 0.836568 0.948009
vt 0.409710 0.476037
vt 0.392472 0.694600
vt 0.819269 0.078573
vt 0.815716 0.067894
vt 0.895464 0.145154
vt 0.931034 0.634621
vt 0.806918 0.227070
vt 0.233565 0.961340
vt 0.353782 0.969809
vt 0.302270 0.476752
vt 0.303468 0.590912
vt 0.311965 0.712204
vt 0.319956 0.763203
vt 0.924466 0.961258
vt 0.852787 0.598314
vt 0.847146 0.537238
vt 0.851909 0.535721
vt 0.953828 0.572594
vt 0.413783 0.988542
vt 0.080456 0.861773
vt 0.746971 0.912716
vt 0.692262 0.984937
vt 0.692262 0.998948
vt 0.688186 0.986400
vt 0.252102 0.021928
vt 0.248666 0.050370
vt 0.933959 0.933775
vt 0.939244 0.941816
vt 0.933257 0.944195
vt 0.060372 0.511736
vt 0.717837 0.992827
vt 0.720189 0.986294
vt 0.722756 0.997755
vt 0.233743 0.042033
vt 0.418274 0.913509
vt 0.922652 0.219385
vt 0.922516 0.226917
vt 0.915969 0.219385
vt 0.269214 0.228756
vt 0.268663 0.212191
vt 0.173045 0.913926
vt 0.169822 0.914279
vt 0.173045 0.896547
vt 0.408862 0.499834
vt 0.408013 0.509508
vt 0.395371 0.436400
vt 0.183560 0.787809
vt 0.931942 0.595002
vt 0.312343 0.851700
vt 0.317234 0.903942
vt 0.326741 0.900845
vt 0.330429 0.904971
vt 0.222297 0.764995
vt 0.232153 0.767396
vt 0.223203 0.771710
vt 0.971536 0.886503
vt 0.767297 0.919941
vt 0.578229 0.707722
vt 0.578229 0.723574
vt 0.576472 0.720611
vt 0.722756 0.980117
vt 0.473312 0.607731
vt 0.469078 0.619806
vt 0.172664 0.932092
vt 0.401189 0.570338
vt 0.299505 0.775707
vt 0.297926 0.751712
vt 0.300393 0.755842
vt 0.564690 0.693242
vt 0.563926 0.714660
vt 0.997345 0.869119
vt 0.650062 0.986758
vt 0.653006 0.986304
vt 0.652743 0.990002
vt 0.567619 0.691702
vt 0.218176 0.871068
vt 0.293829 0.994423
vt 0.425876 0.857653
vt 0.431505 0.875628
vt 0.427687 0.905379
vt 0.300426 0.506649
vt 0.305207 0.684226
vt 0.322250 0.832295
vt 0.325111 0.836266
vt 0.322814 0.886054
vt 0.313541 0.883839
vt 0.328933 0.769460
vt 0.852257 0.442514
vt 0.234390 0.776184
vt 0.329632 0.599532
vt 0.982125 0.256693
vt 0.982125 0.238299
vt 0.990744 0.250007
vt 0.984038 0.825722
vt 0.326495 0.967464
vt 0.249611 0.034804
vt 0.358250 0.916009
vt 0.370605 0.919455
vt 0.259532 0.184516
vt 0.939419 0.922287
vt 0.999044 0.232328
vt 0.999044 0.240267
vt 0.995177 0.238567
vt 0.796725 0.979544
vt 0.169428 0.898853
vt 0.987645 0.721531
vt 0.288617 0.452591
vt 0.300393 0.736044
vt 0.607433 0.220869
vt 0.181730 0.795982
vt 0.245876 0.959382
vt 0.245876 0.972669
vt 0.255526 0.972669
vt 0.252747 0.989689
vt 0.307983 0.771846
vt 0.308765 0.880480
vt 0.206882 0.778483
vt 0.210666 0.781228
vt 0.330101 0.882493
vt 0.023998 0.956319
vt 0.013466 0.956319
vt 0.032327 0.944971
vt 0.847925 0.660876
vt 0.834944 0.661551
vt 0.850330 0.622048
vt 0.993988 0.079841
vt 0.989306 0.079060
vt 0.994143 0.075181
vt 0.967401 0.883628
vt 0.915969 0.227527
vt 0.908178 0.227527
vt 0.911523 0.219385
vt 0.989538 0.236802
vt 0.019610 0.788080
vt 0.330659 0.926783
vt 0.297936 0.437827
vt 0.283657 0.424517
vt 0.294811 0.425075
vt 0.296165 0.448122
vt 0.404812 0.919294
vt 0.270939 0.764609
vt 0.265644 0.285445
vt 0.096850 0.770630
vt 0.096330 0.737173
vt 0.099295 0.740927
vt 0.399336 0.576787
vt 0.392407 0.596875
vt 0.392082 0.638951
vt 0.108449 0.334839
vt 0.380533 0.469591
vt 0.398956 0.018791
vt 0.997584 0.412157
vt 0.994263 0.406799
vt 0.999003 0.396370
vt 0.688186 0.969149
vt 0.430083 0.791223
vt 0.435736 0.799572
vt 0.309988 0.885009
vt 0.018679 0.919062
vt 0.000000 0.946732
vt 0.080066 0.987187
vt 0.072223 0.972097
vt 0.080066 0.967755
vt 0.099295 0.976996
vt 0.113059 0.952624
vt 0.120835 0.975874
vt 0.330659 0.833093
vt 0.848861 0.362297
vt 0.853455 0.367218
vt 0.235495 0.761163
vt 0.238902 0.769606
vt 0.282420 0.782696
vt 0.280844 0.772523
vt 0.282420 0.771853
vt 0.247193 0.047520
vt 0.979565 0.050836
vt 0.262767 0.280084
vt 0.275493 0.256641
vt 0.099295 0.723029
vt 0.287375 0.406806
vt 0.275827 0.756024
vt 0.991214 0.040682
vt 0.991214 0.021187
vt 0.996560 0.029713
vt 0.164460 0.874488
vt 0.157086 0.876316
vt 0.688186 0.945507
vt 0.688558 0.928159
vt 0.698532 0.947065
vt 0.555953 0.941151
vt 0.558618 0.957014
vt 0.555953 0.961887
vt 0.215021 0.902061
vt 0.791236 0.829080
vt 0.218113 0.880837
vt 0.150120 0.911896
vt 0.148949 0.920286
vt 0.130148 0.920870
vt 0.134495 0.914846
vt 0.432266 0.909535
vt 0.934286 0.469946
vt 0.957119 0.474931
vt 0.929111 0.479930
vt 0.069343 0.984446
vt 0.152819 0.994209
vt 0.152819 0.973414
vt 0.160204 0.978066
vt 0.239372 0.774593
vt 0.392174 0.992636
vt 0.393671 0.982054
vt 0.400123 0.988487
vt 0.248387 0.125721
vt 0.243004 0.040282
vt 0.413321 0.927000
vt 0.271547 0.310616
vt 0.299155 0.709711
vt 0.701342 0.958751
vt 0.693673 0.955441
vt 0.064969 0.032537
vt 0.389795 0.397192
vt 0.877079 0.237953
vt 0.384011 0.427760
vt 0.302764 0.880453
vt 0.123453 0.951379
vt 0.846014 0.438046
vt 0.994143 0.085792
vt 0.847085 0.950812
vt 0.852531 0.950299
vt 0.844115 0.961223
vt 0.539514 0.973513
vt 0.539514 0.992904
vt 0.533644 0.981609
vt 0.983803 0.921336
vt 0.975314 0.912865
vt 0.983803 0.910270
vt 0.995070 0.047132
vt 0.991214 0.049769
vt 0.099783 0.947747
vt 0.261393 0.771674
vt 0.271482 0.241379
vt 0.975949 0.030808
vt 0.978556 0.037879
vt 0.975954 0.045940
vt 0.606282 0.197974
vt 0.608134 0.184403
vt 0.973340 0.022182
vt 0.603357 0.210417
vt 0.095737 0.810939
vt 0.389868 0.225607
vt 0.999238 0.536854
vt 0.996119 0.535005
vt 0.999238 0.520465
vt 0.439936 0.908832
vt 0.428743 0.697780
vt 0.427893 0.610040
vt 0.425876 0.501253
vt 0.433306 0.620047
vt 0.994380 0.111963
vt 0.997862 0.110244
vt 0.997862 0.122927
vt 0.617433 0.991465
vt 0.609347 0.981437
vt 0.838096 0.587436
vt 0.990894 0.822133
vt 0.247261 0.184634
vt 0.986409 0.595233
vt 0.991123 0.580210
vt 0.990278 0.597679
vt 0.275748 0.456445
vt 0.943515 0.945177
vt 0.805187 0.986673
vt 0.265253 0.296895
vt 0.473056 0.618364
vt 0.978865 0.053313
vt 0.975822 0.055652
vt 0.391502 0.654964
vt 0.405039 0.729801
vt 0.693603 0.971839
vt 0.962162 0.020977
vt 0.725076 0.840005
vt 0.729674 0.845770
vt 0.719996 0.841999
vt 0.627438 0.911278
vt 0.437321 0.644296
vt 0.099295 0.952919
vt 0.860035 0.235761
vt 0.852303 0.228822
vt 0.862832 0.231528
vt 0.853130 0.303562
vt 0.845862 0.299774
vt 0.856703 0.254113
vt 0.967408 0.889628
vt 0.851359 0.971809
vt 0.266420 0.780663
vt 0.250040 0.035332
vt 0.960833 0.929510
vt 0.042543 0.573936
vt 0.976302 0.075661
vt 0.979565 0.115484
vt 0.976055 0.116796
vt 0.513078 0.996250
vt 0.518406 0.992592
vt 0.363430 0.971122
vt 0.360588 0.989364
vt 0.355581 0.982657
vt 0.353782 0.971122
vt 0.978096 0.123309
vt 0.402441 0.569170
vt 0.966448 0.996400
vt 0.960833 0.984920
vt 0.966448 0.979708
vt 0.692909 0.922993
vt 0.876569 0.623962
vt 0.866232 0.633955
vt 0.867628 0.620471
vt 0.095963 0.374227
vt 0.111864 0.471066
vt 0.435646 0.734375
vt 0.300426 0.867480
vt 0.303679 0.861716
vt 0.432036 0.520317
vt 0.207334 0.802061
vt 0.845415 0.247994
vt 0.057536 0.951514
vt 0.392174 0.970729
vt 0.296016 0.480149
vt 0.357352 0.920293
vt 0.268414 0.213099
vt 0.000000 0.808942
vt 0.000000 0.782224
vt 0.985779 0.586667
vt 0.254467 0.222080
vt 0.269536 0.323504
vt 0.273082 0.390071
vt 0.265004 0.372525
vt 0.999215 0.142495
vt 0.994566 0.156296
vt 0.994566 0.141470
vt 0.389188 0.718183
vt 0.593250 0.190859
vt 0.410389 0.616489
vt 0.563536 0.882211
vt 0.702702 0.965409
vt 0.074328 0.232687
vt 0.895937 0.338199
vt 0.094241 0.861541
vt 0.943595 0.135616
vt 0.944355 0.153014
vt 0.940837 0.146103
vt 0.182241 0.913900
vt 0.196511 0.806870
vt 0.627873 0.931372
vt 0.729370 0.857811
vt 0.067106 0.809505
vt 0.441917 0.857074
vt 0.773150 0.207023
vt 0.789165 0.209513
vt 0.773150 0.224464
vt 0.000261 0.938091
vt 0.578229 0.744679
vt 0.576363 0.750039
vt 0.576363 0.738120
vt 0.417460 0.502039
vt 0.410726 0.491926
vt 0.419168 0.481318
vt 0.409376 0.507309
vt 0.412659 0.585375
vt 0.963565 0.915270
vt 0.956462 0.921067
vt 0.956462 0.910270
vt 0.626154 0.939468
vt 0.629305 0.931518
vt 0.638347 0.955501
vt 0.688186 0.970183
vt 0.887519 0.638828
vt 0.877919 0.633405
vt 0.099199 0.409381
vt 0.052504 0.064241
vt 0.077731 0.277048
vt 0.058202 0.004936
vt 0.650062 0.998793
vt 0.438528 0.587454
vt 0.837787 0.970705
vt 0.240222 0.047446
vt 0.005085 0.805036
vt 0.951032 0.956987
vt 0.259361 0.425904
vt 0.996416 0.250528
vt 0.415123 0.539460
vt 0.411443 0.475269
vt 0.202302 0.968756
vt 0.210489 0.971655
vt 0.206538 0.974230
vt 0.383036 0.430108
vt 0.373238 0.409541
vt 0.889096 0.308710
vt 0.888982 0.152017
vt 0.246408 0.894979
vt 0.171182 0.936004
vt 0.172432 0.957130
vt 0.158566 0.945961
vt 0.155082 0.953286
vt 0.706211 0.854804
vt 0.707756 0.836019
vt 0.933501 0.490221
vt 0.956804 0.492601
vt 0.201328 0.797574
vt 0.836946 0.373986
vt 0.558664 0.949548
vt 0.576014 0.964066
vt 0.559789 0.971156
vt 0.082894 0.896491
vt 0.062518 0.860175
vt 0.964231 0.835436
vt 0.960527 0.850706
vt 0.956462 0.825291
vt 0.638624 0.998058
vt 0.357659 0.937259
vt 0.936083 0.127104
vt 0.236862 0.036395
vt 0.259429 0.231013
vt 0.044680 0.536044
vt 0.262189 0.224063
vt 0.595961 0.039152
vt 0.591695 0.002892
vt 0.388813 0.367349
vt 0.393462 0.367011
vt 0.175079 0.797905
vt 0.744600 0.831190
vt 0.219566 0.892140
vt 0.172432 0.973414
vt 0.152819 0.967765
vt 0.589148 0.940143
vt 0.578245 0.931518
vt 0.602332 0.931862
vt 0.843494 0.229629
vt 0.570275 0.973401
vt 0.626378 0.874590
vt 0.330617 0.983427
vt 0.970762 0.839443
vt 0.975735 0.858363
vt 0.627873 0.849792
vt 0.050539 0.504614
vt 0.865224 0.990427
vt 0.859954 0.997462
vt 0.241018 0.206140
vt 0.258185 0.229240
vt 0.902316 0.986203
vt 0.902316 0.997452
vt 0.898905 0.992401
vt 0.405313 0.722898
vt 0.862832 0.626364
vt 0.330659 0.729801
vt 0.341035 0.749106
vt 0.332390 0.747868
vt 0.081809 0.258067
vt 0.882221 0.276707
vt 0.881773 0.272418
vt 0.385808 0.397474
vt 0.384902 0.399833
vt 0.883400 0.278904
vt 0.550955 0.981686
vt 0.539514 0.978943
vt 0.551041 0.964661
vt 0.342499 0.969809
vt 0.342499 0.987957
vt 0.334920 0.970579
vt 0.445790 0.797332
vt 0.791222 0.223271
vt 0.431439 0.501556
vt 0.438314 0.498527
vt 0.835316 0.485300
vt 0.963030 0.503452
vt 0.963738 0.478911
vt 0.998077 0.481273
vt 0.994786 0.492088
vt 0.047944 0.709841
vt 0.020919 0.718950
vt 0.027046 0.697300
vt 0.047972 0.716391
vt 0.997264 0.789062
vt 0.998407 0.801794
vt 0.995472 0.802875
vt 0.425876 0.474337
vt 0.588474 0.209722
vt 0.612853 0.201419
vt 0.631328 0.952619
vt 0.897565 0.597443
vt 0.373980 0.470237
vt 0.393601 0.009235
vt 0.400672 0.001714
vt 0.931034 0.652170
vt 0.705989 0.895241
vt 0.712112 0.925554
vt 0.705477 0.922592
vt 0.729134 0.891474
vt 0.730281 0.910340
vt 0.283181 0.759744
vt 0.283181 0.771853
vt 0.280844 0.766489
vt 0.781588 0.225670
vt 0.031740 0.925561
vt 0.017622 0.803827
vt 0.998394 0.221977
vt 0.994720 0.232153
vt 0.030132 0.653351
vt 0.985779 0.570832
vt 0.255213 0.240194
vt 0.995952 0.321633
vt 0.992217 0.319735
vt 0.995952 0.310213
vt 0.592669 0.146842
vt 0.407924 0.664098
vt 0.573948 0.874825
vt 0.567960 0.874775
vt 0.574851 0.854039
vt 0.763249 0.994108
vt 0.757213 0.991587
vt 0.763249 0.977256
vt 0.387498 0.072557
vt 0.384342 0.036160
vt 0.872620 0.168629
vt 0.872754 0.152519
vt 0.705441 0.947796
vt 0.702702 0.943730
vt 0.813325 0.822763
vt 0.810185 0.813044
vt 0.813884 0.810385
vt 0.815676 0.226623
vt 0.806918 0.215859
vt 0.815676 0.207023
vt 0.079277 0.959385
vt 0.827481 0.622300
vt 0.826872 0.566466
vt 0.751106 0.921222
vt 0.235623 0.087732
vt 0.031564 0.599323
vt 0.990663 0.565497
vt 0.264161 0.295020
vt 0.259182 0.270569
vt 0.233783 0.150897
vt 0.591659 0.186634
vt 0.570571 0.823934
vt 0.637499 0.919623
vt 0.630030 0.917694
vt 0.636564 0.908364
vt 0.966984 0.920591
vt 0.758977 0.978370
vt 0.898178 0.602298
vt 0.382907 0.142464
vt 0.098474 0.858848
vt 0.974211 0.585984
vt 0.965698 0.578022
vt 0.969448 0.576553
vt 0.998089 0.902083
vt 0.993547 0.919577
vt 0.993547 0.900334
vt 0.452951 0.902880
vt 0.446286 0.720386
vt 0.444692 0.617748
vt 0.925138 0.958961
vt 0.902435 0.961258
vt 0.915572 0.944056
vt 0.563320 0.979017
vt 0.396995 0.963111
vt 0.288375 0.475018
vt 0.268390 0.324360
vt 0.262187 0.313160
vt 0.999480 0.198324
vt 0.995810 0.187583
vt 0.999480 0.182060
vt 0.998407 0.812358
vt 0.169309 0.857759
vt 0.575406 0.816547
vt 0.089331 0.824723
vt 0.387078 0.011817
vt 0.218113 0.918005
vt 0.079609 0.818925
vt 0.439863 0.923448
vt 0.450327 0.833769
vt 0.445198 0.499738
vt 0.579041 0.951520
vt 0.056491 0.924573
vt 0.033120 0.945381
vt 0.032327 0.919062
vt 0.829558 0.674181
vt 0.821825 0.668968
vt 0.852531 0.986334
vt 0.854322 0.979201
vt 0.854322 0.953859
vt 0.868063 0.974256
vt 0.330066 0.983427
vt 0.330066 0.995935
vt 0.324240 0.986147
vt 0.245378 0.302159
vt 0.241726 0.272920
vt 0.257435 0.245763
vt 0.261266 0.445897
vt 0.263783 0.325684
vt 0.260135 0.281877
vt 0.993260 0.337759
vt 0.256491 0.267232
vt 0.590221 0.014271
vt 0.393565 0.682877
vt 0.407151 0.679629
vt 0.637499 0.931420
vt 0.627873 0.928510
vt 0.575317 0.882211
vt 0.482656 0.775569
vt 0.485366 0.779238
vt 0.481428 0.784998
vt 0.173343 0.529797
vt 0.172195 0.524551
vt 0.903731 0.808408
vt 0.913363 0.798379
vt 0.902435 0.813558
vt 0.377469 0.318460
vt 0.377597 0.278361
vt 0.763270 0.840860
vt 0.783156 0.837258
vt 0.187915 0.808079
vt 0.131562 0.931019
vt 0.827313 0.499354
vt 0.263199 0.334322
vt 0.260080 0.332216
vt 0.722756 0.967154
vt 0.709986 0.951951
vt 0.722756 0.942283
vt 0.575692 0.770567
vt 0.195775 0.971638
vt 0.578209 0.672226
vt 0.576049 0.678390
vt 0.576049 0.663547
vt 0.363351 0.381540
vt 0.217404 0.937720
vt 0.195775 0.943979
vt 0.199402 0.934415
vt 0.911289 0.135051
vt 0.227870 0.039004
vt 0.244025 0.243059
vt 0.533192 0.973513
vt 0.533192 0.995172
vt 0.526482 0.984804
vt 0.995842 0.071380
vt 0.999468 0.069853
vt 0.995842 0.084516
vt 0.297655 0.651275
vt 0.300393 0.662216
vt 0.297130 0.669165
vt 0.587632 0.109661
vt 0.590061 0.220241
vt 0.570027 0.759389
vt 1.000000 0.936532
vt 0.996897 0.926732
vt 1.000000 0.922287
vt 0.916702 0.847236
vt 0.902877 0.848721
vt 0.903322 0.841028
vt 0.902968 0.822715
vt 0.870745 0.270595
vt 0.189100 0.816762
vt 0.374249 0.424265
vt 0.395779 0.002369
vt 0.092897 0.852589
vt 0.182876 0.922676
vt 0.247558 0.796481
vt 0.064079 0.899999
vt 0.380879 0.970729
vt 0.876269 0.957915
vt 0.259491 0.348925
vt 0.203200 0.992682
vt 0.206386 0.985948
vt 0.206386 0.999212
vt 0.995515 0.763334
vt 0.990415 0.779250
vt 0.990415 0.753110
vt 0.999473 0.081202
vt 0.273771 0.786028
vt 0.409786 0.634850
vt 0.204128 0.985230
vt 0.630008 0.968460
vt 0.343632 0.763490
vt 0.151980 0.941771
vt 0.150273 0.934793
vt 0.152606 0.934170
vt 0.903051 0.831528
vt 0.383882 0.365723
vt 0.891287 0.340447
vt 0.885571 0.345036
vt 0.887336 0.351056
vt 0.371310 0.468907
vt 0.243200 0.907297
vt 0.709218 0.869137
vt 0.974850 0.989221
vt 0.974850 0.967633
vt 0.987022 0.975089
vt 0.173343 0.986888
vt 0.183262 0.969849
vt 0.186508 0.986888
vt 0.558664 0.985705
vt 0.244740 0.795781
vt 0.258444 0.796324
vt 0.987681 0.640064
vt 0.992304 0.632550
vt 0.992304 0.644791
vt 0.031864 0.535213
vt 0.721340 0.980117
vt 0.705477 0.964151
vt 0.266771 0.379532
vt 0.898905 0.993870
vt 0.893530 0.986394
vt 0.898905 0.986203
vt 0.219869 0.162805
vt 0.160204 0.980395
vt 0.167198 0.992279
vt 0.160233 0.995005
vt 0.576014 0.739372
vt 0.472878 0.798428
vt 0.468816 0.759678
vt 0.474003 0.747576
vt 0.884790 0.661146
vt 0.351992 0.764196
vt 0.378867 0.226623
vt 0.387913 0.010683
vt 0.940837 0.167378
vt 0.453087 0.712307
vt 0.007833 0.922318
vt 0.056613 0.946739
vt 0.402264 0.754246
vt 0.399250 0.743686
vt 0.417996 0.735770
vt 0.228986 0.046942
vt 0.230338 0.025528
vt 0.228728 0.061130
vt 0.237276 0.126306
vt 0.164567 0.855024
vt 0.575628 0.721009
vt 0.570116 0.722524
vt 0.167198 0.973414
vt 0.290893 0.802820
vt 0.283220 0.798407
vt 0.291076 0.794677
vt 0.464112 0.799137
vt 0.085577 0.472687
vt 0.150120 0.926189
vt 0.357650 0.457600
vt 0.993692 0.468576
vt 0.990395 0.463005
vt 0.993692 0.461246
vt 0.808628 0.800647
vt 0.145409 0.945045
vt 0.437511 0.479240
vt 0.446788 0.475078
vt 0.452745 0.594457
vt 0.459161 0.922318
vt 0.000258 0.928775
vt 0.902435 0.934590
vt 0.833986 0.260469
vt 0.971054 0.758541
vt 0.971178 0.768350
vt 0.957623 0.770879
vt 0.969700 0.753110
vt 0.228419 0.028819
vt 0.960833 0.958475
vt 0.952143 0.961550
vt 0.271873 0.479555
vt 0.281128 0.500848
vt 0.272980 0.519143
vt 0.283863 0.802820
vt 0.985323 0.469946
vt 0.990462 0.494377
vt 0.984331 0.485607
vt 0.058913 0.258755
vt 0.862832 0.239272
vt 0.083281 0.823369
vt 0.910359 0.171831
vt 0.943589 0.505999
vt 0.367408 0.968830
vt 0.354228 0.957305
vt 0.913508 0.922287
vt 0.828826 0.228060
vt 0.037221 0.818363
vt 0.943598 0.135616
vt 0.226652 0.114818
vt 0.220831 0.095254
vt 0.993846 0.938930
vt 0.994133 0.922287
vt 0.996897 0.936719
vt 0.257584 0.346492
vt 0.210489 0.998224
vt 0.207066 0.988262
vt 0.210489 0.985948
vt 0.575839 0.691702
vt 0.567960 0.696145
vt 0.282691 0.532892
vt 0.635967 0.968180
vt 0.466802 0.705780
vt 0.056625 0.121218
vt 0.479909 0.808066
vt 0.480532 0.793756
vt 0.848897 0.998557
vt 0.846502 0.996542
vt 0.848897 0.986335
vt 0.474003 0.754509
vt 0.477953 0.756647
vt 0.474003 0.777043
vt 0.376028 0.370820
vt 0.961009 0.562091
vt 0.245876 0.923638
vt 0.264563 0.932850
vt 0.251422 0.948026
vt 0.546281 0.960726
vt 0.602543 0.947805
vt 0.857379 0.161246
vt 0.840757 0.174861
vt 0.854684 0.151818
vt 0.767700 0.927754
vt 0.099295 0.809937
vt 0.099295 0.842234
vt 0.096429 0.832030
vt 0.260068 0.360281
vt 0.247891 0.359401
vt 0.273714 0.460641
vt 0.300393 0.681770
vt 0.297504 0.695548
vt 0.240835 0.248273
vt 0.255006 0.232922
vt 0.280844 0.776952
vt 0.213685 0.007601
vt 0.468325 0.879635
vt 0.464112 0.871885
vt 0.470172 0.864195
vt 0.638951 0.849791
vt 0.622474 0.849160
vt 0.633060 0.843682
vt 0.623218 0.963094
vt 0.465183 0.746745
vt 0.472172 0.683040
vt 0.064632 0.388037
vt 0.050410 0.154842
vt 0.476856 0.783104
vt 0.745380 0.845705
vt 0.266133 0.949530
vt 0.132698 0.943425
vt 0.330659 0.989731
vt 0.062980 0.827084
vt 0.454585 0.756334
vt 0.816981 0.608998
vt 0.824379 0.406583
vt 0.240038 0.797624
vt 0.410644 0.729801
vt 0.967222 0.786878
vt 0.239255 0.190382
vt 0.242467 0.201927
vt 0.990171 0.380695
vt 0.994599 0.362305
vt 0.995486 0.379233
vt 0.991709 0.364732
vt 0.275893 0.475018
vt 0.894198 0.656583
vt 0.456777 0.984877
vt 0.452121 0.999171
vt 0.452121 0.985145
vt 0.064021 0.358087
vt 0.083658 0.313879
vt 0.906049 0.766838
vt 0.911431 0.752943
vt 0.907952 0.773719
vt 0.374071 0.086106
vt 0.173343 0.994747
vt 0.176145 0.992184
vt 0.096057 0.849291
vt 0.366441 0.383556
vt 0.944601 0.058424
vt 0.719626 0.927681
vt 0.458437 0.497640
vt 0.972723 0.040409
vt 0.973340 0.109368
vt 0.965581 0.084187
vt 0.370506 0.960531
vt 0.975405 0.509693
vt 0.010594 0.819016
vt 0.219458 0.061287
vt 0.999148 0.674181
vt 0.999148 0.692340
vt 0.995501 0.684145
vt 0.239343 0.320907
vt 0.265998 0.455647
vt 0.297579 0.709711
vt 0.300392 0.693150
vt 0.215963 0.086711
vt 0.241637 0.239575
vt 0.585918 0.039337
vt 0.995515 0.787763
vt 0.995515 0.769199
vt 0.999045 0.777596
vt 0.343382 0.790929
vt 0.330659 0.824792
vt 0.334830 0.799049
vt 0.465155 0.657468
vt 0.471168 0.646180
vt 0.353269 0.754200
vt 0.490370 0.820605
vt 0.576014 0.706499
vt 0.578229 0.691702
vt 0.999066 0.323928
vt 0.995952 0.327907
vt 0.368852 0.303714
vt 0.364260 0.327176
vt 0.361114 0.455283
vt 0.266358 0.905209
vt 0.726957 0.924581
vt 0.456027 0.477120
vt 0.454984 0.499454
vt 0.459285 0.782785
vt 0.457632 0.859180
vt 0.964423 0.028778
vt 0.968143 0.021187
vt 0.813965 0.668997
vt 0.819082 0.542119
vt 0.957118 0.497179
vt 0.221354 0.034861
vt 0.748656 0.962031
vt 0.749069 0.980153
vt 0.741569 0.974509
vt 0.230979 0.000000
vt 0.586287 0.136209
vt 0.620389 0.843602
vt 0.812307 0.502269
vt 0.812531 0.531498
vt 0.808038 0.502943
vt 0.812942 0.552345
vt 0.809263 0.555344
vt 0.467628 0.829361
vt 0.474896 0.821152
vt 0.464112 0.808190
vt 0.473293 0.799137
vt 0.476324 0.810113
vt 0.470492 0.813759
vt 0.638347 0.977239
vt 0.455072 0.998432
vt 0.346326 0.772451
vt 0.571073 0.691702
vt 0.556645 0.648202
vt 0.576014 0.691175
vt 0.478156 0.849660
vt 0.516374 0.853403
vt 0.482103 0.864021
vt 0.519832 0.798563
vt 0.152606 0.911896
vt 0.378615 0.355707
vt 0.183775 0.818655
vt 0.181141 0.823516
vt 0.363179 0.261230
vt 0.366149 0.205442
vt 0.377089 0.026572
vt 0.361539 0.430676
vt 0.086877 0.842717
vt 0.219999 0.912790
vt 0.957077 0.559104
vt 0.555953 0.961464
vt 0.134663 0.952617
vt 0.195775 0.957581
vt 0.353782 0.941829
vt 0.375809 0.937259
vt 0.374667 0.949397
vt 0.821265 0.332938
vt 0.405655 0.764785
vt 0.425407 0.758374
vt 0.351869 0.969809
vt 0.351869 0.991938
vt 0.342499 0.969992
vt 0.224845 0.024905
vt 0.218446 0.025039
vt 0.036304 0.488427
vt 0.404919 0.841870
vt 0.409053 0.849447
vt 0.399250 0.852868
vt 0.469935 0.820997
vt 0.464112 0.619995
vt 0.470805 0.619806
vt 0.080438 0.451707
vt 0.482992 0.767867
vt 0.920572 0.727628
vt 0.910723 0.742244
vt 0.506339 0.746516
vt 0.500660 0.768720
vt 0.501303 0.750459
vt 0.496497 0.770714
vt 0.372805 0.333347
vt 0.474855 0.739033
vt 0.871215 0.328891
vt 0.884363 0.371681
vt 0.374162 0.003284
vt 0.382713 0.004849
vt 0.812965 0.792784
vt 0.936324 0.502711
vt 0.978672 0.959249
vt 0.052635 0.819779
vt 0.818915 0.475219
vt 0.021146 0.611104
vt 0.022881 0.521922
vt 0.578269 0.169852
vt 0.580839 0.165946
vt 0.594419 0.169786
vt 0.723329 0.057355
vt 0.737390 0.069561
vt 0.724720 0.075909
vt 0.278671 0.540690
vt 0.633268 0.814458
vt 0.812970 0.602831
vt 0.808484 0.596287
vt 0.042910 0.048560
vt 0.492222 0.889425
vt 0.480343 0.874599
vt 0.488666 0.890116
vt 0.354689 0.429196
vt 0.812428 0.228326
vt 0.813965 0.260282
vt 0.802145 0.267577
vt 0.368543 0.170136
vt 0.369346 0.146220
vt 0.371739 0.123955
vt 0.728421 0.875274
vt 0.072278 0.836426
vt 0.933257 0.944414
vt 0.849604 0.173046
vt 0.839364 0.183766
vt 0.969330 0.863983
vt 0.745683 0.984251
vt 0.014085 0.671006
vt 0.226842 0.244673
vt 0.209995 0.016661
vt 0.571972 0.083278
vt 0.408614 0.831280
vt 0.280844 0.829247
vt 0.289968 0.826644
vt 0.290077 0.835765
vt 0.049731 0.354839
vt 0.374480 0.317851
vt 0.352884 0.352228
vt 0.421073 0.810846
vt 0.425407 0.790910
vt 0.422047 0.836226
vt 0.300419 0.872989
vt 0.296264 0.870031
vt 0.299720 0.850008
vt 0.367225 0.013819
vt 0.377142 0.079558
vt 0.203683 0.934415
vt 0.460406 0.474337
vt 0.602218 0.964998
vt 0.218118 0.961340
vt 0.227637 0.964982
vt 0.218113 0.968984
vt 0.820423 0.253071
vt 0.245745 0.261832
vt 0.299163 0.802825
vt 0.984608 0.493327
vt 0.524518 0.832503
vt 0.369855 0.471694
vt 0.372127 0.299388
vt 0.365388 0.296393
vt 0.380410 0.071902
vt 0.373104 0.078511
vt 0.425407 0.843893
vt 0.186073 0.931635
vt 0.547862 0.949854
vt 0.999279 0.721531
vt 0.999279 0.737726
vt 0.996043 0.725484
vt 0.457694 0.662973
vt 0.957412 0.086147
vt 0.948524 0.088548
vt 0.949207 0.028624
vt 0.826744 0.172488
vt 0.269410 0.805340
vt 0.990171 0.353719
vt 0.582994 0.184427
vt 0.812501 0.637421
vt 0.808038 0.644609
vt 0.973340 0.264358
vt 0.981626 0.282306
vt 0.974745 0.285991
vt 0.982486 0.257116
vt 0.973340 0.451706
vt 0.973340 0.394130
vt 0.981066 0.450033
vt 0.932480 0.768097
vt 0.931305 0.808201
vt 0.931692 0.846352
vt 0.194747 0.831900
vt 0.768608 0.846702
vt 0.985927 0.909208
vt 0.977186 0.903936
vt 0.979440 0.892840
vt 0.479475 0.227676
vt 0.490324 0.229801
vt 0.479663 0.265231
vt 0.459289 0.579081
vt 0.987958 0.260629
vt 0.990055 0.275090
vt 0.996897 0.950668
vt 0.566997 0.003488
vt 0.344665 0.782259
vt 0.353762 0.777299
vt 0.348444 0.799928
vt 0.973286 0.510034
vt 0.973994 0.520219
vt 0.966474 0.520219
vt 0.049107 0.253642
vt 0.919515 0.867870
vt 0.381348 0.046522
vt 0.378365 0.023631
vt 0.399250 0.860334
vt 0.412834 0.874429
vt 0.809108 0.791060
vt 0.150120 0.954497
vt 0.985322 0.659497
vt 0.992611 0.644791
vt 0.992611 0.668813
vt 0.972024 0.186903
vt 0.969202 0.280287
vt 0.961639 0.264257
vt 0.047033 0.830163
vt 0.955543 0.155577
vt 0.945747 0.155336
vt 0.944716 0.222219
vt 0.952650 0.214815
vt 0.028514 0.835514
vt 0.277875 0.802409
vt 0.794797 0.942724
vt 0.797593 0.948337
vt 0.789046 0.963603
vt 0.865491 0.222851
vt 0.863024 0.227438
vt 0.862253 0.222851
vt 0.975432 0.307882
vt 0.974472 0.297078
vt 0.982486 0.310213
vt 0.627243 0.774861
vt 0.629535 0.741808
vt 0.634525 0.793630
vt 0.634729 0.743148
vt 0.635493 0.708561
vt 0.808735 0.682102
vt 0.995687 0.634960
vt 0.993117 0.629293
vt 0.995687 0.625596
vt 0.981026 0.407359
vt 0.601676 0.967527
vt 0.601676 0.980654
vt 0.599021 0.968728
vt 0.367982 0.281366
vt 0.807514 0.318325
vt 0.217828 0.822603
vt 0.966714 0.160603
vt 0.816089 0.408129
vt 0.207113 0.026953
vt 0.000000 0.716535
vt 0.230768 0.203925
vt 0.204994 0.058704
vt 0.582666 0.143991
vt 0.576400 0.139466
vt 0.798296 0.932183
vt 0.632209 0.675775
vt 0.637788 0.663858
vt 0.170213 0.754007
vt 0.167774 0.763322
vt 0.164300 0.765927
vt 0.167926 0.789723
vt 0.163533 0.775962
vt 0.622035 0.827337
vt 0.163533 0.833530
vt 0.360553 0.794341
vt 0.370431 0.260337
vt 0.360945 0.263304
vt 0.365605 0.252077
vt 0.265827 0.960399
vt 0.713891 0.879492
vt 0.706430 0.872700
vt 0.217960 0.953705
vt 0.966690 0.364152
vt 0.960636 0.359613
vt 0.056957 0.962889
vt 0.032327 0.959436
vt 0.548929 0.264928
vt 0.537985 0.253639
vt 0.554848 0.252618
vt 0.731089 0.984251
vt 0.733854 0.962352
vt 0.010680 0.830540
vt 0.956462 0.799693
vt 0.239543 0.457114
vt 0.014188 0.517805
vt 0.218849 0.189172
vt 0.573096 0.095770
vt 0.214433 0.001141
vt 0.848897 0.989668
vt 0.852531 0.986335
vt 0.852531 0.995604
vt 0.477702 0.697649
vt 0.474003 0.721115
vt 0.474003 0.688028
vt 0.628322 0.723951
vt 0.785840 0.993141
vt 0.779653 0.989594
vt 0.778036 0.972737
vt 0.275121 0.571919
vt 0.282168 0.576737
vt 0.532246 0.778214
vt 0.705428 0.943730
vt 0.702702 0.935766
vt 0.705407 0.932110
vt 0.359478 0.225539
vt 0.873856 0.395284
vt 0.888028 0.389125
vt 0.967473 0.961136
vt 0.974850 0.979708
vt 0.969031 0.973346
vt 0.353683 0.283016
vt 0.977612 0.878734
vt 0.975556 0.885651
vt 0.976837 0.870948
vt 0.219188 0.816257
vt 0.463879 0.499976
vt 0.825469 0.188113
vt 0.817135 0.182177
vt 0.020807 0.480059
vt 0.999229 0.748777
vt 0.996043 0.752936
vt 0.996043 0.737726
vt 0.226972 0.242751
vt 0.565161 0.059958
vt 0.414831 0.846713
vt 0.171028 0.779646
vt 0.171026 0.790418
vt 0.170851 0.810393
vt 0.803627 0.994083
vt 0.800643 0.991342
vt 0.803627 0.986673
vt 0.120985 0.983655
vt 0.113455 0.991684
vt 0.113455 0.976997
vt 0.592187 0.978221
vt 0.564539 0.651726
vt 0.055413 0.252119
vt 0.797370 0.846851
vt 0.794996 0.831348
vt 0.808628 0.861938
vt 0.339501 0.471310
vt 0.931370 0.883287
vt 0.370757 0.085554
vt 0.369066 0.127323
vt 0.772664 0.858830
vt 0.789149 0.842263
vt 0.200689 0.829361
vt 0.479390 0.314484
vt 0.484521 0.267415
vt 0.491920 0.315011
vt 0.131793 0.965293
vt 0.492656 0.262968
vt 0.729641 0.928081
vt 0.722039 0.934735
vt 0.578245 0.967527
vt 0.948671 0.289426
vt 0.951465 0.359646
vt 0.944740 0.364444
vt 0.985774 0.274521
vt 0.028778 0.477291
vt 0.574009 0.092352
vt 0.626097 0.774505
vt 0.625971 0.765328
vt 0.631249 0.773008
vt 0.476493 0.739032
vt 0.895712 0.620471
vt 0.897187 0.649362
vt 0.894198 0.672980
vt 0.897187 0.673435
vt 0.643437 0.986304
vt 0.641883 0.995466
vt 0.633369 0.650156
vt 0.635593 0.666473
vt 0.785840 0.971755
vt 0.168732 0.827499
vt 0.601131 0.991531
vt 0.288375 0.545329
vt 0.506354 0.993772
vt 0.499688 0.990200
vt 0.506354 0.979456
vt 0.882196 0.671754
vt 0.955987 0.673568
vt 0.962902 0.648872
vt 0.969228 0.654283
vt 0.052293 0.193153
vt 0.482427 0.842308
vt 0.912007 0.782409
vt 0.999526 0.033447
vt 0.996560 0.036983
vt 0.996560 0.021187
vt 0.364870 0.044666
vt 0.364081 0.174898
vt 0.985927 0.869119
vt 0.705590 0.942283
vt 0.503162 0.253999
vt 0.539514 0.941151
vt 0.789046 0.995404
vt 0.791599 0.986673
vt 0.791599 0.997881
vt 0.235381 0.963046
vt 0.247603 0.813525
vt 0.232237 0.815597
vt 0.069487 0.914053
vt 0.217320 0.113586
vt 0.227645 0.303715
vt 0.245097 0.442773
vt 0.725111 0.087327
vt 0.715094 0.089090
vt 0.556645 0.697368
vt 0.559674 0.691702
vt 0.560507 0.697368
vt 0.414561 0.800347
vt 0.638626 0.619463
vt 0.634148 0.602074
vt 0.636800 0.602317
vt 0.623809 0.798538
vt 0.617016 0.770857
vt 0.808834 0.923735
vt 0.813890 0.938146
vt 0.637954 0.596249
vt 0.981220 0.373003
vt 0.976672 0.363336
vt 0.984373 0.370114
vt 0.493653 0.902429
vt 0.900720 0.925855
vt 0.890091 0.932121
vt 0.355249 0.114265
vt 0.351721 0.085659
vt 0.887997 0.407732
vt 0.492701 0.365149
vt 0.480314 0.370894
vt 0.210165 0.824551
vt 0.218296 0.982362
vt 0.235381 0.987382
vt 0.046053 0.841385
vt 0.930272 0.926237
vt 0.550413 0.244119
vt 0.556645 0.278911
vt 0.545057 0.265270
vt 0.260447 0.807150
vt 0.237895 0.384312
vt 0.994170 0.131504
vt 0.988577 0.131522
vt 0.237722 0.248367
vt 0.216083 0.211026
vt 0.996512 0.869107
vt 0.992847 0.866667
vt 0.996512 0.855044
vt 0.273249 0.574965
vt 0.271873 0.571692
vt 0.600111 0.819715
vt 0.494500 0.988498
vt 0.498980 0.975680
vt 0.498980 0.994532
vt 0.285632 0.846927
vt 0.934922 0.734894
vt 0.941858 0.795034
vt 0.886183 0.426136
vt 0.959091 0.550700
vt 0.247469 0.957974
vt 0.488573 0.377204
vt 0.957119 0.520465
vt 0.933557 0.506290
vt 0.498578 0.264273
vt 0.854969 0.215006
vt 0.841080 0.208891
vt 0.857379 0.210815
vt 0.059759 0.837281
vt 0.950884 0.444456
vt 0.834465 0.201044
vt 0.556069 0.312914
vt 0.540912 0.299216
vt 0.011652 0.612614
vt 0.710631 0.046875
vt 0.712522 0.051076
vt 0.561324 0.044927
vt 0.274421 0.584124
vt 0.281986 0.598184
vt 0.273769 0.588592
vt 0.357149 0.766883
vt 0.372774 0.773043
vt 0.985322 0.644791
vt 0.977730 0.658332
vt 0.972422 0.660573
vt 0.293828 0.823743
vt 0.299163 0.850008
vt 0.032149 0.330576
vt 0.039704 0.006029
vt 0.096650 0.809937
vt 0.096650 0.791409
vt 0.099295 0.796861
vt 0.347893 0.407185
vt 0.356774 0.236671
vt 0.349435 0.198468
vt 0.955760 0.547146
vt 0.494526 0.264659
vt 0.995842 0.062195
vt 0.998962 0.058443
vt 0.998962 0.069853
vt 0.997058 0.054858
vt 0.956551 0.444297
vt 0.399250 0.778621
vt 0.412604 0.790910
vt 0.944951 0.444327
vt 0.813965 0.227676
vt 0.084384 0.909953
vt 0.942483 0.655426
vt 0.931034 0.673960
vt 0.933022 0.652170
vt 0.553133 0.331102
vt 0.539338 0.334821
vt 0.222332 0.208289
vt 0.565142 0.168183
vt 0.579000 0.154675
vt 0.572455 0.197147
vt 0.418946 0.818652
vt 0.614936 0.730712
vt 0.623634 0.621857
vt 0.638951 0.639443
vt 0.801770 0.960143
vt 0.267125 0.980091
vt 0.274022 0.995314
vt 0.994943 0.601940
vt 0.991123 0.595362
vt 0.994943 0.592718
vt 0.705428 0.922993
vt 0.358821 0.000349
vt 0.239699 0.919470
vt 0.219408 0.923638
vt 0.795709 0.227717
vt 0.497902 0.335818
vt 0.944716 0.219837
vt 0.944716 0.227676
vt 0.940714 0.224930
vt 0.935000 0.514826
vt 0.216820 0.962169
vt 0.839590 0.214059
vt 0.900720 0.986203
vt 0.885755 0.961489
vt 0.898722 0.962158
vt 0.963325 0.443345
vt 0.536257 0.263458
vt 0.984525 0.287108
vt 0.729159 0.273387
vt 0.741325 0.309550
vt 0.733674 0.331768
vt 0.571196 0.138616
vt 0.720574 0.104581
vt 0.993799 0.854129
vt 0.677849 0.995756
vt 0.674947 0.997135
vt 0.195542 0.008800
vt 0.637986 0.854982
vt 0.627873 0.865890
vt 0.632423 0.849792
vt 0.957076 0.706663
vt 0.966390 0.676768
vt 0.964356 0.709291
vt 0.151850 0.973617
vt 0.142507 0.981102
vt 0.152336 0.965293
vt 0.056394 0.261849
vt 0.098270 0.775618
vt 0.926809 0.715877
vt 0.900469 0.938008
vt 0.899748 0.947740
vt 0.813965 0.416588
vt 0.805139 0.439426
vt 0.803866 0.384646
vt 0.788508 0.335989
vt 0.500629 0.229724
vt 0.501641 0.264172
vt 0.970934 0.445543
vt 0.961131 0.469093
vt 0.973340 0.465977
vt 0.883505 0.986203
vt 0.950861 0.469946
vt 0.967530 0.803290
vt 0.963102 0.794847
vt 0.943381 0.673074
vt 0.568689 0.042282
vt 0.615461 0.671080
vt 0.418620 0.846643
vt 0.275305 0.601322
vt 0.613824 0.701009
vt 0.562742 0.985705
vt 0.562742 0.998232
vt 0.558664 0.990675
vt 0.292010 0.792699
vt 0.289044 0.784217
vt 0.290400 0.771188
vt 0.420210 0.859680
vt 0.807111 0.882401
vt 0.813844 0.879099
vt 0.813597 0.892794
vt 0.956462 0.728305
vt 0.762013 0.967978
vt 0.767120 0.959315
vt 0.765739 0.977256
vt 0.790255 0.860929
vt 0.794072 0.365260
vt 0.813884 0.777009
vt 0.387677 0.997696
vt 0.387677 0.985012
vt 0.391723 0.985463
vt 0.512223 0.264918
vt 0.947910 0.665835
vt 0.999149 0.165331
vt 0.996117 0.174387
vt 0.987668 0.287873
vt 0.809654 0.822763
vt 0.813060 0.839488
vt 0.808628 0.833504
vt 0.420210 0.790910
vt 0.565600 0.066499
vt 0.599048 0.840402
vt 0.808579 0.894973
vt 0.296763 0.794677
vt 0.295363 0.754290
vt 0.492969 0.977352
vt 0.759615 0.961650
vt 0.361033 0.240597
vt 0.962350 0.958268
vt 0.782568 0.280965
vt 0.730281 0.940865
vt 0.728037 0.936469
vt 0.057472 0.842717
vt 0.195830 0.968756
vt 0.539571 0.244584
vt 0.251998 0.816331
vt 0.747391 0.265976
vt 0.994607 0.844747
vt 0.288326 0.743235
vt 0.862832 0.666414
vt 0.035570 0.087883
vt 0.096797 0.770630
vt 0.524607 0.730603
vt 0.543627 0.741396
vt 0.920879 0.678192
vt 0.936220 0.674181
vt 0.928110 0.683891
vt 0.351777 0.149210
vt 0.478156 0.436892
vt 0.499825 0.472680
vt 0.480175 0.472640
vt 0.266133 0.972670
vt 0.266133 0.992514
vt 0.258153 0.983552
vt 0.781084 0.228386
vt 0.998077 0.050836
vt 0.509297 0.280780
vt 0.506776 0.321680
vt 0.499930 0.250263
vt 0.530368 0.265511
vt 0.552810 0.203279
vt 0.297990 0.638238
vt 0.300393 0.634371
vt 0.298692 0.649953
vt 0.298211 0.632205
vt 0.298755 0.586063
vt 0.299656 0.602755
vt 0.297457 0.604809
vt 0.562004 0.168894
vt 0.571721 0.153909
vt 0.570477 0.164156
vt 0.172195 0.542610
vt 0.173064 0.529797
vt 0.173064 0.547036
vt 0.990171 0.385885
vt 0.984373 0.389583
vt 0.984373 0.353719
vt 0.995614 0.551339
vt 0.989612 0.561913
vt 0.989612 0.543131
vt 0.963225 0.738982
vt 0.945469 0.678940
vt 0.340525 0.340584
vt 0.347222 0.271861
vt 0.791709 0.443643
vt 0.772276 0.872938
vt 0.489542 0.415167
vt 0.975314 0.921762
vt 0.966984 0.921762
vt 0.971885 0.910270
vt 0.890333 0.999094
vt 0.890333 0.986203
vt 0.893530 0.995757
vt 0.454035 0.963590
vt 0.452121 0.952942
vt 0.475825 0.956989
vt 0.213918 0.258225
vt 0.012350 0.494067
vt 0.563395 0.197861
vt 0.558935 0.128562
vt 0.568828 0.121526
vt 0.556239 0.974736
vt 0.558618 0.961887
vt 0.297457 0.651275
vt 0.724005 0.136731
vt 0.725181 0.152259
vt 0.721559 0.134776
vt 0.192503 0.087297
vt 0.757205 0.962031
vt 0.757205 0.982332
vt 0.749069 0.971697
vt 0.749725 0.986965
vt 0.268866 0.995223
vt 0.957702 0.749137
vt 0.152336 0.990248
vt 0.843000 0.993272
vt 0.846216 0.986334
vt 0.846216 0.997588
vt 0.353679 0.013581
vt 0.946006 0.856681
vt 0.576608 0.770698
vt 0.578187 0.763434
vt 0.578187 0.774979
vt 0.347759 0.175427
vt 0.729674 0.890551
vt 0.532004 0.256018
vt 0.733971 0.227676
vt 0.752903 0.230710
vt 0.011991 0.479091
vt 0.273683 0.816202
vt 0.210440 0.244258
vt 0.721516 0.121810
vt 0.698382 0.113865
vt 0.568193 0.094663
vt 0.567297 0.107811
vt 0.567466 0.088670
vt 0.653850 0.226509
vt 0.654663 0.224159
vt 0.655666 0.226509
vt 0.567616 0.793798
vt 0.567960 0.818857
vt 0.563225 0.811072
vt 0.569968 0.078989
vt 0.558617 0.061844
vt 0.576669 0.723574
vt 0.578229 0.737512
vt 0.576669 0.738120
vt 0.813703 0.852706
vt 0.730974 0.942416
vt 0.726399 0.960001
vt 0.726934 0.942283
vt 0.292364 0.722860
vt 0.971582 0.674181
vt 0.969023 0.705686
vt 0.362305 0.800485
vt 0.357951 0.815748
vt 0.578209 0.678390
vt 0.578209 0.691157
vt 0.576061 0.683834
vt 0.931098 0.694734
vt 0.936329 0.892001
vt 0.949358 0.885920
vt 0.717122 0.891474
vt 0.705477 0.885618
vt 0.477765 0.928024
vt 0.475078 0.938096
vt 0.452121 0.928907
vt 0.950107 0.652170
vt 0.951445 0.667990
vt 0.517054 0.322693
vt 0.974181 0.601220
vt 0.969202 0.598086
vt 0.970309 0.586926
vt 0.461374 0.923448
vt 0.815716 0.192619
vt 0.064813 0.921096
vt 0.063496 0.909120
vt 0.747179 0.335384
vt 0.541444 0.416732
vt 0.555743 0.425911
vt 0.548927 0.440423
vt 0.555594 0.078558
vt 0.566821 0.061233
vt 0.711157 0.149588
vt 0.184511 0.024800
vt 0.549597 0.121316
vt 0.535946 0.063876
vt 0.643437 0.992063
vt 0.647102 0.986304
vt 0.647102 0.997510
vt 0.722756 0.963471
vt 0.286284 0.715509
vt 0.992302 0.721196
vt 0.992302 0.703214
vt 0.997356 0.708242
vt 0.949023 0.744638
vt 0.948525 0.815402
vt 0.788032 0.414727
vt 0.245876 0.970129
vt 0.779433 0.321943
vt 0.933475 0.961911
vt 0.944300 0.984873
vt 0.933257 0.984918
vt 0.530345 0.242262
vt 0.982486 0.295628
vt 0.974181 0.585985
vt 0.754775 0.304374
vt 0.029325 0.841185
vt 0.994565 0.141348
vt 0.556662 0.035628
vt 0.730155 0.183523
vt 0.736386 0.199632
vt 0.711011 0.203867
vt 0.195017 0.137221
vt 0.563225 0.836729
vt 0.827493 0.227645
vt 0.836762 0.218322
vt 0.838291 0.227645
vt 0.813890 0.962662
vt 0.978652 0.738985
vt 0.971582 0.729049
vt 0.973090 0.721531
vt 0.864092 0.671490
vt 0.340716 0.394307
vt 0.219305 0.831331
vt 0.501515 0.372895
vt 0.048443 0.987905
vt 0.048443 0.962889
vt 0.056854 0.966472
vt 0.454284 0.946082
vt 0.315688 0.992278
vt 0.316666 0.983427
vt 0.324240 0.992278
vt 0.373340 0.988808
vt 0.363430 0.985757
vt 0.226688 0.380323
vt 0.701761 0.047905
vt 0.337557 0.443379
vt 0.264521 0.972670
vt 0.962025 0.534975
vt 0.993547 0.921360
vt 0.985927 0.903299
vt 0.768171 0.257287
vt 0.823781 0.202649
vt 0.032327 0.962889
vt 0.036878 0.963501
vt 0.036004 0.969330
vt 0.039578 0.976129
vt 0.048443 0.973420
vt 0.256462 0.825637
vt 0.989385 0.150268
vt 0.197600 0.173060
vt 0.598317 0.747531
vt 0.610270 0.642896
vt 0.827691 0.215006
vt 0.592948 0.799316
vt 0.173234 0.547036
vt 0.173234 0.559440
vt 0.172195 0.548617
vt 0.813844 0.916431
vt 0.289857 0.694482
vt 0.989592 0.310046
vt 0.982486 0.300495
vt 0.989592 0.295628
vt 0.296763 0.688988
vt 0.027800 0.055556
vt 0.947159 0.698415
vt 0.757213 0.948472
vt 0.803293 0.468718
vt 0.794970 0.474121
vt 0.895512 0.961488
vt 0.490089 0.499801
vt 0.983773 0.546023
vt 0.987230 0.536693
vt 0.989612 0.561662
vt 0.960560 0.520465
vt 0.957118 0.510034
vt 0.966474 0.510034
vt 0.769568 0.310191
vt 0.235608 0.827192
vt 0.244624 0.822357
vt 0.215218 0.223061
vt 0.554020 0.003652
vt 0.607517 0.602299
vt 0.811553 0.918499
vt 0.381935 0.804791
vt 0.971582 0.753110
vt 0.365037 0.835634
vt 0.033401 0.141587
vt 0.517391 0.921194
vt 0.492596 0.907983
vt 0.351895 0.229614
vt 0.647111 0.986304
vt 0.650062 0.988244
vt 0.647111 0.997106
vt 0.737390 0.224366
vt 0.756080 0.207023
vt 0.756080 0.227577
vt 0.938545 0.076374
vt 0.943793 0.085969
vt 0.935405 0.085969
vt 0.769141 0.323058
vt 0.991585 0.689471
vt 0.995501 0.674181
vt 0.995501 0.691478
vt 0.769631 0.228482
vt 0.967138 0.814327
vt 0.557132 0.154930
vt 0.358636 0.839877
vt 0.289177 0.676639
vt 0.791272 0.826822
vt 0.767120 0.942515
vt 0.330659 0.455320
vt 0.957426 0.535012
vt 0.807111 0.905036
vt 0.799521 0.921755
vt 0.801041 0.896175
vt 0.950154 0.973968
vt 0.993963 0.700678
vt 0.950728 0.981530
vt 0.757213 0.933723
vt 0.731492 0.939363
vt 0.748308 0.927754
vt 0.032327 0.987332
vt 0.082695 0.922099
vt 0.173241 0.973414
vt 0.173241 0.995168
vt 0.167198 0.988418
vt 0.000000 0.526958
vt 0.001152 0.502743
vt 0.212346 0.306069
vt 0.552563 0.173707
vt 0.227708 0.442006
vt 0.691229 0.081939
vt 0.551048 0.136546
vt 0.291076 0.798025
vt 0.296902 0.794677
vt 0.296902 0.802175
vt 0.987645 0.738889
vt 0.987645 0.726548
vt 0.497280 0.929077
vt 0.346403 0.053072
vt 0.947483 0.908367
vt 0.204610 0.840949
vt 0.807111 0.923735
vt 0.785198 0.373104
vt 0.756080 0.226975
vt 0.756720 0.219443
vt 0.765387 0.225706
vt 0.233520 0.833947
vt 0.731089 0.928501
vt 0.086877 0.917258
vt 0.057004 0.929544
vt 0.996119 0.520465
vt 0.996119 0.543131
vt 0.989612 0.534012
vt 0.931674 0.969685
vt 0.925288 0.973233
vt 0.545696 0.050035
vt 0.918210 0.984728
vt 0.922899 0.996871
vt 0.918210 0.999120
vt 0.636032 0.882165
vt 0.013172 0.956319
vt 0.010514 0.966027
vt 0.000000 0.957808
vt 0.021652 0.007203
vt 0.731089 0.588963
vt 0.714129 0.582776
vt 0.727460 0.556266
vt 0.330659 0.309032
vt 0.993846 0.922287
vt 0.993846 0.945333
vt 0.986465 0.928408
vt 0.515475 0.442937
vt 0.998842 0.543701
vt 0.995836 0.553964
vt 0.995721 0.543131
vt 0.773150 0.207373
vt 0.755848 0.947928
vt 0.753792 0.391476
vt 0.759020 0.408104
vt 0.745763 0.417321
vt 0.630176 0.886571
vt 0.283220 0.690522
vt 0.983770 0.309079
vt 0.576647 0.777260
vt 0.578187 0.782575
vt 0.050005 0.469071
vt 0.035862 0.219666
vt 0.030937 0.285696
vt 0.541375 0.714261
vt 0.164212 0.685794
vt 0.155490 0.656442
vt 0.172032 0.635521
vt 0.664900 0.996270
vt 0.664900 0.986639
vt 0.668300 0.986783
vt 0.773936 0.378489
vt 0.998842 0.561731
vt 0.734770 0.962031
vt 0.731089 0.958018
vt 0.739834 0.961977
vt 0.512750 0.378164
vt 0.750637 0.959313
vt 0.548710 0.475496
vt 0.530516 0.436476
vt 0.002938 0.472688
vt 0.217858 0.258566
vt 0.221138 0.247044
vt 0.553503 0.206653
vt 0.548019 0.105376
vt 0.000000 0.986800
vt 0.008205 0.987153
vt 0.942201 0.075855
vt 0.931650 0.069471
vt 0.937811 0.042182
vt 0.985322 0.673839
vt 0.045390 0.429283
vt 0.562955 0.638049
vt 0.036716 0.264766
vt 0.523603 0.939088
vt 0.488292 0.941151
vt 0.196944 0.841118
vt 0.713904 0.303058
vt 0.718855 0.253857
vt 0.729159 0.301052
vt 0.344272 0.224793
vt 0.345702 0.000000
vt 0.505787 0.667342
vt 0.508542 0.677195
vt 0.499754 0.676100
vt 0.995614 0.559033
vt 0.533091 0.390961
vt 0.990388 0.880382
vt 0.985927 0.882733
vt 0.216395 0.333493
vt 0.183532 0.057684
vt 0.994263 0.412157
vt 0.998461 0.420139
vt 0.994263 0.430597
vt 0.017130 0.970605
vt 0.283466 0.676500
vt 0.394033 0.788257
vt 0.972422 0.635314
vt 0.808038 0.754611
vt 0.809846 0.718980
vt 0.813446 0.719467
vt 0.330783 0.367934
vt 0.967909 0.936122
vt 0.960833 0.941444
vt 0.963434 0.523089
vt 0.519497 0.673738
vt 0.995942 0.562859
vt 0.510219 0.695071
vt 0.245045 0.832596
vt 0.924466 0.990613
vt 0.600815 0.681016
vt 0.791272 0.879099
vt 0.993511 0.381764
vt 0.990171 0.392530
vt 0.508660 0.505017
vt 0.298457 0.976262
vt 0.315392 0.975720
vt 0.315688 0.987097
vt 0.777478 0.435318
vt 0.173275 0.781323
vt 0.171726 0.783736
vt 0.171726 0.778094
vt 0.988929 0.900334
vt 0.991395 0.899200
vt 0.537799 0.692231
vt 0.540654 0.696634
vt 0.528083 0.695630
vt 0.244768 0.840167
vt 0.539539 0.032306
vt 0.557321 0.174633
vt 0.560438 0.190504
vt 0.542936 0.173958
vt 0.995472 0.789062
vt 0.995472 0.815654
vt 0.991133 0.798432
vt 0.518594 0.978400
vt 0.526482 0.973513
vt 0.526482 0.992165
vt 0.956462 0.922287
vt 0.221700 0.843624
vt 0.967002 0.528596
vt 0.538950 0.674414
vt 0.744026 0.441540
vt 0.959949 0.818722
vt 0.740161 0.471592
vt 0.755752 0.454880
vt 0.742877 0.499161
vt 0.734335 0.493632
vt 0.206756 0.260959
vt 0.214829 0.275701
vt 0.201343 0.218297
vt 0.683127 0.050493
vt 0.690570 0.041164
vt 0.990519 0.213570
vt 0.994720 0.231932
vt 0.424409 0.919532
vt 0.425177 0.931825
vt 0.418274 0.931825
vt 0.980500 0.094573
vt 0.988499 0.086251
vt 0.989448 0.107122
vt 0.982311 0.751280
vt 0.965646 0.628659
vt 0.032291 0.186371
vt 0.725366 0.472234
vt 0.718462 0.483945
vt 0.727203 0.423273
vt 0.715763 0.337690
vt 0.493445 0.698270
vt 0.484364 0.684636
vt 0.496239 0.663306
vt 0.164761 0.614992
vt 0.500726 0.613979
vt 0.485591 0.612603
vt 0.483082 0.583952
vt 0.505690 0.566120
vt 0.488039 0.549022
vt 0.492756 0.522836
vt 0.779223 0.478845
vt 0.791345 0.900061
vt 0.507157 0.663547
vt 0.750546 0.494232
vt 0.263293 0.835622
vt 0.697813 0.193317
vt 0.550058 0.191017
vt 0.552067 0.156416
vt 0.929000 0.053543
vt 0.364725 0.859464
vt 0.042416 0.254117
vt 0.711768 0.499291
vt 0.729159 0.500232
vt 0.707970 0.448892
vt 0.717243 0.396584
vt 0.492883 0.645200
vt 0.989982 0.996685
vt 0.989982 0.986382
vt 0.993209 0.994232
vt 0.995457 0.390853
vt 0.505258 0.666336
vt 0.231559 0.841850
vt 0.508045 0.531137
vt 0.994899 0.900017
vt 0.991395 0.900017
vt 0.992842 0.890260
vt 0.519948 0.666119
vt 0.308932 0.962719
vt 0.789059 0.921317
vt 0.777302 0.920119
vt 0.768664 0.911180
vt 0.769500 0.902442
vt 0.767700 0.894357
vt 0.771298 0.891458
vt 0.223953 0.458190
vt 0.548127 0.609067
vt 0.556645 0.597966
vt 0.553484 0.659672
vt 0.115534 0.623468
vt 0.102202 0.652709
vt 0.106453 0.584363
vt 0.979565 0.105837
vt 0.552937 0.048242
vt 0.525481 0.040853
vt 0.355579 0.863019
vt 0.354479 0.876130
vt 0.040202 0.260933
vt 0.024425 0.122696
vt 0.155710 0.680724
vt 0.502263 0.652794
vt 0.224931 0.849939
vt 0.169346 0.573827
vt 0.152639 0.583684
vt 0.167601 0.544585
vt 0.974211 0.520464
vt 0.299235 0.961684
vt 0.766628 0.478856
vt 0.534432 0.489056
vt 0.847713 0.226492
vt 0.857228 0.218276
vt 0.544433 0.523271
vt 0.658915 0.248181
vt 0.657477 0.233069
vt 0.666274 0.227676
vt 0.104979 0.554747
vt 0.117065 0.577580
vt 0.102815 0.551208
vt 0.106261 0.542184
vt 0.587611 0.760286
vt 0.926703 0.035075
vt 0.935000 0.018907
vt 0.555280 0.698270
vt 0.785852 0.484814
vt 0.315380 0.965083
vt 0.315688 0.953332
vt 0.548352 0.550808
vt 0.537970 0.591777
vt 0.116552 0.530044
vt 0.592145 0.671932
vt 0.590659 0.620480
vt 0.727818 0.507735
vt 0.714780 0.525181
vt 0.738980 0.984251
vt 0.734094 0.993682
vt 0.708656 0.246358
vt 0.989612 0.520465
vt 0.524753 0.525069
vt 0.539085 0.666161
vt 0.107393 0.983570
vt 0.113455 0.976996
vt 0.113455 0.995300
vt 0.971178 0.825291
vt 0.220968 0.449307
vt 0.536575 0.004822
vt 0.025054 0.209240
vt 0.956462 0.680355
vt 0.151095 0.535023
vt 0.698128 0.239811
vt 0.709194 0.242622
vt 0.268389 0.964903
vt 0.269935 0.951248
vt 0.287240 0.972769
vt 0.774588 0.487489
vt 0.302751 0.951771
vt 0.980442 0.451902
vt 0.975773 0.458216
vt 0.888700 0.960868
vt 0.883088 0.960868
vt 0.883959 0.953859
vt 0.989274 0.797264
vt 0.985456 0.797218
vt 0.990314 0.789062
vt 0.539339 0.639782
vt 0.662417 0.293916
vt 0.654011 0.290991
vt 0.673521 0.041558
vt 0.683591 0.032706
vt 0.673290 0.081490
vt 0.730974 0.984463
vt 0.926360 0.015166
vt 0.930735 0.008578
vt 0.812389 0.690950
vt 0.540218 0.863684
vt 0.025906 0.255001
vt 0.796071 0.809030
vt 0.517191 0.588229
vt 0.142063 0.585534
vt 0.515568 0.647538
vt 0.528746 0.619107
vt 0.673077 0.233888
vt 0.106049 0.524807
vt 0.102495 0.536631
vt 0.099295 0.525705
vt 0.173343 0.008967
vt 0.583611 0.837809
vt 0.021578 0.263402
vt 0.023648 0.259639
vt 0.964933 0.611966
vt 0.549274 0.827552
vt 0.163094 0.495864
vt 0.169134 0.508480
vt 0.505622 0.697861
vt 0.515473 0.645762
vt 0.801476 0.895188
vt 0.800248 0.879995
vt 0.806676 0.890455
vt 0.791362 0.879099
vt 0.286600 0.948252
vt 0.526586 0.649268
vt 0.991133 0.813395
vt 0.984266 0.817892
vt 0.984266 0.803210
vt 0.980442 0.468148
vt 0.284259 0.938095
vt 0.273606 0.925042
vt 0.287240 0.925245
vt 0.995447 0.010295
vt 0.990476 0.008903
vt 0.992952 0.000000
vt 0.543892 0.666769
vt 0.111640 0.678740
vt 0.099295 0.707981
vt 0.110693 0.512883
vt 0.681461 0.139742
vt 0.583365 0.598649
vt 0.637986 0.908364
vt 0.524881 0.089062
vt 0.942201 0.000000
vt 0.988711 0.067252
vt 0.979565 0.076009
vt 0.208907 0.850008
vt 0.145659 0.728733
vt 0.965403 0.928560
vt 0.499931 0.661486
vt 0.511512 0.669462
vt 0.974850 0.923754
vt 0.267125 0.931457
vt 0.537269 0.658410
vt 0.177409 0.109613
vt 0.672112 0.127672
vt 0.579986 0.738435
vt 0.687271 0.171742
vt 0.032282 0.389563
vt 0.544669 0.912972
vt 0.764266 0.927754
vt 0.714215 0.511249
vt 0.506474 0.651144
vt 0.296963 0.786247
vt 0.300393 0.787078
vt 0.296973 0.800006
vt 0.990395 0.461246
vt 0.991328 0.452295
vt 0.994034 0.451498
vt 0.141295 0.631740
vt 0.131002 0.618737
vt 0.278778 0.943224
vt 0.300393 0.775707
vt 0.689963 0.248325
vt 0.692725 0.256929
vt 0.134189 0.571972
vt 0.995166 0.442725
vt 0.243545 0.845949
vt 0.126574 0.662959
vt 0.580653 0.842718
vt 0.723415 0.687096
vt 0.716267 0.709492
vt 0.714975 0.659705
vt 0.024132 0.159544
vt 0.716803 0.622923
vt 0.169824 0.732261
vt 0.097781 0.929223
vt 0.088704 0.922245
vt 0.099167 0.921408
vt 0.137226 0.707863
vt 0.141350 0.668840
vt 0.516788 0.652248
vt 0.990476 0.021028
vt 0.532230 0.688685
vt 0.216403 0.471319
vt 0.992323 0.859976
vt 0.984038 0.865310
vt 0.102422 0.726341
vt 0.119995 0.711849
vt 0.670488 0.271701
vt 0.664674 0.315095
vt 0.647397 0.336276
vt 0.673474 0.028432
vt 0.679617 0.015694
vt 0.668095 0.006815
vt 0.678409 0.017056
vt 0.583010 0.691386
vt 0.578245 0.781117
vt 0.519557 0.109498
vt 0.399250 0.789726
vt 0.648640 0.953331
vt 0.638951 0.962233
vt 0.638951 0.944664
vt 0.648294 0.964698
vt 0.659423 0.961753
vt 0.145446 0.493192
vt 0.512088 0.692349
vt 0.968461 0.922287
vt 0.525676 0.655630
vt 0.378922 0.988383
vt 0.383511 0.985012
vt 0.383511 0.996607
vt 0.128461 0.513381
vt 0.106019 0.507361
vt 0.102863 0.514544
vt 0.926359 0.085969
vt 0.932958 0.076338
vt 0.180358 0.148565
vt 0.534394 0.143523
vt 0.988378 0.120221
vt 0.024826 0.433990
vt 0.557054 0.619601
vt 0.565565 0.618811
vt 0.989306 0.081353
vt 0.792190 0.810077
vt 0.024450 0.978135
vt 0.019577 0.988283
vt 0.017130 0.975416
vt 0.991123 0.582584
vt 0.994711 0.581277
vt 0.995627 0.592719
vt 0.704153 0.390823
vt 0.159066 0.489037
vt 0.687591 0.492900
vt 0.516527 0.687502
vt 0.567886 0.870045
vt 0.567959 0.874849
vt 0.562468 0.869177
vt 0.562468 0.877884
vt 0.567127 0.881520
vt 0.523639 0.680717
vt 0.378970 0.996873
vt 0.678580 0.240896
vt 0.991013 0.869040
vt 0.659638 0.400728
vt 0.663225 0.441370
vt 0.646017 0.452166
vt 0.659331 0.480080
vt 0.638951 0.484889
vt 0.999434 0.380819
vt 0.995486 0.392663
vt 0.995486 0.375525
vt 0.549453 0.782394
vt 0.796511 0.797416
vt 0.158510 0.750071
vt 0.679472 0.500663
vt 0.664282 0.958281
vt 0.664878 0.953645
vt 0.251253 0.850008
vt 0.116481 0.750891
vt 0.118046 0.500104
vt 0.643927 0.501276
vt 0.979565 0.120540
vt 0.016141 0.266235
vt 0.704870 0.644830
vt 0.515684 0.979456
vt 0.510250 0.973779
vt 0.518594 0.962446
vt 0.018621 0.968551
vt 0.696926 0.307423
vt 0.651577 0.946889
vt 0.683240 0.288150
vt 0.102314 0.754007
vt 0.287240 0.948889
vt 0.297723 0.925042
vt 0.293181 0.944283
vt 0.537125 0.201831
vt 0.392940 0.771751
vt 0.394610 0.802663
vt 0.548044 0.855145
vt 0.980931 0.086251
vt 0.147195 0.752230
vt 0.697141 0.349239
vt 0.086877 0.912750
vt 0.028630 0.962543
vt 0.154824 0.484812
vt 0.995627 0.574085
vt 0.808628 0.777009
vt 0.664900 0.944523
vt 0.660752 0.361693
vt 0.638951 0.507209
vt 0.649685 0.519017
vt 0.650570 0.564405
vt 0.955987 0.602298
vt 0.557260 0.738612
vt 0.098483 0.904539
vt 0.690364 0.467152
vt 0.017130 0.960756
vt 0.019377 0.963948
vt 0.090452 0.904325
vt 0.653743 0.942711
vt 0.660105 0.933585
vt 0.695796 0.612843
vt 0.130147 0.989710
vt 0.133550 0.982046
vt 0.142507 0.989710
vt 0.693793 0.527890
vt 0.922740 0.155126
vt 0.938332 0.158518
vt 0.934690 0.168129
vt 0.993820 0.565497
vt 0.690115 0.400148
vt 0.680284 0.422304
vt 0.130964 0.752331
vt 0.652687 0.932402
vt 0.646322 0.927138
vt 0.654029 0.922993
vt 0.203200 0.997060
vt 0.199379 0.994900
vt 0.203200 0.985948
vt 0.127391 0.486306
vt 0.672418 0.406058
vt 0.656580 0.499915
vt 0.663101 0.000000
vt 0.653850 0.024715
vt 0.650187 0.607127
vt 0.641732 0.584967
vt 0.639107 0.724817
vt 0.638951 0.673327
vt 0.654420 0.704512
vt 0.708390 0.682510
vt 0.693935 0.720123
vt 0.740976 0.530593
vt 0.749825 0.550424
vt 0.735863 0.540075
vt 0.140531 0.978331
vt 0.687698 0.579268
vt 0.507384 0.968607
vt 0.147805 0.477693
vt 0.099167 0.896169
vt 0.681538 0.358783
vt 0.678759 0.467033
vt 0.526992 0.973513
vt 0.518594 0.971136
vt 0.530724 0.950737
vt 0.518703 0.957523
vt 0.518594 0.941151
vt 0.562221 0.779520
vt 0.890333 0.993070
vt 0.886911 0.991761
vt 0.026399 0.956319
vt 0.691153 0.685020
vt 0.999651 0.673956
vt 0.995437 0.667058
vt 0.999651 0.658826
vt 0.821832 0.991759
vt 0.813965 0.991759
vt 0.818505 0.976876
vt 0.821807 0.223090
vt 0.815716 0.215006
vt 0.827493 0.215006
vt 0.654173 0.055623
vt 0.658436 0.502268
vt 0.714970 0.755244
vt 0.750860 0.516718
vt 0.131117 0.971161
vt 0.702008 0.503143
vt 0.940265 0.141898
vt 0.504596 0.959727
vt 0.140994 0.472687
vt 0.099295 0.981199
vt 0.107393 0.976996
vt 0.103952 0.981104
vt 0.297723 0.975213
vt 0.816688 0.227530
vt 0.662697 0.519659
vt 0.648330 0.654169
vt 0.524304 0.185435
vt 0.740013 0.580129
vt 0.684806 0.645724
vt 0.929615 0.135616
vt 0.679799 0.526365
vt 0.888014 0.998256
vt 0.995166 0.453961
vt 0.999538 0.452753
vt 0.999538 0.468510
vt 0.670181 0.582935
vt 0.665123 0.639500
vt 0.987681 0.644791
vt 0.972422 0.622211
vt 0.729786 0.808664
vt 0.729786 0.834726
vt 0.718943 0.827613
vt 0.519350 0.144013
vt 0.557286 0.785838
vt 0.132318 0.965293
vt 0.499688 0.952021
vt 0.659270 0.502268
vt 0.173045 0.833530
vt 0.173045 0.852059
vt 0.163533 0.848534
vt 0.505526 0.051413
vt 0.020741 0.348473
vt 0.556146 0.897559
vt 0.576014 0.598677
vt 0.805219 0.544147
vt 0.794367 0.567710
vt 0.797800 0.531708
vt 0.662854 0.676558
vt 0.659179 0.089306
vt 0.520508 0.225396
vt 0.016407 0.299772
vt 0.940837 0.135616
vt 0.678488 0.504884
vt 0.107393 0.990719
vt 0.791806 0.527283
vt 0.782276 0.552188
vt 0.808038 0.586605
vt 0.806191 0.626262
vt 0.790104 0.632512
vt 0.678872 0.190012
vt 0.911289 0.137226
vt 0.808038 0.768605
vt 0.813854 0.760541
vt 0.808651 0.776558
vt 0.694082 0.209241
vt 0.696594 0.752634
vt 0.765955 0.502269
vt 0.767890 0.540247
vt 0.539514 0.951912
vt 0.744821 0.620527
vt 0.748164 0.657422
vt 0.737979 0.627258
vt 0.731089 0.669517
vt 0.769816 0.575803
vt 0.779132 0.518883
vt 0.674652 0.694090
vt 0.532253 0.941176
vt 0.022161 0.466508
vt 0.571469 0.596249
vt 0.767509 0.597083
vt 0.088009 0.974625
vt 0.088009 0.992473
vt 0.080214 0.983299
vt 0.020113 0.388052
vt 0.808038 0.682102
vt 0.559386 0.936085
vt 0.562221 0.850801
vt 0.808038 0.672002
vt 0.797555 0.659412
vt 0.740922 0.110551
vt 0.757440 0.150131
vt 0.749895 0.159055
vt 0.665885 0.168767
vt 0.672560 0.219067
vt 0.742802 0.691652
vt 0.737390 0.199459
vt 0.741805 0.195590
vt 0.760849 0.199042
vt 0.808692 0.150900
vt 0.815716 0.115180
vt 0.814686 0.156920
vt 0.491569 0.069260
vt 0.800834 0.149729
vt 0.507479 0.121058
vt 0.971178 0.753110
vt 0.980314 0.769748
vt 0.979157 0.775436
vt 0.752687 0.116025
vt 0.753980 0.192458
vt 0.670985 0.748616
vt 0.780597 0.195363
vt 0.763790 0.642645
vt 0.791352 0.598470
vt 0.652988 0.746874
vt 0.803721 0.115811
vt 0.990519 0.201422
vt 0.988410 0.217370
vt 0.982125 0.222306
vt 0.798086 0.698502
vt 0.812816 0.196525
vt 0.657017 0.202970
vt 0.506339 0.037996
vt 0.628895 0.994198
vt 0.628895 0.977239
vt 0.635045 0.989029
vt 0.775656 0.669613
vt 0.990519 0.236802
vt 0.798557 0.195901
vt 0.995634 0.307234
vt 0.990055 0.285169
vt 0.995634 0.281350
vt 0.737390 0.071110
vt 0.753926 0.075135
vt 0.751449 0.737527
vt 0.734757 0.738816
vt 0.785291 0.202388
vt 0.764022 0.204948
vt 0.788918 0.171736
vt 0.777493 0.160498
vt 0.789104 0.715316
vt 0.811033 0.091481
vt 0.780635 0.116393
vt 0.806376 0.200703
vt 0.789860 0.207023
vt 0.014263 0.464709
vt 0.005547 0.421873
vt 0.746674 0.768966
vt 0.735239 0.777009
vt 0.763998 0.709716
vt 0.795429 0.088069
vt 0.653850 0.224159
vt 0.486726 0.053779
vt 0.984266 0.782692
vt 0.807761 0.712124
vt 0.777158 0.085006
vt 0.000000 0.459337
vt 0.747121 0.037330
vt 0.812347 0.038501
vt 0.789675 0.743953
vt 0.806221 0.745106
vt 0.723752 0.794139
vt 0.728436 0.794988
vt 0.718943 0.808664
vt 0.770162 0.042139
vt 0.980545 0.798969
vt 0.766869 0.744944
vt 0.995437 0.668813
vt 0.992611 0.649147
vt 0.995437 0.635664
vt 0.799169 0.034795
vt 0.478156 0.036375
vt 0.812272 0.022675
vt 0.764089 0.019239
vt 0.747474 0.000000
vt 0.761477 0.766874
vt 0.983358 0.802517
vt 0.784329 0.762526
vt 0.802937 0.765816
vt 0.726484 0.776924
vt 0.806601 0.004808
vt 0.764149 0.003663
vt 0.730550 0.776464
vt 0.793015 0.012660
vt 0.788206 0.006864
vt 0.718943 0.755244
vt 0.783100 0.001686
vt 0.990744 0.232328
vt 0.995178 0.238187
vt 0.990744 0.256693
vt 0.987218 0.991946
vt 0.989982 0.997824
s 1
usemtl Material.001
f 1/1/1 2/2/2 3/3/3
f 2/2/2 4/4/4 5/5/5
f 1/1/1 4/4/4 2/2/2
f 5/6/5 6/7/6 2/8/2
f 3/3/3 7/9/7 1/1/1
f 4/4/4 8/10/8 5/5/5
f 2/11/2 9/12/9 3/13/3
f 3/13/3 9/12/9 10/14/10
f 3/13/3 10/14/10 7/15/7
f 11/16/11 6/7/6 5/6/5
f 2/8/2 6/7/6 9/17/9
f 7/9/7 12/18/12 1/1/1
f 13/19/13 8/10/8 4/4/4
f 14/20/14 9/12/9 6/21/6
f 4/4/4 15/22/15 13/19/13
f 4/4/4 1/1/1 15/22/15
f 14/20/14 16/23/16 9/12/9
f 1/1/1 12/18/12 15/22/15
f 7/9/7 17/24/17 12/18/12
f 16/23/16 10/14/10 9/12/9
f 8/10/8 18/25/18 5/5/5
f 12/18/12 19/26/19 15/22/15
f 7/27/7 20/28/20 17/29/17
f 21/30/21 14/20/14 6/21/6
f 17/24/17 22/31/22 12/18/12
f 8/32/8 23/33/23 18/34/18
f 8/10/8 13/19/13 23/35/23
f 6/21/6 11/36/11 24/37/24
f 24/37/24 21/30/21 6/21/6
f 20/38/20 7/39/7 10/40/10
f 21/30/21 25/41/25 14/20/14
f 15/22/15 26/42/26 13/19/13
f 26/42/26 15/22/15 27/43/27
f 12/18/12 22/31/22 28/44/28
f 12/18/12 28/44/28 19/26/19
f 20/38/20 10/40/10 29/45/29
f 20/46/20 30/47/30 17/48/17
f 31/49/31 25/50/25 21/51/21
f 15/22/15 32/52/32 27/43/27
f 15/22/15 19/26/19 32/52/32
f 17/48/17 30/47/30 33/53/33
f 34/54/34 25/41/25 31/55/31
f 25/41/25 34/54/34 35/56/35
f 25/41/25 35/56/35 14/20/14
f 14/20/14 35/56/35 16/23/16
f 36/57/36 31/55/31 21/30/21
f 34/54/34 37/58/37 35/56/35
f 17/48/17 33/53/33 22/59/22
f 5/60/5 18/34/18 38/61/38
f 5/6/5 38/62/38 11/16/11
f 24/63/24 11/64/11 39/65/39
f 13/19/13 26/42/26 40/66/40
f 41/67/41 35/56/35 37/58/37
f 35/56/35 41/67/41 42/68/42
f 43/69/43 21/30/21 24/37/24
f 43/70/43 36/71/36 21/72/21
f 36/57/36 44/73/44 31/55/31
f 45/74/45 34/54/34 31/55/31
f 45/74/45 46/75/46 34/54/34
f 47/76/47 48/77/48 49/78/49
f 16/79/16 50/80/50 10/40/10
f 10/40/10 50/80/50 29/45/29
f 43/81/43 24/63/24 51/82/51
f 47/83/47 49/84/49 52/85/52
f 49/78/49 48/77/48 53/86/53
f 16/79/16 54/87/54 50/80/50
f 23/35/23 13/19/13 40/66/40
f 45/74/45 31/55/31 44/73/44
f 40/66/40 26/42/26 55/88/55
f 26/42/26 27/43/27 55/88/55
f 49/84/49 56/89/56 52/85/52
f 49/84/49 53/90/53 56/89/56
f 19/26/19 28/44/28 32/52/32
f 57/91/57 47/83/47 52/85/52
f 30/47/30 58/92/58 33/53/33
f 33/53/33 58/92/58 22/59/22
f 39/65/39 51/82/51 24/63/24
f 29/45/29 59/93/59 20/38/20
f 60/94/60 39/65/39 11/64/11
f 61/95/61 62/96/62 63/97/63
f 40/66/40 55/88/55 64/98/64
f 63/97/63 62/96/62 65/99/65
f 47/100/47 66/101/66 48/102/48
f 65/99/65 67/103/67 68/104/68
f 22/59/22 69/105/69 28/106/28
f 39/65/39 70/107/70 51/82/51
f 44/73/44 36/57/36 71/108/71
f 72/109/72 73/110/73 47/111/47
f 47/112/47 73/113/73 66/114/66
f 55/88/55 27/43/27 74/115/74
f 68/104/68 67/103/67 75/116/75
f 37/117/37 76/118/76 41/119/41
f 35/56/35 54/120/54 16/23/16
f 77/121/77 78/122/78 61/95/61
f 61/95/61 63/97/63 77/121/77
f 45/123/45 37/124/37 34/125/34
f 79/126/79 80/127/80 81/128/81
f 62/96/62 67/103/67 65/99/65
f 53/86/53 48/77/48 82/129/82
f 27/43/27 32/52/32 83/130/83
f 41/131/41 84/132/84 42/133/42
f 22/134/22 58/135/58 69/136/69
f 72/137/72 47/83/47 57/91/57
f 52/85/52 56/89/56 85/138/85
f 86/139/86 80/127/80 79/126/79
f 64/98/64 55/88/55 87/140/87
f 87/140/87 55/88/55 88/141/88
f 74/115/74 88/141/88 55/88/55
f 89/142/89 90/143/90 56/89/56
f 83/130/83 74/115/74 27/43/27
f 54/120/54 35/56/35 42/68/42
f 91/144/91 42/133/42 84/132/84
f 30/47/30 92/145/92 58/92/58
f 20/46/20 93/146/93 30/47/30
f 73/147/73 94/148/94 66/101/66
f 56/89/56 90/143/90 85/138/85
f 95/149/95 88/141/88 74/115/74
f 53/90/53 89/142/89 56/89/56
f 53/90/53 82/150/82 89/142/89
f 42/133/42 91/144/91 54/87/54
f 59/151/59 93/152/93 20/153/20
f 96/154/96 23/35/23 40/66/40
f 79/155/79 81/156/81 97/157/97
f 98/158/98 99/159/99 100/160/100
f 87/140/87 88/141/88 86/161/86
f 100/160/100 99/159/99 101/162/101
f 84/132/84 102/163/102 91/144/91
f 93/146/93 92/145/92 30/47/30
f 38/61/38 18/34/18 103/164/103
f 38/62/38 60/165/60 11/16/11
f 78/122/78 71/166/71 104/167/104
f 78/122/78 104/167/104 61/95/61
f 105/168/105 40/66/40 64/98/64
f 44/169/44 106/170/106 45/123/45
f 79/171/79 107/172/107 86/173/86
f 108/174/108 109/175/109 98/158/98
f 110/176/110 111/177/111 112/178/112
f 101/162/101 99/159/99 110/176/110
f 62/96/62 113/179/113 67/103/67
f 48/77/48 114/180/114 82/129/82
f 96/154/96 40/66/40 105/168/105
f 71/181/71 78/182/78 115/183/115
f 87/140/87 105/168/105 64/98/64
f 116/184/116 98/158/98 100/160/100
f 87/140/87 86/161/86 107/185/107
f 112/178/112 117/186/117 101/162/101
f 97/187/97 81/128/81 118/188/118
f 119/189/119 120/190/120 62/96/62
f 118/188/118 109/175/109 108/174/108
f 121/191/121 63/192/63 65/193/65
f 113/179/113 62/96/62 120/190/120
f 121/191/121 65/193/65 68/194/68
f 101/162/101 110/176/110 112/178/112
f 122/195/122 118/188/118 81/128/81
f 99/159/99 98/158/98 123/196/123
f 99/159/99 124/197/124 110/176/110
f 125/198/125 68/194/68 75/199/75
f 126/200/126 81/128/81 80/127/80
f 102/201/102 76/202/76 37/203/37
f 127/204/127 82/129/82 114/180/114
f 102/163/102 41/131/41 76/205/76
f 102/163/102 84/132/84 41/131/41
f 23/33/23 96/206/96 128/207/128
f 129/208/129 51/82/51 70/107/70
f 106/170/106 44/169/44 71/209/71
f 130/210/130 45/123/45 106/170/106
f 100/160/100 101/162/101 131/211/131
f 119/189/119 62/96/62 61/95/61
f 108/174/108 98/158/98 116/184/116
f 118/188/118 108/174/108 132/212/132
f 77/213/77 63/214/63 133/215/133
f 134/216/134 135/217/135 136/218/136
f 135/219/135 138/220/137 139/221/138
f 139/221/138 136/222/136 135/219/135
f 138/220/137 140/223/139 141/224/140
f 135/219/135 142/225/141 138/220/137
f 135/217/135 134/216/134 142/226/141
f 66/101/66 143/227/142 48/102/48
f 144/228/143 145/229/144 37/124/37
f 142/225/141 146/230/145 138/220/137
f 48/102/48 143/227/142 147/231/146
f 148/232/147 146/230/145 142/225/141
f 118/188/118 122/195/122 109/175/109
f 109/175/109 123/196/123 98/158/98
f 110/176/110 149/233/148 111/177/111
f 124/197/124 149/233/148 110/176/110
f 123/196/123 150/234/149 99/159/99
f 86/235/86 151/236/150 80/237/80
f 81/128/81 126/200/126 152/238/151
f 99/159/99 150/234/149 124/197/124
f 58/92/58 92/145/92 69/105/69
f 23/33/23 128/207/128 18/34/18
f 36/239/36 153/240/152 71/241/71
f 71/242/71 115/243/115 106/244/106
f 78/245/78 154/246/153 155/247/154
f 78/122/78 77/121/77 154/248/153
f 100/160/100 131/211/131 116/184/116
f 139/221/138 138/220/137 141/224/140
f 156/249/155 157/250/156 94/148/94
f 119/189/119 158/251/157 120/190/120
f 141/224/140 140/223/139 159/252/158
f 137/253/159 134/254/134 135/255/160
f 94/148/94 157/250/156 66/101/66
f 159/252/158 140/223/139 160/256/161
f 157/250/156 143/227/142 66/101/66
f 142/257/141 161/258/162 148/259/147
f 85/138/85 90/143/90 145/260/144
f 120/190/120 162/261/163 113/179/113
f 146/262/145 148/259/147 161/258/162
f 163/263/164 164/264/165 138/220/137
f 138/220/137 146/230/145 163/263/164
f 140/223/139 138/220/137 164/264/165
f 122/195/122 123/196/123 109/175/109
f 165/265/166 140/223/139 164/264/165
f 114/266/114 48/102/48 147/231/146
f 81/128/81 152/238/151 122/195/122
f 67/103/67 113/179/113 166/267/167
f 86/161/86 88/141/88 151/268/150
f 151/269/150 126/200/126 80/127/80
f 67/103/67 167/270/168 75/116/75
f 83/130/83 95/149/95 74/115/74
f 168/271/169 32/272/32 28/106/28
f 105/168/105 87/140/87 107/185/107
f 169/273/170 101/162/101 117/186/117
f 118/188/118 132/212/132 97/187/97
f 134/274/134 136/275/136 170/276/171
f 158/251/157 171/277/172 120/190/120
f 172/278/173 159/279/158 160/280/161
f 172/281/173 160/256/161 171/277/172
f 134/216/134 161/282/162 142/226/141
f 160/256/161 173/283/174 171/277/172
f 171/277/172 174/284/175 120/190/120
f 173/283/174 160/256/161 140/223/139
f 140/223/139 165/265/166 175/285/176
f 68/194/68 125/198/125 176/286/177
f 177/287/178 146/262/145 161/258/162
f 177/287/178 178/288/179 146/262/145
f 146/230/145 178/289/179 163/263/164
f 167/270/168 179/290/180 75/116/75
f 36/71/36 43/70/43 129/291/129
f 78/245/78 155/247/154 115/292/115
f 131/211/131 101/162/101 169/273/170
f 132/212/132 108/174/108 116/184/116
f 136/222/136 139/221/138 180/293/181
f 139/221/138 141/224/140 181/294/182
f 45/123/45 144/228/143 37/124/37
f 182/295/183 171/277/172 158/251/157
f 182/295/183 172/281/173 171/277/172
f 112/296/112 111/297/111 183/298/184
f 184/299/185 185/300/186 186/301/187
f 187/302/188 188/303/189 189/304/190
f 185/300/186 190/305/191 186/301/187
f 188/303/189 191/306/192 189/304/190
f 192/307/193 161/308/162 134/274/134
f 183/298/184 111/297/111 193/309/194
f 190/305/191 194/310/195 186/301/187
f 171/277/172 173/283/174 174/284/175
f 173/283/174 195/311/196 174/284/175
f 140/223/139 175/285/176 173/283/174
f 120/190/120 174/284/175 162/261/163
f 67/103/67 166/267/167 196/312/197
f 88/141/88 95/149/95 151/268/150
f 128/207/128 103/164/103 18/34/18
f 105/168/105 197/313/198 96/154/96
f 198/314/199 73/110/73 72/109/72
f 169/273/170 117/186/117 199/315/200
f 117/316/117 112/296/112 183/298/184
f 192/307/193 134/274/134 170/276/171
f 200/317/201 185/300/186 184/299/185
f 185/318/186 201/319/202 190/320/191
f 156/249/155 202/321/203 157/250/156
f 85/138/85 145/260/144 144/322/143
f 192/307/193 183/323/184 193/324/194
f 191/306/192 188/303/189 203/325/204
f 192/307/193 193/324/194 161/308/162
f 178/326/179 177/327/178 163/328/164
f 37/124/37 145/229/144 102/329/102
f 67/103/67 196/312/197 167/270/168
f 29/45/29 50/80/50 204/330/205
f 69/105/69 205/331/206 28/106/28
f 51/82/51 129/208/129 43/81/43
f 115/332/115 130/333/130 106/334/106
f 79/126/79 206/335/207 107/336/107
f 132/212/132 116/184/116 207/337/208
f 208/338/209 181/294/182 141/224/140
f 73/339/73 209/340/210 94/341/94
f 158/251/157 119/189/119 210/342/211
f 180/343/181 211/344/212 136/345/136
f 159/279/158 212/346/213 208/347/209
f 141/224/140 159/252/158 208/338/209
f 52/85/52 213/348/214 57/91/57
f 52/85/52 85/138/85 144/322/143
f 159/279/158 172/278/173 212/346/213
f 214/349/215 192/307/193 170/276/171
f 184/299/185 215/350/216 200/317/201
f 214/349/215 183/323/184 192/307/193
f 186/301/187 194/310/195 216/351/217
f 173/283/174 175/285/176 195/311/196
f 162/261/163 166/267/167 113/179/113
f 163/352/164 217/353/218 218/354/219
f 163/355/164 177/356/178 217/357/218
f 36/71/36 129/291/129 153/358/152
f 107/185/107 197/313/198 105/168/105
f 79/126/79 97/187/97 219/359/220
f 154/248/153 77/121/77 133/360/133
f 212/361/213 172/281/173 182/295/183
f 156/249/155 220/362/221 202/321/203
f 214/349/215 221/363/222 183/323/184
f 117/316/117 183/298/184 221/364/222
f 185/318/186 222/365/223 201/319/202
f 223/366/224 187/302/188 189/304/190
f 223/367/224 189/368/190 224/369/225
f 121/191/121 133/370/133 63/192/63
f 201/319/202 225/371/226 190/320/191
f 147/372/146 143/373/142 226/374/227
f 195/311/196 227/375/228 174/284/175
f 89/142/89 228/376/229 90/143/90
f 164/264/165 163/263/164 218/377/219
f 229/378/230 89/379/89 82/380/82
f 150/234/149 123/196/123 230/381/231
f 230/381/231 231/382/232 150/234/149
f 59/93/59 29/45/29 204/330/205
f 206/383/207 232/384/233 107/385/107
f 208/386/209 212/387/213 233/388/234
f 158/251/157 210/342/211 182/295/183
f 52/85/52 144/322/143 213/348/214
f 45/123/45 213/389/214 144/228/143
f 211/390/212 170/276/171 136/275/136
f 94/341/94 209/340/210 156/391/155
f 201/392/202 234/393/235 225/394/226
f 157/395/156 202/396/203 235/397/236
f 189/368/190 191/398/192 235/399/236
f 157/395/156 235/397/236 143/373/142
f 190/320/191 225/371/226 236/400/237
f 237/401/238 145/260/144 90/143/90
f 238/402/239 239/403/240 194/310/195
f 190/305/191 238/402/239 194/310/195
f 175/285/176 240/404/241 195/311/196
f 91/144/91 102/163/102 237/405/238
f 151/406/150 241/407/242 126/408/126
f 150/234/149 231/382/232 124/197/124
f 83/409/83 242/410/243 95/411/95
f 243/412/244 152/238/151 126/200/126
f 244/413/245 243/412/244 126/200/126
f 93/146/93 245/414/246 92/145/92
f 116/184/116 246/415/247 207/337/208
f 130/416/130 115/292/115 155/247/154
f 104/167/104 247/417/248 61/95/61
f 247/417/248 119/189/119 61/95/61
f 198/418/199 209/340/210 73/339/73
f 119/189/119 247/417/248 210/342/211
f 117/316/117 221/364/222 199/419/200
f 248/420/249 185/300/186 200/317/201
f 222/365/223 249/421/250 234/422/235
f 222/365/223 234/422/235 201/319/202
f 133/360/133 121/423/121 250/424/251
f 202/396/203 251/425/252 235/397/236
f 191/398/192 226/426/227 235/399/236
f 226/374/227 143/373/142 235/397/236
f 184/299/185 186/301/187 216/351/217
f 68/194/68 176/286/177 121/191/121
f 203/325/204 188/303/189 252/427/253
f 90/143/90 228/376/229 237/401/238
f 114/180/114 253/428/254 127/204/127
f 175/285/176 165/265/166 254/429/255
f 151/268/150 95/149/95 255/430/256
f 126/431/126 241/432/242 244/433/245
f 179/434/180 256/435/257 257/436/258
f 103/164/103 258/437/259 38/61/38
f 107/185/107 232/438/233 197/313/198
f 206/335/207 79/126/79 219/359/220
f 131/211/131 246/415/247 116/184/116
f 97/187/97 132/212/132 219/359/220
f 259/439/260 260/440/261 261/441/262
f 262/442/263 212/361/213 182/295/183
f 170/276/171 211/390/212 214/349/215
f 215/350/216 184/299/185 263/443/264
f 250/424/251 264/444/265 133/360/133
f 224/369/225 189/368/190 251/445/252
f 189/368/190 235/399/236 251/445/252
f 263/443/264 184/299/185 265/446/266
f 187/447/188 266/448/267 188/449/189
f 216/351/217 265/446/266 184/299/185
f 191/398/192 203/450/204 226/426/227
f 193/324/194 177/451/178 161/308/162
f 102/329/102 145/229/144 237/452/238
f 175/285/176 254/429/255 240/404/241
f 218/453/219 194/454/195 239/455/268
f 217/456/218 194/457/195 218/458/219
f 123/196/123 122/195/122 267/459/269
f 151/268/150 255/430/256 268/460/270
f 111/177/111 149/233/148 269/461/271
f 83/409/83 32/272/32 242/410/243
f 153/240/152 270/462/272 71/241/71
f 180/293/181 139/221/138 181/294/182
f 261/463/262 271/464/273 259/465/260
f 233/466/274 259/467/275 262/468/276
f 233/469/234 262/470/277 208/471/209
f 272/472/278 209/340/210 198/418/199
f 261/473/262 260/474/261 271/475/273
f 233/476/234 212/477/213 262/478/263
f 273/479/279 249/421/250 222/365/223
f 274/480/280 275/481/281 276/482/282
f 154/248/153 133/360/133 264/444/265
f 274/483/283 277/484/284 278/485/285
f 265/446/266 279/486/286 263/443/264
f 225/371/226 280/487/287 236/400/237
f 266/448/267 281/488/288 188/449/189
f 250/424/251 121/423/121 176/489/177
f 250/424/251 176/489/177 282/490/289
f 283/491/290 114/266/114 147/231/146
f 190/320/191 236/400/237 238/492/239
f 162/261/163 174/284/175 227/375/228
f 127/493/127 229/378/230 82/380/82
f 123/196/123 267/459/269 230/381/231
f 111/297/111 269/494/271 193/309/194
f 151/268/150 268/460/270 241/495/242
f 54/87/54 91/144/91 284/496/291
f 54/87/54 284/496/291 50/80/50
f 32/272/32 168/271/169 242/410/243
f 28/106/28 205/331/206 168/271/169
f 60/94/60 70/107/70 39/65/39
f 153/240/152 129/208/129 285/497/292
f 286/498/293 219/499/220 132/500/132
f 262/501/277 259/502/260 208/503/209
f 262/504/263 260/505/261 259/506/260
f 213/507/214 287/508/294 57/509/57
f 288/510/295 262/442/263 182/295/183
f 209/511/210 289/512/296 156/249/155
f 156/249/155 289/512/296 220/362/221
f 276/513/297 273/479/279 277/484/284
f 274/514/283 276/515/297 277/516/284
f 276/517/297 278/518/285 290/519/298
f 278/520/285 276/521/297 274/522/283
f 225/371/226 234/422/235 280/487/287
f 280/523/287 291/524/299 236/525/237
f 177/451/178 292/526/300 217/527/218
f 75/199/75 179/528/180 125/198/125
f 165/265/166 164/264/165 293/529/301
f 256/530/257 294/531/302 257/532/258
f 295/533/303 104/534/104 71/241/71
f 296/535/304 246/415/247 131/211/131
f 169/273/170 296/535/304 131/211/131
f 296/536/304 169/537/170 199/538/200
f 297/539/305 72/540/72 57/509/57
f 181/294/182 208/338/209 259/541/260
f 298/542/306 210/543/211 247/544/248
f 271/475/273 260/474/261 299/545/307
f 300/546/308 211/344/212 180/343/181
f 182/295/183 210/342/211 288/510/295
f 300/547/308 214/548/215 211/549/212
f 301/550/309 200/317/201 215/350/216
f 273/479/279 222/365/223 302/551/310
f 303/552/311 304/553/312 221/363/222
f 304/554/312 199/419/200 221/364/222
f 185/318/186 248/555/249 302/551/310
f 185/318/186 302/551/310 222/365/223
f 154/248/153 264/444/265 155/556/154
f 220/557/221 251/425/252 202/396/203
f 305/558/313 234/422/235 249/421/250
f 290/519/298 278/518/285 306/559/314
f 307/560/315 203/561/204 252/562/253
f 293/529/301 254/429/255 165/265/166
f 257/563/258 308/564/316 179/565/180
f 294/566/302 256/567/257 179/565/180
f 38/62/38 258/568/259 60/165/60
f 309/569/317 232/570/233 206/571/207
f 248/420/249 200/317/201 301/550/309
f 289/572/296 209/340/210 310/573/318
f 273/479/279 302/551/310 277/484/284
f 306/574/314 278/485/285 277/484/284
f 306/574/314 311/575/319 290/576/298
f 264/577/265 250/578/251 312/579/320
f 313/580/321 252/427/253 188/303/189
f 226/581/227 314/582/322 147/583/146
f 125/198/125 179/528/180 308/584/316
f 236/400/237 315/585/323 238/492/239
f 195/311/196 240/404/241 316/586/324
f 164/264/165 218/377/219 293/529/301
f 237/405/238 284/496/291 91/144/91
f 196/587/197 317/588/325 167/589/168
f 231/382/232 149/233/148 124/197/124
f 258/568/259 318/590/326 60/165/60
f 96/206/96 319/591/327 128/207/128
f 72/540/72 297/539/305 198/592/199
f 271/593/273 320/594/328 259/595/260
f 259/596/260 320/597/328 181/598/182
f 214/349/215 300/599/308 303/552/311
f 321/600/329 289/601/296 322/602/330
f 301/550/309 215/350/216 263/443/264
f 214/349/215 303/552/311 221/363/222
f 323/603/331 306/574/314 277/484/284
f 289/604/296 251/605/252 220/606/221
f 279/486/286 324/607/332 263/443/264
f 266/448/267 187/447/188 325/608/333
f 305/558/313 280/487/287 234/422/235
f 266/448/267 326/609/334 281/488/288
f 239/610/240 238/611/239 327/612/335
f 177/451/178 193/324/194 292/526/300
f 152/238/151 328/613/336 122/195/122
f 122/195/122 328/613/336 267/459/269
f 294/531/302 329/614/337 257/532/258
f 152/615/151 243/616/244 328/617/336
f 95/149/95 242/618/243 255/430/256
f 103/164/103 330/619/338 258/437/259
f 270/462/272 295/533/303 71/241/71
f 297/539/305 331/620/339 198/592/199
f 104/534/104 295/533/303 247/544/248
f 320/597/328 332/621/340 181/598/182
f 180/622/181 333/623/341 334/624/342
f 45/123/45 130/210/130 213/389/214
f 130/625/130 155/626/154 335/627/343
f 336/628/344 155/556/154 264/444/265
f 273/629/279 276/630/297 337/631/345
f 290/632/298 311/517/319 337/631/345
f 324/633/332 279/634/286 338/635/346
f 339/636/347 340/637/348 280/487/287
f 341/638/349 342/639/350 343/640/351
f 342/639/352 344/641/353 343/640/354
f 279/634/286 265/642/266 345/643/355
f 176/489/177 125/644/125 282/490/289
f 194/310/195 346/645/356 216/351/217
f 218/377/219 347/646/357 293/529/301
f 179/565/180 167/589/168 294/566/302
f 231/647/232 348/648/358 149/649/148
f 153/240/152 285/497/292 270/462/272
f 96/206/96 197/650/198 319/591/327
f 197/650/198 232/570/233 349/651/359
f 286/652/293 132/212/132 207/337/208
f 198/592/199 331/620/339 350/653/360
f 181/598/182 333/623/341 180/622/181
f 299/545/307 260/474/261 262/654/263
f 334/655/342 300/546/308 180/343/181
f 322/602/330 351/656/361 321/600/329
f 276/630/297 290/632/298 337/631/345
f 289/657/296 352/658/362 251/659/252
f 305/558/313 339/636/347 280/487/287
f 353/660/363 281/661/288 354/662/364
f 343/663/354 344/664/353 355/665/365
f 147/231/146 314/666/322 283/491/290
f 216/351/217 346/645/356 265/446/266
f 217/527/218 239/667/268 194/668/195
f 356/669/366 308/670/316 357/671/367
f 217/527/218 358/672/368 239/667/268
f 162/261/163 359/673/369 166/267/167
f 360/674/370 361/675/371 257/676/258
f 218/453/219 239/455/268 362/677/372
f 167/589/168 363/678/373 294/566/302
f 219/679/220 286/680/293 206/681/207
f 334/655/342 364/682/374 365/683/375
f 320/684/328 271/685/273 299/686/307
f 199/538/200 366/687/376 296/536/304
f 351/656/361 322/602/330 367/688/377
f 263/443/264 368/689/378 301/550/309
f 336/628/344 335/690/343 155/556/154
f 249/691/250 273/692/279 369/693/379
f 369/694/379 305/695/313 249/696/250
f 279/634/286 370/697/380 338/635/346
f 266/448/267 325/608/333 354/698/364
f 266/448/267 354/698/364 326/609/334
f 339/699/347 343/700/354 340/701/348
f 343/700/354 371/702/381 340/701/348
f 313/703/321 281/661/288 353/660/363
f 281/704/288 313/705/321 188/706/189
f 265/642/266 372/707/382 345/643/355
f 162/261/163 227/375/228 359/673/369
f 217/527/218 292/526/300 358/672/368
f 292/526/300 193/324/194 373/708/383
f 362/677/372 239/455/268 358/709/368
f 218/377/219 362/710/372 347/646/357
f 269/711/271 149/649/148 374/712/384
f 248/713/249 365/714/375 375/715/385
f 301/716/309 365/714/375 248/713/249
f 248/717/249 375/718/385 302/719/310
f 277/484/284 302/551/310 323/603/331
f 187/302/188 223/366/224 376/720/386
f 325/721/333 187/722/188 376/723/386
f 279/634/286 345/643/355 370/697/380
f 281/661/288 326/724/334 354/662/364
f 250/578/251 282/725/289 312/579/320
f 280/487/287 340/637/348 291/726/299
f 226/581/227 307/560/315 314/582/322
f 314/727/322 307/728/315 283/729/290
f 282/490/289 377/730/387 312/731/320
f 125/644/125 377/730/387 282/490/289
f 229/378/230 228/732/229 89/379/89
f 227/375/228 195/311/196 316/586/324
f 257/563/258 378/733/388 308/564/316
f 362/734/372 379/735/389 347/736/357
f 204/330/205 380/737/390 59/93/59
f 50/80/50 284/496/291 204/330/205
f 206/681/207 286/680/293 309/738/317
f 181/598/182 332/621/340 333/623/341
f 320/739/328 299/740/307 381/741/391
f 365/683/375 300/546/308 334/655/342
f 210/543/211 298/542/306 382/742/392
f 210/543/211 382/742/392 288/743/295
f 301/550/309 383/744/393 300/745/308
f 130/746/130 287/747/294 213/748/214
f 367/688/377 384/749/394 351/656/361
f 351/750/361 385/751/395 321/752/329
f 368/689/378 383/744/393 301/550/309
f 303/753/311 386/754/396 304/755/312
f 321/600/329 387/756/397 289/601/296
f 251/445/252 352/757/362 224/369/225
f 376/723/386 388/758/398 325/721/333
f 341/759/349 389/760/399 342/761/350
f 344/664/353 390/762/400 355/665/365
f 291/763/299 340/764/348 391/765/401
f 344/766/353 392/767/402 390/768/400
f 291/524/299 393/769/403 236/525/237
f 125/198/125 308/584/316 356/770/366
f 327/612/335 394/771/404 239/610/240
f 166/772/167 395/773/405 196/587/197
f 269/494/271 373/774/383 193/309/194
f 269/494/271 374/775/384 373/774/383
f 167/589/168 396/776/406 363/678/373
f 334/624/342 397/777/407 364/778/374
f 247/544/248 398/779/408 298/542/306
f 350/780/360 272/781/278 198/782/199
f 366/783/376 199/419/200 304/554/312
f 384/749/394 399/784/409 351/656/361
f 383/785/393 303/753/311 300/786/308
f 130/787/130 335/788/343 287/789/294
f 288/743/295 299/790/307 262/791/263
f 300/739/308 365/792/375 301/793/309
f 367/794/377 322/795/330 400/796/410
f 289/797/296 400/796/410 322/795/330
f 321/798/329 401/799/411 387/800/397
f 263/443/264 402/801/412 368/689/378
f 402/801/412 263/443/264 324/607/332
f 387/802/397 352/803/362 289/804/296
f 223/366/224 403/805/413 376/720/386
f 354/806/364 404/807/414 353/808/363
f 325/721/333 388/758/398 354/809/364
f 370/810/380 345/811/355 405/812/415
f 355/813/365 342/814/352 343/815/354
f 344/816/353 406/817/416 392/818/402
f 265/642/266 346/819/356 372/707/382
f 315/585/323 327/820/335 238/492/239
f 359/821/369 395/773/405 166/772/167
f 362/734/372 358/822/368 379/735/389
f 407/823/417 267/824/269 328/825/336
f 309/569/317 408/826/418 232/570/233
f 334/624/342 333/623/341 397/777/407
f 365/683/375 364/682/374 409/827/419
f 383/785/393 368/828/378 303/753/311
f 410/829/420 310/573/318 209/340/210
f 306/574/314 323/603/331 411/830/421
f 337/831/345 369/832/379 273/833/279
f 306/574/314 411/830/421 311/575/319
f 264/577/265 312/579/320 336/834/344
f 388/835/398 404/836/414 354/837/364
f 341/838/349 343/839/351 389/840/399
f 412/841/422 343/700/354 339/699/347
f 412/842/422 413/843/423 343/844/354
f 343/815/351 342/814/350 389/845/399
f 343/844/354 413/843/423 371/846/381
f 413/843/423 414/847/424 371/846/381
f 342/639/352 406/848/416 344/641/353
f 415/849/425 416/850/426 417/851/427
f 342/814/352 355/813/365 406/852/416
f 371/702/381 418/853/428 340/701/348
f 390/762/400 418/854/428 355/665/365
f 345/855/355 372/856/382 419/857/429
f 418/853/428 390/858/400 340/701/348
f 392/859/402 420/860/430 390/861/400
f 421/862/431 392/818/402 406/817/416
f 307/560/315 226/581/227 203/561/204
f 307/863/315 416/864/426 283/865/290
f 356/866/366 422/867/432 125/868/125
f 423/869/433 194/310/195 239/403/240
f 361/870/371 378/733/388 257/563/258
f 329/871/337 360/674/370 257/676/258
f 317/588/325 196/587/197 424/872/434
f 329/873/337 294/566/302 363/678/373
f 396/874/406 360/875/370 363/876/373
f 230/877/231 425/878/435 231/647/232
f 296/536/304 426/879/436 246/880/247
f 299/740/307 427/881/437 381/741/391
f 223/882/224 224/883/225 403/884/413
f 335/885/343 336/834/344 428/886/438
f 405/887/415 345/888/355 419/889/429
f 421/890/431 406/852/416 355/813/365
f 391/891/401 393/769/403 291/524/299
f 315/585/323 236/400/237 393/892/403
f 423/893/433 346/894/356 194/859/195
f 284/496/291 237/405/238 228/895/229
f 363/876/373 360/875/370 329/896/337
f 360/674/370 429/897/439 361/675/371
f 407/823/417 230/877/231 267/824/269
f 242/410/243 430/898/440 255/899/256
f 319/591/327 197/650/198 349/651/359
f 431/900/441 286/901/293 207/902/208
f 368/828/378 386/754/396 303/753/311
f 321/752/329 385/751/395 401/903/411
f 305/558/313 369/904/379 432/905/442
f 432/905/442 339/636/347 305/558/313
f 336/834/344 312/579/320 428/886/438
f 433/906/443 434/907/444 435/908/445
f 434/907/444 433/906/443 389/909/446
f 413/910/423 436/911/447 414/912/424
f 437/913/448 313/580/321 353/914/363
f 438/915/449 405/916/415 439/917/450
f 125/918/125 422/919/432 377/920/387
f 292/921/300 440/922/451 358/822/368
f 308/564/316 441/923/452 442/924/453
f 396/776/406 429/925/439 360/926/370
f 242/410/243 168/271/169 430/898/440
f 246/880/247 443/927/454 207/902/208
f 295/533/303 398/779/408 247/544/248
f 384/928/394 367/794/377 400/796/410
f 289/797/296 310/929/318 400/796/410
f 287/789/294 428/930/438 401/931/411
f 287/789/294 335/788/343 428/930/438
f 369/832/379 337/831/345 444/932/455
f 435/908/445 445/933/456 433/906/443
f 432/934/442 412/841/422 339/699/347
f 387/802/397 446/935/457 447/936/458
f 370/937/380 405/916/415 438/915/449
f 415/938/425 446/939/457 416/940/426
f 448/941/459 449/942/460 436/911/447
f 419/889/429 439/943/450 405/887/415
f 313/580/321 437/913/448 252/427/253
f 355/813/365 418/944/428 421/890/431
f 391/945/401 340/946/348 390/947/400
f 377/920/387 422/919/432 450/948/461
f 239/610/240 394/771/404 423/949/433
f 308/564/316 451/950/462 357/951/367
f 452/952/463 230/877/231 407/823/417
f 379/735/389 453/953/464 347/736/357
f 60/94/60 454/954/465 70/107/70
f 454/954/465 455/955/466 70/107/70
f 70/107/70 455/955/466 129/208/129
f 364/682/374 397/956/407 409/827/419
f 57/509/57 287/508/294 297/539/305
f 368/828/378 402/957/412 386/754/396
f 352/958/362 456/959/467 224/883/225
f 444/932/455 337/831/345 311/960/319
f 352/803/362 387/802/397 447/936/458
f 388/758/398 376/723/386 457/961/468
f 434/962/444 389/112/446 458/963/469
f 459/964/470 413/843/423 412/842/422
f 388/965/398 457/966/468 404/967/414
f 353/914/363 404/968/414 460/969/471
f 436/911/447 461/970/472 414/912/424
f 414/847/424 418/971/428 371/846/381
f 418/972/428 462/973/473 421/974/431
f 253/428/254 463/975/474 127/204/127
f 357/976/367 464/977/475 356/978/366
f 308/564/316 442/924/453 451/950/462
f 361/675/371 429/897/439 465/979/476
f 357/951/367 451/950/462 466/980/477
f 254/981/255 467/982/478 240/983/241
f 167/589/168 317/588/325 396/776/406
f 149/649/148 348/648/358 374/712/384
f 319/591/327 468/984/479 128/207/128
f 232/570/233 408/826/418 469/985/480
f 246/880/247 426/879/436 443/927/454
f 351/750/361 399/986/409 385/751/395
f 302/719/310 375/718/385 323/987/331
f 411/988/421 470/989/481 311/990/319
f 338/635/346 370/697/380 471/991/482
f 387/992/397 401/931/411 446/993/457
f 436/911/447 413/910/423 472/994/483
f 472/994/483 448/941/459 436/911/447
f 446/939/457 473/995/484 416/940/426
f 312/579/320 474/996/485 428/886/438
f 461/997/472 418/971/428 414/847/424
f 228/732/229 229/378/230 475/998/486
f 228/999/229 204/1000/205 284/1001/291
f 196/587/197 395/773/405 424/872/434
f 293/1002/301 476/1003/487 254/981/255
f 347/736/357 476/1003/487 293/1002/301
f 453/953/464 476/1003/487 347/736/357
f 92/145/92 205/331/206 69/105/69
f 232/570/233 469/985/480 349/651/359
f 207/902/208 477/1004/488 431/900/441
f 60/94/60 318/1005/326 454/954/465
f 366/783/376 304/554/312 478/1006/489
f 479/1007/490 299/790/307 288/743/295
f 399/1008/409 384/1009/394 480/1010/491
f 401/903/411 385/751/395 287/1011/294
f 481/1012/492 470/1013/481 411/1014/421
f 224/883/225 482/1015/493 403/884/413
f 434/1016/444 483/1017/494 435/1018/445
f 389/1019/446 433/1020/443 458/1021/469
f 445/1022/456 484/1023/495 433/1024/443
f 485/1025/496 404/1026/414 457/1027/468
f 472/994/483 413/910/423 459/1028/470
f 486/1029/497 487/1030/498 448/1031/459
f 417/1032/427 488/1033/499 415/1034/425
f 436/911/447 449/942/460 461/970/472
f 419/1035/429 489/1036/500 439/1037/450
f 419/1038/429 372/707/382 489/1039/500
f 390/861/400 420/860/430 391/1040/401
f 312/579/320 450/1041/461 474/996/485
f 346/819/356 490/1042/501 372/707/382
f 308/564/316 378/733/388 441/923/452
f 240/983/241 467/982/478 316/1043/324
f 358/822/368 491/1044/502 379/735/389
f 429/925/439 396/776/406 317/588/325
f 59/151/59 245/1045/246 93/152/93
f 430/898/440 492/1046/503 255/899/256
f 492/1046/503 268/1047/270 255/899/256
f 493/1048/504 430/898/440 168/271/169
f 258/437/259 330/619/338 494/1049/505
f 398/779/408 295/533/303 495/1050/506
f 299/1051/307 496/1052/507 427/1053/437
f 375/715/385 365/714/375 497/1054/508
f 481/1055/492 411/830/421 323/603/331
f 498/1056/509 432/1057/442 369/1058/379
f 459/964/470 412/842/422 458/1059/469
f 458/1060/469 412/841/422 432/934/442
f 458/1021/469 433/1020/443 484/1061/495
f 404/968/414 485/1062/496 460/969/471
f 487/1063/498 499/1064/510 449/1065/460
f 448/1031/459 487/1030/498 449/1066/460
f 500/1067/511 438/1068/449 439/1069/450
f 501/1070/512 499/1064/510 487/1063/498
f 502/1071/513 428/886/438 474/996/485
f 417/851/427 416/850/426 307/1072/315
f 421/1073/431 420/860/430 392/859/402
f 450/948/461 312/1074/320 377/920/387
f 503/1075/514 393/769/403 391/891/401
f 504/1076/515 505/1077/516 506/1078/517
f 361/675/371 507/1079/518 508/1080/519
f 453/1081/464 379/1082/389 394/1083/404
f 227/1084/228 509/1085/520 359/821/369
f 317/588/325 424/872/434 465/1086/476
f 230/877/231 452/952/463 425/878/435
f 244/1087/245 510/1088/521 243/1089/244
f 319/591/327 511/1090/522 468/984/479
f 295/533/303 270/462/272 495/1050/506
f 512/1091/523 333/623/341 332/621/340
f 513/1092/524 332/621/340 320/597/328
f 444/1093/455 311/1094/319 470/1095/481
f 514/1096/525 498/1097/509 515/1098/526
f 485/1062/496 376/720/386 403/805/413
f 516/1099/527 438/1068/449 500/1067/511
f 517/1100/528 501/1070/512 487/1063/498
f 353/914/363 518/1101/529 437/913/448
f 488/1033/499 446/935/457 415/1034/425
f 488/1033/499 417/1032/427 519/1102/530
f 461/970/472 449/942/460 520/1103/531
f 114/1104/114 521/1105/532 253/1106/254
f 503/1107/514 315/1108/323 393/1109/403
f 522/1110/533 475/998/486 229/378/230
f 361/870/371 523/1111/534 378/733/388
f 524/1112/535 441/923/452 378/733/388
f 394/1113/404 379/735/389 491/1044/502
f 317/588/325 465/1086/476 429/925/439
f 254/981/255 525/1114/536 467/982/478
f 231/647/232 425/878/435 348/648/358
f 128/207/128 468/984/479 103/164/103
f 426/879/436 526/1115/537 443/927/454
f 129/1116/129 455/1117/466 285/1118/292
f 207/902/208 443/927/454 477/1004/488
f 527/1119/538 397/777/407 333/623/341
f 495/1050/506 528/1120/539 398/779/408
f 381/1121/391 513/1092/524 320/597/328
f 397/956/407 529/1122/540 409/827/419
f 397/1123/407 530/1124/541 529/1125/540
f 531/1126/542 382/742/392 298/542/306
f 382/742/392 532/1127/543 288/743/295
f 288/743/295 532/1127/543 479/1007/490
f 365/683/375 409/827/419 529/1122/540
f 304/755/312 386/754/396 478/1128/489
f 310/929/318 533/1129/544 400/796/410
f 369/832/379 444/932/455 515/1130/526
f 456/959/467 482/1015/493 224/883/225
f 338/635/346 471/991/482 324/633/332
f 514/1096/525 458/1131/469 498/1097/509
f 434/1132/444 514/1133/525 483/1134/494
f 434/962/444 458/963/469 514/1135/525
f 435/1136/445 483/1137/494 445/1138/456
f 457/961/468 376/723/386 485/1139/496
f 370/697/380 438/1068/449 471/991/482
f 517/1100/528 487/1063/498 534/1140/545
f 446/993/457 401/931/411 473/1141/484
f 519/1102/530 417/1032/427 307/1142/315
f 416/940/426 473/995/484 283/1143/290
f 437/913/448 535/1144/546 252/427/253
f 283/1145/290 521/1105/532 114/1104/114
f 463/975/474 522/1146/533 127/204/127
f 127/493/127 522/1110/533 229/378/230
f 315/1147/323 536/1148/547 327/1149/335
f 357/951/367 466/980/477 464/1150/475
f 361/675/371 465/979/476 507/1079/518
f 358/822/368 440/922/451 537/1151/548
f 316/1043/324 509/1085/520 227/1084/228
f 467/982/478 509/1085/520 316/1043/324
f 424/872/434 538/1152/549 465/1086/476
f 254/981/255 476/1003/487 525/1114/536
f 348/648/358 539/1153/550 374/712/384
f 286/680/293 431/1154/441 309/738/317
f 443/927/454 540/1155/551 477/1004/488
f 381/1121/391 427/1156/437 513/1092/524
f 272/472/278 541/1157/552 209/340/210
f 323/987/331 542/1158/553 481/1159/492
f 369/1058/379 515/1160/526 498/1056/509
f 543/1161/554 472/1162/483 459/1163/470
f 447/936/458 446/935/457 488/1033/499
f 428/930/438 502/1164/513 401/931/411
f 418/972/428 461/1165/472 462/973/473
f 421/1166/431 462/1167/473 420/1168/430
f 464/1169/475 544/1170/555 356/866/366
f 442/924/453 441/923/452 545/1171/556
f 204/1000/205 228/999/229 546/1172/557
f 423/1173/433 394/1174/404 491/1175/502
f 442/924/558 441/923/559 547/1176/560
f 327/612/335 548/1177/561 394/771/404
f 549/1178/562 491/1044/502 358/822/368
f 440/922/451 292/921/300 373/1179/383
f 550/1180/563 476/1003/487 453/953/464
f 551/1181/564 452/952/463 407/823/417
f 374/775/384 552/1182/565 373/774/383
f 553/1183/566 493/1048/504 205/331/206
f 554/1184/567 430/898/440 493/1048/504
f 539/1153/550 552/1185/565 374/712/384
f 555/1186/568 328/617/336 243/616/244
f 330/619/338 103/164/103 468/984/479
f 426/879/436 296/536/304 366/687/376
f 497/1187/508 556/1188/569 375/718/385
f 542/1189/553 470/1013/481 481/1012/492
f 498/1056/509 458/1190/469 432/1057/442
f 448/941/459 472/994/483 486/1191/497
f 486/1029/497 534/1192/545 487/1030/498
f 557/1193/570 516/1099/527 500/1067/511
f 460/969/471 518/1101/529 353/914/363
f 521/1105/532 283/1145/290 473/1194/484
f 505/1195/516 558/1196/571 506/1197/517
f 315/1198/323 503/1199/514 536/1200/547
f 559/1201/572 475/998/486 522/1110/533
f 441/923/452 560/1202/573 545/1171/556
f 561/1203/574 346/894/356 423/893/433
f 475/1204/486 546/1172/557 228/999/229
f 361/870/371 508/1205/519 523/1111/534
f 394/1083/404 548/1206/561 453/1081/464
f 464/1150/475 466/980/477 562/1207/575
f 395/773/405 359/821/369 509/1085/520
f 563/1208/576 328/825/336 555/1209/568
f 92/145/92 553/1183/566 205/331/206
f 241/432/242 510/1210/521 244/433/245
f 469/985/480 408/826/418 564/1211/577
f 565/1212/578 332/621/340 513/1092/524
f 566/1213/579 350/653/360 331/620/339
f 497/1054/508 365/714/375 529/1214/540
f 541/1215/552 272/781/278 350/780/360
f 297/539/305 287/508/294 567/1216/580
f 567/1217/580 385/751/395 568/1218/581
f 567/1217/580 287/1011/294 385/751/395
f 324/633/332 471/991/482 569/1219/582
f 570/1220/583 486/1191/497 472/994/483
f 439/1069/450 489/1039/500 571/1221/584
f 490/1222/501 346/894/356 561/1203/574
f 572/1223/585 422/867/432 356/866/366
f 378/733/388 523/1111/534 573/1224/586
f 562/1225/575 544/1170/555 464/1169/475
f 442/1226/558 574/1227/587 441/1228/559
f 523/1111/534 508/1205/519 575/1229/588
f 574/1227/587 442/1226/558 547/1230/560
f 547/1176/560 441/923/559 576/1231/589
f 577/1232/590 241/1233/242 268/1047/270
f 407/823/417 328/825/336 563/1208/576
f 578/1234/591 270/462/272 285/497/292
f 333/623/341 579/1235/592 527/1119/538
f 397/777/407 527/1119/538 580/1236/593
f 397/777/407 580/1236/593 530/1237/541
f 513/1238/524 427/1239/437 581/1240/594
f 427/1053/437 496/1052/507 581/1241/594
f 399/986/409 331/1242/339 385/751/395
f 556/1188/569 323/987/331 375/718/385
f 556/1188/569 542/1158/553 323/987/331
f 402/801/412 324/607/332 386/1243/396
f 541/1157/552 582/1244/595 209/340/210
f 515/1245/526 483/1246/494 514/1247/525
f 570/1248/583 534/1192/545 486/1029/497
f 583/1249/596 517/1100/528 534/1140/545
f 471/991/482 438/1068/449 516/1099/527
f 584/1250/597 517/1251/528 583/1252/596
f 460/213/471 585/1253/598 586/1254/599
f 460/213/471 586/1254/599 518/1255/529
f 501/1256/512 517/1257/528 587/1258/600
f 500/1067/511 571/1221/584 557/1193/570
f 502/1164/513 473/1141/484 401/931/411
f 500/1067/511 439/1069/450 571/1221/584
f 545/1171/556 451/950/462 442/924/453
f 588/1259/601 589/1260/602 590/1261/603
f 560/1262/573 524/1263/535 378/1264/388
f 423/893/433 549/1265/562 561/1203/574
f 451/1266/462 591/1267/604 547/1230/560
f 574/1227/587 547/1230/560 591/1267/604
f 441/1268/452 524/1269/535 560/1270/573
f 440/922/451 373/1179/383 592/1271/605
f 548/1206/561 550/1272/563 453/1081/464
f 205/331/206 493/1048/504 168/271/169
f 425/878/435 593/1273/606 348/648/358
f 594/1274/607 579/1235/592 333/623/341
f 495/1050/506 595/1275/608 528/1120/539
f 332/621/340 596/1276/609 512/1091/523
f 366/687/376 478/1277/489 597/1278/610
f 350/780/360 598/1279/611 541/1215/552
f 599/1280/612 310/573/318 410/829/420
f 515/1130/526 444/932/455 600/1281/613
f 456/959/467 601/1282/614 482/1015/493
f 483/1137/494 484/1283/495 445/1138/456
f 459/1284/470 458/1285/469 602/1286/615
f 458/1285/469 484/1287/495 602/1286/615
f 603/1288/616 460/969/471 485/1062/496
f 604/1289/617 605/1290/618 587/1291/600
f 604/1292/617 587/1258/600 517/1257/528
f 518/1255/529 586/1254/599 606/1293/619
f 586/1254/599 607/1294/620 606/1293/619
f 437/913/448 608/1295/621 609/1296/622
f 449/1297/460 610/1298/623 520/1299/531
f 461/1300/472 520/1301/531 611/1302/624
f 461/1165/472 612/1303/625 462/973/473
f 506/1304/517 613/1305/626 504/1306/515
f 450/1307/461 558/1308/571 474/1309/485
f 378/733/388 573/1224/586 560/1202/573
f 422/1310/432 591/1311/604 451/1312/462
f 544/1170/555 572/1223/585 356/866/366
f 441/1313/559 574/1314/587 576/1269/589
f 423/893/433 491/1315/502 549/1265/562
f 549/1178/562 358/822/368 537/1151/548
f 59/93/59 380/737/390 245/1316/246
f 395/773/405 509/1085/520 614/1317/627
f 258/437/259 494/1049/505 615/1318/628
f 258/568/259 615/1319/628 318/590/326
f 431/900/441 477/1004/488 616/1320/629
f 366/687/376 597/1278/610 426/879/436
f 332/621/340 565/1212/578 596/1276/609
f 333/623/341 512/1091/523 594/1274/607
f 513/1092/524 617/1321/630 565/1212/578
f 298/542/306 398/779/408 531/1126/542
f 582/1244/595 410/829/420 209/340/210
f 470/1322/481 542/1323/553 618/1324/631
f 599/1280/612 619/1325/632 310/573/318
f 586/1326/599 585/1327/598 607/1328/620
f 620/1329/633 518/1330/634 606/1331/619
f 605/1332/618 621/1333/635 622/1334/636
f 587/1291/600 605/1290/618 622/1335/636
f 518/1101/529 608/1295/621 437/913/448
f 501/1256/512 622/1336/636 499/1337/510
f 587/1258/600 622/1336/636 501/1256/512
f 252/562/253 623/1338/637 307/560/315
f 252/562/253 535/1339/546 623/1338/637
f 307/560/315 623/1338/637 624/1340/638
f 391/1040/401 420/860/430 625/1341/639
f 545/1342/556 422/1343/432 451/1344/462
f 589/1260/602 626/1345/640 590/1261/603
f 508/1205/519 627/1346/641 575/1229/588
f 204/330/205 546/1347/557 380/737/390
f 588/1348/601 590/1349/603 628/1350/642
f 547/1176/560 466/980/477 451/950/462
f 588/1348/601 628/1350/642 576/1231/589
f 465/979/476 538/1351/549 507/1079/518
f 467/982/478 629/1352/643 509/1085/520
f 395/773/405 614/1317/627 630/1353/644
f 92/145/92 245/414/246 553/1183/566
f 348/648/358 593/1273/606 539/1153/550
f 443/927/454 526/1115/537 540/1155/551
f 455/955/466 578/1234/591 285/497/292
f 398/779/408 631/1354/645 531/1126/542
f 350/653/360 566/1213/579 598/1355/611
f 567/1216/580 568/1356/581 297/539/305
f 479/1007/490 532/1127/543 633/1357/646
f 299/790/307 479/1007/490 496/1358/507
f 384/928/394 400/796/410 480/1359/491
f 324/1360/332 569/1361/582 634/1362/647
f 543/1161/554 459/1163/470 635/1363/648
f 472/1162/483 543/1161/554 570/1364/583
f 517/1365/528 584/1366/597 636/1367/649
f 603/1288/616 620/1368/633 460/969/471
f 460/1369/471 620/1370/633 585/1371/598
f 621/1333/635 605/1332/618 637/1372/650
f 620/1329/633 606/1331/619 607/1373/620
f 606/1331/651 638/1374/652 607/1373/653
f 518/1330/654 608/1375/655 606/1331/656
f 608/1375/655 638/1374/657 606/1331/656
f 606/1293/619 638/1376/657 518/1255/658
f 518/1255/658 638/1376/657 608/1377/655
f 639/1378/659 622/1334/636 621/1333/635
f 639/1379/659 640/1380/660 622/1381/636
f 449/1382/460 499/1383/510 641/1384/661
f 307/560/315 624/1340/638 642/1385/662
f 450/948/461 422/919/432 558/1196/571
f 588/1386/601 574/1227/587 589/1387/602
f 422/867/432 572/1223/585 591/1267/604
f 475/1388/486 562/1389/575 546/1390/557
f 576/1231/589 466/980/477 547/1176/560
f 424/872/434 395/773/405 643/1391/663
f 452/952/463 644/1392/664 425/878/435
f 241/432/242 577/1393/590 510/1210/521
f 309/569/317 564/1211/577 408/826/418
f 468/984/479 645/1394/665 330/619/338
f 578/1234/591 646/1395/666 270/462/272
f 580/1396/593 527/1397/538 530/1398/541
f 647/1399/667 454/954/465 318/1005/326
f 527/1119/538 648/1400/668 530/1237/541
f 632/1401/669 649/1402/670 650/1403/671
f 649/1402/670 531/1404/542 650/1403/671
f 531/1126/542 651/1405/672 382/742/392
f 382/742/392 651/1405/672 532/1127/543
f 651/1405/672 633/1357/646 532/1127/543
f 566/1406/579 331/1242/339 399/986/409
f 651/1407/672 531/1408/542 649/1409/670
f 633/1357/646 496/1358/507 479/1007/490
f 633/1410/646 652/1411/673 496/1412/507
f 497/1054/508 653/1413/674 652/1414/673
f 654/1415/675 478/1006/489 386/1416/396
f 403/884/413 482/1015/493 655/1417/676
f 403/805/413 656/1418/677 485/1062/496
f 657/1419/678 456/1420/467 352/803/362
f 607/1373/620 585/1421/598 620/1329/633
f 462/1167/473 658/1422/679 420/1168/430
f 502/1423/513 521/1105/532 473/1194/484
f 659/1424/680 463/1425/474 253/1106/254
f 660/1426/681 391/1040/401 625/1341/639
f 613/1427/626 661/1428/682 504/1429/515
f 662/1430/683 560/1202/573 573/1224/586
f 573/1224/586 523/1111/534 575/1229/588
f 475/1388/486 544/1431/555 562/1389/575
f 574/1432/587 588/1433/601 576/1434/589
f 663/1435/684 508/1080/519 664/1436/685
f 665/1437/686 431/900/441 616/1320/629
f 647/1438/667 318/590/326 615/1319/628
f 666/1439/687 512/1091/523 596/1276/609
f 398/779/408 528/1120/539 667/1440/688
f 398/779/408 667/1440/688 668/1441/689
f 669/1442/690 527/1119/538 579/1235/592
f 529/1443/540 530/1444/541 670/1445/691
f 652/1414/673 671/1446/692 496/1052/507
f 649/1447/670 672/1448/693 651/1405/672
f 651/1405/672 672/1448/693 633/1357/646
f 297/1449/305 568/1218/581 385/751/395
f 386/1416/396 634/1450/647 654/1415/675
f 386/1416/396 324/633/332 634/1450/647
f 673/1451/694 444/932/455 470/1322/481
f 656/1418/677 403/805/413 655/1452/676
f 655/1417/676 482/1015/493 582/1453/595
f 657/1419/678 352/803/362 447/936/458
f 570/1364/583 543/1161/554 674/1454/695
f 584/1455/597 621/1333/635 637/1372/650
f 516/1099/527 557/1193/570 675/1456/696
f 676/1457/697 637/1372/650 605/1332/618
f 557/1458/570 639/1459/659 621/1460/635
f 571/1221/584 677/1461/698 557/1193/570
f 449/1462/460 641/1463/661 610/1464/623
f 461/1300/472 611/1302/624 612/1465/625
f 372/707/382 490/1042/501 489/1039/500
f 660/1466/681 503/1075/514 391/891/401
f 678/1467/699 613/1305/626 506/1304/517
f 505/1468/516 504/1429/515 502/1469/513
f 558/1470/571 502/1071/513 474/996/485
f 505/1471/516 502/1472/513 558/1473/571
f 575/1229/588 627/1346/641 679/1474/700
f 508/1205/519 663/1475/684 627/1346/641
f 576/1231/589 628/1350/642 466/980/477
f 680/1476/701 508/1080/519 507/1079/518
f 663/1435/684 664/1436/685 614/1477/627
f 538/1351/549 681/1478/702 507/1079/518
f 681/1478/702 680/1476/701 507/1079/518
f 245/414/246 682/1479/703 553/1183/566
f 493/1048/504 683/1480/704 554/1184/567
f 349/651/359 511/1090/522 319/591/327
f 684/1481/705 685/1482/706 686/1483/707
f 581/1241/594 496/1052/507 687/1484/708
f 648/1400/668 670/1485/691 530/1237/541
f 631/1354/645 688/1486/709 531/1126/542
f 632/1401/669 689/1487/710 568/1356/711
f 331/620/339 297/539/305 385/1488/395
f 690/1489/712 566/1406/579 399/986/409
f 568/1490/713 632/1491/714 567/1492/715
f 633/1357/646 691/1493/716 652/1494/673
f 652/1494/673 692/1495/717 497/1187/508
f 480/1496/491 690/1489/712 399/986/409
f 542/1323/553 693/1497/718 618/1324/631
f 541/1157/552 655/1498/676 582/1244/595
f 444/932/455 673/1451/694 600/1281/613
f 482/1015/493 601/1282/614 582/1453/595
f 484/1287/495 694/1499/719 602/1286/615
f 485/1500/496 695/1501/720 603/1502/616
f 696/1503/721 583/1249/596 534/1140/545
f 584/1366/597 637/1504/650 636/1367/649
f 636/1367/649 676/1505/697 604/1506/617
f 517/1257/528 636/1507/649 604/1292/617
f 471/991/482 516/1099/527 675/1456/696
f 518/1101/634 620/1368/633 608/1295/621
f 520/1299/531 610/1298/623 697/1508/722
f 520/1301/531 697/1509/722 611/1302/624
f 661/1428/682 698/1510/723 504/1429/515
f 545/1171/556 699/1511/724 422/919/432
f 574/1227/587 700/1512/725 589/1387/602
f 575/1229/588 679/1474/700 573/1224/586
f 626/1513/640 628/1350/642 590/1349/603
f 424/872/434 681/1514/702 538/1152/549
f 395/773/405 630/1353/644 643/1391/663
f 629/1352/643 703/1515/726 509/1085/520
f 467/982/478 525/1114/536 629/1352/643
f 452/952/463 551/1181/564 644/1392/664
f 593/1273/606 704/1516/727 539/1153/550
f 431/900/441 705/1517/728 309/569/317
f 426/879/436 597/1278/610 706/1518/729
f 578/1234/591 455/955/466 709/1519/730
f 617/1520/630 513/1521/524 687/1522/708
f 671/1446/692 710/1523/731 711/1524/732
f 513/1521/524 581/1525/594 687/1522/708
f 596/1276/609 710/1526/731 666/1439/687
f 669/1442/690 648/1400/668 527/1119/538
f 398/779/408 668/1441/689 631/1354/645
f 666/1439/687 712/1527/733 512/1091/523
f 496/1052/507 671/1446/692 687/1484/708
f 650/1403/671 689/1487/710 632/1401/669
f 713/1528/734 650/1403/735 531/1404/736
f 653/1413/674 714/1529/737 652/1414/673
f 497/1054/508 670/17/691 653/1413/674
f 529/1214/540 670/17/691 497/1054/508
f 632/1530/669 715/1531/738 649/1447/670
f 649/1447/670 715/1531/738 716/1532/739
f 533/1129/544 310/929/318 619/1533/632
f 470/1322/481 618/1324/631 673/1451/694
f 601/1534/614 410/1535/420 582/1536/595
f 600/1537/613 717/1538/740 515/1245/526
f 515/1245/526 717/1538/740 483/1246/494
f 456/1420/467 657/1419/678 718/1539/741
f 459/1163/470 602/1540/615 635/1363/648
f 674/1454/695 696/1541/721 570/1364/583
f 696/1542/721 534/1192/545 570/1248/583
f 485/1543/496 719/1544/742 695/1545/720
f 584/1250/597 583/1252/596 720/1546/743
f 636/1367/649 721/1547/744 676/1505/697
f 604/1289/617 676/1548/697 605/1290/618
f 722/1549/745 723/1550/746 620/1368/633
f 620/1368/633 723/1550/746 608/1295/621
f 307/1142/315 642/1551/662 519/1102/530
f 535/1552/546 659/1553/680 623/1554/637
f 701/1555/747 536/670/547 702/156/748
f 508/1080/519 680/1476/701 664/1436/685
f 440/922/451 592/1271/605 537/1151/548
f 643/1391/663 681/1514/702 424/872/434
f 373/774/383 552/1182/565 592/1556/605
f 724/1557/749 511/1090/522 349/651/359
f 349/651/359 469/985/480 724/1557/749
f 564/1211/577 725/1558/750 469/985/480
f 565/1212/578 707/1559/751 596/1276/609
f 708/1560/752 685/1561/753 686/1562/706
f 454/954/465 726/1563/754 455/955/466
f 726/1563/754 709/1519/730 455/955/466
f 270/462/272 646/1395/666 495/1050/506
f 708/1564/752 707/1565/755 596/1566/756
f 708/1564/752 685/1567/757 707/1565/755
f 512/1091/523 727/1568/758 594/1274/607
f 727/1568/758 728/1569/759 594/1274/607
f 728/1569/759 579/1235/592 594/1274/607
f 714/1570/737 712/1571/733 666/1572/687
f 689/1487/710 729/1573/760 568/1356/711
f 568/1356/711 729/1573/760 715/1574/738
f 688/1575/709 650/1403/671 531/1404/542
f 653/1576/674 712/1571/733 714/1570/737
f 730/1577/761 653/1578/674 731/1579/762
f 731/1579/762 653/1578/674 648/1580/668
f 648/1581/668 653/1582/674 670/1583/691
f 672/1448/693 691/1493/716 633/1357/646
f 410/1535/420 601/1534/614 599/1584/612
f 456/1585/467 599/1584/612 601/1534/614
f 471/991/482 732/1586/763 569/1219/582
f 696/1587/721 733/1588/764 583/1589/596
f 676/1457/697 721/1590/744 637/1372/650
f 603/1288/616 722/1549/745 620/1368/633
f 675/1591/696 621/1460/635 584/1592/597
f 639/1459/659 557/1458/570 677/1593/698
f 504/1429/515 698/1510/723 502/1469/513
f 422/919/432 699/1511/724 558/1196/571
f 561/1203/574 734/1594/765 490/1222/501
f 503/1199/514 702/1595/766 536/1200/547
f 663/1475/684 735/1596/767 627/1346/641
f 380/737/390 736/1597/768 245/1316/246
f 509/1085/520 703/1515/726 737/1598/769
f 738/1599/770 552/1185/565 539/1153/550
f 645/1394/665 494/1049/505 330/619/338
f 739/1600/771 565/1212/578 617/1321/630
f 739/1600/771 711/1601/732 565/1212/578
f 740/1602/772 495/1050/506 646/1395/666
f 739/1603/771 687/1484/708 671/1446/692
f 707/1565/751 710/1604/731 596/1566/609
f 741/1605/773 528/1120/539 595/1275/608
f 741/1605/773 742/1606/774 528/1120/539
f 712/1527/733 727/1568/758 512/1091/523
f 669/1607/690 731/1608/762 648/1609/668
f 743/1610/775 671/1446/692 652/1414/673
f 743/1610/775 652/1414/673 714/1529/737
f 653/1578/674 730/1577/761 744/1611/776
f 478/1006/489 654/1415/675 745/1612/777
f 556/1188/569 497/1187/508 692/1495/717
f 600/1537/613 673/1613/694 717/1538/740
f 694/1614/719 484/1283/495 483/1137/494
f 675/1591/696 557/1458/570 621/1460/635
f 747/1615/778 499/1616/510 622/1617/636
f 612/1303/625 748/1618/779 462/973/473
f 658/1619/679 625/1341/639 420/860/430
f 545/1171/556 560/1202/573 699/1511/724
f 678/1620/699 506/1197/517 558/1196/571
f 749/1621/780 558/1196/571 699/1511/724
f 750/1622/781 702/1623/766 503/1624/514
f 589/1387/602 751/1625/782 626/1626/640
f 751/1627/782 752/1628/783 626/1629/640
f 751/1627/782 753/1630/784 752/1628/783
f 750/1631/781 536/1148/547 702/1632/766
f 546/1347/557 562/1207/575 380/737/390
f 754/1633/785 626/1513/640 752/1634/783
f 755/1635/786 327/1149/335 536/1148/547
f 681/1636/702 643/1637/663 680/1638/701
f 630/1639/644 614/1477/627 664/1436/685
f 756/1640/787 509/1085/520 737/1598/769
f 430/898/440 757/1641/788 492/1046/503
f 687/1522/708 739/1642/771 617/1520/630
f 742/1606/774 667/1440/688 528/1120/539
f 758/1643/789 579/1235/592 728/1569/759
f 758/1643/789 669/1442/690 579/1235/592
f 667/1440/688 759/1644/790 668/1441/689
f 712/1571/733 653/1576/674 727/1645/758
f 727/1646/758 653/1578/674 744/1611/776
f 650/1403/671 760/1647/791 761/1648/792
f 568/1218/711 715/1531/738 632/1530/669
f 542/1158/553 556/1188/569 693/1649/718
f 655/1498/676 541/1157/552 762/1650/793
f 732/1586/763 763/1651/794 569/1219/582
f 721/1547/744 636/1367/649 637/1504/650
f 447/1652/458 488/1653/499 764/1654/795
f 765/1655/796 723/1656/746 722/1657/745
f 639/1658/659 747/1659/778 640/1660/660
f 253/1106/254 521/1105/532 766/1661/797
f 613/1305/626 678/1467/699 661/1662/682
f 591/1267/604 767/1663/798 574/1227/587
f 663/1475/684 768/1664/799 735/1596/767
f 626/1513/640 754/1633/785 628/1350/642
f 561/1665/574 537/1666/548 592/1667/605
f 509/1085/520 756/1640/787 769/1668/800
f 268/1047/270 492/1046/503 577/1232/590
f 425/878/435 770/1669/801 593/1273/606
f 469/985/480 725/1558/750 724/1557/749
f 566/1213/579 771/1670/802 598/1355/611
f 566/1213/579 772/1671/803 771/1670/802
f 650/1403/671 761/1648/792 773/1672/804
f 650/1403/671 688/1575/709 760/1647/791
f 569/1219/582 763/1651/794 634/1450/647
f 673/1613/694 774/1673/805 717/1538/740
f 603/1501/616 695/1674/720 775/1675/806
f 746/1676/807 720/1677/743 584/1678/808
f 776/1679/809 764/1654/795 777/1680/810
f 764/1654/795 488/1653/499 777/1680/810
f 778/1681/811 765/1655/796 722/1657/745
f 488/1653/499 779/1682/812 777/1680/810
f 747/1615/778 622/1617/636 780/1683/813
f 499/1684/510 747/1685/778 641/1686/661
f 677/1461/698 571/1221/584 781/1687/814
f 437/1688/448 782/523/815 535/1689/546
f 462/973/473 748/1618/779 658/1690/679
f 463/1691/474 659/1553/680 535/1552/546
f 700/1512/725 783/1692/816 589/1387/602
f 591/1267/604 572/1223/585 767/1663/798
f 627/1346/641 735/1596/767 679/1474/700
f 561/1693/574 592/1694/605 734/1695/765
f 561/1696/574 784/1697/817 537/1698/548
f 664/1436/685 680/1476/701 630/1639/644
f 784/1697/817 785/1699/818 537/1698/548
f 476/1003/487 550/1180/563 786/1700/819
f 492/1046/503 787/1701/820 577/1232/590
f 309/569/317 705/1517/728 564/1211/577
f 426/879/436 706/1518/729 526/1115/537
f 431/900/441 665/1437/686 705/1517/728
f 740/1602/772 788/1702/821 495/1050/506
f 788/1702/821 595/1275/608 495/1050/506
f 578/1234/591 789/1703/822 646/1395/666
f 667/1440/688 742/1606/774 759/1644/790
f 790/1704/823 743/1705/824 671/1706/825
f 671/1706/692 743/1705/775 710/1707/731
f 669/1708/690 758/1709/789 731/1579/762
f 714/1570/737 710/1710/731 743/1711/775
f 710/1710/731 714/1570/737 666/1572/687
f 652/1494/673 691/1493/716 692/1495/717
f 690/1712/712 480/1713/491 793/1714/826
f 480/1359/491 400/796/410 793/1715/826
f 656/1418/677 655/1452/676 794/1716/827
f 599/1717/612 456/1420/467 619/1718/632
f 543/1161/554 733/1719/764 674/1454/695
f 696/1587/721 795/1720/828 733/1588/764
f 719/1721/742 796/1722/829 695/1723/720
f 764/1654/795 797/1724/830 447/1652/458
f 776/1679/809 797/1724/830 764/1654/795
f 777/1680/810 798/1725/831 776/1679/809
f 488/1653/499 519/1726/530 779/1682/812
f 639/1459/659 677/1593/698 747/1727/778
f 677/1728/698 799/1729/832 747/1730/778
f 622/1617/636 640/1731/660 780/1683/813
f 437/1732/448 609/1733/622 782/1734/815
f 697/1508/722 610/1298/623 800/1735/833
f 489/1039/500 490/1042/501 801/1736/834
f 535/1144/546 802/1737/835 463/975/474
f 503/1075/514 660/1466/681 803/1738/836
f 804/1739/837 559/1201/572 522/1110/533
f 562/1207/575 466/980/477 805/1740/838
f 680/1638/701 643/1637/663 630/1741/644
f 327/612/335 755/1742/786 548/1177/561
f 537/1151/548 785/1743/818 806/1744/839
f 525/1114/536 807/1745/840 629/1352/643
f 476/1003/487 786/1700/819 525/1114/536
f 553/1183/566 808/1746/841 493/1048/504
f 757/1641/788 430/898/440 809/1747/842
f 510/1088/521 810/1748/843 243/1089/244
f 477/1004/488 540/1155/551 616/1320/629
f 565/1212/578 711/1601/732 710/1526/731
f 565/1749/578 710/1750/731 707/1751/751
f 597/1278/610 745/1752/777 811/1753/844
f 812/1754/845 789/1703/822 578/1234/591
f 759/1755/790 761/1756/792 668/1757/689
f 731/1579/762 758/1709/789 730/1577/761
f 773/1672/804 689/1487/710 650/1403/671
f 760/1758/791 668/1441/689 761/1759/792
f 602/1286/615 694/1499/719 813/1760/846
f 583/1589/596 733/1588/764 720/1761/743
f 797/1724/830 776/1679/809 814/1762/847
f 815/1763/848 816/1764/849 817/1765/850
f 798/1725/831 777/1680/810 818/1766/851
f 817/1765/850 819/1767/852 815/1763/848
f 765/1768/796 820/1769/853 723/1770/746
f 821/1771/854 819/1767/852 817/1765/850
f 608/1295/621 723/1550/746 609/1296/622
f 723/1550/746 822/1772/855 609/1296/622
f 677/1461/698 781/1687/814 799/1773/832
f 782/1774/815 823/1775/856 535/1776/546
f 253/1106/254 766/1661/797 659/1424/680
f 660/1466/681 824/1777/857 803/1738/836
f 589/1387/602 783/1692/816 751/1625/782
f 503/1624/514 803/1778/836 750/1622/781
f 562/1207/575 805/1740/838 380/737/390
f 628/1350/642 805/1740/838 466/980/477
f 752/1634/783 825/1779/858 754/1633/785
f 549/1265/562 806/1780/839 561/1203/574
f 245/1316/246 736/1597/768 826/1781/859
f 407/823/417 563/1208/576 551/1181/564
f 468/984/479 827/1782/860 645/1394/665
f 671/1446/692 711/1524/732 739/1603/771
f 789/1703/822 740/1602/772 646/1395/666
f 727/1783/758 744/1784/776 728/1785/759
f 595/1786/608 689/1787/710 773/1788/804
f 595/1786/608 773/1788/804 741/1789/773
f 741/1789/773 773/1788/804 742/1790/774
f 742/1790/774 773/1788/804 761/1756/792
f 761/1756/792 759/1755/790 742/1790/774
f 668/1441/689 760/1758/791 631/1354/645
f 690/1712/712 793/1714/826 828/1791/861
f 456/1420/467 718/1539/741 619/1718/632
f 635/1792/648 829/1793/862 543/1794/554
f 733/1719/764 543/1161/554 720/1795/743
f 796/1796/829 775/1675/806 695/1674/720
f 776/1679/809 798/1725/831 830/1797/863
f 831/1798/864 817/1799/850 832/1800/865
f 831/1798/864 833/1801/866 817/1799/850
f 521/1105/532 624/1802/638 766/1661/797
f 521/1803/532 834/1804/867 642/1805/662
f 660/1426/681 625/1341/639 824/1806/857
f 463/975/474 804/1807/837 522/1146/533
f 767/1663/798 700/1512/725 574/1227/587
f 735/1596/767 835/1808/868 679/1474/700
f 824/1809/857 836/1810/869 803/1811/836
f 490/1042/501 734/1812/765 837/1813/870
f 572/1223/585 838/1814/871 767/1663/798
f 751/1625/782 839/1815/872 753/1816/784
f 835/1817/868 768/1125/799 840/1818/873
f 835/1819/868 735/1820/767 768/1821/799
f 753/1822/784 825/1779/858 752/1634/783
f 614/1477/627 841/1823/874 663/1435/684
f 430/898/440 554/1184/567 809/1747/842
f 757/1641/788 842/1824/875 492/1046/503
f 425/878/435 644/1392/664 770/1669/801
f 593/1273/606 843/1825/876 704/1516/727
f 709/1519/730 812/1754/845 578/1234/591
f 771/1826/877 844/1827/878 454/954/465
f 647/1399/667 771/1826/877 454/954/465
f 758/1709/789 728/1828/759 730/1577/761
f 689/1787/710 595/1786/608 788/1829/821
f 744/1830/776 730/1831/761 728/1832/759
f 631/1833/645 760/1834/791 688/1835/709
f 690/1489/712 828/1836/861 566/1406/579
f 541/1215/552 598/1279/611 762/1837/793
f 655/1838/676 845/1839/879 794/1421/827
f 485/1840/496 656/1841/677 719/1842/742
f 543/1794/554 829/1793/862 720/1843/743
f 603/1288/616 775/1844/806 722/1549/745
f 722/1657/745 846/1845/880 778/1681/811
f 798/1725/831 847/1846/881 830/1797/863
f 798/1725/831 818/1766/851 848/1847/882
f 798/1725/831 848/1847/882 847/1846/881
f 819/1767/852 849/1848/883 815/1763/848
f 819/1849/852 850/1850/884 849/1851/883
f 851/1852/885 849/1851/883 850/1850/884
f 747/1853/778 780/1854/813 640/1855/660
f 747/1685/778 852/1856/886 641/1686/661
f 641/1857/661 800/1858/833 610/1859/623
f 612/1303/625 853/1860/887 748/1618/779
f 502/1423/513 698/1861/723 521/1105/532
f 678/1862/699 854/1863/888 661/1428/682
f 475/998/486 572/1223/585 544/1170/555
f 753/1816/784 839/1815/872 855/1864/889
f 750/1631/781 856/1865/890 536/1148/547
f 753/1822/784 855/1866/889 825/1779/858
f 536/1148/547 857/1867/891 755/1635/786
f 755/1742/786 858/1868/892 548/1177/561
f 826/1869/859 682/1479/703 245/414/246
f 787/1701/820 859/1870/893 577/1232/590
f 597/1278/610 811/1753/844 706/1518/729
f 454/954/465 844/1827/878 726/1563/754
f 792/1871/894 791/1872/895 727/1568/896
f 716/1532/739 672/1448/693 649/1447/670
f 762/1650/793 845/1873/879 655/1498/676
f 602/1286/615 813/1760/846 860/1874/897
f 719/1842/742 656/1841/677 796/1875/829
f 795/1876/828 674/1454/695 733/1719/764
f 775/1877/806 846/1845/880 722/1657/745
f 797/1724/830 657/1878/678 447/1652/458
f 797/1724/830 814/1762/847 861/1879/898
f 814/1762/847 830/1797/863 862/1880/899
f 830/1797/863 863/1881/900 862/1880/899
f 830/1797/863 847/1846/881 863/1881/900
f 817/1799/850 833/1801/866 821/1882/854
f 777/1883/810 864/1884/901 818/1885/851
f 815/1763/848 849/1848/883 865/1886/902
f 747/1730/778 799/1729/832 866/1887/903
f 640/1731/660 867/1888/904 780/1683/905
f 611/1302/624 853/1889/887 612/1465/625
f 697/1509/722 853/1889/887 611/1302/624
f 489/1890/500 801/1891/834 571/1892/584
f 659/1424/680 766/1661/797 623/1893/637
f 624/1802/638 521/1105/532 642/1894/662
f 490/1042/501 837/1813/870 801/1736/834
f 560/1202/573 662/1430/683 699/1511/724
f 836/1895/869 868/1896/906 869/1897/907
f 855/1864/889 839/1815/872 840/1898/908
f 736/1899/909 870/1900/910 804/1901/837
f 736/1597/768 380/737/390 871/1902/911
f 856/1865/890 857/1867/891 536/1148/547
f 806/1780/839 872/1903/912 561/1203/574
f 537/1151/548 806/1744/839 549/1178/562
f 785/1904/818 784/1905/817 873/1906/913
f 874/1907/914 841/1908/874 509/1085/520
f 756/1909/787 875/1910/915 769/1911/800
f 876/1912/916 877/1913/917 553/1183/566
f 704/1516/727 738/1599/770 539/1153/550
f 468/984/479 511/1090/522 827/1782/860
f 727/1568/896 791/1872/895 728/1569/918
f 828/1836/861 772/1914/803 566/1406/579
f 793/1715/826 400/796/410 533/1129/544
f 634/1450/647 763/1651/794 878/1915/919
f 816/1764/849 832/1916/865 817/1765/850
f 830/1797/863 814/1762/847 776/1679/809
f 862/1880/899 863/1881/900 879/1917/920
f 831/1918/864 880/1919/921 833/1920/866
f 815/1921/848 865/1922/902 881/1923/922
f 882/1924/923 849/1851/883 851/1852/885
f 853/1889/887 697/1509/722 883/1925/924
f 624/1926/638 623/1927/637 766/1928/797
f 678/1620/699 558/1196/571 749/1621/780
f 870/1900/910 559/1929/572 804/1901/837
f 825/1779/858 855/1866/889 768/1664/925
f 874/1930/914 884/1931/926 663/1435/684
f 614/1317/627 509/1085/520 841/1908/874
f 875/1910/915 756/1909/787 737/1932/769
f 885/1933/927 683/1480/704 493/1048/504
f 786/1700/819 807/1745/840 525/1114/536
f 683/1934/704 886/1935/928 554/1936/567
f 597/1278/610 478/1277/489 745/1752/777
f 789/1937/822 689/1787/710 740/1938/772
f 740/1938/772 689/1787/710 788/1829/821
f 887/1939/929 760/1834/930 631/1833/931
f 729/1940/760 789/1941/822 812/1942/845
f 729/1943/760 689/1787/710 789/1937/822
f 717/1538/740 694/1944/719 483/1246/494
f 829/1793/862 635/1792/648 888/1945/932
f 795/1876/828 696/1541/721 674/1454/695
f 797/1946/830 889/1947/933 657/1948/678
f 797/1724/830 861/1879/898 889/1949/933
f 862/1880/899 890/1950/934 814/1762/847
f 879/1917/920 863/1881/900 891/1951/935
f 879/1917/920 892/1952/936 893/1953/937
f 879/1917/920 891/1951/935 892/1952/936
f 893/1953/937 894/1954/938 879/1917/920
f 831/1918/864 893/1953/937 880/1919/921
f 895/1955/939 863/1881/900 847/1846/881
f 895/1955/939 891/1951/935 863/1881/900
f 864/1884/901 848/1956/882 818/1885/851
f 881/1923/922 865/1922/902 896/1957/940
f 864/1958/901 777/1680/810 779/1682/812
f 866/1959/903 799/1960/832 850/1961/884
f 747/1685/778 866/1962/903 852/1856/886
f 823/1963/856 782/1734/815 609/1733/622
f 642/1894/941 897/1964/942 624/1802/943
f 658/1619/679 898/1965/944 625/1341/639
f 658/1619/679 899/1966/945 898/1965/944
f 573/1224/586 679/1474/700 900/1967/946
f 836/1895/869 824/1968/857 868/1896/906
f 855/1969/889 840/1970/908 768/1971/925
f 750/1622/781 803/1778/836 856/1972/890
f 769/1911/800 875/1910/915 884/1973/926
f 548/1206/561 858/1974/892 550/1272/563
f 806/1744/839 785/1743/818 872/1975/912
f 769/1668/800 874/1907/914 509/1085/520
f 682/1479/703 876/1912/916 553/1183/566
f 553/1183/566 877/1913/917 808/1746/841
f 554/1936/567 886/1935/928 809/1976/842
f 563/1208/576 555/1209/568 901/1977/947
f 654/1415/675 634/1450/647 902/1978/948
f 878/1915/919 763/1651/794 732/1586/763
f 860/1979/897 635/1363/648 602/1540/615
f 656/1980/677 775/1981/806 796/1982/829
f 903/1983/949 862/1880/899 879/1917/920
f 904/1984/950 879/1917/920 894/1954/938
f 816/1985/849 815/1921/848 905/1986/951
f 893/1953/937 831/1918/864 894/1954/938
f 892/1952/936 906/1987/952 893/1953/937
f 765/1988/796 778/1989/811 820/1990/853
f 847/1846/881 848/1847/882 895/1955/939
f 519/1991/530 907/1992/953 779/1993/812
f 908/1994/954 865/1995/902 849/1996/883
f 882/1924/923 908/1997/954 849/1851/883
f 850/1998/884 819/1999/852 866/2000/903
f 850/1961/884 799/1960/832 851/2001/885
f 535/1144/546 823/2002/856 802/1737/835
f 625/1341/639 909/2003/955 824/1806/857
f 836/2004/869 910/2005/956 803/2006/836
f 836/2004/869 869/2007/907 910/2005/956
f 872/1903/912 784/2008/817 561/1203/574
f 592/1556/605 552/1182/565 911/2009/957
f 841/1823/874 874/1930/914 663/1435/684
f 703/1515/726 912/2010/958 737/1598/769
f 807/2011/840 786/2012/819 755/2013/786
f 683/1480/704 913/2014/959 886/2015/928
f 809/1747/842 914/2016/960 757/1641/788
f 564/1211/577 705/1517/728 725/1558/750
f 540/1155/551 915/2017/961 616/1320/629
f 772/1914/803 828/1836/861 916/2018/962
f 654/1415/675 902/1978/948 745/1612/777
f 556/1188/569 692/1495/717 917/2019/963
f 902/1978/948 634/1450/647 878/1915/919
f 471/991/482 675/1456/696 732/1586/763
f 795/2020/964 918/2021/965 829/2022/862
f 720/1131/743 829/2022/862 918/2021/965
f 720/2023/743 675/1591/696 584/1592/597
f 861/2024/898 919/2025/966 889/1947/933
f 890/1950/934 861/1879/898 814/1762/847
f 832/2026/865 904/1984/950 894/1954/938
f 920/2027/967 778/1989/811 846/2028/880
f 832/2029/865 921/2030/968 831/2031/864
f 922/2032/969 881/2033/922 923/2034/970
f 891/1951/935 895/1955/939 924/2035/971
f 893/1953/937 906/1987/952 880/1919/921
f 848/1956/882 925/2036/972 895/2037/939
f 851/2038/885 781/1687/814 882/2039/923
f 851/2040/885 799/2041/832 781/2042/814
f 521/1105/532 698/1861/723 834/2043/867
f 679/1474/700 835/1808/868 900/1967/946
f 592/1694/605 911/2044/957 734/1695/765
f 737/1598/769 926/2045/973 875/2046/915
f 786/2012/819 858/2047/892 755/2013/786
f 786/1700/819 550/1180/563 858/2048/892
f 738/2049/770 911/2009/957 552/1182/565
f 493/1048/504 808/1746/841 885/1933/927
f 492/1046/503 842/1824/875 787/1701/820
f 683/1480/704 885/1933/927 913/2014/959
f 842/1824/875 757/1641/788 914/2016/960
f 563/2050/576 927/2051/974 928/2052/975
f 901/2053/947 555/1186/568 810/2054/843
f 555/1186/568 243/616/244 810/2054/843
f 929/2055/976 930/2056/977 931/2057/978
f 511/1090/522 724/1557/749 827/1782/860
f 693/2058/718 932/2059/979 933/2060/980
f 619/1533/632 934/2061/981 533/1129/544
f 693/1497/718 933/2062/980 618/1324/631
f 717/1538/740 813/2063/846 694/1944/719
f 829/2064/862 888/2065/932 935/2066/982
f 829/2064/862 935/2066/982 795/2067/964
f 889/1947/933 718/2068/741 657/1948/678
f 832/2069/865 816/2070/849 936/2071/983
f 903/1983/949 890/1950/934 862/1880/899
f 921/2030/968 832/2029/865 937/2072/984
f 894/2073/938 831/2074/864 921/2075/968
f 924/2035/971 892/1952/936 891/1951/935
f 865/1922/902 938/2076/985 896/1957/940
f 819/2077/852 939/2078/986 866/2079/903
f 781/1687/814 571/1221/584 801/1736/834
f 699/1511/724 940/2080/987 749/1621/780
f 749/1621/780 941/2081/988 678/1620/699
f 573/1224/586 900/1967/946 662/1430/683
f 857/1867/891 856/1865/890 910/2005/956
f 784/2008/817 872/1903/912 873/2082/913
f 629/1352/643 942/2083/989 703/1515/726
f 809/1976/842 886/1935/928 914/2084/960
f 943/2085/990 944/2086/991 931/2057/978
f 494/1049/505 645/1394/665 945/2087/992
f 647/1399/667 844/1827/878 771/1826/877
f 709/1519/730 946/2088/993 812/1754/845
f 771/1670/802 947/2089/994 598/1355/611
f 772/1671/803 947/2089/994 771/1670/802
f 772/1914/803 916/2018/962 948/2090/995
f 832/2026/865 936/2091/983 904/1984/950
f 879/1917/920 904/1984/950 903/1983/949
f 815/1921/848 881/1923/922 905/1986/951
f 923/2034/970 881/2033/922 896/2092/940
f 924/2035/971 906/1987/952 892/1952/936
f 848/1956/882 864/1884/901 949/2093/996
f 865/1995/902 908/1994/954 938/2094/985
f 819/2095/852 821/2096/854 939/2097/986
f 866/2098/903 950/2099/997 780/2100/998
f 780/2101/998 950/2102/997 867/2103/999
f 780/2050/998 852/2104/886 866/2105/903
f 748/1618/779 853/1860/887 899/2106/945
f 837/1813/870 951/2107/1000 801/1736/834
f 802/1737/835 804/1807/837 463/975/474
f 748/1618/779 899/2106/945 658/1690/679
f 699/1511/724 662/1430/683 940/2080/987
f 751/1625/782 783/1692/816 839/1815/872
f 734/1812/765 911/2009/957 837/1813/870
f 663/1475/684 884/2108/926 768/1664/799
f 682/2109/703 952/2110/1001 876/2111/916
f 953/2112/1002 954/2113/1003 563/1208/576
f 826/2114/859 955/1693/1004 682/2109/703
f 682/2109/703 955/1693/1004 952/2110/1001
f 901/1977/947 927/2115/974 563/1208/576
f 886/2015/928 913/2014/959 914/2016/960
f 931/2057/978 944/2086/991 929/2055/976
f 947/2116/994 762/1837/793 598/1279/611
f 691/1493/716 956/2117/1005 692/1495/717
f 556/1188/569 917/2019/963 693/1649/718
f 860/2118/897 888/2119/932 635/2120/648
f 889/1947/933 957/2121/1006 718/2068/741
f 861/2024/898 890/2122/934 919/2025/966
f 903/2123/949 904/2124/950 958/2125/1007
f 832/2126/865 894/2127/938 937/2128/984
f 894/837/938 921/2129/968 937/2130/984
f 779/1993/812 907/1992/953 959/2131/1008
f 852/1856/886 960/2132/1009 641/1686/661
f 900/1967/946 961/2133/1010 662/1430/683
f 768/2134/799 962/2135/1011 840/2136/873
f 869/2007/907 963/2137/1012 910/2005/956
f 868/1896/906 964/2138/1013 869/1897/907
f 803/1778/836 910/2139/956 856/1972/890
f 737/1598/769 912/2010/958 926/2045/973
f 912/2010/958 703/1515/726 965/2140/1014
f 874/1930/914 769/2141/800 884/1931/926
f 876/2111/916 966/2142/1015 877/2143/917
f 551/1181/564 563/1208/576 954/2113/1003
f 551/1181/564 954/2113/1003 644/1392/664
f 593/1273/606 770/1669/801 843/1825/876
f 876/2111/916 952/2110/1001 966/2142/1015
f 913/2014/959 967/2144/1016 914/2016/960
f 810/1748/843 510/1088/521 968/2145/1017
f 943/2085/990 969/2146/1018 944/2086/991
f 845/1839/879 970/2147/1019 794/1421/827
f 795/2148/964 935/2149/982 918/2150/965
f 718/1539/741 957/2151/1006 619/1718/632
f 958/2125/1007 971/2152/1020 890/2122/934
f 890/2122/934 903/2123/949 958/2125/1007
f 881/2033/922 922/2032/969 905/2153/951
f 880/2154/921 972/2155/1021 833/2156/866
f 895/2037/939 925/2036/972 924/2157/971
f 924/2157/971 973/2158/1022 906/2159/952
f 848/1956/882 949/2093/996 925/2036/972
f 779/1993/812 959/2131/1008 864/1884/901
f 882/1924/923 938/2160/985 908/1997/954
f 821/2096/854 974/2161/1023 939/2097/986
f 781/1687/814 801/1736/834 975/2162/1024
f 854/2163/888 678/1620/699 941/2081/988
f 824/1968/857 909/2164/955 868/1896/906
f 838/1814/871 700/1512/725 767/1663/798
f 976/2165/1025 839/1815/872 783/1692/816
f 884/2108/926 875/2046/915 926/2045/973
f 877/2143/917 966/2142/1015 808/2166/841
f 966/2142/1015 977/2167/1026 808/2166/841
f 977/2167/1026 885/2168/927 808/2166/841
f 826/2169/859 978/692/1027 955/2170/1004
f 859/2171/893 787/2172/820 943/2173/990
f 967/2144/1016 842/1824/875 914/2016/960
f 842/1824/875 967/2144/1016 787/1701/820
f 931/2174/978 859/2171/893 943/2173/990
f 885/2168/927 977/2167/1026 913/2175/959
f 913/2014/959 977/2176/1026 967/2144/1016
f 563/2177/576 928/2178/975 953/2179/1002
f 931/2057/978 930/2056/977 979/2180/1028
f 944/2181/991 980/2182/1029 929/2183/976
f 526/1115/537 981/2184/1030 540/1155/551
f 745/1752/777 982/2185/1031 811/1753/844
f 890/2122/934 983/2186/1032 919/2025/966
f 971/2152/1020 983/2186/1032 890/2122/934
f 984/2187/1033 985/2188/1034 936/2091/1035
f 904/2124/950 985/2189/1036 958/2125/1007
f 904/1984/950 936/2091/983 985/2188/1036
f 905/1986/951 986/2190/1037 816/1985/849
f 906/2159/952 987/2191/1038 880/2154/921
f 880/2154/921 987/2191/1038 972/2155/1021
f 959/2131/1008 949/2093/996 864/1884/901
f 820/1769/853 822/2192/855 723/1770/746
f 939/2078/986 950/2193/997 866/2079/903
f 697/1508/722 800/1735/833 883/2194/924
f 853/2195/887 898/1965/944 899/1966/945
f 835/1808/868 840/2196/873 900/1967/946
f 804/1807/837 988/2197/1039 736/2198/909
f 768/2134/799 989/2199/1040 962/2135/1011
f 768/1664/925 990/2200/1041 825/1779/858
f 703/1515/726 942/2083/989 965/2140/1014
f 942/2083/989 629/1352/643 991/2201/1042
f 807/1745/840 992/2202/1043 993/2203/1044
f 873/2204/913 872/2205/912 785/2206/818
f 859/1870/893 994/2207/1045 577/1232/590
f 953/2112/1002 995/2208/1046 954/2113/1003
f 977/2176/1026 996/2209/1047 967/2144/1016
f 577/1393/590 994/2210/1045 510/1210/521
f 969/2146/1018 943/2085/990 787/2211/820
f 997/2212/1048 724/1557/749 725/1558/750
f 729/1573/760 998/2213/1049 715/1574/738
f 793/1714/826 999/2214/1050 828/1791/861
f 673/2215/694 1000/2216/1051 774/2217/805
f 793/1715/826 533/1129/544 999/2218/1050
f 732/1586/763 675/1456/696 1001/2219/1052
f 619/1718/632 957/2151/1006 934/2220/981
f 935/2149/982 1002/2221/1053 918/2150/965
f 656/1418/677 794/1716/827 1003/2222/1054
f 1003/2222/1054 775/1844/806 656/1418/677
f 889/1947/933 919/2025/966 1004/2223/1055
f 775/2224/806 1003/2225/1054 846/2226/880
f 846/2028/880 1005/2227/1056 920/2027/967
f 960/2228/1009 852/2229/886 1006/2230/1057
f 909/2164/955 964/2138/1013 868/1896/906
f 700/1512/725 976/2165/1025 783/1692/816
f 475/998/486 838/1814/871 572/1223/585
f 992/2202/1043 807/1745/840 755/1635/786
f 1007/2231/1058 952/2232/1001 1008/2233/1059
f 1007/2231/1058 966/2234/1015 952/2232/1001
f 1009/2235/1060 996/2209/1047 977/2176/1026
f 1010/2236/1061 859/2237/893 931/2238/978
f 1010/2239/1061 931/2240/978 979/2241/1028
f 1011/2242/1062 944/2086/991 969/2146/1018
f 1011/2243/1062 1012/2244/1063 944/2181/991
f 1012/2244/1063 980/2182/1029 944/2181/991
f 1013/2245/1064 981/2184/1030 526/1115/537
f 1014/2246/1065 945/2087/992 645/1394/665
f 665/1437/686 616/1320/629 1015/2247/1066
f 1016/2248/1067 615/1318/628 494/1049/505
f 998/2249/1049 729/1940/760 812/1942/845
f 999/2218/1050 533/1129/544 934/2061/981
f 1018/2250/1068 971/2152/1020 958/2125/1007
f 925/2036/972 973/2158/1022 924/2157/971
f 974/2161/1023 950/2251/997 939/2097/986
f 1019/2252/1069 834/2043/867 698/1861/723
f 1020/2253/1070 804/1807/837 802/1737/835
f 964/2138/1013 963/2254/1012 869/1897/907
f 910/2005/956 1021/2255/1071 857/1867/891
f 1022/2256/1072 768/1971/925 840/1970/908
f 807/1745/840 991/2201/1042 629/1352/643
f 993/2203/1044 991/2201/1042 807/1745/840
f 966/2234/1015 1023/2257/1073 977/2176/1026
f 955/2258/1004 1008/2233/1059 952/2232/1001
f 969/2259/1018 787/2260/820 1024/2261/1074
f 981/2184/1030 915/2017/961 540/1155/551
f 726/1563/754 1025/2262/1075 1026/2263/1076
f 726/1563/754 1026/2263/1076 709/1519/730
f 709/1519/730 1026/2263/1076 946/2088/993
f 715/1574/738 998/2213/1049 1027/2264/1077
f 762/1650/793 970/2265/1019 845/1873/879
f 717/1538/740 774/1673/805 1028/2266/1078
f 794/2267/827 970/2268/1019 1029/2269/1079
f 970/2268/1019 1030/2270/1080 1029/2269/1079
f 918/2150/965 1031/2271/1081 720/2272/743
f 889/1947/933 1004/2223/1055 957/2121/1006
f 1032/2273/1082 816/2070/849 1033/2274/1083
f 985/2189/1036 1018/2250/1068 958/2125/1007
f 1033/2275/1083 816/1985/849 986/2190/1037
f 949/2093/996 1034/2276/1084 925/2036/972
f 906/2159/952 973/2158/1022 987/2191/1038
f 821/2277/854 833/2278/866 974/2279/1023
f 780/1683/998 1035/2280/1085 852/2281/886
f 960/2282/1009 1036/2283/1086 641/2284/661
f 642/1805/662 834/1804/867 1019/2285/1069
f 625/1341/639 1037/2286/1087 909/2003/955
f 898/1965/944 1037/2286/1087 625/1341/639
f 661/1428/682 1038/2287/1088 698/1510/723
f 854/2163/888 941/2081/988 1038/2288/1088
f 962/2289/1011 900/1967/946 840/2196/873
f 839/1815/872 976/2165/1025 1039/2290/1089
f 840/1898/908 839/1815/872 1039/2290/1089
f 768/1664/799 884/2108/926 989/2291/1040
f 843/1825/876 1040/2292/1090 704/1516/727
f 738/1599/770 704/1516/727 1041/2293/1091
f 946/2088/993 998/2294/1049 812/1754/845
f 812/1754/1092 998/2294/1093 1017/2295/1094
f 745/1612/777 902/1978/948 982/2296/1031
f 618/1324/631 1000/2297/1051 673/1451/694
f 717/1538/740 1042/2298/1095 813/2063/846
f 970/2268/1019 934/2299/981 957/2300/1006
f 970/2268/1019 957/2300/1006 1030/2270/1080
f 1043/2301/1096 905/2302/951 922/2303/969
f 1044/2304/1097 972/2155/1021 987/2191/1038
f 833/2278/866 972/2305/1021 974/2279/1023
f 519/1102/530 642/1551/662 907/2306/953
f 823/1963/856 609/1733/622 1045/2307/1098
f 960/2282/1009 1006/2308/1057 1046/2309/1099
f 642/1551/662 1019/2310/1069 907/2306/953
f 804/1807/837 1020/2253/1070 988/2197/1039
f 662/1430/683 961/2133/1010 940/2080/987
f 559/1201/572 838/1814/871 475/998/486
f 840/1898/908 1039/2290/1089 1022/2311/1072
f 1022/2312/1072 1047/2313/1100 768/943/925
f 990/2200/1041 1048/2314/1101 825/1779/858
f 768/1664/925 1047/2315/1100 990/2200/1041
f 1049/2316/1102 1024/2317/1074 787/2318/820
f 510/1088/521 1050/2319/1103 968/2145/1017
f 980/2182/1029 1010/2320/1061 929/2183/976
f 929/2321/976 1051/2322/1104 930/2323/977
f 665/1437/686 1015/2247/1066 1052/2324/1105
f 772/1671/1106 1025/2325/1075 1053/2326/1107
f 1027/2327/1077 998/2294/1049 946/2088/993
f 715/1531/738 948/2090/995 1054/2328/1108
f 715/1574/738 1027/2264/1077 948/2329/995
f 672/1448/693 716/1532/739 956/2117/1005
f 794/2330/827 1029/2331/1079 1055/2332/1109
f 1030/2333/1080 1056/2334/1110 1029/2335/1079
f 816/2070/849 1032/2273/1082 936/2071/983
f 919/2025/966 1057/2336/1111 1004/2223/1055
f 846/2226/880 1003/2225/1054 1058/2337/1112
f 936/2338/983 1059/2339/1113 985/2189/1036
f 949/2093/996 959/2131/1008 1060/2340/1114
f 852/500/886 1061/2341/1115 1006/2342/1057
f 951/2343/1000 975/2344/1024 801/280/834
f 661/1428/682 854/1863/888 1038/2287/1088
f 870/2345/910 988/2346/1039 1062/2347/1116
f 870/2345/910 1062/2347/1116 559/1201/572
f 736/2348/909 988/2346/1039 870/2345/910
f 942/2349/989 991/2350/1042 1063/2351/1117
f 978/2352/1027 1008/2233/1059 955/2258/1004
f 994/2207/1045 1050/2319/1103 510/1088/521
f 927/2115/974 1064/2353/1118 928/2354/975
f 979/2241/1028 1065/2355/1119 1010/2239/1061
f 665/1437/686 1052/2324/1105 705/1517/728
f 616/1320/629 915/2017/961 1015/2247/1066
f 615/1319/628 1066/2356/1120 647/1438/667
f 647/1399/667 1066/2357/1120 844/1827/878
f 726/1563/754 844/1827/878 1025/2262/1075
f 772/1671/803 1053/2326/1121 947/2089/994
f 672/1448/693 956/2117/1005 691/1493/716
f 692/1495/717 956/2117/1005 917/2019/963
f 917/2019/963 1067/2358/1122 693/1649/718
f 693/1649/718 1067/2358/1122 932/2359/979
f 878/1915/919 732/1586/763 1001/2219/1052
f 813/1760/846 1068/2360/1123 860/1874/897
f 675/2361/696 1069/2362/1124 1001/2363/1052
f 720/2364/743 1031/2365/1081 675/2361/696
f 936/2366/983 1032/2367/1082 1059/2368/1113
f 846/2226/880 1058/2337/1112 1005/2369/1056
f 920/2027/967 1070/2370/1125 778/1989/811
f 823/2002/856 1045/2371/1098 802/1737/835
f 963/2372/1012 964/2373/1013 1071/694/1126
f 838/1814/871 1062/2347/1116 1072/2374/1127
f 559/1201/572 1062/2347/1116 838/1814/871
f 962/2135/1011 989/2199/1040 1073/2375/1128
f 884/2108/926 1073/2376/1128 989/2291/1040
f 965/2377/1014 1074/2378/1129 912/2379/958
f 954/2113/1003 1075/2380/1130 644/1392/664
f 966/2234/1015 1007/2231/1058 1023/2257/1073
f 967/2144/1016 1076/2381/1131 787/1701/820
f 1008/2382/1059 1077/2383/1132 1007/2384/1058
f 928/2354/975 1064/2353/1118 953/2112/1002
f 929/2385/976 1010/2386/1061 1051/2387/1104
f 917/2019/963 1078/2388/1133 1079/2389/1134
f 970/2265/1019 762/1650/793 1080/2390/1135
f 970/2265/1019 1080/2390/1135 934/2391/981
f 860/2392/897 1068/505/1123 888/2393/932
f 935/2394/982 1081/2395/1136 1002/2396/1053
f 1059/2339/1113 1018/2250/1068 985/2189/1036
f 1043/2397/1096 922/2398/969 1082/2399/1137
f 778/1989/811 1070/2370/1125 820/1990/853
f 820/1769/853 1070/2400/1125 822/2192/855
f 907/1992/953 1083/2401/1138 959/2131/1008
f 959/2131/1008 1083/2401/1138 1084/2402/1139
f 883/1925/924 1036/2403/1086 853/1889/887
f 749/1621/780 1085/2404/1140 941/2081/988
f 700/1512/725 838/1814/871 1086/2405/1141
f 962/2135/1011 1073/2375/1128 1087/2406/1142
f 912/2010/958 1074/2407/1129 1088/2408/1143
f 628/1350/642 1089/2409/1144 805/1740/838
f 995/2208/1046 1090/2410/1145 954/2113/1003
f 1077/2383/1132 1091/2411/1146 1007/2384/1058
f 1049/2412/1102 1012/2413/1063 1024/2414/1074
f 1010/2236/1061 980/2415/1029 859/2237/893
f 1065/2416/1119 1051/2387/1104 1010/2386/1061
f 526/1115/537 706/1518/729 1013/2245/1064
f 615/1319/628 1016/2417/1067 1066/2356/1120
f 715/1531/738 1054/2328/1108 956/2117/1005
f 715/1531/738 956/2117/1005 716/1532/739
f 956/2117/1005 1092/2418/1147 917/2019/963
f 828/1791/861 999/2214/1050 916/2419/962
f 1028/2266/1078 1042/2298/1095 717/1538/740
f 813/2420/846 1042/2421/1095 1068/2422/1123
f 1032/2423/1082 1093/2424/1148 1059/2425/1113
f 1004/2223/1055 1094/2426/1149 957/2121/1006
f 983/2186/1032 1095/2427/1150 919/2025/966
f 919/2025/966 1095/2427/1150 1057/2336/1111
f 971/2152/1020 1095/2427/1150 983/2186/1032
f 1018/2250/1068 1096/2428/1151 971/2152/1020
f 922/2429/969 923/2430/970 1082/2431/1137
f 949/2093/996 1060/2340/1114 1034/2276/1084
f 972/2305/1021 1044/2432/1097 974/2279/1023
f 822/1772/855 1045/2371/1098 609/1296/622
f 641/1857/661 1036/2433/1086 800/1858/833
f 1097/2434/1152 883/2194/924 800/1735/833
f 1063/2435/1117 1098/2436/1153 942/2083/989
f 1088/2437/1143 1099/2438/1154 912/2439/958
f 942/2083/989 1098/2436/1153 965/2140/1014
f 1063/2351/1117 991/2350/1042 1100/2440/1155
f 977/2176/1026 1023/2257/1073 1009/2235/1060
f 810/2054/843 1101/2441/1156 901/2053/947
f 1007/2384/1058 1091/2411/1146 1023/2442/1073
f 969/2259/1018 1024/2261/1074 1102/1821/1157
f 947/2116/994 1103/2443/1158 762/1837/793
f 917/2019/963 1104/2444/1159 1067/2358/1122
f 934/2061/981 1080/2445/1135 999/2218/1050
f 794/1716/827 1055/2446/1109 1003/2222/1054
f 957/2121/1006 1094/2426/1149 1030/2447/1080
f 1057/2336/1111 1105/2448/1160 1004/2223/1055
f 1018/2250/1068 1059/2339/1113 1106/2449/1161
f 1043/2301/1096 986/2450/1037 905/2302/951
f 896/2451/940 1107/2452/1162 923/2453/970
f 907/1992/953 1108/2454/1163 1109/2455/1164
f 959/2131/1008 1084/2402/1139 1060/2340/1114
f 974/2161/1023 1110/2456/1165 950/2251/997
f 802/1737/835 1045/2371/1098 1020/2253/1070
f 907/2457/953 1019/2458/1069 1108/2459/1163
f 837/2460/870 975/2461/1024 951/2462/1000
f 1074/2407/1129 1111/2463/1166 1088/2408/1143
f 1088/2408/1143 1112/2464/1167 1087/2465/1142
f 963/2137/1012 1021/2255/1071 910/2005/956
f 963/2137/1012 1113/2466/1168 1021/2255/1071
f 1063/2435/1117 1114/2467/1169 1098/2436/1153
f 1099/2468/1154 926/2045/973 912/2010/958
f 965/2377/1014 1098/2469/1153 1074/2378/1129
f 754/1633/785 825/1779/858 1048/2314/1101
f 926/2045/973 1115/2470/1170 884/2108/926
f 704/1516/727 1040/2292/1090 1116/2471/1171
f 1049/2472/1102 787/1701/820 1117/2473/1172
f 859/2474/893 980/2475/1029 1049/2412/1102
f 978/2476/1027 1077/2383/1132 1008/2382/1059
f 980/2475/1029 1012/2413/1063 1049/2412/1102
f 1118/2477/1173 1119/2478/1174 1120/2479/1175
f 1121/1411/1176 1122/2480/1177 1123/2481/1178
f 946/2088/993 1026/2263/1076 1027/2327/1077
f 1122/2482/1177 1124/2483/1179 1123/2484/1178
f 948/2329/995 1053/2326/1121 772/1671/803
f 1054/2328/1108 1125/2485/1180 956/2117/1005
f 956/2117/1005 1125/2485/1180 1126/2486/1181
f 618/1324/631 1127/2487/1182 1000/2297/1051
f 618/1324/631 1128/2488/1183 1127/2487/1182
f 878/1915/919 1001/2219/1052 1129/2489/1184
f 935/2066/982 888/2065/932 1081/2490/1136
f 925/2036/972 1034/2276/1084 973/2158/1022
f 907/1992/953 1109/2455/1164 1083/2401/1138
f 1130/2491/1185 1060/2340/1114 1084/2402/1139
f 837/1813/870 911/2009/957 975/2162/1024
f 1100/2492/1155 1131/2493/1186 1063/2435/1117
f 1087/2494/1142 1132/2495/1187 1088/2496/1143
f 1049/2472/1102 1117/2473/1172 859/1870/893
f 1023/2442/1073 1091/2411/1146 1009/2497/1060
f 969/2259/1018 1102/1821/1157 1011/2498/1062
f 706/1518/729 811/1753/844 1013/2245/1064
f 1120/2499/1175 1119/2500/1174 1121/2501/1176
f 1026/2263/1076 1133/2502/1188 1027/2327/1077
f 917/2019/963 1079/2389/1134 1104/2444/1159
f 933/2062/980 1128/2488/1183 618/1324/631
f 1032/2503/1082 1134/2504/1189 1093/2505/1148
f 960/2282/1009 1046/2309/1099 1036/2283/1086
f 1038/2287/1088 1135/2506/1190 698/1510/723
f 941/2081/988 1136/2507/1191 1038/2288/1088
f 1087/2465/1142 1137/2508/1192 962/2289/1011
f 755/2509/786 1138/2510/1193 992/2511/1043
f 805/1740/838 871/1902/911 380/737/390
f 628/1350/642 754/1633/785 1089/2409/1144
f 926/2512/973 1099/2513/1154 1115/2514/1170
f 992/2515/1043 1138/2516/1193 993/2517/1044
f 770/1669/801 644/1392/664 1139/2518/1194
f 1116/2471/1171 1041/2293/1091 704/1516/727
f 927/2115/974 901/1977/947 1101/2519/1156
f 1140/2520/1195 1009/2497/1060 1091/2411/1146
f 1141/2521/1196 979/2522/1028 930/2523/977
f 1142/2524/1197 1143/2525/1198 1118/2526/1173
f 1142/2524/1197 1121/2527/1176 1123/2484/1178
f 1144/2528/1199 947/2089/994 1053/2326/1121
f 1145/2529/1200 982/2296/1031 902/1978/948
f 1146/2530/1201 1054/2328/1108 948/2090/995
f 933/2531/980 932/2359/979 1067/2358/1122
f 916/2419/962 999/2214/1050 1147/2532/1202
f 1147/2533/1202 999/2218/1050 1080/2445/1135
f 1031/2271/1081 918/2150/965 1002/2221/1053
f 1069/2362/1124 675/2361/696 1031/2365/1081
f 1095/2427/1150 971/2152/1020 1096/2428/1151
f 1094/2426/1149 1004/2223/1055 1105/2448/1160
f 882/2039/923 781/1687/814 1148/2534/1203
f 1149/2535/1204 852/2281/886 1035/2280/1085
f 1036/2433/1086 1097/2536/1152 800/1858/833
f 1108/2459/1163 1019/2458/1069 1150/2537/1205
f 1085/2404/1140 1136/2507/1191 941/2081/988
f 1111/2463/1166 1074/2407/1129 1098/2436/1153
f 1114/2467/1169 1063/2435/1117 1151/2538/1206
f 1073/2539/1128 1152/2540/1207 1087/2541/1142
f 1131/2542/1186 1151/2543/1206 1063/2544/1117
f 1088/2545/1143 1115/2514/1170 1099/2513/1154
f 911/2009/957 738/2049/770 1153/2546/1208
f 1115/2470/1170 1073/2376/1128 884/2108/926
f 967/2144/1016 996/2209/1047 1154/2547/1209
f 1024/2261/1074 1076/2548/1131 1102/1821/1157
f 1065/2355/1119 979/2241/1028 1155/2549/1210
f 1141/2550/1196 930/2323/977 1051/2322/1104
f 1156/2551/1211 1157/2552/1212 1158/2553/1213
f 1118/2526/1173 1120/2554/1175 1142/2524/1197
f 1027/2327/1077 1133/2502/1188 1159/2555/1214
f 1027/2264/1077 1159/2556/1214 1160/2557/1215
f 1161/2558/1216 1160/2557/1215 1159/2556/1214
f 916/2018/962 1162/2559/1217 1146/2530/1201
f 917/2019/963 1092/2418/1147 1078/2388/1133
f 902/1978/948 878/1915/919 1129/2489/1184
f 1163/2560/1218 1042/2298/1095 1028/2266/1078
f 1031/2271/1081 1002/2221/1053 1164/2561/1219
f 1030/2562/1080 1165/2563/1220 1056/2564/1110
f 1018/2250/1068 1106/2449/1161 1096/2428/1151
f 1043/2565/1096 1082/2566/1137 1166/2567/1221
f 974/2279/1023 1044/2432/1097 1110/2568/1165
f 896/1957/940 938/2076/985 1167/2569/1222
f 1167/2569/1222 938/2076/985 1148/2534/1203
f 938/2160/985 882/1924/923 1148/2238/1203
f 1148/2534/1203 781/1687/814 1168/2570/1223
f 781/1687/814 975/2162/1024 1168/2570/1223
f 1039/2571/1089 900/2572/1224 961/2573/1010
f 962/2289/1011 1137/2508/1192 900/1967/946
f 1039/2290/1089 976/2165/1025 1169/2574/1225
f 1152/2575/1207 1170/2576/1226 1087/2494/1142
f 857/1867/891 1138/2577/1193 755/1635/786
f 857/1867/891 1021/2255/1071 1138/2577/1193
f 1047/2578/1100 1022/2579/1072 990/2580/1041
f 1089/2409/1144 754/1633/785 1171/2581/1227
f 954/2113/1003 1090/2410/1145 1075/2380/1130
f 1024/2582/1074 1172/2583/1228 1076/2584/1131
f 1009/2497/1060 1140/2520/1195 996/2585/1047
f 1077/2586/1132 1173/2587/1229 1091/2588/1146
f 1011/2243/1062 1174/2589/1230 1012/2244/1063
f 1051/2322/1104 1175/2590/1231 1141/2550/1196
f 945/2087/992 1016/2248/1067 494/1049/505
f 956/2117/1005 1176/2591/1232 1092/2418/1147
f 948/2090/995 916/2018/962 1146/2530/1201
f 933/2531/980 1067/2358/1122 1128/2592/1183
f 1000/2216/1051 1177/2593/1233 774/2217/805
f 1095/2427/1150 1178/2594/1234 1057/2336/1111
f 1005/2227/1056 1179/2595/1235 920/2027/967
f 896/2451/940 1180/2596/1236 1107/2452/1162
f 1109/2597/1164 1108/2598/1163 1181/2599/1237
f 1019/2252/1069 1182/2600/1238 1150/2601/1205
f 1019/2252/1069 1135/2602/1190 1182/2600/1238
f 1019/2252/1069 698/1861/723 1135/2602/1190
f 749/1621/780 940/2080/987 1086/2603/1141
f 1072/2374/1127 1086/2405/1141 838/1814/871
f 991/2201/1042 993/2203/1044 1100/2492/1155
f 736/1597/768 871/1902/911 826/1781/859
f 967/2144/1016 1154/2547/1209 1076/2381/1131
f 810/2054/843 968/2604/1017 1101/2441/1156
f 1154/2605/1209 996/2585/1047 1183/2606/1239
f 1024/2582/1074 1012/2607/1063 1172/2583/1228
f 978/2608/1027 1184/2609/1240 1077/2610/1132
f 1184/2611/1240 1173/2587/1229 1077/2586/1132
f 982/2185/1031 1185/2612/1241 811/1753/844
f 1158/2553/1213 1157/2552/1212 1186/2613/1242
f 844/1827/878 1066/2357/1120 1187/2614/1243
f 948/2329/995 1144/2528/1199 1053/2326/1121
f 1067/2615/1122 1104/2616/1159 1128/2617/1183
f 1081/2395/1136 1188/2618/1244 1002/2396/1053
f 888/2065/932 1189/2619/1245 1081/2490/1136
f 1093/2620/1148 1134/2621/1189 1059/2339/1113
f 1106/2449/1161 1190/2622/1246 1096/2428/1151
f 1030/2447/1080 1094/2426/1149 1165/2623/1220
f 1058/2624/1112 1179/2595/1235 1005/2227/1056
f 1082/2431/1137 923/2430/970 1107/2625/1162
f 973/2158/1022 1034/2276/1084 1191/2626/1247
f 853/2627/887 1036/2628/1086 1037/2629/1087
f 898/2630/944 853/2627/887 1037/2629/1087
f 1038/2288/1088 1136/2507/1191 1192/2631/1248
f 964/2138/1013 1037/2632/1087 1071/2633/1126
f 700/1512/725 1086/2405/1141 976/2165/1025
f 1170/2576/1226 1132/2495/1187 1087/2494/1142
f 644/1392/664 1075/2380/1130 1139/2518/1194
f 1090/2634/1145 1193/2635/1249 1075/2636/1130
f 787/1701/820 1076/2381/1131 1117/2473/1172
f 953/2112/1002 1064/2353/1118 995/2208/1046
f 978/2608/1027 1194/2637/1250 1184/2609/1240
f 996/2585/1047 1140/2520/1195 1183/2606/1239
f 1012/2638/1063 1174/2639/1230 1172/2640/1228
f 705/1517/728 1052/2324/1105 1195/2641/1251
f 947/2089/994 1144/2528/1199 1103/2642/1158
f 1103/2443/1158 1196/2643/1252 762/1837/793
f 762/1650/793 1196/2644/1252 1080/2390/1135
f 1032/2273/1082 1033/2274/1083 1197/2645/1253
f 1095/2427/1150 1096/2428/1151 1178/2594/1234
f 1058/2646/1112 1003/2174/1054 1198/2647/1254
f 1082/2431/1137 1107/2625/1162 1199/2648/1255
f 822/2192/855 1070/2400/1125 1200/1365/1256
f 973/2158/1022 1191/2626/1247 987/2191/1038
f 987/2191/1038 1201/2649/1257 1044/2304/1097
f 822/1772/855 1200/2650/1256 1045/2371/1098
f 1038/2287/1088 1192/2651/1248 1135/2506/1190
f 1085/2404/1140 1202/2652/1258 1203/2653/1259
f 749/1621/780 1086/2603/1141 1085/2404/1140
f 1153/2546/1208 975/2162/1024 911/2009/957
f 1170/2654/1226 1152/2655/1207 1204/2656/1260
f 1100/2492/1155 993/2203/1044 1205/2657/1261
f 1132/2658/1187 1115/2659/1170 1088/2660/1143
f 1076/2661/1131 1154/2605/1209 1102/2662/1157
f 1075/2636/1130 1193/2635/1249 1206/2663/1262
f 1155/2549/1210 979/2241/1028 1141/2664/1196
f 1173/2587/1229 1207/2665/1263 1091/2588/1146
f 645/1394/665 827/1782/860 1208/2666/1264
f 1119/2478/1174 1122/2667/1177 1121/2668/1176
f 1209/2669/1265 1124/2670/1179 1122/2671/1177
f 844/1827/878 1187/2614/1243 1025/2262/1075
f 1121/2527/1176 1142/2524/1197 1120/2554/1175
f 1123/2484/1178 1124/2483/1179 1142/2524/1197
f 1210/2672/1266 1211/2673/1267 1161/2674/1216
f 1054/2328/1108 1212/2675/1268 1125/2485/1180
f 1054/2328/1108 1146/2530/1201 1212/2675/1268
f 1068/2422/1123 1042/2421/1095 1213/2676/1269
f 888/2677/932 1068/2678/1123 1189/2679/1245
f 1055/2332/1109 1029/2331/1079 1214/2680/1270
f 1043/2301/1096 1166/2681/1221 986/2450/1037
f 950/2682/997 1110/2683/1165 867/2684/999
f 883/1925/924 1097/2685/1152 1036/2403/1086
f 1135/2686/1190 1192/2687/1248 1136/2688/1271
f 940/2080/987 961/2133/1010 1086/2603/1141
f 1151/2538/1206 1215/2689/1272 1216/2690/1273
f 963/2137/1012 1071/2691/1126 1113/2466/1168
f 1087/2465/1142 1112/2464/1167 1137/2508/1192
f 993/2517/1044 1215/2692/1272 1205/2693/1261
f 1073/2376/1128 1204/2694/1260 1152/2695/1207
f 1041/2696/1091 1153/2546/1208 738/2049/770
f 826/1781/859 871/1902/911 1217/2697/1274
f 1076/2698/1131 1172/2699/1228 1117/2700/1172
f 859/1870/893 1117/2473/1172 1050/2319/1103
f 859/1870/893 1050/2319/1103 994/2207/1045
f 978/2701/1027 1218/2702/1275 1194/2703/1250
f 1155/2549/1210 1219/2704/1276 1065/2355/1119
f 1173/2587/1229 1220/2705/1277 1207/2665/1263
f 1091/2588/1146 1207/2665/1263 1140/2706/1195
f 981/2184/1030 1221/2707/1278 915/2017/961
f 645/1394/665 1208/2666/1264 1014/2246/1065
f 1208/2666/1264 827/1782/860 1222/2708/1279
f 1161/2674/1216 1211/2673/1267 1160/2709/1215
f 1027/2264/1077 1144/2528/1199 948/2329/995
f 1126/2486/1181 1176/2591/1232 956/2117/1005
f 1000/2297/1051 1127/2487/1182 1177/2710/1233
f 1068/2678/1123 1213/2711/1269 1189/2679/1245
f 1081/2490/1136 1189/2619/1245 1188/2712/1244
f 1029/2335/1079 1056/2334/1110 1214/2713/1270
f 1223/2714/1280 1003/2222/1054 1055/2446/1109
f 1057/2336/1111 1224/2715/1281 1105/2448/1160
f 1225/2716/1282 1084/2402/1139 1083/2401/1138
f 1060/2340/1114 1130/2491/1185 1226/2717/1283
f 896/1957/940 1167/2569/1222 1180/2718/1236
f 1108/2598/1163 1150/2719/1205 1181/2599/1237
f 1149/2720/1204 1037/2629/1087 1036/2628/1086
f 1086/2603/1141 1202/2652/1258 1085/2404/1140
f 961/2133/1010 1169/2721/1225 1086/2603/1141
f 961/2133/1010 900/1967/946 1227/2722/1284
f 1151/2538/1206 1216/2690/1273 1114/2467/1169
f 1022/2723/1072 1228/2724/1285 990/2725/1041
f 1022/2723/1072 1229/2726/1286 1228/2724/1285
f 1100/2492/1155 1205/2657/1261 1131/2493/1186
f 1090/2634/1145 995/2727/1046 1193/2635/1249
f 1011/2243/1062 1102/2728/1157 1174/2589/1230
f 1065/2729/1119 1230/2730/1287 1051/2731/1104
f 915/2017/961 1231/2732/1288 1232/2733/1289
f 1156/2734/1211 1233/2735/1290 1157/2736/1212
f 1027/2264/1077 1160/2557/1215 1144/2528/1199
f 1092/2418/1147 1234/2737/1291 1078/2388/1133
f 1104/2738/1159 1235/2565/1292 1128/2739/1183
f 1147/2532/1202 1162/2740/1217 916/2419/962
f 1146/2530/1201 1236/2741/1293 1212/2675/1268
f 902/1362/948 1129/2742/1184 1145/386/1200
f 1031/2365/1081 1197/2743/1253 1069/2362/1124
f 1106/2449/1161 1059/2339/1113 1237/2744/1294
f 1178/2594/1234 1224/2715/1281 1057/2336/1111
f 1096/2428/1151 1190/2622/1246 1178/2594/1234
f 1094/2745/1149 1105/2746/1160 1238/2747/1295
f 1058/2646/1112 1198/2647/1254 1179/2748/1235
f 1060/2340/1114 1226/2717/1283 1034/2276/1084
f 1034/2276/1084 1226/2717/1283 1191/2626/1247
f 1149/2749/1204 1061/2341/1115 852/500/886
f 1045/2371/1098 1239/2750/1296 1020/2253/1070
f 1085/2404/1140 1240/2751/1297 1136/2507/1191
f 1192/2752/1298 1182/2753/1238 1136/2754/1299
f 1114/2467/1169 1216/2690/1273 1241/2755/1300
f 1037/2756/1087 1113/2466/1168 1071/2691/1126
f 1088/2408/1143 1111/2463/1166 1112/2464/1167
f 1131/2757/1186 1205/2693/1261 1151/2758/1206
f 993/2517/1044 1138/2516/1193 1215/2692/1272
f 805/1740/838 1242/2759/1301 871/1902/911
f 1073/2376/1128 1115/2470/1170 1204/2694/1260
f 1228/2760/1285 1048/2314/1101 990/2200/1041
f 1040/2292/1090 1243/2761/1302 1116/2471/1171
f 843/1825/876 1243/2761/1302 1040/2292/1090
f 927/2115/974 1101/2519/1156 1064/2353/1118
f 995/2762/1046 1064/2763/1118 1244/2764/1303
f 1244/2765/1303 1193/2766/1249 995/2767/1046
f 1173/2587/1229 1184/2611/1240 1220/2705/1277
f 1140/2706/1195 1245/2768/1304 1183/2769/1239
f 1183/2606/1239 1102/2662/1157 1154/2605/1209
f 1230/2770/1287 1175/2590/1231 1051/2322/1104
f 1122/2667/1177 1119/2478/1174 1209/2771/1265
f 1124/1926/1179 1209/2772/1265 1186/2773/1242
f 1143/2379/1198 1142/2774/1197 1246/2775/1305
f 1126/2486/1181 1125/2485/1180 1247/2776/1306
f 1212/2675/1268 1248/2777/1307 1125/2485/1180
f 1162/2559/1217 1249/2778/1308 1146/2530/1201
f 1028/2266/1078 774/1673/805 1177/2779/1233
f 1164/2780/1219 1197/2743/1253 1031/2365/1081
f 1134/2621/1189 1250/2781/1309 1059/2339/1113
f 1106/2449/1161 1251/2782/1310 1190/2622/1246
f 1224/2715/1281 1252/2783/1311 1105/2448/1160
f 1105/2448/1160 1252/2783/1311 1238/2784/1295
f 1094/2745/1149 1253/2785/1312 1165/2786/1220
f 1238/2747/1295 1253/2785/1312 1094/2745/1149
f 1109/2455/1164 1254/2787/1313 1083/2401/1138
f 1083/2401/1138 1254/2787/1313 1225/2716/1282
f 1084/2402/1139 1255/2788/1314 1130/2491/1185
f 867/1888/999 1035/2280/1085 780/1683/998
f 1061/2341/1115 1046/2789/1099 1006/2342/1057
f 1182/2600/1238 1181/2790/1237 1150/2601/1205
f 1182/2791/1238 1192/2792/1298 1181/2793/1237
f 1098/2436/1153 1114/2467/1169 1111/2463/1166
f 964/2138/1013 909/2164/955 1037/2632/1087
f 1205/2693/1261 1215/2692/1272 1151/2758/1206
f 1217/2697/1274 978/2794/1027 826/1781/859
f 1075/2380/1130 1256/2795/1315 1139/2518/1194
f 1194/2703/1250 1218/2702/1275 1257/2796/1316
f 1194/2797/1250 1258/2798/1317 1184/2799/1240
f 1259/2800/1318 1220/2801/1277 1258/2798/1317
f 1117/2700/1172 1219/2802/1276 1050/2803/1103
f 1260/2804/1319 1064/2805/1118 1101/2806/1156
f 1184/2799/1240 1258/2798/1317 1220/2801/1277
f 1101/2806/1156 968/2807/1017 1260/2804/1319
f 1141/2664/1196 1260/2808/1319 1155/2549/1210
f 1219/2809/1276 1230/2730/1287 1065/2729/1119
f 1141/2550/1196 1175/2590/1231 1260/2810/1319
f 705/2811/728 1261/2812/1320 725/2813/750
f 915/2017/961 1221/2707/1278 1231/2732/1288
f 1156/2814/1211 1262/2815/1321 1233/2816/1290
f 1119/2478/1174 1263/2817/1322 1209/2771/1265
f 1186/2613/1242 1209/2818/1265 1158/2553/1213
f 1159/2555/1214 1133/2502/1188 1161/2819/1216
f 982/2296/1031 1264/2820/1323 1185/2821/1241
f 1126/2486/1181 1265/2822/1324 1176/2591/1232
f 1176/2591/1232 1266/2823/1325 1092/2418/1147
f 1079/2389/1134 1267/2824/1326 1104/2444/1159
f 1249/2778/1308 1268/2825/1327 1146/2530/1201
f 1162/2740/1217 1147/2532/1202 1269/2826/1328
f 1177/2779/1233 1163/2560/1218 1028/2266/1078
f 1163/2560/1218 1270/2827/1329 1042/2298/1095
f 1213/2676/1269 1042/2421/1095 1270/2828/1329
f 1196/2829/1252 1055/2332/1109 1214/2680/1270
f 1189/2619/1245 1271/2830/1330 1188/2712/1244
f 1032/2503/1082 1272/2831/1331 1134/2504/1189
f 1200/2832/1256 1070/2833/1125 920/2834/967
f 1273/2835/1332 1191/2626/1247 1226/2717/1283
f 1254/2836/1313 1109/2597/1164 1274/2837/1333
f 1135/2838/1190 1136/2839/1271 1240/2840/1334
f 1275/2841/1335 1192/2631/1298 1276/2842/1336
f 1276/2842/1336 1192/2631/1298 1136/2507/1337
f 1240/2751/1334 1136/2507/1299 1182/2600/1238
f 1227/2722/1284 900/1967/946 1137/2508/1192
f 1216/2690/1273 1215/2689/1272 1138/2577/1193
f 1229/2843/1286 1039/2290/1089 1169/2574/1225
f 1256/2844/1338 1277/2845/1339 1075/2846/1340
f 1050/2803/1103 1155/2847/1210 968/2807/1017
f 1155/2847/1210 1050/2803/1103 1219/2802/1276
f 1219/2802/1276 1117/2700/1172 1172/2699/1228
f 1207/2665/1263 1245/2768/1304 1140/2706/1195
f 1278/2848/1341 1102/2849/1157 1183/2769/1239
f 968/2807/1017 1155/2847/1210 1260/2804/1319
f 827/1782/860 724/1557/749 997/2212/1048
f 1279/2850/1342 811/1753/844 1185/2612/1241
f 1119/2478/1174 1118/2477/1173 1143/2851/1198
f 1280/2852/1343 1233/2735/1290 1281/2853/1344
f 1282/2854/1345 1246/2855/1305 1283/2856/1346
f 1246/2855/1305 1142/2857/1197 1283/2856/1346
f 1133/2502/1188 1210/2858/1266 1161/2819/1216
f 1284/2859/1347 1211/2673/1267 1210/2672/1266
f 1285/2860/1348 1160/2557/1215 1211/2861/1267
f 1104/2444/1159 1286/2862/1349 1235/2863/1292
f 1188/2618/1244 1287/2864/1350 1002/2396/1053
f 1197/2645/1253 1164/2865/1219 1032/2273/1082
f 1056/2564/1110 1165/2563/1220 1288/2866/1351
f 1237/2744/1294 1251/2782/1310 1106/2449/1161
f 1223/2714/1280 1198/2867/1254 1003/2222/1054
f 1255/2788/1314 1084/2402/1139 1225/2716/1282
f 1255/2788/1314 1289/2868/1352 1130/2491/1185
f 1191/2626/1247 1201/2649/1257 987/2191/1038
f 1086/2405/1141 1072/2374/1127 1202/2869/1258
f 1169/2574/1225 1290/2870/1353 1229/2843/1286
f 1039/2290/1089 1229/2843/1286 1022/2311/1072
f 1291/2871/1354 1292/2872/1355 1293/2873/1356
f 1294/2874/1357 1293/2875/1356 1292/2876/1355
f 1206/2663/1262 1295/2877/1358 1075/2636/1130
f 1194/2703/1250 1257/2796/1316 1258/2878/1317
f 1259/2800/1318 1296/2879/1359 1207/2880/1263
f 1259/2800/1318 1207/2880/1263 1220/2801/1277
f 1013/2245/1064 811/1753/844 1279/2850/1342
f 1232/2733/1289 1015/2247/1066 915/2017/961
f 945/2087/992 1297/2881/1360 1016/2248/1067
f 1262/2815/1321 1298/2882/1361 1233/2816/1290
f 1281/2883/1344 1298/2882/1361 1280/2884/1343
f 1143/2851/1198 1246/2855/1305 1119/2478/1174
f 1133/2502/1188 1026/2263/1076 1299/2885/1362
f 1264/2820/1323 982/2296/1031 1145/2529/1200
f 1103/2886/1158 1144/2887/1199 1300/2888/1363
f 1265/2822/1324 1126/2486/1181 1247/2776/1306
f 1266/2823/1325 1301/2889/1364 1092/2418/1147
f 1302/2890/1365 1303/2891/1366 1092/2418/1147
f 1268/2825/1327 1236/2741/1293 1146/2530/1201
f 1002/2221/1053 1287/2892/1350 1164/2561/1219
f 1055/2446/1109 1196/2643/1252 1304/2893/1367
f 1059/2339/1113 1250/2781/1309 1237/2744/1294
f 1198/2647/1254 920/2834/967 1179/2748/1235
f 1082/2431/1137 1199/2648/1255 1166/2894/1221
f 920/2834/967 1198/2647/1254 1200/2832/1256
f 1044/2895/1097 1201/2896/1257 1110/2683/1165
f 1181/2599/1237 1274/2837/1333 1109/2597/1164
f 1036/2283/1086 1061/2897/1115 1149/1849/1204
f 1239/2750/1296 988/2197/1039 1020/2253/1070
f 1275/2898/1335 1181/2793/1237 1192/2792/1298
f 1135/2602/1190 1240/2751/1334 1182/2600/1238
f 1062/2347/1116 1305/2899/1368 1072/2374/1127
f 1137/2508/1192 1112/2464/1167 1306/2900/1369
f 976/2165/1025 1086/2405/1141 1169/2574/1225
f 1021/2255/1071 1216/2690/1273 1138/2577/1193
f 871/1902/911 1307/2901/1370 1217/2697/1274
f 770/1669/801 1308/2902/1371 843/1825/876
f 1075/2846/1130 1295/2903/1358 1277/2845/1372
f 1206/2904/1262 1309/2905/1373 1310/2906/1374
f 1231/2732/1288 1311/2907/1375 1232/2733/1289
f 1281/2883/1344 1233/2816/1290 1298/2882/1361
f 1025/2262/1075 1299/2885/1362 1026/2263/1076
f 1187/2614/1243 1299/2885/1362 1025/2262/1075
f 1284/2908/1347 1210/2858/1266 1312/2909/1376
f 1313/2910/1377 1267/2911/1326 1314/2912/1378
f 1315/2913/1379 1267/2914/1326 1313/2915/1377
f 1316/2916/1380 1286/2862/1349 1104/2444/1159
f 1248/2777/1307 1247/2776/1306 1125/2485/1180
f 1078/2388/1133 1234/2737/1291 1317/2917/1381
f 1080/2445/1135 1318/2918/1382 1147/2533/1202
f 1304/2893/1367 1223/2714/1280 1055/2446/1109
f 1134/2621/1189 1272/2919/1331 1250/2781/1309
f 1166/2681/1221 1319/2920/1383 986/2450/1037
f 1253/2921/1312 1288/2922/1351 1165/2923/1220
f 1130/2491/1185 1289/2868/1352 1226/2717/1283
f 1191/2626/1247 1273/2835/1332 1320/2924/1384
f 1085/2404/1140 1203/2653/1259 1240/2751/1297
f 975/2162/1024 1153/2546/1208 1168/2570/1223
f 1072/2374/1127 1305/2899/1368 1202/2869/1258
f 1227/2722/1284 1169/2721/1225 961/2133/1010
f 1115/2470/1170 1132/2925/1187 1204/2694/1260
f 1183/2769/1239 1245/2768/1304 1278/2848/1341
f 1206/2904/1262 1193/2926/1249 1309/2905/1373
f 1172/2640/1228 1174/2639/1230 1321/2927/1385
f 1209/2771/1265 1263/2817/1322 1322/2928/1386
f 1016/2929/1067 1187/2614/1243 1066/2357/1120
f 1323/2930/1387 1284/2908/1347 1324/2931/1388
f 1314/2932/1378 1317/2917/1381 1325/2933/1389
f 1267/2911/1326 1317/2934/1381 1314/2912/1378
f 1144/2528/1199 1160/2557/1215 1285/2860/1348
f 1078/2388/1133 1317/2917/1381 1079/2389/1134
f 1147/2533/1202 1318/2918/1382 1269/2935/1328
f 1196/2829/1252 1214/2680/1270 1326/2936/1390
f 1327/2937/1391 1032/2938/1082 1164/2939/1219
f 1190/2622/1246 1328/2940/1392 1178/2594/1234
f 1178/2594/1234 1328/2940/1392 1224/2715/1281
f 1253/2785/1312 1238/2747/1295 1329/2941/1393
f 1329/2941/1393 1225/2942/1282 1254/2943/1313
f 1110/2683/1165 1035/2944/1085 867/2684/999
f 1153/2546/1208 1330/2945/1394 1168/2570/1223
f 1136/2507/1337 1240/2751/1297 1276/2842/1336
f 1114/2467/1169 1241/2755/1300 1111/2463/1166
f 1229/2726/1286 1331/2946/1395 1228/2724/1285
f 1294/2947/1357 1291/2871/1354 1293/2873/1356
f 1089/2409/1144 1242/2759/1301 805/1740/838
f 1207/2880/1263 1296/2879/1359 1332/2948/1396
f 1207/2880/1263 1332/2948/1396 1245/2949/1304
f 1333/2950/1397 1193/2951/1249 1334/2952/1398
f 1309/2953/1373 1193/2951/1249 1333/2950/1397
f 1321/2954/1385 1335/2955/1399 1172/2956/1228
f 1233/2735/1290 1280/2852/1343 1336/2957/1400
f 1142/2524/1197 1337/2958/1401 1338/2959/1402
f 1124/2483/1179 1337/2958/1401 1142/2524/1197
f 1264/2820/1323 1145/2529/1200 1339/2960/1403
f 1104/2444/1159 1267/2824/1326 1316/2916/1380
f 1092/2418/1147 1303/2891/1366 1234/2737/1291
f 1127/2487/1182 1128/2488/1183 1163/2961/1218
f 1212/2675/1268 1236/2741/1293 1248/2777/1307
f 1162/2962/1217 1269/2963/1328 1249/2964/1308
f 1196/2965/1252 1326/2966/1390 1080/2967/1135
f 1190/2622/1246 1251/2782/1310 1340/2968/1404
f 1253/2785/1312 1329/2941/1393 1254/2943/1313
f 1036/2283/1086 1046/2309/1099 1061/2897/1115
f 1275/2953/1335 1276/2969/1336 1341/2970/1405
f 988/2346/1039 1305/2899/1368 1062/2347/1116
f 1170/2654/1226 1204/2656/1260 1132/2971/1187
f 754/1633/785 1048/2314/1101 1171/2581/1227
f 1116/2471/1171 1342/2972/1406 1041/2293/1091
f 1244/2765/1303 1064/2973/1118 1343/2974/1407
f 1244/2765/1303 1344/2975/1408 1193/2766/1249
f 1310/2976/1374 1309/2977/1373 1345/2978/1409
f 705/1517/728 1195/2641/1251 1261/2979/1320
f 1233/2735/1290 1336/2957/1400 1157/2736/1212
f 1142/2524/1197 1338/2959/1402 1283/2980/1346
f 1314/2932/1378 1325/2933/1389 1313/2981/1377
f 1313/2981/1377 1325/2933/1389 1315/2982/1379
f 1317/2917/1381 1267/2824/1326 1079/2389/1134
f 1129/2489/1184 1001/2219/1052 1145/2529/1200
f 1080/2983/1135 1346/768/1410 1318/2984/1382
f 1271/2985/1330 1287/2864/1350 1188/2618/1244
f 1189/2619/1245 1347/2986/1411 1271/2830/1330
f 1056/2987/1110 1288/2988/1351 1214/2989/1270
f 1224/2990/1281 1328/2991/1392 1348/2992/1412
f 1223/2714/1280 1349/2993/1413 1198/2867/1254
f 1238/2747/1295 1350/2994/1414 1329/2941/1393
f 1329/2941/1393 1350/2994/1414 1225/2942/1282
f 1200/2650/1256 1198/2867/1254 1349/2993/1413
f 1225/2942/1282 1350/2994/1414 1255/2995/1314
f 1289/2996/1352 1255/2995/1314 1351/2997/1415
f 1352/2998/1416 1239/2750/1296 1045/2371/1098
f 1342/2999/1406 1153/2546/1208 1041/2696/1091
f 1243/2761/1302 1342/2972/1406 1116/2471/1171
f 1334/3000/1398 1353/3001/1417 1333/3002/1397
f 1354/3003/1418 1355/3004/1419 1356/3005/1420
f 1357/3006/1421 1358/3007/1422 1344/3008/1408
f 1356/3009/1420 1359/3010/1423 1259/3011/1318
f 1359/3010/1423 1296/3012/1359 1259/3011/1318
f 1359/3010/1423 1332/3013/1396 1296/3012/1359
f 1258/2878/1317 1356/3009/1420 1259/3011/1318
f 1245/2949/1304 1332/2948/1396 1278/3014/1341
f 1333/3015/1397 1360/3016/1424 1309/3017/1373
f 1172/2956/1228 1335/2955/1399 1219/3018/1276
f 1219/3019/1276 1335/3020/1399 1230/3021/1287
f 1324/2931/1388 1361/3022/1425 1323/2930/1387
f 1234/2737/1291 1325/2933/1389 1317/2917/1381
f 1315/2913/1379 1316/856/1380 1267/2914/1326
f 1144/2887/1199 1285/3023/1348 1300/2888/1363
f 986/2190/1037 1362/3024/1426 1033/2275/1083
f 1190/2622/1246 1340/2968/1404 1328/2940/1392
f 1252/3025/1311 1350/2994/1414 1238/2747/1295
f 1289/2868/1352 1363/3026/1427 1226/2717/1283
f 1363/3026/1427 1273/2835/1332 1226/2717/1283
f 1320/2924/1384 1201/2649/1257 1191/2626/1247
f 1276/2842/1336 1240/2751/1297 1341/3027/1405
f 1364/3028/1428 1305/2899/1368 988/2346/1039
f 1137/2508/1192 1290/3029/1353 1227/2722/1284
f 1242/2759/1301 1365/3030/1429 871/1902/911
f 1277/3031/1372 1366/3032/1430 1256/2795/1315
f 1358/3033/1422 1353/3001/1417 1334/3000/1398
f 1344/3008/1408 1358/3007/1422 1334/2952/1398
f 1332/3013/1396 1367/3034/1431 1278/3035/1341
f 1367/3036/1431 1368/3037/1432 1278/3038/1341
f 1368/3037/1432 1369/3039/1433 1321/3040/1385
f 1257/2796/1316 1370/3041/1434 1258/2878/1317
f 1368/3037/1432 1321/3040/1385 1278/3038/1341
f 1321/3040/1385 1369/3039/1433 1335/3042/1399
f 1334/2952/1398 1193/2951/1249 1344/3008/1408
f 1244/2765/1303 1343/2974/1407 1371/3043/1435
f 1064/2973/1118 1260/2810/1319 1343/2974/1407
f 1372/3044/1436 1373/3045/1437 1374/3046/1438
f 1092/2418/1147 1301/2889/1364 1302/2890/1365
f 1127/2487/1182 1163/2961/1218 1177/2710/1233
f 1213/2711/1269 1375/3047/1439 1189/2679/1245
f 1164/2561/1219 1376/3048/1440 1327/3049/1391
f 1327/3050/1391 1272/2831/1331 1032/2503/1082
f 1340/3051/1404 1377/3052/1441 1328/2991/1392
f 1224/2990/1281 1348/2992/1412 1252/3025/1311
f 1351/2997/1415 1255/2995/1314 1350/2994/1414
f 1378/3053/1442 1199/3054/1255 1107/2452/1162
f 1379/3055/1443 1274/3056/1333 1181/3057/1237
f 1275/2898/1335 1380/3058/1444 1181/2793/1237
f 1181/2793/1237 1380/3058/1444 1379/3059/1443
f 1364/3060/1428 988/2197/1039 1239/2750/1296
f 1149/2720/1204 1381/3061/1445 1037/2629/1087
f 1227/2722/1284 1290/3029/1353 1169/2721/1225
f 1381/3062/1445 1113/2466/1168 1037/2756/1087
f 1229/2843/1286 1290/2870/1353 1382/3063/1446
f 1171/2581/1227 1048/2314/1101 1383/3064/1447
f 1307/2901/1370 871/1902/911 1365/3030/1429
f 1139/2518/1194 1256/2795/1315 1384/3065/1448
f 1217/2697/1274 1218/3066/1275 978/2794/1027
f 1385/3067/1449 1386/3068/1450 1353/3069/1417
f 1387/3070/1451 1359/3071/1423 1356/3072/1420
f 1359/3010/1423 1388/3073/1452 1332/3013/1396
f 1360/3074/1424 1333/3075/1397 1353/3076/1417
f 1389/3077/1453 1295/2877/1358 1390/3078/1454
f 1370/3041/1434 1356/3009/1420 1258/2878/1317
f 1391/3079/1455 1263/2817/1322 1119/2478/1174
f 1372/3080/1436 1374/3081/1438 1392/3082/1456
f 1393/3083/1457 1176/2591/1232 1265/2822/1324
f 1394/3084/1458 1211/2861/1267 1284/3085/1347
f 1393/3083/1457 1266/2823/1325 1176/2591/1232
f 1395/3086/1459 1235/3087/1292 1286/3088/1349
f 1396/3089/1460 1265/2822/1324 1247/2776/1306
f 1397/3090/1461 1318/3091/1382 1346/3092/1410
f 1362/3024/1426 986/2190/1037 1398/3093/1462
f 1340/2968/1404 1251/2782/1310 1399/3094/1463
f 1328/2991/1392 1377/3052/1441 1348/2992/1412
f 1348/2992/1412 1351/2997/1415 1252/3025/1311
f 1252/3025/1311 1351/2997/1415 1350/2994/1414
f 1107/2452/1162 1180/2596/1236 1378/3053/1442
f 1400/3095/1464 1401/3096/1465 1110/2683/1165
f 1382/3063/1446 1402/3097/1466 1229/2843/1286
f 1292/3098/1355 1291/3099/1354 1403/3100/1467
f 1228/2760/1285 1404/3101/1468 1048/2314/1101
f 1308/2902/1371 1405/3102/1469 843/1825/876
f 1277/2845/1372 1295/2903/1358 1406/3103/1470
f 1139/2518/1194 1308/2902/1371 770/1669/801
f 1407/3104/1471 1408/3105/1472 1369/3039/1433
f 1409/3106/1473 1369/3039/1433 1408/3105/1472
f 1217/3107/1274 1257/3108/1316 1218/3109/1275
f 1321/3110/1385 1410/3111/1474 1278/3112/1341
f 1335/3020/1399 1175/3113/1231 1230/3021/1287
f 1343/2974/1407 1260/2810/1319 1175/2590/1231
f 1261/2812/1320 1411/3114/1475 725/2813/750
f 945/2087/992 1014/2246/1065 1297/2881/1360
f 725/1558/750 1411/3115/1475 997/2212/1048
f 1412/3116/1476 1413/3117/1477 1016/3118/1067
f 1246/2855/1305 1391/3079/1455 1119/2478/1174
f 1016/2929/1067 1413/3119/1477 1187/2614/1243
f 1283/2980/1346 1338/2959/1402 1414/3120/1478
f 1361/3022/1425 1373/3045/1437 1372/3044/1436
f 1303/2891/1366 1415/3121/1479 1234/2737/1291
f 1415/3121/1479 1325/2933/1389 1234/2737/1291
f 1415/3121/1479 1303/2891/1366 1416/3122/1480
f 1128/2488/1183 1417/3123/1481 1163/2961/1218
f 1128/2488/1183 1235/3124/1292 1417/3123/1481
f 1145/2529/1200 1001/2219/1052 1418/3125/1482
f 1103/2443/1158 1304/2893/1367 1196/2643/1252
f 1236/3126/1293 1268/3127/1327 1419/3128/1483
f 1318/3091/1382 1249/2964/1308 1269/2963/1328
f 1271/2830/1330 1347/2986/1411 1420/3129/1484
f 1080/2967/1135 1326/2966/1390 1346/3130/1410
f 1197/2743/1253 1327/3131/1391 1376/3132/1440
f 986/2450/1037 1319/2920/1383 1398/3133/1462
f 1363/3134/1427 1289/2996/1352 1351/2997/1415
f 1363/3134/1427 1421/3135/1485 1273/3136/1332
f 1380/3137/1444 1275/2953/1335 1341/2970/1405
f 1290/3029/1353 1137/2508/1192 1306/2900/1369
f 1402/3097/1466 1331/3138/1395 1229/2843/1286
f 1139/2518/1194 1384/3065/1448 1422/3139/1486
f 1422/3139/1486 1308/2902/1371 1139/2518/1194
f 1354/3140/1418 1387/3141/1451 1355/3142/1419
f 1387/3070/1451 1388/3143/1452 1359/3071/1423
f 1370/3144/1434 1423/3145/1487 1356/3146/1420
f 1356/3146/1420 1423/3145/1487 1354/3147/1418
f 1355/3148/1419 1387/3149/1451 1356/1061/1420
f 1388/3073/1452 1367/3034/1431 1332/3013/1396
f 1407/3150/1471 1368/3151/1432 1367/3034/1431
f 1368/3037/1432 1407/3104/1471 1369/3039/1433
f 1386/3152/1450 1360/3074/1424 1353/3076/1417
f 1424/3153/1488 1335/3042/1399 1369/3039/1433
f 1174/2639/1230 1410/800/1474 1321/2927/1385
f 1335/3020/1399 1343/3154/1407 1175/3113/1231
f 1206/2663/1262 1425/3155/1489 1295/2877/1358
f 1345/3156/1409 1309/3157/1373 1426/3158/1490
f 1102/2728/1157 1427/3159/1491 1174/2589/1230
f 1052/3160/1105 1428/3161/1492 1195/3162/1251
f 827/1782/860 997/2212/1048 1429/3163/1493
f 1222/2708/1279 827/1782/860 1429/3163/1493
f 1158/3164/1213 1262/2815/1321 1156/2814/1211
f 1186/3165/1242 1336/2957/1400 1124/2483/1179
f 1157/2736/1212 1336/2957/1400 1186/3165/1242
f 1282/3166/1345 1283/3167/1346 1414/3168/1478
f 1315/2982/1379 1430/3169/1494 1316/2916/1380
f 1416/3122/1480 1303/2891/1366 1302/2890/1365
f 1301/2889/1364 1431/3170/1495 1302/2890/1365
f 1318/3091/1382 1397/3090/1461 1249/2964/1308
f 1249/2964/1308 1397/3090/1461 1268/3171/1327
f 1001/2363/1052 1069/2362/1124 1432/3172/1496
f 1326/2966/1390 1433/3173/1497 1346/3130/1410
f 1326/2936/1390 1214/2680/1270 1434/3174/1498
f 1237/3175/1294 1399/3176/1463 1251/3177/1310
f 1288/2922/1351 1253/2921/1312 1433/3178/1497
f 1348/2992/1412 1363/3134/1427 1351/2997/1415
f 1180/2718/1236 1435/3179/1499 1378/3180/1442
f 1200/2650/1256 1352/2998/1416 1045/2371/1098
f 1149/2535/1204 1035/2280/1085 1436/3181/1500
f 1202/2652/1258 1437/3182/1501 1203/2653/1259
f 1112/2464/1167 1111/2463/1166 1438/3183/1502
f 1021/2255/1071 1113/2466/1168 1439/3184/1503
f 1403/3185/1467 1440/3186/1504 1292/2876/1355
f 1366/3187/1430 1277/3188/1372 1406/3189/1470
f 1295/2903/1358 1389/3190/1453 1406/3103/1470
f 1409/3191/1473 1441/3192/1505 1424/3193/1488
f 1423/3194/1487 1442/3195/1506 1354/3140/1418
f 1409/3106/1473 1424/3153/1488 1369/3039/1433
f 1357/3196/1421 1443/3197/1507 1358/3033/1422
f 1441/3192/1505 1335/3198/1399 1424/3193/1488
f 1295/2877/1358 1425/3155/1489 1390/3078/1454
f 1360/3199/1424 1444/3200/1508 1309/3201/1373
f 1298/2882/1361 1445/3202/1509 1280/2884/1343
f 1361/757/1425 1372/3203/1436 1446/3204/1510
f 1415/3121/1479 1416/3122/1480 1447/3205/1511
f 1415/3121/1479 1447/3205/1511 1448/3206/1512
f 1323/3207/1387 1394/3084/1458 1284/3085/1347
f 1236/3126/1293 1449/3208/1513 1248/3209/1307
f 1418/3125/1482 1001/2219/1052 1432/3210/1496
f 1164/2561/1219 1287/2892/1350 1376/3048/1440
f 1214/3211/1270 1288/2922/1351 1434/3212/1498
f 1450/3213/1514 1349/2993/1413 1223/2714/1280
f 1166/2894/1221 1199/2648/1255 1319/3214/1383
f 1377/3052/1441 1421/3135/1485 1348/2992/1412
f 1110/2683/1165 1201/2896/1257 1400/3095/1464
f 1110/2683/1165 1401/3096/1465 1035/2944/1085
f 1341/3215/1405 1240/3216/1297 1451/3217/1515
f 1168/2570/1223 1330/2945/1394 1452/3218/1516
f 1216/2690/1273 1021/2255/1071 1453/3219/1517
f 1402/3220/1466 1404/3221/1468 1331/182/1395
f 1228/2760/1285 1331/3222/1395 1404/3101/1468
f 1048/2314/1101 1404/3101/1468 1454/3223/1518
f 1153/2546/1208 1342/2999/1406 1330/2945/1394
f 1366/3224/1430 1406/3225/1470 1455/3226/1519
f 1422/3227/1486 1384/3228/1448 1389/3077/1453
f 1389/3077/1453 1390/3078/1454 1422/3227/1486
f 1423/3194/1487 1370/3041/1434 1456/3229/1520
f 1278/3230/1341 1427/3231/1491 1102/3232/1157
f 1244/2765/1303 1371/3043/1435 1344/2975/1408
f 1310/2906/1374 1425/3233/1489 1206/2904/1262
f 1209/2771/1265 1322/2928/1386 1158/3164/1213
f 1336/2957/1400 1280/2852/1343 1457/3234/1521
f 1133/2502/1188 1312/2909/1376 1210/2858/1266
f 1124/2483/1179 1458/3235/1522 1337/2958/1401
f 1336/2957/1400 1458/3235/1522 1124/2483/1179
f 1266/2823/1325 1431/3170/1495 1301/2889/1364
f 1361/3236/1425 1394/3084/1458 1323/3207/1387
f 1270/2828/1329 1375/3237/1439 1213/2676/1269
f 1189/2679/1245 1375/3047/1439 1347/3238/1411
f 1248/3209/1307 1449/3208/1513 1459/3239/1523
f 1197/2645/1253 1362/3240/1426 1327/3241/1391
f 1433/3173/1497 1460/3242/1524 1346/3130/1410
f 1272/3243/1331 1461/3244/1525 1250/3245/1309
f 1223/2714/1280 1462/3246/1526 1450/3213/1514
f 1421/3135/1485 1363/3134/1427 1348/2992/1412
f 1273/3136/1332 1421/3135/1485 1463/3247/1527
f 1349/2993/1413 1352/2998/1416 1200/2650/1256
f 1464/3248/1528 1400/3095/1464 1201/2896/1257
f 1240/3216/1297 1203/3249/1259 1465/3250/1529
f 1202/2869/1258 1305/2899/1368 1437/3251/1501
f 1466/3252/1530 1294/2874/1357 1467/3253/1531
f 1366/3032/1430 1384/3065/1448 1256/2795/1315
f 1405/3102/1469 1468/3254/1532 843/1825/876
f 1354/3140/1418 1442/3195/1506 1387/3141/1451
f 1390/3078/1454 1308/3255/1371 1422/3227/1486
f 1308/3255/1371 1469/3256/1533 1470/3257/1534
f 1469/3256/1533 1308/3255/1371 1390/3078/1454
f 1343/2974/1407 1335/3258/1399 1471/3259/1535
f 1360/3199/1424 1386/2955/1450 1444/3200/1508
f 1345/3260/1409 1426/3261/1490 1472/3262/1536
f 1345/3263/1409 1472/3264/1536 1310/2906/1374
f 1013/2245/1064 1221/2707/1278 981/2184/1030
f 1015/2247/1066 1232/2733/1289 1473/3265/1537
f 1016/2248/1067 1297/2881/1360 1412/3266/1476
f 1298/3267/1361 1474/3268/1538 1445/3269/1509
f 1299/2885/1362 1475/3270/1539 1133/2502/1188
f 1374/3046/1438 1373/3045/1437 1476/3271/1540
f 1266/2823/1325 1393/3083/1457 1477/3272/1541
f 1270/2828/1329 1478/3273/1542 1375/3237/1439
f 1268/3127/1327 1479/3274/1543 1419/3128/1483
f 1268/3171/1327 1397/3090/1461 1346/3092/1410
f 1346/3275/1410 1479/3276/1543 1268/3277/1327
f 1346/3275/1410 1460/3278/1524 1479/3276/1544
f 1197/2743/1253 1376/3132/1440 1069/2362/1124
f 1197/2645/1253 1033/2274/1083 1362/3240/1426
f 1223/2714/1280 1304/2893/1367 1462/3246/1526
f 1481/3279/1545 1377/3052/1441 1340/3051/1404
f 1253/3280/1312 1254/2836/1313 1433/3281/1497
f 1273/3136/1332 1463/3247/1527 1320/3282/1384
f 1320/2924/1384 1464/3283/1528 1201/2649/1257
f 1035/2280/1085 1401/3284/1465 1436/3181/1500
f 1482/3285/1546 1379/3286/1443 1380/3287/1444
f 1240/3216/1297 1465/3250/1529 1451/3217/1515
f 1203/3249/1259 1437/3288/1501 1483/3289/1547
f 1290/3029/1353 1306/2900/1369 1382/3290/1446
f 1291/2871/1354 1484/3291/1548 1403/3292/1467
f 1294/2947/1357 1466/3293/1530 1291/2871/1354
f 843/1825/876 1468/3254/1532 1243/2761/1302
f 1389/3190/1453 1485/3294/1549 1406/3103/1470
f 1387/3141/1451 1442/3195/1506 1486/3295/1550
f 1387/3141/1451 1486/3295/1550 1388/3073/1452
f 1407/3150/1471 1487/3296/1551 1408/3297/1472
f 1456/3229/1520 1442/3195/1506 1423/3194/1487
f 1443/3197/1507 1488/3298/1552 1358/3033/1422
f 1410/3299/1474 1174/1024/1230 1489/3300/1553
f 1490/3301/1554 1185/3302/1241 1264/3303/1323
f 1374/3081/1438 1491/3304/1555 1392/3082/1456
f 1286/2862/1349 1316/2916/1380 1492/3305/1556
f 1248/2777/1307 1396/3089/1460 1247/2776/1306
f 1163/2560/1218 1417/3306/1481 1270/2827/1329
f 1270/2827/1329 1417/3306/1481 1478/3307/1542
f 1211/2861/1267 1394/3084/1458 1285/2860/1348
f 1300/2888/1363 1304/3308/1367 1103/2886/1158
f 1449/3208/1513 1236/3126/1293 1493/3309/1557
f 1480/3310/1558 1479/3311/1559 1346/3312/1560
f 1327/3241/1391 1362/3240/1426 1494/3313/1561
f 1327/3050/1391 1494/3314/1561 1272/2831/1331
f 1272/3243/1331 1495/3315/1562 1461/3244/1525
f 1433/3178/1497 1434/3212/1498 1288/2922/1351
f 1319/3316/1383 1378/3317/1442 1398/3318/1462
f 1399/3319/1463 1481/3279/1545 1340/3051/1404
f 1377/3052/1441 1481/3279/1545 1421/3135/1485
f 1481/3279/1545 1463/3247/1527 1421/3135/1485
f 1349/2993/1413 1450/3213/1514 1352/2998/1416
f 1180/2718/1236 1167/2569/1222 1435/3179/1499
f 1167/2569/1222 1148/2534/1203 1435/3179/1499
f 1379/3055/1443 1496/3320/1563 1274/3056/1333
f 1380/3137/1444 1341/2970/1405 1482/3321/1546
f 1305/3322/1368 1497/3323/1564 1437/3324/1501
f 1403/3292/1467 1484/3291/1548 1498/3325/1565
f 1403/3185/1467 1498/3326/1565 1440/3186/1504
f 1292/2876/1355 1440/3186/1504 1294/2874/1357
f 1455/3226/1519 1406/3225/1470 1499/3327/1566
f 1500/685/1567 1389/3328/1453 1384/3329/1448
f 1307/2901/1370 1501/3330/1568 1217/2697/1274
f 1408/3297/1472 1487/3296/1551 1409/3191/1473
f 1358/3033/1422 1488/3298/1552 1353/3001/1417
f 1441/3331/1505 1471/3332/1535 1335/3333/1399
f 1390/3334/1454 1425/3335/1489 1502/3336/1569
f 1444/3337/1508 1426/3338/1490 1309/3339/1373
f 1052/2324/1105 1015/2247/1066 1428/3340/1492
f 1474/3268/1538 1503/3341/1570 1445/3269/1509
f 1445/3342/1509 1457/3234/1521 1280/2852/1343
f 1372/3203/1436 1392/3343/1456 1446/3204/1510
f 1392/3343/1456 1491/3344/1555 1446/3204/1510
f 1477/3272/1541 1431/3170/1495 1266/2823/1325
f 1361/3345/1425 1446/3346/1510 1394/3347/1458
f 1285/3023/1348 1493/3348/1557 1300/2888/1363
f 1419/3128/1483 1493/3309/1557 1236/3126/1293
f 1069/2362/1124 1376/3132/1440 1432/3172/1496
f 1326/2966/1390 1434/3349/1498 1433/3173/1497
f 1460/3242/1524 1433/3173/1497 1505/3350/1571
f 1237/3351/1294 1461/3352/1525 1399/3319/1463
f 1237/3351/1294 1250/3353/1309 1461/3352/1525
f 1319/3316/1383 1199/3354/1255 1378/3317/1442
f 1320/3282/1384 1463/3247/1527 1464/3355/1528
f 1352/2998/1416 1364/3060/1428 1239/2750/1296
f 1436/3356/1500 1506/3357/1572 1149/2720/1204
f 1379/3286/1443 1482/3285/1546 1496/3358/1573
f 1381/3062/1445 1439/3184/1503 1113/2466/1168
f 1243/2761/1302 1507/3359/1574 1342/2972/1406
f 1367/3034/1431 1508/3360/1575 1407/3150/1471
f 1487/3296/1551 1441/3192/1505 1409/3191/1473
f 1406/3103/1470 1485/3294/1549 1509/3361/1576
f 1469/3256/1533 1510/3362/1577 1470/3257/1534
f 1511/3363/1578 1367/3034/1431 1388/3073/1452
f 1353/3364/1417 1488/3365/1552 1385/3366/1449
f 1385/3367/1449 1488/3368/1552 1509/3369/1576
f 1488/3370/1552 1406/3103/1470 1509/3361/1576
f 1357/3371/1421 1344/3372/1408 1512/3373/1579
f 1444/3200/1508 1386/2955/1450 1513/784/1580
f 1390/3334/1454 1502/3336/1569 1469/3374/1533
f 1013/2245/1064 1279/2850/1342 1221/2707/1278
f 1414/3375/1478 1514/3376/1581 1282/3377/1345
f 1235/3124/1292 1395/3378/1459 1417/3123/1481
f 1394/3347/1458 1449/3379/1513 1285/3023/1348
f 1420/3380/1484 1287/2864/1350 1271/2985/1330
f 1504/3381/1582 1460/3382/1583 1479/3383/1584
f 1433/3173/1497 1516/3384/1585 1505/3350/1571
f 1496/3358/1573 1482/3285/1546 1517/3385/1586
f 1379/679/1587 1451/3386/1588 1496/3387/1589
f 1482/3321/1546 1341/2970/1405 1518/3388/1590
f 1384/3389/1448 1470/3390/1534 1500/3391/1567
f 1485/3294/1549 1389/3190/1453 1500/3392/1567
f 1510/3393/1577 1405/3102/1469 1308/2902/1371
f 1456/3229/1520 1370/3041/1434 1519/3394/1591
f 1443/3395/1507 1357/3371/1421 1512/3373/1579
f 1386/3396/1450 1385/3367/1449 1509/3369/1576
f 1509/3369/1576 1513/3397/1580 1386/3396/1450
f 1410/3398/1474 1427/3231/1491 1278/3230/1341
f 1471/3259/1535 1371/3043/1435 1343/2974/1407
f 1475/3270/1539 1312/2909/1376 1133/2502/1188
f 1514/3376/1581 1414/3375/1478 1520/3399/1592
f 1373/3045/1437 1361/3022/1425 1324/2931/1388
f 1374/3046/1438 1476/3271/1540 1491/3400/1555
f 1492/3401/1556 1395/3086/1459 1286/3088/1349
f 1521/3402/1593 1304/3308/1367 1300/2888/1363
f 1515/3403/1594 1376/3132/1595 1494/3404/1596
f 1304/2893/1367 1522/3405/1597 1462/3246/1526
f 1495/3406/1562 1272/2831/1331 1494/3314/1561
f 1399/3319/1463 1461/3352/1525 1481/3279/1545
f 1433/3281/1497 1254/2836/1313 1274/2837/1333
f 1518/3407/1590 1451/3217/1515 1496/3320/1573
f 1341/3215/1405 1451/3217/1515 1518/3407/1590
f 1203/3249/1259 1483/3289/1547 1465/3250/1529
f 1524/3408/1598 1168/2570/1223 1452/3218/1516
f 1305/3322/1368 1525/3409/1599 1497/3323/1564
f 1506/3357/1572 1381/3061/1445 1149/2720/1204
f 1241/2755/1300 1438/3183/1502 1111/2463/1166
f 1216/2690/1273 1453/3219/1517 1241/2755/1300
f 1048/2314/1101 1454/3223/1518 1383/3064/1447
f 1526/3410/1600 1455/3226/1519 1499/3327/1566
f 1485/3411/1549 1513/3397/1580 1509/3369/1576
f 1174/2589/1230 1427/3159/1491 1489/3412/1553
f 1014/2246/1065 1527/3413/1601 1297/2881/1360
f 1474/3268/1538 1528/3414/1602 1503/3341/1570
f 1514/3415/1581 1529/3416/1603 1282/2854/1345
f 1264/3417/1323 1339/3418/1403 1490/3419/1554
f 1284/2908/1347 1312/2909/1376 1324/2931/1388
f 1325/2933/1389 1430/3169/1494 1315/2982/1379
f 1325/2933/1389 1415/3121/1479 1430/3169/1494
f 1302/2890/1365 1431/3170/1495 1530/3420/1604
f 1302/2890/1365 1530/3420/1604 1416/3122/1480
f 1416/3122/1480 1530/3420/1604 1447/3205/1511
f 1145/2529/1200 1418/3125/1482 1339/2960/1403
f 1265/3421/1324 1531/3422/1605 1393/3423/1457
f 1420/3424/1484 1347/3425/1411 1532/3426/1606
f 1521/3402/1593 1300/2888/1363 1493/3348/1557
f 1521/3402/1593 1522/3427/1597 1304/3308/1367
f 1460/3278/1607 1505/3428/1571 1479/3276/1543
f 1505/3350/1571 1533/3429/1608 1479/3274/1543
f 1479/3274/1543 1533/3429/1608 1534/3430/1609
f 1479/3274/1543 1534/3430/1609 1419/3128/1483
f 1523/3431/1610 1505/3350/1611 1460/3242/1612
f 1481/3279/1545 1461/3352/1525 1464/3355/1528
f 1464/3355/1528 1463/3247/1527 1481/3279/1545
f 1274/3056/1333 1496/3320/1563 1535/3432/1613
f 1496/3320/1563 1451/3217/1515 1465/3250/1529
f 1148/2534/1203 1168/2570/1223 1524/3408/1598
f 1536/3433/1614 1484/3291/1548 1291/2871/1354
f 1537/3434/1615 1538/3435/1616 1539/3436/1617
f 1540/3437/1618 1538/3435/1616 1537/3434/1615
f 1507/3438/1574 1541/3439/1619 1542/3440/1620
f 1543/3441/1621 1455/3442/1519 1526/3443/1600
f 1470/3444/1534 1510/3445/1577 1308/3446/1371
f 1486/3295/1550 1511/3363/1578 1388/3073/1452
f 1257/2796/1316 1519/3394/1591 1370/3041/1434
f 1425/3447/1489 1513/3448/1580 1502/3449/1569
f 1513/3450/1580 1544/3451/1622 1444/3452/1508
f 1502/3336/1569 1545/3453/1623 1469/3374/1533
f 1322/2928/1386 1262/2815/1321 1158/3164/1213
f 1490/3419/1554 1339/3418/1403 1546/3454/1624
f 1312/2909/1376 1547/3455/1625 1324/2931/1388
f 1324/2931/1388 1547/3455/1625 1548/3456/1626
f 1394/3347/1458 1446/3346/1510 1549/3457/1627
f 1417/3123/1481 1395/3378/1459 1550/3458/1628
f 1248/3209/1307 1459/3239/1523 1396/3459/1460
f 1551/3460/1629 1532/3461/1606 1347/3462/1411
f 1494/3463/1596 1552/3464/1630 1515/3465/1594
f 1522/3405/1597 1450/3213/1514 1462/3246/1526
f 1494/3466/1561 1552/3467/1631 1495/3468/1562
f 1433/3173/1497 1535/3432/1613 1516/3384/1585
f 1433/3173/1497 1274/3056/1333 1535/3432/1613
f 1112/2464/1167 1553/3469/1632 1306/2900/1369
f 1112/2464/1167 1438/3183/1502 1553/3469/1632
f 1382/3063/1446 1554/3470/1633 1402/3097/1466
f 1466/3293/1530 1555/3471/1634 1291/2871/1354
f 1498/3325/1565 1556/3472/1635 1557/3473/1636
f 1558/357/1637 1559/3474/1638 1557/3475/1636
f 1537/3434/1615 1539/3436/1617 1558/3476/1637
f 1539/3477/1617 1538/3478/1616 1559/3479/1638
f 1540/3437/1618 1541/3439/1619 1538/3435/1616
f 1542/3440/1620 1541/3439/1619 1540/3437/1618
f 1242/2759/1301 1560/3480/1639 1365/3030/1429
f 1469/3481/1533 1561/3482/1640 1405/3483/1469
f 1405/3483/1469 1561/3482/1640 1468/3484/1532
f 1489/3300/1553 1562/3485/1641 1410/3299/1474
f 1469/3374/1533 1545/3453/1623 1561/3486/1640
f 1444/3337/1508 1544/3487/1622 1426/3338/1490
f 1208/2666/1264 1527/3413/1601 1014/2246/1065
f 1528/3488/1602 1490/3489/1554 1503/3490/1570
f 1415/3121/1479 1448/3206/1512 1430/3169/1494
f 1316/2916/1380 1563/3491/1642 1492/3305/1556
f 1338/2959/1402 1564/3492/1643 1414/3120/1478
f 1476/3493/1540 1565/3494/1644 1491/3495/1555
f 1477/3272/1541 1566/3496/1645 1431/3170/1495
f 1287/2892/1350 1420/3497/1484 1376/3048/1440
f 1518/3407/1590 1496/3320/1573 1517/3498/1586
f 1496/3320/1563 1465/3250/1529 1535/3432/1613
f 1364/3499/1428 1567/3500/1646 1525/3409/1599
f 1305/3322/1368 1364/3499/1428 1525/3409/1599
f 1402/3097/1466 1554/3470/1633 1568/3501/1647
f 1569/3502/1648 1330/2945/1394 1342/2999/1406
f 1404/3101/1468 1570/3503/1649 1454/3223/1518
f 1557/3504/1636 1571/3505/1650 1498/3326/1565
f 1557/3504/1636 1559/3479/1638 1571/3505/1650
f 1537/3506/1615 1558/3507/1637 1540/3508/1618
f 1539/3509/1617 1559/3510/1638 1558/3511/1637
f 1089/2409/1144 1171/2581/1227 1242/2759/1301
f 1243/3512/1302 1468/3513/1532 1507/3514/1574
f 1510/3393/1577 1470/3515/1534 1572/3516/1651
f 1508/3360/1575 1487/3296/1551 1407/3150/1471
f 1406/3517/1470 1488/3518/1552 1499/3519/1566
f 1470/3390/1534 1510/3520/1577 1500/3391/1567
f 1217/3521/1274 1501/3522/1568 1257/3523/1316
f 1485/3411/1549 1573/3524/1652 1513/3397/1580
f 1513/3525/1580 1573/3526/1652 1502/3336/1569
f 1344/2975/1408 1574/3527/1653 1512/3528/1579
f 1472/3264/1536 1425/3233/1489 1310/2906/1374
f 1311/2907/1375 1473/3265/1537 1232/2733/1289
f 1528/3529/1602 1185/3530/1241 1490/3531/1554
f 1503/3532/1570 1457/3234/1521 1445/3342/1509
f 1490/3419/1554 1546/3454/1624 1503/3532/1570
f 1520/3533/1592 1414/3120/1478 1575/3534/1654
f 1493/3348/1557 1285/3023/1348 1449/3379/1513
f 1532/3535/1606 1376/3048/1440 1420/3497/1484
f 1532/3535/1606 1515/3536/1655 1376/3048/1440
f 1432/3172/1496 1376/3132/1440 1515/3403/1655
f 1533/3429/1608 1505/3350/1571 1516/3384/1585
f 1495/3315/1562 1464/3248/1528 1461/3244/1525
f 1400/3537/1464 1576/3538/1656 1577/3539/1657
f 1517/3385/1586 1482/3285/1546 1578/3540/1658
f 1579/3541/1659 1517/3385/1660 1578/3540/1661
f 1580/3542/1662 1535/3432/1613 1465/3250/1529
f 1581/3543/1663 1582/3544/1664 1435/3545/1499
f 1436/3546/1665 1400/3537/1464 1577/3539/1657
f 1435/3179/1499 1148/2534/1203 1524/3408/1598
f 1583/3547/1666 1401/3096/1465 1400/3095/1464
f 1436/3181/1500 1584/3548/1667 1506/3549/1572
f 1497/3323/1564 1483/3550/1547 1437/3324/1501
f 1585/3551/1668 1382/3552/1446 1586/3553/1669
f 1453/3219/1517 1021/2255/1071 1439/3184/1503
f 1587/3554/1670 1542/3555/1620 1540/3508/1618
f 1440/3186/1504 1498/3326/1565 1571/3505/1650
f 1588/3556/1671 1559/3479/1638 1538/3478/1616
f 1589/3557/1672 1307/2901/1370 1365/3030/1429
f 1455/3442/1519 1590/3558/1673 1366/3032/1430
f 1591/3559/1674 1470/3515/1534 1384/3065/1448
f 1510/3560/1577 1469/3561/1533 1405/3562/1469
f 1592/466/1675 1500/3391/1567 1510/3520/1577
f 1501/3522/1568 1519/3563/1591 1257/3523/1316
f 1500/3564/1567 1573/3524/1652 1485/3411/1549
f 1562/3565/1641 1427/3566/1491 1410/3567/1474
f 1411/3115/1475 1429/3163/1493 997/2212/1048
f 1458/3235/1522 1336/2957/1400 1593/3568/1676
f 1338/2959/1402 1337/2958/1401 1594/3569/1677
f 1394/3347/1458 1595/3570/1678 1449/3379/1513
f 1375/3047/1439 1551/3571/1629 1347/3238/1411
f 1493/3348/1557 1534/3572/1609 1521/3402/1593
f 1362/3573/1426 1552/3574/1631 1494/3575/1561
f 1398/3093/1462 1378/3180/1442 1362/3024/1426
f 1533/3429/1608 1580/3542/1662 1534/3430/1609
f 1533/3429/1608 1516/3384/1585 1535/3432/1613
f 1578/3576/1658 1518/3407/1590 1517/3498/1586
f 1578/3577/1658 1482/3321/1546 1518/3388/1590
f 1581/3543/1663 1435/3545/1499 1524/3578/1598
f 1597/3579/1679 1497/3323/1564 1525/3409/1599
f 1567/3580/1646 1364/3060/1428 1352/2998/1416
f 1404/3221/1468 1402/3220/1466 1568/3581/1647
f 1598/3582/1680 1342/2972/1406 1507/3359/1574
f 1588/3556/1671 1538/3478/1616 1541/3583/1619
f 1541/3583/1619 1507/3584/1574 1599/3585/1681
f 1600/3586/1682 1242/2759/1301 1171/2581/1227
f 1507/3514/1574 1468/3513/1532 1599/3587/1681
f 1601/3588/1683 1526/3589/1600 1499/3590/1566
f 1508/3360/1575 1367/3034/1431 1511/3363/1578
f 1443/3197/1507 1601/3591/1683 1488/3298/1552
f 1544/3592/1622 1513/3593/1580 1425/3594/1489
f 1574/3527/1653 1344/2975/1408 1371/3043/1435
f 1562/3595/1641 1489/3412/1553 1427/3159/1491
f 1529/3416/1603 1246/2855/1305 1282/2854/1345
f 1475/3270/1539 1602/3596/1684 1312/2909/1376
f 1566/3496/1645 1530/3420/1604 1431/3170/1495
f 1418/3125/1482 1432/3210/1496 1603/3597/1685
f 1604/3598/1686 1396/3459/1460 1459/3239/1523
f 1432/3599/1496 1515/3600/1655 1605/3601/1687
f 1534/3430/1609 1493/3309/1557 1419/3128/1483
f 1606/3602/1688 1495/3468/1562 1552/3467/1631
f 1535/3432/1613 1580/3542/1662 1533/3429/1608
f 1465/3250/1529 1483/3289/1547 1580/3542/1662
f 1607/3603/1689 1435/3604/1499 1582/3605/1664
f 1483/3550/1547 1497/3323/1564 1597/3579/1679
f 1436/385/1665 1583/3606/1666 1400/3607/1464
f 1608/3608/1690 1241/2755/1300 1453/3219/1517
f 1598/3582/1680 1507/3359/1574 1542/3555/1620
f 1467/3253/1531 1555/3609/1634 1466/3252/1530
f 1501/3330/1568 1307/2901/1370 1589/3557/1672
f 1591/3559/1674 1384/3065/1448 1366/3032/1430
f 1573/3526/1652 1545/3453/1623 1502/3336/1569
f 1391/3079/1455 1246/2855/1305 1529/3416/1603
f 1475/3270/1539 1299/2885/1362 1609/3610/1691
f 1337/2958/1401 1458/3235/1522 1594/3569/1677
f 1338/2959/1402 1594/3569/1677 1564/3492/1643
f 1375/3047/1439 1610/3611/1692 1551/3571/1629
f 1478/3273/1542 1610/3612/1692 1375/3237/1439
f 1605/3613/1687 1603/3614/1685 1432/2425/1496
f 1521/3402/1593 1611/3615/1693 1522/3427/1597
f 1576/3616/1656 1400/3095/1464 1464/3248/1528
f 1567/3580/1646 1352/2998/1416 1450/3213/1514
f 1596/3617/1694 1581/3618/1695 1582/3619/1696
f 1607/3620/1689 1581/3618/1663 1524/3621/1598
f 1611/3615/1693 1525/3409/1599 1567/3500/1646
f 1524/3408/1598 1452/3218/1516 1612/3622/1697
f 1438/3183/1502 1241/2755/1300 1608/3608/1690
f 1570/3623/1649 1404/3221/1468 1568/3581/1647
f 1557/3473/1636 1556/3472/1635 1558/3507/1637
f 1613/3624/1698 1171/2581/1227 1383/3064/1447
f 1614/3625/1699 1486/3295/1550 1442/3195/1506
f 1615/3626/1700 1487/3296/1551 1508/3360/1575
f 1543/3627/1621 1526/3589/1600 1601/3588/1683
f 1616/3628/1701 1442/3195/1506 1456/3229/1520
f 1488/3629/1552 1601/3630/1683 1499/3631/1566
f 1443/3395/1507 1512/3373/1579 1617/3632/1702
f 1500/3564/1567 1592/3633/1675 1573/3524/1652
f 1618/3634/1703 1468/3635/1532 1561/3636/1640
f 1592/3633/1675 1545/3637/1623 1573/3524/1652
f 1619/3638/1704 1297/2881/1360 1527/3413/1601
f 1620/3639/1705 1457/3234/1521 1503/3532/1570
f 1609/3610/1691 1299/2885/1362 1187/2614/1243
f 1514/3376/1581 1520/3399/1592 1621/3640/1706
f 1336/2957/1400 1457/3234/1521 1593/3568/1676
f 1548/3456/1626 1476/3271/1540 1373/3045/1437
f 1446/3346/1510 1565/3641/1644 1622/3642/1707
f 1446/3204/1510 1491/3344/1555 1565/3643/1644
f 1477/3644/1541 1393/3423/1457 1531/3422/1605
f 1394/3347/1458 1549/3457/1627 1595/3570/1678
f 1550/3645/1628 1623/3646/1708 1417/3647/1481
f 1604/3598/1686 1459/3239/1523 1449/3208/1513
f 1532/3648/1606 1605/3649/1687 1515/3650/1655
f 1534/3572/1609 1624/3651/1709 1521/3402/1593
f 1495/3315/1562 1576/3616/1656 1464/3248/1528
f 1521/3402/1593 1597/3579/1679 1611/3615/1693
f 1521/3402/1593 1624/3651/1709 1597/3579/1679
f 1597/3579/1679 1525/3409/1599 1611/3615/1693
f 1378/3180/1442 1435/3179/1499 1625/3652/1710
f 1435/3179/1499 1607/3653/1689 1625/3652/1710
f 1582/3619/1664 1581/3618/1663 1607/3620/1689
f 1382/3290/1446 1306/2900/1369 1586/3654/1669
f 1586/3654/1669 1306/2900/1369 1553/3469/1632
f 1484/3291/1548 1556/3472/1635 1498/3325/1565
f 1598/3582/1680 1569/3655/1648 1342/2972/1406
f 1440/3186/1504 1467/3253/1531 1294/2874/1357
f 1626/3656/1711 1441/3192/1505 1487/3296/1551
f 1617/3632/1702 1601/3657/1683 1443/3395/1507
f 1627/3658/1712 1574/3527/1653 1371/3043/1435
f 1618/3659/1703 1561/3486/1640 1545/3453/1623
f 1628/3660/1713 1512/3528/1579 1574/3527/1653
f 1629/3661/1714 1527/3413/1601 1208/2666/1264
f 1630/3662/1715 1474/3663/1538 1298/2882/1361
f 1565/3664/1644 1476/3271/1540 1548/3456/1626
f 1631/3665/1716 1622/3666/1707 1565/3667/1644
f 1623/3668/1708 1478/3669/1542 1417/3670/1481
f 1605/3671/1687 1532/3672/1606 1551/3673/1629
f 1534/3572/1609 1580/3674/1662 1624/3651/1709
f 1625/3652/1710 1362/3024/1426 1378/3180/1442
f 1606/3602/1688 1576/3538/1656 1495/3468/1562
f 1632/3675/1717 1577/3676/1657 1606/3677/1688
f 1606/3602/1688 1577/3539/1657 1576/3538/1656
f 1522/3427/1597 1611/3615/1693 1450/3678/1514
f 1624/3651/1709 1483/3550/1547 1597/3579/1679
f 1580/3674/1662 1483/3550/1547 1624/3651/1709
f 1450/3678/1514 1611/3615/1693 1567/3500/1646
f 1381/3061/1445 1506/3357/1572 1633/3679/1718
f 1540/3508/1618 1558/3507/1637 1587/3554/1670
f 1455/3442/1519 1543/3441/1621 1634/3680/1719
f 1366/3032/1430 1590/3558/1673 1591/3559/1674
f 1628/3660/1713 1617/3681/1702 1512/3528/1579
f 1618/3682/1703 1545/3637/1623 1592/3633/1675
f 1635/3683/1720 1413/3117/1477 1412/3116/1476
f 1514/3376/1581 1621/3640/1706 1636/3684/1721
f 1187/2614/1243 1413/3119/1477 1637/3685/1722
f 1187/2614/1243 1637/3685/1722 1609/3610/1691
f 1324/2931/1388 1548/3456/1626 1373/3045/1437
f 1575/3534/1654 1414/3120/1478 1564/3492/1643
f 1478/3273/1542 1638/3686/1723 1610/3612/1692
f 1265/3421/1324 1396/3459/1460 1531/3422/1605
f 1551/3687/1629 1639/3688/1724 1640/3689/1725
f 1552/3574/1631 1362/3573/1426 1641/3690/1726
f 1632/3675/1717 1606/3677/1688 1605/3691/1687
f 1552/3574/1631 1641/3690/1726 1606/3692/1688
f 1362/3573/1426 1625/1463/1710 1641/3690/1726
f 1577/3693/1657 1642/3694/1727 1436/3695/1665
f 1607/3620/1689 1524/3621/1598 1643/3696/1728
f 1436/3181/1500 1644/3697/1729 1584/3548/1667
f 1436/3181/1500 1401/3284/1465 1644/3697/1729
f 1506/3698/1572 1645/3699/1730 1633/3700/1718
f 1330/2945/1394 1612/3622/1697 1452/3218/1516
f 1382/3063/1446 1585/3701/1668 1646/3702/1731
f 1646/3702/1731 1554/3470/1633 1382/3063/1446
f 1553/3469/1632 1438/3183/1502 1647/3703/1732
f 1536/3433/1614 1648/3704/1733 1484/3291/1548
f 1439/3184/1503 1649/3705/1734 1453/3219/1517
f 1440/3186/1504 1650/3706/1735 1467/3253/1531
f 1242/2759/1301 1600/3586/1682 1560/3480/1639
f 1455/3442/1519 1651/3707/1736 1590/3558/1673
f 1572/3708/1651 1592/3709/1675 1510/3710/1577
f 1544/3592/1622 1425/3594/1489 1652/3711/1737
f 1425/3594/1489 1472/3712/1536 1652/3711/1737
f 1474/3663/1538 1630/3662/1715 1528/3713/1602
f 1222/2708/1279 1629/3661/1714 1208/2666/1264
f 1430/3169/1494 1563/3491/1642 1316/2916/1380
f 1430/3169/1494 1448/3206/1512 1653/3714/1738
f 1430/3169/1494 1653/3714/1738 1563/3491/1642
f 1621/3715/1706 1520/3533/1592 1575/3534/1654
f 1339/2960/1403 1418/3125/1482 1654/3716/1739
f 1551/3687/1629 1610/3717/1692 1639/3688/1724
f 1595/3570/1678 1604/3718/1686 1449/3379/1513
f 1606/3719/1688 1641/3720/1726 1605/3721/1687
f 1607/3653/1689 1643/3722/1728 1625/3652/1710
f 1436/3695/1665 1642/3694/1727 1583/3723/1666
f 1524/3408/1598 1612/3622/1697 1643/3722/1728
f 1401/3284/1465 1583/3724/1666 1644/3697/1729
f 1584/3548/1667 1645/3725/1730 1506/3549/1572
f 1554/3726/1633 1655/3727/1740 1568/3728/1647
f 1568/1882/1647 1655/3729/1740 1656/3730/1741
f 1484/3291/1548 1648/3704/1733 1556/3472/1635
f 1556/3472/1635 1587/3554/1670 1558/3507/1637
f 1587/3554/1670 1657/3731/1742 1542/3555/1620
f 1571/3505/1650 1559/3479/1638 1588/3556/1671
f 1543/3732/1621 1601/3733/1683 1634/3734/1719
f 1442/3195/1506 1616/3628/1701 1614/3625/1699
f 1441/3331/1505 1626/3735/1711 1471/3332/1535
f 1544/3736/1622 1658/3737/1743 1426/3738/1490
f 1412/3266/1476 1619/3638/1704 1635/3739/1720
f 1297/2881/1360 1619/3638/1704 1412/3266/1476
f 1527/3740/1601 1659/3741/1744 1619/3742/1704
f 1457/3234/1521 1620/3639/1705 1593/3568/1676
f 1312/2909/1376 1602/3596/1684 1547/3455/1625
f 1660/3743/1745 1548/3456/1626 1547/3455/1625
f 1446/3346/1510 1622/3642/1707 1549/3457/1627
f 1478/3744/1542 1623/3745/1708 1638/3746/1723
f 1396/3459/1460 1661/3747/1746 1531/3422/1605
f 1604/3598/1686 1661/3747/1746 1396/3459/1460
f 1662/3748/1747 1663/3749/1748 1605/3750/1687
f 1605/3721/1687 1641/3720/1726 1603/3751/1685
f 1577/3693/1657 1632/3752/1717 1642/3694/1727
f 1664/3753/1749 1665/3754/1750 1585/3755/1668
f 1330/2945/1394 1569/3502/1648 1612/3622/1697
f 1453/3219/1517 1649/3705/1734 1608/3608/1690
f 1555/3471/1634 1536/3433/1614 1291/2871/1354
f 1542/3555/1620 1657/3731/1742 1598/3582/1680
f 1171/2581/1227 1613/3624/1698 1600/3586/1682
f 1634/3680/1719 1651/3707/1736 1455/3442/1519
f 1626/3735/1711 1666/3756/1751 1471/3332/1535
f 1572/3757/1651 1618/3682/1703 1592/3633/1675
f 1468/3635/1532 1618/3634/1703 1667/3758/1752
f 1601/3759/1683 1617/3495/1702 1634/3760/1719
f 1279/2850/1342 1185/2612/1241 1668/3761/1753
f 1411/3115/1475 1669/3762/1754 1429/3163/1493
f 1015/2247/1066 1473/3265/1537 1670/3763/1755
f 1636/3764/1721 1529/3416/1603 1514/3415/1581
f 1593/3765/1676 1671/3766/1756 1458/3767/1522
f 1551/3768/1629 1662/3769/1747 1605/3770/1687
f 1604/3718/1686 1595/3570/1678 1672/3771/1757
f 1663/3749/1748 1662/3748/1747 1673/3772/1758
f 1674/3773/1759 1675/3774/1760 1663/3775/1748
f 1604/3598/1686 1672/3776/1757 1661/3747/1746
f 1663/3775/1748 1632/3752/1717 1605/3777/1687
f 1663/3775/1748 1675/3774/1760 1632/3752/1717
f 1641/3720/1726 1625/3669/1710 1603/3751/1685
f 1625/3652/1710 1643/3722/1728 1603/3597/1685
f 1553/3778/1632 1676/3779/1761 1586/3553/1669
f 1646/3702/1731 1655/3780/1740 1554/3470/1633
f 1656/3781/1741 1570/3503/1649 1568/3782/1647
f 1536/3433/1614 1555/3471/1634 1677/3783/1762
f 1556/3472/1635 1678/3784/1763 1587/3554/1670
f 1617/3785/1702 1658/3737/1743 1634/3786/1719
f 1574/3787/1653 1679/3788/1764 1628/3789/1713
f 1658/3790/1743 1472/3262/1536 1426/3261/1490
f 1221/2707/1278 1279/2850/1342 1680/3791/1765
f 1411/3114/1475 1261/2812/1320 1681/3792/1766
f 1015/2247/1066 1682/3793/1767 1428/3340/1492
f 1528/3713/1602 1683/3794/1768 1185/3795/1241
f 1503/3532/1570 1546/3454/1624 1620/3639/1705
f 1475/3270/1539 1609/3610/1691 1602/3596/1684
f 1339/2960/1403 1654/3716/1739 1546/3796/1624
f 1684/3797/1769 1631/3798/1716 1548/3799/1626
f 1548/3456/1626 1631/3800/1716 1565/3664/1644
f 1492/3305/1556 1563/3491/1642 1685/3801/1770
f 1640/3802/1725 1662/3803/1747 1551/3804/1629
f 1663/3749/1748 1673/3772/1758 1674/3805/1759
f 1672/3776/1757 1664/3806/1749 1661/3747/1746
f 1632/3752/1717 1675/3774/1760 1642/3694/1727
f 1642/3807/1727 1686/3808/1771 1583/811/1666
f 1676/3779/1761 1664/3806/1749 1585/3551/1668
f 1676/3779/1761 1585/3551/1668 1586/3553/1669
f 1438/3183/1502 1687/3809/1772 1647/3703/1732
f 1438/3183/1502 1608/3608/1690 1687/3809/1772
f 1571/3505/1650 1650/3706/1735 1440/3186/1504
f 1365/3030/1429 1688/3810/1773 1589/3557/1672
f 1468/3811/1532 1667/3812/1752 1599/3813/1681
f 1634/3786/1719 1658/3737/1743 1651/3814/1736
f 1667/3815/1752 1618/3682/1703 1572/3757/1651
f 1651/3814/1736 1658/3737/1743 1544/3736/1622
f 1689/3816/1774 1371/3043/1435 1471/3259/1535
f 1195/3162/1251 1428/3161/1492 1690/3817/1775
f 1185/3818/1241 1683/3819/1768 1668/3820/1753
f 1602/3596/1684 1691/3821/1776 1547/3455/1625
f 1492/3401/1556 1692/3822/1777 1395/3086/1459
f 1492/3401/1556 1685/3823/1770 1692/3822/1777
f 1610/3612/1692 1638/3686/1723 1693/3824/1778
f 1640/3802/1725 1694/3825/1779 1662/3803/1747
f 1673/3772/1758 1675/3826/1760 1674/3805/1759
f 1662/3803/1747 1694/3825/1779 1673/3827/1758
f 1661/3747/1746 1664/3806/1749 1676/3779/1761
f 1672/3771/1757 1665/3754/1750 1664/3753/1749
f 1643/3722/1728 1612/3622/1697 1695/3828/1780
f 1656/3730/1741 1655/3729/1740 1696/3829/1781
f 1508/3360/1575 1697/3830/1782 1615/3626/1700
f 1395/3378/1459 1692/3831/1777 1550/3458/1628
f 1631/3832/1716 1698/3833/1783 1622/2723/1707
f 1477/3644/1541 1531/3422/1605 1699/3834/1784
f 1623/3835/1708 1693/3836/1778 1638/3837/1723
f 1595/3570/1678 1549/3457/1627 1700/3838/1785
f 1701/3839/1786 1702/3840/1787 1640/3841/1725
f 1673/3842/1758 1686/3808/1771 1675/3843/1760
f 1675/3843/1760 1686/3808/1771 1642/3807/1727
f 1644/3844/1729 1583/3845/1666 1686/3846/1771
f 1612/3622/1697 1703/3847/1788 1695/3828/1780
f 1598/3582/1680 1704/3848/1789 1569/3655/1648
f 1365/3030/1429 1560/3480/1639 1688/3810/1773
f 1705/3849/1790 1679/3850/1764 1706/3851/1791
f 1487/3296/1551 1615/3626/1700 1626/3656/1711
f 1667/3852/1752 1707/3853/1792 1599/3854/1681
f 1652/3855/1737 1472/3856/1536 1658/3857/1743
f 1015/2247/1066 1670/3763/1755 1682/3793/1767
f 1262/2815/1321 1630/3662/1715 1298/2882/1361
f 1621/3715/1706 1575/3534/1654 1708/3858/1793
f 1418/3125/1482 1603/3597/1685 1709/3859/1794
f 1610/3612/1692 1693/3824/1778 1639/3860/1724
f 1584/3861/1667 1686/3846/1771 1694/3825/1779
f 1584/3861/1667 1644/3844/1729 1686/3846/1771
f 1646/3862/1731 1585/3755/1668 1665/3754/1750
f 1633/3679/1718 1710/3863/1795 1381/3061/1445
f 1655/3864/1740 1646/3862/1731 1711/3865/1796
f 1655/3864/1740 1712/3866/1797 1696/3867/1781
f 1381/3062/1445 1649/3705/1734 1439/3184/1503
f 1656/3781/1741 1713/3868/1798 1570/3503/1649
f 1656/3781/1741 1696/3869/1781 1713/3868/1798
f 1570/3503/1649 1714/3870/1799 1454/3223/1518
f 1555/3609/1634 1715/3871/1800 1677/3872/1762
f 1555/3873/1634 1467/695/1531 1715/3874/1800
f 1454/3223/1518 1613/3624/1698 1383/3064/1447
f 1486/3295/1550 1614/3625/1699 1511/3363/1578
f 1511/3363/1578 1697/3830/1782 1508/3360/1575
f 1544/3875/1622 1716/3876/1801 1651/3877/1736
f 1679/3878/1764 1574/3879/1653 1627/3880/1712
f 1544/3592/1622 1652/3711/1737 1716/3881/1801
f 1428/3161/1492 1682/3882/1767 1690/3817/1775
f 1429/3163/1493 1669/3762/1754 1717/3883/1802
f 1429/3163/1493 1717/3883/1802 1222/2708/1279
f 1609/3884/1691 1637/3885/1722 1602/3886/1684
f 1660/3887/1745 1684/3797/1769 1548/3799/1626
f 1685/3888/1770 1563/3889/1642 1718/3890/1803
f 1671/3766/1756 1594/3891/1677 1458/3767/1522
f 1719/3892/1804 1448/3893/1512 1447/3894/1511
f 1418/3125/1482 1709/3859/1794 1654/3716/1739
f 1447/3894/1511 1720/3895/1805 1719/3892/1804
f 1530/3896/1604 1720/3895/1805 1447/3894/1511
f 1566/3897/1645 1720/3895/1805 1530/3896/1604
f 1622/3642/1707 1721/3898/1806 1549/3457/1627
f 1639/3688/1724 1722/3899/1807 1640/3689/1725
f 1595/3570/1678 1700/3838/1785 1672/3771/1757
f 1640/3802/1725 1702/3900/1787 1694/3825/1779
f 1672/3771/1757 1700/3838/1785 1665/3754/1750
f 1673/3827/1758 1694/3825/1779 1686/3846/1771
f 1723/3901/1808 1655/3864/1740 1711/3865/1796
f 1612/3622/1697 1569/3502/1648 1724/3902/1809
f 1648/3704/1733 1678/3784/1763 1556/3472/1635
f 1725/3903/1810 1588/3556/1671 1541/3583/1619
f 1726/3904/1811 1706/3851/1791 1679/3850/1764
f 1706/3851/1791 1727/3905/1812 1705/3849/1790
f 1591/3559/1674 1572/3516/1651 1470/3515/1534
f 1628/3789/1713 1679/3788/1764 1705/3906/1790
f 1728/3907/1813 1617/3681/1702 1628/3660/1713
f 1311/2907/1375 1231/2732/1288 1221/2707/1278
f 1681/3908/1766 1669/3762/1754 1411/3115/1475
f 1729/3909/1814 1637/3885/1722 1413/3910/1477
f 1730/3911/1815 1691/3912/1776 1602/3886/1684
f 1718/3890/1803 1563/3889/1642 1653/3913/1738
f 1719/3892/1804 1653/3913/1738 1448/3893/1512
f 1718/3914/1803 1701/3915/1786 1731/3916/1816
f 1732/3917/1817 1698/3833/1783 1631/3832/1716
f 1701/3918/1786 1718/3890/1803 1702/3900/1787
f 1603/3597/1685 1733/3919/1818 1709/3859/1794
f 1734/3920/1819 1566/3897/1645 1477/3644/1541
f 1701/3921/1786 1640/3922/1725 1722/3923/1807
f 1735/3924/1820 1694/3825/1779 1702/3900/1787
f 1736/3925/1821 1693/3836/1778 1623/3835/1708
f 1639/3688/1724 1737/3926/1822 1722/3899/1807
f 1733/3919/1818 1603/3597/1685 1643/3722/1728
f 1700/3838/1785 1711/3865/1796 1665/3754/1750
f 1738/3927/1823 1739/3928/1824 1633/3929/1825
f 1711/3865/1796 1646/3862/1731 1665/3754/1750
f 1633/3929/1718 1645/3930/1730 1740/3931/1826
f 1710/3932/1795 1649/3705/1734 1381/3062/1445
f 1741/3933/1827 1608/3934/1690 1649/3935/1734
f 1742/3936/1828 1678/3937/1763 1648/3938/1733
f 1715/3871/1800 1467/3253/1531 1650/3706/1735
f 1541/3583/1619 1599/3585/1681 1725/3903/1810
f 1726/3939/1811 1679/3878/1764 1627/3880/1712
f 1667/3940/1752 1572/3516/1651 1707/3941/1792
f 1658/3942/1743 1617/3681/1702 1728/3907/1813
f 1658/3942/1743 1728/3907/1813 1652/3943/1737
f 1195/2641/1251 1690/3944/1775 1261/2979/1320
f 1221/2707/1278 1680/3791/1765 1311/2907/1375
f 1630/3662/1715 1683/3794/1768 1528/3713/1602
f 1629/3661/1714 1743/3945/1829 1527/3413/1601
f 1602/3886/1684 1637/3885/1722 1730/3911/1815
f 1593/3765/1676 1744/3946/1830 1671/3766/1756
f 1745/3947/1831 1718/3890/1803 1653/3913/1738
f 1654/3716/1739 1709/3859/1794 1746/3948/1832
f 1564/3949/1643 1747/3950/1833 1575/3951/1654
f 1477/3644/1541 1699/3834/1784 1734/3920/1819
f 1721/3898/1806 1700/3838/1785 1549/3457/1627
f 1639/3860/1724 1693/3824/1778 1737/3952/1822
f 1623/3835/1708 1748/3953/1834 1736/3925/1821
f 1643/3722/1728 1695/3828/1780 1733/3919/1818
f 1749/3954/1835 1711/3865/1796 1700/3838/1785
f 1722/3899/1807 1737/3926/1822 1633/3929/1718
f 1737/3926/1822 1738/3927/1836 1633/3929/1718
f 1661/3747/1746 1676/3779/1761 1750/3955/1837
f 1553/3778/1632 1750/3955/1837 1676/3779/1761
f 1739/3956/1838 1751/1678/1839 1738/3957/1840
f 1553/3778/1632 1647/3958/1732 1750/3955/1837
f 1723/3901/1808 1712/3866/1797 1655/3864/1740
f 1713/3959/1798 1696/3960/1781 1712/3961/1797
f 1648/3938/1733 1536/3962/1614 1752/3963/1841
f 1536/3962/1614 1677/3964/1762 1753/3965/1842
f 1657/3731/1742 1704/3848/1789 1598/3582/1680
f 1616/3628/1701 1754/3966/1843 1614/3625/1699
f 1705/3906/1790 1727/3967/1812 1628/3789/1713
f 1727/3967/1812 1728/3968/1813 1628/3789/1713
f 1755/3969/1844 1529/3416/1603 1636/3764/1721
f 1702/3900/1787 1718/3890/1803 1745/3947/1831
f 1698/3970/1783 1721/3898/1806 1622/3642/1707
f 1749/3954/1835 1700/3838/1785 1721/3898/1806
f 1531/3422/1605 1661/3747/1746 1699/3834/1784
f 1737/3971/1822 1736/3925/1821 1738/3972/1836
f 1584/3861/1667 1694/3825/1779 1735/3924/1820
f 1687/3973/1772 1608/3934/1690 1756/3974/1845
f 1756/3974/1845 1608/3934/1690 1741/3933/1827
f 1536/3962/1614 1757/3975/1846 1752/3963/1841
f 1657/3731/1742 1587/3554/1670 1678/3784/1763
f 1570/3503/1649 1713/3868/1798 1714/3870/1799
f 1697/3830/1782 1758/3976/1847 1615/3626/1700
f 1759/3977/1848 1626/3656/1711 1615/3626/1700
f 1689/3816/1774 1627/3658/1712 1371/3043/1435
f 1222/2708/1279 1717/3883/1802 1629/3661/1714
f 1635/3978/1720 1619/3742/1704 1760/3979/1849
f 1654/3058/1739 1761/3980/1850 1546/3981/1624
f 1684/3797/1769 1732/3982/1817 1631/3798/1716
f 1734/3920/1819 1720/3895/1805 1566/3897/1645
f 1550/3645/1628 1748/3983/1834 1623/3646/1708
f 1736/3925/1821 1737/3971/1822 1693/3836/1778
f 1750/3955/1837 1762/3984/1851 1661/3747/1746
f 1735/3924/1820 1645/3985/1730 1584/3861/1667
f 1763/3986/1852 1633/3987/1718 1738/3988/1836
f 1762/3984/1851 1750/3955/1837 1647/3958/1732
f 1763/3989/1852 1710/3863/1795 1633/3679/1718
f 1703/3847/1788 1612/3622/1697 1724/3902/1809
f 1710/3932/1795 1764/3990/1853 1649/3705/1734
f 1724/3991/1809 1569/3655/1648 1704/3848/1789
f 1669/3762/1754 1681/3908/1766 1765/3992/1854
f 1546/3454/1624 1761/3993/1850 1620/3639/1705
f 1594/3891/1677 1671/3766/1756 1747/3950/1833
f 1719/3892/1804 1745/3947/1831 1653/3913/1738
f 1564/3949/1643 1594/3891/1677 1747/3950/1833
f 1766/3994/1855 1575/3951/1654 1747/3950/1833
f 1732/3982/1817 1767/3995/1856 1698/3996/1783
f 1692/3997/1777 1768/3998/1857 1550/3999/1628
f 1721/3898/1806 1767/4000/1856 1749/3954/1835
f 1661/3747/1746 1762/3984/1851 1699/3834/1784
f 1736/3925/1821 1763/4001/1852 1738/3972/1836
f 1695/3828/1780 1703/3847/1788 1733/3919/1818
f 1764/2954/1858 1645/4002/1730 1769/4003/1859
f 1740/4004/1826 1645/4005/1730 1764/4006/1858
f 1723/4007/1808 1770/4008/1860 1712/4009/1797
f 1742/3936/1828 1648/3938/1733 1752/3963/1841
f 1649/3935/1734 1771/4010/1861 1741/3933/1827
f 1536/3962/1614 1753/3965/1842 1757/3975/1846
f 1772/4011/1862 1714/4012/1799 1713/3959/1798
f 1773/4013/1863 1753/4014/1842 1677/3872/1762
f 1774/4015/1864 1715/3871/1800 1650/3706/1735
f 1775/4016/1865 1519/3563/1591 1501/3522/1568
f 1651/4017/1736 1728/3968/1813 1727/3967/1812
f 1716/4018/1801 1728/3968/1813 1651/4017/1736
f 1776/4019/1866 1668/3820/1753 1683/3819/1768
f 1777/4020/1867 1630/3662/1715 1262/2815/1321
f 1765/3992/1854 1681/3908/1766 1778/4021/1868
f 1659/3741/1744 1760/3979/1849 1619/3742/1704
f 1635/3683/1720 1729/4022/1814 1413/3117/1477
f 1779/4023/1869 1719/3892/1804 1720/3895/1805
f 1767/4000/1856 1721/3898/1806 1698/3970/1783
f 1747/3950/1833 1780/4024/1870 1766/3994/1855
f 1702/3900/1787 1781/4025/1871 1735/3924/1820
f 1736/3925/1821 1748/3953/1834 1763/4001/1852
f 1699/3834/1784 1762/3984/1851 1734/3920/1819
f 1711/3865/1796 1749/3954/1835 1723/3901/1808
f 1762/3984/1851 1687/3973/1772 1756/3974/1845
f 1647/3958/1732 1687/3973/1772 1762/3984/1851
f 1756/3974/1845 1741/3933/1827 1782/4026/1872
f 1713/3959/1798 1712/3961/1797 1770/4027/1860
f 1783/4028/1873 1784/4029/1874 1785/4030/1875
f 1775/4031/1865 1501/3330/1568 1589/3557/1672
f 1786/4032/1876 1616/3628/1701 1456/3229/1520
f 1690/3944/1775 1787/4033/1877 1788/4034/1878
f 1690/3817/1775 1682/3882/1767 1787/4035/1877
f 1263/2817/1322 1789/4036/1879 1322/2928/1386
f 1790/4037/1880 1708/4038/1793 1766/3994/1855
f 1718/3890/1803 1791/4039/1881 1685/3888/1770
f 1575/3951/1654 1766/3994/1855 1708/4038/1793
f 1719/3892/1804 1792/4040/1882 1745/3947/1831
f 1701/4041/1786 1793/4042/1883 1731/4043/1816
f 1793/4042/1883 1701/4041/1786 1794/4044/1884
f 1550/3999/1628 1768/3998/1857 1748/4045/1834
f 1702/3900/1787 1745/3947/1831 1781/4025/1871
f 1701/4041/1786 1722/3899/1807 1794/4044/1884
f 1734/3920/1819 1762/3984/1851 1720/3895/1805
f 1720/3895/1805 1762/3984/1851 1779/4023/1869
f 1633/3929/1718 1740/3931/1826 1722/3899/1807
f 1795/4046/1885 1645/3985/1730 1735/3924/1820
f 1749/4047/1835 1796/4048/1886 1797/4049/1887
f 1723/4007/1808 1749/4047/1835 1797/4049/1887
f 1795/4050/1885 1769/4003/1859 1645/4002/1730
f 1797/4049/1887 1770/4008/1860 1723/4007/1808
f 1763/4051/1852 1798/4052/1888 1710/4053/1795
f 1769/4054/1889 1740/4055/1826 1764/4056/1858
f 1782/4026/1872 1741/3933/1827 1771/4010/1861
f 1649/3935/1734 1764/4057/1853 1771/4010/1861
f 1678/3937/1763 1742/3936/1828 1799/4058/1890
f 1657/4059/1742 1678/3937/1763 1799/4058/1890
f 1800/4060/1891 1757/3975/1846 1783/4028/1873
f 1783/4028/1873 1785/4030/1875 1800/4060/1891
f 1454/3223/1518 1714/3870/1799 1613/3624/1698
f 1677/3872/1762 1715/3871/1800 1773/4013/1863
f 1588/3556/1671 1801/4061/1892 1571/3505/1650
f 1614/3625/1699 1697/3830/1782 1511/3363/1578
f 1759/3977/1848 1802/4062/1893 1626/3656/1711
f 1626/3735/1711 1802/4063/1893 1666/3756/1751
f 1456/3229/1520 1519/3394/1591 1786/4032/1876
f 1590/3558/1673 1803/4064/1894 1591/3559/1674
f 1652/4065/1737 1728/3968/1813 1716/4018/1801
f 1263/2817/1322 1391/3079/1455 1789/4036/1879
f 1621/408/1706 1708/4066/1793 1755/4067/1844
f 1654/3716/1739 1746/3948/1832 1761/4068/1850
f 1593/3765/1676 1804/4069/1895 1744/3946/1830
f 1692/3822/1777 1685/3823/1770 1791/4070/1881
f 1731/4071/1816 1805/4072/1896 1718/3890/1803
f 1692/3822/1777 1791/4070/1881 1768/4073/1857
f 1781/4025/1871 1795/4046/1885 1735/3924/1820
f 1740/3931/1826 1794/4044/1884 1722/3899/1807
f 1779/4023/1869 1762/3984/1851 1756/3974/1845
f 1763/4051/1852 1806/4074/1897 1798/4052/1888
f 1764/4057/1853 1769/4075/1859 1771/4010/1861
f 1783/4028/1873 1757/3975/1846 1753/3965/1842
f 1560/3480/1639 1807/4076/1898 1688/3810/1773
f 1571/3505/1650 1808/4077/1899 1650/3706/1735
f 1614/3625/1699 1809/4078/1900 1697/3830/1782
f 1725/3903/1810 1810/4079/1901 1588/3556/1671
f 1690/3944/1775 1788/4034/1878 1261/2979/1320
f 1311/2907/1375 1811/4080/1902 1473/3265/1537
f 1777/4020/1867 1812/4081/1903 1630/3662/1715
f 1636/3684/1721 1621/3640/1706 1755/4082/1844
f 1635/3978/1720 1760/3979/1849 1813/4083/1904
f 1691/3821/1776 1660/3743/1745 1547/3455/1625
f 1793/4084/1883 1805/4072/1896 1731/4071/1816
f 1792/4085/1882 1781/4086/1871 1745/4087/1831
f 1793/4088/1883 1794/4089/1884 1814/4090/1905
f 1779/4023/1869 1792/4040/1882 1719/3892/1804
f 1747/3950/1833 1815/4091/1906 1780/4024/1870
f 1815/4091/1906 1816/4092/1907 1780/4024/1870
f 1768/3998/1857 1817/4093/1908 1748/4045/1834
f 1781/4086/1871 1792/4085/1882 1795/4094/1885
f 1749/4095/1835 1767/3995/1856 1796/4096/1886
f 1780/4024/1870 1816/4092/1907 1818/4097/1909
f 1794/4089/1884 1740/764/1826 1819/4098/1910
f 1748/4045/1834 1817/4093/1908 1763/4051/1852
f 1816/4092/1907 1742/3936/1828 1818/4097/1909
f 1817/4093/1908 1806/4074/1897 1763/4051/1852
f 1779/4023/1869 1756/3974/1845 1782/4026/1872
f 1818/4097/1909 1742/3936/1828 1752/3963/1841
f 1724/3902/1809 1820/4099/1911 1703/3847/1788
f 1821/4100/1912 1799/4058/1890 1742/3936/1828
f 1807/4076/1898 1560/3480/1639 1600/3586/1682
f 1519/3394/1591 1775/4101/1865 1786/4032/1876
f 1717/4102/1802 1765/4103/1854 1822/4104/1913
f 1629/3661/1714 1717/3883/1802 1822/4105/1913
f 1527/3740/1601 1743/4106/1829 1659/3741/1744
f 1593/3765/1676 1620/4107/1705 1804/4069/1895
f 1823/4108/1914 1824/4109/1915 1825/4110/1916
f 1684/3797/1769 1796/4096/1886 1732/3982/1817
f 1826/4111/1917 1827/4112/1918 1744/3946/1830
f 1671/3766/1756 1815/4091/1906 1747/3950/1833
f 1793/4084/1883 1814/4113/1905 1805/4072/1896
f 1779/4023/1869 1782/4026/1872 1792/4040/1882
f 1780/4024/1870 1818/4097/1909 1766/3994/1855
f 1819/4098/1910 1814/4090/1905 1794/4089/1884
f 1819/4114/1910 1740/4055/1826 1769/4054/1889
f 1771/4010/1861 1769/4075/1859 1795/4046/1885
f 1757/3975/1846 1818/4097/1909 1752/3963/1841
f 1828/4115/1919 1769/4075/1889 1764/4057/1853
f 1710/3932/1795 1828/4116/1919 1764/3990/1853
f 1798/4117/1888 1828/4118/1919 1710/1684/1795
f 1704/4119/1789 1657/4059/1742 1829/4120/1920
f 1713/3959/1798 1770/4027/1860 1830/4121/1921
f 1799/4058/1890 1829/4120/1920 1657/4059/1742
f 1714/4012/1799 1831/4122/1922 1613/4123/1698
f 1784/4124/1874 1783/4125/1873 1753/4014/1842
f 1784/4124/1874 1753/4014/1842 1773/4013/1863
f 1784/4124/1874 1832/4126/1923 1785/4127/1875
f 1758/3976/1847 1697/3830/1782 1833/4128/1924
f 1786/4032/1876 1834/4129/1925 1616/3628/1701
f 1835/4130/1926 1803/4064/1894 1590/3558/1673
f 1836/4131/1927 1627/3658/1712 1689/3816/1774
f 1811/4080/1902 1311/2907/1375 1680/3791/1765
f 1729/3909/1814 1730/3911/1815 1637/3885/1722
f 1837/4132/1928 1761/4133/1850 1746/4134/1832
f 1823/4135/1914 1837/4132/1929 1824/4136/1915
f 1790/4037/1880 1766/3994/1855 1838/4137/1930
f 1804/4069/1895 1826/4111/1917 1744/3946/1830
f 1791/4039/1881 1718/3890/1803 1839/4138/1931
f 1796/4096/1886 1767/3995/1856 1732/3982/1817
f 1744/3946/1830 1827/4112/1918 1671/3766/1756
f 1805/4072/1896 1839/4138/1931 1718/3890/1803
f 1671/3766/1756 1827/4112/1918 1815/4091/1906
f 1791/4070/1881 1839/4139/1931 1768/4073/1857
f 1805/4072/1896 1814/4113/1905 1819/4140/1910
f 1703/3847/1788 1820/4099/1911 1733/3919/1818
f 1792/4040/1882 1782/4026/1872 1795/4046/1885
f 1782/4026/1872 1771/4010/1861 1795/4046/1885
f 1816/4092/1907 1821/4100/1912 1742/3936/1828
f 1828/4141/1919 1806/4142/1897 1817/4143/1908
f 1819/4140/1910 1769/4075/1889 1828/4115/1919
f 1818/4097/1909 1757/3975/1846 1840/4144/1932
f 1841/4145/1933 1800/4060/1891 1832/4146/1923
f 1800/4147/1891 1785/4148/1875 1832/3673/1923
f 1842/4149/1934 1600/3586/1682 1613/3624/1698
f 1706/3851/1791 1843/4150/1935 1727/3905/1812
f 1726/3939/1811 1627/3880/1712 1844/4151/1936
f 1811/4080/1902 1680/3791/1765 1845/4152/1937
f 1788/4153/1878 1778/4154/1868 1261/2812/1320
f 1778/4154/1868 1681/3792/1766 1261/2812/1320
f 1322/2928/1386 1777/4020/1867 1262/2815/1321
f 1717/3883/1802 1669/3762/1754 1765/3992/1854
f 1629/3661/1714 1822/4105/1913 1743/3945/1829
f 1755/4067/1844 1708/4066/1793 1790/4155/1880
f 1635/3683/1720 1813/4156/1904 1729/4022/1814
f 1846/4157/1938 1761/4158/1850 1837/4159/1928
f 1825/4160/1916 1837/4161/1929 1823/4162/1914
f 1691/3912/1776 1847/4163/1939 1660/3887/1745
f 1790/4037/1880 1838/4137/1930 1848/4164/1940
f 1729/3909/1814 1849/4165/1941 1730/3911/1815
f 1839/4138/1931 1805/4072/1896 1850/4166/1942
f 1839/4167/1931 1850/4168/1942 1768/4169/1857
f 1768/4169/1857 1850/4168/1942 1817/4170/1908
f 1827/4112/1918 1821/4100/1912 1815/4091/1906
f 1733/3919/1818 1820/4099/1911 1709/3859/1794
f 1818/4097/1909 1840/4144/1932 1766/3994/1855
f 1817/4170/1908 1850/4168/1942 1851/4171/1943
f 1805/4072/1896 1819/4140/1910 1851/4172/1943
f 1815/4091/1906 1821/4100/1912 1816/4092/1907
f 1819/4140/1910 1828/4115/1919 1851/4172/1943
f 1817/4143/1908 1851/4173/1943 1828/4141/1919
f 1830/4121/1921 1770/4027/1860 1797/4174/1887
f 1806/4175/1897 1828/4118/1919 1798/4117/1888
f 1807/4176/1898 1852/4177/1944 1688/4178/1773
f 1853/4179/1945 1589/4180/1672 1688/4178/1773
f 1842/4149/1934 1807/4076/1898 1600/3586/1682
f 1697/3830/1782 1809/4078/1900 1833/4128/1924
f 1615/3626/1700 1758/3976/1847 1759/3977/1848
f 1775/4181/1865 1854/4182/1946 1786/4183/1876
f 1727/3905/1812 1843/4150/1935 1651/3707/1736
f 1651/3707/1736 1835/4130/1926 1590/3558/1673
f 1529/3416/1603 1855/4184/1947 1391/3079/1455
f 1813/4156/1904 1856/4185/1948 1729/4022/1814
f 1620/4107/1705 1761/4186/1850 1804/4069/1895
f 1729/3909/1814 1857/4187/1949 1849/4165/1941
f 1691/3912/1776 1730/3911/1815 1847/4163/1939
f 1858/4188/1950 1824/4136/1951 1859/4189/1952
f 1824/4136/1915 1837/4132/1929 1859/4189/1952
f 1805/4072/1896 1851/4172/1943 1850/4166/1942
f 1821/4100/1912 1829/4120/1920 1799/4058/1890
f 1724/3902/1809 1860/4190/1953 1820/4099/1911
f 1860/4191/1953 1704/4119/1789 1829/4120/1920
f 1713/3959/1798 1830/4121/1921 1772/4011/1862
f 1714/4012/1799 1772/4011/1862 1831/4122/1922
f 1800/4060/1891 1841/4145/1933 1861/4192/1954
f 1852/4177/1944 1853/4179/1945 1688/4178/1773
f 1589/4180/1672 1853/4179/1945 1775/4193/1865
f 1754/3966/1843 1809/4078/1900 1614/3625/1699
f 1726/3939/1811 1844/4151/1936 1862/4194/1955
f 1572/3516/1651 1591/3559/1674 1707/3941/1792
f 1682/3793/1767 1670/3763/1755 1863/4195/1956
f 1822/4104/1913 1864/4196/1957 1743/4106/1829
f 1790/4197/1880 1848/4198/1940 1865/4199/1958
f 1837/4159/1928 1866/4200/1959 1846/4157/1938
f 1684/3797/1769 1867/4201/1960 1796/4096/1886
f 1837/4132/1929 1866/4202/1961 1859/4189/1952
f 1826/4111/1917 1821/4100/1912 1827/4112/1918
f 1826/4111/1917 1829/4120/1920 1821/4100/1912
f 1868/4203/1962 1830/4121/1921 1797/4174/1887
f 1830/4121/1921 1868/4203/1962 1772/4011/1862
f 1757/3975/1846 1800/4060/1891 1840/4144/1932
f 1861/4192/1954 1840/4144/1932 1800/4060/1891
f 1704/4119/1789 1860/4191/1953 1724/4204/1809
f 1869/4205/1963 1786/4206/1876 1854/4207/1946
f 1862/4208/1955 1706/3851/1791 1726/3904/1811
f 1666/4209/1751 1689/3816/1774 1471/3259/1535
f 1627/3658/1712 1836/4131/1927 1844/4210/1936
f 1812/4081/1903 1683/3794/1768 1630/3662/1715
f 1322/2928/1386 1789/4036/1879 1870/4211/1964
f 1755/4067/1844 1790/4155/1880 1871/4212/1965
f 1761/4186/1850 1846/4213/1938 1804/4069/1895
f 1660/3887/1745 1872/4214/1966 1684/3797/1769
f 1824/4109/1915 1859/4215/1952 1825/4110/1916
f 1866/4200/1959 1873/4216/1967 1846/4157/1938
f 1874/4217/1968 1848/4164/1940 1838/4137/1930
f 1825/4160/1916 1866/4218/1969 1837/4161/1929
f 1729/4022/1814 1856/4185/1948 1857/4219/1949
f 1746/4134/1832 1866/4202/1961 1837/4132/1928
f 1766/3994/1855 1840/4144/1932 1838/4137/1930
f 1709/3859/1794 1820/4099/1911 1746/3948/1832
f 1859/4189/1952 1866/4202/1961 1875/4220/1970
f 1796/4096/1886 1868/4203/1962 1797/4174/1887
f 1868/4203/1962 1831/4122/1922 1772/4011/1862
f 1613/4123/1698 1831/4122/1922 1842/4221/1934
f 1616/3628/1701 1834/4129/1925 1754/3966/1843
f 1786/4222/1876 1876/4223/1971 1834/4224/1925
f 1801/4061/1892 1588/3556/1671 1810/4079/1901
f 1787/4035/1877 1682/3882/1767 1863/4225/1956
f 1755/3969/1844 1877/4226/1972 1529/3416/1603
f 1859/4215/1952 1878/4227/1973 1825/4110/1916
f 1684/3797/1769 1872/4214/1966 1867/4201/1960
f 1849/4165/1941 1879/4228/1974 1730/3911/1815
f 1730/3911/1815 1879/4228/1974 1847/4163/1939
f 1878/4229/1973 1880/4230/1975 1866/4200/1969
f 1796/4096/1886 1867/4201/1960 1868/4203/1962
f 1875/4231/1970 1878/4227/1973 1859/4215/1952
f 1866/4202/1961 1746/4134/1832 1880/4232/1976
f 1866/4202/1961 1880/4232/1975 1875/4220/1970
f 1875/4220/1970 1880/4232/1975 1881/4233/1977
f 1773/4013/1863 1832/4126/1923 1784/4124/1874
f 1774/4015/1864 1773/4013/1863 1715/3871/1800
f 1689/3816/1774 1666/4209/1751 1836/4131/1927
f 1529/3416/1603 1877/4226/1972 1855/4184/1947
f 1743/4106/1829 1864/4196/1957 1882/4234/1978
f 1659/3741/1744 1743/4106/1829 1882/4234/1978
f 1790/4235/1880 1883/4236/1979 1871/4237/1965
f 1760/3979/1849 1884/4238/1980 1813/4083/1904
f 1865/4239/1958 1883/4240/1979 1790/4241/1880
f 1825/4160/1916 1878/4242/1973 1866/4218/1969
f 1847/4163/1939 1872/4214/1966 1660/3887/1745
f 1866/4200/1959 1880/4230/1976 1873/4216/1967
f 1885/4243/1981 1872/4214/1966 1847/4163/1939
f 1879/4228/1974 1886/4244/1982 1847/4163/1939
f 1873/4245/1967 1826/4111/1917 1804/4069/1895
f 1746/4134/1832 1887/4246/1983 1880/4232/1976
f 1746/4134/1832 1820/4247/1911 1887/4246/1983
f 1820/4247/1911 1860/4248/1953 1887/4246/1983
f 1880/4249/1975 1878/4250/1973 1881/4251/1977
f 1840/4144/1932 1861/4192/1954 1888/4252/1984
f 1889/4253/1985 1852/4177/1944 1807/4176/1898
f 1775/4193/1865 1853/4179/1945 1854/4254/1946
f 1841/4255/1933 1832/4126/1923 1890/4256/1986
f 1834/4224/1925 1809/4257/1900 1754/4258/1843
f 1759/4259/1848 1758/4260/1847 1891/4261/1987
f 1651/3707/1736 1843/4150/1935 1835/4130/1926
f 1668/3761/1753 1680/3791/1765 1279/2850/1342
f 1391/3079/1455 1855/4184/1947 1789/4036/1879
f 1765/4103/1854 1892/4262/1988 1822/4104/1913
f 1765/4103/1854 1893/4263/1989 1892/4262/1988
f 1871/4264/1965 1894/4265/1990 1755/4266/1844
f 1892/4262/1988 1864/4196/1957 1822/4104/1913
f 1871/4237/1965 1883/4236/1979 1895/4267/1991
f 1659/3741/1744 1896/4268/1992 1760/3979/1849
f 1874/4269/1968 1865/4199/1958 1848/4198/1940
f 1874/4217/1968 1838/4137/1930 1897/4270/1993
f 1886/4244/1982 1885/4243/1981 1847/4163/1939
f 1875/4231/1970 1881/4271/1977 1878/4227/1973
f 1898/4272/1994 1842/4221/1934 1831/4122/1922
f 1854/4254/1946 1853/4179/1945 1899/4273/1995
f 1899/4273/1995 1853/4179/1945 1852/4177/1944
f 1862/4274/1955 1844/4275/1936 1900/4276/1996
f 1900/4276/1996 1836/4277/1927 1666/4278/1751
f 1322/2928/1386 1870/4211/1964 1777/4020/1867
f 1877/4226/1972 1901/4279/1997 1855/4184/1947
f 1882/4234/1978 1896/4268/1992 1659/3741/1744
f 1897/4280/1993 1902/4281/1998 1874/3464/1968
f 1880/4230/1976 1887/4282/1983 1873/4216/1967
f 1873/4245/1967 1860/4191/1953 1826/4111/1917
f 1826/4111/1917 1860/4191/1953 1829/4120/1920
f 1879/4228/1974 1899/4273/1995 1886/4244/1982
f 1838/4137/1930 1840/4144/1932 1888/4252/1984
f 1867/4201/1960 1898/4272/1994 1868/4203/1962
f 1849/4165/1941 1899/4273/1995 1879/4228/1974
f 1831/4122/1922 1868/4203/1962 1898/4272/1994
f 1849/4165/1941 1854/4254/1946 1899/4273/1995
f 1886/4244/1982 1852/4177/1944 1889/4253/1985
f 1650/3706/1735 1808/4077/1899 1774/4015/1864
f 1903/4283/1999 1864/4196/1957 1892/4262/1988
f 1760/3979/1849 1896/4268/1992 1884/4238/1980
f 1872/4214/1966 1898/4272/1994 1867/4201/1960
f 1838/4137/1930 1888/4252/1984 1897/4270/1993
f 1899/4273/1995 1852/4177/1944 1886/4244/1982
f 1885/4243/1981 1886/4244/1982 1889/4253/1985
f 1873/4284/1967 1887/4285/1983 1860/4286/1953
f 1904/4287/2000 1888/4288/1984 1861/4289/1954
f 1905/4290/2001 1861/4291/1954 1841/4292/1933
f 1906/4293/2002 1832/4126/1923 1773/4013/1863
f 1869/4294/1963 1876/4223/1971 1786/4222/1876
f 1808/4077/1899 1571/3505/1650 1801/4061/1892
f 1680/3791/1765 1668/3761/1753 1845/4152/1937
f 1765/4103/1854 1778/4295/1868 1893/4263/1989
f 1895/4296/1991 1894/4265/1990 1871/4264/1965
f 1883/4236/1979 1907/4297/2003 1895/4267/1991
f 1813/4083/1904 1884/4238/1980 1856/4298/1948
f 1883/4240/1979 1865/4239/1958 1907/4299/2003
f 1874/4269/1968 1902/4300/1998 1865/4199/1958
f 1897/4270/1993 1888/4252/1984 1908/4301/2004
f 1885/4243/1981 1898/4272/1994 1872/4214/1966
f 1889/4253/1985 1898/4272/1994 1885/4243/1981
f 1889/4253/1985 1807/4176/1898 1898/4272/1994
f 1807/4176/1898 1842/4221/1934 1898/4272/1994
f 1888/4302/1984 1904/4303/2000 1909/4304/2005
f 1849/4305/1941 1869/4205/1963 1854/4207/1946
f 1904/4306/2000 1861/4291/1954 1905/4290/2001
f 1910/4307/2006 1876/4223/1971 1869/4294/1963
f 1833/4308/1924 1891/4261/1987 1758/4260/1847
f 1862/4208/1955 1911/4309/2007 1706/3851/1791
f 1706/3851/1791 1911/4309/2007 1843/4150/1935
f 1755/4266/1844 1894/4265/1990 1877/4310/1972
f 1864/4196/1957 1912/4311/2008 1882/4234/1978
f 1907/4299/2003 1865/4239/1958 1913/4312/2009
f 1856/4298/1948 1884/4238/1980 1914/4313/2010
f 1897/4280/1993 1908/4314/2004 1902/4281/1998
f 1888/4315/1984 1909/4316/2005 1908/4317/2004
f 1876/4223/1971 1915/4318/2011 1834/4224/1925
f 1915/4318/2011 1809/4257/1900 1834/4224/1925
f 1833/4308/1924 1809/4257/1900 1916/4319/2012
f 1891/173/1987 1917/4320/2013 1759/4321/1848
f 1759/4322/1848 1917/4323/2013 1802/4324/1893
f 1918/4325/2014 1843/4150/1935 1911/4309/2007
f 1844/4275/1936 1836/4277/1927 1900/4276/1996
f 1855/4184/1947 1919/4326/2015 1789/4036/1879
f 1903/4283/1999 1912/4311/2008 1864/4196/1957
f 1907/4297/2003 1920/4327/2016 1895/4267/1991
f 1846/4213/1938 1873/4245/1967 1804/4069/1895
f 1902/4300/1998 1908/4328/2004 1865/4199/1958
f 1865/4199/1958 1908/4328/2004 1909/4278/2005
f 1857/4187/1949 1869/4329/1963 1849/4165/1941
f 1910/4307/2006 1915/4318/2011 1876/4223/1971
f 1666/4330/1751 1802/4331/1893 1900/4332/1996
f 1803/4064/1894 1921/4333/2017 1591/3559/1674
f 1473/3265/1537 1811/4080/1902 1922/4334/2018
f 1777/4020/1867 1870/4211/1964 1923/4335/2019
f 1923/4335/2019 1812/4081/1903 1777/4020/1867
f 1788/4153/1878 1924/4336/2020 1778/4154/1868
f 1915/4318/2011 1910/4307/2006 1914/4313/2010
f 1841/4337/1933 1890/4338/1986 1905/4339/2001
f 1916/4319/2012 1925/4340/2021 1833/4308/1924
f 1833/4308/1924 1925/4340/2021 1891/4261/1987
f 1773/4013/1863 1926/4341/2022 1906/4293/2002
f 1927/4342/2023 1911/4309/2007 1862/4208/1955
f 1921/4333/2017 1707/3941/1792 1591/3559/1674
f 1928/4343/2024 1670/3763/1755 1473/3265/1537
f 1919/4326/2015 1855/4184/1947 1901/4279/1997
f 1920/4344/2016 1907/4299/2003 1913/4312/2009
f 1914/4313/2010 1857/4345/1949 1856/4298/1948
f 1884/4238/1980 1896/4268/1992 1914/4313/2010
f 1915/4318/2011 1896/4268/1992 1882/4234/1978
f 1915/4318/2011 1882/4234/1978 1912/4311/2008
f 1896/4268/1992 1915/4318/2011 1914/4313/2010
f 1914/4313/2010 1910/4307/2006 1857/4345/1949
f 1909/4304/2005 1904/4303/2000 1929/4346/2025
f 1916/4319/2012 1809/4257/1900 1915/4318/2011
f 1904/4347/2000 1905/4339/2001 1930/4348/2026
f 1773/4349/1863 1774/4350/1864 1926/4351/2022
f 1843/4150/1935 1918/4325/2014 1835/4130/1926
f 1931/4352/2027 1810/4079/1901 1725/3903/1810
f 1922/4334/2018 1928/4343/2024 1473/3265/1537
f 1892/4262/1988 1893/4263/1989 1903/4283/1999
f 1865/4239/1958 1909/4353/2005 1913/4312/2009
f 1913/4354/2009 1929/4355/2025 1920/4356/2016
f 1912/4311/2008 1916/4319/2012 1915/4318/2011
f 1913/4354/2009 1909/3818/2005 1929/4355/2025
f 1930/4348/2026 1905/4339/2001 1890/4338/1986
f 1906/4293/2002 1890/4256/1986 1832/4126/1923
f 1599/3585/1681 1707/4357/1792 1725/3903/1810
f 1893/4263/1989 1778/4295/1868 1924/4358/2020
f 1895/4296/1991 1920/4359/2016 1932/4360/2028
f 1857/4345/1949 1910/4307/2006 1869/4294/1963
f 1900/4276/1996 1927/4361/2023 1862/4274/1955
f 1901/4362/1997 1933/4363/2029 1919/4364/2015
f 1919/4364/2015 1933/4363/2029 1789/4365/1879
f 1877/4310/1972 1894/4265/1990 1934/4366/2030
f 1895/4296/1991 1932/4360/2028 1894/4265/1990
f 1920/4359/2016 1929/4367/2025 1932/4360/2028
f 1925/4340/2021 1916/4319/2012 1912/4311/2008
f 1904/4347/2000 1930/4348/2026 1929/4367/2025
f 1925/4340/2021 1935/4368/2031 1891/4261/1987
f 1863/4195/1956 1670/3763/1755 1928/4343/2024
f 1927/4361/2023 1900/4276/1996 1802/4369/1893
f 1668/3761/1753 1776/4370/1866 1845/4152/1937
f 1924/4336/2020 1788/4153/1878 1936/4371/2032
f 1901/4362/1997 1877/4310/1972 1937/4372/2033
f 1903/4283/1999 1925/4340/2021 1912/4311/2008
f 1929/4367/2025 1930/4348/2026 1932/4360/2028
f 1802/4373/1893 1938/4374/2034 1927/4375/2023
f 1845/4152/1937 1939/4376/2035 1811/4080/1902
f 1922/4334/2018 1811/4080/1902 1939/4376/2035
f 1683/3819/1768 1940/4377/2036 1776/4019/1866
f 1812/4081/1903 1940/4378/2036 1683/3794/1768
f 1870/4211/1964 1941/4379/2037 1923/4335/2019
f 1789/4036/1879 1941/4379/2037 1870/4211/1964
f 1932/4360/2028 1934/4366/2030 1894/4265/1990
f 1893/4263/1989 1935/4368/2031 1903/4283/1999
f 1935/4368/2031 1925/4340/2021 1903/4283/1999
f 1808/4380/1899 1942/4381/2038 1774/4350/1864
f 1922/4382/2018 1943/4383/2039 1928/4384/2024
f 1877/4310/1972 1934/4366/2030 1937/4372/2033
f 1942/4381/2038 1926/4351/2022 1774/4350/1864
f 1801/4061/1892 1944/4385/2040 1808/4077/1899
f 1725/3903/1810 1707/4357/1792 1945/4386/2041
f 1812/4081/1903 1923/4335/2019 1940/4378/2036
f 1789/4365/1879 1933/4363/2029 1941/4387/2037
f 1788/4388/1878 1787/4389/1877 1936/4390/2032
f 1946/4391/2042 1918/4392/2014 1911/4393/2007
f 1810/4079/1901 1944/4385/2040 1801/4061/1892
f 1803/4064/1894 1835/4130/1926 1947/4394/2043
f 1932/4360/2028 1930/4348/2026 1934/4366/2030
f 1930/4348/2026 1890/4338/1986 1934/4366/2030
f 1911/4393/2007 1948/4395/2044 1946/4391/2042
f 1835/4130/1926 1918/4325/2014 1949/4396/2045
f 1707/4397/1792 1950/4398/2046 1945/4399/2041
f 1922/4382/2018 1951/4400/2047 1943/4383/2039
f 1863/4401/1956 1936/4390/2032 1787/4389/1877
f 1893/4263/1989 1952/4402/2048 1935/4368/2031
f 1952/4402/2048 1891/4261/1987 1935/4368/2031
f 1943/4383/2039 1953/4403/2049 1928/4384/2024
f 1901/4362/1997 1954/4404/2050 1933/4363/2029
f 1934/4366/2030 1890/4338/1986 1906/4405/2002
f 1891/4261/1987 1952/4402/2048 1917/4406/2013
f 1948/4395/2044 1955/4407/2051 1946/4391/2042
f 1802/4408/1893 1917/4409/2013 1938/4410/2034
f 1808/4380/1899 1956/4411/2052 1942/4381/2038
f 1945/4386/2041 1931/4352/2027 1725/3903/1810
f 1928/4384/2024 1953/4403/2049 1863/4401/1956
f 1863/4401/1956 1953/4403/2049 1936/4390/2032
f 1937/4372/2033 1954/4404/2050 1901/4362/1997
f 1934/4366/2030 1906/4405/2002 1937/4372/2033
f 1937/4372/2033 1906/4405/2002 1926/4351/2022
f 1927/4412/2023 1948/4395/2044 1911/4393/2007
f 1955/4407/2051 1918/4392/2014 1946/4391/2042
f 1810/4079/1901 1931/4352/2027 1957/4413/2053
f 1921/4333/2017 1950/4414/2046 1707/3941/1792
f 1954/4404/2050 1937/4372/2033 1926/4351/2022
f 1958/4415/2054 1927/4416/2023 1938/4417/2034
f 1893/4263/1989 1924/4358/2020 1952/4402/2048
f 1954/4404/2050 1926/4351/2022 1959/4418/2055
f 1952/4419/2048 1938/4410/2034 1917/4409/2013
f 1958/4420/2054 1948/4395/2044 1927/4412/2023
f 1924/4421/2020 1960/4422/2056 1952/4423/2048
f 1922/4382/2018 1939/4424/2035 1961/4425/2057
f 1941/4387/2037 1962/4426/2058 1923/4427/2019
f 1954/4404/2050 1959/4418/2055 1933/4363/2029
f 1936/4390/2032 1960/4428/2056 1924/4429/2020
f 1963/4430/2059 1964/4431/2060 1948/4395/2044
f 1958/4420/2054 1963/4430/2059 1948/4395/2044
f 1956/4411/2052 1965/4432/2061 1942/4381/2038
f 1918/4392/2014 1955/4407/2051 1949/4433/2045
f 1944/4385/2040 1810/4079/1901 1957/4413/2053
f 1961/4425/2057 1951/4400/2047 1922/4382/2018
f 1943/4383/2039 1951/4400/2047 1966/4434/2062
f 1943/4383/2039 1964/4431/2060 1953/4403/2049
f 1936/4390/2032 1953/4403/2049 1960/4428/2056
f 1963/4430/2059 1958/4420/2054 1953/4403/2049
f 1960/4428/2056 1938/4435/2034 1952/4436/2048
f 1958/4420/2054 1938/4435/2034 1953/4403/2049
f 1959/4418/2055 1942/4381/2038 1965/4432/2061
f 1776/4370/1866 1940/4437/2036 1845/4152/1937
f 1939/4376/2035 1845/4152/1937 1967/4438/2063
f 1923/4427/2019 1968/4439/2064 1940/4440/2036
f 1943/4383/2039 1966/4434/2062 1964/4431/2060
f 1933/4363/2029 1959/4418/2055 1941/4387/2037
f 1964/4431/2060 1963/4430/2059 1953/4403/2049
f 1942/4381/2038 1959/4418/2055 1926/4351/2022
f 1948/4395/2044 1964/4431/2060 1966/4434/2062
f 1948/4395/2044 1966/4434/2062 1955/4407/2051
f 1803/4064/1894 1947/4394/2043 1921/4333/2017
f 1941/4387/2037 1969/4441/2065 1962/4426/2058
f 1938/4435/2034 1960/4428/2056 1953/4403/2049
f 1955/4407/2051 1970/4442/2066 1949/4433/2045
f 1959/4418/2055 1969/4441/2065 1941/4387/2037
f 1945/4386/2041 1971/4443/2067 1931/4352/2027
f 1947/4394/2043 1972/4444/2068 1921/4333/2017
f 1950/4398/2046 1973/4445/2069 1945/4399/2041
f 1966/4434/2062 1970/4442/2066 1955/4407/2051
f 1808/4380/1899 1944/4446/2040 1956/4411/2052
f 1957/4413/2053 1931/4352/2027 1971/4443/2067
f 1974/4447/2070 1966/4434/2062 1951/4400/2047
f 1961/4425/2057 1974/4447/2070 1951/4400/2047
f 1974/4447/2070 1970/4442/2066 1966/4434/2062
f 1959/4418/2055 1965/4432/2061 1969/4441/2065
f 1940/4437/2036 1975/4448/2071 1845/4152/1937
f 1949/4396/2045 1947/4394/2043 1835/4130/1926
f 1845/4152/1937 1975/4448/2071 1967/4438/2063
f 1961/4425/2057 1939/4424/2035 1967/4449/2063
f 1947/4450/2043 1949/4433/2045 1970/4442/2066
f 1923/4427/2019 1962/4426/2058 1968/4439/2064
f 1976/4451/2072 1944/4446/2040 1957/4452/2053
f 1972/4444/2068 1950/4414/2046 1921/4333/2017
f 1968/4453/2064 1975/4454/2071 1940/4455/2036
f 1967/4449/2063 1977/4456/2073 1961/4425/2057
f 1974/4447/2070 1961/4425/2057 1977/4456/2073
f 1974/4447/2070 1947/4450/2043 1970/4442/2066
f 1965/4432/2061 1956/4411/2052 1976/4451/2072
f 1956/4411/2052 1944/4446/2040 1976/4451/2072
f 1971/4457/2067 1945/4399/2041 1973/4445/2069
f 1969/4441/2065 1978/4458/2074 1962/4426/2058
f 1979/4459/2075 1973/4460/2069 1950/4461/2046
f 1977/4456/2073 1980/4462/2076 1974/4447/2070
f 1972/4444/2068 1979/4463/2075 1950/4414/2046
f 1980/4462/2076 1972/4464/2068 1947/4450/2043
f 1965/4432/2061 1976/4451/2072 1969/4441/2065
f 1967/4449/2063 1981/4465/2077 1977/4456/2073
f 1962/4426/2058 1978/4458/2074 1968/4439/2064
f 1969/4441/2065 1976/4451/2072 1978/4458/2074
f 1980/4462/2076 1947/4450/2043 1974/4447/2070
f 1967/4449/2063 1975/4466/2071 1981/4465/2077
f 1978/4458/2074 1982/4467/2078 1968/4439/2064
f 1973/4445/2069 1979/4468/2075 1971/4457/2067
f 1978/4458/2074 1976/4451/2072 1982/4467/2078
f 1976/4451/2072 1983/4469/2079 1982/4467/2078
f 1976/4451/2072 1957/4452/2053 1971/4470/2067
f 1975/4454/2071 1968/4453/2064 1982/4471/2078
f 1976/4451/2072 1971/4470/2067 1983/4469/2079
f 1980/4462/2076 1979/4472/2075 1972/4464/2068
f 1975/4466/2071 1984/4473/2080 1981/4465/2077
f 1975/4454/2071 1982/4471/2078 1984/4474/2080
f 1980/4462/2076 1985/4475/2081 1979/4472/2075
f 1977/4456/2073 1985/4475/2081 1980/4462/2076
f 1971/4457/2067 1979/4468/2075 1983/1239/2079
f 1983/4476/2079 1979/4472/2075 1985/4475/2081
f 1982/4471/2078 1983/4477/2079 1984/4474/2080
f 1984/4473/2080 1986/4478/2082 1981/4465/2077
f 1983/4479/2079 1986/4480/2082 1984/4481/2080
f 1981/4465/2077 1985/4475/2081 1977/4456/2073
f 1981/4465/2077 1986/4478/2082 1985/4475/2081
f 1983/4482/2079 1985/3915/2081 1986/4483/2082
