# Blender 4.4.0
# www.blender.org
# mtl  Meshy_AI_A_middle_aged_women_a_0501193719_texture.mtl
o Meshy_AI_A_middle_aged_women_a_0501193719_texture
v 0.014548 -0.041082 -0.285832
v -0.042854 -0.041092 -0.279042
v -0.094253 -0.037404 -0.282359
v 0.091650 0.008389 -0.281708
v 0.103545 -0.037052 -0.280596
v -0.006973 0.079670 -0.280409
v -0.093912 0.004451 -0.282204
v 0.048663 -0.041659 -0.279966
v 0.146150 -0.033150 -0.266374
v -0.105579 0.110952 -0.260064
v 0.052095 0.091171 -0.273934
v -0.156305 -0.033102 -0.262325
v 0.131729 0.147521 -0.242157
v -0.006992 0.119116 -0.262454
v 0.021894 -0.036827 -0.252131
v -0.152455 0.127197 -0.238964
v -0.010859 0.171617 -0.268197
v 0.107435 0.139915 -0.249170
v -0.098049 0.466120 -0.266516
v -0.059227 0.489211 -0.264569
v -0.070514 0.430707 -0.262379
v 0.052518 0.465926 -0.266721
v 0.115144 0.501133 -0.261576
v 0.099525 0.434588 -0.262796
v -0.063355 -0.035188 -0.264785
v -0.016449 -0.035778 -0.247710
v 0.096184 -0.037064 -0.264916
v -0.117835 -0.037192 -0.260160
v 0.041141 -0.035826 -0.259752
v 0.165666 0.000064 -0.252248
v 0.091612 0.194204 -0.254402
v -0.097092 0.194326 -0.253639
v 0.094505 0.318992 -0.231153
v 0.028408 0.268074 -0.252578
v 0.008860 0.386783 -0.267046
v -0.069930 0.355235 -0.253837
v -0.015080 0.497218 -0.254826
v -0.117659 0.520487 -0.259554
v 0.096101 0.532388 -0.257078
v 0.177636 -0.032437 -0.243423
v -0.191141 0.008243 -0.231493
v 0.169540 0.135168 -0.225578
v -0.121096 0.209670 -0.238980
v -0.015256 0.197071 -0.244865
v 0.047443 0.275821 -0.250536
v 0.114493 0.379667 -0.244222
v -0.117323 0.418979 -0.255488
v -0.188566 0.474522 -0.245696
v -0.055024 0.556643 -0.249233
v 0.049503 -0.066687 -0.242454
v 0.143388 -0.036879 -0.252297
v -0.178704 -0.029790 -0.246585
v 0.106754 0.198547 -0.249040
v -0.042142 0.272700 -0.246337
v -0.037606 0.810987 -0.247713
v 0.000847 0.815421 -0.256524
v -0.037495 0.773580 -0.247446
v -0.002704 0.842112 -0.248572
v 0.019517 0.826876 -0.253587
v 0.020831 0.784954 -0.251367
v 0.088237 -0.068621 -0.246753
v -0.032360 -0.071174 -0.230795
v 0.108278 0.171141 -0.250004
v 0.024900 0.235815 -0.237275
v -0.124906 0.355888 -0.227057
v 0.171183 0.485515 -0.245561
v 0.186956 0.486029 -0.245580
v -0.140949 -0.065146 -0.239161
v -0.164332 -0.035526 -0.240369
v 0.162368 -0.035726 -0.239952
v 0.060637 0.200694 -0.242648
v -0.141174 0.555565 -0.240676
v 0.138886 0.551181 -0.241896
v -0.002769 0.733340 -0.232148
v -0.056822 0.784840 -0.238783
v 0.054554 0.807402 -0.240310
v -0.086913 -0.091207 -0.226432
v 0.147105 -0.096717 -0.210779
v -0.004073 -0.072576 -0.208236
v 0.067395 0.247173 -0.235444
v -0.108290 0.323459 -0.232144
v 0.213524 0.462751 -0.233767
v -0.193526 0.439564 -0.231006
v -0.189762 0.504833 -0.244271
v -0.169232 0.516957 -0.240924
v 0.186076 0.539981 -0.230815
v -0.066200 0.606755 -0.225138
v 0.039253 0.761607 -0.239543
v -0.064168 0.803117 -0.234230
v 0.201340 -0.022899 -0.223516
v -0.194301 0.127532 -0.206953
v -0.102342 0.217321 -0.230775
v -0.061746 0.260565 -0.232260
v -0.147655 0.351712 -0.207758
v -0.143839 0.391877 -0.228009
v 0.141429 0.380147 -0.219897
v -0.212635 0.457424 -0.233850
v -0.227195 0.505267 -0.224049
v -0.184417 0.548112 -0.227479
v -0.053276 0.745742 -0.218098
v -0.063049 -0.829819 -0.232205
v -0.062627 -0.824806 -0.238170
v -0.058397 -0.824928 -0.235208
v 0.064090 -0.830174 -0.232282
v 0.058421 -0.824592 -0.237756
v 0.065447 -0.771292 -0.231714
v 0.153707 0.237849 -0.203009
v 0.119655 0.225114 -0.224658
v 0.117931 0.291758 -0.219794
v 0.220762 0.497338 -0.231058
v 0.095447 0.590968 -0.229983
v 0.007913 0.717012 -0.227971
v 0.074030 0.776901 -0.223438
v 0.053878 0.862356 -0.230432
v 0.043757 0.895938 -0.214151
v -0.160850 -0.092508 -0.210288
v -0.226473 -0.011648 -0.191709
v -0.094347 0.263443 -0.221981
v 0.117914 0.271921 -0.208206
v 0.126541 0.327543 -0.211422
v -0.174093 0.396404 -0.210299
v 0.150236 0.601116 -0.195614
v 0.016539 0.670276 -0.237531
v 0.027643 0.676876 -0.227576
v 0.026584 0.670957 -0.223913
v 0.039923 0.670510 -0.228108
v 0.037742 0.680532 -0.239069
v -0.007370 0.689280 -0.226382
v 0.012172 0.675019 -0.226950
v 0.040216 0.707033 -0.218338
v -0.025643 0.881428 -0.224554
v -0.018469 0.896934 -0.214830
v -0.111479 -0.828542 -0.198871
v -0.060317 -0.105404 -0.196784
v -0.214708 -0.062274 -0.190712
v 0.185704 -0.077189 -0.207632
v 0.220914 0.454479 -0.223433
v -0.224236 0.466220 -0.223383
v 0.177554 0.586357 -0.192158
v -0.003175 0.651990 -0.200496
v -0.004851 0.667216 -0.220944
v -0.010377 0.677215 -0.218663
v 0.057648 0.683246 -0.220933
v 0.029053 0.695284 -0.221295
v -0.041519 0.699498 -0.218066
v -0.090900 0.806804 -0.211058
v 0.081349 0.854195 -0.215009
v 0.117227 -0.829080 -0.189270
v -0.069975 -0.699164 -0.225641
v 0.089064 -0.104189 -0.208278
v 0.175382 0.178114 -0.203016
v 0.138082 0.203327 -0.218975
v -0.209160 0.407432 -0.218871
v 0.175021 0.404383 -0.214377
v 0.210818 0.411177 -0.219233
v 0.226822 0.497408 -0.212203
v -0.230014 0.497271 -0.211603
v -0.141108 0.602236 -0.202586
v 0.021359 0.665935 -0.198516
v -0.046592 0.672040 -0.218548
v 0.060787 0.696003 -0.220425
v -0.060507 0.725489 -0.204974
v -0.076123 0.856142 -0.206953
v -0.096243 -0.754547 -0.211232
v 0.039756 -0.770870 -0.195422
v -0.071379 -0.615706 -0.223996
v -0.116970 -0.571636 -0.215306
v -0.113619 -0.484776 -0.211636
v 0.042563 -0.548315 -0.208245
v 0.072869 -0.548272 -0.220522
v 0.071848 -0.627568 -0.224538
v -0.071901 -0.520806 -0.215953
v -0.122150 -0.100411 -0.212747
v 0.058087 -0.105501 -0.196666
v 0.228492 -0.010834 -0.184222
v 0.202190 0.119829 -0.195433
v -0.175770 0.150751 -0.217659
v -0.159644 0.238656 -0.199445
v 0.198432 0.558945 -0.201164
v -0.025783 0.652566 -0.196860
v -0.036926 0.667416 -0.222646
v -0.031563 0.661776 -0.215957
v 0.062934 0.729320 -0.205135
v 0.102128 0.846354 -0.196536
v -0.065841 -0.955173 -0.209019
v -0.069513 -0.914037 -0.212204
v -0.047636 -0.913977 -0.213778
v -0.039912 -0.827801 -0.188697
v -0.051014 -0.829193 -0.200872
v 0.115445 -0.770311 -0.191025
v 0.145201 -0.686603 -0.179322
v -0.044887 -0.544360 -0.207904
v 0.111966 -0.473189 -0.209241
v 0.133665 -0.563766 -0.205017
v -0.029077 -0.106230 -0.178848
v 0.208716 -0.027505 -0.195845
v -0.214551 0.027872 -0.195499
v -0.170944 0.222254 -0.179392
v 0.250184 0.453600 -0.199258
v 0.229559 0.524896 -0.192629
v 0.058904 0.686137 -0.208939
v -0.060907 0.679771 -0.202924
v -0.079479 0.690164 -0.196901
v -0.075522 0.699681 -0.191611
v -0.099067 0.780652 -0.203016
v -0.049288 0.889071 -0.205947
v 0.056270 -0.955436 -0.210592
v 0.052632 -0.921358 -0.214436
v 0.074511 -0.910503 -0.208665
v 0.034770 -0.910149 -0.208564
v 0.052440 -0.879347 -0.204960
v -0.064957 -0.866493 -0.195724
v -0.090937 -0.825551 -0.193746
v 0.060412 -0.832268 -0.198300
v 0.023562 -0.579733 -0.195055
v -0.041074 -0.599456 -0.207705
v -0.143541 -0.567659 -0.198230
v -0.135397 0.291690 -0.206518
v 0.263478 0.248681 -0.179358
v 0.163108 0.376101 -0.195097
v -0.248421 0.480785 -0.195636
v -0.227056 0.551953 -0.195961
v -0.188055 0.578612 -0.189490
v 0.214231 0.566508 -0.191336
v -0.153149 0.605912 -0.188386
v 0.055560 0.679277 -0.189139
v 0.056990 0.702275 -0.212240
v 0.069451 0.916252 -0.187723
v -0.033246 -0.952845 -0.203822
v 0.022716 -0.954999 -0.192766
v -0.093150 -0.906993 -0.191602
v -0.044036 -0.863098 -0.191639
v 0.084737 -0.825707 -0.197803
v -0.042258 -0.750657 -0.194647
v 0.126021 -0.488436 -0.203125
v -0.079159 -0.417241 -0.198655
v -0.065168 -0.445017 -0.192664
v 0.107689 -0.417384 -0.192917
v -0.160215 -0.377354 -0.177677
v -0.118689 -0.453676 -0.204512
v 0.077136 -0.373128 -0.195067
v -0.044200 -0.186053 -0.194037
v -0.121865 -0.161912 -0.201328
v 0.038049 -0.103416 -0.187385
v 0.212362 -0.062308 -0.191099
v -0.212801 -0.024103 -0.197086
v -0.166861 0.314375 -0.155647
v -0.016394 0.667676 -0.205699
v 0.078150 -0.955391 -0.199543
v -0.021474 -0.917730 -0.191999
v -0.160473 -0.492519 -0.179145
v 0.054456 -0.444818 -0.186871
v -0.135157 -0.476601 -0.194698
v -0.114039 -0.413528 -0.191364
v 0.138856 -0.417495 -0.192398
v -0.079556 -0.357079 -0.194789
v 0.138888 -0.165697 -0.196699
v 0.152948 0.291688 -0.183819
v -0.277496 0.244641 -0.176914
v -0.207691 0.315785 -0.190676
v -0.295995 0.298244 -0.174573
v 0.057550 0.647062 -0.182362
v -0.030664 0.667458 -0.202319
v -0.043103 0.671701 -0.192321
v 0.035486 0.669847 -0.196343
v 0.078435 0.692358 -0.199250
v 0.078840 0.681468 -0.196538
v 0.087783 0.761732 -0.207396
v 0.100814 -0.924758 -0.177875
v 0.016163 -0.914144 -0.181213
v 0.040909 -0.867362 -0.191998
v 0.077474 -0.879042 -0.187141
v -0.069721 -0.832526 -0.196594
v 0.037546 -0.827898 -0.188701
v -0.026930 -0.782193 -0.168496
v 0.157442 -0.484968 -0.178824
v 0.080535 -0.285341 -0.196631
v 0.130515 -0.261150 -0.190839
v -0.117435 -0.301209 -0.191108
v 0.038100 -0.193988 -0.192344
v -0.172032 -0.177428 -0.180688
v -0.145711 0.275152 -0.187106
v -0.165557 0.360510 -0.180953
v -0.294783 0.251026 -0.175507
v 0.297402 0.305991 -0.171362
v -0.282476 0.368453 -0.175480
v 0.083866 0.744745 -0.194423
v -0.078749 0.877195 -0.188032
v -0.041378 0.926584 -0.168178
v -0.018491 0.921664 -0.187787
v 0.023355 0.931342 -0.160313
v -0.095386 -0.924687 -0.190742
v 0.097256 -0.910723 -0.183993
v -0.107091 -0.831896 -0.190560
v 0.160277 -0.563600 -0.172284
v -0.019697 -0.591523 -0.187489
v 0.002656 -0.101058 -0.154889
v -0.227786 -0.016148 -0.181699
v -0.215148 0.178321 -0.152440
v 0.290207 0.286394 -0.177483
v 0.078491 0.696154 -0.188500
v -0.079999 0.715210 -0.192396
v 0.091905 0.724717 -0.184089
v 0.113062 0.771992 -0.179681
v -0.117848 0.822808 -0.172214
v 0.089270 0.901636 -0.179932
v -0.047278 -0.955435 -0.117042
v -0.094525 -0.825341 -0.189511
v 0.091982 -0.825441 -0.189343
v 0.113618 -0.824597 -0.171057
v 0.129896 -0.332698 -0.176596
v 0.165873 -0.173415 -0.184193
v 0.002250 -0.134893 -0.165999
v -0.219076 -0.020987 -0.184909
v 0.216868 -0.021233 -0.184806
v 0.175814 0.243209 -0.159393
v 0.185891 0.275271 -0.152493
v 0.294941 0.361622 -0.159999
v -0.048940 0.673728 -0.183656
v 0.079169 0.678153 -0.183873
v -0.103234 -0.955490 -0.156164
v -0.021286 -0.955378 -0.177750
v -0.102405 -0.823941 -0.182273
v 0.002737 -0.587378 -0.158545
v -0.005257 -0.521190 -0.153893
v 0.004301 -0.472180 -0.158335
v 0.022371 -0.380800 -0.175651
v -0.036614 -0.301231 -0.182264
v 0.145725 -0.272932 -0.180459
v 0.211343 0.178198 -0.156298
v 0.170050 0.281301 -0.153469
v 0.229399 0.241493 -0.161428
v -0.169195 0.337237 -0.165119
v 0.194137 0.589337 -0.153303
v 0.138322 0.615769 -0.173321
v -0.061279 0.673953 -0.168944
v 0.055322 0.673658 -0.174249
v 0.091906 0.695132 -0.179474
v 0.097247 0.734294 -0.180259
v -0.101399 0.758044 -0.176346
v -0.134616 0.792232 -0.160232
v 0.112491 0.823956 -0.183523
v 0.101984 0.897822 -0.153035
v 0.049378 0.929673 -0.161139
v -0.109311 -0.914428 -0.164418
v 0.028364 -0.880450 -0.173962
v 0.101184 -0.865478 -0.163890
v -0.104034 -0.825743 -0.172138
v 0.099876 -0.823928 -0.181818
v -0.145233 -0.828453 -0.148666
v -0.003992 -0.461335 -0.153491
v 0.162332 -0.408512 -0.156094
v -0.164444 -0.309826 -0.158268
v -0.004444 -0.213620 -0.165927
v -0.171708 -0.229108 -0.168012
v 0.228154 -0.070119 -0.167884
v -0.187294 0.274969 -0.153825
v 0.294274 0.267247 -0.180247
v -0.269455 0.225828 -0.166838
v -0.226196 0.570849 -0.172851
v 0.101493 0.688346 -0.174279
v -0.076375 0.694226 -0.176528
v 0.116193 0.746142 -0.172772
v 0.102231 -0.954507 -0.153358
v -0.017565 -0.914008 -0.166117
v -0.025871 -0.887706 -0.169823
v -0.097469 -0.891076 -0.160681
v -0.134296 -0.832117 -0.157908
v -0.150951 -0.718370 -0.167588
v 0.002364 -0.436171 -0.149117
v -0.183976 -0.329160 -0.155572
v 0.162328 -0.309825 -0.158228
v 0.288980 0.246224 -0.175260
v -0.309737 0.283170 -0.174330
v 0.165924 0.321518 -0.150956
v 0.282457 0.389012 -0.156783
v 0.225933 0.571390 -0.161547
v -0.086544 0.642291 -0.153289
v -0.087787 0.709703 -0.178398
v 0.091391 0.719131 -0.176098
v 0.097553 0.722041 -0.182508
v -0.103724 0.709435 -0.168537
v -0.107469 0.853757 -0.165102
v -0.103097 -0.940577 -0.153769
v -0.109792 -0.819888 -0.169663
v -0.182891 -0.425247 -0.143371
v -0.233319 -0.066125 -0.164140
v -0.235944 -0.009292 -0.153706
v 0.228634 -0.013334 -0.165464
v -0.243030 -0.002644 -0.153100
v -0.248883 0.008708 -0.121885
v -0.230581 0.143127 -0.133256
v -0.167728 0.281663 -0.155207
v -0.176693 0.290188 -0.147116
v -0.283154 0.397153 -0.153118
v 0.221128 0.576237 -0.165022
v 0.106265 0.719554 -0.183386
v -0.120553 0.765520 -0.168517
v 0.114264 0.811899 -0.161262
v 0.110615 -0.817835 -0.161389
v 0.108164 -0.823450 -0.175245
v 0.155363 -0.702837 -0.153586
v -0.170011 -0.543904 -0.149319
v -0.169875 -0.401080 -0.147636
v 0.184369 -0.328858 -0.151979
v 0.002312 -0.376805 -0.161633
v 0.002477 -0.297420 -0.157690
v 0.263653 0.218002 -0.159019
v 0.289386 0.223233 -0.155167
v 0.321692 0.283623 -0.152115
v 0.184555 0.286281 -0.148995
v -0.297878 0.368970 -0.155591
v 0.062104 0.678029 -0.158430
v 0.067577 0.676156 -0.169187
v 0.091483 0.702878 -0.157037
v -0.078285 0.690804 -0.162528
v -0.096693 0.687914 -0.161083
v -0.082060 0.892723 -0.153374
v 0.082218 0.920424 -0.164457
v 0.098513 -0.943847 -0.146174
v 0.019466 -0.899075 -0.154392
v 0.095342 -0.891065 -0.160699
v -0.033136 -0.883778 -0.142494
v 0.150878 -0.828173 -0.118127
v -0.114414 -0.818737 -0.167587
v 0.002094 -0.617373 -0.150278
v -0.005878 -0.618606 -0.152554
v 0.240845 -0.002163 -0.153328
v 0.221517 0.127712 -0.160472
v -0.216499 0.253159 -0.156800
v 0.315393 0.321296 -0.154577
v -0.195023 0.280263 -0.151859
v 0.089658 0.637796 -0.142256
v 0.082990 0.674783 -0.167280
v 0.098443 0.683003 -0.169697
v 0.097386 0.727983 -0.157392
v -0.107642 0.737065 -0.152939
v 0.102418 0.725051 -0.145464
v 0.125064 0.761665 -0.159531
v 0.151390 -0.824861 -0.129259
v 0.165437 -0.512000 -0.157075
v -0.299482 0.232305 -0.155508
v -0.202588 0.206004 -0.144634
v -0.197481 0.265821 -0.123346
v 0.304283 0.244858 -0.156220
v -0.320287 0.321509 -0.152089
v 0.086565 0.694422 -0.160124
v 0.097895 0.716900 -0.156930
v 0.114287 0.731592 -0.156853
v 0.119522 0.850709 -0.149395
v -0.018428 0.950632 -0.129311
v 0.150118 -0.937630 -0.061325
v -0.113791 -0.818111 -0.161054
v -0.005378 -0.471014 -0.136652
v -0.190588 -0.420103 -0.125676
v -0.206422 -0.265362 -0.128363
v 0.228167 0.063727 -0.148600
v -0.251459 0.214438 -0.147821
v 0.171671 0.310596 -0.147512
v -0.173584 0.310022 -0.149296
v -0.219711 0.581617 -0.149868
v 0.154008 0.606502 -0.150545
v -0.157091 0.599349 -0.135442
v -0.061686 0.686140 -0.154296
v 0.121340 0.746071 -0.141720
v 0.122314 0.794269 -0.148851
v 0.142601 0.797755 -0.159808
v -0.139208 0.814997 -0.134126
v 0.071153 0.936141 -0.133487
v 0.027080 -0.955282 -0.143221
v -0.023504 -0.913545 -0.131207
v 0.018386 -0.921104 -0.146785
v 0.116976 -0.908047 -0.113742
v 0.104833 -0.881673 -0.137378
v 0.027668 -0.825331 -0.118939
v 0.001712 -0.475042 -0.137205
v -0.184533 -0.340638 -0.125293
v 0.204467 -0.208001 -0.123808
v -0.276695 0.202821 -0.140097
v -0.318690 0.271536 -0.155975
v 0.218268 0.237743 -0.144667
v 0.176591 0.304392 -0.146850
v 0.317269 0.337146 -0.137192
v -0.301679 0.349824 -0.152803
v -0.092819 0.687989 -0.155874
v 0.105824 0.707368 -0.152824
v -0.153122 -0.941079 -0.057508
v 0.115964 -0.814495 -0.154891
v -0.027793 -0.824726 -0.141747
v 0.159471 -0.654801 -0.133928
v -0.220422 -0.173464 -0.108947
v -0.244942 -0.054735 -0.137083
v 0.232038 0.135460 -0.117742
v 0.266990 0.197023 -0.132986
v -0.184240 0.295954 -0.147284
v 0.266344 0.456821 -0.138799
v -0.281847 0.408758 -0.133750
v -0.104333 0.624463 -0.131746
v 0.063945 0.680817 -0.142502
v 0.068157 0.697957 -0.143819
v -0.072431 0.702678 -0.142423
v 0.087006 0.699564 -0.150419
v 0.143322 0.773091 -0.138904
v -0.099789 -0.953643 -0.141787
v 0.098069 -0.949449 -0.143555
v 0.153329 -0.930798 -0.042151
v -0.117080 -0.817298 -0.148700
v -0.156886 -0.742793 -0.142147
v -0.156701 -0.710758 -0.138654
v 0.171210 -0.543637 -0.121842
v -0.005596 -0.485658 -0.134752
v -0.223873 0.186447 -0.117628
v 0.257152 0.199453 -0.133146
v 0.198283 0.271205 -0.148487
v 0.301097 0.356787 -0.133439
v -0.297934 0.380900 -0.137843
v 0.298318 0.373345 -0.141733
v -0.223829 0.575726 -0.131018
v 0.213877 0.581458 -0.131154
v -0.088955 0.707387 -0.131669
v -0.000132 0.950794 -0.129328
v -0.107550 -0.882038 -0.133503
v 0.186139 -0.328583 -0.121494
v 0.241058 -0.001482 -0.134038
v 0.244435 -0.062203 -0.121744
v 0.198263 0.257750 -0.106880
v -0.349890 0.298299 -0.112307
v -0.328459 0.320739 -0.124601
v -0.317806 0.344765 -0.125879
v 0.220702 0.568825 -0.115903
v 0.108732 0.717834 -0.143212
v 0.122725 0.802531 -0.126144
v 0.144772 0.804466 -0.147653
v -0.115628 0.854172 -0.129771
v -0.095168 0.876008 -0.102334
v 0.031384 0.930576 -0.130461
v 0.002160 -0.631999 -0.136482
v 0.187235 -0.416685 -0.132549
v 0.200374 -0.281025 -0.132722
v 0.247062 0.009117 -0.118036
v -0.266653 0.199068 -0.129475
v -0.235268 0.218098 -0.126206
v -0.309505 0.221887 -0.136274
v -0.331984 0.248384 -0.127994
v -0.217018 0.237632 -0.130098
v 0.323648 0.321848 -0.129046
v 0.088314 0.700065 -0.132085
v -0.132130 0.784628 -0.137558
v -0.118123 0.842068 -0.118058
v -0.093242 -0.947243 -0.138015
v -0.112177 -0.942843 -0.128966
v 0.082844 -0.946090 -0.135427
v -0.112525 -0.820598 -0.115518
v 0.124920 -0.810819 -0.140075
v -0.006404 -0.630299 -0.127997
v -0.184251 -0.404085 -0.079190
v 0.221520 -0.173807 -0.100953
v -0.249727 -0.027149 -0.102119
v 0.308362 0.218860 -0.129380
v -0.200334 0.253819 -0.110947
v 0.194936 0.263801 -0.114713
v 0.343807 0.302021 -0.116391
v 0.276686 0.413026 -0.107444
v 0.138768 0.603367 -0.120049
v 0.158468 0.598985 -0.131603
v -0.098979 0.714775 -0.120066
v 0.090741 0.726124 -0.140255
v 0.125880 0.797912 -0.137332
v 0.091728 0.924614 -0.087186
v -0.069834 -0.948091 -0.127988
v 0.041940 -0.955343 -0.117228
v -0.113659 -0.903547 -0.125417
v -0.037629 -0.890276 -0.083718
v 0.037264 -0.883326 -0.083682
v 0.113110 -0.815560 -0.115177
v 0.177271 -0.460009 -0.106043
v -0.281166 0.197355 -0.118253
v 0.208211 0.209979 -0.109475
v 0.216342 0.241064 -0.115880
v -0.295840 0.368583 -0.111123
v -0.263840 0.460649 -0.127618
v -0.073842 0.659563 -0.091220
v 0.071730 0.703049 -0.134587
v 0.104060 0.726973 -0.122441
v 0.087641 0.729511 -0.123449
v 0.053249 0.938424 -0.118452
v 0.036954 -0.870370 -0.107324
v -0.031577 -0.824869 -0.115550
v -0.320920 0.225422 -0.089126
v 0.335679 0.242135 -0.109311
v 0.198438 0.265998 -0.118952
v -0.203455 0.265820 -0.118554
v -0.222589 0.556082 -0.104630
v -0.125700 0.604688 -0.108101
v 0.101716 0.591188 -0.075826
v 0.073690 0.704934 -0.124978
v -0.130042 0.765024 -0.107215
v 0.136855 0.792143 -0.121839
v 0.117801 0.866499 -0.125522
v -0.040890 0.944328 -0.101642
v 0.051437 -0.946616 -0.116011
v -0.079163 -0.954898 -0.109236
v -0.040190 -0.870628 -0.103320
v -0.141262 -0.824727 -0.114918
v 0.101914 -0.816631 -0.101021
v -0.133429 -0.812591 -0.132220
v -0.311949 0.203780 -0.074926
v 0.204579 0.262443 -0.109736
v 0.295722 0.366658 -0.114927
v -0.216151 0.568839 -0.108633
v 0.086184 0.715337 -0.124376
v 0.110771 0.743254 -0.102886
v -0.137423 0.808309 -0.115087
v 0.104334 -0.871522 -0.118264
v 0.096226 -0.855197 -0.095835
v -0.100858 -0.854453 -0.103681
v 0.139533 -0.824687 -0.111663
v 0.129310 -0.808941 -0.126865
v -0.200544 -0.281020 -0.097531
v 0.247427 -0.023430 -0.105992
v 0.222092 0.198753 -0.086330
v 0.304056 0.213741 -0.105022
v -0.346227 0.249329 -0.097456
v -0.273298 0.421014 -0.099855
v 0.070836 0.656602 -0.075719
v -0.077283 0.714449 -0.121990
v -0.051912 -0.944633 -0.112187
v -0.108997 -0.812297 -0.100634
v 0.151810 -0.821968 -0.079191
v 0.001853 -0.571141 -0.114556
v -0.223456 -0.197523 -0.094120
v 0.233231 0.131668 -0.094687
v 0.245496 0.218869 -0.100176
v -0.206464 0.267648 -0.110759
v 0.307460 0.343857 -0.095026
v 0.217081 0.559575 -0.102353
v -0.103842 0.587529 -0.068144
v 0.079082 0.734999 -0.120737
v -0.104708 0.732376 -0.104726
v 0.011229 0.949401 -0.110366
v 0.077043 -0.956001 -0.101883
v 0.145539 -0.955004 -0.061551
v -0.155266 -0.824815 -0.094594
v 0.044002 -0.828967 -0.096994
v 0.156382 -0.686560 -0.074933
v -0.234619 0.135577 -0.090974
v -0.211033 0.213912 -0.101543
v -0.197520 0.267589 -0.110676
v -0.124592 0.547096 -0.044688
v -0.078293 0.738750 -0.115255
v 0.076164 0.733625 -0.096874
v 0.145052 0.796754 -0.113065
v 0.144295 0.789784 -0.099355
v 0.107982 0.894357 -0.098641
v -0.147265 -0.955570 -0.061317
v 0.133182 -0.808575 -0.073814
v -0.139023 -0.824266 -0.025092
v -0.248527 0.009003 -0.082592
v -0.237018 0.095846 -0.098306
v -0.221174 0.245207 -0.108881
v 0.363029 0.272485 -0.073050
v -0.200119 0.271675 -0.112723
v -0.385459 0.345111 -0.016748
v 0.302776 0.356351 -0.099839
v 0.253975 0.440905 -0.080268
v 0.215679 0.492325 -0.076632
v 0.190654 0.574393 -0.104195
v 0.076581 0.704989 -0.088378
v -0.116231 0.750469 -0.096639
v -0.120316 0.827255 -0.072646
v -0.125577 0.833897 -0.091317
v -0.119467 -0.895873 -0.081995
v -0.133251 -0.807925 -0.069416
v -0.127063 -0.804603 -0.069891
v 0.136896 -0.824381 -0.024903
v -0.005700 -0.515945 -0.104902
v -0.005587 -0.486501 -0.093525
v 0.002117 -0.502391 -0.101779
v 0.204487 -0.332770 -0.086247
v 0.217281 -0.216921 -0.094922
v 0.244535 -0.042588 -0.071298
v -0.251617 0.234164 -0.076589
v 0.205672 0.272204 -0.104015
v -0.307702 0.344150 -0.091521
v -0.072448 0.740172 -0.102535
v 0.125106 0.770233 -0.063941
v 0.133686 0.800981 -0.081836
v 0.122231 0.834671 -0.066333
v 0.044315 -0.920688 -0.055233
v 0.051003 -0.864588 -0.081407
v -0.022139 -0.639102 -0.101541
v -0.212060 -0.281271 -0.070165
v -0.230318 -0.145730 -0.074586
v 0.281161 0.205892 -0.096070
v 0.305470 0.200670 -0.085861
v -0.330487 0.217069 -0.069145
v -0.219872 0.280716 -0.085318
v 0.198593 0.285430 -0.102899
v -0.207126 0.496224 -0.066224
v -0.074335 0.712529 -0.089423
v 0.096055 0.742108 -0.095850
v -0.091152 0.757409 -0.104223
v -0.123222 0.793219 -0.091150
v 0.056714 0.936949 -0.078914
v -0.033324 0.947954 -0.079090
v -0.053313 -0.859349 -0.084383
v 0.079104 -0.805169 -0.077811
v -0.160158 -0.682467 -0.082451
v 0.019299 -0.603088 -0.097249
v 0.022740 -0.655018 -0.100389
v 0.198264 -0.280702 -0.102221
v 0.245446 0.008686 -0.074700
v 0.241453 0.244832 -0.072688
v -0.103929 0.588587 -0.051854
v 0.119339 0.862794 -0.059193
v -0.083019 0.900467 -0.066771
v -0.063948 -0.946449 -0.074529
v -0.045427 -0.917151 -0.055436
v -0.146903 -0.927253 -0.069303
v 0.118266 -0.895889 -0.058780
v -0.092718 -0.846799 -0.091945
v -0.213039 0.238370 -0.042856
v 0.310216 0.204260 -0.067631
v -0.202304 0.289442 -0.099439
v -0.197837 0.313982 -0.090206
v 0.193365 0.311038 -0.089028
v -0.294810 0.357705 -0.088679
v 0.248851 0.418725 -0.077713
v 0.228719 0.466589 -0.063671
v -0.126321 0.803945 -0.081054
v -0.003345 0.950040 -0.067572
v -0.062863 -0.829356 -0.084924
v -0.072595 -0.812892 -0.086143
v -0.077316 -0.807489 -0.077696
v 0.191339 -0.348432 -0.063452
v -0.365141 0.276119 -0.077286
v -0.356357 0.356272 -0.029036
v -0.097833 0.487358 0.047338
v 0.087860 0.750195 -0.091318
v -0.085491 0.770140 -0.096578
v -0.097782 0.769458 -0.080884
v 0.051405 -0.935476 -0.066642
v 0.132098 -0.828431 -0.027520
v -0.073492 -0.826316 -0.087815
v -0.134488 -0.817874 -0.021008
v 0.163281 -0.575382 -0.063535
v 0.001721 -0.430733 -0.078116
v -0.005638 -0.451528 -0.086395
v -0.361710 0.260895 -0.053255
v 0.231044 0.275743 -0.077094
v 0.190762 0.327013 0.024162
v 0.394021 0.327090 -0.005037
v 0.376004 0.344546 -0.027624
v 0.289079 0.348585 -0.081119
v 0.092022 0.747384 -0.079264
v -0.084519 0.770319 -0.078660
v -0.103537 0.874003 -0.067120
v -0.060766 -0.954547 -0.010806
v -0.134249 -0.828142 -0.027761
v 0.217184 -0.185731 -0.046898
v -0.241678 0.267703 -0.060935
v -0.191695 0.322239 -0.083645
v -0.198399 0.342837 -0.090862
v 0.195115 0.343085 -0.090028
v 0.189304 0.347337 -0.083742
v -0.195574 0.361378 -0.079738
v 0.190125 0.547528 -0.076464
v -0.112808 0.567280 -0.049169
v 0.069669 0.673693 -0.063358
v 0.129878 0.819402 -0.066598
v 0.037453 0.930702 -0.071259
v 0.051433 -0.900584 -0.045094
v -0.104704 -0.887379 -0.047914
v 0.091991 -0.900295 -0.011944
v -0.074667 -0.860379 -0.075197
v 0.069012 -0.864718 -0.070938
v -0.090934 -0.825902 -0.054961
v 0.120143 -0.808359 -0.056630
v 0.070908 -0.782439 -0.064845
v 0.181853 -0.460019 -0.070652
v 0.214879 0.119233 -0.035187
v -0.296432 0.252741 -0.020726
v 0.355829 0.252766 -0.053312
v -0.240585 0.302582 -0.065877
v -0.215905 0.323249 -0.075033
v 0.287489 0.341603 -0.071649
v -0.281691 0.339936 -0.070109
v 0.194001 0.362736 -0.080337
v -0.065717 0.643206 -0.061420
v -0.087919 0.736715 -0.054112
v 0.097863 0.893130 -0.032312
v 0.026301 0.931820 -0.047276
v 0.300857 0.238561 -0.018220
v -0.203518 0.359089 0.000773
v 0.228876 0.330337 -0.067469
v 0.243786 0.337865 -0.064789
v -0.242665 0.346067 -0.070259
v 0.197385 0.378574 -0.072541
v -0.252436 0.377641 -0.071719
v -0.226960 0.460231 -0.048737
v 0.094957 0.750442 -0.068292
v 0.113659 0.748890 -0.075737
v 0.130071 0.795265 -0.060337
v -0.072136 -0.894779 -0.028659
v 0.144807 -0.710632 -0.039507
v -0.171124 -0.511588 -0.051942
v -0.215003 -0.221262 -0.040149
v 0.239510 0.267782 -0.060902
v 0.201317 0.362910 0.004620
v 0.346119 0.353929 -0.037240
v 0.275103 0.338469 -0.068988
v 0.197691 0.383390 -0.068130
v -0.239819 0.431407 -0.065721
v 0.102048 0.583375 -0.063440
v -0.097441 0.866682 -0.031929
v 0.071790 0.916279 -0.038395
v -0.022397 0.939578 -0.032453
v -0.194948 -0.261116 -0.024056
v -0.236344 -0.013262 -0.034988
v 0.239469 0.306223 -0.065556
v -0.201681 0.387219 -0.068943
v 0.102687 0.588829 -0.055004
v -0.100352 0.782579 -0.055086
v -0.088311 0.781890 -0.049738
v -0.090330 0.845177 -0.020138
v -0.150692 -0.920935 -0.026682
v -0.122960 -0.811795 -0.052307
v 0.100498 -0.821279 -0.041644
v 0.199156 -0.264859 -0.036348
v 0.358934 0.245320 -0.045746
v 0.295286 0.256561 -0.016839
v -0.279473 0.261202 -0.026771
v -0.188219 0.323645 0.031564
v -0.396313 0.327056 -0.004984
v -0.254026 0.326139 -0.066053
v -0.242283 0.334252 -0.065588
v -0.201737 0.411890 -0.056362
v 0.197061 0.403076 -0.059962
v 0.126810 0.538631 -0.037403
v 0.110678 0.568920 -0.053186
v -0.063327 0.673942 -0.051972
v 0.114310 0.776028 -0.045286
v 0.047628 0.924077 -0.047282
v -0.040976 0.939618 -0.051561
v 0.062223 -0.937723 0.018930
v -0.076923 -0.547499 -0.053152
v 0.133294 -0.519629 0.002195
v 0.238004 -0.009824 -0.047375
v -0.245480 0.001010 -0.051150
v -0.303111 0.245142 -0.012559
v 0.340645 0.227889 -0.035609
v 0.277199 0.332075 -0.055980
v -0.072689 0.632006 -0.040232
v 0.096030 0.757843 -0.060341
v 0.092434 0.740684 -0.027478
v -0.093669 0.827529 -0.040839
v -0.361390 0.245810 -0.045548
v -0.376000 0.268813 -0.010908
v -0.268425 0.312965 -0.044538
v -0.327210 0.356437 -0.010587
v -0.098531 0.576574 -0.054462
v -0.087932 0.584539 -0.060034
v -0.078072 0.593688 -0.059889
v -0.098027 0.586613 -0.047108
v -0.059114 0.628127 -0.055512
v 0.106626 0.797316 -0.039684
v 0.147590 -0.920229 -0.003082
v -0.075174 -0.276517 0.009134
v -0.004767 -0.248824 -0.022242
v 0.185162 -0.356444 -0.024563
v 0.213671 -0.197583 -0.032444
v 0.240171 -0.006646 -0.035459
v -0.331556 0.217227 -0.051661
v 0.215973 0.450536 -0.033180
v -0.150479 0.499542 -0.005190
v 0.079896 0.588563 -0.057183
v 0.093054 0.576159 -0.054013
v 0.097811 0.584136 -0.049700
v -0.087375 0.763856 -0.023412
v 0.093862 0.776597 -0.047520
v -0.143488 -0.734500 -0.021263
v 0.094172 -0.463863 -0.028074
v 0.046149 -0.483481 -0.050109
v -0.181690 -0.388352 -0.028571
v 0.224162 0.020198 -0.017243
v 0.254453 0.290303 -0.045717
v -0.205129 0.382278 -0.018688
v 0.196882 0.422848 -0.043516
v 0.197018 0.490021 -0.048525
v -0.068629 0.569043 -0.039606
v -0.073049 0.615414 -0.037654
v 0.067859 0.580972 -0.045233
v 0.075004 0.599070 -0.054331
v 0.069620 0.609498 -0.040212
v 0.055794 0.603211 -0.046370
v 0.060951 0.634699 -0.052980
v 0.054502 0.595453 -0.051417
v -0.058051 0.591108 -0.047498
v -0.055635 0.595925 -0.052414
v -0.036648 0.638337 -0.041786
v 0.063362 0.642905 -0.059483
v 0.049255 0.646162 -0.045977
v 0.117615 0.832279 -0.028358
v 0.107113 0.858290 -0.017006
v -0.085588 0.892792 -0.040081
v 0.058530 -0.954699 -0.010832
v -0.154608 -0.954782 -0.015027
v -0.132914 -0.909524 0.000809
v 0.191679 0.219074 0.004103
v -0.340060 0.235187 -0.016741
v -0.208397 0.437015 -0.028340
v -0.052728 0.582545 -0.044302
v 0.024632 0.596875 -0.045723
v 0.041346 0.580182 -0.040379
v 0.023331 0.630935 -0.037024
v -0.002771 0.627652 -0.034219
v -0.095269 0.811341 -0.034071
v 0.106273 0.808945 -0.024866
v -0.052753 -0.940794 -0.015216
v -0.055160 -0.919021 -0.012010
v 0.066131 -0.898911 -0.024192
v -0.136575 -0.587308 -0.006510
v -0.183808 0.270824 0.027676
v 0.334551 0.234619 -0.015755
v -0.198752 0.422683 -0.042300
v 0.192499 0.460784 0.011485
v -0.062650 0.561031 -0.033553
v 0.034483 0.571973 -0.032411
v 0.001336 0.588491 -0.048904
v -0.055143 0.576673 -0.006543
v 0.064414 0.625586 -0.029940
v 0.090162 0.800790 -0.040406
v 0.061873 0.909251 -0.031314
v 0.020948 0.927227 -0.012427
v -0.157336 -0.934277 -0.022776
v -0.079706 0.733859 -0.011982
v -0.084889 0.800833 -0.034560
v 0.154998 -0.937698 -0.007308
v 0.138447 -0.737182 -0.018538
v 0.135356 -0.587274 -0.005807
v -0.137682 -0.499655 0.004834
v -0.137951 -0.376549 0.015092
v -0.384354 0.292623 -0.002033
v -0.302161 0.325073 0.003455
v 0.310465 0.343250 -0.003747
v 0.192817 0.431428 -0.027972
v -0.066726 0.522617 0.010246
v -0.052927 0.543655 -0.021844
v -0.037944 0.554157 -0.028263
v 0.010203 0.539227 -0.019837
v 0.065053 0.587019 -0.022687
v -0.068462 0.619029 -0.026403
v 0.082570 0.814132 -0.017897
v -0.080319 0.834943 -0.017101
v -0.033257 0.922796 -0.016892
v 0.050643 0.923179 -0.023353
v 0.222724 -0.025291 -0.016156
v -0.236349 -0.013368 -0.019547
v 0.231815 -0.014361 -0.012679
v 0.047789 0.566436 -0.028946
v -0.067751 0.582554 -0.013300
v -0.002316 0.923843 -0.009181
v -0.142363 -0.492098 0.002519
v 0.157619 -0.368517 -0.001868
v 0.208398 -0.110229 -0.004879
v -0.345420 0.260458 0.018666
v -0.311817 0.311162 0.027049
v 0.295991 0.306638 0.006678
v -0.192806 0.438982 0.007805
v 0.019014 0.547995 -0.020077
v 0.029987 0.544700 -0.014099
v 0.020213 0.559102 -0.010227
v 0.056501 0.592318 -0.003887
v 0.008216 0.666472 0.008356
v -0.013671 0.654099 -0.012920
v 0.084897 0.745075 -0.004918
v -0.079757 0.815653 -0.020544
v 0.091058 0.882994 -0.018017
v 0.062924 0.896066 -0.023696
v 0.070713 -0.908884 0.007439
v 0.132063 -0.821525 -0.020972
v -0.048384 -0.256748 0.006749
v 0.001945 -0.145796 0.000706
v -0.042635 0.569987 -0.011691
v 0.066780 0.738305 0.011052
v 0.088909 0.832380 -0.010937
v -0.068027 0.833304 -0.013169
v 0.054766 0.886828 -0.024381
v 0.063608 0.866123 -0.015788
v -0.073318 0.874118 0.002661
v -0.152044 -0.277155 0.014126
v 0.049943 -0.260732 0.007282
v -0.179527 -0.292868 -0.003088
v -0.204811 -0.133920 -0.001316
v 0.165907 0.327422 0.070314
v 0.343267 0.262606 0.022856
v 0.403210 0.405052 0.059391
v -0.021445 0.521906 -0.007619
v -0.029555 0.535652 -0.015714
v 0.009208 0.531435 -0.011993
v -0.038286 0.519312 0.002499
v -0.049632 0.562448 -0.008919
v 0.026391 0.673595 0.002793
v 0.046587 0.682275 -0.017341
v -0.040527 0.685736 -0.014694
v -0.075260 0.848054 0.005418
v -0.123729 -0.237846 0.021437
v 0.184337 -0.217517 0.006146
v 0.316838 0.264400 0.007072
v 0.356429 0.388961 0.052114
v 0.076137 0.528949 -0.001537
v -0.006438 0.515919 0.010835
v 0.031346 0.566019 -0.006338
v -0.057851 0.718195 -0.006239
v 0.079584 0.800359 -0.008596
v -0.066836 0.812984 0.001766
v 0.075234 0.834212 -0.014524
v 0.050022 0.892091 0.003714
v -0.028909 0.904588 -0.006170
v 0.141750 -0.943548 0.063590
v -0.069025 -0.950905 0.020380
v -0.073221 -0.916067 0.019068
v 0.135697 -0.189660 0.033408
v -0.193621 -0.041151 0.019271
v 0.356395 0.254106 -0.003063
v 0.314218 0.279763 0.016273
v -0.005849 0.512387 -0.000153
v -0.026235 0.547798 0.001383
v 0.021212 0.503358 0.014729
v 0.044683 0.716846 -0.009970
v 0.074510 0.813579 -0.000278
v 0.084619 0.855585 -0.007723
v 0.072534 0.851931 -0.015606
v 0.042142 0.880492 -0.005301
v 0.047501 0.898922 0.011321
v 0.133162 -0.348804 0.017227
v -0.319190 0.264176 0.007088
v 0.174746 0.358988 0.070221
v -0.198857 0.393737 0.023870
v 0.018856 0.548312 -0.002328
v -0.017680 0.665857 0.002704
v -0.038762 0.726131 -0.009783
v 0.045082 0.729026 -0.005619
v 0.030826 0.719850 -0.008884
v -0.071335 0.763634 0.009688
v -0.069386 0.805216 -0.001333
v -0.075435 0.808971 0.005125
v 0.072915 -0.955014 0.012228
v 0.059527 -0.951172 0.007681
v 0.034382 -0.137881 0.026521
v 0.395471 0.297100 0.029449
v -0.410223 0.361803 0.026280
v 0.371024 0.393498 0.041546
v 0.134441 0.478841 0.035886
v -0.140440 0.443814 0.077979
v -0.030337 0.544106 0.007134
v -0.017487 0.684264 0.006952
v -0.013126 0.715616 0.006001
v 0.016147 0.711604 0.005652
v -0.021213 0.730388 0.012694
v 0.022890 0.730050 0.013635
v 0.041369 0.742839 0.008876
v -0.072068 0.745539 0.006464
v -0.058024 0.831787 0.002379
v 0.030764 0.882984 0.004289
v -0.016261 0.915439 0.000695
v 0.126966 -0.920997 0.078534
v -0.187580 -0.106352 0.020238
v 0.197872 -0.037969 0.015742
v -0.194999 -0.034338 0.038185
v -0.398298 0.299532 0.042779
v -0.407530 0.315685 0.035605
v -0.012209 0.518972 0.011388
v 0.003554 0.492466 0.022484
v 0.053470 0.738855 0.013754
v -0.034567 0.742555 0.006707
v 0.075100 0.752413 0.010216
v 0.069532 0.800529 0.001233
v 0.074192 0.805999 0.008070
v 0.080472 0.806894 0.031405
v 0.022204 0.864661 0.013569
v 0.025844 0.876629 0.008545
v 0.038751 0.885680 0.016747
v -0.045063 0.881281 0.012494
v 0.005385 0.905214 0.025964
v -0.146098 -0.940440 0.059809
v -0.004681 -0.096555 0.003069
v -0.025165 -0.134003 0.020378
v 0.001820 -0.101848 -0.000017
v 0.183502 0.227227 0.046701
v -0.199032 0.355255 0.023945
v -0.020885 0.528333 0.011596
v -0.059965 0.773801 0.015466
v -0.038626 0.800495 0.009776
v -0.070218 0.813212 0.008559
v -0.066714 0.817100 0.027299
v -0.064366 -0.937805 0.019019
v -0.120032 -0.924291 0.081540
v -0.137732 -0.297018 0.022492
v 0.158409 -0.126035 0.033781
v -0.032194 -0.073804 0.025916
v 0.194383 -0.037601 0.038776
v -0.320093 0.286824 0.028467
v 0.407692 0.361847 0.026301
v -0.002754 0.676798 0.011190
v -0.002912 0.704006 0.011447
v 0.064247 0.770669 0.015630
v 0.051561 0.804772 0.011138
v 0.032360 0.782681 0.011695
v -0.014443 0.800135 0.006909
v 0.001008 0.802908 0.016344
v -0.015563 0.823779 0.018076
v -0.075776 0.813296 0.031049
v -0.030821 0.838423 0.020142
v -0.017985 0.901167 0.021625
v 0.021938 -0.081591 0.019515
v -0.159395 0.175569 0.069905
v -0.186592 0.231149 0.038695
v 0.406484 0.322970 0.035462
v -0.025609 0.511123 0.013852
v 0.087961 0.487838 0.046732
v 0.019350 0.747247 0.018869
v -0.016460 0.745926 0.017872
v -0.030229 0.762186 0.018338
v 0.036250 0.762251 0.020026
v 0.060467 0.771567 0.021908
v 0.024637 0.776708 0.020330
v -0.026469 0.775308 0.019483
v 0.015086 0.799459 0.007985
v -0.001666 0.796928 0.021035
v 0.076031 0.796765 0.025977
v -0.073358 0.806129 0.023051
v 0.074635 0.812564 0.026916
v 0.017161 0.821021 0.017678
v -0.030667 0.841927 0.027401
v 0.112810 -0.939633 0.082305
v 0.315570 0.278429 0.031683
v 0.344071 0.372395 0.062726
v 0.193304 0.409167 0.023859
v 0.169552 0.470824 0.027247
v -0.050051 0.761770 0.021472
v 0.059439 0.752741 0.019398
v -0.073557 0.788227 0.026204
v 0.004527 0.801773 0.026178
v 0.021357 0.901846 0.033725
v -0.122553 -0.938973 0.084833
v 0.175654 -0.043765 0.032022
v -0.171792 0.452238 0.042465
v 0.016853 0.479445 0.051099
v -0.002342 0.741593 0.023242
v 0.055889 0.766771 0.030081
v -0.062134 0.773549 0.031237
v 0.076740 0.781511 0.028755
v -0.026838 0.779301 0.025101
v -0.035356 0.822968 0.031236
v 0.025530 0.820442 0.027653
v 0.009132 0.853354 0.018599
v -0.034043 0.859606 0.031284
v 0.021922 0.866318 0.031715
v -0.175986 -0.049217 0.030556
v 0.315158 0.287749 0.044377
v 0.194486 0.366775 0.035565
v 0.006291 0.487499 0.037819
v 0.007484 0.489810 0.051968
v -0.009608 0.746898 0.035300
v 0.022640 0.764068 0.027552
v 0.008740 0.797576 0.028781
v -0.003681 0.797280 0.027178
v -0.004503 0.791302 0.024611
v -0.003713 0.806500 0.034133
v 0.009824 0.806917 0.034639
v 0.052160 0.821211 0.032139
v -0.058004 0.820254 0.034101
v -0.137586 -0.114184 0.042288
v -0.094921 -0.133900 0.042964
v -0.056038 -0.114250 0.037506
v 0.150476 -0.047283 0.044097
v 0.008973 -0.046132 0.038818
v -0.188712 -0.042307 0.036627
v 0.141308 0.191480 0.091545
v 0.378536 0.281023 0.054803
v -0.360770 0.284723 0.035637
v -0.367456 0.304960 0.027524
v -0.378298 0.302269 0.025321
v -0.379344 0.313494 0.031230
v -0.389507 0.308967 0.034305
v 0.375769 0.302441 0.025218
v 0.383265 0.311110 0.026910
v 0.390499 0.320539 0.033351
v -0.392232 0.325271 0.038791
v -0.422561 0.393302 0.055258
v -0.377168 0.393051 0.038440
v -0.013023 0.770552 0.031194
v 0.012801 0.779769 0.029649
v 0.030129 0.894539 0.034373
v 0.113821 -0.927310 0.081917
v 0.077053 -0.133905 0.040998
v 0.053883 -0.090871 0.038212
v 0.053164 -0.055683 0.039836
v 0.366151 0.276592 0.058757
v -0.350196 0.283603 0.062666
v -0.319466 0.288947 0.051036
v -0.377631 0.288850 0.054668
v -0.344131 0.292332 0.040550
v -0.343457 0.305460 0.038089
v 0.358606 0.285154 0.035632
v 0.338032 0.298236 0.039591
v 0.339317 0.304521 0.038812
v -0.389799 0.315067 0.030088
v -0.394232 0.318653 0.033672
v -0.405770 0.335497 0.037885
v 0.400047 0.336809 0.043249
v -0.186136 0.362852 0.057786
v -0.018545 0.486221 0.053615
v 0.000845 0.769937 0.041219
v 0.004470 0.860851 0.037168
v -0.126603 -0.048340 0.049044
v 0.076442 -0.060444 0.045497
v 0.009936 -0.043891 0.044988
v -0.162069 -0.045752 0.044745
v 0.166853 -0.049717 0.052671
v -0.170727 0.207727 0.050000
v 0.365545 0.284576 0.060820
v 0.378677 0.289213 0.054202
v -0.378806 0.280378 0.054949
v 0.184364 0.389836 0.054769
v -0.412634 0.404296 0.057630
v -0.358837 0.389373 0.052034
v 0.153625 0.458784 0.062168
v 0.004128 0.756299 0.044939
v -0.101704 -0.940211 0.069809
v -0.079475 -0.058614 0.042972
v -0.107506 -0.043192 0.052934
v -0.014075 -0.036952 0.053112
v -0.169150 -0.044575 0.058355
v -0.363930 0.285999 0.059769
v -0.339670 0.303316 0.044166
v 0.390098 0.351886 0.103085
v 0.104850 0.482700 0.058577
v -0.138422 -0.923977 0.071315
v -0.129463 -0.919574 0.075253
v 0.127250 -0.057516 0.045616
v 0.135344 -0.049466 0.047579
v 0.165758 -0.038499 0.064363
v -0.155885 0.315542 0.075838
v -0.364154 0.281025 0.061784
v -0.342686 0.299687 0.073616
v 0.345332 0.331713 0.069123
v 0.333658 0.332732 0.074076
v -0.430884 0.364825 0.085321
v 0.416919 0.396790 0.054945
v 0.053758 0.482959 0.058840
v -0.138065 -0.047527 0.053495
v -0.345109 0.331304 0.071106
v 0.333450 0.304562 0.079020
v 0.407705 0.348416 0.060228
v -0.347707 0.368488 0.066245
v 0.431758 0.395161 0.063651
v -0.366055 0.387431 0.059418
v 0.363408 0.387333 0.055375
v -0.168056 0.412966 0.071005
v 0.028736 -0.059490 0.064122
v -0.106333 -0.051705 0.071891
v -0.046718 -0.045398 0.074332
v -0.032783 -0.035249 0.061534
v 0.126437 0.322974 0.096920
v 0.344075 0.298249 0.070356
v 0.340373 0.318718 0.077496
v -0.398597 0.407337 0.066516
v -0.368610 0.398697 0.101081
v 0.014752 0.465293 0.063355
v -0.082406 0.474553 0.066029
v 0.011199 0.482772 0.066752
v 0.127280 -0.940621 0.082298
v 0.107981 -0.055856 0.066218
v -0.160048 -0.031191 0.067800
v 0.431514 0.368941 0.081524
v 0.448612 0.408031 0.068542
v 0.469839 0.439810 0.071502
v -0.471816 0.429432 0.066765
v -0.429214 0.427782 0.067734
v 0.053236 0.448430 0.090239
v -0.388419 0.350100 0.100414
v -0.348347 0.340404 0.073392
v -0.335517 0.307650 0.080438
v 0.361385 0.392661 0.100668
v 0.475880 0.416463 0.071623
v -0.418439 0.431256 0.078062
v 0.138447 0.461419 0.070939
v -0.132333 -0.933548 0.084612
v -0.081921 0.084498 0.097320
v -0.172254 0.351383 0.074139
v 0.520352 0.443834 0.080523
v 0.423738 0.437444 0.085342
v 0.412310 0.427219 0.074624
v -0.492181 0.444235 0.076101
v 0.015039 0.456697 0.072228
v 0.011430 0.465609 0.068221
v 0.127021 -0.930333 0.086120
v -0.058845 -0.051091 0.087769
v 0.147346 -0.045617 0.070074
v 0.080975 -0.018551 0.064852
v 0.019838 -0.052511 0.072753
v 0.011381 -0.035604 0.070211
v 0.043376 0.097079 0.094205
v 0.157535 0.359047 0.087269
v 0.475887 0.409121 0.088541
v -0.539101 0.457236 0.076533
v 0.013406 0.452354 0.079365
v 0.068883 0.467488 0.077854
v -0.128991 0.319512 0.093098
v 0.347120 0.340461 0.073376
v 0.149656 0.405321 0.088846
v -0.457208 0.445607 0.081809
v 0.526349 0.463203 0.080264
v 0.539881 0.448327 0.080269
v 0.536131 0.464526 0.082012
v 0.544123 0.454086 0.082226
v -0.012077 -0.049678 0.084979
v -0.031924 -0.044870 0.087281
v -0.081659 -0.031599 0.079056
v -0.008845 0.025648 0.086508
v 0.127876 0.116459 0.092852
v 0.088092 0.191975 0.096031
v 0.361725 0.363952 0.102846
v -0.361154 0.378540 0.103705
v -0.140647 0.378385 0.099688
v -0.482254 0.416232 0.074533
v -0.547080 0.450667 0.088181
v 0.474642 0.446395 0.091229
v -0.476846 0.447036 0.085068
v -0.538293 0.465480 0.088216
v -0.046748 -0.048274 0.098258
v 0.005959 0.091762 0.098372
v -0.422194 0.358640 0.104259
v 0.491839 0.420389 0.088532
v 0.542910 0.447122 0.091463
v -0.125270 0.409329 0.101338
v -0.544611 0.459812 0.082250
v -0.125374 0.439994 0.088312
v -0.074880 0.447897 0.089243
v 0.503117 0.461296 0.089525
v -0.018377 0.448120 0.086513
v 0.011083 0.459168 0.089318
v -0.014983 -0.010748 0.093837
v -0.001923 0.053947 0.091641
v 0.392887 0.414911 0.092374
v 0.126689 0.428706 0.093616
v -0.426187 0.437067 0.095732
v 0.535473 0.456609 0.101792
v -0.516608 0.462604 0.102213
v -0.023775 -0.045367 0.112883
v -0.020747 -0.028893 0.093453
v -0.044421 0.048183 0.095700
v -0.033566 0.104269 0.099690
v -0.007303 0.045691 0.093879
v -0.480870 0.419192 0.104674
v 0.423850 0.434817 0.103013
v 0.016209 0.408933 0.095066
v 0.011511 0.438019 0.091337
v 0.057543 0.424975 0.104159
v 0.008192 0.440943 0.101031
v 0.496189 0.454863 0.102073
v 0.525391 0.466003 0.095253
v -0.000668 -0.037642 0.103614
v -0.070284 0.303036 0.101479
v 0.460083 0.374384 0.133043
v -0.090532 0.413172 0.105477
v -0.530818 0.462054 0.101866
v -0.073595 0.195504 0.105303
v 0.126755 0.366725 0.104744
v -0.477475 0.381222 0.142312
v -0.367081 0.389907 0.147400
v 0.126709 0.401589 0.102016
v 0.386843 0.411562 0.144201
v 0.398793 0.410468 0.115060
v -0.401971 0.411483 0.111032
v 0.091588 0.420918 0.105827
v 0.450031 0.438472 0.110417
v -0.444984 0.439528 0.106856
v -0.530372 0.446702 0.108189
v -0.000353 -0.043636 0.109638
v 0.005454 -0.034715 0.111974
v 0.004044 0.120185 0.111358
v -0.022264 0.163951 0.108316
v 0.036193 0.148163 0.103922
v 0.115758 0.331214 0.100455
v 0.012116 0.211003 0.102693
v 0.019482 0.334967 0.098659
v 0.012355 0.335223 0.106679
v 0.014649 0.393772 0.103984
v 0.054356 0.397853 0.108452
v 0.008028 0.393985 0.111794
v -0.018542 0.382344 0.107234
v 0.486266 0.434197 0.104038
v -0.482294 0.429783 0.104909
v -0.511486 0.432737 0.105802
v 0.512907 0.433972 0.105806
v 0.520993 0.452929 0.109767
v -0.032705 -0.034944 0.123675
v -0.018789 0.091546 0.116125
v 0.010364 0.153191 0.105652
v 0.011213 0.227081 0.110210
v -0.018720 0.330875 0.102567
v -0.117754 0.355259 0.105560
v 0.080277 0.382600 0.112472
v -0.486177 0.402095 0.137519
v 0.476393 0.432616 0.106183
v 0.505975 0.442768 0.111411
v -0.504766 0.439213 0.110053
v -0.467806 0.419606 0.138684
v -0.018152 0.234893 0.102291
v -0.389186 0.411403 0.147954
v 0.435368 0.424164 0.125823
v 0.002040 -0.037812 0.117382
v 0.001703 0.167815 0.117965
v 0.491464 0.404221 0.161461
v -0.026742 -0.043530 0.121855
v 0.466064 0.418039 0.143177
v -0.019606 -0.034706 0.126622
v 0.476763 0.413784 0.159302
v -0.408958 0.369005 0.162975
v -0.451580 0.366363 0.164043
v -0.449436 0.411817 0.148232
v 0.438943 0.409676 0.143909
v -0.478171 0.415910 0.139745
v -0.432049 0.377050 0.219037
v 0.422152 0.371235 0.182953
v 0.396954 0.376292 0.191110
v -0.387363 0.388618 0.226504
v 0.509563 0.391284 0.182167
v 0.372929 0.404003 0.151427
v 0.449220 0.366896 0.167637
v 0.394980 0.384938 0.230410
v 0.374145 0.384179 0.178972
v -0.382896 0.399981 0.195410
v -0.400157 0.382648 0.222783
v -0.514056 0.391104 0.185766
v -0.481313 0.408030 0.179214
v -0.470343 0.381070 0.180441
v 0.395085 0.410765 0.183210
v 0.468447 0.380758 0.183938
v 0.501033 0.379652 0.192204
v -0.506766 0.380422 0.192185
v -0.403266 0.405747 0.199394
v -0.449226 0.383734 0.217903
v 0.493263 0.409036 0.183607
v -0.448405 0.402471 0.189312
v -0.474569 0.385244 0.188861
v 0.476809 0.385972 0.190718
v -0.497347 0.408878 0.199824
v 0.443231 0.384644 0.210500
v 0.457332 0.401073 0.192037
v -0.408642 0.382346 0.194421
v 0.406912 0.382821 0.195182
v -0.530871 0.407951 0.220996
v -0.472840 0.394949 0.191134
v 0.380532 0.400036 0.195511
v 0.470973 0.394782 0.190620
v 0.409637 0.401665 0.198298
v 0.474680 0.380520 0.201714
v -0.478651 0.389575 0.197514
v 0.531899 0.408395 0.231818
v -0.476948 0.394344 0.193243
v 0.441423 0.394680 0.202343
v -0.470524 0.398309 0.208374
v -0.444421 0.394502 0.202455
v -0.474487 0.372834 0.215825
v -0.458392 0.373223 0.218853
v 0.410572 0.390027 0.221810
v -0.476806 0.381011 0.201202
v 0.476345 0.389740 0.197158
v 0.430221 0.407794 0.236212
v 0.462265 0.370729 0.215529
v 0.526615 0.386402 0.249318
v -0.479207 0.389650 0.204550
v 0.480914 0.391828 0.200355
v 0.476896 0.389799 0.204432
v 0.518202 0.411053 0.227263
v -0.535090 0.385493 0.249278
v 0.468945 0.401027 0.217146
v -0.432601 0.407666 0.236508
v 0.415203 0.399813 0.241080
v 0.435247 0.392572 0.281402
v 0.387423 0.406212 0.258823
v -0.518569 0.400503 0.244705
v 0.395707 0.415670 0.259275
v 0.404940 0.415481 0.256045
v -0.449611 0.393867 0.277938
v -0.448532 0.389491 0.221330
v 0.516063 0.400629 0.244943
v -0.459028 0.399487 0.227075
v -0.448013 0.390475 0.219659
v 0.445892 0.391241 0.234393
v -0.447488 0.393848 0.235544
v -0.412344 0.398028 0.207686
v -0.414993 0.399857 0.240888
v -0.397498 0.413268 0.240149
v 0.453853 0.376972 0.222406
v -0.542673 0.388617 0.240355
v 0.447073 0.391766 0.227693
v 0.536328 0.385401 0.240462
v 0.541634 0.397506 0.236308
v -0.415566 0.399896 0.250290
v 0.450617 0.391304 0.230441
v 0.497647 0.391202 0.271576
v 0.468602 0.400099 0.266334
v -0.531370 0.405034 0.245510
v -0.401507 0.399408 0.269282
v -0.421789 0.403465 0.243802
v -0.485197 0.387765 0.283805
v 0.415874 0.398227 0.246315
v -0.496786 0.399756 0.264272
v 0.529297 0.405307 0.245467
v 0.472528 0.391137 0.277548
v -0.457885 0.391915 0.242374
v -0.479833 0.404775 0.248240
v -0.392241 0.411653 0.259343
v 0.488727 0.384511 0.281196
v 0.538637 0.391464 0.248870
v -0.528674 0.391306 0.252523
v -0.537997 0.393823 0.251154
v 0.449508 0.404772 0.268141
v 0.445355 0.392572 0.278235
v 0.414719 0.403709 0.260464
v -0.410378 0.413272 0.262420
v -0.493806 0.385281 0.280623
v 0.401722 0.400677 0.270444
v -0.420009 0.400379 0.258314
v -0.474918 0.399544 0.272893
v 0.492097 0.399705 0.277461
v 0.434562 0.411319 0.267551
v -0.478398 0.390673 0.280625
v -0.453225 0.401881 0.274602
v 0.482342 0.402000 0.277283
v -0.443776 0.410158 0.274609
v 0.409870 0.409068 0.265388
v -0.437644 0.395933 0.284461
v -0.498665 0.393581 0.277521
v 0.395805 0.408728 0.271518
v -0.398062 0.411775 0.269200
v 0.429122 0.404530 0.280343
v -0.494412 0.399662 0.277522
v -0.431149 0.404347 0.279744
v 0.444647 0.405072 0.281039
v 0.475931 0.396405 0.280053
v 0.438084 0.398637 0.285516
vn 0.0144 -0.5725 -0.8198
vn -0.0334 -0.9977 0.0585
vn -0.1130 -0.4892 -0.8648
vn 0.1830 0.0987 -0.9781
vn 0.1705 -0.5949 -0.7855
vn -0.0126 0.1798 -0.9836
vn -0.2060 0.0875 -0.9746
vn 0.0599 -0.9971 0.0463
vn 0.3458 -0.6907 -0.6351
vn -0.2116 0.3316 -0.9194
vn 0.1122 0.2915 -0.9500
vn -0.4146 -0.5076 -0.7553
vn 0.3395 0.1492 -0.9287
vn -0.0208 0.3068 -0.9516
vn -0.1205 -0.9469 -0.2982
vn -0.4117 0.1665 -0.8960
vn -0.0153 0.0416 -0.9990
vn 0.0783 0.0776 -0.9939
vn -0.0993 -0.0420 -0.9942
vn 0.0648 0.1042 -0.9924
vn -0.1151 -0.1516 -0.9817
vn 0.0482 -0.0067 -0.9988
vn 0.1838 0.3343 -0.9244
vn 0.2467 -0.1794 -0.9523
vn 0.0627 -0.8487 -0.5251
vn 0.1407 -0.9005 -0.4115
vn 0.0675 -0.8345 -0.5468
vn -0.1336 -0.9178 -0.3739
vn -0.0631 -0.9396 -0.3363
vn 0.6145 0.1315 -0.7779
vn 0.0686 0.5885 -0.8056
vn -0.1304 0.5269 -0.8398
vn 0.2838 -0.0662 -0.9566
vn 0.0949 -0.1541 -0.9835
vn -0.0259 -0.0382 -0.9989
vn -0.2954 -0.1275 -0.9468
vn 0.0207 0.1410 -0.9898
vn -0.1256 0.2505 -0.9599
vn 0.0836 0.2800 -0.9564
vn 0.5313 -0.6717 -0.5162
vn -0.6845 0.1202 -0.7190
vn 0.5710 0.2040 -0.7952
vn -0.3849 0.4460 -0.8081
vn 0.0126 0.7764 -0.6301
vn 0.3210 -0.0864 -0.9431
vn 0.5308 -0.2513 -0.8094
vn -0.3175 -0.3031 -0.8985
vn -0.3627 -0.0381 -0.9311
vn 0.0204 0.2733 -0.9617
vn -0.2321 -0.6512 -0.7225
vn 0.2947 -0.7256 -0.6218
vn -0.6307 -0.5502 -0.5473
vn 0.1777 0.3018 -0.9367
vn -0.2274 -0.3168 -0.9208
vn -0.3828 0.1839 -0.9053
vn -0.0690 0.0597 -0.9958
vn -0.2759 -0.2735 -0.9214
vn -0.0760 0.4064 -0.9105
vn 0.1997 0.2217 -0.9544
vn 0.1379 -0.2084 -0.9683
vn 0.0198 -0.6300 -0.7764
vn 0.3176 -0.6750 -0.6660
vn 0.4099 0.1231 -0.9038
vn -0.0384 -0.2433 -0.9692
vn -0.4365 -0.2189 -0.8726
vn 0.2376 0.4656 -0.8525
vn 0.2731 0.2325 -0.9335
vn -0.2839 -0.5087 -0.8128
vn -0.4863 -0.6832 -0.5447
vn 0.4767 -0.6948 -0.5386
vn 0.0048 0.3964 -0.9181
vn -0.2895 0.4053 -0.8671
vn 0.2709 0.4064 -0.8726
vn -0.2258 -0.3181 -0.9208
vn -0.5242 -0.2010 -0.8275
vn 0.4904 -0.0144 -0.8714
vn 0.0112 -0.6918 -0.7220
vn 0.1767 -0.4725 -0.8635
vn 0.0292 -0.7797 -0.6255
vn 0.2567 -0.0467 -0.9654
vn -0.5554 -0.1813 -0.8116
vn 0.4390 -0.2662 -0.8582
vn -0.3250 -0.3310 -0.8859
vn -0.3417 0.1149 -0.9327
vn -0.1562 0.2364 -0.9590
vn 0.3676 0.4564 -0.8103
vn -0.0965 0.5083 -0.8557
vn 0.4070 -0.2898 -0.8663
vn -0.5688 0.1290 -0.8123
vn 0.7636 -0.3052 -0.5690
vn -0.7666 0.1603 -0.6218
vn -0.1329 0.4469 -0.8847
vn -0.1878 -0.1413 -0.9720
vn -0.6891 -0.2893 -0.6644
vn -0.5098 -0.4233 -0.7490
vn 0.5910 -0.3895 -0.7064
vn -0.4434 -0.1611 -0.8817
vn -0.7018 0.2321 -0.6735
vn -0.4089 0.5148 -0.7535
vn -0.3734 -0.4807 -0.7934
vn 0.1380 -0.9656 -0.2203
vn -0.1707 -0.3197 -0.9320
vn 0.7857 -0.2391 -0.5706
vn 0.0724 -0.9770 -0.2007
vn -0.6073 -0.4928 -0.6231
vn 0.2847 0.0225 -0.9584
vn 0.6533 0.2379 -0.7187
vn 0.2171 0.4733 -0.8537
vn 0.5670 -0.1647 -0.8071
vn 0.7043 0.2123 -0.6774
vn 0.1585 0.5359 -0.8293
vn 0.0522 -0.2073 -0.9769
vn 0.6083 -0.1243 -0.7839
vn 0.4743 0.2977 -0.8285
vn 0.0864 0.6649 -0.7419
vn -0.2860 -0.4052 -0.8683
vn -0.8447 -0.1747 -0.5059
vn -0.4356 -0.0796 -0.8966
vn 0.5684 -0.0448 -0.8215
vn 0.6582 -0.1588 -0.7359
vn 0.0402 -0.5278 -0.8484
vn 0.3583 0.7216 -0.5924
vn 0.0967 -0.3785 -0.9205
vn -0.2272 -0.0402 -0.9730
vn 0.2209 -0.8958 -0.3858
vn 0.2709 -0.8984 -0.3456
vn -0.0161 0.0137 -0.9998
vn -0.0199 0.0166 -0.9997
vn 0.1452 0.6557 -0.7409
vn 0.2870 0.2551 -0.9233
vn -0.3299 0.4588 -0.8250
vn -0.0700 0.6764 -0.7332
vn -0.5664 -0.6192 -0.5438
vn 0.3045 -0.5388 -0.7854
vn -0.6846 -0.1943 -0.7025
vn 0.4860 -0.3494 -0.8011
vn 0.6786 -0.0512 -0.7327
vn -0.6403 -0.0602 -0.7658
vn 0.5344 0.7202 -0.4425
vn 0.1309 0.1925 -0.9725
vn -0.4292 -0.7709 -0.4707
vn -0.2060 -0.3921 -0.8965
vn 0.7984 -0.4915 -0.3477
vn -0.1363 0.2227 -0.9653
vn -0.4244 0.0479 -0.9042
vn -0.7025 0.0968 -0.7051
vn 0.6093 0.2573 -0.7500
vn 0.5436 -0.6893 -0.4789
vn 0.2871 0.0817 -0.9544
vn -0.1180 -0.3447 -0.9313
vn 0.6490 0.3309 -0.6851
vn 0.7201 0.1346 -0.6807
vn -0.1390 -0.2914 -0.9464
vn 0.1113 -0.4643 -0.8787
vn 0.2244 -0.2222 -0.9488
vn 0.8648 0.1207 -0.4874
vn -0.9294 0.1124 -0.3515
vn -0.3347 0.6740 -0.6586
vn 0.1867 -0.8662 -0.4636
vn -0.5176 -0.6060 -0.6040
vn 0.8415 0.3127 -0.4405
vn -0.5161 -0.2397 -0.8223
vn -0.6190 0.3615 -0.6972
vn -0.5924 -0.0344 -0.8049
vn -0.8066 0.0115 -0.5910
vn 0.1629 0.0207 -0.9864
vn -0.3715 -0.0064 -0.9284
vn -0.3501 0.1022 -0.9311
vn -0.5172 0.1222 -0.8471
vn -0.2080 0.1493 -0.9667
vn -0.1221 -0.0019 -0.9925
vn 0.2275 0.1841 -0.9562
vn 0.0153 -0.3925 -0.9196
vn -0.3403 -0.5175 -0.7851
vn 0.8934 -0.2508 -0.3727
vn 0.7739 0.1793 -0.6074
vn -0.6632 0.2829 -0.6929
vn -0.5548 0.3733 -0.7436
vn 0.4356 0.6565 -0.6158
vn -0.4915 0.1479 -0.8582
vn -0.1295 -0.4067 -0.9043
vn -0.0308 -0.9862 -0.1627
vn 0.6473 -0.1540 -0.7465
vn 0.7942 0.1201 -0.5957
vn -0.3335 -0.5269 -0.7818
vn -0.3708 0.1211 -0.9208
vn 0.2570 0.1377 -0.9566
vn 0.8735 -0.4186 -0.2486
vn 0.1336 -0.6875 -0.7138
vn 0.7354 -0.0751 -0.6735
vn 0.7292 -0.1020 -0.6767
vn 0.5986 0.1088 -0.7936
vn 0.2027 0.1266 -0.9710
vn 0.5705 -0.0097 -0.8212
vn 0.5075 -0.3599 -0.7829
vn 0.6960 -0.6076 -0.3826
vn -0.8626 0.1468 -0.4841
vn -0.8149 0.1705 -0.5540
vn 0.8395 0.2380 -0.4884
vn 0.8777 0.2715 -0.3949
vn 0.8020 -0.4487 -0.3944
vn -0.5389 -0.7512 -0.3812
vn -0.9015 -0.1970 -0.3853
vn -0.8196 0.0966 -0.5647
vn -0.7374 -0.2040 -0.6439
vn -0.4609 0.5988 -0.6550
vn -0.0226 -0.7844 -0.6199
vn -0.0352 0.0561 -0.9978
vn 0.5400 0.0958 -0.8362
vn -0.5643 0.1073 -0.8186
vn 0.0901 0.3046 -0.9482
vn -0.3839 0.2044 -0.9005
vn 0.0535 -0.9934 -0.1015
vn -0.0739 -0.7087 -0.7016
vn -0.7203 -0.0024 -0.6937
vn 0.5913 -0.0182 -0.8063
vn -0.7051 -0.0350 -0.7082
vn -0.7276 -0.1108 -0.6770
vn -0.0992 -0.3186 -0.9427
vn 0.1389 -0.4910 -0.8600
vn -0.8340 0.2090 -0.5106
vn -0.7765 0.4144 -0.4747
vn -0.4366 0.6169 -0.6548
vn 0.5492 0.6277 -0.5517
vn -0.4401 0.8233 -0.3585
vn 0.2860 -0.9333 -0.2170
vn 0.7854 0.3487 -0.5115
vn 0.3854 0.7074 -0.5925
vn 0.4633 -0.6360 -0.6171
vn -0.8474 -0.4056 -0.3426
vn -0.7429 0.2265 -0.6299
vn 0.6459 0.1980 -0.7373
vn 0.0650 -0.9973 0.0334
vn 0.7641 -0.0060 -0.6450
vn 0.6428 0.0262 -0.7656
vn 0.2066 0.1198 -0.9711
vn 0.5018 0.0668 -0.8624
vn 0.1340 0.1960 -0.9714
vn -0.3802 0.1555 -0.9117
vn -0.0124 0.2563 -0.9665
vn 0.0155 0.0315 -0.9994
vn 0.3572 -0.0244 -0.9337
vn -0.1412 -0.1387 -0.9802
vn -0.4801 -0.5056 -0.7169
vn 0.7573 -0.1285 -0.6403
vn -0.7509 -0.4509 -0.4826
vn -0.7446 -0.1551 -0.6493
vn -0.0703 -0.7701 -0.6341
vn 0.7508 -0.3141 -0.5810
vn 0.8822 0.1314 -0.4521
vn -0.8026 -0.0088 -0.5965
vn -0.5117 0.0550 -0.8574
vn -0.7076 0.0375 -0.7056
vn -0.1075 0.2077 -0.9723
vn 0.3297 0.1708 -0.9285
vn -0.0058 -0.0235 -0.9997
vn 0.2116 -0.1760 -0.9614
vn 0.8037 -0.1170 -0.5834
vn -0.0697 -0.3160 -0.9462
vn 0.4238 -0.4075 -0.8089
vn -0.6218 0.1575 -0.7672
vn 0.6064 0.4973 -0.6205
vn -0.4170 -0.8875 -0.1961
vn -0.5402 -0.8162 -0.2049
vn 0.4215 -0.7281 -0.5405
vn 0.8924 0.0641 -0.4466
vn 0.5047 -0.7068 -0.4957
vn 0.6930 -0.3233 -0.6444
vn 0.8304 -0.2669 -0.4891
vn -0.9550 0.1737 -0.2405
vn -0.7746 0.2460 -0.5827
vn 0.6984 0.2986 -0.6504
vn -0.3038 -0.5830 -0.7535
vn -0.8667 -0.2077 -0.4535
vn 0.9241 -0.0823 -0.3733
vn 0.7732 0.0563 -0.6316
vn -0.1433 -0.0373 -0.9890
vn 0.3191 -0.1079 -0.9416
vn -0.4118 -0.1577 -0.8975
vn -0.4009 0.0004 -0.9161
vn -0.4874 -0.1941 -0.8513
vn -0.7307 -0.0251 -0.6823
vn -0.5761 -0.4405 -0.6885
vn -0.3967 -0.3014 -0.8670
vn 0.6160 0.1153 -0.7793
vn -0.8227 0.2384 -0.5161
vn 0.6365 -0.3203 -0.7016
vn -0.6734 0.5603 -0.4823
vn -0.5113 0.7606 -0.4000
vn -0.0963 0.8220 -0.5613
vn 0.1793 0.8958 -0.4068
vn -0.8437 -0.2227 -0.4885
vn 0.8513 0.3147 -0.4199
vn 0.2091 -0.9327 0.2937
vn 0.9304 -0.0493 -0.3632
vn 0.8117 -0.0098 -0.5840
vn -0.0121 -0.4151 -0.9097
vn -0.6738 -0.7272 -0.1310
vn -0.8213 0.3398 -0.4583
vn 0.2710 0.0095 -0.9625
vn 0.7606 0.0173 -0.6490
vn -0.6610 -0.3442 -0.6668
vn 0.5926 -0.1981 -0.7808
vn 0.8295 -0.0921 -0.5509
vn -0.8454 0.3080 -0.4364
vn 0.7325 0.4591 -0.5026
vn 0.0727 -0.8643 0.4978
vn 0.0309 -0.9885 0.1479
vn 0.0676 -0.9896 -0.1267
vn -0.4452 -0.7558 0.4801
vn 0.4477 -0.0800 -0.8906
vn 0.4734 -0.1896 -0.8602
vn -0.1247 0.0364 -0.9915
vn -0.8055 -0.5342 -0.2565
vn 0.8354 -0.4165 -0.3586
vn 0.8530 0.1109 -0.5100
vn 0.6820 0.0660 -0.7284
vn 0.8595 0.3388 -0.3828
vn -0.6546 -0.5686 -0.4982
vn 0.5435 -0.7570 -0.3626
vn -0.7591 -0.6447 -0.0903
vn 0.9047 -0.4256 -0.0199
vn 0.1698 -0.9837 0.0601
vn -0.6495 0.0196 -0.7602
vn 0.8462 0.0728 -0.5279
vn -0.7657 -0.0768 -0.6386
vn -0.5437 -0.0575 -0.8373
vn 0.4491 -0.0202 -0.8932
vn 0.5995 -0.1725 -0.7816
vn 0.8724 0.3104 -0.3775
vn 0.5082 0.2285 -0.8304
vn -0.5014 -0.5410 -0.6752
vn 0.2218 -0.5277 -0.8199
vn 0.3881 0.8926 -0.2293
vn 0.4332 0.8898 -0.1434
vn -0.8166 -0.5568 -0.1521
vn 0.6811 -0.6041 -0.4136
vn 0.8856 0.1885 -0.4244
vn 0.6820 -0.4112 -0.6049
vn -0.7011 -0.2313 -0.6745
vn -0.9128 -0.1806 -0.3664
vn 0.9408 0.0864 -0.3279
vn 0.8826 0.4113 -0.2278
vn -0.0262 0.9523 -0.3039
vn -0.8942 0.2232 -0.3881
vn -0.9576 0.2790 -0.0723
vn 0.7711 -0.1587 -0.6166
vn -0.6646 -0.6204 -0.4163
vn 0.0713 -0.9210 0.3829
vn -0.5335 -0.7868 -0.3105
vn 0.4746 -0.0084 -0.8801
vn 0.8362 -0.0106 -0.5483
vn -0.5106 0.0308 -0.8593
vn -0.0652 -0.0514 -0.9965
vn -0.7552 -0.2255 -0.6154
vn 0.8105 -0.2204 -0.5427
vn -0.6885 -0.0018 -0.7252
vn 0.4999 -0.0999 -0.8603
vn 0.0239 -0.6121 -0.7904
vn -0.8222 0.4859 -0.2964
vn 0.9538 -0.1047 -0.2817
vn -0.8949 -0.4124 -0.1704
vn 0.6900 -0.4510 -0.5661
vn 0.5682 -0.7148 0.4077
vn 0.9903 0.1360 0.0289
vn 0.8907 0.4539 -0.0269
vn -0.8813 0.2636 -0.3922
vn 0.1381 -0.9547 0.2635
vn -0.8885 -0.0849 -0.4510
vn -0.0751 0.0180 -0.9970
vn -0.7408 -0.0058 -0.6717
vn 0.4548 0.0704 -0.8878
vn 0.3648 -0.4829 -0.7961
vn -0.7232 -0.0303 -0.6899
vn -0.1730 -0.6116 -0.7720
vn 0.9040 0.3781 -0.1996
vn 0.8883 0.4116 -0.2036
vn -0.7272 0.6406 -0.2464
vn -0.4551 -0.6471 -0.6117
vn 0.8830 -0.4190 -0.2113
vn 0.1947 -0.4618 -0.8653
vn -0.8876 -0.4309 -0.1627
vn -0.7936 0.5222 -0.3122
vn -0.9564 -0.2381 -0.1690
vn -0.4187 -0.8849 0.2042
vn -0.7712 0.0984 -0.6290
vn -0.8749 -0.1534 -0.4593
vn -0.9183 -0.3343 -0.2120
vn 0.9016 -0.3039 -0.3079
vn -0.9171 -0.3515 -0.1880
vn -0.9855 0.0143 -0.1693
vn -0.9561 0.1431 -0.2558
vn -0.4680 0.3511 -0.8109
vn -0.5263 0.0500 -0.8489
vn -0.8781 0.3733 -0.2992
vn 0.6292 0.7657 -0.1334
vn 0.8829 -0.4192 -0.2115
vn 0.1947 -0.4619 -0.8653
vn -0.1878 -0.3316 -0.9245
vn 0.6818 -0.4112 -0.6050
vn -0.6725 -0.3568 -0.6484
vn 0.9684 0.0931 -0.2315
vn 0.4979 -0.8661 0.0434
vn -0.5006 -0.6383 0.5848
vn 0.9942 -0.0837 -0.0669
vn -0.9732 -0.1381 -0.1837
vn -0.8855 -0.0769 -0.4582
vn 0.8071 -0.0684 -0.5864
vn -0.0472 -0.0862 -0.9952
vn -0.1317 -0.0245 -0.9910
vn -0.1313 -0.6988 -0.7032
vn 0.4727 -0.5228 -0.7094
vn 0.7104 -0.0607 -0.7012
vn -0.5084 -0.1960 -0.8385
vn -0.8619 0.2696 -0.4295
vn 0.9064 -0.3256 -0.2690
vn 0.2422 -0.9440 0.2240
vn 0.9166 -0.3683 -0.1554
vn -0.3497 -0.9366 0.0238
vn -0.4213 -0.8111 -0.4057
vn 0.1947 -0.4618 -0.8654
vn -0.7502 0.6352 -0.1837
vn 0.6611 0.6973 -0.2771
vn 0.9522 -0.2892 -0.0986
vn -0.9587 0.2730 0.0797
vn 0.9109 0.0940 -0.4019
vn 0.9416 0.3344 0.0395
vn 0.0541 -0.9974 0.0474
vn 0.1373 -0.9094 0.3927
vn -0.6575 -0.3700 -0.6564
vn 0.6184 -0.3631 -0.6970
vn 0.9523 -0.2182 -0.2133
vn 0.9301 0.1381 -0.3403
vn 0.6096 -0.5753 -0.5454
vn 0.7975 0.2690 -0.5400
vn 0.4665 -0.4693 -0.7498
vn 0.7717 0.6359 -0.0131
vn 0.1863 -0.8681 0.4601
vn 0.7158 -0.6371 0.2859
vn 0.8618 -0.3890 -0.3254
vn -0.9029 -0.3881 -0.1847
vn 0.7652 -0.5791 -0.2811
vn 0.8204 -0.1408 -0.5542
vn 0.9160 -0.2394 -0.3221
vn 0.9684 -0.0778 -0.2369
vn -0.6066 -0.4979 -0.6198
vn -0.8742 0.3532 -0.3331
vn -0.8574 -0.3876 -0.3386
vn 0.5437 -0.2873 -0.7886
vn -0.7665 0.3157 -0.5593
vn 0.4512 -0.5142 0.7294
vn 0.8310 -0.0211 -0.5559
vn 0.6173 -0.7526 -0.2290
vn 0.9755 0.1135 -0.1884
vn -0.1875 0.9538 -0.2348
vn 0.9395 -0.1573 -0.3043
vn -0.6088 -0.7860 -0.1078
vn 0.2565 -0.7044 -0.6618
vn -0.9793 -0.1702 -0.1095
vn -0.9275 -0.1238 -0.3527
vn 0.9644 0.1017 -0.2440
vn 0.4106 -0.7537 -0.5132
vn 0.4908 -0.0095 -0.8712
vn 0.0720 -0.4478 -0.8912
vn -0.4168 0.9045 0.0901
vn 0.2845 0.9457 0.1572
vn -0.4396 0.8250 0.3552
vn -0.9684 -0.2185 0.1205
vn 0.8284 -0.5601 0.0020
vn 0.1823 0.8258 -0.5336
vn 0.4270 0.2820 -0.8592
vn -0.9442 0.3278 -0.0328
vn 0.2818 0.9467 -0.1562
vn -0.5982 -0.7798 0.1846
vn 0.9226 -0.1625 0.3497
vn -0.9499 -0.0879 0.3001
vn 0.8945 0.3874 -0.2230
vn 0.9904 -0.0096 -0.1379
vn -0.9954 -0.0372 0.0880
vn -0.7159 -0.2311 -0.6589
vn -0.9352 -0.0792 -0.3450
vn 0.7570 -0.0703 -0.6496
vn -0.1852 -0.8317 -0.5235
vn -0.7862 -0.2540 -0.5634
vn -0.7054 -0.6914 -0.1562
vn -0.3364 -0.2235 -0.9148
vn 0.8689 0.4867 -0.0903
vn -0.8693 0.3451 -0.3538
vn -0.2883 -0.8094 0.5117
vn 0.7701 -0.4305 -0.4707
vn -0.9528 0.0098 -0.3034
vn 0.4551 -0.8724 0.1785
vn 0.9379 -0.3421 -0.0577
vn 0.9944 -0.0811 -0.0677
vn -0.9189 -0.1456 -0.3666
vn -0.9702 -0.0800 -0.2287
vn 0.9771 0.1335 -0.1654
vn 0.1071 -0.9789 -0.1741
vn 0.4275 -0.2426 -0.8709
vn 0.9141 0.3415 0.2184
vn -0.9229 0.3836 -0.0321
vn -0.6874 0.6827 0.2478
vn 0.9833 -0.1738 -0.0536
vn 0.6461 -0.6895 0.3275
vn -0.3954 -0.8425 0.3659
vn 0.2590 -0.9495 0.1770
vn 0.9456 -0.3212 -0.0517
vn -0.5851 -0.5309 0.6131
vn 0.6628 -0.2008 0.7214
vn 0.8902 0.4309 -0.1477
vn -0.1892 -0.9819 -0.0045
vn -0.9976 -0.0194 -0.0668
vn -0.9995 -0.0150 0.0271
vn 0.9938 -0.0775 -0.0798
vn 0.3860 0.1656 -0.9075
vn -0.9091 0.3656 -0.1995
vn -0.5104 -0.8515 -0.1201
vn -0.3468 -0.9238 -0.1621
vn 0.9075 0.4149 -0.0655
vn -0.9334 0.3550 -0.0532
vn 0.9317 0.3474 -0.1057
vn -0.8132 0.5524 0.1832
vn 0.4610 0.8683 0.1833
vn -0.2503 -0.8291 0.4999
vn 0.1260 0.9806 -0.1502
vn -0.9864 -0.0049 -0.1643
vn 0.9596 -0.1538 -0.2355
vn 0.9742 -0.0647 -0.2163
vn 0.9786 -0.0894 -0.1851
vn 0.9532 0.2277 -0.1991
vn -0.8596 0.0907 -0.5029
vn -0.7937 0.5005 -0.3458
vn -0.8342 0.5462 -0.0763
vn 0.6541 0.6675 0.3559
vn 0.7920 0.2512 0.5565
vn 0.8680 0.4662 -0.1710
vn 0.3825 0.9239 0.0085
vn -0.8684 0.4870 -0.0932
vn -0.7458 0.6584 -0.1015
vn 0.1649 0.9862 -0.0122
vn -0.7457 -0.6513 0.1404
vn 0.9141 -0.0357 -0.4039
vn 0.9331 -0.1329 -0.3342
vn 0.9703 -0.2257 -0.0873
vn 0.3025 -0.9396 -0.1602
vn 0.6146 -0.7874 0.0474
vn -0.6365 -0.6828 -0.3587
vn -0.7974 -0.4060 -0.4464
vn 0.7887 -0.6001 0.1332
vn 0.7878 0.5505 -0.2763
vn 0.5422 -0.6023 0.5859
vn -0.9457 -0.3181 -0.0674
vn -0.9143 0.4012 0.0548
vn -0.1231 -0.6795 0.7233
vn -0.5314 -0.8241 -0.1961
vn 0.2468 -0.9198 0.3051
vn -0.8638 -0.4729 0.1737
vn -0.3915 -0.8896 0.2353
vn 0.8492 -0.2985 0.4356
vn -0.9732 -0.1567 0.1685
vn 0.9698 -0.1555 -0.1877
vn -0.9971 -0.0475 -0.0594
vn 0.6276 -0.6928 -0.3551
vn -0.9788 0.1785 0.1004
vn 0.8726 -0.4588 0.1676
vn 0.8596 0.2277 -0.4573
vn 0.9100 0.3884 0.1453
vn 0.1541 0.9468 0.2825
vn 0.3683 0.7928 0.4856
vn -0.4759 -0.7063 0.5241
vn 0.6602 -0.3505 0.6643
vn 0.0767 0.9947 -0.0688
vn 0.6830 0.7253 0.0861
vn -0.2890 -0.8107 0.5092
vn -0.2713 -0.7326 0.6243
vn -0.9067 0.2849 -0.3110
vn 0.9117 0.3268 0.2491
vn -0.9159 0.2908 0.2766
vn 0.7837 -0.4818 0.3921
vn 0.9911 -0.1326 0.0065
vn 0.0832 -0.9840 0.1574
vn 0.9235 0.3420 -0.1739
vn -0.7518 -0.5645 0.3408
vn -0.8691 0.4701 0.1540
vn -0.8936 0.3372 0.2963
vn -0.9355 0.3343 0.1148
vn 0.6545 -0.7524 0.0742
vn 0.2909 -0.9216 0.2570
vn 0.1046 -0.9111 0.3986
vn -0.1311 0.9888 -0.0717
vn -0.9323 0.1178 0.3419
vn 0.8577 -0.2162 0.4664
vn -0.7015 -0.6478 -0.2971
vn 0.7944 -0.5110 -0.3285
vn -0.5043 -0.7700 0.3909
vn 0.2988 -0.9111 0.2841
vn -0.7334 0.3844 0.5607
vn -0.4240 0.7688 0.4787
vn 0.6232 0.7245 0.2947
vn 0.7934 -0.5414 0.2783
vn -0.9007 -0.3817 0.2076
vn 0.7123 0.6988 -0.0656
vn 0.9737 0.2234 -0.0442
vn -0.5608 0.8271 -0.0387
vn -0.3665 -0.7739 0.5165
vn 0.1954 -0.9680 -0.1573
vn 0.9677 0.1379 0.2110
vn 0.9069 -0.4124 0.0868
vn 0.7862 -0.0263 0.6174
vn 0.4999 -0.8413 0.2057
vn -0.2896 -0.9528 0.0908
vn -0.7080 -0.4085 0.5761
vn 0.8777 0.4167 0.2366
vn -0.4204 0.6994 0.5781
vn 0.6027 -0.1789 0.7777
vn 0.5824 -0.7767 0.2399
vn -0.9776 -0.1008 0.1845
vn 0.8519 0.4944 -0.1727
vn 0.6925 0.4813 0.5374
vn -0.8445 0.2486 0.4743
vn -0.7842 -0.6205 0.0028
vn -0.1955 -0.9465 0.2567
vn -0.9793 -0.1514 -0.1341
vn 0.9985 0.0167 -0.0514
vn 0.9405 0.3085 -0.1424
vn 0.6903 -0.6602 -0.2959
vn -0.7790 -0.5845 -0.2272
vn -0.8424 0.3374 0.4202
vn 0.9161 0.2606 0.3048
vn -0.7422 -0.4366 0.5085
vn 0.4972 -0.7814 0.3772
vn -0.5567 -0.6700 0.4911
vn 0.9219 -0.3703 0.1138
vn -0.4992 -0.1803 0.8475
vn -0.9830 -0.1638 -0.0825
vn 0.9879 0.0704 0.1385
vn -0.4647 -0.7701 0.4370
vn 0.6162 -0.5039 0.6052
vn 0.6083 0.7863 0.1084
vn 0.6313 0.4527 0.6297
vn -0.7501 0.4809 0.4541
vn 0.3060 -0.5157 0.8002
vn -0.0264 -0.6314 0.7750
vn 0.5058 0.8626 0.0096
vn -0.2523 -0.9619 -0.1050
vn 0.4210 -0.8992 -0.1193
vn -0.8365 -0.5440 0.0657
vn -0.6230 -0.1152 0.7737
vn 0.9862 -0.1428 0.0839
vn -0.9868 0.0933 0.1327
vn -0.9136 0.3409 -0.2214
vn -0.9542 -0.0771 0.2891
vn -0.3692 0.6987 0.6128
vn -0.1606 -0.4705 0.8677
vn 0.6525 -0.7517 0.0952
vn 0.8660 0.4667 -0.1798
vn 0.9941 -0.0114 0.1074
vn 0.9026 0.4296 0.0285
vn -0.4755 -0.8534 -0.2138
vn -0.6835 -0.7216 -0.1098
vn -0.8562 -0.2403 0.4573
vn -0.9879 -0.1471 0.0485
vn -0.9879 0.1096 0.1093
vn 0.7087 -0.4586 0.5361
vn 0.9040 -0.2600 -0.3393
vn 0.2264 -0.5758 0.7856
vn -0.7147 0.4772 -0.5114
vn 0.7946 0.5153 0.3211
vn 0.7725 0.2292 0.5922
vn 0.7488 0.4282 0.5059
vn 0.2957 0.7574 0.5822
vn 0.9736 -0.1729 -0.1489
vn -0.6011 -0.4033 0.6899
vn -0.8750 0.2691 0.4024
vn -0.8425 0.4502 0.2958
vn -0.8418 0.5359 -0.0645
vn 0.6728 -0.7178 -0.1792
vn 0.1250 -0.9894 -0.0741
vn 0.8475 -0.2940 0.4419
vn 0.3172 -0.2358 0.9186
vn 0.5507 -0.2409 0.7992
vn -0.2881 -0.2611 0.9213
vn 0.9916 -0.1297 0.0028
vn 0.9741 -0.2216 0.0459
vn 0.9848 -0.1057 0.1380
vn 0.5765 -0.6434 0.5037
vn -0.6565 -0.3934 0.6436
vn -0.5164 0.8399 0.1668
vn -0.9127 -0.2981 0.2794
vn 0.8452 -0.3815 0.3743
vn 0.8127 0.5819 -0.0284
vn 0.9638 0.2665 -0.0022
vn -0.9532 -0.2103 0.2171
vn -0.6956 0.4137 0.5874
vn 0.7245 -0.1254 0.6778
vn -0.9785 -0.0478 -0.2006
vn -0.9912 -0.1178 0.0599
vn -0.4713 -0.7863 0.3996
vn 0.4122 -0.9083 -0.0720
vn -0.7190 -0.5933 -0.3620
vn 0.5733 -0.4313 0.6966
vn -0.9788 0.1786 0.1004
vn -0.9540 -0.0771 0.2897
vn 0.6162 -0.5039 0.6053
vn -0.3023 -0.5397 0.7857
vn -0.6907 0.4417 0.5726
vn -0.9957 -0.0584 -0.0717
vn 0.0382 -0.8658 0.4989
vn 0.2084 -0.5834 0.7850
vn -0.7749 -0.3153 0.5478
vn 0.0267 0.9820 0.1869
vn -0.2592 0.9618 0.0881
vn 0.6826 0.3571 0.6376
vn 0.7120 -0.5501 0.4364
vn -0.9796 -0.0966 0.1761
vn -0.6825 -0.1369 0.7179
vn -0.7071 -0.0738 0.7033
vn 0.9787 -0.1657 -0.1211
vn 0.9908 -0.0066 0.1351
vn -0.7240 -0.4412 0.5302
vn -0.8900 -0.0097 0.4558
vn 0.9520 0.2706 0.1428
vn -0.7328 0.6757 0.0808
vn 0.7326 -0.6805 -0.0150
vn 0.9549 -0.0300 0.2953
vn -0.8828 0.3825 -0.2726
vn 0.6937 0.7183 0.0536
vn -0.5221 -0.0272 0.8525
vn -0.9753 0.2119 0.0623
vn -0.0042 -0.9318 0.3629
vn 0.6989 -0.3655 0.6148
vn -0.1901 -0.2218 0.9564
vn 0.4073 -0.0682 0.9108
vn -0.6670 0.4346 0.6052
vn 0.5395 0.1672 0.8252
vn 0.7644 0.4734 0.4377
vn -0.8641 -0.2383 0.4433
vn 0.2615 0.9522 0.1582
vn 0.0296 -0.3083 0.9508
vn -0.4513 -0.3897 0.8028
vn -0.4287 -0.8680 -0.2506
vn 0.9501 -0.1911 0.2467
vn -0.9095 -0.2980 -0.2900
vn -0.2818 0.8167 -0.5036
vn -0.2916 0.7254 0.6235
vn 0.1465 -0.9244 0.3521
vn -0.2109 -0.8374 0.5042
vn -0.1291 -0.8091 0.5734
vn -0.7645 -0.6435 0.0378
vn -0.0604 -0.9975 0.0361
vn -0.2695 0.1160 0.9560
vn -0.4686 -0.2798 0.8380
vn 0.9322 -0.1121 0.3442
vn -0.3549 -0.2391 0.9038
vn -0.4721 -0.1768 0.8636
vn 0.5501 -0.2411 0.7995
vn -0.3553 -0.2389 0.9037
vn -0.8403 -0.4418 -0.3143
vn -0.7134 -0.2692 0.6470
vn 0.9942 0.0664 0.0841
vn 0.9244 -0.1002 -0.3680
vn 0.6425 0.5674 -0.5150
vn 0.4894 0.5353 0.6884
vn 0.5499 -0.7996 -0.2413
vn -0.8234 -0.5626 -0.0736
vn -0.8670 0.4942 0.0641
vn 0.4590 -0.8878 0.0341
vn 0.2259 -0.9739 0.0211
vn 0.9888 -0.1454 0.0334
vn 0.7921 -0.0799 0.6052
vn -0.9686 0.1565 0.1930
vn -0.0615 -0.0875 0.9943
vn 0.1195 -0.2234 0.9674
vn 0.9280 -0.1675 0.3328
vn -0.6976 -0.3869 0.6030
vn 0.4881 0.5783 0.6537
vn -0.4456 0.6366 0.6294
vn 0.9394 -0.2987 0.1685
vn 0.9673 0.1563 0.1999
vn -0.6809 0.6852 0.2586
vn -0.7544 0.4888 0.4381
vn -0.4590 0.8481 0.2647
vn 0.0718 0.9197 0.3861
vn -0.2468 0.4189 0.8738
vn -0.2054 0.6803 0.7035
vn 0.6012 -0.2486 0.7595
vn -0.0824 -0.9613 -0.2630
vn -0.6073 -0.0618 0.7921
vn 0.9967 -0.0805 0.0093
vn 0.9619 0.1429 0.2332
vn 0.6327 -0.5026 0.5891
vn 0.8489 -0.4333 -0.3029
vn 0.5751 -0.0660 0.8154
vn 0.4340 0.0384 0.9001
vn -0.0817 0.9682 0.2365
vn 0.0743 0.5467 0.8341
vn 0.3870 -0.4663 0.7955
vn -0.6323 0.1856 0.7521
vn -0.9832 -0.1646 0.0786
vn 0.7467 0.5413 0.3866
vn 0.3652 0.9281 0.0720
vn -0.5033 -0.6104 0.6116
vn -0.9989 -0.0298 -0.0372
vn -0.5105 0.1787 0.8411
vn -0.3004 0.0856 0.9500
vn 0.2598 0.0265 0.9653
vn 0.0764 -0.3272 0.9419
vn -0.3854 0.1744 0.9061
vn -0.7123 0.4722 0.5194
vn 0.6854 -0.6999 0.2010
vn 0.4709 -0.7902 0.3922
vn 0.8677 -0.1026 0.4863
vn 0.2591 0.8523 0.4545
vn 0.9678 -0.0996 0.2313
vn -0.9332 -0.1207 0.3384
vn -0.9593 -0.1488 0.2400
vn -0.7788 -0.1557 0.6076
vn 0.9987 0.0008 0.0515
vn 0.0170 0.9243 -0.3813
vn -0.0430 0.3804 0.9238
vn 0.8231 -0.2686 0.5003
vn -0.5324 -0.3852 0.7538
vn 0.8297 0.2195 0.5133
vn -0.9016 0.1910 0.3880
vn 0.2737 0.7421 0.6119
vn -0.1676 0.8881 0.4280
vn -0.8598 -0.1548 0.4865
vn -0.9062 -0.3634 0.2163
vn -0.5342 0.1730 0.8275
vn -0.5712 -0.1911 0.7982
vn 0.9002 0.0702 0.4297
vn -0.5783 -0.6117 0.5397
vn -0.7527 -0.5026 0.4254
vn -0.8388 -0.2216 0.4973
vn -0.8081 0.5890 -0.0013
vn 0.0973 -0.8752 -0.4739
vn -0.5720 -0.3055 0.7613
vn 0.9130 -0.1720 0.3699
vn 0.8234 -0.5500 -0.1400
vn -0.6120 -0.4945 0.6172
vn 0.5869 -0.4697 0.6595
vn -0.9379 -0.1599 0.3079
vn -0.9252 -0.0683 -0.3732
vn 0.2803 0.2253 0.9331
vn 0.1280 0.1247 0.9839
vn -0.7714 -0.4114 0.4855
vn 0.6367 -0.3207 0.7012
vn 0.3017 0.6955 0.6521
vn 0.3716 0.6275 0.6842
vn -0.7568 -0.3264 0.5663
vn 0.3456 -0.4905 0.8000
vn 0.1597 0.9378 0.3081
vn -0.5599 0.7857 0.2629
vn -0.9104 0.1222 0.3952
vn 0.5395 -0.1100 0.8348
vn -0.1095 -0.1033 0.9886
vn 0.9368 -0.2392 0.2552
vn -0.9330 -0.0646 0.3540
vn 0.5193 -0.5955 0.6130
vn 0.6050 -0.7734 0.1891
vn -0.6182 0.6403 0.4558
vn -0.0444 0.7906 0.6108
vn 0.9860 0.1061 -0.1286
vn 0.9662 -0.1714 0.1926
vn -0.8300 0.0721 0.5531
vn -0.8063 -0.5818 -0.1064
vn -0.8805 -0.4635 -0.0995
vn 0.6475 0.4543 0.6118
vn 0.4245 0.9005 -0.0938
vn -0.3111 0.3770 0.8724
vn 0.2325 0.0308 0.9721
vn -0.1110 -0.3903 0.9140
vn 0.1560 -0.5277 0.8350
vn 0.5114 0.2705 0.8156
vn 0.2646 -0.5155 0.8150
vn 0.8181 0.5653 0.1057
vn 0.3070 -0.2873 0.9073
vn 0.5357 -0.2789 0.7970
vn 0.9329 -0.1293 0.3362
vn 0.9193 -0.1476 0.3649
vn 0.9521 -0.2586 0.1631
vn -0.5354 -0.8303 0.1549
vn 0.7271 -0.3418 0.5954
vn -0.5835 0.5577 0.5904
vn 0.0545 0.0131 0.9984
vn 0.3125 0.3934 0.8646
vn 0.1696 -0.5422 0.8229
vn -0.9715 0.0135 0.2365
vn 0.6770 -0.1875 0.7117
vn -0.3737 -0.0842 0.9237
vn -0.5390 -0.1244 0.8331
vn -0.3973 -0.2166 0.8918
vn -0.8642 -0.1387 0.4836
vn 0.8768 0.1645 0.4518
vn -0.7421 0.3321 0.5823
vn -0.9959 0.0676 0.0597
vn 0.9351 -0.2063 0.2882
vn 0.6628 0.5650 0.4914
vn -0.7674 0.1908 0.6122
vn -0.6795 -0.3900 0.6214
vn 0.7828 0.0433 0.6207
vn 0.2088 -0.4490 0.8688
vn 0.6757 -0.2622 0.6890
vn -0.9413 0.3374 0.0126
vn -0.2561 0.1944 0.9469
vn -0.6270 0.4564 0.6314
vn 0.8571 0.3502 0.3779
vn 0.1938 0.2137 0.9575
vn -0.5493 -0.3879 0.7401
vn 0.0565 0.6857 0.7257
vn 0.7049 -0.3252 0.6303
vn 0.9051 0.0749 0.4186
vn 0.7231 0.1495 0.6744
vn -0.7638 0.5510 0.3361
vn -0.7021 -0.7106 0.0457
vn -0.5609 -0.8247 0.0725
vn -0.2695 0.9464 0.1779
vn 0.9622 0.0939 0.2557
vn -0.3254 -0.8528 0.4085
vn -0.3039 -0.8704 0.3874
vn 0.5346 0.6654 0.5211
vn 0.1367 0.1669 0.9765
vn -0.6321 0.7281 0.2652
vn 0.2829 -0.3970 0.8731
vn -0.1708 -0.4829 0.8588
vn -0.6595 -0.2055 0.7231
vn 0.5383 -0.3848 0.7498
vn 0.9493 -0.2774 0.1479
vn 0.9147 0.2636 0.3062
vn -0.3984 0.8152 0.4204
vn -0.3260 -0.1154 0.9383
vn -0.9258 0.0378 0.3761
vn 0.3150 -0.8255 0.4684
vn -0.9319 -0.2269 0.2831
vn 0.8200 0.4267 0.3815
vn -0.7327 -0.0886 0.6748
vn -0.5628 0.6336 0.5309
vn -0.0563 0.1963 0.9789
vn 0.5799 0.4020 0.7086
vn -0.1261 0.5159 0.8473
vn 0.7936 -0.1954 0.5763
vn 0.6956 0.5117 0.5042
vn 0.1732 0.8932 0.4150
vn -0.9864 0.1644 0.0021
vn -0.8079 -0.3455 0.4774
vn -0.8339 -0.2234 0.5047
vn 0.9955 -0.0891 0.0307
vn 0.2234 -0.0342 0.9741
vn 0.5267 -0.0929 0.8450
vn 0.0635 -0.1050 0.9924
vn 0.0078 -0.0928 0.9957
vn -0.9111 -0.3458 -0.2243
vn 0.7985 0.4903 0.3493
vn -0.8173 0.4611 0.3454
vn 0.9442 -0.1984 0.2630
vn -0.0272 0.7905 0.6119
vn -0.4973 0.3496 0.7941
vn 0.3414 0.6312 0.6964
vn -0.2783 0.6250 0.7294
vn 0.8645 -0.3389 0.3712
vn 0.0428 0.4003 0.9154
vn 0.5703 -0.2693 0.7761
vn -0.6362 -0.4984 0.5890
vn -0.4359 0.6754 0.5949
vn 0.5262 0.8206 0.2230
vn 0.8070 -0.5331 0.2540
vn -0.7988 -0.5562 0.2294
vn 0.8923 -0.2374 0.3840
vn 0.6824 -0.2147 0.6987
vn -0.8323 -0.1942 0.5192
vn -0.2310 0.8183 0.5264
vn -0.6974 -0.1005 0.7096
vn 0.6211 -0.1296 0.7729
vn 0.8371 -0.0920 0.5393
vn -0.0172 -0.8722 0.4889
vn 0.8785 -0.0535 0.4748
vn -0.9029 0.0286 0.4290
vn -0.8764 -0.2674 0.4004
vn -0.8239 0.5583 0.0974
vn 0.4408 0.2769 0.8538
vn -0.8189 0.5604 0.1237
vn -0.5169 0.5301 0.6721
vn 0.1350 -0.6089 0.7817
vn -0.4313 -0.6710 0.6031
vn 0.8674 -0.1695 0.4678
vn -0.8866 0.1478 0.4384
vn 0.2232 0.4493 0.8650
vn 0.3182 0.2623 0.9110
vn -0.4797 0.7831 0.3958
vn -0.0589 -0.4098 0.9103
vn 0.3991 -0.2854 0.8714
vn 0.0134 -0.1072 0.9941
vn 0.7078 0.5979 0.3762
vn 0.2639 -0.4601 0.8477
vn 0.1077 -0.2222 0.9690
vn -0.7122 -0.1545 0.6847
vn 0.6375 -0.2143 0.7401
vn 0.1725 0.2903 0.9412
vn -0.5397 0.4665 0.7008
vn -0.5406 -0.1115 0.8339
vn -0.3343 -0.2055 0.9198
vn -0.6884 -0.1466 0.7104
vn -0.7782 -0.1107 0.6182
vn 0.8367 -0.0733 0.5427
vn -0.1607 -0.8124 0.5605
vn -0.0261 0.7842 -0.6200
vn 0.7120 0.6831 0.1626
vn 0.8774 0.4750 -0.0675
vn -0.6800 0.6832 0.2663
vn -0.3228 0.4934 0.8077
vn -0.5583 -0.1731 0.8114
vn 0.5240 -0.1971 0.8286
vn 0.4254 -0.2717 0.8633
vn -0.5513 -0.3058 0.7762
vn -0.6868 -0.0701 0.7235
vn 0.2675 -0.1558 0.9509
vn 0.7288 -0.1295 0.6724
vn -0.6576 -0.4867 0.5751
vn -0.4880 0.8500 0.1984
vn 0.0670 0.7346 0.6752
vn -0.3429 0.8453 0.4096
vn 0.3997 -0.2191 0.8901
vn -0.1015 -0.5363 0.8379
vn 0.8710 -0.1967 0.4501
vn -0.2416 -0.1770 0.9541
vn 0.2110 -0.0160 0.9774
vn 0.7887 -0.4822 0.3814
vn -0.4979 0.6923 0.5223
vn 0.7806 -0.5130 0.3570
vn 0.6466 -0.6802 0.3453
vn 0.6821 0.5686 0.4597
vn -0.0052 -0.1482 0.9889
vn -0.7383 -0.5282 0.4194
vn 0.4898 -0.8327 0.2582
vn -0.7890 -0.4126 0.4553
vn 0.0101 0.9482 0.3175
vn 0.8247 0.5383 0.1734
vn -0.1369 0.7172 0.6833
vn -0.0901 -0.0554 0.9944
vn 0.3555 0.4394 0.8249
vn -0.1305 0.0166 0.9913
vn 0.1670 0.0678 0.9836
vn 0.6792 -0.0919 0.7282
vn 0.7966 0.2524 0.5493
vn -0.0448 -0.0921 0.9947
vn 0.6800 -0.4632 0.5684
vn 0.8289 -0.0854 0.5529
vn -0.9428 0.1558 0.2947
vn 0.1023 0.3420 0.9341
vn -0.4588 -0.4903 0.7410
vn -0.2770 -0.4552 0.8462
vn 0.0034 -0.6723 0.7402
vn 0.4472 -0.2831 0.8485
vn -0.7851 0.0476 0.6176
vn -0.4923 -0.1568 0.8562
vn 0.0056 -0.9775 0.2110
vn -0.1267 -0.9749 0.1831
vn -0.7329 -0.5779 0.3590
vn -0.5022 -0.1257 0.8556
vn 0.8573 -0.5147 -0.0098
vn -0.9224 0.1219 -0.3665
vn -0.2579 0.9656 -0.0320
vn 0.3751 0.8852 0.2753
vn -0.3776 0.6773 0.6315
vn -0.2826 0.3179 0.9050
vn -0.3464 -0.0779 0.9349
vn -0.3532 -0.1268 0.9269
vn 0.3523 0.0105 0.9358
vn -0.3909 -0.4292 0.8142
vn 0.2973 -0.4989 0.8141
vn 0.0688 -0.5419 0.8376
vn -0.5576 -0.2794 0.7817
vn -0.5666 -0.5354 0.6263
vn 0.6389 -0.7034 0.3117
vn -0.4607 0.8249 0.3276
vn 0.3098 0.8617 0.4019
vn -0.5703 -0.0964 0.8158
vn 0.6704 -0.5436 0.5050
vn -0.7486 -0.2340 0.6203
vn -0.6400 -0.5539 0.5325
vn -0.9694 -0.2290 0.0882
vn 0.5862 0.7202 0.3710
vn 0.4830 0.6432 0.5941
vn -0.1754 -0.6251 0.7606
vn -0.1759 -0.5075 0.8435
vn 0.7440 0.0225 0.6678
vn 0.2627 -0.0523 0.9635
vn -0.9696 -0.0343 0.2422
vn 0.7598 0.4197 0.4966
vn 0.7508 -0.1656 0.6395
vn 0.9073 -0.3475 0.2369
vn 0.7806 -0.6245 0.0268
vn -0.5209 0.4836 0.7034
vn -0.1980 0.6484 0.7351
vn -0.9221 -0.1985 0.3322
vn 0.3457 -0.2895 0.8926
vn 0.5351 -0.0957 0.8393
vn -0.1588 -0.2370 0.9584
vn 0.8101 0.0015 0.5862
vn -0.9649 -0.0792 0.2503
vn 0.0459 0.3142 0.9482
vn -0.5970 0.0726 0.7990
vn -0.1495 -0.1018 0.9835
vn 0.4571 -0.8746 0.1617
vn 0.6564 0.4304 -0.6196
vn 0.8677 0.1105 0.4847
vn 0.3783 0.6479 0.6611
vn -0.0792 -0.0996 0.9919
vn 0.4024 -0.1062 0.9093
vn 0.2970 -0.2566 0.9198
vn 0.7516 -0.4451 0.4868
vn 0.9772 -0.1838 0.1064
vn 0.8973 0.0679 -0.4362
vn -0.0311 -0.0784 0.9964
vn 0.0429 0.0287 0.9987
vn 0.5918 0.4888 0.6410
vn 0.2278 -0.0802 0.9704
vn 0.2318 0.4992 0.8349
vn -0.2657 0.2031 0.9424
vn -0.2508 0.3390 0.9068
vn -0.0862 -0.2645 0.9605
vn -0.9144 0.1733 0.3659
vn 0.0013 -0.5100 0.8602
vn -0.5015 0.6011 0.6222
vn -0.3426 -0.3099 0.8869
vn -0.5782 0.0001 0.8159
vn -0.8341 0.0302 0.5508
vn 0.7131 -0.2150 0.6673
vn -0.0639 0.6714 0.7384
vn 0.1290 0.8840 0.4493
vn 0.3762 -0.4912 0.7856
vn -0.5343 -0.4962 0.6843
vn -0.4098 -0.4651 0.7847
vn 0.1897 -0.5668 0.8018
vn 0.9933 -0.0134 0.1148
vn 0.4252 0.7974 -0.4282
vn -0.2998 0.9476 -0.1101
vn 0.3781 0.3054 0.8739
vn -0.5798 0.7932 -0.1862
vn 0.1649 -0.3990 -0.9020
vn -0.2234 -0.6534 -0.7233
vn 0.1186 0.5620 -0.8186
vn 0.1783 -0.0816 0.9806
vn -0.1659 -0.6379 0.7520
vn -0.4085 -0.6034 0.6849
vn -0.7296 -0.6126 0.3041
vn -0.7668 0.4569 0.4509
vn 0.9476 0.1462 0.2839
vn 0.3702 0.9090 0.1913
vn -0.1985 -0.6392 0.7430
vn 0.1684 -0.2720 0.9474
vn -0.3361 0.1500 -0.9298
vn 0.0359 0.9546 -0.2959
vn 0.1471 0.4941 0.8569
vn 0.0517 -0.7549 0.6538
vn 0.4209 -0.7952 0.4364
vn -0.7288 0.4773 0.4909
vn 0.2634 0.8751 0.4059
vn 0.0019 -0.6989 0.7152
vn 0.2716 -0.7994 0.5359
vn -0.4286 -0.4354 0.7917
vn 0.8588 -0.4797 0.1800
vn -0.1761 0.4830 -0.8578
vn 0.1175 0.6879 -0.7163
vn -0.2481 0.7500 -0.6131
vn 0.4195 -0.4690 0.7772
vn -0.3676 0.1371 0.9198
vn 0.5865 -0.5602 0.5849
vn -0.4053 -0.6692 0.6228
vn -0.6834 -0.4987 0.5332
vn 0.9362 -0.0380 0.3495
vn 0.7698 0.6378 -0.0249
vn 0.4857 0.8239 0.2921
vn -0.5153 -0.5585 0.6500
vn 0.3518 -0.1118 0.9294
vn -0.1889 -0.3671 0.9108
vn 0.1888 -0.5092 0.8397
vn 0.2927 0.1405 0.9458
vn 0.4988 0.1688 0.8501
vn -0.3546 0.3623 0.8619
vn 0.1491 0.5834 0.7983
vn -0.1731 0.6019 0.7796
vn -0.1957 -0.1060 0.9749
vn 0.0880 -0.1505 0.9847
vn 0.2894 -0.0675 0.9548
vn 0.2553 -0.7486 0.6119
vn -0.0530 -0.7268 0.6848
vn -0.4192 -0.8774 0.2334
vn 0.5570 -0.0260 0.8301
vn 0.6458 -0.4128 0.6423
vn -0.0654 0.8403 0.5381
vn -0.4015 -0.4558 0.7944
vn 0.3641 0.2412 0.8996
vn 0.0949 -0.4955 0.8634
vn 0.3629 0.2667 0.8928
vn 0.0462 0.3223 0.9455
vn -0.3022 0.0348 0.9526
vn 0.4541 -0.7107 0.5373
vn -0.2104 -0.6896 0.6930
vn -0.6276 0.1396 -0.7659
vn 0.2731 0.9310 -0.2423
vn -0.0344 -0.3407 0.9395
vn 0.1186 0.0738 0.9902
vn 0.4968 0.1394 0.8566
vn -0.4975 0.4610 0.7348
vn -0.1386 -0.1225 0.9827
vn -0.3598 -0.0518 0.9316
vn -0.2678 -0.9444 0.1909
vn 0.2132 -0.6271 0.7492
vn 0.1496 -0.7422 0.6533
vn 0.8483 -0.3921 0.3560
vn 0.0881 0.7727 0.6286
vn -0.6992 0.5750 0.4248
vn -0.5926 -0.4314 0.6802
vn 0.0974 0.8755 0.4732
vn 0.8931 0.3360 0.2992
vn 0.4292 -0.5763 0.6954
vn -0.0981 -0.2914 0.9516
vn 0.7483 0.1208 0.6522
vn -0.8041 -0.2459 0.5412
vn 0.8352 -0.4038 0.3733
vn -0.8407 -0.0179 0.5413
vn -0.0929 0.7242 0.6833
vn -0.3100 0.2930 0.9044
vn 0.0748 -0.3176 0.9453
vn -0.0825 -0.4881 0.8689
vn -0.2393 -0.5125 0.8247
vn -0.3524 -0.8648 -0.3576
vn -0.1186 -0.9838 0.1346
vn 0.2526 -0.9640 0.0829
vn -0.7115 -0.0408 0.7015
vn 0.2974 0.6581 0.6917
vn -0.1150 0.6043 0.7884
vn -0.3902 -0.0545 0.9191
vn 0.7792 0.1658 0.6045
vn -0.0115 0.6557 -0.7549
vn 0.5348 0.8239 0.1874
vn 0.6258 0.5189 0.5824
vn 0.3941 -0.2192 0.8925
vn 0.6968 -0.2001 0.6888
vn 0.2103 -0.1391 0.9677
vn 0.1506 -0.9398 0.3067
vn -0.1355 -0.9789 0.1528
vn -0.4717 -0.6257 0.6214
vn -0.4391 0.7641 0.4726
vn -0.9789 -0.0082 0.2041
vn 0.0463 -0.9125 0.4064
vn 0.2028 0.8781 0.4333
vn -0.7604 0.5643 0.3215
vn -0.2548 0.8377 0.4830
vn 0.1351 -0.3451 0.9288
vn 0.1496 -0.9639 0.2204
vn 0.5112 -0.2895 0.8092
vn -0.7290 -0.1195 0.6740
vn -0.2683 -0.4520 0.8507
vn -0.8201 0.1025 0.5629
vn 0.6632 -0.5355 0.5228
vn -0.5681 0.2185 0.7934
vn -0.6434 -0.7281 -0.2365
vn 0.3249 0.2209 -0.9196
vn -0.1321 0.8123 0.5680
vn 0.0541 -0.9973 -0.0488
vn -0.7668 -0.1790 0.6164
vn -0.0285 -0.0838 0.9961
vn 0.7537 -0.6542 -0.0636
vn 0.7820 0.4054 0.4734
vn 0.6692 -0.1485 -0.7281
vn 0.5168 0.8409 0.1607
vn -0.3575 0.9026 0.2397
vn -0.7022 0.2449 0.6686
vn 0.0033 -0.9674 0.2533
vn -0.0835 -0.9890 0.1220
vn -0.1119 -0.9380 -0.3280
vn -0.1797 -0.8216 -0.5409
vn 0.4537 -0.1302 0.8816
vn 0.7917 0.2948 0.5352
vn 0.7492 -0.0307 0.6617
vn 0.3916 0.7818 -0.4853
vn 0.6771 0.7359 0.0046
vn 0.3952 0.5661 0.7234
vn -0.1192 0.7142 0.6897
vn 0.7821 0.4789 0.3986
vn 0.2815 -0.6557 0.7006
vn 0.0652 -0.8114 0.5809
vn -0.3707 -0.1303 0.9196
vn 0.7220 -0.5175 -0.4592
vn 0.4345 -0.4113 -0.8013
vn -0.0334 0.4836 -0.8747
vn -0.1845 0.0117 -0.9828
vn 0.2004 0.6355 -0.7456
vn -0.0795 0.6295 0.7730
vn 0.0646 -0.9189 0.3892
vn 0.4684 -0.3959 0.7899
vn 0.1248 -0.1639 0.9785
vn -0.7822 0.6227 -0.0196
vn 0.3975 -0.5666 -0.7218
vn 0.4511 0.8160 -0.3613
vn 0.3544 0.5134 0.7816
vn -0.5113 0.1599 0.8444
vn -0.2423 -0.0566 0.9686
vn -0.6897 -0.1777 0.7019
vn 0.2340 -0.3425 -0.9099
vn -0.2089 0.9383 -0.2756
vn -0.5037 0.8055 -0.3121
vn 0.1107 0.7561 -0.6450
vn 0.3438 0.7225 0.5998
vn 0.8872 0.2899 0.3591
vn 0.3110 0.1125 0.9437
vn -0.0807 -0.9381 0.3368
vn 0.1648 -0.4048 0.8994
vn 0.0150 -0.0610 0.9980
vn 0.1653 -0.1882 0.9681
vn 0.2200 -0.0595 0.9737
vn 0.1637 -0.1705 0.9717
vn 0.6005 -0.0390 0.7986
vn 0.7846 -0.6034 -0.1426
vn -0.1652 0.5025 -0.8486
vn 0.6971 0.4350 0.5699
vn 0.0089 0.6499 0.7600
vn -0.4640 -0.1486 0.8733
vn -0.2246 -0.1639 0.9606
vn 0.5939 0.2257 0.7722
vn 0.1732 0.9362 -0.3059
vn -0.0142 0.4682 -0.8835
vn 0.3669 -0.3075 -0.8780
vn 0.3323 0.8575 -0.3927
vn 0.9555 0.1950 -0.2215
vn 0.3394 -0.4563 0.8226
vn 0.2786 -0.9473 0.1579
vn -0.3058 -0.0553 0.9505
vn 0.7154 -0.1588 0.6804
vn 0.1141 -0.0863 0.9897
vn 0.1192 -0.1097 0.9868
vn -0.8049 -0.4161 0.4231
vn 0.9256 -0.1521 0.3466
vn -0.5267 0.0194 0.8498
vn -0.7365 -0.4966 -0.4592
vn -0.8217 -0.5470 -0.1603
vn -0.2447 0.9103 0.3338
vn 0.1507 0.9816 0.1170
vn -0.4118 0.9069 0.0889
vn -0.5294 -0.5327 0.6602
vn 0.8314 -0.1988 0.5189
vn -0.2002 -0.9780 0.0589
vn 0.4193 -0.8838 0.2076
vn 0.7224 -0.6820 0.1139
vn -0.3489 0.2350 0.9072
vn -0.7942 0.4883 -0.3616
vn -0.2208 0.5223 0.8237
vn -0.0200 0.5678 0.8229
vn -0.2996 0.9505 -0.0826
vn -0.1390 0.4849 0.8634
vn 0.6233 0.4375 0.6481
vn 0.9839 -0.1602 -0.0797
vn 0.4344 -0.2548 0.8639
vn -0.4279 0.9017 0.0626
vn 0.3561 0.3609 0.8619
vn 0.3591 0.9058 0.2248
vn 0.7136 0.2782 0.6429
vn 0.1738 0.7523 0.6355
vn 0.1831 -0.9823 -0.0400
vn 0.6731 -0.7395 -0.0098
vn -0.6653 0.0507 0.7448
vn -0.4703 -0.0028 0.8825
vn 0.9701 -0.2318 -0.0714
vn -0.8353 -0.4937 0.2418
vn -0.4724 0.8354 0.2809
vn 0.4410 0.3738 0.8159
vn 0.9260 0.1218 0.3574
vn -0.1554 0.3370 0.9286
vn -0.0018 0.3547 0.9350
vn -0.3708 0.6560 0.6574
vn 0.0364 0.9196 0.3911
vn 0.4757 -0.3504 -0.8068
vn -0.1624 -0.0748 0.9839
vn 0.4996 -0.8523 -0.1547
vn -0.0401 0.2750 0.9606
vn -0.3748 0.6201 0.6892
vn -0.1445 0.0104 0.9894
vn 0.2958 -0.0699 0.9527
vn -0.5762 -0.8083 -0.1214
vn 0.9533 0.2532 0.1646
vn 0.3491 0.1471 0.9255
vn -0.1985 0.9799 0.0189
vn -0.2458 0.8811 0.4040
vn 0.3181 0.8839 0.3428
vn 0.1179 0.3754 0.9193
vn -0.0473 0.9022 0.4288
vn 0.2230 0.8560 0.4664
vn -0.4704 0.0213 0.8822
vn 0.5570 -0.8200 -0.1314
vn 0.9717 -0.2329 -0.0400
vn 0.5664 -0.0091 0.8241
vn -0.2260 0.0204 0.9739
vn 0.1000 -0.0493 0.9938
vn 0.1271 -0.0859 0.9882
vn 0.6915 0.0071 0.7224
vn 0.2448 -0.0570 0.9679
vn 0.5908 -0.0175 0.8066
vn 0.2514 0.1546 0.9555
vn -0.1009 0.1313 0.9862
vn 0.5639 0.0983 0.8200
vn -0.1197 0.1070 0.9870
vn -0.0682 -0.2135 0.9746
vn -0.4943 0.4376 0.7511
vn -0.2750 -0.6426 0.7151
vn 0.2350 -0.6726 0.7017
vn 0.1063 0.4201 0.9012
vn -0.6107 -0.0971 0.7859
vn -0.3178 0.0937 0.9435
vn 0.6163 -0.0803 0.7834
vn 0.3455 0.0459 0.9373
vn -0.0765 -0.0347 0.9965
vn -0.1374 -0.0699 0.9880
vn 0.0124 0.0125 0.9998
vn -0.9191 0.3462 -0.1879
vn 0.4186 0.7079 0.5688
vn 0.1441 -0.2156 0.9658
vn 0.1760 0.1251 0.9764
vn -0.0278 0.9416 0.3356
vn -0.1130 0.0440 0.9926
vn 0.2722 0.9605 0.0575
vn -0.3216 0.7006 0.6370
vn 0.5216 -0.5677 0.6369
vn 0.2654 -0.0181 0.9640
vn 0.6936 0.6999 -0.1706
vn -0.0744 -0.7741 0.6286
vn -0.1674 0.8378 0.5197
vn 0.0685 -0.1607 0.9846
vn 0.0949 0.9540 0.2844
vn -0.1318 -0.9543 0.2683
vn -0.2068 -0.9751 0.0799
vn 0.2058 0.9786 0.0072
vn -0.1068 0.9842 0.1410
vn -0.6241 0.7465 0.2309
vn 0.0895 -0.9635 0.2522
vn -0.0727 -0.9307 0.3585
vn 0.2778 -0.8970 0.3438
vn 0.8266 -0.4798 0.2942
vn 0.8664 -0.1993 -0.4579
vn -0.7409 0.6603 0.1226
vn 0.2645 -0.9618 0.0706
vn -0.1170 -0.9428 0.3122
vn -0.9694 -0.1142 0.2175
vn 0.7000 0.7100 0.0768
vn -0.3608 -0.9114 0.1981
vn -0.7660 -0.4746 -0.4335
vn -0.0897 0.9202 0.3809
vn -0.5553 -0.8229 0.1201
vn -0.0117 0.9962 0.0861
vn 0.3928 -0.9147 0.0948
vn 0.1273 -0.9863 0.1051
vn -0.2390 -0.9665 -0.0936
vn -0.0214 0.9994 0.0271
vn -0.0125 -0.9399 0.3412
vn 0.0541 0.9985 0.0056
vn -0.0820 0.9091 0.4084
vn -0.6845 -0.7229 -0.0940
vn 0.2756 -0.8445 0.4591
vn 0.2538 0.9479 0.1925
vn 0.0289 -0.9738 0.2254
vn 0.0421 0.9569 0.2875
vn 0.1558 -0.9303 0.3321
vn 0.0706 -0.8878 0.4547
vn -0.6765 0.7001 -0.2285
vn -0.1936 0.9067 0.3747
vn -0.8004 0.5936 0.0830
vn -0.0070 0.9309 0.3653
vn 0.1170 0.9737 0.1955
vn 0.8294 -0.5472 -0.1126
vn -0.2269 -0.8809 0.4154
vn 0.5793 0.8124 -0.0666
vn 0.2967 0.7863 0.5419
vn 0.2216 0.9661 0.1323
vn -0.2578 0.9622 -0.0876
vn -0.2052 0.9660 0.1574
vn -0.3744 -0.9264 -0.0395
vn 0.4680 -0.8081 0.3577
vn -0.0788 -0.9539 0.2896
vn -0.8833 -0.4129 -0.2221
vn 0.2760 -0.8443 0.4593
vn 0.9845 -0.1107 0.1357
vn 0.8295 -0.5471 -0.1126
vn 0.1240 0.9796 -0.1584
vn 0.0234 -0.9970 0.0744
vn -0.1783 -0.6079 0.7737
vn -0.8758 0.4765 -0.0767
vn -0.5058 0.2084 0.8371
vn 0.9313 0.3618 -0.0427
vn -0.3264 0.8781 0.3499
vn -0.2598 -0.8909 0.3727
vn 0.3318 0.9384 -0.0968
vn -0.3282 0.9357 -0.1291
vn 0.2877 0.9533 -0.0925
vn -0.3959 -0.7840 0.4781
vn -0.9326 -0.0716 0.3538
vn 0.6032 0.4690 0.6451
vn -0.4309 0.8865 0.1685
vn 0.4987 0.8569 0.1304
vn -0.7340 -0.5830 0.3483
vn 0.2769 -0.6347 0.7215
vn -0.6075 0.2258 0.7616
vn 0.4893 0.8617 0.1342
vn 0.1935 0.9809 0.0171
vn 0.9760 0.2164 0.0243
vn -0.9008 0.4264 -0.0817
vn -0.6936 0.7141 -0.0947
vn -0.2876 0.9249 -0.2488
vn -0.0211 0.9994 0.0273
vn -0.0752 0.9870 -0.1424
vn -0.6268 -0.6850 0.3714
vn -0.9987 -0.0484 0.0139
vn -0.2223 -0.9068 0.3582
vn 0.6142 -0.7886 -0.0286
vn 0.9870 0.0911 -0.1324
vn -0.5189 -0.8548 -0.0012
vn -0.8429 -0.0080 0.5380
vn 0.9522 -0.3052 0.0100
vn -0.5719 0.7659 0.2938
vn -0.2874 0.9249 -0.2488
vn -0.2285 0.8360 0.4988
vn 0.2028 -0.5387 0.8177
vn 0.1980 0.9794 -0.0397
vn 0.1965 -0.3490 0.9163
vn -0.0493 -0.9363 0.3478
vn -0.7145 0.6889 -0.1223
vn 0.0971 0.6895 0.7178
vn -0.7592 -0.2474 0.6020
vn 0.8884 0.2372 0.3930
vn -0.0229 0.9997 -0.0097
vn 0.8088 0.5341 0.2460
vn 0.0748 -0.6201 0.7810
vn 0.7493 0.0835 0.6570
vn 0.2973 -0.0867 0.9508
vn -0.5947 0.1070 0.7968
vn 0.8418 0.5398 0.0015
vn 0.7526 -0.5146 0.4109
vn -0.0140 0.7041 0.7099
vn -0.4037 0.8833 0.2382
vn -0.6688 -0.6767 0.3079
vn 0.1333 -0.6669 0.7331
vn 0.1558 -0.1583 0.9750
vn 0.3709 0.8131 0.4486
vn 0.5772 0.6705 0.4661
vn -0.0051 0.9901 0.1401
vn 0.7434 -0.2072 0.6359
vn -0.8414 0.4344 0.3215
vn -0.0934 0.9148 0.3930
vn 0.0205 0.9372 0.3481
vn 0.5915 0.4590 0.6629
vn 0.1551 -0.2567 0.9540
vn -0.8984 0.0444 0.4370
vn -0.1727 0.5658 0.8062
vn 0.2686 0.5165 0.8130
vn -0.4907 0.4631 0.7381
vn -0.2970 0.7494 0.5918
vn 0.5372 0.5316 0.6548
vn 0.4869 0.5876 0.6463
vn -0.3287 0.3261 0.8864
vn 0.0725 -0.1232 0.9897
vt 0.083214 0.871950
vt 0.085514 0.849885
vt 0.091842 0.829619
vt 0.336267 0.161447
vt 0.323199 0.122176
vt 0.344867 0.124535
vt 0.320809 0.206888
vt 0.279005 0.152380
vt 0.302115 0.200197
vt 0.077247 0.884653
vt 0.165648 0.616340
vt 0.165648 0.583304
vt 0.167748 0.603623
vt 0.346802 0.108533
vt 0.250589 0.192075
vt 0.280433 0.127001
vt 0.072171 0.904094
vt 0.061360 0.918238
vt 0.309005 0.235506
vt 0.261535 0.090260
vt 0.259370 0.149222
vt 0.066665 0.871548
vt 0.088275 0.803797
vt 0.235198 0.212660
vt 0.236049 0.141619
vt 0.262716 0.100415
vt 0.093391 0.132046
vt 0.087639 0.112536
vt 0.112168 0.126810
vt 0.112083 0.069169
vt 0.103495 0.038355
vt 0.131464 0.055125
vt 0.080635 0.839629
vt 0.068222 0.856514
vt 0.065559 0.900407
vt 0.083728 0.819364
vt 0.068355 0.878971
vt 0.332790 0.097550
vt 0.237064 0.097611
vt 0.213636 0.176518
vt 0.179033 0.080724
vt 0.196024 0.112706
vt 0.142126 0.099777
vt 0.145046 0.139864
vt 0.088426 0.094488
vt 0.065884 0.132869
vt 0.086668 0.042156
vt 0.483385 0.589073
vt 0.495659 0.575149
vt 0.500531 0.585645
vt 0.282795 0.248763
vt 0.269887 0.079210
vt 0.202185 0.186606
vt 0.221535 0.143396
vt 0.194682 0.103885
vt 0.155813 0.060639
vt 0.110872 0.149361
vt 0.076153 0.172038
vt 0.056299 0.102776
vt 0.964704 0.909412
vt 0.977616 0.934687
vt 0.964015 0.934354
vt 0.471312 0.602968
vt 0.488182 0.593858
vt 0.303013 0.246996
vt 0.236396 0.091511
vt 0.466776 0.664147
vt 0.462235 0.696339
vt 0.462235 0.639697
vt 0.184556 0.142493
vt 0.410041 0.695572
vt 0.423273 0.708673
vt 0.395986 0.706358
vt 0.431663 0.698318
vt 0.432612 0.711013
vt 0.417042 0.723139
vt 0.978642 0.917027
vt 0.500945 0.884000
vt 0.491286 0.863126
vt 0.511104 0.866814
vt 0.964122 0.944232
vt 0.248947 0.095017
vt 0.208321 0.121822
vt 0.134999 0.167239
vt 0.091886 0.876670
vt 0.094261 0.871353
vt 0.094261 0.898342
vt 0.115620 0.020112
vt 0.420186 0.280436
vt 0.434773 0.268181
vt 0.459422 0.267084
vt 0.078874 0.800182
vt 0.082965 0.793479
vt 0.497954 0.591239
vt 0.229035 0.111510
vt 0.117339 0.013442
vt 0.045200 0.140364
vt 0.081859 0.023901
vt 0.389423 0.726656
vt 0.394065 0.695096
vt 0.434107 0.725794
vt 0.440826 0.291680
vt 0.502778 0.622629
vt 0.475033 0.619826
vt 0.522988 0.862870
vt 0.515432 0.891253
vt 0.208283 0.102602
vt 0.152117 0.164537
vt 0.129718 0.007999
vt 0.089546 0.182081
vt 0.062291 0.168016
vt 0.059031 0.158104
vt 0.091463 0.007826
vt 0.029836 0.103638
vt 0.814141 0.249688
vt 0.801387 0.234404
vt 0.821097 0.242144
vt 0.398495 0.686541
vt 0.410710 0.266643
vt 0.514962 0.580347
vt 0.226333 0.235485
vt 0.200168 0.178958
vt 0.186003 0.154962
vt 0.131919 0.180653
vt 0.116673 0.169331
vt 0.221890 0.816899
vt 0.268561 0.792589
vt 0.243269 0.838844
vt 0.079515 0.186775
vt 0.055234 0.186993
vt 0.041733 0.161820
vt 0.378695 0.703728
vt 0.002364 0.871869
vt 0.000000 0.869029
vt 0.002186 0.868383
vt 0.682785 0.896398
vt 0.679463 0.894674
vt 0.686542 0.875041
vt 0.478399 0.894701
vt 0.772964 0.964579
vt 0.763127 0.959902
vt 0.769636 0.934078
vt 0.223402 0.086066
vt 0.192844 0.077138
vt 0.226631 0.837821
vt 0.114842 0.000000
vt 0.057383 0.037801
vt 0.385961 0.734138
vt 0.412509 0.733798
vt 0.811817 0.225247
vt 0.453780 0.707877
vt 0.462235 0.691812
vt 0.405478 0.291952
vt 0.282918 0.273358
vt 0.179552 0.169858
vt 0.200993 0.895016
vt 0.193057 0.885045
vt 0.228284 0.883835
vt 0.218621 0.866108
vt 0.235997 0.862131
vt 0.108950 0.184243
vt 0.193057 0.458277
vt 0.220058 0.446718
vt 0.197956 0.477276
vt 0.398460 0.978875
vt 0.404345 0.983964
vt 0.401930 0.986120
vt 0.909858 0.421858
vt 0.904694 0.417867
vt 0.909858 0.415993
vt 0.977944 0.836527
vt 0.977944 0.821618
vt 0.981671 0.832075
vt 0.390549 0.745946
vt 0.671533 0.976399
vt 0.679048 0.955592
vt 0.679048 0.993646
vt 0.438031 0.674916
vt 0.445101 0.671018
vt 0.997156 0.132633
vt 0.993960 0.156303
vt 0.991423 0.155247
vt 0.490827 0.908276
vt 0.378706 0.276946
vt 0.514677 0.606804
vt 0.760994 0.945090
vt 0.200429 0.082217
vt 0.226373 0.873921
vt 0.839407 0.972917
vt 0.839487 0.958473
vt 0.845722 0.974174
vt 0.072989 0.192004
vt 0.220647 0.460525
vt 0.201933 0.431591
vt 0.014650 0.074374
vt 0.926236 0.838048
vt 0.928418 0.832975
vt 0.934457 0.847600
vt 0.371596 0.752260
vt 0.371293 0.747484
vt 0.376408 0.752193
vt 0.803667 0.970662
vt 0.796960 0.972122
vt 0.800816 0.960101
vt 0.383220 0.746184
vt 0.381561 0.756614
vt 0.371093 0.736782
vt 0.364624 0.720970
vt 0.390465 0.672323
vt 0.784443 0.226138
vt 0.784889 0.213473
vt 0.713477 0.891722
vt 0.707446 0.933252
vt 0.742378 0.896398
vt 0.708233 0.935197
vt 0.488930 0.639980
vt 0.467209 0.629435
vt 0.602882 0.160814
vt 0.619179 0.133600
vt 0.633986 0.146311
vt 0.331564 0.549541
vt 0.340688 0.564859
vt 0.346802 0.589184
vt 0.954425 0.713975
vt 0.963736 0.723448
vt 0.954425 0.731947
vt 0.100641 0.195706
vt 0.881406 0.019275
vt 0.909878 0.000000
vt 0.898246 0.021149
vt 0.257753 0.825384
vt 0.848835 0.993020
vt 0.848835 0.957659
vt 0.057082 0.191528
vt 0.020111 0.139435
vt 0.633266 0.241312
vt 0.628335 0.249902
vt 0.619596 0.233553
vt 0.398369 0.997434
vt 0.918582 0.415233
vt 0.921254 0.416363
vt 0.918582 0.421858
vt 0.934457 0.832115
vt 0.352908 0.727304
vt 0.796960 0.956175
vt 0.367980 0.704748
vt 0.412855 0.662219
vt 0.413088 0.639657
vt 0.423296 0.605172
vt 0.442052 0.639697
vt 0.734676 0.586249
vt 0.753013 0.585852
vt 0.753673 0.611625
vt 0.438410 0.579535
vt 0.438802 0.539916
vt 0.417963 0.518895
vt 0.420085 0.477517
vt 0.728103 0.481456
vt 0.743605 0.479840
vt 0.747655 0.517430
vt 0.438516 0.494516
vt 0.422680 0.295546
vt 0.650416 0.943676
vt 0.674343 0.941798
vt 0.647628 0.955592
vt 0.705713 0.128342
vt 0.702879 0.149245
vt 0.684200 0.164428
vt 0.648887 0.130384
vt 0.219423 0.222292
vt 0.180079 0.204823
vt 0.213981 0.476143
vt 0.194029 0.503196
vt 0.011199 0.084338
vt 0.715942 0.994207
vt 0.715942 0.981509
vt 0.720061 0.993110
vt 0.390612 0.976049
vt 0.390612 0.959948
vt 0.393755 0.971583
vt 0.998798 0.227848
vt 0.994578 0.241369
vt 0.994578 0.222496
vt 0.392377 0.756337
vt 0.845108 0.238388
vt 0.835331 0.225278
vt 0.787407 0.201426
vt 0.559176 0.233162
vt 0.578021 0.229055
vt 0.580052 0.238675
vt 0.025887 0.871505
vt 0.018270 0.873156
vt 0.715506 0.870702
vt 0.698815 0.823321
vt 0.732215 0.835775
vt 0.448339 0.505031
vt 0.754697 0.441569
vt 0.767407 0.482775
vt 0.467209 0.904805
vt 0.505413 0.913390
vt 0.978642 0.964764
vt 0.527727 0.585647
vt 0.267135 0.261531
vt 0.599007 0.142811
vt 0.183796 0.215504
vt 0.193057 0.519397
vt 0.202920 0.506307
vt 0.204777 0.530181
vt 0.214971 0.498478
vt 0.804210 0.955905
vt 0.350512 0.717433
vt 0.348691 0.707160
vt 0.352959 0.704745
vt 0.377678 0.675676
vt 0.432728 0.661425
vt 0.573026 0.946177
vt 0.574699 0.930357
vt 0.583905 0.925838
vt 0.566707 0.923816
vt 0.575976 0.909934
vt 0.600942 0.223993
vt 0.952960 0.847082
vt 0.940474 0.837104
vt 0.952960 0.826270
vt 0.136407 0.993312
vt 0.132072 0.992125
vt 0.127999 0.976983
vt 0.725640 0.789333
vt 0.718745 0.497117
vt 0.449087 0.531093
vt 0.403140 0.516264
vt 0.061360 0.767069
vt 0.160138 0.185173
vt 0.888167 0.095926
vt 0.258041 0.842580
vt 0.060412 0.204500
vt 0.031257 0.184343
vt 0.023430 0.164961
vt 0.994502 0.655863
vt 0.986532 0.691149
vt 0.988020 0.657231
vt 0.015406 0.146283
vt 0.220131 0.381858
vt 0.298900 0.905824
vt 0.305764 0.900367
vt 0.303606 0.905241
vt 0.813747 0.953293
vt 0.346777 0.997004
vt 0.342442 0.993252
vt 0.346777 0.990316
vt 0.343975 0.983181
vt 0.478357 0.862870
vt 0.472831 0.834924
vt 0.491916 0.859125
vt 0.563369 0.245802
vt 0.555216 0.943007
vt 0.579454 0.214305
vt 0.604534 0.231808
vt 0.915479 0.402146
vt 0.906291 0.414228
vt 0.907750 0.394996
vt 0.740477 0.927094
vt 0.023799 0.843239
vt 0.005202 0.827320
vt 0.006607 0.797662
vt 0.760236 0.447676
vt 0.811157 0.593252
vt 0.843662 0.565036
vt 0.837998 0.578640
vt 0.746998 0.415043
vt 0.394903 0.425094
vt 0.416987 0.462427
vt 0.732214 0.396198
vt 0.451623 0.334509
vt 0.419610 0.324050
vt 0.446419 0.296572
vt 0.651779 0.934730
vt 0.673185 0.918683
vt 0.528759 0.598200
vt 0.381380 0.259200
vt 0.374580 0.253104
vt 0.140467 0.203336
vt 0.219659 0.478809
vt 0.723415 0.984691
vt 0.336225 0.995492
vt 0.342442 0.983181
vt 0.342442 0.996531
vt 0.467209 0.848924
vt 0.167748 0.583304
vt 0.189134 0.586471
vt 0.172966 0.592316
vt 0.642088 0.233553
vt 0.629721 0.214906
vt 0.654687 0.225719
vt 0.020396 0.786065
vt 0.393251 0.479737
vt 0.806034 0.609814
vt 0.724142 0.431240
vt 0.407547 0.472868
vt 0.417093 0.442646
vt 0.760321 0.413069
vt 0.433666 0.415837
vt 0.752636 0.261752
vt 0.767722 0.249959
vt 0.749490 0.294411
vt 0.538205 0.577113
vt 0.746406 0.930441
vt 0.249498 0.876644
vt 0.160359 0.256899
vt 0.138683 0.214250
vt 0.133843 0.256598
vt 0.229237 0.403122
vt 0.291691 0.904822
vt 0.294779 0.900240
vt 0.635500 0.233553
vt 0.305817 0.889850
vt 0.295694 0.892870
vt 0.922143 0.831129
vt 0.612307 0.998227
vt 0.612307 0.983473
vt 0.617417 0.996323
vt 0.815850 0.963939
vt 0.804004 0.945477
vt 0.808138 0.946968
vt 0.940193 0.705273
vt 0.942860 0.694256
vt 0.942860 0.710717
vt 0.988159 0.421138
vt 0.988159 0.400371
vt 0.994558 0.416974
vt 0.817898 0.216658
vt 0.188359 0.605311
vt 0.936509 0.542165
vt 0.924219 0.552789
vt 0.921627 0.539416
vt 0.553268 0.922665
vt 0.569464 0.902765
vt 0.768052 0.772294
vt 0.753868 0.764536
vt 0.771712 0.760512
vt 0.616371 0.219510
vt 0.617712 0.209371
vt 0.619596 0.228073
vt 0.735032 0.613098
vt 0.742378 0.947114
vt 0.960848 0.347622
vt 0.940686 0.324261
vt 0.955627 0.319297
vt 0.729909 0.354612
vt 0.727490 0.268947
vt 0.749150 0.339808
vt 0.417345 0.389445
vt 0.706533 0.314129
vt 0.393513 0.330631
vt 0.164108 0.195355
vt 0.122802 0.191271
vt 0.155214 0.263352
vt 0.203107 0.600083
vt 0.104212 0.239770
vt 0.006580 0.076552
vt 0.004542 0.083115
vt 0.011222 0.062273
vt 0.404345 0.999684
vt 0.827788 0.214190
vt 0.418501 0.651768
vt 0.446014 0.646225
vt 0.452208 0.658865
vt 0.608417 0.939224
vt 0.607642 0.909199
vt 0.627034 0.934900
vt 0.570986 0.214550
vt 0.751631 0.779054
vt 0.581688 0.887739
vt 0.992622 0.131390
vt 0.136407 0.970333
vt 0.745489 0.789364
vt 0.033765 0.780491
vt 0.020142 0.767069
vt 0.433636 0.444550
vt 0.647628 0.915313
vt 0.522988 0.919176
vt 0.986161 0.236129
vt 0.979147 0.242039
vt 0.983771 0.232424
vt 0.195000 0.245415
vt 0.868757 0.028347
vt 0.909929 0.003466
vt 0.904901 0.082107
vt 0.000000 0.089331
vt 0.973224 0.983248
vt 0.974775 0.964764
vt 0.978642 0.982836
vt 0.357597 0.698923
vt 0.835506 0.209750
vt 0.815196 0.198313
vt 0.385739 0.651576
vt 0.503933 0.853646
vt 0.484892 0.835321
vt 0.496690 0.952764
vt 0.484357 0.955559
vt 0.467209 0.919176
vt 0.193057 0.601595
vt 0.994435 0.605137
vt 0.994435 0.584629
vt 0.999291 0.599411
vt 0.998855 0.662324
vt 0.999558 0.664549
vt 0.994502 0.673384
vt 0.930674 0.809455
vt 0.933468 0.813751
vt 0.940474 0.831129
vt 0.922396 0.799901
vt 0.746406 0.760512
vt 0.438123 0.457274
vt 0.500130 0.718379
vt 0.477442 0.742159
vt 0.498221 0.689708
vt 0.758970 0.295946
vt 0.683082 0.287794
vt 0.711890 0.271224
vt 0.376331 0.257098
vt 0.534535 0.583574
vt 0.339380 0.527468
vt 0.329231 0.517236
vt 0.214207 0.579865
vt 0.706985 0.993034
vt 0.700198 0.995122
vt 0.705674 0.975992
vt 0.010975 0.056127
vt 0.289309 0.903401
vt 0.294768 0.888123
vt 0.365224 0.979129
vt 0.364813 0.984960
vt 0.356552 0.979192
vt 0.847508 0.217500
vt 0.556407 0.206634
vt 0.936509 0.558906
vt 0.570328 0.883873
vt 0.998208 0.657729
vt 0.999628 0.601210
vt 0.907910 0.389762
vt 0.702835 0.500999
vt 0.072672 0.942360
vt 0.090592 0.918238
vt 0.698112 0.446548
vt 0.705106 0.402782
vt 0.749363 0.373184
vt 0.450813 0.388370
vt 0.514234 0.650847
vt 0.505594 0.692271
vt 0.502858 0.652200
vt 0.456521 0.295742
vt 0.979980 0.235569
vt 0.629002 0.109041
vt 0.765997 0.905395
vt 0.869773 0.092992
vt 0.909133 0.603190
vt 0.904309 0.562171
vt 0.926856 0.586655
vt 0.239348 0.467129
vt 0.231731 0.439367
vt 0.022337 0.052853
vt 0.293463 0.880259
vt 0.310813 0.880705
vt 0.820831 0.950665
vt 0.973184 0.987530
vt 0.978642 0.989929
vt 0.847029 0.210492
vt 0.831846 0.206021
vt 0.979142 0.051956
vt 0.974934 0.023866
vt 0.987065 0.022554
vt 0.974934 0.000000
vt 0.796078 0.195531
vt 0.494698 0.825000
vt 0.909929 0.105533
vt 0.922824 0.089835
vt 0.922879 0.105533
vt 0.574915 0.202531
vt 0.559705 0.906887
vt 0.932509 0.410430
vt 0.925742 0.380460
vt 0.994502 0.655058
vt 0.927983 0.805483
vt 0.388639 0.637093
vt 0.843662 0.610439
vt 0.944955 0.290104
vt 0.390361 0.392062
vt 0.683844 0.325362
vt 0.187986 0.749242
vt 0.171905 0.786825
vt 0.167748 0.745162
vt 0.467209 0.308380
vt 0.701309 0.271261
vt 0.390371 0.354413
vt 0.541660 0.601719
vt 0.155367 0.218366
vt 0.904082 0.091481
vt 0.904309 0.650854
vt 0.910816 0.656300
vt 0.981704 0.776819
vt 0.989875 0.831637
vt 0.981704 0.835963
vt 0.919877 0.575580
vt 0.020349 0.184917
vt 0.986532 0.637198
vt 0.224707 0.387227
vt 0.235768 0.393329
vt 0.973091 0.248094
vt 0.965874 0.249196
vt 0.965874 0.238125
vt 0.904694 0.421858
vt 0.900682 0.415574
vt 0.904694 0.412877
vt 0.366365 0.676491
vt 0.825248 0.197011
vt 0.368543 0.652625
vt 0.615901 0.907973
vt 0.599060 0.925310
vt 0.269548 0.942876
vt 0.303540 0.941849
vt 0.293969 0.946167
vt 0.669693 0.226137
vt 0.658833 0.213815
vt 0.646939 0.210426
vt 0.586993 0.205008
vt 0.616754 0.199462
vt 0.023300 0.884980
vt 0.907269 0.384624
vt 0.919886 0.808626
vt 0.991423 0.113935
vt 0.992765 0.107432
vt 0.848200 0.608038
vt 0.844322 0.612985
vt 0.843662 0.608038
vt 0.391571 0.586027
vt 0.037852 0.854522
vt 0.329876 0.983181
vt 0.329876 0.936550
vt 0.344637 0.952908
vt 0.364572 0.947149
vt 0.367865 0.957421
vt 0.346802 0.979129
vt 0.381027 0.401217
vt 0.758594 0.359765
vt 0.191193 0.718929
vt 0.897748 0.099692
vt 0.138862 0.264745
vt 0.268561 0.872557
vt 0.218344 0.566366
vt 0.700198 0.967568
vt 0.234250 0.482621
vt 0.432023 0.973707
vt 0.420458 0.949898
vt 0.432023 0.938504
vt 0.000000 0.995150
vt 0.000000 0.985566
vt 0.004293 0.989884
vt 0.935638 0.091463
vt 0.936070 0.098096
vt 0.934124 0.103786
vt 0.879885 0.414489
vt 0.873609 0.421247
vt 0.873609 0.412877
vt 0.943557 0.089835
vt 0.944564 0.093663
vt 0.329060 0.495420
vt 0.332276 0.493739
vt 0.331726 0.496737
vt 0.976642 0.244096
vt 0.979073 0.237317
vt 0.979073 0.249610
vt 0.909381 0.726850
vt 0.913345 0.723655
vt 0.910593 0.728918
vt 0.346802 0.688307
vt 0.399730 0.644766
vt 0.496690 0.925619
vt 0.473136 0.947637
vt 0.268561 0.989281
vt 0.264300 0.986106
vt 0.264231 0.967303
vt 0.770485 0.785327
vt 0.923076 0.731458
vt 0.920326 0.726738
vt 0.923076 0.722922
vt 0.312507 0.962848
vt 0.315002 0.953965
vt 0.319048 0.953545
vt 0.377606 0.446057
vt 0.365379 0.277441
vt 0.363110 0.249959
vt 0.545678 0.581668
vt 0.987349 0.216122
vt 0.263304 0.291306
vt 0.206707 0.260627
vt 0.594154 0.110516
vt 0.154941 0.208911
vt 0.909929 0.073539
vt 0.149125 0.212681
vt 0.088813 0.239320
vt 0.233051 0.479172
vt 0.172555 0.420732
vt 0.193057 0.404748
vt 0.174779 0.460461
vt 0.303494 0.873903
vt 0.332276 0.500765
vt 0.913345 0.731947
vt 0.363138 0.666533
vt 0.534644 0.860919
vt 0.516688 0.852751
vt 0.525145 0.845435
vt 0.907249 0.373364
vt 0.329101 0.381858
vt 0.329407 0.384955
vt 0.329101 0.389878
vt 0.744232 0.844283
vt 0.382489 0.502505
vt 0.384485 0.434747
vt 0.523840 0.708542
vt 0.480447 0.770082
vt 0.491625 0.743560
vt 0.462554 0.422746
vt 0.516804 0.705853
vt 0.689074 0.364206
vt 0.664920 0.249089
vt 0.650530 0.249089
vt 0.664835 0.233662
vt 0.679463 0.271482
vt 0.952323 0.420403
vt 0.940686 0.403305
vt 0.961251 0.409883
vt 0.168647 0.258198
vt 0.880016 0.107432
vt 0.329028 0.762007
vt 0.313364 0.766876
vt 0.309780 0.758514
vt 0.322637 0.752957
vt 0.300062 0.756976
vt 0.264228 0.884935
vt 0.194829 0.612645
vt 0.210172 0.616862
vt 0.838936 0.995037
vt 0.830827 0.980024
vt 0.838936 0.957659
vt 0.131005 0.199120
vt 0.099875 0.249478
vt 0.100319 0.551599
vt 0.157848 0.492377
vt 0.140796 0.526849
vt 0.418952 0.958029
vt 0.243716 0.394876
vt 0.359468 0.990004
vt 0.820743 0.944691
vt 0.945857 0.103786
vt 0.937914 0.992663
vt 0.932378 0.997188
vt 0.932378 0.983288
vt 0.298783 0.869770
vt 0.309776 0.867815
vt 0.917209 0.728715
vt 0.920326 0.723655
vt 0.920326 0.731458
vt 0.860464 0.713070
vt 0.853789 0.701997
vt 0.873682 0.685906
vt 0.479377 0.824677
vt 0.094502 0.959337
vt 0.089189 0.982999
vt 0.089189 0.955981
vt 0.177395 0.619189
vt 0.666505 0.704788
vt 0.657061 0.711729
vt 0.651844 0.699272
vt 0.762940 0.787706
vt 0.936864 0.382714
vt 0.930721 0.396829
vt 0.046216 0.897012
vt 0.906580 0.773727
vt 0.321284 0.953184
vt 0.924859 0.802016
vt 0.925370 0.795006
vt 0.702300 0.514948
vt 0.051248 0.791900
vt 0.346802 0.931206
vt 0.512586 0.741744
vt 0.693481 0.401781
vt 0.187784 0.807306
vt 0.191193 0.779131
vt 0.554193 0.577059
vt 0.167748 0.661618
vt 0.165597 0.672521
vt 0.165597 0.648747
vt 0.651076 0.112248
vt 0.924274 0.631828
vt 0.295293 0.737255
vt 0.212877 0.601071
vt 0.929608 0.616196
vt 0.247534 0.418929
vt 0.746139 0.946144
vt 0.742378 0.942687
vt 0.745420 0.938007
vt 0.365224 0.993077
vt 0.969442 0.237317
vt 0.913100 0.529561
vt 0.905836 0.539244
vt 0.904237 0.529561
vt 0.839387 0.197756
vt 0.839459 0.207301
vt 0.354825 0.676143
vt 0.842102 0.192070
vt 0.820912 0.188214
vt 0.545182 0.854725
vt 0.647929 0.197380
vt 0.964367 0.000000
vt 0.974934 0.031264
vt 0.973260 0.036466
vt 0.781047 0.995801
vt 0.774011 0.987242
vt 0.781047 0.977167
vt 0.089964 0.954940
vt 0.933206 0.354296
vt 0.906291 0.340133
vt 0.921676 0.337313
vt 0.693762 0.429417
vt 0.160789 0.271632
vt 0.183303 0.237139
vt 0.154820 0.229203
vt 0.167748 0.636395
vt 0.166035 0.648747
vt 0.166035 0.616340
vt 0.117947 0.266883
vt 0.976642 0.240625
vt 0.919156 0.835415
vt 0.915684 0.838456
vt 0.908917 0.831129
vt 0.049687 0.995639
vt 0.049687 0.983855
vt 0.055448 0.991670
vt 0.098113 0.983905
vt 0.094618 0.974843
vt 0.101722 0.981517
vt 0.746355 0.979103
vt 0.743970 0.986644
vt 0.743970 0.972182
vt 0.516040 0.833219
vt 0.458395 0.639697
vt 0.185648 0.665917
vt 0.321891 0.950100
vt 0.961874 0.489172
vt 0.978673 0.473884
vt 0.978673 0.516114
vt 0.674380 0.904938
vt 0.674380 0.858809
vt 0.679131 0.890182
vt 0.986158 0.273219
vt 0.985729 0.250843
vt 0.993504 0.252823
vt 0.370898 0.442700
vt 0.193057 0.792589
vt 0.230369 0.752777
vt 0.215135 0.779699
vt 0.767722 0.367139
vt 0.677002 0.108701
vt 0.922868 0.657026
vt 0.855915 0.066084
vt 0.940474 0.712692
vt 0.946376 0.713593
vt 0.940474 0.731947
vt 0.933812 0.599376
vt 0.140880 0.207899
vt 0.152167 0.482948
vt 0.241649 0.449039
vt 0.152544 0.453226
vt 0.290322 0.872406
vt 0.907713 0.834122
vt 0.831397 0.183721
vt 0.535539 0.843782
vt 0.700198 0.989579
vt 0.690784 0.976333
vt 0.700198 0.970487
vt 0.373697 0.639697
vt 0.842437 0.720930
vt 0.476446 0.807665
vt 0.467209 0.819786
vt 0.282651 0.917177
vt 0.303997 0.927105
vt 0.636308 0.249089
vt 0.650530 0.233553
vt 0.288816 0.905824
vt 0.303997 0.911108
vt 0.758091 0.813198
vt 0.936603 0.370410
vt 0.553268 0.876713
vt 0.746406 0.893918
vt 0.996624 0.891554
vt 0.988844 0.853186
vt 0.996624 0.848111
vt 0.205906 0.769471
vt 0.546436 0.665737
vt 0.983268 0.218274
vt 0.921883 0.669431
vt 0.140925 0.273410
vt 0.861702 0.091457
vt 0.151827 0.221094
vt 0.772964 0.906212
vt 0.954425 0.721683
vt 0.833654 0.988576
vt 0.222666 0.597073
vt 0.107659 0.254544
vt 0.412161 0.960305
vt 0.935329 0.998043
vt 0.906580 0.842328
vt 0.908924 0.848027
vt 0.914097 0.421858
vt 0.909858 0.415872
vt 0.914774 0.415872
vt 0.472641 0.966354
vt 0.467209 0.955559
vt 0.484665 0.957010
vt 0.987700 0.354190
vt 0.983482 0.403237
vt 0.977696 0.347622
vt 0.924182 0.791494
vt 0.048437 0.874255
vt 0.994269 0.709801
vt 0.999902 0.696365
vt 0.997685 0.708840
vt 0.973329 0.300908
vt 0.973329 0.249959
vt 0.985730 0.284407
vt 0.358568 0.325150
vt 0.355242 0.270636
vt 0.650646 0.091104
vt 0.175078 0.269350
vt 0.341996 0.753210
vt 0.992681 0.709022
vt 0.991048 0.714281
vt 0.986532 0.708755
vt 0.933138 0.607803
vt 0.233537 0.538081
vt 0.096188 0.544534
vt 0.158987 0.427335
vt 0.746139 0.930282
vt 0.966387 0.742838
vt 0.964575 0.731947
vt 0.973383 0.739922
vt 0.715172 0.993100
vt 0.707446 0.993602
vt 0.707446 0.986080
vt 0.291853 0.861793
vt 0.922143 0.848027
vt 0.347904 0.983275
vt 0.351040 0.981050
vt 0.356552 0.985330
vt 0.103198 0.987674
vt 0.094618 0.989061
vt 0.834524 0.192662
vt 0.804251 0.180503
vt 0.817685 0.174390
vt 0.264231 0.994360
vt 0.091106 0.954940
vt 0.313032 0.778873
vt 0.292787 0.792374
vt 0.292787 0.766876
vt 0.560101 0.164428
vt 0.746406 0.843815
vt 0.746406 0.783349
vt 0.662243 0.720431
vt 0.751000 0.852355
vt 0.324574 0.944849
vt 0.463599 0.945363
vt 0.435361 0.928674
vt 0.463599 0.866726
vt 0.383657 0.596237
vt 0.383566 0.580866
vt 0.165396 0.799728
vt 0.153720 0.791138
vt 0.165401 0.740378
vt 0.940686 0.329635
vt 0.994545 0.258168
vt 0.985729 0.300908
vt 0.857200 0.603451
vt 0.859020 0.610757
vt 0.852664 0.613048
vt 0.693068 0.441825
vt 0.765128 0.308007
vt 0.186428 0.253658
vt 0.906291 0.267518
vt 0.902699 0.277869
vt 0.883786 0.259783
vt 0.890400 0.255633
vt 0.994269 0.717879
vt 0.145633 0.214899
vt 0.993665 0.699715
vt 0.993358 0.696281
vt 0.994269 0.691149
vt 0.226163 0.585331
vt 0.086544 0.569802
vt 0.089647 0.557947
vt 0.093085 0.564286
vt 0.224000 0.577883
vt 0.143206 0.482221
vt 0.249201 0.477466
vt 0.251450 0.395526
vt 0.324229 0.842593
vt 0.310942 0.847867
vt 0.329444 0.829778
vt 0.593385 0.895217
vt 0.767493 0.798877
vt 0.590720 0.194547
vt 0.462538 0.958287
vt 0.779520 0.970402
vt 0.906306 0.369162
vt 0.924162 0.041849
vt 0.922465 0.000000
vt 0.945995 0.005216
vt 0.853329 0.603451
vt 0.536594 0.714010
vt 0.941860 0.387167
vt 0.965871 0.387151
vt 0.594506 0.083646
vt 0.346802 0.614290
vt 0.345447 0.597771
vt 0.120261 0.289606
vt 0.114234 0.275057
vt 0.104945 0.266618
vt 0.255091 0.485183
vt 0.919329 0.838956
vt 0.165459 0.745040
vt 0.165459 0.734209
vt 0.167669 0.742873
vt 0.100247 0.991329
vt 0.536985 0.832366
vt 0.697344 0.967568
vt 0.484665 0.979481
vt 0.833610 0.731947
vt 0.830098 0.714025
vt 0.830126 0.695532
vt 0.610235 0.894681
vt 0.588082 0.896410
vt 0.492272 0.920073
vt 0.619596 0.192489
vt 0.999902 0.717879
vt 0.462235 0.703128
vt 0.466312 0.698385
vt 0.466312 0.752848
vt 0.958306 0.637198
vt 0.943054 0.636604
vt 0.944774 0.599326
vt 0.987349 0.196943
vt 0.994578 0.223462
vt 0.991171 0.241369
vt 0.570561 0.578432
vt 0.928531 0.668896
vt 0.935245 0.653100
vt 0.162078 0.280701
vt 0.146535 0.287322
vt 0.936348 0.640271
vt 0.224964 0.605131
vt 0.077992 0.583304
vt 0.067107 0.581111
vt 0.074547 0.571637
vt 0.300457 0.864713
vt 0.293801 0.853049
vt 0.311138 0.860743
vt 0.966704 0.410139
vt 0.972506 0.410139
vt 0.965871 0.422281
vt 0.319846 0.824985
vt 0.804245 0.174687
vt 0.821988 0.713819
vt 0.999703 0.645464
vt 0.996084 0.647288
vt 0.994502 0.637198
vt 0.964878 0.680442
vt 0.970578 0.672303
vt 0.971023 0.683735
vt 0.923076 0.723897
vt 0.925447 0.722922
vt 0.925447 0.731941
vt 0.977033 0.698593
vt 0.303997 0.936948
vt 0.325284 0.929041
vt 0.921628 0.783899
vt 0.061360 0.800017
vt 0.666880 0.985388
vt 0.671533 0.994052
vt 0.666880 0.996563
vt 0.140552 0.684739
vt 0.960848 0.287788
vt 0.366979 0.369656
vt 0.561668 0.653780
vt 0.250293 0.724813
vt 0.290668 0.709499
vt 0.290346 0.724519
vt 0.346802 0.255672
vt 0.705627 0.112591
vt 0.906234 0.280650
vt 0.119432 0.922517
vt 0.101546 0.925927
vt 0.116159 0.915293
vt 0.326381 0.738387
vt 0.311615 0.747225
vt 0.783268 0.664852
vt 0.773296 0.648617
vt 0.779272 0.642795
vt 0.346802 0.500955
vt 0.584899 0.105286
vt 0.591357 0.087329
vt 0.994546 0.270376
vt 0.999284 0.274563
vt 0.994546 0.289053
vt 0.229153 0.619285
vt 0.243696 0.559337
vt 0.255193 0.447749
vt 0.249748 0.454442
vt 0.346802 0.991549
vt 0.293895 0.844979
vt 0.977079 0.417874
vt 0.975771 0.411906
vt 0.434847 0.973707
vt 0.431393 0.978029
vt 0.423676 0.973707
vt 0.537446 0.838268
vt 0.494572 0.790766
vt 0.743970 0.947114
vt 0.746382 0.957175
vt 0.268561 0.915889
vt 0.191193 0.726308
vt 0.192949 0.718929
vt 0.192949 0.731651
vt 0.580224 0.191985
vt 0.658379 0.172443
vt 0.635391 0.736397
vt 0.916226 0.354554
vt 0.463283 0.696339
vt 0.966382 0.609723
vt 0.940686 0.378521
vt 0.096677 0.917544
vt 0.615468 0.086020
vt 0.874894 0.270283
vt 0.869802 0.249959
vt 0.075937 0.555026
vt 0.108772 0.524153
vt 0.153800 0.399893
vt 0.185703 0.401232
vt 0.923375 0.994675
vt 0.930538 0.988028
vt 0.930291 0.992868
vt 0.202448 0.987554
vt 0.193056 0.983304
vt 0.199334 0.979906
vt 0.199802 0.992027
vt 0.986532 0.647258
vt 0.977033 0.655089
vt 0.980399 0.637198
vt 0.919737 0.206728
vt 0.910880 0.209530
vt 0.902194 0.202890
vt 0.977696 0.365038
vt 0.000000 0.953166
vt 0.016137 0.956344
vt 0.586124 0.649713
vt 0.587894 0.633878
vt 0.587894 0.658412
vt 0.058662 0.879308
vt 0.374720 0.404987
vt 0.564739 0.603979
vt 0.986433 0.200061
vt 0.109413 0.893822
vt 0.317255 0.721095
vt 0.863638 0.262115
vt 0.943054 0.627237
vt 0.995536 0.951437
vt 0.992597 0.938460
vt 0.999477 0.949149
vt 0.127538 0.481466
vt 0.144011 0.435298
vt 0.273732 0.444179
vt 0.976800 0.743513
vt 0.930506 0.983288
vt 0.923375 0.985955
vt 0.846443 0.182639
vt 0.306021 0.820609
vt 0.427838 0.986587
vt 0.816405 0.730337
vt 0.514585 0.819764
vt 0.857527 0.664389
vt 0.473075 0.799766
vt 0.848835 0.925440
vt 0.853387 0.955094
vt 0.848837 0.942985
vt 0.904647 0.195172
vt 0.662618 0.198099
vt 0.619596 0.207510
vt 0.647827 0.177483
vt 0.966337 0.869078
vt 0.964015 0.853837
vt 0.977609 0.848111
vt 0.938979 0.248911
vt 0.907058 0.240371
vt 0.908662 0.232733
vt 0.941245 0.562135
vt 0.936509 0.546434
vt 0.941245 0.539416
vt 0.906291 0.360743
vt 0.456919 0.868400
vt 0.094618 0.924027
vt 0.098332 0.893924
vt 0.864044 0.267633
vt 0.994153 0.935857
vt 0.586124 0.730359
vt 0.586124 0.714344
vt 0.587587 0.728231
vt 0.235703 0.581418
vt 0.132776 0.476798
vt 0.094497 0.844273
vt 0.091842 0.822086
vt 0.094497 0.809549
vt 0.859020 0.613048
vt 0.859020 0.603653
vt 0.864746 0.607964
vt 0.896767 0.412877
vt 0.900682 0.418443
vt 0.896767 0.422262
vt 0.843789 0.171944
vt 0.964553 0.846657
vt 0.952961 0.845655
vt 0.958406 0.835812
vt 0.317143 0.810535
vt 0.545350 0.833186
vt 0.870884 0.663026
vt 0.977033 0.637198
vt 0.774271 0.806576
vt 0.785805 0.814127
vt 0.926935 0.233278
vt 0.312460 0.922259
vt 0.061360 0.900095
vt 0.911895 0.770916
vt 0.920353 0.777376
vt 0.907588 0.354296
vt 0.217815 0.744096
vt 0.538062 0.691230
vt 0.953438 0.376008
vt 0.623440 0.074581
vt 0.335007 0.730855
vt 0.125322 0.888291
vt 0.127535 0.903023
vt 0.086768 0.531881
vt 0.280072 0.411091
vt 0.268561 0.855680
vt 0.978634 0.747646
vt 0.728289 0.992574
vt 0.731561 0.985181
vt 0.736224 0.991049
vt 0.288004 0.851075
vt 0.853387 0.921659
vt 0.196221 0.901862
vt 0.205331 0.908553
vt 0.193057 0.911064
vt 0.635662 0.723574
vt 0.463712 0.886921
vt 0.466909 0.909634
vt 0.463712 0.915884
vt 0.867691 0.529561
vt 0.852664 0.487127
vt 0.890569 0.523278
vt 0.593519 0.538007
vt 0.588082 0.539259
vt 0.592132 0.508936
vt 0.353985 0.335752
vt 0.290114 0.689101
vt 0.652116 0.080335
vt 0.786150 0.678311
vt 0.773734 0.679815
vt 0.885493 0.285980
vt 0.390671 0.866726
vt 0.375439 0.860715
vt 0.399008 0.864597
vt 0.997742 0.030262
vt 0.994761 0.015580
vt 0.997742 0.014318
vt 0.242779 0.594639
vt 0.260342 0.488418
vt 0.124135 0.423867
vt 0.736224 0.976344
vt 0.731781 0.978392
vt 0.292889 0.834232
vt 0.325154 0.814560
vt 0.597209 0.885632
vt 0.872658 0.656624
vt 0.888763 0.124054
vt 0.884517 0.138278
vt 0.874975 0.127408
vt 0.786022 0.989732
vt 0.786022 0.944691
vt 0.796960 0.977549
vt 0.288659 0.997582
vt 0.283948 0.994640
vt 0.288659 0.985379
vt 0.996061 0.775759
vt 0.989882 0.775759
vt 0.994387 0.754322
vt 0.313506 0.772828
vt 0.974545 0.053489
vt 0.049714 0.922945
vt 0.031752 0.900095
vt 0.940193 0.669431
vt 0.924661 0.697584
vt 0.924380 0.679022
vt 0.628598 0.707120
vt 0.620289 0.717199
vt 0.588082 0.649750
vt 0.909929 0.053484
vt 0.939996 0.069642
vt 0.161856 0.694170
vt 0.942076 0.258498
vt 0.777281 0.696707
vt 0.759214 0.702781
vt 0.767243 0.666760
vt 0.774047 0.642802
vt 0.991134 0.932547
vt 0.103396 0.436698
vt 0.964575 0.776819
vt 0.968000 0.731433
vt 0.964878 0.719820
vt 0.977036 0.727977
vt 0.192492 0.993069
vt 0.183728 0.984595
vt 0.192492 0.978599
vt 0.196397 0.966801
vt 0.202448 0.976000
vt 0.659361 0.985388
vt 0.662975 0.990344
vt 0.659361 0.996731
vt 0.507299 0.802303
vt 0.932500 0.178544
vt 0.918560 0.752258
vt 0.952093 0.644383
vt 0.947057 0.712539
vt 0.943054 0.637198
vt 0.342837 0.866076
vt 0.329876 0.936551
vt 0.329876 0.847897
vt 0.242879 0.722994
vt 0.979147 0.183051
vt 0.762250 0.751332
vt 0.758775 0.717464
vt 0.659302 0.964827
vt 0.671533 0.955592
vt 0.667145 0.967506
vt 0.309568 0.697021
vt 0.558971 0.248224
vt 0.556407 0.249712
vt 0.556407 0.245802
vt 0.993429 0.932632
vt 0.292787 0.715943
vt 0.084337 0.313238
vt 0.241767 0.588345
vt 0.258820 0.544272
vt 0.265178 0.514309
vt 0.260528 0.474968
vt 0.981720 0.764147
vt 0.977696 0.421138
vt 0.977696 0.403237
vt 0.988159 0.407221
vt 0.978525 0.717244
vt 0.296172 0.824259
vt 0.808054 0.725679
vt 0.801841 0.704755
vt 0.809729 0.710532
vt 0.667615 0.828827
vt 0.658088 0.842575
vt 0.662608 0.819040
vt 0.647398 0.821174
vt 0.973251 0.861000
vt 0.974429 0.888715
vt 0.909784 0.705378
vt 0.913599 0.514389
vt 0.587975 0.633878
vt 0.586124 0.587998
vt 0.587975 0.575149
vt 0.596743 0.482450
vt 0.593903 0.475627
vt 0.919473 0.305665
vt 0.943054 0.562171
vt 0.560825 0.671499
vt 0.994578 0.183051
vt 0.573835 0.592412
vt 0.586123 0.606832
vt 0.448712 0.982935
vt 0.435361 0.982935
vt 0.444197 0.958287
vt 0.745431 0.753075
vt 0.702709 0.095116
vt 0.388954 0.845221
vt 0.364323 0.854223
vt 0.860258 0.269198
vt 0.061331 0.561483
vt 0.900640 0.943535
vt 0.858010 0.905772
vt 0.888337 0.905531
vt 0.283592 0.839607
vt 0.289492 0.842605
vt 0.820818 0.157554
vt 0.840213 0.150844
vt 0.964553 0.826270
vt 0.588052 0.965404
vt 0.588052 0.981004
vt 0.584363 0.970267
vt 0.536911 0.800255
vt 0.548628 0.813952
vt 0.893912 0.944739
vt 0.900640 0.989986
vt 0.506177 0.964605
vt 0.512711 0.960591
vt 0.512711 0.992589
vt 0.638564 0.757575
vt 0.625005 0.732771
vt 0.609247 0.629021
vt 0.605956 0.540434
vt 0.598753 0.467710
vt 0.352965 0.374021
vt 0.251749 0.703872
vt 0.898527 0.297855
vt 0.904521 0.308505
vt 0.106218 0.885954
vt 0.671533 0.985389
vt 0.367466 0.828570
vt 0.368818 0.847548
vt 0.359128 0.839148
vt 0.916457 0.421858
vt 0.914774 0.415382
vt 0.918582 0.415382
vt 0.942728 0.694256
vt 0.940193 0.694034
vt 0.940890 0.683187
vt 0.854297 0.266553
vt 0.096086 0.483091
vt 0.168087 0.386762
vt 0.180967 0.381858
vt 0.181087 0.393668
vt 0.806227 0.989939
vt 0.797399 0.986551
vt 0.799692 0.979095
vt 0.968339 0.708312
vt 0.292249 0.831210
vt 0.956264 0.245505
vt 0.944128 0.248964
vt 0.944128 0.234387
vt 0.977335 0.672828
vt 0.851957 0.654936
vt 0.625554 0.643283
vt 0.616069 0.649750
vt 0.327868 0.921711
vt 0.905824 0.217016
vt 0.977609 0.888913
vt 0.130106 0.773290
vt 0.771989 0.169354
vt 0.784443 0.160062
vt 0.770553 0.187362
vt 0.549856 0.697632
vt 0.942857 0.358391
vt 0.325562 0.962848
vt 0.329845 0.970490
vt 0.325562 0.989331
vt 0.343942 0.724448
vt 0.870193 0.293212
vt 0.355548 0.838211
vt 0.118180 0.420482
vt 0.528071 0.791690
vt 0.827547 0.677250
vt 0.204926 0.924899
vt 0.178045 0.665393
vt 0.222517 0.895016
vt 0.222517 0.927964
vt 0.463704 0.879689
vt 0.466909 0.852799
vt 0.466909 0.886921
vt 0.770536 0.836995
vt 0.312848 0.915782
vt 0.902194 0.248911
vt 0.757694 0.246756
vt 0.745026 0.661498
vt 0.900259 0.316512
vt 0.356326 0.828245
vt 0.352626 0.816427
vt 0.999477 0.916347
vt 0.942728 0.669431
vt 0.064260 0.552966
vt 0.900640 0.929699
vt 0.900640 0.885835
vt 0.908864 0.892789
vt 0.268745 0.528504
vt 0.806227 0.972122
vt 0.302528 0.810111
vt 0.301542 0.803419
vt 0.547820 0.828924
vt 0.552331 0.824236
vt 0.851637 0.640963
vt 0.860710 0.107432
vt 0.855915 0.152569
vt 0.669693 0.164428
vt 0.629158 0.629501
vt 0.932881 0.711988
vt 0.927961 0.713923
vt 0.496724 0.404108
vt 0.507837 0.409023
vt 0.511093 0.465131
vt 0.144712 0.638504
vt 0.958897 0.249959
vt 0.363300 0.375328
vt 0.348023 0.310186
vt 0.132588 0.871759
vt 0.084300 0.297258
vt 0.102656 0.268296
vt 0.257567 0.550999
vt 0.051559 0.423826
vt 0.796960 0.973888
vt 0.289765 0.826985
vt 0.972574 0.698593
vt 0.964878 0.702449
vt 0.481627 0.783025
vt 0.592625 0.866436
vt 0.864350 0.149085
vt 0.921823 0.209530
vt 0.913102 0.731947
vt 0.679463 0.985920
vt 0.679463 0.967568
vt 0.690783 0.979750
vt 0.395845 0.984824
vt 0.398369 0.978875
vt 0.398369 0.997495
vt 0.094618 0.811663
vt 0.944129 0.234387
vt 0.944129 0.183051
vt 0.965874 0.199180
vt 0.598230 0.440097
vt 0.599867 0.450721
vt 0.555172 0.717971
vt 0.701820 0.074888
vt 0.122384 0.865732
vt 0.859892 0.285822
vt 0.564424 0.019900
vt 0.124414 0.305371
vt 0.246562 0.638843
vt 0.284544 0.632990
vt 0.275531 0.619647
vt 0.912446 0.928989
vt 0.905076 0.937308
vt 0.902802 0.932391
vt 0.000000 0.915937
vt 0.001437 0.906261
vt 0.007612 0.905490
vt 0.981067 0.706623
vt 0.287979 0.819044
vt 0.283367 0.821411
vt 0.817007 0.689159
vt 0.210898 0.954224
vt 0.671814 0.858068
vt 0.643238 0.166583
vt 0.049538 0.956389
vt 0.966745 0.909412
vt 0.391929 0.984028
vt 0.964878 0.685109
vt 0.781648 0.135978
vt 0.989882 0.742785
vt 0.981720 0.776819
vt 0.981720 0.718456
vt 0.581779 0.669763
vt 0.961606 0.361737
vt 0.382846 0.829015
vt 0.989629 0.847296
vt 0.985270 0.843927
vt 0.989629 0.836527
vt 0.467110 0.968980
vt 0.463706 0.954298
vt 0.467110 0.951455
vt 0.973231 0.820346
vt 0.964575 0.820947
vt 0.974865 0.812764
vt 0.854396 0.893978
vt 0.865948 0.889976
vt 0.110995 0.428378
vt 0.736224 0.993158
vt 0.743970 0.987747
vt 0.007627 0.925254
vt 0.454074 0.854010
vt 0.449274 0.861037
vt 0.448266 0.854957
vt 0.796373 0.713256
vt 0.544152 0.803649
vt 0.985879 0.673676
vt 0.902194 0.147552
vt 0.628971 0.756612
vt 0.643161 0.851686
vt 0.782692 0.854120
vt 0.636635 0.643599
vt 0.616924 0.737380
vt 0.922879 0.089835
vt 0.926872 0.090662
vt 0.922879 0.105961
vt 0.647461 0.626222
vt 0.940193 0.716052
vt 0.923539 0.744710
vt 0.940474 0.756148
vt 0.943054 0.712477
vt 0.739766 0.226103
vt 0.928228 0.291113
vt 0.292787 0.674235
vt 0.650662 0.054197
vt 0.415127 0.825077
vt 0.322814 0.693394
vt 0.376510 0.814190
vt 0.842253 0.268171
vt 0.361593 0.808514
vt 0.348618 0.803556
vt 0.969742 0.551212
vt 0.969742 0.562037
vt 0.965976 0.553758
vt 0.052294 0.548982
vt 0.464603 0.944103
vt 0.393908 0.896752
vt 0.373173 0.867606
vt 0.393908 0.872317
vt 0.977944 0.820947
vt 0.977944 0.839092
vt 0.968262 0.847705
vt 0.516520 0.773157
vt 0.608139 0.855852
vt 0.934124 0.102065
vt 0.934241 0.217579
vt 0.988492 0.612831
vt 0.978119 0.593223
vt 0.988492 0.562171
vt 0.183545 0.955428
vt 0.159914 0.934119
vt 0.183545 0.907405
vt 0.875476 0.330200
vt 0.936865 0.387040
vt 0.936865 0.354296
vt 0.940660 0.384472
vt 0.303997 0.970405
vt 0.306122 0.962848
vt 0.303997 0.992238
vt 0.314294 0.985005
vt 0.346802 0.794010
vt 0.370369 0.795141
vt 0.963265 0.107186
vt 0.968444 0.080278
vt 0.974847 0.085546
vt 0.963265 0.077698
vt 0.063998 0.529516
vt 0.078907 0.495662
vt 0.137852 0.395188
vt 0.448266 0.866450
vt 0.459882 0.852799
vt 0.456347 0.865598
vt 0.553268 0.805492
vt 0.627034 0.827408
vt 0.632796 0.832090
vt 0.628710 0.859385
vt 0.303997 0.905824
vt 0.945995 0.089835
vt 0.123189 0.715939
vt 0.133544 0.615746
vt 0.978150 0.107432
vt 0.978150 0.165495
vt 0.963607 0.148912
vt 0.222338 0.706808
vt 0.860380 0.295100
vt 0.572729 0.073521
vt 0.961874 0.422391
vt 0.978778 0.461368
vt 0.961874 0.471335
vt 0.972660 0.330583
vt 0.960848 0.346280
vt 0.960848 0.319834
vt 0.987497 0.102111
vt 0.974935 0.093232
vt 0.987497 0.051956
vt 0.271463 0.606598
vt 0.074217 0.737899
vt 0.065292 0.740467
vt 0.068717 0.736608
vt 0.166035 0.629579
vt 0.166035 0.640382
vt 0.165476 0.632249
vt 0.077088 0.510646
vt 0.278672 0.447993
vt 0.847508 0.160279
vt 0.803498 0.678685
vt 0.500105 0.770082
vt 0.834758 0.639829
vt 0.604222 0.981862
vt 0.612307 0.968816
vt 0.612307 0.993658
vt 0.121857 0.631721
vt 0.272688 0.660920
vt 0.773927 0.964579
vt 0.773927 0.995004
vt 0.766634 0.990284
vt 0.048746 0.756255
vt 0.056318 0.756883
vt 0.040757 0.767069
vt 0.830827 0.957659
vt 0.830827 0.991048
vt 0.820831 0.988148
vt 0.347614 0.780403
vt 0.283181 0.446787
vt 0.964575 0.829898
vt 0.281804 0.806828
vt 0.276267 0.808271
vt 0.793159 0.676764
vt 0.987582 0.422391
vt 0.995254 0.428541
vt 0.987582 0.470962
vt 0.662043 0.871841
vt 0.996253 0.335060
vt 0.986189 0.343197
vt 0.986189 0.300908
vt 0.976309 0.898064
vt 0.908997 0.714101
vt 0.721743 0.235391
vt 0.538432 0.567539
vt 0.531895 0.514616
vt 0.551898 0.575149
vt 0.505582 0.367442
vt 0.326600 0.690373
vt 0.868605 0.327570
vt 0.405743 0.823710
vt 0.717229 0.626834
vt 0.770056 0.627214
vt 0.089767 0.322592
vt 0.551508 0.862870
vt 0.536809 0.919327
vt 0.525023 0.902685
vt 0.378722 0.802414
vt 0.372744 0.799825
vt 0.387567 0.794197
vt 0.911439 0.962004
vt 0.900640 0.971370
vt 0.912148 0.937308
vt 0.369671 0.780299
vt 0.094258 0.768280
vt 0.091842 0.809549
vt 0.091842 0.767069
vt 0.921957 0.927645
vt 0.938620 0.893637
vt 0.357805 0.756614
vt 0.501350 0.951478
vt 0.522108 0.950848
vt 0.496690 0.960591
vt 0.934618 0.884432
vt 0.979147 0.237317
vt 0.965874 0.198290
vt 0.282083 0.456566
vt 0.286543 0.473544
vt 0.384961 0.892042
vt 0.012408 0.903174
vt 0.702714 0.240088
vt 0.695048 0.245839
vt 0.691977 0.229840
vt 0.686843 0.237670
vt 0.669693 0.240288
vt 0.679000 0.228213
vt 0.329060 0.493739
vt 0.329060 0.453475
vt 0.332452 0.465725
vt 0.617306 0.854843
vt 0.985500 0.686489
vt 0.839364 0.651532
vt 0.625209 0.792075
vt 0.245744 0.952801
vt 0.222517 0.965647
vt 0.228708 0.941953
vt 0.638517 0.495006
vt 0.706993 0.119619
vt 0.346802 0.343955
vt 0.949001 0.347622
vt 0.730625 0.756580
vt 0.420481 0.826735
vt 0.339079 0.693221
vt 0.034101 0.760485
vt 0.923375 0.971370
vt 0.918556 0.960886
vt 0.059364 0.736773
vt 0.126451 0.396336
vt 0.022296 0.937480
vt 0.015098 0.900095
vt 0.031737 0.906216
vt 0.793885 0.686706
vt 0.046369 0.956814
vt 0.390612 0.959947
vt 0.390612 0.931206
vt 0.393655 0.943491
vt 0.904309 0.722844
vt 0.418789 0.852918
vt 0.346093 0.715919
vt 0.767620 0.967392
vt 0.118729 0.844844
vt 0.578086 0.998925
vt 0.571724 0.987691
vt 0.578086 0.981387
vt 0.824506 0.416344
vt 0.811047 0.422391
vt 0.818908 0.384386
vt 0.551792 0.946177
vt 0.558389 0.948116
vt 0.565681 0.953558
vt 0.115860 0.421980
vt 0.637259 0.986091
vt 0.635944 0.979962
vt 0.644178 0.988227
vt 0.257119 0.902986
vt 0.257721 0.895016
vt 0.265196 0.900396
vt 0.854226 0.417894
vt 0.868842 0.410980
vt 0.873608 0.420435
vt 0.690140 0.218921
vt 0.674343 0.866871
vt 0.762278 0.868104
vt 0.964367 0.074444
vt 0.903829 0.475120
vt 0.647724 0.362743
vt 0.610666 0.350384
vt 0.906291 0.249959
vt 0.586123 0.677725
vt 0.467209 0.267677
vt 0.473145 0.249959
vt 0.496591 0.335825
vt 0.968821 0.578087
vt 0.966382 0.562171
vt 0.973679 0.580773
vt 0.102358 0.878731
vt 0.117301 0.865733
vt 0.918338 0.865312
vt 0.074412 0.450016
vt 0.686428 0.904637
vt 0.679463 0.905959
vt 0.681008 0.901850
vt 0.885165 0.420733
vt 0.879885 0.418522
vt 0.885165 0.412877
vt 0.640385 0.992149
vt 0.855067 0.404491
vt 0.897739 0.558392
vt 0.887244 0.547712
vt 0.895142 0.554295
vt 0.699224 0.225864
vt 0.854109 0.870271
vt 0.854109 0.920373
vt 0.848835 0.905106
vt 0.967249 0.075931
vt 0.976424 0.574099
vt 0.098598 0.784705
vt 0.730817 0.105746
vt 0.588082 0.529296
vt 0.562770 0.458330
vt 0.579859 0.469132
vt 0.159914 0.907405
vt 0.159914 0.964485
vt 0.136407 0.919538
vt 0.118045 0.673440
vt 0.705542 0.057435
vt 0.690501 0.048982
vt 0.300297 0.657691
vt 0.390514 0.804018
vt 0.039040 0.747529
vt 0.045635 0.501038
vt 0.068520 0.499872
vt 0.066371 0.508327
vt 0.792983 0.944691
vt 0.788680 0.936820
vt 0.786374 0.925569
vt 0.280973 0.532669
vt 0.277631 0.511523
vt 0.890725 0.891762
vt 0.120404 0.417288
vt 0.108457 0.410158
vt 0.913345 0.730406
vt 0.917190 0.727863
vt 0.917209 0.723883
vt 0.880483 0.422175
vt 0.123078 0.411464
vt 0.120763 0.400027
vt 0.690914 0.911620
vt 0.691491 0.902134
vt 0.699151 0.900496
vt 0.565681 1.000000
vt 0.571226 0.988034
vt 0.571724 0.993163
vt 0.463538 0.785927
vt 0.462684 0.771765
vt 0.466216 0.787945
vt 0.588051 0.675204
vt 0.586124 0.673069
vt 0.588051 0.658412
vt 0.435667 0.995181
vt 0.441157 0.982935
vt 0.441157 0.998548
vt 0.802635 0.125577
vt 0.799583 0.122662
vt 0.807919 0.118941
vt 0.791971 0.118580
vt 0.793303 0.109229
vt 0.543095 0.783948
vt 0.533449 0.773555
vt 0.815926 0.672187
vt 0.863953 0.175658
vt 0.937603 0.157479
vt 0.939024 0.176694
vt 0.646913 0.877519
vt 0.516360 0.461694
vt 0.518846 0.408858
vt 0.945442 0.139084
vt 0.963607 0.140999
vt 0.282727 0.663387
vt 0.605695 0.033497
vt 0.100518 0.859725
vt 0.981704 0.803424
vt 0.973860 0.781665
vt 0.506731 0.934932
vt 0.931519 0.873765
vt 0.586201 0.678657
vt 0.809303 0.143165
vt 0.822989 0.140453
vt 0.818462 0.148306
vt 0.644178 0.970775
vt 0.565681 0.981387
vt 0.822098 0.123704
vt 0.145747 0.964485
vt 0.155411 0.988042
vt 0.145747 0.994967
vt 0.981067 0.698593
vt 0.986458 0.710653
vt 0.981067 0.718364
vt 0.388972 0.912253
vt 0.900091 0.539776
vt 0.786150 0.688262
vt 0.671974 0.219839
vt 0.678523 0.205403
vt 0.689305 0.211618
vt 0.972282 0.278499
vt 0.963370 0.285987
vt 0.217378 0.949842
vt 0.242244 0.933301
vt 0.619974 0.764870
vt 0.609127 0.770681
vt 0.608403 0.725517
vt 0.094982 0.742785
vt 0.712723 0.644299
vt 0.342835 0.686780
vt 0.501156 0.943786
vt 0.302351 0.525025
vt 0.103953 0.408788
vt 0.823694 0.150844
vt 0.644178 0.989134
vt 0.646776 0.970775
vt 0.646776 0.991392
vt 0.833052 0.143588
vt 0.940438 0.413797
vt 0.936864 0.415028
vt 0.940367 0.395603
vt 0.253593 0.916919
vt 0.268561 0.929790
vt 0.855915 0.137900
vt 0.834052 0.123668
vt 0.453665 0.779518
vt 0.463907 0.766799
vt 0.695344 0.214344
vt 0.986532 0.697559
vt 0.980717 0.695302
vt 0.828106 0.621410
vt 0.666424 0.877644
vt 0.251286 0.935126
vt 0.671756 0.626244
vt 0.673167 0.620888
vt 0.675956 0.582009
vt 0.944129 0.107432
vt 0.436574 0.828287
vt 0.738084 0.947192
vt 0.742608 0.953557
vt 0.880543 0.994516
vt 0.887425 0.975203
vt 0.887425 0.994790
vt 0.094618 0.936170
vt 0.100894 0.925927
vt 0.109582 0.932948
vt 0.365224 0.992370
vt 0.367802 0.982153
vt 0.466909 0.756614
vt 0.297953 0.423675
vt 0.356036 0.878665
vt 0.355349 0.866726
vt 0.871662 0.402621
vt 0.277219 0.794163
vt 0.272767 0.799517
vt 0.902194 0.167783
vt 0.181288 0.690406
vt 0.913571 0.481201
vt 0.556261 0.514165
vt 0.676190 0.469509
vt 0.677003 0.410900
vt 0.124397 0.835139
vt 0.842253 0.412497
vt 0.838974 0.387215
vt 0.051308 0.708097
vt 0.551792 0.986601
vt 0.806540 0.389899
vt 0.932762 0.866732
vt 0.905255 0.867494
vt 0.930167 0.848110
vt 0.076217 0.411168
vt 0.094683 0.407264
vt 0.746406 0.988983
vt 0.756896 0.964579
vt 0.758330 0.988983
vt 0.115991 0.958145
vt 0.099363 0.955953
vt 0.627034 0.990676
vt 0.627034 0.979745
vt 0.635944 0.983958
vt 0.432023 0.943417
vt 0.435239 0.938504
vt 0.435239 0.963813
vt 0.936864 0.387040
vt 0.268561 0.908373
vt 0.031737 0.953166
vt 0.876930 0.543714
vt 0.412161 0.991820
vt 0.405412 0.994827
vt 0.412161 0.978875
vt 0.968450 0.290571
vt 0.823044 0.642309
vt 0.627034 0.847131
vt 0.618488 0.843442
vt 0.608240 0.840044
vt 0.944128 0.160538
vt 0.187015 0.674715
vt 0.913599 0.422391
vt 0.674364 0.511540
vt 0.970455 0.595388
vt 0.269094 0.654624
vt 0.705713 0.047640
vt 0.136407 0.827461
vt 0.411560 0.788883
vt 0.876353 0.855995
vt 0.697091 0.923757
vt 0.863113 0.994011
vt 0.854397 0.983892
vt 0.863113 0.980972
vt 0.978150 0.121902
vt 0.980934 0.107432
vt 0.991423 0.118368
vt 0.253101 0.921883
vt 0.629281 0.970775
vt 0.117533 0.395306
vt 0.823733 0.629227
vt 0.706297 0.196638
vt 0.767721 0.610874
vt 0.797921 0.565036
vt 0.806034 0.610874
vt 0.873682 0.731947
vt 0.876095 0.699263
vt 0.904309 0.708684
vt 0.094618 0.712155
vt 0.555179 0.481791
vt 0.535906 0.411951
vt 0.499829 0.292290
vt 0.486880 0.253929
vt 0.441612 0.811647
vt 0.545857 0.992072
vt 0.551643 0.980595
vt 0.551643 0.997811
vt 0.421853 0.790979
vt 0.033730 0.715241
vt 0.702714 0.226757
vt 0.705195 0.208171
vt 0.705195 0.249944
vt 0.096257 0.950906
vt 0.700264 0.937942
vt 0.463248 0.817513
vt 0.466909 0.798726
vt 0.466469 0.804928
vt 0.448266 0.799200
vt 0.785998 0.970402
vt 0.785998 0.989023
vt 0.781047 0.973265
vt 0.834107 0.101393
vt 0.390737 0.928848
vt 0.376016 0.922192
vt 0.895908 0.529561
vt 0.404345 0.986468
vt 0.789714 0.674245
vt 0.677318 0.191023
vt 0.669693 0.178242
vt 0.676841 0.178256
vt 0.683279 0.168437
vt 0.672695 0.164964
vt 0.679220 0.164428
vt 0.616113 0.780217
vt 0.674315 0.624338
vt 0.704238 0.208171
vt 0.702714 0.205917
vt 0.705591 0.204415
vt 0.850287 0.921659
vt 0.705713 0.229465
vt 0.635538 0.352939
vt 0.611428 0.299995
vt 0.976424 0.591904
vt 0.885907 0.340046
vt 0.943898 0.209530
vt 0.943682 0.223915
vt 0.938979 0.220285
vt 0.264422 0.934783
vt 0.253990 0.938453
vt 0.791647 0.070326
vt 0.803095 0.070750
vt 0.784443 0.075306
vt 0.697851 0.203511
vt 0.691705 0.196389
vt 0.988866 0.558409
vt 0.989749 0.548446
vt 0.996368 0.540622
vt 0.376358 0.987155
vt 0.376358 0.972408
vt 0.380213 0.974526
vt 0.463615 0.857340
vt 0.459882 0.865563
vt 0.796746 0.659492
vt 0.753230 0.868635
vt 0.702714 0.164428
vt 0.707308 0.143250
vt 0.884427 0.623581
vt 0.903268 0.668499
vt 0.913599 0.539246
vt 0.913599 0.465401
vt 0.941419 0.519642
vt 0.947204 0.944347
vt 0.948379 0.910546
vt 0.964015 0.904103
vt 0.116985 0.588431
vt 0.415821 0.910604
vt 0.435361 0.866726
vt 0.435361 0.938504
vt 0.412462 0.061740
vt 0.386417 0.116195
vt 0.346802 0.162440
vt 0.870980 0.354664
vt 0.322894 0.611838
vt 0.816894 0.919773
vt 0.066219 0.493428
vt 0.496690 0.919176
vt 0.051684 0.477582
vt 0.165439 0.629579
vt 0.165439 0.616340
vt 0.166035 0.623804
vt 0.097283 0.960809
vt 0.078663 0.403221
vt 0.943898 0.233559
vt 0.982957 0.133684
vt 0.991391 0.123611
vt 0.991423 0.133484
vt 0.255544 0.949257
vt 0.698383 0.911475
vt 0.707446 0.896398
vt 0.706712 0.912973
vt 0.824633 0.099607
vt 0.811312 0.098882
vt 0.368963 0.904306
vt 0.873608 0.394584
vt 0.787049 0.664005
vt 0.691846 0.178891
vt 0.987497 0.045472
vt 0.994914 0.055651
vt 0.670608 0.344897
vt 0.518080 0.340999
vt 0.866720 0.341627
vt 0.055588 0.668948
vt 0.774011 0.905395
vt 0.785805 0.949399
vt 0.774011 0.970402
vt 0.893542 0.758672
vt 0.877724 0.766145
vt 0.872741 0.731947
vt 0.939194 0.245744
vt 0.707281 0.929866
vt 0.366826 0.931206
vt 0.358239 0.891588
vt 0.873546 0.529561
vt 0.962044 0.561974
vt 0.959248 0.551212
vt 0.965976 0.551212
vt 0.985411 0.536870
vt 0.695888 0.193538
vt 0.669497 0.233662
vt 0.669497 0.248804
vt 0.664920 0.237628
vt 0.813889 0.641064
vt 0.167748 0.718929
vt 0.212730 0.966801
vt 0.855915 0.189077
vt 0.234915 0.920176
vt 0.542974 0.324781
vt 0.403005 0.877104
vt 0.334416 0.674139
vt 0.859421 0.343073
vt 0.098672 0.973531
vt 0.256069 0.957620
vt 0.265103 0.949265
vt 0.899533 0.782061
vt 0.725166 0.947114
vt 0.781284 0.992753
vt 0.984544 0.182506
vt 0.978150 0.163922
vt 0.988377 0.171301
vt 0.907485 0.546794
vt 0.904309 0.539416
vt 0.914210 0.540214
vt 0.687766 0.185839
vt 0.090592 0.953691
vt 0.090592 0.943135
vt 0.094597 0.948902
vt 0.291634 0.992188
vt 0.288659 0.997180
vt 0.787415 0.014846
vt 0.787590 0.005890
vt 0.797268 0.006013
vt 0.441157 0.995483
vt 0.442903 0.985591
vt 0.448712 0.995483
vt 0.448149 0.982935
vt 0.939569 0.958174
vt 0.938620 0.944347
vt 0.944101 0.958749
vt 0.626637 0.828530
vt 0.907777 0.133519
vt 0.707121 0.057927
vt 0.428032 0.814028
vt 0.391947 0.064121
vt 0.408920 0.046531
vt 0.032632 0.487722
vt 0.786150 0.916888
vt 0.105496 0.971437
vt 0.461341 0.823527
vt 0.465814 0.843596
vt 0.707446 0.940363
vt 0.458118 0.813535
vt 0.978396 0.129244
vt 0.904309 0.731947
vt 0.906680 0.725231
vt 0.909380 0.731947
vt 0.366863 0.920613
vt 0.286021 0.985379
vt 0.283948 0.966084
vt 0.293288 0.969146
vt 0.988831 0.166988
vt 0.816200 0.079865
vt 0.810371 0.082023
vt 0.809927 0.075931
vt 0.842321 0.402040
vt 0.847813 0.388612
vt 0.814342 0.987080
vt 0.817986 0.984404
vt 0.820444 0.996504
vt 0.475804 0.991616
vt 0.467209 0.993216
vt 0.467209 0.979480
vt 0.865621 0.188366
vt 0.997752 0.058504
vt 0.994914 0.051277
vt 0.997752 0.045472
vt 0.367865 0.978607
vt 0.376358 0.990731
vt 0.765105 0.898595
vt 0.922968 0.422840
vt 0.318880 0.647063
vt 0.849227 0.332070
vt 0.069043 0.328220
vt 0.069653 0.704536
vt 0.062191 0.666518
vt 0.314453 0.502752
vt 0.026869 0.443909
vt 0.729294 0.976344
vt 0.982816 0.148212
vt 0.723416 0.981509
vt 0.727617 0.984318
vt 0.723415 0.995986
vt 0.995340 0.157352
vt 0.994862 0.167694
vt 0.991786 0.166453
vt 0.869497 0.240871
vt 0.873147 0.228413
vt 0.882774 0.247330
vt 0.826042 0.081295
vt 0.885475 0.232638
vt 0.962238 0.249075
vt 0.956423 0.243349
vt 0.965775 0.234387
vt 0.823030 0.072196
vt 0.813061 0.067723
vt 0.842253 0.392147
vt 0.993646 0.532210
vt 0.794605 0.000000
vt 0.803749 0.003225
vt 0.816379 0.632863
vt 0.779554 0.901328
vt 0.873682 0.700999
vt 0.549220 0.400603
vt 0.964015 0.848111
vt 0.105237 0.583304
vt 0.504699 0.256426
vt 0.238873 0.650523
vt 0.713968 0.760512
vt 0.679464 0.758171
vt 0.119810 0.813520
vt 0.128145 0.811663
vt 0.900640 0.848111
vt 0.263320 0.964687
vt 0.256731 0.966695
vt 0.262210 0.967303
vt 0.084012 0.393388
vt 0.702747 0.967568
vt 0.869029 0.247330
vt 0.994546 0.300684
vt 0.997466 0.291872
vt 0.981597 0.159844
vt 0.346802 0.881983
vt 0.284565 0.956834
vt 0.956264 0.234387
vt 0.798091 0.064740
vt 0.865918 0.386305
vt 0.794268 0.043361
vt 0.788089 0.045046
vt 0.793115 0.040272
vt 0.855915 0.032230
vt 0.852428 0.034988
vt 0.851232 0.031173
vt 0.905265 0.562171
vt 0.971658 0.295288
vt 0.971267 0.304082
vt 0.960848 0.299617
vt 0.784963 0.021778
vt 0.790652 0.037760
vt 0.810892 0.010189
vt 0.807259 0.005429
vt 0.241552 0.973125
vt 0.234438 0.974029
vt 0.238974 0.965647
vt 0.798498 0.645688
vt 0.806657 0.620198
vt 0.644841 0.909044
vt 0.940522 0.422391
vt 0.614168 0.276866
vt 0.627037 0.293602
vt 0.610800 0.279425
vt 0.599664 0.013754
vt 0.031629 0.502359
vt 0.021715 0.497188
vt 0.906580 0.788909
vt 0.077973 0.392974
vt 0.987625 0.157846
vt 0.851385 0.381732
vt 0.865517 0.373164
vt 0.841947 0.037321
vt 0.105164 0.979153
vt 0.104881 0.974843
vt 0.107317 0.976272
vt 0.329876 0.998063
vt 0.331915 0.994096
vt 0.336225 0.997289
vt 0.115991 0.975109
vt 0.466901 0.968980
vt 0.466901 0.992606
vt 0.463706 0.980719
vt 0.230997 0.988314
vt 0.230997 0.965647
vt 0.234351 0.983042
vt 0.245701 0.919978
vt 0.875752 0.656563
vt 0.677523 0.372964
vt 0.529950 0.295305
vt 0.938620 0.896400
vt 0.630491 0.265084
vt 0.363944 0.225214
vt 0.366482 0.209654
vt 0.390774 0.234118
vt 0.975958 0.171396
vt 0.963607 0.183051
vt 0.963607 0.170291
vt 0.429044 0.800894
vt 0.088967 0.335915
vt 0.303045 0.626612
vt 0.312746 0.605154
vt 0.992273 0.174614
vt 0.988831 0.178955
vt 0.838374 0.095796
vt 0.844076 0.101114
vt 0.843125 0.092157
vt 0.867660 0.229326
vt 0.838193 0.078035
vt 0.835981 0.083231
vt 0.802080 0.055201
vt 0.803454 0.039422
vt 0.813769 0.048629
vt 0.061360 0.991623
vt 0.055448 0.996175
vt 0.055448 0.983854
vt 0.820444 0.972122
vt 0.837151 0.019026
vt 0.856478 0.951108
vt 0.854397 0.943535
vt 0.873013 0.956893
vt 0.996368 0.516891
vt 0.234864 0.978334
vt 0.804571 0.630246
vt 0.860509 0.183975
vt 0.941827 0.121190
vt 0.578107 0.359581
vt 0.632494 0.970775
vt 0.646120 0.945352
vt 0.646120 0.961419
vt 0.606106 0.267809
vt 0.975577 0.621344
vt 0.969714 0.613315
vt 0.680492 0.673167
vt 0.704525 0.659996
vt 0.308911 0.639340
vt 0.459857 0.852799
vt 0.072171 0.398451
vt 0.075176 0.965304
vt 0.061360 0.990305
vt 0.061360 0.954940
vt 0.841576 0.070081
vt 0.823971 0.063507
vt 0.984853 0.904351
vt 0.989212 0.898906
vt 0.989212 0.908910
vt 0.994257 0.621335
vt 0.992692 0.629957
vt 0.986376 0.622348
vt 0.815624 0.057257
vt 0.528648 0.985284
vt 0.528648 0.996803
vt 0.522988 0.995945
vt 0.551627 0.969224
vt 0.548842 0.970609
vt 0.545857 0.956665
vt 0.512711 0.980288
vt 0.522108 0.969341
vt 0.516923 0.992845
vt 0.819290 0.050021
vt 0.818845 0.040523
vt 0.831133 0.038951
vt 0.854597 0.047955
vt 0.514409 0.964700
vt 0.517393 0.962278
vt 0.997003 0.200979
vt 0.994578 0.185319
vt 0.999209 0.192511
vt 0.869090 0.960438
vt 0.817147 0.975957
vt 0.113618 0.980785
vt 0.999209 0.183051
vt 0.826146 0.037309
vt 0.817865 0.029572
vt 0.973329 0.317213
vt 0.970627 0.319834
vt 0.864675 0.225896
vt 0.878763 0.222557
vt 0.627034 0.910786
vt 0.588082 0.813025
vt 0.876679 0.627829
vt 0.402178 0.900229
vt 0.236428 0.641251
vt 0.856209 0.349600
vt 0.524809 0.913892
vt 0.045110 0.672373
vt 0.804916 0.900692
vt 0.310284 0.515592
vt 0.586124 0.732475
vt 0.588061 0.730359
vt 0.588061 0.742208
vt 0.293088 0.946167
vt 0.806514 0.062795
vt 0.809233 0.069561
vt 0.300383 0.954915
vt 0.283948 0.946579
vt 0.988831 0.148212
vt 0.804831 0.053885
vt 0.545857 0.980596
vt 0.999356 0.562171
vt 0.999356 0.584629
vt 0.994435 0.571654
vt 0.475804 0.985383
vt 0.482980 0.980083
vt 0.482980 0.995649
vt 0.478007 0.979481
vt 0.420991 0.983659
vt 0.423676 0.987183
vt 0.412161 0.987183
vt 0.647628 0.968345
vt 0.651702 0.966777
vt 0.659302 0.988302
vt 0.831608 0.026722
vt 0.235743 0.984471
vt 0.941106 0.966007
vt 0.804470 0.613098
vt 0.934425 0.107432
vt 0.627034 0.951551
vt 0.517837 0.257281
vt 0.556407 0.000000
vt 0.292787 0.638843
vt 0.042433 0.460041
vt 0.898378 0.802819
vt 0.995340 0.182506
vt 0.834574 0.064589
vt 0.839132 0.062552
vt 0.619621 0.983678
vt 0.625466 0.983473
vt 0.625466 0.997325
vt 0.165459 0.687280
vt 0.165459 0.672521
vt 0.167748 0.678809
vt 0.861927 0.972294
vt 0.863706 0.976797
vt 0.854397 0.980972
vt 0.990343 0.847046
vt 0.989875 0.837765
vt 0.995943 0.841881
vt 0.869434 0.966307
vt 0.995606 0.831168
vt 0.091842 0.899546
vt 0.094589 0.916511
vt 0.091842 0.918238
vt 0.591742 0.967396
vt 0.612307 0.965545
vt 0.605507 0.968816
vt 0.873013 0.966664
vt 0.874803 0.964919
vt 0.886089 0.974215
vt 0.873013 0.944206
vt 0.893815 0.955137
vt 0.588082 0.952485
vt 0.607605 0.944394
vt 0.595793 0.939224
vt 0.115991 0.987488
vt 0.889099 0.975203
vt 0.887158 0.943535
vt 0.818477 0.014202
vt 0.963823 0.318958
vt 0.243250 0.987062
vt 0.786150 0.640518
vt 0.617834 0.819560
vt 0.705713 0.000000
vt 0.393908 0.878067
vt 0.850296 0.353568
vt 0.976665 0.473884
vt 0.786150 0.894002
vt 0.329407 0.381858
vt 0.332452 0.431614
vt 0.329407 0.453475
vt 0.992238 0.738628
vt 0.991506 0.747543
vt 0.989882 0.731382
vt 0.996908 0.743656
vt 0.192492 0.931141
vt 0.183545 0.978599
vt 0.998244 0.718456
vt 0.994257 0.637062
vt 0.987147 0.636926
vt 0.296143 0.990267
vt 0.291853 0.997827
vt 0.291853 0.985379
vt 0.995943 0.822425
vt 0.952940 0.517612
vt 0.953751 0.522551
vt 0.950803 0.523281
vt 0.165459 0.721987
vt 0.167461 0.726085
vt 0.998329 0.266481
vt 0.999135 0.270376
vt 0.997055 0.250843
vt 0.994435 0.624262
vt 0.998636 0.615002
vt 0.997486 0.628357
vt 0.421137 0.973707
vt 0.653091 0.961488
vt 0.612307 0.954078
vt 0.234438 0.992812
vt 0.938620 0.979257
vt 0.970054 0.553885
vt 0.978441 0.521616
vt 0.978834 0.559787
vt 0.877730 0.562171
vt 0.661620 0.293601
vt 0.346093 0.847897
vt 0.329876 0.770390
vt 0.346093 0.766876
vt 0.643619 0.283777
vt 0.531261 0.257457
vt 0.615312 0.249959
vt 0.232845 0.644379
vt 0.228214 0.650104
vt 0.426467 0.125149
vt 0.399128 0.109689
vt 0.098939 0.839551
vt 0.334287 0.643665
vt 0.858782 0.245383
vt 0.867459 0.243940
vt 0.867660 0.248933
vt 0.093302 0.996776
vt 0.089723 0.992052
vt 0.094502 0.989359
vt 0.089374 0.999049
vt 0.346387 0.625885
vt 0.345447 0.620463
vt 0.346387 0.614290
vt 0.089374 0.982998
vt 0.393119 0.044471
vt 0.050219 0.333316
vt 0.820831 0.905597
vt 0.803499 0.352129
vt 0.042288 0.972535
vt 0.041281 0.963694
vt 0.048248 0.956814
vt 0.908206 0.971370
vt 0.915324 0.971370
vt 0.912406 0.995823
vt 0.449612 0.984337
vt 0.453845 0.990601
vt 0.449612 0.998062
vt 0.949151 0.551079
vt 0.941419 0.545941
vt 0.943211 0.530989
vt 0.808815 0.054935
vt 0.825861 0.046980
vt 0.822715 0.054913
vt 0.825597 0.033764
vt 0.831175 0.041440
vt 0.958827 0.522512
vt 0.864746 0.603653
vt 0.867532 0.607544
vt 0.864746 0.612900
vt 0.659302 0.955592
vt 0.814400 0.007317
vt 0.623155 0.819040
vt 0.594006 0.815731
vt 0.679463 0.285538
vt 0.566647 0.297376
vt 0.573702 0.277319
vt 0.582158 0.300194
vt 0.638000 0.931672
vt 0.596767 0.253181
vt 0.883856 0.348622
vt 0.864739 0.373164
vt 0.448266 0.794840
vt 0.432565 0.796923
vt 0.584372 0.951716
vt 0.588052 0.941592
vt 0.253102 0.982908
vt 0.254916 0.970238
vt 0.263381 0.981603
vt 0.858806 0.236553
vt 0.863305 0.233325
vt 0.314294 0.982411
vt 0.318231 0.970607
vt 0.323086 0.989289
vt 0.325562 0.987549
vt 0.808374 0.858683
vt 0.802566 0.865649
vt 0.797053 0.870271
vt 0.301427 0.972422
vt 0.303998 0.970716
vt 0.301927 0.975301
vt 0.165459 0.760055
vt 0.165459 0.753665
vt 0.167728 0.759219
vt 0.191193 0.746617
vt 0.191193 0.740529
vt 0.192678 0.743781
vt 0.094147 0.936838
vt 0.090592 0.930124
vt 0.092912 0.918238
vt 0.915324 0.989037
vt 0.917405 0.971370
vt 0.921328 0.983542
vt 0.011060 0.484117
vt 0.270574 0.486542
vt 0.319526 0.486303
vt 0.048248 0.997805
vt 0.049966 0.394289
vt 0.051987 0.384342
vt 0.798327 0.049278
vt 0.834112 0.049611
vt 0.794915 0.037459
vt 0.957817 0.516890
vt 0.805781 0.029455
vt 0.536272 0.991439
vt 0.535549 0.974062
vt 0.538804 0.990651
vt 0.463707 0.944103
vt 0.463707 0.915884
vt 0.466909 0.922881
vt 0.949229 0.970017
vt 0.986189 0.343143
vt 0.973329 0.324445
vt 0.978642 0.951438
vt 0.991196 0.963601
vt 0.978642 0.988822
vt 0.645672 0.915313
vt 0.588082 0.254340
vt 0.959371 0.487928
vt 0.958788 0.467902
vt 0.961874 0.468242
vt 0.220652 0.645693
vt 0.206349 0.649714
vt 0.984853 0.908625
vt 0.977609 0.903184
vt 0.984853 0.898906
vt 0.966382 0.623522
vt 0.968664 0.633448
vt 0.694363 0.664094
vt 0.339444 0.646006
vt 0.535549 0.983026
vt 0.523629 0.985284
vt 0.535549 0.970616
vt 0.865942 0.989893
vt 0.873013 0.980972
vt 0.873013 0.996980
vt 0.522988 0.979204
vt 0.533050 0.965721
vt 0.303998 0.991702
vt 0.815296 0.891605
vt 0.046264 0.327844
vt 0.793810 0.338948
vt 0.812883 0.348647
vt 0.324931 0.517651
vt 0.834699 0.055615
vt 0.895803 0.237725
vt 0.901558 0.247091
vt 0.889942 0.232583
vt 0.901558 0.228413
vt 0.970054 0.543219
vt 0.968187 0.551079
vt 0.968760 0.532855
vt 0.545857 0.985448
vt 0.983598 0.533395
vt 0.654121 0.257845
vt 0.668020 0.250553
vt 0.955969 0.456601
vt 0.220298 0.638843
vt 0.105999 0.815620
vt 0.263381 0.987582
vt 0.849639 0.242026
vt 0.261230 0.967303
vt 0.860315 0.231466
vt 0.834908 0.551325
vt 0.841149 0.522233
vt 0.852664 0.565036
vt 0.523805 0.956665
vt 0.994558 0.400371
vt 0.999092 0.409257
vt 0.994558 0.419146
vt 0.921328 0.997937
vt 0.920995 0.992492
vt 0.863113 0.983129
vt 0.865803 0.980972
vt 0.865803 0.992555
vt 0.999556 0.217361
vt 0.994578 0.205896
vt 0.999556 0.200979
vt 0.522988 0.931057
vt 0.565681 0.966713
vt 0.583905 0.946177
vt 0.583905 0.981387
vt 0.324823 0.494066
vt 0.871968 0.795788
vt 0.839528 0.060413
vt 0.889298 0.243999
vt 0.788219 0.625262
vt 0.953646 0.971683
vt 0.940336 0.988148
vt 0.635886 0.907851
vt 0.583905 0.876713
vt 0.587523 0.911565
vt 0.583905 0.915876
vt 0.542052 0.261828
vt 0.563920 0.262650
vt 0.675414 0.253792
vt 0.538562 0.257966
vt 0.408458 0.233987
vt 0.405390 0.240040
vt 0.691459 0.621973
vt 0.094618 0.816450
vt 0.099261 0.815090
vt 0.317644 0.790980
vt 0.314757 0.780343
vt 0.329876 0.788603
vt 0.850103 0.249688
vt 0.852488 0.247111
vt 0.865985 0.249688
vt 0.847756 0.228413
vt 0.898635 0.410894
vt 0.895417 0.408853
vt 0.121456 0.991225
vt 0.119108 0.989801
vt 0.120532 0.973843
vt 0.018045 0.700147
vt 0.026701 0.678308
vt 0.825703 0.855047
vt 0.815821 0.855494
vt 0.821821 0.826943
vt 0.127516 0.954417
vt 0.119713 0.953716
vt 0.882643 0.803111
vt 0.885475 0.235673
vt 0.925470 0.112745
vt 0.985411 0.558962
vt 0.988238 0.358382
vt 0.987700 0.352677
vt 0.993314 0.347622
vt 0.209615 0.646030
vt 0.199662 0.649958
vt 0.219233 0.987449
vt 0.220103 0.970102
vt 0.222517 0.988811
vt 0.015469 0.681026
vt 0.829627 0.543392
vt 0.828117 0.533771
vt 0.825676 0.348071
vt 0.991134 0.898407
vt 0.997200 0.894874
vt 0.997200 0.916347
vt 0.016137 0.997176
vt 0.012780 0.995279
vt 0.016137 0.985566
vt 0.054891 0.665837
vt 0.020423 0.462771
vt 0.955629 0.498156
vt 0.949610 0.479281
vt 0.952435 0.516890
vt 0.193057 0.644040
vt 0.558011 0.867849
vt 0.567600 0.855870
vt 0.948398 0.446137
vt 0.159755 0.964485
vt 0.159755 0.994880
vt 0.155411 0.986234
vt 0.953005 0.448811
vt 0.156388 0.976463
vt 0.434955 0.063686
vt 0.329227 0.776568
vt 0.212229 0.975956
vt 0.127999 0.975605
vt 0.815081 0.545229
vt 0.798843 0.335653
vt 0.817656 0.325366
vt 0.812977 0.345423
vt 0.064672 0.648523
vt 0.787171 0.870271
vt 0.899576 0.811669
vt 0.040984 0.417772
vt 0.864434 0.801007
vt 0.044375 0.381858
vt 0.870035 0.228364
vt 0.630823 0.907513
vt 0.588082 0.259847
vt 0.995074 0.369028
vt 0.557672 0.855963
vt 0.667682 0.805330
vt 0.666691 0.796994
vt 0.679463 0.814368
vt 0.329876 0.766877
vt 0.339699 0.500955
vt 0.332452 0.465359
vt 0.344580 0.484502
vt 0.435742 0.756614
vt 0.821136 0.517185
vt 0.401736 0.032722
vt 0.807512 0.521313
vt 0.807935 0.528551
vt 0.800649 0.513556
vt 0.785767 0.503494
vt 0.026705 0.350151
vt 0.783838 0.328373
vt 0.032594 0.332784
vt 0.136407 0.925927
vt 0.998244 0.751331
vt 0.990889 0.754322
vt 0.883583 0.825067
vt 0.987700 0.397095
vt 0.901240 0.404378
vt 0.904007 0.407188
vt 0.847508 0.243051
vt 0.786150 0.868751
vt 0.799797 0.828615
vt 0.222517 0.966801
vt 0.441918 0.783037
vt 0.058593 0.346341
vt 0.042590 0.652082
vt 0.935779 0.983288
vt 0.927327 0.967507
vt 0.937914 0.971263
vt 0.788099 0.324130
vt 0.328987 0.512756
vt 0.939676 0.108153
vt 0.597652 0.819040
vt 0.632742 0.915313
vt 0.561688 0.826514
vt 0.568898 0.832913
vt 0.521909 0.184905
vt 0.549678 0.147549
vt 0.556407 0.249959
vt 0.902527 0.391584
vt 0.529204 0.940674
vt 0.935407 0.948675
vt 0.167371 0.687280
vt 0.167371 0.703620
vt 0.165459 0.693284
vt 0.016536 0.357905
vt 0.116235 0.936569
vt 0.980321 0.489989
vt 0.978673 0.485253
vt 0.981031 0.485326
vt 0.899427 0.817507
vt 0.167731 0.752652
vt 0.777202 0.905395
vt 0.575541 0.837254
vt 0.893815 0.975203
vt 0.893815 0.996471
vt 0.887666 0.986768
vt 0.417470 0.237741
vt 0.444802 0.228359
vt 0.433317 0.244576
vt 0.472266 0.246462
vt 0.475447 0.239081
vt 0.468004 0.173643
vt 0.662975 0.993160
vt 0.666880 0.997764
vt 0.345447 0.636579
vt 0.345447 0.625885
vt 0.346389 0.629886
vt 0.412161 0.938504
vt 0.411899 0.978875
vt 0.402545 0.959861
vt 0.963265 0.090422
vt 0.945996 0.107186
vt 0.945996 0.069897
vt 0.419916 0.046052
vt 0.799423 0.498359
vt 0.416937 0.001188
vt 0.425306 0.000000
vt 0.075176 0.988373
vt 0.075176 0.958128
vt 0.078357 0.976638
vt 0.984365 0.479718
vt 0.982396 0.492483
vt 0.876460 0.814144
vt 0.854397 0.810578
vt 0.939400 0.837483
vt 0.940284 0.847860
vt 0.934457 0.835895
vt 0.853067 0.960375
vt 0.848835 0.990103
vt 0.848835 0.955094
vt 0.902314 0.994513
vt 0.679464 0.613098
vt 0.842253 0.370139
vt 0.903584 0.384515
vt 0.119108 0.970333
vt 0.892411 0.378031
vt 0.885679 0.380486
vt 0.873609 0.373164
vt 0.792697 0.504011
vt 0.145747 0.971178
vt 0.136407 0.996204
vt 0.136407 0.964485
vt 0.423961 0.024563
vt 0.019606 0.344049
vt 0.929046 0.941388
vt 0.937914 0.940121
vt 0.930395 0.937601
vt 0.936259 0.937308
vt 0.466568 0.249959
vt 0.488503 0.245679
vt 0.574767 0.826054
vt 0.678722 0.931261
vt 0.674380 0.951438
vt 0.508999 0.248225
vt 0.516983 0.240710
vt 0.547928 0.244811
vt 0.488030 0.210057
vt 0.431894 0.160880
vt 0.679463 0.732078
vt 0.450087 0.126965
vt 0.896143 0.383274
vt 0.453845 0.984337
vt 0.448712 0.981504
vt 0.453559 0.972587
vt 0.586124 0.695657
vt 0.586124 0.678657
vt 0.587976 0.691327
vt 0.545163 0.944311
vt 0.031237 0.672818
vt 0.032089 0.655527
vt 0.826670 0.329197
vt 0.000024 0.455786
vt 0.030459 0.357894
vt 0.005544 0.381859
vt 0.004883 0.375528
vt 0.773170 0.316483
vt 0.070396 0.628977
vt 0.077960 0.608622
vt 0.081148 0.617167
vt 0.899401 0.821507
vt 0.083877 0.979784
vt 0.080965 0.954940
vt 0.985411 0.521392
vt 0.941622 0.460539
vt 0.941419 0.451516
vt 0.766607 0.976837
vt 0.765842 0.983689
vt 0.758330 0.964579
vt 0.484786 0.177508
vt 0.453845 0.958287
vt 0.813343 0.821167
vt 0.001738 0.478747
vt 0.792108 0.492847
vt 0.775911 0.485681
vt 0.772685 0.474987
vt 0.008365 0.442348
vt 0.770153 0.479917
vt 0.767721 0.477450
vt 0.002417 0.378389
vt 0.083881 0.986093
vt 0.022039 0.437407
vt 0.024641 0.417080
vt 0.087126 0.597289
vt 0.923375 0.951914
vt 0.026563 0.397175
vt 0.029035 0.383302
vt 0.988232 0.492046
vt 0.000000 0.375868
vt 0.093490 0.591922
vt 0.094618 0.587882
vt 0.940284 0.831376
vt 0.934471 0.831129
vt 0.589416 0.818473
vt 0.491943 0.226897
vt 0.486405 0.196095
vt 0.835781 0.351101
vt 0.056678 0.640630
vt 0.068752 0.637587
vt 0.434942 0.014264
vt 0.119108 0.983874
vt 0.116049 0.989272
vt 0.116049 0.970333
vt 0.390612 0.974368
vt 0.382800 0.976302
vt 0.385706 0.972408
vt 0.949919 0.557936
vt 0.957126 0.552080
vt 0.955201 0.561318
vt 0.089189 0.961942
vt 0.984226 0.516890
vt 0.766634 0.995136
vt 0.586146 0.820305
vt 0.497483 0.244141
vt 0.494176 0.235700
vt 0.832607 0.953125
vt 0.844564 0.918033
vt 0.847523 0.894789
vt 0.571224 0.809019
vt 0.560949 0.796715
vt 0.560179 0.789215
vt 0.489113 0.200051
vt 0.551508 0.956109
vt 0.529582 0.956665
vt 0.016137 0.985710
vt 0.030335 0.953166
vt 0.030335 0.988295
vt 0.064090 0.623996
vt 0.978673 0.510073
vt 0.984196 0.499046
vt 0.904611 0.840210
vt 0.884191 0.837060
vt 0.787826 0.314888
vt 0.959248 0.559299
vt 0.019342 0.386534
vt 0.991196 0.992650
vt 0.991196 0.951438
vt 0.997872 0.981858
vt 0.080211 0.596800
vt 0.949919 0.551212
vt 0.089741 0.587315
vt 0.574531 0.816577
vt 0.581177 0.811026
vt 0.501989 0.173300
vt 0.542825 0.076952
vt 0.519516 0.081477
vt 0.825857 0.489370
vt 0.008362 0.428076
vt 0.519942 0.014537
vt 0.529834 0.030379
vt 0.495306 0.012112
vt 0.384089 0.983775
vt 0.380240 0.987464
vt 0.553268 0.770082
vt 0.520929 0.131842
vt 0.873546 0.603451
vt 0.852664 0.565619
vt 0.346270 0.481798
vt 0.436837 0.042570
vt 0.854397 0.815652
vt 0.830885 0.793993
vt 0.830775 0.308009
vt 0.436534 0.026396
vt 0.038893 0.627544
vt 0.280039 0.946167
vt 0.283948 0.969655
vt 0.278215 0.957362
vt 0.048926 0.632439
vt 0.806117 0.315878
vt 0.452451 0.018611
vt 0.066312 0.612347
vt 0.767721 0.313303
vt 0.783986 0.308260
vt 0.872516 0.837503
vt 0.390612 0.986743
vt 0.584986 0.812015
vt 0.584364 0.807007
vt 0.988492 0.574258
vt 0.994435 0.562171
vt 0.994435 0.621305
vt 0.499489 0.144158
vt 0.473542 0.149283
vt 0.440324 0.060039
vt 0.484004 0.120937
vt 0.480945 0.062690
vt 0.485706 0.062315
vt 0.393908 0.938504
vt 0.346802 0.465680
vt 0.906580 0.848111
vt 0.484595 0.034914
vt 0.468687 0.030911
vt 0.466614 0.018341
vt 0.482127 0.028362
vt 0.483546 0.015180
vt 0.489096 0.034551
vt 0.000000 0.409313
vt 0.578086 0.990483
vt 0.581503 0.981762
vt 0.586252 0.994263
vt 0.061360 0.982713
vt 0.057015 0.980275
vt 0.061360 0.968404
vt 0.949919 0.562135
vt 0.941245 0.556101
vt 0.982835 0.516114
vt 0.787148 0.479200
vt 0.018661 0.970296
vt 0.080252 0.586351
vt 0.085751 0.583304
vt 0.820831 0.944733
vt 0.836429 0.895142
vt 0.848835 0.870271
vt 0.488613 0.163320
vt 0.484946 0.147948
vt 0.345974 0.888294
vt 0.342837 0.895246
vt 0.342837 0.847897
vt 0.498015 0.066033
vt 0.540997 0.058778
vt 0.458403 0.036632
vt 0.549653 0.049357
vt 0.543699 0.034025
vt 0.839720 0.791120
vt 0.904237 0.558728
vt 0.900091 0.541705
vt 0.904237 0.529560
vt 0.586252 0.981387
vt 0.989126 0.499443
vt 0.205505 0.994436
vt 0.202448 0.983841
vt 0.207960 0.986140
vt 0.019317 0.959053
vt 0.048248 0.983855
vt 0.057281 0.968884
vt 0.068852 0.605542
vt 0.071274 0.602608
vt 0.170039 0.823694
vt 0.163403 0.840622
vt 0.165699 0.811663
vt 0.153621 0.823801
vt 0.344881 0.916438
vt 0.496982 0.111095
vt 0.486128 0.112891
vt 0.499335 0.041525
vt 0.001924 0.395997
vt 0.817772 0.301434
vt 0.058929 0.958220
vt 0.054857 0.614776
vt 0.202448 0.966801
vt 0.209022 0.970000
vt 0.074397 0.592441
vt 0.210343 0.977947
vt 0.049282 0.962070
vt 0.587235 0.808488
vt 0.499139 0.177443
vt 0.491394 0.140588
vt 0.677941 0.655681
vt 0.672545 0.684847
vt 0.666515 0.649750
vt 0.052256 0.956814
vt 0.762640 0.997236
vt 0.004293 0.997433
vt 0.004293 0.985566
vt 0.007664 0.996521
vt 0.682923 0.986093
vt 0.679463 0.996697
vt 0.758330 0.995030
vt 0.486965 0.235945
vt 0.489559 0.237165
vt 0.251286 0.998633
vt 0.243250 0.990153
vt 0.251286 0.965647
vt 0.814342 0.972122
vt 0.814342 0.991890
vt 0.806227 0.977888
vt 0.500785 0.236011
vt 0.994761 0.000000
vt 0.998351 0.014260
vt 0.994761 0.014318
vt 0.051223 0.600031
vt 0.046138 0.592165
vt 0.463599 0.992442
vt 0.454157 0.973964
vt 0.463599 0.958287
vt 0.502729 0.240812
vt 0.505724 0.236916
vt 0.798678 0.796150
vt 0.813567 0.790791
vt 0.707446 0.979632
vt 0.721834 0.963530
vt 0.725166 0.981509
vt 0.268561 0.975017
vt 0.679463 0.680737
vt 0.175164 0.843532
vt 0.168040 0.841487
vt 0.797421 0.768083
vt 0.953072 0.785325
vt 0.964575 0.784421
vt 0.952660 0.826270
vt 0.964367 0.004237
vt 0.951831 0.053864
vt 0.945996 0.000000
vt 0.821563 0.455544
vt 0.032359 0.631194
vt 0.367865 0.964199
vt 0.375949 0.958569
vt 0.390612 0.972408
vt 0.839272 0.480114
vt 0.338286 0.402938
vt 0.017247 0.625388
vt 0.833338 0.284536
vt 0.044771 0.610238
vt 0.786150 0.769514
vt 0.945996 0.050470
vt 0.940474 0.789311
vt 0.963740 0.021990
vt 0.963316 0.988246
vt 0.954348 0.992411
vt 0.956804 0.967379
vt 0.666515 0.697968
vt 0.166324 0.859422
vt 0.848845 0.224646
vt 0.851904 0.185682
vt 0.855434 0.169450
vt 0.820369 0.778816
vt 0.283948 0.988674
vt 0.027680 0.613102
vt 0.346739 0.427961
vt 0.834364 0.467316
vt 0.829903 0.455261
vt 0.185975 0.867594
vt 0.186249 0.842967
vt 0.192632 0.842798
vt 0.996760 0.776819
vt 0.996760 0.821870
vt 0.989875 0.799386
vt 0.805467 0.765175
vt 0.977579 0.380977
vt 0.968279 0.370547
vt 0.842253 0.273644
vt 0.677454 0.694513
vt 0.154824 0.866346
vt 0.821120 0.773964
vt 0.968174 0.374857
vt 0.169160 0.866964
vt 0.136407 0.871684
vt 0.826479 0.280059
vt 0.951424 0.769936
vt 0.029331 0.590751
vt 0.707446 0.947114
vt 0.795050 0.780478
vt 0.296143 0.988105
vt 0.300383 0.985379
vt 0.300383 0.998032
vt 0.964015 0.951975
vt 0.178698 0.874391
vt 0.165503 0.867819
vt 0.018421 0.615905
vt 0.981283 0.436506
vt 0.984442 0.422391
vt 0.987582 0.435558
vt 0.989126 0.472058
vt 0.996486 0.483394
vt 0.989126 0.494153
vt 0.329231 0.589184
vt 0.342821 0.600196
vt 0.330823 0.603206
vt 0.021723 0.604953
vt 0.837499 0.458930
vt 0.821804 0.769005
vt 0.832438 0.461945
vt 0.675221 0.722070
vt 0.166876 0.868648
vt 0.022007 0.593979
vt 0.964015 0.985574
vt 0.972676 0.993476
vt 0.964015 0.995622
vt 0.612307 0.939224
vt 0.625466 0.959104
vt 0.612307 0.960692
vt 0.161479 0.874185
vt 0.153986 0.873821
vt 0.812774 0.764842
vt 0.806309 0.765527
vt 0.847508 0.181633
vt 0.848074 0.169494
vt 0.977609 0.898906
vt 0.986982 0.879776
vt 0.986629 0.892952
vt 0.818460 0.769238
vt 0.832799 0.459293
vt 0.980299 0.931704
vt 0.990148 0.946604
vt 0.990116 0.822425
vt 0.846942 0.458131
vt 0.972429 0.410139
vt 0.820576 0.765949
vt 0.831889 0.456622
vt 0.834449 0.456402
vt 0.167571 0.874310
vt 0.343025 0.606687
vt 0.345438 0.607265
vt 0.330905 0.627138
vt 0.678940 0.717633
vt 0.185975 0.814345
vt 0.168303 0.871467
vt 0.978815 0.443635
vt 0.986277 0.448497
vt 0.141566 0.885151
vt 0.160344 0.994646
vt 0.171643 0.967194
vt 0.168378 0.987439
vt 0.977609 0.850591
vt 0.987065 0.000000
vt 0.994761 0.015888
vt 0.987065 0.044891
vt 0.940786 0.765593
vt 0.346802 0.388328
vt 0.171643 0.984895
vt 0.180048 0.988594
vt 0.174411 0.993283
vt 0.033728 0.956814
vt 0.039042 0.985549
vt 0.031752 0.958464
vt 0.006129 0.589233
vt 0.851401 0.584398
vt 0.843662 0.584904
vt 0.848851 0.565036
vt 0.160344 0.958569
vt 0.163078 0.959632
vt 0.303997 0.946167
vt 0.303997 0.970716
vt 0.301904 0.947224
vt 0.795495 0.737921
vt 0.965871 0.405186
vt 0.177046 0.976451
vt 0.182553 0.981345
vt 0.001990 0.593569
vt 0.011552 0.583304
vt 0.150993 0.887412
vt 0.982725 0.614609
vt 0.986376 0.627732
vt 0.976424 0.612831
vt 0.834548 0.261831
vt 0.946285 0.763304
vt 0.191306 0.816574
vt 0.225455 0.995448
vt 0.222517 0.994757
vt 0.230997 0.991798
vt 0.953498 0.761436
vt 0.832296 0.426773
vt 0.825916 0.425697
vt 0.183545 0.973660
vt 0.154204 0.881683
vt 0.971008 0.967307
vt 0.977696 0.408495
vt 0.615635 0.983473
vt 0.789994 0.752808
vt 0.952281 0.759759
vt 0.846074 0.425279
vt 0.891406 0.416897
vt 0.885165 0.420208
vt 0.587514 0.697183
vt 0.965911 0.379442
vt 0.669447 0.726518
vt 0.494648 0.971274
vt 0.488668 0.989417
vt 0.486297 0.955559
vt 0.991134 0.931235
vt 0.338183 0.633650
vt 0.484665 0.968562
vt 0.976424 0.630724
vt 0.176544 0.885120
vt 0.948527 0.069897
vt 0.599498 0.976568
vt 0.598596 0.979410
vt 0.596644 0.968816
vt 0.954353 0.758484
vt 0.954348 0.944347
vt 0.502049 0.997292
vt 0.502233 0.977194
vt 0.505225 0.979069
vt 0.496690 0.979870
vt 0.806034 0.732053
vt 0.300848 0.953073
vt 0.847508 0.157864
vt 0.816994 0.736658
vt 0.163243 0.895603
vt 0.333230 0.637314
vt 0.329231 0.632547
vt 0.948085 0.735427
vt 0.181967 0.970677
vt 0.182952 0.980727
vt 0.185975 0.886443
vt 0.171643 0.965721
vt 0.840695 0.254555
vt 0.852664 0.424787
vt 0.994064 0.516114
vt 0.831751 0.422391
vt 0.034956 0.991549
vt 0.181408 0.889830
vt 0.157801 0.888574
vt 0.670000 0.732078
vt 0.966172 0.964764
vt 0.031752 0.993604
vt 0.602809 0.994054
vt 0.596644 0.998781
vt 0.676944 0.727929
vt 0.851703 0.592191
vt 0.985355 0.914983
vt 0.982438 0.637062
vt 0.809308 0.732761
vt 0.530394 0.995809
vt 0.529387 0.992295
vt 0.535308 0.992220
vt 0.188505 0.811663
vt 0.339590 0.382723
vt 0.192742 0.889190
vt 0.191870 0.892364
vt 0.178062 0.955428
vt 0.035702 0.995227
vt 0.040775 0.991170
vt 0.504261 0.967423
vt 0.746079 0.930282
vt 0.742378 0.898002
vt 0.746079 0.896398
vt 0.854173 0.150844
vt 0.529387 0.985562
vt 0.166866 0.706872
vt 0.165459 0.721988
vt 0.165459 0.703620
vt 0.984006 0.479061
vt 0.978777 0.477062
vt 0.535549 0.985284
vt 0.999065 0.690421
vt 0.994502 0.685162
vt 0.999766 0.679479
vt 0.170465 0.957855
vt 0.978642 0.916610
vt 0.835584 0.251525
vt 0.091842 0.871352
vt 0.091842 0.844273
vt 0.094261 0.868994
vt 0.586996 0.932842
vt 0.588053 0.915875
vt 0.588053 0.941592
vt 0.986996 0.867462
vt 0.342837 0.916438
vt 0.346523 0.917497
vt 0.342837 0.936281
vt 0.588082 0.992297
vt 0.588082 0.968816
vt 0.596644 0.972995
vt 0.491579 0.995701
vt 0.484665 0.996690
vt 0.987582 0.477859
vt 0.496690 0.962047
vt 0.843662 0.598783
vt 0.848038 0.152082
vt 0.145690 0.901250
vt 0.154354 0.900153
vt 0.167135 0.955428
vt 0.674380 0.814368
vt 0.679463 0.816553
vt 0.185975 0.903429
vt 0.813583 0.731947
vt 0.583905 0.918418
vt 0.880543 0.993616
vt 0.873013 0.979556
vt 0.880543 0.976572
vt 0.009980 0.985566
vt 0.012780 0.988601
vt 0.009056 0.993275
vt 0.505472 0.971003
vt 0.000000 0.586528
vt 0.008195 0.587103
vt 0.003734 0.583556
vt 0.841081 0.249959
vt 0.988845 0.860469
vt 0.344108 0.381858
vt 0.994502 0.675617
vt 0.139926 0.899685
vt 0.983320 0.850485
vt 0.163975 0.902434
vt 0.160705 0.901164
vt 0.503107 0.960591
vt 0.999592 0.673384
vt 0.874583 0.975203
vt 0.848799 0.603542
vt 0.844095 0.607050
vt 0.983215 0.909412
vt 0.488822 0.997022
vt 0.012780 0.995912
vt 0.994761 0.030262
vt 0.998369 0.039397
vt 0.994761 0.043401
vt 0.867951 0.603451
vt 0.872349 0.605657
vt 0.867951 0.609913
vt 0.982336 0.836527
vt 0.977944 0.842853
vt 0.978698 0.838742
vt 0.985270 0.836622
vt 0.985270 0.843140
vt 0.164217 0.905909
vt 0.160008 0.906998
vt 0.873546 0.610270
vt 0.871822 0.613060
vt 0.980674 0.847705
vt 0.191193 0.737396
vt 0.192314 0.731651
vt 0.192314 0.740529
vt 0.896767 0.420485
vt 0.891406 0.421312
vt 0.891406 0.412877
vt 0.978163 0.848111
vt 0.140540 0.907405
vt 0.136407 0.903741
vt 0.146265 0.904698
vt 0.848750 0.608038
s 1
usemtl Material.001
f 1/1/1 2/2/2 3/3/3
f 1/4/1 4/5/4 5/6/5
f 1/4/1 3/7/3 6/8/6
f 1/4/1 6/8/6 4/5/4
f 3/7/3 7/9/7 6/8/6
f 1/1/1 8/10/8 2/2/2
f 1/11/1 5/12/5 8/13/8
f 4/5/4 9/14/9 5/6/5
f 10/15/10 6/8/6 7/9/7
f 6/8/6 11/16/11 4/5/4
f 5/17/5 9/18/9 8/10/8
f 3/7/3 12/19/12 7/9/7
f 12/19/12 10/15/10 7/9/7
f 9/14/9 4/5/4 13/20/13
f 6/8/6 14/21/14 11/16/11
f 8/10/8 15/22/15 2/2/2
f 2/2/2 12/23/12 3/3/3
f 16/24/16 10/15/10 12/19/12
f 11/16/11 13/20/13 4/5/4
f 14/21/14 17/25/17 18/26/18
f 19/27/19 20/28/20 21/29/21
f 22/30/22 23/31/23 24/32/24
f 25/33/25 2/2/2 26/34/26
f 2/2/2 15/22/15 26/34/26
f 8/10/8 9/18/9 27/35/27
f 2/2/2 28/36/28 12/23/12
f 2/2/2 25/33/25 28/36/28
f 8/10/8 29/37/29 15/22/15
f 8/10/8 27/35/27 29/37/29
f 9/14/9 13/20/13 30/38/30
f 13/20/13 11/16/11 18/26/18
f 11/16/11 14/21/14 18/26/18
f 10/15/10 14/21/14 6/8/6
f 16/24/16 17/25/17 14/21/14
f 18/26/18 17/25/17 31/39/31
f 32/40/32 31/39/31 17/25/17
f 22/30/22 33/41/33 34/42/34
f 34/42/34 35/43/35 22/30/22
f 36/44/36 21/29/21 35/43/35
f 21/29/21 20/28/20 35/43/35
f 35/43/35 20/28/20 37/45/37
f 35/43/35 37/45/37 22/30/22
f 19/27/19 38/46/38 20/28/20
f 22/30/22 37/45/37 39/47/39
f 22/30/22 39/47/39 23/31/23
f 9/48/9 30/49/30 40/50/40
f 12/19/12 41/51/41 16/24/16
f 13/20/13 42/52/42 30/38/30
f 16/24/16 32/40/32 17/25/17
f 32/40/32 43/53/43 44/54/44
f 45/55/45 34/42/34 33/41/33
f 33/41/33 24/32/24 46/56/46
f 22/30/22 24/32/24 33/41/33
f 21/29/21 47/57/47 19/27/19
f 48/58/48 38/46/38 19/27/19
f 20/28/20 38/46/38 49/59/49
f 27/60/27 50/61/50 29/62/29
f 27/63/27 9/48/9 51/64/51
f 52/65/52 41/51/41 12/19/12
f 18/26/18 31/39/31 53/66/53
f 44/67/44 31/68/31 32/69/32
f 54/70/54 36/44/36 35/43/35
f 48/58/48 19/27/19 47/57/47
f 20/28/20 49/59/49 37/45/37
f 55/71/55 56/72/56 57/73/57
f 55/71/55 58/74/58 56/72/56
f 56/72/56 59/75/59 60/76/60
f 59/75/59 56/72/56 58/74/58
f 50/61/50 27/60/27 61/77/61
f 62/78/62 25/79/25 26/80/26
f 15/81/15 29/62/29 50/61/50
f 10/15/10 16/24/16 14/21/14
f 18/26/18 53/66/53 63/82/63
f 64/83/64 54/70/54 34/42/34
f 54/70/54 35/43/35 34/42/34
f 65/84/65 21/29/21 36/44/36
f 66/85/66 67/86/67 23/87/23
f 23/31/23 39/47/39 66/88/66
f 57/73/57 56/72/56 60/76/60
f 68/89/68 28/90/28 25/91/25
f 12/23/12 69/92/69 52/93/52
f 12/23/12 28/36/28 69/92/69
f 40/50/40 70/94/70 9/48/9
f 9/48/9 70/94/70 51/64/51
f 18/26/18 63/82/63 13/20/13
f 16/24/16 43/53/43 32/40/32
f 31/39/31 44/54/44 71/95/71
f 65/84/65 47/57/47 21/29/21
f 23/31/23 67/96/67 24/32/24
f 48/58/48 72/97/72 38/46/38
f 39/47/39 73/98/73 66/88/66
f 37/45/37 49/59/49 39/47/39
f 74/99/74 57/73/57 60/76/60
f 75/100/75 55/71/55 57/73/57
f 60/76/60 59/75/59 76/101/76
f 25/91/25 77/102/77 68/89/68
f 27/63/27 78/103/78 61/104/61
f 15/105/15 79/106/79 26/80/26
f 34/42/34 80/107/80 64/83/64
f 34/42/34 45/55/45 80/107/80
f 81/108/81 36/44/36 54/70/54
f 82/109/82 24/32/24 67/96/67
f 83/110/83 84/111/84 48/58/48
f 84/111/84 85/112/85 48/58/48
f 66/88/66 86/113/86 67/96/67
f 48/58/48 85/112/85 72/97/72
f 73/98/73 86/113/86 66/88/66
f 72/97/72 87/114/87 38/46/38
f 60/115/60 76/116/76 88/117/88
f 75/100/75 89/118/89 55/71/55
f 78/103/78 27/63/27 51/64/51
f 68/89/68 69/119/69 28/90/28
f 30/49/30 90/120/90 40/50/40
f 41/51/41 91/121/91 16/24/16
f 63/82/63 42/52/42 13/20/13
f 43/53/43 92/122/92 44/54/44
f 44/54/44 92/122/92 71/95/71
f 71/95/71 64/83/64 80/107/80
f 54/70/54 64/83/64 93/123/93
f 65/84/65 94/124/94 47/57/47
f 94/124/94 95/125/95 47/57/47
f 24/126/24 82/127/82 96/128/96
f 47/57/47 95/125/95 48/58/48
f 84/111/84 83/110/83 97/129/97
f 97/129/97 98/130/98 84/111/84
f 98/130/98 99/131/99 84/111/84
f 84/111/84 99/131/99 85/112/85
f 85/112/85 99/131/99 72/97/72
f 38/46/38 87/114/87 49/59/49
f 100/132/100 75/100/75 57/73/57
f 101/133/101 102/134/102 103/135/103
f 104/136/104 105/137/105 106/138/106
f 77/139/77 25/79/25 62/78/62
f 62/78/62 26/80/26 79/106/79
f 63/140/63 53/141/53 107/142/107
f 108/143/108 53/66/53 31/39/31
f 92/122/92 93/123/93 71/95/71
f 71/95/71 93/123/93 64/83/64
f 109/144/109 45/55/45 33/41/33
f 81/108/81 65/84/65 36/44/36
f 96/128/96 46/145/46 24/126/24
f 95/125/95 83/110/83 48/58/48
f 110/146/110 82/109/82 67/96/67
f 86/113/86 110/146/110 67/96/67
f 39/47/39 111/147/111 73/98/73
f 49/59/49 87/114/87 39/47/39
f 74/99/74 60/76/60 112/148/112
f 74/99/74 100/132/100 57/73/57
f 112/148/112 60/76/60 88/149/88
f 88/117/88 76/116/76 113/150/113
f 59/75/59 114/151/114 76/101/76
f 58/74/58 115/152/115 59/75/59
f 68/89/68 77/102/77 116/153/116
f 117/154/117 41/51/41 52/65/52
f 71/95/71 108/143/108 31/39/31
f 71/95/71 80/107/80 108/143/108
f 92/122/92 118/155/118 93/123/93
f 80/156/80 45/157/45 119/158/119
f 33/159/33 46/145/46 120/160/120
f 121/161/121 83/110/83 95/125/95
f 73/162/73 122/163/122 86/164/86
f 39/47/39 87/114/87 111/147/111
f 123/165/123 124/166/124 125/167/125
f 126/168/126 124/169/124 127/170/127
f 123/171/123 128/172/128 129/173/129
f 130/174/130 112/148/112 88/149/88
f 76/175/76 114/176/114 113/177/113
f 58/74/58 55/71/55 131/178/131
f 59/75/59 115/152/115 114/151/114
f 58/74/58 132/179/132 115/152/115
f 133/180/133 102/181/102 101/182/101
f 62/78/62 134/183/134 77/139/77
f 68/89/68 135/184/135 69/119/69
f 51/64/51 70/94/70 136/185/136
f 53/141/53 108/186/108 107/142/107
f 80/107/80 119/187/119 108/143/108
f 118/155/118 54/70/54 93/123/93
f 45/157/45 109/188/109 119/158/119
f 118/155/118 81/108/81 54/70/54
f 46/145/46 96/128/96 120/160/120
f 82/189/82 110/190/110 137/191/137
f 97/129/97 138/192/138 98/130/98
f 122/163/122 139/193/139 86/164/86
f 111/194/111 122/163/122 73/162/73
f 87/114/87 140/195/140 111/147/111
f 141/196/141 142/197/142 123/198/123
f 123/199/123 129/200/129 124/201/124
f 126/202/126 127/203/127 143/204/143
f 124/201/124 144/205/144 127/206/127
f 128/207/128 145/208/145 112/148/112
f 145/208/145 74/99/74 112/148/112
f 146/209/146 89/118/89 75/100/75
f 114/210/114 147/211/147 113/150/113
f 131/178/131 132/179/132 58/74/58
f 104/136/104 106/138/106 148/212/148
f 102/213/102 149/214/149 103/215/103
f 61/104/61 78/103/78 150/216/150
f 61/104/61 150/216/150 50/217/50
f 63/218/63 151/219/151 42/220/42
f 107/221/107 152/222/152 63/223/63
f 33/224/33 120/225/120 109/226/109
f 81/108/81 94/124/94 65/84/65
f 83/110/83 153/227/153 97/129/97
f 154/228/154 82/229/82 155/230/155
f 96/128/96 82/127/82 154/231/154
f 97/129/97 153/227/153 138/192/138
f 82/189/82 137/191/137 155/232/155
f 137/191/137 110/190/110 156/233/156
f 157/234/157 98/130/98 138/192/138
f 158/235/158 87/114/87 72/97/72
f 141/236/141 123/237/123 159/238/159
f 159/239/159 123/165/123 125/167/125
f 125/240/125 124/241/124 126/242/126
f 128/243/128 123/198/123 142/197/142
f 160/244/160 145/208/145 128/207/128
f 127/203/127 161/245/161 143/204/143
f 128/207/128 144/205/144 129/200/129
f 129/200/129 144/205/144 124/201/124
f 128/207/128 112/148/112 144/205/144
f 100/132/100 162/246/162 75/100/75
f 163/247/163 55/71/55 89/118/89
f 163/247/163 131/178/131 55/71/55
f 133/248/133 164/249/164 102/250/102
f 165/251/165 106/252/106 105/253/105
f 164/249/164 149/254/149 102/250/102
f 164/249/164 166/255/166 149/254/149
f 167/256/167 166/255/166 164/249/164
f 167/256/167 168/257/168 166/255/166
f 169/258/169 170/259/170 171/260/171
f 166/255/166 168/257/168 172/261/172
f 173/262/173 116/153/116 77/102/77
f 174/263/174 50/264/50 150/265/150
f 78/103/78 51/64/51 136/185/136
f 175/266/175 90/267/90 30/268/30
f 30/268/30 42/220/42 176/269/176
f 91/121/91 177/270/177 16/24/16
f 92/122/92 178/271/178 118/155/118
f 86/164/86 179/272/179 110/273/110
f 86/164/86 139/193/139 179/272/179
f 87/114/87 158/235/158 180/274/180
f 181/275/181 142/276/142 182/277/182
f 160/278/160 142/279/142 181/280/181
f 142/281/142 160/282/160 128/283/128
f 112/148/112 130/174/130 144/205/144
f 130/174/130 127/206/127 144/205/144
f 127/206/127 130/174/130 161/284/161
f 145/208/145 162/246/162 74/99/74
f 130/285/130 88/117/88 183/286/183
f 162/246/162 100/132/100 74/99/74
f 183/286/183 88/117/88 113/150/113
f 146/209/146 163/247/163 89/118/89
f 113/150/113 147/211/147 184/287/184
f 185/288/185 186/289/186 187/290/187
f 101/133/101 188/291/188 189/292/189
f 103/135/103 188/291/188 101/133/101
f 190/293/190 148/212/148 106/138/106
f 106/138/106 171/294/171 191/295/191
f 166/255/166 172/261/172 192/296/192
f 170/259/170 193/297/193 171/260/171
f 171/260/171 193/297/193 194/298/194
f 173/299/173 77/139/77 134/183/134
f 62/78/62 79/106/79 195/300/195
f 79/301/79 15/81/15 50/61/50
f 70/94/70 40/50/40 196/302/196
f 41/51/41 197/303/197 91/121/91
f 63/218/63 152/304/152 151/219/151
f 16/24/16 177/270/177 43/53/43
f 177/270/177 198/305/198 43/53/43
f 43/53/43 178/271/178 92/122/92
f 137/306/137 156/307/156 199/308/199
f 110/273/110 200/309/200 156/307/156
f 72/97/72 99/131/99 158/235/158
f 126/202/126 143/204/143 201/310/201
f 202/311/202 145/208/145 160/244/160
f 143/204/143 161/245/161 201/310/201
f 145/208/145 203/312/203 204/313/204
f 204/313/204 162/246/162 145/208/145
f 162/246/162 205/314/205 75/100/75
f 205/314/205 146/209/146 75/100/75
f 163/247/163 206/315/206 131/178/131
f 207/316/207 208/317/208 209/318/209
f 207/316/207 210/319/210 208/317/208
f 208/317/208 211/320/211 209/318/209
f 186/289/186 212/321/212 187/290/187
f 210/319/210 211/320/211 208/317/208
f 101/322/101 189/323/189 213/324/213
f 105/325/105 104/326/104 214/327/214
f 106/138/106 191/295/191 190/293/190
f 106/252/106 165/251/165 171/260/171
f 171/294/171 194/328/194 191/295/191
f 171/260/171 215/329/215 169/258/169
f 166/255/166 192/296/192 216/330/216
f 167/256/167 217/331/217 168/257/168
f 62/78/62 195/300/195 134/183/134
f 52/93/52 69/92/69 117/332/117
f 40/50/40 90/120/90 196/302/196
f 218/333/218 81/108/81 118/155/118
f 154/228/154 155/230/155 219/334/219
f 83/110/83 121/161/121 153/227/153
f 96/128/96 154/231/154 220/335/220
f 221/336/221 157/234/157 138/192/138
f 222/337/222 223/338/223 98/130/98
f 224/339/224 110/340/110 179/341/179
f 225/342/225 158/235/158 99/131/99
f 140/343/140 122/163/122 111/194/111
f 182/344/182 160/345/160 181/346/181
f 226/347/226 126/202/126 201/310/201
f 202/311/202 203/312/203 145/208/145
f 201/348/201 161/349/161 227/350/227
f 227/350/227 161/349/161 130/351/130
f 114/352/114 228/353/228 147/354/147
f 132/179/132 131/178/131 206/315/206
f 185/288/185 187/290/187 229/355/229
f 230/356/230 210/319/210 207/316/207
f 185/288/185 231/357/231 186/289/186
f 186/289/186 231/357/231 212/321/212
f 212/321/212 232/358/232 187/290/187
f 214/359/214 104/360/104 233/361/233
f 234/362/234 103/215/103 149/214/149
f 234/363/234 149/364/149 166/365/166
f 193/297/193 235/366/235 194/298/194
f 172/367/172 236/368/236 237/369/237
f 170/259/170 238/370/238 193/297/193
f 239/371/239 240/372/240 168/257/168
f 172/261/172 168/257/168 240/372/240
f 241/373/241 238/370/238 170/259/170
f 173/262/173 242/374/242 243/375/243
f 243/375/243 116/153/116 173/262/173
f 242/374/242 173/262/173 134/376/134
f 244/377/244 50/264/50 174/263/174
f 244/377/244 79/378/79 50/264/50
f 116/153/116 135/184/135 68/89/68
f 136/185/136 70/94/70 245/379/245
f 135/184/135 246/380/246 69/119/69
f 117/381/117 69/119/69 246/380/246
f 197/303/197 41/51/41 117/154/117
f 42/220/42 151/219/151 176/269/176
f 43/53/43 198/305/198 178/271/178
f 81/108/81 247/382/247 94/124/94
f 110/273/110 224/383/224 200/309/200
f 223/338/223 99/131/99 98/130/98
f 87/114/87 180/274/180 140/195/140
f 182/277/182 142/276/142 248/384/248
f 130/385/130 183/386/183 227/387/227
f 115/388/115 228/353/228 114/352/114
f 207/389/207 209/390/209 249/391/249
f 187/392/187 232/393/232 250/394/250
f 166/365/166 216/395/216 234/363/234
f 217/331/217 167/256/167 164/249/164
f 217/331/217 251/396/251 168/257/168
f 172/367/172 237/369/237 192/397/192
f 169/258/169 252/398/252 170/259/170
f 168/257/168 253/399/253 239/371/239
f 240/372/240 254/400/254 172/261/172
f 193/297/193 255/401/255 235/366/235
f 256/402/256 243/375/243 242/374/242
f 78/403/78 136/404/136 257/405/257
f 70/94/70 196/302/196 245/379/245
f 196/302/196 90/120/90 175/406/175
f 176/269/176 175/266/175 30/268/30
f 108/186/108 119/407/119 107/142/107
f 109/188/109 120/160/120 258/408/258
f 120/160/120 96/128/96 220/335/220
f 259/409/259 138/192/138 153/227/153
f 260/410/260 153/227/153 121/161/121
f 261/411/261 221/336/221 138/192/138
f 99/131/99 223/338/223 225/342/225
f 140/343/140 262/412/262 122/163/122
f 182/344/182 248/413/248 263/414/263
f 182/344/182 263/414/263 160/345/160
f 141/236/141 159/238/159 248/415/248
f 202/416/202 160/345/160 264/417/264
f 141/196/141 248/418/248 142/197/142
f 126/419/126 265/420/265 125/421/125
f 126/202/126 226/347/226 265/422/265
f 201/310/201 266/423/266 267/424/267
f 227/425/227 183/426/183 201/427/201
f 201/428/201 183/429/183 266/430/266
f 268/431/268 183/286/183 113/150/113
f 249/391/249 209/390/209 269/432/269
f 250/433/250 229/434/229 187/435/187
f 270/436/270 210/319/210 230/356/230
f 210/319/210 271/437/271 211/320/211
f 272/438/272 209/439/209 211/440/211
f 273/441/273 213/442/213 189/443/189
f 274/444/274 165/251/165 105/253/105
f 275/445/275 103/215/103 234/362/234
f 215/329/215 171/260/171 165/251/165
f 194/446/194 235/447/235 276/448/276
f 241/373/241 170/259/170 252/398/252
f 277/449/277 150/450/150 278/451/278
f 279/452/279 243/375/243 256/402/256
f 150/450/150 257/405/257 278/451/278
f 280/453/280 150/450/150 277/449/277
f 281/454/281 243/375/243 279/452/279
f 150/450/150 78/403/78 257/405/257
f 282/455/282 118/155/118 178/271/178
f 282/455/282 218/333/218 118/155/118
f 153/227/153 260/410/260 259/409/259
f 283/456/283 94/124/94 247/382/247
f 284/457/284 261/411/261 138/192/138
f 283/456/283 95/125/95 94/124/94
f 283/456/283 121/161/121 95/125/95
f 285/458/285 137/306/137 199/308/199
f 261/411/261 286/459/286 221/336/221
f 199/308/199 156/307/156 200/309/200
f 180/274/180 248/460/248 140/195/140
f 180/274/180 263/461/263 248/460/248
f 140/195/140 248/460/248 159/462/159
f 264/417/264 160/345/160 263/414/263
f 159/239/159 125/167/125 265/463/265
f 287/464/287 183/286/183 268/431/268
f 113/150/113 184/287/184 268/431/268
f 163/247/163 288/465/288 206/315/206
f 288/465/288 289/466/289 206/315/206
f 290/467/290 132/179/132 206/315/206
f 132/468/132 291/469/291 115/470/115
f 292/471/292 231/357/231 185/288/185
f 209/439/209 272/438/272 293/472/293
f 212/321/212 273/441/273 232/358/232
f 273/441/273 189/443/189 232/358/232
f 271/437/271 214/473/214 211/320/211
f 133/180/133 101/182/101 294/474/294
f 105/325/105 214/327/214 274/475/274
f 194/328/194 295/476/295 191/295/191
f 216/395/216 296/477/296 234/363/234
f 192/478/192 296/477/296 216/395/216
f 251/396/251 253/399/253 168/257/168
f 193/297/193 238/370/238 255/401/255
f 254/400/254 236/479/236 172/261/172
f 241/373/241 277/449/277 278/451/278
f 281/454/281 116/153/116 243/375/243
f 135/184/135 116/153/116 281/454/281
f 79/378/79 244/377/244 297/480/297
f 79/106/79 297/481/297 195/300/195
f 117/482/117 246/483/246 298/484/298
f 91/121/91 299/485/299 177/270/177
f 258/408/258 120/160/120 220/335/220
f 220/486/220 154/228/154 219/334/219
f 155/230/155 137/487/137 300/488/300
f 259/409/259 284/457/284 138/192/138
f 180/274/180 264/489/264 263/461/263
f 226/347/226 201/310/201 267/424/267
f 266/490/266 183/491/183 301/492/301
f 204/313/204 302/493/302 162/246/162
f 287/464/287 303/494/303 183/286/183
f 268/431/268 304/495/304 287/464/287
f 268/431/268 184/287/184 304/495/304
f 146/209/146 205/314/205 305/496/305
f 305/496/305 163/247/163 146/209/146
f 184/497/184 147/354/147 306/498/306
f 185/499/185 229/500/229 307/501/307
f 269/432/269 209/390/209 293/502/293
f 270/436/270 271/437/271 210/319/210
f 294/503/294 101/504/101 213/505/213
f 308/506/308 213/507/213 273/508/273
f 309/509/309 233/510/233 104/511/104
f 310/512/310 309/509/309 104/511/104
f 276/513/276 295/476/295 194/328/194
f 256/402/256 236/479/236 254/400/254
f 236/479/236 256/402/256 237/514/237
f 252/398/252 277/449/277 241/373/241
f 311/515/311 241/516/241 278/517/278
f 278/451/278 257/405/257 312/518/312
f 313/519/313 174/520/174 150/450/150
f 314/521/314 246/380/246 135/184/135
f 315/522/315 196/302/196 175/406/175
f 152/222/152 107/221/107 316/523/316
f 316/523/316 107/221/107 317/524/317
f 199/308/199 318/525/318 285/458/285
f 98/526/98 157/527/157 222/528/222
f 140/195/140 159/462/159 265/529/265
f 180/530/180 319/531/319 264/417/264
f 202/416/202 264/417/264 319/531/319
f 267/532/267 320/533/320 226/534/226
f 301/535/301 183/286/183 303/494/303
f 228/353/228 306/498/306 147/354/147
f 185/288/185 321/536/321 292/471/292
f 229/434/229 250/433/250 322/537/322
f 271/437/271 274/538/274 214/473/214
f 323/539/323 308/506/308 273/508/273
f 294/503/294 213/505/213 308/540/308
f 214/359/214 233/361/233 309/541/309
f 165/251/165 324/542/324 215/329/215
f 296/543/296 192/18/192 325/544/325
f 215/329/215 326/545/326 169/258/169
f 326/545/326 252/398/252 169/258/169
f 327/546/327 277/449/277 252/398/252
f 241/373/241 311/547/311 238/370/238
f 277/449/277 327/546/327 280/453/280
f 256/402/256 242/374/242 328/548/328
f 278/517/278 312/549/312 329/550/329
f 280/453/280 313/519/313 150/450/150
f 257/551/257 136/185/136 312/549/312
f 242/374/242 134/376/134 195/552/195
f 298/484/298 246/483/246 314/553/314
f 176/269/176 151/219/151 330/554/330
f 299/485/299 198/305/198 177/270/177
f 107/142/107 119/407/119 331/555/331
f 109/188/109 258/408/258 119/158/119
f 220/486/220 219/334/219 332/556/332
f 218/333/218 247/382/247 81/108/81
f 260/557/260 121/558/121 333/559/333
f 179/272/179 139/193/139 334/560/334
f 335/561/335 139/193/139 122/163/122
f 158/235/158 225/342/225 180/274/180
f 140/195/140 265/529/265 262/562/262
f 202/416/202 319/531/319 336/563/336
f 202/416/202 336/563/336 203/564/203
f 265/422/265 226/347/226 337/565/337
f 267/566/267 266/490/266 320/567/320
f 320/567/320 266/490/266 301/492/301
f 301/535/301 303/494/303 338/568/338
f 303/494/303 287/464/287 339/569/339
f 162/570/162 340/571/340 205/572/205
f 340/571/340 341/573/341 205/572/205
f 304/495/304 184/287/184 342/574/342
f 184/497/184 306/498/306 343/575/343
f 289/466/289 290/467/290 206/315/206
f 115/576/115 344/577/344 228/578/228
f 292/471/292 345/579/345 231/357/231
f 270/436/270 346/580/346 271/437/271
f 211/581/211 214/359/214 347/582/347
f 348/583/348 323/539/323 273/508/273
f 309/541/309 347/582/347 214/359/214
f 310/512/310 349/584/349 309/509/309
f 133/248/133 350/585/350 164/249/164
f 351/586/351 192/397/192 237/369/237
f 276/448/276 235/447/235 352/587/352
f 353/588/353 279/452/279 256/402/256
f 328/548/328 237/514/237 256/402/256
f 278/517/278 329/550/329 311/515/311
f 354/589/354 280/453/280 327/546/327
f 353/588/353 281/454/281 279/452/279
f 354/590/354 328/591/328 242/592/242
f 313/519/313 280/453/280 354/589/354
f 242/374/242 195/552/195 313/593/313
f 244/594/244 174/520/174 313/519/313
f 135/184/135 281/454/281 355/595/355
f 136/185/136 245/379/245 356/596/356
f 245/379/245 196/302/196 315/522/315
f 198/305/198 357/597/357 178/271/178
f 358/598/358 219/334/219 300/488/300
f 259/599/259 260/557/260 359/600/359
f 155/230/155 300/488/300 219/334/219
f 137/601/137 285/602/285 300/603/300
f 333/559/333 121/558/121 283/604/283
f 360/605/360 157/234/157 221/336/221
f 360/605/360 223/338/223 222/337/222
f 334/606/334 224/339/224 179/341/179
f 335/561/335 122/163/122 262/412/262
f 265/607/265 337/608/337 262/412/262
f 320/609/320 301/610/301 361/611/361
f 362/612/362 204/613/204 203/614/203
f 302/493/302 340/615/340 162/246/162
f 339/569/339 287/464/287 363/616/363
f 287/464/287 304/495/304 363/616/363
f 341/617/341 305/496/305 205/314/205
f 291/469/291 344/618/344 115/470/115
f 290/619/290 291/469/291 132/468/132
f 364/620/364 207/621/207 249/622/249
f 322/623/322 250/394/250 365/624/365
f 250/394/250 232/393/232 366/625/366
f 367/626/367 212/321/212 231/357/231
f 212/321/212 348/627/348 273/441/273
f 232/628/232 189/292/189 188/291/188
f 347/582/347 309/541/309 349/629/349
f 310/512/310 104/511/104 148/630/148
f 368/631/368 350/632/350 133/180/133
f 294/633/294 308/634/308 323/635/323
f 217/331/217 164/249/164 369/636/369
f 275/637/275 234/363/234 296/477/296
f 324/542/324 326/545/326 215/329/215
f 192/638/192 351/639/351 325/640/325
f 370/641/370 351/642/351 237/643/237
f 371/644/371 239/371/239 253/399/253
f 239/371/239 254/400/254 240/372/240
f 254/400/254 353/588/353 256/402/256
f 311/547/311 372/645/372 238/370/238
f 355/595/355 281/454/281 353/588/353
f 242/592/242 313/646/313 354/590/354
f 219/334/219 358/598/358 373/647/373
f 374/648/374 261/411/261 284/457/284
f 375/649/375 258/408/258 220/335/220
f 318/525/318 199/308/199 376/650/376
f 222/528/222 157/527/157 360/651/360
f 200/309/200 224/383/224 377/652/377
f 378/653/378 319/654/319 180/655/180
f 362/656/362 302/657/302 204/658/204
f 301/659/301 338/660/338 361/661/361
f 302/662/302 362/663/362 379/664/379
f 338/660/338 303/665/303 380/666/380
f 380/667/380 303/668/303 381/669/381
f 379/670/379 382/671/382 302/672/302
f 303/673/303 339/674/339 381/675/381
f 382/676/382 340/615/340 302/493/302
f 383/677/383 288/465/288 163/247/163
f 185/499/185 307/501/307 321/678/321
f 229/500/229 322/679/322 307/501/307
f 321/680/321 384/681/384 292/682/292
f 211/440/211 347/683/347 272/438/272
f 368/631/368 133/180/133 294/474/294
f 294/684/294 323/685/323 348/686/348
f 294/687/294 348/688/348 385/689/385
f 251/396/251 386/690/386 253/399/253
f 238/370/238 372/645/372 255/401/255
f 387/691/387 388/692/388 135/184/135
f 245/379/245 315/522/315 389/693/389
f 298/484/298 390/694/390 117/482/117
f 117/154/117 391/695/391 197/303/197
f 392/696/392 299/485/299 91/121/91
f 151/219/151 152/304/152 316/697/316
f 178/271/178 393/698/393 282/455/282
f 300/488/300 285/699/285 358/598/358
f 394/700/394 218/333/218 282/455/282
f 394/700/394 247/382/247 218/333/218
f 395/701/395 221/336/221 286/459/286
f 377/652/377 199/308/199 200/309/200
f 377/652/377 224/383/224 396/702/396
f 334/560/334 139/193/139 335/561/335
f 378/703/378 180/704/180 225/705/225
f 362/706/362 203/564/203 336/563/336
f 380/667/397 381/669/398 397/707/399
f 397/708/399 381/675/398 339/674/400
f 398/709/401 341/617/341 340/615/340
f 304/710/304 342/711/342 399/712/402
f 184/497/184 343/575/343 342/711/342
f 400/713/403 347/582/347 349/629/349
f 310/714/310 401/715/404 349/716/349
f 188/291/188 103/135/103 275/637/275
f 274/444/274 324/542/324 165/251/165
f 191/295/191 295/476/295 402/717/405
f 403/718/406 251/396/251 217/331/217
f 404/719/407 371/644/371 253/399/253
f 405/720/408 235/721/235 255/722/255
f 237/514/237 328/548/328 406/723/409
f 254/400/254 239/371/239 353/588/353
f 372/724/372 311/515/311 329/550/329
f 407/725/410 354/589/354 327/546/327
f 356/596/356 329/550/329 312/549/312
f 356/596/356 312/549/312 136/185/136
f 297/726/297 313/727/313 195/728/195
f 297/729/297 244/594/244 313/519/313
f 245/730/245 389/731/389 356/732/356
f 388/692/388 314/521/314 135/184/135
f 389/693/389 315/522/315 175/406/175
f 284/457/284 259/409/259 359/733/359
f 408/734/411 332/556/332 219/334/219
f 408/735/411 219/736/219 373/737/373
f 409/738/412 373/737/373 358/739/358
f 282/455/282 393/698/393 394/700/394
f 119/158/119 258/408/258 331/740/331
f 358/741/358 285/458/285 410/742/413
f 411/743/414 375/744/375 220/745/220
f 333/746/333 283/456/283 247/382/247
f 412/747/415 286/459/286 261/411/261
f 395/748/395 360/749/360 221/750/221
f 334/560/334 396/702/396 224/383/224
f 378/653/378 336/751/336 319/654/319
f 262/412/262 337/608/337 413/752/416
f 320/533/320 414/753/417 226/534/226
f 226/347/226 414/754/417 337/565/337
f 361/661/361 338/660/338 415/755/418
f 416/756/419 417/757/420 379/758/379
f 416/759/419 379/760/379 362/706/362
f 381/761/421 339/762/339 380/763/380
f 288/764/288 418/765/422 289/766/289
f 306/498/306 228/353/228 419/767/423
f 364/768/364 249/769/249 420/770/424
f 249/391/249 269/432/269 420/771/424
f 250/394/250 366/625/366 365/624/365
f 270/772/270 421/773/425 346/774/346
f 293/472/293 272/438/272 422/775/426
f 422/776/426 272/777/272 347/582/347
f 232/628/232 188/291/188 423/778/427
f 148/630/148 424/779/428 310/512/310
f 294/687/294 385/689/385 425/780/429
f 401/781/404 400/782/403 349/584/349
f 310/512/310 400/782/403 401/781/404
f 350/585/350 369/636/369 164/249/164
f 274/444/274 426/783/430 324/542/324
f 369/636/369 403/718/406 217/331/217
f 275/637/275 296/477/296 427/784/431
f 370/641/370 237/643/237 406/785/409
f 352/786/352 235/721/235 405/720/408
f 252/398/252 406/787/409 327/546/327
f 406/788/409 328/591/328 407/789/410
f 328/591/328 354/590/354 407/789/410
f 355/595/355 387/691/387 135/184/135
f 175/406/175 428/790/432 389/693/389
f 390/791/390 391/792/391 117/793/117
f 91/121/91 197/303/197 392/696/392
f 175/266/175 176/269/176 429/794/433
f 359/600/359 260/557/260 430/795/434
f 358/739/358 410/796/413 409/738/412
f 410/742/413 285/458/285 431/797/435
f 260/557/260 333/559/333 432/798/436
f 223/338/223 360/605/360 225/342/225
f 262/412/262 433/799/437 335/561/335
f 337/800/337 414/801/417 413/802/416
f 320/533/320 434/803/438 414/753/417
f 320/609/320 361/611/361 435/804/439
f 379/805/379 417/806/420 382/807/382
f 339/569/339 436/808/440 380/809/380
f 382/676/382 437/810/441 340/615/340
f 363/616/363 438/811/442 339/569/339
f 304/495/304 439/812/443 363/616/363
f 304/710/304 399/712/402 439/813/443
f 305/496/305 383/677/383 163/247/163
f 231/357/231 345/579/345 367/626/367
f 367/626/367 348/627/348 212/321/212
f 366/625/366 232/393/232 423/814/427
f 148/815/148 440/816/444 424/817/428
f 294/818/294 425/819/429 368/820/368
f 296/543/296 325/544/325 427/821/431
f 295/822/295 276/823/276 441/824/445
f 370/825/370 406/787/409 252/398/252
f 407/725/410 327/546/327 406/787/409
f 429/794/433 176/269/176 330/554/330
f 284/457/284 359/733/359 442/826/446
f 330/554/330 151/219/151 316/697/316
f 443/827/447 198/305/198 299/485/299
f 198/305/198 444/828/448 357/597/357
f 445/829/449 409/830/412 410/831/413
f 357/597/357 393/698/393 178/271/178
f 374/648/374 446/832/450 261/411/261
f 431/797/435 285/458/285 318/525/318
f 412/747/415 395/701/395 286/459/286
f 199/308/199 377/652/377 376/650/376
f 262/412/262 413/752/416 433/799/437
f 434/833/438 320/609/320 435/804/439
f 416/759/419 362/706/362 336/563/336
f 415/834/418 447/835/451 361/836/361
f 338/660/338 380/666/380 415/755/418
f 415/837/418 380/838/380 448/839/452
f 448/840/452 380/841/380 436/842/440
f 436/808/440 339/569/339 438/811/442
f 449/843/453 438/844/442 363/845/363
f 340/615/340 437/810/441 398/709/401
f 450/846/454 342/711/342 343/575/343
f 451/847/455 290/467/290 289/466/289
f 420/771/424 269/432/269 452/848/456
f 453/849/457 425/780/429 385/689/385
f 148/850/148 190/851/190 440/852/444
f 427/853/431 325/854/325 324/855/324
f 325/856/325 351/857/351 454/858/458
f 251/396/251 455/859/459 386/690/386
f 386/690/386 404/719/407 253/399/253
f 404/860/407 456/861/460 371/862/371
f 255/401/255 372/645/372 405/863/408
f 371/644/371 353/588/353 239/371/239
f 457/864/461 175/266/175 429/794/433
f 458/865/462 359/600/359 430/795/434
f 284/457/284 442/826/446 374/648/374
f 332/556/332 411/866/414 220/486/220
f 375/867/375 459/868/463 258/869/258
f 432/798/436 333/559/333 460/870/464
f 394/700/394 460/871/464 247/382/247
f 360/749/360 461/872/465 225/705/225
f 334/560/334 335/561/335 462/873/466
f 225/705/225 463/874/467 378/703/378
f 462/873/466 335/561/335 433/799/437
f 336/563/336 464/875/468 416/759/419
f 361/836/361 447/835/451 435/876/439
f 465/877/469 363/616/363 439/812/443
f 399/712/402 466/878/470 439/813/443
f 439/879/443 466/880/470 467/881/471
f 341/617/341 468/882/472 305/496/305
f 418/765/422 288/764/288 383/883/383
f 469/884/473 419/767/423 228/353/228
f 228/353/228 344/885/344 469/884/473
f 207/621/207 470/886/474 230/887/230
f 322/888/322 365/415/365 471/889/475
f 230/887/230 472/890/476 270/891/270
f 293/472/293 422/775/426 473/892/477
f 422/776/426 347/582/347 474/893/478
f 346/580/346 475/894/479 271/437/271
f 190/293/190 191/295/191 440/895/444
f 440/895/444 191/295/191 402/717/405
f 324/896/324 476/897/480 326/898/326
f 326/545/326 370/825/370 252/398/252
f 404/860/407 477/899/481 456/861/460
f 372/724/372 329/550/329 478/900/482
f 314/553/314 388/901/388 298/484/298
f 298/484/298 388/901/388 390/694/390
f 479/902/483 359/600/359 458/865/462
f 408/735/411 373/737/373 409/738/412
f 442/826/446 480/903/484 374/648/374
f 198/305/198 443/827/447 444/828/448
f 332/556/332 481/904/485 411/866/414
f 260/557/260 432/798/436 430/795/434
f 393/698/393 357/597/357 432/905/436
f 107/142/107 331/555/331 317/906/317
f 258/869/258 459/868/463 331/907/331
f 411/743/414 482/908/486 375/744/375
f 460/871/464 333/746/333 247/382/247
f 318/525/318 483/909/487 431/797/435
f 484/910/488 412/747/415 261/411/261
f 378/653/378 464/911/468 336/751/336
f 417/757/420 416/756/419 485/912/489
f 434/913/438 447/835/451 414/914/417
f 434/913/438 435/876/439 447/835/451
f 415/915/418 448/916/452 486/917/490
f 399/918/402 342/919/342 450/920/454
f 470/886/474 472/890/476 230/887/230
f 345/921/345 487/922/491 367/923/367
f 347/582/347 400/713/403 474/893/478
f 488/924/492 400/782/403 310/512/310
f 188/291/188 275/637/275 489/925/493
f 427/926/431 324/927/324 426/928/430
f 402/929/405 295/930/295 490/931/494
f 491/932/495 355/595/355 353/588/353
f 492/933/496 388/692/388 387/691/387
f 493/934/497 429/794/433 330/554/330
f 442/826/446 359/733/359 479/935/483
f 494/936/498 408/735/411 409/738/412
f 411/937/414 317/938/317 331/939/331
f 460/870/464 495/940/499 432/798/436
f 484/910/488 261/411/261 446/832/450
f 376/650/376 377/652/377 496/941/500
f 497/942/501 360/749/360 395/748/395
f 461/872/465 463/874/467 225/705/225
f 498/943/502 378/703/378 463/874/467
f 499/944/503 413/802/416 414/801/417
f 499/945/503 414/946/417 500/947/504
f 485/948/489 416/949/419 501/950/505
f 501/951/505 416/759/419 464/875/468
f 500/952/504 414/914/417 447/835/451
f 502/953/506 447/643/451 415/954/418
f 502/953/506 415/954/418 486/955/490
f 438/956/442 486/957/490 448/840/452
f 436/842/440 438/956/442 448/840/452
f 449/958/453 363/616/363 465/877/469
f 439/812/443 467/959/471 503/960/507
f 343/575/343 306/498/306 419/767/423
f 504/961/508 384/681/384 321/680/321
f 505/962/509 364/768/364 420/770/424
f 307/963/307 322/964/322 471/965/475
f 487/966/491 345/579/345 292/471/292
f 452/967/456 269/968/269 293/472/293
f 472/969/476 421/773/425 270/772/270
f 506/970/510 293/472/293 473/892/477
f 385/689/385 348/688/348 453/849/457
f 507/971/511 425/780/429 453/849/457
f 274/972/274 475/973/479 426/974/430
f 508/975/512 509/976/513 369/636/369
f 369/977/369 509/978/513 403/979/406
f 295/822/295 441/824/445 510/980/514
f 325/856/325 511/981/515 324/982/324
f 251/396/251 403/718/406 455/859/459
f 454/983/458 351/984/351 326/985/326
f 351/986/351 370/825/370 326/545/326
f 372/645/372 478/987/482 405/863/408
f 392/696/392 512/988/516 299/485/299
f 408/989/411 513/990/517 481/991/485
f 408/989/411 481/991/485 332/992/332
f 514/993/518 317/938/317 411/937/414
f 432/905/436 394/700/394 393/698/393
f 432/905/436 495/994/499 394/700/394
f 331/939/331 482/995/486 411/937/414
f 331/939/331 459/996/463 482/995/486
f 495/994/499 460/871/464 394/700/394
f 459/996/463 375/997/375 482/995/486
f 318/525/318 515/998/519 483/909/487
f 484/999/488 516/1000/520 412/1001/415
f 318/525/318 376/650/376 517/1002/521
f 518/1003/522 461/872/465 360/749/360
f 396/702/396 334/560/334 519/1004/523
f 499/1005/503 433/799/437 413/752/416
f 485/948/489 501/950/505 520/276/524
f 398/1006/401 437/1007/441 341/1008/341
f 465/877/469 439/812/443 503/960/507
f 521/1009/525 291/469/291 290/619/290
f 452/967/456 293/472/293 506/970/510
f 422/775/426 474/1010/478 473/892/477
f 522/1011/526 348/627/348 367/626/367
f 274/972/274 271/1012/271 475/973/479
f 368/820/368 425/819/429 350/1013/350
f 400/713/403 488/1014/492 474/893/478
f 490/1015/494 295/1016/295 510/1017/514
f 325/856/325 454/858/458 511/981/515
f 326/985/326 476/1018/480 454/983/458
f 405/720/408 523/1019/527 352/786/352
f 355/595/355 491/932/495 387/691/387
f 389/731/389 524/1020/528 525/1021/529
f 316/697/316 526/1022/530 330/554/330
f 411/223/414 481/1023/485 514/1024/518
f 480/903/484 527/1025/531 374/648/374
f 374/648/374 528/1026/532 446/832/450
f 446/832/450 529/1027/533 484/910/488
f 318/525/318 517/1002/521 515/998/519
f 497/942/501 518/1003/522 360/749/360
f 396/702/396 530/1028/534 377/652/377
f 447/835/451 502/1029/506 500/952/504
f 485/1030/489 382/1031/382 417/1032/420
f 486/957/490 438/956/442 531/1033/535
f 399/712/402 532/1034/536 466/878/470
f 467/881/471 466/880/470 533/1035/537
f 399/918/402 450/920/454 532/1036/536
f 305/1037/305 534/1038/538 383/883/383
f 383/883/383 535/1039/539 418/765/422
f 291/469/291 536/1040/540 344/618/344
f 451/1041/455 521/1009/525 290/619/290
f 321/678/321 307/501/307 504/1042/508
f 522/1011/526 453/1043/457 348/627/348
f 350/585/350 508/975/512 369/636/369
f 426/928/430 537/1044/541 427/926/431
f 511/1045/515 476/1046/480 324/1047/324
f 441/1048/445 276/1049/276 538/1050/542
f 478/1051/482 539/1052/543 405/1053/408
f 329/550/329 356/596/356 478/900/482
f 356/732/356 389/731/389 525/1021/529
f 428/790/432 540/1054/544 389/693/389
f 479/902/483 458/865/462 541/1055/545
f 430/795/434 542/1056/546 458/865/462
f 442/826/446 543/1057/547 544/1058/548
f 432/798/436 545/1059/549 430/795/434
f 483/909/487 546/1060/550 431/797/435
f 446/1061/450 528/1062/532 529/1063/533
f 412/1001/415 516/1000/520 395/748/395
f 334/560/334 462/873/466 519/1004/523
f 485/1064/489 520/1065/524 382/1066/382
f 486/1067/490 531/1068/535 547/1069/551
f 449/958/453 465/877/469 438/811/442
f 437/1007/441 548/1070/552 341/1008/341
f 467/959/471 533/1071/537 503/960/507
f 305/1037/305 549/1072/553 534/1038/538
f 504/1073/508 550/1074/554 551/1075/555
f 504/1076/508 551/1077/555 384/1078/384
f 505/1079/509 420/1080/424 552/1081/556
f 384/1078/384 551/1077/555 292/1082/292
f 522/1083/526 553/1084/557 453/849/457
f 553/1084/557 507/971/511 453/849/457
f 310/512/310 424/779/428 554/1085/558
f 310/512/310 554/1085/558 488/924/492
f 275/637/275 427/784/431 489/925/493
f 427/784/431 555/1086/559 489/925/493
f 427/1087/431 537/1088/541 555/1089/559
f 509/978/513 556/1090/560 403/979/406
f 352/587/352 538/1091/542 276/448/276
f 456/1092/460 353/588/353 371/644/371
f 356/596/356 557/1093/561 478/900/482
f 491/1094/495 492/1095/496 387/1096/387
f 492/933/496 558/1097/562 388/692/388
f 457/864/461 428/1098/432 175/266/175
f 391/695/391 392/696/392 197/303/197
f 429/794/433 493/934/497 457/864/461
f 408/989/411 494/1099/498 513/990/517
f 442/1100/446 479/1101/483 543/1102/547
f 409/738/412 559/1103/563 494/936/498
f 409/738/412 445/1104/449 559/1103/563
f 430/795/434 545/1059/549 542/1056/546
f 443/1105/447 560/1106/564 444/1107/448
f 316/523/316 317/524/317 526/1108/530
f 317/1109/317 561/1110/565 526/1022/530
f 317/1111/317 514/1112/518 561/1113/565
f 442/826/446 544/1058/548 480/903/484
f 410/742/413 431/797/435 562/1114/566
f 395/748/395 516/1000/520 497/942/501
f 376/650/376 563/1115/567 517/1002/521
f 376/650/376 496/941/500 563/1115/567
f 396/702/396 519/1004/523 530/1028/534
f 462/873/466 564/1116/568 565/1117/569
f 486/955/490 547/1118/551 502/953/506
f 520/1065/524 566/1119/570 382/1066/382
f 567/1120/571 531/1068/535 438/1121/442
f 466/1122/470 568/1123/572 533/1124/537
f 466/878/470 532/1034/536 568/1125/572
f 383/883/383 534/1038/538 535/1039/539
f 419/767/423 569/1126/573 343/575/343
f 291/469/291 521/1009/525 536/1040/540
f 307/1127/307 570/1128/574 504/845/508
f 207/621/207 571/1129/575 470/886/474
f 207/621/207 364/620/364 571/1129/575
f 505/1130/509 552/1131/556 364/1132/364
f 367/626/367 572/1133/576 522/1011/526
f 365/624/365 366/625/366 573/1134/577
f 421/773/425 574/1135/578 346/774/346
f 488/1014/492 575/1136/579 474/893/478
f 511/1045/515 454/1137/458 476/1046/480
f 441/1048/445 538/1050/542 576/1138/580
f 540/1139/544 524/1020/528 389/731/389
f 577/1140/581 543/1102/547 479/1101/483
f 458/865/462 542/1056/546 541/1055/545
f 330/554/330 526/1022/530 578/1141/582
f 481/991/485 579/1142/583 514/1143/518
f 484/999/488 580/1144/584 516/1000/520
f 497/942/501 581/1145/585 518/1003/522
f 496/941/500 377/652/377 530/1028/534
f 462/873/466 565/1117/569 519/1004/523
f 378/703/378 582/1146/586 464/1147/468
f 502/1148/506 583/1149/587 500/1150/504
f 547/1069/551 531/1068/535 567/1120/571
f 567/1151/571 584/1152/588 585/1153/589
f 438/1154/442 584/1152/588 567/1151/571
f 419/767/423 469/884/473 569/1126/573
f 536/1155/540 586/1156/590 344/1157/344
f 551/1158/555 550/1159/554 570/1160/574
f 504/1073/508 570/583/574 550/1074/554
f 472/969/476 574/1135/578 421/773/425
f 367/923/367 487/922/491 572/1161/576
f 587/1162/591 475/1163/479 346/657/346
f 507/1164/511 553/1165/557 425/1166/429
f 588/1167/592 489/925/493 555/1086/559
f 386/690/386 477/1168/481 404/719/407
f 353/588/353 456/1092/460 491/932/495
f 557/1093/561 356/596/356 525/1169/529
f 390/694/390 388/901/388 391/1170/391
f 589/1171/593 543/1102/547 577/1140/581
f 513/990/517 579/1142/583 481/991/485
f 559/1103/563 445/1104/449 590/1172/594
f 579/1142/583 591/1173/595 514/1143/518
f 432/798/436 592/1174/596 545/1059/549
f 445/1104/449 410/796/413 590/1172/594
f 357/1175/357 444/1176/448 432/1177/436
f 527/1025/531 528/1026/532 374/648/374
f 581/1145/585 593/1178/597 518/1003/522
f 463/874/467 594/1179/598 498/943/502
f 433/799/437 595/1180/599 462/873/466
f 498/943/502 582/1146/586 378/703/378
f 500/947/504 583/1181/587 499/945/503
f 596/1182/600 583/1149/587 502/1148/506
f 596/1182/600 502/1148/506 547/1183/551
f 584/1184/588 438/811/442 465/877/469
f 566/1119/570 437/1007/441 382/1066/382
f 597/1185/601 548/1070/552 437/1007/441
f 598/1186/602 533/1124/537 568/1123/572
f 468/1187/472 549/1072/553 305/1037/305
f 532/1034/536 450/846/454 599/1188/603
f 450/846/454 343/575/343 599/1188/603
f 600/1189/604 289/766/289 418/765/422
f 586/1190/590 469/884/473 344/885/344
f 601/1191/605 364/1192/364 552/1193/556
f 602/1194/606 551/1158/555 570/1160/574
f 471/1195/475 365/624/365 573/1134/577
f 573/1134/577 366/625/366 423/814/427
f 423/814/427 188/1196/188 603/1197/607
f 604/1198/608 350/1199/350 425/1200/429
f 188/291/188 489/925/493 588/1167/592
f 474/1201/478 575/1202/579 605/1203/609
f 425/1204/429 606/1205/610 604/1206/608
f 575/1136/579 488/1014/492 554/1207/558
f 537/1208/541 426/974/430 475/973/479
f 577/1140/581 479/1101/483 541/1209/545
f 607/1210/611 589/1171/593 577/1140/581
f 608/1211/612 591/1173/595 579/1142/583
f 592/1212/596 432/1177/436 444/1176/448
f 561/1213/565 514/1214/518 591/1215/595
f 480/903/484 544/1058/548 527/1025/531
f 562/1114/566 431/797/435 546/1060/550
f 529/1063/533 580/1144/584 484/999/488
f 515/998/519 517/1002/521 609/1216/613
f 610/1217/614 461/872/465 518/1003/522
f 610/1217/614 463/874/467 461/872/465
f 595/1218/599 564/1219/568 462/1220/466
f 547/1221/551 567/1222/571 611/1223/615
f 567/1224/571 585/1225/589 611/1226/615
f 612/1227/616 465/877/469 503/960/507
f 503/1228/507 533/1229/537 598/1230/602
f 548/1070/552 613/1231/617 341/1008/341
f 568/1125/572 532/1034/536 598/1232/602
f 600/1189/604 451/1233/455 289/766/289
f 571/1129/575 472/890/476 470/886/474
f 551/1077/555 487/1234/491 292/1082/292
f 474/1010/478 614/1235/618 473/892/477
f 614/1235/618 474/1010/478 615/1236/619
f 615/1237/619 474/1201/478 605/1203/609
f 522/1083/526 616/1238/620 553/1084/557
f 603/1239/607 188/291/188 588/1167/592
f 554/1085/558 424/779/428 617/1240/621
f 617/1240/621 618/1241/622 554/1085/558
f 554/1207/558 618/1242/622 575/1136/579
f 477/899/481 619/1243/623 456/861/460
f 405/720/408 539/1244/543 523/1019/527
f 525/1021/529 524/1020/528 620/1245/624
f 493/934/497 330/554/330 621/1246/625
f 330/554/330 578/1141/582 621/1246/625
f 559/1103/563 622/1247/626 494/936/498
f 589/1171/593 623/1248/627 544/1249/548
f 543/1102/547 589/1171/593 544/1249/548
f 517/1002/521 563/1115/567 609/1216/613
f 624/1250/628 497/942/501 516/1000/520
f 581/1145/585 497/942/501 624/1250/628
f 433/799/437 499/1005/503 625/1251/629
f 582/1252/586 501/951/505 464/875/468
f 583/1181/587 596/1253/600 499/945/503
f 547/1254/551 611/1255/615 596/1256/600
f 626/1257/630 566/1119/570 520/1065/524
f 597/1185/601 613/1231/617 548/1070/552
f 601/1191/605 571/1258/575 364/1192/364
f 570/1259/574 627/1260/631 602/1261/606
f 574/1135/578 587/1262/591 346/774/346
f 423/814/427 603/1197/607 573/1134/577
f 425/1263/429 553/1264/557 628/1265/632
f 440/1266/444 402/1267/405 629/1268/633
f 555/1269/559 537/1270/541 630/1271/634
f 631/1272/635 491/932/495 456/1092/460
f 491/1094/495 558/1273/562 492/1095/496
f 457/864/461 493/934/497 632/1274/636
f 299/1275/299 512/1276/516 443/1105/447
f 513/990/517 494/1099/498 633/1277/637
f 541/1278/545 542/1279/546 577/1280/581
f 545/1281/549 592/1282/596 634/1283/638
f 546/1060/550 483/909/487 635/1284/639
f 515/998/519 609/1216/613 483/909/487
f 516/1000/520 580/1144/584 624/1250/628
f 530/1028/534 636/1285/640 496/941/500
f 519/1004/523 565/1117/569 530/1028/534
f 594/1179/598 637/1286/641 498/943/502
f 582/1252/586 626/1257/630 501/951/505
f 520/1065/524 501/951/505 626/1257/630
f 596/1256/600 611/1255/615 638/1287/642
f 585/1288/589 638/1287/642 611/1255/615
f 566/1119/570 639/1289/643 597/1185/601
f 566/1119/570 597/1185/601 437/1007/441
f 341/1008/341 613/1231/617 468/1290/472
f 521/1009/525 640/1291/644 536/1040/540
f 451/1233/455 600/1189/604 521/1292/525
f 552/1293/556 641/1294/645 601/1295/605
f 552/1296/556 642/1297/646 641/1298/645
f 307/1299/307 627/1300/631 570/1301/574
f 571/1302/575 601/1303/605 472/1304/476
f 627/1305/631 307/963/307 471/965/475
f 440/816/444 629/1306/633 424/817/428
f 350/1239/350 643/1307/647 508/1308/512
f 425/1309/429 628/1310/632 606/1311/610
f 475/1312/479 644/1313/648 537/1314/541
f 402/1315/405 490/1015/494 645/1316/649
f 403/979/406 556/1090/560 455/1317/459
f 352/587/352 523/1318/527 538/1091/542
f 428/1098/432 457/864/461 632/1274/636
f 392/1319/392 646/1320/650 512/1276/516
f 443/1105/447 647/1321/651 560/1106/564
f 513/990/517 633/1277/637 579/1142/583
f 560/1106/564 648/1322/652 444/1107/448
f 444/1176/448 648/1323/652 592/1212/596
f 593/1178/597 610/1217/614 518/1003/522
f 610/1217/614 649/1324/653 463/874/467
f 499/945/503 596/1253/600 625/1325/629
f 626/1326/630 650/1327/654 566/1328/570
f 596/1329/600 638/1330/642 651/1331/655
f 585/1153/589 651/1332/655 638/1333/642
f 584/1184/588 465/877/469 612/1227/616
f 598/1334/602 652/1335/656 653/1336/657
f 343/575/343 569/1126/573 654/1337/658
f 602/1194/606 655/1338/659 551/1158/555
f 587/1262/591 644/1313/648 475/1312/479
f 617/1240/621 656/1339/660 618/1241/622
f 508/1340/512 657/1341/661 509/1342/513
f 537/1343/541 644/1344/648 630/1345/634
f 456/861/460 619/1243/623 631/1346/635
f 388/901/388 658/1347/662 391/1170/391
f 391/1348/391 659/1349/663 392/1319/392
f 392/1319/392 659/1349/663 646/1320/650
f 493/934/497 621/1246/625 632/1274/636
f 545/1350/549 634/1351/638 660/1352/664
f 410/796/413 661/1353/665 590/1172/594
f 634/1354/638 592/1355/596 662/1356/666
f 592/1212/596 648/1323/652 662/1357/666
f 410/796/413 562/1358/566 661/1353/665
f 527/1025/531 663/1359/667 528/1026/532
f 483/909/487 609/1216/613 664/1360/668
f 563/1115/567 496/941/500 665/1361/669
f 496/941/500 666/1362/670 665/1361/669
f 565/1117/569 667/1363/671 530/1028/534
f 625/1325/629 596/1253/600 668/1364/672
f 596/1365/600 651/1366/655 668/1367/672
f 650/1327/654 639/1368/643 566/1328/570
f 585/1153/589 584/1152/588 651/1332/655
f 639/1289/643 669/1369/673 597/1185/601
f 613/1370/617 670/1371/674 468/1187/472
f 468/1187/472 670/1371/674 671/1372/675
f 468/1187/472 671/1372/675 549/1072/553
f 343/575/343 654/1337/658 599/1188/603
f 572/1373/576 672/1374/676 522/1375/526
f 672/1374/676 616/1376/620 522/1375/526
f 604/1198/608 606/1377/610 673/1378/677
f 606/1311/610 628/1310/632 674/1379/678
f 402/1267/405 675/1380/679 629/1268/633
f 490/1015/494 510/1017/514 645/1316/649
f 555/1381/559 676/1382/680 677/1383/681
f 555/1269/559 630/1271/634 676/1384/680
f 630/1271/634 678/1385/682 676/1384/680
f 441/824/445 576/1386/580 510/980/514
f 538/1050/542 679/1387/683 576/1138/580
f 539/1244/543 680/1388/684 523/1019/527
f 478/1051/482 557/1389/561 539/1052/543
f 525/1169/529 620/1390/624 681/1391/685
f 558/1392/562 658/1393/662 388/1394/388
f 391/1348/391 658/1395/662 659/1349/663
f 428/1098/432 632/1274/636 540/1396/544
f 577/1280/581 542/1279/546 682/1397/686
f 542/1279/546 545/1398/549 682/1397/686
f 608/1211/612 683/1399/687 591/1173/595
f 529/1063/533 684/1400/688 580/1144/584
f 496/1401/500 636/1402/640 666/1403/670
f 626/1257/630 685/1404/689 650/1405/654
f 503/960/507 653/1406/657 686/1407/690
f 598/1230/602 653/1408/657 503/1228/507
f 598/1409/602 687/1410/691 652/1411/656
f 532/1034/536 688/1412/692 687/1413/691
f 418/765/422 535/1039/539 600/1189/604
f 552/1414/556 420/1401/424 642/1415/646
f 655/1416/659 487/1417/491 551/1418/555
f 689/1419/693 574/1135/578 472/969/476
f 587/1262/591 690/1420/694 644/1313/648
f 588/1421/592 555/1269/559 691/1422/695
f 677/1423/681 691/1422/695 555/1269/559
f 455/859/459 692/1424/696 386/690/386
f 491/1094/495 693/1425/697 558/1273/562
f 694/1426/698 494/1099/498 695/1427/699
f 607/1210/611 696/1428/700 589/1171/593
f 694/1426/698 633/1277/637 494/1099/498
f 512/1276/516 647/1321/651 443/1105/447
f 682/1429/686 545/1350/549 660/1352/664
f 697/1430/701 660/1431/664 634/1432/638
f 560/1433/702 648/1434/703 634/1435/704
f 561/1436/565 591/1437/595 698/1438/705
f 683/1399/687 698/1439/705 591/1173/595
f 528/1062/532 684/1400/688 529/1063/533
f 635/1284/639 483/909/487 664/1360/668
f 609/1216/613 563/1115/567 665/1361/669
f 593/1178/597 581/1145/585 699/1440/706
f 700/1441/707 685/1442/689 626/1443/630
f 584/1444/588 612/1445/616 701/1446/708
f 639/1368/643 650/1327/654 702/1447/709
f 702/1448/709 650/1405/654 685/1404/689
f 597/1449/601 703/1450/710 613/1451/617
f 687/1413/691 598/1232/602 532/1034/536
f 532/1034/536 599/1188/603 688/1412/692
f 704/1452/711 586/1156/590 536/1155/540
f 705/1453/712 521/1292/525 600/1189/604
f 706/1454/713 603/1455/607 588/1421/592
f 616/1238/620 628/1456/632 553/1084/557
f 605/1203/609 575/1202/579 707/1457/714
f 673/1378/677 606/1377/610 674/1458/678
f 708/1459/715 556/1090/560 509/978/513
f 709/1460/716 630/1461/634 710/1462/717
f 523/1019/527 680/1388/684 711/1463/718
f 539/1244/543 557/1093/561 680/1388/684
f 620/1245/624 524/1020/528 712/1464/719
f 524/1465/528 540/1466/544 712/1467/719
f 494/936/498 622/1247/626 695/1468/699
f 633/1277/637 713/1469/720 579/1142/583
f 559/1103/563 590/1172/594 622/1247/626
f 634/1432/638 662/1470/666 697/1430/701
f 636/1285/640 530/1028/534 667/1363/671
f 714/1471/721 582/1146/586 498/943/502
f 688/1412/692 599/1188/603 715/1472/722
f 716/1473/723 600/1189/604 535/1039/539
f 602/1261/606 627/1260/631 717/1474/724
f 420/771/424 452/848/456 642/1475/646
f 471/1476/475 718/1477/725 627/1260/631
f 719/1478/726 572/1479/576 487/1480/491
f 473/892/477 614/1235/618 720/1481/727
f 616/1238/620 721/1482/728 628/1456/632
f 618/1483/622 707/1457/714 575/1202/579
f 644/1484/648 710/1462/717 630/1461/634
f 676/1384/680 678/1385/682 677/1423/681
f 646/1320/650 722/1485/729 512/1276/516
f 694/1426/698 695/1427/699 723/1486/730
f 608/1211/612 579/1142/583 683/1399/687
f 662/1470/666 724/1487/731 697/1430/701
f 662/1470/666 725/1488/732 724/1487/731
f 662/1357/666 648/1323/652 725/1489/732
f 698/1438/705 726/1490/733 561/1436/565
f 684/1400/688 727/1491/734 580/1144/584
f 609/1492/613 665/1493/669 728/1494/735
f 666/1362/670 729/1495/736 665/1361/669
f 624/1250/628 699/1440/706 581/1145/585
f 498/943/502 637/1286/641 714/1471/721
f 582/1146/586 700/1441/707 626/1443/630
f 651/1496/655 584/1444/588 701/1446/708
f 669/1369/673 703/1497/710 597/1185/601
f 703/1497/710 730/1498/737 613/1231/617
f 652/1499/656 687/1413/691 653/1500/657
f 705/1453/712 731/1501/738 521/1292/525
f 472/1502/476 601/1295/605 689/1503/693
f 471/1195/475 573/1134/577 718/1504/725
f 588/1421/592 732/1505/739 706/1454/713
f 733/1506/740 734/1507/741 628/1310/632
f 679/1508/683 735/1509/742 576/1510/580
f 455/1317/459 556/1090/560 692/1511/696
f 386/690/386 692/1424/696 477/1168/481
f 538/1091/542 523/1318/527 679/1512/683
f 477/1168/481 692/1424/696 619/1513/623
f 631/1272/635 693/1514/697 491/932/495
f 557/1093/561 525/1169/529 681/1391/685
f 623/1248/627 736/1515/743 544/1249/548
f 528/1026/532 737/1516/744 684/1517/688
f 664/1360/668 609/1216/613 728/1518/735
f 738/1519/745 649/1324/653 610/1217/614
f 651/1496/655 701/1446/708 739/1520/746
f 685/1404/689 740/1521/747 702/1448/709
f 741/1522/748 702/1447/709 740/1523/747
f 686/1407/690 612/1227/616 503/960/507
f 704/1524/711 569/1126/573 469/884/473
f 704/1524/711 469/884/473 586/1190/590
f 731/1525/738 640/1291/644 521/1009/525
f 641/1294/645 742/1526/749 601/1295/605
f 720/1481/727 614/1235/618 615/1236/619
f 644/1527/648 615/1237/619 707/1457/714
f 743/1528/750 617/1240/621 424/779/428
f 743/1528/750 656/1339/660 617/1240/621
f 721/1529/728 733/1530/740 628/1531/632
f 744/1532/751 733/1533/740 721/1534/728
f 615/1237/619 605/1203/609 707/1457/714
f 674/1379/678 628/1310/632 734/1507/741
f 745/1535/752 708/1459/715 509/978/513
f 645/1536/649 510/1537/514 746/1538/753
f 678/1385/682 747/1539/754 677/1423/681
f 748/1540/755 677/1423/756 747/1539/757
f 523/1019/527 711/1463/718 679/1541/683
f 540/1396/544 632/1274/636 712/1542/719
f 589/1171/593 749/1543/758 623/1248/627
f 579/1142/583 750/1544/759 683/1399/687
f 561/1110/565 751/1545/760 526/1022/530
f 544/1058/548 736/1546/743 527/1025/531
f 661/1547/665 562/1114/566 752/1548/761
f 546/1060/550 753/1549/762 562/1114/566
f 754/1550/763 635/1551/639 664/1552/668
f 580/1144/584 727/1491/734 624/1250/628
f 651/1553/655 739/1554/746 755/1555/764
f 669/1556/673 639/1368/643 741/1522/748
f 702/1447/709 741/1522/748 639/1368/643
f 669/1369/673 741/1557/748 703/1497/710
f 740/1521/747 756/1558/765 741/1557/748
f 549/1072/553 757/1559/766 534/1038/538
f 757/1559/766 535/1039/539 534/1038/538
f 715/1472/722 599/1188/603 654/1337/658
f 717/1474/724 758/1560/767 602/1261/606
f 742/1526/749 689/1503/693 601/1295/605
f 627/1260/631 718/1477/725 717/1474/724
f 672/1374/676 572/1373/576 719/1561/726
f 473/892/477 720/1481/727 506/970/510
f 573/1134/577 603/1197/607 706/1562/713
f 690/1420/694 587/1262/591 574/1135/578
f 350/1239/350 759/1563/768 643/1307/647
f 759/1564/768 604/1198/608 673/1378/677
f 744/1532/751 732/1565/739 733/1533/740
f 643/1566/647 657/1341/661 508/1340/512
f 630/1461/634 709/1460/716 678/1567/682
f 678/1568/682 709/1569/716 747/1570/754
f 711/1463/718 680/1388/684 760/1571/769
f 620/1245/624 712/1464/719 681/1572/685
f 682/1397/686 660/1431/664 761/1573/770
f 579/1142/583 713/1469/720 750/1544/759
f 724/1487/731 725/1488/732 697/1430/701
f 725/1574/732 762/1575/771 763/1576/772
f 726/1577/733 764/1578/773 765/1579/774
f 763/1580/772 762/1581/771 766/1582/775
f 667/1583/671 767/1584/776 636/1402/640
f 463/874/467 768/1585/777 594/1179/598
f 595/1180/599 565/1117/569 564/1116/568
f 768/1585/777 637/1286/641 594/1179/598
f 625/1586/629 668/1287/672 769/1587/778
f 755/1555/764 668/1588/672 651/1553/655
f 701/1589/708 755/1590/764 739/1591/746
f 685/1404/689 756/1558/765 740/1521/747
f 613/1370/617 730/1592/737 670/1371/674
f 688/1412/692 770/1593/779 687/1413/691
f 536/1155/540 771/1594/780 704/1452/711
f 640/1291/644 731/1525/738 536/1040/540
f 602/1194/606 758/1595/767 655/1338/659
f 689/1419/693 772/1596/781 574/1135/578
f 672/1374/676 773/1597/782 616/1376/620
f 615/1236/619 774/1598/783 720/1481/727
f 732/1505/739 775/1599/784 706/1454/713
f 690/1420/694 776/1600/785 644/1313/648
f 732/1601/739 744/1602/751 775/1603/784
f 604/1198/608 759/1564/768 350/1199/350
f 732/1505/739 588/1421/592 777/1604/786
f 732/1605/739 734/1507/741 733/1506/740
f 618/1241/622 778/1606/787 707/1607/714
f 618/1241/622 656/1339/660 778/1606/787
f 657/1341/661 745/1608/752 509/1342/513
f 644/1484/648 779/1609/788 710/1462/717
f 510/980/514 576/1386/580 780/1610/789
f 693/1425/697 658/1611/662 558/1273/562
f 781/1612/790 712/1542/719 632/1274/636
f 577/1280/581 682/1397/686 782/1613/791
f 783/1614/792 622/1247/626 590/1172/594
f 648/1322/652 560/1106/564 647/1321/651
f 578/1141/582 526/1022/530 751/1545/760
f 660/1431/664 697/1430/701 784/1615/793
f 750/1544/759 698/1439/705 683/1399/687
f 698/1439/705 750/1544/759 726/1616/733
f 785/1617/794 725/1488/732 763/1618/772
f 786/1619/795 635/1620/639 754/1621/763
f 684/1400/688 787/1622/796 727/1491/734
f 788/1623/797 765/1579/774 764/1578/773
f 789/1624/798 790/1625/799 700/1626/707
f 756/1627/765 685/1628/689 700/1629/707
f 654/1337/658 569/1126/573 791/1630/800
f 792/1631/801 536/1040/540 731/1525/738
f 721/1632/728 775/1603/784 744/1602/751
f 644/1527/648 776/1633/785 615/1237/619
f 644/1634/648 707/1635/714 743/1636/750
f 691/1422/695 777/1604/786 588/1421/592
f 746/1637/753 510/1638/514 780/1639/789
f 723/1486/730 793/1640/802 694/1426/698
f 590/1172/594 661/1353/665 783/1614/792
f 784/1615/793 697/1430/701 725/1488/732
f 725/1641/732 794/1642/803 762/1643/771
f 795/1644/804 796/1645/805 726/1646/733
f 546/1060/550 635/1284/639 753/1549/762
f 796/1645/805 764/1647/773 726/1646/733
f 763/1618/772 766/1648/775 797/1649/806
f 796/1650/805 788/1651/797 764/1652/773
f 796/1650/805 798/1653/807 788/1651/797
f 727/1491/734 787/1622/796 799/1654/808
f 624/1250/628 800/1655/809 699/1440/706
f 699/1440/706 610/1217/614 593/1178/597
f 768/1585/777 463/874/467 649/1324/653
f 582/1146/586 789/1656/798 700/1441/707
f 755/1590/764 701/1589/708 801/1657/810
f 612/1658/616 801/1657/810 701/1589/708
f 612/1658/616 802/1659/811 801/1657/810
f 741/1557/748 730/1498/737 703/1497/710
f 687/1413/691 770/1593/779 803/1660/812
f 574/1135/578 772/1596/781 690/1420/694
f 706/1661/713 775/1662/784 804/1663/813
f 775/1664/784 721/1482/728 616/1238/620
f 805/1665/814 402/1315/405 645/1316/649
f 806/1666/815 556/1090/560 708/1459/715
f 556/1090/560 807/1667/816 692/1511/696
f 760/1668/769 679/1669/683 711/1670/718
f 619/1243/623 807/1671/816 631/1346/635
f 680/1388/684 557/1093/561 760/1571/769
f 557/1093/561 681/1391/685 760/1571/769
f 512/1276/516 722/1485/729 647/1321/651
f 750/1544/759 713/1469/720 808/1672/817
f 726/1673/733 751/1545/760 561/1110/565
f 726/1674/733 809/1675/818 751/1676/760
f 784/1615/793 725/1488/732 785/1617/794
f 726/1677/733 750/1678/759 795/1679/804
f 726/1680/733 765/1681/774 809/1682/818
f 785/1617/794 763/1618/772 797/1649/806
f 635/1284/639 810/1683/819 753/1549/762
f 754/1684/763 811/1685/820 786/1686/795
f 812/1687/821 788/1688/797 798/1689/807
f 799/1654/808 624/1250/628 727/1491/734
f 664/1552/668 728/1494/735 754/1550/763
f 799/1654/808 813/1690/822 624/1250/628
f 636/1402/640 767/1584/776 666/1403/670
f 565/1117/569 595/1180/599 814/1691/823
f 612/1227/616 686/1407/690 802/1692/811
f 687/1413/691 803/1660/812 653/1500/657
f 549/1072/553 815/1693/824 757/1559/766
f 704/1524/711 816/1694/825 569/1126/573
f 817/1695/826 731/1501/738 705/1453/712
f 573/1696/577 706/1697/713 718/1698/725
f 807/1667/816 556/1090/560 818/1699/827
f 819/1700/828 658/1611/662 693/1425/697
f 749/1701/758 589/1702/593 696/1703/700
f 820/1704/829 795/1705/804 750/1706/759
f 810/1707/819 635/1708/639 786/1709/795
f 766/1648/775 821/1710/830 797/1649/806
f 822/1711/831 595/1180/599 433/799/437
f 822/1711/831 433/799/437 625/1251/629
f 790/1712/799 756/1627/765 700/1629/707
f 823/1713/832 741/1557/748 824/1714/833
f 730/1498/737 741/1557/748 823/1713/832
f 671/1372/675 825/1715/834 549/1072/553
f 825/1716/834 815/1717/824 549/1718/553
f 826/1719/835 672/1374/676 719/1561/726
f 773/1597/782 672/1374/676 826/1719/835
f 776/1600/785 690/1420/694 772/1596/781
f 734/1720/741 732/1721/739 759/1722/768
f 673/1378/677 674/1458/678 827/1723/836
f 827/1724/836 674/1379/678 734/1507/741
f 644/1484/648 828/1725/837 779/1609/788
f 645/1726/649 746/1727/753 805/1728/814
f 679/1508/683 829/1729/838 735/1509/742
f 807/1671/816 693/1425/697 631/1346/635
f 695/1468/699 622/1247/626 830/1730/839
f 622/1247/626 783/1614/792 830/1730/839
f 633/1277/637 831/1731/840 713/1469/720
f 761/1573/770 832/1732/841 682/1397/686
f 623/1248/627 749/1543/758 736/1515/743
f 660/1431/664 784/1615/793 761/1573/770
f 648/1322/652 833/1733/842 725/1734/732
f 736/1546/743 834/1735/843 527/1025/531
f 725/1736/732 833/1737/842 794/1738/803
f 784/1615/793 785/1617/794 835/1739/844
f 785/1617/794 836/1740/845 835/1739/844
f 785/1617/794 797/1649/806 836/1740/845
f 835/1739/844 836/1740/845 787/1741/796
f 663/1359/667 737/1516/744 528/1026/532
f 836/1740/845 797/1649/806 787/1741/796
f 797/1649/806 821/1710/830 787/1741/796
f 796/1742/805 811/1743/820 798/1744/807
f 821/1710/830 799/1745/808 787/1741/796
f 798/1746/807 811/1747/820 812/1748/821
f 811/1749/820 754/1550/763 728/1494/735
f 811/1749/820 728/1494/735 812/1750/821
f 821/1710/830 813/1751/822 799/1745/808
f 837/1752/846 813/1753/822 821/1754/830
f 838/1755/847 812/1750/821 728/1494/735
f 728/1494/735 665/1493/669 838/1755/847
f 839/1756/848 667/1757/671 565/1347/569
f 840/1758/849 565/1117/569 814/1691/823
f 839/1759/848 565/1117/569 840/1758/849
f 595/1180/599 822/1711/831 814/1691/823
f 789/1624/798 841/1760/850 790/1625/799
f 668/1588/672 755/1555/764 801/1761/810
f 801/1762/810 802/1763/811 842/1764/851
f 686/1765/690 653/1766/657 803/1767/812
f 757/1559/766 716/1473/723 535/1039/539
f 569/1126/573 816/1694/825 791/1630/800
f 536/1768/540 843/1769/852 771/1770/780
f 536/1040/540 792/1631/801 843/1771/852
f 771/1594/780 843/1772/852 704/1452/711
f 716/1473/723 844/1773/853 600/1189/604
f 844/1773/853 705/1453/712 600/1189/604
f 689/1419/693 845/1774/854 772/1596/781
f 718/1775/725 706/1776/713 804/1777/813
f 846/1778/855 777/1604/786 691/1422/695
f 710/1462/717 847/1779/856 709/1460/716
f 692/1424/696 807/1780/816 619/1513/623
f 681/1572/685 712/1464/719 848/1781/857
f 658/1395/662 849/1782/858 659/1349/663
f 577/1280/581 782/1613/791 850/1783/859
f 695/1468/699 830/1730/839 851/1784/860
f 808/1785/817 820/1704/829 750/1706/759
f 820/1786/829 796/1742/805 795/1787/804
f 820/1786/829 811/1743/820 796/1742/805
f 762/1581/771 794/1325/803 766/1582/775
f 811/1685/820 852/1788/861 786/1686/795
f 714/1471/721 853/1789/862 582/1146/586
f 769/1790/778 668/1588/672 801/1761/810
f 801/1761/810 854/1791/863 855/1792/864
f 842/1764/851 802/1763/811 686/1765/690
f 824/1714/833 741/1557/748 756/1558/765
f 856/1793/865 671/1372/675 670/1371/674
f 817/1695/826 705/1453/712 844/1773/853
f 804/1663/813 775/1662/784 616/1376/620
f 773/1597/782 804/1663/813 616/1376/620
f 657/1794/661 643/1307/647 759/1563/768
f 759/1795/768 732/1796/739 777/1797/786
f 759/1564/768 673/1378/677 827/1723/836
f 759/1798/768 827/1724/836 734/1507/741
f 743/1528/750 778/1606/787 656/1339/660
f 607/1799/611 577/1280/581 850/1783/859
f 723/1800/730 695/1468/699 851/1784/860
f 857/1801/866 749/1701/758 696/1703/700
f 749/1543/758 858/1802/867 736/1515/743
f 820/1704/829 852/1788/861 811/1685/820
f 859/1803/868 835/1804/844 787/1805/796
f 787/1806/796 684/1807/688 860/1808/869
f 765/1809/774 788/1810/797 812/1811/821
f 861/1812/870 637/1286/641 768/1585/777
f 862/1813/871 863/1814/872 864/1815/873
f 582/1146/586 853/1789/862 789/1656/798
f 865/1816/874 789/1817/798 853/1818/862
f 790/1819/799 824/1820/833 756/1821/765
f 686/1765/690 803/1767/812 866/1822/875
f 730/1592/737 856/1793/865 670/1371/674
f 715/1472/722 654/1337/658 791/1630/800
f 826/1719/835 719/1561/726 487/1823/491
f 506/970/510 720/1481/727 867/1824/876
f 629/1306/633 743/1825/750 424/817/428
f 675/1380/679 402/1267/405 805/1826/814
f 691/1422/695 868/1827/877 846/1778/855
f 677/1423/681 869/1828/878 691/1422/695
f 677/1423/681 747/1539/754 869/1828/878
f 870/1829/879 780/1610/789 576/1386/580
f 679/1541/683 760/1571/769 871/1830/880
f 681/1831/685 848/1832/857 871/1833/880
f 848/1834/857 712/1835/719 872/1836/881
f 696/1428/700 873/1837/882 857/1838/866
f 873/1837/882 696/1428/700 607/1210/611
f 694/1426/698 831/1731/840 633/1277/637
f 857/1838/866 858/1802/867 749/1543/758
f 874/1839/883 838/1755/847 665/1493/669
f 610/1217/614 875/1840/884 738/1519/745
f 876/1841/885 877/1842/886 878/1843/887
f 861/1844/870 714/1845/721 637/1846/641
f 862/1813/871 864/1815/873 861/1847/870
f 790/1819/799 879/1848/888 824/1820/833
f 801/1849/810 880/1850/889 854/1851/863
f 842/1764/851 880/1852/889 801/1762/810
f 644/1853/648 743/1854/750 828/1855/837
f 743/1825/750 629/1306/633 675/1856/679
f 778/1857/787 743/1636/750 707/1635/714
f 745/1535/752 881/1858/890 708/1459/715
f 847/1779/856 882/1859/891 709/1460/716
f 709/1860/716 882/1861/891 883/1862/892
f 747/1863/754 709/1864/716 883/1865/892
f 556/1090/560 806/1666/815 884/1866/893
f 691/1422/695 869/1828/878 868/1827/877
f 679/1508/683 871/1833/880 829/1729/838
f 693/1425/697 807/1671/816 819/1700/828
f 681/1391/685 871/1830/880 760/1571/769
f 872/1867/881 712/1542/719 885/1868/894
f 831/1731/840 694/1426/698 793/1640/802
f 783/1614/792 661/1353/665 752/1869/761
f 784/1615/793 835/1739/844 859/1870/868
f 820/1704/829 886/1871/895 852/1788/861
f 752/1548/761 562/1114/566 753/1549/762
f 887/1872/896 837/1873/846 821/1874/830
f 812/1875/821 838/1876/847 888/1877/897
f 813/1690/822 800/1655/809 624/1250/628
f 874/1878/883 665/1361/669 729/1495/736
f 729/1495/736 666/1362/670 889/1879/898
f 889/1880/898 666/1403/670 767/1584/776
f 862/1881/871 861/1812/870 890/1882/899
f 877/1883/886 814/674/823 878/1884/887
f 814/674/823 822/1885/831 878/1884/887
f 864/1886/873 714/1845/721 861/1844/870
f 862/1881/871 890/1882/899 863/1887/872
f 890/1882/899 891/1888/900 863/1887/872
f 892/1889/901 876/1841/885 893/1890/902
f 892/1889/901 893/1890/902 894/1891/903
f 878/1892/887 893/1893/902 876/1894/885
f 895/1895/904 896/1896/905 897/1897/906
f 898/1898/907 899/1899/908 865/1900/874
f 865/1901/874 900/1902/909 789/1903/798
f 896/1904/905 901/1905/910 902/1906/911
f 902/1906/911 901/1905/910 625/1907/629
f 902/1906/911 625/1907/629 769/1908/778
f 842/1764/851 686/1765/690 866/1822/875
f 903/1909/912 770/1593/779 688/1412/692
f 688/1412/692 715/1472/722 904/1910/913
f 715/1472/722 791/1630/800 904/1910/913
f 757/1559/766 905/1911/914 716/1473/723
f 906/1912/915 742/1526/749 641/1294/645
f 655/1338/659 907/1913/916 487/1914/491
f 906/1912/915 689/1503/693 742/1526/749
f 826/1719/835 908/1915/917 773/1597/782
f 780/1916/789 870/1917/879 746/1727/753
f 576/1537/580 735/1918/742 870/1919/879
f 849/1920/858 658/1611/662 819/1700/828
f 632/1274/636 909/1921/918 781/1612/790
f 607/1210/611 910/1922/919 873/1837/882
f 831/1731/840 808/1672/817 713/1469/720
f 578/1141/582 751/1545/760 621/1246/625
f 808/1785/817 886/1871/895 820/1704/829
f 761/1573/770 784/1615/793 859/1870/868
f 834/1735/843 663/1359/667 527/1025/531
f 794/1325/803 821/1923/830 766/1582/775
f 821/1923/830 794/1325/803 887/1924/896
f 837/1752/846 911/1925/920 813/1753/822
f 838/1755/847 874/1839/883 888/1926/897
f 875/1840/884 610/1217/614 699/1440/706
f 877/1842/886 876/1841/885 892/1889/901
f 899/1899/908 898/1898/907 912/1927/921
f 897/1928/906 913/1929/922 914/1930/923
f 864/1815/873 863/1814/872 891/1931/900
f 893/1893/902 878/1892/887 894/1932/903
f 913/1929/922 897/1928/906 896/1904/905
f 896/1904/905 915/1933/924 913/1929/922
f 916/1934/925 865/1935/874 899/1936/908
f 916/1937/925 900/1938/909 865/1939/874
f 900/1940/909 841/1760/850 789/1624/798
f 854/1851/863 880/1850/889 855/1941/864
f 917/1942/926 856/1793/865 730/1592/737
f 770/1943/779 903/1944/912 918/1945/927
f 856/1946/865 825/1947/834 671/930/675
f 717/1474/724 718/1477/725 919/1948/928
f 718/1775/725 804/1777/813 920/1949/929
f 921/1950/930 776/1600/785 772/1596/781
f 776/1600/785 774/1951/783 615/1952/619
f 708/1459/715 922/1953/931 806/1666/815
f 884/1866/893 818/1699/827 556/1090/560
f 659/1349/663 923/1954/932 646/1320/650
f 851/1784/860 924/1955/933 723/1800/730
f 682/1397/686 832/1732/841 782/1613/791
f 752/1869/761 830/1730/839 783/1614/792
f 837/1752/846 925/1956/934 911/1925/920
f 729/1495/736 889/1879/898 926/1957/935
f 861/1812/870 927/1958/936 890/1882/899
f 913/1929/922 928/1959/937 914/1930/923
f 864/1960/873 891/1961/900 714/1962/721
f 929/1963/938 913/1929/922 915/1933/924
f 878/1964/887 822/1965/831 894/1966/903
f 898/1967/907 865/1816/874 930/1968/939
f 899/1969/908 929/1963/938 916/1970/925
f 896/1896/905 895/1895/904 931/1971/940
f 902/1906/911 915/1933/924 896/1904/905
f 896/1896/905 931/1971/940 901/1972/910
f 842/1764/851 866/1822/875 880/1852/889
f 866/1822/875 932/1973/941 880/1852/889
f 803/1767/812 770/1943/779 918/1945/927
f 688/1412/692 904/1910/913 903/1909/912
f 757/1559/766 815/1693/824 905/1911/914
f 843/1772/852 933/1974/942 816/1975/825
f 843/1772/852 816/1975/825 704/1452/711
f 817/1695/826 934/1976/943 731/1501/738
f 487/1823/491 935/1977/944 826/1719/835
f 718/1775/725 920/1949/929 919/1978/928
f 759/1979/768 777/1604/786 745/1980/752
f 881/1981/890 745/1980/752 777/1604/786
f 847/1779/856 710/1462/717 779/1609/788
f 735/1918/742 829/1982/838 870/1919/879
f 910/1983/919 607/1799/611 850/1783/859
f 840/1984/849 814/1127/823 877/1985/886
f 912/1986/921 929/1987/938 899/1988/908
f 928/1989/937 913/1990/922 929/1991/938
f 914/1992/923 895/532/904 897/1993/906
f 929/1963/938 915/1933/924 916/1970/925
f 931/1971/940 625/1994/629 901/1972/910
f 822/1711/831 625/1251/629 931/1995/940
f 769/1790/778 801/1761/810 855/1792/864
f 936/1996/945 879/1997/888 790/1625/799
f 879/1848/888 937/1998/946 824/1820/833
f 917/1999/926 823/1713/832 824/1714/833
f 917/1999/926 824/1714/833 937/2000/946
f 917/1999/926 730/1498/737 823/1713/832
f 906/1912/915 641/1294/645 642/2001/646
f 642/1475/646 452/848/456 938/2002/947
f 675/1380/679 805/1826/814 939/2003/948
f 805/1728/814 746/1727/753 940/2004/949
f 941/2005/950 846/1778/855 942/2006/951
f 885/1868/894 712/1542/719 781/1612/790
f 910/1922/919 857/1838/866 873/1837/882
f 910/1922/919 858/1802/867 857/1838/866
f 943/2007/952 736/1515/743 858/1802/867
f 859/2008/868 787/1806/796 944/2009/953
f 886/1871/895 945/2010/954 852/1788/861
f 809/2011/818 765/1809/774 812/1811/821
f 737/2012/744 860/1808/869 684/1807/688
f 888/1926/897 874/1839/883 946/2013/955
f 874/1839/883 729/2014/736 926/2015/935
f 947/2016/956 948/2017/957 861/1812/870
f 948/2017/957 927/1958/936 861/1812/870
f 949/2018/958 929/2019/938 912/2020/921
f 949/2021/958 950/2022/959 929/1991/938
f 950/2022/959 928/1989/937 929/1991/938
f 892/2023/901 894/2024/903 951/2025/960
f 891/2026/900 952/2027/961 714/2028/721
f 894/1966/903 822/1965/831 931/2029/940
f 853/1818/862 952/2030/961 865/1816/874
f 769/1790/778 855/1792/864 902/2031/911
f 936/1996/945 790/1625/799 841/1760/850
f 855/1941/864 880/1850/889 932/2032/941
f 932/2033/941 866/2034/875 953/2035/962
f 954/2036/963 825/1947/834 856/1946/865
f 716/1473/723 905/1911/914 955/2037/964
f 716/1473/723 955/2037/964 844/1773/853
f 933/2038/942 843/1771/852 956/2039/965
f 792/1631/801 956/2039/965 843/1771/852
f 955/2037/964 817/1695/826 844/1773/853
f 934/2040/943 792/1631/801 731/1525/738
f 487/1914/491 907/1913/916 935/2041/944
f 506/2042/510 938/2002/947 452/848/456
f 921/1950/930 774/1951/783 776/1600/785
f 805/1826/814 940/2043/949 939/2003/948
f 846/1778/855 922/2044/931 777/1604/786
f 846/1778/855 941/2005/950 922/2044/931
f 848/1834/857 872/1836/881 957/2045/966
f 819/1700/828 958/2046/967 849/1920/858
f 872/1867/881 885/1868/894 959/2047/968
f 849/1782/858 923/1954/932 659/1349/663
f 722/1485/729 648/1322/652 647/1321/651
f 943/2007/952 834/2048/843 736/1515/743
f 761/1573/770 859/1870/868 944/2049/953
f 767/1584/776 667/1583/671 839/2050/848
f 768/1585/777 947/2016/956 861/1812/870
f 892/1889/901 960/2051/969 877/1842/886
f 960/2052/969 892/2053/901 951/2054/960
f 961/2055/970 891/2056/900 890/2057/899
f 912/2058/921 898/1967/907 930/1968/939
f 951/2025/960 894/2024/903 931/2059/940
f 853/1789/862 714/1471/721 952/2060/961
f 952/2030/961 930/1968/939 865/1816/874
f 918/1945/927 866/1822/875 803/1767/812
f 955/2037/964 962/2061/971 817/1695/826
f 908/1915/917 804/1663/813 773/1597/782
f 939/2062/948 779/1609/788 828/1725/837
f 881/1981/890 777/1604/786 922/2044/931
f 881/2063/890 922/2064/931 708/2065/715
f 922/2066/931 963/2067/972 806/2068/815
f 806/1666/815 963/2069/972 884/1866/893
f 847/2070/856 746/1727/753 964/2071/973
f 964/2071/973 746/1727/753 870/1917/879
f 965/2072/974 848/1832/857 957/2073/966
f 966/2074/975 910/1983/919 850/1783/859
f 851/2075/860 830/2076/839 924/2077/933
f 761/1573/770 944/2049/953 967/2078/976
f 968/2079/977 945/2010/954 886/1871/895
f 787/1806/796 860/1808/869 944/2009/953
f 911/2080/920 969/2081/978 813/2082/822
f 970/2083/979 928/1989/937 950/2022/959
f 877/1842/886 960/2051/969 971/2084/980
f 972/2085/981 914/2086/923 928/2087/937
f 972/2085/981 973/2088/982 914/2086/923
f 973/2088/982 895/1895/904 914/2086/923
f 891/2089/900 961/2090/970 952/2091/961
f 916/1970/925 915/1933/924 974/2092/983
f 916/2093/925 975/2094/984 900/1940/909
f 900/1940/909 936/1996/945 841/1760/850
f 932/2032/941 976/2095/985 855/1941/864
f 866/2034/875 918/2096/927 953/2035/962
f 937/2000/946 977/127/986 917/1999/926
f 856/1793/865 917/1942/926 954/2097/963
f 904/2098/913 791/2099/800 978/2100/987
f 979/2101/988 816/2102/825 933/2103/942
f 817/1695/826 962/2061/971 934/1976/943
f 717/1474/724 919/1948/928 758/1560/767
f 772/1596/781 980/2104/989 921/1950/930
f 657/2105/661 759/1979/768 745/1980/752
f 743/2106/750 675/2107/679 981/2108/990
f 743/1854/750 981/2109/990 828/1855/837
f 981/2110/990 939/2062/948 828/1725/837
f 940/2004/949 746/1727/753 847/2070/856
f 869/1828/878 982/2111/991 868/1827/877
f 747/1539/754 983/2112/992 869/1828/878
f 957/2045/966 872/1836/881 959/2113/968
f 646/1320/650 923/1954/932 722/1485/729
f 924/2114/933 793/1640/802 723/1486/730
f 621/1246/625 751/1545/760 632/1274/636
f 648/1322/652 722/1485/729 833/1733/842
f 928/2115/937 970/2116/979 972/2117/981
f 912/2058/921 984/2118/993 949/2119/958
f 973/2088/982 931/1971/940 895/1895/904
f 915/1933/924 902/1906/911 974/2092/983
f 976/2120/985 985/2121/994 902/1906/911
f 902/1906/911 855/2122/864 976/2120/985
f 953/2123/962 918/1945/927 986/2124/995
f 917/2125/926 977/2126/986 987/2127/996
f 917/2128/926 987/2129/996 954/2130/963
f 903/1944/912 904/2098/913 918/1945/927
f 988/2131/997 989/2132/998 979/1658/988
f 816/2102/825 978/2100/987 791/2099/800
f 979/2101/988 978/2100/987 816/2102/825
f 905/1911/914 990/2133/999 955/2037/964
f 655/1338/659 758/1595/767 907/1913/916
f 506/970/510 867/1824/876 938/2134/947
f 981/2108/990 675/2107/679 939/2135/948
f 939/2062/948 940/2136/949 779/1609/788
f 940/2136/949 847/1779/856 779/1609/788
f 991/2137/1000 884/2138/893 963/2067/972
f 883/2139/892 992/2140/1001 747/2141/754
f 884/2142/893 993/2143/1002 818/2144/827
f 818/1699/827 994/2145/1003 807/1667/816
f 994/2146/1003 819/2147/828 807/2148/816
f 871/1833/880 848/1832/857 965/2072/974
f 995/2149/1004 909/2150/918 632/2151/636
f 996/2152/1005 793/1640/802 924/2114/933
f 997/2153/1006 753/1549/762 810/1683/819
f 812/1875/821 888/1877/897 809/2154/818
f 887/1872/896 925/2155/934 837/1873/846
f 969/2156/978 911/1925/920 925/1956/934
f 874/1839/883 926/2015/935 946/2013/955
f 969/2157/978 800/1655/809 813/1690/822
f 998/2158/1007 949/2159/958 999/2160/1008
f 1000/2161/1009 970/2083/979 950/2022/959
f 947/2016/956 1001/2162/1010 948/2017/957
f 1000/2163/1009 972/2117/981 970/2116/979
f 1002/2164/1011 927/2165/936 948/2166/957
f 949/2119/958 984/2118/993 999/2167/1008
f 961/2055/970 890/2057/899 927/2165/936
f 912/2058/921 930/1968/939 984/2118/993
f 951/2168/960 931/2169/940 973/2170/982
f 902/1906/911 1003/2171/1012 974/2092/983
f 902/1906/911 1004/2172/1013 1003/2171/1012
f 975/2094/984 1005/2173/1014 900/1940/909
f 1004/2172/1013 902/1906/911 985/2121/994
f 1005/2173/1014 936/1996/945 900/1940/909
f 977/2174/986 937/1998/946 879/1848/888
f 825/1715/834 1006/2175/1015 815/1693/824
f 989/2176/998 978/2100/987 979/2101/988
f 956/2039/965 792/1631/801 934/2040/943
f 884/1680/893 991/2177/1000 993/2178/1002
f 942/2006/951 846/1778/855 1007/2179/1016
f 964/2071/973 870/1917/879 1008/2180/1017
f 1008/2180/1017 829/1729/838 871/1833/880
f 996/2152/1005 1009/2181/1018 793/1640/802
f 852/1788/861 1010/2182/1019 786/1686/795
f 1010/2183/1019 810/2184/819 786/2185/795
f 649/1324/653 947/2016/956 768/1585/777
f 971/2186/980 1011/2187/1020 877/2188/886
f 1012/2189/1021 972/2117/981 1000/2163/1009
f 927/2165/936 1002/2164/1011 961/2055/970
f 960/2051/969 951/2168/960 1013/2190/1022
f 975/2094/984 916/2093/925 974/2191/983
f 1005/2173/1014 1014/2192/1023 936/1996/945
f 976/2095/985 932/2032/941 1015/2193/1024
f 932/2194/941 953/2195/962 1015/2196/1024
f 977/2126/986 1016/2197/1025 987/2127/996
f 953/2123/962 986/2124/995 1017/2198/1026
f 918/1945/927 904/2098/913 986/2124/995
f 933/2199/942 1018/2200/1027 979/2201/988
f 1019/2202/1028 955/2037/964 990/2133/999
f 1020/2203/1029 642/1475/646 938/2002/947
f 758/1560/767 919/1948/928 1021/2204/1030
f 845/2205/854 689/1503/693 906/1912/915
f 920/1949/929 804/1777/813 1022/2206/1031
f 921/1950/930 980/2104/989 774/1951/783
f 882/1861/891 1023/2207/1032 883/1862/892
f 871/1833/880 965/2072/974 1008/2180/1017
f 994/2146/1003 1024/2208/1033 819/2147/828
f 830/1730/839 1025/2209/1034 924/1955/933
f 831/1731/840 1026/2210/1035 808/1672/817
f 852/1788/861 945/2010/954 1010/2182/1019
f 800/1655/809 875/1840/884 699/1440/706
f 949/2021/958 1027/2211/1036 1000/2161/1009
f 949/2021/958 1000/2161/1009 950/2022/959
f 998/2212/1007 999/2167/1008 1028/2213/1037
f 1029/2214/1038 1011/2187/1020 971/2186/980
f 840/1984/849 877/1985/886 839/2215/848
f 1028/2213/1037 999/2167/1008 984/2118/993
f 971/2084/980 960/2051/969 1013/2190/1022
f 930/2216/939 952/2091/961 961/2090/970
f 1004/2217/1013 985/2218/994 1030/2219/1039
f 1031/2220/1040 953/2221/962 1017/2222/1026
f 1017/2198/1026 986/2124/995 1032/2223/1041
f 1017/2224/1026 1032/2225/1041 1033/2226/1042
f 989/1301/998 1033/2227/1042 1032/2228/1041
f 904/2098/913 978/2100/987 1032/2223/1041
f 1006/2175/1015 990/2133/999 905/1911/914
f 1006/2175/1015 905/1911/914 815/1693/824
f 989/2229/998 988/2230/997 1034/2231/1043
f 1034/2232/1043 988/2233/997 1018/2234/1027
f 988/2233/997 979/2235/988 1018/2234/1027
f 1018/2236/1027 933/2237/942 1035/2238/1044
f 1035/2239/1044 933/2038/942 956/2039/965
f 962/2061/971 955/2037/964 1019/2202/1028
f 907/1913/916 758/1595/767 1021/2240/1030
f 1036/2241/1045 882/1859/891 847/1779/856
f 966/2074/975 850/1783/859 1037/2242/1046
f 632/2151/636 751/2243/760 1038/2244/1047
f 850/1783/859 782/1613/791 1037/2242/1046
f 832/1732/841 1037/2242/1046 782/1613/791
f 967/2078/976 832/1732/841 761/1573/770
f 968/2079/977 886/1871/895 808/1785/817
f 887/1872/896 1039/2245/1048 925/2155/934
f 809/2154/818 888/1877/897 946/2246/955
f 998/2247/1007 1027/2211/1036 949/2021/958
f 1027/2211/1036 1012/841/1021 1000/2161/1009
f 1040/2248/1049 972/2085/981 1012/2249/1021
f 1040/2250/1049 971/2084/980 1013/2190/1022
f 1040/2248/1049 1013/2251/1022 972/2085/981
f 961/2055/970 1002/2164/1011 930/2252/939
f 984/2253/993 930/2254/939 1002/2255/1011
f 1041/2256/1050 1005/2173/1014 975/2094/984
f 1005/2257/1014 1042/2258/1051 1014/2259/1023
f 985/2218/994 1043/2260/1052 1030/2219/1039
f 1044/2261/1053 1030/2262/1039 1043/2263/1052
f 936/2264/945 1045/2265/1054 879/1848/888
f 1045/2265/1054 977/2174/986 879/1848/888
f 1046/2266/1055 1047/2267/1056 977/2268/986
f 986/2124/995 904/2098/913 1032/2223/1041
f 989/2269/998 1032/2270/1041 978/2271/987
f 906/1912/915 642/2001/646 1048/2272/1057
f 906/2273/915 1049/2274/1058 845/2275/854
f 919/2276/928 920/2129/929 1021/2277/1030
f 938/2134/947 867/1824/876 1020/2278/1029
f 845/1774/854 980/2104/989 772/1596/781
f 1007/2179/1016 846/1778/855 868/1827/877
f 992/2140/1001 1050/2279/1059 747/2141/754
f 632/2151/636 1038/2244/1047 995/2149/1004
f 832/1732/841 967/2078/976 1037/2242/1046
f 830/1730/839 752/1869/761 1051/2280/1060
f 808/1672/817 1026/2210/1035 968/2281/977
f 834/1735/843 1052/2282/1061 663/1359/667
f 810/2283/819 1010/2182/1019 1053/2284/1062
f 926/1957/935 889/1879/898 1054/2285/1063
f 800/1655/809 1055/2286/1064 875/1840/884
f 1011/2287/1020 839/2215/848 877/1985/886
f 948/2166/957 1056/2288/1065 1002/2164/1011
f 984/2289/993 1002/2290/1011 1056/2291/1065
f 984/2292/993 1056/2293/1065 1028/2294/1037
f 972/2085/981 1013/2251/1022 973/2088/982
f 951/2168/960 973/2170/982 1013/2190/1022
f 1057/2295/1066 1058/2296/1067 1005/2297/1014
f 1004/2172/1013 1030/2262/1039 1059/2298/1068
f 1005/2297/1014 1058/2296/1067 1042/2299/1051
f 1058/2300/1067 1060/2301/1069 1042/2302/1051
f 1044/2261/1053 1043/2263/1052 1061/2303/1070
f 1043/2263/1052 1062/2304/1071 1061/2303/1070
f 936/2264/945 1063/2305/1072 1045/2265/1054
f 1016/2197/1025 1064/2306/1073 987/2127/996
f 1017/2222/1026 1033/435/1042 1031/2220/1040
f 1034/2231/1043 1018/2307/1027 1065/2308/1074
f 1019/2202/1028 1066/2309/1075 962/2061/971
f 720/1481/727 1067/2310/1076 867/1824/876
f 941/2311/950 963/2067/972 922/2066/931
f 964/2071/973 1036/2312/1045 847/2070/856
f 993/2143/1002 1068/2313/1077 818/2144/827
f 870/1917/879 829/1729/838 1008/2180/1017
f 818/1699/827 1068/2314/1077 994/2145/1003
f 965/2072/974 957/2073/966 1069/2315/1078
f 819/1700/828 1024/2316/1033 958/2046/967
f 958/2317/967 1070/2318/1079 849/1782/858
f 793/1640/802 1009/2181/1018 831/1731/840
f 831/1731/840 1009/2181/1018 1026/2210/1035
f 858/1802/867 1071/2319/1080 943/2007/952
f 943/2007/952 1072/2320/1081 834/2048/843
f 663/1359/667 1052/2282/1061 737/1516/744
f 1054/2321/1063 889/1880/898 767/1584/776
f 1073/2322/1082 1027/2323/1036 998/2212/1007
f 1073/2322/1082 1012/2324/1021 1027/2323/1036
f 1056/2325/1065 948/2017/957 1001/2162/1010
f 1074/2326/1083 971/2084/980 1040/2250/1049
f 1041/2256/1050 975/2094/984 974/2191/983
f 1057/2295/1066 1005/2297/1014 1041/2327/1050
f 1004/2172/1013 1059/2298/1068 1003/2171/1012
f 1059/2328/1068 1030/1113/1039 1044/2329/1053
f 1075/2330/1084 1043/2260/1052 985/2218/994
f 1063/2331/1072 936/1996/945 1014/2192/1023
f 1076/2332/1085 1014/2259/1023 1042/2258/1051
f 1060/2301/1069 1076/2333/1085 1042/2302/1051
f 985/2121/994 976/2120/985 1077/2334/1086
f 1045/2265/1054 1046/2335/1055 977/2174/986
f 1078/2336/1087 1015/2337/1024 1079/2338/1088
f 1047/2339/1056 1046/2340/1055 1016/2341/1025
f 1080/2342/1089 953/2221/962 1031/2220/1040
f 954/2036/963 987/2343/996 1064/2344/1073
f 1064/2344/1073 825/1947/834 954/2036/963
f 1064/2344/1073 1006/2345/1015 825/1947/834
f 1033/2346/1042 989/2229/998 1031/2347/1040
f 1031/2347/1040 989/2229/998 1081/2348/1090
f 989/2229/998 1034/2231/1043 1081/2348/1090
f 1082/2349/1091 1034/2231/1043 1065/2308/1074
f 1083/2350/1092 1065/2351/1074 1018/2352/1027
f 1084/2353/1093 1019/2202/1028 990/2133/999
f 1085/2354/1094 962/2061/971 1066/2309/1075
f 1085/2354/1094 934/1976/943 962/2061/971
f 1086/2355/1095 826/1719/835 935/1977/944
f 1050/2279/1059 983/2356/992 747/2141/754
f 983/2112/992 1087/2357/1096 1088/2358/1097
f 983/2112/992 1089/2359/1098 1087/2357/1096
f 885/1868/894 781/1612/790 1090/2360/1099
f 833/1733/842 722/1485/729 923/1954/932
f 794/2361/803 1091/2362/1100 887/1872/896
f 1029/2214/1038 971/2186/980 1074/2363/1083
f 998/2212/1007 1028/2213/1037 1073/2322/1082
f 1001/2162/1010 1092/2364/1101 1056/2325/1065
f 1059/2298/1068 1044/2261/1053 1061/2303/1070
f 1043/2260/1052 1075/2330/1084 1062/2365/1071
f 976/2120/985 1015/2337/1024 1077/2334/1086
f 1093/2366/1102 1094/2367/1103 1046/2335/1055
f 1046/2340/1055 1094/2368/1103 1016/2341/1025
f 1047/2369/1056 1016/2370/1025 1095/2371/1104
f 1078/2372/1087 1079/2373/1088 1031/2374/1040
f 1079/2373/1088 1080/638/1089 1031/2374/1040
f 1095/2371/1104 1016/2370/1025 1096/2375/1105
f 977/2376/986 1096/2377/1105 1016/2378/1025
f 1081/2348/1090 1034/2231/1043 1082/2349/1091
f 1021/2379/1030 920/2380/929 1097/2381/1106
f 920/1949/929 1022/2206/1031 1097/2382/1106
f 1022/2206/1031 804/1777/813 1098/1476/1107
f 963/2067/972 942/2383/951 991/2137/1000
f 942/2006/951 1007/2179/1016 1099/2384/1108
f 964/2071/973 1008/2180/1017 1100/2385/1109
f 993/2143/1002 991/2386/1000 1068/2313/1077
f 1008/2180/1017 965/2072/974 1069/2315/1078
f 1088/2358/1097 1087/2357/1096 1101/2387/1110
f 959/2388/968 885/2389/894 1102/2390/1111
f 996/2391/1005 924/2392/933 1025/2393/1034
f 967/2078/976 1103/2394/1112 1037/2242/1046
f 1072/2395/1081 1052/2282/1061 834/1735/843
f 752/1548/761 753/1549/762 1104/2396/1113
f 810/1683/819 1053/2397/1062 997/2153/1006
f 925/2155/934 1039/2245/1048 969/2157/978
f 1028/2294/1037 1092/2398/1101 1073/2399/1082
f 1028/2294/1037 1056/2293/1065 1092/2398/1101
f 974/2092/983 1105/2400/1114 1041/2401/1050
f 974/2092/983 1003/2171/1012 1105/2400/1114
f 1041/2401/1050 1105/2400/1114 1057/2402/1066
f 1003/2171/1012 1059/2298/1068 1105/2400/1114
f 1057/2295/1066 1106/2403/1115 1058/2296/1067
f 1058/2404/1067 1106/2405/1115 1059/2298/1068
f 1077/2334/1086 1015/2337/1024 1107/2406/1116
f 1045/2265/1054 1093/2366/1102 1046/2335/1055
f 1015/2337/1024 1078/2336/1087 1107/2406/1116
f 1078/2336/1087 1108/2407/1117 1109/2408/1118
f 1110/2409/1119 1111/2410/1120 1112/2411/1121
f 1047/2267/1056 1113/2412/1122 977/2268/986
f 1094/2368/1103 1114/2413/1123 1016/2341/1025
f 1015/2414/1024 953/2415/962 1080/2416/1089
f 1016/2197/1025 1114/2417/1123 1064/2306/1073
f 1006/2175/1015 1084/2353/1093 990/2133/999
f 1065/2351/1074 1083/2350/1092 1082/2418/1091
f 1066/2309/1075 1115/2419/1124 1085/2354/1094
f 906/1912/915 1048/2272/1057 1049/2420/1058
f 907/1913/916 1086/2421/1095 935/2041/944
f 867/1824/876 1067/2310/1076 1020/2278/1029
f 941/2311/950 942/2383/951 963/2067/972
f 883/1862/892 1023/2207/1032 992/2422/1001
f 869/1828/878 983/2112/992 1088/2358/1097
f 983/2423/992 1116/2424/1125 1089/2425/1098
f 1089/2359/1098 1116/2426/1125 1087/2357/1096
f 957/2045/966 1102/2427/1111 1069/2428/1078
f 957/2045/966 959/2113/968 1102/2427/1111
f 849/1782/858 1070/2318/1079 1117/2429/1126
f 849/1782/858 1118/2430/1127 923/1954/932
f 910/1922/919 1071/2319/1080 858/1802/867
f 752/1869/761 1119/2431/1128 1051/2280/1060
f 887/1872/896 1091/2362/1100 1039/2245/1048
f 1012/2249/1021 1074/2432/1083 1040/2248/1049
f 1001/2162/1010 1120/2433/1129 1092/2364/1101
f 1011/2434/1020 1121/2435/1130 839/2436/848
f 1105/2400/1114 1059/2298/1068 1057/2402/1066
f 1057/2402/1066 1059/2298/1068 1106/2405/1115
f 1059/2298/1068 1061/2303/1070 1058/2404/1067
f 1060/2437/1069 1058/2404/1067 1061/2303/1070
f 1062/2304/1071 1122/2438/1131 1061/2303/1070
f 1060/2439/1069 1123/2440/1132 1076/2441/1085
f 1076/2442/1085 1123/2443/1132 1124/2444/1133
f 1062/2304/1071 1125/2445/1134 1122/2438/1131
f 1126/2446/1135 1109/2447/1118 1127/2448/1136
f 1126/2449/1135 1107/2450/1116 1109/2451/1118
f 1128/2452/1137 1110/2453/1119 1093/2454/1102
f 1127/2455/1136 1109/2408/1118 1129/2456/1138
f 1107/2406/1116 1078/2336/1087 1109/2408/1118
f 1110/2457/1119 1094/2368/1103 1093/2458/1102
f 1128/2452/1137 1130/2459/1139 1110/2453/1119
f 1111/2460/1120 1110/2453/1119 1130/2459/1139
f 1109/2408/1118 1108/2407/1117 1129/2456/1138
f 1015/2461/1024 1131/2462/1140 1079/2463/1088
f 1015/2414/1024 1080/2416/1089 1131/2464/1140
f 1047/2267/1056 1132/2465/1141 1113/2412/1122
f 1047/2369/1056 1096/2375/1105 1132/2466/1141
f 1131/2462/1140 1133/2467/1142 1079/2463/1088
f 1047/2369/1056 1095/2371/1104 1096/2375/1105
f 1111/2468/1120 1129/2456/1138 1134/2469/1143
f 1134/2469/1143 1129/2456/1138 1108/2407/1117
f 1078/2336/1087 1031/2347/1040 1108/2407/1117
f 1031/2347/1040 1134/2469/1143 1108/2407/1117
f 1114/2470/1123 1135/2471/1144 1064/2344/1073
f 1064/2344/1073 1135/2471/1144 1006/2345/1015
f 1019/2202/1028 1115/2419/1124 1066/2309/1075
f 1048/2272/1057 1136/2472/1145 1049/2420/1058
f 642/2001/646 1020/2473/1029 1048/2272/1057
f 908/1915/917 1098/2474/1107 804/1663/813
f 774/1951/783 980/2104/989 1067/2475/1076
f 942/2383/951 1099/2476/1108 991/2137/1000
f 1036/2312/1045 964/2071/973 1023/2207/1032
f 964/2071/973 1100/2385/1109 1023/2207/1032
f 994/2146/1003 1068/2477/1077 1024/2208/1033
f 1024/2316/1033 1070/2478/1079 958/2046/967
f 1009/2181/1018 1137/2479/1146 1026/2210/1035
f 943/2007/952 1071/2319/1080 1072/2320/1081
f 833/1737/842 1091/2480/1100 794/1738/803
f 945/2010/954 1138/2481/1147 1010/2182/1019
f 809/2154/818 946/2246/955 1139/2482/1148
f 1054/2285/1063 1140/2483/1149 926/1957/935
f 649/1324/653 738/1519/745 947/2016/956
f 1012/2484/1021 1073/2485/1082 1074/2486/1083
f 1014/2259/1023 1076/2332/1085 1141/2487/1150
f 985/2121/994 1142/2488/1151 1075/2489/1084
f 1014/2259/1023 1141/2487/1150 1063/2490/1072
f 1076/2332/1085 1124/2491/1133 1141/2487/1150
f 1075/2330/1084 1125/2492/1134 1062/2365/1071
f 1142/2488/1151 985/2121/994 1126/2493/1135
f 1077/2334/1086 1126/2493/1135 985/2121/994
f 1126/2449/1135 1077/2494/1086 1107/2450/1116
f 1143/2495/1152 1128/2496/1137 1093/2497/1102
f 1129/2498/1138 1144/2499/1153 1127/2500/1136
f 1129/2498/1138 1111/2501/1120 1144/2499/1153
f 1130/2459/1139 1144/1417/1153 1111/2460/1120
f 1133/2502/1142 1080/2503/1089 1079/2504/1088
f 1113/2505/1122 1096/2506/1105 977/2507/986
f 1094/2368/1103 1112/2508/1121 1114/2413/1123
f 1110/2457/1119 1112/2508/1121 1094/2368/1103
f 1134/2469/1143 1031/2347/1040 1081/2348/1090
f 1081/2509/1090 1082/2418/1091 1083/2350/1092
f 1018/2236/1027 1035/2238/1044 1083/2510/1092
f 1084/2353/1093 1115/2419/1124 1019/2202/1028
f 1085/2354/1094 1145/2511/1154 934/1976/943
f 1035/2239/1044 956/2039/965 934/2040/943
f 1021/2240/1030 1146/2512/1155 907/1913/916
f 869/1828/878 1088/2358/1097 982/2111/991
f 1050/2513/1059 1116/2424/1125 983/2423/992
f 1100/2385/1109 1008/2180/1017 1069/2315/1078
f 1069/2315/1078 1147/2514/1156 1100/2385/1109
f 1087/2357/1096 1116/2426/1125 1101/2387/1110
f 781/1612/790 909/1921/918 995/2515/1004
f 752/1869/761 1104/2516/1113 1119/2431/1128
f 753/1549/762 997/2153/1006 1104/2396/1113
f 800/1655/809 969/2157/978 1148/2517/1157
f 1149/2518/1158 1011/2187/1020 1029/2214/1038
f 1120/2519/1129 1073/2399/1082 1092/2398/1101
f 1061/2303/1070 1150/2520/1159 1060/2437/1069
f 1061/2303/1070 1122/2438/1131 1150/2520/1159
f 1060/2437/1069 1150/2520/1159 1123/2521/1132
f 1075/2489/1084 1142/2488/1151 1125/2445/1134
f 1141/2522/1150 1093/2523/1102 1063/2524/1072
f 1063/2525/1072 1093/2526/1102 1045/2527/1054
f 1142/2488/1151 1126/2493/1135 1125/2445/1134
f 1126/2528/1135 1151/2529/1160 1125/2530/1134
f 1141/2531/1150 1152/2532/1161 1093/2533/1102
f 1126/2528/1135 1153/2534/1162 1151/2529/1160
f 1093/2533/1102 1152/2532/1161 1143/2535/1152
f 1143/2536/1152 1154/2537/1163 1128/2538/1137
f 1126/2539/1135 1133/2540/1142 1131/2541/1140
f 1126/2528/1135 1131/2464/1140 1153/2534/1162
f 1128/2542/1137 1154/2543/1163 1130/2544/1139
f 1143/2545/1152 1155/2546/1164 1154/2543/1163
f 1126/2539/1135 1127/2547/1136 1133/2540/1142
f 1154/2543/1163 1155/2546/1164 1130/2544/1139
f 1156/2548/1165 1133/2540/1142 1127/2547/1136
f 1144/2549/1153 1156/2548/1165 1127/2547/1136
f 1132/2466/1141 1096/2375/1105 1143/2550/1152
f 1130/2544/1139 1155/2546/1164 1144/2551/1153
f 1143/2545/1152 1096/2552/1105 1155/2546/1164
f 1111/2468/1120 1134/2469/1143 1112/2508/1121
f 1112/2508/1121 1134/2469/1143 1114/2413/1123
f 1134/2469/1143 1157/2553/1166 1114/2413/1123
f 1081/2348/1090 1157/2553/1166 1134/2469/1143
f 1135/2471/1144 1158/2554/1167 1006/2345/1015
f 1081/2509/1090 1083/2350/1092 1159/2555/1168
f 1158/2556/1167 1084/2353/1093 1006/2175/1015
f 1035/2239/1044 934/2040/943 1145/2557/1154
f 882/1859/891 1036/2241/1045 1023/2558/1032
f 1068/2477/1077 1160/2559/1169 1024/2208/1033
f 1009/2181/1018 996/2152/1005 1137/2479/1146
f 830/1730/839 1051/2280/1060 1025/2209/1034
f 1026/2210/1035 1137/2479/1146 968/2281/977
f 968/2281/977 1137/2479/1146 1161/2560/1170
f 809/1675/818 1162/2561/1171 751/1676/760
f 946/2246/955 926/2562/935 1139/2482/1148
f 800/2563/809 1148/2564/1157 1055/2565/1064
f 1163/2566/1172 1149/2567/1158 1074/2568/1083
f 1074/2568/1083 1164/2569/1173 1163/2566/1172
f 1149/2518/1158 1029/2214/1038 1074/2363/1083
f 839/2570/848 1121/2571/1130 767/1639/776
f 1074/2568/1083 1073/2572/1082 1164/2569/1173
f 1150/2573/1159 1165/2574/1174 1123/2443/1132
f 1123/2443/1132 1165/2574/1174 1124/2444/1133
f 1125/2575/1134 1151/2576/1160 1166/2577/1175
f 1143/2535/1152 1152/2532/1161 1113/2578/1122
f 1153/2534/1162 1131/2464/1140 1080/2416/1089
f 1167/2579/1176 1168/2580/1177 1169/2581/1178
f 1113/2582/1122 1132/2583/1141 1143/1031/1152
f 1170/2584/1179 1171/2585/1180 1144/1111/1153
f 1170/2584/1179 1144/1111/1153 1155/2586/1164
f 1171/2587/1180 1156/2588/1165 1144/2589/1153
f 1172/2590/1181 1080/2503/1089 1133/2502/1142
f 1173/2591/1182 1096/2506/1105 1113/2505/1122
f 1156/2548/1165 1172/2592/1181 1133/2540/1142
f 1081/2509/1090 1159/2555/1168 1157/2593/1166
f 1083/2510/1092 1035/2238/1044 1159/2594/1168
f 1115/2419/1124 1158/2556/1167 1085/2354/1094
f 1022/2595/1031 1098/2596/1107 1097/2597/1106
f 1099/2476/1108 1174/2598/1183 991/2137/1000
f 868/1827/877 982/2111/991 1175/2599/1184
f 991/2600/1000 1174/2601/1183 1068/2602/1077
f 982/2111/991 1088/2358/1097 1176/2603/1185
f 1100/2385/1109 1147/2514/1156 1177/2604/1186
f 1116/2426/1125 1178/2605/1187 1101/2387/1110
f 1179/2606/1188 1024/2316/1033 1160/2607/1169
f 1070/2478/1079 1024/2316/1033 1179/2606/1188
f 1180/2608/1189 885/2389/894 1090/2609/1099
f 966/2610/975 1071/2319/1080 910/1922/919
f 1025/2209/1034 1051/2280/1060 1181/2611/1190
f 1182/2612/1191 1183/2613/1192 1184/2614/1193
f 1184/2615/1193 1185/2616/1194 1186/2617/1195
f 1183/2618/1192 1185/2616/1194 1184/2615/1193
f 1187/2619/1196 1188/2620/1197 1189/2621/1198
f 1185/2616/1194 1190/2622/1199 1186/2617/1195
f 1038/2244/1047 751/2243/760 1162/2623/1171
f 1191/2624/1200 737/1516/744 1052/2282/1061
f 1162/2625/1171 809/2154/818 1139/2482/1148
f 860/1808/869 737/2012/744 1192/2626/1201
f 1120/2627/1129 1001/2628/1010 947/2629/956
f 1073/2630/1082 1120/2631/1129 1164/2632/1173
f 1141/2633/1150 1124/2634/1133 1193/2635/1202
f 1152/2636/1161 1141/2637/1150 1193/2638/1202
f 1151/2639/1160 1194/2640/1203 1166/2641/1175
f 1171/2642/1180 1169/2643/1178 1194/2640/1203
f 1170/2644/1179 1169/2581/1178 1168/2580/1177
f 1171/2645/1180 1167/2646/1176 1169/2647/1178
f 1173/2591/1182 1155/2648/1164 1096/2506/1105
f 1157/2553/1166 1159/2649/1168 1114/2413/1123
f 1084/2353/1093 1158/2556/1167 1115/2419/1124
f 1145/2557/1154 1195/2650/1204 1035/2239/1044
f 1086/2421/1095 907/1913/916 1146/2512/1155
f 1196/2651/1205 1067/2475/1076 980/2104/989
f 720/1481/727 774/1598/783 1067/2310/1076
f 1099/2384/1108 1007/2179/1016 1174/2652/1183
f 868/1827/877 1175/2599/1184 1007/2179/1016
f 1023/2207/1032 1197/2653/1206 992/2422/1001
f 992/2422/1001 1198/2654/1207 1050/2655/1059
f 1176/2603/1185 1088/2358/1097 1101/2387/1110
f 1050/2513/1059 1198/2656/1207 1116/2424/1125
f 1116/2426/1125 1199/2657/1208 1178/2605/1187
f 781/1612/790 995/2515/1004 1090/2360/1099
f 1025/2658/1034 1200/2659/1209 996/2152/1005
f 966/2074/975 1037/2242/1046 1201/2660/1210
f 1037/2242/1046 1202/2661/1211 1201/2660/1210
f 1037/1409/1046 1103/2662/1112 1202/2663/1211
f 1182/2664/1191 1184/2665/1193 1203/2666/1212
f 1204/2667/1213 1183/2613/1192 1182/2612/1191
f 1204/2667/1213 1205/2668/1214 1183/2613/1192
f 1206/2669/1215 1187/2670/1196 1207/2671/1216
f 1207/2671/1216 1187/2670/1196 1208/2672/1217
f 1187/2670/1196 1189/1465/1198 1208/2672/1217
f 1190/2673/1199 1185/2674/1194 1183/2675/1192
f 1209/2676/1218 1210/2677/1219 1186/2678/1195
f 1186/2679/1195 1190/2680/1199 1209/2681/1218
f 1209/2682/1218 1190/2683/1199 1210/2684/1219
f 1072/2685/1081 1211/2686/1220 1052/2687/1061
f 1119/2688/1128 1104/2689/1113 1212/2690/1221
f 1213/2691/1222 1039/2245/1048 1091/2362/1100
f 1054/2285/1063 767/2692/776 1121/2693/1130
f 947/2629/956 1164/2694/1173 1120/2627/1129
f 1214/2695/1223 1164/2696/1173 947/2016/956
f 1151/2639/1160 1153/2697/1162 1194/2640/1203
f 1194/2640/1203 1169/2643/1178 1215/2698/1224
f 1193/2638/1202 1170/2644/1179 1152/2636/1161
f 1169/2581/1178 1170/2644/1179 1193/2638/1202
f 1153/2697/1162 1080/2699/1089 1194/2640/1203
f 1170/2644/1179 1168/2580/1177 1171/2700/1180
f 1167/2579/1176 1171/2700/1180 1168/2580/1177
f 1194/2640/1203 1172/2701/1181 1171/2642/1180
f 1194/2640/1203 1080/2699/1089 1172/2701/1181
f 1171/2587/1180 1172/503/1181 1156/2588/1165
f 1114/2702/1123 1216/2703/1225 1135/2704/1144
f 1114/2705/1123 1159/2706/1168 1216/2707/1225
f 1159/2594/1168 1035/2238/1044 1195/2708/1204
f 1136/2472/1145 845/2205/854 1049/2420/1058
f 845/1774/854 1196/2651/1205 980/2104/989
f 982/2111/991 1176/2603/1185 1175/2599/1184
f 992/2422/1001 1197/2653/1206 1198/2654/1207
f 1068/2709/1077 1174/2710/1183 1217/1722/1226
f 1217/2711/1226 1160/2712/1169 1068/2713/1077
f 1198/2656/1207 1218/2714/1227 1116/2424/1125
f 1116/2426/1125 1218/2715/1227 1199/2657/1208
f 1199/2716/1208 1219/2717/1228 1178/2718/1187
f 1160/2607/1169 1220/2719/1229 1179/2606/1188
f 1217/2720/1226 1220/2719/1229 1160/2607/1169
f 1147/2721/1156 1221/2722/1230 1177/2723/1186
f 1147/2724/1156 1069/2428/1078 1221/2725/1230
f 1069/2428/1078 1102/2427/1111 1221/2725/1230
f 849/1782/858 1222/2726/1231 1118/2430/1127
f 1025/2209/1034 1181/2611/1190 1200/2727/1209
f 996/2152/1005 1161/2560/1170 1137/2479/1146
f 1206/2728/1215 1223/2729/1232 1187/2730/1196
f 1103/2731/1112 967/2732/976 1202/2733/1211
f 1187/2730/1196 1224/2734/1233 1188/2735/1197
f 1051/2280/1060 1119/2431/1128 1181/2611/1190
f 1186/2678/1195 1210/2677/1219 1225/2736/1234
f 1162/2625/1171 1139/2482/1148 1226/2737/1235
f 737/1516/744 1191/2624/1200 1227/2738/1236
f 737/2012/744 1227/2739/1236 1192/2626/1201
f 1192/2626/1201 1228/2740/1237 860/1808/869
f 969/2157/978 1039/2245/1048 1148/2517/1157
f 926/1957/935 1140/2483/1149 1229/2741/1238
f 1055/2286/1064 738/1519/745 875/1840/884
f 1150/2520/1159 1122/2438/1131 1230/2742/1239
f 1193/2743/1202 1124/2744/1133 1215/2745/1224
f 1193/2743/1202 1215/2745/1224 1169/2746/1178
f 1194/2640/1203 1230/2742/1239 1166/2641/1175
f 1152/2636/1161 1173/2747/1182 1113/2748/1122
f 1152/2636/1161 1170/2644/1179 1173/2747/1182
f 1170/2644/1179 1155/2749/1164 1173/2747/1182
f 1216/2703/1225 1158/2750/1167 1135/2704/1144
f 1216/2703/1225 1085/2451/1094 1158/2750/1167
f 1097/2597/1106 1098/2596/1107 1231/2751/1240
f 1175/2599/1184 1174/2652/1183 1007/2179/1016
f 1101/2387/1110 1232/2752/1241 1176/2603/1185
f 1101/2387/1110 1233/2753/1242 1232/2752/1241
f 1101/2387/1110 1178/2605/1187 1233/2753/1242
f 1178/2718/1187 1234/2754/1243 1233/1674/1242
f 1179/2606/1188 1235/2755/1244 1070/2478/1079
f 1071/2319/1080 966/2610/975 1225/2756/1234
f 1203/2666/1212 1236/2757/1245 1182/2664/1191
f 1182/2612/1191 1236/2758/1245 1204/2667/1213
f 1223/2729/1232 1224/2734/1233 1187/2730/1196
f 1184/2665/1193 1186/2759/1195 1203/2666/1212
f 1204/2667/1213 1237/2760/1246 1205/2668/1214
f 1189/2761/1198 1238/2762/1247 1208/2763/1217
f 1188/2735/1197 1224/2734/1233 1119/2764/1128
f 1210/2765/1219 1071/2766/1080 1225/2767/1234
f 1188/2768/1197 1119/2688/1128 1189/2769/1198
f 1210/2770/1219 1190/2771/1199 1071/2772/1080
f 1072/2685/1081 1071/2225/1080 1211/2686/1220
f 1071/2773/1080 1190/2774/1199 1211/2775/1220
f 1119/2688/1128 1212/2690/1221 1189/2769/1198
f 968/2079/977 1138/2481/1147 945/2010/954
f 833/1737/842 1213/2776/1222 1091/2480/1100
f 926/2777/935 1229/2778/1238 1139/2779/1148
f 1140/2483/1149 1239/2780/1248 1229/2741/1238
f 1054/2285/1063 1239/2780/1248 1140/2483/1149
f 1163/2566/1172 1164/2569/1173 1149/2567/1158
f 1011/2187/1020 1149/2518/1158 1121/2781/1130
f 1150/2520/1159 1230/2742/1239 1165/2782/1174
f 1122/2438/1131 1125/2445/1134 1230/2742/1239
f 1124/2744/1133 1165/2783/1174 1215/2745/1224
f 1125/2445/1134 1166/2641/1175 1230/2742/1239
f 1230/2742/1239 1194/2640/1203 1215/2698/1224
f 1085/2354/1094 1216/2784/1225 1145/2511/1154
f 1159/2594/1168 1145/2785/1154 1216/2786/1225
f 1159/2594/1168 1195/2708/1204 1145/2785/1154
f 1086/2355/1095 1240/2787/1249 826/1719/835
f 908/2788/917 1241/2789/1250 1098/2790/1107
f 1197/2653/1206 1023/2207/1032 1242/2791/1251
f 1197/2653/1206 1242/2791/1251 1218/2792/1227
f 1197/2653/1206 1218/2792/1227 1198/2654/1207
f 1175/2599/1184 1176/2603/1185 1217/2793/1226
f 1100/2385/1109 1242/2791/1251 1023/2207/1032
f 1176/2603/1185 1232/2752/1241 1217/2793/1226
f 1100/2385/1109 1177/2604/1186 1242/2791/1251
f 1243/2794/1252 1242/2791/1251 1177/2604/1186
f 1219/2717/1228 1234/2754/1243 1178/2718/1187
f 1102/2390/1111 1244/2795/1253 1221/2796/1230
f 849/1782/858 1117/2429/1126 1222/2726/1231
f 1222/2726/1231 1245/2797/1254 1118/2430/1127
f 966/2610/975 1201/2798/1210 1246/2799/1255
f 1206/2800/1215 1207/2801/1216 1223/2802/1232
f 1225/2803/1234 1203/2804/1212 1186/2805/1195
f 1204/2667/1213 1247/2806/1256 1237/2760/1246
f 1181/2807/1190 1119/664/1128 1224/2808/1233
f 1207/2809/1216 1208/2810/1217 1248/2811/1257
f 1161/2812/1170 1249/2813/1258 968/2079/977
f 1052/2814/1061 1211/2815/1220 1250/2816/1259
f 860/1808/869 1228/2740/1237 944/2009/953
f 1251/2817/1260 1104/475/1113 997/2818/1006
f 1054/2285/1063 1121/2693/1130 1239/2780/1248
f 1252/2819/1261 1121/2781/1130 1149/2518/1158
f 1230/2820/1239 1215/2745/1224 1165/2783/1174
f 1021/2240/1030 1231/2821/1240 1146/2512/1155
f 1231/2751/1240 1021/2822/1030 1097/2597/1106
f 1240/2787/1249 908/1915/917 826/1719/835
f 1175/2599/1184 1217/2793/1226 1174/2652/1183
f 1243/2823/1252 1177/2824/1186 1221/2825/1230
f 1220/2719/1229 1217/2720/1226 1253/2826/1262
f 1217/2720/1226 1233/2827/1242 1253/2826/1262
f 1232/2752/1241 1233/2753/1242 1217/2793/1226
f 1118/2430/1127 1245/2797/1254 923/1954/932
f 1237/2828/1246 1254/2829/1263 1205/2830/1214
f 1161/2812/1170 1255/2831/1264 1249/2813/1258
f 1190/2673/1199 1250/2816/1259 1211/2815/1220
f 1212/2832/1221 1256/2833/1265 1189/2761/1198
f 944/2009/953 1228/2740/1237 1257/2834/1266
f 1251/2835/1260 1258/2836/1267 1104/2837/1113
f 1259/2838/1268 1228/2839/1237 1192/2840/1201
f 1010/2182/1019 1260/2841/1269 1053/2284/1062
f 1261/2842/1270 1148/2517/1157 1039/2245/1048
f 1020/2473/1029 1136/2472/1145 1048/2272/1057
f 1199/2716/1208 1218/2843/1227 1262/2844/1271
f 1218/2843/1227 1242/2845/1251 1262/2844/1271
f 1220/2719/1229 1263/2846/1272 1179/2606/1188
f 1253/2847/1262 1263/2848/1272 1220/894/1229
f 1199/2716/1208 1264/2849/1273 1219/2717/1228
f 1219/2850/1228 1264/2851/1273 1265/2852/1274
f 1234/2754/1243 1265/2853/1274 1233/1674/1242
f 1234/2854/1243 1219/2850/1228 1265/2852/1274
f 885/2389/894 1180/2608/1189 1102/2390/1111
f 1090/2609/1099 1266/2855/1275 1180/2608/1189
f 1245/2797/1254 833/1733/842 923/1954/932
f 1236/2758/1245 1247/2806/1256 1204/2667/1213
f 1207/2801/1216 1267/2856/1276 1223/2802/1232
f 1237/2828/1246 1247/2857/1256 1254/2829/1263
f 1248/2811/1257 1268/2858/1277 1207/2809/1216
f 1212/2832/1221 1104/2859/1113 1256/2833/1265
f 1269/2860/1278 1270/2861/1279 1192/2626/1201
f 1192/2626/1201 1270/2861/1279 1259/2862/1268
f 1227/2739/1236 1269/2860/1278 1192/2626/1201
f 1053/2284/1062 1260/2841/1269 997/2863/1006
f 1139/2482/1148 1229/2864/1238 1226/2737/1235
f 1149/2518/1158 1271/2865/1280 1252/2819/1261
f 738/1519/745 1272/2866/1281 947/2016/956
f 1272/2866/1281 1214/2695/1223 947/2016/956
f 1121/2781/1130 1252/2819/1261 1239/2867/1248
f 1214/2695/1223 1273/2868/1282 1164/2696/1173
f 1020/2473/1029 1274/2869/1283 1136/2472/1145
f 908/1915/917 1240/2787/1249 1241/2870/1250
f 1242/2791/1251 1243/2794/1252 1262/2871/1271
f 1221/2825/1230 1275/2872/1284 1243/2823/1252
f 1179/2606/1188 1263/2846/1272 1235/2755/1244
f 1233/2873/1242 1263/2848/1272 1253/2847/1262
f 1235/2874/1244 1276/2875/1285 1070/2876/1079
f 1090/2609/1099 995/2149/1004 1266/2855/1275
f 1225/2756/1234 966/2610/975 1246/2799/1255
f 1203/2804/1212 1225/2803/1234 1236/2758/1245
f 1207/2801/1216 1268/2877/1277 1267/2856/1276
f 1208/2878/1217 1238/2879/1247 1248/2880/1257
f 944/2049/953 1257/2881/1266 967/2078/976
f 1104/2859/1113 1277/2882/1286 1256/2833/1265
f 1162/2623/1171 1226/2883/1235 1038/2244/1047
f 1104/2859/1113 1258/2884/1267 1277/2882/1286
f 1260/2841/1269 1010/2182/1019 1138/2481/1147
f 1213/2691/1222 1261/2842/1270 1039/2245/1048
f 1251/2885/1260 1278/2886/1287 1258/2884/1267
f 1278/2886/1287 1251/2885/1260 1279/2887/1288
f 1191/2624/1200 1280/2888/1289 1227/2738/1236
f 1227/2739/1236 1281/2889/1290 1269/2860/1278
f 1280/2888/1289 1281/2890/1290 1227/2738/1236
f 1251/2817/1260 997/2818/1006 1279/2891/1288
f 1149/2567/1158 1273/2892/1282 1271/2893/1280
f 1252/2819/1261 1271/2865/1280 1282/2894/1291
f 1199/2716/1208 1262/2844/1271 1264/2849/1273
f 1243/2823/1252 1275/2872/1284 1262/2895/1271
f 996/2152/1005 1200/2659/1209 1161/2560/1170
f 1223/2896/1232 1200/2897/1209 1181/2807/1190
f 1223/2896/1232 1181/2807/1190 1224/2808/1233
f 1225/2803/1234 1246/2898/1255 1236/2758/1245
f 1205/2899/1214 1283/2900/1292 1183/2675/1192
f 1205/2830/1214 1254/2829/1263 1284/2901/1293
f 1202/2661/1211 967/2078/976 1285/2902/1294
f 1052/2282/1061 1250/2903/1259 1191/2624/1200
f 1228/2740/1237 1259/2862/1268 1257/2834/1266
f 1260/2841/1269 1286/2904/1295 997/2863/1006
f 1278/2905/1287 1279/2906/1288 1287/2907/1296
f 1281/2889/1290 1288/2908/1297 1269/2860/1278
f 738/1519/745 1055/2286/1064 1272/2866/1281
f 1229/2741/1238 1239/2780/1248 1289/2909/1298
f 1149/2567/1158 1164/2569/1173 1273/2892/1282
f 1146/2512/1155 1290/2910/1299 1086/2421/1095
f 845/1774/854 1136/2911/1145 1196/2651/1205
f 1086/2355/1095 1290/2912/1299 1240/2787/1249
f 1233/2873/1242 1265/2913/1274 1264/2914/1273
f 1291/2915/1300 1117/2916/1126 1070/2917/1079
f 1246/2898/1255 1247/2806/1256 1236/2758/1245
f 1200/2897/1209 1223/2896/1232 1267/2918/1276
f 1183/2675/1192 1250/2816/1259 1190/2673/1199
f 1249/2813/1258 1138/2481/1147 968/2079/977
f 1292/2919/1301 1213/2776/1222 833/1737/842
f 1277/2882/1286 1258/2884/1267 1278/2886/1287
f 1279/2906/1288 1293/2920/1302 1287/2907/1296
f 1294/2921/1303 997/2922/1006 1295/2923/1304
f 1280/2888/1289 1296/2924/1305 1281/2890/1290
f 1294/2925/1303 1279/2891/1288 997/2818/1006
f 1055/2286/1064 1148/2517/1157 1261/2842/1270
f 1297/2926/1306 1271/2927/1280 1298/2928/1307
f 1297/2929/1306 1282/2894/1291 1271/2865/1280
f 1273/1030/1282 1298/2930/1307 1271/2680/1280
f 1299/2931/1308 1020/2278/1029 1067/2310/1076
f 1263/2848/1272 1233/2873/1242 1300/2932/1309
f 1275/2933/1284 1221/2934/1230 1301/2935/1310
f 1300/2932/1309 1233/2873/1242 1264/2914/1273
f 1301/2936/1310 1221/2796/1230 1244/2795/1253
f 1302/2937/1311 1275/2938/1284 1301/2936/1310
f 1303/2939/1312 1302/2937/1311 1304/2940/1313
f 1302/2937/1311 1303/2939/1312 1275/2938/1284
f 1304/2940/1313 1302/2937/1311 1305/2941/1314
f 1102/2390/1111 1180/2608/1189 1244/2795/1253
f 1201/2942/1210 1247/1087/1256 1246/2943/1255
f 1201/2944/1210 1285/2945/1294 1247/2946/1256
f 1201/2660/1210 1202/2661/1211 1285/2902/1294
f 1283/2947/1292 1205/2948/1214 1284/2949/1293
f 1285/2950/1294 967/2951/976 1257/2952/1266
f 1189/2761/1198 1256/2833/1265 1238/2762/1247
f 1038/2244/1047 1306/2953/1315 995/2149/1004
f 1277/2882/1286 1278/2886/1287 1307/2954/1316
f 1226/2883/1235 1229/2955/1238 1289/2956/1298
f 1280/2957/1289 1308/2958/1317 1296/2959/1305
f 1298/2928/1307 1273/2960/1282 1309/2961/1318
f 1239/2867/1248 1310/2962/1319 1289/2963/1298
f 1274/2964/1283 1020/2965/1029 1299/2966/1308
f 1262/2967/1271 1275/2968/1284 1303/2969/1312
f 1263/2970/1272 1276/1743/1285 1235/2630/1244
f 1117/2429/1126 1311/2971/1320 1222/2726/1231
f 1222/2726/1231 1311/2971/1320 1245/2797/1254
f 1200/2659/1209 1255/2972/1264 1161/2560/1170
f 1200/2897/1209 1267/2918/1276 1255/2973/1264
f 1248/2811/1257 1312/2974/1321 1268/2858/1277
f 1249/2975/1258 1312/2976/1321 1138/2977/1147
f 1138/2481/1147 1286/2904/1295 1260/2841/1269
f 1191/2624/1200 1250/2903/1259 1280/2888/1289
f 1278/2886/1287 1287/2978/1296 1307/2954/1316
f 997/2979/1006 1286/2980/1295 1295/2981/1304
f 1288/2908/1297 1270/2861/1279 1269/2860/1278
f 1226/2883/1235 1289/2956/1298 1313/2982/1322
f 1296/2924/1305 1314/2983/1323 1281/2890/1290
f 1293/2920/1302 1279/2906/1288 1315/2984/1324
f 1293/2920/1302 1315/2984/1324 1316/2985/1325
f 1316/2985/1325 1317/2986/1326 1318/2987/1327
f 1316/2985/1325 1315/2984/1324 1317/2986/1326
f 1298/2928/1307 1309/2961/1318 1297/2926/1306
f 1310/2962/1319 1252/2819/1261 1282/2894/1291
f 1252/2819/1261 1310/2962/1319 1239/2867/1248
f 1262/2988/1271 1303/2939/1312 1319/2989/1328
f 1264/2914/1273 1320/2990/1329 1300/2932/1309
f 1263/2991/1272 1300/2992/1309 1276/853/1285
f 1300/2993/1309 1321/2994/1330 1276/2995/1285
f 1304/2940/1313 1322/2996/1331 1319/2989/1328
f 1301/2936/1310 1323/2997/1332 1302/2937/1311
f 1276/2875/1285 1291/2998/1300 1070/2876/1079
f 1302/2937/1311 1324/2999/1333 1305/2941/1314
f 1267/2918/1276 1268/3000/1277 1255/2973/1264
f 1247/3001/1256 1285/3002/1294 1254/3003/1263
f 1254/3004/1263 1257/3005/1266 1284/3006/1293
f 1268/3000/1277 1312/2976/1321 1249/2975/1258
f 1245/3007/1254 1292/2919/1301 833/1737/842
f 1312/3008/1321 1325/3009/1334 1138/2481/1147
f 1257/2834/1266 1270/2861/1279 1326/3010/1335
f 1259/2862/1268 1270/2861/1279 1257/2834/1266
f 1213/2691/1222 1327/3011/1336 1261/2842/1270
f 1280/2888/1289 1328/3012/1337 1329/3013/1338
f 1280/2888/1289 1329/3013/1338 1308/3014/1317
f 1281/2889/1290 1314/3015/1323 1288/2908/1297
f 1294/3016/1303 1330/3017/1339 1279/3018/1288
f 1297/2929/1306 1309/3019/1318 1282/2894/1291
f 1308/2958/1317 1331/3020/1340 1296/2959/1305
f 1308/2958/1317 1332/3021/1341 1331/3020/1340
f 1231/2751/1240 1098/2596/1107 1146/3022/1155
f 1290/2912/1299 1241/2870/1250 1240/2787/1249
f 1264/2849/1273 1319/3023/1328 1320/3024/1329
f 1262/2844/1271 1319/3023/1328 1264/2849/1273
f 1303/2939/1312 1304/2940/1313 1319/2989/1328
f 1300/3025/1309 1333/3026/1342 1321/3027/1330
f 1304/2940/1313 1305/2941/1314 1334/3028/1343
f 1301/2936/1310 1244/2795/1253 1323/2997/1332
f 1285/3002/1294 1257/3029/1266 1254/3003/1263
f 1268/3000/1277 1249/2975/1258 1255/2973/1264
f 1250/2816/1259 1183/2675/1192 1283/2900/1292
f 1250/2816/1259 1283/2900/1292 1335/3030/1344
f 1292/3031/1301 1327/3011/1336 1213/2691/1222
f 1325/3009/1334 1286/2904/1295 1138/2481/1147
f 1038/2244/1047 1226/2883/1235 1306/2953/1315
f 1226/2883/1235 1313/2982/1322 1306/2953/1315
f 1307/2954/1316 1287/2978/1296 1336/3032/1345
f 1287/2978/1296 1293/3033/1302 1337/3034/1346
f 1055/2286/1064 1261/2842/1270 1338/3035/1347
f 1293/3033/1302 1316/3036/1325 1337/3034/1346
f 1316/3036/1325 1318/3037/1327 1337/3034/1346
f 1308/3014/1317 1329/3013/1338 1339/3038/1348
f 1296/2959/1305 1331/3020/1340 1314/3039/1323
f 1272/2866/1281 1055/2286/1064 1340/3040/1349
f 1272/2866/1281 1341/3041/1350 1214/2695/1223
f 1279/3018/1288 1330/3017/1339 1342/3042/1351
f 1279/2906/1288 1342/3043/1351 1315/2984/1324
f 1343/3044/1352 1344/3045/1353 1214/2695/1223
f 1273/2960/1282 1344/3046/1353 1309/2961/1318
f 1339/3038/1348 1332/3047/1341 1308/3014/1317
f 1315/3048/1324 1342/3042/1351 1317/3049/1326
f 1214/2695/1223 1344/3045/1353 1273/2868/1282
f 1274/2964/1283 1299/2966/1308 1136/3050/1145
f 1136/3050/1145 1299/2966/1308 1196/3051/1205
f 1196/2651/1205 1299/3052/1308 1067/2475/1076
f 1322/2996/1331 1345/3053/1354 1319/2989/1328
f 1304/2940/1313 1346/3054/1355 1322/2996/1331
f 1334/3028/1343 1346/3054/1355 1304/2940/1313
f 1323/2997/1332 1324/2999/1333 1302/2937/1311
f 1284/3055/1293 1257/2834/1266 1326/3010/1335
f 1280/2888/1289 1250/2903/1259 1328/3012/1337
f 1286/2904/1295 1347/3056/1356 1295/3057/1304
f 1287/2978/1296 1337/3034/1346 1336/3032/1345
f 1348/3058/1357 1313/2982/1322 1289/2956/1298
f 1314/3059/1323 1331/3060/1340 1349/3061/1358
f 1329/3062/1338 1332/3063/1341 1339/3064/1348
f 1272/2866/1281 1340/3040/1349 1341/3041/1350
f 1214/2695/1223 1341/3041/1350 1343/3044/1352
f 1317/3065/1326 1350/3066/1359 1318/3067/1327
f 1332/3021/1341 1351/3068/1360 1331/3020/1340
f 1146/3022/1155 1098/2596/1107 1290/3069/1299
f 1241/2870/1250 1290/2912/1299 1098/2474/1107
f 1300/3025/1309 1352/3070/1361 1333/3026/1342
f 1300/2932/1309 1320/2990/1329 1352/3071/1361
f 1320/3072/1329 1319/2989/1328 1353/3073/1362
f 1353/3073/1362 1319/2989/1328 1345/3053/1354
f 1333/3074/1342 1354/3075/1363 1321/233/1330
f 1354/3075/1363 1355/3076/1364 1321/233/1330
f 1345/3077/1354 1322/3078/1331 1356/3079/1365
f 1356/3080/1365 1322/2996/1331 1346/3054/1355
f 995/2149/1004 1306/2953/1315 1266/2855/1275
f 1245/3007/1254 1311/3081/1320 1292/2919/1301
f 1292/2919/1301 1311/3081/1320 1327/3082/1336
f 1357/3083/1366 1329/3084/1338 1328/3085/1337
f 1347/3056/1356 1358/3086/1367 1295/3057/1304
f 1358/3086/1367 1294/3016/1303 1295/3057/1304
f 1359/3087/1368 1309/2961/1318 1360/3088/1369
f 1359/3089/1368 1361/3090/1370 1309/3019/1318
f 1338/3035/1347 1340/3040/1349 1055/2286/1064
f 1314/3015/1323 1349/3091/1358 1288/2908/1297
f 1309/2961/1318 1344/3046/1353 1360/3088/1369
f 1361/3090/1370 1282/2894/1291 1309/3019/1318
f 1337/3092/1346 1318/3067/1327 1350/3066/1359
f 1343/3044/1352 1362/3093/1371 1344/3045/1353
f 1282/3094/1291 1289/3095/1298 1310/3096/1319
f 1330/3017/1339 1363/3097/1372 1342/3042/1351
f 1364/3098/1373 1350/3066/1359 1317/3065/1326
f 1342/3042/1351 1364/3099/1373 1317/3049/1326
f 1353/3100/1362 1345/3077/1354 1365/3101/1374
f 1365/3101/1374 1345/3077/1354 1356/3079/1365
f 1321/2994/1330 1291/2915/1300 1276/2995/1285
f 1321/2994/1330 1355/3102/1364 1291/2915/1300
f 1334/3028/1343 1356/3080/1365 1346/3054/1355
f 1311/3103/1320 1117/2916/1126 1366/3104/1375
f 1256/2833/1265 1277/2882/1286 1367/3105/1376
f 1261/2842/1270 1327/3011/1336 1338/3035/1347
f 1288/2908/1297 1349/3091/1358 1270/2861/1279
f 1368/3106/1377 1341/3041/1350 1340/3040/1349
f 1341/3107/1350 1368/3108/1377 1343/3109/1352
f 1342/3042/1351 1363/3097/1372 1364/3099/1373
f 1332/3063/1341 1369/3110/1378 1351/3111/1360
f 1353/3100/1362 1352/3071/1361 1320/2990/1329
f 1356/3079/1365 1334/3112/1343 1365/3101/1374
f 1117/2916/1126 1291/2915/1300 1370/3113/1379
f 1244/2795/1253 1180/2608/1189 1323/2997/1332
f 1117/3114/1126 1370/3115/1379 1366/2193/1375
f 1248/2880/1257 1238/2879/1247 1312/3116/1321
f 1306/2953/1315 1371/3117/1380 1266/2855/1275
f 1328/3118/1337 1250/2816/1259 1372/3119/1381
f 1277/2882/1286 1307/2954/1316 1367/3105/1376
f 1270/2861/1279 1373/3120/1382 1326/3010/1335
f 1313/2982/1322 1374/3121/1383 1306/2953/1315
f 1313/2982/1322 1348/3058/1357 1374/3121/1383
f 1286/2904/1295 1375/3122/1384 1347/3056/1356
f 1347/3123/1356 1375/3124/1384 1376/3125/1385
f 1347/3056/1356 1376/3126/1385 1358/3086/1367
f 1349/3091/1358 1377/3127/1386 1270/2861/1279
f 1338/3035/1347 1368/3106/1377 1340/3040/1349
f 1348/3058/1357 1289/2956/1298 1378/3128/1387
f 1294/3016/1303 1358/3086/1367 1379/3129/1388
f 1331/3130/1340 1380/3131/1389 1349/3091/1358
f 1289/2963/1298 1282/2894/1291 1378/3132/1387
f 1294/3016/1303 1379/3129/1388 1330/3017/1339
f 1329/3062/1338 1381/3133/1390 1332/3063/1341
f 1365/3101/1374 1382/3134/1391 1352/3071/1361
f 1365/3101/1374 1352/3071/1361 1353/3100/1362
f 1365/3101/1374 1334/3112/1343 1383/3135/1392
f 1334/3136/1343 1384/3137/1393 1383/3138/1392
f 1355/3102/1364 1385/3139/1394 1291/2915/1300
f 1305/2941/1314 1324/2999/1333 1386/3140/1395
f 1323/2997/1332 1387/3141/1396 1324/2999/1333
f 1323/2997/1332 1180/2608/1189 1387/3141/1396
f 1180/2608/1189 1266/2855/1275 1387/3141/1396
f 1324/2999/1333 1387/3141/1396 1386/3140/1395
f 1388/3142/1397 1389/3143/1398 1390/3144/1399
f 1386/3140/1395 1389/3143/1398 1388/3142/1397
f 1386/3140/1395 1387/3141/1396 1389/3143/1398
f 1387/3141/1396 1266/2855/1275 1371/3117/1380
f 1284/2949/1293 1326/3145/1335 1283/2947/1292
f 1312/3116/1321 1238/2879/1247 1325/3146/1334
f 1359/3089/1368 1391/3147/1400 1361/3090/1370
f 1391/3148/1400 1392/3149/1401 1361/3150/1370
f 1359/3151/1368 1360/3152/1369 1393/3153/1402
f 1394/3154/1403 1362/3093/1371 1343/3044/1352
f 1336/3155/1345 1395/3156/1404 1307/3157/1316
f 1357/3158/1366 1396/3159/1405 1397/3160/1406
f 1374/3121/1383 1348/3058/1357 1378/3128/1387
f 1336/3098/1345 1398/3161/1407 1395/3162/1404
f 1360/3088/1369 1344/3046/1353 1393/3163/1402
f 1398/3164/1407 1336/3032/1345 1337/3034/1346
f 1397/3165/1406 1329/3084/1338 1357/3083/1366
f 1282/2894/1291 1361/3090/1370 1378/3132/1387
f 1381/3133/1390 1369/3110/1378 1332/3063/1341
f 1399/3166/1408 1364/3099/1373 1363/3097/1372
f 1350/3167/1359 1364/3099/1373 1399/3166/1408
f 1382/3134/1391 1365/3101/1374 1383/3135/1392
f 1354/3075/1363 1400/3168/1409 1355/3076/1364
f 1401/3169/1410 1385/3170/1394 1355/3076/1364
f 1384/3171/1393 1334/3028/1343 1402/3172/1411
f 1334/3028/1343 1305/2941/1314 1402/3172/1411
f 1402/3172/1411 1305/2941/1314 1386/3140/1395
f 1403/3173/1412 1388/3174/1397 1390/3175/1399
f 1370/3113/1379 1404/3176/1413 1366/3104/1375
f 1366/3104/1375 1405/3177/1414 1311/3103/1320
f 1366/3104/1375 1404/3176/1413 1405/3177/1414
f 1387/3141/1396 1406/3178/1415 1389/3143/1398
f 1406/3178/1415 1391/3148/1400 1389/3143/1398
f 1327/3179/1336 1311/3103/1320 1405/3177/1414
f 1390/3144/1399 1389/3143/1398 1391/3148/1400
f 1371/3117/1380 1306/2953/1315 1374/3121/1383
f 1338/3180/1347 1327/3179/1336 1405/3177/1414
f 1390/3144/1399 1391/3148/1400 1393/3153/1402
f 1407/3181/1416 1328/3118/1337 1372/3119/1381
f 1407/3182/1416 1357/3183/1366 1328/3184/1337
f 1393/3153/1402 1391/3148/1400 1359/3151/1368
f 1307/3157/1316 1395/3156/1404 1408/3185/1417
f 1344/3046/1353 1362/3186/1371 1393/3163/1402
f 1395/3187/1404 1398/3188/1407 1409/3189/1418
f 1397/3165/1406 1381/3190/1390 1329/3084/1338
f 1396/3159/1405 1331/3191/1340 1410/3192/1419
f 1377/3127/1386 1349/3091/1358 1380/3131/1389
f 1408/3193/1417 1330/3017/1339 1379/3129/1388
f 1395/3194/1404 1330/3017/1339 1408/3193/1417
f 1396/3195/1405 1411/3196/1420 1331/3197/1340
f 1331/3197/1340 1411/3196/1420 1380/3198/1389
f 1330/3017/1339 1395/3194/1404 1363/3097/1372
f 1333/3074/1342 1400/3168/1409 1354/3075/1363
f 1291/2915/1300 1385/3139/1394 1370/3113/1379
f 1402/3172/1411 1386/3140/1395 1388/3142/1397
f 1402/3199/1411 1388/3174/1397 1403/3173/1412
f 1370/3113/1379 1385/3139/1394 1412/3200/1421
f 1412/3200/1421 1404/3176/1413 1370/3113/1379
f 1403/3201/1412 1404/3176/1413 1412/3200/1421
f 1403/3201/1412 1390/3144/1399 1404/3176/1413
f 1390/3144/1399 1393/3153/1402 1404/3176/1413
f 1256/2833/1265 1367/3105/1376 1238/2762/1247
f 1393/3153/1402 1394/3202/1403 1404/3176/1413
f 1387/3141/1396 1371/3117/1380 1406/3178/1415
f 1371/3117/1380 1374/3121/1383 1406/3178/1415
f 1406/3178/1415 1392/3149/1401 1391/3148/1400
f 1405/3177/1414 1368/3108/1377 1338/3180/1347
f 1394/3202/1403 1343/3109/1352 1368/3108/1377
f 1394/3154/1403 1393/3203/1402 1362/3093/1371
f 1270/2861/1279 1377/3127/1386 1413/3204/1422
f 1397/3160/1406 1396/3159/1405 1410/3192/1419
f 1397/3160/1406 1410/3192/1419 1381/3205/1390
f 1358/3086/1367 1414/3206/1423 1379/3129/1388
f 1337/3207/1346 1409/3189/1418 1398/3188/1407
f 1337/3207/1346 1350/3208/1359 1409/3189/1418
f 1395/3194/1404 1409/3209/1418 1363/3097/1372
f 1409/3189/1418 1350/3208/1359 1399/3210/1408
f 1351/3211/1360 1410/3192/1419 1331/3191/1340
f 1363/3097/1372 1409/3209/1418 1399/3166/1408
f 1382/3134/1391 1383/3135/1392 1415/3212/1424
f 1400/3168/1409 1401/3169/1410 1355/3076/1364
f 1401/3213/1410 1384/3171/1393 1385/3139/1394
f 1384/3171/1393 1416/3214/1425 1385/3139/1394
f 1403/3201/1412 1412/3200/1421 1385/3139/1394
f 1404/3176/1413 1394/3202/1403 1405/3177/1414
f 1394/3202/1403 1368/3108/1377 1405/3177/1414
f 1378/3128/1387 1406/3178/1415 1374/3121/1383
f 1408/3215/1417 1417/3216/1426 1307/3217/1316
f 1406/3178/1415 1361/3150/1370 1392/3149/1401
f 1361/3150/1370 1406/3178/1415 1378/3128/1387
f 1381/3205/1390 1351/3211/1360 1369/3218/1378
f 1410/3192/1419 1351/3211/1360 1381/3205/1390
f 1333/3026/1342 1352/3070/1361 1418/3219/1427
f 1352/3220/1361 1415/3221/1424 1418/3222/1427
f 1382/1529/1391 1415/3223/1424 1352/3224/1361
f 1418/3219/1427 1400/3225/1409 1333/3026/1342
f 1383/3226/1392 1384/3171/1393 1415/3227/1424
f 1384/3171/1393 1402/3172/1411 1416/3214/1425
f 1385/3228/1394 1416/3229/1425 1403/3230/1412
f 1335/3030/1344 1372/3119/1381 1250/2816/1259
f 1358/3086/1367 1376/3126/1385 1414/3206/1423
f 1379/3231/1388 1419/3232/1428 1408/3233/1417
f 1415/3227/1424 1384/3171/1393 1420/3234/1429
f 1420/3234/1429 1384/3171/1393 1401/3213/1410
f 1402/3172/1411 1403/3201/1412 1416/3214/1425
f 1407/3235/1416 1396/3236/1405 1357/3237/1366
f 1408/3193/1417 1419/3238/1428 1421/3239/1430
f 1377/3240/1386 1380/3241/1389 1411/3242/1420
f 1414/3206/1423 1419/3238/1428 1379/3129/1388
f 1418/3243/1427 1415/3227/1424 1420/3234/1429
f 1400/3244/1409 1420/3234/1429 1401/3213/1410
f 1283/2900/1292 1422/3245/1431 1335/3030/1344
f 1335/3030/1344 1423/3246/1432 1372/3119/1381
f 1424/3247/1433 1413/3248/1422 1377/3249/1386
f 1418/3243/1427 1420/3234/1429 1400/3244/1409
f 1375/3124/1384 1425/3250/1434 1376/3125/1385
f 1408/3215/1417 1421/3251/1430 1417/3216/1426
f 1407/3252/1416 1426/3253/1435 1396/3195/1405
f 1426/3253/1435 1411/3196/1420 1396/3195/1405
f 1335/3030/1344 1422/3245/1431 1427/3254/1436
f 1428/3255/1437 1429/3256/1438 1238/3257/1247
f 1326/3258/1335 1430/3259/1439 1283/3260/1292
f 1367/3105/1376 1307/2954/1316 1431/3261/1440
f 1286/2904/1295 1432/3262/1441 1375/3122/1384
f 1411/3263/1420 1424/3264/1433 1377/3265/1386
f 1414/3206/1423 1376/3126/1385 1419/3238/1428
f 1367/3105/1376 1433/3266/1442 1238/2762/1247
f 1238/2879/1247 1434/3267/1443 1325/3146/1334
f 1325/3009/1334 1435/3268/1444 1286/2904/1295
f 1435/3268/1444 1432/3262/1441 1286/2904/1295
f 1270/2861/1279 1413/3204/1422 1436/3269/1445
f 1270/2861/1279 1436/3269/1445 1373/3120/1382
f 1376/3126/1385 1425/3270/1434 1419/3238/1428
f 1283/2900/1292 1437/3271/1446 1422/3245/1431
f 1437/3272/1446 1283/3260/1292 1430/3259/1439
f 1238/3257/1247 1433/3273/1442 1428/3255/1437
f 1326/3258/1335 1373/3274/1382 1430/3259/1439
f 1407/3275/1416 1372/3276/1381 1438/3277/1447
f 1307/3217/1316 1417/3216/1426 1431/3278/1440
f 1426/3253/1435 1439/3279/1448 1411/3196/1420
f 1425/3270/1434 1421/3239/1430 1419/3238/1428
f 1238/3280/1247 1429/3281/1438 1434/3282/1443
f 1423/3246/1432 1440/3283/1449 1372/3119/1381
f 1407/3252/1416 1439/3279/1448 1426/3253/1435
f 1375/3124/1384 1441/3284/1450 1425/3250/1434
f 1441/3285/1450 1421/3239/1430 1425/3270/1434
f 1434/3267/1443 1435/3286/1444 1325/3146/1334
f 1367/3105/1376 1442/3287/1451 1433/3266/1442
f 1431/3261/1440 1443/3288/1452 1367/3105/1376
f 1372/3289/1381 1444/3290/1453 1438/3291/1447
f 1424/3264/1433 1411/3263/1420 1445/1796/1454
f 1335/3292/1344 1446/3293/1455 1423/3294/1432
f 1335/3030/1344 1427/3254/1436 1446/3295/1455
f 1367/923/1376 1443/3296/1452 1442/3297/1451
f 1373/3120/1382 1436/3269/1445 1430/3298/1439
f 1417/3216/1426 1421/3251/1430 1447/3299/1456
f 1411/3196/1420 1439/3279/1448 1448/3300/1457
f 1372/3119/1381 1440/3283/1449 1449/3301/1458
f 1443/3296/1452 1450/3302/1459 1442/3297/1451
f 1407/3252/1416 1451/3303/1460 1439/3279/1448
f 1448/3300/1457 1445/3304/1454 1411/3196/1420
f 1413/3204/1422 1445/3305/1454 1436/3269/1445
f 1432/3262/1441 1441/3285/1450 1375/3122/1384
f 1433/3273/1442 1452/3306/1461 1428/3255/1437
f 1423/3246/1432 1449/3301/1458 1440/3283/1449
f 1453/3307/1462 1421/3239/1430 1441/3285/1450
f 1445/3308/1454 1413/3248/1422 1424/3247/1433
f 1454/3309/1463 1422/3245/1431 1437/3271/1446
f 1455/3310/1464 1429/3311/1438 1428/3312/1437
f 1438/3277/1447 1456/3313/1465 1407/3275/1416
f 1456/3314/1465 1451/3303/1460 1407/3252/1416
f 1457/3315/1466 1448/3300/1457 1439/3279/1448
f 1458/3316/1467 1441/3285/1450 1432/3262/1441
f 1459/3317/1468 1421/3318/1430 1453/3319/1462
f 1422/3320/1431 1454/3321/1463 1427/3322/1436
f 1421/3323/1430 1459/3324/1468 1447/3325/1456
f 1441/3285/1450 1460/3326/1469 1453/3307/1462
f 1442/3287/1451 1461/3327/1470 1433/3266/1442
f 1449/3301/1458 1462/3328/1471 1372/3119/1381
f 1442/3287/1451 1450/3329/1459 1461/3327/1470
f 1435/3268/1444 1458/3316/1467 1432/3262/1441
f 1417/3216/1426 1463/3330/1472 1431/3278/1440
f 1439/3279/1448 1464/3331/1473 1457/3315/1466
f 1453/3307/1462 1460/3326/1469 1465/3332/1474
f 1417/3216/1426 1447/3299/1456 1463/3330/1472
f 1451/3333/1460 1464/3334/1473 1439/3335/1448
f 1372/3336/1381 1462/3337/1471 1444/3338/1453
f 1457/3315/1466 1466/3339/1475 1448/3300/1457
f 1448/3300/1457 1467/3340/1476 1445/3304/1454
f 1423/3246/1432 1468/3341/1477 1449/3301/1458
f 1423/3246/1432 1469/3342/1478 1468/3341/1477
f 1455/3343/1464 1470/3344/1479 1429/3281/1438
f 1428/3345/1437 1470/3346/1479 1455/3347/1464
f 1449/3301/1458 1471/3348/1480 1462/3328/1471
f 1450/3329/1481 1472/3349/1482 1461/3327/1483
f 1460/2711/1469 1473/3350/1484 1465/3351/1474
f 1423/3294/1432 1446/3293/1455 1469/3352/1478
f 1433/3266/1442 1461/3327/1470 1474/3353/1485
f 1443/3296/1452 1475/3354/1486 1450/3302/1459
f 1471/3348/1480 1476/3355/1487 1462/3328/1471
f 1477/3356/1488 1478/3357/1489 1450/3329/1459
f 1464/3331/1473 1476/3358/1487 1457/3315/1466
f 1477/3359/1488 1459/3324/1468 1478/3360/1489
f 1457/3315/1466 1476/3358/1487 1466/3339/1475
f 1477/3359/1488 1479/3361/1490 1459/3324/1468
f 1459/3324/1468 1479/3361/1490 1447/3325/1456
f 1447/3299/1456 1479/3362/1490 1463/3330/1472
f 1449/3301/1458 1468/3341/1477 1471/3348/1480
f 1450/3329/1459 1478/3357/1489 1461/3327/1470
f 1444/3290/1453 1480/3363/1491 1438/3291/1447
f 1464/3331/1473 1462/3364/1471 1476/3358/1487
f 1478/3365/1489 1459/3317/1468 1481/3366/1492
f 1459/3317/1468 1453/3319/1462 1481/3366/1492
f 1467/3340/1476 1482/3367/1493 1445/3304/1454
f 1441/3368/1450 1483/3369/1494 1460/3370/1469
f 1428/3345/1437 1484/3371/1495 1470/3346/1479
f 1428/3372/1437 1452/3373/1461 1484/3374/1495
f 1433/3273/1442 1474/3375/1485 1452/3306/1461
f 1434/3267/1443 1485/3376/1496 1435/3286/1444
f 1466/3377/1475 1467/3378/1476 1448/3379/1457
f 1464/3380/1473 1486/3381/1497 1462/3382/1471
f 1458/3316/1467 1487/3383/1498 1441/3285/1450
f 1483/3384/1494 1473/3385/1484 1460/3386/1469
f 1441/3368/1450 1487/3387/1498 1488/3388/1499
f 1441/3368/1450 1488/3388/1499 1483/3369/1494
f 1446/3389/1455 1489/3390/1500 1490/3391/1501
f 1427/3254/1436 1489/3392/1500 1446/3295/1455
f 1475/3354/1486 1491/3393/1502 1450/3302/1459
f 1467/3378/1476 1492/3394/1503 1493/3395/1504
f 1435/3268/1444 1485/3396/1496 1458/3316/1467
f 1465/3332/1474 1494/3397/1505 1453/3307/1462
f 1467/3340/1476 1495/3398/1506 1482/3367/1493
f 1496/3399/1507 1497/3400/1508 1445/3401/1509
f 1445/3305/1454 1498/3402/1510 1436/3269/1445
f 1474/3375/1485 1499/3403/1511 1452/3306/1461
f 1429/3281/1438 1470/3344/1479 1434/3282/1443
f 1438/3291/1447 1480/3363/1491 1500/3404/1512
f 1446/3405/1455 1490/3406/1501 1469/3407/1478
f 1499/3403/1511 1501/3408/1513 1452/3306/1461
f 1431/3261/1440 1502/3409/1514 1443/3288/1452
f 1431/3261/1440 1503/3410/1515 1502/3409/1514
f 1493/3395/1504 1492/3394/1503 1495/3411/1506
f 1493/3412/1504 1495/3398/1506 1467/3340/1476
f 1466/3377/1475 1492/3394/1503 1467/3378/1476
f 1451/3333/1460 1486/3413/1497 1464/3334/1473
f 1443/3296/1452 1502/3414/1514 1475/3354/1486
f 1462/3337/1471 1480/3415/1491 1444/3338/1453
f 1437/3271/1446 1504/3416/1516 1454/3309/1463
f 1499/3403/1511 1505/3417/1517 1501/3408/1513
f 1461/3327/1470 1478/3357/1489 1506/3418/1518
f 1492/1846/1503 1490/3419/1501 1495/3420/1506
f 1494/3004/1505 1505/3421/1517 1453/1214/1462
f 1450/3302/1459 1491/3393/1502 1477/3422/1488
f 1431/3278/1440 1463/3330/1472 1503/3423/1515
f 1505/3424/1517 1507/3425/1519 1453/3426/1462
f 1465/3351/1474 1473/3350/1484 1494/3427/1505
f 1477/3359/1488 1491/3428/1502 1479/3361/1490
f 1453/3426/1462 1507/3425/1519 1481/3429/1492
f 1445/3401/1454 1497/3400/1520 1498/3430/1510
f 1456/3314/1465 1508/3431/1521 1451/3303/1460
f 1474/3353/1485 1461/3327/1470 1506/3418/1518
f 1437/3272/1446 1430/3259/1439 1509/3432/1522
f 1501/3433/1513 1494/3434/1505 1452/3435/1461
f 1501/3408/1513 1505/3417/1517 1494/3436/1505
f 1500/3437/1512 1456/3313/1465 1438/3277/1447
f 1445/3438/1454 1510/3439/1523 1497/3440/1520
f 1445/3438/1454 1482/3441/1493 1510/3439/1523
f 1458/3316/1467 1485/3396/1496 1487/3383/1498
f 1469/3342/1478 1511/3442/1524 1468/3341/1477
f 1490/3391/1501 1489/3390/1500 1495/3443/1506
f 1470/3344/1479 1512/3444/1525 1434/3282/1443
f 1476/3355/1487 1471/3348/1480 1513/3445/1526
f 1476/3358/1487 1513/3446/1526 1466/3339/1475
f 1479/3361/1490 1514/3447/1527 1463/3448/1472
f 1499/3403/1511 1515/3449/1528 1505/3417/1517
f 1492/3394/1503 1516/3450/1529 1490/3451/1501
f 1500/3452/1512 1508/3431/1521 1456/3314/1465
f 1466/3377/1475 1517/3453/1530 1492/3394/1503
f 1436/3269/1445 1498/3402/1510 1518/3454/1531
f 1436/3269/1445 1518/3454/1531 1430/3298/1439
f 1474/3375/1485 1519/869/1532 1499/3403/1511
f 1474/3353/1485 1506/3418/1518 1519/3455/1532
f 1427/3322/1436 1454/3321/1463 1489/3456/1500
f 1503/3410/1515 1520/3457/1533 1502/3409/1514
f 1486/3381/1497 1521/3458/1534 1462/3382/1471
f 1500/3452/1512 1522/3459/1535 1508/3431/1521
f 1513/3446/1526 1517/3460/1530 1466/3339/1475
f 1503/3423/1515 1463/3330/1472 1520/3461/1533
f 1451/3333/1460 1508/3462/1521 1486/3413/1497
f 1491/3428/1502 1514/3447/1527 1479/3361/1490
f 1469/3407/1478 1490/3406/1501 1511/1776/1524
f 1462/3382/1471 1521/3458/1534 1480/3463/1491
f 1494/3434/1505 1523/3464/1536 1524/3465/1537
f 1463/3330/1472 1514/3466/1527 1520/3461/1533
f 1483/3384/1494 1525/3467/1538 1473/3385/1484
f 1473/3350/1484 1523/3468/1536 1494/3427/1505
f 1497/3400/1520 1526/3469/1539 1498/3430/1510
f 1468/3341/1477 1527/3470/1540 1471/3348/1480
f 1468/3341/1477 1511/3442/1524 1527/3470/1540
f 1494/3434/1505 1524/3465/1537 1452/3435/1461
f 1502/3471/1514 1520/3472/1533 1475/3473/1486
f 1480/3363/1491 1522/3474/1535 1500/3404/1512
f 1434/3267/1443 1528/3475/1541 1485/3376/1496
f 1454/3289/1463 1504/3476/1516 1529/3477/1542
f 1492/3394/1503 1530/3478/1543 1516/3450/1529
f 1522/3479/1535 1521/3458/1534 1508/3480/1521
f 1508/3480/1521 1521/3458/1534 1486/3381/1497
f 1497/3440/1520 1510/3439/1523 1526/3481/1539
f 1452/3482/1461 1524/3483/1537 1484/3484/1495
f 1512/3444/1525 1528/3485/1541 1434/3282/1443
f 1520/3472/1533 1514/3486/1527 1475/3473/1486
f 1504/3487/1516 1437/3488/1446 1529/3489/1542
f 1478/3365/1489 1531/3490/1544 1506/3491/1518
f 1475/3473/1486 1514/3486/1527 1491/3492/1502
f 1478/3365/1489 1481/3366/1492 1531/3490/1544
f 1510/3493/1523 1529/3494/1542 1526/3495/1539
f 1483/3369/1494 1488/3388/1499 1525/3496/1538
f 1473/3350/1484 1532/3497/1545 1523/3468/1536
f 1498/3402/1510 1526/3498/1539 1518/3454/1531
f 1499/3403/1511 1519/869/1532 1515/3449/1528
f 1511/3499/1524 1490/3500/1501 1533/3501/1546
f 1516/3502/1529 1533/3503/1546 1490/3504/1501
f 1470/3346/1479 1484/3371/1495 1512/3505/1525
f 1480/3463/1491 1521/3458/1534 1522/3479/1535
f 1489/3506/1500 1534/3507/1547 1495/3508/1506
f 1437/3509/1446 1509/3510/1522 1529/3511/1542
f 1505/3424/1517 1515/3512/1528 1507/3425/1519
f 1492/3394/1503 1517/3453/1530 1530/3478/1543
f 1507/3425/1519 1535/3513/1548 1481/3429/1492
f 1481/3366/1492 1535/3514/1548 1531/3490/1544
f 1536/3515/1549 1510/3439/1523 1482/3441/1493
f 1473/3385/1484 1525/3467/1538 1532/3516/1545
f 1525/3517/1538 1528/3485/1541 1512/3444/1525
f 1495/3398/1506 1534/3518/1547 1482/3367/1493
f 1517/3460/1530 1513/3446/1526 1530/3519/1543
f 1488/3388/1499 1537/3520/1550 1525/3496/1538
f 1454/854/1463 1538/3521/1551 1489/3522/1500
f 1529/3477/1542 1538/3523/1551 1454/3289/1463
f 1471/3348/1480 1539/3524/1552 1513/3445/1526
f 1516/3502/1529 1530/3525/1543 1533/3503/1546
f 1430/3526/1439 1518/3527/1531 1509/3528/1522
f 1525/3529/1538 1537/3530/1550 1528/3531/1541
f 1510/3439/1523 1536/3515/1549 1529/3532/1542
f 1485/3396/1496 1540/3533/1553 1487/3383/1498
f 1488/3534/1499 1540/3533/1553 1537/3535/1550
f 1526/3498/1539 1541/3536/1554 1518/3454/1531
f 1487/3383/1498 1540/3533/1553 1488/3534/1499
f 1471/3348/1480 1527/3470/1540 1539/3524/1552
f 1512/3505/1525 1484/3371/1495 1525/3537/1538
f 1528/3475/1541 1540/3538/1553 1485/3376/1496
f 1509/3539/1522 1526/3495/1539 1529/3494/1542
f 1482/3367/1493 1534/3518/1547 1536/3540/1549
f 1484/3371/1495 1542/3541/1555 1525/3537/1538
f 1539/3542/1552 1543/3543/1556 1513/3446/1526
f 1513/3446/1526 1543/3543/1556 1530/3519/1543
f 1536/3515/1549 1544/3544/1557 1529/3532/1542
f 1509/3539/1522 1541/3545/1554 1526/3495/1539
f 1509/3528/1522 1518/3527/1531 1541/3546/1554
f 1525/3467/1538 1542/3547/1555 1532/3516/1545
f 1532/3516/1545 1542/3547/1555 1545/3548/1558
f 1523/3468/1536 1532/3497/1545 1545/3549/1558
f 1507/3425/1519 1515/3512/1528 1546/3550/1559
f 1528/3531/1541 1537/3530/1550 1540/3551/1553
f 1507/3425/1519 1546/3550/1559 1535/3513/1548
f 1529/3552/1542 1544/3553/1557 1538/3554/1551
f 1523/3555/1536 1545/3556/1558 1524/3557/1537
f 1546/3558/1559 1531/3559/1544 1535/3560/1548
f 1515/3561/1528 1519/3562/1532 1546/3558/1559
f 1527/3563/1540 1511/3564/1524 1539/3542/1552
f 1524/3557/1537 1547/3565/1560 1484/3566/1495
f 1506/3567/1518 1531/3559/1544 1519/3562/1532
f 1543/3543/1556 1539/3542/1552 1511/3564/1524
f 1533/3568/1546 1530/3569/1543 1511/3570/1524
f 1546/3558/1559 1519/3562/1532 1531/3559/1544
f 1543/3571/1556 1511/3572/1524 1530/3573/1543
f 1484/3371/1495 1547/3574/1560 1542/3541/1555
f 1534/3518/1547 1538/3575/1551 1536/3540/1549
f 1544/3576/1557 1536/3540/1549 1538/3575/1551
f 1489/3577/1500 1538/3575/1551 1534/3518/1547
f 1524/3557/1537 1545/3556/1558 1547/3565/1560
f 1542/3547/1555 1547/3578/1560 1545/3548/1558
