# Blender 4.4.0
# www.blender.org
mtllib Meshy_AI_old_man_McCann_0501193727_texture.mtl
o Meshy_AI_old_man_McCann_0501193727_texture
v 0.168424 -0.833802 -0.290292
v 0.186377 -0.831343 -0.287137
v 0.190715 -0.841831 -0.286013
v 0.158334 -0.837062 -0.285235
v 0.158455 -0.819544 -0.285794
v 0.167709 -0.816062 -0.285859
v 0.161521 -0.639092 -0.280941
v 0.157265 -0.564081 -0.283013
v 0.180259 -0.627332 -0.286368
v 0.198977 -0.587931 -0.285618
v 0.202741 -0.639213 -0.282863
v 0.176273 -0.580003 -0.287203
v 0.187844 -0.855896 -0.279083
v 0.177130 -0.865820 -0.269525
v 0.142273 -0.603460 -0.275153
v 0.225374 -0.603661 -0.273559
v 0.194941 -0.509172 -0.276843
v 0.156852 -0.520614 -0.279934
v 0.172030 -0.508989 -0.279741
v 0.214058 -0.852898 -0.273801
v 0.153751 -0.792125 -0.269479
v 0.217677 -0.738765 -0.264660
v 0.134128 -0.540140 -0.272605
v 0.222225 -0.552408 -0.273865
v 0.210223 -0.501297 -0.269589
v 0.177068 -0.878249 -0.272795
v 0.214608 -0.888380 -0.268846
v 0.183982 -0.891195 -0.270725
v 0.206495 -0.865110 -0.267698
v 0.146679 -0.852446 -0.266352
v 0.207659 -0.782429 -0.271025
v 0.169376 -0.888551 -0.268732
v 0.206961 -0.822774 -0.266191
v 0.179979 -0.783014 -0.267350
v 0.142584 -0.746857 -0.253850
v 0.113896 -0.457114 -0.256922
v 0.190688 -0.413238 -0.249827
v 0.133118 -0.401352 -0.250405
v 0.154362 -0.891972 -0.256871
v 0.162271 -0.874849 -0.265626
v 0.161912 -0.864936 -0.262258
v 0.242028 -0.837959 -0.262637
v 0.217663 -0.779235 -0.267698
v 0.232803 -0.698900 -0.254752
v 0.099573 -0.555551 -0.241561
v 0.241487 -0.548391 -0.258823
v 0.106820 -0.508200 -0.254640
v 0.180243 -0.892843 -0.263810
v 0.237665 -0.887732 -0.255116
v 0.230094 -0.866369 -0.254711
v 0.123251 -0.730444 -0.228287
v 0.234601 -0.795886 -0.255184
v 0.232820 -0.779191 -0.250871
v 0.125932 -0.698774 -0.242716
v 0.248429 -0.595610 -0.250840
v 0.237102 -0.496689 -0.250535
v 0.042145 0.015583 -0.266483
v 0.064380 0.010814 -0.259342
v 0.038758 0.009612 -0.256985
v 0.087859 0.020652 -0.266293
v 0.060801 0.185411 -0.261126
v 0.053745 0.191254 -0.260543
v 0.071982 0.197914 -0.258424
v 0.199511 -0.916537 -0.260051
v 0.173640 -0.916644 -0.254621
v 0.170124 -0.896196 -0.253979
v 0.199513 -0.896863 -0.260265
v 0.224697 -0.913715 -0.249765
v 0.153431 -0.894533 -0.244126
v 0.222701 -0.891560 -0.255262
v 0.145024 -0.878173 -0.250742
v 0.146887 -0.865168 -0.250526
v 0.132748 -0.853245 -0.247248
v 0.245922 -0.848598 -0.255149
v 0.248699 -0.834348 -0.258265
v 0.090874 -0.433108 -0.240179
v 0.038043 -0.026450 -0.254644
v 0.119110 0.019672 -0.258617
v 0.131627 0.010421 -0.246114
v 0.114451 0.032809 -0.252275
v 0.043760 0.066559 -0.253387
v 0.092710 0.039507 -0.254820
v 0.098826 0.048103 -0.258013
v 0.117759 0.041655 -0.255172
v 0.111043 0.058147 -0.254871
v 0.042725 0.184600 -0.255591
v 0.091308 0.181092 -0.254402
v 0.048224 0.214365 -0.250478
v 0.199753 -0.955059 -0.253852
v 0.221548 -0.896455 -0.251755
v 0.252866 -0.881760 -0.239866
v 0.175509 -0.392955 -0.253481
v 0.088582 -0.073628 -0.249402
v 0.130919 -0.065703 -0.246600
v 0.118707 0.169879 -0.237757
v 0.114045 0.182913 -0.242532
v 0.079422 0.205304 -0.250704
v 0.169584 -0.952720 -0.246583
v 0.216654 -0.952594 -0.249904
v 0.174040 -0.925147 -0.249876
v 0.261135 -0.524686 -0.227545
v 0.106295 -0.388953 -0.240174
v 0.186534 -0.386412 -0.249628
v 0.140065 -0.370955 -0.249716
v 0.046019 -0.072805 -0.244663
v 0.026130 -0.022506 -0.247392
v 0.026260 0.008618 -0.248726
v 0.039476 0.067406 -0.244005
v 0.096866 0.059348 -0.249931
v 0.107683 0.061295 -0.250084
v 0.083957 0.066908 -0.250971
v 0.041111 0.175211 -0.247225
v 0.014534 0.188424 -0.230666
v 0.102436 0.201918 -0.238957
v 0.153674 -0.916810 -0.235342
v 0.134740 -0.888895 -0.228253
v 0.240658 -0.887467 -0.231910
v 0.126627 -0.846722 -0.235693
v 0.241596 -0.718962 -0.239405
v 0.074885 -0.456536 -0.223793
v 0.113615 -0.369447 -0.244956
v 0.171087 -0.367089 -0.240213
v 0.088903 -0.092885 -0.236689
v 0.158116 0.002510 -0.230689
v -0.017895 0.028054 -0.234388
v 0.158051 0.009732 -0.240571
v 0.030857 0.039657 -0.245942
v 0.121886 0.039908 -0.245170
v 0.045570 0.081901 -0.236782
v 0.079986 0.082315 -0.233935
v 0.001215 0.282388 -0.220060
v 0.162422 -0.955199 -0.238757
v 0.241793 -0.916598 -0.223877
v 0.151178 -0.896329 -0.234701
v 0.250427 -0.886037 -0.237308
v 0.133943 -0.869686 -0.228234
v 0.117110 -0.346341 -0.234907
v 0.123574 -0.085394 -0.239220
v 0.147673 0.007641 -0.239235
v 0.064575 0.170556 -0.227570
v 0.153613 -0.952720 -0.227594
v 0.259702 -0.880530 -0.227934
v 0.256443 -0.866125 -0.225553
v 0.124156 -0.853308 -0.228176
v 0.133348 -0.810395 -0.235779
v 0.259277 -0.571761 -0.235426
v 0.166915 -0.333563 -0.233506
v -0.017841 -0.014539 -0.235552
v 0.161635 0.035962 -0.225962
v 0.126985 0.078084 -0.222411
v 0.272967 0.196890 -0.233338
v 0.283950 0.207939 -0.238692
v 0.299038 0.196440 -0.237810
v 0.079746 0.229691 -0.222845
v 0.298687 0.235054 -0.238163
v 0.329564 0.200025 -0.231208
v -0.000937 0.306149 -0.214435
v 0.232966 -0.955467 -0.231571
v 0.275854 -0.848110 -0.216155
v 0.285316 -0.837489 -0.200686
v 0.240012 -0.385795 -0.198931
v 0.209117 -0.389427 -0.237992
v 0.087011 -0.389181 -0.227130
v 0.148044 -0.321541 -0.237964
v 0.178969 -0.294094 -0.231003
v 0.140351 -0.294170 -0.232443
v 0.097263 -0.117403 -0.227043
v 0.155434 -0.142371 -0.218121
v 0.157393 -0.031210 -0.234425
v -0.084153 0.025565 -0.225772
v 0.164491 0.009481 -0.232904
v 0.154591 0.070301 -0.219163
v 0.134512 0.194279 -0.218118
v 0.001940 0.219556 -0.227558
v 0.258343 0.346113 -0.225294
v 0.258958 -0.787501 -0.208156
v 0.268225 -0.674900 -0.192442
v 0.063193 -0.397321 -0.207745
v 0.198305 -0.362536 -0.228182
v 0.071135 -0.353716 -0.218379
v 0.078583 -0.334266 -0.215030
v 0.189965 -0.289503 -0.225895
v 0.191576 -0.250451 -0.213940
v 0.127985 -0.117872 -0.230461
v -0.006296 -0.076533 -0.222676
v -0.079208 -0.018557 -0.224772
v -0.129039 0.016155 -0.225676
v -0.138426 0.043749 -0.209552
v -0.094868 0.013145 -0.237346
v -0.091607 0.055604 -0.229284
v -0.003102 0.095401 -0.215967
v 0.041640 0.105323 -0.218047
v 0.046079 0.098846 -0.230474
v 0.087942 0.098309 -0.229516
v 0.131697 0.159312 -0.218962
v 0.005164 0.161579 -0.210422
v 0.325885 0.177792 -0.223546
v 0.328826 0.245629 -0.222204
v 0.212077 0.358932 -0.227485
v 0.247081 -0.952850 -0.204336
v 0.142775 -0.892908 -0.217751
v 0.131443 -0.885129 -0.213285
v 0.105478 -0.650858 -0.223777
v 0.061556 -0.456218 -0.203554
v 0.225269 -0.373902 -0.219138
v 0.174331 -0.198099 -0.219069
v 0.124781 -0.225986 -0.226066
v 0.120541 -0.153993 -0.226850
v -0.042285 -0.076827 -0.217510
v -0.017986 -0.069042 -0.220632
v -0.086998 -0.073233 -0.211552
v 0.161589 0.004994 -0.224286
v -0.086663 -0.014719 -0.227436
v -0.093950 0.007451 -0.230751
v -0.087906 0.074488 -0.220348
v 0.291648 0.138136 -0.196625
v 0.336954 0.192874 -0.225513
v 0.272833 0.173960 -0.221254
v 0.213795 0.276280 -0.218558
v 0.348921 0.211335 -0.218514
v 0.177889 0.347548 -0.218660
v -0.029391 0.220951 -0.225911
v -0.032882 0.230970 -0.225456
v -0.026033 0.237179 -0.226029
v -0.019521 0.224450 -0.228412
v -0.011293 0.227637 -0.225130
v -0.004667 0.250875 -0.226150
v 0.046994 0.244498 -0.221886
v 0.186196 0.374307 -0.224921
v 0.204196 0.406093 -0.229187
v 0.155725 0.363858 -0.225417
v 0.152379 0.390787 -0.229719
v 0.166862 0.399201 -0.222552
v 0.143770 0.347445 -0.219654
v 0.202273 0.417008 -0.225487
v 0.215027 0.428980 -0.223507
v 0.148070 0.473029 -0.219456
v 0.168326 0.433701 -0.222007
v 0.183228 0.424544 -0.225286
v 0.191122 0.446025 -0.226137
v 0.118443 -0.770633 -0.203924
v 0.109449 -0.707894 -0.160491
v 0.066782 -0.242120 -0.207303
v 0.098005 -0.201568 -0.220008
v 0.078585 -0.174140 -0.217594
v 0.082035 -0.145577 -0.217108
v -0.124981 0.011627 -0.218995
v -0.148795 0.029074 -0.210142
v 0.146590 0.098299 -0.208570
v 0.107590 0.103259 -0.215038
v -0.094012 0.181691 -0.221381
v -0.079327 0.186972 -0.221160
v -0.067252 0.177076 -0.217965
v 0.150180 0.175706 -0.212708
v -0.103026 0.202969 -0.220875
v -0.018197 0.196498 -0.218546
v -0.137304 0.196866 -0.221462
v -0.125995 0.210848 -0.222755
v -0.132155 0.213266 -0.218952
v -0.014924 0.216719 -0.222739
v -0.036067 0.216090 -0.217855
v -0.006002 0.343761 -0.213740
v -0.026520 0.352129 -0.220940
v -0.018705 0.359725 -0.221351
v 0.000331 0.356139 -0.225058
v -0.036983 0.370512 -0.221827
v -0.014889 0.384036 -0.220751
v 0.173821 0.354620 -0.214931
v 0.161482 0.363263 -0.222910
v -0.010473 0.366349 -0.217891
v -0.003700 0.393104 -0.223272
v 0.253430 0.397417 -0.214021
v -0.037552 0.392622 -0.218157
v 0.132484 0.319457 -0.220922
v 0.112609 0.418407 -0.223984
v 0.183161 0.385522 -0.215028
v 0.197232 0.450765 -0.222982
v 0.089170 0.441940 -0.220401
v 0.198334 0.460947 -0.221036
v 0.242077 -0.955350 -0.191450
v 0.146194 -0.916868 -0.216523
v 0.265668 -0.875634 -0.206147
v 0.119756 -0.852401 -0.201454
v 0.261274 -0.860832 -0.216056
v 0.096257 -0.634673 -0.204901
v 0.065405 -0.499534 -0.196226
v 0.260265 -0.461359 -0.203897
v 0.203265 -0.297282 -0.210621
v 0.217577 -0.254679 -0.199196
v 0.061942 -0.117313 -0.216362
v -0.078401 -0.080274 -0.205544
v -0.148548 0.058829 -0.203186
v 0.158261 0.067356 -0.216876
v -0.147194 0.195517 -0.214974
v -0.117626 0.188822 -0.219367
v -0.037057 0.188514 -0.216514
v -0.040519 0.203848 -0.217022
v -0.099089 0.231037 -0.217368
v 0.357870 0.218922 -0.207124
v 0.031485 0.281428 -0.209718
v 0.153722 0.315729 -0.209980
v 0.112746 0.291242 -0.211823
v -0.010675 0.380663 -0.217864
v 0.005437 0.399521 -0.210535
v -0.036903 0.382476 -0.217373
v -0.058966 0.386038 -0.209765
v 0.190308 0.404894 -0.215692
v 0.194825 0.411176 -0.218945
v 0.182816 0.408551 -0.214516
v 0.191967 0.418618 -0.213443
v 0.189215 0.423745 -0.217982
v 0.020493 0.418703 -0.201661
v 0.198809 0.433996 -0.213602
v 0.195666 0.426241 -0.214384
v 0.167777 0.473090 -0.212148
v 0.147868 -0.952457 -0.205119
v 0.132117 -0.864861 -0.197534
v 0.253207 -0.742773 -0.196995
v 0.272683 -0.623419 -0.188918
v 0.195440 -0.174952 -0.202495
v -0.128487 -0.041918 -0.206053
v 0.188724 -0.007603 -0.199238
v 0.193952 -0.038809 -0.191732
v -0.152954 0.011797 -0.203236
v 0.162047 0.027742 -0.215929
v 0.153837 0.074192 -0.212371
v -0.078710 0.102135 -0.197909
v -0.034005 0.102951 -0.206661
v -0.029119 0.100020 -0.214249
v -0.004662 0.104388 -0.217806
v -0.029153 0.114659 -0.213812
v 0.003729 0.116145 -0.208195
v 0.049021 0.115939 -0.214033
v 0.094973 0.111193 -0.213620
v -0.002627 0.124944 -0.209613
v 0.056930 0.123776 -0.216756
v 0.092039 0.123547 -0.215823
v 0.065097 0.153225 -0.210282
v 0.111724 0.149833 -0.206987
v -0.041971 0.184406 -0.212194
v -0.032111 0.160753 -0.207299
v 0.354914 0.196889 -0.207555
v -0.050220 0.206980 -0.209848
v 0.232465 0.197466 -0.195999
v 0.154754 0.210960 -0.208390
v 0.363999 0.212376 -0.196421
v -0.044245 0.207491 -0.211427
v -0.040970 0.234847 -0.215466
v -0.092215 0.248759 -0.210927
v 0.032524 0.290595 -0.207336
v -0.052761 0.318823 -0.198406
v 0.056945 0.330763 -0.205495
v 0.288981 0.337622 -0.210532
v 0.165052 0.362721 -0.216753
v -0.050763 0.366032 -0.209016
v 0.011997 0.402811 -0.201310
v 0.170367 0.370104 -0.208022
v 0.173223 0.376324 -0.208509
v 0.009587 0.354986 -0.206804
v -0.000277 0.396642 -0.216557
v 0.180087 0.395349 -0.209541
v 0.175762 0.388250 -0.209830
v 0.187058 0.396968 -0.214776
v 0.188568 0.407398 -0.213606
v 0.198860 0.442187 -0.215279
v 0.204124 0.449927 -0.211001
v 0.183549 0.492228 -0.204828
v 0.198739 0.475950 -0.212166
v 0.097017 0.500609 -0.207256
v 0.249134 -0.920830 -0.196407
v 0.268538 -0.855454 -0.212656
v 0.270190 -0.488849 -0.188697
v 0.067081 -0.273583 -0.202912
v 0.022704 -0.136606 -0.185122
v 0.177325 -0.114577 -0.203358
v -0.160754 0.015146 -0.207139
v 0.180990 0.040762 -0.191248
v -0.159436 0.037796 -0.208037
v -0.149876 0.041112 -0.213842
v -0.155896 0.054498 -0.206841
v -0.146644 0.050777 -0.212128
v 0.157139 0.064011 -0.209158
v -0.086972 0.081540 -0.212026
v 0.122956 0.120302 -0.207776
v 0.084085 0.135197 -0.212073
v 0.057097 0.142973 -0.209300
v -0.073725 0.159545 -0.190441
v -0.035235 0.161932 -0.199399
v -0.022157 0.152619 -0.203573
v -0.153348 0.182351 -0.195569
v 0.242317 0.181336 -0.188364
v -0.049469 0.235331 -0.204309
v -0.047975 0.263334 -0.208159
v -0.054541 0.286565 -0.206200
v -0.060351 0.352988 -0.210689
v -0.054002 0.357696 -0.213102
v -0.050415 0.379440 -0.210284
v -0.060854 0.394617 -0.199974
v -0.031071 0.400468 -0.211902
v -0.023297 0.400769 -0.208075
v 0.184898 0.402989 -0.211235
v 0.015779 0.438121 -0.209997
v 0.241174 0.488303 -0.175063
v 0.210677 0.461996 -0.206076
v 0.044319 0.493435 -0.194935
v 0.144168 0.500484 -0.209748
v 0.251694 -0.879928 -0.205432
v 0.117504 -0.805805 -0.169346
v 0.260363 -0.772884 -0.152726
v 0.054747 -0.372611 -0.191563
v 0.220723 -0.277529 -0.188231
v 0.063011 -0.206243 -0.197314
v 0.154748 0.083739 -0.200489
v -0.162133 0.050806 -0.200946
v -0.087610 0.102316 -0.203592
v 0.154931 0.091527 -0.205085
v -0.033555 0.115292 -0.202612
v 0.131421 0.106767 -0.202757
v -0.021696 0.130844 -0.201162
v 0.004854 0.131256 -0.205569
v 0.003450 0.144135 -0.208511
v 0.011732 0.153091 -0.199876
v 0.178623 0.190977 -0.198809
v 0.340539 0.154578 -0.190494
v 0.166171 0.195253 -0.208014
v 0.165308 0.210808 -0.202215
v 0.224579 0.221183 -0.199742
v 0.172824 0.292959 -0.192593
v 0.004149 0.343410 -0.204261
v -0.036436 0.340272 -0.206224
v -0.052689 0.345483 -0.199326
v 0.176148 0.382395 -0.207123
v -0.000996 0.472742 -0.195363
v 0.031816 0.458018 -0.199411
v 0.104835 0.523961 -0.197666
v 0.134243 -0.885409 -0.198571
v 0.272066 -0.853025 -0.196962
v 0.228857 -0.334360 -0.192808
v 0.057527 -0.325900 -0.194900
v 0.067539 -0.188761 -0.202386
v 0.019586 -0.160007 -0.175153
v -0.010006 -0.119405 -0.178148
v -0.148544 -0.022414 -0.198715
v -0.160332 0.032622 -0.199790
v -0.120973 0.082260 -0.197521
v -0.121183 0.101760 -0.191357
v 0.146372 0.098413 -0.200514
v 0.145951 0.116342 -0.195271
v -0.032930 0.125410 -0.202120
v 0.130954 0.141287 -0.196959
v 0.329321 0.146925 -0.194079
v 0.165309 0.132535 -0.170586
v 0.242988 0.141277 -0.167586
v 0.187938 0.249496 -0.170474
v 0.170092 0.280151 -0.189562
v 0.181584 0.244327 -0.168864
v 0.016431 0.414656 -0.200966
v -0.039496 0.437125 -0.202246
v 0.017325 0.422364 -0.202790
v 0.018755 0.431689 -0.203963
v 0.026989 0.462210 -0.204621
v 0.031419 0.477770 -0.201580
v 0.175352 -0.955464 -0.159201
v 0.151016 -0.955012 -0.182865
v 0.130898 -0.878054 -0.197771
v 0.255186 -0.877339 -0.188578
v 0.116653 -0.841398 -0.182024
v 0.048446 -0.416651 -0.180265
v 0.245100 -0.341789 -0.176218
v 0.205662 -0.194630 -0.190927
v -0.101672 -0.120529 -0.175998
v -0.156170 0.059050 -0.195158
v -0.159761 0.066684 -0.189570
v -0.085295 0.115460 -0.189202
v 0.141407 0.135839 -0.189859
v -0.033368 0.142770 -0.195371
v -0.028605 0.148198 -0.198552
v 0.181531 0.149752 -0.183044
v 0.364148 0.168793 -0.160750
v 0.176483 0.281092 -0.186947
v 0.345745 0.261183 -0.188090
v -0.059908 0.351436 -0.192410
v 0.306695 0.333320 -0.191682
v -0.072683 0.450587 -0.190248
v -0.025465 0.425117 -0.195139
v 0.159268 0.547146 -0.178696
v 0.147264 -0.917056 -0.178465
v 0.262764 -0.867724 -0.173954
v 0.276082 -0.846075 -0.181301
v 0.111917 -0.686813 -0.169634
v 0.248028 -0.357599 -0.168574
v 0.047144 -0.348913 -0.187837
v 0.019765 -0.177272 -0.155164
v 0.227838 -0.246156 -0.182855
v -0.136430 -0.088058 -0.182347
v -0.172645 0.007421 -0.185723
v -0.093851 0.104549 -0.195439
v -0.093251 0.126876 -0.186826
v -0.182737 0.182832 -0.166028
v 0.190800 0.186891 -0.183631
v 0.368239 0.245602 -0.172213
v -0.079686 0.275800 -0.187313
v -0.081148 0.302870 -0.186228
v -0.056161 0.342961 -0.192324
v -0.061263 0.390850 -0.187765
v -0.032339 0.432731 -0.192633
v -0.040406 0.456717 -0.187167
v -0.035940 0.446090 -0.186446
v -0.051233 0.476745 -0.189852
v 0.190521 0.527691 -0.181424
v 0.132163 0.543285 -0.186273
v 0.142695 -0.885981 -0.190964
v 0.279909 -0.854548 -0.176695
v 0.098208 -0.766799 -0.168661
v 0.209071 -0.043076 -0.156154
v -0.162665 -0.041983 -0.182055
v -0.191259 0.006364 -0.176423
v -0.167953 0.073945 -0.175610
v -0.105198 0.106021 -0.187103
v 0.300070 0.115583 -0.186118
v 0.310684 0.118095 -0.188315
v -0.080903 0.153222 -0.181870
v -0.037697 0.146623 -0.191430
v 0.338658 0.125514 -0.175324
v 0.371422 0.239524 -0.169149
v -0.119830 0.228657 -0.184447
v -0.009641 0.461109 -0.189626
v 0.056113 0.524720 -0.187382
v 0.059951 0.548875 -0.182120
v 0.244442 -0.938975 -0.187705
v 0.252750 -0.931707 -0.171945
v 0.289034 -0.818605 -0.169690
v 0.255202 -0.763627 -0.161484
v 0.269428 -0.659297 -0.182443
v 0.053856 -0.479601 -0.165182
v 0.249154 -0.317887 -0.152899
v 0.026004 -0.172205 -0.163568
v 0.214777 -0.158765 -0.175610
v 0.200278 -0.003532 -0.176040
v 0.172528 0.104062 -0.167339
v 0.167710 0.112211 -0.175057
v -0.125397 0.171225 -0.179262
v 0.185066 0.206670 -0.175964
v -0.076349 0.330150 -0.182234
v -0.062028 0.350744 -0.187133
v -0.067521 0.415307 -0.187232
v -0.072308 0.426924 -0.184546
v -0.085262 0.497317 -0.178534
v -0.040816 0.460562 -0.182622
v 0.003707 0.492752 -0.183366
v 0.022205 0.536049 -0.176602
v 0.080021 0.559406 -0.168666
v 0.162697 -0.955074 -0.160022
v 0.138115 -0.868448 -0.155025
v 0.279340 -0.859656 -0.170071
v 0.042394 -0.245600 -0.171642
v 0.200158 0.047447 -0.148525
v -0.152288 0.080285 -0.179223
v -0.160155 0.100749 -0.164425
v -0.121195 0.115771 -0.174667
v -0.117025 0.123676 -0.178246
v 0.256623 0.126412 -0.171902
v 0.362914 0.195881 -0.172063
v -0.274312 0.239326 -0.182462
v -0.263363 0.231774 -0.178129
v -0.289813 0.196267 -0.183983
v -0.304787 0.184704 -0.181761
v -0.308395 0.203793 -0.183630
v 0.225495 0.193822 -0.149717
v 0.192205 0.238818 -0.159278
v -0.323501 0.238442 -0.174168
v -0.288934 0.251427 -0.181853
v -0.129524 0.225483 -0.175194
v 0.280713 0.412970 -0.164552
v -0.117957 0.433984 -0.182134
v -0.177759 0.426356 -0.170650
v -0.084187 0.469884 -0.178404
v -0.079931 0.466320 -0.183006
v -0.049342 0.488325 -0.178853
v 0.261812 -0.908686 -0.168345
v 0.268382 -0.897551 -0.165490
v 0.286492 -0.804091 -0.157335
v 0.058225 -0.499209 -0.141973
v 0.036665 -0.360813 -0.149070
v 0.039616 -0.321459 -0.164252
v -0.132405 -0.121327 -0.164180
v -0.143867 -0.094794 -0.167076
v -0.137004 0.104488 -0.171585
v -0.300989 0.167041 -0.173978
v -0.323584 0.177383 -0.174346
v -0.275223 0.177397 -0.174151
v -0.331216 0.207547 -0.175163
v 0.187081 0.240441 -0.161150
v -0.238638 0.322719 -0.163255
v -0.155234 0.213096 -0.162983
v -0.149579 0.291605 -0.162014
v -0.042833 0.492869 -0.174944
v -0.064239 0.531879 -0.170305
v -0.139499 -0.872447 -0.171673
v -0.161097 -0.869012 -0.175326
v -0.147270 -0.862916 -0.176263
v -0.157237 -0.859466 -0.176453
v 0.119403 -0.809673 -0.154602
v 0.256129 -0.750132 -0.152823
v 0.109942 -0.646917 -0.134458
v 0.272813 -0.611172 -0.170700
v -0.141887 -0.615269 -0.172160
v -0.164776 -0.567830 -0.170523
v -0.126677 -0.551962 -0.176066
v -0.168680 -0.508704 -0.167245
v -0.130281 -0.512690 -0.174660
v 0.269447 -0.456952 -0.149958
v 0.232400 -0.257854 -0.164095
v -0.010520 -0.147807 -0.156787
v -0.191336 -0.002072 -0.157235
v -0.182772 0.074919 -0.150056
v 0.344940 0.105480 -0.165186
v -0.143145 0.111071 -0.162167
v 0.355537 0.142037 -0.167722
v 0.193145 0.142111 -0.161953
v -0.289918 0.163306 -0.170079
v -0.256919 0.184944 -0.163000
v 0.236917 0.181205 -0.157540
v 0.190537 0.232742 -0.154251
v -0.256555 0.365893 -0.156067
v 0.183458 0.257685 -0.174949
v -0.192850 0.307944 -0.157541
v 0.254285 0.484520 -0.159983
v -0.192044 0.449306 -0.168280
v -0.133628 0.497048 -0.170028
v -0.096657 0.513308 -0.167597
v -0.056613 0.520148 -0.166678
v 0.019153 0.535969 -0.170433
v 0.034825 0.567392 -0.163848
v 0.095434 0.579379 -0.147260
v 0.206624 -0.943199 -0.165192
v -0.161452 -0.875524 -0.170796
v -0.199107 -0.871686 -0.143572
v -0.108963 -0.866924 -0.152471
v 0.264461 -0.864779 -0.161710
v 0.133661 -0.852796 -0.170855
v 0.276575 -0.838082 -0.170403
v 0.119793 -0.833267 -0.163591
v 0.098663 -0.777420 -0.161060
v 0.268516 -0.722289 -0.149689
v 0.268577 -0.704036 -0.154749
v 0.260954 -0.651141 -0.169473
v -0.119386 -0.642921 -0.166659
v -0.100341 -0.591388 -0.165805
v -0.092097 -0.492739 -0.163756
v 0.239040 -0.222266 -0.148676
v -0.158365 -0.088912 -0.155709
v -0.173421 -0.065398 -0.159994
v -0.193834 0.040075 -0.158262
v -0.188036 0.067132 -0.156287
v 0.276461 0.115113 -0.171524
v -0.152403 0.123318 -0.155426
v -0.160200 0.149342 -0.143229
v 0.204081 0.175445 -0.160021
v -0.342452 0.181366 -0.163152
v 0.362132 0.214642 -0.149738
v -0.343398 0.230649 -0.163569
v -0.231106 0.295512 -0.159203
v -0.152368 0.263403 -0.158696
v 0.343606 0.276501 -0.157306
v -0.213051 0.386714 -0.170359
v -0.100498 0.540980 -0.163013
v 0.206002 0.544866 -0.155514
v 0.046548 0.585711 -0.148476
v 0.082865 0.583598 -0.158945
v 0.078731 0.564471 -0.164816
v -0.142098 -0.883900 -0.162064
v 0.149898 -0.871199 -0.155510
v 0.276138 -0.834832 -0.161400
v -0.098326 -0.149179 -0.163054
v -0.197408 0.005158 -0.165251
v 0.346001 0.130161 -0.165280
v -0.147699 0.144033 -0.150481
v -0.155725 0.218002 -0.158749
v -0.330908 0.256713 -0.162736
v -0.201383 0.347775 -0.160099
v -0.229166 0.347076 -0.161773
v -0.227723 0.373570 -0.160617
v 0.233102 0.527431 -0.147978
v 0.027526 0.555505 -0.160220
v 0.166922 0.567054 -0.152680
v 0.215920 -0.939930 -0.153540
v 0.264837 -0.935749 -0.155213
v -0.127744 -0.880784 -0.160334
v -0.168754 -0.807162 -0.153835
v 0.283752 -0.795108 -0.141962
v 0.088740 -0.574623 -0.131167
v -0.180171 -0.687004 -0.154002
v -0.062284 -0.496306 -0.142336
v -0.153108 -0.413444 -0.152411
v -0.118441 -0.413195 -0.156360
v -0.087901 -0.393656 -0.149519
v 0.023390 -0.249231 -0.128458
v 0.330688 0.087985 -0.139135
v 0.358352 0.107470 -0.151806
v 0.182926 0.124606 -0.143803
v 0.345000 0.123126 -0.157152
v 0.361854 0.149470 -0.149885
v -0.275080 0.158626 -0.159153
v -0.331142 0.158645 -0.151686
v -0.183857 0.166487 -0.158432
v -0.353530 0.207523 -0.158405
v 0.370048 0.253362 -0.149310
v -0.214712 0.414810 -0.152282
v -0.149084 0.528120 -0.155073
v 0.048428 0.699167 -0.159071
v 0.001038 0.693723 -0.162725
v 0.032882 0.703080 -0.161094
v -0.142222 -0.892742 -0.160261
v -0.131142 -0.892922 -0.158742
v -0.168359 -0.883607 -0.155228
v 0.284261 -0.882454 -0.117125
v 0.159062 -0.868662 -0.141390
v -0.191206 -0.847021 -0.135943
v 0.274776 -0.830506 -0.158066
v -0.155314 -0.819548 -0.156519
v -0.175877 -0.810939 -0.150928
v 0.257324 -0.668436 -0.164703
v -0.088972 -0.631004 -0.151055
v -0.203397 -0.571774 -0.149408
v -0.195675 -0.516447 -0.154295
v -0.187999 -0.481042 -0.154325
v 0.246718 -0.230144 -0.113068
v -0.067535 -0.168793 -0.152474
v -0.147857 -0.121770 -0.153980
v -0.190308 -0.022456 -0.152743
v -0.163938 0.102867 -0.148167
v 0.180583 0.107722 -0.156120
v 0.355512 0.101707 -0.154476
v -0.260516 0.154220 -0.139331
v 0.369382 0.187981 -0.149804
v -0.238551 0.220149 -0.147993
v 0.192885 0.219099 -0.148372
v 0.199633 0.226377 -0.144177
v 0.357075 0.231749 -0.139446
v 0.368281 0.252204 -0.130947
v -0.275327 0.377447 -0.144067
v -0.214226 0.300495 -0.147792
v 0.284538 0.417124 -0.137454
v -0.228800 0.381607 -0.154878
v -0.212349 0.430442 -0.154908
v -0.107883 0.552175 -0.150500
v -0.063889 0.551454 -0.150739
v -0.109111 0.568599 -0.148189
v 0.032031 0.693626 -0.157132
v -0.033903 0.695298 -0.157955
v 0.079954 0.715214 -0.151768
v 0.172559 -0.939758 -0.152058
v 0.165984 -0.936813 -0.152558
v 0.269053 -0.901356 -0.156145
v -0.114987 -0.898893 -0.147795
v -0.160964 -0.896138 -0.155419
v -0.108989 -0.890433 -0.146670
v 0.126634 -0.824748 -0.149491
v 0.281844 -0.835373 -0.137988
v 0.287202 -0.809821 -0.155065
v 0.103253 -0.784190 -0.137679
v 0.103085 -0.719377 -0.142557
v 0.261576 -0.701302 -0.146346
v 0.242912 -0.654782 -0.156175
v 0.258370 -0.610253 -0.143836
v -0.076022 -0.373669 -0.139005
v -0.118481 -0.393508 -0.155866
v -0.121857 -0.229337 -0.146685
v -0.140888 -0.229340 -0.142291
v -0.192576 0.024567 -0.155239
v 0.227682 -0.023624 -0.104829
v -0.176655 0.098293 -0.149406
v 0.353864 0.093072 -0.144198
v -0.293197 0.123979 -0.111789
v -0.345950 0.166368 -0.140611
v -0.363301 0.218920 -0.143698
v -0.249123 0.413598 -0.151591
v -0.225198 0.392216 -0.146649
v -0.220963 0.393882 -0.144324
v -0.231388 0.442510 -0.154812
v -0.235014 0.465033 -0.150640
v -0.213621 0.457634 -0.153570
v -0.212057 0.511974 -0.137033
v -0.072142 0.558422 -0.154934
v 0.086755 0.574870 -0.155086
v 0.065893 0.601791 -0.124896
v -0.077192 0.690521 -0.143638
v -0.038289 0.688229 -0.155115
v -0.014345 0.705562 -0.151555
v -0.105289 -0.877574 -0.139500
v 0.268299 -0.853692 -0.138025
v 0.139221 -0.838282 -0.150575
v 0.103358 -0.777674 -0.127162
v -0.179898 -0.405483 -0.139292
v 0.030342 -0.316538 -0.090557
v -0.164636 -0.382210 -0.145371
v -0.129600 -0.361755 -0.141951
v 0.254437 -0.337675 -0.121536
v -0.072159 -0.213240 -0.141571
v 0.348317 0.138252 -0.142166
v -0.312383 0.147348 -0.147637
v 0.360930 0.167929 -0.118762
v -0.365308 0.204344 -0.140360
v -0.187660 0.256438 -0.135098
v -0.237475 0.428876 -0.142143
v -0.216434 0.402572 -0.144662
v -0.223200 0.420596 -0.151365
v 0.043037 0.580873 -0.141133
v 0.089686 0.580872 -0.149274
v 0.087314 0.589327 -0.151353
v 0.097405 0.715456 -0.143691
v 0.060788 0.721504 -0.143774
v 0.106291 0.721252 -0.140471
v 0.172246 -0.892353 -0.107842
v -0.161131 -0.900056 -0.143607
v -0.131033 -0.901393 -0.143351
v -0.183369 -0.892641 -0.141965
v -0.191091 -0.881295 -0.135812
v -0.108482 -0.835222 -0.132605
v 0.273003 -0.818236 -0.146313
v 0.114129 -0.756026 -0.130810
v -0.116157 -0.802155 -0.136807
v 0.258256 -0.759086 -0.144011
v 0.263163 -0.579252 -0.135832
v -0.114276 -0.328974 -0.143322
v -0.121781 -0.305197 -0.147784
v -0.087443 -0.289407 -0.146504
v -0.110125 -0.274051 -0.144990
v 0.248133 -0.138418 -0.092799
v -0.163948 -0.189659 -0.138202
v -0.171059 -0.077297 -0.144074
v -0.191955 -0.022335 -0.136823
v -0.201779 0.043993 -0.116577
v 0.259353 0.082864 -0.123388
v -0.172989 0.098177 -0.141823
v -0.176807 0.118891 -0.128006
v 0.217594 0.143609 -0.104961
v -0.212161 0.171858 -0.112546
v 0.238506 0.188647 -0.114557
v 0.196682 0.216185 -0.136948
v 0.226788 0.200186 -0.114959
v 0.196014 0.230780 -0.147584
v -0.342695 0.266626 -0.143774
v 0.366013 0.260732 -0.133857
v -0.255621 0.432945 -0.142846
v -0.225795 0.415186 -0.142882
v -0.228828 0.422453 -0.142950
v -0.232669 0.430602 -0.142760
v -0.239503 0.450067 -0.137583
v -0.243227 0.477277 -0.132187
v 0.268273 0.464946 -0.141061
v 0.248298 0.515988 -0.132838
v -0.038922 0.687295 -0.146138
v 0.099906 0.726129 -0.141243
v 0.228017 -0.956320 -0.109216
v 0.175043 -0.931747 -0.139113
v -0.161087 -0.916243 -0.140752
v -0.138727 -0.916502 -0.142542
v -0.112149 -0.900857 -0.131474
v -0.191324 -0.818247 -0.135801
v 0.143004 -0.834169 -0.143359
v 0.272068 -0.823362 -0.145762
v 0.233234 -0.692240 -0.138492
v 0.115511 -0.676274 -0.112231
v -0.199186 -0.706844 -0.138920
v 0.264397 -0.519889 -0.127347
v 0.020059 -0.268759 -0.105142
v -0.140967 -0.277650 -0.139400
v -0.072007 -0.253950 -0.137419
v 0.238247 0.086104 -0.111590
v -0.174090 0.112262 -0.130523
v 0.360306 0.108895 -0.130195
v 0.222419 0.136926 -0.108204
v 0.290180 0.397353 -0.094666
v -0.290483 0.377263 -0.130212
v -0.230947 0.410443 -0.143227
v -0.235088 0.438899 -0.141788
v 0.213066 0.550720 -0.140134
v -0.115552 0.571939 -0.131568
v -0.112015 0.568883 -0.140249
v -0.116999 0.591012 -0.124041
v -0.079886 0.586808 -0.131870
v 0.093695 0.584364 -0.143234
v 0.102062 0.592018 -0.132318
v -0.011466 0.693994 -0.135301
v -0.125396 0.707698 -0.111929
v -0.157364 -0.955509 -0.135497
v -0.138880 -0.925179 -0.138175
v -0.132272 -0.954961 -0.135204
v -0.164835 -0.925245 -0.134564
v 0.172653 -0.921190 -0.139886
v -0.113831 -0.916793 -0.130216
v -0.168497 -0.899059 -0.139765
v -0.100495 -0.897837 -0.136147
v -0.074053 -0.842973 -0.104285
v -0.076786 -0.853058 -0.108760
v 0.280729 -0.848294 -0.141729
v 0.277670 -0.796961 -0.131260
v -0.228264 -0.798388 -0.103870
v -0.099527 -0.782479 -0.123836
v 0.130126 -0.736530 -0.108342
v 0.107360 -0.714642 -0.131795
v 0.267317 -0.735665 -0.125576
v -0.077846 -0.634949 -0.135776
v 0.264467 -0.728930 -0.123006
v 0.230641 -0.658825 -0.135894
v -0.055510 -0.531684 -0.127997
v -0.220840 -0.496750 -0.131234
v -0.161121 -0.345363 -0.130607
v -0.060837 -0.296923 -0.131150
v -0.002444 -0.207788 -0.102794
v -0.176005 -0.177986 -0.130928
v -0.173085 -0.114339 -0.131332
v 0.326220 0.048068 -0.099577
v 0.364920 0.097444 -0.132970
v -0.270706 0.119333 -0.099546
v -0.186504 0.132527 -0.095403
v 0.226862 0.151237 -0.116338
v -0.246468 0.169617 -0.129009
v -0.233009 0.189274 -0.125458
v 0.364704 0.207048 -0.131044
v 0.328721 0.301887 -0.134584
v -0.221040 0.401943 -0.139175
v -0.072083 0.577454 -0.131521
v 0.058286 0.596709 -0.125037
v 0.099531 0.598474 -0.132514
v -0.120096 0.699212 -0.122193
v 0.118942 0.731084 -0.132423
v 0.293465 -0.954970 -0.122845
v -0.172303 -0.955196 -0.128353
v 0.183477 -0.939087 -0.117260
v -0.179458 -0.916595 -0.127667
v -0.093874 -0.893468 -0.131254
v -0.202856 -0.888457 -0.116785
v 0.268059 -0.859201 -0.133798
v 0.147469 -0.849999 -0.123520
v 0.265861 -0.814936 -0.134831
v 0.234242 -0.708818 -0.132716
v -0.230517 -0.563835 -0.119870
v 0.259957 -0.420688 -0.098919
v -0.198357 -0.397360 -0.122536
v -0.045339 -0.261847 -0.123721
v -0.168485 -0.245722 -0.126964
v 0.001616 -0.231873 -0.086757
v -0.191368 0.094982 -0.108686
v 0.194492 0.099845 -0.128496
v 0.346038 0.118119 -0.122249
v 0.210497 0.127121 -0.093391
v -0.171132 0.141412 -0.125935
v -0.330832 0.138004 -0.112288
v -0.312232 0.124100 -0.107582
v -0.199604 0.154756 -0.122157
v 0.357581 0.191159 -0.119468
v -0.198817 0.207032 -0.119482
v 0.204658 0.220323 -0.136100
v 0.203919 0.222608 -0.126354
v 0.198347 0.220913 -0.132289
v -0.208936 0.270458 -0.127449
v -0.214182 0.254188 -0.105538
v 0.337930 0.280555 -0.126754
v 0.229193 0.543200 -0.128651
v -0.156758 0.560663 -0.127305
v 0.198142 0.568620 -0.120796
v 0.150989 0.586847 -0.124552
v -0.116234 0.695437 -0.122926
v -0.119650 -0.955273 -0.128096
v -0.188608 -0.895350 -0.129387
v 0.281194 -0.889737 -0.120900
v -0.096062 -0.874680 -0.123888
v 0.150041 -0.812488 -0.128978
v 0.273899 -0.751669 -0.113550
v 0.054816 -0.471566 -0.110811
v -0.049465 -0.377097 -0.121522
v -0.035644 -0.376949 -0.103947
v -0.187948 -0.346658 -0.115989
v 0.203852 0.080200 -0.092876
v 0.217719 0.151892 -0.107834
v 0.348595 0.136687 -0.083201
v -0.346311 0.153995 -0.108842
v -0.207895 0.257960 -0.110750
v -0.323793 0.325285 -0.116801
v -0.262256 0.484283 -0.107615
v -0.215710 0.531027 -0.118979
v -0.079665 0.595864 -0.111857
v -0.086199 0.688803 -0.129992
v -0.038154 0.724228 -0.108059
v 0.301625 -0.933501 -0.108592
v -0.183139 -0.900060 -0.123794
v -0.203386 -0.876984 -0.120339
v 0.207799 -0.744636 -0.104658
v -0.220493 -0.719199 -0.112053
v 0.223028 -0.610786 -0.100918
v 0.067471 -0.495041 -0.095486
v -0.195812 -0.066373 -0.100458
v 0.191439 0.120210 -0.124458
v -0.375930 0.231475 -0.105739
v -0.120221 0.579792 -0.120974
v 0.111016 0.603104 -0.109084
v 0.032405 0.729444 -0.086711
v 0.076078 0.719453 -0.111788
v 0.025391 0.726767 -0.124054
v -0.195618 -0.955648 -0.085313
v 0.179009 -0.892830 -0.099187
v -0.105093 -0.916709 -0.120025
v -0.096351 -0.894666 -0.114177
v -0.088313 -0.894445 -0.118041
v -0.211503 -0.869299 -0.124377
v -0.089780 -0.868492 -0.116710
v 0.270108 -0.823898 -0.107443
v 0.261378 -0.807013 -0.127277
v 0.257024 -0.809431 -0.114866
v -0.092253 -0.807270 -0.112098
v -0.226014 -0.658916 -0.104720
v -0.206815 -0.365830 -0.114903
v -0.199473 -0.338347 -0.103468
v -0.194757 -0.131055 -0.103683
v -0.201340 0.005073 -0.120654
v 0.363257 0.083565 -0.104659
v -0.250633 0.122309 -0.080724
v -0.239388 0.181159 -0.102356
v 0.353528 0.221821 -0.115501
v -0.011621 0.706221 -0.111934
v 0.141713 0.737584 -0.109313
v -0.105818 -0.954000 -0.112697
v 0.184695 -0.937865 -0.074318
v -0.191819 -0.893402 -0.113606
v 0.263920 -0.833014 -0.097166
v 0.253119 -0.803212 -0.118058
v 0.205733 -0.666603 -0.110220
v -0.069775 -0.658724 -0.108664
v -0.230322 -0.453295 -0.108036
v -0.234218 -0.488811 -0.111677
v -0.192596 -0.169742 -0.115596
v 0.247619 -0.100589 -0.079906
v -0.210469 -0.022803 -0.069296
v 0.255818 0.059689 -0.100343
v 0.204574 0.117272 -0.078166
v 0.222059 0.149322 -0.105535
v -0.359371 0.184695 -0.105744
v 0.201099 0.223862 -0.109628
v 0.340550 0.233609 -0.111800
v 0.246359 0.527875 -0.094154
v -0.123807 0.590690 -0.107354
v -0.087872 0.603225 -0.108533
v -0.042214 0.604008 -0.111458
v 0.072620 0.606319 -0.112508
v -0.143950 0.700576 -0.097366
v -0.090786 0.693856 -0.107257
v 0.154959 0.750925 -0.075533
v 0.148194 0.763848 -0.088133
v -0.018328 0.836278 -0.117715
v -0.006694 0.863335 -0.118635
v 0.015681 0.812791 -0.114052
v 0.004918 0.878276 -0.114699
v 0.019644 0.863579 -0.115564
v -0.099593 -0.955377 -0.089801
v -0.185858 -0.952920 -0.112216
v -0.192250 -0.916700 -0.104707
v -0.094642 -0.892106 -0.098353
v -0.208634 -0.886765 -0.098319
v -0.078504 -0.884804 -0.097632
v 0.165131 -0.855102 -0.118010
v 0.158783 -0.844981 -0.104509
v 0.264198 -0.846153 -0.117204
v 0.109130 -0.767409 -0.111458
v 0.199215 -0.727879 -0.110427
v 0.251080 -0.749568 -0.095163
v -0.041017 -0.507697 -0.100972
v 0.116779 -0.594980 -0.088154
v 0.106368 -0.550697 -0.077268
v 0.245394 -0.555409 -0.112904
v -0.227498 -0.385568 -0.084307
v 0.255019 -0.293668 -0.081923
v -0.025280 -0.253228 -0.100200
v -0.208184 -0.178152 -0.080566
v 0.220031 0.019916 -0.105034
v 0.291752 0.051372 -0.106139
v -0.190520 0.114509 -0.100875
v 0.361319 0.095198 -0.073764
v -0.210624 0.154277 -0.100771
v 0.239866 0.191929 -0.106748
v -0.216517 0.202280 -0.090602
v 0.339304 0.197878 -0.092264
v 0.209275 0.226829 -0.103766
v 0.330218 0.241710 -0.100027
v 0.360405 0.261335 -0.115039
v 0.261034 0.496576 -0.102083
v 0.036753 0.610787 -0.111604
v 0.088908 0.757143 -0.088079
v -0.033427 0.812800 -0.111244
v -0.006796 0.793336 -0.112815
v -0.041066 0.851684 -0.111137
v -0.014154 0.877933 -0.113062
v 0.303758 -0.953027 -0.108392
v -0.095233 -0.917042 -0.085921
v 0.174768 -0.852749 -0.105651
v 0.260480 -0.841940 -0.105555
v 0.118770 -0.762134 -0.098397
v 0.272130 -0.748297 -0.107526
v -0.083113 -0.758928 -0.073883
v 0.128435 -0.711202 -0.114227
v -0.241330 -0.492704 -0.096728
v -0.016352 -0.284952 -0.080155
v -0.214360 -0.273697 -0.083767
v -0.206642 -0.157635 -0.092823
v -0.208146 0.036251 -0.097245
v 0.366918 0.085008 -0.096188
v -0.197503 0.107526 -0.081278
v 0.223248 0.153204 -0.111175
v -0.235526 0.101796 -0.000934
v -0.223087 0.210908 -0.084628
v -0.222907 0.223407 -0.089564
v 0.356565 0.249991 -0.111626
v 0.351577 0.255482 -0.101410
v -0.207372 0.248733 -0.105048
v -0.300336 0.397273 -0.093120
v -0.200002 0.558677 -0.099513
v -0.139540 0.703745 -0.106993
v 0.142128 0.743276 -0.113680
v 0.019573 0.773582 -0.102975
v -0.022071 0.766020 -0.101899
v 0.034792 0.808889 -0.103192
v 0.038573 0.875069 -0.103143
v 0.023882 0.893549 -0.103100
v -0.210683 -0.873009 -0.101128
v -0.083913 -0.864554 -0.105356
v -0.231290 -0.841445 -0.073570
v 0.249043 -0.804669 -0.106956
v 0.156247 -0.711440 -0.119607
v 0.159889 -0.732707 -0.113473
v 0.192011 -0.736022 -0.108014
v 0.151780 -0.690007 -0.116554
v 0.124747 -0.681934 -0.108496
v 0.195482 -0.711262 -0.111826
v 0.344678 0.104004 -0.083159
v -0.362446 0.208299 -0.094978
v 0.232319 0.547015 -0.101789
v 0.190337 0.577720 -0.090119
v -0.120510 0.598432 -0.105396
v 0.028766 0.614521 -0.103786
v 0.067517 0.617065 -0.088041
v -0.113742 0.730588 -0.072272
v 0.040920 0.745029 -0.098816
v -0.053324 0.805037 -0.099331
v -0.037302 0.881891 -0.102886
v 0.009358 0.892976 -0.104709
v 0.255754 -0.842597 -0.096662
v 0.170997 -0.834463 -0.088933
v 0.170329 -0.805009 -0.096804
v -0.070710 -0.835091 -0.081843
v 0.236608 -0.799797 -0.097203
v 0.225881 -0.794471 -0.090075
v 0.252679 -0.769553 -0.089466
v 0.268217 -0.762085 -0.100919
v 0.136470 -0.737347 -0.105335
v 0.194890 -0.670250 -0.106213
v 0.151880 -0.673423 -0.109033
v 0.307298 0.044043 -0.096801
v 0.205988 0.100152 -0.088632
v -0.222086 0.160584 -0.069557
v 0.216510 0.166657 -0.097486
v 0.346479 0.182354 -0.083706
v 0.237942 0.213415 -0.079376
v 0.215970 0.234320 -0.087104
v -0.374172 0.242462 -0.086622
v 0.302143 0.302520 -0.069012
v -0.037743 0.629586 -0.098248
v -0.018481 0.635201 -0.100336
v 0.031881 0.628975 -0.099953
v 0.005571 0.737942 -0.103170
v -0.042180 0.900838 -0.084923
v 0.034213 0.904896 -0.087749
v 0.188587 -0.956428 -0.077818
v 0.186591 -0.954730 -0.085056
v 0.305226 -0.923176 -0.081638
v -0.198250 -0.887848 -0.094261
v -0.080532 -0.886961 -0.094066
v -0.073077 -0.848926 -0.090112
v -0.227834 -0.783366 -0.098502
v 0.180150 -0.753634 -0.100958
v -0.227823 -0.687048 -0.081915
v 0.194653 -0.623644 -0.087749
v -0.237744 -0.615133 -0.085908
v 0.211437 -0.595804 -0.097403
v -0.224402 -0.365163 -0.092093
v 0.255638 -0.186040 -0.058009
v 0.303773 0.043058 -0.090071
v -0.300583 0.098359 -0.084502
v 0.217455 0.134904 -0.099259
v -0.338471 0.126197 -0.088792
v -0.356829 0.161441 -0.089544
v 0.223644 0.161628 -0.092701
v 0.215927 0.186134 -0.062189
v -0.373882 0.232879 -0.091332
v 0.204166 0.226145 -0.103083
v -0.213155 0.236244 -0.082318
v 0.316434 0.235461 -0.092832
v 0.316600 0.265812 -0.078434
v -0.076910 0.619249 -0.076379
v -0.042197 0.614423 -0.097833
v 0.005074 0.621499 -0.099715
v 0.039797 0.620314 -0.096415
v 0.014588 0.642535 -0.091179
v 0.160207 0.750378 -0.092721
v 0.023498 0.756724 -0.091715
v -0.003234 0.748725 -0.094371
v 0.043416 0.784514 -0.091801
v -0.060837 0.769357 -0.083523
v 0.062529 0.851891 -0.076279
v -0.063631 0.866609 -0.091033
v 0.047310 0.882531 -0.091691
v 0.312371 -0.955431 -0.073791
v -0.097497 -0.949468 -0.085862
v 0.282945 -0.888434 -0.071145
v -0.217170 -0.877969 -0.088644
v 0.191208 -0.874901 -0.068591
v 0.126158 -0.634194 -0.085954
v 0.232814 -0.479227 -0.066137
v -0.221112 -0.334888 -0.072398
v -0.202307 0.092055 -0.053850
v 0.225949 0.067525 -0.081164
v -0.290230 0.098963 -0.084635
v 0.343385 0.110805 -0.090788
v 0.227830 0.170401 -0.062705
v 0.207051 0.231894 -0.094584
v 0.336972 0.225118 -0.096293
v -0.220193 0.239897 -0.096717
v 0.327905 0.245677 -0.084387
v -0.213688 0.254728 -0.080151
v 0.308571 0.314498 -0.079621
v -0.227445 0.552252 -0.076858
v 0.094261 0.612811 -0.068532
v -0.064821 0.619473 -0.084774
v -0.059865 0.631399 -0.087276
v -0.158343 0.708364 -0.087394
v -0.010836 0.720259 -0.089550
v -0.022650 0.719940 -0.084992
v -0.075155 0.862823 -0.079810
v 0.193233 -0.832858 -0.072814
v 0.182230 -0.806937 -0.089273
v 0.245521 -0.812990 -0.081900
v -0.236730 -0.818956 -0.069972
v 0.129382 -0.752831 -0.093970
v 0.152044 -0.756871 -0.092741
v 0.253744 -0.759759 -0.089022
v -0.067189 -0.666698 -0.093432
v -0.077222 -0.706215 -0.086046
v 0.171394 -0.630237 -0.081428
v -0.025588 -0.396603 -0.066020
v 0.007993 -0.252011 -0.080317
v -0.217227 -0.126630 -0.065286
v 0.259247 -0.091809 -0.064352
v 0.337714 0.045376 -0.085298
v 0.216702 0.074327 -0.076084
v 0.363862 0.063261 -0.077280
v 0.216240 0.111861 -0.073487
v -0.220998 0.179448 -0.081394
v 0.244905 0.199594 -0.087679
v -0.357736 0.223432 -0.075570
v -0.213639 0.240525 -0.087457
v -0.218116 0.242908 -0.079916
v -0.218119 0.248142 -0.093860
v -0.362905 0.254328 -0.059762
v 0.301561 0.341918 -0.080157
v -0.245723 0.531386 -0.084595
v 0.224888 0.550938 -0.071130
v -0.160591 0.592638 -0.069593
v -0.014577 0.665563 -0.079617
v 0.059457 0.739906 -0.075124
v 0.058984 0.741831 -0.069912
v -0.054905 0.748710 -0.074922
v 0.186182 0.793175 -0.032201
v 0.054336 0.772423 -0.075859
v -0.072442 0.832214 -0.088171
v -0.056223 0.897822 -0.079688
v -0.031447 0.916143 -0.060075
v 0.309602 -0.938979 -0.065872
v -0.208991 -0.908340 -0.045897
v -0.203252 -0.880725 -0.073465
v 0.193290 -0.840426 -0.083552
v 0.162042 -0.784785 -0.083905
v 0.199808 -0.769258 -0.071453
v 0.170872 -0.608854 -0.086140
v 0.000568 -0.247357 -0.078448
v 0.245473 -0.080733 -0.063611
v 0.216360 0.080883 -0.079427
v 0.209254 0.087964 -0.084538
v -0.252089 0.107410 -0.056034
v 0.213362 0.123489 -0.078037
v -0.194223 0.128485 -0.072786
v 0.343757 0.159674 -0.081143
v -0.362488 0.180243 -0.082207
v -0.216175 0.210162 -0.086798
v -0.221720 0.226525 -0.074031
v -0.217978 0.247672 -0.086040
v -0.337574 0.301562 -0.063185
v 0.290664 0.389474 -0.087650
v 0.273550 0.441354 -0.083654
v 0.201713 0.570343 -0.076662
v 0.062216 0.627231 -0.086866
v 0.004812 0.662583 -0.082632
v -0.058885 0.718219 -0.075940
v -0.163750 0.707609 -0.077631
v -0.145507 0.742847 -0.040437
v 0.116171 0.750419 -0.064222
v 0.174328 0.767833 -0.072128
v -0.079977 0.801013 -0.072544
v 0.043655 0.901451 -0.080261
v 0.016605 0.936429 -0.056794
v 0.184062 -0.954585 -0.066305
v 0.186167 -0.885975 -0.080068
v -0.222364 -0.857228 -0.069987
v 0.245506 -0.829119 -0.076570
v 0.200050 -0.798670 -0.084450
v -0.227688 -0.800770 -0.079099
v 0.169650 -0.774929 -0.075372
v 0.149260 -0.764159 -0.089747
v -0.227841 -0.686611 -0.047183
v -0.246621 -0.531999 -0.077961
v 0.071759 -0.479276 -0.076175
v -0.240576 -0.409043 -0.066266
v -0.232785 -0.377694 -0.065485
v 0.334536 0.044943 -0.075240
v 0.209444 0.071420 -0.073986
v 0.248703 0.059943 -0.081465
v 0.266678 0.056141 -0.081427
v 0.209320 0.079506 -0.080576
v -0.318819 0.102492 -0.075959
v -0.194117 0.115604 -0.080593
v -0.225817 0.150154 -0.032582
v 0.339964 0.179911 -0.072267
v 0.219852 0.169785 -0.073678
v 0.250092 0.203255 -0.080540
v -0.219831 0.220960 -0.080055
v 0.317926 0.217635 -0.077044
v 0.209166 0.233822 -0.081666
v -0.209613 0.247580 -0.086014
v -0.271538 0.500392 -0.062046
v 0.134419 0.593153 -0.074719
v 0.087594 0.623017 -0.068325
v -0.071767 0.627705 -0.079520
v -0.161435 0.709231 -0.059262
v -0.033539 0.719445 -0.081249
v 0.019106 0.723971 -0.087002
v -0.125500 0.766813 -0.000936
v 0.075056 0.777744 -0.059532
v 0.059595 0.766010 -0.076384
v -0.082825 0.776194 -0.062879
v -0.092821 -0.883615 -0.077574
v 0.187743 -0.926073 -0.047306
v -0.201947 -0.885490 -0.072586
v 0.279155 -0.879820 -0.071990
v -0.082238 -0.859151 -0.066831
v -0.073119 -0.840949 -0.062967
v 0.235274 -0.836266 -0.080858
v -0.069027 -0.799299 -0.022649
v -0.215609 -0.778827 -0.067548
v 0.122004 -0.587243 -0.080390
v 0.175512 -0.590555 -0.085081
v 0.198421 -0.506500 -0.054375
v -0.240328 -0.441029 -0.073717
v 0.251786 -0.364841 -0.048817
v -0.231198 -0.349980 -0.065713
v 0.021686 -0.284011 -0.078151
v -0.219787 -0.281356 -0.072714
v 0.003363 -0.268135 -0.057011
v 0.310147 0.046189 -0.073133
v 0.295942 0.046388 -0.081760
v 0.370205 0.070247 -0.069823
v 0.209137 0.102978 -0.079549
v 0.211763 0.112886 -0.062365
v -0.326803 0.112975 -0.069184
v 0.338396 0.106799 -0.058302
v -0.345808 0.133001 -0.078300
v -0.218867 0.204604 -0.074354
v -0.226148 0.214039 -0.068441
v 0.214581 0.240757 -0.079048
v -0.350633 0.235813 -0.064630
v 0.314815 0.231060 -0.088615
v 0.304103 0.231613 -0.081978
v 0.108099 0.602591 -0.054358
v 0.031331 0.662245 -0.075627
v 0.007536 0.672112 -0.066652
v -0.170915 0.713907 -0.071375
v 0.033846 0.731871 -0.081503
v 0.062041 0.796050 -0.075508
v 0.081335 0.815047 -0.044373
v -0.087251 0.851468 -0.064511
v -0.129605 -0.955483 -0.043905
v -0.193327 -0.955357 -0.072506
v -0.098590 -0.916987 -0.055224
v -0.223672 -0.868251 -0.054692
v -0.208950 -0.878983 -0.075098
v -0.078747 -0.867428 -0.066296
v 0.193769 -0.826600 -0.070955
v 0.223234 -0.812956 -0.071092
v 0.233983 -0.773451 -0.078539
v 0.214875 -0.771455 -0.071583
v 0.167150 -0.623482 -0.078848
v 0.140258 -0.611797 -0.075275
v -0.033436 -0.483806 -0.066527
v -0.217850 -0.138225 -0.049807
v 0.241491 -0.031123 -0.027995
v 0.276006 0.038792 -0.074316
v 0.260974 0.042130 -0.072187
v 0.294616 0.042490 -0.075220
v 0.353049 0.053525 -0.067038
v 0.230339 0.063200 -0.064409
v 0.214299 0.107832 -0.069346
v -0.233818 0.171439 -0.033697
v -0.231437 0.145976 -0.028598
v 0.313233 0.201947 -0.070839
v -0.215389 0.223916 -0.073663
v -0.242864 0.543009 -0.065439
v 0.059483 0.655041 -0.060516
v -0.041441 0.662997 -0.072213
v -0.022069 0.682292 -0.071281
v 0.034960 0.726069 -0.076818
v -0.049854 0.718583 -0.070330
v -0.037819 0.718721 -0.076531
v 0.043182 0.736128 -0.077367
v 0.139764 0.754758 -0.060099
v 0.062746 0.874920 -0.068931
v 0.054995 0.901655 -0.057284
v -0.053490 0.919627 -0.059945
v -0.197455 -0.933569 -0.074470
v -0.199978 -0.934939 -0.044929
v 0.208491 -0.837452 -0.074797
v 0.234236 -0.848993 -0.074692
v 0.223821 -0.838253 -0.073574
v 0.230462 -0.829264 -0.068645
v 0.203547 -0.777253 -0.070135
v -0.245680 -0.563658 -0.065907
v 0.305983 0.035270 -0.068230
v -0.320501 0.091978 -0.061051
v -0.352362 0.152836 -0.058823
v -0.353692 0.187991 -0.059788
v 0.317118 0.189422 -0.052674
v -0.242601 0.212610 -0.051480
v 0.298476 0.195331 -0.047959
v 0.264954 0.209243 -0.072938
v 0.260117 0.212142 -0.077056
v -0.219774 0.215423 -0.075857
v 0.209102 0.198505 -0.046404
v 0.210350 0.213247 -0.029874
v 0.293392 0.229911 -0.072202
v 0.285209 0.223762 -0.074781
v -0.210075 0.257016 -0.066927
v 0.276441 0.366572 -0.069335
v -0.312075 0.369595 -0.050845
v -0.067946 0.640423 -0.064725
v -0.022537 0.668722 -0.067826
v -0.126633 0.707207 -0.063757
v -0.066895 0.718480 -0.072062
v -0.080999 0.724220 -0.053489
v 0.042637 0.668826 -0.054976
v -0.076904 0.722359 -0.057626
v 0.050810 0.737941 -0.072721
v -0.075519 0.752141 -0.059237
v 0.177907 0.769470 -0.065236
v 0.310335 -0.956308 -0.030504
v -0.191781 -0.937417 -0.063814
v -0.097226 -0.875890 -0.051809
v -0.204303 -0.879852 -0.070475
v -0.081650 -0.868758 -0.047649
v 0.202666 -0.875056 -0.057480
v 0.247115 -0.856746 -0.064843
v 0.208367 -0.829132 -0.066578
v 0.196008 -0.774571 -0.068846
v 0.102926 -0.447108 -0.029431
v -0.012225 -0.308591 -0.053751
v 0.009673 -0.267454 -0.054105
v -0.227505 -0.257525 -0.045885
v 0.298504 0.032062 -0.060380
v 0.274692 0.034445 -0.062934
v 0.318098 0.046696 -0.065389
v 0.326257 0.053618 -0.063158
v -0.281970 0.096857 -0.053266
v 0.341532 0.103612 -0.057594
v 0.336573 0.127393 -0.047957
v 0.222541 0.167851 -0.066707
v -0.360105 0.207131 -0.067182
v -0.223178 0.218060 -0.072831
v 0.267848 0.215819 -0.075736
v 0.271036 0.221877 -0.071010
v 0.279346 0.233183 -0.061773
v 0.297403 0.237483 -0.065164
v -0.214995 0.258769 -0.068547
v 0.278150 0.314661 -0.069881
v -0.262092 0.519628 -0.054197
v -0.207880 0.569644 -0.061482
v 0.190389 0.566286 -0.048095
v 0.007801 0.666140 -0.067791
v -0.056676 0.720083 -0.069325
v -0.050330 0.721185 -0.073736
v -0.183305 0.723372 -0.052040
v 0.078916 0.752086 -0.058025
v 0.073649 0.783079 -0.055215
v -0.104035 0.787690 -0.028859
v -0.026466 0.930516 -0.029082
v 0.006681 0.936788 -0.052599
v -0.101602 -0.952920 -0.059384
v -0.205744 -0.876298 -0.062365
v -0.224104 -0.841619 -0.051318
v -0.236156 -0.825693 -0.062654
v 0.219394 -0.819773 -0.066713
v -0.078123 -0.705643 -0.034915
v -0.066718 -0.619276 -0.027392
v 0.239799 -0.400114 -0.033237
v 0.058823 -0.368146 -0.048134
v 0.225968 0.026140 -0.028701
v 0.278879 0.019143 -0.061154
v 0.315572 0.035816 -0.057233
v 0.214046 0.069435 -0.048100
v -0.199989 0.125765 -0.053148
v 0.328401 0.167878 -0.062632
v 0.252182 0.224883 -0.068136
v 0.240752 0.236860 -0.066863
v -0.223181 0.227030 -0.065244
v -0.351187 0.241893 -0.060720
v 0.290446 0.247798 -0.059322
v 0.215051 0.261096 -0.065947
v 0.210460 0.263777 -0.059322
v 0.246361 0.500821 -0.044043
v 0.245402 0.520007 -0.063302
v -0.100452 0.612038 -0.042114
v 0.081403 0.632648 -0.053375
v -0.056801 0.658928 -0.060974
v 0.041057 0.663276 -0.056503
v -0.041745 0.667690 -0.059458
v 0.023408 0.666397 -0.063632
v -0.065692 0.721573 -0.065709
v -0.111627 -0.955335 -0.043755
v 0.187553 -0.952819 -0.039602
v -0.201086 -0.920208 -0.053769
v -0.215281 -0.897768 -0.041183
v 0.228910 -0.852863 -0.060975
v -0.087126 -0.755576 -0.051572
v -0.086622 -0.730519 -0.055373
v 0.156305 -0.534337 -0.060284
v 0.109514 -0.522718 -0.065666
v -0.031997 -0.416143 -0.035508
v -0.231118 -0.385164 -0.023194
v -0.230546 -0.325622 -0.030373
v 0.324994 0.042319 -0.052774
v 0.254924 0.042984 -0.055962
v -0.221193 -0.003871 -0.005670
v 0.230232 0.054904 -0.056910
v 0.373152 0.091075 -0.050091
v -0.339189 0.100894 -0.052303
v -0.200179 0.107546 -0.053812
v 0.219178 0.162758 -0.050766
v 0.245630 0.185424 -0.048740
v 0.287042 0.200297 -0.056534
v -0.215972 0.222912 -0.063463
v -0.231125 0.248401 -0.044618
v -0.352750 0.253052 -0.044770
v 0.271640 0.266907 -0.063365
v 0.257035 0.421882 -0.043437
v -0.231179 0.555743 -0.038754
v 0.146235 0.580330 -0.051462
v 0.053516 0.659893 -0.047944
v -0.089439 0.729366 -0.042562
v -0.095879 0.759157 -0.034449
v -0.085867 0.894087 -0.037087
v 0.037105 0.928720 -0.034043
v 0.312489 -0.951004 0.012826
v -0.153321 -0.942731 -0.044633
v 0.246797 -0.868621 -0.059175
v -0.244626 -0.472847 -0.030509
v 0.225335 -0.431842 -0.028969
v -0.227607 -0.293721 -0.022290
v 0.306828 0.022908 -0.051919
v 0.249528 0.030523 -0.047950
v 0.244193 0.047852 -0.053601
v 0.361424 0.067429 -0.048967
v 0.221180 0.064535 -0.052015
v 0.211344 0.064186 -0.049799
v 0.217231 0.071799 -0.051700
v -0.346976 0.104539 -0.033608
v -0.328670 0.120751 -0.058031
v 0.290210 0.177779 -0.032843
v 0.224742 0.160716 -0.055310
v 0.268255 0.193413 -0.044303
v -0.348717 0.222831 -0.048331
v 0.257918 0.271831 -0.060261
v 0.252907 0.307824 -0.044194
v 0.115758 0.595436 -0.041980
v 0.121106 0.589621 -0.033976
v 0.109325 0.607855 -0.045209
v -0.058064 0.664393 -0.047465
v -0.184662 0.735355 -0.036396
v 0.070083 0.745126 -0.060985
v 0.072516 0.705871 -0.043864
v -0.111049 0.796103 -0.005197
v 0.078416 0.822604 -0.040592
v 0.022907 0.937146 -0.049191
v 0.212807 -0.915335 0.003488
v -0.083809 -0.853886 -0.055114
v 0.083154 -0.347948 -0.004944
v 0.031524 -0.279953 -0.036190
v 0.257682 -0.130158 -0.046303
v 0.287705 -0.006437 -0.033517
v 0.278797 0.004461 -0.041503
v 0.305140 0.016835 -0.040500
v 0.236729 0.050681 -0.044982
v 0.330923 0.062341 -0.051356
v 0.337108 0.079048 -0.036401
v 0.216862 0.059249 -0.048867
v 0.214555 0.057218 -0.049722
v -0.312841 0.091022 -0.033961
v -0.205464 0.093128 -0.034102
v 0.356935 0.112583 -0.029763
v -0.203082 0.104228 -0.030133
v 0.221958 0.225101 -0.014158
v -0.338465 0.238432 -0.047883
v 0.221871 0.234857 -0.030179
v -0.188413 0.234638 0.020131
v 0.212970 0.278932 -0.051943
v 0.214524 0.535569 -0.028517
v -0.184456 0.582540 -0.038805
v 0.093285 0.619886 -0.026027
v 0.077982 0.749923 -0.053896
v 0.081669 0.794744 -0.040172
v 0.064053 0.886415 -0.045954
v -0.050599 0.931838 -0.040599
v 0.190519 -0.938593 -0.039651
v -0.210958 -0.870902 -0.045352
v 0.289502 -0.899342 0.024710
v 0.239330 -0.880107 -0.036233
v 0.217305 -0.868736 -0.053329
v -0.226391 -0.821493 -0.032905
v -0.228710 -0.202312 -0.018506
v 0.272730 0.007085 -0.035893
v 0.312789 0.021974 -0.046025
v 0.232499 0.045290 -0.040022
v 0.224580 0.034759 -0.029560
v 0.369019 0.077565 -0.044123
v 0.370511 0.098289 -0.038349
v 0.334209 0.114774 -0.042583
v 0.331163 0.117508 -0.033751
v -0.224884 0.175019 -0.027577
v -0.236469 0.225139 -0.045069
v -0.343525 0.246503 -0.048207
v 0.243489 0.322115 -0.026028
v -0.287655 0.453044 -0.042798
v -0.128764 0.600896 -0.035159
v -0.092599 0.622794 -0.018298
v 0.063138 0.653927 -0.041914
v 0.078262 0.646505 -0.038382
v -0.068942 0.656161 -0.033108
v -0.192466 0.727604 -0.026672
v 0.185563 0.782839 -0.031341
v 0.186286 0.784272 -0.041312
v 0.053309 0.909423 -0.034314
v -0.112478 -0.919545 -0.028074
v -0.216374 -0.867180 -0.047376
v -0.225232 -0.856363 -0.031590
v 0.012328 -0.258366 -0.029278
v -0.222839 -0.066781 -0.018154
v 0.314895 0.033821 -0.041527
v 0.219314 0.061799 -0.042922
v 0.215561 0.063930 -0.044298
v 0.331500 0.069988 -0.041931
v 0.219326 0.175207 -0.038514
v 0.290762 0.193145 -0.042708
v -0.217701 0.270833 -0.040552
v -0.218082 0.262230 -0.052099
v 0.219163 0.289300 -0.049266
v 0.257246 0.347209 -0.039301
v -0.285090 0.441412 -0.020157
v -0.267816 0.500477 -0.027532
v -0.085634 0.723848 -0.044975
v 0.093855 0.767227 -0.035264
v 0.143912 0.791726 0.003975
v -0.067747 0.925105 -0.033226
v -0.162497 -0.941647 -0.025802
v -0.111862 -0.914533 -0.021684
v -0.221733 -0.886726 -0.020490
v -0.226175 -0.816174 -0.032784
v 0.194616 -0.434961 -0.009801
v 0.007793 -0.265863 -0.039550
v 0.257464 -0.094940 -0.034995
v 0.260868 -0.079202 -0.049938
v 0.255209 -0.050806 -0.023796
v 0.237814 0.014516 -0.019712
v -0.331843 0.094267 -0.014486
v -0.247427 0.091233 -0.004720
v 0.241479 0.164900 -0.041052
v -0.349661 0.175670 -0.035304
v 0.305642 0.190047 -0.045476
v 0.207820 0.200816 0.001247
v -0.335140 0.210066 -0.028171
v -0.329029 0.242643 -0.040919
v -0.349917 0.262213 -0.040534
v 0.222589 0.300779 -0.041183
v -0.298434 0.378040 -0.024805
v -0.251983 0.531562 -0.031257
v 0.186760 0.558216 -0.033365
v 0.097287 0.614058 -0.031252
v 0.063157 0.660546 -0.036382
v -0.088658 0.726837 -0.038189
v -0.104719 0.767016 -0.016559
v 0.090167 0.805429 -0.016699
v -0.047408 0.935751 -0.028667
v -0.004701 0.945241 -0.029771
v 0.004932 0.950601 -0.025343
v -0.126488 -0.938339 -0.033095
v -0.240222 -0.933445 0.003218
v 0.221433 -0.889415 -0.024117
v -0.090154 -0.857017 -0.020327
v -0.217143 -0.830169 -0.028329
v -0.090727 -0.772843 -0.028009
v -0.202767 -0.722665 -0.016314
v 0.133269 -0.454821 -0.018786
v -0.009205 -0.296424 -0.018952
v 0.311839 0.022752 -0.037517
v 0.328439 0.053674 -0.024007
v 0.226177 0.060239 -0.033896
v 0.359500 0.100857 -0.008942
v -0.342830 0.096882 -0.030509
v -0.202374 0.121856 -0.031450
v 0.284068 0.169552 -0.025111
v 0.272307 0.185873 -0.036369
v -0.253978 0.227205 -0.032979
v -0.217449 0.180299 0.013528
v -0.330620 0.233241 -0.028481
v -0.321353 0.242272 -0.032865
v 0.236738 0.476683 -0.020669
v 0.159072 0.563513 -0.032898
v 0.132858 0.569727 -0.014074
v 0.118788 0.598487 -0.023406
v -0.097703 0.731777 -0.034361
v -0.198240 0.733918 -0.021618
v 0.186742 0.825033 0.026356
v -0.236117 -0.954805 -0.000464
v -0.119540 -0.932701 -0.028396
v -0.217854 -0.897607 -0.025141
v -0.100708 -0.867914 -0.035910
v -0.213153 -0.864375 -0.034848
v -0.212989 -0.861576 -0.022194
v -0.115565 -0.762160 0.004057
v -0.234929 -0.523642 -0.004292
v 0.250912 -0.209782 -0.015554
v -0.220719 -0.130541 -0.014930
v 0.250402 -0.028378 -0.018117
v 0.304578 -0.003849 -0.025386
v 0.253073 0.001251 -0.020312
v 0.232710 0.030015 -0.027913
v 0.223146 0.028438 -0.025593
v 0.228419 0.040406 -0.029223
v 0.221941 0.040441 -0.023787
v 0.222180 0.046357 -0.024273
v 0.213024 0.062038 -0.029853
v 0.220359 0.065539 -0.030409
v -0.285453 0.081147 -0.004911
v 0.370182 0.092680 -0.031803
v 0.206762 0.100761 -0.023920
v 0.214473 0.111509 -0.037164
v 0.204235 0.113442 -0.039214
v 0.325810 0.122712 -0.031634
v -0.333088 0.122368 -0.026078
v -0.331145 0.132281 -0.006799
v -0.227903 0.166398 -0.031227
v 0.312275 0.150002 -0.020152
v -0.243116 0.256722 -0.031512
v -0.330668 0.256463 -0.021603
v 0.213852 0.292067 0.000852
v 0.225719 0.316619 -0.033360
v 0.252897 0.355618 -0.016961
v 0.224959 0.516597 -0.031425
v 0.073775 0.645116 -0.022138
v 0.175100 0.807561 0.023446
v 0.191211 0.799864 -0.014046
v 0.136364 0.798002 -0.024567
v 0.084689 0.827387 -0.022067
v -0.094155 0.882323 -0.025988
v -0.025370 0.936504 -0.009579
v -0.205967 -0.955257 -0.001151
v 0.203525 -0.925988 -0.008677
v 0.309559 -0.922996 0.001399
v 0.301908 -0.908474 0.001448
v -0.214936 -0.852048 -0.012016
v -0.218654 -0.527367 0.018499
v 0.280202 -0.004587 -0.025548
v 0.215560 0.052222 -0.025416
v 0.337199 0.084166 -0.027522
v 0.214084 0.105429 -0.031963
v 0.211975 0.119362 -0.031075
v -0.220642 0.138163 -0.005755
v 0.217878 0.158790 -0.011351
v 0.222909 0.157939 -0.023494
v -0.230450 0.173094 -0.027713
v -0.338708 0.191534 -0.008419
v 0.215234 0.162412 0.000037
v -0.217001 0.288851 -0.022673
v 0.253127 0.430097 -0.012268
v 0.256119 0.386757 -0.015034
v -0.234862 0.546684 -0.020137
v 0.123966 0.592134 -0.025285
v -0.111802 0.600371 -0.011065
v 0.090658 0.630809 -0.011592
v -0.094817 0.711551 -0.017708
v -0.119743 0.742573 -0.002601
v -0.158200 0.724721 -0.020135
v 0.092168 0.733585 -0.021319
v 0.093639 0.767941 -0.029559
v 0.086025 0.814700 -0.009732
v -0.064731 0.933689 -0.014103
v 0.205827 -0.955128 -0.003714
v -0.109276 -0.860880 -0.015152
v -0.093839 -0.840806 -0.016187
v -0.211393 -0.827917 -0.015187
v -0.200362 -0.806816 -0.000467
v -0.093854 -0.725774 -0.008027
v -0.080917 -0.683432 -0.025023
v -0.097189 -0.678110 -0.013460
v -0.059440 -0.523881 -0.021215
v 0.209827 -0.419415 -0.009785
v 0.006846 -0.248150 -0.012354
v 0.255821 -0.086763 -0.009317
v 0.251889 -0.100713 -0.007633
v 0.252619 -0.083260 -0.027268
v 0.232993 0.023192 -0.021720
v 0.228784 0.022743 -0.024649
v 0.227598 0.029116 -0.021082
v 0.320733 0.009948 -0.006315
v 0.323717 0.047793 -0.023414
v 0.219947 0.052869 -0.021578
v 0.221434 0.062654 -0.024431
v 0.222918 0.115626 -0.011576
v 0.218135 0.117484 -0.020556
v -0.332068 0.126195 -0.006347
v -0.343320 0.167783 -0.019876
v -0.220981 0.175981 0.001860
v -0.184260 0.245051 0.036321
v 0.210720 0.259157 -0.010750
v 0.231828 0.331052 -0.029193
v 0.224501 0.323276 -0.028629
v 0.232804 0.326052 -0.027259
v 0.226377 0.336170 -0.028109
v -0.211754 0.565073 -0.019651
v -0.176876 0.573389 -0.000287
v 0.101652 0.602856 -0.015645
v -0.079358 0.643438 -0.010451
v -0.075581 0.670101 -0.025059
v -0.100833 0.737303 -0.022535
v -0.203139 0.740919 -0.005633
v -0.075085 0.917762 -0.022702
v 0.046218 0.917546 -0.019182
v -0.054140 0.939490 -0.013855
v 0.014216 0.948258 -0.010996
v -0.131991 -0.938273 -0.009676
v -0.219071 -0.839643 -0.007333
v -0.072296 -0.801918 -0.007716
v -0.112604 -0.772995 0.003620
v -0.076055 -0.623116 -0.004473
v -0.062012 -0.569947 -0.020444
v -0.073582 -0.487229 0.004776
v -0.226679 -0.373408 0.000562
v 0.228049 -0.376362 -0.010138
v 0.034866 -0.243750 -0.000518
v 0.232007 -0.004449 -0.022889
v 0.298284 -0.008968 -0.020152
v 0.281169 -0.007249 -0.016911
v 0.230081 0.005124 -0.012108
v 0.241203 0.005600 -0.011792
v -0.202392 0.076694 0.005486
v -0.316292 0.083711 0.002730
v 0.207993 0.094516 -0.027182
v 0.203723 0.095986 -0.022785
v 0.207839 0.092359 -0.018497
v 0.211915 0.096016 -0.022744
v -0.203151 0.095617 -0.011094
v 0.356924 0.113193 -0.018941
v 0.209791 0.121194 -0.015364
v -0.350528 0.111415 -0.002372
v 0.315577 0.129115 -0.014397
v 0.315066 0.136433 -0.020852
v 0.209997 0.178504 -0.007743
v -0.267367 0.234324 -0.025672
v -0.262475 0.259817 -0.024994
v -0.253592 0.268994 -0.022977
v -0.200035 0.267574 0.024104
v 0.222736 0.343088 -0.023937
v 0.226436 0.352403 -0.024060
v 0.199647 0.516403 -0.009459
v 0.210356 0.527455 -0.017704
v 0.186694 0.543465 -0.018917
v 0.073464 0.682135 -0.010033
v -0.158349 0.740381 0.011053
v 0.097405 0.778721 -0.015273
v 0.098461 0.776690 -0.018733
v -0.009131 0.951992 -0.005744
v -0.124654 -0.932021 -0.015292
v -0.226786 -0.882681 0.010569
v -0.239557 -0.476546 -0.007762
v 0.011978 -0.227439 0.000585
v 0.279438 -0.080793 -0.012776
v 0.276537 -0.076966 -0.016063
v 0.282483 -0.073721 -0.017687
v 0.270392 -0.065024 -0.012112
v 0.248096 -0.070874 -0.019377
v 0.279942 -0.060799 -0.015440
v 0.293349 -0.063188 -0.013026
v 0.238588 0.005316 -0.008045
v 0.236321 -0.009049 -0.016173
v 0.265493 0.003885 -0.010879
v 0.312148 -0.001690 -0.013055
v 0.231683 0.011139 -0.016838
v 0.235573 0.005019 -0.009241
v 0.231140 0.013554 -0.013680
v -0.227485 0.138929 -0.008595
v -0.225862 0.146490 -0.011500
v -0.341183 0.155799 -0.003849
v 0.259494 0.162688 -0.007278
v 0.301490 0.157931 -0.015826
v -0.225582 0.169648 -0.018478
v -0.240129 0.201715 0.000517
v -0.319364 0.229678 -0.015877
v -0.311979 0.237628 -0.020700
v -0.307944 0.245855 -0.017280
v 0.213846 0.241642 0.000590
v -0.235886 0.329909 0.025980
v 0.225301 0.323441 -0.006619
v 0.247746 0.371305 -0.011155
v 0.236612 0.366787 -0.017940
v 0.244572 0.452934 -0.004665
v 0.217929 0.480913 -0.013106
v 0.137973 0.556746 -0.003076
v 0.077297 0.640236 -0.014810
v 0.083417 0.702153 -0.006924
v -0.104747 0.741208 -0.015474
v -0.210920 -0.849055 -0.002388
v -0.189464 -0.788368 0.026982
v -0.097451 -0.723127 -0.001729
v -0.112042 -0.703102 -0.008576
v -0.049258 -0.443411 -0.007923
v 0.232838 -0.166049 0.031083
v 0.248484 -0.100048 0.000780
v 0.253882 -0.076454 -0.008785
v 0.267915 -0.081043 -0.003663
v 0.273801 -0.058130 -0.009003
v 0.249773 -0.031337 -0.012195
v 0.302179 -0.021268 -0.011626
v 0.296659 -0.033884 -0.006480
v 0.319915 0.065157 -0.004177
v 0.211887 0.065289 -0.019530
v 0.211007 0.061980 -0.011859
v 0.219449 0.072264 -0.015848
v 0.211495 0.074066 -0.023176
v 0.207715 0.074232 -0.016435
v 0.212687 0.079732 -0.015871
v 0.332370 0.078211 -0.007724
v 0.207756 0.078432 -0.022717
v 0.203848 0.080273 -0.019139
v 0.205598 0.094315 -0.013993
v 0.202543 0.113998 -0.007059
v -0.200709 0.116926 0.013644
v 0.223284 0.146470 -0.005762
v -0.232763 0.185203 0.001504
v -0.307660 0.219010 0.000165
v -0.251831 0.212429 0.007640
v -0.293754 0.238338 -0.018219
v -0.248423 0.301532 0.000924
v 0.230464 0.368184 -0.017258
v 0.169912 0.526226 -0.008634
v 0.137417 0.572665 0.000644
v 0.099402 0.615725 0.001197
v -0.095280 0.710498 -0.008644
v -0.165309 0.766054 0.014872
v 0.104413 0.755290 0.011982
v 0.228006 -0.955371 0.016666
v -0.132606 -0.954340 0.030385
v 0.217324 -0.933586 0.011119
v -0.211834 -0.853898 -0.007495
v -0.193626 -0.800238 0.026576
v -0.091921 -0.781119 -0.011833
v -0.199072 -0.654637 0.008974
v -0.099920 -0.596288 0.006399
v 0.074715 -0.300600 0.011004
v -0.219635 -0.123138 0.005694
v 0.265431 -0.069180 -0.000870
v 0.245464 -0.054687 -0.012066
v 0.299213 -0.047470 -0.005732
v 0.289085 -0.044977 -0.000378
v 0.202546 0.096262 -0.004048
v -0.202312 0.100131 0.002356
v 0.214735 0.127392 -0.012357
v 0.297528 0.141674 0.000338
v 0.303810 0.143655 -0.009168
v 0.294173 0.153710 -0.004730
v 0.240949 0.159798 -0.008105
v -0.224747 0.175652 -0.008609
v -0.322617 0.209337 0.007806
v -0.290339 0.248805 -0.013319
v -0.284228 0.331386 -0.012445
v -0.305160 0.259436 -0.009553
v 0.220455 0.362765 0.004612
v 0.232650 0.390245 -0.017020
v 0.229993 0.378293 -0.012116
v 0.253220 0.394540 -0.011060
v 0.226438 0.382548 -0.015448
v 0.226879 0.385750 -0.018499
v 0.221365 0.392590 -0.005889
v 0.218787 0.398655 -0.007417
v 0.234309 0.427977 -0.009841
v -0.259140 0.402317 0.019024
v -0.246825 0.473211 0.022897
v -0.248348 0.504675 0.007126
v 0.227160 0.476175 -0.013361
v 0.208657 0.458230 0.000094
v -0.231055 0.531537 0.009399
v 0.165062 0.535627 -0.007879
v 0.144562 0.539166 0.009142
v -0.140304 0.569439 0.027427
v 0.119542 0.569398 0.010810
v -0.107646 0.606494 -0.003491
v 0.081711 0.625537 0.004421
v -0.097478 0.701915 -0.001579
v -0.100524 0.725287 -0.005034
v -0.103012 0.736990 -0.000623
v 0.100877 0.789881 0.004866
v 0.191469 0.815658 0.017226
v 0.108392 0.819322 0.018849
v -0.121806 -0.900657 0.004330
v -0.121797 -0.884936 0.023846
v -0.078220 -0.795709 0.007167
v -0.192446 -0.710745 -0.006958
v -0.188188 -0.744162 0.000237
v -0.122683 -0.720959 -0.000513
v 0.160251 -0.427186 -0.000521
v 0.259523 -0.073319 -0.002749
v 0.315937 -0.053240 0.006790
v 0.251161 -0.066503 0.003005
v 0.240818 -0.043501 -0.003547
v 0.233926 0.014348 0.006474
v 0.325812 -0.018481 0.010570
v 0.258628 0.008360 -0.002389
v 0.317924 0.005816 -0.003032
v 0.257753 0.008325 -0.008021
v 0.237184 0.013731 -0.002339
v 0.205059 0.064603 0.001504
v 0.218475 0.085389 -0.003569
v 0.352303 0.107252 -0.001262
v 0.219575 0.132156 -0.005965
v 0.309220 0.133775 0.014535
v -0.260527 0.351337 0.011275
v -0.212797 0.295376 -0.019161
v -0.210264 0.313962 -0.010266
v -0.202823 0.307755 -0.008964
v 0.230942 0.383040 0.004623
v 0.206035 0.480338 0.009967
v -0.192213 0.562565 0.007272
v -0.098879 0.610376 0.008252
v -0.102837 0.705365 -0.002705
v -0.107387 0.693467 -0.003473
v -0.107958 0.719889 -0.003068
v -0.119912 0.709359 -0.003959
v -0.117087 0.716316 -0.005803
v -0.111143 0.730601 0.000845
v -0.206988 0.750961 0.025037
v 0.188721 0.821881 0.035796
v 0.077055 0.850264 0.036847
v 0.051034 0.897704 0.016220
v -0.067008 0.910563 0.004219
v -0.062442 0.934299 0.020757
v -0.000364 0.953394 0.008713
v -0.210844 -0.838161 0.015339
v -0.204918 -0.826766 0.018511
v -0.087680 -0.795591 0.023129
v -0.084518 -0.597002 0.001838
v -0.229666 -0.472323 0.015441
v 0.110212 -0.363142 0.009877
v 0.209821 -0.376196 0.004626
v 0.261746 -0.096660 0.002993
v 0.290332 -0.034000 -0.000980
v 0.238918 -0.026966 -0.000728
v 0.279388 -0.029968 0.023182
v 0.211796 0.056598 -0.003083
v 0.213725 0.070468 0.012536
v 0.198097 0.074931 0.011890
v -0.235843 0.079303 0.018701
v 0.333535 0.090537 0.006564
v 0.231055 0.119131 -0.000983
v 0.211905 0.136777 0.024442
v -0.274295 0.219882 0.015296
v -0.292810 0.224086 -0.000387
v 0.218121 0.222846 0.020012
v 0.203458 0.259589 0.032075
v -0.199705 0.285304 0.007814
v 0.216724 0.415123 -0.000952
v 0.215339 0.457244 -0.005199
v 0.173302 0.511514 -0.000105
v 0.105407 0.584539 0.008652
v -0.112062 0.686419 0.002920
v -0.122726 0.731657 0.003327
v -0.105578 0.731834 0.003109
v -0.123402 0.738814 0.003297
v -0.108453 0.749737 0.005685
v -0.056269 0.939897 0.032662
v 0.245537 -0.901222 0.031576
v -0.112097 -0.845647 0.019338
v -0.199143 -0.815059 -0.000056
v -0.153307 -0.722806 0.007373
v -0.124374 -0.752279 0.027564
v -0.172746 -0.681622 0.006060
v -0.104996 -0.523140 0.024358
v 0.015255 -0.192305 0.026964
v -0.225671 -0.130937 0.018002
v 0.283253 -0.075820 0.009574
v 0.301069 -0.069887 0.005248
v 0.273654 -0.059144 0.010506
v 0.210864 0.061610 0.002879
v -0.206693 0.088494 0.008996
v -0.197977 0.112445 0.005942
v -0.217287 0.135322 0.014281
v -0.221775 0.140851 0.006049
v -0.222652 0.134263 0.011423
v 0.218193 0.140411 -0.006123
v 0.274509 0.152730 0.007322
v -0.318448 0.191051 0.014583
v 0.217980 0.217118 0.016816
v -0.244888 0.326726 0.026315
v -0.208057 0.333022 0.007328
v 0.214444 0.410142 0.000767
v 0.210154 0.449392 -0.001247
v 0.228758 0.449506 0.004753
v 0.234638 0.456584 0.002231
v 0.141483 0.549290 0.005928
v -0.115846 0.587791 0.024204
v -0.085696 0.621103 0.031717
v -0.098519 0.687123 0.005361
v -0.124473 0.725152 0.005691
v -0.123609 0.746434 0.012806
v -0.119684 0.738570 0.000956
v -0.124261 0.741212 0.001528
v -0.120252 0.745146 0.004896
v -0.203397 0.753872 0.010946
v -0.110947 0.778848 0.006790
v -0.105140 0.854470 0.025127
v 0.030314 0.912249 0.011764
v -0.050901 0.941734 0.009488
v -0.242639 -0.955521 0.007314
v 0.287041 -0.953277 0.024540
v -0.129306 -0.948668 0.025820
v -0.130772 -0.938470 0.064501
v -0.244248 -0.915511 0.029774
v 0.240078 -0.911809 0.038975
v -0.236064 -0.898060 0.022852
v -0.206065 -0.846489 0.008191
v -0.106202 -0.829558 0.010363
v 0.163907 -0.375925 0.018368
v -0.031246 -0.352166 0.032173
v 0.212280 -0.193488 0.050252
v -0.217575 -0.305445 0.027970
v 0.251176 -0.098821 0.008466
v -0.220915 -0.035106 0.020702
v 0.288337 -0.039530 0.014625
v 0.228046 -0.003615 0.008043
v 0.266306 -0.021694 0.035829
v 0.312292 0.024712 0.019849
v 0.238665 0.019042 0.006269
v 0.321110 0.021199 0.008210
v 0.207393 0.066960 0.009532
v -0.289346 0.067510 0.021524
v -0.262193 0.070809 0.014642
v 0.323657 0.082164 0.001988
v 0.222754 0.095412 0.006755
v 0.245142 0.139893 0.011260
v -0.221901 0.180724 0.010016
v -0.160709 0.287366 0.074950
v 0.222419 0.327934 0.016150
v -0.213488 0.344895 0.013996
v 0.216620 0.410205 0.005777
v 0.209774 0.429907 0.004256
v 0.176627 0.496931 0.008367
v -0.143796 0.571349 0.015754
v -0.120825 0.571384 0.035571
v 0.081691 0.609287 0.046434
v -0.084600 0.658068 0.018552
v 0.081669 0.670163 0.042798
v 0.086367 0.695171 0.022725
v 0.093100 0.730219 0.006616
v 0.110802 0.710742 0.011965
v 0.097065 0.714080 0.014047
v 0.109297 0.724801 0.006272
v 0.120823 0.732077 0.010926
v 0.113082 0.743718 0.007275
v -0.123219 0.737389 0.006481
v 0.097665 0.742387 0.006470
v 0.104958 0.740306 0.010527
v -0.109754 0.738875 0.007974
v -0.116032 0.739520 0.005307
v 0.106243 0.770215 0.030381
v -0.114661 0.806908 0.025771
v -0.113006 0.815098 0.045098
v 0.084778 0.826046 0.021725
v -0.063118 0.905959 0.028733
v 0.018136 0.925417 0.007579
v -0.254952 -0.946508 0.045708
v -0.116703 -0.852032 0.007260
v -0.134278 -0.752904 0.031634
v -0.141787 -0.736263 0.010281
v -0.139491 -0.710069 0.008678
v -0.104694 -0.642186 0.021401
v -0.092631 -0.623862 0.015840
v -0.204247 -0.599493 0.011058
v 0.140976 -0.391639 0.011323
v 0.264764 -0.059323 0.014843
v 0.277452 -0.053951 0.014718
v 0.233044 -0.016486 0.009278
v -0.217476 0.019988 0.012662
v 0.231247 0.015229 0.009743
v 0.231493 0.014505 0.013675
v -0.334444 0.083190 0.033835
v 0.225046 0.103855 0.010328
v 0.188969 0.109961 0.043307
v 0.237934 0.113614 0.014854
v 0.256201 0.127712 0.009712
v 0.237210 0.129246 0.004657
v 0.256557 0.146169 0.014263
v -0.322528 0.162639 0.051625
v 0.208722 0.138675 0.030664
v 0.196992 0.146749 0.034130
v 0.215204 0.382617 0.019471
v 0.213087 0.437325 0.020278
v 0.180581 0.478116 0.017135
v 0.190301 0.461777 0.018229
v 0.180578 0.484222 0.023975
v 0.150290 0.544224 0.028707
v 0.108873 0.591254 0.031825
v -0.115912 0.706011 0.021596
v -0.118722 0.716872 0.011314
v 0.095947 0.725532 0.013141
v 0.099198 0.737649 0.011741
v -0.108532 0.745062 0.012783
v 0.122361 0.751793 0.014574
v -0.208712 0.756120 0.025827
v 0.115825 0.756260 0.012427
v -0.011812 0.951676 0.032319
v -0.125950 -0.888980 0.027087
v 0.259829 -0.891393 0.016457
v -0.220376 -0.859114 0.015866
v -0.208342 -0.850389 0.014887
v -0.125217 -0.849138 0.021559
v -0.194016 -0.817653 0.027633
v -0.164696 -0.753197 0.011651
v -0.141987 -0.678030 0.019529
v -0.142820 -0.632803 0.021618
v 0.017446 -0.208099 0.014391
v -0.220952 -0.170027 0.024075
v 0.246185 -0.065298 0.010226
v 0.315539 -0.053072 0.019485
v 0.327085 -0.018415 0.017331
v 0.229459 0.006330 0.022420
v 0.225372 0.010791 0.014435
v 0.312173 0.039817 0.027599
v -0.315881 0.071860 0.029218
v 0.301451 0.088254 0.014938
v -0.226857 0.086579 0.022456
v 0.333977 0.097547 0.010146
v 0.322156 0.115846 0.016203
v 0.306806 0.108033 0.007964
v 0.314119 0.096013 0.006001
v 0.299358 0.121353 0.010694
v 0.298173 0.114585 0.009965
v -0.250765 0.195224 0.025200
v -0.234728 0.195264 0.030288
v -0.296458 0.218796 0.018930
v 0.219755 0.358014 0.028314
v 0.146352 0.543795 0.035079
v -0.089473 0.608583 0.034346
v 0.091254 0.702221 0.020225
v -0.181733 0.770936 0.087582
v -0.123081 0.741922 0.016620
v -0.124281 0.736841 0.024430
v 0.101183 0.793538 0.011540
v -0.002250 0.945282 0.031123
v -0.033814 0.939675 0.025670
v 0.253730 -0.944132 0.061235
v 0.309472 -0.934839 0.040079
v -0.231845 -0.839022 0.023573
v -0.223140 -0.683819 0.045535
v -0.208116 -0.824010 0.019369
v -0.200068 -0.820306 0.020908
v -0.132598 -0.768003 0.042994
v -0.131951 -0.780651 0.058436
v -0.165661 -0.642809 0.030517
v 0.178879 -0.276525 0.043687
v 0.237341 -0.102124 0.027763
v -0.217592 -0.100102 0.030174
v -0.216483 -0.099014 0.025128
v 0.254656 -0.091531 0.023981
v 0.287030 -0.079866 0.022205
v 0.300463 -0.063575 0.020908
v 0.242038 -0.064292 0.017007
v 0.247469 -0.065566 0.022754
v 0.278206 -0.044295 0.023413
v 0.235830 0.003644 0.030050
v -0.195142 0.084625 0.031237
v 0.203770 0.051990 0.025999
v 0.210886 0.050841 0.031462
v -0.201527 0.081280 0.023761
v 0.297814 0.100239 0.019668
v -0.221791 0.136617 0.025554
v 0.203921 0.128343 0.038486
v 0.307312 0.128483 0.016782
v -0.206686 0.124172 0.030374
v -0.327233 0.130146 0.033323
v -0.307564 0.213565 0.018628
v 0.202903 0.230178 0.043393
v 0.208022 0.315632 0.038989
v 0.220870 0.409941 0.022970
v -0.100866 0.661897 0.026650
v -0.091625 0.654435 0.031594
v 0.118481 0.764477 0.022808
v -0.116480 0.778473 0.018803
v 0.175289 0.844863 0.070056
v 0.286019 -0.905166 0.047220
v -0.098132 -0.792305 0.034982
v -0.122381 -0.644140 0.027346
v -0.184374 -0.627913 0.026749
v -0.225335 -0.141988 0.020720
v -0.225197 -0.106443 0.048434
v 0.307315 -0.056538 0.023823
v 0.234368 -0.057181 0.033098
v 0.308149 0.029814 0.026771
v 0.208477 0.057830 0.018490
v -0.246752 0.073091 0.024933
v -0.197713 0.089061 0.030895
v 0.248580 0.102222 0.023407
v 0.259949 0.113929 0.022298
v 0.278695 0.110467 0.023817
v -0.213057 0.131754 0.024140
v 0.290450 0.142486 0.019789
v -0.218003 0.179909 0.021851
v 0.195035 0.184758 0.047912
v -0.214376 0.176074 0.030242
v -0.187976 0.266069 0.055380
v -0.208826 0.351029 0.016887
v 0.207048 0.448475 0.021405
v 0.197949 0.425196 0.029080
v 0.140328 0.522120 0.026883
v 0.145991 0.527504 0.026942
v -0.180848 0.547221 0.031054
v -0.147727 0.556050 0.031297
v 0.109312 0.555559 0.039931
v 0.111558 0.581078 0.037139
v -0.093350 0.584033 0.047762
v 0.084928 0.586818 0.051229
v -0.106503 0.667007 0.029228
v 0.098408 0.681840 0.035047
v -0.111321 0.713576 0.026046
v -0.108305 0.722271 0.033454
v -0.126046 0.751118 0.019110
v -0.196938 0.773699 0.050498
v 0.101830 0.798794 0.019809
v 0.046073 0.889500 0.060267
v -0.255252 -0.955160 0.045440
v -0.112810 -0.826047 0.018967
v -0.120883 -0.831416 0.035047
v -0.104364 -0.804449 0.034853
v -0.198820 -0.805964 0.026104
v -0.198530 -0.795862 0.029324
v -0.207003 -0.771471 0.032003
v -0.077399 -0.466842 0.027154
v -0.195744 -0.369176 0.074726
v 0.129057 -0.308058 0.041375
v 0.062761 -0.169219 0.067596
v 0.297275 -0.072004 0.039992
v 0.267265 -0.048103 0.036200
v 0.188345 0.076874 0.035713
v 0.285562 0.095411 0.022466
v 0.180570 0.088323 0.053628
v -0.217850 0.128327 0.028056
v -0.217835 0.140752 0.025644
v -0.288019 0.211236 0.026642
v -0.202894 0.354695 0.023148
v -0.205440 0.359681 0.020655
v -0.252296 0.405877 0.032376
v 0.184086 0.465556 0.025377
v 0.184245 0.456615 0.025135
v -0.092753 0.592826 0.039999
v 0.078846 0.637498 0.046395
v -0.108150 0.695338 0.023335
v 0.108607 0.713430 0.030998
v 0.114826 0.744481 0.027136
v 0.115829 0.736198 0.031273
v -0.122659 0.746163 0.026906
v -0.127259 0.753609 0.026647
v -0.118784 0.752570 0.018991
v -0.111979 0.751006 0.023566
v 0.115964 0.757421 0.043397
v -0.112490 0.794156 0.053221
v 0.078186 0.838787 0.061092
v 0.300942 -0.911347 0.036227
v -0.241240 -0.893543 0.033682
v -0.238790 -0.838907 0.034299
v -0.124441 -0.837213 0.038546
v -0.193748 -0.805788 0.030215
v -0.193838 -0.800870 0.030919
v -0.169493 -0.599184 0.023863
v -0.139073 -0.559074 0.033960
v -0.183665 -0.419871 0.082179
v 0.258157 -0.044395 0.043444
v 0.311837 -0.037653 0.027800
v 0.275662 -0.025349 0.030863
v 0.321793 -0.017971 0.031888
v 0.224230 -0.023190 0.039960
v 0.225916 -0.001115 0.032989
v 0.250279 -0.013311 0.047521
v -0.304875 0.069579 0.032304
v 0.199398 0.036219 0.043162
v -0.224421 0.087812 0.036695
v 0.301179 0.048943 0.039561
v 0.221184 0.066738 0.043010
v -0.213991 0.101812 0.037495
v 0.267356 0.103499 0.023856
v -0.182227 0.113487 0.058160
v -0.214748 0.125976 0.033813
v -0.217711 0.133122 0.033569
v -0.209920 0.133286 0.032986
v -0.269790 0.198045 0.041038
v -0.191169 0.325514 0.039976
v -0.250735 0.367806 0.046643
v -0.209605 0.369855 0.030112
v -0.201178 0.364265 0.023966
v -0.194350 0.363374 0.030458
v -0.222470 0.512316 0.038247
v 0.150929 0.534823 0.032490
v -0.208754 0.519118 0.039232
v 0.123478 0.543984 0.046482
v -0.104234 0.700413 0.022704
v -0.096546 0.699511 0.038025
v -0.104100 0.709744 0.027711
v -0.158357 0.757854 0.051688
v 0.106177 0.770627 0.040125
v 0.096394 0.832416 0.053998
v 0.188628 0.827212 0.037542
v -0.021939 0.947707 0.048222
v 0.267564 -0.943341 0.066623
v -0.130308 -0.885605 0.038456
v -0.135240 -0.875254 0.051241
v -0.128039 -0.817748 0.033811
v -0.191733 -0.810776 0.031886
v -0.186107 -0.811241 0.026719
v -0.185699 -0.798831 0.032678
v -0.176088 -0.811983 0.034418
v -0.196629 -0.785799 0.035729
v -0.189833 -0.804634 0.029887
v 0.113309 -0.268437 0.044884
v 0.166851 -0.256322 0.057120
v -0.016817 -0.265117 0.051620
v -0.028865 -0.261167 0.070861
v 0.020370 -0.183116 0.029596
v 0.037634 -0.160013 0.052162
v 0.273987 -0.076886 0.043668
v -0.213964 -0.087671 0.038062
v 0.241162 -0.058472 0.037328
v -0.350638 0.101817 0.041491
v -0.207604 0.125985 0.042807
v -0.346511 0.123764 0.049952
v -0.214991 0.126111 0.036740
v -0.214077 0.135783 0.031674
v -0.221907 0.147668 0.032643
v -0.217776 0.142787 0.031194
v -0.219735 0.160455 0.028842
v -0.214029 0.171164 0.033896
v -0.262631 0.197815 0.032697
v -0.239176 0.198935 0.044991
v 0.208284 0.212204 0.043583
v -0.179602 0.281126 0.047716
v 0.215099 0.347120 0.038962
v 0.190552 0.448869 0.039803
v -0.214776 0.465400 0.054668
v 0.133908 0.496366 0.042265
v 0.134764 0.521766 0.026154
v -0.094838 0.658427 0.040438
v 0.086287 0.673946 0.047159
v -0.099342 0.699873 0.041374
v 0.106788 0.745984 0.040224
v -0.112413 0.763309 0.036936
v -0.206531 0.778225 0.077213
v 0.101067 0.767816 0.051193
v 0.097438 0.805429 0.035015
v 0.267877 -0.904730 0.050897
v -0.186789 -0.818759 0.038765
v -0.191467 -0.806224 0.036786
v -0.191647 -0.795012 0.038023
v -0.156157 -0.769750 0.046981
v -0.194409 -0.759037 0.043348
v -0.212461 -0.624386 0.050561
v 0.078193 -0.200663 0.052623
v -0.213623 -0.133506 0.051115
v -0.211810 -0.070812 0.047780
v 0.235070 -0.056705 0.030678
v 0.230887 -0.063991 0.040108
v 0.319376 -0.014031 0.046864
v 0.224152 -0.005023 0.037191
v 0.319853 -0.003873 0.047204
v -0.213733 0.000310 0.044176
v 0.293107 0.044930 0.040837
v 0.204433 0.041806 0.035453
v 0.176729 0.064652 0.050972
v -0.331943 0.084771 0.055145
v -0.276270 0.081403 0.049746
v -0.224149 0.093373 0.053666
v 0.285252 0.058174 0.049009
v -0.352687 0.115918 0.064766
v -0.209143 0.126898 0.039860
v -0.327683 0.133559 0.050205
v -0.212163 0.133938 0.037307
v -0.218023 0.146166 0.042164
v -0.213164 0.150318 0.039933
v -0.218488 0.168759 0.034725
v -0.225614 0.185937 0.048070
v -0.298861 0.192904 0.059108
v -0.288219 0.205596 0.035904
v -0.178539 0.252727 0.075626
v -0.238970 0.352502 0.042544
v -0.197513 0.349044 0.051953
v -0.226683 0.392644 0.048501
v -0.195652 0.368325 0.036415
v -0.198682 0.367232 0.035791
v -0.191028 0.367826 0.032514
v -0.203691 0.370949 0.036853
v -0.251133 0.405593 0.052615
v 0.196001 0.410118 0.045498
v 0.193433 0.417787 0.041589
v -0.240742 0.432873 0.043837
v 0.152362 0.480251 0.051748
v 0.160994 0.452981 0.065768
v -0.200447 0.483470 0.084183
v 0.146474 0.535349 0.037755
v -0.152240 0.536792 0.046698
v -0.149390 0.539970 0.059696
v -0.098100 0.609831 0.043156
v -0.101249 0.640834 0.042607
v 0.098460 0.682559 0.047824
v -0.109754 0.718226 0.039240
v -0.111503 0.732784 0.045800
v -0.110518 0.752298 0.036398
v 0.115579 0.762949 0.043099
v -0.100197 0.855016 0.059962
v -0.009498 0.918392 0.075496
v -0.052424 0.936433 0.055110
v -0.041588 0.936236 0.071827
v 0.300942 -0.943989 0.054543
v 0.299785 -0.931467 0.054629
v 0.260566 -0.908722 0.053640
v -0.238558 -0.902766 0.045035
v -0.241049 -0.878178 0.044143
v -0.235713 -0.818500 0.051798
v -0.237246 -0.774962 0.049724
v -0.192200 -0.651821 0.048300
v -0.045455 -0.367935 0.055315
v -0.212472 -0.221723 0.047190
v 0.006456 -0.180316 0.043186
v 0.019191 -0.160986 0.051116
v 0.230773 -0.096464 0.039217
v 0.235835 -0.095158 0.042185
v -0.210798 -0.075057 0.048562
v 0.303408 -0.061621 0.043287
v 0.227140 -0.061253 0.046144
v 0.237534 -0.060932 0.046568
v 0.217594 -0.046491 0.051693
v 0.260896 -0.016808 0.042720
v 0.288597 0.043097 0.046356
v 0.218449 0.058770 0.042640
v -0.253790 0.079446 0.046015
v -0.235990 0.083631 0.046322
v -0.188072 0.100224 0.051318
v 0.186805 0.135881 0.046955
v -0.200112 0.336749 0.044101
v -0.199044 0.370056 0.048293
v -0.193837 0.372095 0.048416
v -0.211199 0.383198 0.043932
v 0.199978 0.382147 0.053035
v 0.140596 0.500256 0.037685
v 0.118496 0.530382 0.037182
v -0.106341 0.621182 0.060661
v -0.096557 0.689443 0.050780
v 0.102217 0.725392 0.034468
v 0.094510 0.715755 0.048119
v -0.209560 0.768080 0.056981
v 0.181954 0.840697 0.064128
v -0.055449 0.909471 0.092260
v -0.133109 -0.955246 0.083993
v -0.144309 -0.847524 0.044442
v -0.181026 -0.838216 0.039464
v -0.176286 -0.844681 0.043504
v -0.170813 -0.837564 0.045281
v -0.187173 -0.826602 0.042750
v -0.191571 -0.843799 0.043979
v -0.172601 -0.823992 0.049784
v -0.123890 -0.789656 0.056441
v -0.191184 -0.822128 0.048060
v -0.158183 -0.518939 0.048506
v -0.123953 -0.494864 0.048252
v 0.105242 -0.240452 0.054727
v 0.231176 -0.092701 0.043838
v 0.245279 -0.049609 0.055720
v 0.243721 -0.005448 0.053515
v -0.291333 0.087678 0.056702
v 0.240437 0.070294 0.052812
v 0.266918 0.064512 0.055179
v -0.202815 0.131081 0.054786
v -0.213660 0.138194 0.044697
v -0.208998 0.146147 0.050446
v -0.211872 0.143282 0.039810
v -0.231584 0.166730 0.063703
v -0.166850 0.227679 0.071671
v -0.187516 0.370809 0.051645
v 0.199643 0.409666 0.053288
v 0.145570 0.488469 0.044763
v 0.101575 0.513047 0.063713
v -0.178216 0.481652 0.082283
v 0.113490 0.548114 0.051519
v -0.090356 0.593841 0.045620
v 0.098055 0.578864 0.054106
v -0.100282 0.602171 0.050283
v -0.099083 0.652454 0.056552
v -0.094542 0.660613 0.049114
v -0.109515 0.797806 0.069282
v -0.107074 0.802824 0.068124
v -0.016556 0.944143 0.055247
v 0.257431 -0.931640 0.063364
v -0.232727 -0.895568 0.055896
v -0.146867 -0.871443 0.062580
v -0.182042 -0.853476 0.050068
v -0.143446 -0.833200 0.051546
v -0.172307 -0.831108 0.050536
v -0.147510 -0.815470 0.042058
v -0.147294 -0.824272 0.050180
v -0.152640 -0.779481 0.058032
v -0.185632 -0.667350 0.054914
v 0.197894 -0.205293 0.058909
v 0.242910 -0.085837 0.051205
v 0.258502 -0.084595 0.051523
v 0.289795 -0.066128 0.050768
v 0.221927 -0.056847 0.049161
v 0.223433 -0.059961 0.052851
v 0.230462 -0.001309 0.055354
v 0.238681 0.003077 0.063172
v 0.277396 0.051787 0.050380
v -0.323690 0.141720 0.061226
v -0.205342 0.146261 0.058144
v -0.288249 0.196308 0.062624
v -0.257914 0.201871 0.059880
v 0.188012 0.218574 0.073362
v 0.200001 0.335362 0.061530
v 0.103847 0.535614 0.052425
v 0.103222 0.529598 0.051180
v -0.153643 0.512660 0.067722
v 0.110844 0.546427 0.056151
v -0.090504 0.572711 0.063269
v 0.080985 0.587900 0.057594
v 0.091808 0.652594 0.054616
v -0.204349 0.774159 0.083499
v 0.094945 0.787599 0.067681
v 0.096643 0.836990 0.070012
v -0.083288 0.877889 0.083774
v -0.202840 -0.858963 0.057979
v -0.190010 -0.852797 0.052437
v -0.165336 -0.842647 0.050443
v -0.154341 -0.836333 0.051158
v -0.141631 -0.785555 0.060960
v -0.142661 -0.773948 0.057806
v -0.234786 -0.727249 0.064317
v -0.206649 -0.501369 0.084628
v -0.197319 -0.412403 0.070531
v 0.229974 -0.095139 0.059952
v -0.219112 -0.078686 0.071836
v 0.237018 -0.044176 0.066601
v 0.306764 0.010731 0.064030
v 0.232722 0.058681 0.052562
v -0.238913 0.067536 0.060209
v -0.210320 0.141142 0.057310
v -0.232502 0.189391 0.059352
v -0.204932 0.369662 0.056893
v -0.210337 0.375878 0.069090
v -0.225346 0.398008 0.054598
v -0.215468 0.391548 0.051581
v -0.244712 0.410445 0.066696
v -0.227218 0.444340 0.054749
v 0.148329 0.460379 0.055839
v -0.089740 0.585639 0.053053
v 0.097604 0.632959 0.065797
v 0.092339 0.606834 0.058594
v -0.100126 0.640466 0.072199
v 0.090145 0.680418 0.064641
v 0.094246 0.709423 0.059492
v 0.100954 0.741580 0.055584
v -0.108760 0.771387 0.051116
v 0.143447 0.823156 0.071695
v -0.100581 0.834493 0.071924
v 0.026956 0.896731 0.084037
v 0.275064 -0.911987 0.058430
v -0.172698 -0.859975 0.066198
v -0.191926 -0.584899 0.063878
v -0.088575 -0.419202 0.074308
v -0.197539 -0.313465 0.066923
v -0.202488 -0.253652 0.062997
v 0.137118 -0.249017 0.055878
v -0.186321 -0.185963 0.085559
v -0.017174 -0.188254 0.083102
v 0.015366 -0.144210 0.064670
v 0.205625 -0.094136 0.066908
v 0.216684 -0.092380 0.066637
v 0.281188 -0.067575 0.063206
v 0.215608 -0.055701 0.054671
v 0.218967 -0.059950 0.055354
v -0.206577 -0.055236 0.069122
v 0.300824 -0.025538 0.054935
v 0.310183 -0.002735 0.059904
v 0.194649 0.030368 0.051362
v -0.276042 0.064534 0.066933
v -0.303485 0.094858 0.064715
v -0.346283 0.098491 0.059968
v -0.338629 0.140033 0.077942
v -0.205101 0.145199 0.061799
v 0.189400 0.251781 0.064987
v -0.187849 0.343542 0.079195
v 0.203808 0.374473 0.062676
v -0.239398 0.392069 0.057372
v 0.099664 0.518126 0.064850
v -0.122848 0.540143 0.070344
v -0.092621 0.563535 0.072412
v -0.089781 0.581258 0.056903
v 0.085822 0.591859 0.060394
v -0.089620 0.671791 0.064580
v 0.089757 0.814132 0.059066
v 0.054332 0.867830 0.080069
v -0.223344 -0.886366 0.062918
v -0.193508 -0.868000 0.062199
v -0.193306 -0.762408 0.067155
v -0.183407 -0.608188 0.066700
v -0.220148 -0.505103 0.085136
v -0.022279 -0.201268 0.074098
v -0.183550 -0.110613 0.102948
v 0.014577 -0.152859 0.060367
v -0.219103 -0.075683 0.069181
v 0.254620 -0.075256 0.062708
v 0.284220 -0.061169 0.066588
v 0.215046 -0.061465 0.057862
v 0.213278 -0.048640 0.060425
v -0.199885 -0.023205 0.079014
v 0.224195 -0.026561 0.067403
v -0.186500 0.051312 0.078888
v 0.205512 0.023094 0.071522
v 0.266983 0.060179 0.054482
v -0.297857 0.074752 0.078337
v -0.214074 0.089767 0.073573
v -0.298673 0.090623 0.064810
v -0.175864 0.079956 0.074936
v -0.167147 0.095933 0.082847
v -0.215213 0.116220 0.069405
v 0.176234 0.150399 0.073618
v -0.187380 0.174781 0.074596
v 0.187482 0.200423 0.076710
v -0.185076 0.381056 0.079536
v 0.112141 0.544191 0.075188
v 0.080253 0.585981 0.060450
v -0.104018 0.609610 0.066055
v -0.095245 0.659801 0.065708
v -0.091002 0.700706 0.067547
v -0.127407 0.772233 0.075123
v 0.094321 0.764192 0.075367
v 0.069746 0.858679 0.060783
v 0.289866 -0.940598 0.063258
v 0.264318 -0.940717 0.067601
v -0.252134 -0.926708 0.116662
v 0.267867 -0.931270 0.067341
v -0.245806 -0.912192 0.124656
v -0.209706 -0.875494 0.061032
v -0.176830 -0.868550 0.068627
v -0.223702 -0.817903 0.065479
v -0.228037 -0.635630 0.072723
v -0.231138 -0.544139 0.089928
v -0.168731 -0.435250 0.084870
v -0.061475 -0.387607 0.066694
v 0.121023 -0.200935 0.073736
v -0.029414 -0.234093 0.085989
v 0.104886 -0.172427 0.073797
v 0.085327 -0.164192 0.079704
v 0.194354 -0.177547 0.064202
v 0.211127 -0.092749 0.063479
v 0.242312 -0.079675 0.078423
v 0.218435 -0.064417 0.067567
v -0.202281 -0.043458 0.072614
v 0.243478 -0.003748 0.074801
v 0.231020 0.014450 0.064622
v -0.202377 -0.003600 0.075169
v 0.280900 0.015423 0.086463
v 0.266981 0.029104 0.081366
v -0.254021 0.060803 0.069097
v -0.231874 0.068781 0.065947
v 0.162005 0.104037 0.076389
v -0.207163 0.140313 0.067005
v -0.313920 0.152754 0.073088
v -0.175385 0.261281 0.078849
v 0.204898 0.338925 0.069115
v -0.232130 0.408334 0.075391
v -0.198473 0.436692 0.090793
v 0.096778 0.502353 0.075685
v 0.079802 0.568157 0.074859
v -0.104100 0.594652 0.070089
v 0.092612 0.609764 0.072520
v 0.092882 0.644981 0.072902
v 0.096392 0.657094 0.069644
v -0.101779 0.745082 0.071211
v -0.104145 0.774430 0.064229
v -0.110379 0.775756 0.064336
v 0.091995 0.819777 0.073711
v 0.085835 0.817853 0.070711
v 0.164212 0.852691 0.093969
v 0.066532 0.844599 0.088124
v -0.254822 -0.954740 0.111930
v -0.135369 -0.938592 0.083670
v -0.230216 -0.738895 0.074293
v -0.149916 -0.435058 0.088734
v 0.057110 -0.144023 0.071414
v 0.182029 -0.141795 0.079071
v 0.207990 -0.082517 0.066708
v 0.213578 -0.046633 0.071358
v 0.217314 -0.037881 0.074990
v 0.298217 -0.002433 0.076475
v 0.176354 0.004196 0.078195
v 0.215439 0.023487 0.073273
v 0.240794 0.038825 0.067312
v -0.276945 0.061497 0.078169
v 0.166816 0.068328 0.071809
v 0.163306 0.049030 0.074868
v -0.303955 0.094897 0.068551
v -0.345952 0.113973 0.084392
v 0.170554 0.130321 0.076327
v -0.239044 0.170071 0.075384
v -0.291306 0.178100 0.072276
v -0.243553 0.186664 0.074341
v -0.275434 0.192534 0.071187
v 0.197307 0.256012 0.077158
v -0.164620 0.332957 0.099013
v -0.216492 0.403286 0.099093
v -0.223711 0.403684 0.072456
v 0.181762 0.405203 0.079143
v -0.203359 0.432782 0.086784
v 0.156142 0.436496 0.067637
v -0.154624 0.511522 0.087319
v -0.120490 0.555429 0.075001
v 0.093821 0.526233 0.095146
v -0.100713 0.623811 0.079789
v 0.086478 0.736817 0.087221
v -0.198832 0.788783 0.097684
v -0.102827 0.806108 0.079936
v -0.096376 0.835163 0.091351
v 0.174436 0.841059 0.087203
v -0.034386 0.934461 0.079000
v -0.206976 -0.774106 0.076815
v -0.182137 -0.603587 0.083961
v -0.076787 -0.371978 0.087986
v -0.041678 -0.300579 0.078306
v -0.008953 -0.140307 0.082296
v 0.021008 -0.134848 0.075351
v 0.043671 -0.131284 0.090468
v -0.191220 -0.086173 0.098029
v 0.268994 -0.053812 0.076235
v 0.198595 -0.049321 0.074051
v 0.234755 -0.043996 0.080307
v 0.301442 0.007272 0.074097
v 0.193018 0.007559 0.064442
v 0.191166 -0.011590 0.069197
v 0.173693 0.027725 0.078882
v 0.232342 0.028081 0.066959
v -0.311846 0.099154 0.072269
v -0.346416 0.130882 0.087962
v -0.217294 0.139955 0.083255
v -0.216754 0.154347 0.083360
v 0.193387 0.232120 0.078945
v -0.133668 0.266567 0.112262
v -0.205419 0.383279 0.106725
v 0.185325 0.382159 0.087655
v 0.094515 0.499903 0.084423
v -0.112306 0.541023 0.074582
v -0.108552 0.537345 0.067713
v -0.102934 0.538637 0.065487
v -0.094131 0.543465 0.067033
v -0.076075 0.542337 0.074008
v -0.087619 0.570407 0.073721
v 0.090914 0.559031 0.086438
v 0.078514 0.576893 0.073072
v 0.095359 0.595587 0.081161
v -0.108776 0.609174 0.080773
v 0.097592 0.632672 0.076047
v 0.092835 0.655652 0.084671
v 0.079481 0.689080 0.099364
v -0.099959 0.778321 0.076224
v 0.049896 0.865855 0.099036
v -0.185442 -0.879445 0.083109
v -0.186870 -0.524353 0.104354
v -0.197118 -0.459317 0.102910
v -0.119660 -0.442714 0.078753
v 0.155934 -0.157624 0.084868
v 0.225305 -0.077470 0.079219
v 0.238511 -0.047517 0.090273
v 0.260930 -0.060621 0.083377
v 0.170219 -0.062921 0.094614
v 0.277893 -0.021652 0.073438
v 0.260662 0.012359 0.090279
v 0.290482 0.001299 0.077180
v 0.167424 0.064238 0.080057
v -0.257864 0.061796 0.076504
v -0.231427 0.071089 0.078222
v -0.151598 0.108485 0.094704
v -0.208743 0.116007 0.085003
v -0.171749 0.129619 0.090593
v 0.182645 0.149050 0.082656
v 0.183282 0.140899 0.082885
v 0.185025 0.159007 0.082189
v -0.178672 0.151867 0.089508
v -0.280691 0.191782 0.091576
v -0.266898 0.192912 0.086029
v -0.178963 0.380707 0.087319
v -0.235305 0.417612 0.078533
v -0.223885 0.420210 0.087583
v 0.164280 0.412749 0.077446
v 0.160377 0.429058 0.071426
v 0.111029 0.514832 0.095876
v -0.089903 0.552370 0.081445
v -0.076286 0.547449 0.079489
v -0.092295 0.556703 0.081461
v -0.086249 0.565069 0.077088
v 0.077241 0.575450 0.080154
v 0.095418 0.610006 0.088352
v -0.097991 0.647588 0.091978
v -0.086699 0.689836 0.088535
v -0.095204 0.760574 0.084278
v -0.105096 0.803376 0.093423
v 0.082918 0.823253 0.092174
v 0.088867 0.843147 0.101507
v -0.141884 -0.926081 0.103024
v -0.231479 -0.898513 0.136402
v -0.216917 -0.893376 0.143939
v -0.167167 -0.884821 0.091027
v -0.226562 -0.615332 0.083682
v -0.168149 -0.376823 0.099399
v -0.025300 -0.182005 0.094884
v 0.191529 -0.043393 0.076438
v 0.203741 -0.045167 0.078290
v 0.264437 -0.049990 0.088521
v -0.200076 -0.028350 0.086093
v 0.273446 -0.010435 0.085908
v 0.207951 -0.003687 0.078119
v 0.207399 -0.034760 0.081356
v 0.177791 -0.043341 0.088423
v 0.277822 0.009112 0.090312
v -0.242223 0.059105 0.086446
v -0.227646 0.064479 0.086761
v -0.215175 0.089897 0.080950
v -0.304136 0.073773 0.100472
v 0.165104 0.068728 0.087708
v -0.331185 0.112676 0.102748
v -0.324604 0.103958 0.087826
v 0.164050 0.105112 0.084313
v 0.170497 0.120894 0.095825
v 0.169014 0.130553 0.085131
v -0.302905 0.178117 0.099687
v -0.156738 0.484618 0.087011
v -0.117232 0.549556 0.080037
v -0.085061 0.555876 0.088072
v -0.091531 0.566790 0.084145
v -0.099747 0.582937 0.089146
v -0.103530 0.599122 0.084438
v 0.093259 0.590850 0.097518
v 0.098246 0.617897 0.085770
v 0.093011 0.636969 0.084408
v -0.082906 0.664464 0.092964
v -0.092311 0.786794 0.098549
v -0.102093 0.783830 0.084544
v -0.103726 0.803078 0.084527
v 0.064293 0.843167 0.104772
v -0.041406 0.922825 0.094813
v -0.144320 -0.955353 0.108890
v -0.183373 -0.388739 0.088260
v -0.067963 -0.273279 0.109382
v -0.049836 -0.261087 0.101181
v 0.147601 -0.137594 0.089694
v 0.108915 -0.141187 0.094648
v 0.019704 -0.127844 0.094803
v 0.085184 -0.108920 0.089401
v -0.195549 -0.016649 0.089231
v -0.277921 0.055143 0.085567
v -0.298859 0.066439 0.092909
v -0.270614 0.059052 0.089070
v -0.171304 0.058713 0.093817
v -0.210597 0.085303 0.090755
v -0.215696 0.074323 0.090422
v -0.160130 0.079762 0.094841
v -0.211115 0.100119 0.090290
v 0.173594 0.134387 0.095609
v 0.184346 0.140280 0.088328
v -0.224372 0.161228 0.087814
v -0.255138 0.177815 0.082656
v 0.179014 0.318696 0.101645
v -0.208633 0.380838 0.099489
v 0.163547 0.407974 0.084707
v 0.172627 0.411696 0.082964
v -0.194951 0.464348 0.102160
v -0.190182 0.472417 0.098156
v -0.158229 0.457823 0.120074
v -0.112594 0.472557 0.109976
v -0.067612 0.521284 0.090413
v -0.070971 0.536199 0.083575
v 0.109878 0.517156 0.098173
v 0.074141 0.557977 0.088050
v 0.072642 0.564785 0.083212
v -0.103930 0.608638 0.092243
v 0.096123 0.648725 0.089061
v 0.082343 0.720920 0.111742
v -0.095189 0.810417 0.095575
v 0.078884 0.823189 0.091108
v 0.107771 0.829034 0.115959
v -0.087568 0.841327 0.096079
v -0.071298 0.889683 0.095470
v -0.158136 -0.908154 0.123114
v -0.195560 -0.650762 0.089434
v -0.232044 -0.531584 0.107747
v -0.111683 -0.408222 0.093527
v -0.055660 -0.140746 0.113542
v 0.248057 -0.053668 0.094517
v -0.206832 -0.046676 0.096811
v -0.204090 -0.027826 0.099483
v 0.245119 -0.047263 0.094716
v 0.260456 -0.003031 0.089273
v -0.188928 0.012089 0.090293
v -0.313619 0.097876 0.096934
v -0.219747 0.143242 0.087378
v 0.180577 0.147488 0.090161
v 0.185330 0.155817 0.087523
v -0.158789 0.244021 0.105961
v 0.172850 0.408584 0.094724
v 0.118375 0.427051 0.108107
v 0.090542 0.496693 0.091539
v -0.060981 0.514131 0.099513
v 0.070766 0.566204 0.089153
v 0.098810 0.621404 0.092325
v 0.090047 0.659859 0.098391
v 0.002322 0.900967 0.106451
v -0.209336 -0.662925 0.089459
v -0.219377 -0.614896 0.094067
v -0.217965 -0.297899 0.116653
v 0.008069 -0.131614 0.099393
v 0.254729 -0.046933 0.095550
v 0.160252 0.011714 0.097720
v 0.274466 0.015467 0.090339
v 0.147479 0.048647 0.089543
v -0.267300 0.048334 0.109535
v -0.154938 0.066256 0.102315
v -0.209397 0.107938 0.093906
v -0.211645 0.127355 0.095862
v -0.338995 0.138339 0.099174
v -0.227078 0.150701 0.094785
v -0.274824 0.175531 0.093434
v 0.157995 0.415180 0.107114
v 0.105883 0.508667 0.098987
v -0.080318 0.542777 0.113539
v 0.081540 0.580381 0.096487
v 0.090173 0.640693 0.107442
v -0.091796 0.716979 0.100354
v -0.173612 0.801859 0.125719
v 0.047621 0.845109 0.115591
v -0.196351 -0.500000 0.126071
v -0.239378 -0.420901 0.110614
v -0.157142 -0.396145 0.101110
v 0.067869 -0.097481 0.106252
v 0.150786 -0.043141 0.097049
v -0.182929 0.015329 0.096291
v 0.147552 0.061813 0.093916
v 0.143442 0.053326 0.089428
v -0.294778 0.069493 0.103812
v -0.143388 0.091491 0.105305
v 0.154157 0.105246 0.098633
v -0.319444 0.110455 0.106408
v -0.338036 0.128009 0.105117
v -0.217068 0.134155 0.103920
v -0.243093 0.168710 0.099458
v -0.265613 0.168968 0.111115
v -0.282301 0.172206 0.098244
v -0.296512 0.181429 0.100724
v 0.173947 0.271280 0.105481
v -0.167433 0.354518 0.114677
v 0.138566 0.417100 0.100940
v 0.063574 0.479390 0.106566
v -0.068818 0.512481 0.093884
v 0.098061 0.516453 0.104365
v 0.075103 0.545061 0.099493
v -0.096940 0.590936 0.100099
v -0.102273 0.594569 0.112412
v -0.101757 0.620535 0.103600
v 0.080293 0.663747 0.102578
v -0.142294 0.787448 0.139683
v -0.134640 0.785039 0.127797
v -0.199719 0.786840 0.111684
v 0.164505 0.853233 0.114740
v 0.162835 0.856230 0.109177
v 0.042477 0.868790 0.099445
v -0.023620 0.909364 0.110445
v -0.252802 -0.935127 0.152191
v -0.147194 -0.937994 0.111032
v -0.202320 -0.895450 0.155254
v -0.231640 -0.321855 0.116816
v -0.138097 -0.380228 0.107016
v -0.090799 -0.356280 0.101382
v -0.156285 -0.201959 0.106420
v -0.053191 -0.221024 0.101951
v -0.171900 -0.161517 0.101298
v 0.020580 -0.119712 0.101505
v 0.032259 -0.121921 0.102354
v 0.151289 -0.094524 0.101011
v 0.107790 -0.092797 0.105761
v 0.137605 -0.045115 0.105811
v 0.151767 -0.006718 0.106012
v -0.170689 0.043172 0.099288
v 0.106500 0.046433 0.113616
v 0.131014 0.048403 0.097442
v 0.151308 0.084625 0.099982
v 0.146700 0.077231 0.098893
v -0.136280 0.128965 0.118881
v 0.161832 0.134251 0.105970
v 0.155005 0.162986 0.121683
v 0.154761 0.170038 0.115743
v -0.136545 0.296102 0.116484
v 0.177899 0.367053 0.093582
v 0.166476 0.379461 0.114246
v -0.182959 0.395008 0.106888
v -0.161124 0.447961 0.109456
v -0.157747 0.461127 0.102954
v -0.155849 0.488117 0.106221
v -0.061272 0.500476 0.102809
v -0.064396 0.508587 0.097905
v -0.064116 0.517624 0.094581
v 0.089644 0.532096 0.107159
v 0.076325 0.566925 0.102160
v 0.089457 0.648990 0.110088
v -0.076083 0.647441 0.110841
v 0.078094 0.764081 0.107173
v -0.080749 0.818186 0.115038
v -0.056497 -0.205158 0.111621
v 0.135862 -0.117900 0.101952
v 0.119872 -0.097916 0.101005
v 0.093038 -0.077110 0.120408
v -0.191534 0.000098 0.110444
v 0.147583 0.095824 0.100029
v -0.194224 0.099956 0.140890
v 0.134045 0.099223 0.101753
v 0.139072 0.105032 0.098478
v 0.114518 0.096228 0.117596
v 0.162690 0.120870 0.105707
v -0.134350 0.211999 0.116199
v -0.142633 0.316090 0.120889
v -0.154036 0.351911 0.130747
v 0.175183 0.314861 0.102179
v -0.207855 0.388327 0.110599
v -0.171673 0.392334 0.105993
v 0.096905 0.429446 0.118213
v 0.056549 0.470207 0.110163
v 0.089830 0.508611 0.111768
v -0.119881 0.468108 0.125353
v -0.057753 0.505641 0.101956
v 0.040320 0.534592 0.100444
v 0.045353 0.517899 0.101661
v 0.048314 0.535825 0.097547
v 0.055697 0.533755 0.101656
v -0.088198 0.563294 0.113396
v -0.091893 0.566712 0.107979
v 0.084639 0.587903 0.112176
v 0.095460 0.597941 0.115903
v 0.093687 0.608836 0.108489
v -0.091613 0.635494 0.107504
v -0.087779 0.744235 0.106672
v -0.088396 0.757048 0.107258
v -0.093587 0.791503 0.112160
v -0.087757 0.789567 0.110254
v -0.196403 0.793363 0.113134
v -0.133887 0.807800 0.137389
v -0.085313 0.842511 0.107048
v -0.052678 0.905674 0.106585
v -0.242219 -0.341464 0.125998
v 0.004112 -0.124802 0.107118
v 0.051117 -0.104520 0.105887
v -0.177657 -0.079024 0.107656
v -0.181553 -0.038171 0.113997
v -0.171087 0.046663 0.111838
v 0.118970 0.019490 0.116845
v -0.275749 0.056438 0.155611
v 0.104138 0.053721 0.126611
v -0.208133 0.063181 0.137756
v -0.156483 0.062198 0.108274
v -0.198408 0.077763 0.133480
v -0.127687 0.075079 0.117118
v 0.118339 0.087232 0.123091
v 0.126542 0.094025 0.111948
v -0.315536 0.117070 0.110892
v 0.143582 0.129063 0.109843
v -0.331184 0.120877 0.109769
v -0.319853 0.150413 0.110994
v -0.289717 0.167449 0.101809
v -0.302546 0.163049 0.105649
v -0.295424 0.157628 0.108695
v -0.247578 0.159587 0.110263
v -0.135042 0.183296 0.119428
v -0.138121 0.249863 0.120367
v 0.166114 0.286715 0.105440
v -0.199571 0.398859 0.120516
v -0.183860 0.437003 0.125640
v -0.053149 0.502358 0.106367
v 0.033825 0.489912 0.109670
v 0.034353 0.541533 0.108431
v 0.021018 0.534515 0.107049
v 0.057759 0.539727 0.106360
v 0.063083 0.546832 0.107850
v 0.063519 0.543060 0.102482
v 0.090401 0.516160 0.125275
v -0.095805 0.620769 0.111618
v -0.082856 0.772841 0.130416
v -0.194050 0.783666 0.115263
v -0.068621 0.850463 0.115006
v 0.035031 0.867790 0.114770
v 0.023951 0.868346 0.117387
v -0.133452 -0.277573 0.115711
v -0.106789 -0.297181 0.115810
v -0.199796 -0.301523 0.126788
v -0.075246 -0.209816 0.117440
v 0.029397 -0.112385 0.113535
v 0.042947 -0.108109 0.111587
v -0.174533 -0.074933 0.122860
v -0.176865 -0.058372 0.108679
v 0.135216 -0.012092 0.116622
v -0.263794 0.044868 0.139483
v -0.257261 0.052124 0.125872
v -0.136730 0.062742 0.113558
v -0.306891 0.094169 0.114620
v -0.123012 0.104323 0.114592
v -0.202346 0.126506 0.159332
v -0.223393 0.141011 0.113020
v 0.151302 0.150954 0.122469
v -0.308266 0.142999 0.109120
v -0.298653 0.146039 0.118563
v -0.138619 0.141611 0.124434
v 0.158111 0.211622 0.113391
v 0.164278 0.247280 0.107649
v 0.154318 0.239469 0.107222
v 0.162874 0.259545 0.106686
v 0.149882 0.287415 0.123326
v 0.158324 0.375999 0.113534
v 0.053842 0.471685 0.115188
v -0.048767 0.498750 0.109992
v 0.013127 0.488619 0.114504
v -0.012445 0.524535 0.112548
v -0.071907 0.530767 0.128189
v 0.025398 0.537177 0.113871
v 0.012883 0.536371 0.109858
v 0.017036 0.539104 0.112296
v 0.065528 0.549653 0.120115
v 0.080452 0.571082 0.119778
v -0.095051 0.608280 0.115091
v 0.089782 0.616448 0.128024
v -0.092486 0.630878 0.114723
v -0.084335 0.638823 0.110415
v 0.069043 0.777252 0.130554
v 0.083458 0.837746 0.183462
v -0.117242 -0.169618 0.121811
v -0.071688 -0.178166 0.114513
v -0.153588 -0.125697 0.117362
v -0.047080 -0.125607 0.118724
v -0.003147 -0.105627 0.110452
v 0.054931 -0.085382 0.122188
v 0.111430 -0.058147 0.124959
v 0.125872 -0.042019 0.121776
v -0.172045 -0.041881 0.113379
v 0.117934 -0.003083 0.117111
v 0.082137 0.037480 0.121268
v -0.226873 0.052640 0.133064
v -0.156854 0.054720 0.113257
v -0.148256 0.039920 0.129610
v -0.138294 0.054307 0.121212
v 0.105758 0.068768 0.130951
v -0.295872 0.078552 0.136162
v -0.124388 0.075239 0.123621
v -0.324793 0.124670 0.113147
v -0.312859 0.135392 0.110750
v -0.283773 0.160743 0.118178
v 0.142977 0.252846 0.123450
v -0.165174 0.404830 0.117700
v 0.108481 0.433438 0.124120
v 0.050333 0.462342 0.113660
v 0.025428 0.476184 0.113387
v -0.017853 0.498534 0.113745
v -0.035835 0.507586 0.111033
v -0.059836 0.512350 0.127458
v 0.038032 0.472656 0.137614
v 0.082332 0.503673 0.130273
v 0.021591 0.527935 0.133131
v -0.007179 0.555780 0.121989
v -0.011815 0.539589 0.113153
v 0.006512 0.549637 0.118988
v 0.043665 0.538800 0.124457
v 0.062889 0.544785 0.128253
v -0.091229 0.558820 0.125135
v -0.088982 0.580941 0.131895
v -0.091770 0.612545 0.127423
v -0.079348 0.642297 0.117151
v -0.067923 0.663521 0.127192
v 0.059475 0.672172 0.130259
v 0.070520 0.701754 0.130884
v -0.081355 0.720239 0.126354
v -0.079246 0.697683 0.126717
v 0.077687 0.728189 0.122972
v -0.073419 0.741040 0.126481
v 0.028233 0.842455 0.135314
v 0.127627 0.865219 0.168296
v -0.037587 0.861062 0.130535
v -0.210167 -0.503390 0.131528
v -0.238109 -0.456013 0.127044
v -0.227307 -0.182334 0.124307
v -0.200142 -0.166468 0.125122
v -0.210348 -0.146860 0.123139
v -0.221170 -0.095418 0.131610
v 0.022143 -0.085048 0.121127
v -0.018933 -0.080795 0.127856
v -0.062663 -0.085353 0.124551
v 0.066531 -0.080920 0.117962
v 0.076193 -0.066232 0.118101
v -0.168552 -0.022958 0.116359
v -0.177030 -0.003180 0.119368
v -0.155155 0.035753 0.118289
v -0.161599 0.024364 0.116863
v 0.091503 0.043841 0.123933
v -0.238190 0.049779 0.136556
v -0.130839 0.063495 0.122997
v -0.119919 0.096589 0.126802
v -0.305373 0.127338 0.121839
v 0.148931 0.141658 0.123083
v 0.140706 0.144287 0.119047
v 0.154331 0.144650 0.123351
v -0.242958 0.150531 0.119804
v 0.147734 0.170453 0.114547
v -0.141455 0.236138 0.123055
v 0.156931 0.342845 0.121134
v 0.134529 0.299332 0.132986
v 0.155711 0.383745 0.121781
v -0.188692 0.407370 0.128082
v -0.154731 0.402970 0.122753
v -0.157720 0.408426 0.122398
v -0.159638 0.436398 0.120418
v -0.161096 0.423411 0.127617
v -0.155765 0.441445 0.130042
v -0.175032 0.432319 0.128949
v -0.111725 0.448381 0.125538
v 0.015652 0.473964 0.125713
v 0.022156 0.464938 0.121832
v -0.005813 0.485976 0.116991
v -0.001361 0.486929 0.119000
v -0.044519 0.512359 0.124570
v -0.040336 0.512244 0.117257
v -0.005375 0.511276 0.127055
v 0.007451 0.493535 0.126476
v 0.064364 0.496965 0.136448
v -0.019226 0.525621 0.123749
v -0.011803 0.549401 0.117958
v 0.087270 0.595303 0.122867
v -0.082017 0.632068 0.118513
v -0.080308 0.644003 0.124378
v -0.073996 0.761519 0.130305
v -0.079263 0.816760 0.124259
v -0.068688 0.849629 0.123482
v -0.251059 -0.947438 0.159572
v -0.106473 -0.169516 0.123489
v -0.235414 -0.102898 0.138169
v -0.103292 -0.070597 0.129171
v -0.158733 -0.085719 0.127159
v -0.144345 -0.077857 0.125415
v 0.044683 -0.085342 0.121213
v -0.163262 -0.007837 0.120889
v 0.078958 0.000448 0.132882
v -0.304008 0.108607 0.122323
v -0.133586 0.121165 0.127607
v 0.139489 0.151669 0.117553
v 0.145422 0.159604 0.119252
v -0.290400 0.129865 0.130629
v -0.275340 0.143335 0.130707
v -0.137304 0.163063 0.124755
v -0.136680 0.170954 0.134059
v 0.137236 0.211809 0.133620
v 0.127405 0.264347 0.132438
v -0.151228 0.347428 0.136939
v 0.142307 0.417219 0.117858
v 0.100617 0.405281 0.128457
v 0.044344 0.454061 0.118179
v 0.041931 0.441272 0.121232
v -0.119860 0.436905 0.142564
v 0.009225 0.465515 0.122540
v -0.039676 0.514803 0.125470
v -0.027094 0.512614 0.130203
v 0.032290 0.527109 0.137169
v 0.048396 0.543936 0.140697
v 0.003144 0.554902 0.128872
v -0.092010 0.562601 0.136056
v -0.093857 0.600857 0.122122
v 0.074508 0.646793 0.126732
v 0.067555 0.647872 0.131128
v -0.170717 0.807638 0.178615
v -0.190381 0.798900 0.139528
v -0.083328 0.788611 0.123210
v 0.054880 0.823295 0.130807
v -0.058014 0.825789 0.134568
v 0.049457 0.847926 0.173125
v 0.004746 0.865202 0.134962
v -0.175757 -0.951288 0.158609
v -0.155506 -0.952843 0.130713
v -0.163278 -0.925725 0.142521
v -0.231935 -0.459863 0.134544
v -0.243724 -0.353061 0.136143
v -0.193447 -0.150777 0.134564
v -0.114403 -0.122001 0.133185
v -0.207548 -0.103356 0.132101
v -0.168198 -0.062499 0.129549
v 0.030236 -0.081453 0.127100
v 0.040074 -0.073218 0.130369
v 0.026481 -0.057869 0.129239
v 0.070598 -0.033913 0.132955
v -0.156010 0.000506 0.135793
v 0.087970 0.045850 0.138491
v 0.100562 0.050346 0.134804
v 0.101295 0.083648 0.134398
v -0.140039 0.144619 0.138901
v -0.261205 0.149997 0.127127
v -0.245694 0.152182 0.129009
v -0.215986 0.137556 0.171604
v 0.127140 0.255977 0.127175
v 0.138375 0.358390 0.132452
v 0.138228 0.382897 0.125187
v 0.116382 0.403197 0.134436
v -0.160633 0.415681 0.126467
v -0.157175 0.415114 0.131919
v 0.105919 0.417729 0.132115
v 0.013964 0.432536 0.142262
v 0.019047 0.452154 0.126147
v 0.012573 0.452392 0.124870
v 0.016085 0.439769 0.138574
v -0.067363 0.528575 0.140846
v -0.015425 0.547092 0.133951
v -0.013337 0.539692 0.141802
v -0.002852 0.558664 0.128742
v 0.081663 0.590515 0.139933
v 0.089522 0.602282 0.127334
v -0.083509 0.614708 0.134314
v -0.072750 0.624393 0.134290
v -0.074399 0.637454 0.130711
v -0.069674 0.756646 0.138326
v 0.057567 0.768747 0.136704
v -0.085662 0.795640 0.122861
v -0.177343 0.806039 0.145363
v 0.105217 0.851621 0.133458
v 0.016068 0.843991 0.138179
v 0.004269 0.869319 0.123977
v -0.011362 0.865542 0.130522
v -0.238848 -0.380501 0.142808
v -0.132964 -0.070262 0.136954
v 0.056391 -0.061765 0.133127
v 0.031354 -0.038175 0.141700
v 0.065041 0.034871 0.129988
v 0.059467 0.029200 0.130865
v 0.079879 0.043981 0.130858
v -0.149653 0.016123 0.136166
v -0.102279 0.056301 0.125653
v -0.254113 0.052499 0.148026
v -0.111638 0.064496 0.133053
v -0.102476 0.065334 0.127753
v -0.073635 0.049150 0.131402
v 0.098455 0.091687 0.130184
v -0.291082 0.073786 0.167801
v -0.125808 0.132428 0.134658
v -0.140383 0.163086 0.136239
v -0.145079 0.275614 0.139212
v 0.100406 0.291734 0.143147
v 0.123437 0.391030 0.130071
v -0.174887 0.419146 0.132576
v 0.049372 0.381631 0.144849
v 0.014194 0.441726 0.130597
v -0.015309 0.437177 0.134873
v -0.049968 0.511937 0.133092
v -0.022202 0.510709 0.136345
v -0.016606 0.513613 0.131077
v -0.062558 0.524838 0.135987
v -0.021668 0.517654 0.136378
v 0.015312 0.531671 0.139831
v 0.049248 0.536669 0.149748
v 0.066366 0.551875 0.143705
v 0.074633 0.579655 0.135155
v -0.088773 0.577718 0.139134
v -0.088308 0.596871 0.135486
v 0.082698 0.619633 0.141385
v 0.067178 0.636033 0.135071
v -0.071901 0.655280 0.134406
v 0.058625 0.705332 0.145285
v -0.053584 0.730078 0.141751
v -0.141935 0.811888 0.161221
v 0.137641 0.853351 0.158918
v -0.173043 -0.915247 0.154408
v -0.203825 -0.468158 0.135845
v -0.197698 -0.364989 0.135822
v -0.236840 -0.170238 0.144487
v -0.190748 -0.150557 0.144714
v -0.228054 -0.067807 0.140048
v -0.046492 -0.069421 0.132650
v 0.052203 -0.037691 0.140052
v 0.051024 0.030642 0.133734
v -0.054500 0.027362 0.141223
v -0.085133 0.060480 0.133109
v 0.101577 0.064621 0.139185
v -0.107824 0.072850 0.130544
v -0.078269 0.067905 0.132934
v -0.092047 0.100815 0.129134
v -0.106133 0.106351 0.136949
v -0.069582 0.084593 0.134608
v -0.095570 0.109733 0.139568
v -0.123949 0.114097 0.141358
v -0.091614 0.106202 0.130637
v -0.065639 0.096014 0.133979
v -0.271693 0.144890 0.135873
v 0.111843 0.268110 0.133354
v -0.154013 0.366920 0.142947
v 0.108588 0.398490 0.133040
v 0.101561 0.388988 0.135631
v -0.155286 0.394401 0.141872
v 0.030659 0.409799 0.137438
v 0.009194 0.434237 0.133445
v 0.004105 0.436908 0.134174
v 0.005788 0.427111 0.137036
v -0.122706 0.413263 0.152494
v 0.001218 0.552607 0.139579
v -0.072569 0.633427 0.139216
v -0.055408 0.663278 0.142715
v -0.056326 0.667960 0.134487
v 0.069170 0.656682 0.143461
v 0.049762 0.680320 0.137779
v -0.071740 0.705073 0.137648
v 0.058911 0.723625 0.143534
v 0.054943 0.740094 0.137621
v -0.064335 0.768962 0.140996
v -0.079755 0.797661 0.138112
v -0.073803 0.797497 0.135566
v 0.054739 0.789180 0.147244
v 0.097268 0.851552 0.141381
v 0.138218 0.863147 0.159307
v -0.041377 0.857211 0.137549
v -0.018515 0.862080 0.139086
v -0.187906 -0.904547 0.162647
v -0.220898 -0.463838 0.139380
v -0.207939 -0.328797 0.156657
v -0.239706 -0.075243 0.150098
v -0.130075 -0.031067 0.139177
v -0.199803 -0.020999 0.157767
v -0.210471 -0.007724 0.159009
v 0.000949 -0.030267 0.143199
v 0.025346 -0.034104 0.139399
v -0.142442 -0.006930 0.133414
v 0.062807 -0.010663 0.147031
v 0.029670 0.022463 0.134260
v 0.031936 0.026700 0.142550
v 0.019527 0.022824 0.137640
v 0.037225 0.019193 0.140331
v -0.054609 0.039764 0.134765
v -0.020760 0.033775 0.137524
v -0.038100 0.041855 0.136266
v -0.024540 0.045530 0.141582
v -0.226178 0.057483 0.144361
v -0.058116 0.060419 0.135985
v -0.195834 0.085101 0.141458
v -0.023940 0.061025 0.145026
v -0.025748 0.085065 0.143057
v 0.098126 0.086604 0.141736
v -0.110859 0.114117 0.145566
v -0.284505 0.102626 0.182615
v 0.109952 0.128961 0.145635
v -0.127331 0.138564 0.142156
v -0.227380 0.137737 0.181676
v -0.136179 0.163326 0.141573
v 0.102348 0.172144 0.153003
v 0.100121 0.280020 0.137237
v 0.105273 0.377652 0.142769
v 0.039742 0.369723 0.144977
v -0.018662 0.502886 0.152064
v 0.077280 0.612596 0.147094
v -0.078072 0.614162 0.146285
v 0.066771 0.637432 0.140512
v -0.048356 0.681131 0.142700
v -0.061094 0.690122 0.141691
v -0.063895 0.745601 0.140458
v -0.056718 0.753410 0.148768
v 0.051673 0.757519 0.146158
v 0.030240 0.822178 0.145858
v -0.077753 0.820641 0.161096
v -0.043933 0.828767 0.143156
v 0.012631 0.841387 0.142704
v -0.195793 -0.931445 0.186024
v -0.239290 -0.908329 0.159627
v -0.230825 -0.024752 0.158998
v -0.220456 -0.016855 0.157938
v -0.046416 -0.018716 0.143829
v 0.062713 0.003358 0.144184
v 0.004717 0.021712 0.141170
v 0.038096 -0.003918 0.151433
v 0.028224 0.042725 0.155935
v 0.088069 0.057464 0.145437
v 0.083237 0.096205 0.141934
v -0.041561 0.106191 0.153366
v 0.090924 0.121759 0.154288
v -0.104050 0.120768 0.143811
v -0.123565 0.131633 0.141803
v -0.090625 0.129517 0.141229
v -0.100508 0.170577 0.155438
v 0.109548 0.230377 0.152996
v 0.067661 0.290645 0.147211
v 0.098210 0.342587 0.142975
v 0.001767 0.392300 0.144843
v -0.037728 0.486320 0.150951
v -0.014035 0.519287 0.152926
v 0.028822 0.529140 0.155292
v -0.073981 0.535427 0.159099
v 0.004919 0.544637 0.149711
v 0.080311 0.590798 0.151141
v -0.053350 0.620893 0.140937
v -0.065341 0.637577 0.147953
v -0.046440 0.635423 0.137140
v -0.052349 0.636927 0.141713
v 0.059841 0.630382 0.144932
v -0.039393 0.651948 0.141648
v -0.034190 0.643833 0.142421
v 0.048038 0.702317 0.148726
v 0.043739 0.684656 0.142767
v -0.045984 0.705245 0.150687
v -0.061030 0.715376 0.142921
v -0.046254 0.728705 0.142510
v -0.057051 0.737340 0.144096
v -0.057330 0.764607 0.147713
v -0.064605 0.784795 0.149075
v 0.039504 0.780725 0.149279
v -0.247330 -0.919298 0.155697
v -0.200191 -0.261461 0.158294
v -0.235607 -0.028064 0.165650
v 0.035116 -0.015157 0.150750
v 0.030001 -0.007228 0.143791
v 0.008575 0.004126 0.146202
v 0.012306 0.029990 0.153198
v -0.018012 0.038037 0.150794
v -0.266138 0.050606 0.146871
v -0.195065 0.047247 0.158655
v -0.017091 0.069023 0.161498
v 0.079401 0.061398 0.146227
v -0.180817 0.057638 0.162920
v -0.019652 0.084292 0.150701
v 0.088103 0.083729 0.147174
v -0.021235 0.093375 0.150116
v 0.076793 0.086317 0.142304
v 0.050905 0.091552 0.147334
v -0.196143 0.103254 0.152618
v -0.110552 0.120372 0.147715
v -0.103438 0.132918 0.144979
v -0.117427 0.132223 0.144963
v -0.095120 0.147512 0.159285
v 0.094911 0.215861 0.162008
v 0.101822 0.346675 0.146151
v 0.008568 0.405369 0.149607
v -0.114451 0.385540 0.155561
v -0.082007 0.408801 0.155114
v -0.029194 0.484688 0.156708
v -0.057684 0.512058 0.156513
v -0.068983 0.523540 0.156476
v -0.012118 0.532440 0.157596
v -0.082071 0.566199 0.155499
v -0.079833 0.604196 0.154192
v -0.069184 0.598875 0.157671
v -0.048897 0.603891 0.157364
v 0.072110 0.611825 0.155063
v -0.038212 0.631121 0.158733
v 0.055871 0.624060 0.144942
v 0.066191 0.642137 0.151185
v -0.054508 0.650108 0.147235
v 0.048971 0.636086 0.145329
v 0.038823 0.638810 0.145281
v 0.047901 0.629955 0.145749
v -0.047938 0.651203 0.150029
v 0.041985 0.645041 0.140878
v -0.009888 0.653253 0.158377
v 0.036367 0.647857 0.141500
v 0.018185 0.652298 0.153007
v -0.030496 0.659332 0.147178
v 0.037634 0.654913 0.141238
v 0.050268 0.652650 0.152663
v 0.033915 0.663920 0.154949
v 0.029791 0.659184 0.145782
v 0.049420 0.671411 0.150348
v -0.050569 0.675224 0.151255
v -0.040029 0.687819 0.148327
v -0.045851 0.689832 0.143949
v 0.034341 0.696232 0.147420
v 0.028498 0.736671 0.144681
v -0.024571 0.738729 0.145725
v -0.020790 0.752141 0.143937
v 0.043330 0.745225 0.148036
v 0.015496 0.742956 0.146030
v 0.029190 0.749109 0.150368
v 0.012920 0.751277 0.143700
v -0.021443 0.762597 0.144974
v -0.027830 0.756706 0.143352
v -0.012529 0.764641 0.155724
v -0.062380 0.801180 0.143679
v -0.058742 0.805815 0.151028
v -0.218134 -0.324828 0.160626
v -0.231305 -0.281488 0.160739
v -0.197834 -0.094307 0.166542
v -0.230701 -0.157881 0.160996
v -0.241694 -0.082650 0.160167
v 0.043599 -0.010932 0.150967
v -0.010034 0.033784 0.154816
v -0.209840 0.042112 0.164787
v 0.067822 0.078452 0.153440
v -0.178750 0.083218 0.166244
v 0.047647 0.082839 0.154072
v 0.064861 0.122183 0.164665
v -0.104475 0.144467 0.156748
v -0.095352 0.141919 0.158145
v -0.088075 0.151563 0.148405
v -0.090853 0.171437 0.147211
v -0.091441 0.166878 0.150117
v -0.086033 0.170806 0.149765
v -0.095193 0.263948 0.144339
v -0.100726 0.242449 0.154114
v -0.094104 0.241571 0.151959
v -0.100123 0.271549 0.149042
v -0.097995 0.287340 0.152810
v -0.110892 0.283231 0.162011
v 0.049401 0.362278 0.148727
v 0.039729 0.298297 0.148391
v 0.039793 0.350703 0.147138
v 0.031152 0.318798 0.152332
v 0.034428 0.350796 0.152247
v 0.031655 0.377672 0.149332
v 0.008674 0.373970 0.157833
v 0.026306 0.417669 0.142169
v -0.000830 0.534379 0.161412
v 0.055750 0.551967 0.159414
v 0.080311 0.600645 0.154758
v 0.059328 0.612005 0.154146
v 0.035852 0.628002 0.177751
v 0.019681 0.666249 0.154637
v -0.033659 0.700881 0.147845
v 0.042331 0.679425 0.158361
v -0.038314 0.701750 0.149015
v -0.032697 0.705158 0.150696
v -0.032926 0.719682 0.153247
v 0.018335 0.723078 0.158029
v -0.046701 0.756440 0.151083
v 0.022670 0.759996 0.150493
v 0.008062 0.756480 0.146546
v 0.006624 0.764716 0.147941
v -0.034626 0.774204 0.149851
v 0.039671 0.772532 0.152198
v 0.012441 0.773757 0.148178
v 0.024419 0.784159 0.153113
v -0.045703 0.788364 0.156731
v -0.051069 0.805414 0.148509
v 0.035489 0.802379 0.154592
v 0.026855 0.815382 0.148935
v 0.063861 0.831175 0.175741
v -0.243650 0.036653 0.163161
v -0.228154 0.044301 0.168316
v -0.240680 0.025327 0.159436
v 0.004448 0.037294 0.153784
v 0.051664 0.049984 0.153854
v -0.237741 0.052750 0.176690
v -0.225371 0.052119 0.161281
v -0.179642 0.047112 0.173994
v -0.252439 0.129775 0.189351
v -0.095422 0.160125 0.160376
v -0.088999 0.159840 0.151954
v -0.095137 0.190965 0.152083
v -0.102997 0.203935 0.157747
v -0.095781 0.216116 0.149430
v -0.090355 0.207779 0.148048
v -0.093254 0.231717 0.155262
v 0.060433 0.245965 0.169716
v -0.103854 0.311337 0.150455
v -0.107938 0.323149 0.154019
v 0.026993 0.303792 0.158952
v 0.001399 0.354283 0.155201
v -0.037619 0.480662 0.161466
v -0.043760 0.484491 0.167662
v 0.033634 0.534872 0.170387
v 0.047869 0.532724 0.168105
v 0.067746 0.572969 0.162327
v 0.069866 0.579572 0.154181
v -0.064899 0.594658 0.170249
v 0.054444 0.614674 0.154654
v -0.031700 0.664393 0.154717
v -0.021976 0.667746 0.157842
v 0.028584 0.700745 0.149844
v -0.001320 0.763497 0.157349
v 0.012757 0.792561 0.162599
v -0.079362 0.802250 0.168010
v -0.034612 0.803997 0.153102
v -0.050934 0.808122 0.151304
v -0.037691 0.810261 0.153887
v -0.030672 0.811870 0.154417
v -0.006577 0.812705 0.152671
v -0.010895 0.816469 0.154197
v -0.020513 0.814139 0.154999
v 0.114073 0.853962 0.190609
v -0.192334 -0.023739 0.165911
v -0.230501 -0.015950 0.166625
v -0.229403 0.013617 0.168277
v -0.203058 0.037634 0.167455
v -0.240092 0.018495 0.162814
v -0.003124 0.054072 0.155038
v -0.246816 0.051169 0.165806
v -0.253255 0.046702 0.173344
v -0.012521 0.083259 0.165913
v 0.001408 0.089548 0.166235
v 0.010028 0.095741 0.157303
v 0.050750 0.117548 0.172030
v -0.202128 0.118156 0.163957
v -0.057418 0.175917 0.168729
v -0.064591 0.250885 0.166441
v -0.065985 0.290539 0.160541
v 0.011247 0.294266 0.163205
v -0.116520 0.330766 0.161970
v 0.009648 0.361049 0.160526
v -0.043459 0.377742 0.165478
v -0.032145 0.480118 0.164855
v -0.050709 0.503288 0.163446
v -0.018709 0.507251 0.167773
v -0.017391 0.533868 0.167441
v -0.011487 0.537396 0.169210
v 0.009156 0.545961 0.166072
v 0.052437 0.539019 0.174883
v -0.074842 0.546537 0.159549
v 0.050637 0.553665 0.170825
v -0.080068 0.558284 0.167748
v 0.066025 0.585301 0.158865
v -0.077470 0.572219 0.166417
v -0.043456 0.616406 0.163020
v -0.013363 0.658537 0.160726
v 0.004508 0.653058 0.158688
v 0.039501 0.670381 0.160578
v -0.036491 0.670276 0.163881
v -0.034688 0.683817 0.165741
v -0.030706 0.695525 0.158685
v -0.027551 0.705357 0.166377
v 0.021860 0.700498 0.162015
v 0.025318 0.709449 0.158977
v -0.028297 0.716108 0.158284
v -0.010186 0.784245 0.162316
v -0.023125 0.791603 0.160645
v -0.027335 0.814075 0.159131
v -0.191424 -0.944415 0.182727
v -0.246611 -0.931393 0.171467
v -0.210841 -0.265496 0.164699
v -0.203527 -0.169979 0.164944
v -0.239206 -0.074473 0.170769
v -0.191694 -0.017777 0.190977
v -0.189328 -0.014387 0.180743
v -0.250601 0.022306 0.170464
v -0.250063 0.040314 0.178172
v -0.245744 0.047651 0.173345
v 0.020965 0.068261 0.163752
v 0.001890 0.062226 0.163527
v -0.171645 0.068369 0.174223
v 0.035498 0.080054 0.158852
v 0.026826 0.084429 0.164864
v 0.027022 0.092152 0.160686
v 0.012483 0.087070 0.168616
v 0.021453 0.096830 0.165126
v 0.018154 0.121043 0.168205
v -0.006662 0.117640 0.165957
v 0.059643 0.129186 0.166396
v 0.067856 0.136666 0.169028
v -0.045754 0.232129 0.176073
v 0.051663 0.253845 0.165225
v -0.042738 0.298920 0.162346
v 0.001708 0.298320 0.156923
v 0.001339 0.334947 0.156470
v -0.081922 0.351310 0.168785
v -0.111829 0.334639 0.158208
v -0.115040 0.350903 0.160381
v -0.089658 0.373900 0.166540
v -0.029592 0.484090 0.170550
v -0.025885 0.499289 0.170707
v -0.064064 0.526705 0.171220
v -0.052842 0.515436 0.170662
v -0.006241 0.533577 0.166789
v 0.025569 0.536346 0.165973
v -0.048204 0.587983 0.164351
v -0.043703 0.601667 0.162013
v -0.052501 0.595208 0.161564
v -0.041278 0.589935 0.163304
v 0.057518 0.604151 0.166930
v -0.032478 0.593540 0.182300
v 0.049220 0.609882 0.171577
v 0.004458 0.661128 0.162716
v 0.020649 0.675143 0.166797
v -0.008293 0.675129 0.169107
v 0.026865 0.690844 0.165405
v 0.018211 0.711786 0.170028
v -0.012321 0.742886 0.169634
v -0.164297 0.813048 0.183834
v -0.233276 -0.915367 0.177554
v -0.213563 -0.903564 0.174362
v -0.213738 -0.161844 0.167932
v -0.233966 -0.022412 0.179836
v -0.194281 0.008696 0.174654
v -0.239322 0.011880 0.187774
v -0.258677 0.028763 0.182413
v -0.256376 0.044135 0.182497
v -0.272644 0.047128 0.190038
v -0.247950 0.045053 0.181312
v -0.237728 0.044449 0.176579
v 0.008998 0.073271 0.160963
v -0.185089 0.102948 0.192097
v 0.025716 0.112402 0.177102
v -0.030279 0.167939 0.174555
v -0.212715 0.128743 0.179859
v -0.022127 0.191843 0.174122
v 0.013129 0.273491 0.170407
v 0.006721 0.269965 0.167101
v -0.037585 0.481418 0.170011
v -0.048237 0.499713 0.177900
v -0.062011 0.531049 0.174314
v -0.000943 0.536221 0.168343
v -0.075099 0.547725 0.175001
v 0.057724 0.562536 0.170040
v -0.072327 0.572769 0.168340
v -0.038581 0.576572 0.164673
v -0.037930 0.583265 0.164927
v -0.032296 0.619527 0.173961
v -0.021821 0.627364 0.174938
v 0.043295 0.623117 0.175489
v 0.000492 0.670916 0.162893
v -0.016157 0.694044 0.169267
v -0.003283 0.743171 0.173126
v -0.204237 -0.085955 0.175958
v -0.251811 0.013934 0.184932
v -0.188992 0.038151 0.179406
v -0.230435 0.047965 0.178564
v -0.226699 0.046565 0.171858
v -0.280864 0.050020 0.204625
v -0.170785 0.054023 0.181744
v 0.050562 0.140115 0.176740
v 0.056695 0.234769 0.172230
v 0.045314 0.536741 0.177744
v 0.008823 0.554131 0.171597
v 0.022761 0.550983 0.177213
v -0.030039 0.564982 0.169498
v -0.035103 0.561140 0.169740
v -0.031732 0.555384 0.170891
v -0.021270 0.566293 0.178127
v -0.069548 0.547833 0.182681
v -0.034902 0.569004 0.164594
v -0.033291 0.575444 0.167054
v 0.056012 0.589875 0.170329
v 0.053837 0.570461 0.174475
v -0.067553 0.577706 0.179153
v -0.059598 0.583714 0.182016
v -0.011328 0.681054 0.171359
v 0.009332 0.689040 0.170024
v 0.001767 0.689770 0.169941
v -0.003862 0.685032 0.167649
v -0.012639 0.711912 0.183859
v -0.122256 0.801748 0.199318
v 0.049510 0.851721 0.193013
v 0.115845 0.861664 0.194060
v -0.213478 -0.943339 0.190561
v -0.231447 -0.066052 0.181836
v -0.188427 0.021214 0.181630
v -0.169000 0.078927 0.188712
v 0.023638 0.156080 0.184063
v 0.055461 0.179830 0.169637
v 0.050356 0.164268 0.174360
v 0.050185 0.179301 0.174514
v -0.037957 0.242884 0.177966
v 0.043117 0.245907 0.176952
v -0.012855 0.541926 0.173484
v -0.011112 0.550920 0.179890
v -0.024771 0.536678 0.178189
v -0.019029 0.541051 0.168590
v -0.018313 0.547948 0.173601
v 0.009445 0.570109 0.173958
v -0.027436 0.551226 0.173416
v -0.024857 0.557636 0.170756
v 0.003008 0.563259 0.172243
v 0.039464 0.574260 0.178095
v -0.065242 0.556367 0.176111
v -0.049155 0.576073 0.174661
v 0.054074 0.578983 0.182666
v -0.006427 0.692205 0.178700
v 0.000045 0.692331 0.178817
v 0.006402 0.698687 0.181531
v -0.235551 -0.941348 0.184841
v -0.199443 -0.915479 0.182754
v -0.232244 -0.027506 0.186462
v -0.267496 0.022978 0.200921
v -0.288239 0.080746 0.179502
v 0.019209 0.160085 0.177230
v 0.049923 0.219504 0.177463
v 0.013674 0.243279 0.181113
v -0.014864 0.249943 0.178641
v -0.033130 0.492025 0.179378
v -0.025287 0.518809 0.186727
v -0.045788 0.518467 0.180036
v -0.029435 0.546452 0.181590
v -0.019885 0.558400 0.177733
v 0.044625 0.542515 0.181157
v -0.047763 0.559853 0.184014
v -0.007741 0.566444 0.180840
v -0.061488 0.566894 0.178937
v 0.008228 0.571400 0.177823
v 0.024754 0.563308 0.182699
v 0.052724 0.600209 0.182995
v -0.014387 0.612219 0.181773
v 0.008772 0.627381 0.177156
v 0.021622 0.604614 0.192819
v 0.000074 0.615233 0.188623
v 0.029867 0.615675 0.184305
v 0.024216 0.829655 0.207554
v 0.075296 0.842686 0.211080
v 0.116040 0.866235 0.188165
v -0.217313 -0.912029 0.183074
v -0.223865 -0.021124 0.199397
v -0.184173 0.035297 0.196626
v -0.231920 0.053893 0.183313
v -0.278862 0.097796 0.190128
v -0.275406 0.110903 0.187745
v 0.028693 0.140190 0.185661
v 0.035509 0.164507 0.181390
v 0.046514 0.175096 0.180447
v 0.023730 0.207926 0.188211
v -0.014689 0.231798 0.180777
v -0.032412 0.507086 0.186039
v -0.024330 0.527652 0.185140
v -0.034373 0.528787 0.181367
v -0.022068 0.589817 0.186853
v -0.057440 0.548464 0.182875
v -0.060719 0.577666 0.184016
v -0.051096 0.568725 0.177914
v 0.047361 0.583157 0.187296
v 0.041296 0.579389 0.180973
v 0.010922 0.594097 0.189007
v 0.039431 0.615508 0.185799
v -0.006366 0.701915 0.186428
v -0.000115 0.715476 0.185649
v -0.097800 0.821667 0.188938
v -0.014165 0.841446 0.196870
v -0.217065 -0.930979 0.191088
v -0.231424 0.007808 0.207152
v -0.232688 0.040313 0.200845
v -0.227558 0.048259 0.205178
v -0.287873 0.061876 0.196400
v -0.288741 0.068939 0.207593
v -0.288068 0.079300 0.207816
v -0.196501 0.119535 0.204402
v -0.226342 0.131210 0.187341
v 0.021475 0.234984 0.188295
v -0.028601 0.521150 0.188117
v -0.051315 0.534088 0.187973
v -0.047015 0.546073 0.186356
v 0.030647 0.560166 0.189522
v -0.003151 0.584357 0.188791
v 0.031425 0.589265 0.184703
v 0.047794 0.589856 0.189539
v -0.001250 0.601215 0.192178
v -0.079134 0.810089 0.223463
v 0.100463 0.865613 0.204043
v -0.206363 -0.940816 0.191959
v -0.220894 -0.940572 0.191079
v -0.206631 -0.021200 0.202389
v 0.031749 0.565780 0.191348
v 0.020913 0.589883 0.195603
v 0.027958 0.597407 0.189166
v 0.040815 0.601192 0.190616
v 0.015244 0.600776 0.193202
v -0.128132 0.813984 0.226892
v -0.151134 0.813757 0.205643
v -0.243603 0.017367 0.204162
v -0.277739 0.037792 0.205019
v -0.241862 0.047972 0.205787
v -0.233876 0.055573 0.207636
v -0.244447 0.124803 0.193738
v -0.090870 0.807871 0.219447
v -0.027710 0.819499 0.207712
v -0.182812 0.090804 0.202505
v -0.199516 0.121397 0.235586
v -0.106223 0.824764 0.242600
v -0.196390 0.014774 0.210980
v -0.183823 0.034932 0.204778
v -0.176735 0.081709 0.205939
v -0.210431 0.125575 0.239605
v -0.025942 0.840839 0.212538
v 0.029507 0.850929 0.212697
v 0.105808 0.862830 0.206132
v -0.209584 0.009439 0.214552
v -0.255562 0.027312 0.219171
v -0.268092 0.025610 0.214251
v -0.189174 0.031227 0.208308
v -0.165373 0.038669 0.219979
v -0.232592 0.047698 0.210188
v -0.272014 0.094322 0.223146
v -0.189707 0.080245 0.213741
v -0.189756 0.102724 0.243964
v -0.097708 0.817069 0.245712
v 0.043838 0.837837 0.227150
v 0.001771 0.848756 0.263587
v 0.093869 0.864523 0.214420
v -0.199520 0.011271 0.227581
v -0.183635 0.026434 0.224862
v -0.176120 0.025571 0.243393
v -0.163018 0.055600 0.223416
v -0.285806 0.072664 0.218510
v -0.243767 0.119203 0.243167
v -0.237744 0.117475 0.250040
v -0.205888 0.009128 0.224118
v -0.223782 0.016249 0.223342
v -0.271262 0.034254 0.220155
v -0.223351 0.049222 0.218836
v -0.215914 0.055593 0.220052
v -0.221734 0.056320 0.214922
v -0.223240 0.062757 0.216566
v -0.217783 0.061831 0.217499
v -0.196299 0.072725 0.216303
v -0.198646 0.076169 0.218865
v -0.199401 0.073151 0.216288
v -0.188828 0.069262 0.222079
v -0.282442 0.082909 0.221967
v -0.266691 0.101470 0.235012
v -0.057816 0.833671 0.265105
v 0.093769 0.859363 0.217565
v -0.250579 0.023706 0.234206
v -0.258406 0.037013 0.226296
v -0.225960 0.060972 0.225453
v -0.218783 0.049702 0.224140
v -0.218138 0.055096 0.217380
v -0.204539 0.050884 0.226838
v -0.203722 0.054574 0.222463
v -0.209887 0.065557 0.218864
v -0.218886 0.066363 0.224667
v -0.189949 0.093030 0.232339
v 0.078734 0.861959 0.229464
v -0.244673 0.019986 0.234135
v -0.169964 0.037527 0.236068
v -0.273730 0.080356 0.229240
v -0.210081 0.054296 0.238006
v -0.218786 0.062342 0.230122
v -0.209465 0.069908 0.240935
v -0.169865 0.062151 0.229936
v -0.185856 0.054779 0.248134
v -0.062945 0.820742 0.254422
v -0.118922 0.819788 0.236349
v -0.197615 0.050593 0.242078
v -0.202477 0.072014 0.242051
v -0.011832 0.829689 0.251139
v -0.220894 0.019173 0.246662
v -0.228111 0.022461 0.239178
v -0.190932 0.023383 0.234749
v -0.266309 0.081385 0.241709
v -0.235101 0.031504 0.246319
v -0.199942 0.022933 0.242298
v -0.202875 0.061636 0.253830
v -0.192225 0.031089 0.248888
v -0.204662 0.052816 0.248949
v -0.176110 0.047076 0.252093
v -0.191247 0.069488 0.250860
v -0.248298 0.114132 0.246386
v -0.224429 0.115767 0.249077
v -0.203561 0.121308 0.246652
v 0.035274 0.845874 0.254670
v 0.023964 0.835763 0.239148
v -0.184943 0.028077 0.251065
v -0.177095 0.031533 0.256839
v -0.260158 0.091700 0.247324
v -0.242529 0.057280 0.249679
v -0.197903 0.043983 0.248559
v -0.251170 0.099697 0.248924
v -0.092911 0.824314 0.252498
v -0.228315 0.029130 0.261684
v -0.198386 0.036995 0.252367
v -0.197602 0.051137 0.253167
v -0.183717 0.058583 0.253804
v -0.181576 0.075771 0.261311
v -0.240645 0.103635 0.257059
v -0.216302 0.114522 0.255567
v 0.020515 0.851541 0.262015
v 0.043507 0.853359 0.253987
v -0.211446 0.034899 0.265178
v -0.205866 0.035545 0.260730
v -0.235432 0.037857 0.262463
v -0.064924 0.829483 0.264011
v -0.015797 0.832204 0.262415
v -0.179238 0.024051 0.268199
v -0.202323 0.034729 0.262571
v -0.169852 0.044018 0.264561
v -0.195336 0.026314 0.264902
v -0.171634 0.030635 0.268471
v -0.228322 0.048339 0.269897
v -0.218305 0.075816 0.265133
v -0.211247 0.086841 0.277225
v -0.042405 0.833071 0.269109
v -0.011420 0.844766 0.270039
v -0.000021 0.841555 0.269143
v -0.221686 0.034519 0.268450
v -0.203983 0.039244 0.267094
v -0.170941 0.040077 0.277973
v -0.185028 0.086905 0.274230
v -0.189197 0.022409 0.274682
v -0.195388 0.026526 0.274749
v -0.207976 0.047776 0.269704
v -0.015135 0.840441 0.271968
v -0.172768 0.030677 0.277931
v -0.203263 0.045977 0.282000
v -0.212955 0.059507 0.268544
v -0.194602 0.090138 0.280620
v -0.189139 0.026930 0.280704
v -0.183733 0.059755 0.286712
v -0.178774 0.036824 0.283705
v -0.196739 0.056192 0.288332
vn -0.0952 -0.1804 -0.9790
vn 0.3606 0.3269 -0.8735
vn 0.3309 -0.0581 -0.9419
vn -0.7193 -0.1554 -0.6771
vn -0.3858 0.2512 -0.8878
vn 0.0975 0.4380 -0.8937
vn -0.3186 -0.1098 -0.9415
vn -0.3026 -0.0021 -0.9531
vn -0.1134 -0.0840 -0.9900
vn 0.2422 0.0307 -0.9697
vn 0.3687 -0.0546 -0.9279
vn -0.0285 0.0583 -0.9979
vn 0.0687 -0.5608 -0.8251
vn -0.2222 -0.4219 -0.8790
vn -0.5713 -0.0796 -0.8169
vn 0.5795 -0.0361 -0.8142
vn 0.2188 0.1769 -0.9596
vn -0.2231 0.1203 -0.9673
vn 0.0210 0.1979 -0.9800
vn 0.3807 -0.4309 -0.8182
vn -0.1407 0.4366 -0.8886
vn 0.5926 -0.0218 -0.8052
vn -0.5001 -0.0008 -0.8659
vn 0.5033 0.0849 -0.8599
vn 0.4630 0.2232 -0.8578
vn -0.1694 0.0717 -0.9829
vn 0.2296 -0.5779 -0.7831
vn -0.0895 -0.7878 -0.6094
vn 0.2902 -0.1777 -0.9403
vn -0.5342 -0.5642 -0.6295
vn 0.1719 -0.0533 -0.9837
vn -0.3890 -0.3337 -0.8587
vn 0.3244 0.1926 -0.9261
vn -0.0350 0.1305 -0.9908
vn -0.5347 -0.0601 -0.8429
vn -0.4064 0.1204 -0.9057
vn 0.1880 0.1460 -0.9713
vn -0.1594 0.0908 -0.9830
vn -0.5325 -0.6192 -0.5771
vn -0.5619 0.0653 -0.8246
vn -0.4925 -0.1374 -0.8594
vn 0.4531 0.0245 -0.8911
vn 0.5773 0.1355 -0.8052
vn 0.7422 -0.0666 -0.6668
vn -0.7594 -0.1098 -0.6413
vn 0.6829 0.1082 -0.7225
vn -0.6391 -0.0243 -0.7687
vn -0.1369 -0.8642 -0.4841
vn 0.5907 -0.3972 -0.7023
vn 0.6069 -0.1435 -0.7817
vn -0.9004 -0.0447 -0.4327
vn 0.7385 0.2755 -0.6154
vn 0.7851 0.0716 -0.6153
vn -0.7948 -0.1410 -0.5903
vn 0.7646 -0.0240 -0.6441
vn 0.5793 0.2055 -0.7887
vn -0.3126 -0.4089 -0.8574
vn 0.0582 -0.4001 -0.9146
vn -0.5838 -0.0613 -0.8096
vn 0.1792 -0.0900 -0.9797
vn -0.0178 -0.4208 -0.9070
vn -0.2978 0.1638 -0.9405
vn 0.2598 0.3372 -0.9049
vn -0.0637 -0.1309 -0.9893
vn -0.4534 -0.2615 -0.8521
vn -0.4374 -0.4369 -0.7860
vn 0.1623 -0.5190 -0.8392
vn 0.5536 -0.0717 -0.8297
vn -0.3195 -0.8889 -0.3283
vn 0.3500 -0.8671 -0.3544
vn -0.7969 -0.0420 -0.6026
vn -0.7079 -0.2692 -0.6530
vn -0.8065 -0.3180 -0.4984
vn 0.6276 -0.4095 -0.6621
vn 0.7359 0.0076 -0.6771
vn -0.6191 0.0975 -0.7792
vn -0.2704 -0.1493 -0.9511
vn 0.3076 -0.1479 -0.9399
vn 0.2045 -0.5905 -0.7807
vn 0.3651 0.1224 -0.9229
vn -0.2987 0.4247 -0.8546
vn -0.0394 0.2506 -0.9673
vn -0.1759 0.0603 -0.9826
vn 0.7730 0.0487 -0.6326
vn 0.2374 0.6350 -0.7351
vn -0.3968 -0.4320 -0.8099
vn 0.3174 -0.1914 -0.9288
vn 0.1381 0.5428 -0.8284
vn 0.0727 -0.7522 -0.6549
vn 0.5653 -0.2977 -0.7693
vn 0.8011 -0.0731 -0.5940
vn 0.0792 0.0629 -0.9949
vn 0.0087 -0.3296 -0.9441
vn 0.2616 -0.1276 -0.9567
vn 0.1969 -0.7428 -0.6399
vn 0.5967 0.1714 -0.7839
vn 0.3212 0.6160 -0.7193
vn -0.5252 -0.1995 -0.8273
vn 0.5838 -0.3405 -0.7370
vn -0.5369 -0.2227 -0.8137
vn 0.8639 0.1171 -0.4899
vn -0.4521 0.0982 -0.8866
vn 0.2890 0.3475 -0.8920
vn 0.0119 0.3509 -0.9363
vn -0.2494 -0.3586 -0.8996
vn -0.4246 -0.0881 -0.9011
vn -0.4271 0.0524 -0.9027
vn -0.8593 0.3092 -0.4074
vn -0.1798 0.3143 -0.9322
vn 0.4390 0.5619 -0.7011
vn 0.0850 0.3756 -0.9229
vn -0.0459 -0.8064 -0.5896
vn -0.5461 -0.1161 -0.8297
vn 0.4836 0.5390 -0.6897
vn -0.7934 -0.1541 -0.5889
vn -0.7625 -0.5810 -0.2846
vn 0.7174 -0.6639 -0.2110
vn -0.9093 0.0844 -0.4075
vn 0.8952 -0.0507 -0.4428
vn -0.7758 -0.0343 -0.6301
vn -0.3736 0.1617 -0.9134
vn 0.1914 0.4436 -0.8755
vn -0.0083 -0.4601 -0.8878
vn 0.5380 -0.4730 -0.6978
vn -0.2343 0.1244 -0.9642
vn 0.4707 -0.2419 -0.8485
vn -0.5386 0.3005 -0.7872
vn 0.6612 0.2078 -0.7209
vn -0.5615 0.4762 -0.6767
vn 0.1451 0.5898 -0.7944
vn 0.1521 0.2141 -0.9649
vn -0.2398 -0.9544 -0.1776
vn 0.8811 -0.0797 -0.4662
vn -0.6350 -0.7061 -0.3133
vn 0.4468 -0.8871 -0.1160
vn -0.9138 -0.2905 -0.2837
vn -0.1500 0.2028 -0.9677
vn 0.0526 -0.3627 -0.9304
vn 0.1057 -0.8000 -0.5906
vn 0.0496 -0.8321 -0.5524
vn -0.8305 -0.2029 -0.5188
vn 0.8840 -0.3290 -0.3322
vn 0.8362 -0.1654 -0.5229
vn -0.9642 -0.1008 -0.2451
vn -0.9476 0.0250 -0.3186
vn 0.8991 -0.0326 -0.4365
vn 0.3181 0.0141 -0.9479
vn -0.2091 -0.1520 -0.9660
vn 0.8780 0.1910 -0.4389
vn 0.3058 0.5353 -0.7874
vn -0.2882 -0.3676 -0.8842
vn -0.1215 -0.0465 -0.9915
vn 0.0375 -0.3123 -0.9492
vn 0.2273 0.4939 -0.8393
vn 0.1958 0.1001 -0.9755
vn 0.3837 -0.0712 -0.9207
vn 0.4873 0.3007 -0.8198
vn 0.5337 -0.7565 -0.3780
vn 0.7830 -0.5537 -0.2835
vn 0.9570 -0.0285 -0.2886
vn 0.8308 0.1648 -0.5316
vn 0.6359 0.2265 -0.7378
vn -0.6344 0.0633 -0.7704
vn 0.0362 0.0287 -0.9989
vn 0.2171 0.1525 -0.9642
vn 0.0342 0.1536 -0.9875
vn -0.1653 -0.3307 -0.9291
vn 0.3709 -0.0770 -0.9255
vn 0.6754 -0.0143 -0.7373
vn 0.3566 0.1215 -0.9263
vn 0.9016 -0.3341 -0.2747
vn 0.5179 0.5884 -0.6210
vn 0.4634 0.2104 -0.8608
vn -0.2665 -0.0415 -0.9629
vn 0.2553 0.1693 -0.9519
vn 0.8998 0.2823 -0.3326
vn 0.9749 -0.0979 -0.2001
vn -0.7875 0.0707 -0.6123
vn 0.4826 0.3290 -0.8117
vn -0.6687 0.0729 -0.7399
vn -0.5815 0.1803 -0.7933
vn 0.5550 0.0253 -0.8315
vn 0.4368 0.2695 -0.8582
vn 0.0743 -0.1857 -0.9798
vn -0.3461 -0.4976 -0.7954
vn 0.0576 -0.1273 -0.9902
vn -0.4010 -0.4363 -0.8055
vn -0.0230 0.2532 -0.9671
vn -0.1161 -0.0987 -0.9883
vn 0.0728 0.2404 -0.9679
vn -0.0799 0.1346 -0.9877
vn -0.2985 0.4786 -0.8257
vn -0.2432 0.7174 -0.6528
vn 0.1613 0.5060 -0.8473
vn 0.3877 -0.5736 -0.7216
vn -0.1991 -0.5122 -0.8355
vn 0.3959 -0.5207 -0.7564
vn 0.5164 0.2688 -0.8131
vn -0.0904 -0.0371 -0.9952
vn 0.8752 -0.4835 -0.0148
vn -0.8578 -0.5062 -0.0894
vn -0.8838 -0.4676 -0.0149
vn -0.8889 -0.1668 -0.4266
vn -0.8921 -0.1025 -0.4400
vn 0.6473 0.3131 -0.6949
vn 0.3794 0.0662 -0.9229
vn -0.1528 -0.0015 -0.9883
vn -0.0276 -0.0446 -0.9986
vn -0.0812 -0.5213 -0.8495
vn -0.1986 -0.4623 -0.8642
vn -0.1654 -0.4194 -0.8926
vn 0.9232 -0.0120 -0.3842
vn -0.0556 -0.2299 -0.9716
vn -0.4737 -0.5816 -0.6614
vn -0.0061 0.5831 -0.8124
vn 0.1887 -0.4538 -0.8709
vn 0.6388 -0.2460 -0.7290
vn -0.3971 -0.4678 -0.7896
vn -0.6190 -0.3609 -0.6976
vn 0.6882 -0.0066 -0.7255
vn -0.2819 -0.0269 -0.9591
vn -0.2566 -0.3457 -0.9026
vn -0.5849 0.0578 -0.8090
vn -0.0835 0.4722 -0.8775
vn 0.1259 -0.1601 -0.9790
vn -0.0834 0.1470 -0.9856
vn -0.0145 0.0963 -0.9952
vn 0.2874 0.4792 -0.8293
vn -0.5721 0.1187 -0.8115
vn -0.1114 0.1114 -0.9875
vn 0.2348 -0.3750 -0.8968
vn 0.0919 -0.0326 -0.9952
vn 0.5374 -0.2094 -0.8169
vn 0.0098 -0.1651 -0.9862
vn -0.6158 0.2872 -0.7337
vn 0.0646 0.3705 -0.9266
vn 0.0948 0.2007 -0.9751
vn 0.0389 0.1124 -0.9929
vn 0.4878 -0.2729 -0.8292
vn 0.0773 0.1144 -0.9904
vn -0.9490 -0.1138 -0.2940
vn -0.9662 0.1600 -0.2019
vn -0.5871 0.0262 -0.8091
vn -0.4873 -0.1043 -0.8670
vn -0.4271 -0.1198 -0.8962
vn -0.3724 -0.1933 -0.9077
vn -0.2794 -0.8390 -0.4669
vn -0.4194 -0.0509 -0.9064
vn 0.4291 0.6692 -0.6067
vn 0.1573 0.7238 -0.6718
vn -0.0801 -0.4475 -0.8907
vn 0.1515 0.0515 -0.9871
vn 0.1058 -0.5048 -0.8567
vn 0.5655 -0.0673 -0.8220
vn 0.1406 0.1255 -0.9821
vn -0.1714 -0.2336 -0.9571
vn -0.3759 -0.2738 -0.8853
vn -0.1080 0.2186 -0.9698
vn -0.6022 0.5536 -0.5752
vn -0.0657 -0.3926 -0.9173
vn -0.3553 -0.2144 -0.9098
vn 0.2640 -0.2784 -0.9235
vn -0.2425 -0.3444 -0.9070
vn 0.0452 0.1196 -0.9918
vn 0.2955 -0.1095 -0.9491
vn -0.3372 0.0373 -0.9407
vn 0.1169 -0.0504 -0.9919
vn -0.2165 0.3924 -0.8939
vn 0.6704 -0.3927 -0.6296
vn -0.0595 0.1094 -0.9922
vn -0.0585 0.3507 -0.9346
vn 0.5247 0.3103 -0.7927
vn -0.1871 0.3772 -0.9070
vn 0.1063 -0.0859 -0.9906
vn -0.1538 -0.0143 -0.9880
vn -0.7242 0.2394 -0.6467
vn 0.7551 -0.1466 -0.6390
vn -0.2059 0.1444 -0.9679
vn 0.3224 0.3319 -0.8865
vn 0.3378 -0.9123 0.2315
vn -0.9762 -0.1077 -0.1880
vn 0.5723 -0.8164 0.0776
vn -0.8731 -0.4874 0.0074
vn 0.8511 -0.4284 -0.3034
vn -0.9686 -0.2467 -0.0309
vn -0.9442 -0.2107 -0.2530
vn 0.8787 0.2129 -0.4272
vn 0.6893 -0.0188 -0.7242
vn 0.7299 0.1191 -0.6731
vn -0.3359 -0.4289 -0.8386
vn -0.2068 -0.6169 -0.7594
vn -0.2847 0.5961 -0.7507
vn 0.9111 0.3833 -0.1516
vn -0.7537 0.1807 -0.6319
vn -0.2531 -0.8371 -0.4850
vn -0.3936 -0.2371 -0.8882
vn -0.4575 0.1315 -0.8794
vn 0.0409 0.2062 -0.9777
vn 0.7889 0.2673 -0.5533
vn 0.2154 0.3177 -0.9234
vn 0.4737 -0.1847 -0.8611
vn -0.2209 -0.1160 -0.9684
vn 0.0649 -0.1901 -0.9796
vn 0.7789 0.1188 -0.6158
vn -0.3159 0.0163 -0.9487
vn -0.3601 0.0572 -0.9312
vn -0.6334 0.1962 -0.7485
vn -0.7126 0.1804 -0.6780
vn 0.3562 -0.2703 -0.8945
vn -0.0209 -0.0642 -0.9977
vn 0.6413 -0.2625 -0.7210
vn -0.0095 0.0237 -0.9997
vn 0.3730 0.0159 -0.9277
vn -0.1018 0.0390 -0.9940
vn 0.0376 0.2774 -0.9600
vn -0.8599 -0.5075 -0.0557
vn -0.9429 -0.3190 0.0959
vn 0.9945 0.0336 -0.0991
vn 0.9984 -0.0534 -0.0204
vn 0.6470 0.1022 -0.7556
vn -0.4187 -0.2479 -0.8736
vn 0.8107 0.1378 -0.5690
vn 0.8555 -0.0370 -0.5165
vn -0.3908 -0.6235 -0.6771
vn 0.9406 0.1652 -0.2966
vn 0.8013 0.4377 -0.4078
vn -0.0091 0.5347 -0.8450
vn -0.6752 -0.0306 -0.7370
vn -0.4443 -0.4027 -0.8003
vn 0.2340 0.0987 -0.9672
vn -0.5383 0.3270 -0.7768
vn 0.2112 0.1861 -0.9596
vn -0.0391 -0.0032 -0.9992
vn 0.1736 0.0733 -0.9821
vn -0.0078 0.3286 -0.9445
vn -0.0631 0.2092 -0.9758
vn 0.1163 0.0296 -0.9928
vn 0.0096 -0.5824 -0.8129
vn 0.1759 -0.3148 -0.9327
vn -0.0145 -0.2034 -0.9790
vn -0.4386 -0.4584 -0.7730
vn 0.7664 -0.3377 -0.5464
vn -0.1764 0.2052 -0.9627
vn -0.7882 -0.4850 -0.3788
vn 0.3507 0.1174 -0.9291
vn 0.9199 -0.0833 -0.3832
vn -0.5891 0.2647 -0.7635
vn -0.6752 0.1672 -0.7184
vn -0.5010 0.5574 -0.6620
vn 0.0319 0.1606 -0.9865
vn -0.4232 0.1303 -0.8966
vn -0.0545 0.0383 -0.9978
vn 0.6547 0.3543 -0.6677
vn 0.3978 -0.1766 -0.9003
vn -0.2289 0.0400 -0.9726
vn 0.2275 -0.0282 -0.9734
vn 0.5731 0.0464 -0.8181
vn -0.1735 0.0902 -0.9807
vn 0.4818 -0.1684 -0.8600
vn 0.0663 0.5138 -0.8554
vn -0.0410 -0.0765 -0.9962
vn 0.2614 -0.2236 -0.9390
vn -0.6980 0.2376 -0.6756
vn -0.2970 0.3074 -0.9040
vn 0.8589 -0.1660 -0.4844
vn 0.4701 0.0141 -0.8825
vn 0.1704 0.4178 -0.8924
vn 0.4358 0.4302 -0.7906
vn -0.1499 0.3249 -0.9338
vn 0.9485 -0.1370 -0.2856
vn 0.6492 -0.7556 -0.0876
vn 0.9807 0.0987 -0.1686
vn -0.8000 -0.0523 -0.5977
vn -0.5241 -0.3202 -0.7892
vn 0.7072 -0.0029 -0.7070
vn -0.5107 -0.4055 -0.7581
vn 0.7719 0.2591 -0.5805
vn -0.7358 -0.1491 -0.6606
vn -0.1424 -0.0059 -0.9898
vn -0.5100 0.5409 -0.6688
vn 0.1533 0.4958 -0.8548
vn 0.9808 0.1900 0.0432
vn -0.2645 0.5192 -0.8127
vn 0.3855 0.1483 -0.9107
vn 0.1519 0.2673 -0.9516
vn -0.0486 0.1986 -0.9789
vn -0.2153 -0.7503 -0.6250
vn -0.4168 -0.5306 -0.7381
vn -0.2754 -0.2119 -0.9377
vn -0.3372 -0.7333 -0.5904
vn -0.8681 -0.3788 -0.3206
vn -0.2796 0.0539 -0.9586
vn -0.8688 -0.1553 -0.4701
vn -0.3215 0.1112 -0.9403
vn -0.8204 -0.3059 -0.4830
vn -0.0779 0.1707 -0.9822
vn -0.4373 -0.0615 -0.8972
vn -0.8663 0.1862 -0.4635
vn -0.0458 0.3759 -0.9255
vn 0.0741 0.5577 -0.8267
vn -0.3992 -0.1629 -0.9023
vn 0.5455 -0.0424 -0.8370
vn 0.6284 0.4270 -0.6502
vn 0.5878 0.2294 -0.7758
vn 0.0261 0.1683 -0.9854
vn 0.0817 0.4306 -0.8988
vn 0.5182 -0.8510 0.0849
vn -0.9992 0.0277 -0.0278
vn 0.8403 0.5164 -0.1653
vn -0.8453 -0.0552 -0.5314
vn 0.8368 0.0254 -0.5469
vn -0.6136 0.0463 -0.7883
vn 0.9272 0.2746 -0.2548
vn -0.9641 0.2382 -0.1174
vn 0.0486 0.7593 -0.6489
vn 0.8965 0.4405 -0.0472
vn -0.5653 0.2389 -0.7896
vn 0.4425 0.1917 -0.8761
vn -0.2474 0.3899 -0.8870
vn -0.0089 0.2172 -0.9761
vn 0.3141 -0.1590 -0.9360
vn 0.2011 -0.0641 -0.9775
vn 0.6066 -0.1134 -0.7869
vn 0.6783 -0.3986 -0.6172
vn 0.4648 0.0267 -0.8850
vn 0.6594 0.3705 -0.6542
vn -0.7936 -0.4595 -0.3987
vn 0.0262 -0.3825 -0.9236
vn 0.3723 -0.0564 -0.9264
vn -0.3087 -0.3920 -0.8666
vn -0.6437 -0.4812 -0.5951
vn -0.3210 -0.0659 -0.9448
vn -0.5574 0.3672 -0.7446
vn 0.3324 -0.0120 -0.9431
vn -0.0920 0.4934 -0.8649
vn -0.6331 -0.7380 0.2335
vn 0.9010 -0.3822 -0.2052
vn 0.7091 0.3084 -0.6341
vn -0.7605 0.1280 -0.6366
vn -0.6497 -0.2291 -0.7249
vn -0.6074 -0.4026 -0.6849
vn -0.2231 -0.5850 -0.7798
vn -0.5714 -0.2275 -0.7885
vn -0.8619 0.0859 -0.4998
vn -0.4125 0.5418 -0.7323
vn -0.3132 0.7230 -0.6158
vn 0.6753 0.6323 -0.3796
vn 0.5994 0.1107 -0.7928
vn -0.4198 0.3087 -0.8535
vn 0.5118 0.2447 -0.8235
vn 0.5058 -0.3995 -0.7646
vn 0.6402 -0.1979 -0.7423
vn -0.8595 -0.1992 -0.4708
vn -0.2271 -0.6123 -0.7573
vn 0.5933 -0.2055 -0.7783
vn 0.5686 -0.1517 -0.8085
vn 0.2213 -0.1699 -0.9603
vn 0.5508 0.4346 -0.7126
vn 0.8560 0.0607 -0.5134
vn 0.5908 -0.1747 -0.7877
vn 0.5944 -0.0848 -0.7997
vn 0.1744 0.1688 -0.9701
vn 0.1293 -0.7098 0.6924
vn -0.6980 -0.6971 0.1638
vn -0.9816 -0.1561 0.1096
vn 0.8984 -0.3192 -0.3016
vn -0.9259 -0.3463 0.1511
vn -0.9316 -0.0495 -0.3601
vn 0.8722 0.2046 -0.4443
vn 0.6835 0.0858 -0.7249
vn -0.1593 -0.4915 -0.8562
vn -0.7948 0.5022 -0.3409
vn -0.6414 0.3671 -0.6737
vn -0.2891 0.2636 -0.9203
vn 0.5910 0.2734 -0.7589
vn -0.4078 0.2448 -0.8797
vn -0.6404 -0.2365 -0.7307
vn 0.5964 -0.4598 -0.6579
vn 0.9583 -0.1879 -0.2152
vn -0.0282 -0.4678 -0.8834
vn 0.8186 0.4598 -0.3442
vn -0.9047 -0.3220 -0.2790
vn 0.7767 0.3862 -0.4976
vn -0.5875 0.0354 -0.8084
vn -0.1552 0.4795 -0.8637
vn 0.2144 0.6408 -0.7371
vn -0.9595 -0.1103 0.2592
vn 0.7757 -0.6309 -0.0147
vn 0.9669 -0.2551 0.0077
vn -0.9960 -0.0872 0.0184
vn 0.9588 0.1363 -0.2494
vn -0.8775 -0.0135 -0.4793
vn -0.7492 -0.2466 -0.6147
vn 0.8522 0.0940 -0.5147
vn -0.5077 -0.4593 -0.7289
vn -0.4770 -0.6164 -0.6265
vn -0.1288 0.8521 -0.5072
vn -0.2631 0.2392 -0.9346
vn -0.8124 0.0924 -0.5757
vn 0.8375 0.1017 -0.5369
vn 0.7883 0.4971 -0.3626
vn -0.6494 0.3741 -0.6620
vn -0.4527 0.1245 -0.8829
vn -0.7218 -0.0369 -0.6911
vn -0.6382 -0.0807 -0.7657
vn 0.6172 0.5688 -0.5436
vn 0.8624 0.3785 -0.3361
vn 0.5643 0.4147 -0.7138
vn 0.5195 0.3862 -0.7622
vn 0.3535 0.5558 -0.7524
vn 0.0335 0.6259 -0.7792
vn -0.6243 -0.7006 0.3457
vn 0.9835 0.0133 -0.1804
vn -0.9939 0.0877 -0.0674
vn 0.8696 0.0584 -0.4904
vn -0.6954 -0.2385 -0.6779
vn -0.6700 -0.4011 -0.6246
vn -0.5236 0.6800 -0.5133
vn -0.3403 0.6896 -0.6393
vn -0.0157 -0.7048 -0.7092
vn 0.1374 -0.5145 -0.8464
vn -0.3486 -0.0088 -0.9372
vn -0.3918 -0.1485 -0.9080
vn 0.8311 -0.2163 -0.5123
vn 0.9995 -0.0250 -0.0207
vn -0.6903 0.6757 -0.2587
vn -0.5717 0.3743 -0.7301
vn 0.0913 0.2940 -0.9514
vn 0.1065 0.4223 -0.9002
vn 0.3696 -0.7661 0.5258
vn 0.6463 -0.7091 -0.2820
vn 0.9314 -0.2758 0.2376
vn 0.9603 0.2772 -0.0320
vn 0.9696 0.0336 0.2422
vn -0.9784 -0.1769 -0.1071
vn 0.9346 0.1477 -0.3237
vn -0.6139 -0.5572 -0.5592
vn 0.8537 0.1356 -0.5028
vn 0.9122 0.1017 -0.3969
vn 0.7949 0.1710 -0.5822
vn 0.7558 0.1166 -0.6443
vn -0.2100 -0.7941 -0.5703
vn 0.8880 0.2168 -0.4055
vn -0.3982 0.0820 -0.9136
vn -0.7139 -0.0573 -0.6979
vn -0.8933 -0.1956 -0.4047
vn -0.4583 -0.0396 -0.8879
vn -0.4043 0.1325 -0.9050
vn 0.2761 0.3369 -0.9001
vn -0.5479 0.4008 -0.7343
vn -0.6273 0.4593 -0.6289
vn 0.1170 0.5662 -0.8159
vn -0.4934 -0.6966 0.5209
vn -0.6993 -0.5916 0.4012
vn 0.6683 -0.7272 0.1568
vn -0.8628 -0.0663 -0.5012
vn 0.8949 0.2298 -0.3825
vn -0.5681 0.4997 -0.6539
vn -0.4650 0.6887 -0.5563
vn -0.4383 0.0900 -0.8943
vn -0.4457 0.1064 -0.8889
vn -0.4960 -0.6040 -0.6238
vn 0.9982 -0.0255 -0.0549
vn 0.1406 0.0282 -0.9897
vn 0.4844 -0.0850 -0.8707
vn 0.1668 -0.1266 -0.9778
vn -0.0201 -0.2472 -0.9688
vn -0.1987 -0.0078 -0.9800
vn -0.7979 -0.5976 -0.0789
vn -0.3773 -0.7658 -0.5207
vn -0.4018 0.2241 -0.8879
vn 0.0338 0.1156 -0.9927
vn -0.5941 0.6243 -0.5073
vn 0.8638 0.3689 -0.3431
vn -0.1033 0.0915 -0.9904
vn -0.0900 -0.0725 -0.9933
vn -0.5166 0.0330 -0.8556
vn -0.3537 0.0223 -0.9351
vn 0.5832 0.3493 -0.7334
vn 0.8649 -0.2714 -0.4222
vn 0.9371 -0.1410 -0.3194
vn 0.8871 0.4261 -0.1777
vn -0.9517 -0.2992 0.0689
vn -0.9736 -0.1083 -0.2008
vn -0.9283 0.0029 -0.3719
vn -0.4104 -0.3080 -0.8583
vn -0.6534 -0.3740 -0.6582
vn -0.3440 0.8216 -0.4546
vn -0.0989 -0.6648 -0.7405
vn -0.3801 -0.3665 -0.8492
vn 0.4253 -0.3999 -0.8119
vn -0.4952 -0.0051 -0.8688
vn 0.5504 -0.4303 -0.7155
vn 0.3834 -0.0376 -0.9228
vn -0.6345 0.3931 -0.6655
vn -0.2892 -0.1415 -0.9468
vn 0.0726 0.2729 -0.9593
vn 0.3205 0.4603 -0.8279
vn 0.2667 -0.4434 -0.8558
vn -0.2356 -0.2948 -0.9261
vn 0.3135 0.1997 -0.9284
vn -0.4829 0.1927 -0.8542
vn -0.8382 -0.4171 0.3513
vn 0.9682 -0.1739 -0.1798
vn -0.9619 -0.1837 0.2023
vn 0.9644 -0.1168 0.2371
vn -0.1136 -0.0772 -0.9905
vn -0.3301 -0.0225 -0.9437
vn 0.0733 -0.0133 -0.9972
vn -0.2935 0.0939 -0.9513
vn -0.0055 0.1227 -0.9924
vn 0.9966 0.0773 0.0291
vn 0.9283 0.0354 -0.3701
vn -0.3469 -0.5937 -0.7260
vn -0.8935 -0.3541 -0.2762
vn -0.8923 0.4158 0.1759
vn 0.4795 -0.5398 -0.6918
vn -0.6003 0.1900 -0.7769
vn 0.8300 -0.4223 -0.3643
vn 0.7090 -0.5135 -0.4833
vn 0.1539 -0.6631 -0.7325
vn 0.7379 -0.3103 -0.5994
vn -0.5716 -0.8201 0.0250
vn 0.7352 -0.2968 -0.6094
vn -0.2485 0.2366 -0.9393
vn 0.1195 -0.4245 -0.8975
vn -0.2243 -0.2124 -0.9511
vn 0.8132 0.4123 -0.4107
vn -0.4296 0.1735 -0.8862
vn -0.1394 0.2582 -0.9560
vn -0.4103 0.1737 -0.8953
vn 0.4543 0.4127 -0.7895
vn -0.8922 0.4186 -0.1695
vn -0.5917 0.6075 -0.5300
vn 0.3433 0.6238 -0.7022
vn 0.2446 -0.8343 0.4942
vn -0.2230 -0.6748 -0.7035
vn -0.6959 -0.3563 -0.6235
vn 0.6852 -0.0297 -0.7278
vn 0.9510 -0.2971 -0.0854
vn -0.8428 -0.3872 0.3739
vn 0.9843 -0.1556 0.0832
vn -0.8578 -0.3308 0.3934
vn -0.9327 -0.3386 -0.1240
vn 0.9754 -0.1978 -0.0974
vn 0.8960 0.2263 0.3819
vn 0.7535 -0.0451 0.6559
vn 0.2088 -0.1101 -0.9717
vn 0.4791 -0.0765 -0.8744
vn 0.3887 0.0712 -0.9186
vn 0.9550 0.0590 -0.2906
vn -0.7112 -0.3896 -0.5851
vn -0.8188 -0.4041 -0.4078
vn -0.9729 0.1923 -0.1283
vn -0.8505 0.4179 -0.3194
vn -0.2268 -0.7698 -0.5966
vn -0.6485 0.1276 -0.7505
vn -0.4785 -0.5211 -0.7068
vn 0.9455 0.1114 -0.3061
vn -0.6759 -0.3574 -0.6445
vn 0.9879 0.1285 0.0866
vn -0.6407 0.2209 -0.7353
vn 0.6326 -0.0893 -0.7693
vn -0.5810 0.0170 -0.8138
vn 0.7943 0.6037 -0.0687
vn -0.2369 -0.0112 -0.9715
vn -0.5781 0.1675 -0.7986
vn 0.4568 0.6543 -0.6027
vn -0.5318 0.7601 -0.3734
vn 0.4253 0.5640 -0.7078
vn 0.4941 0.3621 -0.7904
vn 0.0128 -0.5467 -0.8372
vn -0.2766 -0.8824 0.3806
vn 0.9898 0.1062 0.0946
vn -0.0044 -0.3060 -0.9520
vn -0.9746 -0.2179 0.0514
vn 0.8637 -0.4957 -0.0912
vn -0.6098 0.1656 -0.7751
vn -0.7635 0.1279 -0.6331
vn -0.5929 0.3450 -0.7276
vn 0.0194 -0.1606 -0.9868
vn -0.1638 0.0312 -0.9860
vn -0.7237 0.3113 -0.6159
vn 0.6655 0.5798 -0.4700
vn -0.7539 0.5594 -0.3446
vn 0.2545 0.8055 -0.5352
vn -0.0014 -0.9986 0.0523
vn 0.8030 0.0176 -0.5958
vn 0.4309 -0.2823 -0.8571
vn 0.0125 0.2618 -0.9650
vn 0.9583 0.2806 -0.0543
vn -0.8926 -0.3297 0.3075
vn -0.4819 -0.0816 -0.8724
vn 0.6981 -0.0094 -0.7159
vn -0.2477 0.1458 -0.9578
vn 0.0621 0.1079 -0.9922
vn 0.2527 0.2263 -0.9407
vn -0.9203 -0.1548 -0.3593
vn 0.1133 -0.8467 -0.5199
vn 0.8808 0.2283 -0.4147
vn 0.8591 -0.2098 -0.4668
vn 0.9374 0.3162 -0.1458
vn 0.8839 -0.4672 0.0220
vn 0.4223 -0.6670 -0.6139
vn -0.4732 -0.6887 -0.5493
vn -0.5985 -0.5772 -0.5555
vn -0.7306 -0.0174 -0.6826
vn 0.8971 0.4316 -0.0945
vn -0.8708 0.1881 -0.4542
vn -0.2478 0.4571 -0.8542
vn 0.2593 -0.4741 -0.8414
vn 0.0111 -0.3665 -0.9303
vn -0.0085 0.4192 -0.9079
vn -0.0175 -0.4369 -0.8994
vn 0.3127 -0.3979 -0.8625
vn -0.4274 -0.4569 -0.7801
vn 0.9713 0.2375 -0.0081
vn -0.7542 -0.4570 0.4715
vn -0.7658 0.2505 -0.5923
vn 0.8707 -0.2439 0.4271
vn 0.3711 0.3365 -0.8655
vn -0.4845 0.0165 -0.8746
vn 0.4893 0.3073 0.8162
vn 0.6825 -0.1410 -0.7172
vn -0.6176 -0.0352 -0.7857
vn -0.5330 0.0537 -0.8444
vn -0.5057 0.1805 -0.8436
vn 0.9736 0.0342 -0.2255
vn 0.1768 -0.4451 -0.8779
vn -0.5802 -0.1591 -0.7988
vn -0.9066 -0.2093 -0.3665
vn -0.5103 0.7676 -0.3878
vn 0.8671 0.0413 -0.4964
vn 0.6920 -0.4380 -0.5738
vn 0.6535 -0.5610 -0.5081
vn 0.9986 0.0251 0.0474
vn 0.8824 -0.1950 -0.4281
vn 0.8819 -0.1382 -0.4506
vn -0.3031 -0.9103 -0.2818
vn 0.9404 0.0366 0.3382
vn 0.8920 -0.2489 0.3774
vn -0.5976 0.2938 -0.7460
vn 0.0700 -0.3671 -0.9276
vn 0.9334 0.3508 -0.0762
vn 0.0073 0.3199 -0.9474
vn -0.2414 -0.0255 -0.9701
vn -0.7508 0.1748 -0.6369
vn 0.3677 0.6132 -0.6991
vn -0.4955 0.4061 -0.7678
vn 0.1781 -0.9820 0.0633
vn -0.2248 0.4033 -0.8870
vn 0.1796 0.3429 -0.9220
vn -0.0689 -0.7353 0.6743
vn -0.4701 -0.4591 0.7538
vn 0.9300 -0.1456 -0.3376
vn 0.2396 -0.8138 -0.5295
vn -0.2001 -0.7569 -0.6222
vn 0.6653 -0.0672 -0.7436
vn -0.6228 -0.4075 0.6679
vn 0.9618 0.2647 0.0699
vn 0.8861 -0.2584 0.3848
vn -0.8483 -0.4917 0.1965
vn -0.9604 0.0085 0.2784
vn 0.4373 0.5555 0.7073
vn 0.7342 -0.1210 0.6680
vn 0.7582 -0.3172 0.5697
vn 0.3893 0.0952 -0.9162
vn -0.0065 0.2085 -0.9780
vn -0.0740 -0.1257 -0.9893
vn -0.4346 -0.1442 -0.8890
vn -0.9438 0.0649 0.3242
vn 0.9503 0.1454 -0.2751
vn -0.7336 0.6339 -0.2450
vn 0.3797 -0.8136 -0.4404
vn 0.0158 -0.7901 -0.6128
vn -0.7527 -0.5622 -0.3425
vn -0.8249 0.2182 -0.5215
vn -0.0631 0.2444 -0.9676
vn 0.1850 0.6478 -0.7390
vn -0.7201 0.6898 -0.0754
vn -0.7069 -0.1819 -0.6835
vn -0.4950 0.1769 -0.8507
vn -0.3060 0.1607 -0.9384
vn -0.4206 0.4427 -0.7919
vn 0.4528 0.5955 -0.6636
vn 0.6659 0.1117 -0.7376
vn -0.3161 0.8982 -0.3055
vn -0.3353 -0.6419 -0.6896
vn -0.0917 -0.8087 -0.5811
vn -0.1301 0.7997 -0.5861
vn 0.7896 -0.2134 -0.5753
vn 0.8301 -0.3690 0.4180
vn -0.7943 -0.3181 0.5176
vn -0.9008 -0.2208 0.3738
vn -0.5091 0.1721 -0.8433
vn -0.9666 -0.2112 0.1449
vn -0.3816 0.2533 -0.8889
vn -0.1113 0.2282 -0.9672
vn 0.9927 0.0871 -0.0837
vn 0.3448 -0.1735 -0.9225
vn 0.8606 -0.5090 -0.0197
vn -0.2419 -0.8121 -0.5310
vn 0.9639 -0.0308 0.2646
vn -0.9120 -0.2633 -0.3144
vn -0.6007 -0.3343 -0.7262
vn 0.2487 0.2027 -0.9471
vn -0.7228 -0.1807 -0.6670
vn -0.5974 -0.3599 -0.7167
vn -0.5257 0.7727 -0.3558
vn 0.6261 0.4325 -0.6489
vn 0.5703 0.4343 -0.6972
vn 0.4566 -0.8360 -0.3044
vn -0.0976 0.8199 -0.5641
vn 0.5478 -0.1743 -0.8182
vn -0.7584 -0.3679 0.5381
vn -0.3000 -0.5617 -0.7711
vn 0.1454 -0.7561 -0.6380
vn -0.5677 -0.6032 -0.5602
vn -0.7093 -0.4213 -0.5652
vn 0.5653 0.2736 -0.7782
vn 0.7695 -0.3664 0.5230
vn -0.9140 0.2746 0.2986
vn 0.5610 0.0127 -0.8277
vn 0.8954 0.2090 -0.3932
vn 0.8086 -0.1706 0.5631
vn 0.0452 -0.1084 -0.9931
vn -0.1377 -0.0279 -0.9901
vn 0.2250 -0.0374 -0.9736
vn 0.0104 0.0469 -0.9988
vn 0.9117 0.1063 -0.3969
vn -0.5615 -0.1820 -0.8072
vn -0.8551 -0.2251 -0.4671
vn -0.9516 -0.1785 -0.2501
vn -0.9385 0.1039 -0.3292
vn -0.2771 -0.6525 -0.7053
vn -0.8978 0.4284 -0.1022
vn -0.8143 0.1092 -0.5700
vn 0.4025 -0.4647 -0.7887
vn -0.9101 -0.0910 -0.4043
vn -0.8480 -0.4923 0.1964
vn 0.9626 0.1750 -0.2068
vn -0.6992 -0.6557 0.2849
vn 0.3992 -0.5231 -0.7530
vn -0.7736 0.3967 -0.4942
vn 0.7810 0.6200 0.0749
vn -0.4631 0.3034 -0.8328
vn -0.4452 -0.1997 -0.8729
vn -0.2948 -0.1515 -0.9435
vn -0.6091 -0.1944 -0.7689
vn -0.5071 0.1072 -0.8552
vn -0.6207 0.3527 -0.7002
vn 0.9225 0.3562 -0.1489
vn 0.8384 0.4895 -0.2396
vn 0.0383 -0.9896 0.1389
vn 0.1365 0.6197 -0.7729
vn -0.1234 -0.9566 -0.2641
vn -0.5755 -0.7001 0.4228
vn -0.3339 -0.3060 -0.8915
vn 0.1631 -0.3102 -0.9366
vn 0.5448 -0.7001 -0.4617
vn -0.7555 -0.0743 -0.6509
vn -0.8317 -0.1739 0.5273
vn 0.9541 0.2594 0.1499
vn 0.6524 0.1331 0.7461
vn -0.8953 -0.0834 0.4376
vn -0.6808 -0.0792 -0.7282
vn 0.9034 -0.0870 0.4198
vn -0.9554 -0.2312 -0.1839
vn -0.3129 -0.0049 -0.9498
vn 0.3494 0.0039 -0.9370
vn -0.6913 -0.4372 -0.5753
vn -0.8182 0.1567 -0.5532
vn 0.7883 0.6147 0.0265
vn -0.8734 0.1484 -0.4638
vn 0.9407 0.3179 0.1184
vn -0.7531 0.3087 -0.5810
vn 0.2140 0.0037 -0.9768
vn -0.6976 -0.0724 -0.7128
vn 0.5138 0.7427 -0.4295
vn -0.6547 0.4008 -0.6409
vn -0.9296 0.0281 -0.3676
vn -0.6971 0.4847 -0.5283
vn 0.3479 0.7448 -0.5694
vn 0.6843 0.4351 -0.5852
vn 0.5401 0.5298 -0.6539
vn 0.1437 -0.9007 0.4101
vn -0.2924 0.7679 -0.5699
vn -0.1077 -0.8066 -0.5812
vn 0.0972 -0.2073 -0.9734
vn 0.2553 -0.3806 -0.8888
vn -0.3081 -0.2516 -0.9175
vn -0.7123 -0.4294 0.5552
vn 0.5713 -0.1621 -0.8046
vn -0.4945 -0.6465 -0.5810
vn 0.4908 -0.8057 -0.3316
vn 0.8992 0.0876 -0.4286
vn 0.8680 -0.3827 -0.3163
vn 0.8156 -0.5030 0.2859
vn 0.7575 -0.2691 0.5948
vn -0.8264 -0.0850 -0.5566
vn 0.9043 0.0083 -0.4269
vn -0.7236 0.2962 0.6234
vn -0.7800 -0.1200 0.6141
vn 0.9942 0.0344 -0.1019
vn 0.8601 -0.1807 -0.4771
vn 0.7714 0.5025 0.3905
vn 0.7583 -0.1605 0.6319
vn 0.8630 -0.1070 -0.4938
vn -0.7123 0.1073 -0.6936
vn -0.4069 0.0139 -0.9134
vn 0.5320 -0.0716 -0.8437
vn -0.0202 -0.5691 -0.8220
vn -0.6891 -0.0996 -0.7178
vn -0.7283 -0.1149 -0.6756
vn 0.1956 -0.7282 -0.6569
vn 0.9573 -0.1757 -0.2296
vn 0.3652 -0.7697 -0.5236
vn -0.8837 -0.2081 -0.4193
vn -0.9183 0.1729 -0.3561
vn 0.8629 -0.4165 -0.2862
vn 0.9004 -0.3683 -0.2318
vn 0.9538 0.1718 0.2465
vn 0.9240 0.2533 0.2863
vn -0.1371 0.1690 -0.9760
vn 0.8354 0.4913 -0.2465
vn -0.2152 0.7573 -0.6167
vn 0.3247 0.8132 -0.4830
vn -0.4809 0.2072 -0.8519
vn 0.4942 0.2353 -0.8369
vn 0.4993 -0.7666 -0.4037
vn -0.5272 -0.5299 -0.6643
vn -0.8397 -0.5407 -0.0516
vn -0.6822 -0.1377 -0.7181
vn 0.8320 -0.0825 -0.5486
vn -0.8226 -0.4064 -0.3978
vn 0.8040 0.4934 0.3318
vn -0.9040 0.0204 0.4271
vn 0.8934 0.1774 0.4127
vn 0.3619 0.4053 0.8395
vn -0.8750 -0.0466 -0.4819
vn 0.9718 -0.0507 0.2303
vn -0.6706 0.1540 -0.7257
vn 0.6546 -0.1889 -0.7320
vn -0.5442 -0.0377 -0.8381
vn -0.2392 -0.5244 -0.8172
vn -0.9216 0.2269 -0.3149
vn 0.9318 0.0323 -0.3614
vn 0.9554 0.2854 0.0760
vn 0.5919 -0.6725 -0.4442
vn -0.8363 0.1582 -0.5250
vn -0.5866 -0.6981 -0.4105
vn -0.2833 -0.7715 -0.5696
vn -0.6928 -0.5778 -0.4315
vn 0.8915 0.1329 0.4331
vn -0.7995 0.2541 -0.5443
vn -0.8653 0.4063 -0.2934
vn 0.0505 -0.9957 0.0776
vn 0.5293 -0.3658 -0.7655
vn -0.4963 -0.6468 -0.5790
vn 0.5163 -0.7998 -0.3063
vn 0.7401 0.6203 0.2598
vn 0.7022 0.6642 -0.2565
vn -0.3342 0.6636 -0.6693
vn 0.4829 0.8348 -0.2645
vn 0.3056 0.9008 -0.3085
vn -0.4659 -0.7350 -0.4926
vn 0.3738 -0.8178 -0.4375
vn -0.4815 -0.8528 -0.2020
vn 0.9714 0.1174 -0.2064
vn 0.8615 -0.0879 -0.5002
vn -0.7604 -0.2126 0.6137
vn 0.9773 0.2107 -0.0218
vn -0.9494 -0.2249 0.2194
vn 0.6931 0.0217 -0.7205
vn 0.8841 -0.0381 -0.4657
vn -0.4298 0.3377 -0.8374
vn 0.9303 -0.0315 -0.3655
vn 0.2604 -0.0136 -0.9654
vn 0.9645 -0.2131 0.1560
vn -0.8389 -0.5059 -0.2007
vn -0.4457 -0.6258 -0.6401
vn -0.8563 0.4347 -0.2789
vn -0.7671 0.3993 -0.5021
vn -0.5534 0.5842 -0.5937
vn 0.4369 0.6316 -0.6404
vn -0.1303 -0.9912 -0.0217
vn -0.3298 0.7258 -0.6036
vn 0.9042 0.1303 -0.4068
vn -0.7826 -0.4926 -0.3807
vn -0.7631 -0.5550 -0.3312
vn 0.0695 0.5013 0.8625
vn -0.9382 -0.0136 -0.3459
vn 0.6441 -0.1985 0.7387
vn -0.8689 -0.3477 0.3524
vn -0.9609 0.0175 -0.2764
vn 0.9181 -0.1811 -0.3525
vn -0.9969 0.0178 -0.0760
vn -0.6453 0.4787 -0.5953
vn 0.3514 0.8993 -0.2602
vn 0.2021 -0.9292 0.3094
vn 0.0122 -0.9050 0.4253
vn -0.1456 0.8436 -0.5168
vn -0.5473 -0.8314 -0.0961
vn -0.9225 -0.2409 0.3017
vn 0.8922 -0.0896 -0.4426
vn 0.2129 -0.9665 0.1431
vn 0.5973 -0.7974 -0.0854
vn -0.8831 -0.2967 -0.3635
vn 0.8634 -0.3162 -0.3932
vn 0.7752 0.5337 0.3379
vn 0.7665 -0.0599 0.6395
vn 0.7579 0.5837 0.2913
vn 0.8046 0.1113 -0.5833
vn -0.9678 -0.0972 -0.2320
vn -0.6762 0.2314 -0.6995
vn -0.6929 0.2076 -0.6905
vn -0.7857 0.0577 -0.6160
vn -0.9400 -0.0403 -0.3389
vn 0.6065 -0.6809 -0.4106
vn 0.7244 -0.5778 -0.3760
vn 0.9400 -0.3388 0.0414
vn 0.8020 0.2614 0.5371
vn 0.1601 -0.8637 0.4778
vn 0.6373 -0.7219 -0.2698
vn 0.8263 -0.3403 -0.4489
vn -0.9941 0.0120 0.1081
vn -0.4405 -0.8950 0.0702
vn 0.7866 -0.3164 0.5303
vn 0.8512 0.1324 0.5078
vn 0.4826 -0.1188 0.8677
vn 0.9405 -0.1929 -0.2799
vn -0.8206 0.1861 -0.5403
vn -0.8612 0.0785 -0.5021
vn -0.7977 -0.1149 -0.5920
vn 0.8353 0.2762 -0.4754
vn -0.9687 -0.0462 -0.2438
vn -0.3639 -0.8470 -0.3875
vn 0.8841 -0.3013 -0.3571
vn -0.4436 -0.3160 -0.8387
vn -0.9571 -0.2842 -0.0567
vn 0.6533 -0.7459 0.1300
vn 0.7404 0.1581 0.6533
vn 0.8576 0.5136 -0.0263
vn -0.6091 0.5952 -0.5241
vn 0.0110 0.8322 -0.5544
vn -0.1379 0.6900 -0.7105
vn -0.0845 0.9204 -0.3817
vn -0.3897 -0.9094 -0.1454
vn 0.0578 -0.9458 0.3197
vn 0.2924 -0.9012 0.3200
vn 0.0439 0.8260 -0.5620
vn -0.1260 -0.0637 -0.9900
vn -0.0521 0.1143 -0.9921
vn 0.2245 -0.1228 -0.9667
vn 0.1173 0.3876 -0.9143
vn 0.3327 0.0871 -0.9390
vn 0.3606 -0.9323 -0.0289
vn -0.8262 -0.3131 -0.4684
vn -0.9493 -0.0942 -0.2999
vn 0.7680 -0.6388 -0.0460
vn -0.5348 -0.8438 0.0443
vn 0.9502 -0.1276 -0.2842
vn -0.0904 -0.9380 0.3347
vn -0.5924 -0.5037 0.6288
vn 0.9043 -0.2621 0.3369
vn -0.9039 0.2545 0.3438
vn 0.2234 0.2058 0.9527
vn 0.1640 0.6767 0.7178
vn 0.9575 -0.1131 -0.2654
vn -0.8318 -0.2125 0.5127
vn -0.4917 -0.3663 0.7900
vn 0.6721 -0.1444 0.7262
vn -0.8822 0.0975 -0.4607
vn 0.9980 0.0418 -0.0467
vn 0.7249 -0.3842 -0.5718
vn -0.9205 -0.0824 -0.3819
vn 0.9547 0.2390 -0.1770
vn -0.1285 -0.7766 -0.6168
vn -0.9331 0.0881 -0.3486
vn 0.5807 0.8141 0.0076
vn -0.7592 -0.5747 -0.3056
vn -0.9964 0.0301 0.0797
vn -0.9578 0.0198 -0.2867
vn 0.6819 0.4560 0.5719
vn -0.1627 -0.9029 0.3979
vn 0.5374 -0.7032 0.4655
vn 0.7420 0.5142 0.4302
vn 0.9380 0.3341 0.0920
vn 0.0273 0.8393 -0.5429
vn -0.0898 0.8272 -0.5547
vn -0.3273 -0.1674 -0.9300
vn -0.0320 -0.2343 -0.9716
vn -0.4652 0.0835 -0.8813
vn -0.2011 0.4636 -0.8629
vn 0.8726 -0.2887 -0.3941
vn 0.9925 -0.0916 -0.0815
vn -0.5395 -0.5946 0.5961
vn 0.7307 -0.5548 0.3978
vn -0.5871 -0.2571 0.7676
vn 0.7831 0.3128 0.5375
vn 0.9986 -0.0238 -0.0481
vn -0.1787 0.0343 0.9833
vn -0.9427 0.0604 -0.3281
vn 0.8426 -0.1364 -0.5210
vn -0.8378 0.0244 -0.5454
vn -0.9188 -0.0282 -0.3938
vn -0.9771 0.0923 -0.1918
vn 0.9507 0.1789 -0.2532
vn -0.9655 0.1548 -0.2095
vn -0.4896 0.6296 -0.6033
vn 0.8773 -0.2751 -0.3933
vn 0.8548 -0.4206 -0.3041
vn 0.9973 -0.0543 -0.0484
vn 0.6111 -0.6818 0.4021
vn 0.6895 0.0366 0.7233
vn -0.7565 -0.4945 -0.4280
vn -0.9115 0.3446 -0.2245
vn -0.4461 0.7555 -0.4799
vn -0.6746 -0.1085 -0.7301
vn 0.5774 0.3324 -0.7457
vn 0.2884 -0.3389 -0.8955
vn -0.2157 -0.3492 -0.9119
vn 0.5839 -0.1029 -0.8053
vn 0.5694 0.2280 -0.7898
vn 0.2445 0.5688 -0.7853
vn -0.9056 -0.3315 -0.2647
vn 0.9667 -0.1943 -0.1665
vn -0.9388 -0.2751 -0.2072
vn 0.7836 0.4189 0.4589
vn -0.0525 0.0557 0.9971
vn 0.0665 0.4034 0.9126
vn -0.0471 0.2811 0.9585
vn 0.0793 -0.2553 0.9636
vn -0.1013 -0.3361 0.9364
vn -0.0157 0.0141 0.9998
vn 0.7110 0.6777 0.1877
vn -0.9405 -0.2417 0.2389
vn 0.6756 0.7351 -0.0561
vn 0.4166 0.9088 -0.0227
vn -0.4592 0.7810 -0.4232
vn 0.0481 0.7173 -0.6951
vn 0.3105 0.6984 -0.6449
vn -0.1381 0.8742 -0.4655
vn 0.0529 0.7253 -0.6864
vn -0.5725 -0.1825 -0.7993
vn -0.4154 0.4474 -0.7920
vn -0.1183 0.7338 -0.6689
vn 0.8523 -0.0958 0.5142
vn -0.7242 0.0658 0.6864
vn -0.5906 -0.2042 0.7807
vn 0.9704 0.1668 -0.1748
vn 0.5421 0.4875 0.6845
vn 0.4311 -0.4435 0.7858
vn 0.5561 -0.2083 0.8046
vn 0.7412 -0.1016 0.6635
vn -0.0108 0.5248 0.8511
vn 0.1113 -0.3058 0.9456
vn 0.0428 -0.4640 0.8848
vn 0.0212 -0.9580 -0.2861
vn 0.9028 0.2002 -0.3807
vn -0.9518 -0.2162 -0.2175
vn 0.6773 0.6471 -0.3500
vn 0.8401 0.3014 0.4510
vn -0.5545 -0.5521 0.6227
vn -0.2837 -0.8304 0.4796
vn -0.9726 0.1782 0.1491
vn 0.6512 0.1915 0.7343
vn -0.2083 -0.0353 -0.9774
vn -0.0889 0.4702 -0.8781
vn 0.1706 0.1599 -0.9723
vn -0.2301 0.3394 -0.9121
vn -0.1880 0.7217 -0.6662
vn 0.5138 0.5819 -0.6304
vn -0.1427 -0.9898 -0.0033
vn -0.4919 -0.8456 -0.2073
vn 0.9187 0.3801 -0.1073
vn -0.8394 -0.5368 -0.0855
vn 0.5076 -0.8277 0.2392
vn 0.9346 -0.3555 -0.0077
vn -0.9854 0.1440 0.0914
vn 0.0058 0.6521 0.7581
vn -0.9893 -0.0755 -0.1248
vn 0.4237 -0.1031 0.8999
vn -0.9639 -0.0989 -0.2472
vn 0.3991 -0.1163 0.9095
vn -0.8802 0.1626 -0.4458
vn 0.9970 -0.0096 -0.0772
vn -0.2122 -0.9764 -0.0403
vn -0.2628 -0.7766 -0.5725
vn -0.6655 -0.3899 -0.6365
vn -0.7053 -0.6282 -0.3285
vn -0.9172 -0.3843 -0.1050
vn -0.1801 0.9267 -0.3298
vn 0.9349 0.3470 -0.0749
vn -0.7917 -0.3884 0.4716
vn -0.1873 -0.8445 0.5018
vn -0.9854 0.0601 -0.1594
vn 0.6084 0.1073 0.7863
vn 0.6483 0.3550 0.6735
vn -0.4449 0.7424 -0.5009
vn -0.1164 0.6958 -0.7087
vn -0.0447 0.1836 -0.9820
vn 0.2087 0.2038 -0.9565
vn 0.1455 0.5491 -0.8230
vn 0.8077 -0.5113 -0.2937
vn 0.2861 0.1331 -0.9489
vn 0.0335 -0.2074 -0.9777
vn 0.6189 -0.0844 -0.7809
vn -0.5604 -0.3435 -0.7536
vn 0.8503 0.0781 -0.5205
vn -0.6338 0.2571 -0.7295
vn 0.7581 0.3366 -0.5586
vn 0.8986 -0.4227 -0.1179
vn 0.9857 -0.1463 -0.0837
vn 0.9106 0.4133 -0.0047
vn -0.9268 -0.2551 -0.2757
vn -0.8375 0.0371 0.5451
vn -0.3828 -0.3338 0.8614
vn 0.7510 -0.2760 0.5998
vn -0.8686 0.2749 -0.4123
vn -0.9930 0.0251 -0.1150
vn -0.5678 -0.7422 -0.3559
vn 0.2198 -0.8932 -0.3923
vn 0.9754 0.1777 0.1301
vn -0.5983 0.7603 0.2529
vn 0.3116 -0.8957 0.3172
vn 0.6171 0.4797 0.6237
vn 0.9223 -0.3587 0.1438
vn 0.5668 -0.6367 0.5228
vn -0.0410 -0.9969 -0.0664
vn 0.8853 0.0965 0.4549
vn -0.5602 0.7623 -0.3242
vn 0.5958 0.7567 -0.2690
vn -0.4243 0.2604 -0.8673
vn -0.4490 0.4481 -0.7731
vn -0.7559 -0.0566 -0.6522
vn 0.1972 -0.9762 0.0906
vn 0.0320 -0.9506 -0.3087
vn -0.7603 0.2188 -0.6116
vn -0.3170 -0.5982 0.7360
vn -0.5058 0.3572 0.7852
vn 0.5786 0.4554 0.6766
vn -0.9814 0.1654 0.0976
vn -0.2485 0.4311 0.8674
vn -0.0011 0.6059 0.7955
vn 0.4279 0.3194 0.8455
vn 0.9766 -0.2036 -0.0690
vn 0.9787 -0.2022 0.0355
vn 0.0827 -0.4012 0.9122
vn 0.9894 -0.1231 -0.0766
vn -0.6623 -0.5851 -0.4681
vn -0.9492 0.1065 -0.2960
vn 0.8576 0.2947 -0.4216
vn 0.4103 -0.8762 -0.2529
vn -0.2405 -0.8341 -0.4964
vn 0.7483 -0.6142 -0.2507
vn -0.8016 -0.0272 -0.5972
vn -0.9869 0.0410 -0.1561
vn -0.9025 0.1430 0.4062
vn -0.9406 -0.0229 0.3387
vn -0.7794 -0.2982 -0.5510
vn 0.8901 -0.4356 0.1340
vn 0.9772 -0.1869 -0.1010
vn -0.9171 0.1613 0.3647
vn 0.6702 0.2245 0.7074
vn -0.7315 0.5731 -0.3695
vn 0.6911 0.6799 0.2453
vn -0.4261 0.8793 -0.2129
vn -0.1462 0.7510 -0.6440
vn 0.0846 -0.9245 0.3716
vn 0.4213 -0.8733 -0.2448
vn -0.5040 0.1486 -0.8508
vn 0.4866 0.6906 -0.5351
vn 0.6248 -0.0184 -0.7806
vn -0.7272 -0.0120 -0.6863
vn -0.6189 0.5009 -0.6050
vn 0.1312 0.8680 -0.4789
vn 0.9830 0.1647 -0.0812
vn -0.9241 -0.1775 -0.3386
vn -0.4849 -0.8508 -0.2027
vn -0.5882 -0.1504 0.7946
vn -0.3184 -0.5389 0.7799
vn -0.0519 0.6493 0.7588
vn 0.2906 0.1397 0.9466
vn 0.0821 -0.6005 -0.7954
vn 0.7736 0.4299 -0.4656
vn -0.1245 -0.2478 -0.9608
vn 0.7158 -0.0001 -0.6983
vn 0.5257 -0.7882 -0.3199
vn -0.0213 -0.8671 -0.4976
vn -0.8866 -0.3218 -0.3321
vn 0.8305 -0.0537 0.5544
vn -0.9865 -0.1143 0.1174
vn -0.5835 0.3448 -0.7353
vn 0.9075 0.4169 -0.0518
vn -0.7793 -0.2984 -0.5511
vn 0.9992 0.0326 0.0226
vn -0.8791 0.4034 0.2540
vn 0.8419 0.2577 0.4741
vn 0.8950 0.2156 0.3905
vn 0.4923 0.8538 0.1693
vn 0.4318 0.5410 -0.7217
vn 0.0855 0.6427 -0.7613
vn 0.1528 -0.9536 0.2595
vn -0.6212 -0.7673 -0.1591
vn -0.1750 0.8714 -0.4584
vn 0.0806 -0.8868 0.4550
vn 0.6986 0.3640 -0.6160
vn -0.8327 -0.0443 -0.5519
vn 0.6584 0.6226 -0.4230
vn 0.1754 0.8196 -0.5455
vn -0.8601 -0.5099 0.0141
vn -0.8832 0.0137 0.4688
vn -0.9772 -0.1895 -0.0958
vn 0.5450 -0.3475 0.7630
vn -0.1201 0.0001 0.9928
vn -0.7924 0.5104 0.3340
vn -0.2929 0.2172 0.9311
vn -0.1901 0.4150 0.8898
vn -0.9382 -0.1478 0.3131
vn -0.9909 -0.0030 -0.1345
vn -0.8152 -0.2715 0.5117
vn -0.9814 0.1361 -0.1356
vn -0.9789 0.1266 -0.1604
vn 0.1294 -0.9323 0.3377
vn 0.9667 -0.0495 -0.2511
vn -0.3289 -0.9141 -0.2373
vn -0.2218 -0.8165 -0.5330
vn 0.4996 -0.4408 -0.7458
vn -0.6295 -0.6045 -0.4882
vn -0.9462 0.2704 -0.1779
vn -0.6610 -0.5595 -0.5001
vn 0.7658 0.0905 0.6367
vn 0.5899 0.8014 0.0990
vn -0.5396 0.1673 0.8252
vn 0.1280 0.6837 -0.7185
vn 0.4624 0.3988 0.7919
vn 0.7119 -0.6948 0.1022
vn -0.9854 0.0601 -0.1593
vn 0.8900 -0.4359 0.1339
vn -0.7794 -0.2988 -0.5507
vn -0.9807 0.1554 -0.1185
vn -0.9151 0.3838 -0.1234
vn 0.3970 0.8963 0.1978
vn 0.6922 0.6038 -0.3953
vn -0.6362 0.4366 -0.6361
vn -0.0893 -0.9554 0.2814
vn 0.1839 -0.8991 0.3973
vn 0.3411 -0.6422 -0.6865
vn -0.3048 0.8074 -0.5051
vn 0.2658 0.7187 -0.6425
vn 0.3860 0.4815 -0.7869
vn -0.7933 -0.1962 -0.5764
vn 0.8321 -0.5090 0.2201
vn -0.9612 0.0637 0.2685
vn -0.9228 -0.2617 -0.2826
vn 0.6683 0.6579 0.3472
vn 0.9808 -0.1762 0.0837
vn 0.9649 -0.2049 0.1643
vn 0.4682 -0.0076 0.8836
vn 0.9238 0.3580 0.1357
vn -0.9399 0.0804 0.3318
vn -0.3562 -0.0847 0.9306
vn 0.1140 -0.2133 0.9703
vn 0.3727 -0.4180 0.8285
vn -0.9888 0.0853 -0.1221
vn 0.9731 -0.0560 0.2233
vn -0.9621 0.1926 -0.1929
vn -0.9057 -0.4215 0.0455
vn -0.9348 -0.0028 -0.3552
vn 0.6003 -0.6845 -0.4137
vn 0.2365 -0.9382 -0.2527
vn -0.4687 -0.8202 -0.3280
vn 0.8759 -0.4820 0.0238
vn 0.4264 0.6843 -0.5915
vn 0.2297 0.2435 -0.9423
vn -0.9320 -0.2772 -0.2337
vn 0.9583 0.2311 0.1684
vn -0.8343 -0.5481 0.0596
vn -0.9809 -0.1817 0.0687
vn 0.7529 -0.4461 0.4839
vn 0.5872 -0.6713 0.4524
vn -0.8472 -0.0037 0.5312
vn 0.3496 0.4095 0.8427
vn 0.5670 -0.5684 0.5962
vn 0.6999 0.7086 -0.0895
vn 0.2601 0.8646 -0.4299
vn 0.2114 -0.0481 -0.9762
vn -0.7983 0.0837 -0.5964
vn 0.4332 -0.9005 -0.0379
vn 0.6975 0.1237 -0.7058
vn 0.8904 0.2249 -0.3957
vn -0.8916 0.1152 -0.4380
vn -0.1185 -0.8758 0.4679
vn -0.6488 -0.5437 0.5324
vn 0.9580 -0.1447 0.2474
vn -0.6520 -0.7197 0.2388
vn -0.3843 -0.9081 0.1664
vn 0.9946 0.0910 0.0498
vn -0.4353 0.1879 0.8805
vn 0.2532 0.6006 0.7584
vn 0.4000 -0.2542 0.8805
vn 0.2522 0.2121 0.9441
vn 0.2218 0.0510 0.9738
vn 0.0329 -0.0762 0.9965
vn 0.9880 -0.1407 0.0637
vn -0.9869 0.0447 -0.1548
vn 0.8085 0.4145 -0.4177
vn -0.2908 -0.6574 -0.6951
vn -0.4035 -0.7811 -0.4765
vn -0.0836 -0.7332 -0.6749
vn 0.5306 -0.8312 0.1660
vn -0.5878 -0.7380 -0.3315
vn -0.6828 0.6498 -0.3338
vn 0.8670 0.1387 -0.4786
vn 0.6928 -0.3364 -0.6378
vn 0.4923 0.5219 0.6966
vn -0.1963 0.9799 -0.0366
vn -0.7109 0.6842 -0.1627
vn 0.5462 0.7864 -0.2886
vn -0.4202 0.7459 -0.5169
vn -0.1710 -0.2893 -0.9418
vn 0.5021 -0.3696 -0.7819
vn -0.1623 -0.8194 -0.5498
vn 0.1217 0.9586 0.2575
vn 0.1840 -0.8990 0.3975
vn -0.1624 -0.8191 -0.5501
vn 0.4409 -0.8609 -0.2539
vn 0.1387 -0.8848 0.4448
vn 0.9098 0.2346 -0.3423
vn 0.8174 0.5056 -0.2759
vn -0.2821 0.7710 -0.5709
vn -0.9710 -0.2306 0.0636
vn -0.6481 -0.6620 -0.3765
vn -0.2813 -0.0332 0.9590
vn 0.2211 0.5867 0.7791
vn 0.3519 -0.0627 0.9339
vn 0.3669 -0.1891 0.9108
vn 0.1933 -0.4232 0.8852
vn -0.9942 -0.0941 0.0528
vn 0.3749 -0.7083 -0.5981
vn -0.1924 -0.9526 -0.2355
vn -0.9457 -0.2687 0.1831
vn -0.9350 -0.0161 0.3542
vn 0.5972 0.4459 0.6668
vn 0.9770 -0.0714 0.2008
vn 0.2972 0.8119 0.5025
vn -0.5751 0.5201 0.6314
vn -0.0520 -0.3472 0.9363
vn -0.2954 -0.8297 0.4736
vn 0.9743 0.2228 0.0339
vn 0.9276 -0.3453 -0.1429
vn 0.4611 -0.7488 0.4760
vn 0.3237 -0.3241 0.8889
vn -0.8432 -0.4623 0.2743
vn 0.7354 0.0644 0.6746
vn -0.9508 0.2745 0.1435
vn -0.7431 0.5809 -0.3322
vn -0.2674 0.4417 -0.8564
vn 0.1785 -0.8650 0.4689
vn 0.0478 -0.9398 0.3382
vn -0.5735 -0.8043 -0.1559
vn 0.4726 -0.0872 -0.8770
vn -0.5549 -0.6386 -0.5331
vn -0.1624 -0.8190 -0.5504
vn 0.4603 -0.8070 -0.3701
vn -0.7085 -0.0675 -0.7025
vn 0.9270 -0.2904 -0.2374
vn 0.1814 -0.9829 0.0328
vn -0.5146 -0.8071 0.2895
vn 0.6452 -0.6651 0.3760
vn -0.7248 -0.6153 0.3100
vn 0.7072 -0.5902 0.3893
vn -0.6333 0.3456 0.6924
vn 0.0803 0.5447 0.8348
vn -0.1073 -0.3590 0.9271
vn -0.0817 -0.1446 0.9861
vn -0.4315 -0.3755 0.8202
vn 0.9526 -0.2481 -0.1763
vn -0.2415 -0.9698 0.0330
vn -0.9695 0.0363 -0.2425
vn 0.1618 -0.7836 -0.5998
vn -0.5632 -0.6535 -0.5058
vn 0.5463 -0.8084 -0.2193
vn 0.7986 -0.5971 0.0757
vn 0.1901 -0.9596 -0.2074
vn 0.6498 0.7584 -0.0508
vn 0.8737 0.2001 0.4433
vn -0.2308 0.8586 0.4578
vn -0.9448 0.0948 0.3137
vn -0.0844 -0.6109 0.7872
vn -0.2207 0.2509 0.9425
vn 0.2608 -0.6987 0.6662
vn 0.1245 -0.5156 0.8477
vn 0.4664 -0.4599 0.7556
vn 0.5598 -0.7439 0.3651
vn 0.3311 0.0766 0.9405
vn -0.8366 0.5468 -0.0340
vn -0.5056 0.8532 -0.1280
vn 0.3768 0.8214 0.4282
vn 0.5043 0.8267 -0.2494
vn -0.0746 -0.9758 0.2053
vn 0.3959 -0.7022 -0.5918
vn -0.1624 -0.8192 -0.5501
vn 0.1528 -0.9537 0.2592
vn -0.8647 0.0064 -0.5023
vn 0.4332 -0.8884 0.1519
vn 0.7825 0.1524 -0.6037
vn -0.9134 -0.0307 -0.4060
vn -0.1941 0.9125 -0.3602
vn -0.3426 0.7753 -0.5305
vn 0.8806 -0.3814 0.2813
vn -0.7966 -0.6044 0.0117
vn -0.9683 -0.1641 0.1883
vn -0.9534 -0.2247 0.2014
vn -0.0197 0.3303 0.9437
vn 0.9420 -0.2434 0.2311
vn 0.9202 -0.1678 0.3536
vn 0.8611 -0.1799 0.4756
vn -0.8557 -0.2907 0.4280
vn 0.9879 0.1450 -0.0544
vn 0.0772 -0.6703 -0.7381
vn 0.6073 -0.6808 -0.4096
vn 0.3030 -0.7782 -0.5500
vn -0.9007 -0.3785 -0.2133
vn 0.5944 -0.2848 0.7521
vn -0.1330 -0.4490 0.8836
vn -0.1783 -0.3183 0.9311
vn 0.8191 0.2346 0.5234
vn -0.5719 -0.5875 0.5725
vn 0.2202 -0.0056 0.9754
vn 0.2396 -0.5187 0.8207
vn 0.9711 -0.0128 0.2383
vn 0.8359 0.2766 0.4740
vn 0.8399 0.4681 0.2749
vn -0.6125 0.7845 -0.0964
vn 0.7939 0.5756 -0.1960
vn -0.5892 0.6914 -0.4181
vn 0.4568 0.7031 -0.5449
vn -0.2604 0.9517 -0.1628
vn 0.2911 0.6203 -0.7284
vn -0.2350 -0.9302 -0.2820
vn 0.3428 -0.7151 0.6092
vn -0.8859 -0.3926 0.2469
vn -0.8659 -0.3071 -0.3949
vn -0.9412 -0.1357 -0.3093
vn 0.2707 0.6133 0.7420
vn 0.8641 0.3203 0.3882
vn 0.9522 -0.2127 0.2191
vn -0.0123 -0.4744 0.8802
vn -0.1340 -0.4411 0.8874
vn 0.9242 -0.2016 0.3243
vn -0.9897 0.0759 0.1212
vn -0.9829 0.1657 -0.0803
vn 0.7855 -0.5623 -0.2586
vn -0.4653 -0.7067 -0.5330
vn -0.9930 0.1071 -0.0489
vn -0.6081 -0.7389 -0.2902
vn 0.9985 0.0490 0.0259
vn -0.6904 -0.5893 -0.4195
vn -0.9244 0.3747 -0.0717
vn 0.7392 0.6420 0.2032
vn -0.5683 0.5676 0.5957
vn 0.0873 0.7532 0.6520
vn -0.9028 0.2601 0.3426
vn 0.8110 -0.3333 0.4807
vn -0.6109 -0.5459 0.5734
vn 0.0398 0.0118 0.9991
vn 0.9455 0.1173 0.3037
vn -0.6379 0.7692 0.0380
vn 0.3985 0.8258 0.3990
vn 0.6787 0.3846 -0.6257
vn -0.4763 -0.8791 0.0174
vn -0.7661 0.1792 -0.6172
vn -0.8332 0.4184 -0.3616
vn 0.7013 0.7012 -0.1282
vn 0.8219 -0.5486 0.1535
vn -0.2509 -0.7794 0.5741
vn 0.2526 0.6295 0.7348
vn -0.9926 0.0437 0.1135
vn 0.6374 -0.3679 0.6770
vn -0.9999 0.0146 0.0020
vn 0.1823 -0.7530 -0.6323
vn -0.4858 -0.5206 -0.7021
vn -0.5835 -0.6656 -0.4654
vn 0.3614 -0.7776 0.5145
vn -0.6530 -0.4711 -0.5930
vn 0.9123 0.2381 -0.3331
vn -0.4661 -0.7559 -0.4598
vn -0.9445 0.1843 -0.2718
vn -0.9983 -0.0582 0.0030
vn 0.5443 0.3731 0.7514
vn -0.0840 0.9394 0.3324
vn -0.3063 0.7667 0.5642
vn -0.8133 0.2655 0.5177
vn 0.5220 -0.1820 0.8333
vn 0.8182 -0.1622 0.5515
vn 0.7944 0.5925 -0.1337
vn 0.7579 0.6515 0.0328
vn 0.8298 0.5481 -0.1052
vn -0.7083 0.5119 -0.4861
vn -0.4231 0.7574 -0.4973
vn 0.6872 -0.4613 -0.5612
vn 0.7357 -0.2383 -0.6340
vn -0.9540 0.1515 -0.2586
vn 0.9140 0.2781 -0.2953
vn 0.5148 0.8124 -0.2738
vn -0.7146 0.4676 0.5203
vn 0.9768 0.0148 0.2138
vn -0.6866 -0.3050 0.6600
vn -0.7204 -0.5398 0.4355
vn 0.9824 -0.0980 0.1593
vn -0.2693 -0.8782 -0.3954
vn -0.7565 -0.5280 -0.3859
vn 0.4013 -0.7631 -0.5065
vn -0.7790 -0.5314 -0.3328
vn 0.9539 -0.2999 0.0057
vn 0.4266 -0.7538 0.4997
vn -0.0049 0.9903 -0.1387
vn 0.9831 -0.1809 -0.0263
vn -0.1100 -0.9806 -0.1625
vn -0.9992 0.0084 -0.0399
vn 0.3775 0.8772 -0.2968
vn -0.9966 0.0827 -0.0031
vn 0.9493 -0.3084 -0.0616
vn -0.7276 -0.0516 0.6840
vn 0.9758 0.2172 0.0248
vn -0.9361 0.1880 0.2974
vn 0.8750 -0.3690 0.3134
vn 0.5234 0.6120 0.5929
vn -0.4110 0.9044 0.1143
vn 0.8879 0.4600 0.0079
vn 0.7899 -0.4659 -0.3987
vn 0.9445 0.0236 -0.3278
vn 0.9257 0.3660 -0.0960
vn -0.1827 0.9014 -0.3926
vn -0.9340 0.0276 0.3561
vn -0.9243 -0.3748 0.0726
vn 0.5088 0.8483 0.1469
vn 0.0500 0.9269 0.3719
vn -0.1783 0.6704 0.7202
vn -0.8689 -0.1881 0.4578
vn -0.9978 0.0483 -0.0456
vn -0.4811 -0.6821 -0.5508
vn 0.7747 -0.6085 -0.1718
vn -0.7440 -0.3082 -0.5929
vn 0.9440 0.1508 -0.2933
vn 0.8177 -0.4695 0.3330
vn 0.8616 0.5046 0.0554
vn 0.9028 0.3769 0.2071
vn 0.6203 0.7304 -0.2858
vn -0.8161 0.5333 -0.2225
vn 0.6410 -0.3639 0.6758
vn -0.5013 -0.6601 0.5595
vn 0.1105 -0.3673 0.9235
vn -0.9447 0.3024 0.1271
vn -0.3554 0.8993 0.2549
vn -0.7784 0.6262 -0.0433
vn 0.6446 0.7425 -0.1823
vn 0.6939 0.7171 -0.0659
vn -0.9143 -0.0506 -0.4019
vn -0.5397 -0.8328 0.1229
vn 0.7019 -0.6668 0.2505
vn 0.9599 0.0487 -0.2760
vn 0.8468 0.5316 0.0183
vn 0.8074 -0.3641 0.4642
vn -0.4615 -0.7751 0.4316
vn -0.8483 -0.4203 0.3220
vn 0.0064 -0.8073 0.5901
vn -0.9987 0.0024 -0.0509
vn 0.8844 -0.4636 -0.0533
vn -0.2381 -0.9685 0.0734
vn -0.0144 0.0896 -0.9959
vn 0.8750 -0.4342 0.2140
vn 0.9735 0.2123 0.0847
vn 0.1323 0.7059 0.6959
vn -0.1434 -0.8647 0.4813
vn 0.8167 -0.4958 0.2951
vn 0.3426 -0.5916 0.7298
vn 0.9475 -0.0747 0.3110
vn -0.8644 0.2126 0.4557
vn -0.8775 0.3994 0.2654
vn -0.8645 -0.3654 -0.3452
vn 0.7890 -0.6141 0.0208
vn 0.0520 -0.8571 0.5125
vn -0.6862 0.6386 -0.3483
vn 0.0516 -0.9901 -0.1302
vn 0.8178 -0.4039 0.4100
vn -0.9772 0.0319 -0.2097
vn -0.8603 0.3543 0.3666
vn 0.3066 -0.4334 0.8474
vn 0.6033 -0.7683 0.2138
vn 0.9852 0.0155 0.1705
vn 0.9695 0.1941 -0.1498
vn 0.9459 0.0758 0.3154
vn -0.5695 -0.5378 -0.6216
vn -0.3915 -0.9156 -0.0916
vn 0.4157 -0.7862 -0.4572
vn -0.4647 0.6451 0.6065
vn -0.9621 -0.0037 0.2726
vn 0.3723 0.5571 0.7423
vn 0.9632 -0.2605 0.0662
vn -0.8142 0.3619 0.4539
vn -0.7110 0.1562 0.6856
vn -0.7574 0.2395 0.6074
vn 0.5415 -0.5269 0.6551
vn -0.7385 0.1247 0.6626
vn -0.7901 0.5694 0.2270
vn 0.3715 0.6839 0.6279
vn 0.7265 0.5691 0.3851
vn 0.9123 -0.0552 -0.4059
vn -0.7980 -0.5474 -0.2519
vn -0.8704 0.2337 -0.4334
vn 0.7340 0.5068 -0.4521
vn 0.1902 0.9420 -0.2764
vn -0.4628 0.8072 -0.3664
vn 0.0337 0.9618 -0.2718
vn 0.0797 -0.8429 0.5321
vn -0.8791 0.0146 -0.4764
vn -0.3381 0.8062 0.4855
vn 0.8678 -0.2503 0.4293
vn -0.9337 -0.0161 0.3578
vn 0.6435 0.6179 0.4517
vn -0.7552 -0.0441 0.6540
vn -0.2802 -0.4260 0.8602
vn 0.9435 -0.3142 0.1052
vn 0.8416 -0.4657 -0.2736
vn 0.8769 -0.4269 0.2208
vn -0.8368 -0.4954 -0.2334
vn 0.7140 -0.3805 0.5878
vn -0.6243 -0.7800 -0.0427
vn -0.9411 -0.3280 -0.0824
vn -0.1236 0.4645 0.8769
vn -0.1940 0.5657 0.8015
vn 0.7427 0.2156 0.6340
vn -0.4589 0.8781 0.1356
vn -0.6640 0.4585 0.5907
vn -0.6708 -0.1486 0.7266
vn 0.7345 0.4455 0.5120
vn 0.4130 0.7025 0.5796
vn 0.8495 0.5236 0.0646
vn 0.5622 0.7647 0.3149
vn -0.1209 -0.9565 0.2657
vn -0.9290 -0.0093 -0.3700
vn 0.3605 0.8457 -0.3935
vn -0.5059 -0.6350 -0.5838
vn 0.5848 -0.6136 0.5305
vn -0.9589 0.0008 -0.2838
vn 0.8260 -0.3808 0.4156
vn -0.6570 -0.7106 0.2518
vn -0.9988 -0.0484 -0.0015
vn 0.9094 -0.0712 0.4098
vn -0.9238 -0.1069 0.3676
vn 0.9580 -0.0511 0.2821
vn -0.9989 0.0398 -0.0263
vn 0.9202 0.3508 -0.1735
vn 0.4811 -0.7295 -0.4862
vn -0.4905 -0.8571 -0.1572
vn -0.7377 -0.3494 -0.5777
vn 0.9374 0.2970 -0.1817
vn -0.5984 -0.2609 -0.7576
vn 0.3167 0.3708 -0.8731
vn -0.4198 0.1380 -0.8970
vn 0.7549 -0.4859 -0.4404
vn 0.0063 -0.9998 0.0209
vn 0.0181 -0.9143 -0.4046
vn 0.9502 -0.0691 0.3038
vn 0.6296 0.3145 0.7104
vn -0.6148 0.0032 0.7887
vn 0.7369 -0.1691 0.6546
vn 0.7876 0.6042 0.1211
vn -0.8239 0.5529 -0.1245
vn -0.9914 -0.1150 0.0629
vn 0.1910 0.2202 -0.9566
vn 0.7358 0.4396 0.5152
vn 0.3872 -0.3693 0.8448
vn -0.6255 -0.1688 0.7618
vn 0.9386 -0.3049 0.1612
vn 0.6747 -0.3181 0.6661
vn 0.7248 -0.2106 0.6560
vn 0.6615 0.2827 0.6946
vn 0.7966 0.5975 -0.0917
vn 0.2311 -0.8539 0.4663
vn 0.9461 0.2414 -0.2158
vn -0.0212 0.8903 -0.4549
vn 0.9613 0.2285 -0.1536
vn -0.9197 0.3920 -0.0218
vn -0.5555 0.8062 -0.2036
vn 0.0310 -0.9681 -0.2488
vn -0.8908 0.0726 0.4485
vn 0.9608 0.2768 0.0125
vn 0.8249 0.5642 0.0354
vn -0.7084 -0.6015 0.3693
vn -0.6842 -0.1544 0.7127
vn -0.2724 -0.9321 -0.2388
vn 0.8363 0.3930 -0.3824
vn 0.6962 -0.6610 0.2800
vn -0.3282 0.6866 0.6487
vn -0.2776 -0.8791 0.3875
vn -0.6490 -0.7447 -0.1557
vn 0.8299 0.4552 0.3225
vn 0.0969 0.9655 0.2418
vn 0.6764 0.6228 -0.3931
vn -0.8847 0.1748 0.4322
vn 0.9054 0.3112 0.2889
vn 0.0655 -0.5065 0.8597
vn 0.9363 0.1666 0.3090
vn 0.9368 -0.0297 0.3486
vn -0.6637 0.6785 0.3149
vn 0.8853 0.3966 -0.2429
vn -0.6794 0.7180 0.1514
vn 0.6741 0.7058 0.2177
vn -0.9185 -0.3299 -0.2179
vn 0.0934 -0.8232 0.5600
vn 0.0520 -0.9176 0.3941
vn 0.9508 -0.2266 -0.2111
vn 0.8866 -0.4392 0.1454
vn 0.9466 0.2565 -0.1954
vn -0.6449 0.7549 -0.1194
vn -0.7230 -0.5249 0.4491
vn 0.6409 -0.5912 0.4897
vn 0.8610 -0.3079 0.4047
vn -0.8782 0.2241 0.4227
vn -0.8750 0.0464 0.4820
vn 0.8764 -0.2723 0.3971
vn 0.6845 -0.0204 0.7287
vn 0.7261 -0.3065 0.6156
vn 0.8051 -0.1165 0.5816
vn 0.4742 -0.3266 0.8176
vn 0.7841 -0.3974 0.4767
vn 0.9089 -0.0858 -0.4080
vn 0.8365 -0.5424 0.0782
vn 0.9631 0.1856 0.1949
vn -0.1242 -0.6475 -0.7519
vn 0.0447 0.9793 -0.1972
vn 0.1407 -0.2214 -0.9650
vn 0.9111 -0.4118 -0.0196
vn 0.9517 -0.2846 0.1154
vn -0.0080 -0.0266 -0.9996
vn -0.2702 -0.6620 -0.6991
vn -0.9377 0.0341 0.3458
vn -0.5821 -0.6915 0.4279
vn -0.7922 0.6091 -0.0374
vn -0.9297 0.0735 0.3608
vn -0.0725 0.9781 -0.1952
vn -0.8948 -0.3813 0.2323
vn 0.9950 -0.0132 0.0991
vn -0.1338 -0.2199 0.9663
vn 0.6706 -0.0017 0.7419
vn 0.6705 -0.0016 0.7419
vn -0.2536 0.3055 0.9178
vn 0.1254 -0.3186 0.9396
vn -0.5045 0.8031 0.3170
vn -0.3042 0.8633 0.4027
vn 0.7756 0.5792 0.2508
vn -0.9361 0.3279 -0.1272
vn -0.9401 -0.2257 -0.2555
vn -0.6671 -0.7386 0.0967
vn -0.9707 -0.0177 -0.2396
vn -0.8977 0.4394 0.0335
vn 0.6982 0.6613 0.2741
vn -0.2540 0.9535 -0.1621
vn 0.6331 0.7590 0.1519
vn 0.5244 -0.8486 -0.0700
vn -0.9117 0.3558 0.2055
vn 0.8866 -0.2889 0.3611
vn 0.7540 0.5058 0.4191
vn 0.8318 -0.2501 0.4955
vn 0.7746 0.1022 0.6241
vn 0.8150 -0.3362 0.4720
vn -0.9643 0.0743 0.2542
vn 0.7067 -0.2079 0.6763
vn -0.4889 -0.5109 0.7071
vn 0.9431 0.3292 -0.0467
vn 0.2018 -0.7120 -0.6725
vn -0.5827 -0.7037 -0.4065
vn 0.7794 0.2154 -0.5883
vn 0.0219 -0.9925 0.1205
vn -0.9808 -0.1925 0.0313
vn -0.3161 -0.8958 -0.3126
vn 0.0234 0.4658 0.8846
vn 0.9923 0.0840 0.0913
vn -0.0148 0.9768 -0.2137
vn -0.9901 -0.1267 0.0604
vn -0.9968 0.0768 -0.0204
vn 0.6300 0.3142 0.7102
vn 0.7038 0.6811 0.2019
vn 0.4283 -0.8622 0.2707
vn -0.9956 0.0114 -0.0925
vn 0.6100 0.7913 0.0418
vn 0.7824 0.3058 0.5425
vn 0.8834 0.3190 0.3431
vn 0.3970 0.3991 0.8265
vn 0.2377 -0.2191 0.9463
vn 0.0511 -0.5577 0.8285
vn -0.9309 -0.0243 0.3644
vn 0.7761 -0.2282 0.5879
vn 0.4642 -0.3586 0.8099
vn 0.2172 0.5444 0.8102
vn 0.3623 0.5767 0.7322
vn 0.1924 0.5542 0.8099
vn 0.9795 -0.0714 -0.1886
vn 0.1762 -0.8864 0.4281
vn 0.9210 -0.3873 0.0415
vn 0.2330 -0.8599 0.4542
vn -0.3831 0.9121 -0.1458
vn 0.8657 -0.4573 0.2035
vn -0.8665 0.2955 -0.4023
vn -0.9467 0.0265 0.3210
vn 0.1447 -0.6218 0.7697
vn 0.3887 -0.8323 -0.3952
vn -0.4006 -0.4059 -0.8214
vn 0.0857 -0.1814 -0.9797
vn -0.6879 0.1849 -0.7018
vn 0.9676 0.2075 0.1440
vn -0.1604 0.4824 -0.8611
vn 0.5687 -0.1029 -0.8161
vn 0.9355 0.0794 -0.3443
vn 0.5574 0.4761 -0.6802
vn -0.3832 -0.9106 0.1549
vn 0.7738 -0.4478 -0.4480
vn 0.4549 -0.7224 -0.5208
vn 0.2345 -0.5014 -0.8329
vn 0.0148 -0.4660 -0.8846
vn -0.0148 0.9768 -0.2135
vn 0.7390 -0.5822 -0.3389
vn 0.2923 -0.7344 -0.6125
vn -0.9681 -0.1137 0.2234
vn -0.1043 0.9451 0.3097
vn 0.2455 0.7785 0.5776
vn -0.0860 0.9916 -0.0962
vn 0.8209 0.5138 0.2494
vn -0.4578 0.6143 0.6428
vn -0.3623 0.5055 0.7831
vn -0.3461 -0.3949 0.8510
vn 0.9285 0.3247 0.1803
vn 0.3181 -0.5720 0.7560
vn 0.9986 -0.0067 0.0530
vn -0.1699 -0.1679 0.9711
vn -0.2060 -0.2126 0.9552
vn 0.6314 0.0925 0.7700
vn 0.3394 0.4828 0.8073
vn 0.9437 0.3303 -0.0185
vn 0.8394 0.5260 0.1370
vn 0.9323 -0.3460 -0.1055
vn -0.1567 -0.9284 0.3370
vn -0.6870 -0.5637 0.4585
vn -0.7146 0.3913 0.5799
vn 0.4698 0.2818 0.8366
vn 0.5326 0.0454 0.8452
vn 0.8909 -0.3640 0.2717
vn 0.8531 -0.0773 0.5160
vn 0.7699 -0.5722 0.2824
vn 0.7870 0.4547 -0.4169
vn -0.2391 -0.5165 -0.8222
vn -0.6931 0.6720 -0.2609
vn 0.8532 0.0083 0.5216
vn 0.4172 -0.3131 -0.8532
vn -0.3758 -0.3157 -0.8713
vn 0.8025 -0.1974 0.5631
vn -0.2237 0.6742 0.7038
vn 0.5511 0.6900 0.4692
vn -0.9096 0.1629 0.3822
vn 0.4649 -0.1654 0.8698
vn 0.7661 0.4257 0.4815
vn -0.6016 -0.4455 0.6631
vn 0.8065 -0.4493 0.3843
vn 0.2292 0.0528 0.9719
vn 0.8640 0.1576 0.4782
vn -0.1703 0.3717 0.9126
vn 0.9340 -0.3029 0.1896
vn -0.9439 -0.3246 0.0608
vn -0.2179 0.4584 0.8616
vn 0.6879 0.7045 -0.1745
vn -0.4814 0.7288 0.4868
vn 0.5871 0.7098 0.3892
vn 0.0216 0.0892 0.9958
vn -0.4153 -0.5041 0.7572
vn 0.7875 -0.2552 0.5611
vn 0.4897 0.5449 0.6806
vn 0.8110 0.5703 0.1306
vn 0.8782 0.4708 0.0848
vn -0.7899 -0.3442 -0.5075
vn -0.2113 0.8824 -0.4205
vn 0.5162 0.3046 -0.8005
vn -0.0873 -0.9828 0.1626
vn 0.3767 -0.9119 -0.1629
vn -0.8252 0.0252 0.5643
vn -0.9611 -0.0605 0.2696
vn -0.9268 0.0735 -0.3683
vn 0.5761 0.7648 0.2884
vn -0.3824 -0.2541 0.8884
vn 0.4828 0.0431 0.8747
vn -0.6082 -0.3371 0.7186
vn -0.9920 0.1159 -0.0509
vn -0.5403 0.5478 -0.6388
vn 0.9332 0.0467 0.3563
vn 0.0462 0.1364 -0.9896
vn -0.6828 0.4793 -0.5514
vn 0.9184 -0.0741 0.3886
vn -0.9486 0.2839 -0.1400
vn 0.3786 -0.7363 0.5608
vn 0.6211 0.7057 0.3410
vn 0.7495 0.4249 0.5076
vn 0.6012 0.5030 0.6209
vn -0.3460 0.7743 0.5299
vn -0.0268 0.9598 -0.2795
vn -0.6856 0.5425 0.4854
vn 0.1422 -0.2722 0.9517
vn -0.3936 -0.1190 0.9116
vn -0.1059 -0.0963 0.9897
vn 0.9523 -0.1601 0.2598
vn -0.0211 -0.0092 0.9997
vn 0.8889 0.3387 0.3084
vn 0.3417 -0.0682 0.9373
vn 0.3601 0.8964 0.2585
vn 0.6013 0.2633 0.7544
vn 0.8520 0.4967 -0.1653
vn 0.7713 -0.0625 0.6334
vn 0.2853 -0.2401 0.9279
vn -0.8285 0.0710 0.5554
vn -0.7433 0.2324 0.6273
vn -0.7771 0.3157 0.5444
vn 0.2740 0.5388 0.7966
vn 0.7286 0.1341 0.6717
vn -0.5884 0.6232 0.5152
vn 0.7814 0.4850 0.3926
vn 0.9346 0.3020 0.1879
vn -0.5539 0.7355 0.3902
vn 0.4018 0.7358 0.5451
vn -0.7084 0.6686 0.2263
vn 0.6398 0.6504 0.4094
vn -0.2606 -0.4144 -0.8720
vn -0.8311 -0.0585 -0.5531
vn -0.8436 -0.2381 -0.4814
vn 0.5925 -0.7295 0.3416
vn 0.9989 0.0317 0.0355
vn 0.1826 0.8768 -0.4448
vn 0.8628 -0.3556 0.3593
vn 0.8605 -0.2583 0.4392
vn 0.8030 0.4922 0.3360
vn -0.4172 -0.1051 0.9027
vn -0.3273 0.2954 0.8976
vn 0.3652 0.3405 0.8664
vn -0.0101 -0.4179 0.9084
vn 0.2447 0.4518 -0.8579
vn 0.7791 -0.3631 -0.5110
vn 0.7208 0.6117 -0.3260
vn 0.9697 0.1260 0.2094
vn 0.8361 -0.1491 0.5280
vn 0.9062 -0.1586 -0.3919
vn -0.5904 -0.7963 -0.1313
vn 0.9951 -0.0667 -0.0737
vn -0.4055 -0.7873 0.4644
vn 0.4139 -0.7510 0.5144
vn 0.6554 0.7405 -0.1487
vn -0.9133 -0.1953 0.3573
vn 0.6813 0.1896 0.7070
vn -0.5573 -0.1431 0.8179
vn 0.4950 0.7417 0.4527
vn -0.8130 -0.1198 0.5698
vn -0.7115 0.0966 0.6961
vn -0.0551 -0.5388 0.8406
vn -0.7634 -0.2970 0.5736
vn 0.9815 0.0924 0.1677
vn 0.6900 0.3015 0.6580
vn -0.3852 0.7485 0.5398
vn -0.8272 0.5000 0.2563
vn -0.1499 -0.1504 -0.9772
vn 0.0221 -0.4004 -0.9161
vn 0.0138 0.2142 -0.9767
vn -0.7382 -0.1626 -0.6547
vn -0.2658 0.1275 -0.9556
vn 0.1136 0.3403 -0.9334
vn -0.5914 -0.7627 0.2617
vn 0.7602 -0.5238 0.3844
vn 0.8677 0.4925 0.0672
vn 0.6900 0.6861 0.2305
vn -0.9270 0.2606 0.2698
vn -0.9281 0.3342 0.1641
vn 0.2873 0.9515 0.1102
vn -0.8328 -0.1321 -0.5375
vn -0.7334 0.6196 -0.2796
vn 0.7658 -0.3071 0.5650
vn 0.2224 0.3587 0.9066
vn -0.8417 -0.0816 0.5338
vn -0.4714 -0.3410 0.8133
vn 0.4388 -0.2555 0.8615
vn 0.5274 -0.8443 -0.0949
vn -0.8392 -0.3046 -0.4505
vn 0.9043 0.1402 0.4032
vn -0.8133 -0.4715 -0.3409
vn -0.1171 0.9722 -0.2028
vn -0.7331 0.6609 -0.1604
vn 0.8649 0.3530 0.3568
vn 0.5503 -0.7584 -0.3493
vn 0.5501 -0.5587 0.6207
vn -0.6763 0.2757 0.6831
vn 0.9567 -0.0825 0.2791
vn 0.2098 0.8387 0.5026
vn -0.0736 0.8826 0.4644
vn 0.9464 0.1902 0.2610
vn 0.9421 0.0387 0.3330
vn -0.7889 0.4200 0.4486
vn 0.7034 -0.1754 0.6889
vn 0.2773 0.1725 0.9452
vn 0.6983 0.4842 0.5272
vn 0.9501 0.3074 0.0540
vn -0.7981 -0.5195 -0.3053
vn -0.9300 0.2195 -0.2948
vn -0.2439 0.0827 -0.9663
vn 0.4238 0.5030 -0.7533
vn -0.7075 -0.6701 -0.2248
vn -0.4844 0.8708 0.0842
vn -0.4139 0.8052 0.4246
vn 0.5887 -0.6007 0.5409
vn -0.8177 0.4780 0.3208
vn -0.2142 -0.0581 0.9751
vn 0.6391 0.2525 0.7265
vn -0.3306 -0.3047 0.8932
vn 0.6011 -0.2485 0.7596
vn 0.6682 -0.3829 0.6379
vn -0.9693 0.1045 -0.2226
vn 0.5411 -0.8250 -0.1632
vn 0.5823 -0.8018 0.1344
vn -0.4785 0.8062 -0.3481
vn 0.2857 0.7117 -0.6418
vn -0.9975 0.0292 0.0650
vn -0.9963 -0.0253 -0.0827
vn -0.4621 -0.8854 0.0495
vn 0.1324 -0.9547 -0.2666
vn 0.7658 -0.5933 -0.2481
vn 0.2404 -0.0343 0.9701
vn 0.2608 0.8346 0.4851
vn -0.7064 0.2189 0.6732
vn 0.9243 -0.3556 0.1383
vn -0.1800 -0.5893 0.7876
vn -0.7173 -0.4482 0.5335
vn 0.9972 0.0624 -0.0402
vn 0.6565 0.1183 0.7450
vn -0.0210 0.1604 0.9868
vn 0.3281 0.4035 0.8541
vn 0.9471 0.1412 -0.2882
vn -0.7005 0.6156 0.3611
vn -0.9509 0.1480 -0.2719
vn 0.0510 -0.5407 -0.8397
vn -0.9957 -0.0475 0.0792
vn -0.8984 -0.4303 0.0883
vn -0.9733 0.0870 -0.2122
vn 0.8996 -0.2025 -0.3868
vn 0.5428 -0.8375 -0.0627
vn -0.5142 0.7587 -0.4000
vn -0.9677 0.1528 -0.2006
vn -0.8966 0.4409 0.0406
vn 0.5604 0.7519 0.3472
vn 0.0631 0.9971 -0.0426
vn -0.2718 -0.9476 -0.1682
vn 0.0749 -0.9780 0.1946
vn 0.8828 -0.4620 -0.0853
vn 0.9904 -0.0117 0.1376
vn -0.9279 0.3395 -0.1538
vn -0.6943 0.3738 0.6149
vn -0.9249 0.1006 -0.3667
vn -0.9892 -0.0491 0.1380
vn 0.8069 -0.2178 0.5490
vn 0.1473 -0.3125 0.9384
vn 0.9394 -0.2394 0.2455
vn 0.6201 -0.1789 0.7638
vn -0.9483 0.0104 0.3172
vn 0.3626 -0.9145 0.1797
vn -0.9826 -0.0024 0.1856
vn -0.8894 0.1674 -0.4253
vn 0.9302 0.1070 0.3510
vn -0.6543 -0.6453 -0.3942
vn 0.8568 -0.1893 0.4796
vn 0.2546 -0.9560 0.1458
vn 0.9060 -0.2057 0.3700
vn -0.1534 0.9066 0.3932
vn -0.0728 -0.9800 -0.1851
vn 0.2056 -0.8928 -0.4008
vn 0.2328 -0.4068 0.8833
vn -0.8366 0.1909 0.5135
vn -0.4011 0.0630 0.9139
vn 0.4783 0.8577 -0.1886
vn -0.8612 -0.0742 0.5028
vn 0.9391 -0.1777 0.2943
vn 0.3230 -0.5013 0.8027
vn 0.8838 0.3266 -0.3349
vn 0.9332 0.1997 0.2987
vn 0.6634 0.4420 0.6037
vn -0.3806 0.7707 0.5110
vn -0.5633 0.6842 0.4633
vn 0.9663 0.0592 -0.2507
vn -0.7622 -0.3512 -0.5438
vn 0.8927 -0.2958 -0.3400
vn 0.4388 -0.5372 -0.7203
vn 0.7620 -0.3361 -0.5536
vn 0.4642 -0.5067 -0.7265
vn -0.0407 -0.2462 -0.9684
vn -0.1009 -0.0783 -0.9918
vn 0.9389 -0.2857 -0.1921
vn 0.1079 0.1682 -0.9798
vn -0.9172 0.0197 -0.3979
vn 0.8244 -0.3903 -0.4099
vn -0.0944 -0.0504 -0.9943
vn -0.3560 0.3493 -0.8668
vn 0.4866 0.5999 -0.6350
vn 0.7425 0.6440 -0.1842
vn -0.9746 0.2001 -0.1007
vn -0.9571 0.2540 0.1393
vn 0.7386 0.6517 -0.1725
vn -0.9041 0.3981 0.1554
vn 0.7206 0.5594 0.4095
vn -0.9864 0.1285 -0.1025
vn 0.3344 -0.8467 0.4138
vn -0.9827 -0.0263 -0.1833
vn 0.1022 0.7389 0.6660
vn -0.1483 0.3513 0.9245
vn 0.3230 -0.2006 0.9249
vn 0.5878 -0.2923 0.7543
vn 0.5111 0.1104 0.8524
vn -0.3437 -0.0765 0.9359
vn -0.2120 -0.3663 0.9060
vn -0.3573 0.8504 -0.3863
vn -0.6278 0.6830 -0.3734
vn 0.9324 0.3515 -0.0842
vn -0.9748 0.1872 0.1213
vn 0.6785 -0.6316 0.3752
vn 0.1275 -0.8431 -0.5225
vn -0.6252 -0.7728 -0.1086
vn -0.6741 0.2396 0.6987
vn 0.8146 -0.2920 0.5011
vn -0.4422 0.5373 0.7182
vn -0.2043 0.2068 0.9568
vn -0.4033 -0.2460 0.8814
vn -0.1963 0.6070 0.7701
vn -0.8746 0.3573 0.3279
vn 0.7413 0.3373 0.5803
vn 0.7885 0.1998 0.5817
vn 0.8162 0.0479 0.5758
vn 0.9491 0.2707 0.1610
vn 0.8159 0.4466 0.3672
vn 0.5156 0.3607 0.7773
vn 0.8560 0.4166 0.3060
vn 0.9872 0.1564 -0.0305
vn 0.7307 0.5849 0.3521
vn -0.5319 0.0741 0.8436
vn -0.7273 0.1933 0.6585
vn 0.6458 -0.1198 -0.7540
vn 0.1851 -0.2582 -0.9482
vn 0.1287 0.1028 -0.9863
vn 0.8586 0.2400 -0.4529
vn -0.9171 0.3327 -0.2197
vn 0.2668 0.5329 -0.8030
vn 0.1606 0.9619 0.2214
vn 0.9463 -0.0905 0.3103
vn -0.0001 0.9555 0.2949
vn -0.2596 0.1789 -0.9490
vn -0.6646 0.1948 -0.7213
vn 0.6489 -0.5249 0.5508
vn -0.0665 0.7252 -0.6853
vn -0.3814 0.6294 0.6771
vn -0.0588 -0.3077 0.9497
vn 0.2204 0.1145 0.9687
vn -0.2010 -0.5205 0.8299
vn -0.9702 -0.0993 0.2209
vn 0.4658 0.8171 0.3396
vn 0.8214 -0.4699 0.3233
vn 0.9801 -0.0618 0.1884
vn 0.9669 -0.1470 -0.2086
vn 0.8536 -0.5043 -0.1305
vn 0.7568 -0.1117 0.6440
vn -0.3690 -0.9258 -0.0816
vn 0.6232 0.0623 0.7796
vn 0.7720 -0.5558 -0.3083
vn 0.2643 -0.3225 0.9089
vn 0.0138 -0.1523 0.9882
vn 0.1659 -0.0131 0.9861
vn 0.3015 -0.1010 0.9481
vn -0.0180 -0.2056 0.9785
vn 0.4535 0.1757 0.8738
vn 0.4736 0.8600 0.1904
vn 0.4504 0.8771 -0.1670
vn -0.1984 0.8622 0.4661
vn 0.9338 0.1520 0.3239
vn 0.5044 0.5857 0.6345
vn -0.9031 0.1209 -0.4121
vn -0.1218 -0.3394 -0.9327
vn -0.0446 -0.9258 0.3754
vn -0.9980 -0.0622 0.0072
vn -0.9510 -0.1899 0.2439
vn 0.8020 -0.4373 0.4070
vn 0.7014 0.6099 0.3689
vn -0.2443 0.9651 -0.0946
vn -0.4989 -0.5651 0.6571
vn 0.9451 0.1812 0.2719
vn -0.7534 0.1808 -0.6323
vn -0.6132 0.1674 -0.7720
vn 0.0902 0.2791 -0.9560
vn -0.1912 0.6860 -0.7020
vn 0.8422 0.3047 0.4448
vn 0.5917 0.5206 0.6155
vn -0.1204 -0.0998 0.9877
vn 0.3059 -0.2965 0.9047
vn 0.5833 -0.7291 0.3581
vn -0.9284 0.3156 -0.1961
vn -0.9906 0.1292 0.0446
vn 0.3999 -0.8706 0.2866
vn 0.6952 -0.6838 -0.2216
vn 0.6516 -0.7584 0.0140
vn 0.6773 0.7188 0.1565
vn -0.0653 0.9473 -0.3137
vn -0.7003 0.3843 -0.6015
vn -0.3090 -0.8918 -0.3303
vn -0.8892 -0.1069 0.4448
vn 0.1907 0.6997 0.6885
vn -0.7592 0.5134 0.4001
vn -0.7313 -0.4985 0.4655
vn 0.4321 0.1332 0.8919
vn 0.7623 -0.5710 -0.3048
vn 0.7658 -0.0928 0.6363
vn 0.0301 -0.0925 0.9953
vn -0.8926 -0.4373 -0.1100
vn -0.9268 0.3740 0.0349
vn -0.4749 0.5502 0.6868
vn 0.8671 0.2639 0.4225
vn 0.9133 -0.1942 0.3579
vn 0.7641 0.1560 0.6259
vn -0.6026 -0.7561 -0.2553
vn -0.5905 -0.4073 -0.6967
vn 0.6262 0.7376 -0.2525
vn -0.5177 0.7879 -0.3333
vn 0.0644 0.9411 -0.3319
vn 0.3666 0.7816 0.5047
vn 0.6888 0.4131 0.5957
vn 0.1528 0.1029 0.9829
vn -0.4088 -0.0026 0.9126
vn -0.9829 -0.1799 0.0393
vn -0.9934 0.0231 0.1121
vn 0.7968 -0.6029 0.0415
vn 0.9120 0.0511 0.4070
vn 0.8334 0.1277 0.5377
vn -0.4092 0.6922 0.5945
vn 0.2778 -0.9439 0.1784
vn -0.8932 -0.0185 0.4493
vn -0.3578 0.3943 0.8465
vn -0.1235 0.3983 0.9089
vn 0.2306 0.3016 0.9251
vn -0.4705 -0.8722 0.1339
vn 0.0256 0.1074 0.9939
vn 0.3869 0.8990 0.2054
vn 0.9023 -0.2728 0.3339
vn -0.5906 0.5794 0.5617
vn -0.8399 0.3241 0.4354
vn -0.3011 -0.3215 0.8977
vn 0.3609 0.2740 0.8914
vn 0.5416 0.2890 0.7894
vn 0.2935 0.3908 0.8724
vn 0.7805 -0.5926 0.1992
vn -0.2969 0.6554 0.6945
vn -0.6445 0.6057 0.4665
vn 0.7587 0.5819 0.2929
vn 0.9795 0.1780 0.0943
vn -0.7455 0.4933 0.4482
vn 0.6896 0.5464 0.4753
vn -0.8249 -0.5239 0.2125
vn 0.4352 -0.7980 -0.4169
vn -0.6266 -0.2446 0.7399
vn -0.8862 -0.3993 0.2350
vn -0.4957 -0.8149 0.3004
vn -0.3099 0.8871 -0.3421
vn 0.1370 -0.8714 0.4711
vn 0.6833 0.6922 0.2322
vn -0.9381 -0.2833 -0.1993
vn 0.6995 -0.1641 0.6956
vn 0.7493 0.1785 0.6377
vn 0.5136 -0.5291 0.6754
vn 0.3305 0.1549 -0.9310
vn 0.4259 0.4261 -0.7982
vn 0.3303 0.1830 -0.9260
vn 0.7009 -0.4076 0.5854
vn -0.8365 0.0409 0.5464
vn -0.1867 -0.3107 0.9320
vn -0.4518 -0.3658 0.8137
vn 0.5336 -0.7893 0.3039
vn -0.5937 0.4397 -0.6739
vn 0.9013 -0.1229 0.4153
vn 0.4245 0.3409 0.8388
vn 0.8881 -0.0446 0.4575
vn 0.3966 -0.2788 -0.8746
vn -0.2582 -0.7410 -0.6198
vn -0.2315 0.7176 0.6569
vn -0.7611 0.2856 0.5824
vn -0.2446 -0.3446 0.9063
vn -0.9606 0.1170 0.2522
vn 0.9784 0.1076 0.1764
vn 0.9199 0.1997 0.3375
vn -0.9988 -0.0336 0.0362
vn 0.8417 -0.0673 -0.5357
vn -0.5824 0.4660 0.6660
vn 0.8768 -0.0323 0.4797
vn 0.7851 -0.2776 0.5537
vn 0.7862 -0.0433 0.6165
vn -0.8104 0.3409 0.4765
vn 0.1917 -0.8567 0.4789
vn 0.0871 -0.1244 0.9884
vn -0.8139 0.3471 0.4660
vn 0.8429 -0.3128 0.4377
vn -0.9845 0.1571 0.0778
vn 0.6548 0.7552 -0.0313
vn 0.7584 0.5748 0.3073
vn -0.9812 -0.1307 -0.1418
vn -0.9402 0.1582 -0.3015
vn 0.5787 -0.4223 0.6976
vn 0.0683 -0.1669 -0.9836
vn -0.2061 0.7455 -0.6339
vn -0.0615 -0.0759 0.9952
vn 0.2324 -0.2459 0.9410
vn -0.5202 -0.2452 0.8181
vn -0.6355 0.4035 -0.6583
vn 0.8813 -0.3255 0.3425
vn -0.8044 -0.2526 -0.5377
vn 0.9043 -0.4266 -0.0156
vn 0.9710 -0.0354 0.2364
vn 0.7902 -0.6128 -0.0123
vn -0.6654 -0.6819 -0.3038
vn -0.0448 -0.9262 0.3745
vn 0.1836 0.7855 0.5909
vn 0.6520 -0.7538 0.0820
vn 0.6073 0.0710 0.7913
vn -0.6641 0.4378 0.6060
vn 0.9050 -0.4182 -0.0786
vn 0.0757 0.3244 0.9429
vn -0.7853 -0.4370 0.4386
vn 0.9173 0.2491 -0.3107
vn 0.9659 -0.2370 -0.1044
vn -0.7792 -0.6254 0.0415
vn 0.0797 0.9441 0.3198
vn -0.7778 -0.5220 0.3501
vn -0.8120 -0.2453 0.5297
vn -0.1421 -0.7553 0.6397
vn -0.4828 -0.4303 0.7628
vn -0.8647 0.0656 0.4980
vn -0.7803 0.2884 0.5549
vn 0.9323 -0.2591 0.2525
vn -0.2959 0.6868 0.6639
vn 0.4967 0.1324 0.8578
vn -0.5444 -0.0654 0.8363
vn -0.9606 0.2544 0.1115
vn -0.7503 -0.5272 0.3989
vn 0.1366 -0.9320 0.3357
vn 0.2733 0.9515 0.1412
vn 0.1040 0.9504 -0.2930
vn 0.9306 0.3656 -0.0169
vn -0.3122 0.9461 0.0858
vn 0.0628 -0.8278 0.5575
vn 0.8530 0.0042 0.5219
vn 0.8273 0.0343 0.5606
vn 0.4795 -0.1033 0.8714
vn 0.9157 0.0687 0.3960
vn 0.0818 0.3296 0.9406
vn -0.2609 -0.0205 0.9652
vn -0.3550 0.3550 0.8648
vn 0.6802 0.3143 -0.6622
vn 0.4689 0.8584 0.2081
vn -0.3285 -0.3119 0.8915
vn 0.2384 -0.3117 0.9198
vn 0.9091 -0.1245 0.3974
vn 0.8297 -0.2065 0.5186
vn 0.2426 -0.5916 0.7688
vn -0.3039 -0.5338 0.7891
vn 0.4042 -0.8686 0.2867
vn -0.9853 0.1087 0.1319
vn -0.4967 0.8458 -0.1946
vn -0.8523 -0.5222 0.0315
vn 0.5303 -0.8458 -0.0576
vn -0.6504 0.7452 -0.1474
vn 0.4696 0.6030 -0.6449
vn 0.0063 -0.9973 0.0732
vn 0.8672 0.4348 0.2428
vn -0.4263 0.6498 0.6294
vn 0.5519 -0.2211 0.8040
vn -0.6604 0.1367 0.7383
vn -0.1748 0.9173 -0.3577
vn 0.3478 0.9376 -0.0058
vn 0.8995 -0.0587 0.4330
vn -0.7180 0.4812 0.5029
vn 0.8699 -0.0318 0.4922
vn 0.9563 0.2678 0.1173
vn -0.7380 0.2534 0.6255
vn 0.3979 0.4724 0.7865
vn 0.2030 -0.2060 0.9573
vn -0.9687 -0.2429 -0.0510
vn 0.7227 -0.5227 -0.4522
vn -0.9727 -0.2312 -0.0191
vn 0.8267 -0.3427 0.4463
vn -0.6901 -0.6409 0.3361
vn -0.8003 0.5857 -0.1282
vn 0.8357 0.4079 0.3676
vn 0.6912 -0.5979 0.4059
vn -0.0691 0.8476 0.5261
vn 0.2283 0.7456 0.6261
vn 0.9252 0.0819 0.3704
vn 0.9347 0.2784 -0.2208
vn -0.4855 0.6186 0.6178
vn 0.7805 0.0786 -0.6202
vn -0.1195 0.1986 -0.9728
vn -0.3957 -0.4047 0.8244
vn -0.8177 -0.2413 0.5226
vn -0.9394 -0.0930 0.3301
vn 0.6638 -0.4712 0.5809
vn 0.3705 0.8762 0.3082
vn 0.7629 -0.2929 0.5763
vn 0.9808 -0.1940 -0.0180
vn 0.8982 0.2344 0.3719
vn -0.9423 0.1208 0.3124
vn 0.5298 -0.1531 0.8342
vn -0.4969 0.7537 0.4300
vn 0.8314 0.1299 0.5403
vn -0.2544 -0.8728 0.4165
vn -0.1688 -0.9856 0.0094
vn 0.7873 -0.6099 -0.0899
vn 0.4493 0.0394 0.8925
vn -0.9888 -0.0036 0.1490
vn 0.9172 0.2495 -0.3107
vn 0.1095 0.9625 -0.2482
vn -0.8926 -0.4372 -0.1102
vn -0.5619 0.7805 -0.2741
vn -0.2930 -0.5445 -0.7859
vn 0.5122 0.8509 0.1166
vn -0.6938 0.3305 0.6399
vn 0.6186 0.1399 0.7732
vn 0.8207 0.5378 0.1931
vn -0.5465 0.6380 0.5425
vn 0.0581 0.9012 0.4295
vn -0.8951 -0.2185 0.3886
vn 0.3071 -0.4207 0.8536
vn -0.9156 0.2875 0.2812
vn 0.2660 -0.6192 0.7388
vn -0.5832 -0.7822 0.2194
vn 0.5960 -0.6732 0.4376
vn -0.2371 -0.8076 0.5400
vn -0.5273 -0.8387 0.1364
vn -0.9612 0.1792 0.2099
vn 0.9618 0.2529 0.1051
vn 0.9643 0.2631 0.0285
vn -0.8647 0.3226 0.3849
vn -0.1344 0.4411 0.8873
vn 0.0057 0.4039 0.9148
vn -0.2717 0.7074 0.6525
vn 0.5846 -0.2815 0.7609
vn -0.6626 0.5348 0.5243
vn -0.7426 0.5454 0.3888
vn -0.8244 -0.1115 -0.5550
vn -0.9461 0.0846 -0.3125
vn 0.8488 -0.4982 0.1770
vn -0.9447 -0.3208 -0.0681
vn -0.9481 -0.1362 0.2874
vn -0.9485 0.2969 0.1106
vn 0.7249 0.4239 0.5430
vn -0.9220 0.3062 0.2371
vn 0.5928 0.7362 0.3265
vn -0.6894 0.6579 0.3030
vn -0.2245 0.9387 0.2617
vn 0.6402 -0.5006 0.5827
vn 0.6108 0.3230 0.7229
vn -0.3408 0.5929 0.7296
vn -0.9847 0.1551 0.0791
vn -0.9644 -0.0083 0.2644
vn -0.9361 0.0422 0.3491
vn -0.9862 0.0484 -0.1586
vn 0.4747 0.1373 -0.8694
vn 0.8348 -0.3115 0.4539
vn -0.8641 -0.0492 0.5009
vn 0.6863 -0.5048 0.5236
vn 0.4694 -0.5753 0.6698
vn 0.4979 -0.6796 0.5388
vn 0.1020 -0.8477 0.5206
vn -0.9724 0.2330 -0.0100
vn 0.8129 -0.4264 0.3967
vn 0.6491 0.6726 0.3552
vn -0.3281 0.8778 -0.3491
vn 0.8586 -0.0693 0.5079
vn -0.7289 -0.3711 -0.5753
vn 0.7376 0.4718 0.4831
vn -0.7351 0.5620 0.3791
vn 0.0274 -0.9436 -0.3299
vn 0.4921 -0.8426 -0.2189
vn -0.8466 0.1110 0.5206
vn 0.7794 -0.0769 0.6218
vn -0.8917 -0.3376 0.3014
vn -0.0199 -0.9996 -0.0203
vn 0.1236 -0.9584 0.2571
vn -0.6442 -0.6473 0.4074
vn 0.9934 0.1108 0.0297
vn -0.0715 0.4525 0.8889
vn 0.6139 -0.0386 0.7884
vn -0.9715 -0.1703 -0.1649
vn -0.9320 -0.0996 0.3485
vn 0.6672 -0.1350 0.7325
vn 0.9424 0.0280 0.3332
vn -0.9896 -0.1091 0.0936
vn 0.7969 0.6036 0.0257
vn -0.8154 0.5384 0.2129
vn 0.8411 -0.5190 0.1521
vn 0.5114 -0.1143 0.8517
vn -0.0892 0.1899 0.9777
vn -0.4472 0.5224 0.7260
vn -0.4875 0.0175 0.8729
vn 0.1344 -0.0175 0.9908
vn 0.4389 0.3166 0.8409
vn -0.2454 0.4636 0.8514
vn 0.4091 -0.2609 0.8744
vn 0.9656 -0.0084 0.2599
vn -0.0093 -0.3664 0.9304
vn 0.4068 -0.4056 0.8185
vn -0.3268 -0.3473 0.8790
vn 0.4179 -0.7945 0.4407
vn -0.6356 0.6323 -0.4430
vn -0.9493 -0.2811 -0.1408
vn -0.4588 -0.8885 -0.0097
vn -0.2115 0.4947 0.8429
vn 0.1896 0.2074 0.9597
vn 0.3480 -0.6211 0.7023
vn 0.2509 0.8459 0.4707
vn -0.8918 0.3414 0.2968
vn -0.6981 0.2951 0.6524
vn 0.9169 0.2807 0.2837
vn -0.8724 -0.0534 0.4859
vn -0.9205 -0.1657 0.3538
vn 0.9829 0.1838 0.0066
vn -0.1997 0.3972 0.8957
vn 0.8047 0.2646 0.5315
vn -0.1188 0.6578 0.7438
vn 0.4380 0.7775 0.4513
vn -0.9573 -0.2070 0.2017
vn 0.4907 0.6268 0.6052
vn -0.8318 -0.4820 -0.2754
vn -0.9416 0.3366 -0.0035
vn -0.9801 0.0883 0.1776
vn -0.7239 0.6891 -0.0320
vn -0.9211 0.3316 0.2042
vn 0.3743 0.7982 0.4720
vn -0.5828 0.1976 0.7882
vn -0.8543 0.2888 0.4322
vn 0.5088 0.3063 0.8046
vn -0.1027 0.6447 0.7575
vn 0.3350 0.0161 0.9421
vn -0.2271 -0.1726 0.9584
vn -0.0526 -0.0207 0.9984
vn 0.1346 0.4860 0.8635
vn -0.4486 0.0430 0.8927
vn 0.9554 -0.0078 -0.2953
vn 0.5153 -0.2416 0.8222
vn 0.3231 -0.8365 0.4426
vn 0.3065 -0.8505 0.4275
vn 0.5954 -0.5772 0.5589
vn 0.8150 0.4015 0.4178
vn 0.3712 0.9250 -0.0808
vn 0.8558 -0.5124 0.0709
vn -0.4620 -0.8725 0.1590
vn 0.5308 0.3156 0.7865
vn -0.8179 0.5742 0.0368
vn -0.6920 0.2210 0.6873
vn -0.2197 0.8451 0.4873
vn 0.0502 0.9787 0.1993
vn 0.9813 0.0556 0.1843
vn 0.9879 -0.0389 0.1499
vn 0.7816 -0.4443 0.4377
vn 0.8435 0.0906 0.5295
vn -0.8059 0.4099 0.4271
vn 0.9918 -0.0279 0.1243
vn -0.9002 0.2946 0.3207
vn 0.7770 0.4817 -0.4052
vn 0.9172 0.0039 -0.3984
vn -0.6804 -0.6461 0.3458
vn 0.9350 0.1866 0.3017
vn 0.0349 0.9707 -0.2379
vn -0.8520 0.4432 0.2786
vn 0.3150 0.1300 0.9401
vn 0.1657 0.5976 0.7845
vn 0.1090 0.4206 0.9007
vn -0.0696 -0.2262 0.9716
vn 0.0231 -0.1999 0.9795
vn -0.0396 0.5656 0.8237
vn -0.9950 0.0416 0.0913
vn 0.1854 0.2344 -0.9543
vn -0.7570 -0.1074 0.6445
vn 0.5085 -0.8404 0.1873
vn -0.9390 -0.0533 0.3398
vn -0.7112 0.4230 -0.5614
vn 0.6910 0.4741 0.5458
vn -0.2641 0.3864 0.8837
vn 0.3838 -0.7009 -0.6012
vn 0.2988 0.9541 0.0217
vn 0.6812 0.5758 0.4521
vn -0.1061 -0.9847 0.1385
vn -0.8713 -0.4906 0.0108
vn -0.1821 -0.8306 0.5262
vn -0.5864 -0.7436 0.3213
vn -0.6589 -0.1115 0.7439
vn -0.6650 0.4978 0.5567
vn 0.0604 0.4393 0.8963
vn -0.9929 -0.0959 -0.0707
vn 0.9513 0.0267 -0.3072
vn 0.9072 -0.2556 -0.3342
vn -0.9748 0.1994 0.1000
vn 0.9850 -0.0119 0.1722
vn 0.9474 0.0276 0.3189
vn 0.8975 -0.1544 0.4131
vn -0.2595 -0.8437 0.4699
vn 0.1638 -0.9271 0.3371
vn -0.8814 0.3735 0.2891
vn 0.5913 0.7241 0.3551
vn 0.1491 0.5614 0.8140
vn -0.2612 0.5850 0.7679
vn 0.4791 0.2396 -0.8444
vn 0.5506 -0.4286 0.7164
vn -0.8091 0.0143 0.5875
vn -0.8744 0.0233 0.4846
vn -0.1553 -0.3116 0.9374
vn -0.7567 -0.0533 0.6516
vn 0.7277 -0.4276 0.5363
vn 0.1264 -0.6776 0.7245
vn 0.6260 -0.2236 0.7470
vn -0.1175 -0.8459 0.5202
vn 0.3820 -0.6870 0.6181
vn 0.7204 0.0936 0.6872
vn -0.0437 0.7880 0.6141
vn -0.9634 0.0894 0.2526
vn 0.7616 -0.3434 0.5496
vn 0.8199 -0.1721 0.5461
vn -0.0637 0.6445 0.7619
vn -0.3045 -0.7826 -0.5430
vn -0.3851 -0.9024 0.1935
vn -0.7522 -0.6005 0.2712
vn -0.6199 0.7474 -0.2392
vn -0.5993 0.7297 0.3292
vn 0.9692 -0.1150 -0.2177
vn -0.8545 -0.2387 0.4614
vn 0.9974 0.0545 -0.0467
vn 0.2343 -0.5335 0.8127
vn 0.9776 -0.2104 -0.0000
vn -0.6570 0.3864 0.6473
vn -0.4873 0.6606 0.5711
vn -0.9704 -0.1634 -0.1778
vn 0.8797 -0.2918 -0.3756
vn -0.9584 0.1712 0.2282
vn 0.7579 -0.4998 0.4192
vn 0.6235 0.7547 0.2039
vn -0.4890 0.5919 0.6407
vn -0.1363 0.6079 0.7822
vn 0.8441 -0.1134 0.5241
vn 0.9094 0.1170 -0.3992
vn -0.4686 0.1611 -0.8686
vn 0.7775 -0.2353 0.5832
vn -0.8020 -0.0923 0.5902
vn 0.6363 -0.2749 0.7208
vn -0.9225 0.3410 -0.1806
vn 0.4151 -0.7567 0.5050
vn 0.6507 -0.3687 0.6638
vn 0.3255 0.4498 0.8317
vn 0.9680 -0.1736 0.1814
vn -0.8912 0.0149 0.4534
vn 0.9503 -0.2514 0.1839
vn -0.8362 0.2622 0.4817
vn -0.4982 0.4278 0.7542
vn 0.2224 0.2440 0.9439
vn -0.7095 -0.5709 -0.4130
vn 0.8743 -0.3886 -0.2910
vn -0.7056 -0.6143 -0.3533
vn -0.8135 0.1712 0.5558
vn -0.7706 0.1571 0.6177
vn 0.9725 -0.2276 -0.0495
vn 0.9657 -0.2351 -0.1102
vn -0.7474 0.2417 0.6189
vn 0.9830 -0.1688 -0.0729
vn -0.1705 -0.9121 0.3729
vn 0.8145 0.3655 0.4506
vn 0.9142 -0.3958 0.0868
vn -0.9603 -0.0408 -0.2759
vn -0.9248 0.3770 0.0504
vn -0.9322 -0.1708 0.3190
vn 0.3057 -0.9047 0.2967
vn 0.9070 0.0699 0.4152
vn 0.7680 0.6193 0.1630
vn 0.3356 -0.1199 0.9343
vn -0.1735 -0.1367 0.9753
vn -0.9366 0.3500 0.0189
vn -0.0024 0.3033 0.9529
vn -0.8218 0.5690 0.0304
vn -0.1672 0.3222 0.9318
vn -0.1253 0.7029 0.7002
vn -0.3534 -0.1211 0.9276
vn -0.9980 0.0130 0.0624
vn -0.9731 0.0030 -0.2303
vn -0.3338 -0.3496 0.8754
vn 0.7114 -0.3388 0.6157
vn -0.1246 -0.2862 0.9500
vn 0.7403 -0.0602 0.6696
vn -0.1061 -0.4382 0.8926
vn -0.1949 -0.4671 0.8625
vn 0.3470 -0.2120 0.9136
vn -0.1037 -0.5427 0.8335
vn 0.3514 -0.7426 0.5702
vn -0.7178 0.6307 0.2951
vn -0.9627 0.2703 0.0139
vn -0.9367 -0.1533 0.3147
vn 0.1283 -0.2431 0.9615
vn -0.9012 0.0864 0.4248
vn 0.5791 0.3811 0.7207
vn 0.1179 0.6119 0.7821
vn 0.1446 -0.9849 -0.0954
vn 0.5801 -0.7940 -0.1820
vn 0.9495 -0.0711 0.3056
vn 0.8252 0.3498 0.4435
vn -0.7026 0.7113 -0.0190
vn -0.6940 0.4267 0.5799
vn 0.9976 -0.0289 0.0622
vn -0.3347 -0.7217 0.6059
vn -0.8778 0.1658 0.4494
vn 0.8002 -0.0027 0.5997
vn 0.6432 0.5041 0.5763
vn -0.9067 -0.3619 -0.2166
vn 0.9668 -0.2503 -0.0506
vn 0.9954 0.0959 -0.0032
vn 0.9997 -0.0174 -0.0191
vn -0.8845 -0.0992 0.4558
vn -0.7933 -0.4499 0.4102
vn 0.0032 -0.9362 0.3515
vn 0.0875 -0.9547 0.2845
vn 0.6999 -0.5395 0.4681
vn 0.0882 0.9715 -0.2198
vn 0.5917 0.7679 0.2454
vn -0.6098 -0.7893 0.0712
vn 0.9442 0.0704 0.3217
vn -0.6272 -0.0932 0.7733
vn 0.0533 -0.4008 0.9146
vn -0.2189 -0.5192 0.8261
vn 0.4623 -0.1520 0.8736
vn 0.0997 0.0709 0.9925
vn 0.6843 -0.6114 0.3974
vn 0.7217 -0.3328 0.6069
vn 0.3954 -0.1247 0.9100
vn 0.6858 0.1156 0.7185
vn 0.0567 0.2348 0.9704
vn -0.1573 0.3550 0.9216
vn -0.1500 -0.9319 -0.3303
vn 0.9517 -0.0352 0.3051
vn 0.8282 0.0101 0.5604
vn -0.6943 -0.6887 -0.2089
vn -0.8109 -0.3869 0.4390
vn 0.9284 -0.3624 -0.0817
vn 0.5967 0.7284 0.3367
vn -0.6364 0.7003 0.3234
vn 0.6166 0.4290 0.6601
vn -0.4777 0.8243 0.3039
vn 0.9696 -0.1015 0.2227
vn -0.7573 -0.4496 0.4736
vn -0.8812 -0.2379 0.4086
vn -0.4895 -0.8421 0.2265
vn 0.7305 0.4137 0.5433
vn -0.5909 0.4874 0.6428
vn 0.1352 0.4493 0.8831
vn -0.7734 0.4773 0.4172
vn -0.5847 0.5584 0.5885
vn 0.6735 0.5129 0.5323
vn -0.9696 0.2162 0.1150
vn 0.9386 -0.0255 0.3441
vn -0.4088 0.8859 -0.2192
vn -0.9362 0.2890 0.2002
vn -0.8767 0.3354 0.3448
vn 0.6736 -0.6189 0.4039
vn 0.0728 0.8447 0.5303
vn 0.1525 -0.1557 0.9760
vn 0.9537 -0.0625 0.2942
vn 0.5750 -0.2868 0.7662
vn 0.7483 -0.2011 0.6322
vn 0.3649 -0.7434 0.5605
vn 0.0957 -0.8790 0.4672
vn 0.0708 -0.7495 0.6582
vn -0.5958 -0.1796 0.7828
vn 0.6102 -0.4633 0.6427
vn 0.4394 -0.3850 0.8116
vn -0.9161 0.3449 0.2045
vn 0.5115 0.3736 0.7738
vn -0.0976 0.3764 0.9213
vn 0.0363 0.2252 0.9736
vn 0.7674 0.2639 0.5844
vn 0.0518 -0.0445 0.9977
vn -0.1974 -0.9543 0.2245
vn -0.9157 0.3718 0.1523
vn 0.9549 0.1458 0.2585
vn 0.8508 0.4202 0.3155
vn 0.9907 -0.1358 -0.0016
vn -0.9716 0.1710 0.1635
vn 0.1331 -0.8812 0.4536
vn 0.7519 0.1571 0.6403
vn 0.8357 -0.5492 0.0025
vn 0.2848 -0.1657 0.9442
vn 0.6410 0.0127 0.7674
vn 0.0789 -0.0222 0.9966
vn -0.0729 -0.7049 0.7056
vn -0.6044 0.0814 0.7925
vn -0.9773 -0.1995 0.0711
vn 0.4299 0.6338 0.6431
vn 0.9712 -0.2296 0.0645
vn 0.9553 -0.2670 -0.1269
vn -0.9972 0.0240 0.0704
vn 0.9982 0.0395 -0.0450
vn 0.9644 0.2467 0.0951
vn 0.9239 0.0041 0.3827
vn -0.7130 -0.5190 0.4715
vn 0.6575 0.6536 0.3748
vn -0.1227 0.9130 0.3890
vn 0.9977 0.0631 -0.0241
vn 0.7155 0.1814 -0.6746
vn 0.3153 -0.4667 0.8263
vn 0.2210 -0.2616 0.9395
vn -0.4060 -0.3100 0.8597
vn -0.7188 0.1628 0.6759
vn 0.5765 -0.5872 0.5682
vn 0.5046 0.0331 0.8627
vn 0.5464 -0.2298 0.8054
vn -0.3958 0.1973 0.8969
vn 0.4339 0.0259 0.9006
vn 0.9859 -0.0913 0.1402
vn 0.1678 -0.9773 -0.1291
vn 0.4566 -0.8476 -0.2704
vn -0.6934 -0.0909 0.7148
vn 0.9876 0.0607 -0.1447
vn -0.6717 -0.3723 0.6405
vn 0.9373 -0.1227 -0.3262
vn 0.7717 -0.5122 -0.3771
vn 0.9948 0.0741 -0.0701
vn -0.6956 -0.0455 0.7170
vn -0.3753 0.9080 0.1861
vn 0.4045 0.4345 0.8048
vn -0.6956 -0.5660 0.4425
vn -0.7348 0.2327 0.6371
vn -0.6041 0.1727 0.7780
vn -0.1867 0.4729 0.8611
vn -0.4079 0.2259 0.8846
vn 0.9347 -0.3554 0.0035
vn -0.1953 -0.5070 0.8395
vn -0.7440 -0.6505 0.1527
vn -0.4854 0.4627 0.7418
vn -0.9640 0.2577 0.0664
vn 0.8801 -0.4243 0.2132
vn 0.9609 -0.2016 -0.1897
vn -0.8872 0.3629 0.2848
vn -0.9620 -0.1293 0.2404
vn -0.9339 -0.0863 0.3469
vn -0.4675 0.8800 -0.0835
vn 0.0234 -0.9677 0.2510
vn -0.1516 0.9816 -0.1159
vn 0.9073 0.1430 0.3954
vn -0.5677 0.8159 0.1098
vn -0.2600 0.9399 0.2215
vn 0.4187 0.7720 0.4782
vn -0.8965 -0.1107 0.4291
vn -0.5812 -0.0143 0.8137
vn 0.5204 -0.0420 0.8529
vn 0.0922 -0.0157 0.9956
vn 0.1545 -0.5379 0.8287
vn 0.6831 -0.2354 0.6914
vn -0.9232 0.3569 -0.1427
vn 0.5292 -0.2484 0.8114
vn -0.0297 0.1025 0.9943
vn 0.1944 -0.0872 0.9770
vn 0.5210 0.1494 0.8404
vn 0.3450 -0.0538 0.9370
vn 0.1556 -0.9222 -0.3541
vn 0.5901 -0.6605 -0.4643
vn 0.9146 -0.3600 -0.1840
vn -0.8480 -0.5270 0.0560
vn 0.8431 -0.1205 0.5241
vn -0.4314 -0.7336 0.5251
vn -0.3136 -0.9080 0.2778
vn 0.9639 -0.2478 0.0976
vn 0.9116 -0.2417 0.3325
vn 0.9496 -0.3126 -0.0245
vn -0.6412 0.7653 0.0565
vn -0.7605 0.4050 0.5075
vn -0.3221 -0.1535 0.9342
vn -0.6340 -0.6939 0.3414
vn -0.8996 -0.4343 0.0452
vn -0.9125 -0.3324 0.2386
vn -0.9341 -0.3212 0.1557
vn 0.7460 -0.6657 0.0194
vn 0.9880 -0.0674 -0.1389
vn 0.9866 0.1389 0.0857
vn -0.8818 0.2430 0.4041
vn -0.8454 -0.3633 0.3915
vn 0.0017 -0.9423 0.3346
vn -0.8622 0.5062 0.0202
vn -0.0081 1.0000 0.0050
vn -0.3121 0.7223 0.6171
vn 0.6017 -0.7323 0.3189
vn -0.6178 -0.0838 0.7819
vn 0.4650 -0.1612 0.8705
vn 0.6412 -0.2370 0.7299
vn 0.1539 -0.3015 0.9410
vn -0.1511 -0.3031 0.9409
vn 0.1306 -0.8055 0.5780
vn -0.0017 -0.5450 0.8384
vn -0.9305 0.2501 0.2674
vn 0.0446 -0.8739 -0.4841
vn -0.6506 -0.7528 -0.0998
vn 0.3486 -0.8716 -0.3447
vn -0.6740 0.2993 0.6753
vn 0.8577 -0.1628 -0.4877
vn 0.7286 -0.4973 -0.4711
vn -0.6376 0.1575 0.7541
vn 0.9688 -0.1633 -0.1867
vn 0.7369 -0.6367 0.2272
vn 0.8883 -0.1150 0.4447
vn 0.6577 0.6079 0.4448
vn 0.4695 0.1667 0.8670
vn 0.4953 0.0763 0.8654
vn -0.6530 -0.6980 0.2938
vn 0.2911 0.9169 0.2731
vn 0.0326 0.7879 0.6150
vn -0.7211 0.3007 0.6242
vn 0.0048 0.6853 0.7282
vn -0.9842 0.1007 0.1458
vn 0.2429 0.5019 0.8301
vn -0.7242 0.2560 0.6404
vn -0.9363 -0.1987 0.2896
vn 0.6130 0.2580 0.7468
vn 0.7127 0.5941 0.3729
vn 0.8544 0.1312 0.5028
vn -0.9731 0.0888 0.2124
vn 0.9940 0.0830 0.0712
vn 0.9562 -0.0414 0.2898
vn -0.8148 0.4690 0.3407
vn 0.7877 -0.4051 0.4642
vn 0.0787 -0.9807 0.1789
vn -0.7386 0.5990 0.3094
vn -0.7488 0.4684 0.4689
vn 0.7235 0.5479 0.4199
vn 0.3222 -0.1805 0.9293
vn -0.9471 -0.1459 0.2859
vn 0.3260 -0.3547 0.8763
vn 0.3200 -0.3039 0.8974
vn 0.0538 -0.3970 0.9162
vn -0.7603 -0.0400 0.6483
vn -0.9405 0.3393 0.0181
vn -0.2141 -0.0079 0.9768
vn 0.2342 -0.0304 0.9717
vn -0.7786 0.2003 0.5947
vn -0.7405 -0.6080 0.2863
vn 0.8652 0.2895 0.4094
vn 0.8741 -0.0152 0.4855
vn 0.9137 -0.0855 0.3974
vn -0.7898 -0.0790 0.6082
vn 0.5284 0.7785 0.3388
vn 0.4730 0.8292 0.2977
vn 0.5484 -0.8253 0.1345
vn -0.8847 -0.1055 0.4541
vn 0.9896 -0.1376 -0.0426
vn 0.9961 0.0203 0.0858
vn 0.8150 0.3964 0.4226
vn 0.4565 0.7011 0.5478
vn -0.2664 -0.1692 0.9489
vn -0.5362 -0.2311 0.8118
vn 0.0184 0.1620 -0.9866
vn 0.3201 -0.7555 0.5716
vn 0.2644 -0.1942 0.9447
vn 0.5616 0.2206 0.7975
vn 0.2099 0.3787 0.9014
vn 0.4219 -0.0826 0.9029
vn -0.0908 -0.9893 -0.1144
vn -0.5845 0.5403 0.6054
vn 0.9794 0.0144 -0.2012
vn 0.9274 0.3703 -0.0529
vn -0.6794 0.4840 0.5516
vn 0.7503 0.4547 0.4800
vn 0.3594 0.5395 0.7614
vn 0.5051 0.8322 0.2286
vn 0.6928 -0.5072 0.5126
vn -0.8501 -0.5257 -0.0310
vn 0.7994 -0.6005 -0.0188
vn 0.8509 0.3485 0.3930
vn -0.9587 -0.1156 0.2599
vn -0.1411 0.9634 -0.2280
vn 0.6875 0.3021 0.6604
vn 0.7950 -0.0952 0.5991
vn -0.9252 0.0146 -0.3793
vn -0.3030 -0.2003 0.9317
vn 0.2621 -0.5273 0.8082
vn 0.3287 0.0175 0.9443
vn -0.9022 0.3448 0.2590
vn 0.3630 -0.4123 0.8356
vn 0.2476 -0.1929 0.9495
vn -0.6089 -0.7538 0.2470
vn -0.6505 0.0916 0.7540
vn 0.3418 -0.2280 0.9117
vn -0.2821 -0.6424 0.7126
vn -0.8066 0.0252 0.5905
vn 0.7949 0.6026 0.0704
vn 0.3921 0.8205 0.4160
vn 0.0211 0.8378 0.5455
vn 0.1675 0.5356 0.8277
vn 0.0770 0.4211 0.9038
vn 0.3212 0.0372 0.9463
vn -0.8635 -0.0022 0.5043
vn 0.3346 0.9307 -0.1481
vn 0.7118 -0.6207 0.3286
vn -0.5312 0.3617 0.7661
vn 0.7803 0.1957 0.5940
vn 0.4764 0.0607 0.8771
vn -0.9553 -0.2344 0.1804
vn -0.9548 -0.1410 0.2617
vn -0.8812 0.1708 0.4408
vn 0.5325 0.2859 0.7967
vn 0.0004 -0.9561 0.2931
vn 0.1911 -0.9555 0.2248
vn -0.9509 -0.0948 0.2947
vn 0.9047 0.2155 0.3675
vn 0.2855 0.9554 -0.0753
vn 0.4671 0.8083 0.3584
vn 0.2169 0.6129 0.7598
vn -0.9849 0.1239 0.1208
vn 0.8828 -0.0244 0.4691
vn 0.1343 0.9325 0.3353
vn -0.7107 0.2387 -0.6618
vn 0.0367 -0.2063 0.9778
vn 0.3398 -0.2249 0.9132
vn -0.4660 -0.0318 0.8842
vn 0.5820 -0.1701 0.7952
vn -0.4852 -0.1860 0.8544
vn 0.0340 -0.5543 0.8316
vn 0.1451 -0.6772 0.7214
vn 0.2341 -0.0747 0.9693
vn 0.2540 -0.3877 0.8861
vn 0.6725 -0.3018 0.6757
vn 0.6834 -0.1018 0.7229
vn -0.8403 0.4222 0.3401
vn 0.4625 -0.7068 0.5353
vn 0.4327 -0.3454 0.8328
vn 0.2730 -0.1326 0.9528
vn 0.4736 -0.1753 0.8631
vn -0.8151 -0.3726 0.4437
vn 0.4516 -0.3344 0.8272
vn 0.2689 0.4561 0.8483
vn 0.4497 0.2035 0.8697
vn -0.9601 -0.2314 0.1569
vn 0.5590 -0.0800 0.8253
vn 0.6997 -0.0938 0.7082
vn 0.0267 -0.8219 0.5690
vn -0.1145 0.6345 0.7644
vn -0.8284 0.3135 0.4642
vn -0.4174 0.4806 0.7713
vn -0.3399 0.4075 0.8476
vn -0.5773 0.2168 0.7872
vn -0.8847 -0.1058 0.4541
vn -0.5831 0.4405 0.6826
vn -0.5316 0.3618 0.7658
vn 0.7080 0.5290 0.4678
vn 0.9698 -0.2246 -0.0953
vn 0.6495 0.2608 0.7142
vn -0.7938 0.3996 0.4585
vn 0.8668 0.0686 0.4939
vn -0.7565 0.4175 0.5034
vn 0.4993 -0.1945 0.8443
vn 0.1100 -0.2024 0.9731
vn 0.0837 -0.0616 0.9946
vn -0.0020 -0.4750 0.8800
vn -0.6797 0.0973 0.7270
vn 0.2203 0.2947 0.9298
vn 0.9883 0.0646 -0.1383
vn 0.4162 0.4456 0.7926
vn 0.3280 -0.1057 0.9387
vn 0.6069 0.0634 0.7923
vn 0.3850 -0.2701 0.8825
vn -0.8614 -0.1978 0.4678
vn -0.8597 -0.3532 0.3691
vn -0.8309 -0.2582 0.4929
vn 0.3916 0.0265 0.9198
vn -0.5302 -0.5301 0.6617
vn -0.5070 -0.4379 0.7424
vn 0.0971 0.5914 0.8005
vn 0.6314 -0.0754 0.7718
vn 0.7246 -0.5749 0.3800
vn 0.2912 0.4865 0.8237
vn -0.4513 0.2109 0.8671
vn 0.3124 -0.1078 0.9438
vn -0.3454 0.3953 0.8511
vn -0.0846 -0.5671 0.8193
vn -0.0726 0.0022 0.9974
vn -0.9104 -0.4129 -0.0249
vn -0.9157 -0.3480 0.2010
vn 0.8226 -0.5584 0.1070
vn 0.9024 -0.3303 0.2767
vn 0.9953 -0.0137 0.0960
vn -0.7022 0.4798 0.5260
vn -0.8826 0.0449 0.4680
vn -0.8794 -0.1711 0.4444
vn -0.0362 -0.9710 0.2362
vn -0.7803 -0.5336 0.3262
vn -0.5866 0.8038 -0.0993
vn -0.1153 0.9749 -0.1906
vn -0.7039 0.6353 0.3177
vn -0.4878 0.4784 0.7302
vn -0.9127 0.1190 -0.3909
vn 0.3021 -0.3659 0.8803
vn 0.4187 -0.5985 0.6830
vn -0.8408 0.0414 0.5397
vn -0.2640 -0.1714 0.9492
vn -0.7827 0.5068 0.3614
vn 0.3727 0.2421 0.8958
vn -0.5383 -0.8359 0.1071
vn 0.6845 -0.5298 0.5008
vn 0.6165 -0.7323 -0.2892
vn -0.3830 0.6625 0.6437
vn 0.9182 -0.3510 -0.1837
vn -0.7595 0.1365 0.6360
vn 0.5054 0.3394 0.7933
vn 0.3573 0.6789 0.6414
vn -0.4090 -0.2292 0.8833
vn 0.2216 -0.5562 0.8010
vn -0.5035 -0.2302 0.8328
vn -0.2823 0.3552 0.8912
vn 0.0055 0.5225 0.8526
vn 0.0943 0.2313 0.9683
vn -0.3799 0.6493 0.6588
vn 0.5325 0.6297 0.5656
vn -0.9060 0.1473 0.3969
vn -0.8756 0.2520 0.4121
vn 0.4867 0.0715 0.8706
vn -0.7066 0.1442 0.6928
vn -0.4362 0.3987 0.8067
vn -0.7791 -0.1496 0.6088
vn -0.3066 0.4096 0.8592
vn 0.2318 -0.9253 0.3001
vn 0.2703 -0.5086 0.8175
vn 0.4350 -0.8553 0.2816
vn 0.5238 -0.7678 0.3691
vn 0.4297 -0.5933 0.6807
vn 0.5320 0.3122 0.7871
vn -0.9061 0.2031 0.3712
vn -0.8596 -0.0876 0.5033
vn -0.3257 -0.8606 0.3916
vn -0.5995 0.6723 0.4343
vn 0.4264 0.7384 0.5224
vn 0.2705 0.7954 0.5424
vn -0.1394 -0.0383 0.9895
vn 0.1237 -0.0760 0.9894
vn 0.8919 0.0305 -0.4511
vn 0.2886 -0.0244 0.9571
vn -0.0448 -0.5349 0.8437
vn 0.3596 -0.5878 0.7247
vn -0.8896 0.0588 0.4529
vn -0.6291 -0.0869 0.7725
vn 0.3592 0.1799 0.9158
vn 0.1739 -0.9519 0.2521
vn 0.4142 -0.8942 -0.1695
vn -0.5924 0.4373 0.6766
vn -0.9111 -0.2744 0.3076
vn -0.7987 -0.0507 0.5996
vn 0.8571 0.5052 0.1006
vn 0.6209 0.7726 0.1325
vn 0.1814 0.1191 0.9762
vn -0.3180 0.2897 0.9027
vn -0.5860 0.4711 0.6593
vn -0.9864 -0.0597 0.1532
vn 0.3412 0.1543 0.9273
vn 0.1254 0.0116 0.9920
vn 0.2667 -0.2705 0.9250
vn 0.4498 0.0133 0.8930
vn 0.6222 0.0024 0.7829
vn 0.4892 -0.3072 0.8163
vn 0.7601 -0.5477 0.3496
vn -0.1327 0.0059 0.9911
vn 0.5774 0.3772 0.7241
vn 0.3843 0.0578 0.9214
vn -0.8084 -0.5799 0.1005
vn 0.1210 -0.9913 -0.0514
vn 0.0284 -0.5676 0.8228
vn -0.4962 -0.8430 0.2080
vn 0.8169 -0.5581 0.1456
vn 0.8746 -0.4475 0.1865
vn -0.9131 0.1270 0.3875
vn 0.9163 0.1130 0.3843
vn -0.6660 0.5436 0.5109
vn -0.6075 0.5977 0.5231
vn 0.8265 -0.0484 0.5608
vn 0.2684 -0.9304 0.2498
vn -0.3346 -0.1280 0.9336
vn 0.3178 -0.0280 0.9477
vn -0.1780 -0.2049 0.9625
vn 0.1448 -0.2896 0.9461
vn 0.1497 -0.2841 0.9471
vn 0.3448 -0.4809 0.8061
vn 0.2460 -0.2187 0.9443
vn 0.4665 -0.1124 0.8773
vn -0.6029 -0.0343 0.7971
vn 0.1990 0.0941 0.9755
vn 0.3931 -0.4665 0.7924
vn 0.3672 -0.9287 -0.0519
vn -0.4445 0.2781 0.8515
vn -0.5192 0.3603 0.7750
vn -0.2356 0.4196 0.8766
vn 0.8183 -0.1057 0.5650
vn -0.7802 -0.6097 0.1400
vn -0.6639 0.1161 0.7388
vn -0.1272 -0.0257 0.9915
vn 0.2198 0.0415 0.9747
vn -0.3631 0.6414 0.6759
vn 0.4046 -0.3545 0.8430
vn -0.0282 -0.6839 0.7290
vn -0.0229 0.8204 0.5713
vn 0.4267 0.1236 0.8959
vn 0.2739 0.4716 0.8382
vn -0.3283 -0.1965 0.9239
vn -0.0027 -0.6409 0.7676
vn -0.5607 -0.7651 0.3165
vn -0.5991 0.4595 0.6557
vn 0.6982 -0.4569 0.5511
vn -0.2538 -0.9501 -0.1812
vn -0.2297 -0.6654 0.7103
vn 0.2817 -0.2722 0.9201
vn -0.3621 -0.7219 0.5897
vn 0.3913 -0.9110 -0.1307
vn 0.6141 -0.7797 0.1227
vn -0.8966 -0.4165 -0.1502
vn -0.9446 0.0373 0.3261
vn -0.8814 0.1581 0.4451
vn -0.8829 0.4675 0.0437
vn -0.8978 0.2237 0.3795
vn 0.8707 0.0569 0.4885
vn 0.8438 -0.1938 0.5005
vn -0.7543 0.1391 0.6417
vn -0.8245 -0.1988 0.5298
vn 0.8226 0.0706 0.5642
vn -0.7838 -0.0438 0.6195
vn 0.1786 0.9411 0.2870
vn -0.0273 0.9996 -0.0051
vn -0.2749 0.6918 0.6677
vn -0.0286 -0.2491 0.9681
vn -0.9495 -0.1121 0.2932
vn -0.4080 0.0698 -0.9103
vn 0.5742 0.0838 -0.8144
vn 0.0836 0.1086 -0.9906
vn -0.1419 0.2148 -0.9663
vn -0.3012 -0.3552 0.8849
vn 0.0370 -0.4420 0.8962
vn 0.0430 -0.3285 0.9435
vn 0.4954 -0.3832 0.7795
vn 0.2338 -0.2060 0.9502
vn -0.4811 -0.0555 0.8749
vn -0.2256 0.0259 0.9739
vn -0.7538 0.1683 0.6352
vn -0.2742 0.1454 0.9506
vn 0.4909 -0.8285 0.2694
vn 0.1444 -0.9835 0.1094
vn -0.6815 0.3769 0.6273
vn -0.8354 -0.3794 0.3977
vn -0.6633 0.1322 0.7366
vn -0.1829 -0.2999 0.9363
vn -0.6675 -0.1179 0.7352
vn 0.4733 -0.3689 0.7999
vn 0.3619 0.8946 0.2622
vn 0.0047 0.2566 0.9665
vn -0.3076 -0.0465 0.9504
vn 0.6559 0.0411 0.7538
vn 0.4982 -0.0151 0.8669
vn 0.4173 -0.1356 0.8986
vn -0.0127 -0.5597 0.8286
vn -0.9054 -0.1056 0.4112
vn -0.5501 -0.5118 0.6599
vn -0.8547 0.3335 0.3978
vn -0.1452 0.2536 0.9564
vn -0.7527 0.1802 0.6333
vn 0.1548 0.4718 0.8680
vn 0.3478 0.4633 0.8151
vn 0.3086 0.1145 0.9443
vn -0.4138 0.3839 0.8254
vn -0.1339 0.1712 0.9761
vn -0.4373 -0.1555 0.8858
vn 0.4384 -0.7991 0.4114
vn 0.2160 -0.8467 0.4863
vn 0.6551 0.5739 0.4914
vn 0.0364 -0.2283 0.9729
vn -0.1265 0.3150 0.9406
vn 0.8632 0.2144 0.4572
vn 0.9382 -0.3134 0.1467
vn 0.8391 -0.4742 0.2667
vn -0.7519 0.3746 0.5425
vn -0.9458 0.2626 0.1909
vn -0.7441 -0.2345 0.6256
vn -0.4958 0.8422 0.2121
vn -0.5884 0.5301 0.6106
vn -0.6539 -0.6726 0.3464
vn 0.1605 -0.0721 0.9844
vn -0.7772 0.0928 -0.6223
vn 0.0883 -0.1584 0.9834
vn -0.0443 -0.1886 0.9811
vn -0.3140 -0.1293 0.9406
vn 0.1209 -0.4082 0.9049
vn -0.6414 0.1048 0.7600
vn 0.4725 0.0754 0.8781
vn -0.8712 0.0941 0.4818
vn -0.9356 -0.0620 0.3475
vn 0.0483 -0.0018 0.9988
vn -0.4509 0.2786 0.8480
vn -0.6421 0.4296 0.6349
vn -0.3359 0.7299 0.5954
vn -0.9727 0.1490 -0.1777
vn -0.9244 0.1463 0.3523
vn 0.6340 -0.0579 0.7712
vn 0.2078 -0.3030 0.9301
vn -0.9877 -0.1322 -0.0832
vn 0.4552 0.4380 0.7752
vn -0.3022 0.3043 0.9034
vn 0.6727 -0.1242 0.7294
vn 0.2982 0.2425 0.9232
vn 0.4642 0.3662 0.8065
vn 0.0418 0.0764 0.9962
vn 0.0904 -0.9822 -0.1645
vn 0.0744 -0.9911 -0.1105
vn 0.2753 -0.9458 -0.1723
vn 0.6840 -0.7257 0.0735
vn -0.6712 -0.7406 0.0315
vn -0.9339 -0.2922 0.2058
vn -0.9003 0.0922 0.4253
vn 0.5661 0.6336 0.5274
vn 0.8980 0.3783 0.2246
vn -0.8482 -0.1356 0.5120
vn -0.8266 0.5325 0.1822
vn -0.8160 -0.1822 0.5485
vn 0.6426 -0.5261 0.5571
vn -0.5732 0.4244 0.7010
vn -0.1473 0.9823 -0.1159
vn 0.1418 0.8094 0.5699
vn 0.3452 -0.8585 0.3791
vn 0.8272 -0.1829 0.5313
vn 0.8468 -0.0236 0.5313
vn -0.6068 -0.2009 0.7690
vn -0.9850 -0.0189 0.1716
vn 0.8799 0.0581 -0.4716
vn 0.1000 -0.1165 0.9881
vn 0.3503 0.2139 -0.9119
vn -0.3233 -0.1252 0.9380
vn -0.3820 -0.3001 0.8741
vn 0.2015 -0.3800 0.9028
vn -0.2290 -0.3066 0.9239
vn 0.6025 -0.2681 0.7517
vn -0.6562 0.1241 0.7443
vn 0.2184 -0.7562 0.6168
vn 0.7104 -0.5301 0.4630
vn 0.7271 0.2406 0.6429
vn -0.7609 -0.2328 0.6057
vn -0.1329 0.9251 0.3558
vn 0.0988 0.9923 0.0753
vn 0.5191 0.8186 0.2459
vn 0.3365 -0.2063 0.9188
vn 0.4674 0.1148 0.8765
vn 0.3527 -0.0720 0.9330
vn 0.1122 0.0522 0.9923
vn -0.1657 -0.4255 0.8897
vn -0.9442 -0.1668 0.2841
vn -0.3971 0.2406 0.8857
vn 0.0100 0.2247 0.9744
vn -0.6245 0.4600 0.6312
vn 0.1959 0.3781 0.9048
vn -0.1028 0.0543 0.9932
vn -0.8117 -0.5819 -0.0499
vn 0.7976 -0.5160 -0.3123
vn 0.8108 -0.4513 -0.3726
vn 0.2868 -0.9437 -0.1650
vn 0.9294 -0.2648 0.2569
vn 0.8549 -0.2166 0.4715
vn -0.6745 0.4948 0.5479
vn -0.5739 0.3336 0.7479
vn -0.8733 0.0490 0.4847
vn -0.7475 -0.0179 0.6640
vn 0.7052 -0.1231 0.6982
vn -0.3097 -0.8163 0.4876
vn -0.3495 0.9324 -0.0922
vn -0.3801 0.9214 -0.0809
vn 0.3508 0.5838 0.7322
vn 0.1685 0.7532 0.6359
vn -0.0613 0.8304 0.5537
vn -0.7227 -0.1054 0.6831
vn -0.4402 -0.1206 0.8898
vn 0.1984 -0.3525 0.9145
vn -0.3849 -0.2621 0.8849
vn 0.3683 -0.3936 0.8423
vn 0.3161 0.2003 0.9273
vn 0.2136 -0.8084 0.5484
vn -0.1952 0.1402 0.9707
vn -0.0229 -0.0062 0.9997
vn 0.1463 -0.9883 0.0437
vn -0.0547 -0.0077 0.9985
vn 0.0396 -0.1185 0.9922
vn -0.1953 -0.0654 0.9786
vn 0.7099 0.2125 0.6715
vn -0.9657 -0.2483 0.0762
vn -0.8281 -0.3002 0.4734
vn -0.9699 0.2097 0.1236
vn -0.9924 -0.0750 0.0975
vn -0.2538 -0.2143 0.9432
vn 0.2617 0.0109 0.9651
vn 0.0449 -0.0026 0.9990
vn -0.0334 0.2649 0.9637
vn -0.0824 0.5459 0.8338
vn 0.0858 0.3308 0.9398
vn -0.5013 -0.8567 -0.1214
vn 0.7304 -0.6682 -0.1415
vn 0.5661 -0.0107 0.8243
vn -0.6641 -0.6913 0.2847
vn 0.9909 -0.1310 0.0301
vn -0.7138 -0.6999 -0.0237
vn 0.6763 -0.7330 -0.0730
vn 0.7398 -0.6262 0.2459
vn 0.8617 -0.4280 0.2726
vn -0.9196 0.1929 0.3423
vn -0.9200 0.0973 0.3797
vn 0.6648 0.3329 0.6687
vn 0.7320 0.1955 0.6527
vn -0.7790 0.3581 0.5147
vn 0.5358 -0.1367 0.8332
vn -0.5271 -0.1173 0.8416
vn -0.1078 0.9813 -0.1595
vn 0.7749 -0.3555 0.5227
vn 0.7690 0.3232 0.5515
vn 0.3352 -0.1453 0.9309
vn 0.9796 -0.0375 0.1975
vn -0.9957 -0.0099 0.0922
vn 1.0000 0.0040 0.0052
vn -0.4560 0.2637 -0.8500
vn 0.0113 -0.3294 0.9441
vn 0.0394 -0.2812 0.9588
vn 0.3951 -0.2716 0.8776
vn -0.0335 0.2234 0.9741
vn -0.2180 -0.0784 0.9728
vn 0.7351 -0.0541 0.6758
vn 0.1252 -0.0783 0.9890
vn -0.2033 0.0273 0.9787
vn 0.1815 -0.1336 0.9743
vn -0.1547 -0.4124 0.8978
vn -0.1909 0.0619 0.9797
vn 0.4686 -0.3019 0.8302
vn -0.4950 -0.4131 0.7644
vn 0.1988 -0.4260 0.8826
vn -0.2621 -0.2609 0.9291
vn -0.4325 0.8582 0.2763
vn 0.0306 -0.3511 0.9358
vn -0.9202 -0.0772 0.3838
vn -0.0891 0.2381 0.9671
vn -0.1372 0.3389 0.9308
vn -0.7043 0.0774 0.7056
vn 0.3663 0.1626 0.9162
vn -0.2697 0.7594 0.5921
vn -0.0144 0.5945 0.8040
vn -0.4591 0.2641 0.8482
vn -0.1974 0.2746 0.9411
vn 0.0224 -0.8155 -0.5783
vn -0.8824 0.0212 0.4701
vn -0.7324 0.4431 0.5169
vn -0.6526 0.1007 0.7510
vn 0.8673 0.3181 0.3829
vn 0.6583 0.1381 0.7400
vn -0.6123 -0.0462 0.7893
vn 0.4802 0.3068 0.8218
vn 0.6228 -0.0640 0.7798
vn -0.5593 0.0227 0.8287
vn 0.2426 -0.9604 0.1367
vn -0.4699 -0.5642 0.6788
vn 0.5359 0.0065 0.8443
vn -0.2034 0.9602 -0.1916
vn 0.7822 0.4393 0.4419
vn -0.3122 0.7200 0.6197
vn 0.0269 0.6347 0.7723
vn 0.4533 0.7191 0.5267
vn -0.1528 -0.1905 0.9697
vn 0.6019 -0.0955 0.7928
vn -0.8959 0.1304 -0.4246
vn -0.2685 -0.0936 0.9587
vn 0.7921 0.2036 -0.5755
vn 0.2533 0.2711 -0.9286
vn 0.0375 -0.2235 0.9740
vn -0.1934 -0.2650 0.9447
vn -0.1702 -0.1471 0.9744
vn 0.2855 -0.1060 0.9525
vn -0.1949 -0.1837 0.9635
vn 0.2491 -0.5410 0.8032
vn 0.1550 -0.8317 0.5332
vn -0.1094 0.1667 0.9799
vn -0.0333 -0.0183 0.9993
vn -0.4459 -0.2155 0.8688
vn -0.0957 -0.4915 0.8656
vn -0.4684 -0.3084 0.8280
vn -0.0089 -0.9854 -0.1701
vn -0.1781 -0.0555 0.9824
vn 0.9439 -0.1141 -0.3098
vn -0.6166 -0.0709 0.7841
vn -0.4231 -0.1690 0.8902
vn 0.7020 0.3948 0.5927
vn 0.1706 -0.5046 0.8463
vn -0.8625 0.2672 0.4298
vn 0.6036 -0.2200 0.7664
vn -0.5535 -0.4731 0.6854
vn 0.0361 0.8931 0.4484
vn -0.5510 0.2275 0.8029
vn 0.5714 -0.0842 0.8164
vn -0.1945 -0.1958 0.9612
vn -0.0432 0.2826 0.9583
vn 0.2442 0.2221 0.9440
vn 0.8778 -0.4564 -0.1454
vn 0.8925 0.0378 0.4495
vn -0.3238 0.7049 0.6311
vn 0.9431 -0.3032 0.1368
vn -0.6136 0.1014 0.7830
vn -0.4747 -0.2706 0.8375
vn -0.7817 -0.2260 0.5812
vn -0.5580 -0.0847 0.8255
vn 0.4650 -0.0479 0.8840
vn 0.3808 -0.3142 0.8697
vn -0.2217 0.9650 -0.1403
vn -0.3395 0.7894 0.5115
vn 0.0811 0.8535 0.5147
vn 0.6793 0.1087 0.7257
vn -0.6722 0.6983 0.2460
vn -0.6766 0.3724 -0.6352
vn -0.3058 0.3339 -0.8916
vn -0.0934 -0.0653 0.9935
vn 0.2295 0.2541 0.9395
vn -0.0252 -0.3429 0.9390
vn -0.2835 0.2266 0.9318
vn 0.1175 -0.5391 0.8340
vn 0.2700 -0.2943 0.9168
vn 0.2864 -0.0196 0.9579
vn -0.2994 -0.4294 0.8520
vn 0.4569 -0.4024 0.7933
vn 0.3558 -0.2602 0.8976
vn -0.7108 -0.0771 0.6991
vn 0.2562 -0.3773 0.8899
vn 0.1916 0.2913 0.9372
vn 0.4834 0.2564 0.8370
vn 0.2130 0.0233 0.9768
vn -0.3660 0.0776 0.9274
vn -0.3242 0.2643 0.9083
vn -0.3258 -0.7486 -0.5775
vn 0.9774 -0.2112 0.0071
vn -0.2287 -0.9323 0.2803
vn -0.8776 -0.2732 0.3939
vn -0.2048 -0.9511 -0.2310
vn 0.8003 -0.4058 0.4415
vn -0.3888 0.2092 0.8973
vn -0.4188 -0.0181 0.9079
vn -0.1928 0.1621 0.9677
vn 0.4623 -0.2373 0.8544
vn 0.2571 -0.0654 0.9642
vn 0.0260 -0.5255 0.8504
vn -0.5782 0.3085 0.7553
vn 0.2495 -0.2911 0.9236
vn 0.7095 0.2196 0.6696
vn -0.1185 -0.1782 0.9768
vn -0.4101 0.2189 0.8854
vn -0.2000 0.1284 0.9713
vn -0.2204 -0.2992 0.9284
vn -0.2884 0.2219 0.9314
vn -0.5224 -0.1790 0.8337
vn 0.3624 -0.2004 0.9102
vn -0.8727 0.4293 0.2327
vn 0.7314 -0.0628 0.6791
vn -0.9727 0.1934 -0.1285
vn -0.3044 -0.1610 0.9388
vn -0.3640 0.0356 0.9307
vn 0.0893 0.1289 0.9876
vn 0.1858 -0.5381 0.8221
vn -0.7540 -0.4050 0.5171
vn 0.0790 -0.7807 0.6199
vn 0.2234 -0.7094 -0.6685
vn -0.5001 -0.1795 0.8472
vn 0.1897 -0.2411 0.9518
vn 0.7445 -0.2525 -0.6181
vn -0.8057 0.1778 0.5650
vn 0.2009 0.1980 0.9594
vn -0.3618 -0.2031 0.9099
vn 0.0525 0.5003 0.8643
vn 0.4059 -0.1060 0.9078
vn 0.9501 0.3030 -0.0745
vn -0.0297 -0.1040 0.9941
vn 0.0865 -0.4222 0.9024
vn -0.2816 -0.2496 0.9265
vn 0.0637 0.0118 0.9979
vn 0.4284 0.0145 0.9035
vn -0.0952 0.0283 0.9951
vn -0.3303 0.2678 0.9051
vn 0.1141 0.2894 0.9504
vn -0.1630 0.4309 0.8875
vn 0.5621 -0.7340 -0.3811
vn -0.8132 -0.5651 0.1392
vn -0.8137 -0.5813 0.0046
vn 0.4923 -0.8577 0.1483
vn -0.9157 -0.0525 0.3984
vn -0.7018 0.3582 0.6157
vn -0.1854 0.6613 0.7268
vn -0.4242 0.4377 0.7928
vn 0.2710 0.3379 0.9013
vn -0.6636 0.5243 0.5336
vn 0.0431 0.3911 0.9193
vn 0.6419 -0.2387 0.7287
vn -0.1539 -0.3044 0.9400
vn -0.1511 0.0057 0.9885
vn 0.4192 0.5357 0.7330
vn 0.5223 0.4571 0.7199
vn 0.0667 -0.7208 0.6899
vn -0.1988 0.1034 0.9746
vn -0.3060 0.1941 0.9320
vn 0.3964 0.2197 0.8914
vn 0.5466 0.2603 0.7959
vn -0.1251 -0.6646 0.7366
vn -0.0347 -0.4174 0.9081
vn -0.0397 -0.2563 0.9658
vn -0.1922 -0.7694 0.6092
vn 0.2369 -0.5469 0.8030
vn 0.7249 0.4069 0.5558
vn -0.7696 0.2731 0.5771
vn -0.7245 0.3646 0.5849
vn -0.0658 -0.1953 0.9785
vn 0.5607 0.2440 0.7912
vn 0.1977 -0.0160 0.9801
vn -0.6586 0.3707 0.6549
vn -0.3806 0.0447 0.9237
vn 0.2800 -0.3664 0.8873
vn 0.2191 0.1995 0.9551
vn -0.0875 -0.1430 0.9858
vn 0.1157 0.0281 0.9929
vn -0.3895 -0.2679 0.8812
vn 0.1012 -0.0934 0.9905
vn -0.5510 0.1486 0.8212
vn -0.3927 -0.1922 0.8994
vn 0.1445 -0.8989 0.4137
vn -0.1110 -0.1124 0.9874
vn -0.6638 -0.0329 0.7472
vn 0.9314 -0.0883 0.3532
vn -0.7672 -0.1090 0.6320
vn -0.9915 0.0052 0.1297
vn 0.2198 -0.1218 0.9679
vn -0.2547 -0.4208 0.8707
vn -0.0731 -0.3855 -0.9198
vn 0.2161 0.2830 0.9345
vn 0.8473 0.2987 -0.4392
vn 0.3256 0.3020 0.8960
vn 0.3109 -0.3758 0.8730
vn -0.3175 -0.3400 0.8852
vn 0.3031 -0.5266 0.7943
vn 0.3899 -0.2289 0.8919
vn 0.1311 0.1789 0.9751
vn 0.0815 0.6856 0.7234
vn -0.1608 0.0998 0.9819
vn 0.0966 0.0207 0.9951
vn 0.6303 0.0741 0.7728
vn -0.0865 0.3137 0.9456
vn 0.6720 -0.0885 0.7353
vn 0.0850 -0.0924 0.9921
vn 0.3083 -0.0072 0.9513
vn -0.0595 0.0875 0.9944
vn 0.2545 0.1326 0.9579
vn 0.3026 0.0373 0.9524
vn 0.4455 0.0891 0.8908
vn 0.5362 0.0553 0.8423
vn 0.4611 0.2331 0.8562
vn -0.2953 0.2222 0.9292
vn -0.7234 -0.6026 0.3369
vn 0.0100 0.2245 0.9744
vn 0.3662 0.1625 0.9162
vn 0.4901 -0.8652 -0.1062
vn 0.7881 -0.5684 0.2365
vn 0.8169 0.1158 0.5650
vn 0.4009 0.5519 0.7312
vn 0.4870 0.6914 0.5337
vn 0.2502 -0.5307 0.8098
vn -0.6893 0.0503 0.7227
vn 0.7442 0.3304 0.5805
vn 0.0328 -0.3778 0.9253
vn -0.6155 -0.2495 0.7476
vn -0.4134 0.2240 0.8826
vn 0.5981 0.1593 0.7855
vn 0.0682 -0.0063 0.9977
vn -0.1445 -0.1292 0.9810
vn 0.7254 0.1995 0.6587
vn 0.6013 -0.2388 0.7625
vn -0.1449 -0.2915 0.9455
vn 0.3744 0.0956 0.9223
vn 0.2462 -0.3897 0.8874
vn -0.0537 -0.2594 0.9643
vn -0.2977 0.1160 0.9476
vn -0.1573 -0.4083 0.8992
vn 0.2737 0.3403 0.8996
vn 0.0939 0.3036 0.9482
vn 0.1920 -0.9640 0.1841
vn -0.6012 0.3394 -0.7234
vn -0.2680 0.6544 -0.7071
vn -0.1514 -0.0586 -0.9867
vn 0.1406 -0.0692 0.9876
vn 0.2715 -0.2841 0.9195
vn 0.1588 -0.9822 -0.1001
vn -0.6579 -0.6533 -0.3746
vn 0.6071 -0.6755 -0.4185
vn -0.3083 0.6466 0.6978
vn 0.3343 0.2451 0.9101
vn 0.8076 -0.1302 0.5752
vn 0.2693 -0.0292 0.9626
vn 0.1984 -0.0420 0.9792
vn 0.4146 -0.1400 0.8992
vn -0.2125 -0.0327 0.9766
vn -0.1322 -0.0678 0.9889
vn 0.1390 0.2870 0.9478
vn 0.0949 -0.0210 0.9953
vn 0.4871 -0.0919 0.8685
vn 0.4233 0.0450 0.9049
vn -0.3015 0.1517 0.9413
vn -0.2243 -0.9454 -0.2363
vn -0.7987 -0.5863 0.1354
vn -0.2055 -0.8892 0.4089
vn 0.2938 -0.9431 0.1559
vn 0.8817 -0.1433 0.4495
vn 0.8685 -0.1945 0.4559
vn -0.3673 0.5533 0.7477
vn 0.5957 0.6293 0.4991
vn 0.2320 -0.8080 0.5416
vn -0.1687 -0.5844 0.7938
vn 0.7081 -0.0575 0.7037
vn 0.5695 0.1740 0.8034
vn 0.2359 -0.1852 0.9540
vn 0.1995 -0.9722 0.1226
vn -0.1441 -0.0117 0.9895
vn 0.0528 -0.8255 0.5620
vn 0.1554 -0.8835 0.4419
vn 0.1129 -0.6301 0.7683
vn 0.0383 0.0435 0.9983
vn 0.2113 -0.6318 0.7458
vn 0.1786 -0.7142 0.6768
vn 0.6233 -0.6003 0.5011
vn 0.9107 0.0800 -0.4052
vn -0.8498 0.2492 -0.4645
vn -0.3151 -0.2111 -0.9253
vn 0.4829 -0.3868 -0.7856
vn -0.3062 -0.7666 -0.5644
vn 0.0220 -0.3504 0.9363
vn 0.2876 -0.8972 -0.3352
vn 0.2297 -0.8669 -0.4425
vn -0.4743 0.3248 0.8183
vn -0.2899 0.6436 0.7083
vn -0.3255 0.4451 0.8342
vn 0.4237 -0.3648 0.8291
vn 0.8641 0.5012 0.0462
vn -0.3633 0.0015 0.9317
vn -0.4399 0.0882 0.8937
vn -0.1504 0.1076 0.9828
vn -0.0625 0.1618 0.9848
vn -0.0598 0.0414 0.9974
vn 0.0124 0.1287 0.9916
vn 0.1562 0.2046 0.9663
vn 0.3246 -0.9450 0.0387
vn -0.9118 -0.2820 0.2985
vn 0.9077 -0.3008 0.2926
vn 0.8003 -0.3192 0.5076
vn 0.0299 -0.7586 0.6509
vn 0.1612 -0.8658 0.4737
vn 0.8933 -0.2978 0.3368
vn -0.8928 -0.3423 0.2929
vn 0.7175 -0.2453 0.6519
vn -0.9445 -0.0773 0.3194
vn 0.6006 0.0759 0.7959
vn -0.7111 0.2344 0.6629
vn -0.7717 0.2824 0.5699
vn -0.3494 -0.3226 0.8797
vn 0.1960 0.2611 0.9452
vn 0.2645 -0.2564 0.9297
vn -0.3715 -0.2764 0.8863
vn -0.6445 0.2948 0.7055
vn -0.7596 0.2193 0.6123
vn -0.8058 -0.0899 0.5854
vn 0.7694 0.1112 0.6290
vn 0.7914 -0.2683 0.5492
vn -0.6789 0.4092 0.6096
vn -0.2040 -0.2181 0.9544
vn -0.1116 0.2676 0.9571
vn 0.2175 -0.9498 0.2250
vn 0.4982 -0.5079 0.7027
vn -0.8083 0.2158 0.5478
vn 0.2947 -0.0604 0.9537
vn 0.3691 -0.1010 0.9239
vn -0.8905 -0.0730 0.4491
vn 0.8625 -0.2502 0.4398
vn 0.9818 -0.0850 -0.1698
vn -0.7633 -0.3049 -0.5696
vn -0.7166 0.1386 -0.6836
vn 0.0946 0.6615 -0.7439
vn 0.1383 -0.1322 0.9815
vn -0.0528 -0.2486 0.9672
vn 0.9057 0.0095 -0.4238
vn 0.4251 -0.2228 0.8773
vn 0.3172 0.0378 0.9476
vn 0.4616 0.1162 0.8794
vn 0.0645 0.1070 0.9922
vn -0.0535 -0.2710 0.9611
vn -0.4668 -0.2597 0.8454
vn -0.1185 -0.3781 0.9182
vn 0.3448 -0.2346 0.9089
vn 0.2947 -0.1646 0.9413
vn -0.3141 -0.1044 0.9436
vn 0.2146 0.4150 0.8842
vn 0.0189 -0.1082 0.9940
vn -0.1162 0.0992 0.9883
vn -0.1939 0.0218 0.9808
vn -0.1292 -0.1411 0.9815
vn 0.7258 0.0618 0.6851
vn 0.0805 0.0356 0.9961
vn -0.1674 0.1859 0.9682
vn 0.7460 -0.5183 0.4182
vn 0.8595 -0.3950 0.3244
vn -0.6975 -0.4695 0.5414
vn -0.8119 -0.3853 0.4385
vn 0.0348 -0.9077 0.4182
vn -0.4159 -0.6825 0.6010
vn 0.2801 0.3596 0.8901
vn -0.4853 -0.0564 0.8725
vn 0.2042 0.5228 0.8276
vn -0.4554 -0.0437 0.8892
vn 0.7490 0.4116 0.5193
vn -0.7388 -0.1351 0.6602
vn 0.8558 0.4945 0.1520
vn 0.1793 -0.2075 0.9617
vn 0.1118 -0.4594 0.8812
vn 0.0630 -0.4412 0.8952
vn 0.4685 0.2853 0.8361
vn 0.7737 0.0364 0.6325
vn -0.6806 0.3733 0.6304
vn -0.4407 0.8914 0.1056
vn -0.5751 0.5240 0.6282
vn -0.1093 0.8485 0.5177
vn -0.1197 -0.0710 0.9903
vn -0.9972 -0.0248 0.0709
vn 0.7539 0.0618 -0.6541
vn -0.7183 -0.6888 -0.0974
vn -0.7568 -0.0484 -0.6518
vn -0.4426 -0.6016 -0.6649
vn -0.6134 -0.6245 -0.4835
vn -0.0609 -0.6996 -0.7119
vn -0.1204 0.9921 -0.0344
vn -0.0244 -0.1014 0.9945
vn 0.8564 0.5155 -0.0277
vn -0.4355 -0.3380 0.8343
vn -0.1843 -0.1732 0.9675
vn 0.5820 0.7891 0.1964
vn -0.2108 -0.0207 0.9773
vn -0.1199 0.4034 0.9071
vn -0.2900 0.3285 0.8989
vn -0.1967 -0.8382 0.5087
vn -0.6943 -0.3321 0.6385
vn -0.7505 -0.3383 0.5677
vn 0.3323 -0.6554 0.6782
vn -0.7767 -0.4778 0.4105
vn 0.6948 -0.1090 0.7109
vn -0.5532 0.1761 0.8142
vn 0.2314 0.2155 0.9487
vn -0.6627 -0.1746 0.7283
vn -0.5974 0.3672 0.7129
vn -0.2871 0.4455 0.8480
vn 0.7661 0.6323 0.1153
vn 0.4476 -0.1395 0.8833
vn -0.5757 -0.0895 0.8128
vn 0.1966 0.5167 0.8333
vn 0.5464 -0.2369 0.8034
vn -0.3968 -0.9173 -0.0336
vn 0.7677 -0.3516 -0.5358
vn -1.0000 0.0008 -0.0062
vn -0.7723 0.5426 -0.3303
vn -0.8310 -0.5004 -0.2429
vn 0.9183 -0.2350 -0.3185
vn 0.4498 -0.1031 0.8871
vn 0.2933 0.1278 0.9474
vn -0.1116 -0.6839 0.7210
vn 0.1175 -0.2935 0.9487
vn -0.4209 -0.4279 0.7998
vn -0.5484 0.1657 0.8196
vn 0.4199 0.4324 0.7979
vn 0.1113 0.3064 0.9454
vn -0.6597 -0.2533 0.7075
vn -0.4038 0.2531 0.8791
vn -0.2589 0.1894 0.9472
vn -0.6696 -0.1886 0.7184
vn 0.8854 0.0884 0.4564
vn 0.4867 -0.3922 0.7806
vn -0.7403 0.0752 0.6681
vn 0.3089 0.5286 0.7907
vn -0.0397 -0.2483 0.9679
vn 0.2216 -0.1929 0.9559
vn 0.0650 -0.6325 0.7718
vn 0.2841 -0.3509 0.8923
vn -0.5456 0.2266 0.8068
vn 0.0101 -0.9707 0.2399
vn -0.2183 0.9576 -0.1880
vn 0.7897 0.2685 0.5516
vn -0.0495 -0.8451 0.5323
vn -0.5442 -0.1621 0.8231
vn 0.9511 -0.0441 -0.3058
vn 0.9272 0.3745 -0.0067
vn -0.4820 0.0002 0.8762
vn 0.5023 0.0094 0.8646
vn 0.5612 -0.0195 0.8275
vn 0.5102 0.1253 0.8508
vn -0.2150 0.1140 0.9699
vn 0.4185 0.3517 0.8373
vn -0.1092 -0.4972 0.8607
vn -0.0528 -0.3657 0.9292
vn 0.4279 0.2302 0.8740
vn 0.2343 0.0470 0.9710
vn -0.1798 -0.3050 0.9352
vn -0.2353 -0.5226 0.8195
vn 0.0724 0.5944 0.8009
vn -0.4710 0.0194 0.8819
vn 0.4460 -0.3391 0.8283
vn 0.3825 -0.1419 0.9130
vn -0.2273 0.2923 0.9289
vn 0.5248 0.3175 0.7898
vn 0.7654 -0.2405 0.5970
vn -0.1741 -0.6988 0.6938
vn 0.2133 -0.7716 0.5993
vn 0.5141 -0.4297 0.7423
vn -0.5285 -0.3114 0.7898
vn 0.3963 0.4702 0.7886
vn -0.9259 -0.0815 0.3688
vn -0.6626 -0.7340 -0.1488
vn -0.9613 0.2026 0.1867
vn -0.4383 -0.0918 0.8941
vn 0.5009 0.0190 0.8653
vn -0.3875 0.1487 0.9098
vn -0.0071 0.2963 0.9551
vn 0.0947 -0.5417 0.8352
vn 0.7535 -0.1974 0.6272
vn -0.4945 -0.2919 0.8187
vn 0.5290 0.2135 0.8213
vn -0.6558 -0.1662 0.7364
vn 0.5077 -0.1186 0.8533
vn 0.1481 0.4969 0.8551
vn 0.1675 -0.2275 0.9593
vn -0.3756 -0.3240 0.8683
vn 0.1256 -0.6754 0.7267
vn -0.5767 -0.5256 0.6254
vn 0.8304 0.2880 0.4770
vn -0.2879 0.3803 0.8789
vn 0.0448 0.5142 0.8565
vn 0.1496 0.4456 0.8827
vn 0.0292 0.4218 0.9062
vn 0.2821 0.2738 0.9195
vn 0.1775 -0.9722 0.1526
vn 0.3650 -0.8614 0.3531
vn 0.3055 0.9284 0.2116
vn -0.0236 0.6259 0.7795
vn -0.3156 -0.3015 0.8997
vn 0.9030 -0.4293 -0.0151
vn -0.6246 -0.7496 0.2188
vn -0.6907 0.4327 0.5794
vn -0.6010 0.4811 0.6382
vn 0.1586 -0.0685 0.9850
vn 0.3720 -0.1534 0.9155
vn 0.4314 0.0047 0.9021
vn -0.2383 -0.0612 0.9693
vn -0.0990 -0.0242 0.9948
vn -0.0148 -0.1831 0.9830
vn 0.4271 0.3923 0.8147
vn -0.0846 0.1605 0.9834
vn -0.3646 -0.0368 0.9304
vn -0.2191 0.3299 0.9182
vn 0.0859 -0.0253 0.9960
vn 0.0429 0.0648 0.9970
vn -0.1746 -0.4751 0.8624
vn -0.3926 -0.4354 0.8101
vn -0.2103 -0.0479 0.9765
vn 0.2311 0.3559 0.9055
vn -0.1900 -0.3526 0.9163
vn 0.2720 0.1921 0.9429
vn -0.1793 0.9788 -0.0990
vn -0.1707 0.9792 -0.1099
vn -0.1764 0.2772 0.9445
vn -0.6194 -0.6884 0.3774
vn -0.1423 0.9758 -0.1658
vn -0.9651 -0.0375 -0.2593
vn -0.9177 -0.3966 0.0237
vn -0.9922 -0.1171 0.0427
vn -0.9199 0.3559 0.1645
vn 0.6941 0.7182 -0.0498
vn 0.1131 0.8715 0.4772
vn -0.0395 0.1918 0.9806
vn -0.0738 0.1538 0.9853
vn -0.1888 -0.2012 0.9612
vn 0.1166 0.0537 0.9917
vn -0.4793 -0.4420 0.7582
vn -0.0402 -0.3323 0.9423
vn 0.1060 -0.2409 0.9648
vn 0.3939 -0.0866 0.9150
vn -0.2515 0.0533 0.9664
vn 0.1772 -0.9723 0.1522
vn -0.0284 0.9986 0.0443
vn 0.1776 -0.1873 0.9661
vn -0.2038 -0.2458 0.9476
vn 0.2534 -0.3467 0.9031
vn 0.4363 -0.0504 0.8984
vn 0.3130 -0.0123 0.9497
vn 0.5017 0.0542 0.8634
vn -0.0434 0.0484 0.9979
vn -0.7382 0.1014 0.6669
vn -0.3997 -0.7252 0.5606
vn -0.7303 0.3449 0.5896
vn -0.4653 -0.8675 0.1758
vn -0.9023 -0.4045 -0.1489
vn 0.8414 -0.0781 -0.5347
vn -0.0592 -0.8835 -0.4647
vn -0.4039 0.8414 0.3591
vn 0.0642 -0.9677 0.2438
vn 0.2165 -0.9641 0.1535
vn 0.8992 0.2336 0.3700
vn 0.6573 0.7461 0.1061
vn -0.3415 0.9073 0.2454
vn 0.7795 -0.5945 0.1972
vn 0.5915 -0.7745 -0.2242
vn 0.4919 0.7046 0.5115
vn 0.0889 0.9333 0.3479
vn -0.2218 0.9715 -0.0833
vn -0.1985 0.9734 -0.1144
vn 0.6650 0.4016 0.6297
vn 0.1350 -0.7980 0.5873
vn -0.4455 -0.8470 0.2901
vn -0.4687 -0.7490 0.4683
vn 0.7171 -0.6797 -0.1542
vn 0.8885 -0.4537 -0.0684
vn -0.1775 0.2968 -0.9383
vn -0.7664 0.5815 0.2728
vn 0.5473 0.1000 0.8310
vn 0.9460 0.3060 0.1072
vn -0.1876 -0.7775 0.6002
vn 0.2456 -0.9372 0.2476
vn -0.1839 0.9820 0.0438
vn 0.3854 0.7811 0.4914
vn 0.4541 -0.8578 0.2407
vn 0.6116 -0.7739 -0.1643
vn 0.4199 -0.9071 0.0287
vn 0.9640 0.1853 0.1905
vn -0.8650 -0.1130 0.4889
vn -0.4282 0.8033 0.4140
vn -0.1340 0.8353 0.5332
vn -0.0754 -0.9867 0.1441
vn -0.2263 -0.9256 0.3035
vn -0.6431 -0.3924 0.6576
vn 0.6527 0.6564 0.3783
vn -0.9577 0.2840 -0.0472
vn -0.1800 0.1360 0.9742
vn 0.5680 -0.5141 0.6427
vn -0.1933 -0.5139 0.8358
vn 0.0917 0.2203 0.9711
vn 0.5671 -0.7008 0.4328
vn 0.0775 0.0988 0.9921
vn -0.3024 0.7300 0.6129
vn -0.7754 0.3314 0.5375
vn -0.7851 0.4644 0.4098
vn -0.3102 0.8341 0.4562
vn 0.6448 -0.2542 0.7208
vn -0.6974 -0.5751 0.4277
vn -0.6241 -0.4461 0.6415
vn 0.8798 -0.1727 -0.4429
vn 0.4215 0.9052 0.0541
vn 0.1300 0.4295 0.8937
vn -0.2654 0.9173 0.2967
vn -0.3183 0.4790 0.8180
vn 0.2102 -0.5176 0.8294
vn 0.3953 -0.9156 0.0736
vn 0.9002 -0.4321 -0.0551
vn 0.2127 0.8526 0.4774
vn -0.1913 -0.8317 0.5213
vn 0.9335 -0.0990 0.3447
vn -0.7252 0.0049 0.6885
vn 0.6119 0.6232 -0.4870
vn 0.7507 -0.2684 -0.6037
vn 0.5692 -0.7811 -0.2568
vn 0.6839 0.5124 0.5193
vn -0.1537 0.9723 0.1761
vn 0.0885 -0.9108 0.4032
vn -0.5988 0.0194 0.8007
vn -0.0864 0.9236 0.3735
vn 0.4888 -0.7539 -0.4389
vn 0.2297 -0.9404 0.2506
vn -0.0874 -0.8906 0.4464
vn -0.4135 -0.8345 0.3642
vn 0.3660 -0.8596 0.3566
vn -0.7580 -0.1292 0.6393
vn -0.6169 -0.4918 0.6144
vn 0.3846 -0.6917 0.6112
vn 0.5448 -0.1715 -0.8208
vn -0.1366 -0.8714 0.4712
vn 0.7397 0.5719 -0.3545
vn 0.9848 0.1533 -0.0819
vn 0.4765 -0.3956 -0.7851
vn -0.5644 0.5028 0.6547
vn -0.0948 0.5345 0.8398
vn 0.3875 0.7758 0.4980
vn 0.4063 -0.7400 0.5360
vn 0.2736 -0.9070 0.3203
vn -0.1455 -0.9880 -0.0512
vn 0.8203 -0.5708 -0.0365
vn -0.5642 0.0353 0.8249
vn -0.7495 -0.1404 0.6469
vn 0.1084 0.9821 -0.1541
vn -0.6088 0.1517 0.7787
vn -0.4684 0.1414 0.8721
vn -0.5229 -0.7302 0.4398
vn -0.2555 -0.9527 0.1644
vn 0.0468 0.5084 -0.8598
vn 0.4189 0.3790 -0.8252
vn 0.9126 0.1542 -0.3787
vn -0.2913 0.3742 0.8804
vn -0.3744 0.6187 0.6907
vn 0.0776 0.7534 0.6529
vn 0.4334 -0.0057 0.9012
vn 0.2897 -0.6632 0.6901
vn 0.2624 -0.8627 0.4324
vn -0.7491 -0.3419 0.5674
vn -0.2333 -0.3383 0.9116
vn 0.2077 -0.8632 0.4602
vn 0.3800 -0.9127 -0.1504
vn -0.6337 -0.7734 0.0169
vn 0.9483 0.1198 -0.2939
vn -0.4729 -0.8460 -0.2464
vn 0.9086 -0.3839 -0.1647
vn -0.3883 0.0117 0.9215
vn -0.4339 0.1923 0.8802
vn -0.5904 0.2314 0.7732
vn -0.0547 -0.3562 0.9328
vn -0.0875 0.6615 0.7449
vn 0.2743 -0.3541 0.8941
vn -0.0555 -0.5199 0.8524
vn -0.5450 -0.6631 0.5131
vn 0.9255 -0.1065 0.3635
vn 0.8491 0.4293 0.3078
vn -0.1026 -0.9589 0.2645
vn -0.6863 -0.6074 0.4001
vn -0.3058 -0.3143 0.8987
vn 0.0369 0.0113 0.9993
vn 0.5982 -0.6128 0.5163
vn -0.7817 -0.3301 0.5291
vn -0.6070 -0.0712 0.7915
vn 0.1581 0.4874 0.8587
vn -0.1345 -0.5817 0.8022
vn 0.4722 0.1683 0.8653
vn 0.3335 -0.2065 0.9199
vn -0.2436 -0.1107 0.9635
vt 0.412287 0.501908
vt 0.419482 0.501081
vt 0.421070 0.505552
vt 0.407668 0.503174
vt 0.407955 0.495792
vt 0.411825 0.494430
vt 0.410799 0.419786
vt 0.410026 0.388123
vt 0.419117 0.415036
vt 0.427227 0.398646
vt 0.428000 0.420305
vt 0.418053 0.395044
vt 0.419166 0.511456
vt 0.413852 0.515530
vt 0.402758 0.404559
vt 0.436993 0.405594
vt 0.425705 0.365422
vt 0.410080 0.369805
vt 0.416468 0.365079
vt 0.429611 0.510499
vt 0.404984 0.484206
vt 0.877608 0.856874
vt 0.880427 0.843897
vt 0.880427 0.865267
vt 0.431612 0.462455
vt 0.399874 0.377785
vt 0.436275 0.383958
vt 0.431522 0.362288
vt 0.413956 0.520762
vt 0.429049 0.525466
vt 0.416505 0.526300
vt 0.425855 0.515569
vt 0.401147 0.509551
vt 0.427509 0.480733
vt 0.410332 0.525022
vt 0.028609 0.984789
vt 0.037705 0.980463
vt 0.031006 0.988957
vt 0.028609 0.962907
vt 0.415757 0.480669
vt 0.426387 0.497734
vt 0.224477 0.894183
vt 0.224477 0.837101
vt 0.229211 0.878713
vt 0.399591 0.465024
vt 0.391140 0.342587
vt 0.422801 0.324983
vt 0.399169 0.319316
vt 0.945908 0.572308
vt 0.956528 0.563736
vt 0.951715 0.569884
vt 0.407291 0.519171
vt 0.406978 0.514994
vt 0.440435 0.504539
vt 0.431411 0.479506
vt 0.489360 0.364373
vt 0.477222 0.313879
vt 0.492013 0.350035
vt 0.382895 0.383930
vt 0.473327 0.293609
vt 0.470520 0.271757
vt 0.480876 0.293246
vt 0.387471 0.364039
vt 0.933280 0.574488
vt 0.946676 0.569211
vt 0.403123 0.526310
vt 0.437477 0.525476
vt 0.434546 0.516387
vt 0.389700 0.457923
vt 0.490881 0.380349
vt 0.498604 0.387923
vt 0.499098 0.405949
vt 0.499062 0.380800
vt 0.392326 0.444587
vt 0.487953 0.311741
vt 0.456828 0.986522
vt 0.447105 0.965369
vt 0.456828 0.964611
vt 0.579559 0.950006
vt 0.575973 0.959261
vt 0.575973 0.948504
vt 0.860917 0.663652
vt 0.856662 0.653416
vt 0.858630 0.644777
vt 0.376540 0.071198
vt 0.373639 0.068656
vt 0.381081 0.066060
vt 0.289744 0.938063
vt 0.289589 0.949206
vt 0.280943 0.950556
vt 0.281451 0.937895
vt 0.288782 0.928459
vt 0.955523 0.558605
vt 0.193752 0.990916
vt 0.190742 0.998703
vt 0.190742 0.986069
vt 0.753530 0.982696
vt 0.756214 0.990038
vt 0.753530 0.997441
vt 0.222599 0.646776
vt 0.220873 0.640418
vt 0.229308 0.645534
vt 0.215070 0.638338
vt 0.398914 0.520396
vt 0.399809 0.514937
vt 0.393826 0.509756
vt 0.441321 0.509078
vt 0.442878 0.503099
vt 0.437218 0.486734
vt 0.380523 0.332232
vt 0.364289 0.160232
vt 0.365169 0.145039
vt 0.375969 0.144821
vt 0.860574 0.675962
vt 0.856662 0.680165
vt 0.866069 0.673467
vt 0.880067 0.644175
vt 0.868832 0.664652
vt 0.872490 0.667406
vt 0.869822 0.675034
vt 0.876750 0.672164
vt 0.368607 0.071341
vt 0.388563 0.073376
vt 0.370791 0.058868
vt 0.305996 0.938760
vt 0.281477 0.929468
vt 0.279416 0.928669
vt 0.505160 0.423942
vt 0.503198 0.414592
vt 0.512299 0.422249
vt 0.188217 0.818343
vt 0.186195 0.825000
vt 0.175890 0.785764
vt 0.983319 0.774058
vt 0.992835 0.736581
vt 0.992835 0.776460
vt 0.417042 0.316257
vt 0.384249 0.180698
vt 0.402701 0.145773
vt 0.401616 0.177845
vt 0.834802 0.917062
vt 0.834802 0.888208
vt 0.839033 0.897070
vt 0.579620 0.987393
vt 0.575315 0.989471
vt 0.579620 0.966702
vt 0.394312 0.804883
vt 0.390534 0.831156
vt 0.390534 0.797962
vt 0.394407 0.818134
vt 0.397022 0.072885
vt 0.383612 0.063042
vt 0.304778 0.951811
vt 0.305103 0.932071
vt 0.293186 0.949490
vt 0.998870 0.276002
vt 0.997730 0.283653
vt 0.997730 0.270941
vt 0.284527 0.992287
vt 0.279416 0.989014
vt 0.281804 0.982842
vt 0.279416 0.996969
vt 0.480334 0.271820
vt 0.493717 0.283765
vt 0.387382 0.313800
vt 0.421360 0.313630
vt 0.402318 0.306586
vt 0.366271 0.179872
vt 0.358817 0.158444
vt 0.359319 0.145327
vt 0.576128 0.966342
vt 0.877188 0.665894
vt 0.448858 0.987816
vt 0.451075 0.986522
vt 0.447105 0.995115
vt 0.880337 0.660607
vt 0.398420 0.078438
vt 0.367157 0.075292
vt 0.354966 0.069444
vt 0.392139 0.064748
vt 0.289535 0.959031
vt 0.961614 0.549977
vt 0.502250 0.848238
vt 0.503357 0.837404
vt 0.503995 0.846941
vt 0.392719 0.524830
vt 0.170457 0.832468
vt 0.166760 0.830105
vt 0.500398 0.357555
vt 0.372324 0.341946
vt 0.391010 0.305656
vt 0.414418 0.305324
vt 0.383139 0.188835
vt 0.412317 0.149431
vt 0.340107 0.136653
vt 0.996279 0.145151
vt 0.991820 0.134680
vt 0.992578 0.127322
vt 0.361333 0.132303
vt 0.447266 0.998199
vt 0.451075 0.997358
vt 0.365043 0.120710
vt 0.635257 0.996688
vt 0.633684 0.992370
vt 0.635257 0.990362
vt 0.878046 0.670373
vt 0.574425 0.959262
vt 0.978736 0.785658
vt 0.973326 0.768594
vt 0.981322 0.768897
vt 0.349623 0.029708
vt 0.853957 0.675331
vt 0.855075 0.658512
vt 0.856662 0.662499
vt 0.511258 0.846293
vt 0.514975 0.834594
vt 0.525317 0.847609
vt 0.280883 0.959958
vt 0.949706 0.564378
vt 0.955420 0.554648
vt 0.212215 0.629531
vt 0.216725 0.628651
vt 0.211121 0.630102
vt 0.386621 0.921315
vt 0.384910 0.913201
vt 0.391639 0.919311
vt 0.959293 0.415424
vt 0.952115 0.413503
vt 0.956560 0.407996
vt 0.441142 0.360680
vt 0.391892 0.295973
vt 0.397765 0.186070
vt 0.993460 0.141890
vt 0.993324 0.147569
vt 0.940445 0.984715
vt 0.945231 0.980388
vt 0.945231 0.997516
vt 0.983319 0.759225
vt 0.971435 0.783016
vt 0.552504 0.506556
vt 0.552252 0.519443
vt 0.535293 0.491096
vt 0.304687 0.959958
vt 0.305780 0.955428
vt 0.209900 0.624415
vt 0.517370 0.415319
vt 0.952115 0.405491
vt 0.997780 0.035652
vt 0.997780 0.052217
vt 0.993746 0.047664
vt 0.170181 0.815164
vt 0.493556 0.302510
vt 0.412514 0.291158
vt 0.339758 0.154602
vt 0.950335 0.969757
vt 0.947480 0.980388
vt 0.936269 0.964576
vt 0.933148 0.966874
vt 0.972984 0.748383
vt 0.088580 0.753883
vt 0.094961 0.751464
vt 0.098814 0.758310
vt 0.292834 0.969350
vt 0.279977 0.969313
vt 0.287688 0.959958
vt 0.104911 0.743214
vt 0.110553 0.761563
vt 0.348536 0.019678
vt 0.849301 0.680892
vt 0.839448 0.683922
vt 0.528916 0.839106
vt 0.377826 0.915570
vt 0.503213 0.409894
vt 0.521684 0.410083
vt 0.501222 0.405041
vt 0.528087 0.405787
vt 0.494014 0.224338
vt 0.429721 0.315175
vt 0.378345 0.313694
vt 0.405204 0.285870
vt 0.417727 0.274666
vt 0.401873 0.274255
vt 0.385546 0.199277
vt 0.408605 0.210476
vt 0.411953 0.163628
vt 0.311979 0.136958
vt 0.995207 0.149228
vt 0.933051 0.954505
vt 0.574419 0.978463
vt 0.974453 0.736975
vt 0.839580 0.977033
vt 0.842780 0.968275
vt 0.851172 0.978186
vt 0.349846 0.056185
vt 0.292834 0.982316
vt 0.106351 0.693186
vt 0.517672 0.421572
vt 0.163162 0.832450
vt 0.519309 0.383532
vt 0.518848 0.339647
vt 0.366833 0.316881
vt 0.424747 0.303733
vt 0.371457 0.298580
vt 0.374477 0.290473
vt 0.421910 0.272864
vt 0.422032 0.256441
vt 0.398523 0.199820
vt 0.342811 0.180878
vt 0.313461 0.155610
vt 0.465632 0.933071
vt 0.453728 0.937475
vt 0.467891 0.918105
vt 0.450108 0.916215
vt 0.345464 0.108466
vt 0.950335 0.954890
vt 0.364244 0.104793
vt 0.367135 0.114681
vt 0.857203 0.998574
vt 0.857203 0.987661
vt 0.859661 0.991943
vt 0.976771 0.296726
vt 0.984957 0.313068
vt 0.978024 0.310678
vt 0.983845 0.295861
vt 0.537593 0.481937
vt 0.996855 0.689730
vt 0.999169 0.684024
vt 0.999169 0.699820
vt 0.349155 0.080679
vt 0.104990 0.769434
vt 0.116911 0.743423
vt 0.090895 0.680926
vt 0.530015 0.826896
vt 0.899002 0.896576
vt 0.906113 0.890140
vt 0.906705 0.896317
vt 0.376419 0.909867
vt 0.382853 0.424187
vt 0.365173 0.341689
vt 0.468707 0.222108
vt 0.483683 0.219636
vt 0.475645 0.225244
vt 0.476842 0.212421
vt 0.415889 0.234175
vt 0.395661 0.245352
vt 0.394757 0.214963
vt 0.327505 0.180599
vt 0.337892 0.177591
vt 0.308569 0.178583
vt 0.447393 0.065665
vt 0.450134 0.064568
vt 0.448107 0.078994
vt 0.310636 0.153904
vt 0.116655 0.969839
vt 0.112001 0.984381
vt 0.109642 0.983359
vt 0.997687 0.505647
vt 0.999209 0.502340
vt 0.999209 0.513576
vt 0.978725 0.611489
vt 0.983061 0.606574
vt 0.986448 0.621745
vt 0.442878 0.063791
vt 0.447348 0.052726
vt 0.446583 0.064038
vt 0.977709 0.594724
vt 0.979600 0.586830
vt 0.977643 0.329276
vt 0.083477 0.778725
vt 0.111794 0.765362
vt 0.083922 0.762465
vt 0.077590 0.713165
vt 0.851770 0.955524
vt 0.118800 0.759868
vt 0.075325 0.679706
vt 0.336770 0.055242
vt 0.335399 0.050981
vt 0.338346 0.048441
vt 0.341093 0.053876
vt 0.344264 0.052632
vt 0.347341 0.042913
vt 0.279416 0.982842
vt 0.983668 0.461367
vt 0.983668 0.415513
vt 0.991809 0.446035
vt 0.083277 0.670765
vt 0.095590 0.661344
vt 0.069990 0.670028
vt 0.073366 0.659121
vt 0.079706 0.657937
vt 0.062343 0.674373
vt 0.096326 0.656684
vt 0.102973 0.653982
vt 0.084149 0.626101
vt 0.085767 0.644707
vt 0.090242 0.650726
vt 0.096775 0.643627
vt 0.961479 0.543369
vt 0.162127 0.800025
vt 0.151434 0.774283
vt 0.369976 0.251516
vt 0.384362 0.234765
vt 0.376435 0.222988
vt 0.378134 0.210990
vt 0.991820 0.150312
vt 0.113453 0.969785
vt 0.459608 0.942121
vt 0.986631 0.335570
vt 0.983687 0.153151
vt 0.986910 0.125592
vt 0.989414 0.152275
vt 0.991820 0.134821
vt 0.309250 0.071056
vt 0.315363 0.068999
vt 0.319989 0.073312
vt 0.851770 0.988234
vt 0.305714 0.061987
vt 0.340535 0.065685
vt 0.291519 0.064167
vt 0.296454 0.058402
vt 0.293624 0.057318
vt 0.342450 0.057195
vt 0.324688 0.989384
vt 0.327179 0.992630
vt 0.324688 0.998456
vt 0.346796 0.003771
vt 0.918624 0.961045
vt 0.915471 0.957735
vt 0.917095 0.949580
vt 0.910806 0.965195
vt 0.905249 0.956064
vt 0.074621 0.676203
vt 0.071903 0.671102
vt 0.912739 0.954572
vt 0.901492 0.951179
vt 0.111856 0.672101
vt 0.901492 0.965600
vt 0.053629 0.683529
vt 0.062165 0.641902
vt 0.083164 0.665641
vt 0.099632 0.642660
vt 0.056713 0.628920
vt 0.101540 0.638812
vt 0.822579 0.680174
vt 0.884474 0.893821
vt 0.897084 0.889583
vt 0.957154 0.546739
vt 0.210403 0.614763
vt 0.152648 0.830798
vt 0.160993 0.837101
vt 0.738130 0.992284
vt 0.738323 0.996907
vt 0.733039 0.989670
vt 0.177659 0.751885
vt 0.183170 0.757981
vt 0.189643 0.704742
vt 0.197270 0.689411
vt 0.498939 0.256857
vt 0.426085 0.276315
vt 0.479975 0.186134
vt 0.469921 0.197426
vt 0.472057 0.182756
vt 0.431542 0.258541
vt 0.370073 0.198851
vt 0.311560 0.181656
vt 0.447086 0.941744
vt 0.447147 0.037812
vt 0.448603 0.039236
vt 0.107882 0.918297
vt 0.105010 0.922233
vt 0.096841 0.924804
vt 0.087768 0.929516
vt 0.286888 0.064633
vt 0.332483 0.068838
vt 0.333303 0.057226
vt 0.331260 0.062335
vt 0.307364 0.050209
vt 0.788377 0.581756
vt 0.787038 0.565156
vt 0.793844 0.580328
vt 0.991312 0.428433
vt 0.225840 0.909700
vt 0.224477 0.919656
vt 0.060312 0.688042
vt 0.040857 0.691150
vt 0.922299 0.953190
vt 0.906704 0.954575
vt 0.566106 0.990261
vt 0.564609 0.975134
vt 0.570261 0.972925
vt 0.905774 0.965454
vt 0.904151 0.975177
vt 0.089059 0.659240
vt 0.092042 0.657597
vt 0.086693 0.656596
vt 0.091726 0.654092
vt 0.784752 0.472501
vt 0.788071 0.473845
vt 0.789921 0.476346
vt 0.025300 0.626586
vt 0.790740 0.471370
vt 0.094436 0.651732
vt 0.787340 0.464415
vt 0.096824 0.649185
vt 0.091133 0.628996
vt 0.844923 0.646842
vt 0.852392 0.653055
vt 0.521298 0.413025
vt 0.865888 0.979867
vt 0.871416 0.981370
vt 0.864049 0.992850
vt 0.520289 0.364352
vt 0.517168 0.319959
vt 0.482986 0.170479
vt 0.423525 0.224685
vt 0.291307 0.164920
vt 0.308134 0.144473
vt 0.463580 0.070769
vt 0.469221 0.082868
vt 0.115211 0.956461
vt 0.452023 0.055020
vt 0.442254 0.914880
vt 0.449576 0.035559
vt 0.312804 0.104792
vt 0.971435 0.736581
vt 0.332011 0.104945
vt 0.334616 0.106226
vt 0.345066 0.104659
vt 0.334726 0.100056
vt 0.347885 0.099813
vt 0.987041 0.109099
vt 0.367087 0.100408
vt 0.391251 0.106419
vt 0.386005 0.102933
vt 0.345467 0.096031
vt 0.370664 0.097192
vt 0.385105 0.097691
vt 0.375214 0.077550
vt 0.373838 0.084884
vt 0.392816 0.086850
vt 0.546104 0.485540
vt 0.945405 0.643200
vt 0.943364 0.655962
vt 0.935880 0.649464
vt 0.330056 0.070519
vt 0.333477 0.080607
vt 0.784206 0.587046
vt 0.792739 0.588504
vt 0.783938 0.591280
vt 0.326700 0.060915
vt 0.070341 0.746215
vt 0.019196 0.710220
vt 0.043753 0.728995
vt 0.034078 0.732561
vt 0.798385 0.583996
vt 0.329305 0.060766
vt 0.331286 0.049269
vt 0.309877 0.042828
vt 0.996537 0.944125
vt 0.999107 0.937475
vt 0.999107 0.950894
vt 0.008984 0.699237
vt 0.009749 0.678578
vt 0.325942 0.013769
vt 0.008060 0.682052
vt 0.025396 0.666738
vt 0.115571 0.700938
vt 0.072710 0.671708
vt 0.186655 0.988502
vt 0.188137 0.992906
vt 0.186972 0.996427
vt 0.912638 0.971960
vt 0.019472 0.631425
vt 0.183840 0.988000
vt 0.190544 0.986044
vt 0.077390 0.667472
vt 0.574418 0.990599
vt 0.183840 0.974638
vt 0.075262 0.669431
vt 0.965173 0.981823
vt 0.962068 0.980601
vt 0.959197 0.978399
vt 0.083149 0.661172
vt 0.080377 0.663262
vt 0.554860 0.542631
vt 0.554623 0.537542
vt 0.554860 0.533922
vt 0.781706 0.415457
vt 0.780880 0.413184
vt 0.781706 0.412301
vt 0.088636 0.657931
vt 0.091844 0.651783
vt 0.790332 0.468142
vt 0.792654 0.465982
vt 0.099677 0.623831
vt 0.103428 0.632783
vt 0.068135 0.606932
vt 0.517735 0.822807
vt 0.736070 0.989663
vt 0.507870 0.267425
vt 0.686757 0.834552
vt 0.684171 0.812444
vt 0.686757 0.800054
vt 0.351099 0.206579
vt 0.468182 0.111085
vt 0.462133 0.120284
vt 0.281547 0.142008
vt 0.465121 0.947694
vt 0.462848 0.050211
vt 0.455633 0.946438
vt 0.454521 0.941927
vt 0.448706 0.944602
vt 0.450544 0.940460
vt 0.451869 0.039650
vt 0.986448 0.574488
vt 0.624687 0.973890
vt 0.624687 0.989193
vt 0.623792 0.984888
vt 0.976771 0.339673
vt 0.465677 0.984948
vt 0.468183 0.987985
vt 0.465677 0.998821
vt 0.999548 0.408509
vt 0.997243 0.405453
vt 0.999931 0.400323
vt 0.997243 0.396726
vt 0.397202 0.099422
vt 0.381639 0.092696
vt 0.370338 0.089115
vt 0.597792 0.976040
vt 0.579647 0.976040
vt 0.594768 0.955545
vt 0.076669 0.932441
vt 0.074746 0.921702
vt 0.061034 0.930822
vt 0.331557 0.080086
vt 0.337203 0.084154
vt 0.226852 0.992355
vt 0.226852 0.979380
vt 0.229179 0.990511
vt 0.107139 0.910532
vt 0.930915 0.830315
vt 0.941375 0.814261
vt 0.946425 0.815907
vt 0.986606 0.825159
vt 0.987663 0.827544
vt 0.986606 0.830284
vt 0.326871 0.048984
vt 0.328107 0.037194
vt 0.325486 0.027332
vt 0.623746 0.963657
vt 0.624687 0.955545
vt 0.391290 0.940666
vt 0.391290 0.921315
vt 0.394731 0.924237
vt 0.176829 0.979998
vt 0.175955 0.977492
vt 0.176829 0.974638
vt 0.653122 0.997043
vt 0.653122 0.988460
vt 0.657011 0.994378
vt 0.918071 0.975866
vt 0.916121 0.973017
vt 0.906985 0.971636
vt 0.997537 0.754277
vt 0.999546 0.761959
vt 0.997537 0.765764
vt 0.431343 0.995436
vt 0.427336 0.997612
vt 0.431147 0.985726
vt 0.086473 0.661789
vt 0.427336 0.984077
vt 0.822921 0.271918
vt 0.825635 0.270874
vt 0.821927 0.275726
vt 0.959197 0.990529
vt 0.964346 0.996233
vt 0.086345 0.659003
vt 0.567466 0.973714
vt 0.569357 0.959261
vt 0.787247 0.475694
vt 0.810857 0.457176
vt 0.792018 0.494132
vt 0.101216 0.643746
vt 0.795463 0.462333
vt 0.788566 0.460622
vt 0.045900 0.601045
vt 0.086327 0.614515
vt 0.826477 0.684249
vt 0.882765 0.885157
vt 0.215892 0.616389
vt 0.144536 0.810968
vt 0.540969 0.372811
vt 0.362296 0.306394
vt 0.489279 0.178729
vt 0.367997 0.236368
vt 0.416763 0.199033
vt 0.118441 0.954631
vt 0.453837 0.030856
vt 0.450071 0.947760
vt 0.223695 0.997348
vt 0.220288 0.994380
vt 0.223695 0.993162
vt 0.131415 0.994300
vt 0.133966 0.989842
vt 0.133966 0.997695
vt 0.953371 0.989094
vt 0.953371 0.998732
vt 0.950335 0.990099
vt 0.448837 0.024867
vt 0.451454 0.028297
vt 0.010486 0.997117
vt 0.010486 0.992017
vt 0.014692 0.992717
vt 0.400148 0.105230
vt 0.336960 0.093339
vt 0.348302 0.093462
vt 0.348101 0.088014
vt 0.350922 0.084347
vt 0.461314 0.991552
vt 0.461314 0.984948
vt 0.465677 0.989507
vt 0.950655 0.665993
vt 0.797641 0.603124
vt 0.950655 0.649244
vt 0.228042 0.672038
vt 0.229298 0.685961
vt 0.228042 0.692371
vt 0.045564 0.736914
vt 0.047291 0.730555
vt 0.071423 0.735826
vt 0.000000 0.667414
vt 0.062628 0.699460
vt 0.007154 0.653416
vt 0.011286 0.649835
vt 0.996537 0.942806
vt 0.991924 0.950894
vt 0.991924 0.937902
vt 0.229181 0.895221
vt 0.677409 0.996260
vt 0.677729 0.982449
vt 0.683367 0.982654
vt 0.333562 0.004905
vt 0.326337 0.002533
vt 0.338987 0.000000
vt 0.004054 0.651934
vt 0.995251 0.542111
vt 0.993575 0.539746
vt 0.995251 0.536550
vt 0.999260 0.764516
vt 0.079377 0.665530
vt 0.014954 0.632308
vt 0.025288 0.601948
vt 0.027254 0.618502
vt 0.105284 0.639943
vt 0.035772 0.612994
vt 0.792815 0.454931
vt 0.074143 0.598804
vt 0.958796 0.537695
vt 0.381466 0.901213
vt 0.737185 0.982908
vt 0.492011 0.202301
vt 0.364227 0.286736
vt 0.369400 0.264786
vt 0.370472 0.229045
vt 0.348745 0.216419
vt 0.337194 0.198967
vt 0.282630 0.156482
vt 0.457768 0.947623
vt 0.965173 0.996765
vt 0.965173 0.990089
vt 0.967432 0.992384
vt 0.438002 0.930162
vt 0.576065 0.931211
vt 0.579473 0.946419
vt 0.576065 0.948232
vt 0.985061 0.517531
vt 0.976841 0.517578
vt 0.986338 0.502340
vt 0.977566 0.502711
vt 0.332003 0.099755
vt 0.406058 0.108924
vt 0.983687 0.108673
vt 0.405653 0.101371
vt 0.011602 0.988095
vt 0.469673 0.525516
vt 0.469022 0.519961
vt 0.473905 0.519961
vt 0.399861 0.090685
vt 0.462080 0.996872
vt 0.099094 0.781193
vt 0.543491 0.458301
vt 0.589696 0.955573
vt 0.104338 0.779888
vt 0.915206 0.911276
vt 0.931941 0.908179
vt 0.933051 0.923726
vt 0.710051 0.833190
vt 0.709386 0.826416
vt 0.715672 0.834163
vt 0.059733 0.718181
vt 0.705813 0.826492
vt 0.702661 0.799807
vt 0.717784 0.809519
vt 0.687086 0.789607
vt 0.793149 0.523111
vt 0.059294 0.703936
vt 0.933051 0.985591
vt 0.928501 0.969626
vt 0.932386 0.972378
vt 0.574418 0.971846
vt 0.574319 0.967816
vt 0.813886 0.258706
vt 0.023044 0.627501
vt 0.014698 0.988095
vt 0.015665 0.994686
vt 0.014698 0.996399
vt 0.803975 0.991672
vt 0.807173 0.993939
vt 0.808221 0.997230
vt 0.026898 0.621313
vt 0.006171 0.626821
vt 0.805356 0.983319
vt 0.118800 0.633661
vt 0.038960 0.605292
vt 0.034999 0.610740
vt 0.822579 0.649163
vt 0.835985 0.644175
vt 0.374190 0.903960
vt 0.376450 0.903162
vt 0.216676 0.609105
vt 0.146062 0.825637
vt 0.732200 0.981831
vt 0.192576 0.674702
vt 0.204942 0.667007
vt 0.500700 0.205819
vt 0.467219 0.144547
vt 0.474251 0.136873
vt 0.481200 0.144797
vt 0.299098 0.198398
vt 0.048265 0.987524
vt 0.045934 0.989637
vt 0.043872 0.985191
vt 0.221044 0.989323
vt 0.446762 0.945535
vt 0.443438 0.947256
vt 0.452084 0.024032
vt 0.309520 0.099114
vt 0.445565 0.013050
vt 0.453426 0.007838
vt 0.452957 0.016527
vt 0.331793 0.088188
vt 0.449242 0.004978
vt 0.334080 0.085950
vt 0.933280 0.667470
vt 0.811734 0.601626
vt 0.061689 0.704508
vt 0.802664 0.562165
vt 0.677409 0.977947
vt 0.801749 0.527806
vt 0.811154 0.278576
vt 0.798144 0.258117
vt 0.024763 0.624689
vt 0.008267 0.616630
vt 0.808221 0.985054
vt 0.805817 0.977591
vt 0.097226 0.597860
vt 0.895465 0.873873
vt 0.215874 0.601959
vt 0.529484 0.409658
vt 0.738323 0.975952
vt 0.157181 0.766536
vt 0.505144 0.211623
vt 0.201360 0.657739
vt 0.359108 0.296326
vt 0.347007 0.223726
vt 0.489958 0.167023
vt 0.474399 0.166703
vt 0.579647 0.859269
vt 0.576200 0.862083
vt 0.576200 0.836290
vt 0.285594 0.184308
vt 0.114359 0.945728
vt 0.047613 0.994608
vt 0.043872 0.996314
vt 0.505129 0.994533
vt 0.507139 0.990094
vt 0.507139 0.997185
vt 0.983242 0.186156
vt 0.987085 0.197188
vt 0.985124 0.201103
vt 0.988929 0.203354
vt 0.332332 0.095499
vt 0.306161 0.094216
vt 0.442878 0.000000
vt 0.463604 0.010543
vt 0.228549 0.996629
vt 0.988705 0.902106
vt 0.984505 0.916042
vt 0.984473 0.896576
vt 0.723405 0.833828
vt 0.809866 0.571976
vt 0.974494 0.930659
vt 0.967465 0.916303
vt 0.975569 0.896576
vt 0.814694 0.318281
vt 0.819467 0.298779
vt 0.824554 0.307773
vt 0.256237 0.999377
vt 0.253741 0.990615
vt 0.256237 0.988803
vt 0.925506 0.986823
vt 0.923541 0.971627
vt 0.550680 0.814358
vt 0.545647 0.798205
vt 0.551720 0.802929
vt 0.550751 0.798920
vt 0.548344 0.788275
vt 0.550700 0.792535
vt 0.543126 0.780206
vt 0.106253 0.610466
vt 0.086823 0.595284
vt 0.501554 0.818298
vt 0.954542 0.535491
vt 0.538522 0.409397
vt 0.526724 0.418423
vt 0.535733 0.406027
vt 0.149274 0.799195
vt 0.485314 0.083210
vt 0.271934 0.143653
vt 0.275224 0.164592
vt 0.467891 0.963025
vt 0.989433 0.586053
vt 0.994317 0.607342
vt 0.986448 0.592426
vt 0.988099 0.191323
vt 0.991609 0.199160
vt 0.306368 0.103605
vt 0.082270 0.788558
vt 0.086899 0.789320
vt 0.311153 0.083261
vt 0.209730 0.648582
vt 0.208661 0.659578
vt 0.208661 0.628645
vt 0.536221 0.456065
vt 0.329725 0.086520
vt 0.097791 0.790498
vt 0.314886 0.080665
vt 0.811090 0.574895
vt 0.962831 0.940487
vt 0.819044 0.328851
vt 0.936099 0.763689
vt 0.934059 0.762673
vt 0.936099 0.759355
vt 0.965126 0.181179
vt 0.969072 0.176366
vt 0.961658 0.197550
vt 0.802943 0.244836
vt 0.054858 0.590510
vt 0.059804 0.581558
vt 0.918527 0.994022
vt 0.915145 0.997774
vt 0.915145 0.988576
vt 0.522541 0.812622
vt 0.873692 0.972870
vt 0.539730 0.396038
vt 0.536321 0.369349
vt 0.521956 0.332815
vt 0.179705 0.696676
vt 0.508911 0.194896
vt 0.987303 0.846182
vt 0.992605 0.845710
vt 0.992605 0.870291
vt 0.485792 0.130681
vt 0.473757 0.068565
vt 0.115947 0.937221
vt 0.467504 0.022256
vt 0.449278 0.018973
vt 0.463384 0.019172
vt 0.412966 0.103389
vt 0.209895 0.659578
vt 0.209895 0.680349
vt 0.208661 0.661798
vt 0.093507 0.908964
vt 0.728871 0.845875
vt 0.722097 0.824662
vt 0.975569 0.951358
vt 0.812547 0.306879
vt 0.925157 0.989637
vt 0.923541 0.987596
vt 0.923799 0.962885
vt 0.925361 0.949580
vt 0.801091 0.267674
vt 0.804755 0.271590
vt 0.581887 0.951631
vt 0.581498 0.945689
vt 0.583946 0.955545
vt 0.877608 0.711160
vt 0.877608 0.685394
vt 0.880453 0.701814
vt 0.580916 0.939194
vt 0.785952 0.241503
vt 0.593937 0.942635
vt 0.602385 0.931194
vt 0.967642 0.166678
vt 0.971776 0.147057
vt 0.042895 0.580429
vt 0.068140 0.580259
vt 0.825196 0.644504
vt 0.881336 0.214812
vt 0.887304 0.201420
vt 0.886558 0.209071
vt 0.373767 0.884786
vt 0.502053 0.825581
vt 0.498917 0.811571
vt 0.210079 0.598034
vt 0.356957 0.252756
vt 0.350325 0.221650
vt 0.481458 0.046181
vt 0.992479 0.592178
vt 0.976130 0.535878
vt 0.293496 0.098594
vt 0.301015 0.102868
vt 0.295598 0.095305
vt 0.911379 0.938352
vt 0.910739 0.918702
vt 0.292737 0.075170
vt 0.807909 0.590651
vt 0.747436 0.369492
vt 0.752427 0.371173
vt 0.747359 0.388688
vt 0.742906 0.395362
vt 0.739028 0.388174
vt 0.972653 0.960197
vt 0.336768 0.972409
vt 0.342783 0.978631
vt 0.336768 0.996449
vt 0.950575 0.815693
vt 0.945873 0.796511
vt 0.961521 0.795859
vt 0.727666 0.376649
vt 0.740011 0.366633
vt 0.959197 0.942472
vt 0.815714 0.296611
vt 0.810585 0.280494
vt 0.814570 0.492964
vt 0.782067 0.271016
vt 0.758820 0.282372
vt 0.790109 0.252305
vt 0.549446 0.786019
vt 0.209895 0.710176
vt 0.209111 0.693513
vt 0.545788 0.774244
vt 0.807050 0.433825
vt 0.881210 0.875755
vt 0.514869 0.810135
vt 0.511491 0.808345
vt 0.907642 0.879081
vt 0.541512 0.410673
vt 0.543538 0.388897
vt 0.168049 0.701680
vt 0.186281 0.652973
vt 0.202681 0.649663
vt 0.207372 0.639730
vt 0.196332 0.638638
vt 0.206985 0.609823
vt 0.285420 0.198401
vt 0.281205 0.187084
vt 0.984985 0.531997
vt 0.985778 0.166363
vt 0.987726 0.176412
vt 0.746216 0.402131
vt 0.735983 0.401008
vt 0.754907 0.394560
vt 0.728938 0.389971
vt 0.721941 0.809916
vt 0.964374 0.799639
vt 0.748569 0.332044
vt 0.796179 0.364654
vt 0.787602 0.332616
vt 0.792610 0.253023
vt 0.583215 0.925717
vt 0.788844 0.225159
vt 0.989765 0.625337
vt 0.996342 0.623172
vt 0.996342 0.654889
vt 0.953041 0.519511
vt 0.274894 0.514851
vt 0.266296 0.513151
vt 0.272156 0.510739
vt 0.268088 0.509171
vt 0.138061 0.811016
vt 0.539004 0.363424
vt 0.147122 0.748983
vt 0.523751 0.313505
vt 0.276754 0.406441
vt 0.267673 0.386191
vt 0.284052 0.379930
vt 0.266438 0.361234
vt 0.282876 0.363340
vt 0.521378 0.251292
vt 0.498785 0.170403
vt 0.334936 0.210961
vt 0.261788 0.147481
vt 0.994317 0.574601
vt 0.096199 0.799020
vt 0.283353 0.100342
vt 0.795313 0.604341
vt 0.802850 0.614450
vt 0.806687 0.623421
vt 0.807450 0.610687
vt 0.739304 0.845541
vt 0.750768 0.402260
vt 0.760201 0.389439
vt 0.941380 0.801173
vt 0.766734 0.964780
vt 0.770348 0.969041
vt 0.756358 0.981615
vt 0.726206 0.811612
vt 0.805480 0.355923
vt 0.735114 0.317426
vt 0.056351 0.719145
vt 0.059678 0.714404
vt 0.768086 0.332001
vt 0.817671 0.460902
vt 0.749913 0.275194
vt 0.766404 0.248312
vt 0.778479 0.236969
vt 0.580412 0.926896
vt 0.580209 0.912936
vt 0.544850 0.759639
vt 0.969449 0.146718
vt 0.051780 0.569858
vt 0.891447 0.351314
vt 0.881339 0.344739
vt 0.899015 0.329432
vt 0.895349 0.318052
vt 0.916631 0.214116
vt 0.904743 0.209230
vt 0.265710 0.515898
vt 0.247970 0.513891
vt 0.286023 0.512899
vt 0.216829 0.596738
vt 0.381744 0.889361
vt 0.539662 0.401964
vt 0.139260 0.820628
vt 0.421061 0.982442
vt 0.410300 0.970823
vt 0.421061 0.965423
vt 0.409765 0.966330
vt 0.539480 0.354015
vt 0.536185 0.347425
vt 0.525921 0.327274
vt 0.285311 0.418359
vt 0.293680 0.396860
vt 0.298000 0.355384
vt 0.503217 0.156049
vt 0.274351 0.184456
vt 0.268729 0.174369
vt 0.109642 0.932879
vt 0.453603 0.964611
vt 0.442384 0.961615
vt 0.440125 0.951565
vt 0.549862 0.864966
vt 0.548110 0.882346
vt 0.547246 0.861378
vt 0.908277 0.927847
vt 0.279111 0.095085
vt 0.275180 0.084046
vt 0.101345 0.890907
vt 0.735616 0.834508
vt 0.727204 0.402266
vt 0.817842 0.583500
vt 0.720136 0.382724
vt 0.852798 0.000000
vt 0.875730 0.001414
vt 0.837679 0.013395
vt 0.790109 0.344334
vt 0.815937 0.556279
vt 0.754927 0.342011
vt 0.750389 0.302897
vt 0.772850 0.226580
vt 0.540870 0.755131
vt 0.897087 0.305227
vt 0.885229 0.298737
vt 0.597792 0.992671
vt 0.590571 0.981449
vt 0.597792 0.976041
vt 0.512229 0.962793
vt 0.525801 0.971073
vt 0.512229 0.980292
vt 0.713808 0.997681
vt 0.708550 0.983114
vt 0.713860 0.988480
vt 0.881817 0.865255
vt 0.498007 0.806305
vt 0.272914 0.519661
vt 0.948226 0.521044
vt 0.866468 0.968138
vt 0.543062 0.399793
vt 0.299118 0.210529
vt 0.113757 0.932441
vt 0.707172 0.066601
vt 0.705479 0.052264
vt 0.711357 0.065313
vt 0.993285 0.396726
vt 0.987174 0.392105
vt 0.990801 0.392014
vt 0.539799 0.446770
vt 0.280881 0.086416
vt 0.756358 0.958774
vt 0.806671 0.965188
vt 0.808185 0.946837
vt 0.808185 0.967078
vt 0.721406 0.370688
vt 0.759499 0.317176
vt 0.748841 0.321110
vt 0.745701 0.310385
vt 0.823128 0.440984
vt 0.819239 0.429857
vt 0.968543 0.136833
vt 0.971748 0.131856
vt 0.883402 0.314806
vt 0.068167 0.577974
vt 0.904048 0.202937
vt 0.525958 0.805048
vt 0.278743 0.518515
vt 0.262060 0.487030
vt 0.548932 0.383587
vt 0.154324 0.724632
vt 0.258664 0.436261
vt 0.308551 0.357258
vt 0.272714 0.321287
vt 0.287374 0.321572
vt 0.299661 0.313696
vt 0.190087 0.611038
vt 0.990514 0.574488
vt 0.536706 0.881945
vt 0.286585 0.103173
vt 0.813011 0.624905
vt 0.476594 0.013477
vt 0.807571 0.613907
vt 0.810663 0.616629
vt 0.815469 0.609007
vt 0.756391 0.402472
vt 0.733868 0.410160
vt 0.990841 0.919020
vt 0.633616 0.959238
vt 0.641074 0.978346
vt 0.624810 0.978346
vt 0.718935 0.393452
vt 0.900363 0.218244
vt 0.897836 0.218244
vt 0.898455 0.214812
vt 0.079290 0.994877
vt 0.077485 0.993830
vt 0.079290 0.990253
vt 0.819784 0.569547
vt 0.993216 0.501212
vt 0.988661 0.483303
vt 0.993216 0.465917
vt 0.754978 0.238422
vt 0.889603 0.351814
vt 0.220597 0.674925
vt 0.221010 0.694360
vt 0.218344 0.681007
vt 0.272620 0.523389
vt 0.277076 0.523593
vt 0.261502 0.519248
vt 0.987468 0.995422
vt 0.987468 0.984033
vt 0.992767 0.988074
vt 0.507936 0.786959
vt 0.943070 0.516104
vt 0.250887 0.503597
vt 0.873217 0.964707
vt 0.431343 0.984077
vt 0.422238 0.983462
vt 0.430661 0.982196
vt 0.267701 0.492399
vt 0.258837 0.488544
vt 0.014093 0.525712
vt 0.016743 0.503447
vt 0.018401 0.510807
vt 0.296751 0.413706
vt 0.249944 0.387442
vt 0.254138 0.364207
vt 0.687086 0.567048
vt 0.696354 0.533796
vt 0.695448 0.583318
vt 0.257702 0.349374
vt 0.518909 0.156778
vt 0.310779 0.219161
vt 0.278197 0.198425
vt 0.261626 0.156089
vt 0.273528 0.103582
vt 0.991219 0.161815
vt 0.472529 0.020871
vt 0.811552 0.626688
vt 0.985541 0.384070
vt 0.761198 0.402874
vt 0.817239 0.595071
vt 0.851093 0.015959
vt 0.730985 0.815501
vt 0.957029 0.790775
vt 0.822484 0.576163
vt 0.827313 0.569996
vt 0.725277 0.315676
vt 0.759995 0.338111
vt 0.826210 0.492321
vt 0.743748 0.307493
vt 0.351927 0.989216
vt 0.351927 0.975450
vt 0.353547 0.978691
vt 0.744536 0.292448
vt 0.743525 0.285821
vt 0.767484 0.223470
vt 0.620194 0.978310
vt 0.621531 0.983489
vt 0.615820 0.992107
vt 0.579647 0.899115
vt 0.545409 0.744555
vt 0.623746 0.973120
vt 0.617235 0.908004
vt 0.764585 0.217152
vt 0.222262 0.682055
vt 0.218938 0.709073
vt 0.215088 0.661895
vt 0.990425 0.724075
vt 0.983319 0.736580
vt 0.984154 0.721359
vt 0.889157 0.861663
vt 0.513081 0.804486
vt 0.785097 0.927681
vt 0.772399 0.927597
vt 0.791534 0.922988
vt 0.780545 0.928888
vt 0.264438 0.524613
vt 0.285285 0.522815
vt 0.871079 0.958217
vt 0.553121 0.398563
vt 0.544914 0.391000
vt 0.944429 0.208207
vt 0.955204 0.205070
vt 0.952203 0.214342
vt 0.143311 0.778341
vt 0.538794 0.344619
vt 0.528716 0.333035
vt 0.025258 0.505289
vt 0.020530 0.486390
vt 0.533328 0.308645
vt 0.303938 0.305423
vt 0.287532 0.313276
vt 0.287183 0.244064
vt 0.992278 0.830315
vt 0.278956 0.243855
vt 0.703485 0.058126
vt 0.506502 0.073341
vt 0.976676 0.543976
vt 0.542541 0.889735
vt 0.537488 0.855139
vt 0.988092 0.157297
vt 0.896364 0.084214
vt 0.894050 0.108673
vt 0.889896 0.105872
vt 0.226861 0.969840
vt 0.229179 0.960688
vt 0.229179 0.979380
vt 0.726178 0.409382
vt 0.712441 0.390644
vt 0.997307 0.907961
vt 0.993045 0.917352
vt 0.993045 0.896576
vt 0.077733 0.997207
vt 0.731173 0.297540
vt 0.345023 0.994843
vt 0.345896 0.990412
vt 0.345896 0.998222
vt 0.985926 0.492715
vt 0.987270 0.493913
vt 0.734414 0.283549
vt 0.729604 0.275173
vt 0.739214 0.275184
vt 0.731156 0.253792
vt 0.541845 0.741813
vt 0.968566 0.121099
vt 0.712894 0.983035
vt 0.713860 0.979286
vt 0.882090 0.365181
vt 0.871217 0.357053
vt 0.886166 0.349792
vt 0.219159 0.728250
vt 0.221718 0.711391
vt 0.506772 0.705172
vt 0.494085 0.709014
vt 0.519972 0.695150
vt 0.265681 0.695428
vt 0.274650 0.696249
vt 0.290724 0.708616
vt 0.310720 0.713321
vt 0.919986 0.211792
vt 0.282803 0.526310
vt 0.914581 0.856962
vt 0.697439 0.676268
vt 0.707657 0.676966
vt 0.704865 0.681909
vt 0.494215 0.795975
vt 0.701642 0.673044
vt 0.384415 0.879076
vt 0.865270 0.958845
vt 0.421061 0.979462
vt 0.145075 0.802594
vt 0.131058 0.799356
vt 0.260657 0.317645
vt 0.167434 0.632693
vt 0.267716 0.308003
vt 0.282151 0.299787
vt 0.523476 0.200319
vt 0.307496 0.237855
vt 0.703097 0.068419
vt 0.986338 0.547096
vt 0.546220 0.888370
vt 0.991078 0.381926
vt 0.900867 0.100174
vt 0.742452 0.412285
vt 0.113213 0.892353
vt 0.829055 0.602081
vt 0.713392 0.396824
vt 0.775454 0.352516
vt 0.761454 0.373394
vt 0.732934 0.290174
vt 0.744956 0.297785
vt 0.740352 0.291300
vt 0.780963 0.216081
vt 0.624810 0.899115
vt 0.346925 0.997400
vt 0.345896 0.992698
vt 0.346925 0.990412
vt 0.846411 0.217725
vt 0.845641 0.213929
vt 0.849415 0.213929
vt 0.215648 0.655354
vt 0.305149 0.706562
vt 0.213556 0.651725
vt 0.983319 0.718529
vt 0.991020 0.718947
vt 0.905597 0.842200
vt 0.789611 0.918624
vt 0.777867 0.923441
vt 0.254119 0.522903
vt 0.250550 0.518043
vt 0.989139 0.344819
vt 0.993800 0.344758
vt 0.986631 0.357189
vt 0.688728 0.667430
vt 0.708767 0.659490
vt 0.694735 0.648092
vt 0.428255 0.977335
vt 0.134658 0.802654
vt 0.134204 0.789621
vt 0.282484 0.485544
vt 0.543385 0.366350
vt 0.534894 0.296519
vt 0.972785 0.460665
vt 0.983668 0.465917
vt 0.288957 0.286145
vt 0.286475 0.276033
vt 0.300744 0.269772
vt 0.291409 0.263044
vt 0.521025 0.119489
vt 0.269521 0.226875
vt 0.851770 0.987661
vt 0.857203 0.990830
vt 0.851770 0.995510
vt 0.693878 0.076238
vt 0.700311 0.076214
vt 0.689063 0.051468
vt 0.702705 0.036796
vt 0.705352 0.040730
vt 0.892121 0.920864
vt 0.991609 0.157218
vt 0.266744 0.096712
vt 0.547405 0.445538
vt 0.762838 0.836061
vt 0.984473 0.933236
vt 0.937803 0.783159
vt 0.736120 0.814621
vt 0.942986 0.781927
vt 0.729647 0.811538
vt 0.958889 0.791706
vt 0.961693 0.793980
vt 0.794997 0.362888
vt 0.714003 0.368868
vt 0.826286 0.566260
vt 0.721779 0.992133
vt 0.719095 0.996696
vt 0.719095 0.975952
vt 0.985663 0.488618
vt 0.725325 0.290949
vt 0.739433 0.294055
vt 0.737259 0.291559
vt 0.734627 0.288826
vt 0.880853 0.988904
vt 0.887004 0.982952
vt 0.886848 0.991301
vt 0.880853 0.978697
vt 0.825576 0.471010
vt 0.829802 0.448036
vt 0.965005 0.122375
vt 0.943050 0.763966
vt 0.941625 0.762154
vt 0.943050 0.758778
vt 0.532336 0.683331
vt 0.518463 0.691746
vt 0.211258 0.654097
vt 0.320609 0.712633
vt 0.908259 0.184683
vt 0.922269 0.206402
vt 0.922403 0.213331
vt 0.787000 0.940875
vt 0.793838 0.940839
vt 0.787225 0.950269
vt 0.793706 0.953283
vt 0.768597 0.921868
vt 0.798075 0.914000
vt 0.218703 0.586383
vt 0.251141 0.491470
vt 0.864049 0.955524
vt 0.544001 0.397615
vt 0.548276 0.393313
vt 0.547786 0.391505
vt 0.030215 0.521294
vt 0.134800 0.757583
vt 0.249359 0.444427
vt 0.534409 0.272869
vt 0.178797 0.617260
vt 0.278161 0.264217
vt 0.306777 0.255019
vt 0.208506 0.586218
vt 0.692957 0.094703
vt 0.700203 0.090573
vt 0.699532 0.026073
vt 0.702945 0.026675
vt 0.890867 0.911164
vt 0.268000 0.099532
vt 0.822173 0.624963
vt 0.552504 0.423942
vt 0.305996 0.931529
vt 0.330087 0.961818
vt 0.313397 0.953796
vt 0.945338 0.763959
vt 0.945338 0.758888
vt 0.946977 0.760406
vt 0.843643 0.501567
vt 0.718319 0.318180
vt 0.720952 0.983995
vt 0.728902 0.282127
vt 0.881123 0.995601
vt 0.881482 0.992722
vt 0.826215 0.428876
vt 0.619013 0.969053
vt 0.621143 0.971533
vt 0.878426 0.295861
vt 0.621554 0.961813
vt 0.772311 0.206476
vt 0.997322 0.127322
vt 0.991820 0.127322
vt 0.995839 0.124954
vt 0.996051 0.119491
vt 0.506146 0.692579
vt 0.467205 0.715259
vt 0.488372 0.712550
vt 0.239816 0.660798
vt 0.770478 0.942593
vt 0.783539 0.949986
vt 0.771068 0.952935
vt 0.783114 0.938963
vt 0.577309 0.836290
vt 0.576071 0.829944
vt 0.579647 0.815583
vt 0.891837 0.855212
vt 0.895701 0.855638
vt 0.794127 0.960121
vt 0.787381 0.959569
vt 0.791854 0.915901
vt 0.287862 0.526047
vt 0.723384 0.665746
vt 0.721681 0.669579
vt 0.213517 0.586113
vt 0.552382 0.403775
vt 0.385164 0.875309
vt 0.134062 0.815196
vt 0.421490 0.971471
vt 0.233489 0.482725
vt 0.705275 0.645682
vt 0.711218 0.639564
vt 0.126266 0.777875
vt 0.139211 0.775023
vt 0.550086 0.356757
vt 0.702754 0.585536
vt 0.550420 0.353515
vt 0.977088 0.081028
vt 0.983838 0.077321
vt 0.988429 0.090156
vt 0.704044 0.547773
vt 0.242074 0.355652
vt 0.268373 0.292536
vt 0.310419 0.273265
vt 0.333238 0.236408
vt 0.264072 0.221828
vt 0.266007 0.195038
vt 0.864049 0.974910
vt 0.851770 0.987662
vt 0.540085 0.895953
vt 0.820844 0.630125
vt 0.269219 0.105465
vt 0.885024 0.099815
vt 0.888576 0.076685
vt 0.104121 0.869239
vt 0.312650 0.934229
vt 0.836950 0.029702
vt 0.831100 0.026469
vt 0.328968 0.931838
vt 0.843214 0.029680
vt 0.825501 0.587147
vt 0.825562 0.544360
vt 0.994172 0.379380
vt 0.993285 0.375254
vt 0.995242 0.378047
vt 0.995242 0.373921
vt 0.724295 0.988069
vt 0.864369 0.218825
vt 0.862409 0.216612
vt 0.864369 0.212393
vt 0.738089 0.296623
vt 0.732474 0.285868
vt 0.547885 0.730719
vt 0.885953 0.412285
vt 0.871610 0.360349
vt 0.879292 0.366849
vt 0.160406 0.922007
vt 0.162689 0.910664
vt 0.175145 0.920619
vt 0.879430 0.345431
vt 0.874393 0.341912
vt 0.993286 0.118536
vt 0.882658 0.347913
vt 0.874189 0.342853
vt 0.213715 0.747309
vt 0.239637 0.665944
vt 0.209900 0.646776
vt 0.537848 0.790340
vt 0.770348 0.935833
vt 0.923495 0.196850
vt 0.786503 0.932226
vt 0.794127 0.937467
vt 0.712501 0.684332
vt 0.710125 0.685394
vt 0.244062 0.520954
vt 0.997693 0.545314
vt 0.997693 0.532201
vt 0.998976 0.534202
vt 0.376462 0.869237
vt 0.551595 0.388169
vt 0.284956 0.499573
vt 0.430069 0.973607
vt 0.430086 0.978564
vt 0.552869 0.382466
vt 0.030051 0.528296
vt 0.017727 0.524697
vt 0.236417 0.383829
vt 0.538814 0.231114
vt 0.251751 0.314035
vt 0.316607 0.258671
vt 0.266120 0.250466
vt 0.176094 0.604815
vt 0.687146 0.029764
vt 0.485528 0.023201
vt 0.825097 0.619262
vt 0.494162 0.007145
vt 0.499359 0.011479
vt 0.269169 0.087288
vt 0.912068 0.088569
vt 0.904518 0.084865
vt 0.908439 0.103723
vt 0.881336 0.090210
vt 0.113683 0.876491
vt 0.829411 0.592446
vt 0.986560 0.547096
vt 0.986560 0.572912
vt 0.976130 0.566043
vt 0.910397 0.762322
vt 0.912716 0.758760
vt 0.912716 0.764166
vt 0.687085 0.976911
vt 0.684374 0.972519
vt 0.687085 0.969021
vt 0.776650 0.374172
vt 0.737211 0.812180
vt 0.732091 0.812791
vt 0.879056 0.681144
vt 0.875957 0.684728
vt 0.875957 0.680837
vt 0.764630 0.349988
vt 0.868285 0.029747
vt 0.877652 0.006929
vt 0.828538 0.554259
vt 0.723320 0.271931
vt 0.831549 0.434480
vt 0.745430 0.227288
vt 0.760350 0.217170
vt 0.869627 0.302066
vt 0.870842 0.321519
vt 0.545473 0.726476
vt 0.961658 0.108673
vt 0.215456 0.745810
vt 0.822579 0.659760
vt 0.822579 0.670288
vt 0.819690 0.675670
vt 0.771072 0.957583
vt 0.889157 0.845517
vt 0.764879 0.925377
vt 0.798011 0.908457
vt 0.510334 0.788857
vt 0.714713 0.676211
vt 0.286095 0.989189
vt 0.292834 0.982842
vt 0.292834 0.992287
vt 0.556648 0.362718
vt 0.158432 0.689337
vt 0.701734 0.487638
vt 0.710051 0.488499
vt 0.313464 0.307196
vt 0.256078 0.292797
vt 0.502175 0.028719
vt 0.967037 0.035786
vt 0.967037 0.000000
vt 0.983744 0.025553
vt 0.760380 0.833723
vt 0.842166 0.612945
vt 0.993045 0.929518
vt 0.805930 0.186751
vt 0.823085 0.170858
vt 0.819678 0.182693
vt 0.953866 0.783906
vt 0.724260 0.415513
vt 0.721944 0.415513
vt 0.722571 0.412465
vt 0.993216 0.488479
vt 0.998008 0.492847
vt 0.993216 0.501790
vt 0.826371 0.143081
vt 0.817208 0.116500
vt 0.827902 0.089278
vt 0.713054 0.272401
vt 0.725760 0.247215
vt 0.551720 0.719644
vt 0.945632 0.353914
vt 0.948812 0.295861
vt 0.964774 0.345366
vt 0.533050 0.676638
vt 0.542986 0.667905
vt 0.274218 0.674793
vt 0.881864 0.175395
vt 0.530640 0.783489
vt 0.794908 0.907442
vt 0.801570 0.900921
vt 0.244256 0.516107
vt 0.989200 0.336318
vt 0.957764 0.201116
vt 0.042824 0.543886
vt 0.238232 0.449430
vt 0.038716 0.487309
vt 0.149145 0.695060
vt 0.333352 0.246628
vt 0.268283 0.179433
vt 0.677332 0.093707
vt 0.485512 0.014508
vt 0.694995 0.018367
vt 0.682867 0.014127
vt 0.694649 0.008632
vt 0.993285 0.357387
vt 0.825133 0.164935
vt 0.811110 0.160998
vt 0.763140 0.357826
vt 0.834163 0.419838
vt 0.161586 0.909298
vt 0.161119 0.914429
vt 0.145857 0.905597
vt 0.864025 0.338248
vt 0.480633 0.680886
vt 0.469048 0.699106
vt 0.295506 0.692425
vt 0.819483 0.653542
vt 0.801336 0.644175
vt 0.905979 0.838001
vt 0.199475 0.916269
vt 0.193785 0.914341
vt 0.202286 0.912237
vt 0.793391 0.930136
vt 0.759713 0.917393
vt 0.761566 0.924311
vt 0.757229 0.920164
vt 0.992931 0.335117
vt 0.717943 0.674251
vt 0.563715 0.389630
vt 0.553728 0.383773
vt 0.558552 0.382945
vt 0.125787 0.805147
vt 0.429490 0.969497
vt 0.717499 0.649618
vt 0.667157 0.294567
vt 0.656651 0.353947
vt 0.656578 0.331039
vt 0.247978 0.300662
vt 0.250386 0.289180
vt 0.144690 0.973021
vt 0.159181 0.953267
vt 0.159181 0.985686
vt 0.254617 0.201876
vt 0.684171 0.850716
vt 0.686954 0.834552
vt 0.686954 0.863027
vt 0.529918 0.900699
vt 0.817614 0.611429
vt 0.701273 0.004041
vt 0.916063 0.100833
vt 0.828772 0.054459
vt 0.919430 0.088542
vt 0.845097 0.038867
vt 0.308952 0.851650
vt 0.313339 0.869682
vt 0.294453 0.858690
vt 0.831944 0.579857
vt 0.993864 0.485342
vt 0.711357 0.343750
vt 0.617494 0.964877
vt 0.501790 0.683173
vt 0.474453 0.961710
vt 0.474247 0.957023
vt 0.479210 0.947108
vt 0.463307 0.715429
vt 0.444160 0.709685
vt 0.212801 0.921290
vt 0.216735 0.915022
vt 0.887898 0.827774
vt 0.577428 0.811531
vt 0.796698 0.901746
vt 0.567965 0.391351
vt 0.556485 0.380305
vt 0.431343 0.965423
vt 0.031969 0.507262
vt 0.044299 0.511004
vt 0.715410 0.594382
vt 0.019655 0.473308
vt 0.236744 0.337264
vt 0.235041 0.352182
vt 0.256056 0.218187
vt 0.523643 0.103533
vt 0.667434 0.078489
vt 0.689080 0.066729
vt 0.881743 0.920237
vt 0.209900 0.601148
vt 0.209900 0.628645
vt 0.208661 0.615888
vt 0.505693 0.013052
vt 0.310711 0.930297
vt 0.807308 0.176704
vt 0.953858 0.776744
vt 0.957468 0.788110
vt 0.986560 0.552943
vt 0.993978 0.547096
vt 0.989436 0.561658
vt 0.846259 0.443640
vt 0.163131 0.903120
vt 0.177008 0.909771
vt 0.943159 0.338277
vt 0.996939 0.108673
vt 0.865735 0.354303
vt 0.548460 0.652825
vt 0.530410 0.667027
vt 0.432781 0.698904
vt 0.349979 0.700132
vt 0.872901 0.258064
vt 0.885300 0.258438
vt 0.868695 0.274518
vt 0.892783 0.260313
vt 0.889267 0.268319
vt 0.813261 0.681588
vt 0.803770 0.684470
vt 0.771007 0.928888
vt 0.748262 0.955653
vt 0.760819 0.951055
vt 0.764756 0.958774
vt 0.770348 0.956584
vt 0.198076 0.899964
vt 0.756491 0.911423
vt 0.800810 0.892775
vt 0.727265 0.681112
vt 0.718421 0.684716
vt 0.938449 0.506508
vt 0.654752 0.411647
vt 0.658894 0.399924
vt 0.661614 0.410905
vt 0.971776 0.207303
vt 0.981729 0.185819
vt 0.979254 0.194916
vt 0.496340 0.794339
vt 0.490610 0.787358
vt 0.223244 0.578301
vt 0.226416 0.569858
vt 0.125446 0.793311
vt 0.046119 0.536907
vt 0.025680 0.545446
vt 0.018105 0.536425
vt 0.715475 0.538815
vt 0.133330 0.724558
vt 0.134011 0.708550
vt 0.020684 0.448325
vt 0.029247 0.463618
vt 0.236725 0.308788
vt 0.536632 0.179588
vt 0.684798 0.910068
vt 0.684798 0.884760
vt 0.686954 0.897099
vt 0.246674 0.221604
vt 0.502774 0.055440
vt 0.884602 0.949580
vt 0.882385 0.935957
vt 0.695547 0.020583
vt 0.684678 0.021879
vt 0.845279 0.631312
vt 0.991537 0.935635
vt 0.330087 0.928459
vt 0.299015 0.845751
vt 0.077485 0.974061
vt 0.064858 0.970675
vt 0.075788 0.963984
vt 0.070378 0.977230
vt 0.950121 0.774736
vt 0.833252 0.573287
vt 0.993978 0.565959
vt 0.833875 0.565432
vt 0.842585 0.458060
vt 0.550944 0.715429
vt 0.865543 0.369329
vt 0.942320 0.305486
vt 0.327262 0.689451
vt 0.329609 0.712626
vt 0.861200 0.255390
vt 0.857632 0.268770
vt 0.875299 0.246438
vt 0.889718 0.252898
vt 0.538641 0.783692
vt 0.208773 0.898864
vt 0.933280 0.502340
vt 0.226355 0.573959
vt 0.391639 0.866135
vt 0.938764 0.192361
vt 0.959213 0.187052
vt 0.558711 0.360600
vt 0.732281 0.629674
vt 0.131345 0.768941
vt 0.082440 0.532423
vt 0.075259 0.530791
vt 0.081250 0.516254
vt 0.667207 0.265582
vt 0.661427 0.268030
vt 0.697081 0.443174
vt 0.718118 0.453756
vt 0.694057 0.455158
vt 0.708034 0.441247
vt 0.243336 0.261793
vt 0.248530 0.212957
vt 0.681256 0.055263
vt 0.523268 0.887978
vt 0.832079 0.635722
vt 0.835847 0.635844
vt 0.676840 0.025467
vt 0.549485 0.976591
vt 0.549485 0.996704
vt 0.545768 0.981658
vt 0.922385 0.758760
vt 0.924482 0.758775
vt 0.922385 0.763592
vt 0.118150 0.850622
vt 0.118150 0.845351
vt 0.118783 0.847991
vt 0.833777 0.089359
vt 0.996921 0.203174
vt 0.998981 0.185743
vt 0.998981 0.203462
vt 0.936758 0.779862
vt 0.857243 0.043028
vt 0.860901 0.039333
vt 0.979039 0.137856
vt 0.983687 0.157219
vt 0.978498 0.149486
vt 0.838910 0.566564
vt 0.834706 0.569338
vt 0.997795 0.076644
vt 0.994140 0.075233
vt 0.997795 0.065537
vt 0.809822 0.084086
vt 0.823269 0.091347
vt 0.134464 0.887188
vt 0.123897 0.892586
vt 0.615820 0.958865
vt 0.210975 0.756368
vt 0.209900 0.749986
vt 0.476569 0.947855
vt 0.342258 0.709382
vt 0.853535 0.281247
vt 0.844252 0.266291
vt 0.869688 0.281677
vt 0.896219 0.272916
vt 0.901252 0.264401
vt 0.812536 0.647927
vt 0.950375 0.895154
vt 0.950375 0.887929
vt 0.954923 0.889506
vt 0.986631 0.327892
vt 0.722944 0.672863
vt 0.118800 0.799020
vt 0.118800 0.822009
vt 0.118110 0.804749
vt 0.229308 0.500879
vt 0.560735 0.379266
vt 0.996279 0.127322
vt 0.998742 0.131515
vt 0.996279 0.142585
vt 0.063320 0.530496
vt 0.062034 0.539442
vt 0.049182 0.540446
vt 0.065720 0.521541
vt 0.077671 0.518538
vt 0.047774 0.529948
vt 0.988429 0.052584
vt 0.665396 0.139264
vt 0.671192 0.131112
vt 0.678995 0.133974
vt 0.980455 0.660738
vt 0.981589 0.645060
vt 0.988801 0.642480
vt 0.114739 0.866523
vt 0.804418 0.167674
vt 0.843045 0.433858
vt 0.856430 0.305595
vt 0.617318 0.955545
vt 0.165038 0.902723
vt 0.866703 0.402700
vt 0.862178 0.372726
vt 0.855027 0.356580
vt 0.252293 0.647163
vt 0.306665 0.685110
vt 0.854761 0.248039
vt 0.887445 0.242614
vt 0.898890 0.259014
vt 0.955583 0.896576
vt 0.487909 0.779183
vt 0.671386 0.990424
vt 0.671386 0.995836
vt 0.670376 0.992944
vt 0.376407 0.859878
vt 0.379065 0.850991
vt 0.391287 0.850272
vt 0.732633 0.661785
vt 0.011012 0.564872
vt 0.030785 0.566789
vt 0.024764 0.568626
vt 0.035886 0.564724
vt 0.959598 0.193974
vt 0.025219 0.553876
vt 0.017946 0.550464
vt 0.072323 0.541748
vt 0.074701 0.541471
vt 0.049061 0.512705
vt 0.066540 0.514592
vt 0.880853 0.942255
vt 0.999582 0.910425
vt 0.997307 0.905533
vt 0.999582 0.896576
vt 0.502730 0.020872
vt 0.987468 0.991328
vt 0.984333 0.989550
vt 0.985205 0.986614
vt 0.983306 0.986190
vt 0.285791 0.858174
vt 0.279464 0.848242
vt 0.370409 0.996883
vt 0.367986 0.995887
vt 0.370409 0.990037
vt 0.761468 0.826270
vt 0.843460 0.594707
vt 0.936128 0.767330
vt 0.946333 0.767936
vt 0.803730 0.155927
vt 0.994760 0.078599
vt 0.851600 0.540967
vt 0.846887 0.415513
vt 0.638797 0.940857
vt 0.637447 0.932492
vt 0.642625 0.912168
vt 0.548701 0.657065
vt 0.292207 0.680506
vt 0.893549 0.236478
vt 0.590139 0.886508
vt 0.589773 0.878737
vt 0.599251 0.889236
vt 0.929133 0.181892
vt 0.928401 0.184900
vt 0.527108 0.771824
vt 0.770265 0.945708
vt 0.796099 0.892941
vt 0.750206 0.913333
vt 0.750381 0.911752
vt 0.729523 0.667369
vt 0.976190 0.181498
vt 0.636488 0.403162
vt 0.938764 0.176185
vt 0.650556 0.386137
vt 0.648939 0.380111
vt 0.561988 0.364790
vt 0.120190 0.788737
vt 0.054426 0.548060
vt 0.015969 0.544568
vt 0.646134 0.342102
vt 0.051358 0.493170
vt 0.651558 0.315429
vt 0.044006 0.481167
vt 0.666895 0.250999
vt 0.238860 0.300213
vt 0.539076 0.135681
vt 0.519276 0.873677
vt 0.515890 0.881286
vt 0.510087 0.861052
vt 0.519007 0.881366
vt 0.982106 0.723888
vt 0.970106 0.722339
vt 0.979551 0.716079
vt 0.982824 0.707277
vt 0.228592 0.828314
vt 0.228592 0.797929
vt 0.229271 0.802110
vt 0.985209 0.993172
vt 0.983306 0.997473
vt 0.992698 0.412575
vt 0.985541 0.412575
vt 0.990713 0.396726
vt 0.926300 0.081829
vt 0.997328 0.758298
vt 0.992835 0.751130
vt 0.996415 0.749791
vt 0.330187 0.972409
vt 0.332515 0.964623
vt 0.347500 0.968018
vt 0.799153 0.184972
vt 0.770924 0.812159
vt 0.805111 0.159752
vt 0.952172 0.774137
vt 0.308664 0.835435
vt 0.330187 0.844890
vt 0.991609 0.211257
vt 0.991609 0.187905
vt 0.993631 0.196829
vt 0.992906 0.572707
vt 0.847102 0.557452
vt 0.187626 0.899109
vt 0.942320 0.357387
vt 0.860492 0.402680
vt 0.118083 0.866589
vt 0.115135 0.846879
vt 0.118083 0.836749
vt 0.969446 0.502339
vt 0.969446 0.487689
vt 0.972370 0.492719
vt 0.644380 0.923577
vt 0.646631 0.909650
vt 0.636011 0.919280
vt 0.480222 0.938649
vt 0.837448 0.281368
vt 0.847142 0.284525
vt 0.845416 0.293569
vt 0.840060 0.275659
vt 0.861050 0.287916
vt 0.839109 0.249479
vt 0.622749 0.899115
vt 0.615248 0.882025
vt 0.877088 0.233950
vt 0.599511 0.883585
vt 0.672075 0.887646
vt 0.661210 0.889525
vt 0.652922 0.874442
vt 0.540870 0.768820
vt 0.220189 0.903770
vt 0.510049 0.767967
vt 0.484722 0.525304
vt 0.482820 0.519961
vt 0.487087 0.519961
vt 0.913416 0.824062
vt 0.229308 0.571015
vt 0.079644 0.498524
vt 0.039426 0.431934
vt 0.659731 0.223705
vt 0.671585 0.213136
vt 0.663558 0.215307
vt 0.656452 0.202692
vt 0.667456 0.201091
vt 0.665251 0.031965
vt 0.881229 0.905958
vt 0.982824 0.732411
vt 0.971700 0.726333
vt 0.837828 0.622178
vt 0.840835 0.625156
vt 0.985965 0.356891
vt 0.976771 0.342729
vt 0.985965 0.339673
vt 0.334852 0.951738
vt 0.554623 0.530762
vt 0.555005 0.526310
vt 0.555005 0.533922
vt 0.950508 0.770533
vt 0.839241 0.576290
vt 0.994140 0.052584
vt 0.997850 0.060419
vt 0.994140 0.065537
vt 0.997803 0.003516
vt 0.998669 0.010312
vt 0.997803 0.017437
vt 0.973393 0.134032
vt 0.590370 0.998592
vt 0.587431 0.999399
vt 0.587431 0.988338
vt 0.334026 0.850272
vt 0.335591 0.846908
vt 0.347472 0.845546
vt 0.847920 0.537108
vt 0.817955 0.044526
vt 0.127942 0.873791
vt 0.846766 0.345667
vt 0.855034 0.412285
vt 0.860401 0.382622
vt 0.641558 0.953584
vt 0.353690 0.949693
vt 0.351893 0.959953
vt 0.351893 0.941639
vt 0.808316 0.977591
vt 0.806461 0.975307
vt 0.808316 0.968033
vt 0.231791 0.645451
vt 0.235193 0.656471
vt 0.497288 0.674209
vt 0.500826 0.670279
vt 0.997539 0.552008
vt 0.993978 0.557497
vt 0.993978 0.542242
vt 0.873494 0.229263
vt 0.921488 0.840597
vt 0.981422 0.166001
vt 0.114154 0.996886
vt 0.114154 0.984381
vt 0.118441 0.985204
vt 0.970401 0.665046
vt 0.967062 0.652362
vt 0.974579 0.662014
vt 0.563265 0.374765
vt 0.571174 0.379643
vt 0.636366 0.395124
vt 0.118800 0.783123
vt 0.066676 0.549837
vt 0.075986 0.548427
vt 0.024953 0.549738
vt 0.722181 0.596963
vt 0.725853 0.610579
vt 0.061400 0.496287
vt 0.727181 0.495363
vt 0.171080 0.610964
vt 0.661949 0.120245
vt 0.675870 0.118979
vt 0.530399 0.100237
vt 0.520142 0.895000
vt 0.882871 0.901119
vt 0.842813 0.644175
vt 0.971193 0.357387
vt 0.965785 0.397708
vt 0.963449 0.383329
vt 0.978286 0.389788
vt 0.882894 0.066548
vt 0.288767 0.848107
vt 0.840078 0.587388
vt 0.933487 0.771945
vt 0.796941 0.160516
vt 0.992765 0.189524
vt 0.865331 0.034502
vt 0.869184 0.040637
vt 0.868609 0.034597
vt 0.872947 0.039306
vt 0.792534 0.148829
vt 0.019237 0.982883
vt 0.028112 0.963116
vt 0.028112 0.987236
vt 0.848312 0.525268
vt 0.711357 0.252092
vt 0.855598 0.431621
vt 0.118800 0.874054
vt 0.156147 0.882007
vt 0.193784 0.919282
vt 0.649355 0.899115
vt 0.648538 0.913880
vt 0.636837 0.950734
vt 0.624810 0.931005
vt 0.468356 0.681150
vt 0.467542 0.679014
vt 0.274818 0.658348
vt 0.551720 0.741963
vt 0.554774 0.715429
vt 0.554774 0.755112
vt 0.857428 0.292806
vt 0.862171 0.235652
vt 0.890076 0.231145
vt 0.660028 0.864620
vt 0.221445 0.906219
vt 0.743298 0.946175
vt 0.533974 0.765328
vt 0.756133 0.928888
vt 0.794729 0.883718
vt 0.927984 0.829595
vt 0.644946 0.412714
vt 0.983243 0.177435
vt 0.945574 0.172899
vt 0.987303 0.830316
vt 0.987303 0.860367
vt 0.976433 0.851491
vt 0.061519 0.487259
vt 0.931241 0.896576
vt 0.930915 0.887883
vt 0.937591 0.887883
vt 0.528724 0.094001
vt 0.520877 0.906200
vt 0.885584 0.900514
vt 0.505514 0.025654
vt 0.898024 0.896576
vt 0.885741 0.057322
vt 0.963449 0.393487
vt 0.546247 0.975260
vt 0.542637 0.982908
vt 0.103639 0.859482
vt 0.843593 0.603216
vt 0.797590 0.178312
vt 0.350137 0.959537
vt 0.394670 0.986380
vt 0.391290 0.982925
vt 0.394337 0.983084
vt 0.300764 0.842798
vt 0.864669 0.044871
vt 0.993141 0.185743
vt 0.996921 0.191904
vt 0.866461 0.038659
vt 0.869815 0.037634
vt 0.330187 0.846850
vt 0.348243 0.835645
vt 0.794786 0.126511
vt 0.846316 0.504833
vt 0.848953 0.481910
vt 0.852811 0.420356
vt 0.551799 0.813122
vt 0.551799 0.793471
vt 0.554870 0.795087
vt 0.649355 0.942939
vt 0.640979 0.959238
vt 0.644823 0.900863
vt 0.992835 0.778063
vt 0.992835 0.758298
vt 0.997537 0.771279
vt 0.627068 0.922954
vt 0.512623 0.660098
vt 0.552114 0.641314
vt 0.551987 0.645932
vt 0.246489 0.628873
vt 0.445107 0.687327
vt 0.390534 0.756613
vt 0.394160 0.775001
vt 0.390534 0.797961
vt 0.479483 0.927842
vt 0.848279 0.236405
vt 0.593582 0.876271
vt 0.680676 0.866866
vt 0.678203 0.888309
vt 0.885471 0.153602
vt 0.881336 0.167905
vt 0.880853 0.824743
vt 0.881988 0.832190
vt 0.576071 0.802833
vt 0.633663 0.407952
vt 0.977835 0.169273
vt 0.973887 0.652566
vt 0.978926 0.659004
vt 0.925679 0.280397
vt 0.935329 0.283401
vt 0.931167 0.284308
vt 0.640196 0.386702
vt 0.060611 0.557308
vt 0.079868 0.552462
vt 0.062899 0.561515
vt 0.067974 0.552961
vt 0.631831 0.341539
vt 0.127917 0.737811
vt 0.652447 0.284055
vt 0.142712 0.686887
vt 0.652312 0.234719
vt 0.652705 0.221208
vt 0.967608 0.406656
vt 0.963449 0.401469
vt 0.971216 0.405552
vt 0.515805 0.895660
vt 0.510947 0.031096
vt 0.501678 0.861844
vt 0.505150 0.868698
vt 0.507707 0.028567
vt 0.057302 0.951003
vt 0.060954 0.939256
vt 0.060954 0.958585
vt 0.897264 0.073801
vt 0.676636 0.021769
vt 0.266680 0.838665
vt 0.847818 0.594826
vt 0.770026 0.820693
vt 0.930915 0.769168
vt 0.392052 0.978662
vt 0.861351 0.043640
vt 0.394670 0.972076
vt 0.064426 0.962125
vt 0.068623 0.953039
vt 0.948747 0.765248
vt 0.978946 0.131670
vt 0.967043 0.355607
vt 0.966547 0.347876
vt 0.970452 0.355035
vt 0.964774 0.357387
vt 0.800759 0.038478
vt 0.809939 0.022934
vt 0.849862 0.329050
vt 0.899015 0.313690
vt 0.901842 0.309783
vt 0.906768 0.319180
vt 0.637725 0.956438
vt 0.115135 0.891501
vt 0.115135 0.866589
vt 0.118563 0.886629
vt 0.547706 0.634838
vt 0.504174 0.666838
vt 0.468098 0.895845
vt 0.467015 0.908074
vt 0.467015 0.890004
vt 0.262145 0.616795
vt 0.831620 0.254312
vt 0.327978 0.675407
vt 0.887004 0.995516
vt 0.887004 0.978697
vt 0.893140 0.990465
vt 0.837794 0.238421
vt 0.634585 0.898226
vt 0.198192 0.890500
vt 0.908844 0.829386
vt 0.891780 0.816263
vt 0.768570 0.937301
vt 0.770348 0.937497
vt 0.506086 0.768353
vt 0.640088 0.415513
vt 0.997591 0.344299
vt 0.993800 0.337028
vt 0.997591 0.327892
vt 0.740449 0.662604
vt 0.997410 0.385572
vt 0.997811 0.396726
vt 0.993285 0.387600
vt 0.058113 0.569858
vt 0.046965 0.566862
vt 0.755947 0.644437
vt 0.635424 0.376106
vt 0.048565 0.554543
vt 0.130706 0.720168
vt 0.059947 0.479494
vt 0.054234 0.443940
vt 0.654026 0.247325
vt 0.554650 0.203611
vt 0.653839 0.210086
vt 0.166199 0.620765
vt 0.658724 0.181474
vt 0.663186 0.177761
vt 0.728600 0.448589
vt 0.963449 0.414907
vt 0.973821 0.412967
vt 0.510504 0.886799
vt 0.511151 0.879822
vt 0.846489 0.642523
vt 0.887822 0.897287
vt 0.884291 0.897944
vt 0.506509 0.019345
vt 0.513052 0.014234
vt 0.540870 0.845292
vt 0.543848 0.841323
vt 0.550627 0.847746
vt 0.850986 0.623452
vt 0.795558 0.195869
vt 0.792143 0.194077
vt 0.997328 0.736581
vt 0.295667 0.840221
vt 0.979167 0.886647
vt 0.979819 0.879623
vt 0.985906 0.894839
vt 0.946491 0.764185
vt 0.792625 0.154283
vt 0.061034 0.952931
vt 0.062999 0.952115
vt 0.063315 0.947137
vt 0.841175 0.340227
vt 0.904237 0.323525
vt 0.628521 0.912652
vt 0.677500 0.915634
vt 0.656416 0.924932
vt 0.656177 0.907416
vt 0.230138 0.636896
vt 0.485619 0.678766
vt 0.479107 0.679089
vt 0.434139 0.706324
vt 0.855723 0.295861
vt 0.635624 0.890033
vt 0.642937 0.893708
vt 0.636078 0.874873
vt 0.420634 0.913186
vt 0.437814 0.905554
vt 0.435585 0.914880
vt 0.866711 0.225220
vt 0.684171 0.882503
vt 0.784371 0.672305
vt 0.795970 0.645251
vt 0.212499 0.886788
vt 0.752494 0.903228
vt 0.799748 0.872498
vt 0.802657 0.887180
vt 0.797232 0.883335
vt 0.739575 0.672382
vt 0.728657 0.681453
vt 0.936661 0.295571
vt 0.925679 0.293729
vt 0.615821 0.976878
vt 0.608069 0.985907
vt 0.609231 0.975530
vt 0.033801 0.555823
vt 0.042302 0.555270
vt 0.982989 0.871955
vt 0.063463 0.493510
vt 0.075030 0.488959
vt 0.729442 0.528462
vt 0.655127 0.124717
vt 0.539469 0.070856
vt 0.991589 0.231147
vt 0.991670 0.224602
vt 0.998114 0.226440
vt 0.994686 0.238442
vt 0.508670 0.880569
vt 0.943737 0.762786
vt 0.945338 0.758957
vt 0.515606 0.904099
vt 0.491738 0.858008
vt 0.496996 0.853203
vt 0.880853 0.898380
vt 0.994317 0.604191
vt 0.997581 0.594750
vt 0.997581 0.607342
vt 0.135671 0.998206
vt 0.133996 0.992104
vt 0.135671 0.987979
vt 0.971143 0.397586
vt 0.966565 0.400102
vt 0.673965 0.016638
vt 0.353690 0.975449
vt 0.351927 0.965382
vt 0.353690 0.959952
vt 0.853144 0.066866
vt 0.844495 0.072839
vt 0.075477 0.951307
vt 0.983504 0.667809
vt 0.983281 0.664940
vt 0.985862 0.665348
vt 0.302481 0.838880
vt 0.302247 0.835452
vt 0.712533 0.415513
vt 0.711357 0.412456
vt 0.714327 0.412456
vt 0.977134 0.125272
vt 0.802501 0.017443
vt 0.806621 0.011729
vt 0.914539 0.295861
vt 0.917493 0.305938
vt 0.997243 0.185743
vt 0.991609 0.167547
vt 0.997243 0.157219
vt 0.992714 0.803564
vt 0.985474 0.785658
vt 0.991612 0.795406
vt 0.672210 0.927110
vt 0.638200 0.997254
vt 0.636865 0.994513
vt 0.638200 0.990362
vt 0.653353 0.901512
vt 0.655814 0.901634
vt 0.394160 0.782906
vt 0.394781 0.788579
vt 0.394160 0.791172
vt 0.508160 0.659716
vt 0.651875 0.897851
vt 0.474850 0.679092
vt 0.435516 0.690052
vt 0.607893 0.875699
vt 0.598481 0.867147
vt 0.647533 0.871127
vt 0.651091 0.862375
vt 0.742436 0.940763
vt 0.750595 0.940626
vt 0.746819 0.929172
vt 0.482288 0.773599
vt 0.976034 0.162118
vt 0.399175 0.971735
vt 0.394792 0.968474
vt 0.399262 0.965423
vt 0.974624 0.645725
vt 0.615821 0.993197
vt 0.047021 0.557869
vt 0.082481 0.478826
vt 0.646077 0.296205
vt 0.553720 0.247021
vt 0.992514 0.243116
vt 0.998185 0.218833
vt 0.493019 0.850569
vt 0.901412 0.075044
vt 0.911919 0.068298
vt 0.909946 0.073717
vt 0.082601 0.998032
vt 0.082601 0.990253
vt 0.084086 0.993218
vt 0.548241 0.969515
vt 0.552937 0.842495
vt 0.785704 0.186833
vt 0.788167 0.173324
vt 0.855179 0.587858
vt 0.985906 0.871955
vt 0.546022 0.916791
vt 0.550111 0.923742
vt 0.546022 0.942103
vt 0.193784 0.956230
vt 0.190811 0.947303
vt 0.193784 0.939240
vt 0.911597 0.977421
vt 0.905483 0.978443
vt 0.906312 0.976384
vt 0.977523 0.882904
vt 0.976433 0.889831
vt 0.299603 0.838620
vt 0.745309 0.806837
vt 0.773719 0.803854
vt 0.750146 0.801577
vt 0.777367 0.795417
vt 0.975382 0.119572
vt 0.978000 0.117225
vt 0.067519 0.939133
vt 0.971975 0.357387
vt 0.971741 0.993191
vt 0.969735 0.997884
vt 0.969735 0.990089
vt 0.312127 0.825529
vt 0.314310 0.830966
vt 0.341815 0.815881
vt 0.339121 0.804279
vt 0.347275 0.818799
vt 0.333486 0.784628
vt 0.344486 0.789915
vt 0.791703 0.095623
vt 0.851028 0.301128
vt 0.364623 0.872785
vt 0.359445 0.860872
vt 0.372649 0.874506
vt 0.993304 0.815314
vt 0.988859 0.808259
vt 0.655995 0.937384
vt 0.535528 0.643264
vt 0.514874 0.657113
vt 0.516609 0.647194
vt 0.680062 0.902225
vt 0.515861 0.649619
vt 0.651364 0.895021
vt 0.471111 0.678719
vt 0.829340 0.244678
vt 0.480551 0.924919
vt 0.554976 0.477769
vt 0.554023 0.465685
vt 0.554976 0.457288
vt 0.579647 0.861881
vt 0.933310 0.178675
vt 0.895370 0.138437
vt 0.748762 0.935953
vt 0.198273 0.879200
vt 0.794015 0.883855
vt 0.794659 0.882347
vt 0.936504 0.214944
vt 0.937575 0.217031
vt 0.936504 0.218798
vt 0.747100 0.671368
vt 0.738794 0.668670
vt 0.914478 0.818396
vt 0.492129 0.766680
vt 0.978947 0.159614
vt 0.971776 0.157219
vt 0.994328 0.380570
vt 0.997811 0.380016
vt 0.977551 0.630908
vt 0.974923 0.630719
vt 0.978926 0.623172
vt 0.968038 0.642294
vt 0.050279 0.556845
vt 0.089708 0.463650
vt 0.125444 0.665995
vt 0.730174 0.462028
vt 0.158775 0.614591
vt 0.649253 0.172993
vt 0.687062 0.990903
vt 0.683367 0.988613
vt 0.686761 0.977947
vt 0.901491 0.978697
vt 0.896951 0.978076
vt 0.900810 0.972227
vt 0.997466 0.244254
vt 0.998185 0.246823
vt 0.509010 0.891236
vt 0.800325 0.997160
vt 0.797129 0.992402
vt 0.800325 0.989507
vt 0.501427 0.868391
vt 0.897591 0.060255
vt 0.981622 0.634281
vt 0.851327 0.625196
vt 0.855936 0.615248
vt 0.334128 0.957043
vt 0.333342 0.953968
vt 0.792742 0.167036
vt 0.913271 0.215221
vt 0.914659 0.216654
vt 0.913271 0.218532
vt 0.468098 0.909646
vt 0.466882 0.914056
vt 0.466882 0.908074
vt 0.391639 0.920641
vt 0.392562 0.917656
vt 0.393684 0.920916
vt 0.393684 0.915198
vt 0.979160 0.111272
vt 0.981697 0.111194
vt 0.973843 0.112239
vt 0.754787 0.798501
vt 0.755213 0.796090
vt 0.361726 0.842220
vt 0.984990 0.718064
vt 0.985031 0.712223
vt 0.986933 0.713359
vt 0.353724 0.809768
vt 0.330187 0.761775
vt 0.797932 0.029282
vt 0.138822 0.871003
vt 0.839395 0.306358
vt 0.677885 0.928054
vt 0.682500 0.905438
vt 0.825635 0.217844
vt 0.825635 0.206476
vt 0.827901 0.207585
vt 0.510532 0.657955
vt 0.509020 0.660743
vt 0.650004 0.891744
vt 0.229308 0.626986
vt 0.457870 0.677820
vt 0.825635 0.267002
vt 0.646056 0.894856
vt 0.645002 0.883928
vt 0.837983 0.225952
vt 0.328335 0.896639
vt 0.328335 0.869682
vt 0.330187 0.885884
vt 0.665296 0.851791
vt 0.676988 0.864215
vt 0.224478 0.893887
vt 0.735416 0.948002
vt 0.735329 0.939262
vt 0.739486 0.950889
vt 0.687086 0.760122
vt 0.683274 0.757316
vt 0.686462 0.758294
vt 0.793938 0.878790
vt 0.626994 0.412307
vt 0.626752 0.401877
vt 0.398175 0.977220
vt 0.978604 0.643770
vt 0.975459 0.636460
vt 0.633021 0.397598
vt 0.962813 0.633292
vt 0.971097 0.640627
vt 0.746880 0.607155
vt 0.747820 0.574470
vt 0.562323 0.214184
vt 0.143442 0.644506
vt 0.830722 0.988679
vt 0.820846 0.982683
vt 0.830722 0.962383
vt 0.985717 0.985947
vt 0.984892 0.975627
vt 0.987468 0.977003
vt 0.533905 0.046612
vt 0.238359 0.972246
vt 0.246096 0.976174
vt 0.237409 0.980524
vt 0.683367 0.995826
vt 0.518833 0.909909
vt 0.491073 0.848238
vt 0.482288 0.854787
vt 0.963910 0.401469
vt 0.827902 0.065820
vt 0.102865 0.851106
vt 0.077485 0.932441
vt 0.086078 0.934426
vt 0.081205 0.940203
vt 0.865994 0.053038
vt 0.384507 0.846764
vt 0.380552 0.838582
vt 0.387128 0.840625
vt 0.379385 0.845178
vt 0.382571 0.831892
vt 0.971776 0.119480
vt 0.983281 0.661184
vt 0.986339 0.544283
vt 0.986496 0.529327
vt 0.988084 0.528166
vt 0.390534 0.825955
vt 0.362763 0.836829
vt 0.387475 0.817930
vt 0.389158 0.815824
vt 0.876636 0.042936
vt 0.866206 0.454978
vt 0.858802 0.447027
vt 0.864015 0.420616
vt 0.373767 0.878618
vt 0.366335 0.890477
vt 0.914434 0.318262
vt 0.394560 0.972076
vt 0.391290 0.963807
vt 0.394560 0.957088
vt 0.177986 0.980843
vt 0.182845 0.974638
vt 0.183840 0.987718
vt 0.990983 0.822943
vt 0.988013 0.817051
vt 0.176829 0.995454
vt 0.177754 0.988720
vt 0.680022 0.915639
vt 0.680442 0.909534
vt 0.513221 0.654807
vt 0.455296 0.986522
vt 0.456828 0.987994
vt 0.455296 0.998033
vt 0.478567 0.908223
vt 0.790901 0.683837
vt 0.784407 0.679855
vt 0.880853 0.813432
vt 0.753292 0.931894
vt 0.305996 0.994735
vt 0.305996 0.985097
vt 0.311349 0.994672
vt 0.675296 0.767742
vt 0.750086 0.892152
vt 0.997757 0.959231
vt 0.993788 0.955582
vt 0.997220 0.950894
vt 0.741069 0.626447
vt 0.738655 0.616923
vt 0.070741 0.456192
vt 0.089773 0.451882
vt 0.739979 0.500276
vt 0.634824 0.223406
vt 0.640236 0.200021
vt 0.989028 0.034374
vt 0.985116 0.037926
vt 0.989516 0.031656
vt 0.894125 0.969333
vt 0.984107 0.034700
vt 0.642814 0.071974
vt 0.576250 0.871528
vt 0.579647 0.870385
vt 0.578356 0.886327
vt 0.855601 0.635099
vt 0.920879 0.066779
vt 0.144690 0.989214
vt 0.149356 0.985686
vt 0.149356 0.996059
vt 0.665720 0.025556
vt 0.110235 0.837867
vt 0.922301 0.978208
vt 0.923523 0.984710
vt 0.922301 0.987477
vt 0.351893 0.956011
vt 0.342444 0.943883
vt 0.053634 0.973540
vt 0.050635 0.968612
vt 0.060342 0.962907
vt 0.077485 0.939432
vt 0.071601 0.932441
vt 0.299384 0.832353
vt 0.299500 0.837592
vt 0.930141 0.763581
vt 0.928199 0.763581
vt 0.928885 0.758760
vt 0.915460 0.758760
vt 0.917745 0.761034
vt 0.915460 0.763823
vt 0.369452 0.840329
vt 0.986280 0.661135
vt 0.866584 0.047944
vt 0.878958 0.051646
vt 0.993575 0.523408
vt 0.365731 0.826264
vt 0.864211 0.487583
vt 0.133587 0.858601
vt 0.840618 0.324634
vt 0.176829 0.974763
vt 0.654175 0.944184
vt 0.517700 0.641231
vt 0.554623 0.627180
vt 0.553642 0.637266
vt 0.828204 0.233912
vt 0.825635 0.218833
vt 0.422363 0.698407
vt 0.445697 0.908683
vt 0.450206 0.890159
vt 0.461112 0.902411
vt 0.588886 0.854000
vt 0.540870 0.750887
vt 0.539078 0.732572
vt 0.624810 0.993466
vt 0.631916 0.990943
vt 0.394792 0.993792
vt 0.402063 0.980453
vt 0.930915 0.824497
vt 0.993788 0.967342
vt 0.126436 0.966512
vt 0.132716 0.966646
vt 0.133966 0.972760
vt 0.635204 0.259985
vt 0.046292 0.412266
vt 0.638013 0.186953
vt 0.961848 0.108047
vt 0.961848 0.101065
vt 0.966260 0.106229
vt 0.241750 0.960626
vt 0.247037 0.963491
vt 0.243476 0.972246
vt 0.893177 0.964607
vt 0.894581 0.958560
vt 0.983744 0.032602
vt 0.509550 0.910467
vt 0.577776 0.865940
vt 0.005713 0.984671
vt 0.009773 0.995019
vt 0.007857 0.994972
vt 0.484088 0.855303
vt 0.772230 0.204210
vt 0.781889 0.195663
vt 0.785911 0.198705
vt 0.666195 0.018366
vt 0.543870 0.836189
vt 0.159181 0.980321
vt 0.162379 0.953267
vt 0.174032 0.980321
vt 0.329819 0.896639
vt 0.329819 0.927786
vt 0.328335 0.917376
vt 0.086814 0.990253
vt 0.086814 0.996781
vt 0.084835 0.995570
vt 0.330187 0.949254
vt 0.903540 0.992124
vt 0.903540 0.975866
vt 0.785050 0.158630
vt 0.370078 0.821729
vt 0.366275 0.806686
vt 0.123818 0.866952
vt 0.836256 0.337306
vt 0.833129 0.335272
vt 0.906630 0.332103
vt 0.911028 0.332546
vt 0.184658 0.882077
vt 0.985474 0.825159
vt 0.682344 0.902945
vt 0.232090 0.620412
vt 0.442878 0.451351
vt 0.447260 0.452014
vt 0.452723 0.468176
vt 0.449217 0.450741
vt 0.405557 0.891679
vt 0.633366 0.872265
vt 0.581446 0.858759
vt 0.783939 0.661911
vt 0.897295 0.792877
vt 0.743326 0.665678
vt 0.096586 0.420305
vt 0.126740 0.629562
vt 0.978854 0.986189
vt 0.975569 0.968238
vt 0.540209 0.113185
vt 0.961848 0.106749
vt 0.952054 0.100918
vt 0.957076 0.100869
vt 0.554970 0.515583
vt 0.552504 0.525618
vt 0.554730 0.505960
vt 0.246385 0.982759
vt 0.552504 0.510544
vt 0.690671 0.989866
vt 0.687462 0.997563
vt 0.687086 0.992630
vt 0.249074 0.958854
vt 0.889621 0.961199
vt 0.984506 0.026630
vt 0.983744 0.017725
vt 0.005713 0.996839
vt 0.901491 0.949580
vt 0.892321 0.954314
vt 0.891844 0.951754
vt 0.999663 0.465917
vt 0.999663 0.477839
vt 0.997406 0.475939
vt 0.579647 0.863001
vt 0.912029 0.056505
vt 0.657395 0.031803
vt 0.779167 0.204913
vt 0.989765 0.623172
vt 0.656040 0.027035
vt 0.554486 0.832940
vt 0.090471 0.945350
vt 0.732200 0.992396
vt 0.724552 0.982293
vt 0.732200 0.975952
vt 0.060342 0.981777
vt 0.048265 0.981246
vt 0.999322 0.218449
vt 0.996921 0.213446
vt 0.999322 0.203462
vt 0.782486 0.789269
vt 0.785009 0.150924
vt 0.791395 0.151889
vt 0.757945 0.783504
vt 0.774952 0.789052
vt 0.785566 0.147352
vt 0.285013 0.797824
vt 0.385902 0.810334
vt 0.852434 0.511885
vt 0.791395 0.009945
vt 0.872309 0.436668
vt 0.152312 0.866327
vt 0.921041 0.330186
vt 0.352868 0.867064
vt 0.358426 0.866039
vt 0.678406 0.944502
vt 0.653431 0.949435
vt 0.665500 0.889525
vt 0.450795 0.451546
vt 0.961554 0.896576
vt 0.960188 0.893006
vt 0.961554 0.892067
vt 0.644104 0.876237
vt 0.607050 0.864922
vt 0.654388 0.854210
vt 0.937829 0.168240
vt 0.886889 0.813000
vt 0.676773 0.756395
vt 0.515258 0.727823
vt 0.743454 0.892655
vt 0.953112 0.047966
vt 0.948846 0.039274
vt 0.967037 0.052584
vt 0.793246 0.871089
vt 0.118800 0.978886
vt 0.120591 0.972863
vt 0.620178 0.394116
vt 0.040404 0.398685
vt 0.149088 0.614433
vt 0.640368 0.151188
vt 0.230757 0.972246
vt 0.231838 0.969278
vt 0.967112 0.104385
vt 0.247935 0.952918
vt 0.532845 0.043163
vt 0.522231 0.035001
vt 0.509265 0.894668
vt 0.499743 0.903460
vt 0.577985 0.862083
vt 0.508539 0.914134
vt 0.857407 0.639846
vt 0.860621 0.632035
vt 0.989679 0.652568
vt 0.857613 0.619909
vt 0.861240 0.618496
vt 0.086020 0.958312
vt 0.273889 0.831702
vt 0.229308 0.944517
vt 0.236512 0.941642
vt 0.237092 0.947240
vt 0.993575 0.502340
vt 0.997687 0.509650
vt 0.993575 0.519997
vt 0.785956 0.148565
vt 0.368396 0.798899
vt 0.791328 0.058990
vt 0.174770 0.874607
vt 0.354860 0.890998
vt 0.791445 0.998021
vt 0.789056 0.990516
vt 0.793983 0.986573
vt 0.442878 0.485604
vt 0.448060 0.483097
vt 0.450746 0.487079
vt 0.684171 0.898620
vt 0.681442 0.950436
vt 0.553179 0.615764
vt 0.413055 0.686515
vt 0.480345 0.913233
vt 0.598510 0.856935
vt 0.959197 0.960196
vt 0.974901 0.960196
vt 0.960733 0.965535
vt 0.214969 0.876518
vt 0.795731 0.870791
vt 0.118800 0.960315
vt 0.618086 0.407615
vt 0.984518 0.964771
vt 0.645452 0.097069
vt 0.687086 0.989104
vt 0.483771 0.923339
vt 0.483389 0.916791
vt 0.488168 0.921212
vt 0.996956 0.622486
vt 0.993417 0.619977
vt 0.997716 0.616040
vt 0.250229 0.955063
vt 0.888681 0.953448
vt 0.008435 0.997539
vt 0.997594 0.478886
vt 0.501314 0.900408
vt 0.505184 0.898526
vt 0.576099 0.863496
vt 0.864024 0.624461
vt 0.781858 0.811592
vt 0.048305 0.971755
vt 0.989358 0.522016
vt 0.311350 0.997968
vt 0.311350 0.985097
vt 0.312383 0.991033
vt 0.991542 0.701875
vt 0.381847 0.807503
vt 0.859667 0.531653
vt 0.863314 0.516953
vt 0.781171 0.062542
vt 0.786288 0.036958
vt 0.909246 0.338313
vt 0.922954 0.316463
vt 0.652493 0.951394
vt 0.652462 0.954009
vt 0.650004 0.955582
vt 0.460075 0.447721
vt 0.421890 0.664938
vt 0.482288 0.909606
vt 0.406563 0.900836
vt 0.463479 0.882977
vt 0.466859 0.892066
vt 0.717536 0.938711
vt 0.717255 0.947520
vt 0.228042 0.729569
vt 0.228042 0.714359
vt 0.229207 0.717028
vt 0.667425 0.764870
vt 0.967037 0.012850
vt 0.940502 0.046703
vt 0.620335 0.391993
vt 0.060541 0.414087
vt 0.985980 0.969500
vt 0.542387 0.098431
vt 0.535543 0.094205
vt 0.543733 0.079954
vt 0.234888 0.953510
vt 0.922135 0.050911
vt 0.889247 0.036691
vt 0.333344 0.941639
vt 0.777108 0.176869
vt 0.779511 0.818467
vt 0.090927 0.950682
vt 0.548675 0.918210
vt 0.790550 0.793244
vt 0.775066 0.160976
vt 0.781705 0.147625
vt 0.878687 0.218018
vt 0.878687 0.212393
vt 0.881336 0.215367
vt 0.206059 0.999830
vt 0.203285 0.993206
vt 0.206059 0.988371
vt 0.784134 0.143219
vt 0.379010 0.803542
vt 0.780483 0.089513
vt 0.213669 0.988371
vt 0.203285 0.980054
vt 0.213669 0.956878
vt 0.788436 0.022440
vt 0.869692 0.423435
vt 0.997811 0.384196
vt 0.997811 0.374544
vt 0.998808 0.377604
vt 0.350812 0.873968
vt 0.453352 0.484633
vt 0.880170 0.783701
vt 0.877608 0.758295
vt 0.880170 0.758170
vt 0.516693 0.643167
vt 0.516538 0.639899
vt 0.448007 0.671355
vt 0.550006 0.955699
vt 0.546022 0.961031
vt 0.644791 0.865365
vt 0.646586 0.886421
vt 0.647802 0.849891
vt 0.656890 0.849457
vt 0.674621 0.853462
vt 0.679138 0.852315
vt 0.683971 0.864309
vt 0.964049 0.972167
vt 0.970292 0.968564
vt 0.973270 0.978399
vt 0.304265 0.963523
vt 0.292834 0.980613
vt 0.299134 0.959958
vt 0.292834 0.960588
vt 0.918855 0.815202
vt 0.909974 0.803061
vt 0.940693 0.035398
vt 0.757316 0.663909
vt 0.993575 0.536550
vt 0.994152 0.526069
vt 0.997693 0.528784
vt 0.751132 0.631287
vt 0.615662 0.351507
vt 0.084842 0.423213
vt 0.744349 0.455599
vt 0.689970 0.986912
vt 0.486856 0.925082
vt 0.993417 0.607342
vt 0.993232 0.019146
vt 0.884808 0.956203
vt 0.492263 0.916791
vt 0.924758 0.058611
vt 0.657267 0.020020
vt 0.081387 0.977947
vt 0.082660 0.961630
vt 0.089960 0.975255
vt 0.089720 0.965275
vt 0.976136 0.108442
vt 0.972156 0.101065
vt 0.976658 0.101065
vt 0.092478 0.957007
vt 0.092958 0.966159
vt 0.093269 0.953346
vt 0.244704 0.942936
vt 0.266207 0.815769
vt 0.776170 0.151221
vt 0.986339 0.511047
vt 0.874621 0.463297
vt 0.833522 0.319799
vt 0.833664 0.308238
vt 0.825635 0.330971
vt 0.917762 0.331602
vt 0.916474 0.341788
vt 0.519228 0.636470
vt 0.229558 0.612382
vt 0.387666 0.661838
vt 0.375626 0.684963
vt 0.301497 0.983749
vt 0.971273 0.965286
vt 0.676607 0.770877
vt 0.668926 0.768479
vt 0.748940 0.885015
vt 0.792465 0.866320
vt 0.667476 0.753624
vt 0.672684 0.754417
vt 0.762089 0.621624
vt 0.621518 0.278148
vt 0.736072 0.447282
vt 0.557531 0.140227
vt 0.641288 0.121743
vt 0.544087 0.070068
vt 0.243812 0.991273
vt 0.237409 0.991503
vt 0.957800 0.097343
vt 0.229308 0.959889
vt 0.241450 0.952043
vt 0.911988 0.218532
vt 0.911988 0.214861
vt 0.913271 0.217384
vt 0.245832 0.950360
vt 0.534571 0.040055
vt 0.248319 0.947370
vt 0.254210 0.949785
vt 0.984407 0.021574
vt 0.883350 0.950539
vt 0.883253 0.953500
vt 0.904039 0.041800
vt 0.863136 0.634278
vt 0.926405 0.060104
vt 0.972670 0.351584
vt 0.976232 0.356565
vt 0.996941 0.435597
vt 0.996911 0.441103
vt 0.991809 0.438995
vt 0.862038 0.615661
vt 0.769139 0.194880
vt 0.761619 0.190196
vt 0.540870 0.814358
vt 0.827240 0.999448
vt 0.829370 0.990933
vt 0.829979 0.997819
vt 0.511714 0.975805
vt 0.503362 0.990094
vt 0.503362 0.962793
vt 0.998754 0.293649
vt 0.997730 0.286977
vt 0.998754 0.283653
vt 0.827240 0.988679
vt 0.243671 0.929798
vt 0.236927 0.931610
vt 0.986570 0.515727
vt 0.774644 0.141971
vt 0.232608 0.924421
vt 0.234315 0.921153
vt 0.758339 0.776910
vt 0.758291 0.773354
vt 0.775450 0.761654
vt 0.375429 0.797895
vt 0.872710 0.513310
vt 0.341786 0.739341
vt 0.331858 0.732908
vt 0.337686 0.722514
vt 0.338127 0.713321
vt 0.910663 0.342778
vt 0.913036 0.355408
vt 0.901582 0.346057
vt 0.459076 0.492680
vt 0.789056 0.981580
vt 0.406586 0.662757
vt 0.479816 0.900104
vt 0.358319 0.672758
vt 0.635167 0.864230
vt 0.443204 0.888209
vt 0.667681 0.843659
vt 0.741284 0.917259
vt 0.729811 0.922673
vt 0.705001 0.947433
vt 0.892321 0.798889
vt 0.527631 0.736923
vt 0.520756 0.737028
vt 0.789582 0.856541
vt 0.796728 0.862674
vt 0.610712 0.276860
vt 0.952698 0.096286
vt 0.533992 0.037840
vt 0.532540 0.034775
vt 0.529844 0.031044
vt 0.496132 0.905083
vt 0.394670 0.998304
vt 0.391461 0.992809
vt 0.885402 0.033340
vt 0.063386 0.992478
vt 0.064323 0.990005
vt 0.065356 0.996186
vt 0.876311 0.990451
vt 0.877085 0.987357
vt 0.880754 0.990459
vt 0.103928 0.828835
vt 0.959197 0.952523
vt 0.940632 0.952742
vt 0.946022 0.951415
vt 0.956869 0.954505
vt 0.794416 0.811746
vt 0.851071 0.069227
vt 0.854429 0.069267
vt 0.717310 0.415513
vt 0.716982 0.412416
vt 0.719412 0.412416
vt 0.766149 0.168256
vt 0.797623 0.807876
vt 0.777821 0.146363
vt 0.237422 0.914166
vt 0.759686 0.768016
vt 0.359228 0.787746
vt 0.877306 0.484213
vt 0.874774 0.501627
vt 0.783485 0.013570
vt 0.914241 0.344280
vt 0.185545 0.868666
vt 0.928600 0.319688
vt 0.928699 0.329305
vt 0.994140 0.089209
vt 0.988429 0.063639
vt 0.994140 0.058394
vt 0.521427 0.619850
vt 0.539058 0.620038
vt 0.464280 0.460967
vt 0.462474 0.447553
vt 0.829364 0.227967
vt 0.641690 0.861248
vt 0.651021 0.841983
vt 0.938764 0.151378
vt 0.197033 0.871740
vt 0.214142 0.873243
vt 0.748959 0.875239
vt 0.742436 0.880095
vt 0.663516 0.750415
vt 0.758171 0.656778
vt 0.605415 0.384000
vt 0.757485 0.611186
vt 0.749968 0.597453
vt 0.957773 0.448907
vt 0.972785 0.415513
vt 0.964237 0.441879
vt 0.971990 0.443883
vt 0.164407 0.495087
vt 0.152221 0.408998
vt 0.163249 0.454830
vt 0.054478 0.407337
vt 0.746607 0.438568
vt 0.552122 0.092608
vt 0.553408 0.097323
vt 0.988224 0.267936
vt 0.984368 0.249666
vt 0.989260 0.262456
vt 0.944270 0.102066
vt 0.960765 0.087624
vt 0.484678 0.925082
vt 0.484534 0.935017
vt 0.238550 0.951667
vt 0.239815 0.949323
vt 0.969157 0.293326
vt 0.970901 0.292940
vt 0.969564 0.295795
vt 0.238369 0.950164
vt 0.241042 0.949376
vt 0.908954 0.217282
vt 0.907380 0.218824
vt 0.907380 0.215149
vt 0.493639 0.938125
vt 0.971059 0.290260
vt 0.972400 0.289212
vt 0.972400 0.294529
vt 0.497340 0.922888
vt 0.243451 0.948807
vt 0.245823 0.947240
vt 0.930021 0.996947
vt 0.928174 0.995506
vt 0.930021 0.989637
vt 0.534446 0.034757
vt 0.861992 0.680856
vt 0.864756 0.682141
vt 0.861992 0.685329
vt 0.927030 0.991364
vt 0.880853 0.953936
vt 0.801075 0.985202
vt 0.794127 0.977591
vt 0.803975 0.983497
vt 0.873692 0.983562
vt 0.997616 0.707489
vt 0.998927 0.704527
vt 0.998927 0.717958
vt 0.761158 0.192707
vt 0.769862 0.178559
vt 0.267335 0.821095
vt 0.984990 0.667957
vt 0.776494 0.775326
vt 0.760199 0.761155
vt 0.370742 0.793466
vt 0.374966 0.794995
vt 0.371484 0.795460
vt 0.371854 0.790481
vt 0.144775 0.854659
vt 0.161817 0.853507
vt 0.154674 0.994768
vt 0.149356 0.991581
vt 0.154674 0.985686
vt 0.346530 0.884173
vt 0.346500 0.871314
vt 0.339482 0.859881
vt 0.554418 0.612427
vt 0.518159 0.631165
vt 0.230864 0.605200
vt 0.267014 0.635165
vt 0.267205 0.626509
vt 0.458345 0.880648
vt 0.596463 0.849777
vt 0.464326 0.874267
vt 0.655569 0.842615
vt 0.684171 0.847406
vt 0.581196 0.842063
vt 0.703065 0.937555
vt 0.659076 0.786634
vt 0.608309 0.399831
vt 0.617217 0.396055
vt 0.761956 0.644100
vt 0.762518 0.626321
vt 0.975569 0.932214
vt 0.984473 0.933259
vt 0.976429 0.950894
vt 0.981768 0.914101
vt 0.171780 0.439712
vt 0.625178 0.217840
vt 0.047525 0.388955
vt 0.976063 0.951616
vt 0.538887 0.058742
vt 0.945156 0.099056
vt 0.950259 0.093726
vt 0.997162 0.820087
vt 0.999245 0.823178
vt 0.997162 0.830163
vt 0.542446 0.053749
vt 0.962776 0.574125
vt 0.968311 0.571023
vt 0.969688 0.574125
vt 0.995191 0.607532
vt 0.640144 0.037336
vt 0.917457 0.042442
vt 0.724506 0.412913
vt 0.726814 0.413067
vt 0.726814 0.415477
vt 0.647833 0.030210
vt 0.737878 0.414543
vt 0.739990 0.412799
vt 0.739990 0.415225
vt 0.741602 0.414504
vt 0.739990 0.415315
vt 0.868559 0.624378
vt 0.798112 0.978750
vt 0.876848 0.980630
vt 0.760009 0.201255
vt 0.100431 0.842497
vt 0.949453 0.913073
vt 0.959197 0.897250
vt 0.957534 0.910043
vt 0.995614 0.427851
vt 0.791375 0.803197
vt 0.251410 0.941621
vt 0.252264 0.930733
vt 0.249869 0.926106
vt 0.311542 0.805263
vt 0.309787 0.815060
vt 0.294257 0.791472
vt 0.372192 0.787049
vt 0.880033 0.835731
vt 0.880804 0.838327
vt 0.880033 0.840763
vt 0.369042 0.784246
vt 0.351893 0.972409
vt 0.351893 0.990412
vt 0.342783 0.983857
vt 0.923542 0.966025
vt 0.923542 0.978208
vt 0.922301 0.971701
vt 0.948643 0.425194
vt 0.946652 0.419135
vt 0.957773 0.415513
vt 0.359030 0.902160
vt 0.465784 0.478462
vt 0.533216 0.607532
vt 0.989133 0.052584
vt 0.469089 0.444285
vt 0.442911 0.663952
vt 0.446990 0.669153
vt 0.443167 0.665555
vt 0.467604 0.445156
vt 0.675166 0.842935
vt 0.880924 0.796969
vt 0.701586 0.946505
vt 0.469022 0.525264
vt 0.465167 0.523662
vt 0.655119 0.764833
vt 0.285743 0.885070
vt 0.279416 0.874301
vt 0.295641 0.869682
vt 0.625279 0.260403
vt 0.987468 0.957341
vt 0.140466 0.337828
vt 0.136641 0.341970
vt 0.139721 0.329104
vt 0.264238 0.989391
vt 0.262501 0.988681
vt 0.263704 0.986008
vt 0.257155 0.986477
vt 0.990092 0.256729
vt 0.259387 0.982473
vt 0.264238 0.979994
vt 0.544838 0.054446
vt 0.391639 0.915198
vt 0.392158 0.905440
vt 0.394628 0.899937
vt 0.542312 0.060477
vt 0.954197 0.087251
vt 0.506709 0.525682
vt 0.503600 0.526100
vt 0.503600 0.519961
vt 0.488848 0.938621
vt 0.670376 0.993377
vt 0.669370 0.995946
vt 0.669370 0.990424
vt 0.897835 0.218263
vt 0.895207 0.217815
vt 0.897835 0.214812
vt 0.234456 0.950261
vt 0.230895 0.949707
vt 0.541326 0.050773
vt 0.719412 0.415158
vt 0.719562 0.413107
vt 0.721944 0.412653
vt 0.872424 0.629758
vt 0.770229 0.206476
vt 0.063386 0.999147
vt 0.993045 0.937151
vt 0.993051 0.928962
vt 0.996767 0.930187
vt 0.927030 0.997642
vt 0.924861 0.999171
vt 0.924861 0.989637
vt 0.982824 0.717809
vt 0.984948 0.715852
vt 0.762440 0.182489
vt 0.941427 0.935065
vt 0.954172 0.944569
vt 0.077485 0.955407
vt 0.512229 0.970876
vt 0.937974 0.759501
vt 0.940010 0.762443
vt 0.937974 0.763689
vt 0.870999 0.074564
vt 0.875910 0.056546
vt 0.769979 0.150530
vt 0.771884 0.146399
vt 0.770649 0.142465
vt 0.784027 0.779562
vt 0.993158 0.509890
vt 0.253320 0.900593
vt 0.768731 0.753276
vt 0.358571 0.780676
vt 0.363016 0.780529
vt 0.880853 0.474051
vt 0.348478 0.733954
vt 0.859677 0.996769
vt 0.859677 0.987662
vt 0.864049 0.989729
vt 0.782668 0.002770
vt 0.904122 0.357569
vt 0.913952 0.362816
vt 0.930234 0.415287
vt 0.928520 0.412649
vt 0.930570 0.407544
vt 0.468447 0.472261
vt 0.518293 0.627573
vt 0.701293 0.940596
vt 0.463883 0.520538
vt 0.786486 0.853306
vt 0.611449 0.394141
vt 0.594031 0.374776
vt 0.759716 0.609256
vt 0.972259 0.456288
vt 0.755923 0.519786
vt 0.751005 0.506844
vt 0.571907 0.116403
vt 0.986274 0.950894
vt 0.556480 0.095807
vt 0.544303 0.092513
vt 0.546265 0.086350
vt 0.551464 0.088297
vt 0.259973 0.992877
vt 0.124911 0.989172
vt 0.125450 0.985486
vt 0.127722 0.989842
vt 0.256291 0.983483
vt 0.546640 0.070570
vt 0.815692 0.965426
vt 0.816622 0.970642
vt 0.813931 0.975981
vt 0.393514 0.899626
vt 0.391639 0.898823
vt 0.393548 0.896834
vt 0.889971 0.218677
vt 0.887435 0.218424
vt 0.889971 0.214812
vt 0.012822 0.208911
vt 0.010904 0.206368
vt 0.016247 0.201748
vt 0.962813 0.594217
vt 0.961081 0.597263
vt 0.958971 0.592212
vt 0.806779 0.845875
vt 0.803891 0.843464
vt 0.810040 0.845398
vt 0.805859 0.841637
vt 0.962266 0.590408
vt 0.210751 0.997018
vt 0.212399 0.994112
vt 0.213669 0.995615
vt 0.209682 0.992596
vt 0.989972 0.007828
vt 0.802850 0.841427
vt 0.803359 0.839635
vt 0.960572 0.592275
vt 0.958475 0.590197
vt 0.961785 0.589329
vt 0.984232 0.013441
vt 0.936099 0.762717
vt 0.937975 0.759099
vt 0.937975 0.763689
vt 0.971975 0.347746
vt 0.794127 0.989507
vt 0.879040 0.977055
vt 0.092819 0.825421
vt 0.106980 0.829836
vt 0.991809 0.423412
vt 0.820846 0.988679
vt 0.824356 0.992143
vt 0.820846 0.997182
vt 0.864312 0.078234
vt 0.761941 0.152455
vt 0.881336 0.056705
vt 0.877510 0.074315
vt 0.262984 0.942944
vt 0.269540 0.941398
vt 0.269988 0.945094
vt 0.986586 0.502339
vt 0.284879 0.789632
vt 0.253245 0.912876
vt 0.760631 0.757710
vt 0.758719 0.749556
vt 0.365065 0.778826
vt 0.226861 0.919656
vt 0.229181 0.927447
vt 0.226861 0.940499
vt 0.957266 0.431480
vt 0.918812 0.358336
vt 0.920743 0.339299
vt 0.929680 0.338360
vt 0.336520 0.862207
vt 0.249888 0.603533
vt 0.479704 0.455228
vt 0.476388 0.880245
vt 0.935102 0.139222
vt 0.696177 0.923061
vt 0.890390 0.789522
vt 0.661363 0.750815
vt 0.350589 0.996933
vt 0.350589 0.990412
vt 0.351893 0.992279
vt 0.594020 0.380079
vt 0.758013 0.633390
vt 0.963255 0.460800
vt 0.607800 0.323943
vt 0.163734 0.474277
vt 0.181271 0.486018
vt 0.125580 0.611680
vt 0.633009 0.118436
vt 0.021768 0.963116
vt 0.019981 0.962807
vt 0.022076 0.957050
vt 0.960695 0.218066
vt 0.962624 0.214184
vt 0.967575 0.214660
vt 0.989647 0.249727
vt 0.261631 0.973663
vt 0.023370 0.996832
vt 0.019659 0.997666
vt 0.019237 0.989760
vt 0.984952 0.240894
vt 0.814938 0.981710
vt 0.808347 0.964715
vt 0.820846 0.962383
vt 0.743529 0.412386
vt 0.743529 0.414944
vt 0.742545 0.413328
vt 0.208523 0.734968
vt 0.208523 0.726622
vt 0.209895 0.733426
vt 0.642411 0.028156
vt 0.790377 0.831999
vt 0.801806 0.825107
vt 0.803036 0.833806
vt 0.845036 0.081890
vt 0.861994 0.217726
vt 0.858912 0.214237
vt 0.861994 0.213543
vt 0.842202 0.217725
vt 0.842202 0.213488
vt 0.845641 0.215207
vt 0.997484 0.920809
vt 0.900851 0.214958
vt 0.902985 0.218244
vt 0.994504 0.922794
vt 0.995925 0.415513
vt 0.940714 0.942914
vt 0.947861 0.918238
vt 0.351927 0.998742
vt 0.353637 0.994639
vt 0.854261 0.073825
vt 0.063386 0.993790
vt 0.061034 0.997826
vt 0.061034 0.990005
vt 0.997757 0.955458
vt 0.998750 0.950894
vt 0.998750 0.963371
vt 0.759319 0.158365
vt 0.263145 0.938436
vt 0.269696 0.904162
vt 0.270518 0.935757
vt 0.279416 0.886351
vt 0.757786 0.740138
vt 0.765471 0.736561
vt 0.757525 0.746676
vt 0.360067 0.770935
vt 0.754347 0.732511
vt 0.757866 0.735467
vt 0.352244 0.776576
vt 0.352128 0.772965
vt 0.950304 0.764031
vt 0.950304 0.758760
vt 0.951960 0.762642
vt 0.755483 0.734257
vt 0.753873 0.733789
vt 0.756621 0.728225
vt 0.938764 0.217350
vt 0.937575 0.218798
vt 0.937575 0.214812
vt 0.754705 0.726114
vt 0.362937 0.771595
vt 0.364296 0.764831
vt 0.345284 0.759625
vt 0.352800 0.756807
vt 0.760997 0.072752
vt 0.762500 0.043022
vt 0.770867 0.031375
vt 0.997331 0.896551
vt 0.997331 0.888006
vt 0.998519 0.891622
vt 0.357225 0.740270
vt 0.770204 0.018122
vt 0.906740 0.372985
vt 0.904246 0.376660
vt 0.914243 0.372219
vt 0.180535 0.849941
vt 0.599373 0.979898
vt 0.606010 0.990625
vt 0.597792 0.992136
vt 0.606010 0.975530
vt 0.354666 0.901222
vt 0.923025 0.407544
vt 0.962984 0.683931
vt 0.970106 0.702033
vt 0.961027 0.687342
vt 0.333429 0.858193
vt 0.337581 0.850272
vt 0.553221 0.605155
vt 0.514729 0.622624
vt 0.437812 0.656499
vt 0.479081 0.885365
vt 0.647532 0.849227
vt 0.786899 0.981580
vt 0.786899 0.994759
vt 0.780817 0.987590
vt 0.195990 0.862520
vt 0.208145 0.850854
vt 0.659205 0.748906
vt 0.767428 0.639925
vt 0.558470 0.980621
vt 0.564609 0.985102
vt 0.558470 0.993868
vt 0.972785 0.465363
vt 0.075618 0.411312
vt 0.051937 0.300498
vt 0.554204 0.087277
vt 0.037705 0.994182
vt 0.040487 0.989173
vt 0.042778 0.993408
vt 0.043218 0.988279
vt 0.132628 0.978886
vt 0.968274 0.211233
vt 0.547901 0.079025
vt 0.555337 0.082954
vt 0.124911 0.979053
vt 0.023370 0.987236
vt 0.820846 0.984187
vt 0.990731 0.244453
vt 0.810312 0.980680
vt 0.549712 0.048937
vt 0.491868 0.951716
vt 0.484848 0.943342
vt 0.954497 0.082443
vt 0.493824 0.939756
vt 0.961702 0.568468
vt 0.229300 0.830877
vt 0.228401 0.837101
vt 0.228401 0.828654
vt 0.944845 0.214342
vt 0.946052 0.217828
vt 0.944845 0.218540
vt 0.813735 0.841129
vt 0.952312 0.590866
vt 0.955920 0.586278
vt 0.805956 0.830777
vt 0.997624 0.357331
vt 0.998769 0.346035
vt 0.999149 0.357331
vt 0.875491 0.626252
vt 0.638336 0.021188
vt 0.509064 0.991640
vt 0.507139 0.997292
vt 0.936853 0.913822
vt 0.954686 0.896576
vt 0.941636 0.919342
vt 0.992088 0.417557
vt 0.906294 0.291972
vt 0.912658 0.287271
vt 0.914433 0.295571
vt 0.279416 0.939366
vt 0.264294 0.894104
vt 0.236731 0.911149
vt 0.238443 0.903521
vt 0.234905 0.905298
vt 0.761427 0.093099
vt 0.771764 0.105212
vt 0.763273 0.730495
vt 0.344653 0.749165
vt 0.998191 0.295861
vt 0.998191 0.307624
vt 0.994247 0.298181
vt 0.345964 0.737475
vt 0.745956 0.702420
vt 0.726415 0.689873
vt 0.745434 0.692313
vt 0.933280 0.438470
vt 0.939861 0.433082
vt 0.946357 0.452369
vt 0.156961 0.848195
vt 0.348537 0.901551
vt 0.959116 0.685608
vt 0.956642 0.690330
vt 0.957866 0.679256
vt 0.952444 0.682992
vt 0.954144 0.680257
vt 0.956848 0.674574
vt 0.548814 0.592454
vt 0.330187 0.855197
vt 0.396864 0.898406
vt 0.399225 0.659956
vt 0.401736 0.667734
vt 0.633628 0.837608
vt 0.609305 0.838753
vt 0.452648 0.869980
vt 0.459797 0.860430
vt 0.680109 0.837774
vt 0.783698 0.845875
vt 0.598389 0.397733
vt 0.597103 0.392315
vt 0.302436 0.876054
vt 0.174518 0.486092
vt 0.615126 0.256967
vt 0.098045 0.385040
vt 0.056292 0.389203
vt 0.138171 0.597383
vt 0.028609 0.956058
vt 0.022733 0.954222
vt 0.027958 0.952284
vt 0.558325 0.096085
vt 0.827901 0.217844
vt 0.831266 0.213488
vt 0.831515 0.217844
vt 0.550190 0.073251
vt 0.810868 0.976050
vt 0.482288 0.959734
vt 0.989591 0.237507
vt 0.997406 0.477428
vt 0.993216 0.485342
vt 0.986850 0.220117
vt 0.546460 0.050453
vt 0.970767 0.566961
vt 0.814264 0.845610
vt 0.959155 0.601152
vt 0.950780 0.600155
vt 0.010989 0.196065
vt 0.814894 0.834628
vt 0.830609 0.088123
vt 0.829107 0.100068
vt 0.989636 0.000000
vt 0.942507 0.579230
vt 0.948018 0.578427
vt 0.810529 0.811653
vt 0.858113 0.076757
vt 0.859667 0.081093
vt 0.841182 0.955524
vt 0.839580 0.939707
vt 0.846638 0.939460
vt 0.866604 0.941348
vt 0.856705 0.927787
vt 0.866667 0.927116
vt 0.852404 0.936783
vt 0.848658 0.947163
vt 0.855184 0.942968
vt 0.794870 0.782736
vt 0.791154 0.765723
vt 0.313191 0.802092
vt 0.304207 0.793172
vt 0.362404 0.758023
vt 0.354551 0.742082
vt 0.957341 0.437743
vt 0.925282 0.351084
vt 0.462070 0.495321
vt 0.953811 0.692965
vt 0.961377 0.677432
vt 0.951959 0.673465
vt 0.959016 0.674354
vt 0.997459 0.249319
vt 0.998567 0.246823
vt 0.998567 0.255125
vt 0.952088 0.670437
vt 0.034308 0.991988
vt 0.037705 0.988957
vt 0.037705 0.997587
vt 0.460907 0.854427
vt 0.806672 0.946837
vt 0.806671 0.925784
vt 0.808347 0.934543
vt 0.948291 0.011823
vt 0.744608 0.860634
vt 0.604806 0.387045
vt 0.201633 0.540033
vt 0.216760 0.535389
vt 0.215140 0.549451
vt 0.968658 0.478346
vt 0.210124 0.522928
vt 0.221615 0.511920
vt 0.220072 0.540496
vt 0.185893 0.455360
vt 0.108187 0.378915
vt 0.141070 0.314398
vt 0.628071 0.122283
vt 0.155215 0.995742
vt 0.159181 0.997788
vt 0.027639 0.956723
vt 0.013662 0.955427
vt 0.133966 0.983341
vt 0.037705 0.985191
vt 0.961360 0.207054
vt 0.961614 0.566076
vt 0.815463 0.842528
vt 0.118792 0.839079
vt 0.118093 0.836414
vt 0.118792 0.831792
vt 0.817813 0.837738
vt 0.639522 0.033321
vt 0.482288 0.909930
vt 0.000000 0.186160
vt 0.003705 0.183601
vt 0.011878 0.190933
vt 0.641115 0.022617
vt 0.668189 0.974528
vt 0.666787 0.958965
vt 0.668189 0.955582
vt 0.874731 0.979428
vt 0.099509 0.821675
vt 0.880853 0.609437
vt 0.943237 0.574488
vt 0.847693 0.087791
vt 0.846348 0.090694
vt 0.102611 0.823910
vt 0.107060 0.828878
vt 0.636865 0.996516
vt 0.635257 0.992980
vt 0.636865 0.990362
vt 0.998827 0.028662
vt 0.997553 0.022574
vt 0.999522 0.025205
vt 0.999522 0.017437
vt 0.799523 0.817229
vt 0.936780 0.928194
vt 0.942985 0.920720
vt 0.755207 0.164685
vt 0.794672 0.785397
vt 0.994284 0.090156
vt 0.997724 0.091446
vt 0.994284 0.102765
vt 0.370493 0.998068
vt 0.370493 0.989529
vt 0.373713 0.997139
vt 0.755182 0.719926
vt 0.364324 0.759406
vt 0.358259 0.743921
vt 0.351844 0.747152
vt 0.994961 0.667369
vt 0.994961 0.654889
vt 0.998200 0.665373
vt 0.903949 0.383827
vt 0.770050 0.000000
vt 0.915421 0.367738
vt 0.922280 0.358735
vt 0.349316 0.914412
vt 0.336410 0.901538
vt 0.959205 0.693412
vt 0.482288 0.730162
vt 0.477153 0.726428
vt 0.476922 0.723429
vt 0.519926 0.613168
vt 0.930141 0.758760
vt 0.931460 0.760961
vt 0.930141 0.763689
vt 0.476462 0.720143
vt 0.477264 0.718054
vt 0.783939 0.415513
vt 0.782709 0.414495
vt 0.783939 0.412301
vt 0.960660 0.672371
vt 0.932009 0.760081
vt 0.520189 0.616821
vt 0.522306 0.617530
vt 0.515660 0.618519
vt 0.234270 0.598440
vt 0.397291 0.888900
vt 0.356399 0.650477
vt 0.424024 0.872877
vt 0.960784 0.891906
vt 0.961384 0.877473
vt 0.969214 0.880784
vt 0.658888 0.823373
vt 0.659066 0.833271
vt 0.742436 0.913221
vt 0.915631 0.123545
vt 0.299987 0.986734
vt 0.695767 0.925046
vt 0.814372 0.925784
vt 0.825273 0.894782
vt 0.824683 0.911595
vt 0.648610 0.780844
vt 0.900958 0.775639
vt 0.906237 0.778021
vt 0.650816 0.772580
vt 0.654425 0.747468
vt 0.782902 0.849864
vt 0.767789 0.649007
vt 0.217293 0.568237
vt 0.998819 0.885268
vt 0.997736 0.879467
vt 0.998819 0.871955
vt 0.076407 0.389766
vt 0.765734 0.471234
vt 0.061651 0.312432
vt 0.616024 0.189450
vt 0.025289 0.950077
vt 0.630608 0.083896
vt 0.008274 0.960543
vt 0.668364 0.972295
vt 0.677299 0.977254
vt 0.670951 0.977947
vt 0.997539 0.551525
vt 0.999578 0.546188
vt 0.999578 0.557497
vt 0.991589 0.226556
vt 0.942517 0.072983
vt 0.506509 0.938891
vt 0.972580 0.563438
vt 0.970779 0.563079
vt 0.501319 0.938414
vt 0.350589 0.996580
vt 0.349285 0.993203
vt 0.908131 0.032130
vt 0.816545 0.838916
vt 0.896553 0.031436
vt 0.886840 0.026266
vt 0.015456 0.194566
vt 0.931873 0.047757
vt 0.946134 0.589698
vt 0.901252 0.295571
vt 0.901567 0.284281
vt 0.862955 0.083363
vt 0.291441 0.764360
vt 0.315608 0.794590
vt 0.775912 0.746765
vt 0.371811 0.985466
vt 0.757266 0.719120
vt 0.753978 0.718753
vt 0.752483 0.711724
vt 0.362536 0.750977
vt 0.176266 0.980321
vt 0.176266 0.996997
vt 0.171125 0.982357
vt 0.747171 0.705981
vt 0.348137 0.745684
vt 0.945507 0.437102
vt 0.957433 0.443949
vt 0.570370 0.827132
vt 0.566761 0.830824
vt 0.575973 0.802833
vt 0.189462 0.850399
vt 0.348881 0.923060
vt 0.933542 0.333036
vt 0.469618 0.502243
vt 0.486382 0.509658
vt 0.334463 0.885572
vt 0.335837 0.866931
vt 0.487628 0.485758
vt 0.480618 0.476201
vt 0.481737 0.739038
vt 0.475808 0.463136
vt 0.226359 0.975294
vt 0.220429 0.976325
vt 0.223849 0.969899
vt 0.226669 0.965362
vt 0.222045 0.961997
vt 0.475031 0.721894
vt 0.476510 0.459084
vt 0.219293 0.964762
vt 0.471487 0.719662
vt 0.781706 0.415406
vt 0.782709 0.413699
vt 0.952015 0.669400
vt 0.957308 0.671142
vt 0.870304 0.680683
vt 0.870304 0.685330
vt 0.867664 0.682926
vt 0.953608 0.667957
vt 0.988720 0.827887
vt 0.987663 0.830026
vt 0.987663 0.825159
vt 0.530388 0.523704
vt 0.533134 0.519961
vt 0.533134 0.525986
vt 0.488130 0.450142
vt 0.478145 0.440971
vt 0.404793 0.879002
vt 0.228042 0.700837
vt 0.229075 0.692371
vt 0.229075 0.714359
vt 0.641644 0.847156
vt 0.447811 0.860501
vt 0.600035 0.838402
vt 0.592689 0.838126
vt 0.904095 0.122210
vt 0.642845 0.795062
vt 0.748289 0.864907
vt 0.592922 0.383247
vt 0.299748 0.871546
vt 0.960959 0.460722
vt 0.972337 0.480834
vt 0.196932 0.545567
vt 0.188352 0.538809
vt 0.196215 0.534491
vt 0.177337 0.520351
vt 0.183860 0.505500
vt 0.170131 0.496950
vt 0.178668 0.497591
vt 0.554023 0.478314
vt 0.552504 0.455003
vt 0.554023 0.423942
vt 0.085066 0.396651
vt 0.113669 0.359161
vt 0.676201 0.973232
vt 0.961269 0.203830
vt 0.968842 0.202576
vt 0.965049 0.197550
vt 0.971776 0.199118
vt 0.550041 0.066315
vt 0.552873 0.060507
vt 0.551052 0.054954
vt 0.941086 0.080925
vt 0.635968 0.061829
vt 0.988055 0.219351
vt 0.997220 0.843102
vt 0.997220 0.830315
vt 0.999827 0.833426
vt 0.984368 0.218833
vt 0.999500 0.778063
vt 0.997537 0.771751
vt 0.999500 0.765764
vt 0.508334 0.921860
vt 0.969157 0.291593
vt 0.965317 0.295772
vt 0.965317 0.289212
vt 0.928436 0.032202
vt 0.942839 0.587563
vt 0.880754 0.955525
vt 0.937316 0.584434
vt 0.933280 0.577095
vt 0.053960 0.180191
vt 0.044593 0.176302
vt 0.052032 0.175878
vt 0.049459 0.171323
vt 0.058464 0.174827
vt 0.735844 0.415361
vt 0.737219 0.412799
vt 0.737878 0.415361
vt 0.903796 0.280220
vt 0.983306 0.997307
vt 0.979087 0.994305
vt 0.983306 0.986189
vt 0.933051 0.935420
vt 0.738654 0.175453
vt 0.812083 0.809382
vt 0.810520 0.804574
vt 0.525853 0.979056
vt 0.527838 0.977785
vt 0.525822 0.982714
vt 0.245026 0.891839
vt 0.948389 0.493653
vt 0.946007 0.502339
vt 0.940671 0.494386
vt 0.209233 0.769321
vt 0.208538 0.764277
vt 0.209233 0.756368
vt 0.757459 0.706204
vt 0.957507 0.451955
vt 0.954449 0.459277
vt 0.903662 0.390930
vt 0.906323 0.399053
vt 0.922186 0.375682
vt 0.177168 0.853635
vt 0.934952 0.354421
vt 0.962204 0.706234
vt 0.472604 0.735368
vt 0.998699 0.038274
vt 0.997780 0.033750
vt 0.998699 0.029866
vt 0.218152 0.972046
vt 0.217460 0.966776
vt 0.478562 0.461309
vt 0.478445 0.465576
vt 0.216470 0.965007
vt 0.887435 0.218554
vt 0.884567 0.218554
vt 0.886768 0.214812
vt 0.731559 0.412920
vt 0.731559 0.415513
vt 0.729168 0.415334
vt 0.881336 0.218384
vt 0.881629 0.214812
vt 0.884566 0.218384
vt 0.223685 0.957613
vt 0.514273 0.616131
vt 0.216470 0.959106
vt 0.393337 0.863460
vt 0.394779 0.868911
vt 0.391639 0.876455
vt 0.220610 0.956878
vt 0.348235 0.644819
vt 0.342527 0.661040
vt 0.677477 0.827130
vt 0.805547 0.913742
vt 0.911597 0.991740
vt 0.914211 0.991520
vt 0.915145 0.997515
vt 0.955066 0.017067
vt 0.919145 0.651838
vt 0.924353 0.648381
vt 0.916506 0.661647
vt 0.749290 0.857861
vt 0.923501 0.643186
vt 0.651852 0.749517
vt 0.651962 0.745064
vt 0.771609 0.653934
vt 0.293510 0.888995
vt 0.592885 0.386965
vt 0.370409 0.972656
vt 0.373712 0.973984
vt 0.370409 0.985466
vt 0.206271 0.553010
vt 0.756358 0.987802
vt 0.762333 0.981615
vt 0.762333 0.994789
vt 0.198602 0.521083
vt 0.199752 0.502049
vt 0.129950 0.335670
vt 0.138891 0.320957
vt 0.623565 0.136840
vt 0.669323 0.968698
vt 0.002683 0.962316
vt 0.000000 0.957711
vt 0.679931 0.977213
vt 0.486593 0.962793
vt 0.494085 0.953583
vt 0.556344 0.049930
vt 0.991314 0.220286
vt 0.960973 0.071310
vt 0.959930 0.070070
vt 0.961848 0.068547
vt 0.959270 0.074065
vt 0.512921 0.936247
vt 0.919908 0.032160
vt 0.025797 0.192361
vt 0.831403 0.101442
vt 0.012094 0.187992
vt 0.017738 0.180470
vt 0.023277 0.183919
vt 0.019925 0.188878
vt 0.026767 0.178420
vt 0.027100 0.181283
vt 0.023190 0.173077
vt 0.799064 0.822734
vt 0.179656 0.922006
vt 0.181958 0.937996
vt 0.175862 0.938886
vt 0.875098 0.927500
vt 0.863987 0.921166
vt 0.869215 0.916404
vt 0.874241 0.083616
vt 0.847587 0.930377
vt 0.774850 0.733367
vt 0.924493 0.376562
vt 0.338218 0.906860
vt 0.219756 0.982084
vt 0.218898 0.985700
vt 0.216763 0.970467
vt 0.478355 0.470251
vt 0.527429 0.572899
vt 0.470594 0.721935
vt 0.468514 0.725282
vt 0.481105 0.439758
vt 0.436438 0.653870
vt 0.585354 0.825937
vt 0.667477 0.828323
vt 0.579647 0.833565
vt 0.889136 0.765562
vt 0.532242 0.721031
vt 0.914137 0.643167
vt 0.918717 0.577958
vt 0.924553 0.637276
vt 0.925895 0.638494
vt 0.596012 0.389009
vt 0.777065 0.619143
vt 0.783939 0.623267
vt 0.209791 0.506612
vt 0.073734 0.347823
vt 0.566602 0.092545
vt 0.623722 0.108800
vt 0.625763 0.108261
vt 0.020623 0.944918
vt 0.009480 0.952005
vt 0.005033 0.954490
vt 0.670362 0.965489
vt 0.673607 0.965648
vt 0.683356 0.974892
vt 0.960695 0.198711
vt 0.459166 0.526022
vt 0.459166 0.519961
vt 0.463883 0.523585
vt 0.954439 0.066154
vt 0.552432 0.048401
vt 0.958492 0.067066
vt 0.629299 0.032819
vt 0.997903 0.357387
vt 0.995526 0.366874
vt 0.993472 0.360209
vt 0.948990 0.611571
vt 0.632733 0.035195
vt 0.027862 0.187384
vt 0.849624 0.095778
vt 0.875393 0.957643
vt 0.024092 0.175343
vt 0.092722 0.817597
vt 0.744702 0.189367
vt 0.843405 0.932725
vt 0.476767 0.990707
vt 0.482288 0.981885
vt 0.482288 0.995592
vt 0.800274 0.773785
vt 0.784597 0.744963
vt 0.766834 0.725963
vt 0.764105 0.716181
vt 0.902527 0.399575
vt 0.081987 0.027159
vt 0.086439 0.005533
vt 0.096381 0.004402
vt 0.793983 0.977545
vt 0.781213 0.981580
vt 0.780817 0.972939
vt 0.464132 0.984948
vt 0.456828 0.983315
vt 0.467249 0.973215
vt 0.955098 0.703663
vt 0.958065 0.707262
vt 0.093269 0.990499
vt 0.091665 0.995139
vt 0.086837 0.995018
vt 0.088479 0.986691
vt 0.274717 0.987747
vt 0.271829 0.986982
vt 0.272445 0.981570
vt 0.269586 0.610590
vt 0.394792 0.885008
vt 0.391998 0.642535
vt 0.405308 0.870430
vt 0.935918 0.117310
vt 0.911399 0.667957
vt 0.964548 0.003897
vt 0.927820 0.635862
vt 0.648055 0.975263
vt 0.649404 0.989685
vt 0.641074 0.993250
vt 0.974132 0.985313
vt 0.965173 0.978399
vt 0.191635 0.506588
vt 0.382836 0.979086
vt 0.391290 0.970367
vt 0.391290 0.991333
vt 0.209111 0.696917
vt 0.208619 0.684992
vt 0.209111 0.680349
vt 0.616511 0.112247
vt 0.626461 0.126539
vt 0.025932 0.940370
vt 0.001963 0.954560
vt 0.851748 0.993538
vt 0.851265 0.995806
vt 0.850715 0.988234
vt 0.850715 0.998457
vt 0.565446 0.074211
vt 0.510306 0.938435
vt 0.020846 0.219018
vt 0.016180 0.220320
vt 0.021756 0.212696
vt 0.993285 0.364089
vt 0.952231 0.606240
vt 0.953486 0.601069
vt 0.891682 0.025321
vt 0.521420 0.916791
vt 0.629824 0.031475
vt 0.057706 0.190335
vt 0.048533 0.187216
vt 0.057177 0.186767
vt 0.052371 0.182510
vt 0.043909 0.182128
vt 0.036247 0.183348
vt 0.096290 0.818658
vt 0.031502 0.169681
vt 0.873378 0.218747
vt 0.871221 0.217378
vt 0.873378 0.212707
vt 0.045085 0.168545
vt 0.933089 0.921076
vt 0.527902 0.974309
vt 0.808771 0.788115
vt 0.997712 0.323830
vt 0.996786 0.327892
vt 0.996786 0.320522
vt 0.873331 0.087380
vt 0.287029 0.779504
vt 0.241037 0.895945
vt 0.244060 0.888917
vt 0.948528 0.465666
vt 0.946527 0.470646
vt 0.954091 0.474888
vt 0.099379 0.011735
vt 0.917998 0.380069
vt 0.758588 0.003603
vt 0.164978 0.841849
vt 0.177903 0.847571
vt 0.929964 0.367868
vt 0.934526 0.359307
vt 0.093269 0.986801
vt 0.099794 0.975032
vt 0.099794 0.996129
vt 0.338317 0.918728
vt 0.487510 0.519069
vt 0.952867 0.701193
vt 0.997484 0.924599
vt 0.999436 0.935002
vt 0.997484 0.937151
vt 0.473730 0.750171
vt 0.224805 0.989323
vt 0.952363 0.295486
vt 0.948214 0.295103
vt 0.951809 0.289351
vt 0.943307 0.295486
vt 0.951497 0.285493
vt 0.468821 0.719257
vt 0.391639 0.863963
vt 0.244639 0.583996
vt 0.434643 0.650623
vt 0.617498 0.822614
vt 0.657484 0.795811
vt 0.642933 0.798515
vt 0.803259 0.903129
vt 0.770710 0.646170
vt 0.776920 0.646156
vt 0.303223 0.884746
vt 0.296528 0.891220
vt 0.928169 0.629844
vt 0.521709 0.526184
vt 0.521709 0.520170
vt 0.524557 0.524719
vt 0.928208 0.625595
vt 0.930380 0.627527
vt 0.924923 0.615168
vt 0.589601 0.987485
vt 0.589601 0.976040
vt 0.590571 0.981243
vt 0.770771 0.615080
vt 0.961734 0.479025
vt 0.217409 0.500562
vt 0.175517 0.431292
vt 0.592393 0.210601
vt 0.093673 0.361752
vt 0.125184 0.304264
vt 0.001889 0.947494
vt 0.673662 0.958487
vt 0.684171 0.967942
vt 0.023209 0.216960
vt 0.856662 0.682850
vt 0.859218 0.680165
vt 0.859218 0.685329
vt 0.304300 0.986060
vt 0.304300 0.974538
vt 0.305996 0.978370
vt 0.822057 0.828076
vt 0.033089 0.189594
vt 0.825671 0.819566
vt 0.819213 0.814888
vt 0.846597 0.098406
vt 0.816125 0.810945
vt 0.871870 0.212393
vt 0.861992 0.680744
vt 0.861992 0.685330
vt 0.859218 0.684813
vt 0.754028 0.154083
vt 0.260945 0.810603
vt 0.748377 0.988070
vt 0.743187 0.982696
vt 0.747455 0.983089
vt 0.849458 0.926358
vt 0.323417 0.777941
vt 0.323564 0.774179
vt 0.325658 0.774370
vt 0.944961 0.482479
vt 0.755212 0.069944
vt 0.957402 0.457326
vt 0.957773 0.461077
vt 0.899015 0.406686
vt 0.957769 0.449348
vt 0.967432 0.997088
vt 0.967432 0.990089
vt 0.969563 0.990693
vt 0.339446 0.913923
vt 0.958605 0.721519
vt 0.487514 0.498183
vt 0.741484 0.982064
vt 0.740559 0.970139
vt 0.743187 0.965366
vt 0.477971 0.473640
vt 0.478969 0.466830
vt 0.485920 0.472730
vt 0.486007 0.461458
vt 0.487401 0.464957
vt 0.519660 0.610095
vt 0.466103 0.722080
vt 0.465821 0.719749
vt 0.870303 0.685329
vt 0.870303 0.681164
vt 0.873239 0.683352
vt 0.219922 0.996591
vt 0.216470 0.996063
vt 0.220288 0.993241
vt 0.279416 0.993954
vt 0.279416 0.976468
vt 0.226861 0.955624
vt 0.229115 0.940499
vt 0.229115 0.960688
vt 0.396243 0.869491
vt 0.641301 0.829750
vt 0.581636 0.824540
vt 0.521710 0.722627
vt 0.646852 0.771837
vt 0.646685 0.749925
vt 0.910397 0.642994
vt 0.746366 0.850770
vt 0.523820 0.519961
vt 0.929823 0.634855
vt 0.929935 0.629863
vt 0.933280 0.632298
vt 0.762505 0.995132
vt 0.763071 0.992542
vt 0.764304 0.995062
vt 0.592219 0.380310
vt 0.211423 0.488246
vt 0.224696 0.488764
vt 0.200268 0.471000
vt 0.609650 0.303059
vt 0.586265 0.228572
vt 0.684121 0.962984
vt 0.996396 0.803682
vt 0.993304 0.801084
vt 0.997494 0.795661
vt 0.993304 0.785658
vt 0.365779 0.997469
vt 0.365779 0.990037
vt 0.367986 0.992068
vt 0.547428 0.522638
vt 0.552356 0.519443
vt 0.552356 0.526216
vt 0.940502 0.077143
vt 0.565021 0.059006
vt 0.560833 0.051336
vt 0.945195 0.064651
vt 0.957131 0.063034
vt 0.915750 0.029642
vt 0.997903 0.373921
vt 0.884788 0.017338
vt 0.519738 0.934771
vt 0.884012 0.023400
vt 0.940256 0.608283
vt 0.935187 0.589560
vt 0.838168 0.106344
vt 0.040836 0.186433
vt 0.618413 0.019204
vt 0.078715 0.811003
vt 0.846411 0.101285
vt 0.880739 0.683021
vt 0.879056 0.684728
vt 0.879056 0.680912
vt 0.849415 0.217726
vt 0.849415 0.213815
vt 0.852541 0.214748
vt 0.842202 0.217380
vt 0.839277 0.216223
vt 0.873239 0.685329
vt 0.873688 0.681571
vt 0.875957 0.685170
vt 0.749204 0.151739
vt 0.743187 0.997021
vt 0.993746 0.038193
vt 0.993746 0.052217
vt 0.987027 0.050654
vt 0.853895 0.918370
vt 0.310525 0.772810
vt 0.319748 0.784737
vt 0.762033 0.110953
vt 0.747091 0.084208
vt 0.243945 0.885125
vt 0.247470 0.881645
vt 0.243004 0.882888
vt 0.326708 0.771659
vt 0.325333 0.768626
vt 0.756637 0.023540
vt 0.921446 0.379661
vt 0.755635 0.018719
vt 0.793128 0.966803
vt 0.570101 0.836452
vt 0.456828 0.965572
vt 0.738696 0.968164
vt 0.442219 0.995765
vt 0.442219 0.988101
vt 0.444584 0.994708
vt 0.741377 0.962346
vt 0.447105 0.991471
vt 0.738696 0.964226
vt 0.525509 0.591440
vt 0.117502 0.914099
vt 0.117292 0.922006
vt 0.114894 0.907159
vt 0.088737 0.982598
vt 0.358716 0.634538
vt 0.477654 0.875559
vt 0.984694 0.270941
vt 0.992573 0.291120
vt 0.984694 0.295221
vt 0.932124 0.112351
vt 0.206276 0.838628
vt 0.295730 0.899191
vt 0.289285 0.895208
vt 0.296939 0.896424
vt 0.775377 0.639849
vt 0.303356 0.895936
vt 0.319254 0.916914
vt 0.317687 0.914635
vt 0.322344 0.912261
vt 0.315616 0.911804
vt 0.765447 0.988448
vt 0.495478 0.525655
vt 0.491676 0.520354
vt 0.495478 0.519961
vt 0.736248 0.973532
vt 0.738103 0.969283
vt 0.797129 0.998094
vt 0.794127 0.991908
vt 0.797129 0.989507
vt 0.762505 0.981615
vt 0.641074 0.959238
vt 0.101023 0.345283
vt 0.080109 0.339541
vt 0.771807 0.437998
vt 0.761524 0.415513
vt 0.778687 0.433572
vt 0.139307 0.310474
vt 0.134393 0.300633
vt 0.009386 0.941344
vt 0.620712 0.103274
vt 0.676805 0.959500
vt 0.600898 0.970487
vt 0.611142 0.972100
vt 0.603767 0.975530
vt 0.611656 0.967590
vt 0.027426 0.209060
vt 0.936710 0.030481
vt 0.834111 0.106915
vt 0.847201 0.105502
vt 0.794127 0.956673
vt 0.803896 0.960860
vt 0.806461 0.977591
vt 0.852842 0.213572
vt 0.867664 0.685330
vt 0.864756 0.683048
vt 0.864945 0.681825
vt 0.854682 0.214487
vt 0.855671 0.213255
vt 0.855671 0.217725
vt 0.852842 0.214904
vt 0.080944 0.995535
vt 0.079290 0.997733
vt 0.258431 0.810350
vt 0.255639 0.815133
vt 0.249273 0.817708
vt 0.858114 0.920282
vt 0.864896 0.911421
vt 0.467616 0.852690
vt 0.466859 0.858651
vt 0.466859 0.848149
vt 0.804095 0.780682
vt 0.294576 0.777643
vt 0.752740 0.099888
vt 0.780038 0.734571
vt 0.033784 0.962907
vt 0.029138 0.962476
vt 0.028806 0.958524
vt 0.759835 0.695764
vt 0.752378 0.695323
vt 0.750908 0.692092
vt 0.746697 0.040249
vt 0.102961 0.022753
vt 0.101611 0.011953
vt 0.097121 0.009392
vt 0.788316 0.963022
vt 0.956138 0.726518
vt 0.312383 0.990704
vt 0.315740 0.988260
vt 0.314895 0.994435
vt 0.317733 0.994733
vt 0.489830 0.485107
vt 0.171126 0.988042
vt 0.171126 0.997329
vt 0.165968 0.992336
vt 0.577879 0.989471
vt 0.579558 0.990237
vt 0.577879 0.998106
vt 0.740417 0.958774
vt 0.993232 0.003977
vt 0.997803 0.010393
vt 0.993232 0.017437
vt 0.491156 0.459951
vt 0.118800 0.907729
vt 0.513529 0.611129
vt 0.511214 0.605381
vt 0.516977 0.611442
vt 0.235032 0.591763
vt 0.246008 0.571982
vt 0.496452 0.450803
vt 0.433402 0.643758
vt 0.479300 0.877123
vt 0.674626 0.819856
vt 0.516999 0.718743
vt 0.956796 0.003062
vt 0.442878 0.520018
vt 0.444717 0.521086
vt 0.442878 0.525625
vt 0.447320 0.522054
vt 0.714736 0.995839
vt 0.718347 0.992547
vt 0.719029 0.997764
vt 0.448437 0.519961
vt 0.892677 0.214812
vt 0.892821 0.218114
vt 0.889971 0.218114
vt 0.895916 0.756704
vt 0.896180 0.747916
vt 0.898284 0.751895
vt 0.724662 0.960363
vt 0.979087 0.997447
vt 0.974937 0.991495
vt 0.979087 0.986189
vt 0.738323 0.950889
vt 0.969305 0.486471
vt 0.923781 0.553120
vt 0.118800 0.569858
vt 0.613382 0.121071
vt 0.617245 0.096215
vt 0.297169 0.997170
vt 0.297845 0.996483
vt 0.301149 0.995870
vt 0.579647 0.988338
vt 0.580110 0.984282
vt 0.583252 0.987552
vt 0.935618 0.218798
vt 0.935618 0.215016
vt 0.936504 0.218278
vt 0.960610 0.211088
vt 0.959598 0.203058
vt 0.960610 0.194013
vt 0.601408 0.965895
vt 0.209111 0.703442
vt 0.208540 0.709915
vt 0.208540 0.696917
vt 0.562651 0.052214
vt 0.505426 0.958439
vt 0.508083 0.955531
vt 0.621860 0.068624
vt 0.030810 0.210864
vt 0.995497 0.371223
vt 0.950533 0.616056
vt 0.951670 0.610380
vt 0.833122 0.842137
vt 0.828303 0.828077
vt 0.930046 0.023279
vt 0.906882 0.018704
vt 0.886959 0.010296
vt 0.034923 0.205430
vt 0.732774 0.198068
vt 0.738873 0.194428
vt 0.867664 0.681105
vt 0.801799 0.953933
vt 0.226309 0.769348
vt 0.227281 0.766412
vt 0.229106 0.767275
vt 0.838526 0.217615
vt 0.229106 0.772253
vt 0.852884 0.212834
vt 0.852421 0.097455
vt 0.854930 0.096803
vt 0.855635 0.101067
vt 0.247720 0.813393
vt 0.250018 0.812525
vt 0.995549 0.218634
vt 0.995549 0.213738
vt 0.996905 0.215424
vt 0.996219 0.211763
vt 0.080944 0.993886
vt 0.082601 0.997428
vt 0.525822 0.962793
vt 0.872057 0.096525
vt 0.877796 0.091873
vt 0.839580 0.916915
vt 0.847747 0.923175
vt 0.278314 0.774067
vt 0.256599 0.902847
vt 0.258327 0.892109
vt 0.315050 0.764926
vt 0.258235 0.874600
vt 0.031163 0.956991
vt 0.733630 0.412757
vt 0.733781 0.415513
vt 0.033916 0.959116
vt 0.746780 0.069343
vt 0.760901 0.707105
vt 0.769246 0.708910
vt 0.766186 0.706714
vt 0.751183 0.057292
vt 0.746757 0.685394
vt 0.095912 0.029351
vt 0.093143 0.040803
vt 0.208642 0.589623
vt 0.209900 0.569858
vt 0.734537 0.030179
vt 0.165968 0.988948
vt 0.163703 0.992912
vt 0.159181 0.991040
vt 0.160537 0.993615
vt 0.923584 0.379910
vt 0.932009 0.762664
vt 0.934059 0.759260
vt 0.934059 0.763689
vt 0.945217 0.227433
vt 0.943625 0.218833
vt 0.956364 0.225005
vt 0.565786 0.849514
vt 0.181800 0.837101
vt 0.953447 0.732876
vt 0.951959 0.725448
vt 0.472512 0.753700
vt 0.471531 0.761630
vt 0.469092 0.754067
vt 0.491060 0.483650
vt 0.485702 0.483599
vt 0.995940 0.108546
vt 0.994284 0.103574
vt 0.995940 0.102765
vt 0.999272 0.090156
vt 0.999272 0.100116
vt 0.997725 0.091468
vt 0.653122 0.991226
vt 0.649448 0.997276
vt 0.649448 0.988460
vt 0.997586 0.000000
vt 0.216470 0.989323
vt 0.465245 0.718604
vt 0.460055 0.720172
vt 0.458623 0.716375
vt 0.273137 0.973663
vt 0.277635 0.975124
vt 0.086837 0.977947
vt 0.419775 0.858714
vt 0.960784 0.845694
vt 0.976433 0.864072
vt 0.456795 0.845629
vt 0.668329 0.808868
vt 0.917501 0.109496
vt 0.529429 0.715429
vt 0.904417 0.767603
vt 0.641883 0.775391
vt 0.953554 0.002408
vt 0.642615 0.766021
vt 0.209049 0.845222
vt 0.194270 0.846319
vt 0.639318 0.741885
vt 0.650471 0.748676
vt 0.640557 0.724863
vt 0.855671 0.213578
vt 0.858912 0.214285
vt 0.897374 0.737086
vt 0.987607 0.107532
vt 0.977650 0.097192
vt 0.987607 0.092258
vt 0.931850 0.565043
vt 0.774754 0.473997
vt 0.611214 0.155577
vt 0.117117 0.317230
vt 0.146231 0.309549
vt 0.141907 0.301280
vt 0.570290 0.088374
vt 0.023292 0.934520
vt 0.025759 0.934535
vt 0.616667 0.097717
vt 0.353720 0.990562
vt 0.361499 0.989062
vt 0.360823 0.992696
vt 0.301399 0.992995
vt 0.584075 0.983558
vt 0.297169 0.986734
vt 0.353720 0.976678
vt 0.936661 0.295486
vt 0.936661 0.280397
vt 0.943307 0.288566
vt 0.942706 0.069049
vt 0.033110 0.211724
vt 0.942455 0.611072
vt 0.897315 0.017501
vt 0.890393 0.015040
vt 0.621128 0.025384
vt 0.091212 0.812508
vt 0.095390 0.814950
vt 0.176389 0.943968
vt 0.190544 0.924365
vt 0.184778 0.944417
vt 0.312636 0.770490
vt 0.638200 0.995613
vt 0.639341 0.990362
vt 0.639341 0.998379
vt 0.031862 0.958060
vt 0.034192 0.952705
vt 0.035651 0.954250
vt 0.028609 0.956889
vt 0.038916 0.958921
vt 0.045515 0.961810
vt 0.777295 0.717710
vt 0.099870 0.021002
vt 0.109373 0.008596
vt 0.108286 0.002849
vt 0.475087 0.772900
vt 0.468107 0.772542
vt 0.209895 0.726622
vt 0.208673 0.717627
vt 0.461251 0.744509
vt 0.472336 0.738821
vt 0.463751 0.739317
vt 0.701540 0.991157
vt 0.706279 0.987765
vt 0.708550 0.993274
vt 0.492506 0.470062
vt 0.487613 0.467147
vt 0.702773 0.981193
vt 0.708550 0.979286
vt 0.464918 0.730579
vt 0.463491 0.733221
vt 0.459300 0.729125
vt 0.518677 0.606921
vt 0.240808 0.579422
vt 0.491251 0.435121
vt 0.475891 0.862984
vt 0.440864 0.834575
vt 0.833432 0.889236
vt 0.826795 0.910554
vt 0.534527 0.715661
vt 0.652422 0.976855
vt 0.650004 0.969708
vt 0.660996 0.975033
vt 0.193785 0.837101
vt 0.752974 0.845875
vt 0.558764 0.783707
vt 0.557314 0.786538
vt 0.555025 0.783678
vt 0.561280 0.778655
vt 0.563634 0.785777
vt 0.624765 0.997895
vt 0.623792 0.994686
vt 0.624765 0.989193
vt 0.713860 0.988599
vt 0.313587 0.890088
vt 0.306316 0.879931
vt 0.904497 0.761365
vt 0.641519 0.686714
vt 0.892601 0.741393
vt 0.891212 0.695493
vt 0.209939 0.454418
vt 0.196119 0.443823
vt 0.224666 0.413191
vt 0.105570 0.333651
vt 0.960100 0.285493
vt 0.959568 0.295589
vt 0.952364 0.285493
vt 0.054442 0.271250
vt 0.024603 0.932768
vt 0.580363 0.981220
vt 0.684171 0.955582
vt 0.358815 0.972656
vt 0.613004 0.964402
vt 0.946000 0.060575
vt 0.521122 0.936279
vt 0.914050 0.017550
vt 0.933280 0.608055
vt 0.053917 0.200933
vt 0.043100 0.203034
vt 0.087580 0.808267
vt 0.244746 0.813527
vt 0.246364 0.809244
vt 0.247778 0.813824
vt 0.986606 0.830147
vt 0.985474 0.827899
vt 0.920411 0.763918
vt 0.920411 0.758760
vt 0.922385 0.760758
vt 0.858669 0.093723
vt 0.868518 0.104585
vt 0.862602 0.094856
vt 0.864320 0.088400
vt 0.271722 0.778769
vt 0.468098 0.931994
vt 0.472778 0.931609
vt 0.469523 0.947211
vt 0.265010 0.887211
vt 0.342783 0.997449
vt 0.342783 0.990412
vt 0.343869 0.994856
vt 0.323180 0.758974
vt 0.326575 0.766506
vt 0.033076 0.949916
vt 0.772613 0.707879
vt 0.098245 0.025940
vt 0.684185 0.942729
vt 0.687086 0.933607
vt 0.686089 0.938874
vt 0.118344 0.016264
vt 0.733631 0.027477
vt 0.015665 0.998493
vt 0.016110 0.988095
vt 0.019237 0.998493
vt 0.570945 0.846984
vt 0.792984 0.962070
vt 0.336924 0.914538
vt 0.462165 0.964611
vt 0.866585 0.212393
vt 0.866585 0.218253
vt 0.864369 0.216892
vt 0.477842 0.778114
vt 0.473746 0.777189
vt 0.464431 0.759484
vt 0.465500 0.754712
vt 0.317733 0.985097
vt 0.166372 0.986964
vt 0.394397 0.850272
vt 0.092588 0.982003
vt 0.395653 0.862504
vt 0.398002 0.862094
vt 0.600031 0.812457
vt 0.586739 0.816630
vt 0.894495 0.764185
vt 0.636924 0.771990
vt 0.289028 0.916282
vt 0.284730 0.912138
vt 0.296425 0.908897
vt 0.560462 0.790076
vt 0.563266 0.776657
vt 0.301726 0.906033
vt 0.311149 0.914277
vt 0.312993 0.919496
vt 0.308537 0.915758
vt 0.903071 0.764185
vt 0.898676 0.756375
vt 0.510879 0.519961
vt 0.514494 0.524573
vt 0.510879 0.525102
vt 0.308628 0.902967
vt 0.305720 0.905380
vt 0.719029 0.979286
vt 0.323411 0.898227
vt 0.318635 0.891161
vt 0.771712 0.613665
vt 0.895700 0.701668
vt 0.068152 0.317642
vt 0.018794 0.932342
vt 0.013146 0.935589
vt 0.002194 0.941687
vt 0.954373 0.989094
vt 0.952936 0.984395
vt 0.958744 0.987396
vt 0.994566 0.785658
vt 0.994886 0.782935
vt 0.996785 0.783898
vt 0.580724 0.977977
vt 0.996941 0.441103
vt 0.996941 0.433483
vt 0.997832 0.438199
vt 0.223695 0.995556
vt 0.226732 0.989323
vt 0.226732 0.998004
vt 0.950335 0.963545
vt 0.570340 0.049913
vt 0.945392 0.055578
vt 0.950120 0.056514
vt 0.949904 0.620184
vt 0.038193 0.208232
vt 0.881336 0.015249
vt 0.741419 0.203872
vt 0.733611 0.183559
vt 0.852681 0.103707
vt 0.244799 0.806092
vt 0.735583 0.159741
vt 0.843006 0.913531
vt 0.855081 0.908927
vt 0.811379 0.770238
vt 0.788444 0.732557
vt 0.304388 0.965123
vt 0.305996 0.959958
vt 0.305996 0.974538
vt 0.116773 0.006666
vt 0.116843 0.009202
vt 0.945626 0.237917
vt 0.793983 0.960121
vt 0.933708 0.374571
vt 0.334378 0.925758
vt 0.490028 0.518194
vt 0.492223 0.494504
vt 0.536715 0.569918
vt 0.543746 0.579122
vt 0.503935 0.442533
vt 0.353349 0.628292
vt 0.361883 0.628374
vt 0.426944 0.844856
vt 0.569842 0.791836
vt 0.563929 0.789582
vt 0.305667 0.916229
vt 0.302877 0.915757
vt 0.302874 0.910547
vt 0.490052 0.983807
vt 0.490052 0.991082
vt 0.487495 0.990448
vt 0.488064 0.998156
vt 0.319003 0.895838
vt 0.720658 0.964983
vt 0.328100 0.884050
vt 0.323302 0.893477
vt 0.634596 0.706054
vt 0.925608 0.501415
vt 0.592432 0.227863
vt 0.997404 0.592251
vt 0.998667 0.585721
vt 0.998667 0.594383
vt 0.607556 0.100151
vt 0.994566 0.778102
vt 0.589376 0.976041
vt 0.589420 0.981935
vt 0.597792 0.960247
vt 0.599009 0.955545
vt 0.613339 0.959412
vt 0.518008 0.953290
vt 0.936965 0.612466
vt 0.056919 0.205926
vt 0.060995 0.202632
vt 0.944272 0.896576
vt 0.944272 0.889031
vt 0.950375 0.892888
vt 0.242913 0.808199
vt 0.876112 0.099477
vt 0.039867 0.953263
vt 0.747944 0.075909
vt 0.735422 0.074170
vt 0.746251 0.072104
vt 0.047119 0.959476
vt 0.042857 0.957670
vt 0.740797 0.066076
vt 0.746369 0.050416
vt 0.078703 0.042008
vt 0.687086 0.950889
vt 0.097643 0.037799
vt 0.954376 0.252896
vt 0.114348 0.002037
vt 0.944845 0.218791
vt 0.943513 0.215505
vt 0.335630 0.918956
vt 0.959014 0.994084
vt 0.957317 0.997147
vt 0.956279 0.989094
vt 0.496257 0.503367
vt 0.491828 0.512581
vt 0.460322 0.766720
vt 0.497584 0.483620
vt 0.496945 0.472785
vt 0.497085 0.461155
vt 0.118800 0.901105
vt 0.053374 0.985889
vt 0.053596 0.983564
vt 0.060342 0.992857
vt 0.451711 0.715429
vt 0.507174 0.600352
vt 0.409235 0.637903
vt 0.393289 0.646144
vt 0.410215 0.856361
vt 0.974873 0.851146
vt 0.959381 0.000000
vt 0.996552 0.805559
vt 0.997853 0.810395
vt 0.993304 0.816607
vt 0.993304 0.803682
vt 0.719095 0.961604
vt 0.977088 0.090156
vt 0.931891 0.536863
vt 0.184750 0.411618
vt 0.166067 0.389349
vt 0.598083 0.189090
vt 0.602590 0.166406
vt 0.092384 0.336847
vt 0.594879 0.137098
vt 0.993788 0.983572
vt 0.988658 0.965358
vt 0.144857 0.294334
vt 0.067181 0.270747
vt 0.021436 0.926922
vt 0.024718 0.921466
vt 0.002501 0.935460
vt 0.061627 0.250434
vt 0.062568 0.254356
vt 0.061179 0.256106
vt 0.059125 0.256038
vt 0.579772 0.976041
vt 0.608694 0.089055
vt 0.957670 0.969824
vt 0.615821 0.955545
vt 0.955997 0.959766
vt 0.950936 0.959303
vt 0.949122 0.624499
vt 0.899600 0.988715
vt 0.893140 0.994403
vt 0.893140 0.978697
vt 0.447105 0.988101
vt 0.438002 0.979367
vt 0.445256 0.978641
vt 0.445914 0.971384
vt 0.835621 0.109835
vt 0.839130 0.112528
vt 0.832559 0.117125
vt 0.920218 0.015581
vt 0.937012 0.022636
vt 0.179044 0.953786
vt 0.794218 0.943663
vt 0.737975 0.187660
vt 0.243570 0.805057
vt 0.855621 0.108416
vt 0.802782 0.760324
vt 0.307283 0.755499
vt 0.268825 0.869682
vt 0.045319 0.950947
vt 0.782602 0.718881
vt 0.263966 0.876387
vt 0.928450 0.377776
vt 0.930203 0.376181
vt 0.930921 0.383883
vt 0.342304 0.941639
vt 0.333049 0.931123
vt 0.983281 0.660804
vt 0.978926 0.667809
vt 0.978926 0.660738
vt 0.335036 0.921324
vt 0.956279 0.998726
vt 0.491598 0.517469
vt 0.472656 0.784994
vt 0.457513 0.752705
vt 0.170298 0.980321
vt 0.501310 0.431132
vt 0.629435 0.818007
vt 0.662381 0.814694
vt 0.677360 0.817633
vt 0.687086 0.902565
vt 0.653031 0.964310
vt 0.651766 0.958692
vt 0.650004 0.961902
vt 0.279416 0.911671
vt 0.633235 0.767179
vt 0.566578 0.795866
vt 0.298787 0.923255
vt 0.564226 0.751425
vt 0.907355 0.736035
vt 0.896050 0.677900
vt 0.892308 0.668073
vt 0.919922 0.502743
vt 0.160397 0.318920
vt 0.590653 0.106890
vt 0.144702 0.297966
vt 0.608776 0.099000
vt 0.012088 0.930230
vt 0.031462 0.257754
vt 0.035160 0.255822
vt 0.036039 0.258543
vt 0.062987 0.256809
vt 0.321179 0.997217
vt 0.317733 0.997217
vt 0.318823 0.994035
vt 0.991809 0.463767
vt 0.991809 0.449134
vt 0.997434 0.459626
vt 0.605442 0.075341
vt 0.576402 0.057711
vt 0.570789 0.066028
vt 0.607588 0.044035
vt 0.942241 0.631053
vt 0.072145 0.218349
vt 0.069578 0.215778
vt 0.079990 0.204138
vt 0.042954 0.204855
vt 0.439379 0.968623
vt 0.840210 0.121737
vt 0.446067 0.967497
vt 0.918102 0.015096
vt 0.609600 0.031205
vt 0.606337 0.023507
vt 0.849245 0.116112
vt 0.089993 0.801530
vt 0.815820 0.804741
vt 0.821755 0.793074
vt 0.251709 0.791927
vt 0.815658 0.775930
vt 0.864914 0.905295
vt 0.474247 0.915830
vt 0.040749 0.940447
vt 0.929335 0.385600
vt 0.570793 0.860435
vt 0.940526 0.361520
vt 0.939988 0.379592
vt 0.877608 0.884986
vt 0.878637 0.881037
vt 0.880597 0.881934
vt 0.938764 0.215932
vt 0.940709 0.214342
vt 0.940709 0.218449
vt 0.467331 0.777518
vt 0.459478 0.757929
vt 0.452678 0.742628
vt 0.509514 0.587823
vt 0.506046 0.451783
vt 0.632641 0.826934
vt 0.959598 0.194014
vt 0.959598 0.172899
vt 0.961540 0.183345
vt 0.923523 0.108673
vt 0.666788 0.955582
vt 0.665280 0.959387
vt 0.661498 0.956808
vt 0.666262 0.975642
vt 0.664975 0.970303
vt 0.613490 0.788721
vt 0.661265 0.960781
vt 0.609708 0.782282
vt 0.573350 0.798610
vt 0.950421 0.880109
vt 0.945841 0.885772
vt 0.942947 0.879662
vt 0.995484 0.820088
vt 0.632600 0.740267
vt 0.631042 0.669122
vt 0.624758 0.633906
vt 0.218511 0.419490
vt 0.173362 0.397909
vt 0.101198 0.316895
vt 0.783939 0.421970
vt 0.108264 0.305095
vt 0.116951 0.301914
vt 0.993011 0.967153
vt 0.070445 0.306026
vt 0.159225 0.313418
vt 0.027409 0.921386
vt 0.012977 0.922195
vt 0.940010 0.762596
vt 0.941625 0.758778
vt 0.941625 0.763689
vt 0.467621 0.835768
vt 0.466859 0.830653
vt 0.467621 0.822155
vt 0.993157 0.441102
vt 0.940903 0.053160
vt 0.958744 0.954505
vt 0.986280 0.666185
vt 0.989160 0.661135
vt 0.989160 0.667777
vt 0.608041 0.068069
vt 0.525185 0.932920
vt 0.527902 0.953459
vt 0.044776 0.218092
vt 0.998640 0.630348
vt 0.996342 0.639128
vt 0.908876 0.278534
vt 0.906731 0.275358
vt 0.915669 0.276930
vt 0.833231 0.119918
vt 0.733315 0.204008
vt 0.190544 0.962036
vt 0.802207 0.948619
vt 0.961451 0.295760
vt 0.961451 0.289212
vt 0.965316 0.290370
vt 0.804880 0.942163
vt 0.915460 0.763044
vt 0.912716 0.759445
vt 0.742545 0.412386
vt 0.742545 0.415315
vt 0.741602 0.413540
vt 0.728649 0.177413
vt 0.280638 0.770734
vt 0.791199 0.730279
vt 0.051905 0.962685
vt 0.055647 0.954838
vt 0.729051 0.047982
vt 0.121179 0.020897
vt 0.100193 0.994899
vt 0.099794 0.991330
vt 0.106707 0.985696
vt 0.394676 0.954316
vt 0.391290 0.946015
vt 0.394676 0.940667
vt 0.497775 0.511831
vt 0.499544 0.498112
vt 0.498899 0.493838
vt 0.446774 0.727909
vt 0.445749 0.716069
vt 0.505260 0.594882
vt 0.502935 0.596187
vt 0.431700 0.632861
vt 0.428077 0.627526
vt 0.430947 0.627575
vt 0.392428 0.631194
vt 0.640979 0.818254
vt 0.729029 0.871177
vt 0.740691 0.896504
vt 0.933640 0.112642
vt 0.826856 0.887176
vt 0.579409 0.802833
vt 0.578030 0.774008
vt 0.630009 0.710253
vt 0.914295 0.518985
vt 0.211068 0.419182
vt 0.163882 0.332908
vt 0.128188 0.293743
vt 0.077280 0.291203
vt 0.390592 0.969042
vt 0.378957 0.970367
vt 0.391290 0.957549
vt 0.028609 0.919037
vt 0.540921 0.960827
vt 0.545279 0.960099
vt 0.541714 0.969515
vt 0.319361 0.989384
vt 0.998718 0.104684
vt 0.997724 0.108506
vt 0.997724 0.100116
vt 0.579647 0.060448
vt 0.024694 0.230824
vt 0.031029 0.230943
vt 0.081585 0.229761
vt 0.065302 0.221092
vt 0.054546 0.214265
vt 0.924491 0.280220
vt 0.925975 0.275894
vt 0.834058 0.821499
vt 0.838063 0.827340
vt 0.920866 0.014097
vt 0.179075 0.963906
vt 0.724104 0.197263
vt 0.825501 0.799031
vt 0.828997 0.807416
vt 0.872668 0.107638
vt 0.728792 0.164005
vt 0.733569 0.156665
vt 0.808347 0.984187
vt 0.814291 0.984187
vt 0.810237 0.993564
vt 0.858031 0.901702
vt 0.846391 0.908219
vt 0.807465 0.757201
vt 0.468098 0.904554
vt 0.057204 0.943079
vt 0.051960 0.953402
vt 0.057204 0.961100
vt 0.780622 0.702320
vt 0.730831 0.050376
vt 0.118552 0.922006
vt 0.118552 0.932330
vt 0.114894 0.926041
vt 0.565333 0.866369
vt 0.193784 0.837980
vt 0.337638 0.936999
vt 0.144690 0.960315
vt 0.143749 0.983185
vt 0.136871 0.973381
vt 0.482288 0.983807
vt 0.482288 0.963905
vt 0.493986 0.966224
vt 0.392202 0.957088
vt 0.819967 0.993068
vt 0.814667 0.984187
vt 0.459806 0.774260
vt 0.509380 0.461568
vt 0.253038 0.565297
vt 0.506149 0.429362
vt 0.398029 0.856626
vt 0.408148 0.848237
vt 0.478127 0.853946
vt 0.354044 0.615735
vt 0.671878 0.806677
vt 0.666351 0.960836
vt 0.296649 0.926745
vt 0.570972 0.755975
vt 0.902780 0.674482
vt 0.181689 0.391639
vt 0.167375 0.361042
vt 0.155366 0.345631
vt 0.156432 0.293103
vt 0.386061 0.956474
vt 0.375331 0.960546
vt 0.594296 0.098523
vt 0.064641 0.270072
vt 0.066350 0.265819
vt 0.042359 0.252974
vt 0.071308 0.251995
vt 0.578436 0.063677
vt 0.540252 0.950064
vt 0.546022 0.958897
vt 0.534792 0.950432
vt 0.546022 0.933703
vt 0.537303 0.933225
vt 0.573084 0.043001
vt 0.029633 0.226799
vt 0.836800 0.989612
vt 0.836800 0.997337
vt 0.833787 0.992041
vt 0.073598 0.228051
vt 0.952427 0.643200
vt 0.949752 0.635471
vt 0.834674 0.942806
vt 0.834674 0.917062
vt 0.839033 0.934168
vt 0.057857 0.218901
vt 0.069249 0.221379
vt 0.039266 0.223700
vt 0.447105 0.964611
vt 0.924675 0.013429
vt 0.723616 0.190632
vt 0.421061 0.992617
vt 0.413586 0.987709
vt 0.856684 0.112563
vt 0.865810 0.115549
vt 0.775201 0.987720
vt 0.774586 0.995670
vt 0.770348 0.987720
vt 0.811745 0.764881
vt 0.277366 0.752065
vt 0.054808 0.937777
vt 0.725046 0.063628
vt 0.788128 0.709133
vt 0.085023 0.060732
vt 0.931408 0.390891
vt 0.934064 0.393205
vt 0.963941 0.760992
vt 0.960730 0.762331
vt 0.958381 0.761575
vt 0.956154 0.758686
vt 0.203295 0.008179
vt 0.192971 0.006313
vt 0.199858 0.006037
vt 0.330650 0.928524
vt 0.222419 0.755682
vt 0.224247 0.730252
vt 0.229106 0.743739
vt 0.991074 0.218634
vt 0.993758 0.211345
vt 0.124799 0.982713
vt 0.122078 0.995484
vt 0.118800 0.984561
vt 0.103080 0.986341
vt 0.877608 0.871374
vt 0.462515 0.780695
vt 0.467850 0.783767
vt 0.500514 0.503737
vt 0.504929 0.494230
vt 0.511950 0.479454
vt 0.440150 0.716247
vt 0.499080 0.592308
vt 0.282102 0.592127
vt 0.632023 0.810831
vt 0.650004 0.976855
vt 0.660186 0.976855
vt 0.657865 0.988460
vt 0.904399 0.641137
vt 0.928813 0.483878
vt 0.197631 0.421957
vt 0.088320 0.298247
vt 0.390929 0.944785
vt 0.062616 0.269861
vt 0.060319 0.263532
vt 0.056211 0.250797
vt 0.005294 0.923443
vt 0.530282 0.951331
vt 0.084560 0.258209
vt 0.046861 0.262126
vt 0.455100 0.997812
vt 0.451075 0.991491
vt 0.455100 0.986676
vt 0.038898 0.239292
vt 0.063816 0.246934
vt 0.060497 0.242034
vt 0.058017 0.224649
vt 0.542984 0.927840
vt 0.529868 0.924421
vt 0.542238 0.922287
vt 0.034334 0.229476
vt 0.026639 0.225218
vt 0.365473 0.994481
vt 0.363533 0.998733
vt 0.363533 0.990037
vt 0.837845 0.821341
vt 0.918094 0.274348
vt 0.935041 0.277779
vt 0.908027 0.270268
vt 0.901342 0.269479
vt 0.181993 0.974639
vt 0.600778 0.016064
vt 0.851206 0.122777
vt 0.069893 0.799020
vt 0.415585 0.983362
vt 0.065356 0.999060
vt 0.065356 0.990005
vt 0.067272 0.992869
vt 0.826071 0.792402
vt 0.824480 0.789224
vt 0.241021 0.790363
vt 0.907011 0.407911
vt 0.915062 0.407209
vt 0.915062 0.415295
vt 0.840761 0.901452
vt 0.847018 0.901063
vt 0.041031 0.936292
vt 0.735655 0.061498
vt 0.731260 0.058466
vt 0.327599 0.997189
vt 0.328553 0.990273
vt 0.329914 0.987094
vt 0.327599 0.980192
vt 0.993930 0.893992
vt 0.985905 0.878649
vt 0.993930 0.873811
vt 0.940950 0.393427
vt 0.958979 0.752687
vt 0.951959 0.751672
vt 0.953727 0.749841
vt 0.494438 0.962793
vt 0.330985 0.935424
vt 0.330188 0.931005
vt 0.103441 0.983485
vt 0.504511 0.512574
vt 0.451645 0.767245
vt 0.445684 0.749811
vt 0.438878 0.723718
vt 0.114739 0.825316
vt 0.117155 0.827358
vt 0.116803 0.836749
vt 0.686954 0.932920
vt 0.684711 0.923248
vt 0.686954 0.910068
vt 0.288356 0.583624
vt 0.427931 0.618736
vt 0.364868 0.614832
vt 0.615523 0.800054
vt 0.802657 0.898175
vt 0.823470 0.877836
vt 0.930915 0.874876
vt 0.939825 0.845776
vt 0.946893 0.845229
vt 0.949162 0.873464
vt 0.957318 0.873789
vt 0.960784 0.887714
vt 0.579447 0.740573
vt 0.626512 0.661184
vt 0.897797 0.614827
vt 0.579776 0.209099
vt 0.162009 0.344228
vt 0.163656 0.310955
vt 0.053199 0.264234
vt 0.880033 0.843897
vt 0.877608 0.833314
vt 0.880033 0.818954
vt 0.004028 0.927364
vt 0.074508 0.249603
vt 0.069596 0.250200
vt 0.452271 0.986522
vt 0.998585 0.312725
vt 0.997738 0.322742
vt 0.997738 0.307624
vt 0.064932 0.250651
vt 0.945231 0.985570
vt 0.950335 0.994564
vt 0.945420 0.996852
vt 0.607417 0.083733
vt 0.602322 0.077311
vt 0.950335 0.980388
vt 0.992698 0.414851
vt 0.992698 0.396726
vt 0.997243 0.402573
vt 0.068488 0.245783
vt 0.041936 0.234691
vt 0.074494 0.236169
vt 0.081187 0.249826
vt 0.068422 0.232667
vt 0.947688 0.052584
vt 0.040771 0.226421
vt 0.541644 0.916791
vt 0.087319 0.211024
vt 0.083070 0.219885
vt 0.912765 0.268618
vt 0.684490 0.961804
vt 0.687086 0.963208
vt 0.684374 0.969021
vt 0.684374 0.950889
vt 0.841697 0.124376
vt 0.834886 0.128899
vt 0.944641 0.673942
vt 0.944894 0.682693
vt 0.938323 0.667957
vt 0.839580 0.817954
vt 0.936700 0.003103
vt 0.931876 0.008586
vt 0.831954 0.805647
vt 0.834230 0.798412
vt 0.860604 0.117581
vt 0.828485 0.797001
vt 0.240701 0.809965
vt 0.233790 0.793542
vt 0.727699 0.186106
vt 0.879048 0.104265
vt 0.718335 0.165085
vt 0.946275 0.250119
vt 0.222262 0.766412
vt 0.225819 0.766412
vt 0.223794 0.770934
vt 0.959293 0.749178
vt 0.336399 0.939855
vt 0.899600 0.995226
vt 0.900713 0.991130
vt 0.903221 0.992475
vt 0.903479 0.990207
vt 0.899600 0.978697
vt 0.461689 0.790928
vt 0.461783 0.784508
vt 0.880284 0.865267
vt 0.500859 0.518020
vt 0.118093 0.822009
vt 0.118800 0.828254
vt 0.118093 0.831792
vt 0.503980 0.501556
vt 0.503924 0.509862
vt 0.446935 0.759590
vt 0.429583 0.716136
vt 0.498317 0.588496
vt 0.491970 0.584991
vt 0.287257 0.587248
vt 0.396115 0.855295
vt 0.356147 0.609082
vt 0.615003 0.812214
vt 0.447156 0.830336
vt 0.455538 0.837793
vt 0.687086 0.891162
vt 0.289618 0.928459
vt 0.585040 0.216235
vt 0.181215 0.350051
vt 0.173213 0.344632
vt 0.092445 0.289943
vt 0.108785 0.291991
vt 0.379500 0.951061
vt 0.118594 0.278679
vt 0.135513 0.288654
vt 0.601171 0.071988
vt 0.824356 0.999011
vt 0.825588 0.988679
vt 0.827240 0.999011
vt 0.926909 0.273243
vt 0.924526 0.270846
vt 0.936699 0.272303
vt 0.600573 0.038633
vt 0.841246 0.129285
vt 0.879399 0.818954
vt 0.879399 0.807914
vt 0.880566 0.812849
vt 0.600174 0.028646
vt 0.846625 0.126854
vt 0.699584 0.995036
vt 0.701540 0.986912
vt 0.701540 0.991835
vt 0.696136 0.990162
vt 0.696521 0.987890
vt 0.869982 0.115332
vt 0.948648 0.357387
vt 0.949653 0.363952
vt 0.942320 0.360867
vt 0.952115 0.415418
vt 0.942320 0.407650
vt 0.076357 0.123379
vt 0.073705 0.088301
vt 0.086839 0.097338
vt 0.053627 0.940967
vt 0.830722 0.994193
vt 0.833787 0.989611
vt 0.833787 0.997570
vt 0.998642 0.390290
vt 0.195930 0.988344
vt 0.197559 0.991934
vt 0.193785 0.990208
vt 0.193784 0.938337
vt 0.190816 0.939240
vt 0.190816 0.922006
vt 0.089206 0.058137
vt 0.134017 0.971512
vt 0.135671 0.960315
vt 0.135671 0.974463
vt 0.725671 0.036324
vt 0.986011 0.871955
vt 0.569295 0.892371
vt 0.210094 0.036386
vt 0.205784 0.008809
vt 0.558229 0.851014
vt 0.480375 0.961710
vt 0.480529 0.972428
vt 0.478709 0.966254
vt 0.477517 0.962033
vt 0.937325 0.992673
vt 0.933051 0.991778
vt 0.934037 0.981932
vt 0.936106 0.982129
vt 0.136575 0.985186
vt 0.939979 0.992550
vt 0.213791 0.991844
vt 0.216470 0.989732
vt 0.216470 0.994723
vt 0.992605 0.840443
vt 0.997220 0.849495
vt 0.996209 0.852252
vt 0.457622 0.782357
vt 0.506595 0.497561
vt 0.518683 0.467762
vt 0.398277 0.849131
vt 0.429648 0.618366
vt 0.414074 0.614312
vt 0.410804 0.844609
vt 0.431095 0.837515
vt 0.670063 0.800054
vt 0.603651 0.775110
vt 0.816587 0.867578
vt 0.802657 0.877403
vt 0.564188 0.704330
vt 0.556993 0.684834
vt 0.617575 0.629554
vt 0.196057 0.407398
vt 0.178332 0.294069
vt 0.052539 0.253286
vt 0.597654 0.085419
vt 0.597131 0.077567
vt 0.046193 0.255987
vt 0.045324 0.251489
vt 0.527902 0.950276
vt 0.047686 0.231760
vt 0.047900 0.225278
vt 0.053859 0.250627
vt 0.601428 0.059678
vt 0.086266 0.204590
vt 0.087928 0.202769
vt 0.947273 0.680506
vt 0.928271 0.003784
vt 0.829857 0.794539
vt 0.827635 0.795309
vt 0.862817 0.118367
vt 0.828824 0.791214
vt 0.827012 0.789305
vt 0.957812 0.363369
vt 0.269463 0.762717
vt 0.915062 0.415287
vt 0.923025 0.407398
vt 0.201591 0.989375
vt 0.113931 0.052515
vt 0.984990 0.707277
vt 0.982641 0.704490
vt 0.981282 0.701569
vt 0.572401 0.874697
vt 0.555025 0.851361
vt 0.479016 0.977052
vt 0.939979 0.980388
vt 0.835198 0.217632
vt 0.831515 0.217632
vt 0.831647 0.213488
vt 0.690557 0.986912
vt 0.690894 0.984385
vt 0.694032 0.986483
vt 0.215032 0.997231
vt 0.687086 0.986037
vt 0.464627 0.795210
vt 0.506840 0.508745
vt 0.510707 0.492499
vt 0.535019 0.995995
vt 0.527902 0.974734
vt 0.535019 0.969515
vt 0.970904 0.837612
vt 0.570180 0.709098
vt 0.575587 0.688646
vt 0.622303 0.677625
vt 0.621588 0.660244
vt 0.921956 0.415513
vt 0.222262 0.730252
vt 0.222262 0.646776
vt 0.228042 0.713637
vt 0.880584 0.758170
vt 0.877608 0.743058
vt 0.880584 0.735926
vt 0.380766 0.946165
vt 0.049965 0.250366
vt 0.089977 0.226909
vt 0.042248 0.223787
vt 0.095080 0.211472
vt 0.924990 0.262575
vt 0.596126 0.033070
vt 0.937267 0.678742
vt 0.849924 0.127258
vt 0.940503 0.012251
vt 0.061034 0.801600
vt 0.857610 0.124859
vt 0.718889 0.186267
vt 0.997460 0.270390
vt 0.992566 0.269660
vt 0.996331 0.265715
vt 0.806461 0.928888
vt 0.955104 0.371228
vt 0.083944 0.070441
vt 0.779779 0.698276
vt 0.784633 0.697018
vt 0.202939 0.981230
vt 0.095073 0.047823
vt 0.974370 0.706415
vt 0.974711 0.704248
vt 0.467627 0.822572
vt 0.471003 0.822155
vt 0.469403 0.852083
vt 0.963586 0.739730
vt 0.961008 0.752003
vt 0.689185 0.979070
vt 0.996917 0.842226
vt 0.513613 0.500242
vt 0.438274 0.742294
vt 0.268170 0.558885
vt 0.394792 0.851999
vt 0.641473 0.807395
vt 0.563757 0.640776
vt 0.911405 0.466930
vt 0.215632 0.402947
vt 0.225490 0.400103
vt 0.127316 0.274178
vt 0.093064 0.250143
vt 0.598629 0.057419
vt 0.095600 0.205947
vt 0.096802 0.209552
vt 0.936407 0.267320
vt 0.595063 0.021360
vt 0.088586 0.187435
vt 0.093874 0.187585
vt 0.932318 0.000262
vt 0.989598 0.782326
vt 0.994566 0.778381
vt 0.715794 0.190000
vt 0.832210 0.794007
vt 0.862144 0.126267
vt 0.867694 0.119212
vt 0.830722 0.986463
vt 0.838832 0.980319
vt 0.837692 0.989611
vt 0.838875 0.969628
vt 0.830877 0.969548
vt 0.831062 0.965831
vt 0.944466 0.405821
vt 0.077793 0.133506
vt 0.088592 0.117404
vt 0.300619 0.747503
vt 0.303845 0.738253
vt 0.318455 0.743720
vt 0.723063 0.071168
vt 0.196475 0.975707
vt 0.093050 0.059834
vt 0.983249 0.689709
vt 0.190559 0.015160
vt 0.482288 0.976005
vt 0.942320 0.392979
vt 0.141700 0.986922
vt 0.972603 0.505827
vt 0.970714 0.510997
vt 0.966444 0.502340
vt 0.456113 0.789546
vt 0.058526 0.939256
vt 0.057302 0.932447
vt 0.061034 0.927994
vt 0.451729 0.790860
vt 0.451455 0.779663
vt 0.215083 0.765314
vt 0.212333 0.769095
vt 0.502724 0.560128
vt 0.502139 0.566143
vt 0.114739 0.812388
vt 0.996855 0.667957
vt 0.996855 0.704527
vt 0.991542 0.693414
vt 0.394793 0.637040
vt 0.476451 0.841203
vt 0.394792 0.625072
vt 0.953752 0.114085
vt 0.953914 0.111008
vt 0.629805 0.810253
vt 0.605797 0.800054
vt 0.175862 0.963347
vt 0.174100 0.969608
vt 0.174100 0.953267
vt 0.834621 0.879401
vt 0.598876 0.793086
vt 0.827978 0.876267
vt 0.954342 0.843500
vt 0.573486 0.688620
vt 0.915864 0.425354
vt 0.208486 0.396022
vt 0.220304 0.394942
vt 0.188817 0.385280
vt 0.218432 0.321145
vt 0.229308 0.314689
vt 0.175221 0.327799
vt 0.993788 0.950894
vt 0.554600 0.879959
vt 0.549862 0.869748
vt 0.554600 0.848238
vt 0.145821 0.287543
vt 0.146135 0.284140
vt 0.150958 0.289308
vt 0.141353 0.284922
vt 0.373767 0.953297
vt 0.092472 0.271807
vt 0.110856 0.271677
vt 0.099214 0.251195
vt 0.093918 0.234831
vt 0.597618 0.044579
vt 0.984367 0.275406
vt 0.982175 0.255765
vt 0.984150 0.267778
vt 0.113989 0.213072
vt 0.094876 0.196318
vt 0.096584 0.199488
vt 0.382678 0.982343
vt 0.373767 0.978821
vt 0.382678 0.970367
vt 0.086001 0.175035
vt 0.091724 0.175302
vt 0.087109 0.180762
vt 0.081032 0.172372
vt 0.991589 0.265209
vt 0.834525 0.776621
vt 0.956457 0.374744
vt 0.080498 0.164439
vt 0.095963 0.160369
vt 0.961665 0.368205
vt 0.963449 0.376533
vt 0.286054 0.744983
vt 0.087297 0.076935
vt 0.093920 0.071967
vt 0.048577 0.931195
vt 0.795983 0.702697
vt 0.194951 0.966820
vt 0.947033 0.266045
vt 0.946158 0.260216
vt 0.959817 0.257919
vt 0.565612 0.878988
vt 0.188690 0.023910
vt 0.191225 0.018903
vt 0.189682 0.020507
vt 0.227857 0.030379
vt 0.207961 0.007345
vt 0.226093 0.020400
vt 0.481575 0.978199
vt 0.479867 0.974636
vt 0.228028 0.756808
vt 0.694001 0.979511
vt 0.939585 0.407141
vt 0.942265 0.411422
vt 0.939585 0.415513
vt 0.515059 0.496953
vt 0.441597 0.768262
vt 0.518541 0.450109
vt 0.514567 0.426711
vt 0.118083 0.817168
vt 0.400058 0.838907
vt 0.474247 0.842851
vt 0.229308 0.976798
vt 0.237409 0.972246
vt 0.237409 0.994021
vt 0.617686 0.586994
vt 0.177618 0.321210
vt 0.957773 0.502339
vt 0.964407 0.489632
vt 0.098595 0.281864
vt 0.105397 0.273649
vt 0.921147 0.976543
vt 0.922299 0.988576
vt 0.911597 0.987660
vt 0.592816 0.064556
vt 0.940008 0.269601
vt 0.096574 0.191648
vt 0.853649 0.147924
vt 0.102356 0.190404
vt 0.100087 0.187872
vt 0.111706 0.192007
vt 0.091162 0.180927
vt 0.831115 0.775302
vt 0.258015 0.762166
vt 0.291250 0.740315
vt 0.470257 0.890004
vt 0.088412 0.099007
vt 0.300047 0.731371
vt 0.718853 0.067828
vt 0.044690 0.928287
vt 0.090057 0.059508
vt 0.097322 0.056991
vt 0.123677 0.051842
vt 0.727432 0.032533
vt 0.573556 0.886496
vt 0.137160 0.031174
vt 0.140234 0.035155
vt 0.974408 0.695681
vt 0.474247 0.855540
vt 0.482033 0.981886
vt 0.349285 0.996191
vt 0.347912 0.993913
vt 0.349285 0.990412
vt 0.135671 0.985946
vt 0.137277 0.989093
vt 0.147018 0.008188
vt 0.144809 0.015162
vt 0.143492 0.007548
vt 0.140759 0.008345
vt 0.963487 0.513588
vt 0.525800 0.996109
vt 0.520454 0.991565
vt 0.525800 0.980292
vt 0.997693 0.519997
vt 0.999084 0.522315
vt 0.690086 0.971809
vt 0.676807 0.987734
vt 0.668364 0.982718
vt 0.507361 0.519961
vt 0.515443 0.517996
vt 0.512767 0.513272
vt 0.446583 0.773731
vt 0.215903 0.772263
vt 0.431670 0.732848
vt 0.429802 0.728258
vt 0.489855 0.579422
vt 0.488024 0.581353
vt 0.256928 0.559747
vt 0.285563 0.561569
vt 0.961658 0.172899
vt 0.954503 0.168474
vt 0.959195 0.169193
vt 0.612521 0.802809
vt 0.437673 0.829092
vt 0.962722 0.830315
vt 0.910397 0.433422
vt 0.153335 0.286531
vt 0.134105 0.277362
vt 0.911597 0.975866
vt 0.965891 0.279498
vt 0.961662 0.275757
vt 0.966648 0.259148
vt 0.974933 0.264129
vt 0.592620 0.043127
vt 0.108735 0.224278
vt 0.102538 0.211833
vt 0.933921 0.244659
vt 0.982297 0.274050
vt 0.977374 0.252328
vt 0.907155 0.266614
vt 0.903182 0.263406
vt 0.904915 0.243808
vt 0.593618 0.034832
vt 0.837764 0.130199
vt 0.844713 0.147935
vt 0.841267 0.150589
vt 0.116156 0.210101
vt 0.588296 0.025266
vt 0.110464 0.195776
vt 0.106237 0.192747
vt 0.999529 0.338075
vt 0.997591 0.332709
vt 0.999529 0.327892
vt 0.942320 0.405491
vt 0.949550 0.401429
vt 0.948366 0.404228
vt 0.099513 0.177749
vt 0.715421 0.194988
vt 0.712990 0.191598
vt 0.713335 0.178256
vt 0.957282 0.378574
vt 0.959761 0.383952
vt 0.956249 0.383556
vt 0.997460 0.255324
vt 0.992756 0.256024
vt 0.717638 0.162767
vt 0.247529 0.767145
vt 0.269449 0.753515
vt 0.092038 0.111003
vt 0.056934 0.937213
vt 0.714770 0.062160
vt 0.748377 0.996731
vt 0.748377 0.982696
vt 0.753530 0.991327
vt 0.713680 0.044669
vt 0.875376 0.215583
vt 0.875952 0.218091
vt 0.873378 0.216860
vt 0.875952 0.212393
vt 0.149851 0.027148
vt 0.222262 0.761609
vt 0.150249 0.005385
vt 0.155541 0.008509
vt 0.140385 0.005827
vt 0.946052 0.218521
vt 0.946052 0.214342
vt 0.946973 0.216360
vt 0.974873 0.513961
vt 0.976130 0.512819
vt 0.976002 0.518866
vt 0.961614 0.520200
vt 0.993304 0.829846
vt 0.996406 0.824458
vt 0.997162 0.826780
vt 0.700750 0.984791
vt 0.997167 0.835220
vt 0.447602 0.780333
vt 0.418220 0.725792
vt 0.526795 0.559541
vt 0.424194 0.716640
vt 0.117202 0.810441
vt 0.413691 0.833865
vt 0.947546 0.117585
vt 0.118800 0.922006
vt 0.133890 0.937863
vt 0.119420 0.931149
vt 0.208729 0.352755
vt 0.197454 0.360666
vt 0.869041 0.832891
vt 0.875707 0.834582
vt 0.877608 0.901063
vt 0.185783 0.323450
vt 0.994961 0.659881
vt 0.989765 0.658660
vt 0.993049 0.667337
vt 0.990663 0.664164
vt 0.583244 0.091273
vt 0.589582 0.093531
vt 0.962878 0.267135
vt 0.973116 0.243866
vt 0.101568 0.237370
vt 0.926765 0.250197
vt 0.786899 0.991069
vt 0.788992 0.981580
vt 0.788992 0.998227
vt 0.584180 0.999196
vt 0.584180 0.988338
vt 0.587430 0.993279
vt 0.936723 0.686693
vt 0.590204 0.013097
vt 0.929437 0.682811
vt 0.937914 0.000000
vt 0.376330 0.990457
vt 0.867542 0.150013
vt 0.866986 0.127956
vt 0.082843 0.169394
vt 0.097689 0.168491
vt 0.010486 0.973328
vt 0.005700 0.971073
vt 0.009433 0.965692
vt 0.080775 0.165808
vt 0.955390 0.391665
vt 0.961050 0.393145
vt 0.963361 0.411357
vt 0.959293 0.414962
vt 0.959293 0.405491
vt 0.232034 0.774668
vt 0.830722 0.962382
vt 0.094962 0.142791
vt 0.092431 0.127655
vt 0.096399 0.131074
vt 0.093101 0.122500
vt 0.100250 0.111017
vt 0.999946 0.185743
vt 0.997243 0.175525
vt 0.999946 0.173558
vt 0.141794 0.034595
vt 0.982900 0.684720
vt 0.184105 0.024512
vt 0.185661 0.023030
vt 0.144690 0.991196
vt 0.158785 0.027991
vt 0.169681 0.013183
vt 0.468558 0.981886
vt 0.224920 0.941579
vt 0.221661 0.942773
vt 0.224320 0.937934
vt 0.963941 0.732876
vt 0.154342 0.007367
vt 0.157690 0.006656
vt 0.159162 0.007849
vt 0.223039 0.946691
vt 0.993304 0.820088
vt 0.494438 0.989226
vt 0.497382 0.984740
vt 0.495225 0.991337
vt 0.696579 0.972215
vt 0.993416 0.832416
vt 0.447884 0.785484
vt 0.521069 0.510183
vt 0.444617 0.776771
vt 0.444048 0.772241
vt 0.529639 0.559609
vt 0.528461 0.444143
vt 0.409929 0.839950
vt 0.410184 0.584093
vt 0.973038 0.295861
vt 0.975077 0.303082
vt 0.964774 0.299649
vt 0.946653 0.122295
vt 0.254227 0.968300
vt 0.254227 0.947240
vt 0.256291 0.958551
vt 0.204052 0.307088
vt 0.184510 0.310052
vt 0.225014 0.304283
vt 0.219299 0.289036
vt 0.880321 0.735926
vt 0.877608 0.732970
vt 0.880321 0.711160
vt 0.588304 0.125112
vt 0.156879 0.278565
vt 0.134164 0.269335
vt 0.589965 0.085289
vt 0.111446 0.257132
vt 0.105441 0.250129
vt 0.962462 0.260028
vt 0.108870 0.233804
vt 0.983651 0.245579
vt 0.911484 0.248243
vt 0.591278 0.037768
vt 0.583253 0.042078
vt 0.220434 0.219249
vt 0.215817 0.213012
vt 0.222352 0.209857
vt 0.838904 0.989612
vt 0.838904 0.999564
vt 0.836800 0.998372
vt 0.586553 0.034999
vt 0.589943 0.031535
vt 0.116061 0.203764
vt 0.940876 0.254062
vt 0.585367 0.024625
vt 0.954631 0.402177
vt 0.955079 0.404983
vt 0.954432 0.395341
vt 0.975547 0.982536
vt 0.974132 0.986153
vt 0.974132 0.978399
vt 0.711357 0.189031
vt 0.229308 0.778776
vt 0.876030 0.121373
vt 0.004441 0.963116
vt 0.994247 0.315086
vt 0.997738 0.320496
vt 0.997348 0.246823
vt 0.102630 0.125674
vt 0.318357 0.733965
vt 0.046680 0.922660
vt 0.193785 0.956878
vt 0.198686 0.959618
vt 0.961451 0.261697
vt 0.956738 0.272606
vt 0.142985 0.038569
vt 0.153439 0.033063
vt 0.214331 0.038439
vt 0.171652 0.024216
vt 0.178976 0.020624
vt 0.172322 0.928672
vt 0.163047 0.927055
vt 0.172814 0.926328
vt 0.966756 0.603977
vt 0.977709 0.582010
vt 0.977444 0.595168
vt 0.800470 0.996751
vt 0.800470 0.989507
vt 0.803975 0.994986
vt 0.129357 0.989842
vt 0.131415 0.995489
vt 0.129357 0.999134
vt 0.229106 0.766412
vt 0.222884 0.939356
vt 0.214375 0.940167
vt 0.134017 0.974464
vt 0.135671 0.982188
vt 0.134017 0.987980
vt 0.162743 0.002392
vt 0.215813 0.949469
vt 0.226669 0.953497
vt 0.222147 0.956585
vt 0.500590 0.983367
vt 0.520064 0.996781
vt 0.677409 0.990424
vt 0.057302 0.919037
vt 0.442232 0.785674
vt 0.440370 0.771589
vt 0.432173 0.764252
vt 0.523128 0.483737
vt 0.525241 0.473903
vt 0.426652 0.744457
vt 0.429277 0.752669
vt 0.523475 0.464480
vt 0.422709 0.735939
vt 0.229154 0.646776
vt 0.229154 0.672038
vt 0.228042 0.658125
vt 0.347974 0.590941
vt 0.950440 0.161494
vt 0.392484 0.595953
vt 0.138435 0.948544
vt 0.137985 0.960315
vt 0.118800 0.957847
vt 0.144690 0.954026
vt 0.569999 0.641838
vt 0.910397 0.628195
vt 0.610608 0.601110
vt 0.894883 0.551079
vt 0.865394 0.784123
vt 0.857934 0.851084
vt 0.876679 0.777649
vt 0.872761 0.769300
vt 0.867970 0.747551
vt 0.175435 0.287606
vt 0.190811 0.965600
vt 0.193728 0.956231
vt 0.193728 0.971842
vt 0.165203 0.268403
vt 0.147619 0.269620
vt 0.137906 0.279011
vt 0.182919 0.270880
vt 0.129082 0.267280
vt 0.118395 0.265339
vt 0.125309 0.260965
vt 0.588347 0.078022
vt 0.962617 0.251973
vt 0.967711 0.244383
vt 0.968179 0.223134
vt 0.124566 0.217205
vt 0.961451 0.226684
vt 0.963064 0.218833
vt 0.963157 0.231836
vt 0.588277 0.044899
vt 0.980845 0.248414
vt 0.922932 0.254682
vt 0.916317 0.248243
vt 0.585629 0.030230
vt 0.584607 0.015521
vt 0.590488 0.005403
vt 0.005017 0.979535
vt 0.010486 0.984671
vt 0.985404 0.776517
vt 0.989295 0.776511
vt 0.989598 0.781366
vt 0.096424 0.171112
vt 0.106707 0.990687
vt 0.106707 0.975032
vt 0.109317 0.976442
vt 0.873900 0.126850
vt 0.956279 0.991786
vt 0.953371 0.998646
vt 0.098770 0.160280
vt 0.263934 0.755979
vt 0.097929 0.087558
vt 0.107566 0.106249
vt 0.097178 0.073529
vt 0.099057 0.070344
vt 0.997494 0.796974
vt 0.997494 0.785658
vt 0.999640 0.795686
vt 0.057007 0.926111
vt 0.127093 0.997879
vt 0.124826 0.991114
vt 0.127093 0.989842
vt 0.045903 0.919037
vt 0.574702 0.899155
vt 0.575393 0.892577
vt 0.575973 0.905271
vt 0.569932 0.900101
vt 0.953059 0.273935
vt 0.210703 0.046645
vt 0.158478 0.034192
vt 0.975348 0.607557
vt 0.977709 0.601956
vt 0.166778 0.029367
vt 0.165121 0.028917
vt 0.970106 0.688853
vt 0.166625 0.932528
vt 0.173509 0.933744
vt 0.677409 0.996589
vt 0.676528 0.993190
vt 0.827085 0.961266
vt 0.822046 0.949683
vt 0.828460 0.955895
vt 0.813242 0.949646
vt 0.173541 0.922006
vt 0.962813 0.590989
vt 0.975606 0.574488
vt 0.159796 0.922242
vt 0.815240 0.945545
vt 0.809531 0.945119
vt 0.808347 0.940832
vt 0.168734 0.000000
vt 0.343869 0.997313
vt 0.343869 0.990412
vt 0.344962 0.993316
vt 0.701540 0.976025
vt 0.999581 0.748345
vt 0.997328 0.750216
vt 0.441606 0.775894
vt 0.437558 0.772294
vt 0.363533 0.998401
vt 0.361499 0.995863
vt 0.222262 0.756368
vt 0.418584 0.729056
vt 0.398357 0.835306
vt 0.946938 0.161731
vt 0.595610 0.797890
vt 0.199747 0.306912
vt 0.861492 0.750606
vt 0.200290 0.265222
vt 0.222803 0.272311
vt 0.216825 0.268800
vt 0.138314 0.269448
vt 0.143605 0.281002
vt 0.587643 0.070024
vt 0.961900 0.245401
vt 0.126336 0.232912
vt 0.939904 0.697434
vt 0.930285 0.688876
vt 0.586355 0.007954
vt 0.983319 0.785658
vt 0.983319 0.777166
vt 0.101685 0.171421
vt 0.098590 0.172442
vt 0.509064 0.992492
vt 0.510661 0.990094
vt 0.510661 0.998649
vt 0.102165 0.168319
vt 0.099968 0.164907
vt 0.096262 0.163368
vt 0.048232 0.976606
vt 0.044950 0.984716
vt 0.048265 0.967796
vt 0.040494 0.977253
vt 0.998680 0.851817
vt 0.997220 0.847958
vt 0.998680 0.843102
vt 0.239264 0.769913
vt 0.239697 0.765082
vt 0.105281 0.143094
vt 0.109974 0.121081
vt 0.877608 0.818954
vt 0.877608 0.783702
vt 0.879399 0.806551
vt 0.319105 0.723561
vt 0.880033 0.830056
vt 0.880821 0.824493
vt 0.104729 0.056395
vt 0.203285 0.973202
vt 0.122667 0.062030
vt 0.145721 0.042161
vt 0.146795 0.047598
vt 0.469927 0.863433
vt 0.473907 0.869425
vt 0.155341 0.037889
vt 0.160748 0.037820
vt 0.834621 0.962383
vt 0.162201 0.026058
vt 0.175862 0.941290
vt 0.175303 0.953267
vt 0.170125 0.932954
vt 0.166921 0.934523
vt 0.167243 0.940212
vt 0.968581 0.532608
vt 0.211912 0.944321
vt 0.208544 0.950010
vt 0.212519 0.956878
vt 0.220527 0.934076
vt 0.216504 0.931737
vt 0.220111 0.927945
vt 0.450281 0.805159
vt 0.445778 0.805708
vt 0.690009 0.966423
vt 0.444447 0.797877
vt 0.446087 0.789319
vt 0.521202 0.495909
vt 0.208506 0.827119
vt 0.219990 0.829280
vt 0.212555 0.837101
vt 0.994140 0.090138
vt 0.994140 0.078599
vt 0.997946 0.080240
vt 0.506009 0.539093
vt 0.520860 0.550361
vt 0.418856 0.718756
vt 0.483848 0.577437
vt 0.115043 0.799020
vt 0.530000 0.423942
vt 0.997243 0.167191
vt 0.999706 0.157218
vt 0.999706 0.170132
vt 0.363061 0.580364
vt 0.939854 0.130830
vt 0.418990 0.822721
vt 0.690614 0.866612
vt 0.834478 0.870448
vt 0.824576 0.862199
vt 0.606939 0.601932
vt 0.607954 0.561519
vt 0.612060 0.556451
vt 0.883640 0.499098
vt 0.886847 0.492946
vt 0.204497 0.287048
vt 0.873508 0.751004
vt 0.227235 0.262665
vt 0.229117 0.267951
vt 0.144828 0.268030
vt 0.141154 0.264449
vt 0.146886 0.258154
vt 0.129315 0.247500
vt 0.586002 0.063226
vt 0.579647 0.058670
vt 0.975795 0.244528
vt 0.974933 0.249755
vt 0.118400 0.197571
vt 0.919465 0.691427
vt 0.997581 0.604976
vt 0.999538 0.599938
vt 0.000000 0.976690
vt 0.229418 0.769446
vt 0.040678 0.970502
vt 0.037705 0.962907
vt 0.262438 0.972795
vt 0.268361 0.969813
vt 0.270719 0.973163
vt 0.274247 0.949671
vt 0.279416 0.973663
vt 0.996855 0.684024
vt 0.999134 0.673517
vt 0.216470 0.989731
vt 0.213718 0.981124
vt 0.216470 0.974732
vt 0.297241 0.729804
vt 0.106757 0.081312
vt 0.030822 0.999038
vt 0.028241 0.995931
vt 0.030822 0.988957
vt 0.116629 0.062733
vt 0.945985 0.284370
vt 0.945708 0.279688
vt 0.956585 0.285294
vt 0.943625 0.282398
vt 0.940709 0.218642
vt 0.942181 0.216614
vt 0.320805 0.723011
vt 0.320775 0.718370
vt 0.711357 0.056940
vt 0.119448 0.050039
vt 0.457082 0.992425
vt 0.456828 0.984948
vt 0.461314 0.996548
vt 0.461314 0.986155
vt 0.946594 0.276541
vt 0.159985 0.051759
vt 0.156808 0.043340
vt 0.159378 0.043318
vt 0.158901 0.048663
vt 0.476767 0.989660
vt 0.475386 0.995151
vt 0.475386 0.981886
vt 0.813115 0.936513
vt 0.817683 0.936481
vt 0.925679 0.292259
vt 0.921992 0.295286
vt 0.222383 0.926599
vt 0.216876 0.929113
vt 0.216158 0.924019
vt 0.880033 0.833105
vt 0.880851 0.830056
vt 0.880851 0.835731
vt 0.693962 0.960907
vt 0.917745 0.762885
vt 0.917745 0.758760
vt 0.920411 0.761551
vt 0.520127 0.515665
vt 0.438227 0.785197
vt 0.435458 0.780485
vt 0.435261 0.775197
vt 0.997780 0.038274
vt 0.998646 0.041641
vt 0.217663 0.818747
vt 0.415643 0.731790
vt 0.010665 0.822788
vt 0.000000 0.825954
vt 0.005024 0.819830
vt 0.418356 0.716330
vt 0.424012 0.716853
vt 0.264195 0.550688
vt 0.270469 0.550632
vt 0.412147 0.830687
vt 0.402705 0.827609
vt 0.554023 0.441939
vt 0.555011 0.423942
vt 0.555011 0.457288
vt 0.966802 0.314452
vt 0.976377 0.317275
vt 0.944256 0.130707
vt 0.120620 0.939760
vt 0.119670 0.946885
vt 0.578121 0.622960
vt 0.604613 0.571822
vt 0.213199 0.265512
vt 0.875098 0.916904
vt 0.880297 0.921884
vt 0.875098 0.953691
vt 0.134808 0.259423
vt 0.216470 0.966373
vt 0.213992 0.974732
vt 0.213992 0.956878
vt 0.132320 0.218576
vt 0.134616 0.221043
vt 0.980164 0.242788
vt 0.983293 0.237689
vt 0.221229 0.229330
vt 0.201345 0.211722
vt 0.924154 0.245357
vt 0.768668 0.997911
vt 0.765448 0.997530
vt 0.766945 0.991628
vt 0.205945 0.208431
vt 0.213016 0.209052
vt 0.201729 0.207930
vt 0.189900 0.214390
vt 0.210569 0.204022
vt 0.119332 0.194199
vt 0.939368 0.711062
vt 0.583322 0.002261
vt 0.000000 0.988346
vt 0.005713 0.994010
vt 0.875314 0.151434
vt 0.236248 0.766559
vt 0.273002 0.742978
vt 0.109525 0.124583
vt 0.122402 0.109953
vt 0.106550 0.070949
vt 0.113180 0.067743
vt 0.330187 0.713321
vt 0.322037 0.720602
vt 0.946038 0.268709
vt 0.952268 0.279447
vt 0.144872 0.072755
vt 0.983215 0.218628
vt 0.982377 0.213722
vt 0.983215 0.208047
vt 0.159040 0.047821
vt 0.171518 0.050148
vt 0.162486 0.931815
vt 0.117639 0.897916
vt 0.118563 0.901065
vt 0.114748 0.898881
vt 0.992628 0.106733
vt 0.991525 0.093427
vt 0.158624 0.927229
vt 0.820952 0.947048
vt 0.820691 0.943954
vt 0.989505 0.098081
vt 0.987607 0.090156
vt 0.211952 0.936923
vt 0.205030 0.949998
vt 0.917926 0.283722
vt 0.503362 0.976766
vt 0.494438 0.972299
vt 0.442137 0.800291
vt 0.997553 0.035249
vt 0.993232 0.025190
vt 0.997553 0.022399
vt 0.440853 0.792512
vt 0.688838 0.963428
vt 0.008071 0.886411
vt 0.008870 0.874747
vt 0.013103 0.878835
vt 0.526453 0.508174
vt 0.431123 0.768957
vt 0.014064 0.849329
vt 0.014086 0.863364
vt 0.008154 0.851511
vt 0.415754 0.740567
vt 0.286979 0.550943
vt 0.579520 0.909402
vt 0.579520 0.931212
vt 0.576065 0.923802
vt 0.942784 0.148608
vt 0.942027 0.137498
vt 0.820528 0.856148
vt 0.566850 0.627163
vt 0.903677 0.574898
vt 0.604929 0.488555
vt 0.607782 0.461591
vt 0.891178 0.492156
vt 0.864639 0.735877
vt 0.177144 0.263999
vt 0.137454 0.249372
vt 0.580519 0.085346
vt 0.138363 0.220562
vt 0.182519 0.223371
vt 0.997967 0.572706
vt 0.993978 0.569006
vt 0.997967 0.557497
vt 0.194949 0.209776
vt 0.770160 0.992223
vt 0.204276 0.204848
vt 0.192204 0.206556
vt 0.767627 0.984961
vt 0.198033 0.192851
vt 0.204582 0.190745
vt 0.188990 0.199419
vt 0.579771 0.009462
vt 0.200487 0.189195
vt 0.937591 0.893788
vt 0.944272 0.889314
vt 0.394664 0.921137
vt 0.393684 0.919179
vt 0.394664 0.915198
vt 0.187468 0.194552
vt 0.198055 0.190583
vt 0.579647 0.009098
vt 0.910397 0.693535
vt 0.911845 0.691318
vt 0.256291 0.973663
vt 0.257033 0.971040
vt 0.116529 0.119705
vt 0.302124 0.724195
vt 0.119665 0.064811
vt 0.120957 0.056735
vt 0.122651 0.068921
vt 0.311529 0.719055
vt 0.152370 0.061093
vt 0.995248 0.357331
vt 0.993800 0.353697
vt 0.997624 0.356776
vt 0.973957 0.622297
vt 0.970791 0.619730
vt 0.974095 0.618463
vt 0.162847 0.054124
vt 0.922429 0.962009
vt 0.923541 0.949580
vt 0.923541 0.966025
vt 0.974719 0.613352
vt 0.997624 0.344299
vt 0.217009 0.061730
vt 0.229169 0.050170
vt 0.716982 0.415513
vt 0.714327 0.414077
vt 0.716982 0.412577
vt 0.155768 0.926110
vt 0.999525 0.650548
vt 0.996342 0.641488
vt 0.999525 0.639128
vt 0.577879 0.996962
vt 0.574794 0.996286
vt 0.574419 0.989471
vt 0.212327 0.930247
vt 0.995984 0.017437
vt 0.432363 0.777958
vt 0.012037 0.873925
vt 0.424673 0.765705
vt 0.427253 0.762653
vt 0.224708 0.825092
vt 0.219499 0.813622
vt 0.018300 0.859425
vt 0.423152 0.751023
vt 0.003253 0.840848
vt 0.012902 0.841697
vt 0.013225 0.834651
vt 0.412247 0.727125
vt 0.484853 0.576724
vt 0.479707 0.572069
vt 0.411719 0.716589
vt 0.477970 0.574160
vt 0.535293 0.437677
vt 0.343942 0.587570
vt 0.351861 0.601864
vt 0.375584 0.601018
vt 0.377167 0.605470
vt 0.475575 0.822155
vt 0.940118 0.150430
vt 0.938764 0.140764
vt 0.815136 0.851576
vt 0.574077 0.624902
vt 0.566751 0.568362
vt 0.908326 0.557379
vt 0.603417 0.451613
vt 0.212739 0.248972
vt 0.880853 0.473025
vt 0.885507 0.439588
vt 0.858949 0.738941
vt 0.146194 0.249859
vt 0.870808 0.710729
vt 0.875225 0.716406
vt 0.875977 0.901063
vt 0.158985 0.246934
vt 0.148539 0.248210
vt 0.217699 0.238933
vt 0.134037 0.237882
vt 0.223605 0.235991
vt 0.525822 0.998916
vt 0.525822 0.982713
vt 0.527780 0.990458
vt 0.542637 0.991159
vt 0.538907 0.991675
vt 0.541582 0.986788
vt 0.539965 0.994245
vt 0.144455 0.225603
vt 0.146929 0.222521
vt 0.579659 0.051561
vt 0.984351 0.223288
vt 0.984367 0.231892
vt 0.182195 0.218112
vt 0.168366 0.220205
vt 0.175533 0.217022
vt 0.170431 0.215324
vt 0.992821 0.984033
vt 0.993788 0.990876
vt 0.992821 0.996885
vt 0.912685 0.243430
vt 0.184033 0.209462
vt 0.848516 0.150155
vt 0.170688 0.208806
vt 0.171605 0.198690
vt 0.942262 0.240899
vt 0.943625 0.263486
vt 0.770348 0.982960
vt 0.765448 0.981615
vt 0.938481 0.889329
vt 0.926407 0.715239
vt 0.116400 0.178425
vt 0.000053 0.984824
vt 0.268317 0.947240
vt 0.235341 0.764083
vt 0.120759 0.160370
vt 0.121861 0.114861
vt 0.121559 0.073686
vt 0.148693 0.077900
vt 0.839060 0.849791
vt 0.835554 0.847324
vt 0.839580 0.845875
vt 0.946977 0.764031
vt 0.946977 0.758888
vt 0.948610 0.762655
vt 0.969975 0.623172
vt 0.962680 0.526584
vt 0.976130 0.563079
vt 0.118563 0.891501
vt 0.822440 0.945952
vt 0.829641 0.943806
vt 0.264238 0.994324
vt 0.264633 0.987066
vt 0.268388 0.984190
vt 0.687086 0.953803
vt 0.004947 0.894110
vt 0.004202 0.888186
vt 0.011117 0.889053
vt 0.433066 0.786887
vt 0.222206 0.833532
vt 0.224327 0.832499
vt 0.556471 0.956594
vt 0.555062 0.950649
vt 0.560912 0.947997
vt 0.560180 0.959262
vt 0.422204 0.756159
vt 0.415548 0.735655
vt 0.410394 0.733438
vt 0.972580 0.574125
vt 0.972580 0.563256
vt 0.976077 0.566651
vt 0.008594 0.799860
vt 0.020018 0.799020
vt 0.011704 0.814019
vt 0.304239 0.576256
vt 0.311618 0.562480
vt 0.321510 0.575192
vt 0.404191 0.822155
vt 0.964774 0.340379
vt 0.976345 0.336836
vt 0.974959 0.347325
vt 0.343355 0.585319
vt 0.394792 0.601367
vt 0.826611 0.845875
vt 0.093269 0.932441
vt 0.099422 0.941069
vt 0.098937 0.958332
vt 0.594742 0.780739
vt 0.862266 0.717748
vt 0.866699 0.714498
vt 0.178757 0.242693
vt 0.134033 0.231960
vt 0.147111 0.224291
vt 0.151588 0.224291
vt 0.157984 0.224973
vt 0.336662 0.972408
vt 0.330187 0.983127
vt 0.333547 0.973231
vt 0.126393 0.214547
vt 0.149808 0.215889
vt 0.979381 0.218833
vt 0.118272 0.211614
vt 0.124422 0.208836
vt 0.123719 0.213694
vt 0.993931 0.888005
vt 0.997331 0.893071
vt 0.993931 0.896170
vt 0.438002 0.976667
vt 0.431418 0.987958
vt 0.436788 0.965423
vt 0.124882 0.181756
vt 0.126664 0.192558
vt 0.204499 0.184680
vt 0.580169 0.002149
vt 0.198860 0.180803
vt 0.580604 0.000000
vt 0.237042 0.752452
vt 0.118598 0.135739
vt 0.136249 0.110864
vt 0.394677 0.756613
vt 0.392166 0.752168
vt 0.392200 0.732397
vt 0.164677 0.068886
vt 0.228401 0.787196
vt 0.229271 0.772526
vt 0.229271 0.797929
vt 0.973970 0.546617
vt 0.081908 0.978217
vt 0.086814 0.977947
vt 0.083669 0.990253
vt 0.077485 0.980609
vt 0.826239 0.939081
vt 0.204625 0.941468
vt 0.925679 0.280255
vt 0.577879 0.989755
vt 0.208174 0.931361
vt 0.695626 0.964690
vt 0.695766 0.956654
vt 0.540744 0.526224
vt 0.535293 0.519443
vt 0.541992 0.519443
vt 0.550181 0.980621
vt 0.552898 0.974273
vt 0.555177 0.976057
vt 0.994247 0.327892
vt 0.994258 0.325539
vt 0.996786 0.323807
vt 0.017217 0.880773
vt 0.556655 0.967900
vt 0.427538 0.777167
vt 0.552685 0.968468
vt 0.421303 0.758348
vt 0.018844 0.850052
vt 0.020976 0.857280
vt 0.556849 0.940659
vt 0.566184 0.942650
vt 0.418319 0.746994
vt 0.558327 0.930842
vt 0.561348 0.930880
vt 0.563179 0.937598
vt 0.414365 0.738634
vt 0.409360 0.729166
vt 0.575973 0.915489
vt 0.571398 0.919409
vt 0.571154 0.909384
vt 0.569010 0.915733
vt 0.018540 0.816803
vt 0.407111 0.722663
vt 0.430948 0.599026
vt 0.478917 0.823932
vt 0.976771 0.327310
vt 0.687639 0.880790
vt 0.597027 0.786134
vt 0.940402 0.835885
vt 0.960784 0.843490
vt 0.561698 0.583904
vt 0.561981 0.540219
vt 0.904447 0.532261
vt 0.599233 0.430623
vt 0.596909 0.432802
vt 0.145720 0.240159
vt 0.147359 0.236848
vt 0.156567 0.232359
vt 0.334342 0.984814
vt 0.336662 0.996567
vt 0.331384 0.987855
vt 0.540700 0.980514
vt 0.535038 0.982984
vt 0.317828 0.985877
vt 0.322750 0.985206
vt 0.322629 0.989384
vt 0.928798 0.247282
vt 0.901252 0.234418
vt 0.317733 0.973047
vt 0.323456 0.978978
vt 0.128122 0.207297
vt 0.840609 0.164058
vt 0.118420 0.205610
vt 0.324188 0.969003
vt 0.327561 0.970580
vt 0.124920 0.197779
vt 0.120365 0.196406
vt 0.325710 0.965963
vt 0.170449 0.195167
vt 0.179293 0.190051
vt 0.129218 0.196811
vt 0.140402 0.194972
vt 0.857159 0.151641
vt 0.438002 0.994147
vt 0.207365 0.187581
vt 0.207505 0.184953
vt 0.212417 0.187739
vt 0.212540 0.180347
vt 0.204513 0.179558
vt 0.210278 0.180035
vt 0.214221 0.177479
vt 0.202482 0.173377
vt 0.218171 0.167158
vt 0.219280 0.175077
vt 0.125195 0.142095
vt 0.124004 0.088555
vt 0.390534 0.730385
vt 0.122836 0.086802
vt 0.391449 0.717534
vt 0.394677 0.713321
vt 0.839355 0.864641
vt 0.835563 0.859335
vt 0.229308 0.070049
vt 0.467627 0.890004
vt 0.200361 0.063089
vt 0.086814 0.990190
vt 0.749122 0.973813
vt 0.754734 0.973357
vt 0.158996 0.939838
vt 0.152204 0.932657
vt 0.149761 0.928111
vt 0.824414 0.933989
vt 0.205596 0.956878
vt 0.438344 0.817870
vt 0.436639 0.806674
vt 0.431687 0.792122
vt 0.310678 0.974050
vt 0.305995 0.966757
vt 0.317733 0.965832
vt 0.311272 0.961818
vt 0.013943 0.889066
vt 0.559125 0.980438
vt 0.719092 0.960781
vt 0.719095 0.967699
vt 0.709697 0.963274
vt 0.019157 0.883227
vt 0.994247 0.320834
vt 0.715157 0.956353
vt 0.560318 0.973580
vt 0.021429 0.877853
vt 0.025455 0.876219
vt 0.022205 0.880365
vt 0.019237 0.967681
vt 0.014535 0.966107
vt 0.014385 0.963116
vt 0.023483 0.873796
vt 0.550181 0.959261
vt 0.025701 0.872339
vt 0.033906 0.869512
vt 0.228401 0.829739
vt 0.557003 0.963454
vt 0.024813 0.869448
vt 0.970508 0.106943
vt 0.967112 0.101065
vt 0.972156 0.104119
vt 0.409765 0.988962
vt 0.402939 0.991153
vt 0.405453 0.984200
vt 0.409756 0.984945
vt 0.028201 0.867246
vt 0.225096 0.816055
vt 0.419193 0.762235
vt 0.220808 0.810698
vt 0.417151 0.755968
vt 0.419316 0.755075
vt 0.024652 0.851943
vt 0.563572 0.928224
vt 0.024834 0.834746
vt 0.550692 0.924936
vt 0.550181 0.919048
vt 0.850715 0.999556
vt 0.847495 0.993560
vt 0.029972 0.831472
vt 0.024415 0.829531
vt 0.030425 0.827880
vt 0.018610 0.831862
vt 0.014426 0.827134
vt 0.551438 0.914810
vt 0.553377 0.917749
vt 0.407477 0.729359
vt 0.400236 0.725885
vt 0.405763 0.725725
vt 0.406618 0.715429
vt 0.469413 0.570817
vt 0.472156 0.573117
vt 0.966016 0.316414
vt 0.719430 0.853224
vt 0.576065 0.909402
vt 0.576065 0.886327
vt 0.579647 0.899292
vt 0.571187 0.566422
vt 0.579647 0.589368
vt 0.597108 0.532108
vt 0.894953 0.467215
vt 0.597647 0.483222
vt 0.599410 0.455094
vt 0.142295 0.238269
vt 0.998952 0.433304
vt 0.996941 0.420887
vt 0.998952 0.415513
vt 0.144704 0.235388
vt 0.542637 0.969515
vt 0.535019 0.973436
vt 0.536808 0.970068
vt 0.907674 0.233832
vt 0.133746 0.200302
vt 0.850293 0.161759
vt 0.994317 0.594701
vt 0.994317 0.585721
vt 0.997404 0.589748
vt 0.142191 0.198722
vt 0.136520 0.181975
vt 0.206089 0.174769
vt 0.557415 0.980621
vt 0.556514 0.986406
vt 0.551222 0.984827
vt 0.550181 0.988640
vt 0.557415 0.992086
vt 0.301399 0.996914
vt 0.301399 0.987883
vt 0.305637 0.988960
vt 0.468482 0.978955
vt 0.467249 0.967478
vt 0.468482 0.964611
vt 0.200041 0.163175
vt 0.204706 0.163709
vt 0.200464 0.165120
vt 0.198256 0.163391
vt 0.202882 0.124238
vt 0.205687 0.133421
vt 0.202760 0.133693
vt 0.205418 0.121125
vt 0.205076 0.114464
vt 0.211115 0.116414
vt 0.144915 0.080930
vt 0.147989 0.108014
vt 0.148588 0.085925
vt 0.152146 0.099509
vt 0.151233 0.085984
vt 0.152508 0.074680
vt 0.162451 0.063315
vt 0.162659 0.076588
vt 0.215330 0.051678
vt 0.213471 0.073319
vt 0.510812 0.995650
vt 0.512229 0.990094
vt 0.512229 0.998445
vt 0.445218 0.816599
vt 0.440254 0.821313
vt 0.213048 0.924612
vt 0.204197 0.928552
vt 0.206723 0.924253
vt 0.199936 0.951332
vt 0.693094 0.953367
vt 0.317094 0.971191
vt 0.688021 0.950889
vt 0.019101 0.888376
vt 0.020698 0.870928
vt 0.967112 0.108273
vt 0.955304 0.647973
vt 0.962665 0.643200
vt 0.962665 0.659516
vt 0.564609 0.970038
vt 0.018458 0.972015
vt 0.032744 0.863731
vt 0.424635 0.771272
vt 0.414697 0.750379
vt 0.221313 0.804508
vt 0.227361 0.811309
vt 0.554907 0.946873
vt 0.551254 0.941361
vt 0.553307 0.941419
vt 0.551469 0.939571
vt 0.553031 0.933649
vt 0.030789 0.839847
vt 0.216677 0.783773
vt 0.215063 0.780353
vt 0.222892 0.790971
vt 0.561616 0.919608
vt 0.565214 0.921659
vt 0.026566 0.824654
vt 0.032401 0.825445
vt 0.032703 0.821916
vt 0.558175 0.911234
vt 0.566348 0.917070
vt 0.019118 0.820220
vt 0.029893 0.818412
vt 0.024881 0.814604
vt 0.058865 0.803322
vt 0.061034 0.810035
vt 0.053745 0.809405
vt 0.054421 0.802065
vt 0.467025 0.573240
vt 0.019568 0.807503
vt 0.021998 0.801679
vt 0.418957 0.583595
vt 0.857070 0.691774
vt 0.863116 0.688683
vt 0.858518 0.696563
vt 0.159370 0.218478
vt 0.155974 0.221449
vt 0.140056 0.212511
vt 0.920757 0.231878
vt 0.914008 0.236692
vt 0.606123 0.987665
vt 0.608069 0.975530
vt 0.608069 0.995057
vt 0.994317 0.574488
vt 0.998097 0.583287
vt 0.305330 0.986734
vt 0.257248 0.948053
vt 0.202874 0.168072
vt 0.198717 0.171519
vt 0.199511 0.168063
vt 0.632186 0.990362
vt 0.633684 0.992197
vt 0.632186 0.997232
vt 0.202491 0.155029
vt 0.206392 0.149698
vt 0.217854 0.163911
vt 0.209900 0.756368
vt 0.208524 0.746461
vt 0.209900 0.735215
vt 0.200412 0.147861
vt 0.202885 0.144427
vt 0.202548 0.137851
vt 0.223214 0.119951
vt 0.140498 0.129906
vt 0.207632 0.104417
vt 0.209782 0.099513
vt 0.154210 0.105922
vt 0.228489 0.081617
vt 0.838466 0.880587
vt 0.834910 0.872416
vt 0.158240 0.944116
vt 0.155274 0.941680
vt 0.151682 0.940260
vt 0.197800 0.942102
vt 0.197720 0.948239
vt 0.502743 0.965196
vt 0.498966 0.966064
vt 0.742392 0.950889
vt 0.739021 0.958363
vt 0.315216 0.975219
vt 0.693292 0.986912
vt 0.696136 0.995076
vt 0.690797 0.995076
vt 0.021017 0.887017
vt 0.014558 0.876115
vt 0.952470 0.651960
vt 0.011974 0.870226
vt 0.015139 0.972975
vt 0.999841 0.464108
vt 0.997434 0.463360
vt 0.999841 0.453454
vt 0.015639 0.977191
vt 0.408632 0.979040
vt 0.019930 0.863048
vt 0.026995 0.849756
vt 0.409135 0.735033
vt 0.215546 0.777423
vt 0.036810 0.821972
vt 0.404162 0.723620
vt 0.284527 0.995953
vt 0.284527 0.982842
vt 0.285978 0.989434
vt 0.030047 0.810449
vt 0.473813 0.560773
vt 0.048123 0.803425
vt 0.466458 0.572074
vt 0.459961 0.574754
vt 0.049145 0.800647
vt 0.054467 0.800917
vt 0.046231 0.800311
vt 0.036158 0.801146
vt 0.037872 0.799349
vt 0.042000 0.799851
vt 0.437249 0.588793
vt 0.394793 0.602671
vt 0.397485 0.586361
vt 0.575525 0.547849
vt 0.889699 0.440787
vt 0.861845 0.714057
vt 0.883990 0.432911
vt 0.862380 0.701606
vt 0.870962 0.689740
vt 0.873518 0.691687
vt 0.858438 0.699455
vt 0.165387 0.220153
vt 0.162836 0.211515
vt 0.877608 0.687679
vt 0.514087 0.995900
vt 0.512229 0.986922
vt 0.518385 0.994879
vt 0.169353 0.205434
vt 0.168404 0.218445
vt 0.923134 0.237379
vt 0.926376 0.235238
vt 0.847495 0.999440
vt 0.844230 0.993277
vt 0.847495 0.988234
vt 0.317931 0.961818
vt 0.998007 0.982708
vt 0.993788 0.972028
vt 0.998007 0.969147
vt 0.142900 0.184153
vt 0.865296 0.153022
vt 0.910439 0.717820
vt 0.188102 0.160963
vt 0.191917 0.129458
vt 0.192551 0.112737
vt 0.160936 0.110166
vt 0.214099 0.096459
vt 0.162302 0.082034
vt 0.834802 0.877604
vt 0.184879 0.075725
vt 0.165167 0.084965
vt 0.154878 0.944368
vt 0.971776 0.215876
vt 0.978749 0.216124
vt 0.982377 0.218628
vt 0.833088 0.937867
vt 0.994357 0.156956
vt 0.991820 0.152024
vt 0.994357 0.150312
vt 0.203016 0.921290
vt 0.201689 0.923450
vt 0.201044 0.931849
vt 0.270447 0.973663
vt 0.436791 0.813914
vt 0.264598 0.978430
vt 0.195560 0.948308
vt 0.432839 0.811502
vt 0.475384 0.993155
vt 0.468558 0.987596
vt 0.475384 0.981885
vt 0.498057 0.962793
vt 0.431099 0.805835
vt 0.018061 0.899849
vt 0.016374 0.902468
vt 0.011283 0.898298
vt 0.011102 0.894149
vt 0.712873 0.975203
vt 0.709328 0.970089
vt 0.705525 0.950889
vt 0.175862 0.979547
vt 0.174037 0.978632
vt 0.175862 0.969608
vt 0.039955 0.868487
vt 0.024907 0.862923
vt 0.027045 0.865397
vt 0.422542 0.770664
vt 0.413203 0.764775
vt 0.010486 0.972899
vt 0.047188 0.865309
vt 0.050028 0.861055
vt 0.053044 0.864240
vt 0.023116 0.859290
vt 0.410428 0.759883
vt 0.410950 0.753918
vt 0.406303 0.751261
vt 0.221585 0.801755
vt 0.226025 0.799952
vt 0.412917 0.749182
vt 0.224591 0.797183
vt 0.410027 0.744254
vt 0.407989 0.745963
vt 0.550181 0.905272
vt 0.044651 0.809119
vt 0.461019 0.573520
vt 0.458303 0.574572
vt 0.456161 0.573332
vt 0.454407 0.576166
vt 0.877608 0.900267
vt 0.880662 0.890074
vt 0.590401 0.791224
vt 0.567013 0.541630
vt 0.561588 0.501621
vt 0.557451 0.469919
vt 0.594866 0.451786
vt 0.899417 0.435941
vt 0.895237 0.436023
vt 0.596114 0.427303
vt 0.853498 0.697783
vt 0.935816 0.410826
vt 0.934154 0.407184
vt 0.939585 0.406713
vt 0.660592 0.986555
vt 0.667250 0.990408
vt 0.660186 0.991382
vt 0.864895 0.685394
vt 0.153817 0.205267
vt 0.993930 0.871955
vt 0.997736 0.878070
vt 0.993930 0.880185
vt 0.845488 0.167791
vt 0.147570 0.200081
vt 0.151716 0.198383
vt 0.151392 0.195105
vt 0.993995 0.967342
vt 0.479677 0.525036
vt 0.478172 0.519961
vt 0.154129 0.193231
vt 0.158176 0.193798
vt 0.156087 0.183088
vt 0.166099 0.184836
vt 0.138918 0.179102
vt 0.135851 0.175857
vt 0.902985 0.215732
vt 0.905209 0.214958
vt 0.905209 0.218824
vt 0.184685 0.137165
vt 0.143853 0.126677
vt 0.183220 0.108909
vt 0.164404 0.108549
vt 0.165029 0.093119
vt 0.200670 0.087385
vt 0.211900 0.094745
vt 0.213635 0.087946
vt 0.839580 0.888208
vt 0.394160 0.770578
vt 0.394706 0.777523
vt 0.203991 0.077956
vt 0.756358 0.970353
vt 0.755426 0.967654
vt 0.750093 0.966569
vt 0.129357 0.997999
vt 0.127093 0.991603
vt 0.144690 0.932395
vt 0.147339 0.936811
vt 0.433622 0.822155
vt 0.826146 0.930293
vt 0.202431 0.925955
vt 0.200189 0.939036
vt 0.264238 0.973703
vt 0.997636 0.987476
vt 0.993788 0.982708
vt 0.998081 0.984083
vt 0.994581 0.987675
vt 0.305995 0.985097
vt 0.109573 0.996033
vt 0.109573 0.984381
vt 0.114154 0.987928
vt 0.892821 0.214812
vt 0.895207 0.215150
vt 0.892821 0.218745
vt 0.928199 0.763825
vt 0.926295 0.763114
vt 0.928199 0.758760
vt 0.701540 0.979286
vt 0.951413 0.666499
vt 0.954940 0.664919
vt 0.950655 0.659694
vt 0.045826 0.867707
vt 0.039917 0.865077
vt 0.403853 0.976298
vt 0.402063 0.984649
vt 0.013639 0.984427
vt 0.228347 0.804146
vt 0.228401 0.794408
vt 0.397929 0.736318
vt 0.218816 0.772526
vt 0.394792 0.719498
vt 0.041216 0.820959
vt 0.039844 0.812817
vt 0.880840 0.783701
vt 0.880840 0.807293
vt 0.879399 0.792124
vt 0.282637 0.538250
vt 0.450983 0.578167
vt 0.586777 0.783120
vt 0.104374 0.945552
vt 0.952965 0.834529
vt 0.565843 0.497931
vt 0.572154 0.495849
vt 0.590953 0.430709
vt 0.890520 0.427095
vt 0.438002 0.926292
vt 0.437114 0.931326
vt 0.428296 0.929335
vt 0.884546 0.415513
vt 0.849234 0.695023
vt 0.928545 0.231993
vt 0.936094 0.230724
vt 0.923385 0.234335
vt 0.925050 0.231464
vt 0.664080 0.986123
vt 0.994065 0.888005
vt 0.161591 0.208059
vt 0.158595 0.203298
vt 0.317733 0.966514
vt 0.157990 0.197479
vt 0.862816 0.167862
vt 0.985541 0.413881
vt 0.980909 0.406989
vt 0.985517 0.404844
vt 0.177273 0.163999
vt 0.873197 0.156234
vt 0.174204 0.153818
vt 0.641074 0.990363
vt 0.632186 0.980500
vt 0.160473 0.118933
vt 0.162793 0.120485
vt 0.151941 0.943083
vt 0.975400 0.210718
vt 0.981947 0.212180
vt 0.431593 0.820861
vt 0.201274 0.927918
vt 0.271431 0.977205
vt 0.991924 0.935788
vt 0.990011 0.943655
vt 0.986159 0.938858
vt 0.960689 0.218119
vt 0.959598 0.213533
vt 0.960689 0.211088
vt 0.023520 0.908896
vt 0.018250 0.905071
vt 0.974557 0.059169
vt 0.972677 0.059776
vt 0.966219 0.052584
vt 0.995502 0.993327
vt 0.994335 0.990747
vt 0.487375 0.996139
vt 0.482288 0.986502
vt 0.487375 0.983807
vt 0.650004 0.889525
vt 0.650004 0.898158
vt 0.647570 0.892831
vt 0.370347 0.977046
vt 0.361499 0.976364
vt 0.466859 0.845314
vt 0.467596 0.835767
vt 0.467596 0.848149
vt 0.703511 0.968366
vt 0.701540 0.964019
vt 0.960100 0.295216
vt 0.961383 0.289130
vt 0.738339 0.996412
vt 0.738339 0.982064
vt 0.743187 0.992478
vt 0.019237 0.988094
vt 0.041078 0.860784
vt 0.044995 0.858548
vt 0.409363 0.965423
vt 0.409765 0.970134
vt 0.029490 0.853705
vt 0.405194 0.754773
vt 0.499652 0.519961
vt 0.499652 0.525125
vt 0.495478 0.520086
vt 0.226202 0.778932
vt 0.560669 0.466218
vt 0.588364 0.418159
vt 0.595502 0.415513
vt 0.428089 0.923899
vt 0.433641 0.922713
vt 0.890628 0.415937
vt 0.667362 0.985849
vt 0.668240 0.989002
vt 0.950304 0.763230
vt 0.948610 0.764031
vt 0.948610 0.759000
vt 0.941177 0.225683
vt 0.908954 0.214887
vt 0.910420 0.217230
vt 0.908954 0.218824
vt 0.917799 0.230445
vt 0.838609 0.169934
vt 0.841498 0.172856
vt 0.168035 0.199399
vt 0.162398 0.196568
vt 0.153591 0.186677
vt 0.143687 0.174672
vt 0.142096 0.134685
vt 0.686954 0.873178
vt 0.684361 0.871773
vt 0.684507 0.863027
vt 0.152871 0.946239
vt 0.193785 0.946306
vt 0.942182 0.214342
vt 0.943513 0.216878
vt 0.942182 0.218799
vt 0.194322 0.949363
vt 0.037657 0.918327
vt 0.044125 0.910025
vt 0.043927 0.913502
vt 0.195194 0.936436
vt 0.198469 0.930963
vt 0.048739 0.917072
vt 0.430866 0.816147
vt 0.974526 0.052245
vt 0.976205 0.050181
vt 0.978597 0.051548
vt 0.368372 0.990037
vt 0.363593 0.985152
vt 0.368138 0.985944
vt 0.427212 0.816848
vt 0.669370 0.997309
vt 0.668364 0.993813
vt 0.972863 0.050599
vt 0.995116 0.996845
vt 0.993788 0.994441
vt 0.370409 0.984520
vt 0.368836 0.982042
vt 0.022904 0.897363
vt 0.025096 0.905357
vt 0.993417 0.617105
vt 0.988928 0.614107
vt 0.899015 0.411986
vt 0.904304 0.409223
vt 0.907011 0.415295
vt 0.021300 0.891484
vt 0.922026 0.997228
vt 0.918527 0.991901
vt 0.922026 0.988576
vt 0.907011 0.406686
vt 0.978597 0.040855
vt 0.981307 0.041833
vt 0.978597 0.052245
vt 0.032928 0.859967
vt 0.037158 0.853574
vt 0.984106 0.050656
vt 0.346925 0.997727
vt 0.347912 0.993234
vt 0.028672 0.845886
vt 0.032399 0.844482
vt 0.030785 0.849444
vt 0.396822 0.750279
vt 0.039935 0.830273
vt 0.483805 0.540981
vt 0.279049 0.539230
vt 0.554804 0.505960
vt 0.552504 0.491848
vt 0.554804 0.488594
vt 0.964374 0.737238
vt 0.968455 0.736580
vt 0.965924 0.749541
vt 0.366822 0.572728
vt 0.392535 0.584176
vt 0.699678 0.847557
vt 0.692546 0.854357
vt 0.945490 0.830315
vt 0.571877 0.457136
vt 0.589654 0.447627
vt 0.555025 0.437810
vt 0.892901 0.422315
vt 0.516256 0.987393
vt 0.925338 0.233144
vt 0.933280 0.410537
vt 0.905889 0.215254
vt 0.851617 0.172000
vt 0.979986 0.390081
vt 0.141622 0.157836
vt 0.143910 0.164485
vt 0.144202 0.158154
vt 0.181774 0.132541
vt 0.148254 0.130196
vt 0.146165 0.939996
vt 0.910420 0.216302
vt 0.911988 0.214887
vt 0.639341 0.996078
vt 0.640853 0.991854
vt 0.053155 0.910339
vt 0.053776 0.914067
vt 0.530388 0.525568
vt 0.527383 0.524098
vt 0.530388 0.519961
vt 0.835198 0.213488
vt 0.838526 0.217759
vt 0.835198 0.218060
vt 0.055729 0.911279
vt 0.055942 0.914168
vt 0.039032 0.911980
vt 0.043283 0.903348
vt 0.729168 0.415513
vt 0.726814 0.415513
vt 0.727984 0.412752
vt 0.926295 0.764141
vt 0.924482 0.761990
vt 0.926295 0.758760
vt 0.046116 0.905915
vt 0.026929 0.912260
vt 0.031110 0.903040
vt 0.977088 0.069361
vt 0.973473 0.067035
vt 0.969717 0.048979
vt 0.970099 0.043781
vt 0.967037 0.038757
vt 0.369730 0.979378
vt 0.551494 0.902281
vt 0.549862 0.895067
vt 0.554902 0.898754
vt 0.024812 0.888647
vt 0.982362 0.038193
vt 0.040219 0.852901
vt 0.987027 0.042652
vt 0.487087 0.523799
vt 0.491676 0.519961
vt 0.491676 0.524756
vt 0.985663 0.039619
vt 0.458807 0.519961
vt 0.458284 0.522414
vt 0.453684 0.520100
vt 0.454380 0.522726
vt 0.459166 0.525494
vt 0.453684 0.525491
vt 0.038850 0.849309
vt 0.996279 0.150559
vt 0.996333 0.144860
vt 0.999249 0.154858
vt 0.043364 0.829978
vt 0.969093 0.748746
vt 0.583836 0.793903
vt 0.105776 0.958766
vt 0.109642 0.951810
vt 0.588040 0.432646
vt 0.419545 0.918958
vt 0.844042 0.697432
vt 0.850290 0.688562
vt 0.853225 0.690213
vt 0.935625 0.715474
vt 0.156953 0.166673
vt 0.983311 0.389255
vt 0.145119 0.141234
vt 0.684361 0.884760
vt 0.172394 0.129266
vt 0.148454 0.946206
vt 0.975659 0.100739
vt 0.972862 0.097127
vt 0.977088 0.091637
vt 0.743187 0.958774
vt 0.549651 0.969292
vt 0.546022 0.966389
vt 0.549651 0.961031
vt 0.982377 0.207302
vt 0.834621 0.928425
vt 0.144690 0.941045
vt 0.524557 0.526157
vt 0.524557 0.519961
vt 0.527383 0.523784
vt 0.061034 0.911307
vt 0.056207 0.906796
vt 0.059295 0.909464
vt 0.535216 0.519961
vt 0.535216 0.525715
vt 0.533134 0.522565
vt 0.030808 0.916561
vt 0.027250 0.918450
vt 0.976965 0.043771
vt 0.579647 0.992700
vt 0.580929 0.994945
vt 0.254101 0.988803
vt 0.253741 0.984298
vt 0.256284 0.986590
vt 0.051090 0.903996
vt 0.255105 0.981733
vt 0.988747 0.622167
vt 0.987949 0.617386
vt 0.044042 0.902720
vt 0.038068 0.906877
vt 0.999360 0.728140
vt 0.997616 0.728407
vt 0.999178 0.725458
vt 0.999360 0.735625
vt 0.554902 0.890190
vt 0.549895 0.886150
vt 0.551111 0.879959
vt 0.053380 0.877847
vt 0.051646 0.884500
vt 0.041013 0.879312
vt 0.038171 0.889357
vt 0.046139 0.883892
vt 0.029923 0.880365
vt 0.033533 0.885188
vt 0.427626 0.564292
vt 0.407937 0.571992
vt 0.391723 0.586281
vt 0.324688 0.997005
vt 0.321179 0.993322
vt 0.190742 0.971842
vt 0.193728 0.983041
vt 0.190742 0.986070
vt 0.409765 0.997457
vt 0.409765 0.982442
vt 0.413582 0.988853
vt 0.569083 0.438379
vt 0.898251 0.415874
vt 0.919198 0.228489
vt 0.926990 0.719048
vt 0.921490 0.717243
vt 0.978286 0.395532
vt 0.153467 0.174975
vt 0.150633 0.164617
vt 0.868975 0.218340
vt 0.868975 0.212393
vt 0.871221 0.213345
vt 0.997484 0.913812
vt 0.999310 0.911214
vt 0.999310 0.924599
vt 0.980390 0.369661
vt 0.155641 0.168338
vt 0.156674 0.146514
vt 0.172248 0.136921
vt 0.160724 0.131713
vt 0.985541 0.357387
vt 0.972230 0.101065
vt 0.970485 0.091253
vt 0.965817 0.087950
vt 0.505129 0.990832
vt 0.503362 0.998285
vt 0.831958 0.926382
vt 0.827467 0.925784
vt 0.963793 0.084770
vt 0.961848 0.081455
vt 0.967080 0.082737
vt 0.030523 0.919037
vt 0.584180 0.996405
vt 0.056323 0.893470
vt 0.972441 0.071185
vt 0.969609 0.038201
vt 0.974132 0.038443
vt 0.973235 0.042797
vt 0.978597 0.037259
vt 0.478172 0.520290
vt 0.473905 0.526040
vt 0.969647 0.035786
vt 0.453684 0.519961
vt 0.451481 0.525952
vt 0.448460 0.523597
vt 0.118792 0.842853
vt 0.118150 0.839079
vt 0.042759 0.893267
vt 0.987553 0.610432
vt 0.060029 0.891437
vt 0.057980 0.880626
vt 0.992573 0.290585
vt 0.994733 0.270941
vt 0.997730 0.290585
vt 0.029742 0.885712
vt 0.999249 0.142585
vt 0.396354 0.753779
vt 0.041044 0.841933
vt 0.046207 0.842828
vt 0.309092 0.548241
vt 0.342990 0.559927
vt 0.709174 0.845875
vt 0.579647 0.787287
vt 0.108098 0.965953
vt 0.107442 0.972204
vt 0.100210 0.967459
vt 0.579647 0.419134
vt 0.842971 0.687190
vt 0.518385 0.980292
vt 0.668240 0.976855
vt 0.297169 0.996570
vt 0.292834 0.997080
vt 0.294621 0.987571
vt 0.943625 0.229397
vt 0.942003 0.723915
vt 0.938839 0.727882
vt 0.934713 0.727191
vt 0.872359 0.168732
vt 0.990191 0.302081
vt 0.986631 0.296833
vt 0.990300 0.295861
vt 0.992682 0.300877
vt 0.146157 0.160006
vt 0.981637 0.359378
vt 0.157990 0.135143
vt 0.973066 0.084788
vt 0.933280 0.415513
vt 0.930649 0.409950
vt 0.933280 0.406817
vt 0.973038 0.077588
vt 0.966763 0.086439
vt 0.987016 0.950375
vt 0.969208 0.073775
vt 0.984472 0.942478
vt 0.962162 0.076794
vt 0.036376 0.908430
vt 0.966907 0.068433
vt 0.209682 0.998447
vt 0.206263 0.989943
vt 0.209682 0.988371
vt 0.256284 0.972246
vt 0.048992 0.896662
vt 0.986448 0.612908
vt 0.030347 0.900961
vt 0.034224 0.896319
vt 0.025266 0.901741
vt 0.024805 0.892785
vt 0.027885 0.896833
vt 0.047668 0.889672
vt 0.026920 0.882789
vt 0.494438 0.997965
vt 0.490052 0.993682
vt 0.494438 0.983807
vt 0.044194 0.851419
vt 0.041543 0.851680
vt 0.044339 0.847301
vt 0.463061 0.539765
vt 0.388665 0.577441
vt 0.999319 0.270390
vt 0.997460 0.262639
vt 0.999319 0.260360
vt 0.696733 0.848092
vt 0.702472 0.845943
vt 0.095575 0.963628
vt 0.093269 0.956905
vt 0.096381 0.969503
vt 0.096729 0.975032
vt 0.562230 0.438842
vt 0.581991 0.429252
vt 0.994247 0.312271
vt 0.035801 0.906120
vt 0.039419 0.895470
vt 0.660186 0.997991
vt 0.657011 0.999229
vt 0.657011 0.988460
vt 0.056420 0.903421
vt 0.070275 0.994209
vt 0.067752 0.996964
vt 0.067752 0.990005
vt 0.028203 0.899633
vt 0.558300 0.995856
vt 0.557415 0.987563
vt 0.558300 0.980621
vt 0.035620 0.892709
vt 0.030281 0.891739
vt 0.468481 0.984114
vt 0.467376 0.981490
vt 0.468481 0.978956
vt 0.480776 0.528919
vt 0.554249 0.478314
vt 0.094856 0.966554
vt 0.420921 0.929166
vt 0.421435 0.934653
vt 0.839580 0.691117
vt 0.933051 0.989637
vt 0.933051 0.997150
vt 0.930021 0.993940
vt 0.925458 0.220772
vt 0.922783 0.218833
vt 0.919625 0.219353
vt 0.990967 0.324093
vt 0.991099 0.310495
vt 0.327561 0.980192
vt 0.327561 0.961818
vt 0.329914 0.963910
vt 0.520064 0.993990
vt 0.518529 0.983846
vt 0.520064 0.980292
vt 1.000000 0.120216
vt 0.997322 0.114036
vt 1.000000 0.108673
vt 0.468212 0.539143
vt 0.446943 0.554899
vt 0.978285 0.403037
vt 0.973821 0.415239
vt 0.973821 0.401469
vt 0.859981 0.173853
vt 0.373767 0.962802
vt 0.367210 0.972656
vt 0.372425 0.949656
vt 0.041009 0.890650
vt 0.315716 0.526310
vt 0.904525 0.420654
vt 0.997795 0.075270
vt 0.998696 0.065537
vt 0.998696 0.078569
vt 0.856582 0.177198
vt 0.361496 0.969419
vt 0.367899 0.947784
vt 0.493500 0.532439
vt 0.341334 0.551863
vt 0.362768 0.561642
vt 0.970123 0.753825
vt 0.997511 0.255779
vt 0.563690 0.425843
vt 0.413101 0.925624
vt 0.413933 0.920038
vt 0.902826 0.415550
vt 0.428986 0.952249
vt 0.425730 0.953244
vt 0.423957 0.951506
vt 0.842090 0.190187
vt 0.517691 0.519961
vt 0.521709 0.521484
vt 0.518523 0.524331
vt 0.521709 0.524465
vt 0.506938 0.524442
vt 0.506709 0.519961
vt 0.509385 0.521967
vt 0.945050 0.728658
vt 0.925555 0.733264
vt 0.910861 0.720505
vt 0.390959 0.577730
vt 0.572116 0.425992
vt 0.557814 0.423942
vt 0.394733 0.765299
vt 0.394160 0.756613
vt 0.253741 0.972246
vt 0.252009 0.977852
vt 0.249304 0.972443
vt 0.872504 0.186934
vt 0.465769 0.527556
vt 0.416559 0.560291
vt 0.361367 0.537392
vt 0.387999 0.572346
vt 0.420533 0.944297
vt 0.423022 0.949195
vt 0.416154 0.949713
vt 0.416068 0.914880
vt 0.418045 0.955585
vt 0.438002 0.951497
vt 0.411320 0.960590
vt 0.421209 0.962266
vt 0.848608 0.189246
vt 0.936372 0.732236
vt 0.353721 0.967071
vt 0.353721 0.946640
vt 0.356198 0.943837
vt 0.291592 0.532403
vt 0.417035 0.946803
vt 0.415179 0.939265
vt 0.910397 0.416401
vt 0.951959 0.735329
vt 0.948821 0.736863
vt 0.949260 0.729985
vt 0.866585 0.217905
vt 0.866585 0.214163
vt 0.868975 0.215371
vt 0.515221 0.524223
vt 0.514494 0.521459
vt 0.517691 0.525740
vt 0.868468 0.212393
vt 0.733781 0.412799
vt 0.735844 0.413597
vt 0.250916 0.982036
vt 0.252773 0.982256
vt 0.251758 0.983017
vt 0.248270 0.980639
vt 0.931696 0.733045
vt 0.878936 0.179879
vt 0.921335 0.737882
vt 0.910397 0.741227
vt 0.338472 0.526392
vt 0.969299 0.759886
vt 0.971435 0.759342
vt 0.407686 0.929293
vt 0.409408 0.924990
vt 0.410760 0.919168
vt 0.499652 0.525150
vt 0.503316 0.523535
vt 0.844231 0.988315
vt 0.839756 0.991578
vt 0.839580 0.988234
vt 0.468098 0.959316
vt 0.472753 0.955325
vt 0.469707 0.961360
vt 0.473940 0.956554
vt 0.251883 0.992069
vt 0.253741 0.995683
vt 0.249564 0.993712
vt 0.503600 0.520849
vt 0.251506 0.988575
vt 0.246385 0.989181
vt 0.979994 0.293475
vt 0.982488 0.291366
vt 0.981572 0.295221
vt 0.984694 0.293073
vt 0.977995 0.290872
vt 0.394160 0.796073
vt 0.394765 0.794925
vt 0.030822 0.997356
vt 0.034308 0.995202
vt 0.858918 0.178864
vt 0.866921 0.183961
vt 0.384881 0.563970
vt 0.971157 0.766935
vt 0.408505 0.931776
vt 0.949048 0.737983
vt 0.948880 0.744732
vt 0.945387 0.739952
vt 0.845063 0.195900
vt 0.842710 0.199728
vt 0.839554 0.944597
vt 0.839519 0.961832
vt 0.834621 0.942962
vt 0.844231 0.996137
vt 0.468377 0.952235
vt 0.994357 0.150707
vt 0.996040 0.152752
vt 0.983667 0.289617
vt 0.070275 0.980141
vt 0.061034 0.977230
vt 0.069044 0.978042
vt 0.983903 0.283495
vt 0.852939 0.189947
vt 0.974932 0.287722
vt 0.983243 0.210455
vt 0.990638 0.203354
vt 0.983243 0.218634
vt 0.930920 0.736763
vt 0.451101 0.530746
vt 0.551720 0.782718
vt 0.552183 0.776951
vt 0.554870 0.793471
vt 0.553389 0.771903
vt 0.068166 0.986732
vt 0.070901 0.979871
vt 0.070275 0.977230
vt 0.075853 0.982077
vt 0.427050 0.989917
vt 0.421061 0.993510
vt 0.421061 0.984077
vt 0.432682 0.541214
vt 0.399916 0.572163
vt 0.405845 0.942795
vt 0.407985 0.939004
vt 0.413461 0.953697
vt 0.928701 0.742245
vt 0.438002 0.990665
vt 0.441521 0.988101
vt 0.441521 0.998513
vt 0.472124 0.948366
vt 0.991074 0.213382
vt 0.982043 0.281238
vt 0.403905 0.936694
vt 0.409517 0.950812
vt 0.070707 0.985623
vt 0.077305 0.988934
vt 0.064218 0.989408
vt 0.991542 0.731826
vt 0.997616 0.733429
vt 0.995711 0.735625
vt 0.407181 0.954466
vt 0.468098 0.947211
vt 0.073458 0.989842
vt 0.780096 0.994940
vt 0.775201 0.995517
vt 0.024233 0.987236
vt 0.028112 0.996665
vt 0.024233 0.997941
vt 0.912918 0.742668
vt 0.983629 0.788967
vt 0.978054 0.789746
vt 0.971436 0.785658
vt 0.370681 0.945030
vt 0.475549 0.526834
vt 0.414509 0.547975
vt 0.421658 0.552157
vt 0.966580 0.787635
vt 0.407187 0.957729
vt 0.847390 0.203807
vt 0.997616 0.708101
vt 0.994411 0.704527
vt 0.852101 0.199825
vt 0.923442 0.744103
vt 0.942772 0.750027
vt 0.933818 0.748894
vt 0.070275 0.989675
vt 0.070542 0.993271
vt 0.070275 0.990005
vt 0.984694 0.277650
vt 0.980571 0.275406
vt 0.918831 0.744678
vt 0.391639 0.889241
vt 0.394338 0.887263
vt 0.394358 0.896834
vt 0.551934 0.766608
vt 0.398473 0.941106
vt 0.404838 0.952184
vt 0.960188 0.896513
vt 0.955873 0.896576
vt 0.955583 0.892816
vt 0.073933 0.992537
vt 0.974132 0.996859
vt 0.971741 0.995031
vt 0.974132 0.990089
vt 0.542130 0.525482
vt 0.547428 0.519443
vt 0.547069 0.525928
vt 0.878686 0.212393
vt 0.878686 0.217783
vt 0.875952 0.212410
vt 0.855317 0.196065
vt 0.857470 0.197888
vt 0.861782 0.194292
vt 0.864830 0.198420
vt 0.881336 0.183602
vt 0.974582 0.291316
vt 0.972400 0.295814
vt 0.924861 0.998230
vt 0.922465 0.992029
vt 0.361774 0.944307
vt 0.365149 0.941639
vt 0.368294 0.541333
vt 0.969334 0.783851
vt 0.398438 0.948227
vt 0.958358 0.890155
vt 0.960188 0.888178
vt 0.405446 0.961455
vt 0.939545 0.756111
vt 0.390534 0.849385
vt 0.394693 0.833767
vt 0.915211 0.748345
vt 0.985474 0.794801
vt 0.450064 0.526310
vt 0.432006 0.536124
vt 0.554870 0.755112
vt 0.401015 0.961919
vt 0.400420 0.951684
vt 0.400769 0.950029
vt 0.852491 0.205705
vt 0.394358 0.876455
vt 0.553150 0.757403
vt 0.375627 0.548529
vt 0.400621 0.954959
vt 0.401318 0.964907
vt 0.396980 0.938093
vt 0.848511 0.208960
vt 0.933975 0.758760
vt 0.982598 0.482640
vt 0.982233 0.466324
vt 0.985663 0.465917
vt 0.975900 0.479237
vt 0.440679 0.528509
vt 0.357378 0.532668
vt 0.966487 0.803539
vt 0.396104 0.944395
vt 0.398178 0.951376
vt 0.853567 0.211226
vt 0.997716 0.612568
vt 0.999242 0.607342
vt 0.999242 0.618156
vt 0.871585 0.201248
vt 0.977037 0.806643
vt 0.048832 0.997471
vt 0.048832 0.981777
vt 0.053374 0.986655
vt 0.424881 0.536105
vt 0.969681 0.794048
vt 0.397472 0.958562
vt 0.396606 0.955953
vt 0.981074 0.826273
vt 0.978882 0.824043
vt 0.984044 0.822563
vt 0.980856 0.500114
vt 0.983661 0.495219
vt 0.985663 0.496142
vt 0.981688 0.818189
vt 0.974375 0.823924
vt 0.971436 0.822129
vt 0.973270 0.818519
vt 0.964878 0.821331
vt 0.965810 0.827295
vt 0.964374 0.830315
vt 0.429983 0.532234
vt 0.968362 0.808145
vt 0.397360 0.965423
vt 0.850340 0.212393
vt 0.977090 0.494572
vt 0.982299 0.492774
vt 0.975181 0.813549
vt 0.982214 0.488712
vt 0.997114 0.871936
vt 0.992605 0.870843
vt 0.997114 0.852252
vt 0.874995 0.202077
vt 0.966733 0.810032
vt 0.394793 0.959111
vt 0.863760 0.210133
vt 0.780817 0.986900
vt 0.775640 0.984306
vt 0.780318 0.974022
vt 0.773692 0.987720
vt 0.997113 0.864840
vt 0.997113 0.852252
vt 0.999835 0.856208
vt 0.997434 0.451338
vt 0.999767 0.441103
vt 0.999767 0.453454
vt 0.771675 0.984229
vt 0.774622 0.974426
vt 0.770348 0.963760
vt 0.774142 0.961002
vt 0.972786 0.490764
vt 0.780817 0.960121
s 1
usemtl Material.002
f 1/1/1 2/2/2 3/3/3
f 4/4/4 5/5/5 1/1/1
f 1/1/1 5/5/5 6/6/6
f 1/1/1 6/6/6 2/2/2
f 7/7/7 8/8/8 9/9/9
f 9/9/9 10/10/10 11/11/11
f 8/8/8 12/12/12 9/9/9
f 12/12/12 10/10/10 9/9/9
f 13/13/13 14/14/14 1/1/1
f 4/4/4 1/1/1 14/14/14
f 3/3/3 13/13/13 1/1/1
f 7/7/7 15/15/15 8/8/8
f 11/11/11 10/10/10 16/16/16
f 12/12/12 17/17/17 10/10/10
f 8/8/8 18/18/18 12/12/12
f 12/12/12 19/19/19 17/17/17
f 18/18/18 19/19/19 12/12/12
f 13/13/13 3/3/3 20/20/20
f 5/5/5 21/21/21 6/6/6
f 6/22/6 21/23/21 2/24/2
f 11/11/11 16/16/16 22/25/22
f 15/15/15 23/26/23 8/8/8
f 16/16/16 10/10/10 24/27/24
f 17/17/17 24/27/24 10/10/10
f 17/17/17 25/28/25 24/27/24
f 26/29/26 27/30/27 28/31/28
f 27/30/27 26/29/26 29/32/29
f 30/33/30 4/4/4 14/14/14
f 9/9/9 11/11/11 31/34/31
f 8/8/8 23/26/23 18/18/18
f 26/29/26 28/31/28 32/35/32
f 26/29/26 14/14/14 29/32/29
f 13/13/13 29/32/29 14/14/14
f 13/13/13 20/20/20 29/32/29
f 2/36/2 33/37/33 3/38/3
f 2/36/2 34/39/34 33/37/33
f 21/21/21 34/40/34 2/2/2
f 33/41/33 34/40/34 31/34/31
f 34/40/34 9/9/9 31/34/31
f 31/42/31 11/43/11 22/44/22
f 35/45/35 9/9/9 34/40/34
f 9/9/9 35/45/35 7/7/7
f 23/26/23 36/46/36 18/18/18
f 19/19/19 37/47/37 17/17/17
f 18/18/18 38/48/38 19/19/19
f 19/19/19 38/48/38 37/47/37
f 28/49/28 39/50/39 32/51/32
f 40/52/40 26/29/26 32/35/32
f 40/52/40 41/53/41 26/29/26
f 26/29/26 41/53/41 14/14/14
f 14/14/14 41/53/41 30/33/30
f 3/3/3 42/54/42 20/20/20
f 33/41/33 42/54/42 3/3/3
f 33/41/33 31/34/31 42/54/42
f 31/34/31 43/55/43 42/54/42
f 31/34/31 22/25/22 43/55/43
f 7/7/7 35/45/35 15/15/15
f 22/56/22 16/57/16 44/58/44
f 15/15/15 45/59/45 23/26/23
f 24/60/24 25/61/25 46/62/46
f 23/26/23 47/63/47 36/46/36
f 28/49/28 27/64/27 48/65/48
f 39/66/39 40/52/40 32/35/32
f 27/30/27 29/32/29 49/67/49
f 20/20/20 50/68/50 29/32/29
f 5/5/5 51/69/51 21/21/21
f 43/70/43 52/71/52 42/72/42
f 21/21/21 35/45/35 34/40/34
f 22/56/22 44/58/44 53/73/53
f 54/74/54 45/59/45 15/15/15
f 16/57/16 55/75/55 44/58/44
f 24/60/24 55/75/55 16/57/16
f 24/60/24 46/62/46 55/75/55
f 46/76/46 25/77/25 56/78/56
f 57/79/57 58/80/58 59/81/59
f 60/82/60 58/83/58 57/84/57
f 61/85/61 62/86/62 63/87/63
f 64/88/64 65/89/65 66/90/66
f 64/88/64 67/91/67 68/92/68
f 66/90/66 67/91/67 64/88/64
f 28/49/28 69/93/69 39/50/39
f 28/49/28 48/65/48 69/93/69
f 48/94/48 67/95/67 66/96/66
f 27/97/27 67/98/67 48/99/48
f 27/100/27 70/101/70 67/102/67
f 49/103/49 70/101/70 27/100/27
f 39/66/39 71/104/71 40/52/40
f 71/104/71 72/105/72 40/52/40
f 29/32/29 50/68/50 49/67/49
f 40/52/40 72/105/72 41/53/41
f 30/33/30 73/106/73 4/4/4
f 50/68/50 20/20/20 74/107/74
f 42/54/42 74/107/74 20/20/20
f 42/54/42 75/108/75 74/107/74
f 42/54/42 52/109/52 75/108/75
f 43/70/43 53/73/53 52/71/52
f 22/56/22 53/73/53 43/70/43
f 23/26/23 45/59/45 47/63/47
f 47/63/47 76/110/76 36/46/36
f 17/17/17 37/47/37 25/28/25
f 77/111/77 59/112/59 58/113/58
f 60/82/60 78/114/78 79/115/79
f 60/82/60 80/116/80 78/114/78
f 57/84/57 81/117/81 60/82/60
f 60/82/60 82/118/82 80/116/80
f 60/82/60 81/117/81 82/118/82
f 83/119/83 84/120/84 80/116/80
f 83/119/83 85/121/85 84/120/84
f 61/85/61 86/122/86 62/86/62
f 61/85/61 63/87/63 87/123/87
f 62/86/62 88/124/88 63/87/63
f 89/125/89 64/88/64 68/92/68
f 67/91/67 90/126/90 68/92/68
f 70/127/70 90/126/90 67/91/67
f 49/128/49 50/129/50 91/130/91
f 5/131/5 4/132/4 51/133/51
f 25/134/25 37/135/37 56/136/56
f 36/46/36 38/48/38 18/18/18
f 38/48/38 92/137/92 37/47/37
f 93/138/93 77/111/77 58/113/58
f 58/113/58 79/139/79 94/140/94
f 79/141/79 58/142/58 60/143/60
f 57/144/57 59/145/59 81/146/81
f 83/119/83 80/116/80 82/118/82
f 61/147/61 95/148/95 86/149/86
f 61/147/61 87/150/87 95/148/95
f 87/123/87 63/87/63 96/151/96
f 88/124/88 97/152/97 63/87/63
f 89/125/89 98/153/98 64/88/64
f 89/125/89 68/92/68 99/154/99
f 64/88/64 98/153/98 100/155/100
f 64/88/64 100/155/100 65/89/65
f 66/156/66 69/157/69 48/158/48
f 30/159/30 72/160/72 73/161/73
f 30/159/30 41/162/41 72/160/72
f 21/21/21 51/69/51 35/45/35
f 35/45/35 54/74/54 15/15/15
f 56/163/56 101/164/101 46/62/46
f 36/46/36 102/165/102 38/48/38
f 37/47/37 92/137/92 103/166/103
f 38/48/38 104/167/104 92/137/92
f 92/137/92 104/167/104 103/166/103
f 105/168/105 77/111/77 93/138/93
f 58/113/58 94/140/94 93/138/93
f 105/168/105 106/169/106 77/111/77
f 77/111/77 106/169/106 59/112/59
f 106/169/106 107/170/107 59/112/59
f 59/145/59 108/171/108 81/146/81
f 82/118/82 109/172/109 83/119/83
f 81/117/81 109/172/109 82/118/82
f 85/173/85 110/174/110 84/175/84
f 111/176/111 109/172/109 81/117/81
f 83/119/83 109/172/109 85/121/85
f 95/177/95 112/178/112 86/122/86
f 86/122/86 113/179/113 62/86/62
f 97/152/97 114/180/114 63/87/63
f 115/181/115 66/90/66 65/89/65
f 39/50/39 69/93/69 116/182/116
f 70/183/70 117/184/117 90/185/90
f 39/66/39 116/186/116 71/104/71
f 73/187/73 118/188/118 4/132/4
f 35/45/35 51/69/51 54/74/54
f 55/75/55 119/189/119 44/58/44
f 46/62/46 101/164/101 55/75/55
f 47/63/47 120/190/120 76/110/76
f 36/46/36 76/110/76 102/165/102
f 104/167/104 38/48/38 121/191/121
f 104/167/104 122/192/122 103/166/103
f 123/193/123 105/168/105 93/138/93
f 79/139/79 124/194/124 94/140/94
f 106/169/106 125/195/125 107/170/107
f 126/196/126 79/197/79 78/198/78
f 59/112/59 107/170/107 127/199/127
f 80/200/80 84/175/84 128/201/128
f 127/199/127 108/202/108 59/112/59
f 84/175/84 110/174/110 128/201/128
f 109/203/109 110/204/110 85/205/85
f 111/176/111 110/206/110 109/172/109
f 81/146/81 108/171/108 129/207/129
f 81/208/81 130/209/130 111/210/111
f 87/123/87 96/151/96 95/177/95
f 63/87/63 114/180/114 96/151/96
f 62/86/62 131/211/131 88/124/88
f 89/212/89 132/213/132 98/214/98
f 68/215/68 133/216/133 99/217/99
f 115/181/115 134/218/134 66/90/66
f 66/219/66 134/220/134 69/93/69
f 90/185/90 117/184/117 68/215/68
f 70/101/70 135/221/135 117/222/117
f 49/103/49 135/221/135 70/101/70
f 49/103/49 91/223/91 135/221/135
f 71/224/71 136/225/136 72/226/72
f 72/227/72 136/228/136 73/229/73
f 44/58/44 119/189/119 53/73/53
f 45/59/45 120/190/120 47/63/47
f 37/47/37 103/166/103 56/230/56
f 121/191/121 38/48/38 102/165/102
f 137/231/137 122/192/122 104/167/104
f 94/140/94 138/232/138 93/138/93
f 79/197/79 139/233/139 124/234/124
f 126/196/126 139/233/139 79/197/79
f 125/195/125 127/199/127 107/170/107
f 78/235/78 80/236/80 126/237/126
f 130/209/130 110/238/110 111/210/111
f 129/239/129 130/209/130 81/208/81
f 140/240/140 112/241/112 95/242/95
f 141/243/141 98/153/98 132/244/132
f 141/243/141 100/155/100 98/153/98
f 141/243/141 115/181/115 100/155/100
f 115/181/115 65/89/65 100/155/100
f 135/221/135 91/223/91 142/245/142
f 143/246/143 91/130/91 50/129/50
f 144/247/144 73/229/73 136/228/136
f 143/248/143 50/249/50 74/250/74
f 145/251/145 4/132/4 118/188/118
f 145/251/145 51/133/51 4/132/4
f 119/189/119 55/75/55 146/252/146
f 137/231/137 147/253/147 122/192/122
f 93/138/93 138/232/138 123/193/123
f 148/254/148 106/169/106 105/168/105
f 148/254/148 125/195/125 106/169/106
f 149/255/149 126/256/126 128/257/128
f 80/258/80 128/257/128 126/256/126
f 130/209/130 150/259/150 110/238/110
f 151/260/151 152/261/152 153/262/153
f 97/263/97 154/264/154 114/265/114
f 153/262/153 155/266/155 156/267/156
f 152/261/152 155/266/155 153/262/153
f 131/211/131 157/268/157 88/124/88
f 99/269/99 158/270/158 89/212/89
f 99/217/99 133/216/133 158/271/158
f 68/215/68 117/184/117 133/216/133
f 134/220/134 116/182/116 69/93/69
f 116/272/116 136/225/136 71/224/71
f 74/273/74 159/274/159 143/246/143
f 74/273/74 75/275/75 159/274/159
f 75/275/75 52/71/52 160/276/160
f 146/252/146 55/75/55 101/164/101
f 56/163/56 161/277/161 101/164/101
f 103/166/103 162/278/162 56/230/56
f 76/110/76 163/279/163 102/165/102
f 163/279/163 121/191/121 102/165/102
f 121/191/121 137/231/137 104/167/104
f 137/231/137 164/280/164 147/253/147
f 164/280/164 165/281/165 147/253/147
f 164/280/164 166/282/166 165/281/165
f 167/283/167 123/193/123 138/232/138
f 138/232/138 94/140/94 168/284/168
f 167/283/167 105/168/105 123/193/123
f 94/140/94 169/285/169 168/284/168
f 94/140/94 124/194/124 169/285/169
f 148/254/148 170/286/170 125/195/125
f 139/233/139 126/196/126 124/234/124
f 126/196/126 171/287/171 124/234/124
f 128/257/128 110/288/110 149/255/149
f 127/289/127 129/207/129 108/171/108
f 150/259/150 172/290/172 110/238/110
f 96/291/96 114/292/114 173/293/173
f 113/179/113 174/294/174 62/86/62
f 97/263/97 88/295/88 154/264/154
f 62/86/62 174/294/174 131/211/131
f 152/261/152 175/296/175 155/266/155
f 91/130/91 143/246/143 142/297/142
f 73/187/73 144/298/144 118/188/118
f 75/275/75 160/276/160 159/274/159
f 119/189/119 176/299/176 53/73/53
f 119/189/119 146/252/146 177/300/177
f 178/301/178 163/279/163 76/110/76
f 122/192/122 179/302/179 103/166/103
f 180/303/180 181/304/181 121/191/121
f 121/191/121 181/304/181 137/231/137
f 179/302/179 122/192/122 147/253/147
f 165/281/165 182/305/182 147/253/147
f 137/231/137 166/282/166 164/280/164
f 165/281/165 166/282/166 183/306/183
f 138/232/138 184/307/184 167/283/167
f 138/232/138 168/284/168 184/307/184
f 185/308/185 148/254/148 105/168/105
f 186/309/186 170/286/170 148/254/148
f 187/310/187 188/311/188 189/312/189
f 188/311/188 190/313/190 189/312/189
f 125/195/125 191/314/191 127/199/127
f 110/288/110 172/315/172 149/255/149
f 127/199/127 192/316/192 129/317/129
f 129/318/129 192/319/192 193/320/193
f 129/321/129 194/322/194 130/323/130
f 129/321/129 193/324/193 194/322/194
f 195/325/195 140/240/140 95/242/95
f 95/326/95 96/327/96 195/328/195
f 112/178/112 196/329/196 86/122/86
f 156/267/156 197/330/197 153/262/153
f 156/267/156 155/266/155 198/331/198
f 155/266/155 175/296/175 198/331/198
f 152/261/152 199/332/199 175/296/175
f 133/216/133 200/333/200 158/271/158
f 115/334/115 201/335/201 134/336/134
f 116/272/116 202/337/202 136/225/136
f 54/74/54 51/69/51 203/338/203
f 203/338/203 204/339/204 45/59/45
f 103/340/103 205/341/205 162/342/162
f 163/279/163 180/303/180 121/191/121
f 103/340/103 179/343/179 205/341/205
f 165/281/165 183/306/183 182/305/182
f 166/282/166 206/344/206 183/306/183
f 137/231/137 207/345/207 166/282/166
f 207/345/207 206/344/206 166/282/166
f 208/346/208 167/283/167 184/307/184
f 184/307/184 168/284/168 208/346/208
f 167/283/167 185/308/185 105/168/105
f 209/347/209 148/254/148 210/348/210
f 211/349/211 186/309/186 148/254/148
f 124/350/124 212/351/212 169/352/169
f 213/353/213 170/286/170 186/309/186
f 187/354/187 189/355/189 214/356/214
f 214/357/214 189/358/189 213/359/213
f 189/360/189 170/361/170 213/362/213
f 126/363/126 149/364/149 171/365/171
f 189/360/189 190/366/190 170/361/170
f 190/366/190 215/367/215 170/361/170
f 191/314/191 192/316/192 127/199/127
f 150/368/150 130/323/130 194/322/194
f 86/122/86 196/329/196 113/179/113
f 153/262/153 216/369/216 151/260/151
f 156/267/156 217/370/217 197/330/197
f 151/260/151 218/371/218 219/372/219
f 114/292/114 154/373/154 173/293/173
f 156/267/156 198/331/198 220/374/220
f 219/372/219 221/375/221 151/260/151
f 222/376/222 223/377/223 224/378/224
f 222/376/222 224/378/224 225/379/225
f 226/380/226 227/381/227 174/294/174
f 88/295/88 228/382/228 154/264/154
f 224/378/224 226/380/226 225/379/225
f 88/383/88 157/384/157 228/385/228
f 151/260/151 221/375/221 152/261/152
f 152/261/152 221/375/221 199/332/199
f 229/386/229 230/387/230 199/332/199
f 231/388/231 232/389/232 233/390/233
f 234/391/234 232/389/232 231/388/231
f 229/386/229 235/392/235 230/387/230
f 235/392/235 236/393/236 230/387/230
f 232/389/232 237/394/237 238/395/238
f 239/396/239 238/395/238 240/397/240
f 116/182/116 134/220/134 202/398/202
f 145/251/145 241/399/241 51/133/51
f 241/399/241 242/400/242 51/133/51
f 54/74/54 203/338/203 45/59/45
f 204/339/204 120/190/120 45/59/45
f 56/163/56 162/342/162 161/277/161
f 181/304/181 243/401/243 137/231/137
f 243/401/243 207/345/207 137/231/137
f 244/402/244 245/403/245 207/345/207
f 207/345/207 208/346/208 206/344/206
f 207/345/207 245/403/245 208/346/208
f 208/346/208 168/284/168 206/344/206
f 245/403/245 246/404/246 208/346/208
f 246/404/246 167/283/167 208/346/208
f 185/308/185 210/348/210 148/254/148
f 209/347/209 211/349/211 148/254/148
f 211/349/211 213/353/213 186/309/186
f 212/405/212 124/234/124 171/287/171
f 247/406/247 187/354/187 214/356/214
f 248/407/248 188/311/188 187/310/187
f 170/286/170 191/314/191 125/195/125
f 249/408/249 150/368/150 194/322/194
f 192/409/192 250/410/250 193/411/193
f 250/410/250 194/412/194 193/411/193
f 216/369/216 153/262/153 197/330/197
f 216/369/216 218/371/218 151/260/151
f 251/413/251 252/414/252 253/415/253
f 254/416/254 96/291/96 173/293/173
f 252/414/252 251/413/251 255/417/255
f 174/294/174 113/179/113 256/418/256
f 257/419/257 258/420/258 251/413/251
f 259/421/259 258/420/258 257/419/257
f 217/370/217 156/267/156 220/374/220
f 255/417/255 251/413/251 258/420/258
f 226/380/226 174/294/174 260/422/260
f 261/423/261 222/424/222 260/425/260
f 222/376/222 225/379/225 260/422/260
f 225/379/225 226/380/226 260/422/260
f 227/381/227 131/211/131 174/294/174
f 227/381/227 262/426/262 131/211/131
f 221/375/221 229/386/229 199/332/199
f 263/427/263 264/428/264 265/429/265
f 263/427/263 266/430/266 264/428/264
f 264/428/264 266/430/266 267/431/267
f 221/375/221 268/432/268 229/386/229
f 233/390/233 269/433/269 231/388/231
f 270/434/270 271/435/271 265/429/265
f 272/436/272 175/296/175 236/393/236
f 267/431/267 273/437/273 271/435/271
f 274/438/274 275/439/275 234/391/234
f 175/296/175 199/332/199 230/387/230
f 175/296/175 230/387/230 236/393/236
f 232/389/232 234/391/234 275/439/275
f 276/440/276 235/392/235 229/386/229
f 233/390/233 238/395/238 239/396/239
f 232/389/232 238/395/238 233/390/233
f 275/439/275 237/394/237 232/389/232
f 239/396/239 240/397/240 277/441/277
f 278/442/278 237/394/237 275/439/275
f 240/397/240 279/443/279 277/441/277
f 280/444/280 132/213/132 89/212/89
f 280/444/280 89/212/89 158/270/158
f 141/445/141 281/446/281 115/334/115
f 281/446/281 201/335/201 115/334/115
f 201/447/201 202/398/202 134/220/134
f 117/222/117 135/221/135 142/245/142
f 117/222/117 142/245/142 282/448/282
f 283/449/283 144/298/144 136/450/136
f 284/451/284 143/452/143 159/453/159
f 52/71/52 53/73/53 176/299/176
f 285/454/285 203/455/203 51/133/51
f 203/455/203 286/456/286 204/457/204
f 101/164/101 161/277/161 287/458/287
f 178/301/178 76/110/76 120/190/120
f 147/253/147 288/459/288 179/302/179
f 288/460/288 147/461/147 182/462/182
f 182/305/182 183/306/183 289/463/289
f 243/401/243 244/402/244 207/345/207
f 246/404/246 290/464/290 167/283/167
f 291/465/291 211/349/211 209/347/209
f 212/351/212 171/365/171 149/364/149
f 188/311/188 292/466/292 190/313/190
f 149/364/149 172/467/172 293/468/293
f 294/469/294 257/470/257 295/471/295
f 295/471/295 257/470/257 251/472/251
f 294/473/294 259/421/259 257/419/257
f 296/474/296 261/475/261 256/418/256
f 256/418/256 260/422/260 174/294/174
f 296/474/296 297/476/297 261/475/261
f 256/418/256 261/475/261 260/422/260
f 258/420/258 298/477/298 255/417/255
f 261/475/261 223/377/223 222/376/222
f 220/478/220 198/479/198 299/480/299
f 228/385/228 157/384/157 300/481/300
f 227/381/227 226/380/226 262/426/262
f 262/42/262 157/482/157 131/483/131
f 274/438/274 234/391/234 301/484/301
f 302/485/302 275/439/275 274/438/274
f 263/427/263 265/429/265 262/486/262
f 270/434/270 265/429/265 264/428/264
f 264/428/264 267/431/267 270/434/270
f 267/431/267 303/487/303 270/434/270
f 270/434/270 303/487/303 271/435/271
f 265/488/265 271/489/271 304/490/304
f 305/491/305 267/431/267 266/430/266
f 271/435/271 303/487/303 267/431/267
f 273/437/273 305/491/305 306/492/306
f 305/491/305 273/437/273 267/431/267
f 276/440/276 307/493/307 235/392/235
f 235/392/235 307/493/307 308/494/308
f 233/390/233 239/396/239 309/495/309
f 239/396/239 310/496/310 309/495/309
f 308/494/308 310/496/310 235/392/235
f 239/497/239 311/498/311 310/499/310
f 275/439/275 312/500/312 278/442/278
f 311/498/311 239/497/239 313/501/313
f 310/496/310 314/502/314 235/392/235
f 313/501/313 239/497/239 277/503/277
f 314/502/314 313/504/313 235/392/235
f 235/392/235 313/504/313 236/393/236
f 238/395/238 237/394/237 315/505/315
f 315/505/315 240/397/240 238/395/238
f 315/505/315 279/443/279 240/397/240
f 132/213/132 316/506/316 141/507/141
f 143/246/143 284/508/284 142/297/142
f 317/509/317 283/510/283 136/511/136
f 118/188/118 144/298/144 145/251/145
f 119/189/119 177/300/177 318/512/318
f 319/513/319 146/252/146 101/164/101
f 182/462/182 289/514/289 288/460/288
f 168/284/168 320/515/320 206/344/206
f 213/353/213 321/516/321 214/517/214
f 169/352/169 322/518/322 323/519/323
f 169/352/169 212/351/212 322/518/322
f 214/356/214 324/520/324 247/406/247
f 212/351/212 149/364/149 325/521/325
f 190/313/190 292/466/292 215/522/215
f 172/467/172 326/523/326 293/468/293
f 170/286/170 327/524/327 191/314/191
f 150/259/150 326/525/326 172/290/172
f 327/524/327 328/526/328 191/314/191
f 329/527/329 330/528/330 191/314/191
f 329/527/329 331/529/331 330/528/330
f 191/314/191 332/530/332 192/316/192
f 194/412/194 250/410/250 249/531/249
f 332/530/332 333/532/333 192/316/192
f 192/316/192 333/532/333 250/533/250
f 250/533/250 333/532/333 334/534/334
f 333/532/333 335/535/335 336/536/336
f 333/532/333 336/536/336 337/537/337
f 333/532/333 337/537/337 334/534/334
f 331/529/331 335/535/335 330/528/330
f 140/538/140 338/539/338 112/178/112
f 140/538/140 339/540/339 338/539/338
f 195/325/195 339/541/339 140/240/140
f 96/542/96 254/543/254 195/544/195
f 253/415/253 252/414/252 340/545/340
f 341/546/341 296/474/296 256/418/256
f 113/179/113 196/329/196 256/418/256
f 217/547/217 342/548/342 197/549/197
f 252/414/252 343/550/343 340/545/340
f 343/550/343 297/476/297 296/474/296
f 218/371/218 344/551/344 219/372/219
f 154/552/154 345/553/345 173/554/173
f 220/478/220 346/555/346 217/547/217
f 297/476/297 347/556/347 348/557/348
f 297/476/297 348/557/348 261/475/261
f 261/475/261 348/557/348 223/377/223
f 259/421/259 349/558/349 258/420/258
f 223/377/223 348/557/348 224/378/224
f 258/420/258 349/558/349 298/477/298
f 224/559/224 348/560/348 226/561/226
f 228/562/228 350/563/350 154/552/154
f 348/557/348 351/564/351 226/380/226
f 228/562/228 300/565/300 350/563/350
f 350/563/350 352/566/352 154/552/154
f 175/296/175 353/567/353 198/331/198
f 219/372/219 354/568/354 221/375/221
f 301/484/301 234/391/234 231/388/231
f 175/296/175 272/436/272 353/567/353
f 354/569/354 268/570/268 221/571/221
f 263/427/263 355/572/355 266/430/266
f 302/485/302 356/573/356 275/439/275
f 269/574/269 357/575/357 354/569/354
f 229/386/229 268/432/268 358/576/358
f 265/488/265 304/490/304 359/577/359
f 233/578/233 357/575/357 269/574/269
f 233/390/233 358/576/358 357/579/357
f 229/386/229 358/576/358 276/440/276
f 271/580/271 360/581/360 304/582/304
f 233/390/233 361/583/361 362/584/362
f 276/585/276 363/586/363 307/587/307
f 233/390/233 309/495/309 361/583/361
f 309/588/309 364/589/364 307/590/307
f 364/591/364 308/494/308 307/493/307
f 313/504/313 314/502/314 311/592/311
f 311/592/311 314/502/314 310/496/310
f 277/503/277 365/593/365 313/501/313
f 277/503/277 366/594/366 365/593/365
f 315/505/315 367/595/367 279/443/279
f 367/595/367 368/596/368 279/443/279
f 278/442/278 369/597/369 237/394/237
f 133/216/133 370/598/370 200/333/200
f 284/451/284 159/453/159 371/599/371
f 119/189/119 318/512/318 176/299/176
f 101/164/101 287/458/287 372/600/372
f 120/190/120 204/339/204 178/301/178
f 181/601/181 373/602/373 243/603/243
f 245/403/245 374/604/374 246/404/246
f 169/352/169 375/605/375 168/606/168
f 290/464/290 185/308/185 167/283/167
f 213/353/213 211/349/211 321/516/321
f 169/352/169 323/519/323 375/605/375
f 214/517/214 321/516/321 324/607/324
f 247/406/247 324/520/324 187/354/187
f 376/608/376 248/407/248 187/310/187
f 325/521/325 377/609/377 212/351/212
f 248/407/248 378/610/378 379/611/379
f 248/407/248 379/611/379 188/311/188
f 378/610/378 380/612/380 379/611/379
f 379/611/379 380/612/380 381/613/381
f 379/611/379 381/613/381 188/311/188
f 149/364/149 382/614/382 325/521/325
f 149/364/149 293/468/293 382/614/382
f 215/367/215 327/615/327 170/361/170
f 327/616/327 215/617/215 383/618/383
f 249/408/249 326/619/326 150/368/150
f 328/620/328 329/621/329 191/622/191
f 191/623/191 330/624/330 332/625/332
f 329/527/329 328/526/328 331/529/331
f 330/624/330 335/626/335 332/625/332
f 332/530/332 335/535/335 333/532/333
f 337/537/337 384/627/384 334/534/334
f 336/536/336 385/628/385 337/537/337
f 385/628/385 384/627/384 337/537/337
f 336/536/336 386/629/386 385/628/385
f 386/629/386 338/539/338 339/540/339
f 112/630/112 338/631/338 196/632/196
f 253/633/253 387/634/387 251/472/251
f 253/633/253 388/635/388 387/634/387
f 253/415/253 340/545/340 388/636/388
f 341/546/341 256/418/256 389/637/389
f 340/545/340 296/474/296 388/636/388
f 388/638/388 296/639/296 341/640/341
f 294/469/294 295/471/295 390/641/390
f 296/474/296 340/545/340 343/550/343
f 218/642/218 391/643/391 344/644/344
f 343/645/343 347/646/347 297/647/297
f 217/547/217 346/555/346 342/548/342
f 252/414/252 255/417/255 343/550/343
f 220/478/220 299/480/299 346/555/346
f 347/556/347 392/648/392 348/557/348
f 392/648/392 393/649/393 348/557/348
f 298/477/298 349/558/349 394/650/394
f 393/651/393 394/652/394 348/616/348
f 274/438/274 345/553/345 302/485/302
f 394/650/394 351/564/351 348/557/348
f 154/552/154 352/566/352 345/553/345
f 345/553/345 352/566/352 302/485/302
f 226/380/226 351/564/351 262/426/262
f 302/485/302 352/566/352 356/573/356
f 301/653/301 231/654/231 354/655/354
f 231/656/231 269/657/269 354/658/354
f 265/659/265 359/660/359 262/661/262
f 395/662/395 396/663/396 263/427/263
f 263/427/263 396/663/396 355/572/355
f 395/662/395 306/492/306 396/663/396
f 268/570/268 354/569/354 357/575/357
f 396/663/396 306/492/306 355/572/355
f 357/579/357 358/576/358 268/432/268
f 306/492/306 397/664/397 355/572/355
f 266/430/266 397/664/397 305/491/305
f 306/492/306 305/491/305 397/664/397
f 233/665/233 362/666/362 358/667/358
f 276/440/276 362/584/362 361/583/361
f 306/668/306 398/669/398 273/670/273
f 276/440/276 361/583/361 363/671/363
f 398/669/398 399/672/399 273/670/273
f 399/673/399 400/674/400 273/675/273
f 271/580/271 400/676/400 360/581/360
f 273/677/273 400/676/400 271/580/271
f 309/495/309 401/678/401 361/583/361
f 363/671/363 361/583/361 401/678/401
f 363/671/363 401/678/401 307/493/307
f 360/679/360 402/680/402 304/490/304
f 307/493/307 401/678/401 309/495/309
f 309/495/309 310/496/310 364/591/364
f 308/494/308 364/591/364 310/496/310
f 356/573/356 312/500/312 275/439/275
f 236/681/236 403/682/403 272/683/272
f 365/593/365 366/594/366 313/501/313
f 313/504/313 366/684/366 236/393/236
f 277/503/277 404/685/404 366/594/366
f 279/686/279 404/685/404 277/503/277
f 278/442/278 405/687/405 369/597/369
f 369/597/369 406/688/406 237/394/237
f 200/689/200 280/444/280 158/270/158
f 316/690/316 281/446/281 141/445/141
f 117/222/117 282/448/282 407/691/407
f 144/298/144 408/692/408 145/251/145
f 176/299/176 318/512/318 409/693/409
f 285/454/285 286/456/286 203/455/203
f 205/341/205 161/277/161 162/342/162
f 180/303/180 163/279/163 410/694/410
f 289/514/289 411/695/411 288/460/288
f 244/402/244 243/401/243 412/696/412
f 168/284/168 375/697/375 320/515/320
f 324/520/324 376/698/376 187/354/187
f 212/351/212 377/609/377 322/518/322
f 382/614/382 413/699/413 325/521/325
f 378/610/378 414/700/414 380/612/380
f 381/701/381 380/702/380 292/703/292
f 381/704/381 292/705/292 188/706/188
f 293/468/293 326/523/326 382/614/382
f 327/707/327 383/708/383 415/709/415
f 326/523/326 249/710/249 416/711/416
f 328/712/328 417/713/417 331/714/331
f 250/533/250 334/534/334 418/715/418
f 334/534/334 384/627/384 418/715/418
f 331/529/331 419/716/419 335/535/335
f 419/716/419 420/717/420 335/535/335
f 420/717/420 336/536/336 335/535/335
f 420/717/420 389/637/389 421/718/421
f 420/717/420 422/719/422 336/536/336
f 422/719/422 386/629/386 336/536/336
f 386/629/386 339/540/339 385/628/385
f 389/637/389 196/329/196 421/718/421
f 421/720/421 196/721/196 422/722/422
f 389/637/389 256/418/256 196/329/196
f 254/543/254 423/723/423 195/544/195
f 197/549/197 342/548/342 424/724/424
f 254/543/254 173/725/173 423/723/423
f 173/726/173 425/727/425 423/728/423
f 173/554/173 345/553/345 425/729/425
f 425/729/425 345/553/345 426/730/426
f 255/417/255 392/648/392 343/550/343
f 219/372/219 344/551/344 427/731/427
f 343/550/343 392/648/392 347/556/347
f 255/417/255 298/477/298 392/648/392
f 274/438/274 301/484/301 345/553/345
f 157/732/157 350/563/350 300/565/300
f 354/568/354 428/733/428 301/484/301
f 157/732/157 429/734/429 350/563/350
f 350/563/350 359/735/359 352/566/352
f 350/563/350 429/734/429 359/735/359
f 263/736/263 262/737/262 430/738/430
f 157/482/157 262/42/262 429/739/429
f 263/740/263 431/741/431 395/742/395
f 430/743/430 431/744/431 263/745/263
f 262/746/262 359/735/359 429/734/429
f 266/430/266 355/572/355 397/664/397
f 359/735/359 356/573/356 352/566/352
f 358/747/358 432/748/432 276/749/276
f 358/667/358 362/666/362 432/750/432
f 276/440/276 432/751/432 362/584/362
f 360/752/360 433/753/433 402/754/402
f 236/393/236 366/684/366 404/755/404
f 312/500/312 434/756/434 278/442/278
f 278/442/278 434/756/434 405/687/405
f 279/686/279 368/757/368 404/685/404
f 237/394/237 367/595/367 315/505/315
f 406/688/406 369/597/369 435/758/435
f 237/394/237 406/688/406 367/595/367
f 133/216/133 117/184/117 370/598/370
f 201/447/201 436/759/436 202/398/202
f 136/225/136 202/337/202 317/760/317
f 284/451/284 371/599/371 437/761/437
f 159/453/159 437/761/437 371/599/371
f 408/692/408 241/399/241 145/251/145
f 101/164/101 372/600/372 319/513/319
f 205/341/205 179/343/179 438/762/438
f 181/304/181 180/303/180 439/763/439
f 181/304/181 439/763/439 373/764/373
f 244/402/244 412/696/412 440/765/440
f 244/402/244 440/765/440 441/766/441
f 244/402/244 441/766/441 245/403/245
f 374/604/374 442/767/442 246/404/246
f 442/767/442 290/464/290 246/404/246
f 290/464/290 442/767/442 185/308/185
f 185/308/185 442/767/442 210/348/210
f 321/516/321 443/768/443 324/607/324
f 376/608/376 444/769/444 248/407/248
f 248/770/248 444/771/444 378/772/378
f 382/614/382 326/523/326 413/699/413
f 292/466/292 445/773/445 215/522/215
f 445/774/445 383/775/383 215/776/215
f 445/777/445 446/778/446 383/779/383
f 383/779/383 446/778/446 415/780/415
f 327/524/327 417/781/417 328/526/328
f 418/715/418 447/782/447 250/533/250
f 250/410/250 447/783/447 249/531/249
f 384/627/384 448/784/448 418/715/418
f 417/713/417 449/785/449 331/714/331
f 331/786/331 449/787/449 419/788/419
f 419/716/419 389/637/389 420/717/420
f 385/628/385 450/789/450 384/627/384
f 420/790/420 421/720/421 422/722/422
f 385/628/385 339/540/339 450/789/450
f 216/369/216 197/330/197 451/791/451
f 386/629/386 422/719/422 338/539/338
f 339/541/339 195/325/195 452/792/452
f 422/793/422 196/632/196 338/631/338
f 451/791/451 197/330/197 424/794/424
f 251/472/251 387/634/387 295/471/295
f 453/795/453 391/796/391 218/797/218
f 425/798/425 426/799/426 423/800/423
f 219/372/219 427/731/427 454/801/454
f 392/648/392 298/477/298 394/650/394
f 394/650/394 393/649/393 392/648/392
f 345/802/345 455/803/455 456/804/456
f 345/802/345 301/805/301 455/803/455
f 349/558/349 351/564/351 394/650/394
f 198/479/198 353/806/353 299/480/299
f 301/484/301 428/733/428 455/807/455
f 428/733/428 354/568/354 219/372/219
f 351/564/351 430/743/430 262/426/262
f 395/808/395 398/809/398 306/810/306
f 353/806/353 272/683/272 403/682/403
f 359/577/359 304/490/304 356/811/356
f 304/490/304 402/680/402 356/811/356
f 402/680/402 457/812/457 356/811/356
f 399/673/399 458/813/458 400/674/400
f 402/754/402 312/500/312 457/814/457
f 402/815/402 459/816/459 312/817/312
f 402/818/402 460/819/460 459/820/459
f 460/821/460 434/756/434 312/500/312
f 400/822/400 433/753/433 360/752/360
f 402/818/402 461/823/461 460/819/460
f 236/393/236 404/755/404 403/824/403
f 433/753/433 462/825/462 402/754/402
f 402/754/402 462/825/462 461/826/461
f 280/444/280 463/827/463 132/213/132
f 132/213/132 464/828/464 316/506/316
f 436/829/436 465/830/465 202/337/202
f 117/222/117 407/691/407 466/831/466
f 202/337/202 465/830/465 317/760/317
f 283/449/283 467/832/467 144/298/144
f 159/453/159 160/833/160 437/761/437
f 204/457/204 468/834/468 178/835/178
f 178/301/178 410/694/410 163/279/163
f 205/341/205 469/836/469 161/277/161
f 179/343/179 411/695/411 438/762/438
f 288/460/288 411/695/411 179/343/179
f 206/837/206 320/838/320 470/839/470
f 209/347/209 471/840/471 291/465/291
f 413/699/413 377/609/377 325/521/325
f 380/841/380 414/842/414 472/843/472
f 380/702/380 472/844/472 292/703/292
f 292/466/292 472/845/472 473/846/473
f 292/466/292 473/846/473 445/773/445
f 326/523/326 416/711/416 413/699/413
f 249/710/249 447/847/447 416/711/416
f 327/524/327 474/848/474 417/781/417
f 384/849/384 475/850/475 448/851/448
f 389/637/389 419/716/419 476/852/476
f 384/849/384 450/853/450 475/850/475
f 476/852/476 477/854/477 389/637/389
f 341/546/341 389/637/389 477/854/477
f 195/544/195 423/723/423 478/855/478
f 424/724/424 342/548/342 479/856/479
f 345/802/345 456/804/456 426/799/426
f 219/372/219 454/801/454 480/857/480
f 299/480/299 353/806/353 481/858/481
f 351/564/351 431/744/431 430/743/430
f 395/742/395 431/741/431 482/859/482
f 353/806/353 403/682/403 483/860/483
f 398/861/398 484/862/484 399/673/399
f 356/573/356 457/814/457 312/500/312
f 399/673/399 484/862/484 458/813/458
f 459/863/459 460/821/460 312/500/312
f 400/822/400 485/864/485 433/753/433
f 461/823/461 434/865/434 460/819/460
f 461/823/461 462/866/462 434/865/434
f 406/688/406 486/867/486 367/595/367
f 487/868/487 281/446/281 316/690/316
f 281/446/281 487/868/487 201/335/201
f 282/448/282 488/869/488 407/691/407
f 284/508/284 437/870/437 142/297/142
f 160/833/160 489/871/489 437/761/437
f 144/298/144 467/832/467 408/692/408
f 176/299/176 160/276/160 52/71/52
f 242/400/242 490/872/490 51/133/51
f 177/300/177 146/252/146 319/513/319
f 287/458/287 161/277/161 491/873/491
f 468/834/468 410/874/410 178/835/178
f 180/303/180 410/694/410 492/875/492
f 373/764/373 493/876/493 243/401/243
f 494/877/494 289/514/289 183/878/183
f 183/878/183 470/839/470 494/877/494
f 183/878/183 206/837/206 470/839/470
f 211/879/211 291/880/291 495/881/495
f 211/349/211 495/882/495 321/516/321
f 495/882/495 443/768/443 321/516/321
f 324/520/324 496/883/496 376/698/376
f 378/884/378 444/885/444 414/842/414
f 416/886/416 447/887/447 413/888/413
f 446/889/446 497/890/497 415/891/415
f 415/891/415 497/890/497 327/892/327
f 417/781/417 474/848/474 449/893/449
f 498/894/498 449/893/449 474/848/474
f 498/894/498 419/716/419 449/893/449
f 419/716/419 498/894/498 476/852/476
f 339/895/339 452/896/452 450/853/450
f 341/640/341 477/897/477 388/638/388
f 390/898/390 499/899/499 294/900/294
f 423/800/423 426/799/426 500/901/500
f 501/902/501 299/480/299 481/858/481
f 428/733/428 219/372/219 480/857/480
f 349/903/349 502/904/502 351/905/351
f 503/906/503 504/907/504 351/908/351
f 353/806/353 483/860/483 481/858/481
f 351/909/351 504/910/504 431/911/431
f 482/912/482 505/913/505 395/808/395
f 395/808/395 505/913/505 398/809/398
f 400/914/400 458/915/458 485/916/485
f 458/915/458 506/917/506 485/916/485
f 458/915/458 507/918/507 508/919/508
f 458/915/458 509/920/509 507/918/507
f 404/685/404 368/757/368 403/682/403
f 462/825/462 405/687/405 434/756/434
f 367/595/367 510/921/510 368/596/368
f 406/688/406 511/922/511 486/867/486
f 117/184/117 466/923/466 370/598/370
f 201/447/201 512/924/512 436/759/436
f 142/297/142 513/925/513 282/926/282
f 142/297/142 437/870/437 513/925/513
f 437/870/437 489/927/489 513/925/513
f 241/399/241 514/928/514 242/400/242
f 180/303/180 492/875/492 439/763/439
f 289/514/289 494/877/494 411/695/411
f 493/876/493 412/696/412 243/401/243
f 320/838/320 375/605/375 515/929/515
f 471/840/471 495/882/495 291/465/291
f 496/930/496 443/768/443 516/931/516
f 324/607/324 443/768/443 496/930/496
f 517/932/517 444/769/444 376/608/376
f 444/885/444 472/843/472 414/842/414
f 518/933/518 445/934/445 473/935/473
f 519/936/519 497/890/497 446/889/446
f 519/936/519 474/937/474 497/890/497
f 497/938/497 474/848/474 327/524/327
f 520/939/520 216/369/216 521/940/521
f 216/369/216 451/791/451 521/940/521
f 498/894/498 522/941/522 476/852/476
f 216/942/216 520/943/520 218/944/218
f 450/853/450 452/896/452 475/850/475
f 452/792/452 195/325/195 478/945/478
f 476/852/476 523/946/523 477/854/477
f 524/947/524 451/791/451 424/794/424
f 477/854/477 523/946/523 388/636/388
f 388/636/388 523/946/523 387/948/387
f 479/856/479 342/548/342 346/555/346
f 346/555/346 299/480/299 525/949/525
f 525/949/525 299/480/299 501/902/501
f 526/950/526 502/904/502 349/903/349
f 455/807/455 428/733/428 480/857/480
f 502/951/502 503/906/503 351/908/351
f 431/952/431 504/953/504 482/954/482
f 506/917/506 458/915/458 508/919/508
f 527/955/527 433/956/433 485/957/485
f 484/862/484 509/958/509 458/813/458
f 405/687/405 462/825/462 528/959/528
f 462/825/462 529/960/529 528/959/528
f 405/687/405 528/959/528 369/597/369
f 486/867/486 510/921/510 367/595/367
f 528/959/528 435/758/435 369/597/369
f 435/758/435 511/922/511 406/688/406
f 280/961/280 200/962/200 530/963/530
f 200/333/200 370/598/370 531/964/531
f 467/965/467 283/510/283 317/509/317
f 489/927/489 160/276/160 532/966/532
f 409/693/409 318/512/318 533/967/533
f 534/968/534 177/300/177 319/513/319
f 535/969/535 204/457/204 286/456/286
f 287/458/287 491/873/491 372/600/372
f 469/836/469 205/341/205 438/762/438
f 438/762/438 411/695/411 536/970/536
f 493/876/493 440/765/440 412/696/412
f 537/971/537 441/972/441 440/973/440
f 470/839/470 320/838/320 538/974/538
f 245/403/245 441/766/441 374/604/374
f 209/347/209 210/348/210 442/767/442
f 375/605/375 323/519/323 515/929/515
f 495/882/495 516/931/516 443/768/443
f 323/519/323 322/518/322 539/975/539
f 517/976/517 376/698/376 496/883/496
f 377/609/377 413/699/413 540/977/540
f 413/699/413 447/847/447 540/977/540
f 447/847/447 418/978/418 541/979/541
f 541/980/541 418/715/418 448/784/448
f 475/850/475 452/896/452 448/851/448
f 448/851/448 452/896/452 541/979/541
f 476/981/476 522/982/522 523/983/523
f 522/941/522 387/948/387 523/946/523
f 542/984/542 295/471/295 387/634/387
f 423/800/423 500/901/500 478/985/478
f 426/799/426 456/804/456 543/986/543
f 259/987/259 526/950/526 349/903/349
f 503/906/503 544/988/544 504/907/504
f 504/989/504 545/990/545 482/912/482
f 482/912/482 545/990/545 505/913/505
f 505/913/505 546/991/546 398/809/398
f 546/991/546 484/992/484 398/809/398
f 547/993/547 484/862/484 546/994/546
f 506/995/506 508/996/508 485/997/485
f 547/998/547 548/999/548 484/1000/484
f 485/997/485 508/996/508 549/1001/549
f 484/862/484 548/1002/548 509/958/509
f 485/997/485 549/1001/549 527/1003/527
f 549/1001/549 550/1004/550 527/1003/527
f 550/1005/550 433/956/433 527/955/527
f 550/1005/550 551/1006/551 433/956/433
f 433/753/433 551/1007/551 462/825/462
f 462/825/462 551/1007/551 529/960/529
f 528/959/528 552/1008/552 435/758/435
f 132/213/132 553/1009/553 464/828/464
f 200/1010/200 531/1011/531 530/1012/530
f 436/829/436 554/1013/554 465/830/465
f 466/923/466 407/1014/407 488/1015/488
f 282/448/282 555/1016/555 488/869/488
f 51/133/51 490/872/490 285/454/285
f 438/762/438 536/970/536 469/836/469
f 439/763/439 556/1017/556 373/764/373
f 470/839/470 538/974/538 494/877/494
f 493/876/493 537/1018/537 440/765/440
f 209/347/209 442/767/442 471/840/471
f 322/518/322 377/609/377 557/1019/557
f 444/769/444 473/846/473 472/845/472
f 445/934/445 518/933/518 558/1020/558
f 445/777/445 559/1021/559 446/778/446
f 560/1022/560 474/848/474 519/1023/519
f 560/1022/560 561/1024/561 474/848/474
f 498/894/498 474/848/474 561/1024/561
f 520/1025/520 562/1026/562 218/797/218
f 218/797/218 562/1026/562 453/795/453
f 387/948/387 522/941/522 542/1027/542
f 295/471/295 542/984/542 390/641/390
f 346/555/346 563/1028/563 479/856/479
f 564/1029/564 565/1030/565 566/1031/566
f 567/1032/567 564/1029/564 566/1031/566
f 567/1032/567 568/1033/568 564/1029/564
f 426/799/426 543/986/543 500/901/500
f 259/987/259 294/1034/294 526/950/526
f 427/1035/427 344/1036/344 569/1037/569
f 427/1038/427 569/1039/569 570/1040/570
f 346/555/346 525/949/525 563/1028/563
f 568/1033/568 571/1041/571 572/1042/572
f 568/1033/568 572/1042/572 564/1029/564
f 526/950/526 573/1043/573 502/904/502
f 504/907/504 544/988/544 545/1044/545
f 544/988/544 505/1045/505 545/1044/545
f 403/682/403 574/1046/574 483/860/483
f 505/1045/505 547/993/547 546/994/546
f 505/1045/505 575/1047/575 547/993/547
f 576/1048/576 575/1047/575 505/1045/505
f 575/1047/575 577/1049/577 547/993/547
f 507/918/507 549/1050/549 508/919/508
f 547/1051/547 578/1052/578 548/982/548
f 507/918/507 509/920/509 549/1050/549
f 509/920/509 579/1053/579 549/1050/549
f 368/757/368 510/1054/510 403/682/403
f 464/1055/464 487/868/487 316/690/316
f 370/598/370 580/1056/580 531/964/531
f 370/598/370 466/923/466 581/1057/581
f 487/868/487 512/1058/512 201/335/201
f 466/923/466 488/1015/488 581/1057/581
f 282/926/282 513/925/513 555/1059/555
f 160/276/160 176/299/176 582/1060/582
f 285/454/285 583/1061/583 286/456/286
f 204/457/204 535/969/535 468/834/468
f 410/874/410 584/1062/584 492/1063/492
f 439/1064/439 585/1065/585 556/1066/556
f 471/840/471 586/1067/586 495/882/495
f 587/1068/587 495/882/495 586/1067/586
f 323/519/323 539/975/539 515/929/515
f 558/1069/558 559/1021/559 445/777/445
f 559/1070/559 588/1071/588 446/889/446
f 446/889/446 588/1071/588 519/936/519
f 447/847/447 541/979/541 540/977/540
f 589/1072/589 590/1073/590 567/1032/567
f 567/1032/567 566/1031/566 591/1074/591
f 590/1073/590 568/1033/568 567/1032/567
f 591/1074/591 566/1031/566 565/1030/565
f 592/1075/592 571/1041/571 568/1033/568
f 456/804/456 593/1076/593 543/986/543
f 427/1038/427 570/1040/570 454/1077/454
f 564/1029/564 594/1078/594 565/1030/565
f 564/1029/564 572/1042/572 594/1078/594
f 595/1079/595 503/906/503 502/951/502
f 505/1045/505 544/988/544 596/1080/596
f 547/993/547 577/1049/577 578/1081/578
f 578/1081/578 577/1049/577 548/1002/548
f 549/1001/549 597/1082/597 550/1004/550
f 548/1002/548 598/1083/598 509/958/509
f 528/959/528 529/960/529 552/1008/552
f 435/758/435 552/1008/552 511/922/511
f 132/213/132 463/827/463 553/1009/553
f 280/1084/280 530/1085/530 463/1086/463
f 436/759/436 512/924/512 554/1087/554
f 599/1088/599 600/1089/600 601/1090/601
f 600/1089/600 602/1091/602 601/1090/601
f 241/399/241 408/692/408 603/1092/603
f 318/512/318 604/1093/604 533/967/533
f 490/872/490 605/1094/605 285/454/285
f 319/513/319 372/600/372 606/1095/606
f 607/1096/607 608/1097/608 609/1098/609
f 608/1097/608 610/1099/610 609/1098/609
f 610/1099/610 611/1100/611 609/1098/609
f 372/600/372 612/1101/612 606/1095/606
f 468/834/468 584/1062/584 410/874/410
f 161/277/161 469/836/469 491/873/491
f 494/877/494 613/1102/613 411/695/411
f 373/764/373 556/1017/556 493/876/493
f 374/604/374 614/1103/614 442/767/442
f 515/929/515 538/974/538 320/838/320
f 516/931/516 615/1104/615 496/930/496
f 616/1105/616 558/1020/558 518/933/518
f 521/940/521 451/791/451 617/1106/617
f 618/1107/618 561/1024/561 560/1022/560
f 451/1108/451 524/1109/524 617/1110/617
f 561/1024/561 522/941/522 498/894/498
f 524/1109/524 424/724/424 619/1111/619
f 620/1112/620 478/985/478 500/901/500
f 619/1111/619 424/724/424 479/856/479
f 621/1113/621 589/1072/589 567/1032/567
f 621/1113/621 567/1032/567 591/1074/591
f 590/1073/590 592/1075/592 568/1033/568
f 591/1074/591 565/1030/565 622/1114/622
f 344/644/344 391/643/391 623/1115/623
f 573/1116/573 526/1117/526 294/1118/294
f 624/1119/624 543/986/543 593/1076/593
f 573/1120/573 595/1079/595 502/951/502
f 625/1121/625 572/1042/572 571/1041/571
f 455/807/455 480/857/480 456/1122/456
f 454/801/454 626/1123/626 480/857/480
f 456/1122/456 480/857/480 626/1123/626
f 627/1124/627 576/1048/576 505/1045/505
f 574/1046/574 403/682/403 628/1125/628
f 576/1048/576 629/1126/629 575/1047/575
f 629/1126/629 630/1127/630 575/1047/575
f 575/1047/575 631/1128/631 577/1049/577
f 577/1049/577 631/1128/631 548/1002/548
f 579/1129/579 597/1082/597 549/1001/549
f 632/1130/632 597/1082/597 579/1129/579
f 579/1053/579 509/920/509 632/1131/632
f 633/1132/633 551/1006/551 550/1005/550
f 634/1133/634 529/960/529 551/1007/551
f 552/1134/552 635/1135/635 511/1136/511
f 635/1135/635 486/1137/486 511/1136/511
f 463/1138/463 530/1012/530 636/1139/636
f 370/598/370 581/1057/581 580/1056/580
f 599/1088/599 637/1140/637 600/1089/600
f 638/1141/638 600/1089/600 637/1140/637
f 601/1090/601 639/1142/639 599/1088/599
f 488/869/488 555/1016/555 640/1143/640
f 600/1089/600 638/1141/638 602/1091/602
f 465/830/465 641/1144/641 317/760/317
f 489/927/489 532/966/532 642/1145/642
f 467/832/467 643/1146/643 408/692/408
f 532/966/532 160/276/160 582/1060/582
f 603/1147/603 644/1148/644 241/1149/241
f 644/1148/644 514/1150/514 241/1149/241
f 645/1151/645 318/512/318 177/300/177
f 177/300/177 534/968/534 646/1152/646
f 647/1153/647 534/968/534 319/513/319
f 647/1153/647 319/513/319 606/1095/606
f 607/1096/607 609/1098/609 648/1154/648
f 648/1154/648 609/1098/609 649/1155/649
f 583/1061/583 535/969/535 286/456/286
f 611/1100/611 650/1156/650 609/1098/609
f 612/1101/612 372/600/372 491/873/491
f 536/970/536 411/695/411 613/1102/613
f 494/877/494 538/974/538 651/1157/651
f 614/1103/614 374/604/374 441/766/441
f 587/1068/587 652/1158/652 495/882/495
f 495/882/495 653/1159/653 516/931/516
f 615/1160/615 517/976/517 496/883/496
f 322/518/322 557/1019/557 539/975/539
f 654/1161/654 473/846/473 444/769/444
f 377/609/377 540/977/540 557/1019/557
f 655/1162/655 518/1163/518 473/846/473
f 521/1164/521 617/1165/617 520/1166/520
f 519/1023/519 618/1107/618 560/1022/560
f 656/1167/656 562/1026/562 520/1025/520
f 618/1107/618 657/1168/657 561/1024/561
f 658/1169/658 542/1027/542 522/941/522
f 390/641/390 542/984/542 658/1170/658
f 620/1112/620 500/901/500 659/1171/659
f 590/1073/590 660/1172/660 592/1075/592
f 563/1028/563 525/949/525 661/1173/661
f 592/1075/592 662/1174/662 571/1041/571
f 565/1175/565 663/1176/663 622/1177/622
f 664/1178/664 544/988/544 595/1079/595
f 501/902/501 481/858/481 665/1179/665
f 595/1079/595 544/988/544 503/906/503
f 565/1030/565 594/1078/594 663/1180/663
f 627/1124/627 505/1045/505 596/1080/596
f 666/1181/666 629/1126/629 576/1048/576
f 630/1127/630 631/1128/631 575/1047/575
f 631/1128/631 667/1182/667 548/1002/548
f 509/920/509 598/1183/598 632/1131/632
f 597/1082/597 632/1130/632 550/1004/550
f 548/1002/548 667/1182/667 598/1083/598
f 510/1184/510 486/1137/486 668/1185/668
f 529/1186/529 634/1187/634 669/1188/669
f 669/1189/669 670/1190/670 529/1191/529
f 529/1192/529 670/1193/670 671/1194/671
f 553/1195/553 487/868/487 464/1055/464
f 581/1057/581 488/1015/488 640/1196/640
f 599/1088/599 672/1197/672 637/1140/637
f 512/924/512 673/1198/673 554/1087/554
f 317/509/317 641/1199/641 467/965/467
f 642/1145/642 532/966/532 674/1200/674
f 582/1060/582 176/299/176 409/693/409
f 534/968/534 647/1153/647 646/1152/646
f 609/1098/609 650/1156/650 649/1155/649
f 584/1062/584 585/1065/585 492/1063/492
f 492/1063/492 585/1065/585 439/1064/439
f 586/1067/586 471/840/471 675/1201/675
f 652/1158/652 653/1159/653 495/882/495
f 615/1160/615 676/1202/676 517/976/517
f 676/1203/676 654/1204/654 517/1205/517
f 654/1161/654 444/769/444 517/932/517
f 524/1206/524 619/1207/619 677/1208/677
f 478/945/478 620/1209/620 452/792/452
f 561/1024/561 678/1210/678 522/941/522
f 500/901/500 543/986/543 659/1171/659
f 344/644/344 623/1115/623 569/1039/569
f 294/1118/294 595/1211/595 573/1116/573
f 679/1212/679 664/1213/664 595/1214/595
f 454/801/454 456/1122/456 626/1123/626
f 625/1121/625 571/1041/571 680/1215/680
f 596/1080/596 544/988/544 664/1178/664
f 483/860/483 574/1046/574 481/858/481
f 681/1216/681 682/1217/682 666/1181/666
f 682/1217/682 683/1218/683 666/1181/666
f 681/1216/681 576/1048/576 627/1124/627
f 681/1216/681 666/1181/666 576/1048/576
f 683/1218/683 629/1126/629 666/1181/666
f 403/682/403 684/1219/684 628/1125/628
f 403/682/403 510/1054/510 668/1220/668
f 550/1005/550 685/1221/685 633/1132/633
f 633/1132/633 685/1221/685 551/1006/551
f 551/1006/551 685/1221/685 634/1222/634
f 486/1137/486 686/1223/686 668/1185/668
f 552/1008/552 529/960/529 671/1224/671
f 530/1012/530 687/1225/687 636/1139/636
f 530/1012/530 531/1011/531 687/1225/687
f 531/964/531 580/1056/580 688/1226/688
f 599/1088/599 689/1227/689 672/1197/672
f 599/1088/599 639/1142/639 689/1227/689
f 642/1145/642 513/925/513 489/927/489
f 642/1145/642 674/1200/674 513/925/513
f 602/1091/602 690/1228/690 601/1090/601
f 409/693/409 691/1229/691 582/1060/582
f 318/512/318 645/1151/645 604/1093/604
f 177/300/177 646/1152/646 645/1151/645
f 285/454/285 605/1094/605 692/1230/692
f 693/1231/693 608/1097/608 607/1096/607
f 650/1156/650 694/1232/694 649/1155/649
f 611/1100/611 610/1099/610 695/1233/695
f 611/1100/611 696/1234/696 650/1156/650
f 650/1156/650 696/1234/696 697/1235/697
f 611/1100/611 695/1233/695 696/1234/696
f 585/1065/585 698/1236/698 556/1066/556
f 654/1161/654 655/1162/655 473/846/473
f 518/933/518 655/1237/655 616/1105/616
f 617/1165/617 699/1238/699 520/1166/520
f 588/1239/588 618/1107/618 519/1023/519
f 617/1110/617 524/1109/524 700/1240/700
f 452/896/452 701/1241/701 541/979/541
f 524/1109/524 677/1242/677 702/1243/702
f 619/1111/619 479/856/479 703/1244/703
f 678/1210/678 658/1169/658 522/941/522
f 591/1074/591 704/1245/704 621/1113/621
f 589/1072/589 705/1246/705 590/1073/590
f 706/1247/706 499/899/499 390/898/390
f 294/1248/294 499/1249/499 595/1250/595
f 660/1172/660 707/1251/707 592/1075/592
f 707/1251/707 662/1174/662 592/1075/592
f 571/1041/571 662/1174/662 680/1215/680
f 456/1252/456 454/1253/454 593/1254/593
f 570/1255/570 593/1256/593 454/1257/454
f 525/949/525 501/902/501 708/1258/708
f 572/1042/572 682/1217/682 594/1078/594
f 572/1042/572 625/1121/625 682/1217/682
f 683/1259/683 709/1260/709 629/1261/629
f 629/1126/629 710/1262/710 630/1127/630
f 630/1127/630 710/1262/710 631/1128/631
f 635/1135/635 552/1134/552 671/1263/671
f 711/1264/711 712/1265/712 713/1266/713
f 714/1267/714 689/1227/689 715/1268/715
f 716/1269/716 672/1197/672 714/1267/714
f 672/1197/672 689/1227/689 714/1267/714
f 672/1270/672 716/1271/716 637/1272/637
f 717/1273/717 581/1057/581 640/1196/640
f 718/1274/718 673/1198/673 512/924/512
f 638/1141/638 719/1275/719 602/1091/602
f 641/1199/641 643/1276/643 467/965/467
f 674/1277/674 532/1278/532 720/1279/720
f 690/1228/690 721/1280/721 601/1090/601
f 722/1281/722 607/1096/607 648/1154/648
f 646/1282/646 647/1283/647 723/1284/723
f 648/1154/648 649/1155/649 724/1285/724
f 725/1286/725 608/1097/608 693/1231/693
f 726/1287/726 608/1097/608 725/1286/725
f 649/1288/649 694/1289/694 724/1290/724
f 608/1097/608 726/1287/726 610/1099/610
f 727/1291/727 695/1233/695 610/1099/610
f 613/1102/613 494/877/494 728/1292/728
f 675/1201/675 471/840/471 729/1293/729
f 729/1293/729 471/840/471 442/767/442
f 730/1294/730 587/1068/587 586/1067/586
f 731/1295/731 516/931/516 653/1159/653
f 731/1295/731 615/1104/615 516/931/516
f 732/1296/732 618/1107/618 588/1239/588
f 732/1297/732 588/1071/588 559/1070/559
f 540/977/540 541/979/541 733/1298/733
f 617/1110/617 700/1240/700 734/1299/734
f 733/1298/733 541/979/541 701/1241/701
f 703/1300/703 677/1208/677 619/1207/619
f 591/1074/591 622/1114/622 735/1301/735
f 705/1246/705 660/1172/660 590/1073/590
f 479/856/479 563/1028/563 736/1302/736
f 622/1177/622 663/1176/663 737/1303/737
f 543/986/543 624/1119/624 738/1304/738
f 739/1305/739 570/1040/570 569/1039/569
f 661/1173/661 525/949/525 740/1306/740
f 740/1306/740 525/949/525 741/1307/741
f 680/1215/680 742/1308/742 625/1121/625
f 743/1309/743 663/1180/663 594/1078/594
f 627/1124/627 743/1309/743 681/1216/681
f 594/1078/594 682/1217/682 681/1216/681
f 744/1310/744 481/858/481 574/1046/574
f 625/1121/625 745/1311/745 682/1217/682
f 682/1312/682 745/1313/745 683/1314/683
f 709/1315/709 746/1316/746 629/1126/629
f 403/682/403 668/1220/668 684/1219/684
f 710/1262/710 747/1317/747 631/1128/631
f 747/1318/747 667/1319/667 631/1320/631
f 632/1130/632 748/1321/748 550/1004/550
f 632/1131/632 598/1183/598 748/1322/748
f 747/1318/747 749/1323/749 667/1319/667
f 748/1321/748 685/1324/685 550/1004/550
f 667/1182/667 749/1325/749 598/1083/598
f 635/1135/635 686/1223/686 486/1137/486
f 712/1265/712 711/1264/711 750/1326/750
f 712/1265/712 751/1327/751 713/1266/713
f 711/1264/711 713/1266/713 752/1328/752
f 463/1329/463 636/1330/636 753/1331/753
f 754/1332/754 487/868/487 553/1195/553
f 581/1057/581 755/1333/755 580/1056/580
f 714/1334/714 756/1335/756 757/1336/757
f 714/1334/714 715/1337/715 756/1335/756
f 757/1338/757 716/1269/716 714/1267/714
f 638/1141/638 637/1140/637 716/1269/716
f 715/1268/715 689/1227/689 758/1339/758
f 465/830/465 554/1013/554 641/1144/641
f 641/1199/641 759/1340/759 643/1276/643
f 513/925/513 674/1200/674 760/1341/760
f 602/1091/602 722/1281/722 690/1228/690
f 603/1092/603 408/692/408 643/1146/643
f 582/1060/582 761/1342/761 532/966/532
f 603/1343/603 762/1344/762 644/1345/644
f 690/1228/690 722/1281/722 648/1154/648
f 763/1346/763 242/400/242 514/928/514
f 693/1231/693 607/1096/607 722/1281/722
f 764/1347/764 646/1152/646 723/1348/723
f 723/1284/723 647/1283/647 765/1349/765
f 765/1349/765 647/1283/647 766/1350/766
f 766/1351/766 647/1153/647 606/1095/606
f 697/1235/697 767/1352/767 650/1156/650
f 696/1234/696 695/1233/695 768/1353/768
f 697/1235/697 696/1234/696 768/1353/768
f 535/969/535 584/1062/584 468/834/468
f 491/873/491 469/836/469 536/970/536
f 769/1354/769 586/1067/586 675/1201/675
f 614/1355/614 441/972/441 537/971/537
f 770/1356/770 730/1294/730 586/1067/586
f 730/1294/730 652/1158/652 587/1068/587
f 676/1203/676 771/1357/771 654/1204/654
f 539/975/539 557/1019/557 772/1358/772
f 558/1069/558 773/1359/773 559/1021/559
f 617/1165/617 774/1360/774 699/1238/699
f 699/1238/699 656/1361/656 520/1166/520
f 732/1297/732 559/1070/559 773/1362/773
f 700/1240/700 524/1109/524 702/1243/702
f 657/1168/657 678/1210/678 561/1024/561
f 775/1363/775 589/1364/589 621/1365/621
f 704/1366/704 591/1367/591 735/1368/735
f 705/1246/705 776/1369/776 660/1172/660
f 707/1251/707 777/1370/777 662/1174/662
f 662/1371/662 777/1372/777 680/1373/680
f 624/1374/624 593/1256/593 570/1255/570
f 681/1216/681 743/1309/743 594/1078/594
f 625/1121/625 778/1375/778 745/1311/745
f 745/1376/745 779/1377/779 683/1378/683
f 780/1379/780 709/1260/709 779/1380/779
f 709/1260/709 683/1259/683 779/1380/779
f 781/1381/781 782/1382/782 746/1316/746
f 746/1316/746 782/1382/782 783/1383/783
f 784/1384/784 710/1262/710 629/1126/629
f 598/1183/598 785/1385/785 748/1322/748
f 634/1222/634 685/1221/685 669/1386/669
f 671/1194/671 786/1387/786 635/1388/635
f 671/1194/671 670/1193/670 786/1387/786
f 669/1389/669 787/1390/787 670/1391/670
f 788/1392/788 751/1327/751 789/1393/789
f 712/1265/712 789/1393/789 751/1327/751
f 712/1394/712 750/1395/750 789/1396/789
f 751/1397/751 790/1398/790 713/1399/713
f 713/1399/713 790/1398/790 752/1400/752
f 636/1139/636 687/1225/687 753/1401/753
f 715/1268/715 758/1339/758 756/1402/756
f 487/868/487 718/1403/718 512/1058/512
f 689/1404/689 791/1405/791 758/1406/758
f 717/1273/717 640/1196/640 792/1407/792
f 689/1404/689 639/1408/639 791/1405/791
f 554/1013/554 793/1409/793 641/1144/641
f 793/1410/793 759/1340/759 641/1199/641
f 532/1278/532 761/1411/761 720/1279/720
f 644/1412/644 794/1413/794 514/928/514
f 285/454/285 692/1230/692 583/1061/583
f 726/1287/726 727/1291/727 610/1099/610
f 727/1291/727 795/1414/795 695/1233/695
f 535/969/535 796/1415/796 584/1062/584
f 695/1233/695 797/1416/797 768/1353/768
f 768/1353/768 797/1416/797 798/1417/798
f 768/1353/768 798/1417/798 697/1235/697
f 491/873/491 536/970/536 799/1418/799
f 586/1067/586 769/1354/769 770/1356/770
f 675/1201/675 729/1293/729 800/1419/800
f 537/1018/537 493/876/493 614/1103/614
f 676/1203/676 615/1420/615 771/1357/771
f 540/977/540 733/1298/733 557/1019/557
f 616/1421/616 773/1359/773 558/1069/558
f 617/1165/617 734/1422/734 774/1360/774
f 703/1300/703 801/1423/801 677/1208/677
f 775/1363/775 802/1424/802 589/1364/589
f 589/1072/589 802/1425/802 705/1246/705
f 390/641/390 658/1170/658 706/1426/706
f 479/856/479 736/1302/736 803/1427/803
f 660/1172/660 776/1369/776 804/1428/804
f 660/1172/660 804/1428/804 707/1251/707
f 563/1028/563 661/1173/661 736/1302/736
f 804/1428/804 777/1370/777 707/1251/707
f 501/902/501 665/1179/665 708/1258/708
f 805/1429/805 596/1080/596 664/1178/664
f 663/1180/663 743/1309/743 737/1430/737
f 625/1121/625 742/1308/742 778/1375/778
f 778/1375/778 806/1431/806 745/1311/745
f 709/1315/709 807/1432/807 808/1433/808
f 808/1433/808 746/1316/746 709/1315/709
f 808/1433/808 781/1381/781 746/1316/746
f 784/1384/784 783/1383/783 782/1382/782
f 746/1316/746 783/1383/783 629/1126/629
f 784/1384/784 629/1126/629 783/1383/783
f 749/1325/749 785/1434/785 598/1083/598
f 809/1435/809 685/1324/685 748/1321/748
f 670/1193/670 635/1388/635 786/1387/786
f 670/1436/670 810/1437/810 635/1438/635
f 670/1439/670 811/1440/811 810/1441/810
f 752/1328/752 812/1442/812 711/1264/711
f 752/1400/752 790/1398/790 813/1443/813
f 752/1328/752 814/1444/814 812/1442/812
f 463/1329/463 754/1445/754 553/1446/553
f 463/1329/463 753/1331/753 754/1445/754
f 815/1447/815 487/868/487 754/1332/754
f 816/1448/816 757/1336/757 817/1449/817
f 817/1449/817 757/1336/757 756/1335/756
f 818/1450/818 716/1269/716 757/1338/757
f 755/1333/755 581/1057/581 717/1273/717
f 818/1450/818 819/1451/819 716/1269/716
f 819/1452/819 638/1453/638 716/1454/716
f 639/1408/639 601/1455/601 820/1456/820
f 721/1457/721 820/1456/820 601/1455/601
f 720/1279/720 761/1411/761 821/1458/821
f 794/1413/794 644/1412/644 762/1459/762
f 794/1413/794 822/1460/822 514/928/514
f 690/1228/690 648/1154/648 823/1461/823
f 824/1462/824 409/693/409 533/967/533
f 824/1462/824 533/967/533 604/1093/604
f 648/1154/648 724/1285/724 823/1461/823
f 766/1351/766 606/1095/606 825/1463/825
f 650/1464/650 767/384/767 694/1465/694
f 798/1417/798 767/1352/767 697/1235/697
f 826/1466/826 827/1467/827 828/1468/828
f 827/1467/827 829/1469/829 828/1468/828
f 536/970/536 613/1102/613 728/1292/728
f 829/1469/829 769/1354/769 800/1419/800
f 494/877/494 651/1157/651 728/1292/728
f 769/1354/769 675/1201/675 800/1419/800
f 651/1157/651 538/974/538 830/1470/830
f 730/1294/730 770/1356/770 831/1471/831
f 832/1472/832 653/1473/653 652/1474/652
f 833/1475/833 615/1420/615 731/1476/731
f 834/1477/834 771/1357/771 615/1420/615
f 616/1478/616 654/1204/654 771/1357/771
f 616/1478/616 655/1479/655 654/1204/654
f 656/1167/656 835/1480/835 562/1026/562
f 836/1481/836 732/1297/732 773/1362/773
f 618/1107/618 837/1482/837 657/1168/657
f 701/1483/701 452/792/452 620/1209/620
f 838/1484/838 620/1112/620 659/1171/659
f 703/1244/703 479/856/479 803/1427/803
f 839/1485/839 499/899/499 706/1247/706
f 391/643/391 840/1486/840 623/1115/623
f 659/1171/659 543/986/543 841/1487/841
f 543/986/543 738/1304/738 841/1487/841
f 842/1488/842 739/1305/739 569/1039/569
f 738/1304/738 624/1119/624 843/1489/843
f 843/1490/843 624/1491/624 570/1040/570
f 843/1490/843 570/1040/570 739/1305/739
f 679/1492/679 805/1429/805 664/1178/664
f 741/1307/741 525/949/525 708/1258/708
f 844/1493/844 680/1215/680 777/1370/777
f 708/1258/708 665/1179/665 845/1494/845
f 596/1080/596 805/1429/805 627/1124/627
f 779/1495/779 745/1496/745 806/1497/806
f 807/1498/807 709/1260/709 780/1379/780
f 742/1308/742 846/1499/846 778/1375/778
f 847/1500/847 848/1501/848 808/1433/808
f 847/1500/847 808/1433/808 807/1432/807
f 848/1501/848 849/1502/849 808/1433/808
f 849/1502/849 781/1381/781 808/1433/808
f 850/1503/850 782/1504/782 781/1505/781
f 850/1503/850 851/1506/851 782/1504/782
f 852/1507/852 574/1046/574 628/1125/628
f 628/1125/628 684/1219/684 853/1508/853
f 809/1509/809 669/1386/669 685/1221/685
f 635/1510/635 810/1511/810 811/1512/811
f 788/1513/788 789/1396/789 854/1514/854
f 854/1514/854 789/1396/789 750/1395/750
f 752/1328/752 855/1515/855 814/1444/814
f 855/1516/855 752/1400/752 813/1443/813
f 856/1517/856 687/1225/687 531/1011/531
f 857/1518/857 754/1519/754 753/1401/753
f 857/1518/857 753/1401/753 687/1225/687
f 858/1520/858 816/1521/816 859/1522/859
f 859/1522/859 816/1521/816 817/1523/817
f 756/1335/756 860/1524/860 817/1449/817
f 816/1448/816 818/1525/818 757/1336/757
f 640/1143/640 555/1016/555 792/1526/792
f 719/1275/719 861/1527/861 602/1091/602
f 793/1410/793 862/1528/862 759/1340/759
f 720/1529/720 863/1530/863 674/1200/674
f 720/1529/720 821/1531/821 863/1530/863
f 861/1527/861 722/1281/722 602/1091/602
f 721/1280/721 690/1228/690 823/1461/823
f 582/1060/582 691/1229/691 761/1342/761
f 723/1284/723 765/1349/765 864/1532/864
f 490/872/490 865/1533/865 605/1094/605
f 693/1231/693 866/1534/866 725/1286/725
f 606/1095/606 612/1101/612 867/1535/867
f 795/1414/795 797/1416/797 695/1233/695
f 798/1417/798 826/1466/826 767/1352/767
f 585/1065/585 868/1536/868 698/1236/698
f 869/1537/869 829/1469/829 827/1467/827
f 829/1469/829 870/1538/870 828/1468/828
f 829/1469/829 800/1419/800 870/1538/870
f 869/1537/869 769/1354/769 829/1469/829
f 869/1537/869 770/1356/770 769/1354/769
f 556/1066/556 698/1236/698 493/1539/493
f 832/1540/832 833/1475/833 653/1541/653
f 833/1475/833 731/1476/731 653/1541/653
f 539/975/539 772/1358/772 515/929/515
f 616/1478/616 836/1542/836 773/1543/773
f 562/1026/562 835/1480/835 871/1544/871
f 562/1026/562 871/1544/871 453/795/453
f 732/1296/732 872/1545/872 618/1107/618
f 872/1545/872 837/1482/837 618/1107/618
f 700/1240/700 702/1243/702 873/1546/873
f 701/1483/701 620/1209/620 838/1547/838
f 874/1548/874 391/1549/391 453/1550/453
f 738/1551/738 843/1552/843 739/1553/739
f 743/1309/743 627/1124/627 805/1429/805
f 665/1179/665 481/858/481 875/1554/875
f 876/1555/876 846/1499/846 742/1308/742
f 779/1495/779 806/1497/806 877/1556/877
f 806/1431/806 849/1502/849 848/1501/848
f 778/1375/778 850/1557/850 806/1431/806
f 849/1558/849 878/1559/878 781/1505/781
f 878/1559/878 850/1503/850 781/1505/781
f 744/1310/744 574/1046/574 852/1507/852
f 668/1220/668 879/1560/879 684/1219/684
f 880/1561/880 881/1562/881 747/1318/747
f 881/1562/881 749/1323/749 747/1318/747
f 668/1185/668 686/1223/686 879/1563/879
f 881/1562/881 882/1564/882 749/1323/749
f 749/1325/749 883/1565/883 785/1434/785
f 635/1566/635 811/1567/811 884/1568/884
f 811/1567/811 885/1569/885 884/1568/884
f 750/1395/750 886/1570/886 854/1514/854
f 812/1571/812 750/1395/750 711/1572/711
f 887/1573/887 790/1398/790 751/1397/751
f 888/1574/888 889/1575/889 890/1576/890
f 889/1575/889 891/1577/891 859/1522/859
f 754/1578/754 892/1579/892 815/1580/815
f 857/1581/857 892/1582/892 754/1332/754
f 891/1577/891 858/1520/858 859/1522/859
f 859/1522/859 860/1583/860 893/1584/893
f 817/1523/817 860/1583/860 859/1522/859
f 816/1448/816 894/1585/894 818/1525/818
f 758/1339/758 895/1586/895 756/1402/756
f 487/868/487 815/1447/815 718/1403/718
f 639/1408/639 896/1587/896 897/1588/897
f 555/1016/555 898/1589/898 792/1526/792
f 555/1059/555 513/925/513 898/1590/898
f 793/1409/793 554/1013/554 862/1591/862
f 513/925/513 760/1341/760 898/1590/898
f 674/1200/674 863/1530/863 760/1341/760
f 643/1146/643 759/1592/759 603/1092/603
f 761/1411/761 899/1593/899 821/1458/821
f 722/1281/722 900/1594/900 693/1231/693
f 823/1595/823 724/1290/724 901/1596/901
f 822/1460/822 763/1346/763 514/928/514
f 763/1346/763 902/1597/902 903/1598/903
f 645/1151/645 904/1599/904 604/1093/604
f 724/1290/724 905/1600/905 901/1596/901
f 900/1594/900 866/1534/866 693/1231/693
f 646/1152/646 764/1347/764 906/1601/906
f 765/1602/765 907/1603/907 864/1604/864
f 606/1095/606 867/1535/867 825/1463/825
f 724/1290/724 908/1605/908 905/1600/905
f 724/1290/724 694/1289/694 908/1605/908
f 725/1286/725 909/1606/909 726/1287/726
f 726/1287/726 909/1606/909 727/1291/727
f 910/1607/910 827/1467/827 826/1466/826
f 826/1466/826 911/1608/911 767/1352/767
f 910/1607/910 869/1537/869 827/1467/827
f 584/1062/584 868/1536/868 585/1065/585
f 826/1466/826 828/1468/828 911/1608/911
f 870/1538/870 911/1608/911 828/1468/828
f 614/1103/614 493/876/493 912/1609/912
f 730/1294/730 831/1471/831 913/1610/913
f 614/1103/614 729/1293/729 442/767/442
f 913/1610/913 914/1611/914 730/1294/730
f 914/1611/914 652/1158/652 730/1294/730
f 615/1420/615 833/1475/833 834/1477/834
f 771/1357/771 834/1477/834 836/1542/836
f 771/1357/771 836/1542/836 616/1478/616
f 656/373/656 699/1612/699 915/1613/915
f 734/1422/734 916/1614/916 774/1360/774
f 734/1299/734 700/1240/700 916/1615/916
f 732/1296/732 836/1616/836 872/1545/872
f 657/1168/657 837/1482/837 678/1210/678
f 704/1617/704 917/1618/917 621/1365/621
f 706/1426/706 658/1170/658 918/1619/918
f 874/1548/874 919/1620/919 391/1549/391
f 622/1177/622 920/1621/920 735/1622/735
f 391/1549/391 919/1620/919 840/1623/840
f 622/1177/622 737/1303/737 921/1624/921
f 736/1302/736 661/1173/661 922/1625/922
f 661/1173/661 740/1306/740 922/1625/922
f 680/1215/680 844/1493/844 742/1308/742
f 665/1179/665 875/1554/875 923/1626/923
f 779/1627/779 924/1628/924 780/1629/780
f 780/1629/780 924/1628/924 807/1630/807
f 779/1495/779 877/1556/877 924/1631/924
f 807/1632/807 924/1633/924 877/1634/877
f 877/1635/877 847/1500/847 807/1432/807
f 877/1635/877 806/1431/806 848/1501/848
f 877/1635/877 848/1501/848 847/1500/847
f 806/1431/806 878/1636/878 849/1502/849
f 806/1431/806 850/1557/850 878/1636/878
f 778/1375/778 846/1499/846 850/1557/850
f 785/1385/785 925/1637/925 748/1322/748
f 748/1638/748 926/1639/926 809/1640/809
f 749/1641/749 882/1642/882 883/1643/883
f 884/1644/884 885/1645/885 635/1135/635
f 635/1135/635 885/1645/885 686/1223/686
f 811/1567/811 927/1646/927 885/1569/885
f 670/1391/670 787/1390/787 811/1647/811
f 787/1390/787 927/1648/927 811/1647/811
f 788/1392/788 928/1649/928 751/1327/751
f 928/1650/928 887/1573/887 751/1397/751
f 855/1515/855 929/1651/929 814/1444/814
f 688/1226/688 930/1652/930 531/964/531
f 931/1653/931 891/1577/891 888/1574/888
f 890/1576/890 889/1575/889 893/1584/893
f 687/1225/687 856/1517/856 932/1654/932
f 888/1574/888 891/1577/891 889/1575/889
f 687/1225/687 932/1654/932 857/1518/857
f 859/1522/859 893/1584/893 889/1575/889
f 891/1577/891 933/1655/933 858/1520/858
f 858/1520/858 933/1655/933 816/1521/816
f 816/1521/816 933/1655/933 894/1656/894
f 758/1406/758 934/1657/934 895/1658/895
f 818/1450/818 935/1659/935 819/1451/819
f 639/1408/639 897/1588/897 791/1405/791
f 673/1198/673 718/1274/718 554/1087/554
f 717/1660/717 792/1661/792 936/1662/936
f 937/1663/937 862/1591/862 554/1013/554
f 938/1664/938 760/1341/760 863/1530/863
f 820/1665/820 721/1280/721 823/1461/823
f 938/1666/938 863/1667/863 821/1458/821
f 821/1458/821 899/1593/899 938/1666/938
f 761/1342/761 691/1229/691 899/1668/899
f 691/1229/691 409/693/409 824/1462/824
f 902/1597/902 763/1346/763 822/1460/822
f 904/1599/904 645/1151/645 646/1152/646
f 904/1599/904 646/1152/646 906/1601/906
f 939/1669/939 723/1284/723 864/1532/864
f 939/1669/939 764/1670/764 723/1284/723
f 865/1533/865 490/872/490 242/400/242
f 866/1534/866 940/1671/940 725/1286/725
f 867/1535/867 612/1101/612 941/1672/941
f 942/1673/942 727/1291/727 909/1606/909
f 942/1673/942 795/1414/795 727/1291/727
f 612/1101/612 491/873/491 799/1418/799
f 798/1417/798 910/1607/910 826/1466/826
f 911/1608/911 870/1538/870 943/1674/943
f 770/1356/770 944/1675/944 913/1610/913
f 945/1676/945 493/1539/493 698/1236/698
f 913/1610/913 831/1471/831 770/1356/770
f 729/1293/729 912/1609/912 800/1419/800
f 836/1542/836 834/1477/834 946/1677/946
f 733/1298/733 701/1241/701 947/1678/947
f 702/1243/702 677/1242/677 948/1679/948
f 701/1241/701 838/1680/838 949/1681/949
f 950/1682/950 678/1210/678 837/1482/837
f 951/1683/951 802/1424/802 952/1684/952
f 658/1169/658 678/1210/678 950/1682/950
f 951/1683/951 705/1685/705 802/1424/802
f 735/1686/735 917/1618/917 704/1617/704
f 953/1687/953 706/1426/706 918/1619/918
f 803/1427/803 736/1302/736 954/1688/954
f 920/1621/920 622/1177/622 921/1624/921
f 954/1688/954 736/1302/736 922/1625/922
f 955/1689/955 595/1690/595 499/1691/499
f 956/1692/956 739/1693/739 841/1694/841
f 957/1695/957 841/1696/841 739/1697/739
f 955/1698/955 679/1492/679 595/1079/595
f 841/1487/841 738/1304/738 958/1699/958
f 958/1699/958 738/1304/738 739/1700/739
f 958/1701/958 739/1702/739 956/1703/956
f 955/1698/955 805/1429/805 679/1492/679
f 741/1307/741 708/1258/708 845/1494/845
f 805/1429/805 959/1704/959 743/1309/743
f 960/1705/960 737/1303/737 743/1706/743
f 961/1707/961 845/1494/845 665/1179/665
f 481/858/481 744/1310/744 875/1554/875
f 852/1507/852 628/1125/628 853/1508/853
f 784/1384/784 782/1382/782 851/1708/851
f 853/1508/853 684/1219/684 962/1709/962
f 962/1709/962 684/1219/684 879/1560/879
f 963/1710/963 710/1262/710 784/1384/784
f 880/1711/880 710/1262/710 963/1710/963
f 880/1711/880 747/1317/747 710/1262/710
f 964/1712/964 686/1223/686 965/1713/965
f 964/1712/964 879/1563/879 686/1223/686
f 925/1637/925 785/1385/785 883/1714/883
f 809/1509/809 787/1715/787 669/1386/669
f 966/1716/966 928/1649/928 788/1392/788
f 888/1717/888 890/1718/890 967/1719/967
f 890/1576/890 893/1584/893 967/1720/967
f 932/1721/932 892/1582/892 857/1581/857
f 860/1524/860 756/1335/756 895/1722/895
f 968/1723/968 818/1525/818 894/1585/894
f 755/1333/755 717/1273/717 969/1724/969
f 934/1657/934 758/1406/758 970/1725/970
f 970/1725/970 758/1406/758 791/1405/791
f 639/1408/639 820/1456/820 896/1587/896
f 862/1726/862 971/1727/971 759/1728/759
f 900/1594/900 722/1281/722 861/1527/861
f 691/1229/691 824/1462/824 972/1729/972
f 763/1346/763 865/1533/865 242/400/242
f 725/1286/725 940/1671/940 909/1606/909
f 583/1061/583 973/1730/973 535/969/535
f 694/1289/694 974/1731/974 975/1732/975
f 767/1352/767 974/1733/974 694/1232/694
f 797/1416/797 976/1734/976 798/1417/798
f 976/1734/976 910/1607/910 798/1417/798
f 910/1607/910 944/1675/944 869/1537/869
f 870/1538/870 800/1419/800 943/1674/943
f 515/929/515 772/1358/772 538/974/538
f 557/1019/557 733/1298/733 977/1735/977
f 656/1736/656 915/1737/915 835/1738/835
f 802/1424/802 775/1363/775 952/1684/952
f 621/1365/621 917/1618/917 775/1363/775
f 838/1484/838 659/1171/659 978/1739/978
f 703/1244/703 803/1427/803 979/1740/979
f 953/1741/953 839/1485/839 706/1247/706
f 980/1742/980 804/1743/804 776/1744/776
f 957/1745/957 739/1305/739 842/1488/842
f 841/1746/841 958/1747/958 956/1748/956
f 981/1749/981 959/1750/959 805/1751/805
f 961/1707/961 665/1179/665 923/1626/923
f 844/1752/844 982/1753/982 742/1754/742
f 846/1499/846 876/1555/876 983/1755/983
f 846/1499/846 851/1708/851 850/1557/850
f 851/1708/851 984/1756/984 784/1384/784
f 984/1756/984 963/1710/963 784/1384/784
f 880/1561/880 882/1564/882 881/1562/881
f 925/1637/925 985/1757/985 748/1322/748
f 985/1758/985 926/1759/926 748/1760/748
f 809/1640/809 926/1639/926 787/1390/787
f 788/1513/788 854/1514/854 986/1761/986
f 788/1513/788 986/1761/986 966/1762/966
f 987/1763/987 790/1398/790 887/1573/887
f 856/1517/856 531/1011/531 930/1764/930
f 688/1226/688 988/1765/988 930/1652/930
f 688/1226/688 580/1056/580 988/1765/988
f 931/1653/931 933/1655/933 891/1577/891
f 989/1766/989 968/1723/968 894/1585/894
f 968/1723/968 935/1767/935 818/1525/818
f 935/1659/935 990/1768/990 819/1451/819
f 638/1453/638 819/1452/819 990/1769/990
f 791/1405/791 897/1588/897 970/1725/970
f 762/1344/762 603/1343/603 794/1770/794
f 824/1462/824 604/1093/604 904/1599/904
f 939/1669/939 991/1771/991 764/1670/764
f 903/1598/903 865/1533/865 763/1346/763
f 992/1772/992 940/1671/940 866/1534/866
f 766/1350/766 993/1773/993 765/1349/765
f 692/1230/692 994/1774/994 583/1061/583
f 797/1416/797 795/1414/795 942/1673/942
f 869/1537/869 944/1675/944 770/1356/770
f 912/1609/912 945/1775/945 800/1419/800
f 652/1158/652 914/1611/914 832/1776/832
f 832/1540/832 995/1777/995 833/1475/833
f 700/1240/700 873/1546/873 916/1615/916
f 701/1241/701 996/1778/996 947/1678/947
f 837/1779/837 918/1780/918 950/1781/950
f 703/1300/703 979/1782/979 801/1423/801
f 623/1115/623 842/1488/842 569/1039/569
f 777/1783/777 804/1743/804 997/1784/997
f 777/1783/777 997/1784/997 844/1752/844
f 960/1785/960 743/1309/743 959/1704/959
f 879/1560/879 964/1786/964 962/1709/962
f 998/1787/998 880/1788/880 963/1789/963
f 925/1637/925 883/1714/883 985/1757/985
f 686/1223/686 999/1790/999 965/1713/965
f 686/1223/686 885/1645/885 999/1790/999
f 886/1570/886 750/1395/750 1000/1791/1000
f 750/1395/750 1001/1792/1001 1000/1791/1000
f 790/1398/790 1002/1793/1002 813/1443/813
f 931/1794/931 888/1717/888 1003/1795/1003
f 892/1582/892 932/1721/932 1004/1796/1004
f 893/1797/893 860/1798/860 1005/1799/1005
f 933/1655/933 989/1800/989 894/1656/894
f 860/1524/860 895/1722/895 1006/1801/1006
f 895/1722/895 934/1802/934 1007/1803/1007
f 638/1453/638 990/1769/990 1008/1804/1008
f 897/1588/897 1009/1805/1009 970/1725/970
f 938/1664/938 1010/1806/1010 760/1341/760
f 938/1664/938 1011/1807/1011 1012/1808/1012
f 759/1592/759 971/1809/971 603/1092/603
f 938/1666/938 899/1593/899 1011/1810/1011
f 823/1595/823 901/1596/901 1013/1811/1013
f 824/1462/824 904/1599/904 972/1729/972
f 940/1812/940 992/1813/992 1014/1814/1014
f 994/1774/994 973/1730/973 583/1061/583
f 973/1730/973 796/1415/796 535/969/535
f 1015/1815/1015 797/1416/797 942/1673/942
f 1016/1816/1016 910/1607/910 976/1734/976
f 944/1675/944 910/1607/910 1016/1816/1016
f 943/1817/943 800/1818/800 945/1819/945
f 729/1293/729 614/1103/614 912/1609/912
f 913/1610/913 1017/1820/1017 914/1611/914
f 1018/1821/1018 834/1822/834 833/1823/833
f 1019/1824/1019 699/1238/699 774/1360/774
f 873/1546/873 702/1243/702 948/1679/948
f 677/1242/677 801/1825/801 948/1679/948
f 918/1780/918 658/1826/658 950/1781/950
f 776/1827/776 705/1685/705 951/1683/951
f 735/1622/735 920/1621/920 1020/1828/1020
f 951/1683/951 980/1829/980 776/1827/776
f 1021/1830/1021 920/1621/920 921/1624/921
f 955/1831/955 499/1832/499 839/1833/839
f 1022/1834/1022 922/1625/922 740/1306/740
f 960/1835/960 959/1750/959 981/1749/981
f 982/1836/982 876/1555/876 742/1308/742
f 983/1755/983 851/1708/851 846/1499/846
f 998/1837/998 882/1564/882 880/1561/880
f 1023/1838/1023 854/1514/854 886/1570/886
f 814/1839/814 929/1840/929 1024/1841/1024
f 812/1571/812 814/1842/814 1024/1843/1024
f 967/1844/967 893/1797/893 1025/1845/1025
f 580/1056/580 755/1333/755 988/1765/988
f 1026/1846/1026 1004/1796/1004 932/1721/932
f 815/1580/815 892/1579/892 1004/1847/1004
f 1027/1848/1027 968/1723/968 989/1766/989
f 1006/1801/1006 895/1722/895 1007/1803/1007
f 898/1590/898 760/1341/760 1028/1849/1028
f 896/1587/896 820/1456/820 823/1595/823
f 896/1587/896 823/1595/823 1013/1811/1013
f 1010/1806/1010 938/1664/938 1012/1808/1012
f 1012/1808/1012 1011/1807/1011 1029/1850/1029
f 1029/1851/1029 1011/1810/1011 899/1593/899
f 900/1594/900 992/1772/992 866/1534/866
f 864/1532/864 907/1852/907 1030/1853/1030
f 905/1600/905 908/1605/908 1031/1854/1031
f 993/1773/993 766/1350/766 825/1855/825
f 1032/1856/1032 909/1606/909 1033/1857/1033
f 694/1289/694 975/1732/975 908/1605/908
f 1032/1856/1032 942/1673/942 909/1606/909
f 941/1672/941 612/1101/612 799/1418/799
f 1015/1815/1015 976/1734/976 797/1416/797
f 767/1352/767 911/1608/911 974/1733/974
f 868/1536/868 945/1676/945 698/1236/698
f 913/1610/913 1034/1858/1034 1017/1820/1017
f 538/974/538 772/1358/772 1035/1859/1035
f 833/1475/833 1036/1860/1036 1018/1861/1018
f 1037/1862/1037 871/1544/871 835/1480/835
f 977/1863/977 733/1864/733 947/1865/947
f 947/1678/947 996/1778/996 1038/1866/1038
f 1039/1867/1039 919/1620/919 874/1548/874
f 840/1486/840 842/1488/842 623/1115/623
f 1040/1868/1040 804/1743/804 980/1742/980
f 804/1743/804 1040/1868/1040 997/1784/997
f 957/1745/957 1041/1869/1041 841/1870/841
f 740/1871/740 741/1872/741 1042/1873/1042
f 982/1753/982 844/1752/844 997/1784/997
f 852/1507/852 853/1508/853 1043/1874/1043
f 1044/1875/1044 998/1787/998 963/1789/963
f 882/1642/882 1045/1876/1045 883/1643/883
f 985/1758/985 1046/1877/1046 926/1759/926
f 885/1569/885 927/1646/927 999/1878/999
f 926/1639/926 1047/1879/1047 787/1390/787
f 1048/1880/1048 966/1762/966 986/1761/986
f 854/1514/854 1049/1881/1049 986/1761/986
f 812/1571/812 1050/1882/1050 750/1395/750
f 855/1516/855 813/1443/813 1051/1883/1051
f 1052/1884/1052 1053/1885/1053 1054/1886/1054
f 1053/1885/1053 1055/1887/1055 1056/1888/1056
f 967/1719/967 1025/1889/1025 1057/1890/1057
f 931/1653/931 1058/1891/1058 933/1655/933
f 1058/1892/1058 1059/1893/1059 933/1894/933
f 1059/1893/1059 989/1895/989 933/1894/933
f 1005/1799/1005 860/1798/860 1060/1896/1060
f 860/1524/860 1006/1801/1006 1060/1897/1060
f 968/1723/968 1061/1898/1061 935/1767/935
f 934/1657/934 1062/1899/1062 1007/1900/1007
f 934/1657/934 970/1725/970 1062/1899/1062
f 718/1274/718 1063/1901/1063 554/1087/554
f 1008/1902/1008 719/1903/719 638/1904/638
f 554/1905/554 1064/1906/1064 937/1907/937
f 936/1908/936 792/1407/792 1065/1909/1065
f 792/1526/792 898/1589/898 1065/1910/1065
f 898/1589/898 1028/1911/1028 1065/1910/1065
f 691/1229/691 972/1729/972 899/1668/899
f 794/1413/794 1066/1912/1066 822/1460/822
f 904/1599/904 906/1601/906 972/1729/972
f 1067/1913/1067 991/1771/991 939/1669/939
f 1068/1914/1068 906/1915/906 764/1670/764
f 908/1605/908 1069/1916/1069 1031/1854/1031
f 1070/1917/1070 1071/1918/1071 692/1230/692
f 825/1855/825 867/1919/867 1072/1920/1072
f 942/1673/942 1073/1921/1073 1015/1815/1015
f 799/1418/799 536/970/536 1074/1922/1074
f 943/1923/943 945/1924/945 1075/1925/1075
f 1076/1926/1076 1034/1858/1034 913/1610/913
f 914/1611/914 1017/1820/1017 832/1776/832
f 772/1358/772 557/1019/557 1077/1927/1077
f 557/1019/557 977/1735/977 1077/1927/1077
f 915/1928/915 1078/1929/1078 835/1480/835
f 946/1677/946 872/1930/872 836/1542/836
f 872/1930/872 1079/1931/1079 837/1779/837
f 873/1546/873 948/1679/948 1080/1932/1080
f 953/1741/953 1081/1933/1081 839/1485/839
f 919/1620/919 1082/1934/1082 840/1623/840
f 955/1831/955 839/1833/839 1083/1935/1083
f 954/1936/954 1022/1937/1022 1084/1938/1084
f 954/1936/954 922/1939/922 1022/1937/1022
f 957/1745/957 842/1488/842 1085/1940/1085
f 957/1745/957 1085/1940/1085 1041/1869/1041
f 1042/1941/1042 1022/1834/1022 740/1306/740
f 1042/1873/1042 741/1872/741 1086/1942/1086
f 845/1494/845 1087/1943/1087 741/1307/741
f 845/1494/845 961/1707/961 1087/1943/1087
f 744/1310/744 852/1507/852 875/1554/875
f 852/1507/852 1043/1874/1043 1088/1944/1088
f 962/1709/962 1043/1874/1043 853/1508/853
f 883/1714/883 1045/1945/1045 985/1757/985
f 1089/1946/1089 1047/1879/1047 926/1639/926
f 926/1759/926 1046/1877/1046 1089/1947/1089
f 886/1570/886 1000/1791/1000 1023/1838/1023
f 790/1398/790 987/1763/987 1002/1793/1002
f 1090/1948/1090 1051/1883/1051 813/1443/813
f 855/1516/855 1051/1883/1051 929/1949/929
f 1091/1950/1091 1052/1884/1052 1092/1951/1092
f 1092/1951/1092 1052/1884/1052 1054/1886/1054
f 1053/1885/1053 1056/1888/1056 1054/1886/1054
f 1053/1885/1053 1052/1884/1052 1093/1952/1093
f 1094/1953/1094 1055/1887/1055 1053/1885/1053
f 930/1652/930 988/1765/988 1095/1954/1095
f 988/1765/988 755/1333/755 969/1724/969
f 1005/1799/1005 1060/1896/1060 1096/1955/1096
f 968/1723/968 1027/1848/1027 1061/1898/1061
f 970/1725/970 1009/1805/1009 1062/1899/1062
f 718/1274/718 1097/1956/1097 1063/1901/1063
f 936/1908/936 1065/1909/1065 717/1273/717
f 1065/1910/1065 1028/1911/1028 1098/1957/1098
f 937/1663/937 971/1958/971 862/1591/862
f 971/1959/971 1099/1960/1099 603/1343/603
f 603/1343/603 1099/1960/1099 794/1770/794
f 899/1668/899 972/1729/972 1100/1961/1100
f 905/1600/905 1101/1962/1101 901/1596/901
f 903/1598/903 902/1597/902 1102/1963/1102
f 939/1669/939 864/1532/864 1067/1913/1067
f 903/1964/903 1102/1965/1102 865/1966/865
f 864/1532/864 1030/1853/1030 1067/1913/1067
f 692/1230/692 605/1094/605 1070/1917/1070
f 940/1671/940 1033/1857/1033 909/1606/909
f 1033/1967/1033 940/1812/940 1103/1968/1103
f 796/1415/796 868/1536/868 584/1062/584
f 943/1969/943 1104/1970/1104 911/1971/911
f 1104/1970/1104 943/1969/943 1075/1972/1075
f 1105/1973/1105 913/1610/913 944/1675/944
f 945/1775/945 912/1609/912 493/876/493
f 1017/1820/1017 1034/1858/1034 1106/1974/1106
f 995/1777/995 1036/1860/1036 833/1475/833
f 1018/1861/1018 1107/1975/1107 834/1477/834
f 915/1976/915 699/1238/699 1019/1824/1019
f 1019/1824/1019 774/1360/774 916/1614/916
f 1019/1977/1019 916/1615/916 1108/1978/1108
f 1109/1979/1109 872/1930/872 946/1677/946
f 916/1615/916 873/1546/873 1080/1932/1080
f 1038/1980/1038 996/1981/996 949/1982/949
f 949/1681/949 996/1778/996 701/1241/701
f 948/1679/948 801/1825/801 979/1740/979
f 1039/1983/1039 978/1984/978 919/1985/919
f 919/1986/919 978/1987/978 1110/1988/1110
f 1020/1828/1020 920/1621/920 1111/1989/1111
f 1110/1990/1110 1082/1991/1082 919/1992/919
f 842/1488/842 840/1486/840 1082/1993/1082
f 921/1624/921 737/1303/737 1112/1994/1112
f 737/1303/737 960/1705/960 1113/1995/1113
f 1086/1996/1086 741/1997/741 1114/1998/1114
f 1115/1999/1115 1114/2000/1114 741/1307/741
f 1116/2001/1116 981/2002/981 805/2003/805
f 1115/1999/1115 741/1307/741 1087/1943/1087
f 1117/2004/1117 876/2005/876 982/1753/982
f 1118/2006/1118 963/1789/963 984/2007/984
f 1044/2008/1044 882/1564/882 998/1837/998
f 1047/1879/1047 927/1648/927 787/1390/787
f 1049/1881/1049 854/1514/854 1023/1838/1023
f 1119/2009/1119 928/1649/928 966/1716/966
f 1119/2009/1119 887/2010/887 928/1649/928
f 1001/1792/1001 750/1395/750 1050/1882/1050
f 1024/1841/1024 929/1840/929 1120/2011/1120
f 1051/1883/1051 1120/2012/1120 929/1949/929
f 1121/2013/1121 1092/1951/1092 1054/1886/1054
f 1122/2014/1122 1091/1950/1091 1092/1951/1092
f 1091/1950/1091 1093/1952/1093 1052/1884/1052
f 1054/1886/1054 1056/1888/1056 1123/2015/1123
f 1053/1885/1053 1093/1952/1093 1094/1953/1094
f 1055/1887/1055 1124/2016/1124 1056/1888/1056
f 1124/2016/1124 1055/1887/1055 1125/2017/1125
f 1003/1795/1003 1058/2018/1058 931/1794/931
f 1025/1845/1025 893/1797/893 1005/1799/1005
f 1126/2019/1126 990/2020/990 935/2021/935
f 1126/2022/1126 1008/1804/1008 990/1769/990
f 1127/2023/1127 1009/1805/1009 897/1588/897
f 1097/2024/1097 554/2025/554 1063/2026/1063
f 1028/1849/1028 760/1341/760 1010/1806/1010
f 1128/2027/1128 900/1594/900 861/1527/861
f 1129/2028/1129 1012/1808/1012 1029/1850/1029
f 1129/2029/1129 1029/2030/1029 899/2031/899
f 972/1729/972 906/1601/906 1100/1961/1100
f 1068/1914/1068 764/1670/764 991/1771/991
f 1130/2032/1130 1102/1965/1102 1131/2033/1131
f 1130/2032/1130 1131/2033/1131 1132/2034/1132
f 1101/1962/1101 905/1600/905 1031/1854/1031
f 1130/2032/1130 1133/2035/1133 1102/1965/1102
f 1102/1965/1102 1133/2035/1133 1134/2036/1134
f 1067/1913/1067 1030/1853/1030 1135/2037/1135
f 907/1603/907 765/1602/765 993/2038/993
f 825/1855/825 1072/1920/1072 993/1773/993
f 1032/1856/1032 1073/1921/1073 942/1673/942
f 1015/1815/1015 1016/1816/1016 976/1734/976
f 974/1731/974 911/1971/911 1104/1970/1104
f 1105/1973/1105 944/1675/944 1016/1816/1016
f 1076/2039/1076 1106/2040/1106 1034/2041/1034
f 948/2042/948 1136/2043/1136 1080/2044/1080
f 953/1687/953 918/1619/918 1081/2045/1081
f 921/1624/921 1112/1994/1112 1021/1830/1021
f 1040/1868/1040 1137/2046/1137 997/1784/997
f 737/1303/737 1113/1995/1113 1112/1994/1112
f 875/1554/875 852/1507/852 1088/1944/1088
f 851/1708/851 983/1755/983 984/1756/984
f 1043/1874/1043 962/1709/962 1138/2047/1138
f 1118/2006/1118 1044/1875/1044 963/1789/963
f 964/1712/964 965/1713/965 1139/2048/1139
f 1140/2049/1140 882/1564/882 1044/2008/1044
f 882/1642/882 1140/2050/1140 1045/1876/1045
f 1046/2051/1046 1141/2052/1141 1089/1946/1089
f 1047/1879/1047 1142/2053/1142 927/1648/927
f 1143/2054/1143 987/1763/987 887/1573/887
f 1050/1882/1050 812/1571/812 1024/1843/1024
f 1002/1793/1002 1144/2055/1144 813/1443/813
f 1144/2055/1144 1090/1948/1090 813/1443/813
f 1092/1951/1092 1121/2013/1121 1122/2014/1122
f 1145/2056/1145 1093/1952/1093 1091/1950/1091
f 1093/1952/1093 1146/2057/1146 1094/1953/1094
f 1055/1887/1055 1147/2058/1147 1125/2017/1125
f 935/2021/935 1061/2059/1061 1126/2019/1126
f 717/1273/717 1065/1909/1065 1148/2060/1148
f 1148/2061/1148 1065/2062/1065 1098/2063/1098
f 1064/2064/1064 1149/2065/1149 937/1663/937
f 719/1275/719 1128/2027/1128 861/1527/861
f 1149/2065/1149 971/1958/971 937/1663/937
f 1149/2065/1149 1150/2066/1150 971/1958/971
f 896/1587/896 1013/1811/1013 1151/2067/1151
f 1012/1808/1012 1129/2028/1129 1010/1806/1010
f 1151/2067/1151 1013/1811/1013 901/1596/901
f 899/2068/899 1152/2069/1152 1129/2070/1129
f 899/2068/899 1153/2071/1153 1152/2069/1152
f 794/1770/794 1099/1960/1099 1066/2072/1066
f 1154/2073/1154 899/2068/899 1155/2074/1155
f 902/1597/902 822/1460/822 1066/1912/1066
f 1156/2075/1156 1102/1965/1102 902/2076/902
f 1156/2075/1156 1131/2033/1131 1102/1965/1102
f 1132/2034/1132 1067/1913/1067 1135/2037/1135
f 1132/2034/1132 1135/2037/1135 1130/2032/1130
f 1135/2037/1135 1157/2077/1157 1130/2032/1130
f 1102/1965/1102 1134/2036/1134 865/1966/865
f 1133/2035/1133 1158/2078/1158 1134/2036/1134
f 605/1094/605 865/1533/865 1070/1917/1070
f 908/1605/908 975/1732/975 1069/1916/1069
f 1035/1859/1035 830/1470/830 538/974/538
f 834/1477/834 1107/1975/1107 946/1677/946
f 835/1480/835 1078/1929/1078 1037/1862/1037
f 915/1928/915 1159/2079/1159 1078/1929/1078
f 1109/2080/1109 1079/2081/1079 872/2082/872
f 947/1678/947 1038/1866/1038 1160/2083/1160
f 837/1779/837 1079/1931/1079 918/1780/918
f 874/2084/874 838/2085/838 1039/2086/1039
f 838/2085/838 978/2087/978 1039/2086/1039
f 1081/2088/1081 1161/2089/1161 839/1833/839
f 1110/2090/1110 978/2091/978 1162/2092/1162
f 659/1171/659 1162/2093/1162 978/1739/978
f 954/1688/954 1163/2094/1163 803/1427/803
f 842/1488/842 1082/1993/1082 1164/2095/1164
f 842/1488/842 1165/2096/1165 1085/1940/1085
f 997/1784/997 1166/2097/1166 982/1753/982
f 1116/2001/1116 960/2098/960 981/2002/981
f 961/1707/961 923/1626/923 1167/2099/1167
f 962/1709/962 964/1786/964 1138/2047/1138
f 964/1786/964 1139/2100/1139 1138/2047/1138
f 927/1648/927 1142/2053/1142 999/1790/999
f 1047/1879/1047 1089/1946/1089 1142/2053/1142
f 1168/2101/1168 1169/2102/1169 1170/2103/1170
f 966/1762/966 1048/1880/1048 1119/2104/1119
f 1171/2105/1171 1144/2055/1144 1002/1793/1002
f 1054/1886/1054 1123/2015/1123 1121/2013/1121
f 1091/1950/1091 1122/2014/1122 1145/2056/1145
f 1056/1888/1056 1124/2016/1124 1123/2015/1123
f 1172/2106/1172 1094/1953/1094 1146/2057/1146
f 1125/2107/1125 1173/2108/1173 1124/2109/1124
f 1094/1953/1094 1147/2058/1147 1055/1887/1055
f 967/1719/967 1057/1890/1057 888/1717/888
f 930/1764/930 1174/2110/1174 856/1517/856
f 932/1654/932 856/1517/856 1175/2111/1175
f 988/1765/988 969/1724/969 1176/2112/1176
f 1059/1893/1059 1177/2113/1177 989/1895/989
f 989/1766/989 1177/2114/1177 1027/1848/1027
f 1061/1898/1061 1027/1848/1027 1177/2114/1177
f 1062/2115/1062 1178/2116/1178 1007/1803/1007
f 897/1588/897 1179/2117/1179 1127/2023/1127
f 554/1905/554 1097/2118/1097 1064/1906/1064
f 719/1903/719 1008/1902/1008 1128/2119/1128
f 971/1959/971 1150/2120/1150 1099/1960/1099
f 900/2121/900 1180/2122/1180 992/1813/992
f 899/1668/899 1100/1961/1100 1155/2123/1155
f 1066/1912/1066 1099/2124/1099 902/1597/902
f 1156/2075/1156 1181/2125/1181 1131/2033/1131
f 906/1915/906 1068/1914/1068 1100/2126/1100
f 1067/1913/1067 1132/2034/1132 991/1771/991
f 991/1771/991 1181/2125/1181 1068/1914/1068
f 1182/2127/1182 1014/1814/1014 992/1813/992
f 1130/2032/1130 1157/2077/1157 1133/2035/1133
f 1133/2035/1133 1157/2077/1157 1158/2078/1158
f 1135/2037/1135 1030/1853/1030 1157/2077/1157
f 1157/2077/1157 1030/1853/1030 1183/2128/1183
f 907/1852/907 1183/2128/1183 1030/1853/1030
f 1014/1814/1014 1184/2129/1184 940/1812/940
f 1185/2130/1185 993/1773/993 1072/1920/1072
f 1033/1967/1033 1103/1968/1103 1032/2131/1032
f 1015/1815/1015 1073/1921/1073 1186/2132/1186
f 651/1157/651 1187/2133/1187 728/1292/728
f 1078/2134/1078 1188/2135/1188 1037/2136/1037
f 1078/2134/1078 1159/2137/1159 1188/2135/1188
f 947/1678/947 1160/2083/1160 977/1735/977
f 775/2138/775 1189/2139/1189 952/2140/952
f 952/2140/952 1189/2139/1189 951/2141/951
f 453/2142/453 1190/2143/1190 874/2144/874
f 874/2084/874 1190/2145/1190 838/2085/838
f 838/2085/838 1190/2145/1190 949/2146/949
f 951/2147/951 1191/2148/1191 1192/2149/1192
f 951/1683/951 1192/2150/1192 980/1829/980
f 1110/2151/1110 1162/2152/1162 1193/2153/1193
f 1110/2154/1110 1193/2155/1193 1082/2156/1082
f 980/1742/980 1192/2157/1192 1040/1868/1040
f 841/1487/841 1194/2158/1194 659/1171/659
f 842/1488/842 1164/2095/1164 1165/2096/1165
f 997/1784/997 1137/2046/1137 1195/2159/1195
f 1085/1940/1085 1196/2160/1196 1041/1869/1041
f 955/1831/955 1197/2161/1197 805/2162/805
f 805/2163/805 1197/2164/1197 1116/2165/1116
f 1042/1873/1042 1086/1942/1086 1198/2166/1198
f 961/1707/961 1167/2099/1167 1199/2167/1199
f 1140/2050/1140 1200/2168/1200 1045/1876/1045
f 1045/2169/1045 1046/1877/1046 985/1758/985
f 1201/2170/1201 1141/2052/1141 1046/2051/1046
f 1201/2171/1201 1202/2172/1202 1141/2173/1141
f 1202/2174/1202 1203/2175/1203 1141/2176/1141
f 1202/2177/1202 1170/2103/1170 1203/2178/1203
f 1170/2103/1170 1202/2177/1202 1168/2101/1168
f 1169/2102/1169 1204/2179/1204 1170/2103/1170
f 986/1761/986 1049/1881/1049 1048/1880/1048
f 987/1763/987 1171/2105/1171 1002/1793/1002
f 1120/2011/1120 1205/2180/1205 1024/1841/1024
f 1171/2181/1171 1206/2182/1206 1144/2183/1144
f 1121/2013/1121 1207/2184/1207 1122/2014/1122
f 1121/2013/1121 1208/2185/1208 1206/2182/1206
f 1122/2014/1122 1209/2186/1209 1145/2056/1145
f 1123/2187/1123 1124/2109/1124 1210/2188/1210
f 1093/1952/1093 1211/2189/1211 1146/2057/1146
f 1173/2108/1173 1212/2190/1212 1124/2109/1124
f 1147/2191/1147 1094/2192/1094 1172/2193/1172
f 1057/1890/1057 1003/1795/1003 888/1717/888
f 1213/2194/1213 1095/1954/1095 988/1765/988
f 1025/1845/1025 1005/1799/1005 1214/2195/1214
f 969/1724/969 717/1273/717 1215/2196/1215
f 1061/2197/1061 1216/2198/1216 1126/2199/1126
f 815/1447/815 1217/2200/1217 718/1403/718
f 897/1588/897 896/1587/896 1179/2117/1179
f 1098/1957/1098 1028/1911/1028 1148/2201/1148
f 1180/2122/1180 1182/2127/1182 992/1813/992
f 1132/2034/1132 1181/2125/1181 991/1771/991
f 1131/2033/1131 1181/2125/1181 1132/2034/1132
f 865/1966/865 1134/2036/1134 1218/2202/1218
f 907/1852/907 993/1773/993 1183/2128/1183
f 867/1919/867 1219/2203/1219 1072/1920/1072
f 1103/1968/1103 1073/2204/1073 1032/2131/1032
f 799/1418/799 1074/1922/1074 941/1672/941
f 1015/2205/1015 1186/2206/1186 1220/2207/1220
f 1015/2205/1015 1220/2207/1220 1016/2208/1016
f 974/1731/974 1104/1970/1104 975/1732/975
f 728/1292/728 1187/2133/1187 1074/1922/1074
f 1107/1975/1107 1221/2209/1221 946/1677/946
f 1037/1862/1037 1222/2210/1222 871/1544/871
f 916/1615/916 1080/1932/1080 1108/1978/1108
f 775/2138/775 917/2211/917 1223/2212/1223
f 948/1679/948 1224/2213/1224 1136/2214/1136
f 1189/2215/1189 1191/2216/1191 951/2217/951
f 948/1679/948 979/1740/979 1224/2213/1224
f 1193/2155/1193 1225/2218/1225 1082/2156/1082
f 1083/1935/1083 1197/2161/1197 955/1831/955
f 1196/2219/1196 1226/2220/1226 1041/2221/1041
f 1085/1940/1085 1165/2096/1165 1226/2222/1226
f 1085/1940/1085 1226/2222/1226 1196/2160/1196
f 1022/1834/1022 1042/1941/1042 1227/2223/1227
f 1198/2224/1198 1227/2225/1227 1042/2226/1042
f 960/2227/960 1228/2228/1228 1113/2229/1113
f 1086/1996/1086 1114/1998/1114 1229/2230/1229
f 960/2231/960 1116/2232/1116 1230/2233/1230
f 1114/2234/1114 1115/2235/1115 1229/2236/1229
f 1167/2099/1167 923/1626/923 1231/2237/1231
f 876/2005/876 1117/2004/1117 983/2238/983
f 984/2007/984 1232/2239/1232 1118/2006/1118
f 1142/2053/1142 1233/2240/1233 999/1790/999
f 1234/2241/1234 1202/2242/1202 1201/2170/1201
f 1089/1946/1089 1141/2052/1141 1142/2053/1142
f 1234/2243/1234 1168/2101/1168 1202/2177/1202
f 1168/2244/1168 1235/2245/1235 1169/2246/1169
f 1119/2247/1119 1048/2248/1048 1236/2249/1236
f 1236/2250/1236 887/1573/887 1119/2251/1119
f 1023/1838/1023 1237/2252/1237 1238/2253/1238
f 1207/2184/1207 1206/2182/1206 1171/2181/1171
f 1207/2254/1207 1171/2255/1171 1122/2256/1122
f 1121/2013/1121 1206/2182/1206 1207/2184/1207
f 1121/2013/1121 1123/2015/1123 1208/2185/1208
f 1239/2257/1239 1211/2189/1211 1093/1952/1093
f 1124/2109/1124 1212/2190/1212 1210/2188/1210
f 856/1517/856 1174/2110/1174 1175/2111/1175
f 1005/1799/1005 1096/1955/1096 1214/2195/1214
f 1176/2112/1176 969/1724/969 1215/2196/1215
f 1007/1803/1007 1178/2116/1178 1006/1801/1006
f 1006/1801/1006 1178/2116/1178 1060/1897/1060
f 1217/2200/1217 1097/2258/1097 718/1403/718
f 1097/2118/1097 1240/2259/1240 1064/1906/1064
f 1149/2260/1149 1241/2261/1241 1150/2262/1150
f 1010/2263/1010 1242/2264/1242 1028/2265/1028
f 1010/1806/1010 1152/2266/1152 1242/2267/1242
f 1129/2028/1129 1152/2266/1152 1010/1806/1010
f 1243/2268/1243 1180/2122/1180 900/2121/900
f 1099/2124/1099 1244/2269/1244 902/1597/902
f 1156/2075/1156 1245/2270/1245 1181/2125/1181
f 1244/2271/1244 1156/2075/1156 902/2076/902
f 1100/2126/1100 1068/1914/1068 1246/2272/1246
f 1031/1854/1031 1247/2273/1247 1248/2274/1248
f 1134/2036/1134 1158/2078/1158 1218/2202/1218
f 1157/2077/1157 1249/2275/1249 1158/2078/1158
f 1249/2275/1249 1157/2077/1157 1183/2128/1183
f 1031/1854/1031 1069/1916/1069 1247/2273/1247
f 940/1812/940 1184/2129/1184 1103/1968/1103
f 692/1230/692 1071/1918/1071 994/1774/994
f 975/1732/975 1250/2276/1250 1069/1916/1069
f 536/970/536 728/1292/728 1074/1922/1074
f 868/1536/868 1251/2277/1251 945/1676/945
f 913/1610/913 1105/1973/1105 1076/1926/1076
f 1106/2040/1106 1252/2278/1252 1017/2279/1017
f 1035/1859/1035 1253/2280/1253 830/1470/830
f 1017/2279/1017 1252/2278/1252 832/1540/832
f 915/1976/915 1254/2281/1254 1159/2137/1159
f 1222/2210/1222 1255/2282/1255 871/1544/871
f 1019/1977/1019 1108/1978/1108 1256/2283/1256
f 1189/2139/1189 775/2138/775 1223/2212/1223
f 453/2284/453 1257/2285/1257 1190/2286/1190
f 871/2287/871 1257/2285/1257 453/2284/453
f 735/1686/735 1020/2288/1020 917/1618/917
f 1161/2089/1161 1258/2289/1258 839/1833/839
f 1162/2093/1162 659/1171/659 1194/2158/1194
f 954/1688/954 1084/2290/1084 1163/2094/1163
f 1082/1993/1082 1259/2291/1259 1164/2095/1164
f 1137/2046/1137 1260/2292/1260 1195/2159/1195
f 1116/2165/1116 1197/2164/1197 1261/2293/1261
f 1113/1995/1113 1228/2294/1228 1262/2295/1262
f 960/1705/960 1263/2296/1263 1228/2294/1228
f 960/1705/960 1230/2297/1230 1263/2296/1263
f 1166/2097/1166 1264/2298/1264 982/1753/982
f 961/2299/961 1199/2300/1199 1087/2301/1087
f 923/1626/923 1265/2302/1265 1231/2237/1231
f 983/1755/983 1266/2303/1266 984/1756/984
f 1138/2047/1138 1267/2304/1267 1043/1874/1043
f 984/2007/984 1266/2305/1266 1232/2239/1232
f 1044/1875/1044 1118/2006/1118 1268/2306/1268
f 965/1713/965 999/1790/999 1139/2048/1139
f 1045/1876/1045 1200/2168/1200 1046/2307/1046
f 1046/2051/1046 1234/2241/1234 1201/2170/1201
f 1203/2178/1203 1142/2308/1142 1141/2309/1141
f 1203/2178/1203 1170/2103/1170 1142/2308/1142
f 1234/2243/1234 1235/2310/1235 1168/2101/1168
f 1235/2310/1235 1269/2311/1269 1169/2102/1169
f 1169/2102/1169 1269/2311/1269 1204/2179/1204
f 1000/1791/1000 1237/2252/1237 1023/1838/1023
f 1000/1791/1000 1001/1792/1001 1270/2312/1270
f 1001/1792/1001 1050/1882/1050 1271/2313/1271
f 1171/2105/1171 987/1763/987 1272/2314/1272
f 1051/2315/1051 1273/2316/1273 1120/2317/1120
f 1206/2182/1206 1208/2185/1208 1274/2318/1274
f 1145/2056/1145 1275/2319/1275 1093/1952/1093
f 1275/2319/1275 1239/2257/1239 1093/1952/1093
f 1211/2189/1211 1276/2320/1276 1146/2057/1146
f 1276/2320/1276 1172/2106/1172 1146/2057/1146
f 1277/2321/1277 1147/2191/1147 1172/2193/1172
f 1025/1845/1025 1214/2195/1214 1057/2322/1057
f 1058/1892/1058 1003/2323/1003 1059/1893/1059
f 1213/2194/1213 988/1765/988 1278/2324/1278
f 1176/2112/1176 1278/2324/1278 988/1765/988
f 1059/1893/1059 1279/2325/1279 1177/2113/1177
f 1061/1898/1061 1177/2114/1177 1280/2326/1280
f 1062/1899/1062 1009/1805/1009 1127/2023/1127
f 1097/2258/1097 1217/2200/1217 1281/2327/1281
f 1126/2328/1126 1128/2119/1128 1008/1902/1008
f 1064/1906/1064 1240/2259/1240 1149/2329/1149
f 1150/2120/1150 1282/2330/1282 1099/1960/1099
f 899/2068/899 1154/2073/1154 1153/2071/1153
f 1155/2074/1155 1246/2272/1246 1154/2073/1154
f 1155/2074/1155 1100/2126/1100 1246/2272/1246
f 1156/2075/1156 1244/2271/1244 1245/2270/1245
f 1068/2331/1068 1181/2332/1181 1283/2333/1283
f 1031/1854/1031 1248/2274/1248 1101/1962/1101
f 1183/2128/1183 1185/2130/1185 1284/2334/1284
f 993/1773/993 1185/2130/1185 1183/2128/1183
f 1072/1920/1072 1219/2203/1219 1185/2130/1185
f 1075/2335/1075 945/2336/945 1285/2337/1285
f 772/1358/772 1286/2338/1286 1035/1859/1035
f 1036/1860/1036 1107/1975/1107 1018/1861/1018
f 915/1976/915 1019/1824/1019 1254/2281/1254
f 1019/1824/1019 1256/2339/1256 1254/2281/1254
f 1287/2340/1287 871/1544/871 1255/2282/1255
f 977/1735/977 1160/2083/1160 1288/2341/1288
f 1287/2340/1287 1257/2342/1257 871/1544/871
f 1109/1979/1109 946/1677/946 1221/2209/1221
f 1289/2343/1289 917/1618/917 1020/2288/1020
f 1290/2344/1290 1190/2286/1190 1257/2285/1257
f 1290/2345/1290 949/1982/949 1190/2346/1190
f 1291/2347/1291 1081/2045/1081 918/1619/918
f 1292/2348/1292 803/1427/803 1163/2094/1163
f 1192/2157/1192 1293/2349/1293 1040/1868/1040
f 1083/1935/1083 839/1833/839 1258/2289/1258
f 1259/2350/1259 1082/2156/1082 1225/2218/1225
f 1293/2349/1293 1137/2046/1137 1040/1868/1040
f 1083/2351/1083 1112/2352/1112 1294/2353/1294
f 1294/2354/1294 1197/2161/1197 1083/1935/1083
f 1195/2159/1195 1166/2097/1166 997/1784/997
f 1113/1995/1113 1262/2295/1262 1295/2355/1295
f 1261/2293/1296 1262/2356/1262 1228/2357/1228
f 1228/2294/1228 1263/2296/1263 1261/2358/1296
f 1261/2358/1296 1263/2296/1263 1296/2359/1297
f 1296/2359/1297 1263/2296/1263 1230/2297/1230
f 1115/2235/1115 1087/2360/1087 1199/2361/1199
f 1297/2362/1298 1117/2004/1117 982/1753/982
f 923/1626/923 875/1554/875 1298/2363/1299
f 1299/2364/1300 875/1554/875 1088/1944/1088
f 1300/2365/1301 1138/2047/1138 1139/2100/1139
f 1268/2366/1268 1140/2367/1140 1044/2368/1044
f 1234/2243/1234 1046/2369/1046 1200/2370/1200
f 1142/2308/1142 1170/2103/1170 1301/2371/1302
f 1204/2372/1204 1301/2373/1302 1170/2374/1170
f 1269/2311/1269 1302/2375/1303 1204/2179/1204
f 1049/1881/1049 1023/1838/1023 1303/2376/1304
f 1304/2377/1305 1236/2378/1236 1048/1880/1048
f 1305/2379/1306 1143/2054/1143 887/1573/887
f 1271/2313/1271 1050/1882/1050 1306/2380/1307
f 1273/2381/1273 1307/2382/1308 1120/2383/1120
f 1205/2180/1205 1120/2011/1120 1307/2384/1308
f 1308/2385/1309 1275/2319/1275 1145/2056/1145
f 1212/2190/1212 1173/2108/1173 1309/2386/1310
f 1310/2387/1311 1125/2388/1125 1147/2191/1147
f 1213/2389/1213 930/1764/930 1095/2390/1095
f 1311/2391/1312 932/1721/932 1175/2392/1175
f 1312/2393/1313 815/1580/815 1004/1847/1004
f 1313/2394/1314 1128/2119/1128 1126/2328/1126
f 1240/2259/1240 1097/2118/1097 1281/2395/1281
f 1314/2396/1315 1148/2397/1148 1028/2265/1028
f 1315/2398/1316 1150/2399/1150 1241/2400/1241
f 1316/2401/1317 1180/2122/1180 1243/2268/1243
f 1317/2402/1318 1099/2403/1099 1282/2404/1282
f 1317/2402/1318 1318/2405/1319 1099/2403/1099
f 1318/2405/1319 1244/2271/1244 1099/2403/1099
f 1318/2405/1319 1245/2270/1245 1244/2271/1244
f 1319/2406/1320 1182/2127/1182 1180/2122/1180
f 1184/2129/1184 1014/1814/1014 1182/2127/1182
f 1218/2407/1218 1070/1917/1070 865/1533/865
f 1184/2129/1184 1320/2408/1321 1103/1968/1103
f 994/1774/994 1321/2409/1322 973/1730/973
f 1322/2410/1323 1323/2411/1324 1073/2204/1073
f 1285/2412/1285 945/2413/945 1251/2414/1251
f 651/1157/651 830/1470/830 1187/2133/1187
f 1324/2415/1325 1159/2137/1159 1254/2281/1254
f 1325/2416/1326 1077/1927/1077 977/1735/977
f 1326/2417/1327 1037/2136/1037 1188/2135/1188
f 1326/2417/1327 1188/2135/1188 1327/2418/1328
f 1328/2419/1329 977/1735/977 1288/2341/1288
f 1329/2420/1330 1191/2421/1191 1189/2422/1189
f 917/1618/917 1289/2343/1289 1223/2423/1223
f 1109/1979/1109 1330/2424/1331 1079/1931/1079
f 1038/1980/1038 949/1982/949 1290/2345/1290
f 1111/1989/1111 920/1621/920 1021/1830/1021
f 979/1740/979 803/1427/803 1292/2348/1292
f 1081/2088/1081 1331/2425/1332 1161/2089/1161
f 1292/2348/1292 1163/2094/1163 1332/2426/1333
f 1162/2093/1162 1194/2158/1194 1333/2427/1334
f 1259/2291/1259 1334/2428/1335 1164/2095/1164
f 1112/2352/1112 1335/2429/1336 1294/2353/1294
f 1112/1994/1112 1113/1995/1113 1335/2430/1336
f 1294/2353/1294 1335/2429/1336 1197/2431/1197
f 1022/1937/1022 1227/2432/1227 1336/2433/1337
f 1165/2096/1165 1337/2434/1338 1226/2222/1226
f 1197/2164/1339 1262/2356/1340 1261/2293/1341
f 1086/1996/1086 1229/2230/1229 1198/2435/1198
f 1338/2436/1342 1116/2437/1116 1261/2438/1261
f 1338/2436/1342 1230/2439/1230 1116/2437/1116
f 1264/2298/1264 1297/2362/1298 982/1753/982
f 923/1626/923 1298/2363/1299 1265/2302/1265
f 1298/2363/1299 875/1554/875 1299/2364/1300
f 1117/2004/1117 1339/2440/1343 983/2238/983
f 1339/2440/1343 1266/2441/1266 983/2238/983
f 1139/2048/1139 999/1790/999 1340/2442/1344
f 1142/2443/1142 1301/2444/1302 1341/2445/1345
f 1234/2243/1234 1342/2446/1346 1235/2310/1235
f 1342/2447/1346 1269/2448/1269 1235/2449/1235
f 1049/1881/1049 1343/2450/1347 1048/1880/1048
f 1023/1838/1023 1344/2451/1348 1303/2376/1304
f 1023/1838/1023 1238/2253/1238 1344/2451/1348
f 1345/2452/1349 1237/2453/1237 1000/2454/1000
f 1270/2312/1270 1001/1792/1001 1271/2313/1271
f 1346/2455/1350 987/1763/987 1143/2054/1143
f 1171/2181/1171 1272/2456/1272 1209/2186/1209
f 1171/2181/1171 1209/2186/1209 1122/2014/1122
f 1144/2055/1144 1347/2457/1351 1090/1948/1090
f 1206/2458/1206 1348/2459/1352 1144/2460/1144
f 1349/2461/1353 1145/2056/1145 1209/2186/1209
f 1123/2187/1123 1210/2188/1210 1208/2462/1208
f 1239/2257/1239 1276/2320/1276 1211/2189/1211
f 1311/2391/1312 1026/1846/1026 932/1721/932
f 1096/1955/1096 1060/1896/1060 1350/2463/1354
f 1312/2464/1313 1004/1796/1004 1351/2465/1355
f 1177/2113/1177 1352/2466/1356 1280/2467/1280
f 1312/2464/1313 1217/2200/1217 815/1447/815
f 717/1273/717 1353/2468/1357 1215/2196/1215
f 717/1273/717 1148/2060/1148 1353/2468/1357
f 1126/2328/1126 1216/2469/1216 1313/2394/1314
f 1127/2470/1127 1179/2471/1179 1354/2472/1358
f 1179/2117/1179 896/1587/896 1355/2473/1359
f 896/1587/896 1151/2067/1151 1355/2473/1359
f 1356/2474/1360 1148/2475/1148 1314/2476/1315
f 1150/2477/1150 1315/2478/1316 1282/2404/1282
f 1152/2069/1152 1153/2071/1153 1315/2478/1316
f 901/1596/901 1101/1962/1101 1357/2479/1361
f 1180/2122/1180 1358/2480/1362 1319/2406/1320
f 1246/2272/1246 1068/1914/1068 1283/2481/1283
f 1218/2407/1218 1359/2482/1363 1070/1917/1070
f 1185/2130/1185 1360/2483/1364 1284/2334/1284
f 1070/1917/1070 1359/2482/1363 1071/1918/1071
f 1185/2130/1185 1219/2203/1219 1361/2484/1365
f 1071/1918/1071 1321/2409/1322 994/1774/994
f 1103/1968/1103 1362/2485/1366 1073/2204/1073
f 1321/2409/1322 796/1415/796 973/1730/973
f 1362/2485/1366 1322/2410/1323 1073/2204/1073
f 1074/1922/1074 1363/2486/1367 941/1672/941
f 1186/2206/1186 1364/2487/1368 1220/2207/1220
f 1365/2488/1369 868/1536/868 796/1415/796
f 1016/2208/1016 1366/2489/1370 1105/2490/1105
f 1365/2488/1369 1251/2277/1251 868/1536/868
f 1104/1970/1104 1075/1972/1075 1367/2491/1371
f 1075/2492/1075 1285/2412/1285 1367/2493/1371
f 1188/2135/1188 1324/2415/1325 1368/2494/1372
f 1159/2137/1159 1324/2415/1325 1188/2135/1188
f 1188/2135/1188 1369/2495/1373 1327/2418/1328
f 977/1735/977 1328/2419/1329 1325/2416/1326
f 1256/2283/1256 1108/1978/1108 1370/2496/1374
f 1288/2497/1288 1287/2340/1287 1328/2498/1329
f 1288/2341/1288 1160/2083/1160 1371/2499/1375
f 1160/2083/1160 1372/2500/1376 1371/2499/1375
f 1329/2501/1330 1373/2502/1377 1191/2503/1191
f 979/1740/979 1374/2504/1378 1224/2213/1224
f 1079/1931/1079 1330/2424/1331 918/1780/918
f 1191/2505/1191 1375/2506/1379 1192/2157/1192
f 1193/2153/1193 1162/2152/1162 1225/2507/1225
f 1083/1935/1083 1258/2289/1258 1376/2508/1380
f 1112/2509/1112 1377/2510/1381 1021/2511/1021
f 1137/2046/1137 1293/2349/1293 1260/2292/1260
f 1022/1937/1022 1336/2433/1337 1084/1938/1084
f 1113/1995/1113 1295/2355/1295 1335/2430/1336
f 1165/2096/1165 1164/2095/1164 1378/2512/1382
f 1260/2292/1260 1379/2513/1383 1195/2159/1195
f 1198/2514/1198 1336/2433/1337 1227/2432/1227
f 1380/2515/1384 1198/2514/1198 1381/2516/1385
f 1232/2239/1232 1268/2306/1268 1118/2006/1118
f 1268/2306/1268 1200/2168/1200 1140/2050/1140
f 1233/2240/1233 1382/2517/1386 1340/2442/1344
f 1233/2240/1233 1340/2442/1344 999/1790/999
f 1142/2443/1142 1341/2445/1345 1233/2518/1233
f 1200/2370/1200 1342/2446/1346 1234/2243/1234
f 1302/2375/1303 1383/2519/1387 1204/2179/1204
f 1384/2520/1388 1238/2521/1238 1345/2522/1349
f 1236/2250/1236 1385/2523/1389 887/1573/887
f 1237/2252/1237 1345/2524/1349 1238/2253/1238
f 1345/2524/1349 1000/1791/1000 1386/2525/1390
f 1000/1791/1000 1270/2312/1270 1386/2525/1390
f 1205/2526/1205 1050/1882/1050 1024/1843/1024
f 1206/2182/1206 1274/2318/1274 1348/2527/1352
f 1208/2462/1208 1387/2528/1391 1274/2529/1274
f 1145/2056/1145 1349/2461/1353 1308/2385/1309
f 1210/2188/1210 1388/2530/1392 1208/2462/1208
f 1308/2531/1309 1389/2532/1393 1275/2533/1275
f 1275/2319/1275 1389/2534/1393 1239/2257/1239
f 1310/2387/1311 1173/2535/1173 1125/2388/1125
f 1003/1795/1003 1390/2536/1394 1391/2537/1395
f 1096/1955/1096 1392/2538/1396 1214/2195/1214
f 1026/1846/1026 1351/2465/1355 1004/1796/1004
f 1060/1897/1060 1178/2116/1178 1350/2539/1354
f 1061/1898/1061 1393/2540/1397 1216/2541/1216
f 1061/1898/1061 1280/2326/1280 1394/2542/1398
f 1062/1899/1062 1395/2543/1399 1178/2544/1178
f 1062/1899/1062 1127/2023/1127 1395/2543/1399
f 1028/2265/1028 1242/2264/1242 1314/2396/1315
f 900/2121/900 1128/2119/1128 1243/2268/1243
f 1149/2545/1149 1396/2546/1400 1241/2400/1241
f 1241/2400/1241 1396/2546/1400 1315/2398/1316
f 1152/2547/1152 1397/2548/1401 1242/2549/1242
f 1153/2071/1153 1154/2073/1154 1398/2550/1402
f 1398/2550/1402 1154/2073/1154 1399/2551/1403
f 1154/2073/1154 1246/2272/1246 1399/2551/1403
f 1318/2405/1319 1283/2481/1283 1245/2270/1245
f 1245/2552/1245 1283/2333/1283 1181/2332/1181
f 1183/2128/1183 1400/2553/1404 1249/2275/1249
f 1284/2334/1284 1400/2553/1404 1183/2128/1183
f 1400/2553/1404 1284/2334/1284 1401/2554/1405
f 1360/2483/1364 1185/2130/1185 1361/2484/1365
f 1069/1916/1069 1402/2555/1406 1247/2273/1247
f 1320/2408/1321 1362/2485/1366 1103/1968/1103
f 1073/2204/1073 1323/2411/1324 1186/2206/1186
f 975/1732/975 1104/1970/1104 1250/2276/1250
f 1074/1922/1074 1187/2133/1187 1363/2486/1367
f 1106/2040/1106 1403/2556/1407 1252/2278/1252
f 832/1540/832 1252/2278/1252 995/1777/995
f 1286/2338/1286 772/1358/772 1404/2557/1408
f 1405/2558/1409 1406/2559/1410 1327/2560/1328
f 1405/2558/1409 1327/2560/1328 1407/2561/1411
f 1369/2495/1373 1407/2562/1411 1327/2418/1328
f 1369/2563/1373 1188/2564/1188 1407/1551/1411
f 1188/2135/1188 1368/2494/1372 1407/2562/1411
f 1254/2281/1254 1408/2565/1412 1324/2415/1325
f 1409/2566/1413 1222/2567/1222 1037/2136/1037
f 1037/2136/1037 1326/2417/1327 1409/2566/1413
f 1255/2282/1255 1325/2568/1326 1328/2498/1329
f 1255/2282/1255 1328/2498/1329 1287/2340/1287
f 1288/2569/1288 1257/2570/1257 1287/2571/1287
f 1288/2572/1288 1371/2573/1375 1257/2574/1257
f 1371/2575/1375 1410/2576/1414 1257/2285/1257
f 1160/2083/1160 1038/1866/1038 1372/2500/1376
f 1330/2424/1331 1291/2577/1291 918/1780/918
f 1162/2578/1162 1333/2579/1334 1225/2580/1225
f 1021/1830/1021 1411/2581/1415 1412/2582/1416
f 1084/1938/1084 1336/2433/1337 1413/2583/1417
f 1335/2584/1336 1295/2585/1295 1414/2586/1418
f 1335/2587/1336 1414/2588/1418 1197/2161/1197
f 1198/2514/1198 1380/2515/1384 1336/2433/1337
f 1337/2589/1338 1165/2590/1165 1378/2591/1382
f 1198/2435/1198 1229/2230/1229 1381/2592/1385
f 1195/2159/1195 1264/2298/1264 1166/2097/1166
f 1266/2441/1266 1415/2593/1419 1232/2594/1232
f 1138/2047/1138 1300/2365/1301 1267/2304/1267
f 1204/2179/1204 1383/2519/1387 1301/2371/1302
f 1301/2444/1302 1383/2595/1387 1416/2596/1420
f 1342/2597/1346 1417/2598/1421 1269/2599/1269
f 1269/2600/1269 1383/2601/1387 1302/2602/1303
f 1238/2521/1238 1384/2520/1388 1418/2603/1422
f 1236/2604/1236 1304/2605/1305 1385/2606/1389
f 1345/2522/1349 1386/2607/1390 1419/2608/1423
f 1420/2609/1424 1421/2610/1425 1344/2611/1426
f 1238/2253/1238 1420/2612/1427 1344/2451/1348
f 1419/2608/1423 1386/2607/1390 1422/2613/1428
f 1386/2525/1390 1270/2312/1270 1422/2614/1428
f 1306/2380/1307 1050/1882/1050 1423/2615/1429
f 1212/2190/1212 1424/2616/1430 1210/2188/1210
f 1212/2190/1212 1309/2386/1310 1425/2617/1431
f 1212/2190/1212 1425/2617/1431 1424/2616/1430
f 1276/2618/1276 1426/2619/1432 1172/2193/1172
f 1391/2620/1395 1427/2621/1433 1003/2323/1003
f 1003/2323/1003 1427/2621/1433 1059/1893/1059
f 1427/2621/1433 1428/2622/1434 1059/1893/1059
f 1061/1898/1061 1394/2542/1398 1393/2540/1397
f 1148/2060/1148 1356/2623/1360 1353/2468/1357
f 1429/2624/1435 1240/2259/1240 1281/2395/1281
f 1430/2625/1436 1356/2626/1360 1431/2627/1437
f 1242/2264/1242 1432/2628/1438 1314/2396/1315
f 1151/2067/1151 901/1596/901 1355/2473/1359
f 1152/2547/1152 1315/2629/1316 1397/2548/1401
f 1433/2630/1439 1315/2478/1316 1153/2071/1153
f 1153/2071/1153 1398/2550/1402 1433/2630/1439
f 1318/2405/1319 1317/2402/1318 1283/2481/1283
f 1399/2551/1403 1246/2272/1246 1283/2481/1283
f 1158/2078/1158 1249/2275/1249 1218/2202/1218
f 1218/2202/1218 1401/2554/1405 1359/2631/1363
f 1360/2483/1364 1401/2554/1405 1284/2334/1284
f 1360/2483/1364 1359/2631/1363 1401/2554/1405
f 1184/2129/1184 1434/2632/1440 1320/2408/1321
f 867/1535/867 941/1672/941 1219/2633/1219
f 1186/2206/1186 1323/2411/1324 1364/2487/1368
f 1251/2414/1251 1367/2493/1371 1285/2412/1285
f 1077/1927/1077 1404/2557/1408 772/1358/772
f 1407/2561/1411 1435/2634/1441 1405/2558/1409
f 1254/2281/1254 1256/2339/1256 1408/2565/1412
f 1327/2560/1328 1406/2559/1410 1326/2635/1327
f 1409/2566/1413 1255/2636/1255 1222/2567/1222
f 1189/2637/1189 1223/2423/1223 1436/2638/1442
f 1189/2637/1189 1436/2638/1442 1329/2639/1330
f 1371/2640/1375 1372/2641/1376 1410/2642/1414
f 1038/1980/1038 1290/2345/1290 1372/2643/1376
f 1191/2503/1191 1373/2502/1377 1375/2644/1379
f 1375/2506/1379 1437/2645/1443 1192/2157/1192
f 1111/1989/1111 1021/1830/1021 1412/2582/1416
f 1438/2646/1444 1293/2349/1293 1192/2157/1192
f 1084/2290/1084 1439/2647/1445 1163/2094/1163
f 1021/2511/1021 1377/2510/1381 1440/2648/1446
f 1441/2649/1447 1439/2650/1445 1084/2651/1084
f 1084/2652/1084 1413/2653/1417 1441/2654/1447
f 1334/2655/1335 1442/2656/1448 1443/2657/1449
f 1377/2510/1381 1112/2509/1112 1444/2658/1450
f 1083/2659/1083 1444/2658/1450 1112/2509/1112
f 1083/1935/1083 1376/2508/1380 1444/2660/1450
f 841/1487/841 1041/2661/1041 1445/2662/1451
f 1041/2661/1041 1226/2663/1226 1446/2664/1452
f 1381/2592/1385 1447/2665/1453 1448/2666/1454
f 1380/2515/1384 1381/2516/1385 1448/2667/1454
f 1296/2359/1297 1262/2295/1262 1261/2358/1296
f 1261/2438/1261 1197/2668/1197 1338/2436/1342
f 1296/2359/1297 1230/2297/1230 1262/2295/1262
f 1338/2669/1342 1197/2670/1197 1230/2671/1230
f 1197/2161/1197 1449/2672/1455 1230/2673/1230
f 1231/2674/1231 1265/2675/1265 1167/2676/1167
f 1298/2677/1299 1450/2678/1456 1265/2675/1265
f 1451/2679/1457 1117/2004/1117 1297/2362/1298
f 1340/2442/1344 1300/2680/1301 1139/2048/1139
f 1452/2681/1458 1417/2682/1421 1342/2683/1346
f 1269/2600/1269 1417/2684/1421 1453/2685/1459
f 1269/2600/1269 1453/2685/1459 1383/2601/1387
f 1238/2521/1238 1418/2603/1422 1420/2686/1427
f 1303/2376/1304 1454/2687/1460 1049/1881/1049
f 1303/2376/1304 1455/2688/1461 1454/2687/1460
f 1455/2688/1461 1456/2689/1462 1454/2687/1460
f 1345/2522/1349 1419/2608/1423 1457/2690/1463
f 1455/2688/1461 1458/2691/1464 1456/2689/1462
f 1303/2376/1304 1344/2451/1348 1420/2612/1465
f 1422/2613/1428 1459/2692/1466 1419/2608/1423
f 1270/2312/1270 1459/2693/1466 1422/2614/1428
f 1272/2456/1272 1460/2694/1467 1209/2186/1209
f 1307/2384/1308 1461/2695/1468 1205/2180/1205
f 1144/2696/1144 1348/2697/1352 1347/2698/1351
f 1310/2699/1311 1309/2386/1310 1173/2108/1173
f 1003/1795/1003 1057/1890/1057 1390/2536/1394
f 1175/2111/1175 1174/2110/1174 1311/2700/1312
f 1462/2701/1469 1174/2110/1174 930/1764/930
f 1391/2620/1395 1463/2702/1470 1427/2621/1433
f 1177/2113/1177 1279/2325/1279 1352/2466/1356
f 1096/1955/1096 1350/2463/1354 1392/2538/1396
f 1350/2463/1354 1464/2703/1471 1392/2538/1396
f 1352/2704/1356 1465/2705/1472 1394/2542/1398
f 1394/2706/1398 1280/2707/1280 1352/2708/1356
f 1178/2544/1178 1395/2543/1399 1466/2709/1473
f 1127/2023/1127 1354/2710/1358 1395/2543/1399
f 1217/2200/1217 1467/2711/1474 1281/2327/1281
f 1353/2468/1357 1356/2623/1360 1468/2712/1475
f 1179/2117/1179 1355/2473/1359 1354/2710/1358
f 1429/2624/1435 1469/2713/1476 1240/2259/1240
f 1431/2714/1437 1469/2713/1476 1429/2624/1435
f 1356/2474/1360 1432/2715/1438 1431/2716/1437
f 1314/2476/1315 1432/2715/1438 1356/2474/1360
f 1240/2717/1240 1396/2718/1400 1149/2719/1149
f 1242/2264/1242 1397/2720/1401 1432/2628/1438
f 1315/2478/1316 1470/2721/1477 1282/2404/1282
f 1470/2721/1477 1317/2402/1318 1282/2404/1282
f 1182/2127/1182 1434/2632/1440 1184/2129/1184
f 1249/2275/1249 1401/2554/1405 1218/2202/1218
f 1249/2275/1249 1400/2553/1404 1401/2554/1405
f 1359/2631/1363 1360/2483/1364 1071/2722/1071
f 1321/2409/1322 1071/1918/1071 1471/2723/1478
f 1250/2276/1250 1402/2555/1406 1069/1916/1069
f 1250/2276/1250 1104/1970/1104 1472/2724/1479
f 1104/1970/1104 1367/2491/1371 1472/2724/1479
f 1365/2488/1369 1473/2725/1480 1251/2277/1251
f 1366/2489/1370 1474/2726/1481 1105/2490/1105
f 1403/2556/1407 1106/2040/1106 1076/2039/1076
f 1435/2727/1441 1475/2728/1482 1405/2729/1409
f 1405/2730/1409 1476/2731/1483 1406/2732/1410
f 1407/2561/1411 1368/2733/1372 1435/2634/1441
f 1368/2733/1372 1477/2734/1484 1435/2634/1441
f 1324/2415/1325 1477/2735/1484 1368/2494/1372
f 1324/2736/1325 1478/2737/1485 1477/2738/1484
f 1406/2739/1410 1409/2566/1413 1326/2417/1327
f 1223/2423/1223 1289/2343/1289 1479/2740/1486
f 1136/2043/1136 1480/2741/1487 1080/2044/1080
f 1136/2214/1136 1224/2213/1224 1480/2742/1487
f 1292/2348/1292 1481/2743/1488 979/1740/979
f 1333/2744/1334 1482/2745/1489 1225/2218/1225
f 1163/2094/1163 1439/2647/1445 1332/2426/1333
f 1293/2349/1293 1483/2746/1490 1260/2292/1260
f 1444/2747/1450 1484/2748/1491 1377/2749/1381
f 1444/2750/1450 1376/2751/1380 1484/2752/1491
f 1442/2753/1448 1485/2754/1492 1443/2755/1449
f 1443/2755/1449 1485/2754/1492 1486/2756/1493
f 1448/2666/1454 1486/2757/1493 1485/2758/1492
f 1448/2666/1454 1487/2759/1494 1486/2757/1493
f 1448/2667/1454 1336/2433/1337 1380/2515/1384
f 1337/2760/1338 1446/2664/1452 1226/2663/1226
f 1337/2760/1338 1378/2761/1382 1446/2664/1452
f 1229/2236/1229 1115/2235/1115 1488/2762/1495
f 1230/2763/1230 1449/2764/1455 1489/2765/1496
f 1167/2676/1167 1265/2675/1265 1490/2766/1497
f 1298/2677/1299 1299/2767/1300 1450/2678/1456
f 1339/2440/1343 1491/2768/1498 1266/2441/1266
f 1491/2768/1498 1415/2593/1419 1266/2441/1266
f 1232/2239/1232 1492/2769/1499 1268/2306/1268
f 1340/2442/1344 1493/2770/1500 1300/2680/1301
f 1341/2445/1345 1301/2444/1302 1416/2596/1420
f 1453/2771/1459 1384/2520/1388 1383/2772/1387
f 1383/2773/1387 1384/2774/1388 1494/2775/1501
f 1418/2603/1422 1384/2520/1388 1453/2771/1459
f 1420/2686/1427 1418/2603/1422 1453/2771/1459
f 1384/2520/1388 1345/2522/1349 1457/2690/1463
f 1048/1880/1048 1343/2450/1347 1304/2377/1305
f 1303/2376/1304 1495/2776/1502 1455/2688/1461
f 1420/2612/1427 1495/2776/1502 1303/2376/1304
f 1496/2777/1503 1420/2612/1504 1303/2376/1505
f 1419/2608/1423 1271/2778/1271 1457/2690/1463
f 887/1573/887 1385/2523/1389 1497/2779/1506
f 1419/2608/1423 1459/2692/1466 1271/2778/1271
f 1459/2693/1466 1270/2312/1270 1271/2313/1271
f 1306/2380/1307 1498/2780/1507 1271/2313/1271
f 1272/2456/1272 987/2781/987 1460/2694/1467
f 1209/2186/1209 1460/2694/1467 1349/2461/1353
f 1348/2782/1352 1274/2529/1274 1499/2783/1508
f 1308/2385/1309 1349/2461/1353 1500/2784/1509
f 1208/2785/1208 1388/2786/1392 1387/2787/1391
f 1501/2788/1510 1502/2789/1511 1147/2191/1147
f 1147/2191/1147 1502/2789/1511 1310/2387/1311
f 1213/2389/1213 1462/2701/1469 930/1764/930
f 1057/2322/1057 1214/2195/1214 1503/2790/1512
f 1463/2791/1470 1428/2792/1434 1427/2793/1433
f 1352/2794/1356 1504/2795/1513 1465/2796/1472
f 1465/2705/1472 1504/2797/1513 1394/2542/1398
f 1216/2469/1216 1393/2798/1397 1313/2394/1314
f 1313/2394/1314 1505/2799/1514 1128/2119/1128
f 1356/2626/1360 1430/2625/1436 1468/2800/1475
f 1431/2801/1437 1432/2628/1438 1469/2802/1476
f 1128/2119/1128 1506/2803/1515 1243/2268/1243
f 1315/2804/1316 1396/2718/1400 1507/2805/1516
f 1315/2804/1316 1507/2805/1516 1397/2720/1401
f 1433/2630/1439 1470/2721/1477 1315/2478/1316
f 1398/2550/1402 1399/2551/1403 1433/2630/1439
f 1283/2481/1283 1317/2402/1318 1470/2721/1477
f 1283/2481/1283 1470/2721/1477 1399/2551/1403
f 1182/2127/1182 1319/2406/1320 1434/2632/1440
f 1248/2274/1248 1247/2273/1247 1508/2806/1517
f 1247/2273/1247 1402/2555/1406 1509/2807/1518
f 941/1672/941 1510/2808/1519 1219/2633/1219
f 796/1415/796 1321/2409/1322 1511/2809/1520
f 1016/2810/1016 1220/2811/1220 1366/2812/1370
f 1251/2813/1251 1473/2814/1480 1367/2815/1371
f 1105/2490/1105 1474/2726/1481 1076/2039/1076
f 830/1470/830 1253/2280/1253 1187/2133/1187
f 1252/2278/1252 1403/2556/1407 995/1777/995
f 1403/2556/1407 1036/1860/1036 995/1777/995
f 1404/2557/1408 1077/1927/1077 1512/2816/1521
f 1405/2817/1409 1475/2818/1482 1513/2819/1522
f 1435/2727/1441 1514/2820/1523 1475/2728/1482
f 1256/2339/1256 1370/2821/1374 1408/2565/1412
f 1325/2822/1326 1255/2636/1255 1515/2823/1524
f 1480/2742/1487 1224/2213/1224 1374/2504/1378
f 1410/2576/1414 1372/2824/1376 1257/2285/1257
f 1257/2285/1257 1372/2824/1376 1290/2344/1290
f 1111/1989/1111 1289/2825/1289 1020/1828/1020
f 1291/2347/1291 1516/2826/1525 1081/2045/1081
f 1292/2827/1292 1332/2828/1333 1517/2829/1526
f 1021/1830/1021 1440/2830/1446 1411/2581/1415
f 1293/2349/1293 1438/2646/1444 1483/2746/1490
f 1260/2292/1260 1483/2746/1490 1379/2513/1383
f 1334/2831/1335 1518/2832/1527 1164/2833/1164
f 1443/2834/1449 1518/2832/1527 1334/2831/1335
f 1486/2757/1493 1487/2759/1494 1443/783/1449
f 1164/2833/1164 1518/2832/1527 1519/2835/1528
f 1447/2665/1453 1488/2836/1495 1448/2666/1454
f 1414/2586/1418 1295/2585/1295 1520/2837/1529
f 1447/2665/1453 1381/2592/1385 1488/2836/1495
f 1195/2838/1195 1379/2839/1383 1521/2840/1530
f 1229/2230/1229 1488/2836/1495 1381/2592/1385
f 1519/2835/1528 1378/2841/1382 1164/2833/1164
f 1488/2762/1495 1115/2235/1115 1522/2842/1531
f 1378/2841/1382 1523/2843/1532 1524/2844/1533
f 1230/2297/1230 1489/2845/1496 1262/2295/1262
f 1115/2235/1115 1199/2361/1199 1522/2842/1531
f 1490/2766/1497 1265/2675/1265 1450/2678/1456
f 1088/1944/1088 1525/2846/1534 1299/2364/1300
f 1043/1874/1043 1526/2847/1535 1088/1944/1088
f 1267/2304/1267 1526/2847/1535 1043/1874/1043
f 1300/2365/1301 1493/2848/1500 1267/2304/1267
f 1200/2849/1200 1527/2850/1536 1342/2683/1346
f 1416/2596/1420 1528/2851/1537 1341/2445/1345
f 1452/2852/1458 1529/2853/1538 1417/2854/1421
f 1530/2855/1539 1416/2856/1420 1383/2857/1387
f 1417/2684/1421 1529/2858/1538 1531/2859/1540
f 1494/2860/1501 1532/2861/1541 1383/2857/1387
f 1383/2857/1387 1532/2861/1541 1530/2855/1539
f 1417/2684/1421 1531/2859/1540 1453/2685/1459
f 1494/2862/1501 1384/2520/1388 1532/2863/1541
f 1495/2776/1502 1533/2864/1542 1455/2688/1461
f 1533/2864/1542 1495/2776/1502 1420/2612/1427
f 1499/2865/1508 1347/2866/1351 1348/2867/1352
f 1307/2384/1308 1273/2868/1273 1461/2695/1468
f 1274/2529/1274 1387/2528/1391 1499/2783/1508
f 1277/2321/1277 1172/2193/1172 1426/2619/1432
f 1277/2321/1277 1501/2788/1510 1147/2191/1147
f 1503/2869/1512 1534/2870/1543 1057/1890/1057
f 1535/2871/1544 1026/1846/1026 1311/2391/1312
f 1214/2195/1214 1392/2538/1396 1503/2790/1512
f 1428/2622/1434 1536/2872/1545 1059/1893/1059
f 1536/2872/1545 1279/2325/1279 1059/1893/1059
f 1537/2873/1546 1352/2874/1356 1279/2875/1279
f 1537/2876/1546 1504/2795/1513 1352/2794/1356
f 1393/2540/1397 1394/2542/1398 1504/2797/1513
f 1464/2877/1471 1350/2539/1354 1178/2116/1178
f 1467/2711/1474 1217/2200/1217 1312/2464/1313
f 1538/2878/1547 1430/2879/1436 1431/2880/1437
f 1469/2802/1476 1396/2718/1400 1240/2717/1240
f 1469/2802/1476 1507/2805/1516 1396/2718/1400
f 1432/2628/1438 1397/2720/1401 1507/2805/1516
f 1399/2551/1403 1470/2721/1477 1433/2630/1439
f 1539/2881/1548 1101/1962/1101 1540/2882/1549
f 1101/1962/1101 1248/2274/1248 1540/2882/1549
f 1541/2883/1550 1360/2483/1364 1361/2484/1365
f 1360/2483/1364 1542/2884/1551 1071/2722/1071
f 1360/2483/1364 1541/2883/1550 1542/2884/1551
f 1402/2555/1406 1250/2276/1250 1543/2885/1552
f 1544/2886/1553 1323/2411/1324 1322/2410/1323
f 1323/2411/1324 1544/2886/1553 1364/2487/1368
f 1545/2887/1554 1220/2207/1220 1364/2487/1368
f 1512/2816/1521 1077/1927/1077 1325/2416/1326
f 1514/2888/1523 1435/2889/1441 1546/2890/1555
f 1547/2891/1556 1406/2732/1410 1476/2731/1483
f 1435/2889/1441 1477/2892/1484 1546/2890/1555
f 1548/2893/1557 1221/2209/1221 1107/1975/1107
f 1549/2894/1558 1409/2895/1413 1406/2896/1410
f 1108/1978/1108 1550/2897/1559 1370/2496/1374
f 1436/2638/1442 1551/2898/1560 1329/2639/1330
f 1373/2899/1377 1329/2900/1330 1551/2901/1560
f 1552/2902/1561 1330/2424/1331 1109/1979/1109
f 1516/2826/1525 1331/2903/1332 1081/2045/1081
f 1553/2904/1562 1482/2905/1489 1333/2906/1334
f 1194/2158/1194 841/1487/841 1445/2662/1451
f 1334/2907/1335 1259/2350/1259 1554/2908/1563
f 1555/2909/1564 1441/2910/1447 1413/2911/1417
f 1413/2583/1417 1336/2433/1337 1555/2912/1564
f 1445/2662/1451 1041/2661/1041 1446/2664/1452
f 1555/2912/1564 1448/2667/1454 1485/2913/1492
f 1336/2433/1337 1448/2667/1454 1555/2912/1564
f 1556/2914/1565 1484/2915/1491 1376/2508/1380
f 1377/2916/1381 1484/2917/1491 1520/2918/1529
f 1556/2919/1565 1520/2920/1529 1484/2921/1491
f 1443/2834/1449 1487/2922/1494 1518/2832/1527
f 1520/2837/1529 1556/2923/1565 1414/2586/1418
f 1556/2914/1565 1197/2161/1197 1414/2588/1418
f 1487/2759/1494 1448/2666/1454 1488/2836/1495
f 1520/2924/1529 1295/2355/1295 1557/2925/1566
f 1558/2926/1567 1195/2838/1195 1521/2840/1530
f 1295/2355/1295 1262/2295/1262 1557/2925/1566
f 1523/2843/1532 1378/2841/1382 1519/2835/1528
f 1167/2676/1167 1522/2842/1531 1199/2361/1199
f 1559/2927/1568 1522/2842/1531 1490/2766/1497
f 1522/2842/1531 1167/2676/1167 1490/2766/1497
f 1560/2928/1569 1299/2364/1300 1525/2846/1534
f 1525/2846/1534 1088/1944/1088 1526/2847/1535
f 1561/2929/1570 1492/2769/1499 1232/2239/1232
f 1562/2930/1571 1493/2770/1500 1340/2442/1344
f 1527/2850/1536 1452/2681/1458 1342/2683/1346
f 1530/2855/1539 1563/2931/1572 1416/2856/1420
f 1420/2686/1427 1453/2771/1459 1533/2932/1542
f 1454/2687/1460 1456/2689/1462 1564/2933/1573
f 1304/2377/1305 1497/2934/1506 1385/2935/1389
f 1533/2864/1542 1458/2691/1464 1455/2688/1461
f 1565/2936/1574 987/2781/987 1346/2937/1350
f 1565/2936/1574 1460/2694/1467 987/2781/987
f 1205/2526/1205 1461/2938/1468 1050/1882/1050
f 1565/2936/1574 1349/2461/1353 1460/2694/1467
f 1387/2528/1391 1388/2530/1392 1499/2783/1508
f 1239/2939/1239 1566/2940/1575 1276/2941/1276
f 1425/2617/1431 1309/2386/1310 1567/2942/1576
f 1462/2943/1469 1213/2194/1213 1568/2944/1577
f 1391/2945/1395 1569/1250/1578 1463/2946/1470
f 1213/2194/1213 1278/2324/1278 1568/2944/1577
f 1353/2947/1357 1468/2800/1475 1570/2948/1579
f 1393/2798/1397 1505/2799/1514 1313/2394/1314
f 1467/2711/1474 1429/2949/1435 1281/2327/1281
f 1430/2879/1436 1538/2878/1547 1570/2950/1579
f 1538/2951/1547 1431/2952/1437 1429/2953/1435
f 1505/2799/1514 1506/2803/1515 1128/2119/1128
f 1432/2628/1438 1507/2805/1516 1469/2802/1476
f 1357/2479/1361 1101/1962/1101 1539/2881/1548
f 1434/2632/1440 1571/2954/1580 1320/2408/1321
f 1219/2203/1219 1572/2955/1581 1361/2484/1365
f 1509/2807/1518 1402/2555/1406 1543/2885/1552
f 941/1672/941 1363/2486/1367 1510/2808/1519
f 1362/2485/1366 1544/2886/1553 1322/2410/1323
f 1573/2956/1582 1474/2726/1481 1366/2489/1370
f 1035/1859/1035 1286/2338/1286 1253/2280/1253
f 1475/2957/1482 1514/2958/1523 1574/2959/1583
f 1575/2960/1584 1547/2961/1556 1476/2962/1483
f 1406/2732/1410 1547/2891/1556 1576/2963/1585
f 1576/2963/1585 1549/2964/1558 1406/2732/1410
f 1546/2890/1555 1477/2892/1484 1478/2965/1485
f 1324/2415/1325 1408/2565/1412 1577/2966/1586
f 1549/2894/1558 1578/2967/1587 1409/2895/1413
f 1408/2565/1412 1370/2821/1374 1577/2966/1586
f 1325/2968/1326 1515/2969/1524 1579/2970/1588
f 1409/2566/1413 1580/2971/1589 1255/2636/1255
f 1515/2823/1524 1255/2636/1255 1580/2971/1589
f 1581/2972/1590 1582/2973/1591 1373/2974/1377
f 1516/2975/1525 1291/2577/1291 1330/2424/1331
f 1374/2504/1378 979/1740/979 1481/2743/1488
f 1373/2502/1377 1582/2976/1591 1375/2644/1379
f 1292/2977/1292 1583/2978/1592 1481/2979/1488
f 1583/2980/1592 1292/2981/1292 1517/2982/1526
f 1192/2157/1192 1437/2645/1443 1438/2646/1444
f 1482/2983/1489 1553/2984/1562 1584/2985/1593
f 1584/2986/1593 1225/2218/1225 1482/2745/1489
f 1225/2218/1225 1554/2908/1563 1259/2350/1259
f 1585/2987/1594 1442/2656/1448 1334/2655/1335
f 1442/2656/1448 1585/2987/1594 1485/2988/1492
f 1483/2746/1490 1586/2989/1595 1379/2513/1383
f 1487/2922/1494 1519/2835/1528 1518/2832/1527
f 1488/2762/1495 1522/2842/1531 1487/2922/1494
f 1487/2922/1494 1522/2842/1531 1519/2835/1528
f 1557/2925/1566 1262/2295/1262 1489/2845/1496
f 1519/2835/1528 1522/2842/1531 1559/2927/1568
f 1559/2927/1568 1490/2766/1497 1587/2990/1596
f 1490/2766/1497 1450/2678/1456 1588/2991/1597
f 1451/2679/1457 1339/2440/1343 1117/2004/1117
f 1561/2929/1570 1232/2239/1232 1415/2992/1419
f 1340/2442/1344 1589/2993/1598 1590/2994/1599
f 1589/2993/1598 1340/2442/1344 1382/2517/1386
f 1382/2995/1386 1233/2518/1233 1591/2996/1600
f 1268/2306/1268 1527/2997/1536 1200/2168/1200
f 1233/2518/1233 1341/2445/1345 1591/2996/1600
f 1592/2998/1601 1531/2859/1540 1529/2858/1538
f 1532/2863/1541 1457/2690/1463 1530/2999/1539
f 1384/2520/1388 1457/2690/1463 1532/2863/1541
f 1592/2998/1601 1453/2685/1459 1531/2859/1540
f 1049/1881/1049 1454/2687/1460 1343/2450/1347
f 1593/3000/1602 1305/2379/1306 887/1573/887
f 1271/3001/1271 1594/3002/1603 1595/3003/1604
f 1594/3002/1603 1271/3001/1271 1498/3004/1507
f 1308/2531/1309 1596/3005/1605 1389/2532/1393
f 1210/2188/1210 1597/3006/1606 1388/2530/1392
f 1210/2188/1210 1424/2616/1430 1597/3006/1606
f 1239/2939/1239 1389/2532/1393 1566/2940/1575
f 1310/2699/1311 1598/3007/1607 1309/2386/1310
f 1391/2537/1395 1390/2536/1394 1569/3008/1578
f 1467/2711/1474 1312/2464/1313 1599/3009/1608
f 1354/2710/1358 1600/3010/1609 1395/2543/1399
f 1430/2625/1436 1570/2948/1579 1468/2800/1475
f 1354/2710/1358 1355/2473/1359 1600/3010/1609
f 901/1596/901 1357/2479/1361 1355/2473/1359
f 1247/2273/1247 1509/2807/1518 1508/2806/1517
f 1071/2722/1071 1542/2884/1551 1471/3011/1478
f 1320/2408/1321 1571/2954/1580 1362/2485/1366
f 1321/2409/1322 1601/3012/1610 1511/2809/1520
f 1365/3013/1369 1602/3014/1611 1473/2814/1480
f 1253/2280/1253 1603/3015/1612 1187/2133/1187
f 1513/3016/1522 1604/3017/1613 1605/3018/1614
f 1513/3019/1522 1605/3020/1614 1405/3021/1409
f 1475/2818/1482 1606/3022/1615 1513/2819/1522
f 1405/3021/1409 1605/3020/1614 1476/3023/1483
f 1606/3024/1615 1475/3025/1482 1574/3026/1583
f 1575/2960/1584 1576/3027/1585 1547/2961/1556
f 1549/2964/1558 1576/2963/1585 1607/3028/1616
f 1478/2965/1485 1608/3029/1617 1546/2890/1555
f 1478/2965/1485 1609/3030/1618 1608/3029/1617
f 1325/2968/1326 1579/2970/1588 1610/3031/1619
f 1325/3032/1326 1578/3033/1587 1611/3034/1620
f 1325/3035/1326 1610/3036/1619 1578/3037/1587
f 1409/2895/1413 1578/2967/1587 1580/3038/1589
f 1436/2638/1442 1479/2740/1486 1612/3039/1621
f 1223/2423/1223 1479/2740/1486 1436/2638/1442
f 1221/2209/1221 1613/3040/1622 1109/1979/1109
f 1551/3041/1560 1581/2972/1590 1373/2974/1377
f 1480/2741/1487 1614/3042/1623 1080/2044/1080
f 1552/2902/1561 1615/3043/1624 1330/2424/1331
f 1330/2424/1331 1615/3043/1624 1516/2975/1525
f 1582/2976/1591 1437/3044/1443 1375/2644/1379
f 1161/2089/1161 1331/2425/1332 1258/2289/1258
f 1517/2829/1526 1332/2828/1333 1439/3045/1445
f 1334/3046/1335 1554/3047/1563 1585/3048/1594
f 1485/3049/1492 1585/3050/1594 1555/2909/1564
f 1377/3051/1381 1520/3052/1529 1557/3053/1566
f 1446/2664/1452 1378/2761/1382 1616/3054/1625
f 1379/2513/1383 1617/3055/1626 1521/3056/1530
f 1378/2761/1382 1524/3057/1533 1618/3058/1627
f 1195/2159/1195 1558/3059/1567 1264/2298/1264
f 1197/2161/1197 1619/3060/1628 1449/2672/1455
f 1559/2927/1568 1587/2990/1596 1519/2835/1528
f 1524/2844/1533 1523/2843/1532 1620/3061/1629
f 1490/2766/1497 1588/2991/1597 1587/2990/1596
f 1299/2364/1300 1560/2928/1569 1450/3062/1456
f 1491/2768/1498 1561/3063/1570 1415/2593/1419
f 1267/2304/1267 1621/3064/1630 1526/2847/1535
f 1267/2304/1267 1493/2848/1500 1621/3064/1630
f 1492/2769/1499 1622/3065/1631 1268/2306/1268
f 1340/2442/1344 1590/2994/1599 1562/2930/1571
f 1341/2445/1345 1623/3066/1632 1591/2996/1600
f 1341/2445/1345 1528/2851/1537 1623/3066/1632
f 1452/2681/1458 1592/3067/1601 1529/3068/1538
f 1592/3069/1601 1458/3070/1464 1453/2771/1459
f 1453/2771/1459 1458/3070/1464 1533/2932/1542
f 1271/2778/1271 1595/3071/1604 1457/2690/1463
f 1594/3002/1603 1624/3072/1633 1595/3003/1604
f 1594/3073/1603 1498/3074/1507 1624/3075/1633
f 1090/1948/1090 1347/2457/1351 1051/1883/1051
f 1388/2530/1392 1625/3076/1634 1499/2783/1508
f 1424/2616/1430 1425/2617/1431 1626/3077/1635
f 1309/2386/1310 1598/3007/1607 1567/2942/1576
f 1426/2619/1432 1627/3078/1636 1277/2321/1277
f 1534/2870/1543 1390/2536/1394 1057/1890/1057
f 1311/2700/1312 1174/2110/1174 1535/3079/1544
f 1535/2871/1544 1628/3080/1637 1026/1846/1026
f 1628/3080/1637 1351/2465/1355 1026/1846/1026
f 1504/2795/1513 1537/2876/1546 1629/3081/1638
f 1215/2196/1215 1353/2468/1357 1630/3082/1639
f 1178/2116/1178 1466/3083/1473 1464/2877/1471
f 1570/3084/1579 1631/3085/1640 1353/3086/1357
f 1504/2797/1513 1629/3087/1638 1393/2540/1397
f 1467/3088/1474 1632/3089/1641 1429/2953/1435
f 1429/2953/1435 1632/3089/1641 1538/2951/1547
f 1633/3090/1642 1506/2803/1515 1505/2799/1514
f 1506/2803/1515 1633/3090/1642 1243/2268/1243
f 1510/3091/1519 1572/2955/1581 1219/2203/1219
f 796/1415/796 1511/2809/1520 1365/2488/1369
f 1365/2488/1369 1511/2809/1520 1602/3092/1611
f 1220/2207/1220 1573/2956/1582 1366/2489/1370
f 1076/2039/1076 1634/3093/1643 1403/2556/1407
f 1605/3094/1614 1635/3095/1644 1476/2962/1483
f 1574/2959/1583 1514/2958/1523 1636/3096/1645
f 1637/3097/1646 1576/3027/1585 1575/2960/1584
f 1638/3098/1647 1325/2416/1326 1611/3099/1620
f 1478/3100/1485 1324/2415/1325 1609/3101/1618
f 1578/2967/1587 1515/3102/1524 1580/3038/1589
f 1370/2821/1374 1639/3103/1648 1577/2966/1586
f 1370/2496/1374 1550/2897/1559 1639/3104/1648
f 1108/1978/1108 1640/3105/1649 1550/2897/1559
f 1080/2044/1080 1614/3042/1623 1108/3106/1108
f 1109/1979/1109 1615/3043/1624 1552/2902/1561
f 1480/2742/1487 1641/3107/1650 1642/3108/1651
f 1374/2504/1378 1641/3107/1650 1480/2742/1487
f 1374/2504/1378 1481/2743/1488 1641/3107/1650
f 1517/2829/1526 1439/3045/1445 1583/3109/1592
f 1258/2289/1258 1643/3110/1652 1376/2508/1380
f 1483/2746/1490 1438/2646/1444 1586/2989/1595
f 1377/3111/1381 1644/3112/1653 1440/3113/1446
f 1557/3114/1566 1644/3115/1653 1377/3116/1381
f 1379/2513/1383 1586/2989/1595 1617/3055/1626
f 1617/3055/1626 1645/3117/1654 1521/3056/1530
f 1587/2990/1596 1646/3118/1655 1519/2835/1528
f 1451/2679/1457 1647/3119/1656 1339/2440/1343
f 1526/2847/1535 1621/3064/1630 1525/2846/1534
f 1268/2306/1268 1622/3065/1631 1648/3120/1657
f 1268/2306/1268 1648/3120/1657 1527/2997/1536
f 1452/2681/1458 1527/2850/1536 1649/3121/1658
f 1416/3122/1420 1650/3123/1659 1651/3124/1660
f 1416/3125/1420 1563/3126/1572 1650/3127/1659
f 1530/2999/1539 1457/2690/1463 1563/3128/1572
f 1592/3069/1601 1652/3129/1661 1458/3070/1464
f 1304/2377/1305 1343/2450/1347 1653/3130/1662
f 1304/2377/1305 1653/3130/1662 1497/2934/1506
f 887/1573/887 1497/2779/1506 1593/3000/1602
f 1143/2054/1143 1305/2379/1306 1346/2455/1350
f 1461/2938/1468 1654/3131/1663 1050/1882/1050
f 1461/2695/1468 1273/2868/1273 1655/3132/1664
f 1425/2617/1431 1567/2942/1576 1656/3133/1665
f 1503/3134/1512 1657/3135/1666 1534/3136/1543
f 1503/2790/1512 1392/2538/1396 1657/3137/1666
f 1393/2540/1397 1629/3087/1638 1658/3138/1667
f 1395/2543/1399 1600/3010/1609 1466/2709/1473
f 1538/2951/1547 1632/3089/1641 1570/3139/1579
f 1393/2798/1397 1659/3140/1668 1505/2799/1514
f 1321/2409/1322 1471/2723/1478 1601/3012/1610
f 1602/3014/1611 1660/3141/1669 1473/2814/1480
f 1076/2039/1076 1474/2726/1481 1634/3093/1643
f 1403/2556/1407 1661/3142/1670 1036/1860/1036
f 1548/2893/1557 1107/1975/1107 1036/1860/1036
f 1476/2962/1483 1635/3095/1644 1575/2960/1584
f 1574/3026/1583 1636/3143/1645 1606/3024/1615
f 1325/2416/1326 1638/3098/1647 1512/2816/1521
f 1636/3144/1645 1514/3145/1523 1662/3146/1671
f 1514/3147/1523 1546/3148/1555 1662/3149/1671
f 1576/3027/1585 1637/3097/1646 1607/3150/1616
f 1549/2964/1558 1663/3151/1672 1578/3033/1587
f 1549/2964/1558 1607/3028/1616 1663/3151/1672
f 1578/3033/1587 1663/3151/1672 1611/3034/1620
f 1579/2970/1588 1664/3152/1673 1610/3031/1619
f 1610/3036/1619 1664/3153/1673 1578/3037/1587
f 1609/3101/1618 1665/3154/1674 1608/3155/1617
f 1577/2966/1586 1609/3101/1618 1324/2415/1325
f 1579/2970/1588 1515/2969/1524 1664/3152/1673
f 1578/2967/1587 1664/3156/1673 1515/3102/1524
f 1108/1978/1108 1614/3157/1623 1640/3105/1649
f 1331/2425/1332 1643/3110/1652 1258/2289/1258
f 1194/2158/1194 1666/3158/1675 1333/2427/1334
f 1585/3050/1594 1667/3159/1676 1555/2909/1564
f 1555/2909/1564 1667/3159/1676 1441/2910/1447
f 1378/2761/1382 1618/3058/1627 1616/3054/1625
f 1521/2840/1530 1645/3160/1654 1558/2926/1567
f 1489/3161/1496 1668/3162/1677 1669/3163/1678
f 1449/2764/1455 1668/3164/1677 1489/2765/1496
f 1519/2835/1528 1670/3165/1679 1523/2843/1532
f 1646/3118/1655 1670/3165/1679 1519/2835/1528
f 1523/2843/1532 1670/3165/1679 1620/3061/1629
f 1588/3166/1597 1450/3062/1456 1671/3167/1680
f 1451/2679/1457 1672/3168/1681 1647/3119/1656
f 1339/2440/1343 1673/3169/1682 1491/2768/1498
f 1561/2929/1570 1622/3065/1631 1492/2769/1499
f 1382/2995/1386 1591/2996/1600 1589/3170/1598
f 1416/2596/1420 1651/3171/1660 1528/2851/1537
f 1457/2690/1463 1595/3071/1604 1563/3128/1572
f 1458/3070/1464 1652/3129/1661 1456/3172/1462
f 1456/3172/1462 1674/3173/1683 1564/3174/1573
f 1595/3003/1604 1624/3072/1633 1675/3175/1684
f 1306/2380/1307 1423/2615/1429 1676/3176/1685
f 1461/2695/1468 1655/3132/1664 1654/3177/1663
f 1500/3178/1509 1596/3005/1605 1308/2531/1309
f 1276/2941/1276 1677/3179/1686 1426/3180/1432
f 1463/2791/1470 1678/3181/1687 1428/2792/1434
f 1463/2791/1470 1569/3182/1578 1678/3181/1687
f 1392/3183/1396 1679/3184/1688 1657/3185/1666
f 1537/2876/1546 1680/3186/1689 1629/3081/1638
f 1631/3085/1640 1630/3187/1639 1353/3086/1357
f 1570/3084/1579 1632/3188/1641 1631/3085/1640
f 1633/3090/1642 1681/3189/1690 1243/2268/1243
f 1243/2268/1243 1681/3189/1690 1316/2401/1317
f 1248/2274/1248 1508/2806/1517 1540/2882/1549
f 1572/2955/1581 1682/3190/1691 1361/2484/1365
f 1571/2954/1580 1544/2886/1553 1362/2485/1366
f 1473/2814/1480 1683/3191/1692 1367/2815/1371
f 1473/2814/1480 1660/3141/1669 1683/3191/1692
f 1253/2280/1253 1684/3192/1693 1603/3015/1612
f 1253/2280/1253 1685/3193/1694 1684/3192/1693
f 1685/3193/1694 1253/2280/1253 1686/3194/1695
f 1286/2338/1286 1404/2557/1408 1253/2280/1253
f 1575/2960/1584 1687/3195/1696 1637/3097/1646
f 1436/2638/1442 1612/3039/1621 1688/3196/1697
f 1289/2343/1289 1689/3197/1698 1479/2740/1486
f 1613/3040/1622 1615/3043/1624 1109/1979/1109
f 1642/2719/1651 1614/3042/1623 1480/2741/1487
f 1584/2986/1593 1690/3198/1699 1225/2218/1225
f 1437/2645/1443 1691/3199/1700 1438/2646/1444
f 1553/3200/1562 1333/2427/1334 1666/3158/1675
f 1225/2218/1225 1690/3198/1699 1554/2908/1563
f 1194/2158/1194 1445/2662/1451 1666/3158/1675
f 1583/3109/1592 1439/3045/1445 1692/3201/1701
f 1439/2650/1445 1441/2649/1447 1692/3202/1701
f 1445/2662/1451 1446/2664/1452 1693/3203/1702
f 1438/2646/1444 1694/3204/1703 1586/2989/1595
f 1586/2989/1595 1695/3205/1704 1617/3055/1626
f 1695/3206/1704 1645/3207/1654 1617/3208/1626
f 1489/3209/1496 1669/3210/1678 1557/3211/1566
f 1558/3059/1567 1696/3212/1705 1264/2298/1264
f 1264/2298/1264 1696/3212/1705 1297/2362/1298
f 1646/3118/1655 1697/3213/1706 1670/3165/1679
f 1646/3118/1655 1587/2990/1596 1588/2991/1597
f 1698/3214/1707 1672/3168/1681 1451/2679/1457
f 1671/3215/1680 1450/3216/1456 1560/3217/1569
f 1491/2768/1498 1699/3218/1708 1561/3063/1570
f 1700/3219/1709 1621/3064/1630 1493/2848/1500
f 1591/3220/1600 1623/3221/1632 1701/3222/1710
f 1452/2681/1458 1652/3223/1661 1592/3067/1601
f 1702/3224/1711 1650/3127/1659 1563/3126/1572
f 1563/3126/1572 1595/3003/1604 1702/3224/1711
f 1456/3172/1462 1652/3129/1661 1674/3173/1683
f 1652/3225/1661 1703/3226/1712 1674/3227/1683
f 1674/3228/1683 1703/3229/1712 1564/2933/1573
f 1624/3072/1633 1498/3004/1507 1675/3175/1684
f 1306/2380/1307 1676/3176/1685 1498/2780/1507
f 1498/2780/1507 1676/3176/1685 1675/3230/1684
f 1565/3231/1574 1704/3232/1713 1349/2651/1353
f 1499/2783/1508 1705/3233/1714 1347/3234/1351
f 1499/2783/1508 1625/3076/1634 1705/3233/1714
f 1425/2617/1431 1656/3133/1665 1626/3077/1635
f 1276/2941/1276 1566/2940/1575 1677/3179/1686
f 1426/2619/1432 1677/3235/1686 1627/3078/1636
f 1627/3078/1636 1706/3236/1715 1277/2321/1277
f 1706/3236/1715 1501/2788/1510 1277/2321/1277
f 1501/2788/1510 1707/3237/1716 1502/2789/1511
f 1502/2789/1511 1708/3238/1717 1310/2387/1311
f 1310/2387/1311 1708/3238/1717 1598/3239/1607
f 1390/3240/1394 1709/3241/1718 1569/3242/1578
f 1428/3243/1434 1710/3244/1719 1536/3245/1545
f 1279/3246/1279 1536/3245/1545 1710/3244/1719
f 1467/2711/1474 1599/3009/1608 1632/3247/1641
f 1632/3247/1641 1599/3009/1608 1711/3248/1720
f 1711/3249/1720 1631/3085/1640 1632/3188/1641
f 1466/2709/1473 1600/3010/1609 1712/3250/1721
f 1505/3251/1514 1713/3252/1722 1633/3253/1642
f 1357/2479/1361 1539/2881/1548 1714/3254/1723
f 1358/2480/1362 1715/3255/1724 1319/2406/1320
f 1542/2884/1551 1541/2883/1550 1716/3256/1725
f 1472/2724/1479 1717/3257/1726 1250/2276/1250
f 1545/2887/1554 1573/2956/1582 1220/2207/1220
f 1367/2491/1371 1717/3257/1726 1472/2724/1479
f 1686/3194/1695 1684/3192/1693 1685/3193/1694
f 1606/3024/1615 1636/3143/1645 1718/3258/1727
f 1636/3144/1645 1662/3146/1671 1718/3259/1727
f 1546/3148/1555 1719/3260/1728 1662/3149/1671
f 1546/2890/1555 1608/3029/1617 1719/3261/1728
f 1607/3028/1616 1720/3262/1729 1663/3151/1672
f 1639/3103/1648 1721/3263/1730 1577/2966/1586
f 1436/2638/1442 1688/3196/1697 1551/2898/1560
f 1551/2898/1560 1688/3196/1697 1722/3264/1731
f 1615/3043/1624 1723/3265/1732 1516/2975/1525
f 1690/3266/1699 1724/3267/1733 1554/3268/1563
f 1724/3267/1733 1725/3269/1734 1554/3268/1563
f 1376/2508/1380 1643/3110/1652 1556/2914/1565
f 1554/3270/1563 1725/3271/1734 1585/3272/1594
f 1725/3269/1734 1667/3273/1676 1585/3274/1594
f 1441/3275/1447 1667/3273/1676 1692/3201/1701
f 1644/3112/1653 1726/3276/1735 1440/3113/1446
f 1556/2914/1565 1727/3277/1736 1197/2161/1197
f 1695/3205/1704 1586/2989/1595 1728/3278/1737
f 1645/3160/1654 1729/3279/1738 1558/2926/1567
f 1451/2679/1457 1297/2362/1298 1698/3214/1707
f 1560/2928/1569 1525/2846/1534 1730/3280/1739
f 1647/3119/1656 1673/3169/1682 1339/2440/1343
f 1673/3169/1682 1699/3218/1708 1491/2768/1498
f 1562/2930/1571 1731/3281/1740 1493/2770/1500
f 1493/2770/1500 1731/3281/1740 1700/3282/1709
f 1562/2930/1571 1732/3283/1741 1731/3281/1740
f 1591/2996/1600 1701/3284/1710 1733/3285/1742
f 1528/2851/1537 1651/3171/1660 1623/3066/1632
f 1564/2933/1573 1734/3286/1743 1454/2687/1460
f 1564/2933/1573 1703/3229/1712 1734/3286/1743
f 1497/2779/1506 1735/3287/1744 1593/3000/1602
f 1051/1883/1051 1736/3288/1745 1273/3289/1273
f 1502/2789/1511 1707/3237/1716 1708/3238/1717
f 1534/3136/1543 1709/3241/1718 1390/3240/1394
f 1428/3243/1434 1737/3290/1746 1710/3244/1719
f 1534/3136/1543 1657/3135/1666 1738/3291/1747
f 1279/3292/1279 1739/3293/1748 1537/2876/1546
f 1466/3083/1473 1740/3294/1749 1464/2877/1471
f 1393/2540/1397 1658/3138/1667 1741/3295/1750
f 1741/3295/1750 1658/3138/1667 1629/3087/1638
f 1742/3296/1751 1741/3297/1750 1629/3081/1638
f 1743/3298/1752 1539/2881/1548 1540/2882/1549
f 1319/2406/1320 1744/3299/1753 1434/2632/1440
f 1434/2632/1440 1744/3299/1753 1571/2954/1580
f 1544/2886/1553 1545/2887/1554 1364/2487/1368
f 1367/2491/1371 1683/3300/1692 1717/3257/1726
f 1363/2486/1367 1187/2133/1187 1745/3301/1754
f 1746/3302/1755 1403/2556/1407 1634/3093/1643
f 1747/3303/1756 1253/2280/1253 1404/2557/1408
f 1661/3142/1670 1548/2893/1557 1036/1860/1036
f 1748/3304/1757 1604/3305/1613 1513/2819/1522
f 1604/3017/1613 1635/3306/1644 1605/3018/1614
f 1687/3195/1696 1575/2960/1584 1749/3307/1758
f 1687/3195/1696 1750/3308/1759 1637/3097/1646
f 1512/3309/1521 1638/3310/1647 1751/3311/1760
f 1750/3308/1759 1752/3312/1761 1637/3097/1646
f 1753/3313/1762 1638/3098/1647 1611/3099/1620
f 1754/3314/1763 1607/3150/1616 1637/3097/1646
f 1754/3314/1763 1720/3315/1729 1607/3150/1616
f 1719/3261/1728 1608/3029/1617 1665/3316/1674
f 1755/3317/1764 1611/3034/1620 1756/3318/1765
f 1756/3318/1765 1611/3034/1620 1663/3151/1672
f 1756/3318/1765 1663/3151/1672 1720/3262/1729
f 1757/3319/1766 1612/3039/1621 1479/2740/1486
f 1639/3104/1648 1550/2897/1559 1758/3320/1767
f 1758/3320/1767 1550/2897/1559 1640/3105/1649
f 1722/3264/1731 1581/3321/1590 1551/2898/1560
f 1759/3322/1768 1760/3323/1769 1761/2668/1770
f 1762/3324/1771 1641/3325/1650 1481/3326/1488
f 1642/3108/1651 1641/3107/1650 1762/3327/1771
f 1763/3328/1772 1764/3329/1773 1582/2973/1591
f 1764/3330/1773 1437/3044/1443 1582/2976/1591
f 1412/3331/1416 1765/3332/1774 1331/3333/1332
f 1766/3334/1775 1481/3335/1488 1583/3336/1592
f 1331/3337/1332 1765/3338/1774 1643/3339/1652
f 1412/3331/1416 1411/3340/1415 1765/3332/1774
f 1583/3109/1592 1692/3201/1701 1667/3273/1676
f 1727/3277/1736 1619/3060/1628 1197/2161/1197
f 1726/3276/1735 1644/3112/1653 1767/3341/1776
f 1644/3112/1653 1557/3342/1566 1767/3341/1776
f 1729/3279/1738 1645/3160/1654 1695/3343/1704
f 1696/3212/1705 1558/3059/1567 1768/3344/1777
f 1557/3342/1566 1669/3345/1678 1668/3346/1677
f 1620/3347/1629 1670/3348/1679 1769/3349/1778
f 1770/3350/1779 1697/3213/1706 1646/3118/1655
f 1588/3166/1597 1671/3167/1680 1771/3351/1780
f 1730/3352/1739 1525/3353/1534 1772/3354/1781
f 1772/3354/1781 1525/3353/1534 1621/3355/1630
f 1590/3356/1599 1732/3357/1741 1562/3358/1571
f 1652/3223/1661 1452/2681/1458 1649/3121/1658
f 1773/3359/1782 1650/3127/1659 1702/3224/1711
f 1651/3124/1660 1650/3123/1659 1773/3360/1782
f 1423/2615/1429 1050/1882/1050 1774/3361/1783
f 1655/3132/1664 1273/2868/1273 1775/3362/1784
f 1736/3288/1745 1051/1883/1051 1776/3363/1785
f 1777/3364/1786 1388/2530/1392 1597/3006/1606
f 1777/3364/1786 1424/2616/1430 1626/3077/1635
f 1566/2940/1575 1389/2532/1393 1778/3365/1787
f 1779/3366/1788 1707/3237/1716 1501/2788/1510
f 1737/3367/1746 1428/2792/1434 1780/3368/1789
f 1678/3181/1687 1780/3368/1789 1428/2792/1434
f 1709/3369/1718 1678/3181/1687 1569/3182/1578
f 1709/3241/1718 1534/3136/1543 1738/3291/1747
f 1628/3080/1637 1781/3370/1790 1351/2465/1355
f 1278/2324/1278 1176/2112/1176 1782/3371/1791
f 1537/2876/1546 1739/3293/1748 1680/3186/1689
f 1783/3372/1792 1215/2196/1215 1630/3082/1639
f 1680/3186/1689 1742/3296/1751 1629/3081/1638
f 1741/3295/1750 1784/3373/1793 1393/2540/1397
f 1393/2540/1397 1784/3373/1793 1659/3374/1668
f 1316/2401/1317 1358/2480/1362 1180/2122/1180
f 1715/3255/1724 1785/3375/1794 1319/2406/1320
f 1510/2808/1519 1363/2486/1367 1745/3301/1754
f 1187/2133/1187 1603/3015/1612 1745/3301/1754
f 1747/3303/1756 1686/3194/1695 1253/2280/1253
f 1786/3376/1795 1635/3306/1644 1604/3017/1613
f 1513/2819/1522 1606/3022/1615 1748/3304/1757
f 1753/3313/1762 1611/3099/1620 1754/3377/1763
f 1637/3097/1646 1752/3312/1761 1754/3314/1763
f 1611/3099/1620 1787/3378/1796 1754/3377/1763
f 1611/3099/1620 1755/3379/1764 1787/3378/1796
f 1609/3101/1618 1788/3380/1797 1665/3154/1674
f 1639/3381/1648 1758/3382/1767 1721/2351/1730
f 1689/3197/1698 1289/2343/1289 1111/3383/1111
f 1789/3384/1798 1760/3385/1769 1759/3386/1768
f 1760/3387/1769 1790/3388/1799 1761/3389/1770
f 1791/3390/1800 1331/2903/1332 1516/2826/1525
f 1584/3391/1593 1792/3392/1801 1793/3393/1802
f 1584/3391/1593 1553/3394/1562 1792/3392/1801
f 1553/3200/1562 1666/3158/1675 1792/3395/1801
f 1765/3396/1774 1411/2581/1415 1794/3397/1803
f 1765/3398/1774 1794/3399/1803 1643/3400/1652
f 1583/3109/1592 1667/3273/1676 1724/3267/1733
f 1691/3199/1700 1795/3401/1804 1438/2646/1444
f 1666/3158/1675 1445/2662/1451 1796/3402/1805
f 1411/2581/1415 1440/2830/1446 1794/3397/1803
f 1724/3267/1733 1667/3273/1676 1725/3269/1734
f 1728/3278/1737 1729/3403/1738 1695/3205/1704
f 1557/3342/1566 1668/3346/1677 1797/3404/1806
f 1670/3348/1679 1697/3405/1706 1769/3349/1778
f 1646/3118/1655 1588/2991/1597 1771/3406/1780
f 1560/2928/1569 1798/3407/1807 1799/3408/1808
f 1800/3409/1809 1561/3063/1570 1699/3218/1708
f 1590/3356/1599 1589/3170/1598 1801/3410/1810
f 1589/3170/1598 1591/2996/1600 1801/3410/1810
f 1591/2996/1600 1733/3285/1742 1801/3410/1810
f 1648/3120/1657 1802/3411/1811 1527/2997/1536
f 1651/3171/1660 1773/3412/1782 1803/3413/1812
f 1652/3414/1661 1804/3415/1813 1703/3416/1712
f 1343/2450/1347 1805/3417/1814 1806/3418/1815
f 1343/2450/1347 1454/2687/1460 1805/3417/1814
f 1343/2450/1347 1806/3418/1815 1653/3130/1662
f 1595/3003/1604 1675/3175/1684 1807/3419/1816
f 1807/3419/1816 1675/3175/1684 1808/3420/1817
f 1704/3421/1713 1500/2784/1509 1349/2461/1353
f 1654/3131/1663 1774/3361/1783 1050/1882/1050
f 1654/3177/1663 1655/3132/1664 1775/3362/1784
f 1625/3076/1634 1809/3422/1818 1705/3233/1714
f 1625/3076/1634 1388/2530/1392 1809/3422/1818
f 1597/3006/1606 1424/2616/1430 1777/3364/1786
f 1677/3235/1686 1810/3423/1819 1627/3078/1636
f 1174/2110/1174 1811/3424/1820 1535/3079/1544
f 1392/2538/1396 1740/3425/1749 1679/3426/1688
f 1392/2538/1396 1464/2703/1471 1740/3425/1749
f 1466/3083/1473 1812/3427/1821 1740/3294/1749
f 1712/3428/1721 1812/3427/1821 1466/3083/1473
f 1741/3297/1750 1742/3296/1751 1784/3429/1793
f 1600/3010/1609 1813/3430/1822 1712/3250/1721
f 1600/3010/1609 1355/2473/1359 1813/3430/1822
f 1713/3252/1722 1814/3116/1823 1633/3253/1642
f 1316/2401/1317 1815/3431/1824 1358/2480/1362
f 1508/2806/1517 1816/3432/1825 1540/2882/1549
f 1508/2806/1517 1817/3433/1826 1816/3432/1825
f 1508/3434/1517 1509/3435/1518 1817/3436/1826
f 1509/3435/1518 1818/3437/1827 1817/3436/1826
f 1509/3438/1518 1543/3439/1552 1819/3440/1828
f 1542/2884/1551 1716/3256/1725 1471/3011/1478
f 1572/2955/1581 1820/3441/1829 1682/3190/1691
f 1683/3300/1692 1821/3442/1830 1717/3257/1726
f 1573/2956/1582 1634/3093/1643 1474/2726/1481
f 1603/3015/1612 1822/3443/1831 1823/3444/1832
f 1603/3015/1612 1684/3192/1693 1822/3443/1831
f 1684/3445/1693 1686/3446/1695 1824/3447/1833
f 1604/3017/1613 1748/3448/1757 1786/3376/1795
f 1749/3449/1758 1635/3306/1644 1786/3376/1795
f 1635/3095/1644 1749/3307/1758 1575/2960/1584
f 1606/3450/1615 1718/3259/1727 1748/3451/1757
f 1750/3308/1759 1687/3195/1696 1825/3452/1834
f 1512/3453/1521 1750/3308/1759 1825/3452/1834
f 1512/3454/1521 1751/3455/1760 1826/3456/1835
f 1750/3308/1759 1826/3457/1835 1827/3458/1836
f 1512/3459/1521 1826/3460/1835 1750/3461/1759
f 1662/3146/1671 1828/3462/1837 1718/3259/1727
f 1638/3463/1647 1752/3464/1761 1827/3465/1836
f 1638/3463/1647 1827/3465/1836 1751/3455/1760
f 1750/3308/1759 1827/3458/1836 1752/3312/1761
f 1662/3146/1671 1829/3466/1838 1828/3462/1837
f 1638/3467/1647 1753/3468/1762 1752/3312/1761
f 1752/3312/1761 1753/3468/1762 1754/3314/1763
f 1754/3469/1763 1830/3470/1839 1720/3471/1729
f 1755/3379/1764 1830/3472/1839 1787/3378/1796
f 1755/3473/1764 1831/3474/1840 1830/3475/1839
f 1830/3470/1839 1831/3476/1840 1720/3471/1729
f 1755/3317/1764 1756/3318/1765 1831/3477/1840
f 1720/3262/1729 1831/3477/1840 1756/3318/1765
f 1577/2966/1586 1721/3263/1730 1609/3101/1618
f 1479/2740/1486 1689/3197/1698 1757/3319/1766
f 1789/3478/1798 1832/3479/1841 1760/3480/1769
f 1760/3387/1769 1833/3481/1842 1790/3388/1799
f 1582/2973/1591 1581/2972/1590 1763/3328/1772
f 1642/3482/1651 1762/3483/1771 1614/3484/1623
f 1763/3328/1772 1834/3485/1843 1764/3329/1773
f 1437/2645/1443 1835/3486/1844 1691/3199/1700
f 1556/2914/1565 1643/3110/1652 1836/3487/1845
f 1795/3401/1804 1694/3204/1703 1438/2646/1444
f 1449/2764/1455 1837/3488/1846 1668/3164/1677
f 1557/3342/1566 1797/3404/1806 1767/3341/1776
f 1524/3057/1533 1620/3347/1629 1838/3489/1847
f 1620/3347/1629 1769/3349/1778 1838/3489/1847
f 1697/3405/1706 1770/3490/1779 1769/3349/1778
f 1768/3344/1777 1698/3214/1707 1297/2362/1298
f 1770/3350/1779 1839/3491/1848 1840/3492/1849
f 1840/3492/1850 1841/3493/1851 1839/3491/1848
f 1839/3491/1848 1842/3494/1852 1840/3492/1849
f 1671/3167/1680 1799/3408/1808 1771/3351/1780
f 1560/2928/1569 1730/3280/1739 1798/3407/1807
f 1672/3168/1681 1673/3169/1682 1647/3119/1656
f 1561/2929/1570 1843/3495/1853 1622/3065/1631
f 1622/3065/1631 1844/3496/1854 1648/3120/1657
f 1701/3497/1710 1845/3498/1855 1733/3499/1742
f 1649/3121/1658 1846/3500/1856 1652/3223/1661
f 1651/3171/1660 1803/3413/1812 1623/3066/1632
f 1652/3223/1661 1847/3501/1857 1804/3502/1813
f 1497/2934/1506 1653/3130/1662 1735/3503/1744
f 1848/3504/1858 1734/3286/1743 1703/3229/1712
f 1735/3287/1744 1849/3505/1859 1593/3000/1602
f 1565/3506/1574 1346/2455/1350 1704/3507/1713
f 1423/2615/1429 1774/3361/1783 1676/3176/1685
f 1388/2530/1392 1777/3364/1786 1809/3422/1818
f 1596/3005/1605 1778/3365/1787 1389/2532/1393
f 1778/3365/1787 1850/3508/1860 1566/2940/1575
f 1566/2940/1575 1850/3508/1860 1677/3179/1686
f 1656/3133/1665 1567/2942/1576 1851/3509/1861
f 1677/3179/1686 1850/3508/1860 1810/3510/1819
f 1627/3078/1636 1810/3423/1819 1852/3511/1862
f 1627/3078/1636 1852/3511/1862 1706/3236/1715
f 1598/3239/1607 1708/3238/1717 1853/3512/1863
f 1598/3007/1607 1853/3513/1863 1567/2942/1576
f 1709/3369/1718 1854/3514/1864 1678/3181/1687
f 1279/3292/1279 1710/3515/1719 1739/3293/1748
f 1505/2799/1514 1659/3140/1668 1855/3516/1865
f 1505/2799/1514 1855/3516/1865 1713/3517/1722
f 1355/2473/1359 1357/2479/1361 1856/3518/1866
f 1714/3254/1723 1539/2881/1548 1857/3519/1867
f 1539/2881/1548 1743/3298/1752 1857/3519/1867
f 1509/3520/1518 1858/3521/1868 1818/3522/1827
f 1785/3375/1794 1744/3299/1753 1319/2406/1320
f 1509/3520/1518 1819/900/1828 1859/3523/1869
f 1819/3440/1828 1543/3439/1552 1860/3524/1870
f 1571/2954/1580 1861/3525/1871 1544/2886/1553
f 1510/3091/1519 1862/3526/1872 1572/2955/1581
f 1602/3014/1611 1863/3527/1873 1660/3141/1669
f 1403/2556/1407 1746/3302/1755 1661/3142/1670
f 1512/2816/1521 1864/3528/1874 1404/2557/1408
f 1786/3376/1795 1865/3529/1875 1866/3530/1876
f 1748/3531/1757 1865/3532/1875 1786/3533/1795
f 1512/2816/1521 1867/3534/1877 1864/3528/1874
f 1749/3535/1758 1868/3536/1878 1687/3537/1696
f 1751/3455/1760 1827/3465/1836 1826/3456/1835
f 1719/3260/1728 1829/3538/1838 1662/3149/1671
f 1787/3378/1796 1830/3472/1839 1754/3377/1763
f 1869/3539/1879 1221/2209/1221 1548/2893/1557
f 1612/3039/1621 1757/3319/1766 1870/3540/1880
f 1721/3263/1730 1788/3380/1797 1609/3101/1618
f 1869/3539/1879 1613/3040/1622 1221/2209/1221
f 1871/1746/1881 1872/3541/1882 1873/3542/1883
f 1873/3542/1883 1874/3543/1884 1871/1746/1881
f 1613/3040/1622 1875/3544/1885 1615/3043/1624
f 1871/3545/1881 1759/3546/1886 1872/3547/1882
f 1874/3546/1884 1759/3548/1886 1871/3549/1881
f 1614/3157/1623 1876/3550/1887 1640/3105/1649
f 1760/3480/1769 1832/3479/1841 1833/3551/1842
f 1790/3388/1799 1877/3552/1888 1761/3389/1770
f 1790/3388/1799 1833/3481/1842 1877/3552/1888
f 1581/2972/1590 1878/3553/1889 1763/3328/1772
f 1723/3554/1732 1791/3390/1800 1516/2826/1525
f 1879/3555/1890 1614/3556/1623 1762/3557/1771
f 1762/3324/1771 1481/3326/1488 1880/3558/1891
f 1666/3158/1675 1796/3402/1805 1792/3395/1801
f 1445/2662/1451 1881/3559/1892 1796/3402/1805
f 1445/2662/1451 1693/3203/1702 1881/3559/1892
f 1836/3487/1845 1727/3277/1736 1556/2914/1565
f 1694/3204/1703 1728/3278/1737 1586/2989/1595
f 1726/3276/1735 1767/3341/1776 1882/3560/1893
f 1883/3561/1894 1767/3341/1776 1884/3562/1895
f 1797/3563/1806 1668/3564/1677 1885/3565/1896
f 1768/3344/1777 1297/2362/1298 1696/3212/1705
f 1770/3350/1779 1646/3118/1655 1839/3491/1848
f 1840/3492/1849 1842/3494/1852 1886/3566/1897
f 1886/3567/1897 1842/3568/1852 1839/3569/1848
f 1886/3566/1897 1839/3491/1848 1887/3570/1898
f 1671/3167/1680 1560/2928/1569 1799/3408/1808
f 1700/3571/1709 1888/3572/1899 1621/3573/1630
f 1621/3574/1630 1888/3575/1899 1889/3576/1900
f 1890/3577/1901 1700/3578/1709 1731/3579/1740
f 1844/3496/1854 1622/3065/1631 1843/3495/1853
f 1802/3580/1811 1649/3121/1658 1527/2850/1536
f 1702/3224/1711 1891/3581/1902 1773/3359/1782
f 1702/3224/1711 1595/3003/1604 1807/3419/1816
f 1892/3582/1903 1806/3418/1815 1805/3417/1814
f 1804/3415/1813 1848/3583/1858 1703/3416/1712
f 1454/2687/1460 1734/3286/1743 1848/3504/1858
f 1808/3420/1817 1893/3584/1904 1807/3419/1816
f 1893/3585/1904 1808/3586/1817 1894/3587/1905
f 1894/3588/1905 1808/3420/1817 1675/3175/1684
f 1894/3587/1905 1675/3230/1684 1676/3176/1685
f 1779/3366/1788 1895/3589/1906 1707/3237/1716
f 1707/3237/1716 1895/3589/1906 1708/3238/1717
f 1811/3590/1820 1628/3080/1637 1535/2871/1544
f 1568/2944/1577 1278/2324/1278 1782/3371/1791
f 1854/3514/1864 1709/3369/1718 1738/3591/1747
f 1738/3592/1747 1657/3593/1666 1896/787/1907
f 1781/3370/1790 1312/2464/1313 1351/2465/1355
f 1783/3372/1792 1782/3371/1791 1176/2112/1176
f 1176/2112/1176 1215/2196/1215 1783/3372/1792
f 1897/3594/1908 1742/3296/1751 1680/3186/1689
f 1813/3595/1822 1355/3596/1359 1856/3597/1866
f 1744/3299/1753 1898/3598/1909 1571/2954/1580
f 1821/3599/1830 1683/3191/1692 1660/3141/1669
f 1821/3600/1830 1660/3601/1669 1899/3602/1910
f 1900/3603/1911 1901/3604/1912 1902/3605/1913
f 1901/3604/1912 1903/3606/1914 1902/3605/1913
f 1904/3607/1915 1824/3447/1833 1686/3446/1695
f 1903/3606/1914 1905/3608/1916 1902/3605/1913
f 1906/3609/1917 1902/3605/1913 1905/3608/1916
f 1907/3610/1918 1747/3303/1756 1404/2557/1408
f 1404/3611/1408 1908/3612/1919 1907/3613/1918
f 1404/2557/1408 1864/3528/1874 1908/3614/1919
f 1909/3615/1920 1786/3376/1795 1866/3530/1876
f 1908/3614/1919 1864/3528/1874 1867/3534/1877
f 1909/3615/1920 1749/3449/1758 1786/3376/1795
f 1865/3616/1875 1748/3617/1757 1910/3618/1921
f 1910/3619/1921 1748/3451/1757 1718/3259/1727
f 1911/3620/1922 1867/3621/1877 1687/3622/1696
f 1911/3623/1922 1687/3624/1696 1912/3625/1923
f 1913/3626/1924 1687/3195/1696 1867/3627/1877
f 1913/3626/1924 1512/3453/1521 1825/3452/1834
f 1913/3628/1924 1867/3534/1877 1512/2816/1521
f 1913/3626/1924 1825/3452/1834 1687/3195/1696
f 1688/3196/1697 1612/3039/1621 1870/3540/1880
f 1873/3629/1883 1872/3630/1882 1759/3631/1886
f 1873/3629/1883 1759/3631/1886 1874/1747/1884
f 1758/3320/1767 1640/3105/1649 1721/3632/1730
f 1878/3553/1889 1581/2972/1590 1722/3633/1731
f 1873/3634/1925 1789/3384/1798 1759/3386/1768
f 1762/3635/1771 1880/3636/1891 1879/3637/1890
f 1412/3638/1416 1331/3639/1332 1914/3640/1926
f 1914/3641/1926 1331/2141/1332 1915/3642/1927
f 1916/3643/1928 1835/3486/1844 1437/2645/1443
f 1917/3644/1929 1690/3645/1699 1584/3391/1593
f 1918/3646/1930 1724/3267/1733 1690/3266/1699
f 1918/3647/1930 1766/3334/1775 1583/3336/1592
f 1918/3646/1930 1583/3109/1592 1724/3267/1733
f 1919/3648/1931 1643/3649/1652 1794/3650/1803
f 1795/3401/1804 1691/3199/1700 1835/3486/1844
f 1920/3651/1932 1440/2830/1446 1726/3652/1735
f 1921/3653/1933 1729/3403/1738 1728/3278/1737
f 1729/3403/1738 1922/3654/1934 1923/3655/1935
f 1924/3656/1936 1618/3058/1627 1524/3057/1533
f 1729/3279/1738 1768/3657/1777 1558/2926/1567
f 1882/3560/1893 1767/3341/1776 1883/3561/1894
f 1767/3341/1776 1925/3658/1937 1884/3562/1895
f 1767/3341/1776 1797/3404/1806 1925/3658/1937
f 1769/3349/1778 1770/3490/1779 1926/3659/1938
f 1646/3118/1655 1927/3660/1939 1839/3491/1848
f 1646/3118/1655 1771/3406/1780 1927/3660/1939
f 1887/3570/1898 1839/3491/1848 1928/3661/1940
f 1798/3407/1807 1730/3280/1739 1929/3662/1941
f 1730/3352/1739 1772/3354/1781 1930/3663/1942
f 1772/3664/1781 1621/3665/1630 1889/3666/1900
f 1800/3409/1809 1843/3667/1853 1561/3063/1570
f 1731/3668/1740 1732/3357/1741 1931/3669/1943
f 1732/3357/1741 1590/3356/1599 1801/3410/1810
f 1773/3670/1782 1932/3671/1944 1803/3672/1812
f 1702/3224/1711 1807/3419/1816 1933/3673/1945
f 1454/2687/1460 1848/3504/1858 1934/3674/1946
f 1051/1883/1051 1347/2457/1351 1776/3363/1785
f 1567/2942/1576 1853/3513/1863 1851/3509/1861
f 1854/3514/1864 1738/3591/1747 1896/3675/1907
f 1781/3370/1790 1599/3009/1608 1312/2464/1313
f 1896/787/1907 1657/3593/1666 1679/3676/1688
f 1935/3677/1947 1659/3374/1668 1784/3373/1793
f 1855/3516/1865 1814/3678/1823 1713/3517/1722
f 1633/3090/1642 1815/3431/1824 1681/3189/1690
f 1681/3189/1690 1815/3431/1824 1316/2401/1317
f 1358/2480/1362 1936/3679/1948 1715/3255/1724
f 1816/3432/1825 1817/3433/1826 1937/3680/1949
f 1938/3681/1950 1817/3436/1826 1818/3437/1827
f 1860/3682/1870 1543/2885/1552 1939/3683/1951
f 1898/3598/1909 1861/3525/1871 1571/2954/1580
f 1544/2886/1553 1573/2956/1582 1545/2887/1554
f 1510/2808/1519 1745/3301/1754 1940/3684/1952
f 1863/3527/1873 1899/3685/1910 1660/3141/1669
f 1745/3301/1754 1603/3015/1612 1941/3686/1953
f 1941/3686/1953 1603/3015/1612 1823/3444/1832
f 1684/3192/1693 1824/3687/1833 1822/3443/1831
f 1824/3687/1833 1904/3688/1915 1942/3689/1954
f 1901/3604/1912 1943/3690/1955 1903/3606/1914
f 1902/3691/1913 1906/3692/1917 1900/3693/1911
f 1903/3606/1914 1944/3694/1956 1905/3608/1916
f 1686/3194/1695 1747/3303/1756 1945/3695/1957
f 1865/3696/1875 1946/3697/1958 1947/3698/1959
f 1908/3612/1919 1912/3699/1923 1907/3613/1918
f 1908/3612/1919 1867/3700/1877 1912/3699/1923
f 1718/3259/1727 1828/3462/1837 1910/3619/1921
f 1867/3700/1877 1911/3701/1922 1912/3699/1923
f 1868/3702/1878 1912/3703/1923 1687/3704/1696
f 1829/3705/1838 1719/3706/1728 1948/3707/1960
f 1949/3708/1961 1950/3709/1962 1951/3710/1963
f 1949/3711/1961 1952/3712/1964 1950/3713/1962
f 1952/3712/1964 1953/3714/1965 1950/3713/1962
f 1949/3708/1961 1951/3710/1963 1952/3715/1964
f 1952/3716/1964 1954/3717/1966 1953/3718/1965
f 1951/3719/1963 1954/3717/1966 1952/3716/1964
f 1719/3261/1728 1665/3316/1674 1955/3720/1967
f 1956/3721/1968 1957/3722/1969 1953/3714/1965
f 1953/3723/1965 1954/3724/1966 1956/3725/1968
f 1665/3316/1674 1788/3726/1797 1955/3720/1967
f 1873/3727/1925 1759/3728/1768 1958/3729/1970
f 1759/3322/1768 1761/2668/1770 1958/3730/1970
f 1873/3731/1925 1832/3479/1841 1789/3478/1798
f 1640/3105/1649 1876/3550/1887 1721/3632/1730
f 1761/3389/1770 1877/3552/1888 1959/3732/1971
f 1960/3733/1972 1791/3390/1800 1723/3554/1732
f 1791/3390/1800 1915/3734/1927 1331/2903/1332
f 1880/3558/1891 1481/3326/1488 1766/3735/1775
f 1793/3736/1802 1792/3737/1801 1961/3738/1973
f 1793/3393/1802 1917/3644/1929 1584/3391/1593
f 1794/3397/1803 1440/2830/1446 1962/3739/1974
f 1694/3204/1703 1963/3740/1975 1728/3278/1737
f 1728/3278/1737 1963/3740/1975 1921/3653/1933
f 1882/3741/1893 1964/3742/1976 1726/3652/1735
f 1729/3403/1738 1921/3653/1933 1922/3654/1934
f 1965/3743/1977 1923/3744/1935 1922/3745/1934
f 1729/3279/1738 1923/3746/1935 1768/3657/1777
f 1668/3564/1677 1837/3747/1846 1885/3565/1896
f 1884/3562/1895 1966/3748/1978 1883/3561/1894
f 1840/3749/1849 1926/3659/1938 1770/3490/1779
f 1840/3749/1849 1886/3750/1897 1926/3659/1938
f 1839/3491/1848 1927/3660/1939 1928/3661/1940
f 1928/3661/1940 1967/3751/1979 1887/3570/1898
f 1700/3752/1709 1890/3753/1901 1888/3754/1899
f 1731/3579/1740 1968/3755/1980 1890/3577/1901
f 1801/3410/1810 1733/3285/1742 1969/3756/1981
f 1701/3284/1710 1623/3066/1632 1845/3757/1855
f 1623/3066/1632 1970/3758/1982 1845/3757/1855
f 1623/3066/1632 1803/3413/1812 1970/3758/1982
f 1847/3501/1857 1971/3759/1983 1804/3502/1813
f 1454/2687/1460 1934/3674/1946 1805/3417/1814
f 1593/3000/1602 1972/3760/1984 1305/2379/1306
f 1807/3419/1816 1893/3584/1904 1973/3761/1985
f 1273/2868/1273 1736/3762/1745 1775/3362/1784
f 1174/2110/1174 1462/2701/1469 1974/3763/1986
f 1678/3181/1687 1975/3764/1987 1780/3368/1789
f 1678/3181/1687 1854/3514/1864 1975/3764/1987
f 1811/3590/1820 1976/3765/1988 1628/3080/1637
f 1628/3080/1637 1976/3765/1988 1781/3370/1790
f 1739/3293/1748 1897/3594/1908 1680/3186/1689
f 1742/3296/1751 1897/3594/1908 1977/3766/1989
f 1742/3767/1751 1977/3768/1989 1784/3769/1793
f 1358/2480/1362 1978/3770/1990 1936/3679/1948
f 1357/2479/1361 1714/3254/1723 1979/3771/1991
f 1714/3254/1723 1857/3519/1867 1979/3771/1991
f 1937/3772/1949 1817/3436/1826 1938/3681/1950
f 1785/3375/1794 1715/3255/1724 1980/3773/1992
f 1859/3774/1869 1819/3440/1828 1981/3775/1993
f 1361/2484/1365 1682/3190/1691 1541/2883/1550
f 1820/3441/1829 1572/2955/1581 1862/3526/1872
f 1511/2809/1520 1982/3776/1994 1602/3092/1611
f 1746/3302/1755 1983/3777/1995 1661/3142/1670
f 1901/3778/1912 1900/3779/1911 1943/3780/1955
f 1824/3687/1833 1942/3689/1954 1822/3443/1831
f 1943/3781/1955 1984/3782/1996 1903/3783/1914
f 1686/3446/1695 1985/3784/1997 1904/3607/1915
f 1905/3608/1916 1986/3785/1998 1906/3609/1917
f 1905/3786/1916 1944/3787/1956 1987/3788/1999
f 1686/3446/1695 1945/3789/1957 1985/3784/1997
f 1947/3698/1959 1946/3697/1958 1986/3790/1998
f 1947/3698/1959 1866/3791/1876 1865/3696/1875
f 1865/3696/1875 1910/3792/1921 1946/3697/1958
f 1912/3793/1923 1868/3794/1878 1907/3795/1918
f 1956/3796/1968 1988/3797/2000 1957/3798/1969
f 1869/3539/1879 1875/3544/1885 1613/3040/1622
f 1875/3544/1885 1989/3799/2001 1615/3043/1624
f 1761/3800/1770 1959/3801/1971 1958/3802/1970
f 1412/2582/1416 1914/3803/1926 1111/1989/1111
f 1833/3804/1842 1990/3805/2002 1877/3806/1888
f 1833/3807/1842 1832/3808/1841 1990/3809/2002
f 1880/3636/1891 1991/3810/2003 1879/3637/1890
f 1914/1252/1926 1915/3811/1927 1791/3812/1800
f 1880/3636/1891 1992/3813/2004 1991/3810/2003
f 1766/3735/1775 1993/3814/2005 1880/3558/1891
f 1793/3393/1802 1994/3815/2006 1917/3644/1929
f 1690/3645/1699 1917/3644/1929 1918/3816/1930
f 1919/3817/1931 1962/1312/1974 1995/3818/2007
f 1794/3397/1803 1962/3739/1974 1919/3819/1931
f 1919/3820/1931 1995/3821/2007 1643/3822/1652
f 1995/3823/2007 1836/3824/1845 1643/3825/1652
f 1440/2830/1446 1920/3651/1932 1962/3739/1974
f 1694/3204/1703 1795/3401/1804 1996/3826/2008
f 1965/3743/1977 1997/3827/2009 1923/3744/1935
f 1965/3743/1977 1882/3560/1893 1997/3827/2009
f 1882/3560/1893 1883/3561/1894 1997/3827/2009
f 1925/3658/1937 1966/3748/1978 1884/3562/1895
f 1883/3561/1894 1966/3748/1978 1998/3828/2010
f 1883/3561/1894 1998/3828/2010 1999/3829/2011
f 1999/3829/2011 1998/3828/2010 1698/3830/1707
f 1967/3831/1979 2000/3832/2012 1887/3833/1898
f 1928/3661/1940 2001/3834/2013 1967/3751/1979
f 1967/3831/1979 2001/3835/2013 2002/3836/2014
f 1928/3661/1940 1927/3660/1939 2001/3834/2013
f 1799/3837/1808 2003/3838/2015 1771/3406/1780
f 2002/3839/2014 2001/3840/2013 2004/3841/2016
f 2004/3842/2016 2005/3843/2017 2006/3844/2018
f 2005/3845/2017 2004/3846/2016 2001/3847/2013
f 2005/3843/2017 2007/3848/2019 2006/3844/2018
f 2005/3849/2017 2001/3834/2013 2007/3850/2019
f 1799/3837/1808 1798/3851/1807 2003/3838/2015
f 2001/3834/2013 2008/3852/2020 2007/3850/2019
f 1698/3214/1707 2009/3853/2021 1672/3168/1681
f 1672/3168/1681 2009/3853/2021 2010/3854/2022
f 1672/3168/1681 2011/3855/2023 1673/3169/1682
f 1730/3856/1739 1930/3857/1942 2012/3858/2024
f 1772/3354/1781 2013/3859/2025 1930/3663/1942
f 1673/3169/1682 2014/3860/2026 1699/3218/1708
f 1699/3218/1708 2014/3860/2026 1800/3409/1809
f 1731/3668/1740 2015/3861/2027 1968/3862/1980
f 1731/3668/1740 2016/3863/2028 2015/3861/2027
f 1931/3669/1943 2016/3863/2028 1731/3668/1740
f 1648/3120/1657 2017/3864/2029 1802/3411/1811
f 1733/3865/1742 2018/3866/2030 1969/3867/1981
f 1845/3868/1855 2018/3866/2030 1733/3865/1742
f 1802/3580/1811 2019/3869/2031 1649/3121/1658
f 1932/3671/1944 2020/3870/2032 1803/3672/1812
f 1846/3500/1856 1847/3501/1857 1652/3223/1661
f 1702/3224/1711 1933/3673/1945 1891/3581/1902
f 1971/3871/1983 1847/3872/1857 2021/3873/2033
f 1971/3759/1983 2022/3874/2034 1804/3502/1813
f 1804/3502/1813 2022/3874/2034 1848/3875/1858
f 1735/3503/1744 1653/3130/1662 1849/3876/1859
f 1848/3504/1858 2023/3877/2035 1934/3674/1946
f 1305/2379/1306 1972/3760/1984 1346/2455/1350
f 1894/3587/1905 2024/3878/2036 1893/3585/1904
f 1654/3177/1663 1775/3362/1784 2025/3879/2037
f 1705/3233/1714 2026/3880/2038 1347/3234/1351
f 2027/3881/2039 1896/3882/1907 1679/3883/1688
f 1740/3425/1749 1812/3884/1821 2028/3885/2040
f 1935/3886/1947 1784/3429/1793 1977/3766/1989
f 1815/3431/1824 1633/3090/1642 1814/3678/1823
f 2029/3887/2041 1357/2479/1361 1979/3771/1991
f 2030/3888/2042 1715/3889/1724 2031/3890/2043
f 1937/3772/1949 1938/3681/1950 2032/3891/2044
f 1509/3520/1518 1859/3523/1869 1858/3521/1868
f 2033/3892/2045 1716/3256/1725 1541/2883/1550
f 1862/3526/1872 1510/3091/1519 1940/3893/1952
f 1942/3689/1954 2034/3894/2046 1822/3443/1831
f 1822/3895/1831 2034/3896/2046 1943/3897/1955
f 1984/3898/1996 1943/3897/1955 2034/3896/2046
f 2035/3899/2047 1900/3693/1911 1906/3692/1917
f 1984/3782/1996 1944/3900/1956 1903/3783/1914
f 1904/3688/1915 1985/3901/1997 2036/3902/2048
f 2035/3899/2047 1906/3692/1917 1986/3903/1998
f 1987/3788/1999 1986/3904/1998 1905/3786/1916
f 2035/3905/2047 1986/3790/1998 1946/3697/1958
f 1985/3784/1997 1945/3789/1957 2037/3906/2049
f 1987/3907/1999 1947/3698/1959 1986/3790/1998
f 1945/3695/1957 1747/3303/1756 2038/3908/2050
f 2039/3909/2051 1946/3910/1958 1910/3619/1921
f 1747/3303/1756 1907/3610/1918 2038/3908/2050
f 2040/3911/2052 1909/3615/1920 1866/3530/1876
f 2039/3909/2051 1910/3619/1921 2041/3912/2053
f 1868/3536/1878 1749/3535/1758 2042/3913/2054
f 2042/3914/2054 1749/3915/1758 2040/3916/2052
f 2040/3911/2052 1749/3449/1758 1909/3615/1920
f 1910/3619/1921 1828/3462/1837 2041/3912/2053
f 2043/3917/2055 1907/3918/1918 1868/3919/1878
f 1950/3713/1962 1953/3714/1965 2044/3920/2056
f 2045/3215/2057 1954/3717/1966 1951/3719/1963
f 2045/3921/2057 1958/3922/1970 1954/3724/1966
f 1958/3922/1970 1956/3725/1968 1954/3724/1966
f 1988/3923/2000 1956/3721/1968 1958/3802/1970
f 1958/3802/1970 1959/3801/1971 1988/3923/2000
f 1958/3924/1970 1832/3925/1841 1873/3926/1925
f 2046/3927/2058 1721/3632/1730 1876/3550/1887
f 1615/3043/1624 1960/3928/1972 1723/3265/1732
f 1834/3485/1843 1763/3328/1772 1878/3553/1889
f 2047/887/2059 1990/3929/2002 1832/3930/1841
f 1614/3556/1623 2048/3931/2060 1876/3932/1887
f 1614/3556/1623 1879/3555/1890 1991/3933/2003
f 1880/3636/1891 1993/1372/2005 1992/3813/2004
f 1766/3735/1775 1918/3934/1930 1993/3814/2005
f 1961/3935/1973 1994/3936/2006 1793/3937/1802
f 1693/3203/1702 1446/2664/1452 1616/3054/1625
f 1922/3654/1934 1921/3653/1933 1963/3740/1975
f 1923/3744/1935 1997/3827/2009 1999/3829/2011
f 1923/3744/1935 1999/3829/2011 1768/3938/1777
f 1924/3656/1936 1524/3057/1533 1838/3489/1847
f 1997/3827/2009 1883/3561/1894 1999/3829/2011
f 1999/3829/2011 1698/3830/1707 1768/3938/1777
f 2049/3939/2061 1998/3828/2010 1966/3748/1978
f 1797/3404/1806 2050/3940/2062 2051/3941/2063
f 2051/3941/2063 2050/3940/2062 2052/3942/2064
f 2049/3943/2061 1698/3214/1707 1998/3944/2010
f 1886/3750/1897 1887/3833/1898 2000/3832/2012
f 2053/3945/2065 2000/3832/2012 1967/3831/1979
f 1967/3831/1979 2002/3836/2014 2053/3945/2065
f 2003/3838/2015 1927/3660/1939 1771/3406/1780
f 2053/3945/2065 2002/3836/2014 2004/3842/2016
f 2003/3838/2015 2001/3834/2013 1927/3660/1939
f 2008/3852/2020 2001/3834/2013 2003/3838/2015
f 2003/3838/2015 1798/3851/1807 1929/3946/1941
f 2012/3947/2024 1929/3948/1941 1730/3949/1739
f 2012/3950/2024 1930/3663/1942 2013/3859/2025
f 2013/3951/2025 1772/3952/1781 2054/3953/2066
f 1772/3954/1781 1889/3955/1900 2054/3956/2066
f 2055/3957/2067 1844/3496/1854 1843/3495/1853
f 1846/3500/1856 1649/3121/1658 2056/3958/2068
f 2057/3959/2069 2058/3960/2070 2059/3961/2071
f 2060/3962/2072 2061/3963/2073 2058/3960/2070
f 2058/3960/2070 2061/3963/2073 2059/3961/2071
f 2062/3964/2074 2059/3961/2071 2061/3963/2073
f 2063/3965/2075 1653/3130/1662 1806/3418/1815
f 2022/3874/2034 2023/3966/2035 1848/3875/1858
f 1704/3967/1713 1596/3005/1605 1500/3178/1509
f 1774/3361/1783 1654/3131/1663 2064/3968/2076
f 2064/3968/2076 1654/3131/1663 2025/3969/2037
f 2065/3970/2077 1777/3364/1786 1626/3077/1635
f 1626/3077/1635 1656/3133/1665 2065/3970/2077
f 2066/3971/2078 1656/3133/1665 1851/3509/1861
f 2067/3972/2079 2068/3973/2080 1850/3508/1860
f 1850/3508/1860 2068/3973/2080 1810/3510/1819
f 1895/3589/1906 2069/3974/2081 1708/3238/1717
f 1679/3426/1688 1740/3425/1749 2028/3885/2040
f 1935/3677/1947 2070/3975/2082 1659/3374/1668
f 2070/3976/2082 1855/3516/1865 1659/3140/1668
f 2071/3977/2083 1814/3678/1823 1855/3516/1865
f 1813/3595/1822 1856/3597/1866 2072/3978/2084
f 1856/3518/1866 1357/2479/1361 2029/3887/2041
f 1815/3431/1824 1978/3770/1990 1358/2480/1362
f 2073/3979/2085 1859/3774/1869 1981/3775/1993
f 2074/3980/2086 1898/3598/1909 1744/3299/1753
f 1541/2883/1550 1682/3190/1691 2033/3892/2045
f 1716/3256/1725 2075/3981/2087 1471/3011/1478
f 1820/3441/1829 1862/3526/1872 2076/3982/2088
f 1511/2809/1520 1601/3012/1610 1982/3776/1994
f 1982/3776/1994 1863/3983/1873 1602/3092/1611
f 1746/3302/1755 1634/3093/1643 1983/3777/1995
f 1823/3984/1832 2077/3985/2089 1941/3986/1953
f 1823/3444/1832 1822/3443/1831 2077/3987/2089
f 1942/3988/1954 2036/3989/2048 2034/3990/2046
f 1942/3689/1954 1904/3688/1915 2036/3902/2048
f 1985/3901/1997 2037/3991/2049 2036/3902/2048
f 2078/3992/2090 1947/3698/1959 1987/3907/1999
f 1946/3910/1958 2039/3909/2051 2035/3993/2047
f 1947/3698/1959 2078/3992/2090 1866/3791/1876
f 2037/3906/2049 1945/3789/1957 2079/3994/2091
f 2078/3995/2090 2080/3996/2092 1866/1261/1876
f 2079/3994/2091 1945/3789/1957 2038/3997/2050
f 1907/3610/1918 2043/3998/2055 2038/3908/2050
f 2043/3999/2055 1868/3536/1878 2042/3913/2054
f 1950/3713/1962 2044/3920/2056 2081/4000/2093
f 2081/4001/2093 1951/3710/1963 1950/3709/1962
f 2081/4001/2093 2082/4002/2094 1951/3710/1963
f 1719/3706/1728 1955/4003/1967 1948/3707/1960
f 1953/3714/1965 2083/4004/2095 2044/3920/2056
f 1953/3714/1965 1957/3722/1969 2083/4004/2095
f 1689/4005/1698 1111/1989/1111 2084/4006/2096
f 1955/3720/1967 1788/3726/1797 2085/4007/2097
f 1958/3922/1970 2086/4008/2098 1832/4009/1841
f 1614/3556/1623 1991/3933/2003 2048/3931/2060
f 1764/3329/1773 1916/3643/1928 1437/2645/1443
f 1992/3813/2004 1993/1372/2005 1991/3810/2003
f 1792/3395/1801 1796/3402/1805 2087/4010/2099
f 1995/4011/2007 1962/3739/1974 1836/4012/1845
f 1694/4013/1703 1996/4014/2008 1963/4015/1975
f 1882/4016/1893 2088/4017/2100 1964/4018/1976
f 1963/4015/1975 2089/4019/2101 1922/4020/1934
f 2089/4019/2101 1965/4021/1977 1922/4020/1934
f 1616/3054/1625 1618/3058/1627 2090/4022/2102
f 1882/4016/1893 1965/4021/1977 2089/4019/2101
f 1618/3058/1627 1924/3656/1936 2090/4022/2102
f 1924/3656/1936 1838/3489/1847 2091/4023/2103
f 1797/3563/1806 1885/3565/1896 2050/4024/2062
f 1885/3565/1896 2092/4025/2104 2050/4024/2062
f 2007/3850/2019 2008/3852/2020 2093/4026/2105
f 2003/3838/2015 1929/3946/1941 2008/3852/2020
f 2094/4027/2106 2012/3950/2024 2013/3859/2025
f 2011/3855/2023 2014/3860/2026 1673/3169/1682
f 1890/3577/1901 1968/3755/1980 2095/4028/2107
f 1800/3409/1809 2014/3860/2026 1843/3667/1853
f 1732/3357/1741 1801/3410/1810 1969/3756/1981
f 2096/4029/2108 1845/3757/1855 1970/3758/1982
f 2019/3869/2031 2056/3958/2068 1649/3121/1658
f 1773/3359/1782 1891/3581/1902 1932/4030/1944
f 2097/4031/2109 2060/3962/2072 2058/3960/2070
f 2021/3873/2033 2057/3959/2069 1971/3871/1983
f 2058/3960/2070 2057/3959/2069 2021/3873/2033
f 1971/3871/1983 2057/3959/2069 2022/4032/2034
f 2059/3961/2071 2022/4032/2034 2057/3959/2069
f 2061/3963/2073 2060/3962/2072 2098/4033/2110
f 2062/3964/2074 2099/4034/2111 2059/3961/2071
f 2059/3961/2071 2099/4034/2111 2022/4032/2034
f 2098/4035/2110 2100/4036/2112 2061/4037/2073
f 2061/3963/2073 2100/4038/2112 2062/3964/2074
f 2023/4039/2035 2101/4040/2113 1934/4041/1946
f 1775/3362/1784 1736/3762/1745 2025/3879/2037
f 1850/3508/1860 1778/3365/1787 2067/3972/2079
f 1810/3510/1819 2068/3973/2080 2102/4042/2114
f 1708/3238/1717 2069/3974/2081 1853/3512/1863
f 1679/4043/1688 2028/4044/2040 2027/4045/2039
f 2103/4046/2115 1631/3085/1640 1711/3249/1720
f 1812/3427/1821 1712/3428/1721 2104/4047/2116
f 1814/3678/1823 2105/4048/2117 1815/3431/1824
f 2106/4049/2118 2030/4050/2042 2031/4051/2043
f 2032/3891/2044 2107/4052/2119 1937/3772/1949
f 2106/4049/2118 2108/4053/2120 2030/4050/2042
f 2108/4053/2120 1980/4054/1992 2030/4050/2042
f 2030/4050/2042 1980/4054/1992 1715/4055/1724
f 1819/3440/1828 1860/3524/1870 2109/4056/2121
f 1601/4057/1610 1471/3011/1478 2075/3981/2087
f 1899/3602/1910 2110/4058/2122 1821/3600/1830
f 1634/3093/1643 2111/4059/2123 1983/3777/1995
f 1822/4060/1831 2112/1819/2124 2077/4061/2089
f 1822/4062/1831 1943/3780/1955 2112/4063/2124
f 1900/3779/1911 2112/4063/2124 1943/3780/1955
f 2035/3899/2047 2113/4064/2125 1900/3693/1911
f 2034/3896/2046 2036/4065/2048 1984/3898/1996
f 1984/3782/1996 2114/4066/2126 1944/3900/1956
f 2043/3999/2055 2042/3913/2054 2040/4067/2052
f 2081/4000/2093 2044/3920/2056 2115/4068/2127
f 2081/4069/2093 2115/4070/2127 2082/4071/2094
f 2115/4068/2127 2044/3920/2056 2082/4072/2094
f 1951/3710/1963 2082/4002/2094 2045/3921/2057
f 1869/3539/1879 2116/4073/2128 1875/3544/1885
f 1788/3380/1797 1721/3263/1730 2085/4074/2097
f 1875/3544/1885 2116/4073/2128 1989/3799/2001
f 1721/4075/1730 2046/4076/2058 2085/4077/2097
f 1989/3799/2001 2117/4078/2129 1615/3043/1624
f 1615/4079/1624 2117/4080/2129 1960/4081/1972
f 1959/3732/1971 1877/3552/1888 1990/4082/2002
f 1791/3390/1800 1960/3733/1972 2118/4083/2130
f 2048/4084/2060 2046/3927/2058 1876/3550/1887
f 1832/4009/1841 2086/4008/2098 2047/4085/2059
f 1914/3803/1926 2119/4086/2131 2120/4087/2132
f 1791/3390/1800 2119/4088/2131 1914/4089/1926
f 1791/3390/1800 2118/4083/2130 2119/4088/2131
f 1990/4090/2002 2047/4091/2059 2121/4092/2133
f 2047/4093/2059 1961/4094/1973 2121/4095/2133
f 1792/4096/1801 2121/4095/2133 1961/4094/1973
f 1792/3395/1801 2087/4010/2099 2121/4097/2133
f 1918/3816/1930 2122/4098/2134 1993/4099/2005
f 1835/3486/1844 2123/4100/2135 1795/3401/1804
f 1726/3652/1735 1964/3742/1976 1920/3651/1932
f 1616/3054/1625 2090/4022/2102 2124/4101/2136
f 2089/4019/2101 2088/4017/2100 1882/4016/1893
f 1925/4102/1937 2125/4103/2137 1966/4104/1978
f 1797/3404/1806 2051/3941/2063 1925/3658/1937
f 2052/4105/2064 2126/4106/2138 2051/4107/2063
f 1698/3214/1707 2049/3943/2061 2009/3853/2021
f 2007/3848/2019 2127/4108/2139 2006/3844/2018
f 2007/3850/2019 2093/4026/2105 2127/4109/2139
f 2008/3852/2020 1929/3946/1941 2093/4026/2105
f 2128/4110/2140 2094/4027/2106 2013/3859/2025
f 2129/4111/2141 2012/3950/2024 2094/4027/2106
f 2010/3854/2022 2011/3855/2023 1672/3168/1681
f 1929/4112/1941 2012/4113/2024 2130/4114/2142
f 1968/3862/1980 2015/3861/2027 2095/4115/2107
f 2014/3860/2026 2055/4116/2067 1843/3667/1853
f 2016/3863/2028 1931/3669/1943 2131/4117/2143
f 1732/3357/1741 1969/3756/1981 1931/3669/1943
f 2018/4118/2030 1845/3757/1855 2096/4029/2108
f 2132/4119/2144 2019/3869/2031 1802/3580/1811
f 2056/3958/2068 2133/4120/2145 1846/3500/1856
f 2058/3960/2070 2021/3873/2033 2134/4121/2146
f 2060/4122/2072 2135/4123/2147 2098/4124/2110
f 1805/3417/1814 2136/4125/2148 1892/3582/1903
f 1805/4126/1814 2100/4127/2112 2098/4128/2110
f 2098/4124/2110 2137/4129/2149 1805/4130/1814
f 2023/4131/2035 2099/4132/2111 2062/4133/2074
f 2022/4032/2034 2099/4034/2111 2023/4134/2035
f 1653/3130/1662 2063/3965/2075 1849/3876/1859
f 2100/4127/2112 1805/4126/1814 2138/4135/2150
f 1805/3417/1814 2139/4136/2151 2138/4137/2150
f 1805/3417/1814 1934/3674/1946 2139/4136/2151
f 2101/4138/2113 2139/4136/2151 1934/3674/1946
f 1849/3505/1859 2140/4139/2152 1593/3000/1602
f 2140/4139/2152 1972/3760/1984 1593/3000/1602
f 1596/3005/1605 1704/3967/1713 2141/4140/2153
f 1347/2457/1351 2026/4141/2038 1776/3363/1785
f 1596/3005/1605 2142/4142/2154 1778/3365/1787
f 1656/3133/1665 2066/3971/2078 2065/3970/2077
f 1851/4143/1861 2143/4144/2155 2066/4145/2078
f 1810/3423/1819 2102/4146/2114 1852/3511/1862
f 1852/3511/1862 2144/4147/2156 1706/3236/1715
f 1780/3368/1789 2145/4148/2157 1737/3367/1746
f 1462/2701/1469 2146/4149/2158 1974/3763/1986
f 1737/3290/1746 2145/4150/2157 1710/3244/1719
f 1896/3675/1907 2147/4151/2159 1854/3514/1864
f 1896/4152/1907 2148/4153/2160 2147/4154/2159
f 1710/3515/1719 2149/4155/2161 1739/3293/1748
f 1599/3009/1608 2150/4156/2162 2103/4157/2115
f 1739/3293/1748 2151/4158/2163 1897/3594/1908
f 1599/3009/1608 2103/4157/2115 1711/3248/1720
f 1977/3766/1989 2152/4159/2164 1935/3886/1947
f 2070/3975/2082 1935/3677/1947 2152/4160/2164
f 1813/3430/1822 2153/4161/2165 1712/3250/1721
f 1855/3516/1865 2070/3976/2082 2071/3977/2083
f 2071/3977/2083 2105/4048/2117 1814/3678/1823
f 1936/4162/1948 2031/4051/2043 1715/4055/1724
f 2032/4163/2044 1938/4164/1950 1818/4165/1827
f 2154/4166/2166 1682/3190/1691 1820/3441/1829
f 1543/2885/1552 2155/4167/2167 1939/3683/1951
f 1543/2885/1552 1250/2276/1250 2155/4167/2167
f 2076/3982/2088 1862/3526/1872 2156/4168/2168
f 1861/3525/1871 2157/4169/2169 1544/2886/1553
f 1544/2886/1553 2157/4169/2169 1573/2956/1582
f 2158/4170/2170 1941/3986/1953 2077/3985/2089
f 1983/3777/1995 2159/4171/2171 1661/3142/1670
f 2112/4063/2124 1900/3779/1911 2113/4172/2125
f 2036/4173/2048 2114/4174/2126 1984/4175/1996
f 1661/3142/1670 2159/4171/2171 1548/2893/1557
f 2160/4176/2172 2080/4177/2092 2078/4178/2090
f 2079/3994/2091 2038/3997/2050 2161/4179/2173
f 1866/3530/1876 2162/4180/2174 2040/3911/2052
f 2163/4181/2175 2041/3912/2053 1828/3462/1837
f 2038/4182/2050 2043/3999/2055 2164/4183/2176
f 2164/4183/2176 2043/3999/2055 2040/4067/2052
f 1828/3462/1837 1829/3466/1838 2165/4184/2177
f 2044/4185/2056 2166/4186/2178 2082/3768/2094
f 2167/4187/2179 1870/3540/1880 1757/3319/1766
f 2083/4004/2095 2166/4188/2178 2044/3920/2056
f 2168/4189/2180 1757/3319/1766 1689/3197/1698
f 2084/4190/2096 2168/4189/2180 1689/3197/1698
f 1948/3707/1960 1955/4003/1967 2169/4191/2181
f 1878/4192/1889 1722/3264/1731 1688/3196/1697
f 2170/4193/2182 1958/3922/1970 2045/3921/2057
f 1111/1989/1111 1914/3803/1926 2120/4087/2132
f 2047/4194/2059 2171/4195/2183 1961/3935/1973
f 2122/4098/2134 1918/3816/1930 1917/3644/1929
f 2172/4196/2184 1836/4012/1845 1962/3739/1974
f 2173/4197/2185 2050/4024/2062 2092/4025/2104
f 2173/4197/2185 2052/4198/2064 2050/4024/2062
f 1926/3659/1938 2174/4199/2186 1769/3349/1778
f 2175/4200/2187 2051/4107/2063 2126/4106/2138
f 1926/3659/1938 1886/3750/1897 2000/3832/2012
f 2053/3945/2065 2004/3842/2016 2176/4201/2188
f 2006/3844/2018 2127/4108/2139 2176/4201/2188
f 2127/4108/2139 2093/4202/2105 2176/4201/2188
f 2176/4201/2188 2093/4202/2105 2177/4203/2189
f 2177/4204/2189 2093/4026/2105 2094/4027/2106
f 2094/4205/2106 2093/4206/2105 2129/4207/2141
f 2093/4026/2105 1929/3946/1941 2129/4111/2141
f 2094/4027/2106 2128/4110/2140 2177/4204/2189
f 2128/4208/2140 2013/3951/2025 2177/4203/2189
f 2177/4203/2189 2013/3951/2025 2054/3953/2066
f 2012/3950/2024 2129/4111/2141 2130/4209/2142
f 1888/4210/1899 2054/3956/2066 1889/3955/1900
f 1890/3577/1901 2178/4211/2190 1888/4210/1899
f 2095/4028/2107 2178/4211/2190 1890/3577/1901
f 2179/4212/2191 2017/4213/2029 1648/4214/1657
f 2017/3864/2029 2180/4215/2192 1802/3411/1811
f 2180/4216/2192 2132/4119/2144 1802/3580/1811
f 2020/4217/2032 1970/3758/1982 1803/3413/1812
f 2020/4218/2032 1932/4030/1944 2181/4219/2193
f 2133/4120/2145 1847/3501/1857 1846/3500/1856
f 2182/4220/2194 2021/4221/2033 1847/3501/1857
f 1891/3581/1902 1933/3673/1945 2183/4222/2195
f 2183/4222/2195 1933/3673/1945 2184/4223/2196
f 2097/4224/2109 2135/4123/2147 2060/4122/2072
f 2184/4223/2196 1933/3673/1945 2185/4225/2197
f 2186/4226/2198 2187/4227/2199 2188/4228/2200
f 2186/4226/2198 2188/4228/2200 2189/4229/2201
f 2189/4229/2201 2188/4228/2200 2190/4230/2202
f 2135/4123/2147 2191/4231/2203 2098/4124/2110
f 2191/4231/2203 2137/4129/2149 2098/4124/2110
f 2185/4225/2197 1933/3673/1945 2192/4232/2204
f 2193/4233/2205 2190/4230/2202 2188/4228/2200
f 2191/4231/2203 2136/4234/2148 1805/4130/1814
f 2191/4235/2203 1805/590/1814 2137/4236/2149
f 2138/4237/2150 2194/4238/2206 2100/4038/2112
f 2194/4238/2206 2062/3964/2074 2100/4038/2112
f 2194/4239/2206 2023/4240/2035 2062/4241/2074
f 2192/4232/2204 1933/3673/1945 1807/3419/1816
f 2139/4242/2151 2194/4238/2206 2138/4237/2150
f 2195/4243/2207 2194/4244/2206 2139/4245/2151
f 2194/4246/2206 2101/4247/2113 2023/4248/2035
f 2192/4232/2204 1807/3419/1816 1973/3761/1985
f 1973/3761/1985 1893/3584/1904 2196/4249/2208
f 2196/4249/2208 1893/3584/1904 2024/4250/2036
f 2197/4251/2209 1596/3005/1605 2141/4140/2153
f 2197/4252/2209 2198/4253/2210 1596/4254/1605
f 2199/4255/2211 1705/3233/1714 1809/3422/1818
f 1809/3422/1818 1777/3364/1786 2199/4255/2211
f 2200/4256/2212 2067/3972/2079 1778/3365/1787
f 2200/4256/2212 2068/3973/2080 2067/3972/2079
f 2143/4257/2155 1851/3509/1861 2201/4258/2213
f 2201/4258/2213 1851/3509/1861 1853/3513/1863
f 1811/3424/1820 1174/2110/1174 1974/3763/1986
f 2146/4149/2158 1462/2701/1469 1568/4259/1577
f 2149/4155/2161 1710/3515/1719 2202/4260/2214
f 2151/4158/2163 1739/3293/1748 2149/4155/2161
f 1897/3594/1908 2152/4159/2164 1977/3766/1989
f 2104/4047/2116 2203/4261/2215 1812/3427/1821
f 2105/4048/2117 2448/4262/2216 1815/3431/1824
f 2072/3978/2084 1856/3597/1866 2029/4263/2041
f 1816/3432/1825 1743/3298/1752 1540/2882/1549
f 2107/4052/2119 1816/4264/1825 1937/3772/1949
f 2107/4052/2119 2032/3891/2044 2204/4265/2217
f 2205/4266/2218 2032/4267/2044 2206/4268/2219
f 2032/4267/2044 1818/4269/1827 2206/4268/2219
f 2206/4268/2219 1818/4269/1827 2207/4270/2220
f 2207/4270/2220 1818/4269/1827 1858/4271/1868
f 2208/4272/2221 1858/4271/1868 1859/3774/1869
f 1980/4273/1992 2209/4274/2222 1785/4275/1794
f 2109/4056/2121 1981/3775/1993 1819/3440/1828
f 2033/3892/2045 2210/4276/2223 1716/3256/1725
f 1682/3190/1691 2154/4166/2166 2033/3892/2045
f 2210/4276/2223 2075/3981/2087 1716/3256/1725
f 1601/4057/1610 2075/3981/2087 1982/4277/1994
f 1573/2956/1582 2157/4169/2169 1634/3093/1643
f 1940/3684/1952 1745/3301/1754 1941/3686/1953
f 2114/4174/2126 2036/4173/2048 2211/4278/2224
f 2212/4279/2225 1944/3900/1956 2114/4066/2126
f 2212/4279/2225 1987/4280/1999 1944/3900/1956
f 2160/4281/2172 2078/4282/2090 1987/4280/1999
f 2037/3991/2049 2079/4283/2091 2036/3902/2048
f 2036/3902/2048 2079/4283/2091 2213/4284/2226
f 2079/4283/2091 2161/4285/2173 2213/4284/2226
f 2080/4286/2092 2162/4180/2174 1866/3530/1876
f 2159/4171/2171 2214/4287/2227 1548/2893/1557
f 2161/4179/2173 2038/3997/2050 2215/4288/2228
f 2040/4289/2052 2216/4290/2229 2164/4291/2176
f 2038/3997/2050 2164/4292/2176 2215/4288/2228
f 1828/4293/1837 2165/4294/2177 2163/4295/2175
f 1829/3466/1838 1948/4296/1960 2165/4184/2177
f 2214/4287/2227 1869/3539/1879 1548/2893/1557
f 2167/4187/2179 1757/3319/1766 2168/4189/2180
f 2082/4002/2094 2170/4193/2182 2045/3921/2057
f 2169/4297/2181 1955/4298/1967 2085/4299/2097
f 2217/4300/2230 1688/3196/1697 1870/3540/1880
f 1688/3196/1697 2217/4300/2230 1878/4192/1889
f 2170/4193/2182 2218/4301/2231 1958/3922/1970
f 2218/4301/2231 2086/4008/2098 1958/3922/1970
f 1959/3732/1971 1990/4082/2002 2219/4302/2232
f 2220/4303/2233 2221/4304/2234 2086/4008/2098
f 2086/4305/2098 2221/4306/2234 2222/4307/2235
f 2222/4307/2235 2171/4308/2183 2047/4309/2059
f 2086/4305/2098 2222/4307/2235 2047/4309/2059
f 2120/4310/2132 2119/4311/2131 2118/4312/2130
f 1961/3935/1973 2171/4195/2183 1994/3936/2006
f 2171/4195/2183 2223/4313/2236 1994/3936/2006
f 1991/4314/2003 1993/4315/2005 2122/4316/2134
f 1994/3815/2006 2223/4317/2236 1917/3644/1929
f 1916/3643/1928 2224/4318/2237 1835/3486/1844
f 1835/3486/1844 2224/4318/2237 2123/4100/2135
f 1796/3402/1805 1881/3559/1892 2225/4319/2238
f 1881/3559/1892 1693/3203/1702 2226/4320/2239
f 2172/4321/2184 1727/4322/1736 1836/4323/1845
f 2051/3941/2063 2175/4324/2187 1925/3658/1937
f 2227/4325/2240 2000/4326/2012 2053/4327/2065
f 2004/4328/2016 2006/4329/2018 2176/4330/2188
f 2129/4111/2141 1929/3946/1941 2130/4209/2142
f 2177/4203/2189 2054/3953/2066 2228/4331/2241
f 2229/4332/2242 2230/4333/2243 1888/4210/1899
f 2230/4333/2243 2054/3956/2066 1888/4210/1899
f 2229/4332/2242 1888/4210/1899 2178/4211/2190
f 2178/4334/2190 2095/4115/2107 2231/4335/2244
f 2095/4115/2107 2015/3861/2027 2231/4335/2244
f 2131/4117/2143 1931/3669/1943 2232/4336/2245
f 1931/3669/1943 1969/3756/1981 2232/4336/2245
f 2179/4337/2191 1648/3120/1657 1844/3496/1854
f 2096/4029/2108 1970/3758/1982 2233/4338/2246
f 2181/4219/2193 1932/4030/1944 1891/3581/1902
f 2182/4339/2194 2134/4121/2146 2021/3873/2033
f 2234/4340/2247 2135/4123/2147 2097/4224/2109
f 2234/4341/2247 2235/4342/2248 2135/4343/2147
f 2187/4227/2199 2236/4344/2249 2237/4345/2250
f 2187/4227/2199 2237/4345/2250 2188/4228/2200
f 2185/4225/2197 2237/4346/2250 2236/4347/2249
f 2188/4228/2200 2237/4345/2250 2193/4233/2205
f 2185/4225/2197 2192/4232/2204 2237/4346/2250
f 2191/4231/2203 2135/4123/2147 2136/4234/2148
f 2192/4348/2204 2193/4233/2205 2237/4345/2250
f 2195/4349/2207 2139/4350/2151 2238/4351/2251
f 2238/4352/2251 2194/4353/2206 2195/4354/2207
f 2238/4355/2251 2101/4356/2113 2194/4357/2206
f 2190/4230/2202 2239/4358/2252 2189/4229/2201
f 2139/4136/2151 2101/4138/2113 2238/4359/2251
f 2192/4348/2204 1973/4360/1985 2193/4233/2205
f 2240/4361/2253 2140/4362/2152 1849/4363/1859
f 2193/4233/2205 1973/4360/1985 2190/4230/2202
f 2190/4230/2202 2241/4364/2254 2239/4358/2252
f 1973/4360/1985 2241/4364/2254 2190/4230/2202
f 2199/4365/2211 2026/4141/2038 1705/4366/1714
f 2102/4146/2114 2144/4147/2156 1852/3511/1862
f 1706/3236/1715 2144/4147/2156 1501/2788/1510
f 1895/3589/1906 2242/4367/2255 2069/3974/2081
f 2148/4153/2160 1896/4152/1907 2027/4368/2039
f 2028/4369/2040 2243/4370/2256 2027/4371/2039
f 1631/3085/1640 2244/4372/2257 1630/3187/1639
f 2245/4373/2258 2246/4374/2259 1897/4375/1908
f 1812/3427/1821 2203/4261/2215 2247/4376/2260
f 2245/4373/2258 2070/4377/2082 2246/4374/2259
f 1897/3594/1908 2246/4378/2259 2152/4159/2164
f 2152/4159/2164 2246/4378/2259 2070/4379/2082
f 1712/3250/1721 2153/4161/2165 2104/4380/2116
f 1813/3595/1822 2072/3978/2084 2153/4381/2165
f 2105/4048/2117 2248/4382/2261 2448/4262/2216
f 2448/4383/2216 1978/4384/1990 1815/4385/1824
f 2249/4386/2262 2205/4266/2218 2031/4051/2043
f 2205/4266/2218 2106/4049/2118 2031/4051/2043
f 2205/4266/2218 2206/4268/2219 2106/4049/2118
f 2205/4387/2218 2204/4388/2217 2032/4389/2044
f 2206/4268/2219 2250/4390/2263 2106/4049/2118
f 2106/4049/2118 2250/4390/2263 2108/4053/2120
f 2208/4272/2221 1859/3774/1869 2073/3979/2085
f 2251/4391/2264 2073/3979/2085 1981/3775/1993
f 2033/3892/2045 2154/4166/2166 2210/4276/2223
f 1820/3441/1829 2076/3982/2088 2154/4166/2166
f 1899/3602/1910 1863/4392/1873 2252/4393/2265
f 2157/4169/2169 2253/4394/2266 1634/3093/1643
f 2253/4394/2266 2111/4059/2123 1634/3093/1643
f 2254/4395/2267 2211/4278/2224 2036/4173/2048
f 2035/4396/2047 2255/4397/2268 2113/4172/2125
f 2211/4278/2224 2212/4398/2225 2114/4174/2126
f 1987/4280/1999 2212/4279/2225 2160/4281/2172
f 2039/3909/2051 2255/4399/2268 2035/3993/2047
f 2039/3909/2051 2256/4400/2269 2255/4399/2268
f 2213/4284/2226 2257/4401/2270 2036/3902/2048
f 2213/4284/2226 2161/4285/2173 2257/4401/2270
f 2215/4288/2228 2258/4402/2271 2161/4179/2173
f 2215/4403/2228 2216/4404/2229 2258/4405/2271
f 2215/4403/2228 2164/4406/2176 2216/4404/2229
f 2165/4184/2177 1948/4296/1960 2259/4407/2272
f 1870/3540/1880 2167/4187/2179 2260/4408/2273
f 1957/3722/1969 1988/3923/2000 2083/4004/2095
f 1948/3707/1960 2169/4191/2181 2261/4409/2274
f 1111/1989/1111 2262/4410/2275 2084/4006/2096
f 2085/4077/2097 2046/4076/2058 2263/4411/2276
f 2264/4412/2277 2265/4413/2278 2266/4414/2279
f 1989/3799/2001 2116/4073/2128 1960/3928/1972
f 2046/4076/2058 2264/4412/2277 2263/4411/2276
f 1989/3799/2001 1960/3928/1972 2117/4078/2129
f 2265/4413/2278 2267/4415/2280 2268/4416/2281
f 2046/4076/2058 2048/4417/2060 2264/4412/2277
f 2121/4097/2133 2087/4010/2099 1990/4418/2002
f 2222/4307/2235 2221/4306/2234 2171/4308/2183
f 1991/3933/2003 2122/4098/2134 2048/3931/2060
f 1881/4419/1892 2226/4420/2239 2225/4421/2238
f 1962/4422/1974 2269/4423/2282 2270/4424/2283
f 1962/3739/1974 1920/3651/1932 2269/4425/2282
f 1616/3054/1625 2124/4101/2136 1693/3203/1702
f 1920/3651/1932 1964/3742/1976 2269/4425/2282
f 1963/4015/1975 2271/4426/2284 2089/4019/2101
f 2089/4019/2101 2271/4426/2284 2088/4017/2100
f 1926/3659/1938 2000/3832/2012 2272/4427/2285
f 2177/4203/2189 2228/4331/2241 2176/4201/2188
f 1969/3756/1981 2273/4428/2286 2232/4336/2245
f 2056/3958/2068 2274/4429/2287 2133/4120/2145
f 2186/4226/2198 2275/4430/2288 2187/4227/2199
f 2184/4431/2196 2185/4432/2197 2275/4430/2288
f 2185/4432/2197 2187/4227/2199 2275/4430/2288
f 2185/4225/2197 2236/4347/2249 2187/4433/2199
f 1806/3418/1815 2276/4434/2289 2063/3965/2075
f 2135/4123/2147 2277/4435/2290 2136/4234/2148
f 2135/4123/2147 2278/4436/2291 2277/4435/2290
f 2024/4250/2036 2279/4437/2292 2196/4249/2208
f 1894/3587/1905 1676/3176/1685 2024/3878/2036
f 2024/3878/2036 1676/3176/1685 2279/4438/2292
f 1853/3513/1863 2280/4439/2293 2201/4258/2213
f 1501/2788/1510 2281/4440/2294 1779/3366/1788
f 2144/4147/2156 2281/4440/2294 1501/2788/1510
f 1853/3513/1863 2069/4441/2081 2280/4439/2293
f 1811/3590/1820 2282/4442/2295 1976/3765/1988
f 1976/3765/1988 1599/3009/1608 1781/3370/1790
f 1782/3371/1791 1783/3372/1792 2283/4443/2296
f 1897/4375/1908 2284/4444/2297 2245/4373/2258
f 2203/4261/2215 2104/4047/2116 2247/4376/2260
f 2284/4444/2297 2285/4445/2298 2245/4373/2258
f 2245/4373/2258 2285/4445/2298 2070/4377/2082
f 2070/4377/2082 2286/4446/2299 2071/4447/2083
f 2070/4377/2082 2285/4445/2298 2286/4446/2299
f 2071/3977/2083 2287/4448/2300 2105/4048/2117
f 2105/4048/2117 2287/4448/2300 2248/4382/2261
f 1857/3519/1867 2288/4449/2301 2289/4450/2302
f 1857/3519/1867 1743/3298/1752 2288/4449/2301
f 1936/4162/1948 2249/4386/2262 2031/4051/2043
f 2250/4390/2263 2290/4451/2303 2108/4053/2120
f 2076/3982/2088 2291/4452/2304 2154/4166/2166
f 1862/3526/1872 1940/3893/1952 2156/4168/2168
f 1899/3602/1910 2252/4393/2265 2110/4058/2122
f 1941/3686/1953 2292/4453/2305 1940/3684/1952
f 2111/4059/2123 2293/4454/2306 1983/3777/1995
f 1983/3777/1995 2293/4454/2306 2294/4455/2307
f 2077/3985/2089 2295/4456/2308 2158/4170/2170
f 1983/3777/1995 2294/4455/2307 2159/4171/2171
f 2112/4063/2124 2296/4457/2309 2077/3985/2089
f 2112/4063/2124 2297/4458/2310 2296/4457/2309
f 2112/4063/2124 2113/4172/2125 2297/4458/2310
f 2254/4395/2267 2298/4459/2311 2299/4460/2312
f 2254/4395/2267 2299/4460/2312 2211/4278/2224
f 2211/4278/2224 2300/4461/2313 2212/4398/2225
f 2212/4279/2225 2300/4462/2313 2160/4281/2172
f 2300/4463/2313 2080/4464/2092 2160/4465/2172
f 2039/3909/2051 2041/3912/2053 2256/4400/2269
f 2041/3912/2053 2163/4181/2175 2256/4400/2269
f 2216/4404/2229 2040/3911/2052 2301/4466/2314
f 2161/4285/2173 2258/4467/2271 2257/4401/2270
f 2216/4404/2229 2301/4466/2314 2257/4468/2270
f 2258/4405/2271 2216/4404/2229 2257/4468/2270
f 2214/4287/2227 2302/4469/2315 1869/3539/1879
f 2083/4470/2095 2303/4471/2316 2166/4472/2178
f 1870/3540/1880 2260/4408/2273 2217/4300/2230
f 2082/4002/2094 2304/4473/2317 2170/4193/2182
f 1869/3539/1879 2305/4474/2318 2116/4073/2128
f 2169/4191/2181 2266/4414/2279 2261/4409/2274
f 2266/4414/2279 2306/4475/2319 2261/4409/2274
f 2169/4191/2181 2085/4077/2097 2263/4411/2276
f 2169/4191/2181 2263/4411/2276 2264/4412/2277
f 2306/4475/2319 2266/4414/2279 2265/4413/2278
f 2266/4414/2279 2169/4191/2181 2264/4412/2277
f 2306/4475/2319 2265/4413/2278 2268/4416/2281
f 2218/4301/2231 2220/4303/2233 2086/4008/2098
f 2264/4412/2277 2267/4415/2280 2265/4413/2278
f 1111/1989/1111 2120/4087/2132 2307/4476/2320
f 2308/4477/2321 2219/4302/2232 1990/4082/2002
f 2309/4478/2322 2267/4415/2280 2264/4412/2277
f 2310/4479/2323 2118/4083/2130 1960/3733/1972
f 2311/4480/2324 1764/3329/1773 1834/3485/1843
f 2223/4317/2236 2122/4098/2134 1917/3644/1929
f 1795/3401/1804 2123/4100/2135 1996/3826/2008
f 2312/4481/2325 1963/4015/1975 1996/4014/2008
f 1964/4482/1976 2088/4483/2100 2269/4484/2282
f 2312/4481/2325 2271/4426/2284 1963/4015/1975
f 2313/4485/2326 1924/3656/1936 2091/4023/2103
f 2091/4023/2103 1838/3489/1847 2314/4486/2327
f 2314/4486/2327 1769/3349/1778 2174/4199/2186
f 2174/4199/2186 1926/3659/1938 2272/4427/2285
f 2000/3832/2012 2227/4487/2240 2272/4427/2285
f 2053/3945/2065 2176/4201/2188 2315/4488/2328
f 2229/4489/2242 2178/4334/2190 2231/4335/2244
f 2231/4490/2244 2015/4491/2027 2016/4492/2028
f 2016/3863/2028 2131/4117/2143 2232/4336/2245
f 2179/4337/2191 1844/3496/1854 2055/3957/2067
f 2273/4493/2286 1969/4494/1981 2018/4495/2030
f 1970/4496/1982 2020/4497/2032 2233/4498/2246
f 2182/4220/2194 1847/3501/1857 2133/4120/2145
f 2316/4499/2329 2058/3960/2070 2317/4500/2330
f 2058/3960/2070 2134/4121/2146 2317/4500/2330
f 2317/4500/2330 2134/4121/2146 2182/4339/2194
f 2276/4434/2289 1806/3418/1815 1892/3582/1903
f 2318/4501/2331 2241/4502/2254 1973/4503/1985
f 2196/4504/2208 2318/4501/2331 1973/4503/1985
f 2239/4505/2252 2241/4506/2254 2318/4507/2331
f 2319/4508/2332 1704/3507/1713 1346/2455/1350
f 2319/4509/2332 2141/4140/2153 1704/3967/1713
f 2320/4510/2333 1776/3363/1785 2026/4141/2038
f 2198/4511/2210 2142/4142/2154 1596/3005/1605
f 2199/4255/2211 1777/3364/1786 2065/3970/2077
f 2145/4148/2157 1780/3368/1789 1975/3764/1987
f 1974/3763/1986 2282/4512/2295 1811/3424/1820
f 1568/2944/1577 1782/3371/1791 2283/4443/2296
f 2284/4444/2297 1897/4375/1908 2151/4513/2163
f 2103/4046/2115 2244/4372/2257 1631/3085/1640
f 2321/4514/2334 1630/3187/1639 2244/4372/2257
f 2071/4447/2083 2286/4446/2299 2287/4515/2300
f 2322/4516/2335 2029/4517/2041 1979/4518/1991
f 2289/4450/2302 1979/3771/1991 1857/3519/1867
f 2205/4519/2218 2249/771/2262 2204/4520/2217
f 2250/4390/2263 2206/4268/2219 2323/4521/2336
f 2324/4522/2337 2209/4523/2222 1980/4524/1992
f 1858/4271/1868 2208/4272/2221 2207/4270/2220
f 2109/4056/2121 2251/4391/2264 1981/3775/1993
f 2155/4167/2167 1250/2276/1250 1717/3257/1726
f 2076/3982/2088 2156/4168/2168 2291/4452/2304
f 2253/4525/2266 2325/4526/2338 2111/4527/2123
f 2326/4528/2339 2111/4059/2123 2325/4529/2338
f 2292/4530/2305 2158/4170/2170 2295/4456/2308
f 2292/4530/2305 1941/3986/1953 2158/4170/2170
f 2297/4458/2310 2113/4172/2125 2327/4531/2340
f 2298/4532/2311 2254/4533/2267 2328/4534/2341
f 2327/4531/2340 2113/4172/2125 2255/4397/2268
f 2254/4533/2267 2036/4535/2048 2328/4534/2341
f 2036/3902/2048 2257/4401/2270 2328/4536/2341
f 2162/4180/2174 2301/4466/2314 2040/3911/2052
f 2256/4400/2269 2163/4181/2175 2329/4537/2342
f 2163/4538/2175 2165/4539/2177 2259/4540/2272
f 2330/4541/2343 2166/4472/2178 2303/4471/2316
f 2330/4542/2343 2304/4473/2317 2166/4543/2178
f 2167/4187/2179 2168/4189/2180 2331/4544/2344
f 2304/4473/2317 2082/4002/2094 2166/4543/2178
f 2259/4407/2272 1948/4296/1960 2261/4545/2274
f 2331/4544/2344 2168/4189/2180 2084/4190/2096
f 2305/4474/2318 2332/4546/2345 2116/4073/2128
f 2170/4547/2182 2333/4548/2346 2218/4549/2231
f 2333/4548/2346 2220/4550/2233 2218/4549/2231
f 2334/4551/2347 2221/4306/2234 2220/4550/2233
f 2335/4552/2348 2267/4415/2280 2221/4306/2234
f 2335/4552/2348 2221/4306/2234 2334/4551/2347
f 2268/4416/2281 2267/4415/2280 2335/4552/2348
f 2264/4412/2277 2048/4417/2060 2309/4478/2322
f 2310/4479/2323 2336/4553/2349 2118/4083/2130
f 2309/4478/2322 2337/4554/2350 2267/4415/2280
f 2120/4555/2132 2118/4556/2130 2307/4557/2320
f 2267/4415/2280 2337/4554/2350 2221/4306/2234
f 1764/3329/1773 2311/4480/2324 1916/3643/1928
f 2221/4306/2234 2337/4554/2350 2171/4308/2183
f 2048/4417/2060 2337/4554/2350 2309/4478/2322
f 2337/4554/2350 2223/4558/2236 2171/4308/2183
f 2087/4010/2099 1796/3402/1805 2225/4319/2238
f 2223/4317/2236 2337/4559/2350 2122/4098/2134
f 2048/3931/2060 2122/4098/2134 2337/4559/2350
f 1727/4322/1736 2172/4321/2184 2338/4560/2351
f 2226/4320/2239 1693/3203/1702 2339/4561/2352
f 2338/4562/2351 2340/4563/2353 1727/4564/1736
f 1962/3739/1974 2270/4565/2283 2172/4196/2184
f 1924/3656/1936 2313/4485/2326 2090/4022/2102
f 1619/3060/1628 1837/3747/1846 1449/2672/1455
f 1885/3565/1896 2341/4566/2354 2092/4025/2104
f 1838/3489/1847 1769/3349/1778 2314/4486/2327
f 2126/4567/2138 2342/4568/2355 2175/4324/2187
f 2176/4201/2188 2228/4331/2241 2315/4488/2328
f 2343/4569/2356 2228/4570/2241 2054/3956/2066
f 2344/4571/2357 2343/4569/2356 2230/4333/2243
f 2343/4569/2356 2054/3956/2066 2230/4333/2243
f 2231/4490/2244 2016/4492/2028 2345/4572/2358
f 2346/4573/2359 2016/3863/2028 2232/4336/2245
f 2014/3860/2026 2347/4574/2360 2055/4116/2067
f 2055/3957/2067 2347/4575/2360 2179/4337/2191
f 2347/4575/2360 2348/4576/2361 2179/4337/2191
f 2349/4577/2362 2018/4118/2030 2096/4029/2108
f 2096/4029/2108 2233/4338/2246 2350/4578/2363
f 2132/4579/2144 2351/4580/2364 2019/4581/2031
f 2351/4582/2364 2056/3958/2068 2019/3869/2031
f 2020/4218/2032 2181/4219/2193 2352/4583/2365
f 2058/3960/2070 2316/4499/2329 2353/4584/2366
f 2353/4585/2366 2097/4586/2109 2058/4587/2070
f 2097/4224/2109 2353/4588/2366 2234/4340/2247
f 2184/4431/2196 2186/4226/2198 2354/4589/2367
f 2184/4431/2196 2275/4430/2288 2186/4226/2198
f 2234/4590/2247 2355/4591/2368 2235/4592/2248
f 2235/4592/2248 2356/4593/2369 2135/4594/2147
f 2235/4592/2248 2355/4591/2368 2356/4593/2369
f 2277/4435/2290 2357/4595/2370 2136/4234/2148
f 2063/4596/2075 2240/4361/2253 1849/4363/1859
f 2140/4139/2152 2358/4597/2371 1972/3760/1984
f 2319/4508/2332 1346/2455/1350 1972/3760/1984
f 2279/4438/2292 1676/3176/1685 2359/4598/2372
f 1778/3365/1787 2142/4142/2154 2200/4256/2212
f 2066/3971/2078 2360/4599/2373 2065/3970/2077
f 1975/3764/1987 1854/3514/1864 2147/4151/2159
f 2145/4600/2157 2361/4601/2374 1710/3515/1719
f 2148/4153/2160 2027/4368/2039 2243/4602/2256
f 2362/4603/2375 2363/4604/2376 2153/4161/2165
f 2153/4381/2165 2364/4605/2377 2362/4606/2375
f 2287/4515/2300 2286/4446/2299 2365/4607/2378
f 2287/4608/2300 2365/4609/2378 2248/4610/2261
f 2153/4381/2165 2072/3978/2084 2364/4605/2377
f 2286/4446/2299 2366/4611/2379 2365/4607/2378
f 2365/4607/2378 2366/4611/2379 1978/4612/1990
f 2286/4446/2299 2367/4613/2380 2366/4611/2379
f 2286/4446/2299 2285/4445/2298 2367/4613/2380
f 2029/4614/2041 2322/4615/2335 2072/4616/2084
f 1743/3298/1752 2107/4617/2119 2288/4449/2301
f 1743/4618/1752 1816/4264/1825 2107/4052/2119
f 2323/4521/2336 2206/4268/2219 2207/4270/2220
f 2108/4053/2120 2290/4451/2303 1980/4054/1992
f 2290/4451/2303 2324/4619/2337 1980/4054/1992
f 2207/4270/2220 2208/4272/2221 2323/4521/2336
f 2208/4272/2221 2073/3979/2085 2323/4521/2336
f 2323/4521/2336 2073/3979/2085 2251/4391/2264
f 2368/4620/2381 2109/4056/2121 1860/3524/1870
f 1785/3375/1794 2074/3980/2086 1744/3299/1753
f 2074/3980/2086 2369/4621/2382 1898/3598/1909
f 2369/4621/2382 1861/3525/1871 1898/3598/1909
f 2210/4276/2223 2370/4622/2383 2075/3981/2087
f 2252/4393/2265 1863/4392/1873 2371/4623/2384
f 2296/4457/2309 2372/4624/2385 2077/3985/2089
f 2296/4457/2309 2297/4458/2310 2327/4531/2340
f 2298/4459/2311 2328/4625/2341 2299/4460/2312
f 2299/4460/2312 2373/4626/2386 2211/4278/2224
f 2373/4626/2386 2300/4461/2313 2211/4278/2224
f 2163/4538/2175 2259/4540/2272 2329/4627/2342
f 2303/4628/2316 2304/4629/2317 2330/4630/2343
f 1869/4631/1879 2302/4632/2315 2305/4633/2318
f 2083/4004/2095 1988/3923/2000 2374/4634/2387
f 2261/4409/2274 2306/4475/2319 2375/4635/2388
f 1988/3923/2000 1959/3801/1971 2376/4636/2389
f 2116/4073/2128 2332/4546/2345 1960/3928/1972
f 2376/4636/2389 1959/3801/1971 2219/4637/2232
f 2333/4548/2346 2334/4551/2347 2220/4550/2233
f 2268/4416/2281 2335/4552/2348 2306/4475/2319
f 2307/4476/2320 2377/4638/2390 1111/1989/1111
f 1990/4418/2002 2087/4010/2099 2308/4639/2321
f 2307/4557/2320 2118/4556/2130 2378/4640/2391
f 2118/4641/2130 2336/4642/2349 2378/4643/2391
f 2123/4100/2135 2312/4644/2325 1996/3826/2008
f 1727/3277/1736 2340/4645/2353 1619/3060/1628
f 2312/4646/2325 2379/4647/2392 2271/4648/2284
f 2271/4426/2284 2379/4649/2392 2088/4017/2100
f 2342/4650/2355 2380/4651/2393 2381/4652/2394
f 2227/4325/2240 2053/4327/2065 2315/4653/2328
f 2049/3943/2061 2382/4654/2395 2009/3853/2021
f 2228/4570/2241 2343/4569/2356 2315/4653/2328
f 2230/4333/2243 2383/4655/2396 2384/4656/2397
f 2230/4333/2243 2384/4656/2397 2344/4571/2357
f 2229/4489/2242 2231/4335/2244 2230/4657/2243
f 2230/4333/2243 2231/4658/2244 2383/4655/2396
f 2016/4659/2028 2346/4660/2359 2345/4661/2358
f 2096/4029/2108 2350/4578/2363 2349/4577/2362
f 2351/4582/2364 2385/4662/2398 2056/3958/2068
f 2056/3958/2068 2385/4662/2398 2274/4429/2287
f 2133/4663/2145 2317/4500/2330 2182/4339/2194
f 1891/3581/1902 2386/4664/2399 2181/4219/2193
f 2353/4665/2366 2387/4666/2400 2234/4667/2247
f 2186/4668/2198 2189/4669/2201 2388/4670/2401
f 2189/4669/2201 2389/4671/2402 2390/4672/2403
f 2136/4125/2148 2357/4673/2370 1892/3582/1903
f 2277/4435/2290 2278/4436/2291 2391/4674/2404
f 2277/4435/2290 2391/4674/2404 2357/4595/2370
f 2391/4674/2404 2392/4675/2405 2357/4595/2370
f 2393/4676/2406 2392/4677/2405 2391/4678/2404
f 2393/4679/2406 2391/4680/2404 2394/4681/2407
f 2189/4682/2201 2239/4505/2252 2395/4683/2408
f 2239/4505/2252 2318/4507/2331 2395/4683/2408
f 1972/3760/1984 2358/4597/2371 2319/4508/2332
f 2319/4684/2332 2396/4685/2409 2141/4686/2153
f 2141/4140/2153 2396/4687/2409 2197/4251/2209
f 2065/3970/2077 2397/4688/2410 2199/4255/2211
f 2069/4441/2081 2242/4689/2255 2280/4439/2293
f 1783/3372/1792 2398/4690/2411 2283/4443/2296
f 2399/4691/2412 2400/4692/2413 2151/4158/2163
f 2151/4513/2163 2400/4693/2413 2284/4444/2297
f 2104/4047/2116 2401/4694/2414 2247/4376/2260
f 2104/4380/2116 2153/4161/2165 2363/4604/2376
f 2248/4610/2261 2365/4609/2378 2402/4695/2415
f 2248/4696/2261 2402/4697/2415 2448/4698/2216
f 2448/4698/2216 2402/4697/2415 1978/4612/1990
f 2365/4607/2378 1978/4612/1990 2402/4697/2415
f 1978/4699/1990 2366/4700/2379 2403/4701/2416
f 2403/4702/2416 1936/3679/1948 1978/3770/1990
f 2324/4619/2337 2404/4703/2417 2209/4704/2222
f 2251/4391/2264 2404/4703/2417 2290/4451/2303
f 2404/4703/2417 2251/4391/2264 2405/4705/2418
f 2209/4706/2222 2406/4707/2419 1785/3375/1794
f 2075/3981/2087 2370/4622/2383 1982/4277/1994
f 2077/3985/2089 2372/4624/2385 2295/4456/2308
f 2299/4460/2312 2407/4708/2420 2373/4626/2386
f 2327/4709/2340 2255/4710/2268 2408/4711/2421
f 2255/4710/2268 2256/4712/2269 2408/4711/2421
f 2300/4713/2313 2409/4714/2422 2080/4715/2092
f 2256/4716/2269 2410/4717/2423 2408/4718/2421
f 2080/4286/2092 2409/4719/2422 2162/4180/2174
f 2257/4401/2270 2411/4720/2424 2328/4536/2341
f 2257/4401/2270 2412/4721/2425 2411/4720/2424
f 2301/4466/2314 2162/4180/2174 2413/4722/2426
f 2257/4468/2270 2301/4466/2314 2412/4723/2425
f 2260/4408/2273 2167/4187/2179 2414/4724/2427
f 2303/4471/2316 2083/4470/2095 2415/4725/2428
f 2084/4190/2096 2416/4726/2429 2331/4544/2344
f 2259/4407/2272 2261/4545/2274 2417/4727/2430
f 2084/4190/2096 2262/4728/2275 2416/4726/2429
f 1988/3923/2000 2376/4636/2389 2374/4634/2387
f 2170/4193/2182 2418/4729/2431 2333/4730/2346
f 2262/4410/2275 1111/1989/1111 2419/4731/2432
f 2375/4635/2388 2306/4475/2319 2420/4732/2433
f 2306/4475/2319 2335/4552/2348 2420/4732/2433
f 2332/4546/2345 2421/4733/2434 1960/3928/1972
f 2420/4732/2433 2334/4551/2347 2333/4548/2346
f 2420/4732/2433 2335/4552/2348 2334/4551/2347
f 1960/3733/1972 2421/4734/2434 2310/4479/2323
f 1111/1989/1111 2377/4638/2390 2422/4735/2435
f 2377/4736/2390 2336/4737/2349 2422/4738/2435
f 2336/4739/2349 2423/4740/2436 2422/4741/2435
f 2310/4742/2323 2424/4743/2437 2336/3808/2349
f 2377/4744/2390 2307/4745/2320 2378/1703/2391
f 2377/4744/2390 2378/1703/2391 2336/4746/2349
f 1916/3643/1928 2311/4480/2324 2224/4318/2237
f 2123/4100/2135 2224/4318/2237 2379/4747/2392
f 1693/3203/1702 2124/4101/2136 2339/4561/2352
f 2123/4748/2135 2379/4647/2392 2312/4646/2325
f 2088/4749/2100 2425/4750/2438 2269/4751/2282
f 2379/4649/2392 2425/4752/2438 2088/4017/2100
f 2052/4198/2064 2426/4753/2439 2126/4754/2138
f 1966/4755/1978 2427/4756/2440 2049/3943/2061
f 2342/4568/2355 2381/4757/2394 2428/4758/2441
f 2381/4757/2394 2429/4759/2442 2428/4758/2441
f 2381/4652/2394 2380/4651/2393 2429/4760/2442
f 2380/4651/2393 2430/4761/2443 2429/4760/2442
f 2427/4756/2440 2382/4654/2395 2049/3943/2061
f 2227/4325/2240 2315/4653/2328 2344/4571/2357
f 2315/4653/2328 2343/4569/2356 2344/4571/2357
f 2011/3855/2023 2431/4762/2444 2014/3860/2026
f 2346/4573/2359 2232/4336/2245 2432/4763/2445
f 2433/4764/2446 2347/4574/2360 2014/3860/2026
f 2273/4493/2286 2018/4495/2030 2434/4765/2447
f 2348/4766/2361 2017/4213/2029 2179/4212/2191
f 2352/4767/2365 2233/4498/2246 2020/4497/2032
f 2387/4666/2400 2435/4768/2448 2234/4667/2247
f 2387/4769/2400 2436/4770/2449 2435/4771/2448
f 2234/4667/2247 2435/4768/2448 2355/4772/2368
f 2437/4773/2450 2435/4771/2448 2436/4770/2449
f 2355/4772/2368 2435/4768/2448 2437/4774/2450
f 2388/4670/2401 2189/4669/2201 2390/4672/2403
f 1892/3582/1903 2357/4673/2370 2438/4775/2451
f 2389/4776/2402 2189/4777/2201 2395/4778/2408
f 2439/4779/2452 2318/4501/2331 2196/4504/2208
f 2440/4780/2453 2320/4510/2333 2026/4141/2038
f 2441/4781/2454 2025/3879/2037 1736/3762/1745
f 2440/4780/2453 2026/4141/2038 2199/4365/2211
f 1736/3288/1745 1776/3363/1785 2320/4510/2333
f 2442/4782/2455 1895/4783/1906 1779/4784/1788
f 2443/4785/2456 2146/4149/2158 1568/4259/1577
f 2361/4601/2374 2202/4260/2214 1710/3515/1719
f 2150/4156/2162 1599/3009/1608 1976/3765/1988
f 1783/3372/1792 1630/3082/1639 2398/4690/2411
f 2444/963/2457 2243/4370/2256 2028/4369/2040
f 2445/4786/2458 2028/3885/2040 1812/3884/1821
f 2401/4787/2414 2104/4788/2116 2363/4789/2376
f 2363/4604/2376 2362/4603/2375 2446/4790/2459
f 2446/4791/2459 2362/4606/2375 2364/4605/2377
f 2447/4792/2460 2448/4793/2461 2449/4794/2462
f 2450/4795/2463 2449/4794/2462 2448/4793/2461
f 2366/4700/2379 2451/4796/2464 2403/4701/2416
f 2403/4797/2416 2451/4798/2464 1936/4799/1948
f 2449/4800/2462 1936/4801/1948 2452/871/2465
f 2452/4802/2465 1936/4803/1948 2451/4804/2464
f 2366/4700/2379 2367/4805/2380 2451/4796/2464
f 2322/4516/2335 1979/4518/1991 2289/4806/2302
f 2250/4390/2263 2323/4521/2336 2290/4451/2303
f 2323/4521/2336 2251/4391/2264 2290/4451/2303
f 2290/4451/2303 2404/4703/2417 2324/4619/2337
f 2109/4056/2121 2405/4705/2418 2251/4391/2264
f 2370/4622/2383 2210/4276/2223 2154/4166/2166
f 1982/4277/1994 2370/4622/2383 2453/4807/2466
f 2291/4452/2304 2156/4168/2168 2454/4808/2467
f 1717/3257/1726 1821/3442/1830 2455/4809/2468
f 1821/3442/1830 2110/4810/2122 2456/4811/2469
f 2110/4058/2122 2252/4393/2265 2457/4812/2470
f 2458/4813/2471 2457/4812/2470 2252/4393/2265
f 2292/4530/2305 2295/4456/2308 2459/4814/2472
f 2293/4454/2306 2460/4815/2473 2294/4455/2307
f 2459/4814/2472 2295/4456/2308 2372/4624/2385
f 2460/4815/2473 2159/4171/2171 2294/4455/2307
f 2372/4624/2385 2296/4457/2309 2327/4531/2340
f 2461/4816/2474 2299/4460/2312 2328/4625/2341
f 2461/4816/2474 2407/4708/2420 2299/4460/2312
f 2373/4817/2386 2409/4818/2422 2300/4819/2313
f 2373/4817/2386 2162/4820/2174 2409/4818/2422
f 2167/4187/2179 2331/4544/2344 2414/4724/2427
f 2304/4473/2317 2418/4729/2431 2170/4193/2182
f 2261/4409/2274 2375/4635/2388 2417/4821/2430
f 2332/4546/2345 2305/4474/2318 2302/4469/2315
f 2462/4822/2475 1878/4192/1889 2217/4300/2230
f 2416/4823/2429 2262/4410/2275 2419/4731/2432
f 2419/4731/2432 1111/1989/1111 2463/4824/2476
f 1111/1989/1111 2422/4735/2435 2463/4824/2476
f 2464/4825/2477 2311/4826/2324 1834/4827/1843
f 2422/4741/2435 2423/4740/2436 2465/4828/2478
f 2310/4829/2323 2422/4830/2435 2465/4831/2478
f 2466/4832/2479 2423/4833/2436 2336/4834/2349
f 2424/4835/2437 2466/4832/2479 2336/4834/2349
f 2308/4639/2321 2087/4010/2099 2225/4319/2238
f 2467/4836/2480 2468/4837/2481 2469/1257/2482
f 2470/4838/2483 2469/4839/2482 2468/4840/2481
f 2471/4841/2484 2472/4842/2485 2269/4423/2282
f 2472/4842/2485 2270/4424/2283 2269/4423/2282
f 2471/4843/2484 2269/4844/2282 2425/4845/2438
f 2124/4101/2136 2090/4022/2102 2473/4846/2486
f 2341/4566/2354 2474/4847/2487 2092/4025/2104
f 2474/4847/2487 2173/4197/2185 2092/4025/2104
f 2427/4756/2440 1966/4755/1978 2125/4848/2137
f 2174/4199/2186 2272/4427/2285 2475/4849/2488
f 2428/4850/2441 2429/4851/2442 2430/4852/2443
f 2476/4853/2489 2384/4854/2397 2383/4855/2396
f 2477/4856/2490 2011/3855/2023 2010/3854/2022
f 2478/4857/2491 2345/4572/2358 2479/4858/2492
f 2479/4858/2492 2345/4572/2358 2346/4859/2359
f 2434/4765/2447 2018/4495/2030 2349/4860/2362
f 2274/4861/2287 2317/4500/2330 2133/4663/2145
f 2317/4862/2330 2480/4863/2493 2316/4864/2329
f 2480/4863/2493 2353/4865/2366 2316/4864/2329
f 2386/4664/2399 1891/3581/1902 2183/4222/2195
f 2183/4222/2195 2184/4223/2196 2481/4866/2494
f 2481/4867/2494 2184/4868/2196 2354/4869/2367
f 2482/4870/2495 2436/4871/2449 2387/4872/2400
f 2355/4772/2368 2437/4774/2450 2356/4873/2369
f 2356/4874/2369 2278/4875/2291 2135/4876/2147
f 2390/4672/2403 2389/4671/2402 2483/4877/2496
f 2389/4776/2402 2395/4778/2408 2483/4878/2496
f 2394/4879/2407 2484/4880/2497 2393/4881/2406
f 2240/4882/2253 2485/4883/2498 2140/4139/2152
f 2485/4883/2498 2358/4597/2371 2140/4139/2152
f 2196/4249/2208 2279/4437/2292 2486/4884/2499
f 2359/4598/2372 2487/4885/2500 2279/4438/2292
f 2396/4687/2409 2198/4511/2210 2197/4251/2209
f 2025/3879/2037 2441/4781/2454 2064/4886/2076
f 2281/4440/2294 2442/4887/2455 1779/3366/1788
f 1895/3589/1906 2442/4887/2455 2242/4367/2255
f 2398/4690/2411 1630/3082/1639 2321/4888/2334
f 2103/4046/2115 2488/4889/2501 2244/4372/2257
f 2244/4372/2257 2488/4889/2501 2321/4514/2334
f 2448/4890/2461 2447/4891/2460 2489/4892/2502
f 2447/4891/2460 2490/4893/2503 2489/4892/2502
f 2489/4894/2502 2450/4895/2463 2448/4896/2461
f 2449/4897/2462 2490/4893/2503 2447/4891/2460
f 2491/4898/2504 2449/4899/2462 2452/4900/2465
f 2452/4901/2465 2451/4902/2464 2491/4903/2504
f 2449/4800/2462 2492/4904/2505 1936/4801/1948
f 2451/4905/2464 2367/4906/2380 2493/4907/2506
f 1936/4801/1948 2492/4904/2505 2249/4908/2262
f 2107/4052/2119 2204/4265/2217 2288/4909/2301
f 2285/4445/2298 2494/4910/2507 2367/4613/2380
f 2154/4166/2166 2291/4452/2304 2370/4622/2383
f 1863/3983/1873 1982/3776/1994 2495/4911/2508
f 2253/4394/2266 2496/4912/2509 2325/4529/2338
f 2111/4059/2123 2326/4528/2339 2293/4454/2306
f 2460/4815/2473 2497/4913/2510 2159/4171/2171
f 2498/4914/2511 2328/4915/2341 2499/4916/2512
f 2498/4917/2511 2499/4918/2512 2461/4919/2474
f 2498/4920/2511 2461/4921/2474 2328/4922/2341
f 2327/4923/2340 2408/4924/2421 2410/4925/2423
f 2407/4926/2420 2162/4820/2174 2373/4817/2386
f 2410/4927/2423 2256/4928/2269 2500/4929/2513
f 2411/4720/2424 2412/4721/2425 2501/4930/2514
f 2500/4931/2513 2256/4400/2269 2502/4932/2515
f 2256/4400/2269 2329/4537/2342 2502/4932/2515
f 2214/4287/2227 2503/4933/2516 2302/4469/2315
f 2329/4627/2342 2259/4540/2272 2504/4934/2517
f 2504/4934/2517 2259/4540/2272 2417/4821/2430
f 2303/4471/2316 2415/4725/2428 2505/4935/2518
f 2505/4936/2518 2304/4473/2317 2303/4937/2316
f 2415/4938/2428 2083/4004/2095 2506/4939/2519
f 2260/4408/2273 2414/4724/2427 2507/4940/2520
f 2331/4544/2344 2508/4941/2521 2414/4724/2427
f 2260/4408/2273 2507/4940/2520 2217/4300/2230
f 2416/4726/2429 2509/4942/2522 2331/4544/2344
f 2510/4943/2523 2417/4821/2430 2375/4635/2388
f 2511/4944/2524 2464/4945/2477 1878/3553/1889
f 2422/4830/2525 2512/4946/2526 2310/4829/2527
f 1878/3553/1889 2464/4945/2477 1834/3485/1843
f 2464/4825/2477 2513/4947/2528 2311/4826/2324
f 2465/4948/2478 2423/4949/2436 2514/4950/2529
f 2310/4742/2323 2514/4951/2529 2424/4743/2437
f 2465/4948/2478 2514/4950/2529 2310/4952/2323
f 2423/4833/2436 2466/4832/2479 2514/4953/2529
f 2514/4953/2529 2466/4832/2479 2424/4835/2437
f 2468/4954/2481 2467/4955/2480 2515/4956/2530
f 2515/4957/2530 2516/4958/2531 2468/4840/2481
f 2516/4958/2531 2470/4838/2483 2468/4840/2481
f 2469/4959/2482 2470/4960/2483 2517/4961/2532
f 2340/4962/2353 2517/4961/2532 2470/4960/2483
f 2340/4963/2353 2338/2641/2351 2517/4964/2532
f 2338/4560/2351 2172/4321/2184 2518/4965/2533
f 2518/4966/2533 2172/4196/2184 2270/4565/2283
f 2518/4966/2533 2270/4565/2283 2472/4967/2485
f 2519/4968/2534 2520/4969/2535 2379/4649/2392
f 2520/4969/2535 2425/4752/2438 2379/4649/2392
f 1837/3747/1846 2521/4970/2536 1885/3565/1896
f 2125/4971/2137 1925/3658/1937 2522/4972/2537
f 2126/4754/2138 2523/4973/2538 2342/4650/2355
f 2523/4973/2538 2380/4651/2393 2342/4650/2355
f 2175/4324/2187 2342/4568/2355 2524/4974/2539
f 2380/4651/2393 2523/4973/2538 2430/4761/2443
f 2430/4852/2443 2525/4975/2540 2428/4850/2441
f 2526/4976/2541 2430/4977/2443 2527/4353/2542
f 2342/4568/2355 2428/4758/2441 2524/4974/2539
f 2525/4975/2540 2528/4978/2543 2428/4850/2441
f 2529/4979/2544 2382/4654/2395 2427/4756/2440
f 2227/4487/2240 2344/4980/2357 2530/4981/2545
f 2530/4981/2545 2344/4980/2357 2531/4982/2546
f 2382/4654/2395 2532/4983/2547 2009/3853/2021
f 2531/4982/2546 2344/4980/2357 2384/4854/2397
f 2384/4854/2397 2476/4853/2489 2531/4982/2546
f 2383/4855/2396 2231/4984/2244 2476/4853/2489
f 2231/4490/2244 2533/4985/2548 2534/4986/2549
f 2477/4856/2490 2431/4762/2444 2011/3855/2023
f 2431/4987/2444 2535/4988/2550 2014/1863/2026
f 2014/3860/2026 2535/4989/2550 2433/4764/2446
f 2479/4990/2492 2346/4991/2359 2536/4992/2551
f 2346/4991/2359 2432/4993/2445 2536/4992/2551
f 2232/4336/2245 2273/4428/2286 2536/4994/2551
f 2432/4995/2445 2232/4996/2245 2536/4997/2551
f 2537/4998/2552 2348/4999/2361 2347/5000/2360
f 2538/5001/2553 2017/4213/2029 2348/4766/2361
f 2538/5002/2553 2180/4215/2192 2017/3864/2029
f 2274/4861/2287 2385/5003/2398 2539/5004/2554
f 2539/5004/2554 2317/4500/2330 2274/4861/2287
f 2317/5005/2330 2540/5006/2555 2480/5007/2493
f 2186/4668/2198 2541/5008/2556 2354/5009/2367
f 2186/4668/2198 2388/4670/2401 2541/5008/2556
f 2437/5010/2450 2436/5011/2449 2482/5012/2495
f 2356/5013/2369 2482/5014/2495 2542/5015/2557
f 2437/5016/2450 2482/5017/2495 2356/5018/2369
f 2356/4874/2369 2543/5019/2558 2278/4875/2291
f 2391/4680/2404 2544/5020/2559 2394/4681/2407
f 2394/5021/2407 2544/5022/2559 2484/5023/2497
f 2318/4507/2331 2439/5024/2452 2545/5025/2560
f 2196/4504/2208 2486/5026/2499 2439/4779/2452
f 1676/3176/1685 1774/3361/1783 2359/4598/2372
f 2198/4511/2210 2546/5027/2561 2142/4142/2154
f 2066/4145/2078 2547/5028/2562 2360/5029/2373
f 2143/4144/2155 2547/5028/2562 2066/4145/2078
f 2068/3973/2080 2548/5030/2563 2102/4042/2114
f 2144/4147/2156 2549/5031/2564 2281/4440/2294
f 1568/4259/1577 2550/5032/2565 2443/4785/2456
f 2283/4443/2296 2398/4690/2411 2551/5033/2566
f 2150/4156/2162 2552/5034/2567 2103/4157/2115
f 2151/4158/2163 2553/5035/2568 2399/4691/2412
f 2103/4046/2115 2552/5036/2567 2488/4889/2501
f 2399/4691/2412 2553/5035/2568 2554/5037/2569
f 2399/4691/2412 2554/5037/2569 2400/4692/2413
f 2028/3885/2040 2445/4786/2458 2444/5038/2457
f 2247/5039/2260 2445/4786/2458 1812/3884/1821
f 2400/4692/2413 2555/5040/2570 2284/5041/2297
f 2555/5040/2570 2556/5042/2571 2284/5041/2297
f 2490/4834/2503 2449/5043/2462 2491/5044/2504
f 2451/4902/2464 2493/5045/2506 2491/4903/2504
f 2249/5046/2262 2492/5047/2505 2204/5048/2217
f 2367/4613/2380 2494/4910/2507 2557/5049/2572
f 2155/4167/2167 2558/5050/2573 1939/3683/1951
f 1821/3442/1830 2456/4811/2469 2455/4809/2468
f 2559/5051/2574 2253/4394/2266 2157/4169/2169
f 1863/4392/1873 2495/5052/2508 2371/4623/2384
f 2110/4058/2122 2457/4812/2470 2560/5053/2575
f 2457/4812/2470 2561/5054/2576 2560/5053/2575
f 1940/3684/1952 2292/4453/2305 2562/5055/2577
f 2292/4530/2305 2563/5056/2578 2562/5057/2577
f 2292/4530/2305 2459/4814/2472 2563/5056/2578
f 2460/4815/2473 2564/5058/2579 2497/4913/2510
f 2327/5059/2340 2565/5060/2580 2372/5061/2385
f 2328/4915/2341 2566/5062/2581 2499/4916/2512
f 2461/4919/2474 2499/4918/2512 2567/5063/2582
f 2328/4915/2341 2568/5064/2583 2566/5062/2581
f 2327/5059/2340 2410/5065/2423 2565/5060/2580
f 2328/5066/2341 2411/5067/2424 2568/5068/2583
f 2162/4180/2174 2569/5069/2584 2413/4722/2426
f 2159/4171/2171 2503/4933/2516 2214/4287/2227
f 2329/4627/2342 2504/4934/2517 2570/5070/2585
f 2304/4473/2317 2505/4936/2518 2571/5071/2586
f 2331/4544/2344 2572/5072/2587 2508/4941/2521
f 2509/4942/2522 2573/5073/2588 2331/4544/2344
f 2217/4300/2230 2507/4940/2520 2462/4822/2475
f 2332/4546/2345 2574/5074/2589 2421/4733/2434
f 2310/4479/2323 2463/5075/2476 2422/5076/2435
f 2421/4734/2434 2463/5075/2476 2310/4479/2323
f 2225/4421/2238 2226/4420/2239 2308/5077/2321
f 2226/4420/2239 2339/5078/2352 2575/5079/2590
f 2339/4561/2352 2124/4101/2136 2473/4846/2486
f 2313/4485/2326 2473/4846/2486 2090/4022/2102
f 2126/4754/2138 2576/5080/2591 2523/4973/2538
f 2175/4324/2187 2522/4972/2537 1925/3658/1937
f 2526/5081/2541 2577/5082/2592 2430/5083/2443
f 2526/5084/2541 2578/5085/2593 2577/5086/2592
f 2527/5087/2542 2578/5085/2593 2526/5084/2541
f 2428/4850/2441 2579/5088/2594 2524/5089/2539
f 2528/4978/2543 2579/5088/2594 2428/4850/2441
f 2227/4487/2240 2530/4981/2545 2580/5090/2595
f 2009/3853/2021 2532/4983/2547 2010/3854/2022
f 2533/4985/2548 2231/4490/2244 2345/4572/2358
f 2345/4572/2358 2478/4857/2491 2581/5091/2596
f 2345/4572/2358 2581/5091/2596 2533/4985/2548
f 2479/4858/2492 2582/5092/2597 2478/4857/2491
f 2479/4858/2492 2434/5093/2447 2582/5092/2597
f 2539/5094/2554 2583/5095/2598 2317/5005/2330
f 2317/1051/2330 2583/5096/2598 2540/5097/2555
f 2353/4588/2366 2584/5098/2599 2387/5099/2400
f 2584/5098/2599 2482/5100/2495 2387/5099/2400
f 2388/5101/2401 2585/5102/2600 2586/5103/2601
f 2586/5104/2601 2585/5105/2600 2483/4877/2496
f 2388/5101/2401 2390/5106/2403 2585/5102/2600
f 2585/5102/2600 2390/5106/2403 2483/5107/2496
f 2356/5108/2369 2542/5109/2557 2543/5110/2558
f 2278/4436/2291 2543/5110/2558 2391/4674/2404
f 2276/4434/2289 1892/3582/1903 2438/4775/2451
f 2393/4881/2406 2484/4880/2497 2392/5111/2405
f 2318/4507/2331 2545/5025/2560 2395/4683/2408
f 2240/4882/2253 2587/5112/2602 2485/4883/2498
f 2279/4437/2292 2487/5113/2500 2486/4884/2499
f 1736/3762/1745 2588/5114/2603 2441/4781/2454
f 2200/4256/2212 2142/4142/2154 2589/5115/2604
f 2144/4147/2156 2102/4146/2114 2549/5031/2564
f 2147/4154/2159 2590/5116/2605 1975/5117/1987
f 2282/4512/2295 1974/3763/1986 2146/4149/2158
f 1568/2944/1577 2283/4443/2296 2550/5118/2565
f 2398/5119/2411 2321/5120/2334 2551/5121/2566
f 2554/5037/2569 2555/5040/2570 2400/4692/2413
f 2445/4786/2458 2247/5039/2260 2591/5122/2606
f 2247/4376/2260 2401/4694/2414 2591/5123/2606
f 2592/5124/2607 2593/5125/2608 2594/5126/2609
f 2592/5124/2607 2595/5127/2610 2596/5128/2611
f 2594/5126/2609 2595/5127/2610 2592/5124/2607
f 2595/5129/2610 2489/5130/2502 2490/5131/2503
f 2450/4895/2463 2489/4894/2502 2597/5132/2612
f 2364/4605/2377 2598/5133/2613 2446/4791/2459
f 2072/3978/2084 2322/5134/2335 2364/4605/2377
f 2491/4903/2504 2493/5045/2506 2599/5135/2614
f 2284/5041/2297 2556/5042/2571 2285/5136/2298
f 2367/5137/2380 2557/5138/2572 2493/5045/2506
f 2405/4705/2418 2600/5139/2615 2404/4703/2417
f 2405/4705/2418 2601/5140/2616 2600/5139/2615
f 2404/4703/2417 2406/5141/2419 2209/4704/2222
f 1860/3682/1870 1939/3683/1951 2558/5050/2573
f 2369/4621/2382 2157/4169/2169 1861/3525/1871
f 2558/5050/2573 2155/4167/2167 2455/4809/2468
f 2155/4167/2167 1717/3257/1726 2455/4809/2468
f 2602/5142/2617 1982/4277/1994 2453/4807/2466
f 2371/4623/2384 2458/4813/2471 2252/4393/2265
f 2561/5143/2576 2457/5144/2470 2458/5145/2471
f 2156/4168/2168 1940/3893/1952 2562/5146/2577
f 2603/5147/2618 2562/5057/2577 2563/5056/2578
f 2293/4454/2306 2564/5058/2579 2460/4815/2473
f 2567/5063/2582 2499/4918/2512 2566/5148/2581
f 2604/5149/2619 2407/4708/2420 2461/4816/2474
f 2410/5065/2423 2500/5150/2513 2565/5060/2580
f 2569/5151/2584 2162/4820/2174 2407/4926/2420
f 2605/5152/2620 2301/4466/2314 2413/4722/2426
f 2329/4537/2342 2570/5153/2585 2502/4932/2515
f 2571/5071/2586 2418/4729/2431 2304/4473/2317
f 2506/4939/2519 2083/4004/2095 2374/4634/2387
f 2507/4940/2520 2414/4724/2427 2606/5154/2621
f 2508/4941/2521 2606/5154/2621 2414/4724/2427
f 2572/5072/2587 2331/4544/2344 2573/5073/2588
f 2607/5155/2622 2333/4730/2346 2418/4729/2431
f 2607/5156/2622 2420/4732/2433 2333/4548/2346
f 2420/4732/2433 2608/5157/2623 2375/4635/2388
f 2421/4734/2434 2609/5158/2624 2463/5075/2476
f 2308/5077/2321 2226/4420/2239 2575/5079/2590
f 2610/5159/2625 2611/5160/2626 2612/5161/2627
f 2610/5162/2625 2612/5163/2627 2516/645/2531
f 2610/5164/2625 2516/5165/2531 2515/5166/2530
f 2611/5160/2626 2516/4958/2531 2612/5161/2627
f 2611/5160/2626 2470/4838/2483 2516/4958/2531
f 2467/4955/2480 2469/5167/2482 2613/5168/2628
f 2469/5167/2482 2517/5169/2532 2613/5168/2628
f 2517/5169/2532 2338/5170/2351 2518/4966/2533
f 2614/5171/2629 1837/3747/1846 1619/3060/1628
f 2426/5172/2439 2576/5173/2591 2126/5174/2138
f 2314/4486/2327 2174/4199/2186 2475/4849/2488
f 2427/5175/2440 2125/4971/2137 2522/4972/2537
f 2522/4972/2537 2175/4324/2187 2524/4974/2539
f 2577/5086/2592 2528/4978/2543 2525/4975/2540
f 2430/5176/2443 2577/5177/2592 2525/5178/2540
f 2615/5179/2630 2527/5180/2542 2430/4761/2443
f 2615/5181/2630 2578/5085/2593 2527/5087/2542
f 2580/5090/2595 2272/4427/2285 2227/4487/2240
f 2532/4983/2547 2382/4654/2395 2529/4979/2544
f 2530/4981/2545 2531/4982/2546 2616/5182/2631
f 2531/4982/2546 2476/4853/2489 2616/5182/2631
f 2478/4857/2491 2617/5183/2632 2581/5091/2596
f 2533/5184/2548 2581/5185/2596 2617/5186/2632
f 2582/5092/2597 2618/5187/2633 2478/4857/2491
f 2479/4990/2492 2536/4992/2551 2434/2977/2447
f 2347/4574/2360 2433/4764/2446 2619/5188/2634
f 2273/5189/2286 2434/5190/2447 2536/5191/2551
f 2537/5192/2552 2538/5001/2553 2348/4766/2361
f 2620/5193/2635 2434/4765/2447 2349/4860/2362
f 2351/4582/2364 2621/5194/2636 2385/4662/2398
f 2622/5195/2637 2233/4498/2246 2352/4767/2365
f 2623/5196/2638 2385/5197/2398 2621/5198/2636
f 2385/5199/2398 2623/5200/2638 2539/5094/2554
f 2624/5201/2639 2480/5007/2493 2540/5006/2555
f 2624/5201/2639 2625/5202/2640 2480/5007/2493
f 2481/4866/2494 2386/4664/2399 2183/4222/2195
f 2625/5203/2640 2353/4865/2366 2480/4863/2493
f 2481/4867/2494 2354/4869/2367 2541/5204/2556
f 2543/5110/2558 2544/5022/2559 2391/4674/2404
f 2543/5110/2558 2484/5023/2497 2544/5022/2559
f 2063/4596/2075 2587/5205/2602 2240/4361/2253
f 2486/5026/2499 2545/5206/2560 2439/4779/2452
f 2396/4687/2409 2319/4509/2332 2626/5207/2641
f 2396/4687/2409 2627/5208/2642 2198/4511/2210
f 2547/5209/2562 2143/4257/2155 2201/4258/2213
f 2549/5031/2564 2442/4887/2455 2281/4440/2294
f 2628/5210/2643 2280/4439/2293 2242/4689/2255
f 2282/4512/2295 2146/4149/2158 2443/4785/2456
f 2147/4154/2159 2148/4153/2160 2590/5116/2605
f 1976/3765/1988 2629/5211/2644 2150/4156/2162
f 2149/4155/2161 2553/5035/2568 2151/4158/2163
f 2630/5212/2645 2554/5037/2569 2553/5035/2568
f 2631/5213/2646 2445/5214/2458 2591/5215/2606
f 2632/5216/2647 2592/5124/2607 2596/5128/2611
f 2632/5216/2647 2593/5125/2608 2592/5124/2607
f 2599/5217/2614 2596/5128/2611 2595/5127/2610
f 2633/5218/2648 2401/4787/2414 2363/4789/2376
f 2597/5219/2612 2595/5220/2610 2634/5221/2649
f 2363/4789/2376 2446/4791/2459 2633/5218/2648
f 2595/5222/2610 2490/5223/2503 2599/5135/2614
f 2597/5224/2612 2489/5225/2502 2595/5226/2610
f 2635/5227/2650 2636/5228/2651 2446/4791/2459
f 2597/5132/2612 2636/5229/2651 2450/4895/2463
f 2636/5228/2651 2635/5227/2650 2450/4795/2463
f 2490/5223/2503 2491/4903/2504 2599/5135/2614
f 2637/5230/2652 2449/4794/2462 2450/4795/2463
f 2364/4605/2377 2322/5134/2335 2598/5133/2613
f 2598/5133/2613 2322/5134/2335 2289/5231/2302
f 2289/4450/2302 2288/4449/2301 2204/5232/2217
f 2557/5138/2572 2638/5233/2653 2493/5045/2506
f 2404/4703/2417 2600/5139/2615 2406/5141/2419
f 2109/4056/2121 2601/5140/2616 2405/4705/2418
f 2370/4622/2383 2291/4452/2304 2454/4808/2467
f 2602/5142/2617 2495/5052/2508 1982/4277/1994
f 2156/4168/2168 2639/5234/2654 2454/4808/2467
f 2496/4912/2509 2326/4528/2339 2325/4529/2338
f 2603/5147/2618 2563/5056/2578 2640/5235/2655
f 2459/4814/2472 2641/5236/2656 2563/5056/2578
f 2563/5056/2578 2641/5236/2656 2640/5235/2655
f 2459/4814/2472 2642/5237/2657 2641/5236/2656
f 2372/4624/2385 2642/5237/2657 2459/4814/2472
f 2372/5238/2385 2565/5239/2580 2642/5240/2657
f 2566/5241/2581 2643/5242/2658 2644/5243/2659
f 2567/5063/2582 2566/5148/2581 2644/5244/2659
f 2566/5245/2581 2568/5246/2583 2643/5247/2658
f 2567/5248/2582 2604/5249/2619 2461/5250/2474
f 2642/5240/2657 2565/5239/2580 2500/5251/2513
f 2501/4930/2514 2412/4721/2425 2645/5252/2660
f 2412/4723/2425 2646/5253/2661 2645/5254/2660
f 2412/4723/2425 2301/4466/2314 2646/5253/2661
f 2415/5255/2428 2571/5071/2586 2505/4936/2518
f 2570/5070/2585 2504/4934/2517 2647/5256/2662
f 2417/4821/2430 2510/4943/2523 2504/4934/2517
f 2607/5156/2622 2608/5157/2623 2420/4732/2433
f 2416/4726/2429 2419/5257/2432 2509/4942/2522
f 2462/5258/2475 2511/4944/2524 1878/3553/1889
f 2648/5259/2663 2224/4318/2237 2311/4480/2324
f 2515/4956/2530 2613/5168/2628 2610/5260/2625
f 2515/4956/2530 2467/4955/2480 2613/5168/2628
f 2649/5261/2664 2340/4645/2353 2470/4838/2483
f 2517/5169/2532 2518/4966/2533 2613/5168/2628
f 2379/4747/2392 2224/4318/2237 2519/5262/2534
f 2519/4968/2534 2650/5263/2665 2520/4969/2535
f 2520/4969/2535 2650/5263/2665 2425/4752/2438
f 2425/4752/2438 2651/5264/2666 2471/4841/2484
f 2471/4841/2484 2651/5264/2666 2472/4842/2485
f 2614/5171/2629 1619/3060/1628 2340/4645/2353
f 2091/4023/2103 2652/5265/2667 2313/4485/2326
f 2521/4970/2536 2341/4566/2354 1885/3565/1896
f 2314/4486/2327 2653/5266/2668 2091/4023/2103
f 2314/4486/2327 2475/4849/2488 2653/5266/2668
f 2653/5266/2668 2272/4427/2285 2580/5090/2595
f 2475/5267/2488 2272/5268/2285 2653/5269/2668
f 2582/5092/2597 2654/5270/2669 2655/5271/2670
f 2582/5092/2597 2434/5093/2447 2654/5270/2669
f 2656/5272/2671 2537/4998/2552 2347/5000/2360
f 2349/4860/2362 2657/5273/2672 2620/5193/2635
f 2657/5274/2672 2349/4577/2362 2350/4578/2363
f 2658/5275/2673 2351/4582/2364 2132/4119/2144
f 2352/4583/2365 2181/4219/2193 2659/5276/2674
f 2623/5200/2638 2583/5095/2598 2539/5094/2554
f 2386/4664/2399 2481/4866/2494 2660/5277/2675
f 2353/4588/2366 2625/5202/2640 2584/5098/2599
f 2542/5109/2557 2482/5100/2495 2543/5110/2558
f 2063/3965/2075 2661/5278/2676 2587/5279/2602
f 2276/4434/2289 2661/5278/2676 2063/3965/2075
f 2357/4673/2370 2392/5111/2405 2438/4775/2451
f 2486/4884/2499 2487/5113/2500 2662/5280/2677
f 2199/4365/2211 2397/5281/2410 2440/4780/2453
f 2663/5282/2678 2320/4510/2333 2440/4780/2453
f 2546/5027/2561 2664/5283/2679 2142/4142/2154
f 2201/4258/2213 2280/4439/2293 2547/5209/2562
f 2630/5212/2645 2555/5040/2570 2554/5037/2569
f 2596/5128/2611 2665/5284/2680 2666/5285/2681
f 2632/5216/2647 2596/5128/2611 2666/5285/2681
f 2594/5286/2609 2667/5287/2682 2668/5288/2683
f 2591/5215/2606 2668/5288/2683 2667/5287/2682
f 2591/5215/2606 2633/5218/2648 2668/5288/2683
f 2591/5215/2606 2401/4787/2414 2633/5218/2648
f 2596/5128/2611 2599/5217/2614 2665/5284/2680
f 2595/5289/2610 2594/5290/2609 2634/5291/2649
f 2668/5292/2683 2634/5291/2649 2594/5290/2609
f 2633/5218/2648 2446/4791/2459 2636/5228/2651
f 2635/5227/2650 2446/4791/2459 2669/5293/2684
f 2446/4791/2459 2598/5133/2613 2669/5293/2684
f 2449/4800/2462 2637/5294/2652 2492/4904/2505
f 2289/5231/2302 2204/5295/2217 2670/5296/2685
f 2556/5042/2571 2671/5297/2686 2285/5136/2298
f 2494/4910/2507 2672/5298/2687 2557/5049/2572
f 2109/4056/2121 2368/4620/2381 2601/5140/2616
f 1785/3375/1794 2406/4707/2419 2074/3980/2086
f 2074/3980/2086 2673/5299/2688 2369/4621/2382
f 2603/5300/2618 2674/5301/2689 2562/5302/2577
f 2326/4528/2339 2675/5303/2690 2293/4454/2306
f 2643/5242/2658 2568/5304/2583 2644/5243/2659
f 2567/5063/2582 2644/5244/2659 2676/5305/2691
f 2567/5063/2582 2676/5305/2691 2604/5306/2619
f 2604/5307/2619 2676/5308/2691 2407/4926/2420
f 2407/4926/2420 2676/5308/2691 2569/5151/2584
f 2676/5308/2691 2413/5309/2426 2569/5151/2584
f 2501/4930/2514 2645/5252/2660 2411/4720/2424
f 2605/5152/2620 2646/5253/2661 2301/4466/2314
f 2570/5153/2585 2677/5310/2692 2502/4932/2515
f 2647/5256/2662 2504/4934/2517 2510/4943/2523
f 2571/5071/2586 2678/5311/2693 2418/4729/2431
f 2678/5312/2693 2607/5156/2622 2418/5313/2431
f 2572/5314/2587 2573/5315/2588 2679/5316/2694
f 2375/4635/2388 2608/5157/2623 2510/4943/2523
f 2610/5159/2625 2680/5317/2695 2611/5160/2626
f 2611/5160/2626 2649/5261/2664 2470/4838/2483
f 2472/4967/2485 2681/5318/2696 2518/4966/2533
f 2577/5086/2592 2578/5085/2593 2682/5319/2697
f 2577/5086/2592 2682/5319/2697 2528/4978/2543
f 2528/5320/2543 2683/5321/2698 2579/5322/2594
f 2579/5088/2594 2684/5323/2699 2524/5089/2539
f 2579/5088/2594 2685/5324/2700 2684/5323/2699
f 2530/4981/2545 2616/5182/2631 2580/5090/2595
f 2529/4979/2544 2686/5325/2701 2532/4983/2547
f 2532/4983/2547 2687/5326/2702 2010/3854/2022
f 2231/4490/2244 2534/4986/2549 2476/5327/2489
f 2688/5328/2703 2533/5184/2548 2617/5186/2632
f 2617/5183/2632 2478/4857/2491 2688/5329/2703
f 2582/5092/2597 2655/5271/2670 2618/5187/2633
f 2656/5272/2671 2347/5000/2360 2619/5330/2634
f 2434/5093/2447 2657/5331/2672 2654/5270/2669
f 2434/5332/2447 2620/5333/2635 2657/3917/2672
f 2351/4582/2364 2689/5334/2704 2621/5194/2636
f 2621/5335/2636 2689/5336/2704 2623/5337/2638
f 2181/4219/2193 2690/5338/2705 2691/5339/2706
f 2181/4219/2193 2386/4664/2399 2690/5338/2705
f 2583/5095/2598 2692/5340/2707 2540/5006/2555
f 2540/5006/2555 2692/5340/2707 2624/5201/2639
f 2541/5008/2556 2388/4670/2401 2693/5341/2708
f 2586/5104/2601 2694/5342/2709 2388/4670/2401
f 2586/5104/2601 2695/5343/2710 2694/5342/2709
f 2586/5104/2601 2483/4877/2496 2695/5343/2710
f 2395/4778/2408 2695/5344/2710 2483/4878/2496
f 2395/5345/2408 2545/5346/2560 2695/5347/2710
f 2484/5023/2497 2543/5110/2558 2696/5348/2711
f 2484/4880/2497 2696/5349/2711 2392/5111/2405
f 1774/3361/1783 2697/5350/2712 2359/4598/2372
f 2397/5281/2410 2663/5282/2678 2440/4780/2453
f 1736/3288/1745 2320/4510/2333 2588/5351/2603
f 2198/4511/2210 2698/5352/2713 2546/5027/2561
f 2547/5028/2562 2699/5353/2714 2360/5029/2373
f 2283/4443/2296 2551/5033/2566 2550/5118/2565
f 2629/5211/2644 2552/5034/2567 2150/4156/2162
f 2321/4514/2334 2488/4889/2501 2700/5354/2715
f 2593/5355/2608 2632/5356/2647 2701/5357/2716
f 2593/5355/2608 2701/5357/2716 2594/5358/2609
f 2668/5288/2683 2633/5218/2648 2634/5221/2649
f 2634/5221/2649 2636/5228/2651 2597/5219/2612
f 2450/4795/2463 2635/5227/2650 2637/5230/2652
f 2637/5294/2652 2670/5359/2685 2492/4904/2505
f 2492/5047/2505 2670/5360/2685 2204/5048/2217
f 2555/5040/2570 2671/5297/2686 2556/5042/2571
f 2599/5135/2614 2493/5045/2506 2638/5233/2653
f 2672/5298/2687 2702/5361/2717 2557/5049/2572
f 2368/4620/2381 2703/5362/2718 2601/5140/2616
f 1860/3524/1870 2558/5363/2573 2368/4620/2381
f 2157/4169/2169 2704/5364/2719 2705/5365/2720
f 2453/4807/2466 2370/4622/2383 2706/5366/2721
f 2157/4169/2169 2707/5367/2722 2559/5051/2574
f 2560/5368/2575 2561/1271/2576 2708/5369/2723
f 2458/4813/2471 2709/5370/2724 2561/5054/2576
f 2562/5146/2577 2710/5371/2725 2156/4168/2168
f 2562/5057/2577 2674/5372/2689 2711/5373/2726
f 2642/5237/2657 2712/5374/2727 2641/5236/2656
f 2568/5375/2583 2713/5376/2728 2714/5377/2729
f 2644/5378/2659 2568/5375/2583 2714/5377/2729
f 2644/5244/2659 2714/5379/2729 2676/5305/2691
f 2497/4913/2510 2715/5380/2730 2159/4171/2171
f 2159/4171/2171 2715/5380/2730 2503/4933/2516
f 2642/5240/2657 2500/5251/2513 2716/5381/2731
f 2676/5308/2691 2605/5382/2620 2413/5309/2426
f 2716/5381/2731 2500/5251/2513 2717/5383/2732
f 2500/5251/2513 2502/5384/2515 2717/5383/2732
f 2415/5255/2428 2718/5385/2733 2571/5071/2586
f 2647/5256/2662 2510/4943/2523 2608/5157/2623
f 2572/5386/2587 2679/5387/2694 2719/5388/2734
f 2572/5389/2587 2719/5390/2734 2508/5391/2521
f 2719/5390/2734 2606/5392/2621 2508/5391/2521
f 2573/5393/2588 2509/5394/2522 2679/5395/2694
f 2606/5154/2621 2720/5396/2735 2507/4940/2520
f 2507/4940/2520 2721/5397/2736 2462/4822/2475
f 2219/5398/2232 2308/5077/2321 2575/5079/2590
f 2513/4947/2528 2464/4825/2477 2722/5399/2737
f 2513/5400/2528 2648/5259/2663 2311/4480/2324
f 2680/5317/2695 2723/5401/2738 2611/5160/2626
f 2611/5160/2626 2723/5401/2738 2649/5261/2664
f 2613/5168/2628 2680/5402/2695 2610/5260/2625
f 2650/5263/2665 2651/5264/2666 2425/4752/2438
f 2313/4485/2326 2652/5265/2667 2473/4846/2486
f 2091/4023/2103 2724/5403/2739 2652/5265/2667
f 2091/4023/2103 2653/5266/2668 2724/5403/2739
f 2576/5080/2591 2725/5404/2740 2523/4973/2538
f 2427/5175/2440 2522/4972/2537 2686/5405/2701
f 2528/4978/2543 2682/5319/2697 2683/5406/2698
f 2580/5090/2595 2726/5407/2741 2653/5266/2668
f 2522/4972/2537 2524/4974/2539 2727/5408/2742
f 2427/4756/2440 2686/5325/2701 2529/4979/2544
f 2580/5090/2595 2616/5182/2631 2726/5407/2741
f 2655/5409/2670 2654/5410/2669 2728/5411/2743
f 2729/5412/2744 2132/4119/2144 2180/4216/2192
f 2132/4119/2144 2730/5413/2745 2658/5275/2673
f 2233/5414/2246 2622/5415/2637 2350/5416/2363
f 2658/5275/2673 2731/5417/2746 2351/4582/2364
f 2731/5417/2746 2689/5334/2704 2351/4582/2364
f 2689/5336/2704 2731/5418/2746 2623/5337/2638
f 2659/5276/2674 2181/4219/2193 2732/5419/2747
f 2731/5420/2746 2583/5095/2598 2623/5200/2638
f 2386/4664/2399 2660/5277/2675 2690/5338/2705
f 2481/4866/2494 2693/5341/2708 2660/5277/2675
f 2625/5202/2640 2733/5421/2748 2584/5098/2599
f 2481/4867/2494 2541/5204/2556 2693/5422/2708
f 2482/5100/2495 2584/5098/2599 2543/5110/2558
f 2487/5113/2500 2734/5423/2749 2662/5280/2677
f 1774/3361/1783 2064/3968/2076 2697/5350/2712
f 2065/3970/2077 2360/4599/2373 2735/5424/2750
f 2102/4146/2114 2548/5425/2563 2549/5031/2564
f 2442/4887/2455 2628/5426/2643 2242/4367/2255
f 1975/3764/1987 2590/5427/2605 2145/4148/2157
f 2321/5120/2334 2700/5428/2715 2551/5121/2566
f 2552/5429/2567 2700/5428/2715 2488/5430/2501
f 2445/5214/2458 2631/5213/2646 2444/5431/2457
f 2736/5432/2751 2555/5040/2570 2630/5212/2645
f 2666/5285/2681 2665/5284/2680 2737/5433/2752
f 2737/5433/2752 2632/5216/2647 2666/5285/2681
f 2701/5434/2716 2667/5287/2682 2594/5286/2609
f 2636/5228/2651 2634/5221/2649 2633/5218/2648
f 2599/5217/2614 2738/5435/2753 2665/5284/2680
f 2635/5227/2650 2669/5293/2684 2637/5230/2652
f 2599/5135/2614 2638/5233/2653 2738/5436/2753
f 2557/5138/2572 2739/5437/2754 2638/5233/2653
f 2702/5438/2717 2739/5437/2754 2557/5138/2572
f 2494/4910/2507 2285/4445/2298 2740/5439/2755
f 2369/4621/2382 2704/5364/2719 2157/4169/2169
f 2454/4808/2467 2706/5366/2721 2370/4622/2383
f 2706/5366/2721 2602/5142/2617 2453/4807/2466
f 2110/4058/2122 2560/5053/2575 2741/5440/2756
f 2559/5051/2574 2742/5441/2757 2253/4394/2266
f 2561/5054/2576 2709/5370/2724 2743/5442/2758
f 2640/5235/2655 2674/5372/2689 2603/5147/2618
f 2675/5303/2690 2744/5443/2759 2293/4454/2306
f 2641/5236/2656 2745/5444/2760 2640/5235/2655
f 2641/5236/2656 2712/5374/2727 2745/5444/2760
f 2293/4454/2306 2744/5443/2759 2564/5058/2579
f 2564/5058/2579 2715/5380/2730 2497/4913/2510
f 2642/5445/2657 2746/5446/2761 2712/5447/2727
f 2713/5376/2728 2747/5448/2762 2714/5377/2729
f 2713/5449/2728 2568/5450/2583 2748/5451/2763
f 2642/5452/2657 2716/5453/2731 2746/5454/2761
f 2715/5380/2730 2749/5455/2764 2503/4933/2516
f 2411/4720/2424 2750/5456/2765 2568/5457/2583
f 2411/4720/2424 2645/5252/2660 2750/5456/2765
f 2503/4933/2516 2751/5458/2766 2302/4469/2315
f 2718/5385/2733 2752/5459/2767 2571/5071/2586
f 2718/5460/2733 2415/5461/2428 2506/5462/2519
f 2571/5071/2586 2752/5459/2767 2678/5311/2693
f 2608/5157/2623 2753/5463/2768 2647/5256/2662
f 2753/5463/2768 2608/5157/2623 2678/5312/2693
f 2678/5312/2693 2608/5157/2623 2607/5156/2622
f 2606/5392/2621 2719/5390/2734 2754/5464/2769
f 2509/5394/2522 2755/5465/2770 2679/5395/2694
f 2606/5392/2621 2754/5464/2769 2756/5466/2771
f 2606/5154/2621 2756/5467/2771 2720/5396/2735
f 2332/4546/2345 2302/4469/2315 2757/5468/2772
f 2757/5468/2772 2758/5469/2773 2332/4546/2345
f 2332/4546/2345 2758/5469/2773 2574/5074/2589
f 2419/4731/2432 2759/5470/2774 2509/5394/2522
f 2463/4824/2476 2759/5470/2774 2419/4731/2432
f 2463/5075/2476 2609/5158/2624 2759/5471/2774
f 2575/5472/2590 2339/4561/2352 2760/5473/2775
f 2648/5259/2663 2519/5262/2534 2224/4318/2237
f 2340/4645/2353 2649/5261/2664 2761/5474/2776
f 2340/4645/2353 2761/5474/2776 2614/5171/2629
f 2518/4966/2533 2681/5318/2696 2613/5168/2628
f 2339/4561/2352 2473/4846/2486 2762/5475/2777
f 2651/5264/2666 2681/5476/2696 2472/4842/2485
f 2426/5172/2439 2725/5477/2740 2576/5173/2591
f 2578/5085/2593 2615/5181/2630 2763/5478/2778
f 2686/5405/2701 2522/4972/2537 2727/5408/2742
f 2010/3854/2022 2687/5326/2702 2477/4856/2490
f 2618/5479/2633 2655/5409/2670 2728/5411/2743
f 2537/5192/2552 2656/5480/2671 2538/5001/2553
f 2728/5411/2743 2654/5410/2669 2657/5274/2672
f 2622/5481/2637 2764/5482/2779 2350/4578/2363
f 2352/5483/2365 2732/5484/2747 2765/5485/2780
f 2659/5486/2674 2732/5487/2747 2352/5488/2365
f 2691/5339/2706 2732/5419/2747 2181/4219/2193
f 2731/5420/2746 2766/5489/2781 2583/5095/2598
f 2624/5201/2639 2767/5490/2782 2625/5202/2640
f 2767/5490/2782 2733/5421/2748 2625/5202/2640
f 2733/5421/2748 2768/5491/2783 2584/5098/2599
f 2388/4670/2401 2694/5342/2709 2693/5341/2708
f 2584/5098/2599 2768/5491/2783 2543/5110/2558
f 2545/5346/2560 2486/3049/2499 2695/5347/2710
f 2392/5111/2405 2769/5492/2784 2438/4775/2451
f 2486/4884/2499 2770/5493/2785 2695/5343/2710
f 2486/4884/2499 2662/5280/2677 2770/5493/2785
f 2396/4687/2409 2626/5207/2641 2627/5208/2642
f 2065/3970/2077 2771/5494/2786 2397/4688/2410
f 2065/5495/2077 2735/5496/2750 2771/5497/2786
f 2142/4142/2154 2664/5283/2679 2589/5115/2604
f 2628/5210/2643 2547/5209/2562 2280/4439/2293
f 2442/4887/2455 2549/5031/2564 2628/5426/2643
f 2550/5032/2565 2772/5498/2787 2443/4785/2456
f 2282/5499/2295 2773/5500/2788 2629/5501/2644
f 2550/5502/2565 2551/5121/2566 2772/5503/2787
f 2282/4442/2295 2629/5211/2644 1976/3765/1988
f 2202/4260/2214 2774/5504/2789 2149/4155/2161
f 2775/5505/2790 2552/5429/2567 2629/5501/2644
f 2775/5505/2790 2700/5428/2715 2552/5429/2567
f 2553/5035/2568 2776/5506/2791 2630/5212/2645
f 2777/5507/2792 2737/5433/2752 2665/5284/2680
f 2778/5508/2793 2632/5509/2647 2737/5510/2752
f 2778/5511/2793 2701/5357/2716 2632/5356/2647
f 2631/5213/2646 2667/5287/2682 2701/5434/2716
f 2591/5215/2606 2667/5287/2682 2631/5213/2646
f 2736/5432/2751 2779/5512/2794 2555/5040/2570
f 2289/5231/2302 2669/5293/2684 2598/5133/2613
f 2637/5230/2652 2669/5293/2684 2670/5296/2685
f 2670/5296/2685 2669/5293/2684 2289/5231/2302
f 2671/5297/2686 2780/5513/2795 2285/5136/2298
f 2285/5136/2298 2780/5513/2795 2781/5514/2796
f 2600/5139/2615 2782/5515/2797 2406/5141/2419
f 2406/4707/2419 2673/5299/2688 2074/3980/2086
f 2368/4620/2381 2783/5516/2798 2703/5362/2718
f 2368/4620/2381 2558/5363/2573 2783/5516/2798
f 2602/5142/2617 2706/5366/2721 2784/5517/2799
f 2456/4811/2469 2110/4810/2122 2785/5518/2800
f 2157/4169/2169 2705/5365/2720 2707/5367/2722
f 2495/5052/2508 2786/5519/2801 2787/5520/2802
f 2741/5521/2756 2560/5368/2575 2708/5369/2723
f 2495/5052/2508 2787/5520/2802 2371/4623/2384
f 2156/4168/2168 2788/5522/2803 2639/5234/2654
f 2561/5054/2576 2743/5442/2758 2708/5523/2723
f 2253/4394/2266 2742/5441/2757 2496/4912/2509
f 2326/4528/2339 2496/4912/2509 2675/5303/2690
f 2562/5057/2577 2711/5373/2726 2789/5524/2804
f 2640/5235/2655 2790/5525/2805 2674/5372/2689
f 2640/5235/2655 2745/5444/2760 2790/5525/2805
f 2744/5443/2759 2715/5380/2730 2564/5058/2579
f 2747/5526/2762 2791/5527/2806 2714/5528/2729
f 2715/5529/2730 2792/5530/2807 2749/5531/2764
f 2716/5453/2731 2717/5532/2732 2746/5454/2761
f 2605/5152/2620 2793/5533/2808 2646/5253/2661
f 2502/5384/2515 2677/5534/2692 2717/5383/2732
f 2646/5535/2661 2794/5536/2809 2645/5537/2660
f 2795/5538/2810 2751/5458/2766 2503/4933/2516
f 2647/5539/2662 2796/5540/2811 2677/5310/2692
f 2647/5539/2662 2677/5310/2692 2570/5153/2585
f 2753/5463/2768 2678/5312/2693 2797/5541/2812
f 2679/1085/2694 2798/5542/2813 2719/5543/2734
f 2679/5544/2694 2799/5545/2814 2798/5546/2813
f 2679/5395/2694 2755/5465/2770 2799/5547/2814
f 2462/5258/2475 2721/5548/2736 2511/4944/2524
f 2219/5398/2232 2575/5079/2590 2800/5549/2815
f 2513/4947/2528 2722/5399/2737 2648/5550/2663
f 2609/5551/2624 2649/5552/2664 2801/5553/2816
f 2648/5550/2663 2722/5399/2737 2802/5554/2817
f 2801/5555/2816 2649/5556/2664 2680/2919/2695
f 2723/5557/2738 2680/5558/2695 2649/5559/2664
f 2648/5259/2663 2802/5560/2817 2519/5262/2534
f 2341/4566/2354 2803/5561/2818 2474/4847/2487
f 2653/5266/2668 2804/5562/2819 2724/5403/2739
f 2653/5266/2668 2726/5407/2741 2804/5562/2819
f 2727/5563/2742 2524/5089/2539 2805/5564/2820
f 2684/5323/2699 2805/5564/2820 2524/5089/2539
f 2688/5329/2703 2534/4986/2549 2533/4985/2548
f 2477/4856/2490 2806/5565/2821 2431/4762/2444
f 2478/4857/2491 2807/5566/2822 2688/5329/2703
f 2352/5567/2365 2765/5568/2780 2808/5569/2823
f 2731/5570/2746 2809/5571/2824 2766/5572/2781
f 2691/5339/2706 2810/5573/2825 2732/5419/2747
f 2691/5339/2706 2690/5338/2705 2810/5573/2825
f 2660/5277/2675 2811/5574/2826 2690/5338/2705
f 2660/5277/2675 2812/5575/2827 2811/5574/2826
f 2624/5201/2639 2692/5340/2707 2767/5490/2782
f 2693/5341/2708 2812/5575/2827 2660/5277/2675
f 2543/5110/2558 2768/5491/2783 2813/5576/2828
f 2543/5110/2558 2814/5577/2829 2696/5348/2711
f 2696/5349/2711 2769/5492/2784 2392/5111/2405
f 2696/5349/2711 2815/5578/2830 2769/5492/2784
f 2696/5349/2711 2814/5579/2829 2815/5578/2830
f 2734/5580/2749 2816/5581/2831 2817/5582/2832
f 2734/5580/2749 2487/4885/2500 2816/5581/2831
f 2697/5350/2712 2487/4885/2500 2359/4598/2372
f 2064/4886/2076 2441/4781/2454 2588/5114/2603
f 2320/4510/2333 2663/5282/2678 2818/5583/2833
f 2397/4688/2410 2771/5494/2786 2819/5584/2834
f 2200/4256/2212 2589/5115/2604 2068/3973/2080
f 2145/4148/2157 2820/5585/2835 2361/5586/2374
f 2282/4512/2295 2443/4785/2456 2773/5587/2788
f 2551/5121/2566 2775/5505/2790 2772/5503/2787
f 2148/4153/2160 2243/4602/2256 2821/5588/2836
f 2700/5428/2715 2775/5505/2790 2551/5121/2566
f 2553/5035/2568 2149/4155/2161 2776/5506/2791
f 2630/5212/2645 2776/5506/2791 2736/5432/2751
f 2777/5507/2792 2665/5284/2680 2736/5589/2751
f 2736/5589/2751 2665/5284/2680 2779/5590/2794
f 2555/5040/2570 2822/5591/2837 2671/5297/2686
f 2285/4445/2298 2781/5592/2796 2740/5439/2755
f 2600/5139/2615 2823/5593/2838 2782/5515/2797
f 2600/5139/2615 2601/5140/2616 2823/5593/2838
f 2110/4058/2122 2741/5440/2756 2785/5594/2800
f 2639/5234/2654 2788/5522/2803 2454/4808/2467
f 2371/4623/2384 2824/5595/2839 2458/4813/2471
f 2156/4168/2168 2825/5596/2840 2788/5522/2803
f 2458/5597/2471 2824/5598/2839 2709/5599/2724
f 2156/4168/2168 2710/5371/2725 2825/5596/2840
f 2562/5057/2577 2789/5524/2804 2710/5600/2725
f 2674/5372/2689 2790/5525/2805 2711/5373/2726
f 2791/5601/2806 2747/5602/2762 2826/5603/2841
f 2748/5451/2763 2827/5604/2842 2713/5449/2728
f 2748/5605/2763 2568/5606/2583 2827/5607/2842
f 2568/5457/2583 2750/5456/2765 2828/5608/2843
f 2746/5446/2761 2717/5609/2732 2829/5610/2844
f 2718/5460/2733 2506/5462/2519 2830/5611/2845
f 2678/5312/2693 2831/5612/2846 2832/5613/2847
f 2753/5463/2768 2797/5541/2812 2647/5256/2662
f 2719/5614/2734 2798/5546/2813 2833/5615/2848
f 2506/4939/2519 2834/5616/2849 2835/5617/2850
f 2751/5458/2766 2757/5468/2772 2302/4469/2315
f 2506/4939/2519 2374/4634/2387 2834/5616/2849
f 2374/4634/2387 2376/4636/2389 2834/5616/2849
f 2756/5467/2771 2836/5618/2851 2720/5396/2735
f 2376/5619/2389 2219/5398/2232 2800/5549/2815
f 2721/5548/2736 2837/5620/2852 2511/4944/2524
f 2575/5472/2590 2838/5621/2853 2800/5622/2815
f 2575/5472/2590 2760/5473/2775 2838/5621/2853
f 2613/5168/2628 2839/5623/2854 2680/5402/2695
f 2802/5560/2817 2840/5624/2855 2519/5262/2534
f 2339/4561/2352 2762/5475/2777 2760/5473/2775
f 2519/5262/2534 2840/5624/2855 2650/5625/2665
f 2681/5626/2696 2841/5627/2856 2613/5628/2628
f 2681/5476/2696 2651/5264/2666 2841/5629/2856
f 2651/5264/2666 2650/5263/2665 2842/5630/2857
f 2473/4846/2486 2652/5265/2667 2762/5475/2777
f 2724/5403/2739 2804/5562/2819 2843/5631/2858
f 2426/5172/2439 2844/5632/2859 2725/5477/2740
f 2579/5088/2594 2845/5633/2860 2685/5324/2700
f 2684/5323/2699 2685/5324/2700 2846/5634/2861
f 2685/5324/2700 2845/5633/2860 2846/5634/2861
f 2686/5635/2701 2727/5563/2742 2805/5564/2820
f 2684/5323/2699 2846/5634/2861 2805/5564/2820
f 2532/4983/2547 2686/5325/2701 2687/5326/2702
f 2616/5182/2631 2476/4853/2489 2847/5636/2862
f 2687/5326/2702 2848/5637/2863 2477/4856/2490
f 2688/5638/2703 2849/5639/2864 2534/5640/2549
f 2656/5480/2671 2850/5641/2865 2538/5001/2553
f 2180/4215/2192 2538/5002/2553 2729/5642/2744
f 2729/5412/2744 2851/5643/2866 2132/4119/2144
f 2622/5644/2637 2852/5645/2867 2764/5646/2779
f 2132/5647/2144 2851/5648/2866 2730/5649/2745
f 2658/5650/2673 2809/5571/2824 2731/5570/2746
f 2352/3905/2365 2808/5651/2823 2622/5652/2637
f 2766/5489/2781 2853/5653/2868 2583/5095/2598
f 2853/5653/2868 2692/5340/2707 2583/5095/2598
f 2694/5342/2709 2695/5343/2710 2854/5654/2869
f 2695/5343/2710 2770/5493/2785 2854/5654/2869
f 2543/5110/2558 2813/5576/2828 2814/5577/2829
f 2319/4508/2332 2358/4597/2371 2855/5655/2870
f 2662/5280/2677 2734/5423/2749 2817/5656/2832
f 2627/5208/2642 2856/5657/2871 2198/4511/2210
f 2856/5657/2871 2857/5658/2872 2198/4511/2210
f 2198/4511/2210 2857/5658/2872 2698/5352/2713
f 2064/4886/2076 2588/5114/2603 2858/5659/2873
f 2397/5281/2410 2819/5660/2834 2663/5282/2678
f 2068/3973/2080 2589/5115/2604 2548/5030/2563
f 2549/5031/2564 2859/5661/2874 2628/5426/2643
f 2443/5662/2456 2772/5503/2787 2773/5500/2788
f 2772/5503/2787 2775/5505/2790 2773/5500/2788
f 2773/5500/2788 2775/5505/2790 2629/5501/2644
f 2777/5507/2792 2736/5589/2751 2737/5433/2752
f 2631/5213/2646 2701/5434/2716 2778/5663/2793
f 2665/5284/2680 2738/5435/2753 2860/5664/2875
f 2555/5040/2570 2779/5512/2794 2822/5591/2837
f 2638/5233/2653 2739/5437/2754 2861/5665/2876
f 2494/4910/2507 2740/5439/2755 2672/5298/2687
f 2703/5362/2718 2783/5516/2798 2862/5666/2877
f 2863/5667/2878 2558/5363/2573 2455/5668/2468
f 2602/5142/2617 2784/5517/2799 2495/5052/2508
f 2706/5366/2721 2454/4808/2467 2784/5517/2799
f 2559/5051/2574 2707/5367/2722 2742/5441/2757
f 2864/5669/2879 2743/5442/2758 2709/5370/2724
f 2865/5670/2880 2709/5599/2724 2866/5671/2881
f 2867/5672/2882 2675/5303/2690 2496/4912/2509
f 2789/5673/2804 2826/5674/2841 2710/5371/2725
f 2712/5447/2727 2746/5446/2761 2868/5675/2883
f 2747/5448/2762 2713/5376/2728 2869/5676/2884
f 2827/5677/2842 2568/5457/2583 2828/5608/2843
f 2791/5601/2806 2676/5678/2691 2714/5679/2729
f 2870/5680/2885 2605/5681/2620 2676/5678/2691
f 2870/5680/2885 2793/5682/2808 2605/5681/2620
f 2749/5455/2764 2795/5538/2810 2503/4933/2516
f 2750/5456/2765 2645/5252/2660 2794/5683/2809
f 2829/5610/2844 2717/5609/2732 2871/5684/2886
f 2871/5685/2886 2717/5686/2732 2677/5687/2692
f 2872/5688/2887 2718/5460/2733 2830/5611/2845
f 2873/5689/2888 2752/5459/2767 2872/5690/2887
f 2752/5459/2767 2718/5385/2733 2872/5690/2887
f 2830/5691/2845 2506/5692/2519 2874/5693/2889
f 2875/5694/2890 2832/5613/2847 2831/5612/2846
f 2752/5695/2767 2831/5612/2846 2678/5312/2693
f 2832/5613/2847 2797/5541/2812 2678/5312/2693
f 2797/5541/2812 2796/5696/2811 2647/5256/2662
f 2754/5464/2769 2836/5697/2851 2756/5466/2771
f 2876/5698/2891 2720/5396/2735 2836/5618/2851
f 2755/5465/2770 2509/5394/2522 2759/5470/2774
f 2877/5699/2892 2464/4945/2477 2511/4944/2524
f 2878/1147/2893 2759/5700/2774 2609/5701/2624
f 2801/5702/2816 2680/5402/2695 2879/5703/2894
f 2879/5703/2894 2680/5402/2695 2839/5623/2854
f 2650/5704/2665 2840/5705/2855 2842/5706/2857
f 2652/5265/2667 2724/5403/2739 2880/5707/2895
f 2614/5171/2629 2521/4970/2536 1837/3747/1846
f 2880/5707/2895 2724/5403/2739 2843/5631/2858
f 2803/5561/2818 2881/5708/2896 2474/4847/2487
f 2173/4197/2185 2426/4753/2439 2052/4198/2064
f 2523/4973/2538 2615/5179/2630 2430/4761/2443
f 2882/5709/2897 2682/5319/2697 2578/5085/2593
f 2882/5709/2897 2578/5085/2593 2763/5478/2778
f 2683/5321/2698 2845/5710/2860 2579/5322/2594
f 2726/5407/2741 2616/5182/2631 2883/5711/2898
f 2476/5327/2489 2534/4986/2549 2847/5712/2862
f 2618/5187/2633 2807/5566/2822 2478/4857/2491
f 2807/5713/2822 2618/5479/2633 2884/5714/2899
f 2884/5714/2899 2618/5479/2633 2728/5411/2743
f 2885/5715/2900 2886/5716/2901 2887/5717/2902
f 2885/5715/2900 2887/5717/2902 2888/5718/2903
f 2887/5719/2902 2889/5720/2904 2888/5721/2903
f 2657/5274/2672 2350/4578/2363 2764/5482/2779
f 2890/5722/2905 2658/5275/2673 2730/5413/2745
f 2852/5723/2867 2622/5724/2637 2891/5725/2906
f 2658/4959/2673 2890/5726/2905 2809/5727/2824
f 2891/5728/2906 2622/5729/2637 2808/5730/2823
f 2808/5569/2823 2765/5568/2780 2892/5731/2907
f 2893/5732/2908 2765/5485/2780 2732/5484/2747
f 2894/5733/2909 2766/5489/2781 2809/5734/2824
f 2894/5733/2909 2853/5653/2868 2766/5489/2781
f 2810/5573/2825 2690/5338/2705 2895/5735/2910
f 2690/5338/2705 2811/5574/2826 2895/5735/2910
f 2812/5575/2827 2693/5341/2708 2896/5736/2911
f 2896/5736/2911 2693/5341/2708 2897/5737/2912
f 2898/5738/2913 2814/5577/2829 2813/5576/2828
f 2815/5578/2830 2814/5579/2829 2898/5739/2913
f 2855/5655/2870 2358/4597/2371 2485/4883/2498
f 2855/5655/2870 2626/5740/2641 2319/4508/2332
f 2899/5741/2914 2771/5494/2786 2735/5424/2750
f 2900/5742/2915 2737/5743/2752 2736/5744/2751
f 2860/5664/2875 2779/5590/2794 2665/5284/2680
f 2822/5591/2837 2780/5513/2795 2671/5297/2686
f 2738/5436/2753 2638/5233/2653 2861/5665/2876
f 2861/5665/2876 2739/5437/2754 2901/5745/2916
f 2702/5361/2717 2672/5298/2687 2902/5746/2917
f 2703/5362/2718 2903/5747/2918 2601/5140/2616
f 2783/5516/2798 2558/5363/2573 2863/5667/2878
f 2784/5517/2799 2786/5519/2801 2495/5052/2508
f 2454/4808/2467 2788/5522/2803 2784/5517/2799
f 2904/5748/2919 2788/5522/2803 2825/5596/2840
f 2709/5599/2724 2824/5598/2839 2866/5671/2881
f 2709/5599/2724 2865/5670/2880 2864/5749/2879
f 2710/5371/2725 2826/5674/2841 2825/5596/2840
f 2711/5750/2726 2905/5751/2920 2789/5673/2804
f 2826/5674/2841 2789/5673/2804 2906/5752/2921
f 2790/5525/2805 2745/5444/2760 2907/5753/2922
f 2826/5603/2841 2906/5754/2921 2791/5601/2806
f 2826/5674/2841 2747/5448/2762 2908/5755/2923
f 2908/5755/2923 2747/5448/2762 2869/5676/2884
f 2712/5447/2727 2868/5675/2883 2745/5756/2760
f 2713/5757/2728 2827/5758/2842 2869/5759/2884
f 2791/5601/2806 2870/5680/2885 2676/5678/2691
f 2868/5675/2883 2746/5446/2761 2909/5760/2924
f 2828/5761/2843 2750/5762/2765 2794/5763/2809
f 2746/5446/2761 2829/5610/2844 2909/5760/2924
f 2794/5764/2809 2910/5765/2925 2875/5766/2890
f 2911/5767/2926 2677/5768/2692 2796/5696/2811
f 2871/5769/2886 2677/5770/2692 2911/5771/2926
f 2835/5617/2850 2834/5616/2849 2912/5772/2927
f 2798/5546/2813 2913/5773/2928 2833/5615/2848
f 2719/5614/2734 2833/5615/2848 2754/5774/2769
f 2798/5546/2813 2914/5775/2929 2913/5773/2928
f 2798/5546/2813 2799/5545/2814 2914/5775/2929
f 2799/5545/2814 2755/5776/2770 2914/5775/2929
f 2834/5777/2849 2376/5619/2389 2800/5549/2815
f 2507/4940/2520 2720/5396/2735 2876/5698/2891
f 2758/5469/2773 2915/5778/2930 2574/5074/2589
f 2755/5465/2770 2759/5470/2774 2916/5779/2931
f 2915/5778/2930 2421/4733/2434 2574/5074/2589
f 2421/4734/2434 2917/5780/2932 2609/5158/2624
f 2878/1147/2893 2609/5701/2624 2801/5781/2816
f 2838/5782/2853 2918/5783/2933 2919/5784/2934
f 2760/5473/2775 2918/5785/2933 2838/5621/2853
f 2760/5473/2775 2920/5786/2935 2918/5785/2933
f 2921/5787/2936 2761/5474/2776 2649/5261/2664
f 2760/5473/2775 2762/5475/2777 2920/5786/2935
f 2922/5788/2937 2842/5789/2857 2840/5790/2855
f 2922/5791/2937 2651/5264/2666 2842/5630/2857
f 2923/5792/2938 2841/5629/2856 2651/5264/2666
f 2762/5475/2777 2652/5265/2667 2880/5707/2895
f 2521/4970/2536 2803/5561/2818 2341/4566/2354
f 2615/5181/2630 2924/5793/2939 2763/5478/2778
f 2883/5711/2898 2616/5182/2631 2847/5636/2862
f 2925/5794/2940 2687/5326/2702 2686/5325/2701
f 2925/5794/2940 2926/5795/2941 2687/5326/2702
f 2927/5796/2942 2928/5797/2943 2849/5798/2864
f 2928/5797/2943 2534/5799/2549 2849/5798/2864
f 2433/5800/2446 2535/5801/2550 2619/5802/2634
f 2657/5274/2672 2929/5803/2944 2728/5411/2743
f 2888/5718/2903 2930/5804/2945 2885/5715/2900
f 2889/5805/2904 2931/5806/2946 2888/5718/2903
f 2730/5649/2745 2851/5648/2866 2932/5807/2947
f 2932/5808/2947 2933/5809/2948 2730/5413/2745
f 2730/5413/2745 2933/5809/2948 2890/5722/2905
f 2808/5569/2823 2892/5731/2907 2934/5810/2949
f 2732/5419/2747 2810/5573/2825 2935/5811/2950
f 2935/5811/2950 2810/5573/2825 2895/5735/2910
f 2692/5340/2707 2936/5812/2951 2767/5490/2782
f 2811/5574/2826 2812/5575/2827 2896/5736/2911
f 2936/5812/2951 2733/5421/2748 2767/5490/2782
f 2733/5421/2748 2937/5813/2952 2768/5491/2783
f 2768/5491/2783 2938/5814/2953 2813/5576/2828
f 2813/5576/2828 2938/5814/2953 2898/5738/2913
f 2661/5815/2676 2485/5816/2498 2587/5817/2602
f 2770/5818/2785 2662/5819/2677 2817/5820/2832
f 2626/5740/2641 2855/5655/2870 2939/5821/2954
f 2816/5581/2831 2487/4885/2500 2697/5350/2712
f 2816/5581/2831 2940/5822/2955 2817/5582/2832
f 2819/5660/2834 2941/5823/2956 2663/5282/2678
f 2663/5282/2678 2941/5823/2956 2818/5583/2833
f 2698/5352/2713 2664/5283/2679 2546/5027/2561
f 2819/5584/2834 2771/5494/2786 2899/5741/2914
f 2361/4601/2374 2820/5824/2835 2202/4260/2214
f 2590/5116/2605 2148/4153/2160 2821/5588/2836
f 2243/4602/2256 2444/5825/2457 2942/5826/2957
f 2736/5827/2751 2943/5828/2958 2944/5829/2959
f 2737/5510/2752 2900/5830/2915 2778/5508/2793
f 2945/5831/2960 2631/5832/2646 2778/5508/2793
f 2779/5590/2794 2860/5664/2875 2822/5833/2837
f 2822/5591/2837 2946/5834/2961 2780/5513/2795
f 2702/5438/2717 2902/5835/2917 2739/5437/2754
f 2601/5140/2616 2903/5747/2918 2823/5593/2838
f 2783/5516/2798 2863/5667/2878 2862/5666/2877
f 2704/5364/2719 2947/5836/2962 2705/5365/2720
f 2456/5837/2469 2863/5667/2878 2455/5668/2468
f 2784/5517/2799 2788/5522/2803 2904/5748/2919
f 2708/5523/2723 2743/5442/2758 2948/5838/2963
f 2711/5750/2726 2790/5839/2805 2905/5751/2920
f 2825/5596/2840 2826/5674/2841 2908/5755/2923
f 2789/5840/2804 2905/5841/2920 2906/5842/2921
f 2868/5843/2883 2907/5753/2922 2745/5444/2760
f 2908/5755/2923 2869/5676/2884 2949/5844/2964
f 2906/5754/2921 2870/5680/2885 2791/5601/2806
f 2869/5676/2884 2950/5845/2965 2949/5844/2964
f 2827/5758/2842 2950/5846/2965 2869/5759/2884
f 2715/5847/2730 2744/5848/2759 2792/5849/2807
f 2827/5850/2842 2828/5761/2843 2950/5845/2965
f 2909/5851/2924 2951/5852/2966 2868/5853/2883
f 2792/5854/2807 2744/5443/2759 2952/5855/2967
f 2909/5851/2924 2953/5856/2968 2951/5852/2966
f 2792/5854/2807 2952/5855/2967 2749/5455/2764
f 2949/5857/2964 2954/5858/2969 2873/5859/2888
f 2828/5761/2843 2794/5763/2809 2955/5860/2970
f 2909/5760/2924 2911/5767/2926 2953/5861/2968
f 2873/5862/2888 2830/5611/2845 2956/5863/2971
f 2873/5862/2888 2872/5688/2887 2830/5611/2845
f 2794/5763/2809 2954/5864/2969 2955/5860/2970
f 2909/5760/2924 2829/5610/2844 2911/5767/2926
f 2829/5610/2844 2871/5684/2886 2911/5767/2926
f 2954/5864/2969 2752/5695/2767 2873/5862/2888
f 2646/5253/2661 2793/5533/2808 2794/5865/2809
f 2794/5763/2809 2875/5694/2890 2954/5864/2969
f 2954/5864/2969 2831/5612/2846 2752/5695/2767
f 2911/5767/2926 2796/5696/2811 2957/5866/2972
f 2875/5694/2890 2831/5612/2846 2954/5864/2969
f 2910/5765/2925 2832/5867/2847 2875/5766/2890
f 2506/5462/2519 2835/5868/2850 2874/5869/2889
f 2913/5773/2928 2958/5870/2973 2833/5615/2848
f 2913/5773/2928 2914/5775/2929 2958/5870/2973
f 2914/5871/2929 2959/5872/2974 2958/5873/2973
f 2914/5871/2929 2755/5874/2770 2959/5872/2974
f 2755/5465/2770 2960/5875/2975 2959/5876/2974
f 2754/5877/2769 2961/5878/2976 2836/5879/2851
f 2834/5616/2849 2800/5622/2815 2962/5880/2977
f 2507/4940/2520 2963/5881/2978 2721/5397/2736
f 2876/5698/2891 2964/5882/2979 2507/4940/2520
f 2836/5618/2851 2964/5882/2979 2876/5698/2891
f 2800/5622/2815 2838/5621/2853 2965/5883/2980
f 2838/5621/2853 2966/5884/2981 2965/5883/2980
f 2759/5470/2774 2878/5885/2893 2916/5779/2931
f 2838/5621/2853 2967/5886/2982 2966/5884/2981
f 2609/5887/2624 2917/5888/2932 2649/5261/2664
f 2464/4945/2477 2877/5699/2892 2722/5889/2737
f 2801/5702/2816 2879/5703/2894 2878/5885/2893
f 2613/5168/2628 2841/5890/2856 2839/5623/2854
f 2762/5475/2777 2880/5707/2895 2920/5786/2935
f 2840/5624/2855 2802/5560/2817 2968/5891/2983
f 2474/4847/2487 2881/5708/2896 2173/4197/2185
f 2928/5797/2943 2927/5796/2942 2534/5799/2549
f 2687/5326/2702 2926/5795/2941 2848/5637/2863
f 2848/5637/2863 2806/5565/2821 2477/4856/2490
f 2619/5330/2634 2969/5892/2984 2656/5272/2671
f 2657/5274/2672 2764/5482/2779 2929/5803/2944
f 2885/5893/2900 2970/5894/2985 2729/5895/2744
f 2888/5718/2903 2971/5896/2986 2930/5804/2945
f 2888/5718/2903 2931/5806/2946 2971/5896/2986
f 2729/5412/2744 2970/5897/2985 2851/5643/2866
f 2932/5898/2947 2972/5899/2987 2933/5900/2948
f 2890/5901/2905 2972/5899/2987 2809/5902/2824
f 2890/5901/2905 2933/5900/2948 2972/5899/2987
f 2809/5734/2824 2973/5903/2988 2974/5904/2989
f 2765/5568/2780 2975/4580/2990 2892/5731/2907
f 2765/5485/2780 2893/5732/2908 2975/5905/2990
f 2809/5734/2824 2974/5904/2989 2894/5733/2909
f 2732/5419/2747 2935/5811/2950 2893/5906/2908
f 2895/5907/2910 2976/5908/2991 2935/5909/2950
f 2895/5735/2910 2977/5910/2992 2976/5911/2991
f 2853/5653/2868 2936/5812/2951 2692/5340/2707
f 2895/5735/2910 2811/5574/2826 2977/5910/2992
f 2936/5812/2951 2978/5912/2993 2733/5421/2748
f 2693/5341/2708 2694/5342/2709 2897/5737/2912
f 2694/5342/2709 2854/5654/2869 2897/5737/2912
f 2938/5814/2953 2979/5913/2994 2898/5738/2913
f 2898/5739/2913 2980/5914/2995 2815/5578/2830
f 2979/5915/2994 2980/5914/2995 2898/5739/2913
f 2626/5740/2641 2939/5821/2954 2981/5916/2996
f 2626/5207/2641 2981/5917/2996 2627/5208/2642
f 2627/5208/2642 2981/5917/2996 2856/5657/2871
f 2819/5660/2834 2982/5918/2997 2941/5823/2956
f 2699/5919/2714 2735/5424/2750 2360/4599/2373
f 2548/5030/2563 2589/5115/2604 2983/5920/2998
f 2548/5030/2563 2983/5920/2998 2549/5921/2564
f 2145/4148/2157 2590/5427/2605 2984/5922/2999
f 2942/5826/2957 2821/5588/2836 2243/4602/2256
f 2631/5213/2646 2945/5923/2960 2444/5431/2457
f 2778/5508/2793 2900/5830/2915 2945/5831/2960
f 2780/5513/2795 2946/5834/2961 2781/5514/2796
f 2673/5299/2688 2406/4707/2419 2985/5924/3000
f 2456/5837/2469 2986/5925/3001 2863/5667/2878
f 2456/5837/2469 2785/5594/2800 2987/5926/3002
f 2705/5365/2720 2947/5836/2962 2707/5367/2722
f 2786/5519/2801 2784/5517/2799 2988/5927/3003
f 2784/5517/2799 2904/5748/2919 2988/5927/3003
f 2371/4623/2384 2989/5928/3004 2824/5595/2839
f 2865/5670/2880 2866/5671/2881 2990/5929/3005
f 2824/5595/2839 2991/5930/3006 2866/5931/2881
f 2950/5845/2965 2955/5860/2970 2949/5844/2964
f 2828/5761/2843 2955/5860/2970 2950/5845/2965
f 2949/5844/2964 2873/5862/2888 2956/5863/2971
f 2955/5860/2970 2954/5864/2969 2949/5844/2964
f 2749/5455/2764 2952/5855/2967 2992/5932/3007
f 2870/5680/2885 2910/5765/2925 2793/5682/2808
f 2749/5455/2764 2992/5932/3007 2795/5538/2810
f 2953/5861/2968 2911/5767/2926 2957/5866/2972
f 2793/5682/2808 2910/5765/2925 2794/5764/2809
f 2993/5933/3008 2994/5934/3009 2833/5935/2848
f 2993/5936/3008 2833/5615/2848 2995/5937/3010
f 2833/5615/2848 2958/5870/2973 2995/5937/3010
f 2833/5615/2848 2994/5938/3009 2754/5774/2769
f 2757/5468/2772 2751/5458/2766 2996/5939/3011
f 2912/5772/2927 2834/5616/2849 2962/5880/2977
f 2960/5875/2975 2997/5940/3012 2959/5876/2974
f 2959/5941/2974 2997/5942/3012 2998/5943/3013
f 2962/5880/2977 2800/5622/2815 2965/5883/2980
f 2757/5468/2772 2999/5944/3014 2758/5469/2773
f 2755/5465/2770 3000/5945/3015 2960/5875/2975
f 2960/5875/2975 3000/5945/3015 2997/5940/3012
f 2916/5779/2931 3000/5945/3015 2755/5465/2770
f 2838/5946/2853 3001/5947/3016 2967/5948/2982
f 2919/5949/2934 3001/5947/3016 2838/5946/2853
f 2919/5949/2934 3002/5950/3017 3001/5947/3016
f 2839/5623/2854 3003/5951/3018 2879/5703/2894
f 2841/5952/2856 3004/5953/3019 2839/5954/2854
f 2840/5955/2855 2968/5956/2983 2922/247/2937
f 2922/5791/2937 2923/5792/2938 2651/5264/2666
f 2843/5957/2858 2804/5958/2819 3005/5959/3020
f 2726/5407/2741 2883/5711/2898 2804/5562/2819
f 2683/5406/2698 2682/5319/2697 3006/5960/3021
f 2682/5319/2697 2882/5709/2897 3006/5960/3021
f 2846/5634/2861 2845/5633/2860 2805/5564/2820
f 2805/5961/2820 2926/5962/2941 2686/5963/2701
f 2686/2475/2701 2926/3220/2941 2925/5964/2940
f 3007/5965/3022 3008/5966/3023 2927/5967/2942
f 2927/5968/2942 3008/5969/3023 2534/5970/2549
f 3008/5971/3023 2847/5712/2862 2534/4986/2549
f 2927/5972/2942 2849/5973/2864 3007/5974/3022
f 2806/5565/2821 3009/5975/3024 2431/4762/2444
f 2619/5802/2634 2535/5801/2550 3010/5976/3025
f 2656/5480/2671 3011/5977/3026 2850/5641/2865
f 3012/5978/3027 2887/5719/2902 2886/5979/2901
f 2538/5001/2553 2850/5641/2865 2729/5980/2744
f 2889/5981/2904 3013/5982/3028 3014/5983/3029
f 3014/5983/3029 2931/5984/2946 2889/5981/2904
f 2970/5985/2985 2885/5986/2900 2930/5987/2945
f 2970/5985/2985 2930/5987/2945 2932/5988/2947
f 2764/5646/2779 2852/5645/2867 3015/5989/3030
f 2970/5985/2985 2932/5988/2947 2851/5990/2866
f 3016/3088/3031 2891/5728/2906 2808/5730/2823
f 2808/5991/2823 2934/5992/2949 3017/5993/3032
f 2975/5994/2990 2934/5995/2949 2892/5996/2907
f 3018/5997/3033 2853/5653/2868 2894/5733/2909
f 2811/5574/2826 2896/5736/2911 3019/5998/3034
f 2897/5737/2912 2854/5654/2869 3020/5999/3035
f 3021/6000/3036 2857/5658/2872 2856/5657/2871
f 3022/6001/3037 2817/5582/2832 2940/5822/2955
f 3023/6002/3038 2940/5822/2955 2816/5581/2831
f 3024/6003/3039 2664/5283/2679 2698/5352/2713
f 2588/5351/2603 2320/4510/2333 2818/5583/2833
f 3025/6004/3040 2589/5115/2604 2664/5283/2679
f 2983/6005/2998 2859/5661/2874 2549/5031/2564
f 2774/5504/2789 2776/5506/2791 2149/4155/2161
f 2943/6006/2958 2736/5432/2751 2776/5506/2791
f 3026/6007/3041 2444/5825/2457 2945/6008/2960
f 2860/5664/2875 3027/6009/3042 2822/5833/2837
f 2860/5664/2875 2738/5435/2753 3027/6009/3042
f 2861/6010/2876 3027/6009/3042 2738/5435/2753
f 2946/5834/2961 3028/6011/3043 2781/5514/2796
f 2903/5747/2918 2703/5362/2718 3029/6012/3044
f 2985/5924/3000 2369/4621/2382 2673/5299/2688
f 2947/5836/2962 2704/5364/2719 2369/4621/2382
f 3030/6013/3045 2948/5838/2963 2743/5442/2758
f 2787/5520/2802 2989/5928/3004 2371/4623/2384
f 2742/5441/2757 2867/5672/2882 2496/4912/2509
f 2905/5751/2920 2790/5839/2805 3031/6014/3046
f 2867/5672/2882 3032/6015/3047 2675/5303/2690
f 3032/6015/3047 2744/5443/2759 2675/5303/2690
f 3032/6015/3047 3033/6016/3048 2744/5443/2759
f 2907/6017/2922 2868/5675/2883 2951/6018/2966
f 3033/6016/3048 2952/5855/2967 2744/5443/2759
f 3033/6016/3048 2992/5932/3007 2952/5855/2967
f 2906/5754/2921 2910/5765/2925 2870/5680/2885
f 2906/5754/2921 3034/6019/3049 2910/5765/2925
f 3035/6020/3050 2910/6021/2925 3034/6022/3049
f 2992/5932/3007 2751/5458/2766 2795/5538/2810
f 2992/5932/3007 3036/6023/3051 2751/5458/2766
f 2832/5613/2847 2910/6021/2925 2797/5541/2812
f 2912/6024/2927 2962/6025/2977 2835/5868/2850
f 2994/6026/3009 2961/5878/2976 2754/5877/2769
f 3037/6027/3052 2964/5882/2979 2836/5618/2851
f 2963/5881/2978 2507/4940/2520 2964/5882/2979
f 2921/5787/2936 2649/5261/2664 2917/5888/2932
f 3002/6028/3017 2919/6029/2934 2918/5785/2933
f 3038/6030/3053 2878/5885/2893 2879/5703/2894
f 3039/6031/3054 2918/5785/2933 3040/6032/3055
f 3040/6032/3055 2918/5785/2933 2920/5786/2935
f 2841/5952/2856 2923/6033/2938 3004/5953/3019
f 3041/6034/3056 2521/4970/2536 2614/5171/2629
f 2725/5404/2740 2615/5179/2630 2523/4973/2538
f 2845/6035/2860 2926/5789/2941 2805/6036/2820
f 3042/6037/3057 3008/5966/3023 3007/5965/3022
f 3009/5975/3024 2535/4989/2550 2431/4762/2444
f 3043/6038/3058 2688/5329/2703 2807/5566/2822
f 2807/6039/2822 2884/6040/2899 3044/6041/3059
f 2969/6042/2984 3011/5977/3026 2656/5480/2671
f 2929/5803/2944 2884/5714/2899 2728/5411/2743
f 2850/5641/2865 2885/6043/2900 2729/5980/2744
f 3014/5983/3029 3013/5982/3028 3045/6044/3060
f 3045/6044/3060 2931/5984/2946 3014/5983/3029
f 2930/5987/2945 2972/6045/2987 2932/5988/2947
f 2930/6046/2945 2971/6047/2986 2972/6048/2987
f 3017/6049/3032 3046/6050/3061 3016/6051/3031
f 3016/6052/3031 2808/5991/2823 3017/5993/3032
f 3017/6049/3032 2934/6053/2949 3046/6050/3061
f 2809/5734/2824 2972/6054/2987 2973/5903/2988
f 2935/5811/2950 2976/5911/2991 3047/6055/3062
f 3018/5997/3033 2936/5812/2951 2853/5653/2868
f 2976/5911/2991 2977/5910/2992 3047/6055/3062
f 2977/5910/2992 2811/5574/2826 3019/5998/3034
f 3019/5998/3034 2896/5736/2911 3048/6056/3063
f 2978/5912/2993 2937/5813/2952 2733/5421/2748
f 2770/6057/2785 2817/6058/2832 3022/6059/3037
f 2857/5658/2872 3024/6003/3039 2698/5352/2713
f 3024/6003/3039 3025/6004/3040 2664/5283/2679
f 2547/5028/2562 3049/6060/3064 2699/5353/2714
f 2736/5827/2751 2944/5829/2959 2900/5830/2915
f 3050/6061/3065 2822/5833/2837 3027/6009/3042
f 2822/5833/2837 3050/6061/3065 2946/6062/2961
f 2946/5834/2961 3050/6063/3065 3051/6064/3066
f 2740/5439/2755 3052/6065/3067 2672/5298/2687
f 2672/6066/2687 3052/6067/3067 2902/6068/2917
f 2703/5362/2718 2862/5666/2877 3029/6012/3044
f 2985/5924/3000 2947/5836/2962 2369/4621/2382
f 2862/5666/2877 2863/5667/2878 2986/5925/3001
f 2456/6069/2469 2987/6070/3002 2986/6071/3001
f 2786/5519/2801 2989/5928/3004 2787/5520/2802
f 2904/5748/2919 2825/5596/2840 2988/5927/3003
f 2865/5670/2880 3053/6072/3068 2864/5749/2879
f 2865/5670/2880 2990/5929/3005 3053/6072/3068
f 2790/5839/2805 2907/6017/2922 3031/6014/3046
f 2908/5755/2923 2949/5844/2964 2956/5863/2971
f 2951/6018/2966 3035/6020/3050 3054/6073/3069
f 2951/6018/2966 2953/5861/2968 3035/6020/3050
f 3035/6020/3050 2953/5861/2968 2957/5866/2972
f 2830/5611/2845 2874/5869/2889 3055/6074/3070
f 3056/6075/3071 2796/5696/2811 2797/5541/2812
f 3055/6074/3070 2874/5869/2889 2835/5868/2850
f 3036/6023/3051 2996/5939/3011 2751/5458/2766
f 2835/5868/2850 2962/6025/2977 3057/6076/3072
f 3058/6077/3073 2994/5938/3009 2993/5936/3008
f 2757/5468/2772 3059/6078/3074 2999/5944/3014
f 2961/5878/2976 3037/6079/3052 2836/5879/2851
f 2997/5940/3012 3000/5945/3015 3060/6080/3075
f 2721/5397/2736 2963/5881/2978 2837/6081/2852
f 3000/5945/3015 2916/5779/2931 3060/6080/3075
f 2915/6082/2930 2917/5780/2932 2421/4734/2434
f 2916/5779/2931 2878/5885/2893 3061/6083/3076
f 3062/6084/3077 2722/5889/2737 2877/5699/2892
f 2918/5785/2933 3039/6031/3054 3002/6028/3017
f 3038/6085/3053 2879/6086/2894 3063/6087/3078
f 2722/5399/2737 2968/6088/2983 2802/5554/2817
f 3064/6089/3079 2839/5954/2854 3004/5953/3019
f 2804/5958/2819 2883/6090/2898 3005/5959/3020
f 2847/5636/2862 3008/6091/3023 3042/6092/3057
f 3065/6093/3080 3042/6037/3057 3007/5965/3022
f 2849/6094/2864 2688/5329/2703 3043/6038/3058
f 2929/6095/2944 3066/6096/3081 2884/6040/2899
f 2884/6040/2899 3066/6096/3081 3044/6041/3059
f 2886/6097/2901 2885/6098/2900 3012/6099/3027
f 2971/5896/2986 3067/6100/3082 2972/6101/2987
f 2934/6053/2949 3068/6102/3083 3046/6050/3061
f 2934/5995/2949 2975/5994/2990 3068/6103/3083
f 2974/5904/2989 3018/5997/3033 2894/5733/2909
f 2977/5910/2992 3019/5998/3034 3069/6104/3084
f 2768/5491/2783 2937/5813/2952 3070/6105/3085
f 2768/5491/2783 3070/6105/3085 2938/5814/2953
f 2815/5578/2830 2980/5914/2995 2769/5492/2784
f 3071/6106/3086 2939/5821/2954 2855/5655/2870
f 2981/5917/2996 2939/6107/2954 2856/5657/2871
f 2856/5657/2871 2939/6107/2954 3021/6000/3036
f 2816/5581/2831 2697/5350/2712 3023/6002/3038
f 2819/5584/2834 2899/5741/2914 3072/6108/3087
f 3025/6004/3040 2983/5920/2998 2589/5115/2604
f 3027/6009/3042 2861/6010/2876 3073/6109/3088
f 2946/5834/2961 3051/6064/3066 3028/6011/3043
f 2739/5437/2754 2902/5835/2917 2901/5745/2916
f 2781/5592/2796 3074/6110/3089 2740/5439/2755
f 2903/5747/2918 3029/6012/3044 2823/5593/2838
f 2782/5515/2797 3075/6111/3090 2406/5141/2419
f 2406/5141/2419 3075/6111/3090 2985/6112/3000
f 2786/5519/2801 2988/5927/3003 2989/5928/3004
f 2743/5442/2758 2864/5669/2879 3030/6013/3045
f 2991/5930/3006 3076/6113/3091 2866/5931/2881
f 2824/5595/2839 2989/5928/3004 2991/5930/3006
f 2905/5751/2920 3034/6022/3049 2906/5752/2921
f 2905/5751/2920 3031/6014/3046 3034/6022/3049
f 2907/6017/2922 3054/6073/3069 3031/6014/3046
f 2907/6017/2922 2951/6018/2966 3054/6073/3069
f 2956/5863/2971 2830/5611/2845 3077/6114/3092
f 2992/5932/3007 3078/6115/3093 3036/6023/3051
f 3035/6020/3050 2957/5866/2972 2910/6021/2925
f 3056/6075/3071 2910/6021/2925 2957/5866/2972
f 2796/5696/2811 3056/6075/3071 2957/5866/2972
f 2797/5541/2812 2910/6021/2925 3056/6075/3071
f 3078/6115/3093 2996/5939/3011 3036/6023/3051
f 3057/6076/3072 3079/6116/3094 3080/6117/3095
f 3057/6076/3072 2962/6025/2977 3079/6116/3094
f 2994/5938/3009 3058/6077/3073 3081/6118/3096
f 2996/5939/3011 3059/6078/3074 2757/5468/2772
f 2758/5469/2773 2999/5944/3014 3082/6119/3097
f 2965/6120/2980 3083/6121/3098 2962/6025/2977
f 2963/5881/2978 2964/5882/2979 3084/6122/3099
f 2965/5241/2980 2966/6123/2981 3083/6124/3098
f 2511/4944/2524 2837/5620/2852 3085/6125/3100
f 2916/5779/2931 3061/6083/3076 3060/6080/3075
f 2511/4944/2524 3085/6125/3100 2877/5699/2892
f 2967/5886/2982 3001/6126/3016 2966/5884/2981
f 3085/6125/3100 3062/6084/3077 2877/5699/2892
f 3061/6083/3076 2878/5885/2893 3086/6127/3101
f 3038/6030/3053 3086/6127/3101 2878/5885/2893
f 2722/5889/2737 3062/6084/3077 2968/5891/2983
f 3038/6030/3053 3063/6128/3078 3086/6127/3101
f 2839/6129/2854 3087/6130/3102 3003/6131/3018
f 2839/6129/2854 3088/6132/3103 3087/6130/3102
f 3064/6133/3079 3089/6134/3104 3088/6132/3103
f 2839/6129/2854 3064/6133/3079 3088/6132/3103
f 3004/5953/3019 2923/6033/2938 3064/6089/3079
f 2968/5956/2983 3090/6135/3105 2922/247/2937
f 3041/6034/3056 2803/5561/2818 2521/4970/2536
f 2880/6136/2895 2843/5957/2858 3091/6137/3106
f 2843/5957/2858 3005/5959/3020 3091/6137/3106
f 2173/4197/2185 2844/6138/2859 2426/4753/2439
f 2725/5404/2740 3092/6139/3107 2615/5179/2630
f 2615/5179/2630 3092/6139/3107 2924/6140/2939
f 2683/5321/2698 3006/6141/3021 2845/5710/2860
f 3007/5965/3022 3093/6142/3108 3065/6093/3080
f 2849/6094/2864 3043/6038/3058 3007/6143/3022
f 2807/6039/2822 3044/6041/3059 3094/6144/3109
f 2887/5719/2902 3012/5978/3027 2889/5720/2904
f 3012/5978/3027 3013/6145/3028 2889/5720/2904
f 3013/5982/3028 3095/6146/3110 3045/6044/3060
f 2764/5482/2779 3015/6147/3030 2929/5803/2944
f 3015/5989/3030 2852/5645/2867 3096/6148/3111
f 2931/5806/2946 3067/6100/3082 2971/5896/2986
f 3016/6149/3031 3097/6150/3112 2891/6151/2906
f 2973/5903/2988 3098/6152/3113 2974/5904/2989
f 2974/6153/2989 3098/6154/3113 3099/6155/3114
f 2974/5904/2989 3099/6156/3114 3018/5997/3033
f 3018/5997/3033 3100/6157/3115 2936/5812/2951
f 2897/4330/2912 3101/6158/3116 3048/6159/3063
f 2897/5737/2912 3048/6056/3063 2896/5736/2911
f 2938/5814/2953 3070/6105/3085 2979/5913/2994
f 2438/4775/2451 3102/6160/3117 2276/4434/2289
f 2769/5492/2784 3103/6161/3118 2438/4775/2451
f 2661/5815/2676 3104/6162/3119 2485/5816/2498
f 3022/6163/3037 2854/6164/2869 2770/6165/2785
f 2858/6166/2873 2697/5350/2712 2064/3968/2076
f 2588/5114/2603 3105/6167/3120 2858/5659/2873
f 2818/5583/2833 3106/6168/3121 2588/5351/2603
f 2735/1715/2750 3107/6169/3122 2899/6170/2914
f 2699/5919/2714 3107/6171/3122 2735/5424/2750
f 2628/5210/2643 3108/6172/3123 2547/5209/2562
f 2859/6173/2874 2983/6174/2998 2628/6175/2643
f 2590/5116/2605 2821/5588/2836 2984/6176/2999
f 2820/5824/2835 3109/6177/3124 2202/4260/2214
f 3110/6178/3125 2821/5588/2836 2942/5826/2957
f 2900/5830/2915 3111/6179/3126 2945/5831/2960
f 3050/6061/3065 3027/6009/3042 3051/6180/3066
f 2823/5593/2838 3075/6111/3090 2782/5515/2797
f 3074/6110/3089 3112/6181/3127 2740/5439/2755
f 3029/6012/3044 3113/6182/3128 2823/5593/2838
f 2740/5439/2755 3112/6181/3127 3052/6065/3067
f 3075/6111/3090 2947/6183/2962 2985/6112/3000
f 2862/5666/2877 3114/6184/3129 3029/6012/3044
f 2947/6183/2962 3115/6185/3130 2707/6186/2722
f 2785/5594/2800 2741/5440/2756 3116/6187/3131
f 2741/5521/2756 2708/5369/2723 3116/6188/3131
f 2707/6189/2722 3117/6190/3132 2742/6191/2757
f 2990/6192/3005 3118/6193/3133 3053/6194/3068
f 2990/6192/3005 3119/6195/3134 3118/6193/3133
f 2866/5671/2881 3119/6196/3134 2990/5929/3005
f 2825/5596/2840 3120/6197/3135 2988/5927/3003
f 2991/5930/3006 2989/5928/3004 3121/6198/3136
f 3120/6197/3135 2825/5596/2840 2908/5755/2923
f 2908/5755/2923 2956/5863/2971 3077/6114/3092
f 3031/6014/3046 3054/6073/3069 3034/6022/3049
f 3034/6022/3049 3054/6073/3069 3035/6020/3050
f 2830/5611/2845 3122/6199/3137 3077/6114/3092
f 2830/5611/2845 3123/6200/3138 3122/6199/3137
f 2830/5611/2845 3055/6074/3070 3123/6200/3138
f 2992/5932/3007 3033/6016/3048 3078/6115/3093
f 2835/5868/2850 3057/6076/3072 3055/6074/3070
f 3078/6115/3093 3124/6201/3139 2996/5939/3011
f 3057/6202/3072 3125/6203/3140 3126/6204/3141
f 3080/6117/3095 3125/6205/3140 3057/6076/3072
f 2996/5939/3011 3124/6201/3139 3059/6078/3074
f 3080/6117/3095 3079/6116/3094 3125/6205/3140
f 3079/6116/3094 3127/6206/3142 3128/6207/3143
f 3079/6116/3094 2962/6025/2977 3127/6206/3142
f 2962/6025/2977 3083/6121/3098 3127/6206/3142
f 2758/5469/2773 3082/6119/3097 2915/5778/2930
f 2964/5882/2979 3037/6027/3052 3084/6122/3099
f 2915/6208/2930 3129/6209/3144 2917/6210/2932
f 3001/6211/3016 3130/6212/3145 2966/6213/2981
f 3002/6214/3017 3130/6212/3145 3001/6211/3016
f 2879/6086/2894 3003/6215/3018 3063/6087/3078
f 2920/5786/2935 3131/6216/3146 3040/6032/3055
f 3064/6089/3079 2923/6033/2938 3089/6217/3104
f 2920/6218/2935 2880/6136/2895 3132/6219/3147
f 2923/6033/2938 2922/6220/2937 3090/6221/3105
f 3091/6137/3106 3132/6219/3147 2880/6136/2895
f 2173/4197/2185 2881/5708/2896 3133/6222/3148
f 2883/6090/2898 3134/6223/3149 3005/5959/3020
f 3134/6223/3149 2883/6090/2898 3135/6224/3150
f 2882/5709/2897 2763/5478/2778 3136/6225/3151
f 3136/6225/3151 2763/5478/2778 2924/5793/2939
f 2883/5711/2898 2847/5636/2862 3135/6226/3150
f 3135/6226/3150 2847/5636/2862 3042/6092/3057
f 3007/5965/3022 3043/6227/3058 3093/6142/3108
f 3137/6228/3152 3138/6229/3153 2619/5330/2634
f 3137/6228/3152 2619/5330/2634 3010/6230/3025
f 2619/5330/2634 3138/6229/3153 2969/5892/2984
f 3139/6231/3154 2850/5641/2865 3011/5977/3026
f 3140/6232/3155 3095/6233/3110 3012/5978/3027
f 3012/5978/3027 3095/6233/3110 3013/6145/3028
f 3140/6232/3155 3141/6234/3156 3095/6233/3110
f 3139/6235/3154 2885/6236/2900 2850/6237/2865
f 3141/6238/3156 3045/6044/3060 3095/6146/3110
f 3045/6044/3157 3142/6239/3158 3095/6146/3159
f 3143/6240/3160 2852/5723/2867 2891/5725/2906
f 3016/6051/3031 3046/6050/3061 3144/6241/3161
f 3144/6241/3161 3046/6050/3061 3068/6102/3083
f 3098/6242/3113 2973/6243/2988 2972/6244/2987
f 3069/6104/3084 3019/5998/3034 3145/6245/3162
f 3145/6245/3162 3019/5998/3034 3048/6056/3063
f 2936/5812/2951 3146/6246/3163 2978/5912/2993
f 3146/6246/3163 2937/5813/2952 2978/5912/2993
f 3102/6160/3117 2438/4775/2451 3103/6161/3118
f 3103/6161/3118 2769/5492/2784 2980/5914/2995
f 3147/6247/3164 2854/5654/2869 3022/6248/3037
f 2855/6249/2870 2485/5816/2498 3104/6162/3119
f 3022/6001/3037 2940/5822/2955 3023/6002/3038
f 3148/6250/3165 2857/5658/2872 3021/6000/3036
f 3105/6167/3120 2588/5114/2603 3106/6251/3121
f 2983/6252/2998 3108/6253/3123 2628/6254/2643
f 3026/6007/3041 2942/5826/2957 2444/5825/2457
f 3028/6011/3043 3074/6255/3089 2781/5514/2796
f 2823/5593/2838 3113/6182/3128 3075/6111/3090
f 3029/6012/3044 3114/6184/3129 3113/6182/3128
f 3114/6184/3129 2862/5666/2877 2986/5925/3001
f 3116/6187/3131 2708/5523/2723 3149/6256/3166
f 3115/6257/3130 3117/6258/3132 2707/2174/2722
f 2988/5927/3003 3150/6259/3167 2989/5928/3004
f 3151/6260/3168 2989/5928/3004 3150/6259/3167
f 3150/6259/3167 2988/5927/3003 3120/6197/3135
f 2989/5928/3004 3151/6260/3168 3121/6198/3136
f 3152/6261/3169 3076/6262/3091 2991/6263/3006
f 3121/6198/3136 3151/6260/3168 3077/6114/3092
f 3151/6260/3168 3120/6197/3135 3077/6114/3092
f 3120/6197/3135 2908/5755/2923 3077/6114/3092
f 3121/6198/3136 3077/6114/3092 3122/6199/3137
f 3032/6015/3047 3153/6264/3170 3033/6016/3048
f 2993/5936/3008 2995/5937/3010 3058/6077/3073
f 3081/6118/3096 2961/6265/2976 2994/5938/3009
f 3128/6207/3143 3127/6206/3142 3154/6266/3171
f 3155/6267/3172 2997/5940/3012 3060/6080/3075
f 3127/6206/3142 3083/6121/3098 3154/6266/3171
f 3156/6268/3173 3157/6269/3174 3158/6270/3175
f 3154/6266/3171 3157/6269/3174 3156/6268/3173
f 3083/6121/3098 3157/6269/3174 3154/6266/3171
f 3083/6121/3098 2966/6213/2981 3159/6271/3176
f 3159/6271/3176 2966/6213/2981 3130/6212/3145
f 3131/6216/3146 2920/5786/2935 3132/6272/3147
f 3089/6217/3104 2923/6033/2938 3090/6221/3105
f 3160/6273/3177 3041/6034/3056 2614/5171/2629
f 3133/6222/3148 3161/6274/3178 2173/4197/2185
f 3161/6274/3178 2844/6138/2859 2173/4197/2185
f 2844/5632/2859 3162/6275/3179 2725/5477/2740
f 3005/5959/3020 3134/6223/3149 3163/6276/3180
f 3162/6277/3179 3092/6139/3107 2725/5404/2740
f 3006/6141/3021 3164/6278/3181 2845/5710/2860
f 3165/6279/3182 3136/6225/3151 2924/5793/2939
f 3135/6224/3150 3042/6280/3057 3065/6281/3080
f 3043/6038/3058 2807/5566/2822 3166/6282/3183
f 3009/5975/3024 3010/6283/3025 2535/4989/2550
f 3138/6284/3153 3011/5977/3026 2969/6042/2984
f 3094/6285/3109 3167/6286/3184 2807/5566/2822
f 3044/6041/3059 3066/6096/3081 3168/6287/3185
f 3012/6099/3027 2885/6098/2900 3169/6288/3186
f 3140/6289/3155 3045/6044/3060 3141/6238/3156
f 3140/6290/3155 3170/6291/3187 3045/6292/3060
f 2929/6293/2944 3015/5989/3030 3066/6294/3081
f 3171/6295/3188 3172/6296/3189 3173/6297/3190
f 3172/6296/3189 3174/6298/3191 3173/6297/3190
f 3143/6299/3160 2891/6151/2906 3097/6150/3112
f 3067/6300/3082 3175/6301/3192 2972/6302/2987
f 3175/6303/3192 3176/6304/3193 2972/1661/2987
f 3144/6241/3161 3068/6102/3083 3177/6305/3194
f 2972/859/2987 3176/6306/3193 3098/6307/3113
f 2975/6308/2990 2893/5906/2908 3178/6309/3195
f 2893/5906/2908 2935/5811/2950 3179/6310/3196
f 2935/5811/2950 3047/6055/3062 3179/6310/3196
f 3100/6157/3115 3180/6311/3197 2936/5812/2951
f 3047/6055/3062 2977/5910/2992 3069/6104/3084
f 3145/6312/3162 3048/6159/3063 3101/6158/3116
f 3020/5999/3035 2854/5654/2869 3147/6247/3164
f 3181/6313/3198 2979/5913/2994 3070/6105/3085
f 2979/5913/2994 3181/6313/3198 3182/6314/3199
f 2979/5915/2994 3183/6315/3200 2980/5914/2995
f 3184/6316/3201 3183/6315/3200 2979/5915/2994
f 2855/5655/2870 3185/6317/3202 3071/6106/3086
f 3071/6106/3086 3186/6318/3203 2939/5821/2954
f 2857/6319/2872 3187/6320/3204 3024/6321/3039
f 2699/5919/2714 3049/6322/3064 3107/6171/3122
f 3025/6004/3040 3188/6323/3205 2983/5920/2998
f 2547/5028/2562 3108/6324/3123 3049/6060/3064
f 3189/6325/3206 3112/6181/3127 3074/6110/3089
f 2987/5926/3002 2785/5594/2800 3116/6187/3131
f 3149/6256/3166 2708/5523/2723 2948/5838/2963
f 3053/6194/3068 3118/6193/3133 3190/6326/3207
f 2866/5931/2881 3076/6113/3091 3119/6195/3134
f 3191/6327/3208 3119/6195/3134 3076/6113/3091
f 3150/6259/3167 3120/6197/3135 3151/6260/3168
f 2991/6263/3006 3121/6328/3136 3152/6261/3169
f 2867/6329/2882 2742/5552/2757 3192/6330/3209
f 2867/6329/2882 3193/6331/3210 3032/6332/3047
f 3033/6016/3048 3194/6333/3211 3078/6115/3093
f 3195/6334/3212 3057/6076/3072 3126/6335/3141
f 3194/6333/3211 3124/6201/3139 3078/6115/3093
f 3196/6336/3213 3081/6118/3096 3058/6077/3073
f 3194/6333/3211 3059/6078/3074 3124/6201/3139
f 3125/6203/3140 3079/6337/3094 3197/6338/3214
f 2959/6339/2974 2998/6340/3013 3198/6341/3215
f 3194/6333/3211 3199/6342/3216 3059/6078/3074
f 2998/6343/3013 3200/6344/3217 3198/6345/3215
f 3197/6346/3214 3079/6116/3094 3128/6207/3143
f 2999/5944/3014 3201/6347/3218 3082/6119/3097
f 3128/6207/3143 3154/6266/3171 3202/6348/3219
f 3202/6348/3219 3154/6266/3171 3203/6349/3220
f 3158/6270/3175 3203/6349/3220 3156/6268/3173
f 3154/6350/3171 3156/6351/3173 3203/6352/3220
f 3037/6353/3052 3204/6354/3221 3084/6355/3099
f 3083/6121/3098 3205/6356/3222 3157/6269/3174
f 2963/6357/2978 3206/6358/3223 2837/5620/2852
f 2837/5620/2852 3206/6358/3223 3085/6125/3100
f 3062/6084/3077 3207/6359/3224 2968/5891/2983
f 3208/6360/3225 3209/6361/3226 3210/6362/3227
f 3211/6363/3228 3063/6087/3078 3003/6215/3018
f 3003/6215/3018 3087/6364/3102 3211/6363/3228
f 3207/6359/3224 3090/6365/3105 2968/5891/2983
f 2921/5787/2936 3212/6366/3229 2761/5474/2776
f 3208/6360/3225 3090/6221/3105 3209/6361/3226
f 3208/6360/3225 3089/6217/3104 3090/6221/3105
f 2761/5474/2776 3212/6366/3229 2614/5171/2629
f 3160/6273/3177 2614/5171/2629 3212/6366/3229
f 3041/6034/3056 3213/6367/3230 2803/5561/2818
f 3213/6367/3230 2881/5708/2896 2803/5561/2818
f 3214/6368/3231 3091/6137/3106 3163/6276/3180
f 3091/6137/3106 3005/5959/3020 3163/6276/3180
f 3006/5960/3021 2882/5709/2897 3164/6369/3181
f 3164/6278/3181 3215/6370/3232 2845/5710/2860
f 2845/6371/2860 2848/6372/2863 2926/6373/2941
f 2848/5637/2863 3215/6370/3232 2806/5565/2821
f 2806/5565/2821 3216/6374/3233 3009/5975/3024
f 2807/5566/2822 3167/6286/3184 3166/6282/3183
f 3044/6041/3059 3168/6287/3185 3094/6144/3109
f 3170/6375/3187 3140/6376/3155 3217/6377/3234
f 3170/6375/3187 3217/6377/3234 3045/6378/3060
f 3218/6379/3235 3172/6296/3189 3171/6295/3188
f 3015/5989/3030 3096/6148/3111 3066/6294/3081
f 2852/5723/2867 3143/6240/3160 3096/6380/3111
f 3171/6295/3188 3219/6381/3236 3220/6382/3237
f 3171/6295/3188 3173/6297/3190 3219/6381/3236
f 3173/6297/3190 3174/6298/3191 3221/6383/3238
f 3174/6384/3191 3222/6385/3239 3221/6386/3238
f 3223/6387/3240 3222/6388/3239 3174/6389/3191
f 3174/6389/3191 3097/6150/3112 3223/6387/3240
f 3143/6299/3160 3097/6150/3112 3224/6390/3241
f 3097/6391/3112 3222/6392/3239 3223/6393/3240
f 3016/6051/3031 3144/6241/3161 3097/6394/3112
f 2975/5994/2990 3177/6395/3194 3068/6103/3083
f 3100/6157/3115 3225/6396/3242 3180/6311/3197
f 2936/5812/2951 3180/6311/3197 3146/6246/3163
f 3182/6314/3199 3226/6397/3243 2979/5913/2994
f 2661/5278/2676 2276/4434/2289 3227/6398/3244
f 3226/6397/3243 3184/6399/3201 2979/5913/2994
f 2980/5914/2995 3183/6315/3200 3103/6161/3118
f 2855/6249/2870 3104/6162/3119 3185/6400/3202
f 3024/6003/3039 3228/6401/3245 3025/6004/3040
f 3107/6169/3122 3229/6402/3246 2899/6170/2914
f 3107/6403/3122 3049/6404/3064 3230/6405/3247
f 2145/4148/2157 2984/5922/2999 2820/5585/2835
f 2821/5588/2836 3110/6178/3125 2984/6176/2999
f 3075/6111/3090 3113/6182/3128 3231/6406/3248
f 3075/6111/3090 3231/6406/3248 2947/6183/2962
f 3113/6182/3128 3114/6184/3129 3232/6407/3249
f 3114/6184/3129 2986/5925/3001 3232/6407/3249
f 3052/6408/3067 3233/6409/3250 2902/6410/2917
f 2947/6183/2962 3231/6406/3248 3115/6185/3130
f 2987/5926/3002 3116/6187/3131 2986/5925/3001
f 3149/6256/3166 2948/5838/2963 3234/6411/3251
f 2864/5749/2879 3053/6072/3068 3030/654/3045
f 3118/4113/3133 3119/6412/3134 3235/6413/3252
f 3191/6414/3208 3236/6415/3253 3119/6412/3134
f 2742/5441/2757 3237/6416/3254 3192/6417/3209
f 3192/6330/3209 3238/6418/3255 2867/6329/2882
f 2867/6329/2882 3238/6418/3255 3193/6331/3210
f 3032/6332/3047 3193/6331/3210 3153/6419/3170
f 3123/6200/3138 3055/6074/3070 3239/6420/3256
f 3153/6264/3170 3194/6333/3211 3033/6016/3048
f 3058/6077/3073 3240/6421/3257 3196/6336/3213
f 3058/6422/3073 2995/6423/3010 3241/6424/3258
f 3242/6425/3259 2999/6426/3014 3059/6427/3074
f 2998/6343/3013 2997/5940/3012 3200/6344/3217
f 2961/5878/2976 3243/6428/3260 3037/6079/3052
f 2997/5940/3012 3155/6267/3172 3200/6344/3217
f 2915/5778/2930 3082/6119/3097 3244/6429/3261
f 3037/6079/3052 3243/6428/3260 3204/6430/3221
f 3084/6122/3099 3206/6431/3223 2963/5881/2978
f 3129/6209/3144 2915/6208/2930 3244/6432/3261
f 3159/6271/3176 3130/6212/3145 3083/6121/3098
f 3083/6121/3098 3130/6212/3145 3205/6356/3222
f 3086/6127/3101 3245/6433/3262 3061/6083/3076
f 3086/6127/3101 3063/6128/3078 3246/6434/3263
f 3039/6435/3054 3247/6436/3264 3002/6214/3017
f 3248/6437/3265 3249/6438/3266 3210/6439/3227
f 3039/6435/3054 3040/6440/3055 3247/6436/3264
f 3210/6362/3227 3209/6361/3226 3248/6441/3265
f 3209/6361/3226 3090/6221/3105 3207/6442/3224
f 3208/6443/3225 3210/6444/3227 3088/6445/3103
f 2921/5787/2936 3250/6446/3267 3212/6366/3229
f 3208/6447/3225 3088/6132/3103 3089/6134/3104
f 3251/6448/3268 3252/6449/3269 3253/6450/3270
f 3252/6449/3269 3091/6137/3106 3254/6451/3271
f 3254/6451/3271 3214/6368/3231 3255/6452/3272
f 3091/6137/3106 3214/6368/3231 3254/6451/3271
f 3134/6453/3149 3135/6454/3150 3256/6455/3273
f 3093/6142/3108 3043/6227/3058 3065/6093/3080
f 3167/6286/3184 3094/6285/3109 3257/6456/3274
f 3094/6144/3109 3168/6287/3185 3257/6457/3274
f 3258/6458/3275 3217/6459/3234 3140/6232/3155
f 3168/6460/3185 3066/6294/3081 3096/6148/3111
f 3171/6295/3188 3259/6461/3276 3218/6379/3235
f 3259/6461/3276 3220/6382/3237 3260/6462/3277
f 3171/6295/3188 3220/6382/3237 3259/6461/3276
f 3045/6044/3060 3261/6463/3278 2931/5984/2946
f 3220/6464/3237 3262/6465/3279 3263/6466/3280
f 2931/5806/2946 3261/6467/3278 3067/6100/3082
f 3262/6468/3279 3264/6469/3281 3263/6470/3280
f 3220/6464/3237 3219/6471/3236 3262/6465/3279
f 3097/6391/3112 3265/6472/3282 3222/6392/3239
f 3222/6473/3239 3265/6474/3282 3221/6475/3238
f 3177/6305/3194 3266/6476/3283 3144/6241/3161
f 2975/5994/2990 3178/6477/3195 3177/6395/3194
f 2893/5906/2908 3179/6310/3196 3178/6309/3195
f 3018/5997/3033 3099/6156/3114 3267/6478/3284
f 3018/5997/3033 3267/6478/3284 3100/6157/3115
f 3100/6157/3115 3267/6478/3284 3225/6396/3242
f 3047/6055/3062 3268/6479/3285 3179/6310/3196
f 3225/6396/3242 3269/6480/3286 3180/6311/3197
f 3180/6311/3197 3269/6480/3286 3270/6481/3287
f 3180/6311/3197 3270/6481/3287 3146/6246/3163
f 3227/6398/3244 3104/6482/3119 2661/5278/2676
f 3147/6247/3164 3022/6248/3037 3271/6483/3288
f 3021/6000/3036 2939/6107/2954 3148/6250/3165
f 3148/6250/3165 3187/6484/3204 2857/5658/2872
f 2697/5350/2712 3272/6485/3289 3023/6002/3038
f 2697/5350/2712 2858/6166/2873 3272/6485/3289
f 2818/5583/2833 2941/5823/2956 3106/6168/3121
f 2899/6486/2914 3229/6487/3246 3072/6488/3087
f 3025/6004/3040 3228/6401/3245 3188/6323/3205
f 3107/6169/3122 3230/6489/3247 3229/6402/3246
f 3113/6182/3128 3232/6407/3249 3231/6406/3248
f 3189/6490/3206 3052/6491/3067 3112/6492/3127
f 3116/6187/3131 3149/6256/3166 3234/6411/3251
f 3115/6185/3130 3231/6406/3248 3273/6493/3290
f 2948/5838/2963 3274/6494/3291 3234/6411/3251
f 3115/6185/3130 3273/6493/3290 3117/6495/3132
f 2948/5838/2963 3030/6013/3045 3274/6494/3291
f 3275/6496/3292 3117/6495/3132 3273/6493/3290
f 3053/6497/3068 3190/6498/3207 3276/6499/3293
f 3119/6412/3134 3236/6415/3253 3235/6413/3252
f 3237/6416/3254 2742/5441/2757 3117/6500/3132
f 3190/6326/3207 3118/6193/3133 3277/6501/3294
f 3278/6502/3295 3191/6327/3208 3076/6113/3091
f 3237/6416/3254 3238/6503/3255 3192/6417/3209
f 3279/6504/3296 3121/6198/3136 3122/6199/3137
f 3279/6504/3296 3122/6199/3137 3280/6505/3297
f 3238/6418/3255 3281/6506/3298 3193/6331/3210
f 3280/6505/3297 3122/6199/3137 3123/6200/3138
f 3282/6507/3299 3239/6420/3256 3055/6074/3070
f 3055/6074/3070 3057/6076/3072 3195/6334/3212
f 3126/6204/3141 3125/6203/3140 3283/6508/3300
f 3284/6509/3301 2958/5870/2973 2959/6339/2974
f 3285/6510/3302 3199/6342/3216 3194/6333/3211
f 3286/6511/3303 3199/6342/3216 3285/6510/3302
f 3286/6512/3303 3287/6513/3304 3199/6514/3216
f 3287/6515/3304 3059/6516/3074 3199/6517/3216
f 3287/6518/3304 3242/6519/3259 3059/6078/3074
f 3197/6346/3214 3128/6207/3143 3288/6520/3305
f 3242/6519/3259 3201/6347/3218 2999/5944/3014
f 3289/6521/3306 2961/6265/2976 3081/6118/3096
f 3290/6522/3307 3082/6119/3097 3201/6347/3218
f 3082/6119/3097 3290/6522/3307 3244/6429/3261
f 3060/6080/3075 3061/6083/3076 3155/6267/3172
f 3084/6355/3099 3291/6523/3308 3206/6524/3223
f 3084/6355/3099 3204/6354/3221 3291/6523/3308
f 3204/6354/3221 3292/6525/3309 3291/6523/3308
f 3085/6526/3100 3206/6527/3223 3062/6528/3077
f 3062/6084/3077 3206/6358/3223 3291/6529/3308
f 3248/6441/3265 3292/6525/3309 3204/6354/3221
f 3292/6525/3309 3248/6441/3265 3291/6523/3308
f 3245/6433/3262 3086/6127/3101 3246/6434/3263
f 3291/6529/3308 3207/6359/3224 3062/6084/3077
f 3250/6446/3267 2921/5787/2936 3129/6530/3144
f 2917/5888/2932 3129/6530/3144 2921/5787/2936
f 3248/6441/3265 3209/6361/3226 3291/6523/3308
f 3291/6523/3308 3209/6361/3226 3207/6442/3224
f 3246/6434/3263 3063/6128/3078 3211/6531/3228
f 3249/6438/3266 3293/6532/3310 3210/6439/3227
f 3293/6533/3310 3088/5849/3103 3210/6534/3227
f 3087/6364/3102 3088/6535/3103 3211/6363/3228
f 3251/6448/3268 3132/6219/3147 3091/6137/3106
f 3251/6448/3268 3091/6137/3106 3252/6449/3269
f 3294/6536/3311 3252/6449/3269 3254/6451/3271
f 3294/6536/3311 3254/6451/3271 3255/6452/3272
f 3092/6139/3107 3165/6537/3182 2924/6140/2939
f 3136/6225/3151 3165/6279/3182 3295/6538/3312
f 3216/6374/3233 2806/5565/2821 3215/6370/3232
f 3166/6539/3183 3296/6540/3313 3043/6227/3058
f 3009/6541/3024 3216/6542/3233 3010/6230/3025
f 3297/6543/3314 3167/6286/3184 3257/6456/3274
f 3298/6544/3315 3218/6379/3235 3259/6461/3276
f 2885/6236/2900 3139/6235/3154 3169/6545/3186
f 3258/6458/3275 3299/6546/3316 3300/6547/3317
f 3258/6548/3275 3301/6549/3318 3217/6550/3234
f 3302/6551/3319 3172/6552/3189 3218/6553/3235
f 3303/6554/3320 3168/6555/3185 3224/6556/3241
f 3224/6557/3241 3168/6558/3185 3096/6559/3111
f 3224/6560/3241 3096/6380/3111 3143/6240/3160
f 3220/6382/3237 3263/6470/3280 3260/6462/3277
f 3264/6561/3281 3262/6465/3279 3304/6562/3321
f 3305/6563/3322 3306/6564/3323 3260/6565/3277
f 3307/6566/3324 3260/6462/3277 3263/6470/3280
f 3308/6567/3325 3219/6471/3236 3173/6568/3190
f 3308/6567/3325 3173/6568/3190 3221/6569/3238
f 3264/6469/3281 3307/6566/3324 3263/6470/3280
f 3309/6570/3326 3221/6475/3238 3265/6474/3282
f 3067/6300/3082 3310/6571/3327 3175/6301/3192
f 3175/6572/3192 3098/6307/3113 3176/6306/3193
f 3099/6155/3114 3098/6154/3113 3311/6573/3328
f 3312/6574/3329 3225/6396/3242 3267/6478/3284
f 3312/6574/3329 3269/6480/3286 3225/6396/3242
f 3047/6055/3062 3069/6104/3084 3268/6479/3285
f 3313/6575/3330 3146/6246/3163 3270/6481/3287
f 3314/6576/3331 3146/6246/3163 3313/6575/3330
f 3314/6576/3331 2937/5813/2952 3146/6246/3163
f 3070/6105/3085 2937/5813/2952 3314/6576/3331
f 3315/6577/3332 2897/5737/2912 3316/6578/3333
f 3317/6579/3334 3070/6105/3085 3318/6580/3335
f 3317/6579/3334 3181/6313/3198 3070/6105/3085
f 3319/6581/3336 3020/5999/3035 3147/6247/3164
f 3182/6314/3199 3181/6313/3198 3320/6582/3337
f 3321/6583/3338 2819/6584/2834 3072/6585/3087
f 3321/6586/3338 2982/5918/2997 2819/5660/2834
f 3187/6320/3204 3228/6587/3245 3024/6321/3039
f 3322/6588/3339 3106/6168/3121 2941/5823/2956
f 3230/6405/3247 3049/6404/3064 3108/6589/3123
f 3188/6590/3205 3323/6591/3340 2983/6592/2998
f 3108/6589/3123 2983/6592/2998 3323/6591/3340
f 3111/6179/3126 2900/5830/2915 2944/5829/2959
f 3027/6009/3042 3324/6593/3341 3051/6180/3066
f 3324/6593/3341 3027/6009/3042 3073/6109/3088
f 2861/5665/2876 2901/5745/2916 3073/6594/3088
f 3325/6595/3342 3074/6255/3089 3028/6011/3043
f 2901/5745/2916 2902/5835/2917 3233/6596/3250
f 3232/6407/3249 2986/5925/3001 3231/6406/3248
f 2986/5925/3001 3234/6411/3251 3231/6406/3248
f 3326/6597/3343 3052/6408/3067 3189/6598/3206
f 2986/5925/3001 3116/6187/3131 3234/6411/3251
f 3233/6409/3250 3052/6408/3067 3327/6599/3344
f 3052/6408/3067 3326/6597/3343 3328/6600/3345
f 3052/6408/3067 3328/6600/3345 3327/6599/3344
f 3326/6597/3343 3329/6601/3346 3328/6600/3345
f 3053/6194/3068 3276/6602/3293 3030/6013/3045
f 3276/6602/3293 3190/6326/3207 3277/6501/3294
f 3235/6603/3252 3330/6604/3347 3118/6605/3133
f 3118/6193/3133 3331/6606/3348 3277/6501/3294
f 3118/6193/3133 3330/6607/3347 3331/6606/3348
f 3236/6608/3253 3191/6327/3208 3278/6502/3295
f 3277/6501/3294 3331/6606/3348 3332/6609/3349
f 3278/6502/3295 3076/6113/3091 3333/6610/3350
f 3152/6611/3169 3121/6198/3136 3279/6504/3296
f 3333/6610/3350 3076/6113/3091 3334/6612/3351
f 3152/6611/3169 3334/6612/3351 3076/6113/3091
f 3238/6503/3255 3237/6416/3254 3281/6613/3298
f 3193/6331/3210 3281/6506/3298 3335/6614/3352
f 3193/6331/3210 3335/6614/3352 3336/6615/3353
f 3193/6331/3210 3336/6615/3353 3153/6419/3170
f 3123/6200/3138 3239/6420/3256 3280/6505/3297
f 3153/6419/3170 3336/6615/3353 3194/6616/3211
f 3195/6334/3212 3126/6335/3141 3283/6617/3300
f 3337/6618/3354 3285/6619/3302 3338/6620/3355
f 3337/6621/3354 3286/6511/3303 3285/6510/3302
f 3336/6615/3353 3285/6619/3302 3194/6616/3211
f 3125/6203/3140 3339/6622/3356 3283/6508/3300
f 3240/6421/3257 3058/6077/3073 3241/6623/3258
f 3339/6622/3356 3125/6203/3140 3197/6338/3214
f 2995/5937/3010 3340/6624/3357 3241/6623/3258
f 2958/5870/2973 3340/6624/3357 2995/5937/3010
f 2958/5870/2973 3284/6509/3301 3340/6624/3357
f 2959/6339/2974 3198/6341/3215 3284/6509/3301
f 3242/6519/3259 3287/6518/3304 3341/6625/3358
f 3196/6336/3213 3289/6521/3306 3081/6118/3096
f 3341/6625/3358 3201/6347/3218 3242/6519/3259
f 3290/6522/3307 3342/6626/3359 3244/6429/3261
f 3342/6626/3359 3129/6627/3144 3244/6429/3261
f 3343/6628/3360 3248/6437/3265 3204/6629/3221
f 3343/6628/3360 3249/6438/3266 3248/6437/3265
f 3344/6630/3361 3345/6631/3362 3205/6632/3222
f 3130/6212/3145 3002/6214/3017 3346/6633/3363
f 3002/6634/3017 3247/6635/3264 3346/6636/3363
f 3347/6637/3364 3246/6434/3263 3211/6531/3228
f 3347/707/3364 3211/6638/3228 3088/6639/3103
f 3132/6219/3147 3251/6448/3268 3348/6640/3365
f 3349/6641/3366 3213/6367/3230 3041/6034/3056
f 3253/6450/3270 3252/6449/3269 3294/6536/3311
f 3163/6276/3180 3350/6642/3367 3351/6643/3368
f 2844/6138/2859 3161/6274/3178 3162/6277/3179
f 3163/6276/3180 3134/6223/3149 3350/6642/3367
f 3350/6642/3367 3134/6223/3149 3256/6644/3273
f 3256/6644/3273 3135/6224/3150 3352/6645/3369
f 2882/6646/2897 3353/6647/3370 3164/6648/3181
f 2882/5709/2897 3136/6225/3151 3353/6649/3370
f 3165/6650/3182 3354/6651/3371 3355/6652/3372
f 3165/6279/3182 3355/6653/3372 3295/6538/3312
f 3135/6224/3150 3065/6281/3080 3352/6645/3369
f 3215/6370/3232 2848/5637/2863 2845/5710/2860
f 3043/6227/3058 3296/6540/3313 3065/6093/3080
f 3167/6286/3184 3297/6543/3314 3166/6282/3183
f 3356/6654/3373 3137/6655/3152 3357/6656/3374
f 3356/6654/3373 3138/6284/3153 3137/6655/3152
f 3356/6654/3373 3358/6657/3375 3138/6284/3153
f 3358/6657/3375 3011/5977/3026 3138/6284/3153
f 3216/6542/3233 3137/6228/3152 3010/6230/3025
f 3359/6658/3376 3137/6228/3152 3216/6542/3233
f 3360/6659/3377 3140/6232/3155 3012/5978/3027
f 3358/6657/3375 3139/6231/3154 3011/5977/3026
f 3361/6660/3378 3298/6544/3315 3259/6461/3276
f 3362/6661/3379 3218/6553/3235 3298/6662/3315
f 3362/6661/3379 3302/6551/3319 3218/6553/3235
f 3363/6663/3380 3364/6664/3381 3299/6546/3316
f 3303/6665/3320 3257/6457/3274 3168/6287/3185
f 3258/6548/3275 3365/6666/3382 3301/6549/3318
f 3258/6548/3275 3300/6667/3317 3365/6666/3382
f 3365/6572/3382 3300/6668/3317 3366/6669/3383
f 3259/6670/3276 3367/6671/3384 3368/6672/3385
f 3367/6671/3384 3259/6670/3276 3260/6673/3277
f 3301/6549/3318 3045/6674/3060 3217/6550/3234
f 3172/6552/3189 3369/6675/3386 3174/6676/3191
f 3301/6549/3318 3261/6677/3278 3045/6674/3060
f 3367/6671/3384 3260/6673/3277 3370/6678/3387
f 3224/6390/3241 3097/6150/3112 3174/6389/3191
f 3260/6673/3277 3306/6679/3323 3370/6678/3387
f 3370/6678/3387 3306/6679/3323 3371/6680/3388
f 3260/6462/3277 3307/6566/3324 3305/6681/3322
f 3262/6465/3279 3219/6471/3236 3308/6567/3325
f 3306/6682/3323 3305/6683/3322 3371/6684/3388
f 3097/6394/3112 3144/6241/3161 3265/6685/3282
f 3144/6241/3161 3266/6476/3283 3265/6685/3282
f 3175/6686/3192 3310/6687/3327 3098/2507/3113
f 3372/4290/3389 3177/6395/3194 3178/6477/3195
f 3178/6309/3195 3179/6310/3196 3268/6479/3285
f 3269/6480/3286 3373/6688/3390 3270/6481/3287
f 3270/6481/3287 3373/6688/3390 3313/6575/3330
f 3373/6688/3390 3374/6689/3391 3313/6575/3330
f 3069/6690/3084 3145/6691/3162 3101/5771/3116
f 3101/6158/3116 2897/4330/2912 3315/6692/3332
f 3314/6576/3331 3318/6580/3335 3070/6105/3085
f 2897/5737/2912 3020/5999/3035 3316/6578/3333
f 3316/6578/3333 3020/5999/3035 3319/6581/3336
f 3317/6579/3334 3320/6582/3337 3181/6313/3198
f 3320/6582/3337 3375/6693/3392 3182/6314/3199
f 2939/6107/2954 3376/6694/3393 3148/6250/3165
f 3187/6320/3204 3377/6695/3394 3228/6587/3245
f 2820/5824/2835 3378/6696/3395 3109/6177/3124
f 3231/6406/3248 3234/6411/3251 3379/6697/3396
f 3234/6411/3251 3274/6494/3291 3379/6697/3396
f 3231/6406/3248 3379/6697/3396 3273/6493/3290
f 3326/6597/3343 3380/6698/3397 3329/6601/3346
f 3379/6697/3396 3030/6013/3045 3381/6699/3398
f 3379/6697/3396 3274/6494/3291 3030/6013/3045
f 3030/6013/3045 3276/6602/3293 3381/6699/3398
f 3275/6496/3292 3382/6700/3399 3117/6495/3132
f 3273/6493/3290 3383/6701/3400 3275/6496/3292
f 3277/6501/3294 3332/6609/3349 3276/6602/3293
f 3236/6608/3253 3384/6702/3401 3235/6703/3252
f 3236/6608/3253 3278/6502/3295 3384/6702/3401
f 3152/6611/3169 3279/6504/3296 3334/6612/3351
f 3281/6613/3298 3237/6416/3254 3335/6704/3352
f 3280/6505/3297 3239/6420/3256 3282/6507/3299
f 3335/6614/3352 3385/6705/3402 3336/6615/3353
f 3385/6705/3402 3338/6620/3355 3336/6615/3353
f 3055/6074/3070 3195/6334/3212 3282/6507/3299
f 3385/6705/3402 3337/6618/3354 3338/6620/3355
f 3195/6334/3212 3283/6617/3300 3386/6706/3403
f 3338/6620/3355 3285/6619/3302 3336/6615/3353
f 3341/6625/3358 3290/6522/3307 3201/6347/3218
f 2961/5878/2976 3289/6707/3306 3243/6428/3260
f 3158/6270/3175 3202/6348/3219 3203/6349/3220
f 3243/6428/3260 3387/6708/3404 3204/6430/3221
f 3129/6627/3144 3342/6626/3359 3388/6709/3405
f 3130/6710/3145 3346/6711/3363 3205/6632/3222
f 3345/6712/3362 3344/6713/3361 3247/6436/3264
f 3345/6714/3362 3389/6715/3406 3205/6716/3222
f 3345/6712/3362 3247/6436/3264 3389/6717/3406
f 3247/6436/3264 3390/6718/3407 3389/6717/3406
f 3247/6436/3264 3131/6719/3146 3390/6718/3407
f 3391/4065/3408 3293/6720/3310 3249/6721/3266
f 3247/6436/3264 3040/6440/3055 3131/6719/3146
f 3088/6722/3103 3293/6720/3310 3392/6723/3409
f 3389/6724/3406 3390/6725/3407 3348/6726/3365
f 3131/6719/3146 3348/6640/3365 3390/6718/3407
f 3250/6446/3267 3393/6727/3410 3212/6366/3229
f 3132/6219/3147 3348/6640/3365 3131/6719/3146
f 3393/6727/3410 3394/6728/3411 3212/6366/3229
f 3348/6640/3365 3251/6448/3268 3395/6729/3412
f 3212/6366/3229 3394/6728/3411 3160/6273/3177
f 3160/6273/3177 3349/6641/3366 3041/6034/3056
f 3294/6536/3311 3255/6452/3272 3396/6730/3413
f 2881/6731/2896 3397/6732/3414 3133/6733/3148
f 3214/6368/3231 3351/6643/3368 3255/6452/3272
f 3214/6368/3231 3163/6276/3180 3351/6643/3368
f 3092/6139/3107 3354/6734/3371 3165/6537/3182
f 3164/6735/3181 3353/5842/3370 3215/6736/3232
f 3295/6538/3312 3353/6649/3370 3136/6225/3151
f 3065/6281/3080 3398/6737/3415 3352/6645/3369
f 3065/6093/3080 3296/6540/3313 3398/6738/3415
f 3399/6739/3416 3166/6282/3183 3297/6543/3314
f 3357/6656/3374 3358/6657/3375 3356/6654/3373
f 3297/6543/3314 3400/6740/3417 3401/6741/3418
f 3360/6742/3377 3169/6288/3186 3402/6743/3419
f 3012/6099/3027 3169/6288/3186 3360/6742/3377
f 3298/6544/3315 3361/6660/3378 3362/6744/3379
f 3363/6663/3380 3403/6745/3420 3364/6664/3381
f 3299/6546/3316 3258/6458/3275 3363/6663/3380
f 3361/6746/3378 3259/6670/3276 3368/6672/3385
f 3364/6664/3381 3368/6747/3385 3299/6546/3316
f 3299/6748/3316 3368/6749/3385 3300/6667/3317
f 3366/6750/3383 3404/6751/3421 3365/6666/3382
f 3300/6667/3317 3405/6752/3422 3366/6750/3383
f 3366/6750/3383 3405/6752/3422 3404/6751/3421
f 3174/6389/3191 3369/6753/3386 3224/6390/3241
f 3262/6465/3279 3406/6754/3423 3304/6562/3321
f 3308/6567/3325 3221/6569/3238 3407/6755/3424
f 3221/6569/3238 3309/6756/3326 3407/6755/3424
f 3307/6757/3324 3408/6758/3425 3305/6759/3322
f 3310/6760/3327 3409/6761/3426 3098/6152/3113
f 3177/6305/3194 3372/6762/3389 3266/6476/3283
f 3311/6763/3328 3410/6764/3427 3099/6156/3114
f 3099/6156/3114 3410/6764/3427 3267/6478/3284
f 3410/6764/3427 3312/6574/3329 3267/6478/3284
f 3069/6104/3084 3411/6765/3428 3268/6479/3285
f 3313/6575/3330 3374/6689/3391 3314/6576/3331
f 3101/6766/3116 3412/6767/3429 3069/6768/3084
f 3182/6769/3199 3375/6770/3392 3226/6771/3243
f 3102/6160/3117 3227/6398/3244 2276/4434/2289
f 3104/6482/3119 3227/6398/3244 3413/6772/3430
f 3104/6482/3119 3413/6772/3430 3414/6773/3431
f 3184/6399/3201 3226/6397/3243 3415/6774/3432
f 3184/6316/3201 3415/6775/3432 3183/6315/3200
f 3104/6162/3119 3414/6776/3431 3185/6400/3202
f 3271/6483/3288 3022/6248/3037 3416/6777/3433
f 3376/6778/3393 3417/6779/3434 3148/6780/3165
f 2982/5918/2997 3418/6781/3435 2941/5823/2956
f 3230/6489/3247 3419/6782/3436 3229/6402/3246
f 3228/6401/3245 3323/6783/3340 3188/6323/3205
f 2820/5585/2835 2984/5922/2999 3420/6784/3437
f 3110/6178/3125 3421/6785/3438 2984/6176/2999
f 3110/6178/3125 2942/5826/2957 3422/6786/3439
f 3028/6011/3043 3051/6064/3066 3423/6787/3440
f 3028/6011/3043 3423/6787/3440 3325/6595/3342
f 2901/5745/2916 3233/6596/3250 3073/6594/3088
f 3325/6595/3342 3424/6788/3441 3074/6255/3089
f 3074/6255/3089 3424/6788/3441 3189/6789/3206
f 3189/6598/3206 3380/6698/3397 3326/6597/3343
f 3327/6790/3344 3425/6791/3442 3233/6596/3250
f 3379/6697/3396 3381/6699/3398 3426/6792/3443
f 3328/6600/3345 3427/6793/3444 3327/6599/3344
f 3329/6601/3346 3427/6793/3444 3328/6600/3345
f 3275/6496/3292 3383/6701/3400 3382/6700/3399
f 3276/6602/3293 3332/6609/3349 3381/6699/3398
f 3117/6495/3132 3428/6794/3445 3237/6795/3254
f 3117/6495/3132 3382/6700/3399 3428/6794/3445
f 3235/6703/3252 3429/6796/3446 3330/6607/3347
f 3235/6703/3252 3384/6702/3401 3430/6797/3447
f 3330/6607/3347 3429/6796/3446 3431/6798/3448
f 3278/6502/3295 3333/6610/3350 3432/6799/3449
f 3334/6612/3351 3432/6799/3449 3333/6610/3350
f 3279/6504/3296 3282/6507/3299 3334/6612/3351
f 3279/6504/3296 3280/6505/3297 3282/6507/3299
f 3335/6704/3352 3237/6416/3254 3385/6800/3402
f 3237/6416/3254 3433/6801/3450 3385/6800/3402
f 3334/6612/3351 3282/6507/3299 3386/6706/3403
f 3385/6800/3402 3433/6801/3450 3337/6621/3354
f 3339/6622/3356 3434/6802/3451 3283/6508/3300
f 3339/6622/3356 3197/6338/3214 3435/6803/3452
f 3128/6207/3143 3436/6804/3453 3288/6520/3305
f 3128/6207/3143 3202/6348/3219 3436/6804/3453
f 3204/6430/3221 3387/6708/3404 3391/6805/3408
f 3204/6806/3221 3391/2570/3408 3343/6807/3360
f 3061/6083/3076 3245/6433/3262 3155/6267/3172
f 3205/6356/3222 3158/6270/3175 3157/6269/3174
f 3343/6628/3360 3391/6808/3408 3249/6438/3266
f 3129/6530/3144 3437/6809/3454 3250/6446/3267
f 3344/6630/3361 3205/6632/3222 3346/6711/3363
f 3344/6713/3361 3346/6633/3363 3247/6436/3264
f 3392/6723/3409 3438/6810/3455 3088/6722/3103
f 3088/6722/3103 3438/6810/3455 3347/6811/3364
f 3438/6812/3455 3439/6813/3456 3347/6814/3364
f 3347/6814/3364 3439/6813/3456 3440/6815/3457
f 3347/6814/3364 3440/6815/3457 3246/6816/3263
f 3160/6817/3177 3213/6163/3230 3349/6818/3366
f 3253/6819/3270 3294/6820/3311 3441/6821/3458
f 3397/6822/3414 3161/6274/3178 3133/6222/3148
f 3350/6642/3367 3256/6644/3273 3442/6823/3459
f 3162/6277/3179 3354/6734/3371 3092/6139/3107
f 3256/6824/3273 3352/6825/3369 3443/6826/3460
f 3398/6737/3415 3444/6827/3461 3352/6645/3369
f 3295/6828/3312 3445/6829/3462 3353/6830/3370
f 3295/6828/3312 3355/6831/3372 3445/6829/3462
f 3355/6832/3372 3446/5487/3463 3445/6833/3462
f 3355/6834/3372 3354/6734/3371 3446/6835/3463
f 3215/6370/3232 3353/6836/3370 3216/6374/3233
f 3444/6827/3461 3398/6737/3415 3296/6837/3313
f 3447/6838/3464 3296/6839/3313 3399/6840/3416
f 3399/6840/3416 3296/6839/3313 3166/6841/3183
f 3357/6842/3374 3137/6228/3152 3359/6658/3376
f 3448/6843/3465 3401/6741/3418 3400/6740/3417
f 3449/6844/3466 3362/6744/3379 3450/6845/3467
f 3400/6740/3417 3297/6543/3314 3451/6846/3468
f 3362/6744/3379 3403/6745/3420 3450/6845/3467
f 3257/6456/3274 3451/6846/3468 3297/6543/3314
f 3362/6744/3379 3361/6660/3378 3403/6745/3420
f 3257/6457/3274 3303/6665/3320 3451/3488/3468
f 3364/6664/3381 3403/6745/3420 3361/6660/3378
f 3364/6664/3381 3361/6660/3378 3368/6747/3385
f 3368/6749/3385 3405/6752/3422 3300/6667/3317
f 3262/6465/3279 3308/6567/3325 3406/6754/3423
f 3261/6847/3278 3452/6848/3469 3067/6849/3082
f 3371/6680/3388 3453/6850/3470 3454/6851/3471
f 3067/3937/3082 3409/6852/3426 3310/6853/3327
f 3371/6854/3388 3455/6855/3472 3453/6856/3470
f 3305/6857/3322 3455/6858/3472 3371/6859/3388
f 3408/6758/3425 3455/6855/3472 3305/6759/3322
f 3266/6476/3283 3372/6762/3389 3456/6860/3473
f 3372/6861/3389 3178/6862/3195 3457/6863/3474
f 3178/6309/3195 3268/6479/3285 3457/6864/3474
f 3312/6574/3329 3458/6865/3475 3269/6480/3286
f 3458/6865/3475 3373/6688/3390 3269/6480/3286
f 3459/6866/3476 3460/6867/3477 3373/6688/3390
f 3373/6688/3390 3460/6867/3477 3374/6689/3391
f 3069/249/3084 3412/6868/3429 3411/6869/3428
f 3315/6870/3332 3412/6767/3429 3101/6766/3116
f 3375/6693/3392 3320/6582/3337 3461/6871/3478
f 3462/6872/3479 3147/6873/3164 3271/6874/3288
f 3415/6774/3432 3463/6875/3480 3183/6876/3200
f 3414/6877/3431 3464/6878/3481 3185/6317/3202
f 3071/6106/3086 3185/6317/3202 3464/6878/3481
f 3148/6250/3165 3377/6879/3394 3187/6484/3204
f 3377/6879/3394 3148/6250/3165 3417/6880/3434
f 3465/6881/3482 3322/6882/3339 2941/6883/2956
f 3072/6488/3087 3229/6487/3246 3466/6884/3483
f 3419/6885/3436 3466/6884/3483 3229/6487/3246
f 3467/6886/3484 3419/6782/3436 3230/6489/3247
f 3467/6887/3484 3108/6589/3123 3468/6888/3485
f 3230/6405/3247 3108/6589/3123 3467/6887/3484
f 3109/6177/3124 2774/5504/2789 2202/4260/2214
f 3324/6593/3341 3423/6889/3440 3051/6180/3066
f 3325/6595/3342 3469/6890/3486 3424/6788/3441
f 3273/6493/3290 3379/6697/3396 3426/6792/3443
f 3470/6891/3487 3273/6493/3290 3426/6792/3443
f 3470/6892/3487 3383/6893/3400 3273/6894/3290
f 3235/6703/3252 3430/6797/3447 3429/6796/3446
f 3330/6607/3347 3431/6798/3448 3331/6606/3348
f 3471/6895/3488 3384/6702/3401 3278/6502/3295
f 3431/6896/3448 3429/6897/3446 3472/6898/3489
f 3278/6502/3295 3432/6799/3449 3471/6895/3488
f 3432/6799/3449 3334/6612/3351 3386/6706/3403
f 3282/6507/3299 3195/6334/3212 3386/6706/3403
f 3386/6706/3403 3473/6899/3490 3474/6900/3491
f 3386/6706/3403 3283/6617/3300 3473/6899/3490
f 3433/6801/3450 3286/6511/3303 3337/6621/3354
f 3475/6901/3492 3473/6902/3490 3283/6508/3300
f 3475/6901/3492 3283/6508/3300 3434/6802/3451
f 3476/6903/3493 3477/6904/3494 3287/6513/3304
f 3478/6905/3495 3240/6421/3257 3241/6623/3258
f 3435/6906/3452 3197/6907/3214 3288/6908/3305
f 3479/6909/3496 3341/6910/3358 3287/6513/3304
f 3477/6904/3494 3480/6911/3497 3479/6909/3496
f 3481/6912/3498 3480/6911/3497 3477/6904/3494
f 3479/6909/3496 3290/6913/3307 3341/6910/3358
f 3436/6804/3453 3158/6270/3175 3482/6914/3499
f 3158/6270/3175 3436/6804/3453 3202/6348/3219
f 3483/6915/3500 3387/6708/3404 3243/6428/3260
f 3484/6916/3501 3129/6627/3144 3388/6709/3405
f 3484/6917/3501 3437/2968/3454 3129/6918/3144
f 3440/6919/3457 3245/6433/3262 3246/6434/3263
f 3293/6720/3310 3391/4065/3408 3392/6723/3409
f 3437/6809/3454 3485/6920/3502 3250/6446/3267
f 3485/6920/3502 3393/6727/3410 3250/6446/3267
f 3394/6728/3411 3393/6727/3410 3485/6920/3502
f 3394/6728/3411 3213/6367/3230 3160/6273/3177
f 3394/6728/3411 3486/6921/3503 3213/6367/3230
f 3251/6448/3268 3253/6450/3270 3441/6922/3458
f 3441/6922/3458 3294/6536/3311 3396/6730/3413
f 3486/6921/3503 2881/5708/2896 3213/6367/3230
f 3486/6921/3503 3397/6822/3414 2881/5708/2896
f 3396/6730/3413 3351/6643/3368 3487/6923/3504
f 3396/6730/3413 3255/6452/3272 3351/6643/3368
f 3351/6643/3368 3350/6642/3367 3442/6823/3459
f 3443/6924/3460 3442/6823/3459 3256/6644/3273
f 3444/6827/3461 3488/6925/3505 3443/6924/3460
f 3352/6645/3369 3444/6827/3461 3443/6924/3460
f 3358/6926/3375 3445/6927/3462 3446/6835/3463
f 3358/6928/3375 3357/6842/3374 3445/6829/3462
f 3357/6842/3374 3359/6658/3376 3489/6929/3506
f 3401/6741/3418 3490/6930/3507 3297/6543/3314
f 3451/6846/3468 3448/6843/3465 3400/6740/3417
f 3491/6931/3508 3450/6932/3467 3403/6933/3420
f 3449/6844/3466 3450/6845/3467 3491/6934/3508
f 3492/6935/3509 3363/6663/3380 3258/6458/3275
f 3493/6936/3510 3301/6549/3318 3365/6666/3382
f 3493/6936/3510 3365/6666/3382 3404/6751/3421
f 3494/6937/3511 3405/6938/3422 3495/6939/3512
f 3368/6940/3385 3495/6941/3512 3405/4102/3422
f 3496/6942/3513 3261/6677/3278 3301/6549/3318
f 3495/6943/3512 3370/6678/3387 3497/6944/3514
f 3495/6941/3512 3367/6945/3384 3370/6946/3387
f 3304/6562/3321 3498/6947/3515 3264/6561/3281
f 3406/6754/3423 3308/6567/3325 3499/6948/3516
f 3498/6947/3515 3307/6757/3324 3264/6561/3281
f 3409/6852/3426 3067/3937/3082 3452/6949/3469
f 3309/6570/3326 3265/6474/3282 3500/6950/3517
f 3500/6950/3517 3265/6474/3282 3501/6951/3518
f 3409/6761/3426 3502/6952/3519 3098/6152/3113
f 3265/6953/3282 3266/6954/3283 3501/6955/3518
f 3502/6952/3519 3311/6763/3328 3098/6152/3113
f 3311/6763/3328 3503/6956/3520 3410/6764/3427
f 3456/6860/3473 3372/6762/3389 3457/6957/3474
f 3503/6956/3520 3312/6574/3329 3410/6764/3427
f 3458/6865/3475 3459/6866/3476 3373/6688/3390
f 3504/6958/3521 3411/6959/3428 3505/6960/3522
f 3504/6961/3521 3268/6479/3285 3411/6765/3428
f 3506/6962/3523 3314/6576/3331 3374/6689/3391
f 3507/6963/3524 3315/6964/3332 3316/6965/3333
f 3317/6579/3334 3508/6966/3525 3320/6582/3337
f 3071/6106/3086 3464/6878/3481 3509/6967/3526
f 3510/6968/3527 2858/6969/2873 3105/6970/3120
f 3228/6587/3245 3377/6695/3394 3323/6971/3340
f 3467/6886/3484 3468/6972/3485 3419/6782/3436
f 3323/6591/3340 3468/6888/3485 3108/6589/3123
f 3026/6007/3041 3511/6973/3528 2942/5826/2957
f 3324/6593/3341 3073/6109/3088 3512/6974/3529
f 3325/6595/3342 3423/6787/3440 3469/6890/3486
f 3073/6594/3088 3233/6596/3250 3513/6975/3530
f 3189/6789/3206 3514/6976/3531 3380/6977/3397
f 3233/6596/3250 3515/6978/3532 3513/6975/3530
f 3233/6596/3250 3425/6791/3442 3515/6978/3532
f 3329/6601/3346 3380/6698/3397 3516/6979/3533
f 3331/6606/3348 3517/6980/3534 3332/6609/3349
f 3331/6606/3348 3431/6798/3448 3517/6980/3534
f 3430/6797/3447 3384/6702/3401 3518/6981/3535
f 3384/6702/3401 3471/6895/3488 3518/6981/3535
f 3332/6609/3349 3517/6980/3534 3381/6699/3398
f 3428/6982/3445 3433/6801/3450 3237/6416/3254
f 3519/6983/3536 3474/6900/3491 3473/6899/3490
f 3476/6903/3493 3287/6513/3304 3286/6512/3303
f 3339/6622/3356 3435/6803/3452 3434/6802/3451
f 3241/6623/3258 3340/6624/3357 3478/6905/3495
f 3520/6984/3537 3481/6912/3498 3477/6904/3494
f 3284/6509/3301 3198/6341/3215 3340/6624/3357
f 3477/6985/3494 3479/6986/3496 3287/6987/3304
f 3481/6912/3498 3521/6988/3538 3480/6911/3497
f 3288/6908/3305 3522/6989/3539 3435/6906/3452
f 3479/6909/3496 3480/6911/3497 3523/6990/3540
f 3521/6988/3538 3524/6991/3541 3480/6911/3497
f 3522/6989/3539 3288/6908/3305 3436/6992/3453
f 3479/6909/3496 3523/6990/3540 3290/6913/3307
f 3480/6911/3497 3525/6993/3542 3523/6990/3540
f 3480/6911/3497 3524/6991/3541 3525/6993/3542
f 3523/6990/3540 3526/6994/3543 3290/6913/3307
f 3524/6991/3541 3527/6995/3544 3525/6993/3542
f 3526/6996/3543 3342/6626/3359 3290/6522/3307
f 3523/6990/3540 3525/6993/3542 3528/6997/3545
f 3526/6998/3543 3529/6999/3546 3342/5314/3359
f 3525/7000/3542 3530/7001/3547 3528/7002/3545
f 3525/6993/3542 3531/7003/3548 3530/7004/3547
f 3529/7005/3546 3388/6709/3405 3342/6626/3359
f 3391/6805/3408 3532/7006/3549 3392/7007/3409
f 3392/7008/3409 3532/7009/3549 3438/6812/3455
f 3395/6729/3412 3389/6717/3406 3348/6640/3365
f 3441/6922/3458 3396/6730/3413 3533/7010/3550
f 3161/6274/3178 3397/6822/3414 3162/6277/3179
f 3162/6277/3179 3397/6822/3414 3354/6734/3371
f 3397/6822/3414 3534/7011/3551 3354/6734/3371
f 3534/7011/3551 3446/6835/3463 3354/6734/3371
f 3488/6925/3505 3444/6827/3461 3535/7012/3552
f 3444/6827/3461 3447/7013/3464 3399/6739/3416
f 3535/7012/3552 3444/6827/3461 3399/6739/3416
f 3353/6830/3370 3445/6829/3462 3489/6929/3506
f 3536/7014/3553 3399/6739/3416 3297/6543/3314
f 3445/6829/3462 3357/6842/3374 3489/6929/3506
f 3446/6835/3463 3537/7015/3554 3358/6926/3375
f 3444/6827/3461 3296/6837/3313 3447/7013/3464
f 3353/6830/3370 3489/6929/3506 3216/6542/3233
f 3538/7016/3555 3401/6741/3418 3448/6843/3465
f 3489/6929/3506 3359/6658/3376 3216/6542/3233
f 3539/7017/3556 3491/7018/3508 3540/7019/3557
f 3539/7020/3556 3451/7021/3468 3491/7022/3508
f 3363/6663/3380 3541/7023/3558 3403/6745/3420
f 3540/7024/3557 3403/7025/3420 3541/7026/3558
f 3451/7021/3468 3449/7027/3466 3491/7022/3508
f 3491/7018/3508 3403/7028/3420 3540/7019/3557
f 3542/7029/3559 3139/6235/3154 3358/7030/3375
f 3451/7021/3468 3362/6661/3379 3449/7027/3466
f 3451/7021/3468 3302/6551/3319 3362/6661/3379
f 3368/6940/3385 3367/6945/3384 3495/6941/3512
f 3494/7031/3511 3495/7032/3512 3497/7033/3514
f 3493/6936/3510 3496/6942/3513 3301/6549/3318
f 3452/7034/3469 3261/6677/3278 3496/6942/3513
f 3497/6944/3514 3370/6678/3387 3371/6680/3388
f 3498/7035/3515 3408/7036/3425 3307/7037/3324
f 3454/7038/3471 3453/7039/3470 3543/7040/3560
f 3453/6856/3470 3455/6855/3472 3543/7041/3560
f 3455/6855/3472 3408/6758/3425 3543/7041/3560
f 3501/6955/3518 3266/6954/3283 3456/7042/3473
f 3502/6952/3519 3503/6956/3520 3311/6763/3328
f 3503/6956/3520 3458/6865/3475 3312/6574/3329
f 3459/6866/3476 3544/7043/3561 3460/6867/3477
f 3505/6960/3522 3411/6959/3428 3412/7044/3429
f 3374/6689/3391 3460/6867/3477 3506/6962/3523
f 3506/6962/3523 3545/7045/3562 3314/6576/3331
f 3545/7045/3562 3546/7046/3563 3314/6576/3331
f 3547/7047/3564 3315/6870/3332 3548/7048/3565
f 3547/7047/3564 3412/6767/3429 3315/6870/3332
f 3315/6964/3332 3507/6963/3524 3548/7049/3565
f 3549/7050/3566 3317/6579/3334 3318/6580/3335
f 3319/7051/3336 3550/7052/3567 3507/6963/3524
f 3319/7051/3336 3147/6873/3164 3550/7052/3567
f 3550/7052/3567 3147/6873/3164 3551/7053/3568
f 3147/6873/3164 3462/6872/3479 3551/7053/3568
f 3461/6871/3478 3552/7054/3569 3375/6693/3392
f 3463/7055/3480 3553/7056/3570 3183/6315/3200
f 3415/6774/3432 3554/7057/3571 3463/6875/3480
f 3463/7055/3480 3554/7058/3571 3553/7056/3570
f 3416/6777/3433 3555/7059/3572 3271/6483/3288
f 3466/7060/3483 3321/6586/3338 3072/7061/3087
f 2982/5918/2997 3321/6586/3338 3418/6781/3435
f 2941/5823/2956 3556/7062/3573 3465/7063/3482
f 3465/7063/3482 3556/7062/3573 3322/6588/3339
f 3106/6251/3121 3557/7064/3574 3105/6167/3120
f 3323/6971/3340 3377/6695/3394 3558/7065/3575
f 3323/6971/3340 3558/7065/3575 3468/6972/3485
f 3558/7065/3575 3559/7066/3576 3468/6972/3485
f 2942/5826/2957 3511/6973/3528 3422/6786/3439
f 3026/6007/3041 2945/6008/2960 3560/7067/3577
f 3324/6593/3341 3561/7068/3578 3423/6889/3440
f 3073/6109/3088 3562/7069/3579 3512/6974/3529
f 3073/6594/3088 3513/6975/3530 3562/7070/3579
f 3424/6788/3441 3514/6976/3531 3189/6789/3206
f 3514/6976/3531 3563/7071/3580 3380/6977/3397
f 3426/6792/3443 3564/7072/3581 3470/6891/3487
f 3427/7073/3444 3565/7074/3582 3327/6790/3344
f 3327/6790/3344 3565/7074/3582 3425/6791/3442
f 3381/6699/3398 3564/7072/3581 3426/6792/3443
f 3380/6698/3397 3563/7075/3580 3516/6979/3533
f 3429/6796/3446 3430/6797/3447 3472/7076/3489
f 3329/6601/3346 3566/7077/3583 3427/6793/3444
f 3427/6793/3444 3566/7077/3583 3565/7078/3582
f 3430/6797/3447 3518/6981/3535 3472/7076/3489
f 3470/6892/3487 3564/7079/3581 3383/6893/3400
f 3517/6980/3534 3431/6798/3448 3567/7080/3584
f 3431/6798/3448 3472/7076/3489 3568/7081/3585
f 3383/6701/3400 3569/7082/3586 3382/6700/3399
f 3382/6700/3399 3569/7082/3586 3428/6794/3445
f 3383/6701/3400 3564/7072/3581 3569/7082/3586
f 3471/6895/3488 3432/6799/3449 3570/7083/3587
f 3428/6794/3445 3569/7082/3586 3433/7084/3450
f 3569/7082/3586 3476/6903/3493 3433/7084/3450
f 3564/7085/3581 3476/7086/3493 3569/7087/3586
f 3571/7088/3588 3572/7089/3589 3573/7090/3590
f 3574/7091/3591 3572/7089/3589 3571/7088/3588
f 3574/7092/3591 3474/6900/3491 3572/7093/3589
f 3433/6801/3450 3476/7094/3493 3286/6511/3303
f 3564/7072/3581 3520/6984/3537 3476/6903/3493
f 3519/6983/3536 3572/7093/3589 3474/6900/3491
f 3477/6904/3494 3476/6903/3493 3520/6984/3537
f 3473/6902/3490 3572/7095/3589 3519/7096/3536
f 3473/6902/3490 3475/6901/3492 3572/7095/3589
f 3481/6912/3498 3520/6984/3537 3575/7097/3592
f 3576/7098/3593 3577/7099/3594 3575/7097/3592
f 3575/7097/3592 3578/7100/3595 3481/6912/3498
f 3575/7101/3592 3577/7102/3594 3578/7103/3595
f 3198/6341/3215 3579/7104/3596 3340/6624/3357
f 3521/6988/3538 3580/7105/3597 3524/6991/3541
f 3200/6344/3217 3581/7106/3598 3198/6345/3215
f 3580/7105/3597 3582/7107/3599 3524/6991/3541
f 3583/7108/3600 3527/6995/3544 3524/6991/3541
f 3289/6521/3306 3483/7109/3500 3243/7110/3260
f 3436/6992/3453 3584/7111/3601 3522/6989/3539
f 3436/6992/3453 3482/7112/3499 3584/7111/3601
f 3200/6344/3217 3155/6267/3172 3581/7106/3598
f 3527/6995/3544 3531/7003/3548 3525/6993/3542
f 3523/6990/3540 3528/6997/3545 3526/6994/3543
f 3526/6998/3543 3585/7113/3602 3529/6999/3546
f 3387/6708/3404 3483/6915/3500 3586/7114/3603
f 3387/6708/3404 3586/7114/3603 3391/6805/3408
f 3158/6270/3175 3205/6356/3222 3587/7115/3604
f 3484/6917/3501 3588/7116/3605 3437/2968/3454
f 3439/6813/3456 3589/7117/3606 3440/6815/3457
f 3437/6809/3454 3590/7118/3607 3485/6920/3502
f 3389/6717/3406 3395/6729/3412 3591/7119/3608
f 3533/7010/3550 3487/6923/3504 3592/7120/3609
f 3396/6730/3413 3487/6923/3504 3533/7010/3550
f 3443/6924/3460 3593/7121/3610 3442/6823/3459
f 3488/6925/3505 3535/7012/3552 3593/7121/3610
f 3443/6924/3460 3488/6925/3505 3593/7121/3610
f 3536/7014/3553 3535/7012/3552 3399/6739/3416
f 3401/6741/3418 3538/7016/3555 3594/7122/3611
f 3594/7122/3611 3490/6930/3507 3401/6741/3418
f 3541/7123/3558 3448/7124/3465 3540/7125/3557
f 3540/7126/3557 3448/7127/3465 3539/7128/3556
f 3539/7020/3556 3448/7129/3465 3451/7021/3468
f 3363/6663/3380 3492/6935/3509 3541/7023/3558
f 3139/6235/3154 3542/7029/3559 3169/6545/3186
f 3303/7130/3320 3369/6753/3386 3451/7131/3468
f 3302/6551/3319 3369/6675/3386 3172/6552/3189
f 3405/6938/3422 3494/6937/3511 3595/7132/3612
f 3303/7130/3320 3224/6390/3241 3369/6753/3386
f 3494/7133/3511 3497/6944/3514 3595/7134/3612
f 3493/6936/3510 3452/7034/3469 3496/6942/3513
f 3308/7135/3325 3407/7136/3424 3499/7137/3516
f 3457/6957/3474 3596/7138/3613 3456/6860/3473
f 3457/7139/3474 3268/7140/3285 3596/7141/3613
f 3268/7140/3285 3504/6958/3521 3596/7141/3613
f 3458/6865/3475 3597/7142/3614 3459/6866/3476
f 3505/7143/3522 3412/6767/3429 3598/7144/3615
f 3412/6767/3429 3547/7047/3564 3598/7144/3615
f 3546/7145/3563 3599/7146/3616 3600/7147/3617
f 3314/7148/3331 3546/7145/3563 3600/7147/3617
f 3318/6580/3335 3314/6576/3331 3600/7149/3617
f 3316/6965/3333 3319/7051/3336 3507/6963/3524
f 3508/6966/3525 3601/7150/3618 3320/6582/3337
f 3461/6871/3478 3320/6582/3337 3602/7151/3619
f 3320/6582/3337 3601/7150/3618 3602/7151/3619
f 3551/7152/3568 3462/7153/3479 3603/7154/3620
f 3416/7155/3433 3604/7156/3621 3555/7157/3572
f 3376/7158/3393 2939/5821/2954 3605/7159/3622
f 3376/7158/3393 3605/7159/3622 3606/7160/3623
f 3417/6880/3434 3376/6694/3393 3606/7161/3623
f 3417/6880/3434 3606/7161/3623 3377/6879/3394
f 3606/7162/3623 3558/7163/3575 3377/7164/3394
f 3466/7060/3483 3607/7165/3624 3321/6586/3338
f 3468/6972/3485 3559/7066/3576 3419/6782/3436
f 3106/6168/3121 3322/6588/3339 3557/7166/3574
f 3110/6178/3125 3608/7167/3625 3421/6785/3438
f 3110/7168/3125 3422/7169/3439 3608/7170/3625
f 2776/5506/2791 2774/5504/2789 3609/7171/3626
f 2776/5506/2791 3609/7171/3626 2943/6006/2958
f 3324/6593/3341 3512/6974/3529 3561/7068/3578
f 3425/6791/3442 3565/7074/3582 3515/6978/3532
f 3516/6979/3533 3563/7075/3580 3610/7172/3627
f 3329/6601/3346 3516/6979/3533 3611/7173/3628
f 3611/7173/3628 3566/7077/3583 3329/6601/3346
f 3517/6980/3534 3567/7080/3584 3381/6699/3398
f 3431/6798/3448 3568/7081/3585 3567/7080/3584
f 3471/6895/3488 3570/7083/3587 3518/6981/3535
f 3381/6699/3398 3567/7080/3584 3612/7174/3629
f 3432/6799/3449 3386/6706/3403 3570/7083/3587
f 3612/7174/3629 3520/6984/3537 3381/6699/3398
f 3381/6699/3398 3520/6984/3537 3564/7072/3581
f 3386/6706/3403 3474/6900/3491 3613/7175/3630
f 3474/6900/3491 3574/7092/3591 3613/7175/3630
f 3571/7176/3588 3573/7177/3590 3614/7178/3631
f 3571/7179/3588 3615/7180/3632 3574/7181/3591
f 3575/7097/3592 3520/6984/3537 3576/7098/3593
f 3572/7093/3589 3475/7182/3492 3616/7183/3633
f 3576/7098/3593 3578/7100/3595 3577/7099/3594
f 3475/6901/3492 3434/6802/3451 3616/7184/3633
f 3481/6912/3498 3578/7100/3595 3521/6988/3538
f 3435/7185/3452 3617/7186/3634 3434/7187/3451
f 3521/6988/3538 3578/7100/3595 3580/7105/3597
f 3578/7100/3595 3582/7107/3599 3580/7105/3597
f 3524/6991/3541 3582/7107/3599 3583/7108/3600
f 3527/6995/3544 3583/7108/3600 3531/7003/3548
f 3618/7188/3635 3584/7189/3601 3482/7190/3499
f 3531/7191/3548 3619/7192/3636 3530/7193/3547
f 3482/6914/3499 3620/7194/3637 3618/7195/3635
f 3526/6994/3543 3528/6997/3545 3621/7196/3638
f 3158/6270/3175 3620/7194/3637 3482/6914/3499
f 3158/6270/3175 3587/7115/3604 3620/7194/3637
f 3388/6709/3405 3529/7005/3546 3622/7197/3639
f 3528/6997/3545 3530/7004/3547 3623/7198/3640
f 3388/6709/3405 3622/7197/3639 3484/6916/3501
f 3484/6916/3501 3622/7197/3639 3588/7199/3605
f 3205/6356/3222 3389/6717/3406 3587/7115/3604
f 3587/7115/3604 3389/6717/3406 3591/7119/3608
f 3438/6812/3455 3532/7009/3549 3589/7117/3606
f 3438/6812/3455 3589/7117/3606 3439/6813/3456
f 3394/6728/3411 3485/6920/3502 3590/7118/3607
f 3394/6728/3411 3590/7118/3607 3624/7200/3641
f 3441/6922/3458 3625/7201/3642 3251/6448/3268
f 3441/6922/3458 3533/7010/3550 3626/7202/3643
f 3592/7120/3609 3626/7202/3643 3533/7010/3550
f 3592/7203/3609 3487/7204/3504 3627/7205/3644
f 3534/7011/3551 3537/7015/3554 3446/6835/3463
f 3536/7014/3553 3593/7121/3610 3535/7012/3552
f 3297/6543/3314 3490/6930/3507 3536/7014/3553
f 3628/7206/3645 3541/7023/3558 3492/6935/3509
f 3402/7207/3419 3169/7208/3186 3542/7209/3559
f 3451/7131/3468 3369/6753/3386 3302/7210/3319
f 3404/7211/3421 3405/7212/3422 3629/7213/3646
f 3404/7211/3421 3629/7213/3646 3493/7214/3510
f 3497/6944/3514 3630/7215/3647 3595/7134/3612
f 3304/6562/3321 3406/6754/3423 3631/7216/3648
f 3497/6944/3514 3371/6680/3388 3630/7215/3647
f 3371/6680/3388 3454/6851/3471 3630/7215/3647
f 3631/7216/3648 3498/6947/3515 3304/6562/3321
f 3452/6949/3469 3632/7217/3649 3409/6852/3426
f 3454/7038/3471 3543/7040/3560 3633/7218/3650
f 3408/6758/3425 3633/7219/3650 3543/7041/3560
f 3501/7220/3518 3456/6860/3473 3634/7221/3651
f 3459/7222/3476 3635/7223/3652 3636/7224/3653
f 3635/7225/3652 3637/7226/3654 3638/7227/3655
f 3505/7228/3522 3598/7229/3615 3639/7230/3656
f 3505/6960/3522 3639/7231/3656 3504/6958/3521
f 3637/7226/3654 3640/7232/3657 3638/7227/3655
f 3544/7043/3561 3636/7233/3653 3460/6867/3477
f 3641/7234/3658 3640/7232/3657 3637/7226/3654
f 3460/6867/3477 3636/7233/3653 3506/6962/3523
f 3546/7046/3563 3545/7045/3562 3599/7235/3616
f 3548/7049/3565 3642/7236/3659 3643/7237/3660
f 3600/7149/3617 3549/7050/3566 3318/6580/3335
f 3600/7147/3617 3644/7238/3661 3549/7239/3566
f 3549/7050/3566 3645/7240/3662 3317/6579/3334
f 3317/6579/3334 3645/7240/3662 3508/6966/3525
f 3646/7241/3663 3508/7242/3525 3645/7243/3662
f 3508/6966/3525 3647/7244/3664 3601/7150/3618
f 3461/6871/3478 3602/7151/3619 3648/7245/3665
f 3461/6871/3478 3648/7245/3665 3552/7054/3569
f 3226/7246/3243 3375/7247/3392 3649/7248/3666
f 3375/7247/3392 3552/7249/3569 3649/7248/3666
f 3650/7250/3667 3462/6872/3479 3555/7157/3572
f 3462/6872/3479 3271/6874/3288 3555/7157/3572
f 3226/6397/3243 3649/7251/3666 3415/6774/3432
f 3415/6774/3432 3649/7251/3666 3554/7057/3571
f 3022/6001/3037 3023/6002/3038 3416/7252/3433
f 3321/6586/3338 3607/7165/3624 3418/6781/3435
f 2941/5823/2956 3418/6781/3435 3556/7062/3573
f 3510/7253/3527 3105/6167/3120 3557/7064/3574
f 3466/6884/3483 3419/6885/3436 3559/7254/3576
f 3421/7255/3438 3420/6784/3437 2984/5922/2999
f 3109/6177/3124 3651/7256/3668 2774/5504/2789
f 2943/5828/2958 3609/7257/3626 2944/5829/2959
f 2945/5831/2960 3111/6179/3126 3560/7258/3577
f 3513/7259/3530 3652/7260/3669 3562/7069/3579
f 3513/6975/3530 3515/6978/3532 3652/7261/3669
f 3610/7262/3627 3563/7071/3580 3653/7263/3670
f 3472/7076/3489 3518/6981/3535 3654/7264/3671
f 3567/7080/3584 3568/7081/3585 3655/7265/3672
f 3568/7081/3585 3472/7076/3489 3655/7265/3672
f 3567/7080/3584 3655/7265/3672 3656/7266/3673
f 3655/7267/3672 3472/7268/3489 3654/7269/3671
f 3386/6706/3403 3613/7175/3630 3570/7083/3587
f 3655/7265/3672 3571/7176/3588 3656/7266/3673
f 3655/7267/3672 3654/7269/3671 3615/7180/3632
f 3655/7267/3672 3615/7180/3632 3571/7179/3588
f 3571/7176/3588 3614/7178/3631 3656/7266/3673
f 3576/7098/3593 3520/6984/3537 3614/7178/3631
f 3614/7270/3631 3573/7090/3590 3657/7271/3674
f 3573/7090/3590 3572/7089/3589 3657/7271/3674
f 3658/7272/3675 3578/7273/3595 3576/7274/3593
f 3240/6421/3257 3478/6905/3495 3659/7275/3676
f 3579/7104/3596 3198/6341/3215 3660/7276/3677
f 3340/6624/3357 3579/7104/3596 3478/6905/3495
f 3578/7273/3595 3661/7277/3678 3582/7278/3599
f 3434/7187/3451 3617/7186/3634 3662/7279/3679
f 3581/7106/3598 3663/7280/3680 3198/6345/3215
f 3435/7185/3452 3522/7281/3539 3617/7186/3634
f 3582/7278/3599 3664/7282/3681 3583/7283/3600
f 3522/7281/3539 3665/7284/3682 3617/7186/3634
f 3196/6336/3213 3483/7109/3500 3289/6521/3306
f 3522/7281/3539 3584/7285/3601 3665/7284/3682
f 3664/7282/3681 3666/7286/3683 3583/7283/3600
f 3666/7287/3683 3619/7288/3636 3583/7108/3600
f 3667/7289/3684 3618/7195/3635 3668/7290/3685
f 3618/7195/3635 3667/7289/3684 3665/7284/3682
f 3584/7285/3601 3618/7195/3635 3665/7284/3682
f 3155/6267/3172 3669/7291/3686 3581/7106/3598
f 3583/7292/3600 3619/7192/3636 3531/7191/3548
f 3621/7196/3638 3585/7293/3602 3526/6994/3543
f 3585/7293/3602 3621/7196/3638 3670/7294/3687
f 3528/6997/3545 3623/7198/3640 3621/7196/3638
f 3529/7295/3546 3670/7294/3687 3622/7296/3639
f 3621/7196/3638 3671/7297/3688 3670/7294/3687
f 3621/7196/3638 3623/7198/3640 3671/7297/3688
f 3670/7294/3687 3671/7297/3688 3672/7298/3689
f 3622/7296/3639 3672/7298/3689 3588/7299/3605
f 3673/7300/3690 3590/7301/3607 3437/7302/3454
f 3591/7119/3608 3395/6729/3412 3674/7303/3691
f 3251/6448/3268 3625/7201/3642 3395/6729/3412
f 3441/6922/3458 3626/7202/3643 3625/7201/3642
f 3592/7120/3609 3627/7304/3644 3626/7202/3643
f 3397/6822/3414 3486/6921/3503 3534/7011/3551
f 3487/7204/3504 3675/7305/3692 3627/7205/3644
f 3442/6823/3459 3675/7306/3692 3351/6643/3368
f 3442/6823/3459 3593/7121/3610 3675/7306/3692
f 3675/7305/3692 3593/7307/3610 3627/7205/3644
f 3536/7308/3553 3627/7205/3644 3593/7307/3610
f 3627/7304/3644 3536/7014/3553 3490/6930/3507
f 3541/7123/3558 3628/7309/3645 3676/7310/3693
f 3542/7029/3559 3358/7030/3375 3537/7311/3554
f 3541/7123/3558 3676/7310/3693 3448/7124/3465
f 3360/6742/3377 3402/6743/3419 3677/7312/3694
f 3360/6659/3377 3678/7313/3695 3140/6232/3155
f 3405/7212/3422 3679/7314/3696 3629/7213/3646
f 3405/4647/3422 3595/7315/3612 3679/7316/3696
f 3629/7317/3646 3680/7318/3697 3493/6936/3510
f 3452/7034/3469 3493/6936/3510 3681/7319/3698
f 3454/6851/3471 3682/7320/3699 3630/7215/3647
f 3498/6947/3515 3633/7219/3650 3408/6758/3425
f 3309/6756/3326 3500/7321/3517 3407/6755/3424
f 3632/7322/3649 3683/7323/3700 3409/6761/3426
f 3409/6761/3426 3683/7323/3700 3502/6952/3519
f 3502/6952/3519 3684/7324/3701 3503/6956/3520
f 3503/6956/3520 3684/7324/3701 3458/6865/3475
f 3684/7324/3701 3597/7142/3614 3458/6865/3475
f 3685/7325/3702 3686/7326/3703 3459/7327/3476
f 3635/7328/3652 3459/7327/3476 3686/7326/3703
f 3504/6958/3521 3687/7329/3704 3596/7141/3613
f 3635/7225/3652 3638/7227/3655 3636/7330/3653
f 3637/7331/3654 3635/7332/3652 3688/7333/3705
f 3689/7334/3706 3687/7329/3704 3639/7231/3656
f 3504/6958/3521 3639/7231/3656 3687/7329/3704
f 3459/6866/3476 3636/7233/3653 3544/7043/3561
f 3639/7230/3656 3598/7229/3615 3690/7335/3707
f 3637/7331/3654 3688/7333/3705 3641/7336/3658
f 3638/7227/3655 3640/7232/3657 3691/7337/3708
f 3692/7338/3709 3693/7339/3710 3694/7340/3711
f 3640/7341/3657 3695/7342/3712 3691/7343/3708
f 3693/7339/3710 3692/7338/3709 3696/7344/3713
f 3636/7233/3653 3545/7045/3562 3506/6962/3523
f 3641/7234/3658 3697/7345/3714 3640/7232/3657
f 3693/7339/3710 3698/7346/3715 3699/7347/3716
f 3693/7339/3710 3696/7344/3713 3698/7346/3715
f 3547/7047/3564 3690/7348/3707 3598/7144/3615
f 3640/7232/3657 3697/7345/3714 3700/7349/3717
f 3698/7346/3715 3701/7350/3718 3699/7347/3716
f 3696/7351/3713 3702/7352/3719 3701/7353/3718
f 3698/7346/3715 3696/7344/3713 3701/7350/3718
f 3701/7354/3718 3702/7355/3719 3703/7356/3720
f 3701/7354/3718 3703/7356/3720 3704/7357/3721
f 3699/7347/3716 3701/7350/3718 3704/7358/3721
f 3548/7048/3565 3705/7359/3722 3547/7047/3564
f 3545/7045/3562 3706/7360/3723 3599/7235/3616
f 3548/7048/3565 3643/7361/3660 3705/7359/3722
f 3599/7235/3616 3707/7362/3724 3708/7363/3725
f 3599/7146/3616 3644/7238/3661 3600/7147/3617
f 3643/7237/3660 3642/7236/3659 3709/7364/3726
f 3548/7049/3565 3507/6963/3524 3642/7236/3659
f 3549/7239/3566 3644/7238/3661 3645/7243/3662
f 3646/7241/3663 3647/7365/3664 3508/7242/3525
f 3550/7052/3567 3551/7053/3568 3710/7366/3727
f 3711/7367/3728 3712/7368/3729 3646/7241/3663
f 3551/7369/3568 3713/7370/3730 3710/4534/3727
f 3647/7244/3664 3602/7151/3619 3601/7150/3618
f 3714/7371/3731 3715/7372/3732 3716/7373/3733
f 3713/7374/3730 3603/7375/3620 3715/7372/3732
f 3713/7374/3730 3551/7053/3568 3603/7375/3620
f 3712/7368/3729 3717/7376/3734 3718/7377/3735
f 3712/7378/3729 3719/7379/3736 3717/7380/3734
f 3554/7057/3571 3649/7251/3666 3720/7381/3737
f 3554/7058/3571 3721/7382/3738 3553/7056/3570
f 3554/7058/3571 3720/7383/3737 3721/7382/3738
f 3606/7162/3623 3559/7254/3576 3558/7163/3575
f 3607/7384/3624 3559/7254/3576 3606/7162/3623
f 3607/7384/3624 3466/6884/3483 3559/7254/3576
f 2820/5585/2835 3420/6784/3437 3378/7385/3395
f 3421/7386/3438 3608/7387/3625 3420/7388/3437
f 2774/5504/2789 3651/7256/3668 3609/7171/3626
f 3423/6889/3440 3561/7068/3578 3722/7389/3739
f 3722/7389/3739 3469/7390/3486 3423/6889/3440
f 3469/6890/3486 3723/7391/3740 3424/6788/3441
f 3424/6788/3441 3723/7391/3740 3514/6976/3531
f 3515/6978/3532 3724/7392/3741 3652/7261/3669
f 3515/6978/3532 3565/7074/3582 3724/7392/3741
f 3725/7393/3742 3726/7394/3743 3514/6976/3531
f 3514/6976/3531 3726/7394/3743 3563/7071/3580
f 3516/6979/3533 3610/7172/3627 3611/7173/3628
f 3518/6981/3535 3727/7395/3744 3654/7264/3671
f 3727/7395/3744 3518/6981/3535 3613/7175/3630
f 3518/7396/3535 3570/7397/3587 3613/7398/3630
f 3567/7080/3584 3656/7266/3673 3612/7174/3629
f 3656/7266/3673 3520/6984/3537 3612/7174/3629
f 3574/7092/3591 3615/7399/3632 3613/7175/3630
f 3614/7178/3631 3520/6984/3537 3656/7266/3673
f 3576/7400/3593 3614/7270/3631 3728/7401/3745
f 3576/7400/3593 3728/7401/3745 3658/7402/3675
f 3578/7273/3595 3658/7272/3675 3661/7277/3678
f 3196/6336/3213 3240/6421/3257 3659/7275/3676
f 3660/7276/3677 3729/7403/3746 3579/7104/3596
f 3659/7275/3676 3478/6905/3495 3196/6336/3213
f 3582/7278/3599 3661/7277/3678 3664/7282/3681
f 3617/7186/3634 3665/7284/3682 3662/7279/3679
f 3662/7279/3679 3665/7284/3682 3730/7404/3747
f 3581/7106/3598 3731/7405/3748 3663/7280/3680
f 3730/7406/3747 3665/7407/3682 3667/7408/3684
f 3667/7289/3684 3732/7409/3749 3730/7404/3747
f 3667/7289/3684 3668/7290/3685 3732/7409/3749
f 3668/7290/3685 3618/7195/3635 3733/7410/3750
f 3155/6267/3172 3245/6433/3262 3669/7291/3686
f 3529/7295/3546 3585/7293/3602 3670/7294/3687
f 3619/7288/3636 3623/7198/3640 3530/7004/3547
f 3622/7296/3639 3670/7294/3687 3672/7298/3689
f 3672/7298/3689 3734/7411/3751 3588/7299/3605
f 3672/7412/3689 3671/7413/3688 3734/7414/3751
f 3671/7413/3688 3735/7415/3752 3734/7414/3751
f 3623/7416/3640 3735/7415/3752 3671/7413/3688
f 3588/7299/3605 3734/7411/3751 3437/7302/3454
f 3623/7417/3640 3736/7418/3753 3735/7419/3752
f 3437/7420/3454 3734/7421/3751 3673/7422/3690
f 3737/7423/3754 3624/7424/3641 3738/7425/3755
f 3738/7425/3755 3739/7426/3756 3737/7423/3754
f 3740/7427/3757 3741/7428/3758 3742/7429/3759
f 3740/7427/3757 3743/7430/3760 3741/7428/3758
f 3744/7431/3761 3745/7432/3762 3743/7430/3760
f 3743/7430/3760 3740/7427/3757 3744/7431/3761
f 3627/7304/3644 3746/7433/3763 3626/7202/3643
f 3747/7434/3764 3748/7435/3765 3749/7436/3766
f 3747/7434/3764 3746/7433/3763 3748/7435/3765
f 3351/6643/3368 3675/7306/3692 3487/6923/3504
f 3748/7435/3765 3594/7122/3611 3750/7437/3767
f 3748/7435/3765 3746/7433/3763 3594/7122/3611
f 3750/7437/3767 3594/7122/3611 3751/7438/3768
f 3746/7433/3763 3627/7304/3644 3490/6930/3507
f 3594/7122/3611 3746/7433/3763 3490/6930/3507
f 3594/7122/3611 3538/7016/3555 3751/7438/3768
f 3538/7016/3555 3676/7439/3693 3752/7440/3769
f 3538/7016/3555 3448/6843/3465 3676/7439/3693
f 3402/7441/3419 3542/7029/3559 3677/7442/3694
f 3753/7443/3770 3448/7444/3771 3538/7445/3772
f 3360/6659/3377 3677/7442/3694 3678/7313/3695
f 3258/6458/3275 3140/6232/3155 3678/7313/3695
f 3493/6936/3510 3680/7318/3697 3681/7319/3698
f 3406/6754/3423 3499/6948/3516 3631/7216/3648
f 3452/7446/3469 3681/7447/3698 3632/7322/3649
f 3454/7448/3471 3754/7449/3773 3682/7450/3699
f 3631/7216/3648 3633/7219/3650 3498/6947/3515
f 3633/7219/3650 3754/7449/3773 3454/7448/3471
f 3500/7321/3517 3755/7451/3774 3407/6755/3424
f 3456/6860/3473 3756/7452/3775 3634/7221/3651
f 3456/6860/3473 3596/7138/3613 3756/7452/3775
f 3459/7327/3476 3597/7453/3614 3685/7325/3702
f 3596/7138/3613 3687/7454/3704 3756/7452/3775
f 3757/7455/3776 3689/7334/3706 3694/7340/3711
f 3757/7455/3776 3687/7329/3704 3689/7334/3706
f 3639/7231/3656 3694/7340/3711 3689/7334/3706
f 3694/7340/3711 3639/7231/3656 3692/7338/3709
f 3639/7231/3656 3702/7456/3719 3692/7338/3709
f 3638/7227/3655 3691/7337/3708 3636/7330/3653
f 3692/7457/3709 3702/7352/3719 3696/7351/3713
f 3693/7458/3710 3699/7459/3716 3758/7460/3777
f 3545/7461/3562 3636/7330/3653 3691/7337/3708
f 3640/7341/3657 3700/7462/3717 3695/7342/3712
f 3699/7347/3716 3704/7358/3721 3759/7463/3778
f 3545/7045/3562 3691/7464/3708 3706/7360/3723
f 3707/7362/3724 3760/7465/3779 3708/7363/3725
f 3643/7361/3660 3709/7466/3726 3761/7467/3780
f 3708/7468/3725 3644/7238/3661 3599/7146/3616
f 3760/7469/3779 3762/7470/3781 3708/7468/3725
f 3760/7469/3779 3763/7471/3782 3762/7470/3781
f 3644/7238/3661 3764/7472/3783 3645/7243/3662
f 3646/7241/3663 3645/7243/3662 3764/7472/3783
f 3507/6963/3524 3550/7052/3567 3765/7473/3784
f 3646/7241/3663 3764/7472/3783 3711/7367/3728
f 3710/7366/3727 3765/7473/3784 3550/7052/3567
f 3646/7241/3663 3712/7368/3729 3647/7365/3664
f 3710/7366/3727 3714/7371/3731 3765/7473/3784
f 3714/7474/3731 3716/7475/3733 3765/7476/3784
f 3710/7366/3727 3715/7372/3732 3714/7371/3731
f 3712/7368/3729 3718/7377/3735 3647/7365/3664
f 3647/7365/3664 3766/7477/3785 3602/7478/3619
f 3647/7365/3664 3718/7377/3735 3766/7477/3785
f 3716/7373/3733 3715/7372/3732 3767/7479/3786
f 3768/7480/3787 3716/7373/3733 3769/7481/3788
f 3718/7377/3735 3770/7482/3789 3648/7483/3665
f 3718/7377/3735 3717/7376/3734 3770/7482/3789
f 3603/7375/3620 3462/6872/3479 3771/7484/3790
f 3769/7481/3788 3716/7373/3733 3772/7485/3791
f 3716/7373/3733 3773/7486/3792 3772/7485/3791
f 3462/6872/3479 3650/7250/3667 3771/7484/3790
f 3720/7487/3737 3649/7488/3666 3774/7489/3793
f 3774/7489/3793 3775/7490/3794 3720/7487/3737
f 3775/7491/3794 3721/7382/3738 3720/7383/3737
f 3604/7156/3621 3776/7492/3795 3555/7157/3572
f 3604/7156/3621 3777/7493/3796 3776/7492/3795
f 3071/6106/3086 3509/6967/3526 3186/6318/3203
f 3186/6318/3203 3605/7159/3622 2939/5821/2954
f 3416/7252/3433 3023/6002/3038 3778/7494/3797
f 3026/6007/3041 3560/7067/3577 3511/6973/3528
f 3512/6974/3529 3722/7389/3739 3561/7068/3578
f 3723/7391/3740 3725/7393/3742 3514/6976/3531
f 3727/7395/3744 3615/7399/3632 3654/7264/3671
f 3727/7395/3744 3613/7175/3630 3615/7399/3632
f 3657/7271/3674 3728/7401/3745 3614/7270/3631
f 3779/7495/3798 3780/7496/3799 3781/7497/3800
f 3572/7093/3589 3782/7498/3801 3657/7499/3674
f 3572/7093/3589 3616/7183/3633 3782/7498/3801
f 3434/7187/3451 3783/7500/3802 3616/7183/3633
f 3434/7187/3451 3662/7279/3679 3783/7500/3802
f 3579/7104/3596 3784/7501/3803 3478/6905/3495
f 3579/7104/3596 3785/7502/3804 3784/7501/3803
f 3729/7403/3746 3785/7502/3804 3579/7104/3596
f 3660/7503/3677 3198/7504/3215 3786/7505/3805
f 3198/7506/3215 3663/7507/3680 3786/7407/3805
f 3735/7419/3752 3736/7418/3753 3673/7508/3690
f 3532/7009/3549 3787/7509/3806 3589/7117/3606
f 3673/7300/3690 3788/7510/3807 3590/7301/3607
f 3736/7511/3753 3789/7512/3808 3788/7510/3807
f 3736/7511/3753 3739/7426/3756 3789/7512/3808
f 3739/7513/3756 3738/7514/3755 3788/7515/3807
f 3739/7426/3756 3788/7510/3807 3789/7512/3808
f 3739/7426/3756 3790/7516/3809 3737/7423/3754
f 3737/7423/3754 3790/7516/3809 3624/7424/3641
f 3624/7424/3641 3791/7517/3810 3394/7518/3411
f 3790/7519/3809 3792/7520/3811 3741/7521/3758
f 3793/7522/3812 3792/7523/3811 3790/7516/3809
f 3792/7523/3811 3794/7524/3813 3741/7428/3758
f 3792/7523/3811 3793/7522/3812 3794/7524/3813
f 3395/6729/3412 3625/7201/3642 3674/7303/3691
f 3394/7518/3411 3745/7432/3762 3486/7525/3503
f 3394/7518/3411 3791/7517/3810 3745/7432/3762
f 3626/7202/3643 3747/7434/3764 3625/7201/3642
f 3625/7201/3642 3747/7434/3764 3795/7526/3814
f 3745/7432/3762 3744/7431/3761 3796/7527/3815
f 3745/7432/3762 3796/7527/3815 3797/7528/3816
f 3626/7202/3643 3746/7433/3763 3747/7434/3764
f 3747/7434/3764 3749/7436/3766 3798/7529/3817
f 3486/7525/3503 3745/7432/3762 3534/7530/3551
f 3749/7436/3766 3748/7435/3765 3750/7437/3767
f 3799/7531/3818 3752/7532/3769 3628/7309/3645
f 3752/7532/3769 3676/7310/3693 3628/7309/3645
f 3679/7533/3696 3800/7534/3819 3629/7317/3646
f 3800/7534/3819 3801/7535/3820 3629/7317/3646
f 3801/7535/3820 3680/7318/3697 3629/7317/3646
f 3631/7216/3648 3499/6948/3516 3802/7536/3821
f 3499/6948/3516 3803/7537/3822 3802/7536/3821
f 3500/6950/3517 3501/6951/3518 3804/7538/3823
f 3501/6951/3518 3805/7539/3824 3804/7538/3823
f 3634/4908/3651 3805/7540/3824 3501/7541/3518
f 3597/7453/3614 3684/7542/3701 3685/7325/3702
f 3686/7543/3703 3685/7544/3702 3806/7545/3825
f 3694/7340/3711 3807/7546/3826 3757/7455/3776
f 3639/7231/3656 3690/7547/3707 3702/7456/3719
f 3694/7548/3711 3693/7458/3710 3758/7460/3777
f 3547/7549/3564 3702/7456/3719 3690/7547/3707
f 3700/7462/3717 3808/7550/3827 3695/7342/3712
f 3691/7551/3708 3695/7552/3712 3706/7553/3723
f 3700/7462/3717 3809/7554/3828 3808/7550/3827
f 3704/7357/3721 3703/7356/3720 3759/7555/3778
f 3547/7549/3564 3705/7556/3722 3702/7456/3719
f 3705/7359/3722 3643/7361/3660 3761/7467/3780
f 3706/7360/3723 3707/7362/3724 3599/7235/3616
f 3708/7468/3725 3762/7470/3781 3644/7238/3661
f 3644/7238/3661 3762/7470/3781 3764/7472/3783
f 3762/7470/3781 3763/7471/3782 3764/7472/3783
f 3810/7557/3829 3709/7364/3726 3765/7473/3784
f 3642/7236/3659 3765/7473/3784 3709/7364/3726
f 3507/6963/3524 3765/7473/3784 3642/7236/3659
f 3710/7366/3727 3713/7374/3730 3715/7372/3732
f 3711/7558/3728 3719/7379/3736 3712/7378/3729
f 3716/7475/3733 3768/7559/3787 3765/7476/3784
f 3715/7372/3732 3603/7375/3620 3767/7479/3786
f 3766/7477/3785 3648/7483/3665 3602/7478/3619
f 3718/7377/3735 3648/7483/3665 3766/7477/3785
f 3768/7480/3787 3769/7481/3788 3811/7560/3830
f 3767/7479/3786 3603/7375/3620 3771/7484/3790
f 3767/7479/3786 3773/7486/3792 3716/7373/3733
f 3767/7479/3786 3771/7484/3790 3773/7486/3792
f 3648/7245/3665 3770/7561/3789 3552/7054/3569
f 3770/7482/3789 3649/7248/3666 3552/7249/3569
f 3771/7484/3790 3650/7250/3667 3773/7486/3792
f 3650/7562/3667 3812/7563/3831 3773/7564/3792
f 3650/7250/3667 3555/7157/3572 3812/7565/3831
f 3183/6315/3200 3813/7566/3832 3103/6161/3118
f 3553/7056/3570 3813/7566/3832 3183/6315/3200
f 3721/7382/3738 3813/7566/3832 3553/7056/3570
f 3814/7567/3833 3775/7490/3794 3774/7489/3793
f 3721/7382/3738 3815/7568/3834 3813/7566/3832
f 3775/7491/3794 3815/7568/3834 3721/7382/3738
f 3814/7569/3833 3815/7568/3834 3775/7491/3794
f 3814/7567/3833 3816/7570/3835 3815/7571/3834
f 3816/7570/3835 3814/7567/3833 3817/7572/3836
f 3818/7573/3837 3819/7574/3838 3820/7575/3839
f 3777/7493/3796 3819/7574/3838 3818/7573/3837
f 3777/7493/3796 3604/7156/3621 3819/7574/3838
f 3416/7252/3433 3778/7494/3797 3604/7576/3621
f 2858/6166/2873 3510/7577/3527 3821/7578/3840
f 3512/6974/3529 3562/7069/3579 3722/7389/3739
f 3469/7390/3486 3722/7389/3739 3723/7579/3740
f 3565/7074/3582 3822/7580/3841 3724/7392/3741
f 3563/7071/3580 3726/7394/3743 3653/7263/3670
f 3610/7172/3627 3823/7581/3842 3611/7173/3628
f 3565/7074/3582 3566/7582/3583 3822/7580/3841
f 3611/7173/3628 3824/7583/3843 3566/7077/3583
f 3824/7583/3843 3729/7584/3746 3566/7077/3583
f 3566/7077/3583 3729/7584/3746 3825/7585/3844
f 3826/7586/3845 3781/7497/3800 3824/7583/3843
f 3824/7583/3843 3781/7497/3800 3729/7584/3746
f 3781/7497/3800 3780/7496/3799 3729/7584/3746
f 3657/7499/3674 3782/7498/3801 3728/7587/3745
f 3782/7498/3801 3827/7588/3846 3728/7587/3745
f 3660/7589/3677 3825/7585/3844 3729/7584/3746
f 3660/7590/3677 3786/7591/3805 3825/7592/3844
f 3728/7587/3745 3661/7593/3678 3658/7594/3675
f 3782/7498/3801 3616/7183/3633 3827/7588/3846
f 3478/6905/3495 3828/7595/3847 3829/7596/3848
f 3728/7587/3745 3827/7588/3846 3661/7593/3678
f 3662/7279/3679 3730/7404/3747 3783/7500/3802
f 3581/7106/3598 3669/7291/3686 3731/7405/3748
f 3664/7597/3681 3830/7598/3849 3831/7599/3850
f 3831/7600/3850 3666/7286/3683 3664/7282/3681
f 3666/7601/3683 3831/7602/3850 3832/7603/3851
f 3668/7290/3685 3733/7410/3750 3833/7604/3852
f 3618/7195/3635 3620/7194/3637 3733/7410/3750
f 3669/7291/3686 3245/6433/3262 3834/7605/3853
f 3619/7288/3636 3736/7511/3753 3623/7198/3640
f 3391/6805/3408 3787/7606/3806 3532/7006/3549
f 3736/7511/3753 3788/7510/3807 3673/7300/3690
f 3738/7425/3755 3624/7424/3641 3788/7510/3807
f 3590/7301/3607 3788/7510/3807 3624/7424/3641
f 3790/7516/3809 3739/7426/3756 3835/7607/3854
f 3790/7516/3809 3791/7517/3810 3624/7424/3641
f 3790/7516/3809 3741/7428/3758 3791/7517/3810
f 3745/7432/3762 3791/7517/3810 3741/7428/3758
f 3794/7524/3813 3742/7429/3759 3741/7428/3758
f 3742/7429/3759 3836/7608/3855 3740/7427/3757
f 3741/7428/3758 3743/7430/3760 3745/7432/3762
f 3744/7431/3761 3837/7609/3856 3796/7527/3815
f 3798/7529/3817 3838/7610/3857 3747/7434/3764
f 3745/7432/3762 3839/7611/3858 3534/7530/3551
f 3840/7612/3859 3749/7436/3766 3750/7437/3767
f 3534/7530/3551 3839/7611/3858 3537/7311/3554
f 3840/7613/3859 3752/7532/3769 3799/7531/3818
f 3751/7438/3768 3840/7612/3859 3750/7437/3767
f 3542/7029/3559 3537/7311/3554 3839/7611/3858
f 3538/7016/3555 3752/7440/3769 3840/7612/3859
f 3751/7438/3768 3538/7016/3555 3840/7612/3859
f 3841/7614/3860 3799/7615/3818 3628/7206/3645
f 3492/6935/3509 3258/6458/3275 3841/7614/3860
f 3800/7534/3819 3679/7533/3696 3842/7616/3861
f 3801/7617/3820 3843/7618/3862 3680/7619/3697
f 3844/7620/3863 3595/7134/3612 3630/7215/3647
f 3630/7621/3647 3682/7622/3699 3845/7623/3864
f 3845/7624/3864 3682/7450/3699 3846/7625/3865
f 3754/7449/3773 3633/7219/3650 3847/7626/3866
f 3847/7626/3866 3633/7219/3650 3631/7216/3648
f 3499/7137/3516 3407/7136/3424 3848/7627/3867
f 3849/7628/3868 3683/7323/3700 3632/7322/3649
f 3848/7627/3867 3407/7136/3424 3755/7629/3774
f 3850/7630/3869 3755/7451/3774 3500/7321/3517
f 3849/7628/3868 3851/7631/3870 3683/7323/3700
f 3850/7632/3869 3500/7633/3517 3804/7634/3823
f 3804/7538/3823 3805/7539/3824 3852/7635/3871
f 3853/7636/3872 3502/6952/3519 3683/7323/3700
f 3852/7637/3871 3805/7638/3824 3634/7639/3651
f 3853/7636/3872 3684/7324/3701 3502/6952/3519
f 3852/7637/3871 3634/7639/3651 3756/7640/3775
f 3686/7641/3703 3854/7642/3873 3635/7332/3652
f 3854/7642/3873 3688/7333/3705 3635/7332/3652
f 3688/7333/3705 3697/7643/3714 3641/7336/3658
f 3697/7644/3714 3855/7645/3874 3700/7646/3717
f 3856/7647/3875 3699/7347/3716 3759/7463/3778
f 3702/7456/3719 3857/7648/3876 3703/7649/3720
f 3695/7650/3712 3858/7651/3877 3706/7360/3723
f 3858/7652/3877 3695/7342/3712 3808/7550/3827
f 3855/7653/3874 3809/7654/3828 3700/7655/3717
f 3702/7456/3719 3705/7556/3722 3761/7656/3780
f 3858/7651/3877 3707/7362/3724 3706/7360/3723
f 3858/7651/3877 3859/7657/3878 3707/7362/3724
f 3859/7657/3878 3760/7465/3779 3707/7362/3724
f 3860/7658/3879 3760/7465/3779 3859/7657/3878
f 3860/7658/3879 3861/7659/3880 3760/7465/3779
f 3709/7466/3726 3810/7660/3829 3862/7661/3881
f 3861/7659/3880 3763/7662/3782 3760/7465/3779
f 3862/7661/3881 3810/7660/3829 3863/7663/3882
f 3861/7659/3880 3764/7664/3783 3763/7662/3782
f 3810/7660/3829 3765/7476/3784 3863/7663/3882
f 3861/7659/3880 3864/7665/3883 3764/7664/3783
f 3864/7665/3883 3711/7558/3728 3764/7664/3783
f 3811/7560/3830 3769/7481/3788 3812/7565/3831
f 3769/7481/3788 3772/7485/3791 3812/7565/3831
f 3865/7666/3884 3649/7248/3666 3770/7482/3789
f 3865/7666/3884 3770/7482/3789 3717/7376/3734
f 3772/7485/3791 3773/7486/3792 3812/7565/3831
f 3866/7667/3885 3814/7567/3833 3774/7489/3793
f 3866/7667/3885 3818/7573/3837 3814/7567/3833
f 3818/7573/3837 3817/7572/3836 3814/7567/3833
f 3816/7668/3835 3817/7669/3836 3867/7670/3886
f 3867/7670/3886 3817/7669/3836 3820/7671/3839
f 3818/7573/3837 3820/7575/3839 3817/7572/3836
f 3777/7493/3796 3818/7573/3837 3812/7565/3831
f 3812/7565/3831 3776/7492/3795 3777/7493/3796
f 3606/7160/3623 3418/6781/3435 3607/7165/3624
f 3420/7672/3437 3608/5483/3625 3868/7673/3887
f 3378/6696/3395 3869/7674/3888 3109/6177/3124
f 3869/7674/3888 3651/7256/3668 3109/6177/3124
f 3562/7069/3579 3652/7260/3669 3870/7675/3889
f 3871/7676/3890 3652/7260/3669 3724/7677/3741
f 3872/7678/3891 3726/7394/3743 3725/7393/3742
f 3724/7392/3741 3822/7580/3841 3873/7679/3892
f 3873/7679/3892 3822/7580/3841 3874/7680/3893
f 3823/7681/3842 3610/7262/3627 3653/7263/3670
f 3875/7682/3894 3781/7497/3800 3826/7586/3845
f 3875/7682/3894 3779/7495/3798 3781/7497/3800
f 3876/7683/3895 3877/7684/3896 3779/7685/3798
f 3877/7686/3896 3780/7687/3799 3779/7688/3798
f 3729/7584/3746 3780/7496/3799 3785/7689/3804
f 3616/7183/3633 3878/7690/3897 3827/7588/3846
f 3478/6905/3495 3784/7501/3803 3828/7595/3847
f 3661/7691/3678 3827/7692/3846 3879/7693/3898
f 3783/7500/3802 3878/7690/3897 3616/7183/3633
f 3878/7690/3897 3783/7500/3802 3730/7404/3747
f 3663/7280/3680 3731/7405/3748 3880/7694/3899
f 3878/7690/3897 3732/7409/3749 3881/7695/3900
f 3732/7409/3749 3878/7690/3897 3730/7404/3747
f 3882/7696/3901 3881/7695/3900 3732/7409/3749
f 3668/7290/3685 3883/7697/3902 3882/7696/3901
f 3732/7409/3749 3668/7290/3685 3882/7696/3901
f 3884/7698/3903 3832/7603/3851 3831/7602/3850
f 3884/7699/3903 3885/7700/3904 3832/2198/3851
f 3885/7701/3904 3883/7697/3902 3668/7290/3685
f 3666/7287/3683 3832/7702/3851 3886/7703/3905
f 3886/7703/3905 3832/7702/3851 3885/7701/3904
f 3666/7287/3683 3887/7704/3906 3619/7288/3636
f 3833/7604/3852 3733/7410/3750 3888/7705/3907
f 3587/7115/3604 3889/7706/3908 3620/7194/3637
f 3735/7707/3752 3673/7708/3690 3734/7709/3751
f 3587/7115/3604 3591/7119/3608 3889/7706/3908
f 3835/7607/3854 3793/7522/3812 3790/7516/3809
f 3890/7710/3909 3794/7524/3813 3793/7522/3812
f 3742/7429/3759 3794/7524/3813 3836/7608/3855
f 3795/7526/3814 3747/7434/3764 3891/7711/3910
f 3891/7711/3910 3747/7434/3764 3838/7610/3857
f 3837/7609/3856 3892/7712/3911 3796/7527/3815
f 3893/7713/3912 3894/7714/3913 3892/7712/3911
f 3796/7527/3815 3892/7712/3911 3895/7715/3914
f 3838/7610/3857 3894/7714/3913 3893/7713/3912
f 3798/7529/3817 3749/7436/3766 3838/7610/3857
f 3797/7528/3816 3896/7716/3915 3745/7432/3762
f 3838/7610/3857 3840/7612/3859 3894/7714/3913
f 3745/7432/3762 3896/7716/3915 3839/7611/3858
f 3749/7436/3766 3840/7612/3859 3838/7610/3857
f 3839/7611/3858 3896/7716/3915 3897/7717/3916
f 3840/7613/3859 3799/7531/3818 3894/7718/3913
f 3797/2609/3816 3897/7719/3916 3896/7720/3915
f 3839/7611/3858 3897/7717/3916 3542/7029/3559
f 3897/7717/3916 3677/7442/3694 3542/7029/3559
f 3897/7717/3916 3898/7721/3917 3677/7442/3694
f 3628/7206/3645 3492/6935/3509 3841/7614/3860
f 3898/7721/3917 3678/7313/3695 3677/7442/3694
f 3841/7614/3860 3258/6458/3275 3678/7313/3695
f 3842/7722/3861 3679/7316/3696 3899/7723/3918
f 3679/7316/3696 3595/7315/3612 3899/7723/3918
f 3899/7723/3918 3595/7315/3612 3900/7724/3919
f 3595/7725/3612 3844/7726/3863 3900/6557/3919
f 3680/7318/3697 3901/7727/3920 3681/7319/3698
f 3680/7318/3697 3902/7728/3921 3901/7727/3920
f 3901/7729/3920 3632/7322/3649 3681/7447/3698
f 3844/7620/3863 3630/7215/3647 3845/7730/3864
f 3754/7449/3773 3903/7731/3922 3682/7450/3699
f 3903/7731/3922 3846/7625/3865 3682/7450/3699
f 3631/7216/3648 3904/7732/3923 3847/7626/3866
f 3848/7627/3867 3755/7629/3774 3850/7733/3869
f 3851/7631/3870 3853/7636/3872 3683/7323/3700
f 3905/7734/3924 3906/7735/3925 3907/7736/3926
f 3905/7734/3924 3908/7737/3927 3906/7735/3925
f 3853/7738/3872 3685/7325/3702 3684/7542/3701
f 3852/7739/3871 3757/7740/3776 3909/7741/3928
f 3906/7742/3925 3686/7743/3703 3907/7744/3926
f 3756/7640/3775 3687/7329/3704 3852/7637/3871
f 3852/7637/3871 3687/7329/3704 3757/7455/3776
f 3757/7745/3776 3807/7746/3826 3909/7747/3928
f 3910/7748/3929 3854/7642/3873 3686/7641/3703
f 3909/7749/3928 3694/7548/3711 3911/7750/3930
f 3807/7751/3826 3694/7548/3711 3909/7749/3928
f 3694/7548/3711 3758/7460/3777 3911/7750/3930
f 3697/7752/3714 3912/7753/3931 3855/7653/3874
f 3856/7647/3875 3912/7753/3931 3697/7752/3714
f 3912/7753/3931 3856/7647/3875 3759/7463/3778
f 3759/7555/3778 3703/7356/3720 3913/7754/3932
f 3703/7356/3720 3857/7755/3876 3913/7754/3932
f 3809/7554/3828 3914/7756/3933 3808/7550/3827
f 3857/7648/3876 3702/7456/3719 3761/7656/3780
f 3761/7467/3780 3709/7466/3726 3915/7757/3934
f 3709/7466/3726 3862/7661/3881 3915/7757/3934
f 3863/7663/3882 3765/7476/3784 3916/7758/3935
f 3864/7665/3883 3917/7759/3936 3711/7558/3728
f 3765/7476/3784 3768/7559/3787 3811/7760/3830
f 3719/7379/3736 3865/7761/3884 3717/7380/3734
f 3811/7560/3830 3812/7565/3831 3719/7762/3736
f 3719/7762/3736 3812/7565/3831 3865/7763/3884
f 3649/7764/3666 3865/7765/3884 3774/7766/3793
f 3866/7667/3885 3865/7763/3884 3818/7573/3837
f 3812/7565/3831 3555/7157/3572 3776/7492/3795
f 3812/7565/3831 3818/7573/3837 3865/7763/3884
f 3464/6878/3481 3918/7767/3937 3509/6967/3526
f 3819/7768/3838 3867/7670/3886 3820/7671/3839
f 3023/6002/3038 3272/6485/3289 3778/7494/3797
f 3869/7674/3888 3919/7769/3938 3651/7256/3668
f 3422/7169/3439 3511/7770/3528 3608/7170/3625
f 3651/7256/3668 3919/7769/3938 3609/7171/3626
f 2944/5829/2959 3920/7771/3939 3111/6179/3126
f 3722/7389/3739 3562/7069/3579 3870/7675/3889
f 3722/7389/3739 3921/7772/3940 3723/7579/3740
f 3652/7260/3669 3871/7676/3890 3870/7675/3889
f 3921/7772/3940 3725/7773/3742 3723/7579/3740
f 3653/7263/3670 3922/7774/3941 3823/7681/3842
f 3611/7173/3628 3823/7581/3842 3824/7583/3843
f 3822/7580/3841 3566/7582/3583 3923/7775/3942
f 3826/7776/3845 3824/7777/3843 3924/7778/3943
f 3566/7582/3583 3825/7779/3844 3923/7775/3942
f 3875/7682/3894 3925/7780/3944 3779/7495/3798
f 3925/6244/3944 3876/7683/3895 3779/7685/3798
f 3478/6905/3495 3926/7781/3945 3927/7782/3946
f 3478/6905/3495 3829/7596/3848 3926/7781/3945
f 3927/7782/3946 3196/6336/3213 3478/6905/3495
f 3877/7783/3896 3928/7784/3947 3828/7595/3847
f 3829/7596/3848 3828/7595/3847 3928/7784/3947
f 3877/7686/3896 3929/7785/3948 3780/7687/3799
f 3827/7692/3846 3878/7786/3897 3879/7693/3898
f 3879/7787/3898 3878/7690/3897 3930/7788/3949
f 3879/7787/3898 3930/7788/3949 3661/7593/3678
f 3878/7690/3897 3882/7696/3901 3930/7788/3949
f 3878/7690/3897 3881/7695/3900 3882/7696/3901
f 3661/7277/3678 3830/7789/3849 3664/7282/3681
f 3882/7696/3901 3883/7697/3902 3884/7790/3903
f 3883/7697/3902 3885/7701/3904 3884/7790/3903
f 3731/7405/3748 3669/7291/3686 3931/7791/3950
f 3885/7792/3904 3932/7793/3951 3886/7794/3905
f 3668/7290/3685 3833/7604/3852 3885/7701/3904
f 3666/7287/3683 3886/7703/3905 3887/7704/3906
f 3619/7288/3636 3887/7704/3906 3933/7795/3952
f 3245/6433/3262 3934/7796/3953 3834/7605/3853
f 3733/7410/3750 3620/7194/3637 3889/7706/3908
f 3245/6433/3262 3440/6919/3457 3934/7796/3953
f 3619/7288/3636 3933/7795/3952 3736/7511/3753
f 3736/7511/3753 3835/7607/3854 3739/7426/3756
f 3835/7607/3854 3935/7797/3954 3793/7522/3812
f 3591/7119/3608 3674/7303/3691 3889/7706/3908
f 3935/7797/3954 3890/7710/3909 3793/7522/3812
f 3836/7798/3855 3744/7799/3761 3740/1249/3757
f 3891/7711/3910 3838/7610/3857 3936/7800/3955
f 3937/7801/3956 3838/7610/3857 3893/7713/3912
f 3796/7527/3815 3895/7715/3914 3797/7528/3816
f 3797/7528/3816 3895/7715/3914 3897/7717/3916
f 3799/7615/3818 3841/7614/3860 3894/7714/3913
f 3678/7313/3695 3898/7721/3917 3841/7614/3860
f 3800/7534/3819 3842/7616/3861 3938/7802/3957
f 3800/7534/3819 3938/7802/3957 3801/7535/3820
f 3801/7617/3820 3939/7803/3958 3843/7618/3862
f 3843/7618/3862 3902/7804/3921 3680/7619/3697
f 3901/7729/3920 3940/7805/3959 3632/7322/3649
f 3754/7449/3773 3941/7806/3960 3903/7731/3922
f 3631/7216/3648 3802/7536/3821 3904/7732/3923
f 3632/7322/3649 3940/7805/3959 3849/7628/3868
f 3754/7449/3773 3847/7626/3866 3941/7806/3960
f 3499/7137/3516 3848/7627/3867 3803/7807/3822
f 3849/7808/3868 3940/7809/3959 3942/7810/3961
f 3804/7811/3823 3943/7812/3962 3850/7813/3869
f 3943/7814/3962 3804/7815/3823 3852/7637/3871
f 3853/7816/3872 3944/7817/3963 3806/7818/3825
f 3945/7819/3964 3908/7737/3927 3905/7734/3924
f 3945/7819/3964 3946/7820/3965 3908/7737/3927
f 3853/7821/3872 3806/7822/3825 3685/7823/3702
f 3686/7824/3703 3806/7825/3825 3907/7826/3926
f 3908/7827/3927 3910/7828/3929 3906/4383/3925
f 3906/7829/3925 3910/7830/3929 3686/7831/3703
f 3688/7333/3705 3947/7832/3966 3948/7833/3967
f 3911/7834/3930 3758/5143/3777 3949/7835/3968
f 3688/7333/3705 3948/7833/3967 3697/7643/3714
f 3856/7836/3875 3758/7837/3777 3699/7838/3716
f 3855/7653/3874 3912/7753/3931 3809/7654/3828
f 3808/7550/3827 3914/7756/3933 3858/7652/3877
f 3912/7839/3931 3914/7756/3933 3809/7554/3828
f 3912/7753/3931 3950/7840/3969 3914/7841/3933
f 3912/7753/3931 3759/7463/3778 3950/7840/3969
f 3759/7555/3778 3914/7842/3933 3950/7843/3969
f 3759/7555/3778 3913/7754/3932 3914/7842/3933
f 3761/7656/3780 3915/7844/3934 3857/7648/3876
f 3860/7658/3879 3859/7657/3878 3951/7845/3970
f 3860/7846/3879 3951/7847/3970 3861/7848/3880
f 3916/7758/3935 3765/7476/3784 3952/7849/3971
f 3711/7558/3728 3917/7759/3936 3719/7379/3736
f 3774/7489/3793 3865/7763/3884 3866/7667/3885
f 2858/6166/2873 3821/7578/3840 3272/6485/3289
f 3609/7257/3626 3920/7771/3939 2944/5829/2959
f 3111/6179/3126 3920/7771/3939 3560/7258/3577
f 3722/7389/3739 3870/7675/3889 3921/7772/3940
f 3870/7675/3889 3871/7676/3890 3921/7772/3940
f 3724/7677/3741 3953/7850/3972 3871/7676/3890
f 3822/7580/3841 3923/7775/3942 3874/7680/3893
f 3823/7681/3842 3924/7851/3943 3824/7852/3843
f 3826/7776/3845 3924/7778/3943 3954/7853/3973
f 3826/7776/3845 3954/7853/3973 3875/7854/3894
f 3825/7779/3844 3955/7855/3974 3923/7775/3942
f 3929/7785/3948 3956/7856/3975 3957/7857/3976
f 3780/7687/3799 3929/7785/3948 3957/7857/3976
f 3780/7858/3799 3957/7859/3976 3785/7860/3804
f 3196/6336/3213 3927/7782/3946 3958/7861/3977
f 3785/7862/3804 3957/7863/3976 3956/7864/3975
f 3956/7865/3975 3784/7501/3803 3785/7502/3804
f 3786/7866/3805 3663/7280/3680 3959/7867/3978
f 3663/7280/3680 3880/7694/3899 3959/7867/3978
f 3661/7593/3678 3884/7790/3903 3830/7868/3849
f 3930/7788/3949 3884/7790/3903 3661/7593/3678
f 3930/7788/3949 3882/7696/3901 3884/7790/3903
f 3831/7869/3850 3830/7868/3849 3884/7790/3903
f 3833/7604/3852 3932/7870/3951 3885/7701/3904
f 3669/7291/3686 3834/7605/3853 3931/7791/3950
f 3888/7705/3907 3960/7871/3979 3833/7604/3852
f 3733/7410/3750 3889/7706/3908 3888/7705/3907
f 3736/7511/3753 3933/7795/3952 3835/7607/3854
f 3625/7201/3642 3795/7526/3814 3674/7303/3691
f 3890/7710/3909 3836/7608/3855 3794/7524/3813
f 3961/7872/3980 3795/7526/3814 3891/7711/3910
f 3836/7608/3855 3837/7609/3856 3744/7431/3761
f 3937/7873/3956 3936/7874/3955 3838/7875/3857
f 3892/7712/3911 3837/7609/3856 3893/7713/3912
f 3894/7714/3913 3841/7614/3860 3892/7712/3911
f 3897/7717/3916 3895/7715/3914 3898/7721/3917
f 3841/7614/3860 3898/7721/3917 3895/7715/3914
f 3842/7616/3861 3899/7876/3918 3938/7802/3957
f 3843/7618/3862 3939/7803/3958 3902/7804/3921
f 3802/7536/3821 3803/7537/3822 3962/7877/3981
f 3846/7878/3865 3903/7879/3922 3941/7880/3960
f 3803/7537/3822 3848/7881/3867 3962/7877/3981
f 3904/7882/3923 3963/7883/3982 3847/7884/3866
f 3904/7732/3923 3964/7885/3983 3963/7886/3982
f 3847/7884/3866 3963/7883/3982 3941/7887/3960
f 3849/7628/3868 3942/7888/3961 3851/7631/3870
f 3965/7889/3984 3966/7890/3985 3967/7891/3986
f 3967/7892/3986 3968/7893/3987 3965/7894/3984
f 3851/7631/3870 3969/7895/3988 3853/7636/3872
f 3966/7896/3985 3970/7897/3989 3945/3622/3964
f 3966/7890/3985 3965/7889/3984 3970/7898/3989
f 3970/7899/3989 3971/7900/3990 3945/7819/3964
f 3970/7901/3989 3965/7894/3984 3971/7902/3990
f 3945/7819/3964 3971/7900/3990 3946/7820/3965
f 3943/7814/3962 3972/7903/3991 3973/7904/3992
f 3943/7814/3962 3852/7637/3871 3972/7903/3991
f 3944/7905/3963 3974/7906/3993 3806/3260/3825
f 3945/7907/3964 3905/7908/3924 3975/7909/3994
f 3852/7637/3871 3909/7910/3928 3972/7903/3991
f 3907/7911/3926 3806/7912/3825 3975/7913/3994
f 3905/7908/3924 3907/7914/3926 3975/7909/3994
f 3910/7748/3929 3688/7333/3705 3854/7642/3873
f 3914/7915/3933 3976/7916/3995 3858/7917/3877
f 3913/7918/3932 3977/7919/3996 3914/7841/3933
f 3976/7916/3995 3859/7920/3878 3858/7917/3877
f 3857/7648/3876 3915/7844/3934 3913/7918/3932
f 3914/7921/3933 3978/1438/3997 3979/7922/3998
f 3913/7918/3932 3915/7844/3934 3977/7919/3996
f 3863/7923/3882 3916/7924/3935 3862/7925/3881
f 3861/7659/3880 3980/7926/3999 3864/7665/3883
f 3811/7760/3830 3952/7849/3971 3765/7476/3784
f 3811/7560/3830 3719/7762/3736 3952/7927/3971
f 3103/6161/3118 3981/7928/4000 3102/6160/3117
f 3414/6877/3431 3413/7929/3430 3464/6878/3481
f 3464/7930/3481 3413/7931/3430 3918/7932/3937
f 3510/7933/3527 3557/7934/3574 3821/7935/3840
f 3556/7062/3573 3982/7936/4001 3322/6588/3339
f 3557/7166/3574 3322/6588/3339 3983/7937/4002
f 3420/6784/3437 3984/7938/4003 3378/7385/3395
f 3420/6784/3437 3868/7939/3887 3984/7938/4003
f 3609/7257/3626 3919/7940/3938 3920/7771/3939
f 3725/7773/3742 3921/7772/3940 3985/7941/4004
f 3921/7772/3940 3871/7676/3890 3985/7941/4004
f 3725/7393/3742 3985/7942/4004 3872/7678/3891
f 3724/7677/3741 3873/7943/3892 3953/7850/3972
f 3923/7775/3942 3955/7855/3974 3986/7944/4005
f 3825/7592/3844 3786/7591/3805 3955/7945/3974
f 3876/7946/3895 3926/7781/3945 3829/7596/3848
f 3877/7684/3896 3876/7683/3895 3928/7947/3947
f 3829/7948/3848 3928/3460/3947 3876/7709/3895
f 3828/7595/3847 3784/7501/3803 3877/7783/3896
f 3731/7405/3748 3987/7949/4006 3880/7694/3899
f 3731/7405/3748 3931/7791/3950 3987/7949/4006
f 3932/7793/3951 3988/7950/4007 3886/7794/3905
f 3887/7704/3906 3886/7703/3905 3933/7795/3952
f 3888/7705/3907 3889/7706/3908 3960/7871/3979
f 3960/7871/3979 3989/7951/4008 3990/7952/4009
f 3960/7871/3979 3889/7706/3908 3989/7951/4008
f 3990/7952/4009 3989/7951/4008 3991/7953/4010
f 3933/7795/3952 3935/7797/3954 3835/7607/3854
f 3889/7706/3908 3961/7872/3980 3989/7951/4008
f 3674/7303/3691 3795/7526/3814 3961/7872/3980
f 3992/7954/4011 3836/7608/3855 3890/7710/3909
f 3961/7872/3980 3891/7711/3910 3993/7955/4012
f 3891/7711/3910 3936/7800/3955 3993/7955/4012
f 3892/7712/3911 3841/7614/3860 3895/7715/3914
f 3938/7802/3957 3939/7956/3958 3801/7535/3820
f 3846/7957/3865 3994/7958/4013 3845/3309/3864
f 3941/7959/3960 3994/5082/4013 3846/7960/3865
f 3941/7887/3960 3995/7961/4014 3994/7962/4013
f 3845/7963/3864 3994/7964/4013 3996/7965/4015
f 3996/7966/4015 3994/7967/4013 3997/7968/4016
f 3904/7732/3923 3802/7536/3821 3964/7885/3983
f 3994/7962/4013 3998/7969/4017 3997/7970/4016
f 3963/7883/3982 3964/7971/3983 3999/7972/4018
f 3942/7888/3961 3969/7895/3988 3851/7631/3870
f 3967/7973/3986 4000/7974/4019 4001/7975/4020
f 3967/7976/3986 4001/7977/4020 3968/7978/3987
f 3963/7883/3982 3999/7972/4018 4002/7979/4021
f 3850/7980/3869 3973/7904/3992 4003/7981/4022
f 3943/7814/3962 3973/7904/3992 3850/7980/3869
f 3969/7982/3988 3944/7817/3963 3853/7816/3872
f 3969/7982/3988 4004/7983/4023 3944/7817/3963
f 3945/7984/3964 4005/7985/4024 3966/7890/3985
f 3945/7984/3964 3975/7986/3994 4005/7985/4024
f 3971/7902/3990 3910/7828/3929 3946/7987/3965
f 3973/7988/3992 3972/7989/3991 4006/7990/4025
f 3946/7987/3965 3910/7828/3929 3908/7827/3927
f 3909/7910/3928 3911/7991/3930 3972/7903/3991
f 3910/7748/3929 3947/7832/3966 3688/7333/3705
f 3979/7992/3998 3976/7916/3995 3914/7915/3933
f 3914/7841/3933 3977/7919/3996 3978/7993/3997
f 3859/7920/3878 3976/7916/3995 3951/7994/3970
f 3976/7995/3995 4007/7996/4026 3951/7997/3970
f 3979/7992/3998 4007/7998/4026 3976/7916/3995
f 3979/7999/3998 3978/8000/3997 4007/8001/4026
f 3978/8000/3997 4008/8002/4027 4007/8001/4026
f 3977/8003/3996 4009/8004/4028 3978/8000/3997
f 3978/8000/3997 4009/8004/4028 4008/8002/4027
f 3862/7925/3881 4009/8005/4028 3977/7919/3996
f 3862/7925/3881 3977/7919/3996 3915/7844/3934
f 3951/8006/3970 4007/8007/4026 3861/8008/3880
f 3862/7925/3881 3916/7924/3935 4009/8005/4028
f 3864/7665/3883 3980/7926/3999 3917/7759/3936
f 3917/8009/3936 3952/7927/3971 3719/7762/3736
f 3227/6398/3244 3102/6160/3117 3981/7928/4000
f 3186/6318/3203 3509/6967/3526 3605/7159/3622
f 3557/7934/3574 3983/8010/4002 3821/7935/3840
f 3378/6696/3395 4010/8011/4029 3869/7674/3888
f 3511/7770/3528 4011/8012/4030 3608/7170/3625
f 3511/7770/3528 3560/8013/3577 4011/8012/4030
f 3872/7678/3891 4012/8014/4031 3726/7394/3743
f 3726/7394/3743 4012/8014/4031 3653/7263/3670
f 3823/7681/3842 3922/7774/3941 3924/7851/3943
f 3875/7854/3894 3954/7853/3973 4013/8015/4032
f 3875/7682/3894 4013/8016/4032 3925/7780/3944
f 3925/7780/3944 3926/8017/3945 3876/8018/3895
f 3196/6336/3213 3958/7861/3977 3483/7109/3500
f 4014/8019/4033 3586/7114/3603 3483/6915/3500
f 3933/7795/3952 3886/7703/3905 4015/8020/4034
f 3886/7794/3905 3988/7950/4007 4015/8021/4034
f 3933/7795/3952 4015/8020/4034 3935/7797/3954
f 3961/7872/3980 4016/8022/4035 3989/7951/4008
f 3889/7706/3908 3674/7303/3691 3961/7872/3980
f 4016/8022/4035 3961/7872/3980 3993/7955/4012
f 3836/7608/3855 3992/7954/4011 3837/7609/3856
f 4017/8023/4036 3936/7874/3955 3937/7873/3956
f 3893/7713/3912 3837/7609/3856 4018/8024/4037
f 3893/7713/3912 4018/8024/4037 3937/7801/3956
f 3938/7802/3957 3899/7876/3918 4019/8025/4038
f 3938/8026/3957 4019/8027/4038 3939/8028/3958
f 3900/7724/3919 4020/8029/4039 3899/7723/3918
f 3900/8030/3919 3844/8031/3863 4020/8032/4039
f 3939/7803/3958 4021/8033/4040 3902/7804/3921
f 3844/7620/3863 3845/7730/3864 4020/8034/4039
f 4021/8035/4040 3901/7727/3920 3902/7728/3921
f 3997/8036/4016 4022/8037/4041 3996/8038/4015
f 3802/7536/3821 3962/7877/3981 3964/7885/3983
f 3997/7970/4016 3998/7969/4017 4022/8039/4041
f 3994/7962/4013 3995/7961/4014 3998/7969/4017
f 3941/7887/3960 3963/7883/3982 3995/7961/4014
f 3998/7969/4017 4023/8040/4042 4000/8041/4019
f 4022/8042/4041 3998/8043/4017 4000/8044/4019
f 3995/7961/4014 4023/8040/4042 3998/7969/4017
f 3850/7980/3869 4024/8045/4043 3848/8046/3867
f 3966/7890/3985 4025/8047/4044 3967/7891/3986
f 3967/8048/3986 4025/6426/4044 4000/8049/4019
f 4000/8050/4019 4023/8051/4042 4001/8052/4020
f 4002/7979/4021 4026/8053/4045 3963/7883/3982
f 3966/7890/3985 4005/7985/4024 4025/8047/4044
f 4001/8052/4020 4023/8051/4042 3968/8054/3987
f 4003/7981/4022 4024/8045/4043 3850/7980/3869
f 4004/8055/4023 4027/8056/4046 3944/7905/3963
f 4002/7979/4021 4028/8057/4047 4026/8053/4045
f 3964/7971/3983 4029/8058/4048 3999/7972/4018
f 3944/7905/3963 4027/8056/4046 3974/7906/3993
f 3999/8059/4018 4028/8060/4047 4002/8061/4021
f 3999/8059/4018 4029/8062/4048 4028/8060/4047
f 3965/7894/3984 3968/7893/3987 3971/7902/3990
f 3971/7902/3990 3968/7893/3987 3910/7828/3929
f 3972/7989/3991 4030/8063/4049 4006/7990/4025
f 3972/7989/3991 3911/8064/3930 4030/8063/4049
f 3911/8064/3930 3949/8065/3968 4030/8063/4049
f 3948/8066/3967 4031/8067/4050 3697/7752/3714
f 4032/8068/4051 4033/8069/4052 3856/7647/3875
f 3856/7647/3875 3697/7752/3714 4032/8068/4051
f 3697/7752/3714 4034/8070/4053 4032/8068/4051
f 3758/8071/3777 3856/7647/3875 4033/8069/4052
f 3758/8071/3777 4033/8069/4052 4035/8072/4054
f 3819/7768/3838 4036/8073/4055 3867/7670/3886
f 3272/6485/3289 3821/7578/3840 4037/8074/4056
f 3556/7062/3573 3418/6781/3435 3982/7936/4001
f 3982/7936/4001 4038/8075/4057 3322/6588/3339
f 3919/8076/3938 4039/8077/4058 3920/423/3939
f 3560/8078/3577 3920/8079/3939 4039/8080/4058
f 3560/8081/3577 4039/8082/4058 4011/8083/4030
f 3871/7676/3890 4040/8084/4059 3985/7941/4004
f 3871/7676/3890 3953/7850/3972 4040/8084/4059
f 3985/7942/4004 4012/8014/4031 3872/7678/3891
f 4012/8014/4031 3922/7774/3941 3653/7263/3670
f 3874/7680/3893 3923/7775/3942 3986/7944/4005
f 3986/7944/4005 3955/7855/3974 4041/8085/4060
f 4042/8086/4061 3784/7501/3803 3956/7865/3975
f 3959/7867/3978 3880/7694/3899 3987/7949/4006
f 4043/8087/4062 3586/7114/3603 4014/8019/4033
f 4044/8088/4063 3391/6805/3408 3586/7114/3603
f 4045/8089/4064 3988/7950/4007 3932/7793/3951
f 3932/7870/3951 3833/7604/3852 4045/8090/4064
f 4044/8088/4063 3787/7606/3806 3391/6805/3408
f 3833/7604/3852 3960/7871/3979 4045/8090/4064
f 3990/7952/4009 4045/8090/4064 3960/7871/3979
f 4045/8090/4064 3990/7952/4009 4046/8091/4065
f 3990/8092/4009 3991/8093/4010 4047/8094/4066
f 4047/8095/4066 3991/8096/4010 3988/8097/4007
f 4048/8098/4067 4015/8021/4034 3988/7950/4007
f 3988/8099/4007 3991/7953/4010 4048/8100/4067
f 4015/8020/4034 4049/8101/4068 3935/7797/3954
f 3989/7951/4008 4016/8022/4035 3991/7953/4010
f 3935/7797/3954 4049/8101/4068 3890/7710/3909
f 4049/8101/4068 4015/8020/4034 4017/8102/4036
f 4017/8103/4036 4015/8021/4034 4048/8098/4067
f 4049/8101/4068 3992/7954/4011 3890/7710/3909
f 4049/8101/4068 4018/8024/4037 3992/7954/4011
f 3937/7801/3956 4018/8024/4037 4017/8102/4036
f 3992/7954/4011 4018/8024/4037 3837/7609/3856
f 4019/8027/4038 3899/8104/3918 4050/8105/4069
f 3899/8104/3918 4020/8106/4039 4050/8105/4069
f 3940/3335/3959 3901/8107/3920 4021/8108/4040
f 4020/8034/4039 3845/7730/3864 4051/8109/4070
f 4051/8109/4070 3845/7730/3864 3996/8110/4015
f 4021/737/4040 3942/7810/3961 3940/7809/3959
f 4051/8111/4070 3996/8112/4015 4052/8113/4071
f 3962/8114/3981 3848/8046/3867 4024/8045/4043
f 4022/8115/4041 4000/8049/4019 4025/6426/4044
f 4053/8116/4072 4023/8040/4042 3995/7961/4014
f 3963/7883/3982 4026/8053/4045 3995/7961/4014
f 3969/7982/3988 4054/8117/4073 4004/7983/4023
f 3962/8114/3981 4029/8058/4048 3964/7971/3983
f 4055/8118/4074 4027/8119/4046 4056/8120/4075
f 4027/8119/4046 4004/8121/4023 4056/8120/4075
f 4025/788/4044 4056/8122/4075 4004/8123/4023
f 4025/8047/4044 4005/7985/4024 4056/8120/4075
f 4055/8118/4074 3974/8124/3993 4027/8119/4046
f 4057/4897/4076 4003/8125/4022 3973/8126/3992
f 3973/8126/3992 4006/8127/4025 4057/4897/4076
f 4055/8118/4074 4056/8120/4075 4005/7985/4024
f 4055/8118/4074 4005/7985/4024 3975/7986/3994
f 4058/8128/4077 4003/1987/4022 4057/8129/4076
f 4029/8058/4048 4059/8130/4078 4028/8057/4047
f 3974/7906/3993 3975/8131/3994 3806/3260/3825
f 3910/8132/3929 3948/8066/3967 3947/8133/3966
f 4053/8116/4072 4031/8067/4050 3948/8066/3967
f 4034/8134/4053 3697/8135/3714 4031/8136/4050
f 3758/8071/3777 4035/8072/4054 4060/8137/4079
f 4007/8007/4026 4061/8138/4080 3861/8008/3880
f 3980/7926/3999 3861/7659/3880 4061/8139/4080
f 4009/8005/4028 3916/7924/3935 4062/8140/4081
f 4062/8140/4081 3916/7924/3935 3952/7927/3971
f 3917/8009/3936 3980/8141/3999 3952/7927/3971
f 3815/7568/3834 3816/7668/3835 3813/7566/3832
f 4063/8142/4082 3605/7159/3622 3509/6967/3526
f 4064/8143/4083 3418/6781/3435 3606/7160/3623
f 4010/8144/4029 3378/7385/3395 3984/7938/4003
f 4065/8145/4084 3869/7674/3888 4010/8011/4029
f 3919/7769/3938 3869/7674/3888 4065/8145/4084
f 4039/8146/4058 3919/8147/3938 4065/8148/4084
f 3922/7774/3941 4066/8149/4085 3924/7851/3943
f 3925/7780/3944 3927/8150/3946 3926/8017/3945
f 4041/8151/4060 3955/7945/3974 3786/7591/3805
f 3929/7785/3948 3877/7686/3896 4067/8152/4086
f 4067/8152/4086 3956/7856/3975 3929/7785/3948
f 4067/8153/4086 4068/8154/4087 3956/5064/3975
f 4068/8154/4087 4042/8155/4061 3956/5064/3975
f 3958/7861/3977 4069/8156/4088 3483/7109/3500
f 4069/8157/4088 4070/8158/4089 3483/6915/3500
f 3483/6915/3500 4070/8158/4089 4014/8019/4033
f 4071/8159/4090 4043/8087/4062 4014/8019/4033
f 3931/7791/3950 3834/7605/3853 4072/8160/4091
f 3834/7605/3853 3934/7796/3953 4072/8160/4091
f 4073/8161/4092 3934/8162/3953 3440/8163/3457
f 3440/8163/3457 3589/8164/3606 4073/8161/4092
f 4045/8090/4064 4046/8091/4065 3988/8099/4007
f 4046/8091/4065 4047/8165/4066 3988/8099/4007
f 3990/7952/4009 4047/8165/4066 4046/8091/4065
f 3991/7953/4010 4016/8022/4035 4048/8100/4067
f 4048/8098/4067 4074/8166/4093 4017/8103/4036
f 4016/8022/4035 3993/7955/4012 4074/8167/4093
f 4017/8102/4036 4018/8024/4037 4049/8101/4068
f 4017/8102/4036 4074/8167/4093 3936/7800/3955
f 3993/7955/4012 3936/7800/3955 4074/8167/4093
f 4019/8027/4038 4050/8105/4069 3939/8028/3958
f 3939/8028/3958 4050/8105/4069 4021/8168/4040
f 4050/8105/4069 4052/8113/4071 4021/8168/4040
f 4050/8169/4069 4075/8170/4094 4052/8171/4071
f 4021/8168/4040 4052/8113/4071 4076/8172/4095
f 4075/8173/4094 4051/8111/4070 4052/8113/4071
f 4021/737/4040 4076/8174/4095 3942/7810/3961
f 4076/8172/4095 4052/8113/4071 4077/8175/4096
f 4052/8113/4071 3996/8112/4015 4077/8175/4096
f 4076/8174/4095 3969/8176/3988 3942/7810/3961
f 3996/8112/4015 4022/8177/4041 4077/8175/4096
f 3969/7982/3988 4076/8172/4095 4054/8117/4073
f 3962/8114/3981 4024/8045/4043 4078/8178/4097
f 4022/8177/4041 4025/8179/4044 4077/8175/4096
f 4054/8117/4073 4025/8179/4044 4004/7983/4023
f 3995/7961/4014 4026/8053/4045 4053/8116/4072
f 3962/8180/3981 4078/8181/4097 4029/8182/4048
f 4053/8183/4072 3968/8054/3987 4023/8051/4042
f 4028/8057/4047 4059/8130/4078 4079/8184/4098
f 4055/8185/4074 3975/8131/3994 3974/7906/3993
f 4003/7981/4022 4058/8186/4077 4080/8187/4099
f 4006/8188/4025 4030/8189/4049 4081/8190/4100
f 4053/8116/4072 3948/8066/3967 3910/8132/3929
f 4053/8116/4072 4082/8191/4101 4031/8067/4050
f 3949/8192/3968 4060/8137/4079 4030/8189/4049
f 4032/8068/4051 4034/8070/4053 4059/8130/4078
f 4059/8193/4078 4033/8194/4052 4032/8195/4051
f 4082/8191/4101 4034/8070/4053 4031/8067/4050
f 3949/8192/3968 3758/8071/3777 4060/8137/4079
f 4007/8196/4026 4008/8197/4027 4061/8198/4080
f 4008/8197/4027 4009/8005/4028 4061/8198/4080
f 4062/8140/4081 3952/7927/3971 3980/8141/3999
f 3103/6161/3118 3813/7566/3832 3981/7928/4000
f 3813/7566/3832 4083/8199/4102 3981/7928/4000
f 3604/7576/3621 4036/8073/4055 3819/7768/3838
f 3604/7576/3621 3778/7494/3797 4036/8073/4055
f 3272/6485/3289 4037/8074/4056 3778/7494/3797
f 3982/7936/4001 4084/8200/4103 4038/8075/4057
f 3322/8201/3339 4038/8202/4057 3983/8203/4002
f 4085/8204/4104 3984/7938/4003 3868/7939/3887
f 3984/7938/4003 4086/8205/4105 4010/8144/4029
f 4085/8206/4104 3868/8207/3887 3608/7170/3625
f 4086/8208/4105 4065/8148/4084 4010/8209/4029
f 4011/8012/4030 4039/8146/4058 4065/8148/4084
f 4040/8084/4059 3953/7850/3972 4087/8210/4106
f 3873/7943/3892 4087/8210/4106 3953/7850/3972
f 3985/7942/4004 4040/8211/4059 4012/8014/4031
f 4012/8014/4031 4066/8149/4085 3922/7774/3941
f 3986/7944/4005 3873/7679/3892 3874/7680/3893
f 3986/7944/4005 4041/8085/4060 3873/7679/3892
f 4043/8087/4062 4044/8088/4063 3586/7114/3603
f 4073/8161/4092 3589/8164/3606 3787/8212/3806
f 4016/8022/4035 4074/8167/4093 4048/8100/4067
f 4050/8105/4069 4020/8106/4039 4075/8173/4094
f 4020/8106/4039 4051/8111/4070 4075/8173/4094
f 4076/8172/4095 4077/8175/4096 4054/8117/4073
f 4054/8117/4073 4077/8175/4096 4025/8179/4044
f 4024/8045/4043 4088/8213/4107 4078/8178/4097
f 4003/7981/4022 4088/8213/4107 4024/8045/4043
f 4003/7981/4022 4089/8214/4108 4088/8213/4107
f 4028/8057/4047 4079/8184/4098 4026/8053/4045
f 4029/8215/4048 4078/8216/4097 4059/8217/4078
f 4080/8187/4099 4089/8214/4108 4003/7981/4022
f 3968/8218/3987 4053/8116/4072 3910/8132/3929
f 4058/8219/4077 4057/8220/4076 4080/8221/4099
f 4057/8222/4076 4006/8188/4025 4081/8190/4100
f 4026/8053/4045 4082/8191/4101 4053/8116/4072
f 4026/8223/4045 4079/8224/4098 4082/8225/4101
f 4089/8214/4108 4080/8187/4099 4090/8226/4109
f 4080/8187/4099 4057/8222/4076 4091/8227/4110
f 4080/8187/4099 4060/8137/4079 4090/8226/4109
f 4059/8228/4078 4092/8229/4111 4033/8230/4052
f 4090/8226/4109 4035/8072/4054 4033/8069/4052
f 4090/8226/4109 4060/8137/4079 4035/8072/4054
f 4009/8005/4028 4062/8140/4081 4061/8198/4080
f 4061/8198/4080 4062/8140/4081 3980/8141/3999
f 4093/8231/4112 3413/6772/3430 3227/6398/3244
f 3413/7931/3430 4094/8232/4113 3918/7932/3937
f 3984/8233/4003 4085/8206/4104 4086/8208/4105
f 4085/8206/4104 4065/8148/4084 4086/8208/4105
f 4085/8206/4104 3608/7170/3625 4065/8148/4084
f 4011/8012/4030 4065/8148/4084 3608/7170/3625
f 3924/7778/3943 4095/8234/4114 3954/7853/3973
f 3924/7778/3943 4066/8235/4085 4095/8234/4114
f 4013/8016/4032 4096/8236/4115 3925/7780/3944
f 3925/7780/3944 4096/8236/4115 3927/8150/3946
f 3927/8237/3946 4096/8238/4115 3958/8239/3977
f 3784/7501/3803 4097/8240/4116 3877/7783/3896
f 4042/8086/4061 4098/8241/4117 3784/7501/3803
f 3784/7501/3803 4098/8241/4117 4097/8240/4116
f 4042/8086/4061 4068/8242/4087 4098/8241/4117
f 4044/8243/4063 4043/2022/4062 3787/8212/3806
f 4099/8244/4118 3787/8212/3806 4043/2022/4062
f 4099/8244/4118 4073/8161/4092 3787/8212/3806
f 4078/8178/4097 4088/8213/4107 4089/8214/4108
f 4078/8245/4097 4092/8246/4111 4059/8247/4078
f 4078/8248/4097 4089/8249/4108 4092/8250/4111
f 4089/8214/4108 4090/8226/4109 4033/8069/4052
f 4057/8222/4076 4081/8190/4100 4091/8227/4110
f 4079/8184/4098 4059/8130/4078 4082/8191/4101
f 4030/8189/4049 4091/8227/4110 4081/8190/4100
f 4034/8070/4053 4082/8191/4101 4059/8130/4078
f 4080/8251/4099 4091/8252/4110 4060/8253/4079
f 4030/8189/4049 4060/8137/4079 4091/8227/4110
f 4083/8199/4102 4100/8254/4119 3981/7928/4000
f 3816/7668/3835 4083/8199/4102 3813/7566/3832
f 4036/8073/4055 4101/8255/4120 3867/7670/3886
f 4067/8256/4086 3877/8257/3896 4097/8258/4116
f 3987/7949/4006 3931/7791/3950 4102/8259/4121
f 4072/8260/4091 3934/8261/3953 4103/8262/4122
f 4089/8214/4108 4033/8069/4052 4092/8263/4111
f 3509/6967/3526 3918/7767/3937 4104/8264/4123
f 3509/6967/3526 4104/8264/4123 4063/8142/4082
f 4040/8211/4059 4066/8149/4085 4012/8014/4031
f 3873/7679/3892 4041/8085/4060 4105/8265/4124
f 4041/8266/4060 3786/8267/3805 4106/8268/4125
f 4070/8158/4089 4071/8159/4090 4014/8019/4033
f 3987/7949/4006 4102/8259/4121 4107/8269/4126
f 4073/8270/4092 4108/8271/4127 3934/8261/3953
f 3934/8261/3953 4108/8271/4127 4103/8262/4122
f 3227/6398/3244 3981/7928/4000 4093/8231/4112
f 4093/8231/4112 4094/8272/4113 3413/6772/3430
f 3867/7670/3886 4101/8255/4120 3816/7668/3835
f 3605/7159/3622 4109/8273/4128 3606/7160/3623
f 4064/8143/4083 4110/8274/4129 3418/6781/3435
f 3418/6781/3435 4110/8274/4129 3982/7936/4001
f 3821/7935/3840 3983/8010/4002 4111/8275/4130
f 3983/8203/4002 4038/8202/4057 4111/8276/4130
f 3873/7943/3892 4112/8277/4131 4087/8210/4106
f 4013/8015/4032 4113/8278/4132 4114/8279/4133
f 4013/8015/4032 3954/7853/3973 4113/8278/4132
f 4041/8085/4060 4115/8280/4134 4105/8265/4124
f 4041/8281/4060 4106/8282/4125 4115/8283/4134
f 3786/7866/3805 3959/7867/3978 4116/8284/4135
f 4097/8285/4116 4117/8286/4136 4067/8287/4086
f 4067/8287/4086 4117/8286/4136 4068/8288/4087
f 4097/8289/4116 4098/8290/4117 4117/8291/4136
f 4068/5224/4087 4117/8291/4136 4098/8290/4117
f 4069/8157/4088 3958/8292/3977 4070/8158/4089
f 4118/8293/4137 4099/8294/4118 4043/8087/4062
f 3605/7159/3622 4063/8142/4082 4109/8273/4128
f 3606/7160/3623 4109/8273/4128 4064/8143/4083
f 4084/8200/4103 4111/8295/4130 4038/8075/4057
f 4040/8084/4059 4087/8210/4106 4112/8277/4131
f 4040/8084/4059 4112/8277/4131 4066/8296/4085
f 3873/7943/3892 4105/8297/4124 4112/8277/4131
f 3954/7853/3973 4095/8234/4114 4113/8278/4132
f 3958/8298/3977 4096/7719/4115 4070/8299/4089
f 4102/8300/4121 4119/8301/4138 4107/8302/4126
f 4043/8087/4062 4071/8159/4090 4118/8293/4137
f 3931/7791/3950 4120/8303/4139 4102/8259/4121
f 3981/7928/4000 4121/8304/4140 4093/8231/4112
f 3816/7668/3835 4101/8255/4120 4083/8199/4102
f 4036/8073/4055 4122/8305/4141 4101/8255/4120
f 4064/8143/4083 4109/8273/4128 4123/8306/4142
f 4084/8200/4103 4124/8307/4143 4111/8295/4130
f 4112/8308/4131 4105/8309/4124 4125/8310/4144
f 4095/8234/4114 4066/8235/4085 4113/8278/4132
f 4013/8015/4032 4114/8279/4133 4096/8311/4115
f 4106/8282/4125 4126/8312/4145 4115/8283/4134
f 4106/8282/4125 3786/8313/3805 4127/8314/4146
f 4106/8282/4125 4127/8314/4146 4126/8312/4145
f 3786/8313/3805 4116/8315/4135 4127/8314/4146
f 3959/7867/3978 4128/8316/4147 4116/8284/4135
f 4070/8158/4089 4129/8317/4148 4071/8159/4090
f 4099/8318/4118 4130/8319/4149 4131/8320/4150
f 3981/7928/4000 4100/8254/4119 4121/8304/4140
f 3918/7767/3937 4094/8321/4113 4104/8264/4123
f 4036/8073/4055 3778/7494/3797 4122/8305/4141
f 3778/7494/3797 4037/8074/4056 4122/8305/4141
f 3982/7936/4001 4110/8274/4129 4084/8200/4103
f 4112/8308/4131 4125/8310/4144 4132/8322/4151
f 4066/8235/4085 4112/8308/4131 4133/8323/4152
f 4115/8280/4134 4126/8324/4145 4105/8265/4124
f 4114/8325/4133 4134/8326/4153 4096/8327/4115
f 4096/8327/4115 4134/8326/4153 4129/8317/4148
f 4096/8327/4115 4129/8317/4148 4070/8158/4089
f 3959/7867/3978 3987/7949/4006 4128/8316/4147
f 4135/8328/4154 4136/8329/4155 4137/8330/4156
f 4137/8331/4156 4138/8332/4157 4135/8333/4154
f 4137/8330/4156 4136/8329/4155 4139/8334/4158
f 4137/4977/4156 4139/8335/4158 4138/8336/4157
f 3987/7949/4006 4107/8269/4126 4128/8316/4147
f 4140/8337/4159 4141/8338/4160 4142/8339/4161
f 4119/8301/4138 4140/8337/4159 4143/8340/4162
f 4143/8340/4162 4107/8302/4126 4119/8301/4138
f 4071/8159/4090 4144/8341/4163 4118/8293/4137
f 4072/8160/4091 4103/8342/4122 3931/7791/3950
f 4099/8294/4118 4145/8343/4164 4130/8344/4149
f 4099/8318/4118 4131/8320/4150 4073/8270/4092
f 4063/8142/4082 4104/8264/4123 4146/8345/4165
f 4063/8142/4082 4146/8345/4165 4109/8273/4128
f 4064/8143/4083 4123/8306/4142 4110/8274/4129
f 4111/8275/4130 4147/8346/4166 3821/7935/3840
f 4124/8347/4143 4147/8346/4166 4111/8275/4130
f 4112/8308/4131 4132/8322/4151 4133/8323/4152
f 4113/8278/4132 4066/8235/4085 4148/8348/4167
f 4113/8278/4132 4149/8349/4168 4114/8279/4133
f 4149/8349/4168 4134/8350/4153 4114/8279/4133
f 4135/8351/4154 4150/7846/4169 4136/8352/4155
f 4150/8353/4169 4151/8354/4170 4152/8355/4171
f 4151/8356/4170 4153/8357/4172 4152/8358/4171
f 4153/8357/4172 4154/8359/4173 4152/8358/4171
f 4135/8333/4154 4138/8332/4157 4150/8285/4169
f 4139/8360/4158 4150/8361/4169 4152/8362/4171
f 4136/8352/4155 4150/7846/4169 4139/8363/4158
f 4139/8360/4158 4152/8362/4171 4155/8364/4174
f 4154/8365/4173 4155/8364/4174 4152/8362/4171
f 4139/8366/4158 4156/8367/4175 4138/8368/4157
f 4138/8368/4157 4156/8367/4175 4150/8369/4169
f 4139/8366/4158 4155/8370/4174 4156/8367/4175
f 4155/8364/4174 4154/8365/4173 4142/8339/4161
f 4154/8365/4173 4143/8340/4162 4142/8339/4161
f 4142/8339/4161 4141/8338/4160 4155/8364/4174
f 4142/8371/4161 4143/2611/4162 4140/8372/4159
f 4129/8317/4148 4144/8341/4163 4071/8159/4090
f 4119/8373/4138 4157/6826/4176 4141/8374/4160
f 4119/8301/4138 4141/8338/4160 4140/8337/4159
f 4119/8375/4138 4102/8259/4121 4157/8376/4176
f 4084/8200/4103 4158/8377/4177 4124/8307/4143
f 4124/8347/4143 4158/8378/4177 4147/8346/4166
f 4066/8235/4085 4159/8379/4178 4148/8348/4167
f 4105/8309/4124 4126/8312/4145 4125/8310/4144
f 4113/8380/4132 4148/8381/4167 4149/8382/4168
f 4116/8284/4135 4160/8383/4179 4127/8384/4146
f 4116/8284/4135 4128/8316/4147 4160/8383/4179
f 4129/8385/4148 4134/8386/4153 4161/8387/4180
f 4150/8353/4169 4162/8388/4181 4151/8354/4170
f 4151/8356/4170 4162/8389/4181 4153/8357/4172
f 4150/8390/4169 4163/8391/4182 4162/7621/4181
f 4156/8367/4175 4163/8392/4182 4150/8369/4169
f 4153/8393/4172 4143/8394/4162 4154/8395/4173
f 4155/8370/4174 4164/8396/4183 4156/8367/4175
f 4128/8316/4147 4107/8269/4126 4165/8397/4184
f 4155/8370/4174 4141/8398/4160 4164/8396/4183
f 4143/8399/4162 4166/8400/4185 4107/8401/4126
f 4129/8317/4148 4161/8402/4180 4144/8341/4163
f 4102/8259/4121 4120/8303/4139 4157/8376/4176
f 3931/7791/3950 4103/8342/4122 4120/8303/4139
f 4083/8199/4102 4101/8255/4120 4167/8403/4186
f 4093/8404/4112 4168/8405/4187 4094/8406/4113
f 4094/8406/4113 4168/8405/4187 4104/8407/4123
f 4110/8274/4129 4158/8377/4177 4084/8200/4103
f 4134/8386/4153 4149/6746/4168 4161/8387/4180
f 4153/8393/4172 4169/8408/4188 4143/8394/4162
f 4163/8409/4182 4156/8410/4175 4164/8411/4183
f 4157/8412/4176 4170/8413/4189 4141/8414/4160
f 4144/8341/4163 4161/8402/4180 4118/8293/4137
f 4118/8293/4137 4145/8343/4164 4099/8294/4118
f 4073/8270/4092 4131/8320/4150 4108/8271/4127
f 4101/8255/4120 4171/8415/4190 4167/8403/4186
f 3821/7578/3840 4147/8416/4166 4037/8074/4056
f 4132/8322/4151 4125/8310/4144 4172/8417/4191
f 4132/8322/4151 4172/8417/4191 4133/8323/4152
f 4133/8323/4152 4173/8418/4192 4159/8379/4178
f 4133/8323/4152 4159/8379/4178 4066/8235/4085
f 4133/8323/4152 4172/8417/4191 4173/8418/4192
f 4126/8312/4145 4174/8419/4193 4125/8310/4144
f 4126/8312/4145 4127/8314/4146 4174/8419/4193
f 4148/8381/4167 4175/8420/4194 4149/8382/4168
f 4128/8421/4147 4165/8422/4184 4160/8423/4179
f 4153/8357/4172 4162/8389/4181 4169/8424/4188
f 4166/8400/4185 4165/8425/4184 4107/8401/4126
f 4141/8398/4160 4170/8426/4189 4164/8396/4183
f 4100/8254/4119 4167/8403/4186 4121/8304/4140
f 4100/8254/4119 4083/8199/4102 4167/8403/4186
f 4101/8255/4120 4122/8305/4141 4171/8415/4190
f 4173/8418/4192 4176/8427/4195 4159/8379/4178
f 4125/8310/4144 4174/8419/4193 4177/8428/4196
f 4162/8429/4181 4163/8409/4182 4178/8430/4197
f 4169/8408/4188 4166/8431/4185 4143/8394/4162
f 4163/8409/4182 4164/8411/4183 4178/8430/4197
f 4149/8382/4168 4175/8420/4194 4161/8402/4180
f 4161/8402/4180 4145/8343/4164 4118/8293/4137
f 4172/8417/4191 4125/8310/4144 4177/8428/4196
f 4176/8432/4195 4148/8433/4167 4159/8434/4178
f 4174/8419/4193 4179/8435/4198 4177/8428/4196
f 4127/8314/4146 4179/8435/4198 4174/8419/4193
f 4162/8389/4181 4180/8436/4199 4169/8424/4188
f 4162/8429/4181 4178/8430/4197 4180/8437/4199
f 4166/8438/4185 4181/8439/4200 4165/5704/4184
f 4157/8440/4176 4182/8441/4201 4170/8442/4189
f 4175/8420/4194 4145/8343/4164 4161/8402/4180
f 4145/8343/4164 4183/8443/4202 4130/8344/4149
f 4131/8444/4150 4184/8445/4203 4108/8446/4127
f 4103/8262/4122 4108/8271/4127 4185/8447/4204
f 4093/8231/4112 4121/8304/4140 4168/8448/4187
f 4122/8305/4141 4186/8449/4205 4187/8450/4206
f 4037/8074/4056 4186/8449/4205 4122/8305/4141
f 4109/8273/4128 4146/8345/4165 4123/8306/4142
f 4037/8074/4056 4147/8416/4166 4186/8449/4205
f 4110/8274/4129 4123/8306/4142 4158/8377/4177
f 4147/8346/4166 4158/8378/4177 4186/8451/4205
f 4127/8314/4146 4188/8452/4207 4179/8435/4198
f 4127/8384/4146 4160/8383/4179 4189/8453/4208
f 4148/8433/4167 4176/8432/4195 4175/8454/4194
f 4175/8454/4194 4176/8432/4195 4190/8455/4209
f 4165/8397/4184 4181/8456/4200 4160/8383/4179
f 4190/8457/4209 4176/8458/4195 4191/8459/4210
f 4169/8460/4188 4180/8437/4199 4192/8461/4211
f 4169/8408/4188 4192/8462/4211 4166/8431/4185
f 4164/8396/4183 4170/8426/4189 4178/8463/4197
f 4182/8464/4201 4178/8463/4197 4170/8426/4189
f 4175/8420/4194 4190/8457/4209 4145/8343/4164
f 4145/8343/4164 4190/8457/4209 4193/8465/4212
f 4145/8343/4164 4193/8465/4212 4183/8443/4202
f 4121/8466/4140 4194/8467/4213 4168/8468/4187
f 4168/8405/4187 4194/8469/4213 4104/8407/4123
f 4173/8418/4192 4172/8417/4191 4195/8470/4214
f 4173/8418/4192 4195/8470/4214 4176/8427/4195
f 4179/8435/4198 4188/8452/4207 4196/8471/4215
f 4177/8472/4196 4179/8473/4198 4196/8474/4215
f 4189/8453/4208 4160/8383/4179 4181/8456/4200
f 4180/8437/4199 4197/8475/4216 4192/8461/4211
f 4192/8476/4211 4197/8477/4216 4166/8478/4185
f 4180/8437/4199 4178/8430/4197 4197/8475/4216
f 4178/8479/4197 4198/8480/4217 4197/8481/4216
f 4166/8482/4185 4197/8483/4216 4198/8484/4217
f 4166/8485/4185 4198/8486/4217 4181/8456/4200
f 4182/7224/4201 4198/8480/4217 4178/8479/4197
f 4182/8487/4201 4157/8376/4176 4199/8488/4218
f 4120/8303/4139 4103/8342/4122 4185/8489/4204
f 4183/8490/4202 4200/8491/4219 4130/3464/4149
f 4200/8492/4219 4131/8493/4150 4130/3640/4149
f 4184/8494/4203 4201/8495/4220 4108/8271/4127
f 4108/8271/4127 4201/8495/4220 4185/8447/4204
f 4122/8305/4141 4187/8450/4206 4171/8415/4190
f 4123/8306/4142 4202/8496/4221 4158/8377/4177
f 4186/8451/4205 4158/8378/4177 4203/8497/4222
f 4172/8417/4191 4177/8428/4196 4204/8498/4223
f 4177/8472/4196 4205/8499/4224 4204/8500/4223
f 4196/8474/4215 4205/8499/4224 4177/8472/4196
f 4127/8314/4146 4189/8501/4208 4188/8452/4207
f 4176/8458/4195 4206/8502/4225 4191/8459/4210
f 4182/8487/4201 4199/8488/4218 4198/8486/4217
f 4191/8503/4210 4193/148/4212 4190/8504/4209
f 4183/8443/4202 4193/8465/4212 4200/8505/4219
f 4131/8444/4150 4200/8506/4219 4184/8445/4203
f 4121/8304/4140 4167/8403/4186 4207/8507/4226
f 4171/8415/4190 4208/8508/4227 4167/8403/4186
f 4104/8407/4123 4194/8469/4213 4146/8509/4165
f 4188/8452/4207 4189/8501/4208 4209/8510/4228
f 4196/8471/4215 4210/8511/4229 4205/8512/4224
f 4198/8486/4217 4211/8513/4230 4181/8456/4200
f 4198/8486/4217 4199/8488/4218 4211/8513/4230
f 4157/8376/4176 4120/8303/4139 4199/8488/4218
f 4121/8466/4140 4207/8514/4226 4194/8467/4213
f 4146/8509/4165 4194/8469/4213 4207/8515/4226
f 4187/8450/4206 4186/8449/4205 4171/8415/4190
f 4158/8377/4177 4202/8496/4221 4203/8516/4222
f 4188/8452/4207 4209/8510/4228 4212/8517/4231
f 4188/8452/4207 4212/8517/4231 4196/8471/4215
f 4196/8471/4215 4212/8517/4231 4210/8511/4229
f 4189/8501/4208 4213/8518/4232 4209/8510/4228
f 4195/8470/4214 4206/8519/4225 4176/8427/4195
f 4189/8453/4208 4181/8456/4200 4213/8520/4232
f 4191/8459/4210 4214/8521/4233 4193/8465/4212
f 4193/8465/4212 4214/8521/4233 4200/8505/4219
f 4215/8522/4234 4201/8523/4220 4184/8524/4203
f 4215/8522/4234 4216/8525/4235 4201/8523/4220
f 4167/8403/4186 4208/8508/4227 4217/8526/4236
f 4171/8415/4190 4186/8449/4205 4208/8508/4227
f 4146/8345/4165 4218/8527/4237 4123/8306/4142
f 4186/8451/4205 4203/8497/4222 4219/8528/4238
f 4172/8417/4191 4220/8529/4239 4195/8470/4214
f 4204/8498/4223 4220/8529/4239 4172/8417/4191
f 4205/8512/4224 4221/8530/4240 4204/8498/4223
f 4205/8512/4224 4210/8511/4229 4221/8530/4240
f 4181/8456/4200 4222/8531/4241 4213/8520/4232
f 4211/8532/4230 4222/8533/4241 4181/8534/4200
f 4206/8502/4225 4214/8521/4233 4191/8459/4210
f 4211/8513/4230 4223/8535/4242 4222/8531/4241
f 4211/8513/4230 4199/8488/4218 4223/8535/4242
f 4184/8445/4203 4200/8506/4219 4215/8536/4234
f 4216/8537/4235 4185/8538/4204 4201/8539/4220
f 4167/8403/4186 4217/8526/4236 4207/8507/4226
f 4208/8508/4227 4186/8449/4205 4219/8540/4238
f 4219/8528/4238 4203/8497/4222 4202/8541/4221
f 4123/8306/4142 4218/8527/4237 4202/8496/4221
f 4209/8510/4228 4224/8542/4243 4212/8517/4231
f 4212/8517/4231 4224/8542/4243 4225/8543/4244
f 4212/8517/4231 4225/8543/4244 4210/8511/4229
f 4195/8544/4214 4220/8545/4239 4206/8546/4225
f 4225/8547/4244 4221/8548/4240 4210/8549/4229
f 4220/8545/4239 4214/8550/4233 4206/8546/4225
f 4204/8551/4223 4221/8552/4240 4226/8553/4245
f 4204/8551/4223 4226/8553/4245 4220/8545/4239
f 4214/8550/4233 4215/8536/4234 4200/8506/4219
f 4199/8488/4218 4120/8303/4139 4223/8535/4242
f 4185/8489/4204 4223/8535/4242 4120/8303/4139
f 4217/8554/4236 4146/8555/4165 4207/8556/4226
f 4217/8526/4236 4219/8540/4238 4227/8557/4246
f 4208/8508/4227 4219/8540/4238 4217/8526/4236
f 4146/8555/4165 4217/8554/4236 4218/8558/4237
f 4209/8510/4228 4213/8518/4232 4228/8559/4247
f 4213/8520/4232 4222/8531/4241 4228/8560/4247
f 4221/8548/4240 4225/8547/4244 4229/8561/4248
f 4221/8548/4240 4229/8561/4248 4226/8562/4245
f 4220/8545/4239 4226/8553/4245 4214/8550/4233
f 4230/8563/4249 4215/8536/4234 4214/8550/4233
f 4230/8563/4249 4214/8550/4233 4226/8553/4245
f 4226/8562/4245 4229/8561/4248 4230/8564/4249
f 4230/8564/4249 4216/8525/4235 4215/8522/4234
f 4216/8565/4235 4231/8566/4250 4185/8567/4204
f 4231/8568/4250 4223/8535/4242 4185/8489/4204
f 4218/8558/4237 4217/8554/4236 4227/8569/4246
f 4219/8528/4238 4218/8558/4237 4227/8569/4246
f 4219/8528/4238 4202/8541/4221 4218/8558/4237
f 4209/8510/4228 4228/8559/4247 4224/8542/4243
f 4224/8542/4243 4232/8570/4251 4225/8543/4244
f 4224/8542/4243 4228/8559/4247 4232/8570/4251
f 4223/8535/4242 4233/8571/4252 4222/8531/4241
f 4229/8561/4248 4216/8525/4235 4230/8564/4249
f 4232/8572/4251 4234/8573/4253 4235/8574/4254
f 4228/8575/4247 4234/8573/4253 4232/8572/4251
f 4225/8576/4244 4235/8577/4254 4229/8578/4248
f 4232/8579/4251 4235/8580/4254 4225/8581/4244
f 4228/8575/4247 4222/8582/4241 4234/8573/4253
f 4222/8582/4241 4233/8583/4252 4234/8573/4253
f 4223/8584/4242 4231/8585/4250 4233/8583/4252
f 4234/8573/4253 4233/8583/4252 4235/8574/4254
f 4229/8561/4248 4235/8586/4254 4216/8525/4235
f 4231/8585/4250 4235/8574/4254 4233/8583/4252
f 4216/8587/4235 4235/8574/4254 4231/8585/4250
