# Blender 4.4.0
# www.blender.org
mtllib Meshy_AI_A_small_garden_in_sli_0430201119_texture.mtl
o Meshy_AI_A_small_garden_in_sli_0430201119_texture
v -0.539085 -0.107973 -0.791549
v -0.477653 -0.109456 -0.804577
v -0.520372 -0.138925 -0.817981
v -0.551246 -0.116137 -0.788813
v -0.476101 -0.093988 -0.785189
v -0.438856 -0.094396 -0.761053
v -0.496336 -0.119446 -0.734786
v -0.557197 -0.095387 -0.753893
v -0.503280 -0.094298 -0.735115
v -0.364040 -0.233447 -0.760450
v -0.423620 -0.233212 -0.776695
v -0.380494 -0.205639 -0.756095
v -0.539797 -0.086837 -0.715055
v -0.440710 -0.090983 -0.719544
v -0.343358 -0.212167 -0.745251
v -0.387943 -0.188304 -0.736797
v -0.556248 -0.098799 -0.704024
v -0.369848 -0.233458 -0.704401
v -0.454643 -0.232825 -0.654104
v -0.345153 -0.198409 -0.738024
v -0.373703 -0.184590 -0.730240
v -0.420700 -0.134695 -0.620179
v -0.470299 -0.209649 -0.698155
v -0.351528 -0.218821 -0.712375
v -0.443337 -0.189404 -0.667518
v -0.481579 -0.232933 -0.705940
v -0.469240 -0.146436 -0.594498
v -0.263371 -0.042688 -0.725231
v -0.363335 -0.035921 -0.702224
v -0.289817 -0.031386 -0.721455
v -0.141003 -0.233215 -0.712963
v -0.178758 -0.216890 -0.704725
v -0.142265 -0.213287 -0.723437
v -0.100985 -0.232489 -0.700694
v -0.370992 -0.205449 -0.689678
v -0.468369 -0.107333 -0.652459
v -0.172956 -0.204789 -0.709305
v -0.095557 -0.182538 -0.678074
v -0.412060 -0.112753 -0.675217
v -0.126897 -0.179831 -0.688734
v -0.185497 -0.201362 -0.695482
v -0.340781 -0.023315 -0.691757
v -0.476117 -0.213896 -0.676884
v -0.401718 -0.043238 -0.673556
v -0.421378 -0.211894 -0.643481
v -0.156839 -0.182593 -0.683415
v -0.317525 -0.059086 -0.670276
v -0.265519 -0.041769 -0.637136
v -0.328745 -0.038449 -0.664359
v -0.182934 -0.233718 -0.648260
v -0.433933 -0.146828 -0.599048
v -0.490080 0.053594 -0.688212
v -0.481221 0.053534 -0.677046
v -0.447470 0.021594 -0.668954
v -0.396216 -0.043759 -0.644599
v -0.521745 -0.108694 -0.633924
v -0.437774 -0.034167 -0.656743
v -0.404010 -0.023549 -0.672803
v -0.414847 -0.053717 -0.642614
v -0.453354 -0.201184 -0.650699
v 0.014078 -0.216835 -0.558009
v -0.441149 -0.116798 -0.619603
v -0.361985 -0.082862 -0.633891
v -0.442712 -0.029920 -0.642088
v -0.504180 0.040635 -0.659002
v -0.436928 -0.078468 -0.639248
v -0.387145 -0.028779 -0.650415
v -0.296503 -0.036919 -0.632420
v -0.113086 -0.170439 -0.592759
v -0.078879 -0.169520 -0.619245
v 0.019211 -0.233673 -0.547571
v -0.421418 -0.065592 -0.629021
v -0.379628 -0.074286 -0.609528
v -0.426275 -0.033902 -0.635595
v -0.052789 -0.186445 -0.625474
v -0.415625 -0.057826 -0.634139
v -0.449455 -0.087763 -0.596055
v -0.462277 -0.029212 -0.612473
v -0.430354 -0.025870 -0.618786
v -0.429450 -0.128301 -0.608136
v -0.454638 -0.125098 -0.602605
v -0.420048 -0.053773 -0.588995
v -0.502130 0.001126 -0.612270
v -0.428420 -0.058345 -0.630756
v -0.400446 -0.056906 -0.636630
v -0.496759 -0.031722 -0.606721
v -0.390647 -0.035232 -0.617671
v 0.633001 0.071620 -0.641744
v 0.604296 0.063761 -0.571209
v 0.579422 0.081871 -0.624040
v 0.606029 0.090536 -0.595696
v 0.651683 0.104729 -0.586697
v 0.658110 0.101378 -0.540558
v -0.149296 -0.190114 -0.609062
v -0.307193 -0.066737 -0.589680
v -0.397012 -0.054267 -0.608018
v -0.444208 -0.104977 -0.598933
v -0.420608 0.015589 -0.601254
v -0.415870 0.014316 -0.610653
v 0.387985 0.009564 -0.610378
v 0.380091 0.022206 -0.594940
v 0.433612 0.027022 -0.606293
v -0.120948 -0.233311 -0.557834
v 0.527240 0.068899 -0.582325
v 0.566506 0.085313 -0.576881
v -0.462995 -0.243476 -0.603639
v -0.443023 -0.032297 -0.586430
v -0.419121 -0.010003 -0.581946
v -0.541150 0.047689 -0.590271
v -0.531567 0.049137 -0.597217
v 0.415038 0.028708 -0.580272
v -0.418347 -0.243845 -0.591175
v -0.425242 -0.134874 -0.569182
v -0.475367 0.007747 -0.593655
v -0.371325 -0.082999 -0.561075
v -0.465016 -0.080003 -0.566968
v -0.482991 -0.243297 -0.579207
v -0.325707 -0.066459 -0.578891
v -0.452129 -0.028705 -0.567055
v -0.480307 -0.000181 -0.582154
v -0.421954 -0.244344 -0.545551
v -0.437890 -0.079298 -0.577147
v -0.556738 0.082513 -0.559049
v 0.488457 0.032142 -0.585084
v -0.411534 -0.242611 -0.575311
v 0.171416 -0.134155 -0.598192
v 0.235791 -0.176905 -0.525105
v 0.225855 -0.142048 -0.601539
v -0.410526 0.018083 -0.560211
v 0.462966 -0.009059 -0.522992
v 0.511844 0.030959 -0.544884
v 0.583367 0.073256 -0.537271
v -0.475116 -0.134862 -0.559028
v -0.428218 -0.109137 -0.574263
v 0.381294 0.027988 -0.540557
v 0.642108 0.108092 -0.567785
v -0.466645 -0.243031 -0.538276
v 0.259380 -0.172395 -0.554866
v 0.258058 -0.190895 -0.542660
v -0.545074 0.092969 -0.550672
v -0.057413 -0.179806 -0.533639
v 0.291816 -0.150293 -0.572769
v 0.324884 -0.150698 -0.569447
v 0.173654 -0.129280 -0.576249
v -0.463454 -0.107523 -0.533801
v -0.361683 -0.092281 -0.564551
v 0.258035 -0.111480 -0.551481
v 0.288608 -0.110136 -0.555029
v 0.278951 -0.085872 -0.577949
v -0.354487 -0.054199 -0.544775
v -0.424795 0.041128 -0.550007
v 0.462463 0.016140 -0.529307
v 0.195039 -0.148155 -0.535344
v 0.274640 -0.162662 -0.536299
v -0.454612 -0.102718 -0.553506
v -0.463342 0.007911 -0.542374
v 0.524953 0.014038 -0.542688
v 0.527564 0.059103 -0.542477
v 0.297383 -0.170048 -0.518329
v 0.239359 -0.126884 -0.545506
v -0.447091 -0.016330 -0.541798
v 0.505294 0.025794 -0.535019
v 0.021401 -0.207617 -0.524021
v -0.099939 -0.208553 -0.534535
v 0.321150 -0.150333 -0.544344
v -0.540512 -0.088517 -0.525229
v -0.440967 -0.131678 -0.550077
v 0.507694 0.099899 -0.563258
v 0.492473 0.100137 -0.547533
v 0.528488 0.103535 -0.570444
v 0.544836 0.104772 -0.542921
v -0.367522 -0.034389 -0.522197
v -0.563033 0.098172 -0.501603
v 0.580833 0.046191 -0.542216
v 0.283593 -0.127639 -0.541270
v -0.406774 -0.048770 -0.510407
v -0.423426 0.040569 -0.542621
v 0.422992 0.019286 -0.476414
v 0.228531 -0.242639 -0.530394
v 0.258655 -0.244419 -0.538038
v -0.463078 -0.138030 -0.546580
v 0.003684 -0.190124 -0.528833
v 0.244035 -0.111328 -0.531750
v 0.253694 -0.091328 -0.542554
v 0.264269 -0.114123 -0.542059
v 0.224017 -0.090164 -0.526170
v -0.455454 -0.018981 -0.515815
v 0.506890 0.020816 -0.505995
v 0.526983 0.014417 -0.524896
v 0.508364 0.016652 -0.464428
v 0.469446 0.063038 -0.500210
v 0.475034 0.078516 -0.503105
v -0.068275 -0.231509 -0.506891
v 0.268835 -0.191324 -0.527702
v 0.270031 -0.243233 -0.523616
v 0.271986 -0.102987 -0.529668
v 0.529811 0.026275 -0.459490
v 0.514761 0.076572 -0.501882
v 0.530274 0.105612 -0.509963
v 0.650791 0.099908 -0.518069
v 0.254766 -0.128704 -0.524833
v 0.251417 -0.124018 -0.514622
v 0.476089 -0.000771 -0.480467
v 0.486953 0.089870 -0.519332
v 0.619369 0.073977 -0.473762
v 0.264962 -0.242871 -0.502699
v 0.281595 -0.104522 -0.518212
v 0.244004 -0.242917 -0.495103
v 0.245741 -0.182466 -0.512168
v 0.253397 -0.151971 -0.522494
v -0.319790 -0.019779 -0.487756
v 0.507749 -0.007586 -0.480747
v -0.023818 -0.230796 -0.492128
v -0.019462 -0.194622 -0.511164
v -0.568425 -0.033427 -0.414982
v 0.296378 -0.082196 -0.504655
v -0.456841 0.029974 -0.497731
v 0.412256 0.005123 -0.482044
v 0.533451 0.003175 -0.463586
v 0.484686 0.112373 -0.508942
v 0.450379 0.151856 -0.508418
v 0.258382 -0.194902 -0.511576
v 0.309413 -0.158059 -0.439634
v 0.265105 -0.112702 -0.503334
v -0.450717 -0.071117 -0.460720
v -0.390116 -0.058161 -0.490272
v -0.333364 -0.004576 -0.485964
v -0.494268 0.078031 -0.489707
v 0.522283 -0.047354 -0.460149
v 0.637455 0.071926 -0.485650
v 0.531493 0.135348 -0.497425
v 0.538269 0.135475 -0.503399
v -0.458240 -0.059836 -0.475187
v -0.562909 -0.054381 -0.478818
v -0.548064 -0.058389 -0.494362
v -0.438177 -0.015904 -0.459134
v -0.379736 -0.001358 -0.446754
v 0.499555 0.073539 -0.495506
v 0.317383 -0.155222 -0.483559
v -0.435116 -0.088020 -0.509974
v 0.539594 -0.004492 -0.491849
v 0.610654 0.046785 -0.455979
v 0.552705 0.071322 -0.475519
v 0.491476 0.071128 -0.476250
v -0.458439 -0.053591 -0.488469
v 0.460314 0.075895 -0.461634
v 0.544129 0.104947 -0.477268
v 0.284523 -0.155602 -0.443055
v -0.531837 -0.032329 -0.422262
v 0.500849 -0.038442 -0.446353
v 0.395370 0.045807 -0.476298
v 0.393752 0.057855 -0.463300
v 0.355287 0.052630 -0.461734
v 0.506220 -0.011573 -0.459910
v 0.551341 0.140750 -0.461946
v 0.466962 0.099396 -0.468474
v 0.452824 0.004349 -0.455403
v 0.599736 0.082256 -0.466104
v 0.538621 -0.028279 -0.435230
v 0.459515 -0.013328 -0.449514
v 0.502058 0.024034 -0.454205
v 0.525625 0.080061 -0.452465
v -0.436918 -0.010716 -0.441318
v 0.336730 0.067587 -0.449437
v 0.477244 0.115508 -0.456211
v 0.645405 0.123441 -0.444765
v -0.313492 0.009821 -0.436669
v 0.523563 0.001075 -0.429018
v 0.452514 0.110374 -0.435154
v 0.512136 -0.132100 -0.450335
v 0.540430 -0.176335 -0.451047
v 0.515110 -0.242422 -0.463532
v 0.548320 -0.242559 -0.461117
v -0.470606 -0.046947 -0.442219
v 0.568510 0.072348 -0.407875
v 0.605011 0.055381 -0.454565
v 0.473627 0.098754 -0.447849
v 0.533679 0.079274 -0.426759
v 0.533022 0.171769 -0.442088
v 0.572203 -0.242664 -0.420719
v -0.406576 0.018211 -0.408779
v 0.509341 -0.032800 -0.431473
v -0.333305 0.026982 -0.411972
v 0.523199 0.034895 -0.447928
v 0.453181 0.046251 -0.415223
v 0.542928 0.172064 -0.438111
v -0.477724 -0.052010 -0.434985
v 0.606620 0.077826 -0.389619
v 0.288559 0.053357 -0.400073
v 0.502808 0.076773 -0.440667
v 0.684299 0.140780 -0.406507
v 0.483411 -0.232857 -0.433516
v 0.447774 0.027556 -0.406407
v 0.363438 0.067159 -0.364909
v 0.493555 0.096671 -0.427673
v 0.520050 0.119715 -0.420900
v 0.550640 -0.128272 -0.413136
v 0.662415 0.146847 -0.392837
v -0.355491 0.028310 -0.355828
v -0.327513 0.024814 -0.394028
v 0.464858 0.180291 -0.403870
v 0.530813 0.152876 -0.427144
v 0.486678 -0.237255 -0.402182
v 0.492714 -0.218828 -0.401459
v 0.521910 -0.026532 -0.423854
v 0.441968 0.076462 -0.371221
v 0.612435 0.119241 -0.368410
v 0.412801 -0.231972 -0.419343
v 0.549050 -0.114745 -0.412121
v 0.518771 -0.243266 -0.378381
v 0.473880 0.052647 -0.386541
v 0.293635 0.033343 -0.367339
v 0.476047 0.115759 -0.404537
v 0.451501 0.150555 -0.410723
v -0.603995 -0.233653 -0.406642
v -0.665892 -0.208221 -0.411994
v -0.593045 -0.212445 -0.414702
v 0.515755 -0.112725 -0.400824
v 0.530547 0.062937 -0.358127
v 0.577191 -0.234190 -0.238972
v 0.562781 -0.238811 -0.394139
v 0.366888 0.046868 -0.373175
v 0.499573 0.144470 -0.401800
v -0.210187 -0.233507 -0.405965
v -0.247249 -0.233670 -0.391173
v -0.228590 -0.220622 -0.410451
v -0.706015 -0.233217 -0.386473
v -0.211610 -0.192743 -0.376458
v 0.695252 0.146944 -0.384158
v -0.547022 -0.217979 -0.367712
v 0.337805 -0.233522 -0.346545
v 0.336623 -0.197153 -0.304155
v 0.520524 0.065521 -0.324602
v -0.740003 -0.191553 -0.387355
v -0.730137 -0.184771 -0.388473
v -0.239474 -0.198349 -0.387472
v 0.530130 -0.126229 -0.395516
v 0.730155 0.120596 -0.327773
v -0.612576 -0.190403 -0.368153
v 0.514745 -0.213110 -0.382866
v 0.508037 0.100385 -0.312500
v 0.664661 0.115904 -0.341637
v -0.258835 -0.213116 -0.330442
v 0.594715 -0.089727 -0.358236
v 0.500067 -0.090928 -0.373815
v 0.286618 0.041752 -0.374621
v 0.410846 0.082353 -0.299186
v 0.482906 -0.087241 -0.348332
v 0.531513 0.062793 -0.341506
v -0.757475 -0.221394 -0.330068
v 0.458747 0.106947 -0.315393
v -0.200913 -0.233442 -0.313722
v -0.568970 -0.200411 -0.348093
v 0.692018 0.143150 -0.302691
v -0.246690 -0.195281 -0.352995
v -0.670946 -0.194308 -0.354047
v 0.359852 -0.172957 -0.244922
v 0.329962 0.050848 -0.339698
v 0.544888 -0.050849 -0.292078
v 0.630531 0.142903 -0.324656
v 0.603081 0.128799 -0.292190
v 0.429423 0.095833 -0.320401
v 0.409932 0.107396 -0.304709
v 0.729543 0.124974 -0.315832
v -0.545440 -0.231571 -0.296800
v -0.748134 -0.232070 -0.313708
v -0.251447 -0.233281 -0.307041
v -0.229022 -0.194569 -0.315076
v 0.472801 -0.055159 -0.300482
v 0.610292 -0.079289 -0.324559
v 0.564616 0.108214 -0.314472
v 0.592308 -0.224853 -0.281743
v -0.589048 -0.187862 -0.298026
v 0.542245 -0.069471 -0.270938
v 0.494438 -0.033855 -0.264360
v 0.300413 -0.231550 -0.284215
v -0.697915 -0.234344 -0.302794
v 0.354419 0.092822 -0.265928
v 0.564077 -0.205151 -0.230459
v -0.209078 -0.202637 -0.306690
v -0.614731 -0.187451 -0.283216
v 0.676383 0.137487 -0.290333
v 0.615682 -0.032157 -0.228936
v 0.634180 0.142728 -0.291872
v -0.235739 -0.205516 -0.304200
v 0.619574 -0.058014 -0.288425
v 0.493474 0.108737 -0.283562
v -0.210383 -0.219067 -0.296422
v 0.376209 0.111621 -0.249788
v 0.438177 0.125374 -0.254695
v -0.642423 -0.233462 -0.244143
v -0.562080 -0.213623 -0.263733
v -0.190713 -0.092753 -0.317686
v -0.168032 -0.125710 -0.251088
v -0.162865 -0.105636 -0.292493
v -0.164187 -0.099381 -0.269723
v -0.147772 -0.083459 -0.306946
v -0.152698 -0.143286 -0.260063
v -0.235766 -0.092572 -0.316370
v -0.134549 -0.090647 -0.282014
v -0.137328 -0.099983 -0.264630
v -0.549875 -0.233402 -0.279081
v -0.171893 -0.151052 -0.245585
v -0.230130 -0.101815 -0.271045
v 0.518191 -0.011965 -0.146631
v 0.417650 0.114014 -0.237313
v -0.589388 -0.233526 -0.237490
v -0.161777 -0.242662 -0.279449
v -0.160344 -0.160138 -0.260224
v -0.124204 -0.131480 -0.287595
v -0.075819 -0.126136 -0.266629
v -0.079975 -0.126463 -0.282891
v 0.378577 0.096536 -0.227819
v 0.449898 -0.171680 -0.209794
v -0.136170 -0.243499 -0.259592
v -0.183589 -0.242549 -0.268383
v -0.142154 -0.162111 -0.249493
v -0.161977 -0.056868 -0.258307
v 0.470250 -0.033619 -0.214467
v 0.579779 -0.227457 -0.239534
v -0.173968 -0.101243 -0.244097
v -0.142553 -0.094478 -0.258072
v -0.144709 -0.063926 -0.250996
v -0.167640 -0.153666 -0.229591
v -0.138267 -0.145522 -0.236556
v -0.133501 -0.083015 -0.252591
v -0.097456 -0.045169 -0.237092
v 0.513026 -0.024915 -0.120915
v 0.297385 -0.209550 -0.237736
v -0.187327 -0.242591 -0.242840
v -0.136676 -0.243135 -0.242841
v 0.329440 -0.184573 -0.194633
v -0.154909 -0.242865 -0.225284
v 0.383157 -0.167082 -0.202130
v -0.158125 -0.105621 -0.246527
v -0.137957 -0.092205 -0.235215
v 0.602297 -0.031261 -0.152767
v 0.505884 -0.015847 -0.197225
v -0.464323 -0.233335 -0.241695
v -0.456837 -0.189101 -0.242232
v -0.402328 -0.219706 -0.226732
v -0.151559 -0.142822 -0.231034
v -0.614870 -0.228671 -0.228125
v -0.180857 -0.080671 -0.222036
v -0.513846 -0.185297 -0.222808
v -0.467386 -0.151191 -0.203886
v -0.143089 -0.100127 -0.220564
v -0.157240 -0.088793 -0.225011
v -0.365840 -0.233862 -0.166035
v -0.393980 -0.161563 -0.206974
v 0.619571 -0.033651 -0.198680
v 0.395196 -0.233025 -0.117083
v -0.123386 -0.135392 -0.166437
v -0.115903 -0.131520 -0.205697
v -0.111851 -0.057281 -0.223178
v 0.496679 -0.187805 -0.163948
v -0.173501 -0.066130 -0.206833
v -0.378968 -0.208371 -0.204081
v 0.308792 -0.213123 -0.175796
v -0.157237 -0.137485 -0.184174
v 0.325231 -0.232565 -0.148394
v -0.548337 -0.226856 -0.191320
v 0.453970 -0.184416 -0.139877
v -0.568161 -0.204375 -0.157471
v -0.518716 -0.150490 -0.172970
v 0.449639 -0.233707 -0.123397
v 0.539110 -0.233155 -0.180580
v 0.596045 -0.017085 -0.158732
v -0.385972 -0.142854 -0.184298
v -0.373351 -0.153097 -0.173678
v 0.349030 -0.201675 -0.140247
v -0.406268 -0.122281 -0.161020
v -0.568566 -0.233138 -0.115286
v 0.371664 -0.175113 -0.167593
v 0.492211 -0.018953 -0.155640
v -0.442551 -0.121596 -0.153957
v -0.381505 -0.149709 -0.148128
v -0.525470 -0.150078 -0.146314
v -0.907753 -0.006323 -0.142459
v -0.858417 -0.004474 -0.153074
v -0.916010 -0.016497 -0.163835
v -0.842601 -0.014856 -0.157956
v -0.811644 -0.015369 -0.148246
v -0.424750 -0.125385 -0.115810
v 0.049634 -0.078409 -0.145927
v 0.086181 -0.085673 -0.141869
v 0.072036 -0.099195 -0.151959
v 0.568963 -0.016928 -0.124155
v -0.407203 -0.233293 -0.072818
v 0.380419 -0.198367 -0.125430
v -0.673620 0.160113 -0.144699
v -0.679141 0.170157 -0.134452
v -0.663040 0.171565 -0.111407
v 0.464861 -0.201308 -0.131793
v -0.745044 -0.041953 -0.116885
v -0.720159 -0.065373 -0.095740
v -0.807109 -0.012870 -0.127084
v -0.846333 -0.012431 -0.106999
v -0.695023 0.156640 -0.120687
v -0.881185 -0.024345 -0.133977
v -0.852178 0.032070 -0.135706
v -0.860725 0.053200 -0.101625
v -0.798834 0.046288 -0.136607
v -0.648927 0.159931 -0.109016
v -0.536820 -0.185724 -0.080552
v 0.060689 -0.086166 -0.115159
v -0.882675 -0.031127 -0.060398
v 0.575353 -0.028271 -0.119098
v -0.858499 -0.016497 -0.063616
v -0.809978 0.060904 -0.087331
v -0.440871 -0.233376 -0.043245
v 0.095745 -0.070548 -0.094818
v 0.535641 -0.036274 -0.099377
v -0.664188 0.191418 -0.117404
v -0.637070 0.199416 -0.131310
v 0.021771 -0.063206 -0.109976
v -0.715107 -0.058415 -0.092768
v -0.721475 0.036824 -0.100060
v -0.693777 0.016665 -0.062787
v -0.587388 0.104094 -0.123565
v -0.533279 0.105132 -0.109037
v -0.507568 0.087396 -0.102038
v -0.693376 0.169388 -0.102417
v -0.632486 0.207271 -0.111105
v -0.284276 -0.086658 -0.133379
v -0.285041 -0.108597 -0.088701
v -0.268738 -0.080853 -0.148414
v -0.250125 0.006740 -0.124868
v -0.229906 -0.013712 -0.098302
v -0.263230 -0.075140 -0.071341
v -0.860114 0.055413 -0.071611
v -0.678258 0.108673 -0.040547
v -0.723164 0.157544 -0.123520
v -0.682949 0.175871 -0.095715
v -0.262566 -0.115131 -0.070802
v -0.236329 -0.094667 -0.095822
v -0.720071 -0.056965 -0.064001
v -0.280085 -0.054018 -0.072727
v -0.641810 0.091531 -0.109661
v -0.656453 0.089996 -0.093994
v -0.626518 0.157418 -0.119650
v -0.612101 0.163039 -0.078111
v -0.610076 0.152279 -0.116356
v -0.426715 -0.153848 -0.085900
v -0.244819 -0.110453 -0.074767
v 0.953069 -0.079984 -0.081778
v 0.935444 -0.081561 -0.104358
v 0.903034 -0.056756 -0.097687
v -0.544284 0.090341 -0.074744
v -0.648303 0.155506 -0.081356
v -0.713720 0.181678 -0.108587
v -0.631906 0.165982 -0.079161
v -0.585484 0.071379 -0.037949
v -0.627159 0.189124 -0.086228
v 0.019937 -0.110925 -0.013816
v 0.001443 -0.074205 -0.085580
v -0.265838 -0.031335 -0.081973
v -0.240036 -0.035283 -0.074467
v -0.852826 0.067882 -0.070235
v -0.705202 0.162126 -0.077153
v -0.713985 0.171691 -0.090731
v -0.457402 -0.170643 -0.053843
v -0.781280 -0.065824 -0.061725
v 0.846150 -0.055360 -0.058519
v -0.771201 0.056286 -0.086878
v -0.724428 0.151758 -0.073931
v -0.715592 0.163388 -0.081744
v -0.692482 0.157047 -0.075198
v 0.087294 -0.068260 -0.072519
v -0.864151 -0.030677 -0.037181
v -0.616904 0.147483 -0.068424
v -0.659471 0.116559 -0.027475
v -0.252824 -0.243249 -0.088089
v -0.231730 -0.242267 -0.083705
v -0.232924 -0.070491 -0.064557
v -0.773131 0.031543 -0.042839
v -0.519739 0.112218 -0.023985
v -0.578733 0.104014 -0.059642
v -0.590827 0.202581 -0.087183
v -0.711234 0.182631 -0.077207
v -0.751794 -0.056008 -0.047980
v -0.687005 0.025607 -0.044999
v -0.597170 0.185931 -0.075962
v -0.670915 0.165283 -0.042110
v -0.577456 0.213336 -0.075446
v -0.270738 -0.243119 -0.076689
v -0.502762 -0.182056 -0.053125
v 0.000042 -0.078390 -0.055905
v 0.067702 -0.083678 -0.027826
v 0.067607 0.047891 -0.100469
v 0.020515 0.009567 -0.058591
v 0.057144 0.043780 -0.088187
v 0.081675 0.027081 -0.081494
v 0.083140 0.012378 -0.057421
v -0.679186 0.002376 -0.028540
v -0.573970 0.178872 -0.066690
v -0.227981 -0.242448 -0.041162
v 0.485531 -0.232187 -0.063709
v 0.514114 -0.214855 -0.065236
v 0.540426 -0.232684 -0.068047
v -0.236198 -0.086396 -0.064505
v 0.907564 -0.081430 -0.004955
v -0.800307 -0.067722 0.011183
v -0.698269 0.166960 -0.050449
v 0.554725 -0.215193 -0.045088
v -0.429725 -0.189579 -0.057197
v -0.256667 -0.030555 -0.059969
v -0.246481 -0.014852 -0.053624
v -0.778380 0.175324 -0.050382
v -0.779177 0.168226 -0.051055
v -0.249339 -0.243299 -0.033097
v -0.203871 -0.057942 -0.055556
v -0.310968 -0.046896 -0.060771
v 0.952765 -0.078421 -0.055514
v -0.270010 -0.016042 -0.061814
v -0.732331 0.199917 -0.065508
v -0.605285 0.193245 -0.045853
v -0.697658 0.188123 -0.041228
v -0.521586 -0.216802 -0.045902
v -0.243699 -0.095165 -0.048550
v 0.932277 -0.085970 -0.013706
v -0.679439 -0.093291 -0.041953
v -0.692966 -0.098924 0.010316
v -0.807444 0.059413 0.021207
v -0.597985 0.087308 -0.024418
v -0.695177 0.149942 -0.048594
v -0.635196 0.187236 -0.040019
v 0.025598 -0.080449 -0.004669
v -0.534742 0.105207 0.011411
v -0.688944 0.180981 -0.052888
v 0.581662 -0.232498 0.028087
v 0.472764 -0.210740 -0.022344
v -0.256625 -0.134035 -0.042373
v -0.255966 -0.077067 -0.049522
v -0.190962 -0.051185 -0.036009
v -0.274115 -0.061000 -0.043777
v 0.509568 0.056129 0.002252
v 0.551045 0.049375 -0.056079
v 0.553708 0.038281 -0.050865
v -0.814958 0.068095 -0.003733
v -0.673681 0.041545 -0.021958
v -0.721579 0.154464 -0.050134
v -0.687814 0.202008 -0.052328
v -0.251419 -0.115713 -0.043375
v 0.026490 -0.095090 -0.014727
v 0.817332 -0.001154 -0.080210
v 0.863168 -0.013549 -0.056836
v 0.868493 -0.062596 0.002269
v 0.798967 -0.009246 -0.038799
v 0.837891 -0.068624 0.012971
v 0.845218 -0.030115 -0.020118
v 0.030013 -0.034067 -0.019938
v 0.515624 0.064176 -0.002747
v -0.696898 0.143094 -0.037446
v -0.594591 0.174766 -0.043071
v -0.717258 0.187176 -0.038659
v 0.063783 -0.069369 -0.010892
v 0.076210 -0.029013 -0.024518
v 0.017844 -0.038902 -0.018777
v -0.738053 0.037072 0.030208
v 0.570000 0.066889 -0.030342
v -0.846437 0.068392 -0.028517
v -0.302157 -0.100821 -0.025028
v 0.046461 -0.114747 -0.012397
v 0.835207 -0.099433 0.001361
v -0.491638 -0.062920 -0.029662
v -0.488519 -0.069986 -0.039033
v -0.555370 -0.091934 -0.041150
v 0.867592 -0.086632 0.008008
v 0.074613 -0.052389 -0.009561
v -0.818081 -0.045306 -0.005663
v -0.658694 0.045876 -0.023852
v -0.710651 0.167103 -0.039933
v -0.749289 0.180235 -0.035312
v -0.663111 0.176737 -0.035120
v -0.017365 -0.242930 -0.006455
v 0.024904 -0.240140 -0.040969
v 0.050699 -0.242509 -0.032451
v 0.498685 -0.200183 -0.029675
v -0.678360 -0.123835 -0.004411
v -0.609031 -0.110551 -0.021052
v -0.220766 -0.058321 -0.025775
v -0.657227 -0.023683 0.003095
v 0.553731 0.042210 -0.014754
v 0.609870 0.061929 0.022092
v -0.762840 0.206850 -0.010868
v 0.532777 -0.200509 -0.010122
v 0.868342 -0.107058 0.018679
v 0.833877 -0.076033 -0.026042
v 0.839152 -0.083576 -0.000508
v -0.686274 0.106898 -0.015166
v -0.703483 0.125641 -0.014513
v -0.577078 0.182725 -0.018424
v -0.752098 0.175278 -0.025299
v -0.732945 0.192874 -0.023619
v -0.687060 0.207041 -0.035341
v -0.669962 0.208258 -0.034179
v 0.869854 -0.053236 0.015246
v 0.830711 -0.030161 0.003340
v -0.690162 0.022528 0.006429
v -0.633060 0.164264 -0.030842
v -0.687815 0.185426 -0.008069
v -0.668721 0.193610 -0.011997
v -0.640133 0.227419 -0.025043
v -0.570065 -0.085997 -0.011569
v -0.394862 -0.078189 0.014920
v 0.048170 -0.075967 -0.006195
v -0.422455 -0.063073 -0.008492
v 0.867239 -0.029069 -0.017249
v -0.681533 -0.011129 -0.005743
v -0.707833 -0.009813 0.029355
v -0.667964 0.050836 -0.033222
v -0.651568 0.030356 -0.005207
v -0.256354 -0.086340 -0.001001
v 0.083558 -0.053896 -0.013214
v 0.150310 -0.036965 -0.011385
v 0.042530 -0.045288 -0.009408
v 0.854502 0.021549 -0.020086
v 0.883883 -0.008143 -0.011213
v -0.676604 0.190116 -0.019776
v -0.647961 0.176876 -0.012012
v 0.515763 -0.238594 0.138846
v 0.071170 -0.061408 -0.010116
v 0.090664 -0.049097 -0.004935
v 0.104756 -0.041389 -0.006443
v 0.055126 -0.034505 -0.018065
v 0.110209 -0.028375 -0.003155
v 0.906809 0.005399 -0.003468
v -0.734906 0.238521 0.003960
v 0.014607 -0.014180 -0.006666
v 0.025418 -0.002846 -0.015167
v 0.051909 -0.010387 -0.010129
v 0.071289 -0.005643 0.012485
v -0.053914 0.060829 0.007029
v -0.551006 0.109096 0.011564
v 0.846848 -0.242686 -0.010932
v 0.864760 -0.242578 0.006430
v 0.802315 -0.242632 0.006424
v 0.587041 -0.026655 -0.013014
v 0.643320 -0.041001 -0.021459
v 0.537887 -0.034272 0.049365
v 0.551873 -0.021139 0.021739
v 0.845164 -0.029404 -0.005256
v 0.825505 -0.045009 0.009601
v 0.833444 -0.005761 0.000247
v 0.845818 0.013684 -0.005412
v -0.707751 0.147919 -0.008759
v -0.603927 0.185315 0.002520
v 0.066612 -0.242567 -0.006593
v 0.058053 -0.241204 0.030407
v -0.303007 -0.076552 0.021434
v 0.127808 -0.069229 0.029206
v 0.066282 -0.059873 -0.000196
v 0.068187 -0.039377 0.013858
v 0.187167 -0.030105 0.017036
v 0.645201 -0.023951 0.009786
v 0.011485 -0.010693 0.007745
v -0.697600 0.130672 -0.005336
v -0.677964 0.093066 -0.003209
v -0.659316 0.181533 -0.009869
v -0.747004 0.195941 0.002407
v -0.727503 0.187691 -0.000973
v 0.513798 -0.202431 0.028929
v -0.696205 -0.242358 0.009938
v -0.659630 -0.243827 -0.004738
v -0.647244 -0.140312 0.004391
v 0.054149 -0.107647 0.010964
v 0.071909 -0.063846 -0.001275
v 0.056099 -0.066346 0.015307
v -0.425456 -0.063101 0.051290
v 0.080130 -0.051072 -0.003914
v 0.658907 -0.042328 -0.001884
v 0.816852 0.024794 0.011783
v 0.019114 0.016093 0.004444
v -0.726923 0.087923 0.005627
v -0.620900 0.164176 0.004775
v -0.682040 0.163615 0.004446
v -0.720436 0.170904 0.006878
v -0.638799 -0.242809 0.007829
v -0.710837 -0.093627 0.017914
v 0.869949 -0.024468 0.004750
v 0.029881 -0.033756 0.007819
v -0.670388 0.066889 0.004180
v -0.653430 0.190285 0.011468
v -0.620035 0.197662 0.013075
v 0.857777 -0.242927 0.045841
v 0.437044 -0.234156 0.060747
v 0.543915 -0.214339 0.094464
v -0.640470 -0.158389 0.028008
v -0.735482 -0.082707 0.021798
v 0.041652 -0.089073 0.022237
v 0.056882 -0.073952 -0.004076
v 0.899514 -0.054270 0.004415
v 0.878362 -0.054050 0.019749
v 0.852554 -0.023564 0.012859
v -0.731217 0.056735 0.026458
v -0.718491 0.217391 0.014525
v -0.693277 -0.084359 0.021780
v 0.091330 -0.048086 -0.004824
v 0.102917 -0.049154 0.006378
v 0.919000 0.020901 0.019287
v 0.041364 -0.041562 0.011934
v 0.557835 0.022713 0.051083
v -0.663182 -0.003748 0.023598
v -0.685923 0.103857 0.012301
v -0.574152 0.087503 0.038255
v -0.643383 0.162770 0.004447
v -0.706261 0.178741 0.012307
v 0.022006 -0.105989 0.023952
v -0.557118 -0.114818 0.021260
v -0.769916 -0.076112 0.025257
v -0.688204 -0.026095 0.019697
v 0.051450 -0.013245 0.023138
v 0.021892 -0.010206 0.022867
v -0.701698 0.092759 0.010358
v -0.686814 0.179171 0.054621
v -0.693054 -0.108199 0.022771
v 0.828772 -0.099053 0.026495
v -0.650059 -0.075647 0.025617
v 0.932279 -0.041138 0.034043
v 0.597978 -0.048860 0.050095
v 0.035468 -0.056533 0.024876
v 0.671204 -0.027592 0.059894
v 0.875390 -0.009403 0.029262
v 0.815268 0.050133 0.050688
v 0.816690 0.051156 0.038376
v -0.687676 0.010183 0.024250
v 0.505296 0.048554 0.043372
v -0.688879 0.116067 0.023166
v -0.709950 0.187952 0.043144
v -0.691524 -0.242517 0.053470
v 0.002433 -0.242489 0.041497
v 0.813820 -0.242819 0.049848
v -0.632648 -0.243192 0.032420
v -0.797455 -0.046207 0.039412
v 0.033012 -0.079181 0.020279
v 0.060207 -0.046736 0.021074
v 0.875353 -0.020266 0.039951
v 0.013890 -0.023727 0.020617
v 0.872587 0.019168 0.029839
v -0.614410 0.013988 0.043224
v 0.568133 0.020496 0.102945
v -0.717941 0.053293 0.028398
v -0.679598 0.054365 0.024771
v -0.665948 0.185669 0.042971
v -0.646084 -0.242816 0.057041
v 0.039597 -0.127408 0.027172
v 0.850195 -0.072468 0.030568
v 0.110857 -0.070566 0.071403
v 0.859833 -0.048733 0.029072
v -0.759834 -0.068451 0.025550
v -0.395440 -0.071006 0.027381
v 0.225205 -0.053542 0.060723
v -0.655991 -0.054930 0.028959
v -0.652722 -0.022007 0.020173
v 0.187842 -0.042248 0.075063
v -0.067749 0.077260 0.029216
v -0.838037 0.084228 0.034632
v -0.674502 0.086758 0.046083
v -0.702241 0.043219 0.026473
v 0.080504 -0.099385 0.030727
v 0.853265 -0.118469 0.037684
v -0.739413 -0.083155 0.025380
v -0.683595 -0.100199 0.036781
v -0.711165 -0.095512 0.026339
v 0.866047 -0.079053 0.023349
v -0.483755 -0.068415 0.074806
v 0.937393 -0.038619 0.070844
v 0.674356 -0.035648 0.056219
v -0.681109 0.004104 0.031898
v -0.657067 0.089033 0.047230
v 0.467765 -0.201295 0.083530
v -0.646599 -0.138998 0.039074
v -0.666317 -0.074325 0.040207
v 0.834630 -0.119417 0.036102
v 0.801043 -0.090533 0.042237
v 0.020790 -0.037668 0.055287
v -0.605022 -0.042473 0.052211
v -0.675142 -0.060907 0.041305
v 0.520945 0.016320 0.076049
v -0.799349 0.046506 0.032568
v 0.462094 0.043732 0.031219
v 0.478068 0.039843 0.038211
v 0.431781 0.048340 0.034604
v 0.366883 0.052805 0.072992
v -0.750073 0.049212 0.050205
v -0.768730 0.094579 0.050957
v -0.730319 0.069772 0.039769
v 0.411384 0.063258 0.046561
v -0.734821 0.079919 0.045775
v -0.097073 0.080121 0.056322
v -0.585649 -0.106728 0.078290
v 0.066304 -0.081529 0.064792
v 0.850198 -0.099725 0.039901
v 0.789099 -0.069071 0.058795
v 0.885851 -0.041820 0.071233
v 0.556378 -0.032175 0.075792
v -0.693311 0.052749 0.048112
v 0.581944 0.038009 0.085469
v -0.732591 0.108002 0.042700
v 0.557113 -0.234203 0.089287
v -0.836286 -0.034379 0.059653
v 0.541223 -0.031875 0.073618
v -0.614644 0.030917 0.052695
v 0.604056 0.026776 0.076121
v -0.568911 0.078113 0.045130
v 0.527192 0.158123 0.044894
v 0.528237 0.164746 0.050290
v 0.552887 0.137883 0.044699
v -0.622015 -0.134864 0.064617
v 0.870342 -0.093772 0.081192
v 0.001693 -0.024134 0.073389
v -0.590139 -0.046500 0.065757
v 0.653013 -0.020807 0.056152
v -0.659263 0.017935 0.069049
v 0.518872 0.013021 0.065458
v 0.509851 0.029303 0.064591
v 0.619041 0.026771 0.049805
v 0.650701 0.046468 0.046642
v 0.696511 0.056347 0.054395
v 0.025457 -0.077617 0.075816
v 0.029414 -0.078666 0.062406
v 0.601988 0.023887 0.070829
v 0.399857 0.045490 0.072539
v -0.689497 0.055424 0.062237
v -0.940595 0.106303 0.098497
v -0.786640 0.152344 0.090940
v 0.585976 0.092474 0.067188
v 0.518570 0.137882 0.072076
v 0.819292 -0.066934 0.112892
v 0.649412 -0.050491 0.108576
v -0.857703 -0.019316 0.085955
v -0.571545 0.008378 0.141389
v 0.579591 -0.041294 0.093882
v -0.732446 0.048150 0.158511
v -0.678168 0.028948 0.065858
v 0.599913 0.016725 0.061258
v 0.738707 0.044284 0.078411
v -0.756560 0.059367 0.073387
v -0.733347 0.072098 0.073936
v -0.727073 0.073325 0.054212
v 0.588634 0.044059 0.078385
v 0.555298 -0.075842 0.107160
v 0.844789 0.023334 0.061696
v -0.655702 0.147213 0.101631
v 0.565807 -0.040285 0.101450
v -0.067388 0.068222 0.082443
v 0.465609 0.010774 0.096495
v 0.369570 0.061041 0.079540
v -0.791730 0.145408 0.089222
v 0.171789 -0.050937 0.084616
v 0.112111 -0.061697 0.079468
v -0.565911 -0.022698 0.089543
v -0.687861 0.041825 0.080072
v 0.596720 0.087681 0.064992
v -0.921012 0.116009 0.085339
v -0.765687 0.150948 0.118770
v 0.635405 0.145273 0.073825
v -0.449649 -0.069860 0.071769
v -0.886556 -0.020129 0.108097
v -0.842287 -0.018611 0.172469
v 0.579517 0.002717 0.087570
v 0.590845 0.011260 0.078012
v 0.591612 0.035194 0.096539
v 0.440965 0.052183 0.079519
v 0.575130 0.026255 0.101792
v -0.654987 0.148588 0.113943
v -0.648349 0.129678 0.088736
v 0.632789 0.147422 0.078849
v 0.536132 0.075327 0.124877
v 0.864527 -0.079649 0.108704
v 0.762092 -0.059466 0.097347
v 0.666909 -0.034380 0.082674
v -0.665817 0.047992 0.116925
v 0.709759 0.052442 0.083606
v 0.605163 0.111992 0.081272
v 0.850437 -0.072914 0.158017
v 0.546392 -0.047033 0.096308
v -0.684652 0.003091 0.144905
v -0.004724 -0.004746 0.083118
v 0.527904 0.005031 0.078101
v 0.639795 -0.000368 0.097799
v 0.518672 0.023662 0.082700
v 0.524394 0.098791 0.099157
v -0.834870 0.101977 0.120404
v 0.577764 0.084721 0.089174
v 0.573419 -0.074470 0.103534
v -0.607573 0.001554 0.141387
v 0.555398 -0.011994 0.116777
v -0.712127 0.025529 0.091123
v -0.792790 0.072901 0.135221
v 0.614339 0.069278 0.093679
v -0.712486 0.083522 0.094562
v 0.597313 0.122443 0.090141
v 0.519350 -0.200618 0.124273
v -0.536217 -0.095328 0.088622
v 0.075739 -0.061732 0.128401
v -0.905429 0.085404 0.132439
v 0.565500 0.070826 0.095157
v 0.543229 0.092244 0.104784
v 0.453015 -0.217645 0.106691
v -0.744056 -0.034752 0.168033
v 0.547331 -0.055922 0.127720
v 0.577971 -0.045164 0.107573
v -0.045075 0.035869 0.093855
v 0.574817 -0.012591 0.102093
v 0.546793 -0.243025 0.094327
v 0.583060 -0.242544 0.099764
v 0.457174 -0.232714 0.117669
v 0.072133 -0.042992 0.144567
v 0.563328 -0.031712 0.106539
v 0.596767 0.002514 0.099743
v -0.813266 -0.051214 0.131597
v -0.623438 -0.024349 0.134736
v 0.626550 -0.055304 0.127173
v -0.889059 -0.007539 0.129056
v 0.400804 0.059392 0.121472
v 0.415553 0.063525 0.129808
v 0.548992 0.048367 0.112401
v -0.751161 0.070033 0.090691
v -0.936027 0.115027 0.100765
v 0.621509 -0.071480 0.102702
v 0.684150 -0.050366 0.115207
v -0.697860 0.048164 0.091949
v -0.711981 0.070963 0.100101
v -0.735565 0.057674 0.091048
v 0.597884 0.080717 0.096810
v 0.584563 -0.079680 0.111618
v -0.682858 0.111038 0.114521
v 0.581932 0.078587 0.106905
v 0.607368 0.072476 0.131169
v -0.798638 0.168751 0.119481
v 0.718632 -0.047719 0.135028
v 0.544373 -0.022932 0.133997
v -0.672771 0.060539 0.167566
v 0.588030 0.023034 0.119294
v 0.578280 0.091696 0.129345
v 0.549952 0.127022 0.126153
v 0.624830 0.083157 0.118432
v 0.590762 -0.088779 0.134601
v -0.713862 -0.054543 0.151572
v -0.537287 -0.011478 0.140162
v -0.703517 0.077299 0.172345
v 0.703758 0.040874 0.137443
v 0.490828 0.018910 0.163796
v -0.822644 0.115316 0.176421
v -0.751505 0.075600 0.215960
v 0.601733 0.077878 0.113938
v 0.599575 -0.242898 0.143446
v -0.801449 -0.232691 0.104235
v -0.835109 -0.168396 0.130257
v -0.759079 -0.233453 0.137694
v 0.533464 -0.093480 0.132679
v 0.567964 0.031590 0.127155
v 0.544711 0.096617 0.128790
v -0.954531 0.081490 0.161850
v 0.495108 -0.198333 0.126801
v 0.755414 -0.039377 0.177194
v -0.660310 0.020953 0.221932
v 0.562025 -0.015934 0.144865
v -0.915942 -0.013209 0.180637
v 0.585811 -0.023395 0.139693
v 0.597916 0.109326 0.127977
v -0.822444 -0.233747 0.147832
v -0.302582 -0.116067 0.139107
v -0.260240 -0.102439 0.129196
v -0.299438 -0.090779 0.110807
v 0.724831 -0.032944 0.164315
v 0.659773 0.012552 0.157141
v -0.685341 0.047568 0.143219
v -0.770151 0.142907 0.124543
v 0.495011 -0.216464 0.142895
v -0.247817 -0.156317 0.159530
v 0.579230 -0.048513 0.139851
v -0.727782 0.061979 0.178957
v 0.774927 -0.058989 0.207373
v 0.582005 -0.059209 0.143225
v -0.599509 0.000841 0.227129
v -0.825742 0.093033 0.178976
v 0.588392 0.093830 0.139639
v -0.920964 0.097803 0.159446
v 0.528781 -0.243064 0.165511
v 0.520313 -0.212294 0.145967
v -0.249441 -0.141044 0.160068
v 0.752127 -0.047557 0.157954
v 0.504362 -0.005439 0.157816
v 0.598535 0.113570 0.166542
v -0.729710 -0.233886 0.242138
v 0.497848 -0.052783 0.137399
v 0.522159 -0.082080 0.161548
v 0.519497 -0.098263 0.157820
v -0.526574 0.006965 0.183994
v 0.451044 0.041792 0.152070
v 0.573346 0.086241 0.141737
v -0.239500 -0.242363 0.143652
v -0.223876 -0.242667 0.167901
v -0.271139 -0.242396 0.153074
v 0.483186 -0.086663 0.151345
v 0.672736 -0.062444 0.175706
v -0.732137 -0.053831 0.185915
v 0.444000 -0.029367 0.146937
v 0.438081 -0.020717 0.156797
v -0.822696 -0.012126 0.215628
v -0.948898 0.072544 0.162726
v 0.544288 0.128196 0.161517
v -0.267243 -0.159128 0.167052
v -0.237403 -0.096433 0.160469
v -0.259664 -0.111505 0.170205
v -0.258770 -0.072536 0.136684
v 0.814967 -0.057590 0.190084
v -0.881129 -0.032181 0.203868
v 0.595036 -0.023306 0.154386
v 0.549263 0.037304 0.197876
v 0.572725 0.140973 0.174243
v 0.572754 -0.242174 0.175327
v -0.212524 -0.098317 0.150855
v -0.157077 -0.088229 0.176096
v -0.268651 -0.078573 0.152032
v 0.550663 -0.097133 0.158923
v 0.696553 -0.035274 0.192515
v -0.908789 -0.006320 0.191427
v -0.858767 0.135028 0.251980
v 0.577843 -0.076261 0.149414
v 0.810971 -0.066390 0.196246
v -0.253410 -0.086604 0.164660
v -0.694566 0.051157 0.215651
v -0.244212 -0.126030 0.165894
v 0.544976 -0.081522 0.178207
v -0.821554 -0.032967 0.215517
v -0.887428 0.128398 0.250836
v -0.242312 -0.142439 0.185456
v 0.592908 -0.057037 0.174202
v 0.390498 -0.051226 0.209319
v 0.481711 -0.081275 0.181898
v 0.401095 -0.018944 0.181947
v -0.753831 0.061596 0.202731
v -0.235222 -0.242368 0.188477
v -0.273190 -0.240980 0.178379
v -0.231082 -0.115963 0.172291
v 0.464128 -0.116455 0.189262
v -0.256627 -0.062831 0.166269
v -0.248943 -0.089314 0.178754
v -0.555925 0.025480 0.207863
v -0.270433 -0.150631 0.179157
v -0.269983 -0.091603 0.176986
v 0.512910 -0.110313 0.203347
v 0.755914 -0.037980 0.214801
v -0.591551 0.019569 0.239264
v 0.478421 0.059059 0.209720
v 0.563256 0.141278 0.186467
v 0.489622 -0.117192 0.180133
v -0.235792 -0.089555 0.182846
v -0.222394 -0.091021 0.182498
v -0.236426 -0.066324 0.185258
v 0.607491 0.040237 0.205807
v 0.475563 0.039244 0.188846
v -0.268667 -0.138107 0.185166
v -0.246768 -0.110409 0.200440
v 0.550006 0.017999 0.211372
v -0.530320 0.005627 0.211005
v -0.661870 0.024296 0.199955
v -0.267856 -0.077014 0.183260
v -0.285213 -0.046707 0.201315
v 0.751561 -0.072582 0.278804
v -0.693710 0.061115 0.225272
v -0.703917 0.076098 0.202802
v -0.193228 -0.101697 0.205690
v -0.249837 -0.075904 0.198457
v -0.218863 -0.078067 0.206906
v 0.642425 -0.030643 0.219126
v 0.381178 -0.025248 0.229836
v -0.254199 -0.242163 0.192758
v -0.231206 -0.126933 0.200220
v -0.245017 -0.127389 0.188467
v 0.554263 -0.077921 0.207696
v 0.592176 0.068822 0.265723
v -0.796286 -0.145245 0.256665
v 0.379863 -0.025552 0.220122
v -0.800325 -0.233690 0.222142
v -0.293687 -0.121428 0.205081
v 0.465295 -0.090413 0.215100
v -0.888671 0.111891 0.233860
v -0.258007 -0.129657 0.222090
v -0.279670 -0.038587 0.216733
v -0.261045 -0.054672 0.214325
v -0.784007 -0.025546 0.233997
v -0.630617 0.024427 0.250156
v 0.702002 -0.042707 0.269992
v 0.774392 -0.050635 0.219465
v 0.549958 -0.082589 0.230492
v 0.470683 0.064497 0.228094
v -0.769006 -0.233872 0.261124
v -0.784369 -0.150035 0.261692
v -0.307371 -0.118924 0.244262
v 0.704540 -0.035519 0.258224
v -0.707248 0.049170 0.238184
v 0.409034 -0.081901 0.242650
v -0.796191 -0.029871 0.248139
v -0.823148 -0.023502 0.256618
v -0.552164 0.019586 0.249971
v 0.482389 0.069264 0.269460
v 0.581398 0.073673 0.260277
v -0.725481 0.065164 0.234241
v 0.466267 -0.101460 0.261770
v 0.389975 -0.055105 0.249596
v -0.846260 -0.031052 0.262774
v 0.420702 -0.065785 0.289641
v -0.928398 -0.033076 0.253853
v 0.551543 0.067598 0.308182
v -0.774350 0.100717 0.245553
v 0.763350 -0.087064 0.267410
v 0.772932 -0.071975 0.253928
v 0.755345 -0.059817 0.257505
v -0.799450 0.100515 0.267106
v -0.634017 0.017096 0.257052
v -0.868836 0.132076 0.287729
v 0.222007 -0.146619 0.259531
v 0.221324 -0.139391 0.234830
v 0.162779 -0.143039 0.248835
v -0.881461 -0.019262 0.258066
v 0.155456 -0.170899 0.278018
v 0.144575 -0.162039 0.276991
v 0.507881 -0.072429 0.293637
v 0.408519 -0.067564 0.265104
v 0.481177 -0.062650 0.305787
v -0.590601 -0.007067 0.296897
v 0.416656 -0.079054 0.274133
v 0.132690 -0.155264 0.286941
v 0.092173 -0.138021 0.252505
v 0.122143 -0.142564 0.250540
v 0.164470 -0.161650 0.294263
v 0.492355 0.076048 0.282505
v -0.827583 0.121665 0.281709
v 0.141952 -0.105106 0.260324
v 0.159554 -0.095479 0.254794
v 0.138658 -0.128527 0.287470
v 0.161628 -0.118331 0.283733
v 0.143471 -0.106214 0.274946
v -0.599171 0.003442 0.295493
v 0.545704 0.075596 0.305831
v 0.137106 -0.242778 0.274558
v 0.194883 -0.156621 0.288101
v 0.150741 -0.071005 0.278863
v 0.160653 -0.070775 0.283065
v 0.168074 -0.242670 0.298629
v 0.101359 -0.143703 0.281164
v 0.125042 -0.239995 0.291779
v 0.157067 -0.127605 0.294427
v 0.142966 -0.097049 0.292881
v 0.151246 -0.146345 0.301645
v 0.175820 -0.088690 0.303277
v 0.146549 -0.081874 0.303974
v 0.139264 -0.070273 0.320535
v 0.162504 -0.086847 0.300110
v 0.469867 -0.067228 0.311835
v 0.522593 0.060615 0.324124
v 0.140446 -0.242649 0.315991
v 0.161230 -0.055147 0.329631
v 0.177407 -0.134393 0.340885
v 0.150694 -0.137630 0.329722
v 0.095544 -0.096366 0.307288
v 0.047469 -0.098166 0.343538
v 0.070125 -0.132918 0.422224
v 0.036779 -0.123601 0.386769
v 0.073970 -0.146570 0.419443
v -0.293051 -0.079767 0.341492
v -0.309022 -0.083274 0.355768
v -0.265636 -0.075561 0.381830
v 0.258601 -0.062148 0.337402
v 0.258276 -0.071036 0.384996
v 0.290244 -0.058920 0.347884
v 0.114514 -0.097895 0.342849
v 0.099119 -0.130228 0.401575
v 0.037614 -0.080440 0.420873
v 0.010392 -0.025218 0.397602
v 0.034833 0.012751 0.342976
v 0.043658 0.013060 0.353959
v 0.070263 -0.015476 0.380960
v 0.017312 -0.000029 0.376546
v 0.288472 -0.034844 0.416213
v 0.294438 0.029142 0.371163
v 0.311190 0.043751 0.348315
v 0.371867 -0.066955 0.365026
v 0.406052 -0.070579 0.362988
v 0.331202 -0.084069 0.388390
v 0.074130 -0.035610 0.388949
v 0.320395 -0.089734 0.410869
v 0.345522 0.009485 0.378869
v 0.321120 -0.076055 0.415451
v 0.322333 -0.023354 0.404895
v 0.003311 -0.096905 0.381943
v 0.035223 -0.143428 0.415134
v -0.081556 -0.063201 0.406109
v -0.046568 -0.066999 0.381510
v -0.326201 -0.122041 0.407071
v -0.323115 -0.105778 0.396700
v 0.336941 -0.110057 0.413355
v 0.044674 -0.038262 0.400936
v 0.385339 -0.085596 0.420162
v 0.030626 -0.031479 0.408289
v 0.036030 -0.132047 0.407191
v 0.408285 -0.074054 0.393263
v 0.305432 -0.010835 0.407090
v 0.064894 -0.242495 0.397647
v 0.033635 -0.126265 0.404563
v -0.272229 -0.158824 0.449621
v 0.299743 -0.102095 0.430497
v 0.072344 -0.059246 0.412475
v -0.341793 -0.000939 0.404315
v -0.387601 0.020487 0.399786
v -0.331566 -0.002385 0.414223
v -0.377329 0.025081 0.404762
v 0.019510 -0.243131 0.433956
v 0.297055 -0.242664 0.400511
v 0.336885 -0.243064 0.400096
v 0.029944 -0.119134 0.421476
v -0.266287 -0.094151 0.419596
v 0.352479 -0.102047 0.433152
v -0.060413 -0.070392 0.439536
v 0.355152 -0.043634 0.424299
v 0.349709 -0.242640 0.422708
v 0.307613 -0.115617 0.416747
v 0.058959 -0.091958 0.418581
v 0.111941 -0.038788 0.415909
v 0.062875 -0.042530 0.408587
v 0.069333 -0.002563 0.419916
v -0.255540 -0.091277 0.412698
v 0.026028 -0.037741 0.418407
v 0.693934 -0.203607 0.425987
v 0.726230 -0.141082 0.417444
v 0.740514 -0.171232 0.415374
v 0.759500 -0.136727 0.416134
v 0.725860 -0.098811 0.435251
v 0.332736 -0.086103 0.416355
v -0.262808 -0.088425 0.425002
v -0.286274 -0.092611 0.428103
v -0.237853 -0.059482 0.408857
v 0.313372 0.004082 0.432509
v 0.341057 -0.242843 0.448551
v 0.284825 -0.242537 0.426476
v 0.087392 -0.243203 0.434165
v -0.266156 -0.088405 0.411304
v -0.267306 -0.098564 0.435015
v 0.261542 -0.028031 0.437934
v 0.044656 -0.043624 0.429367
v 0.023168 -0.022566 0.434523
v 0.026510 -0.006618 0.419163
v 0.300324 -0.039146 0.428769
v 0.704501 -0.243643 0.440328
v 0.762543 -0.182011 0.428606
v 0.030753 -0.142620 0.443216
v -0.266864 -0.101191 0.425708
v -0.282551 -0.084250 0.434649
v 0.064621 -0.072372 0.433219
v 0.316967 -0.029793 0.427777
v 0.335470 -0.043876 0.421395
v 0.146067 -0.023712 0.460302
v 0.809598 -0.102530 0.479755
v -0.268254 -0.109683 0.432761
v -0.274111 -0.095104 0.428162
v -0.261492 -0.103295 0.427611
v 0.044494 -0.136551 0.451860
v 0.323941 -0.080560 0.440183
v 0.005214 -0.011646 0.447914
v -0.294225 -0.127078 0.467466
v 0.037356 -0.035427 0.443062
v -0.334965 -0.033077 0.440342
v 0.659464 -0.242020 0.448933
v 0.118858 -0.101528 0.453123
v 0.063992 -0.122801 0.446023
v -0.271818 -0.101209 0.432622
v -0.275306 -0.099421 0.431595
v 0.336922 -0.092125 0.440009
v 0.316948 -0.088686 0.440498
v 0.333693 -0.011266 0.440529
v 0.339031 -0.041996 0.442560
v 0.370671 -0.007904 0.461311
v -0.365258 -0.021194 0.467408
v -0.297192 -0.150298 0.457102
v -0.257290 -0.139101 0.451585
v 0.323319 -0.110425 0.447405
v 0.356894 -0.097960 0.454315
v -0.271562 -0.105509 0.436734
v 0.035913 -0.076106 0.436469
v -0.261176 -0.081479 0.454973
v -0.235547 -0.073980 0.459988
v 0.054539 -0.034249 0.445343
v 0.040640 -0.242570 0.463147
v 0.301095 -0.243131 0.455008
v -0.280633 -0.242857 0.433370
v -0.255346 -0.242704 0.440504
v 0.662113 -0.133589 0.452470
v -0.006971 -0.112113 0.460798
v -0.272298 -0.131563 0.450326
v -0.270173 -0.114691 0.438877
v -0.271904 -0.102033 0.433749
v 0.056533 -0.095510 0.445410
v 0.291869 -0.047944 0.452105
v 0.810207 -0.136161 0.463987
v -0.272923 -0.109624 0.445057
v 0.284420 -0.088219 0.452017
v -0.282032 -0.090410 0.464993
v 0.057618 -0.073253 0.441201
v 0.320918 -0.055298 0.447179
v 0.059481 -0.151331 0.452163
v -0.226077 -0.116562 0.445959
v -0.184701 -0.068944 0.460778
v -0.249255 -0.096967 0.485269
v -0.356098 -0.055255 0.480206
v 0.023236 0.007425 0.476130
v -0.307390 -0.243206 0.470031
v -0.298562 -0.163283 0.462921
v -0.255496 -0.171679 0.473787
v 0.368637 -0.078002 0.475651
v 0.332607 -0.051410 0.460489
v 0.763110 -0.213950 0.496026
v 0.742749 -0.242258 0.471176
v -0.243837 -0.243068 0.462551
v 0.322629 -0.242493 0.458537
v -0.304923 -0.176997 0.461393
v -0.380155 -0.145242 0.454996
v -0.149191 -0.054604 0.476485
v 0.151751 -0.058855 0.507870
v 0.042859 -0.009676 0.475515
v -0.296133 -0.186033 0.492350
v -0.415587 -0.133314 0.467883
v 0.093877 -0.095619 0.483636
v -0.257270 -0.140130 0.466670
v -0.259620 -0.044151 0.484211
v 0.010311 0.008187 0.479453
v 0.640165 -0.242150 0.486171
v -0.264615 -0.132062 0.479930
v 0.683331 -0.103619 0.477190
v 0.067669 -0.070096 0.464339
v 0.277370 -0.069642 0.479745
v -0.312789 -0.071224 0.466152
v -0.309637 -0.066025 0.467961
v 0.634413 -0.219805 0.486312
v 0.157033 -0.065564 0.505046
v 0.757030 -0.087228 0.507625
v 0.105525 -0.042225 0.478997
v -0.247107 -0.205555 0.474460
v -0.247398 -0.217815 0.478910
v 0.070305 -0.075052 0.542868
v 0.798919 -0.087164 0.494112
v -0.133515 -0.030014 0.502623
v -0.449480 -0.133808 0.496341
v 0.793858 -0.161637 0.483950
v -0.293927 -0.172865 0.492420
v 0.047653 -0.105077 0.509378
v 0.372168 -0.066452 0.525428
v -0.264240 -0.080510 0.490989
v -0.163031 -0.056003 0.513373
v -0.289928 -0.084000 0.492296
v -0.273427 -0.082505 0.475063
v -0.298455 -0.242806 0.491325
v 0.649343 -0.150134 0.500663
v 0.107148 -0.100556 0.516499
v -0.310388 -0.048694 0.476827
v -0.269277 -0.160153 0.491209
v -0.109694 -0.030832 0.530739
v -0.312063 -0.098850 0.492461
v -0.307582 -0.081521 0.478627
v 0.345516 -0.051539 0.581218
v -0.424093 -0.135713 0.516778
v 0.808058 -0.123423 0.495904
v 0.791593 -0.232387 0.501193
v -0.268352 -0.214893 0.497944
v -0.195187 -0.173802 0.499362
v -0.250721 -0.060817 0.521179
v -0.277797 -0.082791 0.498535
v 0.747074 -0.202322 0.512874
v 0.368964 -0.057097 0.530230
v -0.273549 -0.242559 0.500742
v 0.818203 -0.233676 0.530741
v -0.188786 -0.159730 0.515644
v -0.373069 -0.153153 0.535714
v -0.241632 -0.141874 0.515847
v -0.315535 -0.072460 0.517706
v 0.642516 -0.215738 0.528516
v 0.682677 -0.143166 0.536314
v 0.275930 -0.055385 0.540987
v 0.176792 -0.043170 0.578211
v 0.699811 -0.242379 0.544318
v 0.820130 -0.229763 0.552632
v -0.212515 -0.174902 0.542410
v -0.318682 -0.170108 0.519515
v -0.156409 -0.142800 0.554835
v 0.114439 -0.050695 0.602621
v -0.169680 -0.058870 0.554950
v -0.231910 -0.181841 0.566061
v -0.229560 -0.113713 0.531811
v -0.285268 -0.017716 0.565153
v 0.813131 -0.214482 0.556177
v 0.719962 -0.200560 0.537848
v 0.746600 -0.151516 0.528563
v -0.278494 -0.042706 0.555902
v 0.670279 -0.242785 0.543689
v 0.791375 -0.213778 0.534831
v 0.734479 -0.195746 0.575515
v -0.114304 -0.029454 0.536551
v 0.663008 -0.207309 0.559137
v -0.211255 -0.158952 0.584227
v 0.320915 -0.058008 0.602304
v 0.775858 -0.231474 0.584052
v -0.196584 -0.088263 0.551203
v -0.150331 -0.139251 0.604048
v 0.696033 -0.172441 0.559403
v 0.160483 -0.043237 0.550401
v 0.705169 -0.211821 0.546999
v 0.718621 -0.209149 0.571583
v 0.137978 -0.232565 0.557970
v 0.094211 -0.233883 0.589825
v 0.105677 -0.214425 0.570362
v 0.143509 -0.203871 0.586920
v 0.180923 -0.049297 0.611839
v 0.160440 -0.209817 0.594980
v 0.121937 -0.198999 0.633181
v 0.158869 -0.198769 0.625797
v 0.157295 -0.229063 0.723768
v 0.099403 -0.232968 0.627784
v 0.200380 -0.233345 0.699950
v 0.186867 -0.208207 0.703965
v 0.149821 -0.203121 0.695303
v 0.186777 -0.220103 0.717819
v 0.423895 -0.125565 0.782889
v 0.386966 -0.080798 0.772564
v 0.402727 -0.056220 0.751905
v 0.418055 -0.088075 0.772765
v 0.391420 -0.121258 0.784829
v 0.419180 -0.242783 0.779041
v 0.386633 -0.242790 0.771542
v 0.375937 -0.240096 0.792315
v 0.421813 -0.242532 0.799285
v 0.416572 -0.137832 0.795674
v 0.396340 -0.135367 0.800945
v 0.403520 -0.080470 0.797967
v 0.392515 -0.070899 0.794116
v 0.412164 -0.073507 0.798252
v 0.372787 -0.112457 0.785932
v 0.413168 -0.126033 0.810411
v 0.393106 -0.118968 0.798379
v 0.447392 -0.112310 0.797902
v 0.389129 -0.122099 0.808775
v 0.398912 -0.242479 0.815711
vn -0.2045 0.8302 -0.5187
vn 0.4087 -0.4431 -0.7979
vn -0.3413 -0.7716 -0.5368
vn -0.9073 -0.0217 -0.4199
vn 0.0191 0.9530 -0.3025
vn 0.7989 0.3281 -0.5041
vn -0.0276 -0.9996 0.0087
vn -0.6514 0.7235 -0.2288
vn -0.0151 0.9995 -0.0283
vn 0.5205 -0.4562 -0.7218
vn -0.3365 -0.2483 -0.9083
vn 0.1810 0.5726 -0.7996
vn -0.0865 0.9958 0.0283
vn 0.1600 0.9824 0.0962
vn 0.8813 -0.2117 -0.4224
vn -0.2101 0.8594 -0.4662
vn -0.9013 -0.2764 0.3335
vn 0.4732 -0.8167 0.3303
vn -0.3337 -0.7426 0.5807
vn 0.7568 0.6456 -0.1024
vn 0.2359 0.9711 -0.0356
vn 0.7307 -0.6544 -0.1945
vn -0.6164 0.7254 -0.3064
vn 0.8772 -0.2296 0.4216
vn -0.2467 0.9565 0.1560
vn -0.9771 -0.1812 -0.1118
vn -0.7919 -0.4282 -0.4353
vn 0.1708 -0.6408 -0.7484
vn -0.3238 -0.2979 -0.8980
vn 0.0813 0.9698 -0.2300
vn -0.1178 -0.8762 -0.4673
vn -0.6643 -0.3763 -0.6458
vn 0.0453 0.1332 -0.9901
vn 0.6107 -0.2771 -0.7418
vn 0.6874 0.3221 0.6510
vn -0.0116 0.9631 0.2690
vn -0.4020 0.5249 -0.7503
vn 0.5437 0.5898 -0.5971
vn 0.7688 0.6192 0.1601
vn -0.0009 0.9049 -0.4257
vn -0.8660 0.4478 -0.2226
vn -0.0718 0.9891 0.1285
vn -0.8833 0.3843 0.2686
vn -0.5588 0.5146 -0.6504
vn 0.3555 0.3033 0.8841
vn -0.3668 0.9113 -0.1873
vn 0.1885 -0.9466 -0.2615
vn 0.8305 0.4622 0.3108
vn -0.0404 0.9502 0.3090
vn -0.6307 -0.7716 0.0825
vn 0.4922 -0.3849 -0.7807
vn -0.3307 -0.1781 -0.9268
vn 0.3036 0.8365 0.4561
vn 0.7850 0.2412 -0.5706
vn 0.6733 0.3299 0.6616
vn -0.3425 0.7095 0.6158
vn -0.4843 -0.5136 -0.7082
vn -0.1606 0.9592 -0.2327
vn -0.8583 -0.2192 -0.4639
vn -0.4708 0.4447 0.7620
vn 0.8212 0.2637 -0.5061
vn -0.0235 0.6919 -0.7216
vn 0.2937 -0.8530 -0.4314
vn -0.4024 0.0534 -0.9139
vn -0.8743 0.4723 0.1117
vn -0.8916 0.2145 -0.3988
vn 0.9790 -0.0885 -0.1838
vn -0.0318 0.9403 0.3388
vn -0.4154 0.8643 0.2835
vn 0.2150 0.9685 -0.1256
vn 0.4681 -0.8820 -0.0545
vn -0.6468 0.7012 0.2999
vn -0.2415 0.8375 0.4901
vn 0.7349 0.6775 -0.0307
vn 0.6239 0.6820 -0.3816
vn -0.3017 -0.9525 -0.0427
vn -0.3331 -0.4729 -0.8157
vn 0.4345 0.8924 0.1221
vn 0.3983 0.9147 0.0687
vn 0.9692 0.2250 -0.0996
vn -0.6465 0.7410 -0.1816
vn 0.9066 0.2894 0.3071
vn -0.3318 0.8654 -0.3754
vn 0.0131 -0.8254 -0.5644
vn -0.0851 0.6085 0.7890
vn -0.3013 -0.9526 -0.0426
vn -0.7999 -0.4641 -0.3805
vn 0.5170 0.6956 0.4988
vn 0.7147 -0.1726 -0.6778
vn 0.2780 -0.9081 -0.3132
vn -0.4502 0.5604 -0.6952
vn -0.1765 0.9728 -0.1501
vn 0.0130 -0.8255 -0.5643
vn -0.3017 -0.9524 -0.0427
vn -0.6468 0.7013 0.2998
vn 0.3257 0.8898 -0.3197
vn 0.9975 -0.0224 0.0667
vn -0.7231 0.5644 0.3983
vn 0.6998 -0.5507 0.4550
vn 0.7241 -0.6745 0.1437
vn -0.1654 0.9716 -0.1695
vn -0.6591 0.7520 -0.0035
vn 0.9422 0.2385 -0.2355
vn -0.5167 -0.7473 -0.4178
vn -0.4922 0.8052 -0.3308
vn 0.1066 0.4763 -0.8728
vn -0.7717 -0.0454 0.6343
vn -0.8286 0.1365 -0.5429
vn -0.2492 0.9604 0.1249
vn -0.1679 -0.7403 -0.6509
vn -0.5160 0.8312 -0.2068
vn 0.7814 0.5866 -0.2130
vn -0.8457 -0.2222 -0.4851
vn 0.0257 0.5759 -0.8171
vn -0.0375 0.9987 0.0339
vn 0.6823 -0.5264 -0.5072
vn 0.9057 -0.3616 0.2213
vn 0.4369 0.8994 0.0136
vn 0.5377 0.1293 0.8332
vn -0.8943 -0.2577 0.3657
vn -0.9375 -0.3100 -0.1583
vn 0.3146 0.4345 0.8439
vn 0.0816 0.9568 -0.2791
vn 0.5740 0.8060 -0.1447
vn 0.4828 -0.5821 0.6542
vn 0.8728 -0.1121 0.4751
vn -0.8564 0.2628 -0.4444
vn 0.5119 0.0203 -0.8588
vn 0.9372 -0.3477 -0.0293
vn -0.7601 -0.6171 -0.2038
vn -0.3711 0.9284 -0.0157
vn 0.7513 0.4556 -0.4775
vn 0.9851 0.0678 0.1581
vn -0.1572 -0.9503 -0.2687
vn 0.3531 0.4848 -0.8002
vn -0.3398 0.8846 0.3195
vn -0.9876 -0.0870 0.1307
vn -0.0569 0.9304 -0.3622
vn -0.9670 -0.0193 0.2541
vn -0.1771 0.9819 0.0667
vn -0.4759 -0.5859 0.6560
vn 0.2759 -0.0615 -0.9592
vn -0.5060 -0.5789 -0.6395
vn 0.3290 0.8426 -0.4263
vn -0.1436 0.8416 0.5206
vn -0.4011 0.8623 -0.3091
vn 0.7313 -0.4004 -0.5522
vn 0.3958 0.9163 0.0608
vn -0.1630 0.8886 -0.4287
vn 0.4064 -0.3470 0.8453
vn -0.1229 0.9911 0.0521
vn 0.8410 0.3254 0.4323
vn -0.1408 0.7685 -0.6242
vn 0.2937 0.5329 -0.7936
vn -0.1579 0.7498 -0.6426
vn 0.0534 0.9476 0.3150
vn -0.7160 -0.6861 0.1287
vn 0.5509 0.7762 0.3068
vn -0.3114 0.9498 -0.0314
vn 0.4927 0.8063 -0.3274
vn 0.9030 0.0441 -0.4274
vn -0.5139 0.7810 0.3549
vn 0.8717 -0.4847 0.0718
vn -0.8756 0.3707 -0.3098
vn 0.8237 -0.0271 0.5663
vn -0.8040 0.5787 0.1370
vn 0.9115 0.3974 0.1060
vn -0.5635 0.4222 0.7101
vn 0.2379 0.8609 0.4497
vn -0.6727 0.1714 -0.7198
vn 0.5256 -0.4994 0.6887
vn -0.6244 -0.2843 -0.7275
vn -0.4452 0.8923 -0.0750
vn 0.3765 -0.0666 -0.9240
vn 0.3832 0.9236 0.0144
vn -0.2731 0.7806 -0.5622
vn -0.7891 0.1740 0.5890
vn 0.2225 -0.8167 -0.5325
vn 0.7476 0.6012 -0.2821
vn -0.3002 0.7726 -0.5595
vn 0.3523 0.4835 0.8013
vn -0.6452 0.7632 -0.0349
vn -0.7989 -0.5577 -0.2252
vn 0.1570 -0.7312 -0.6638
vn -0.1060 -0.5296 0.8416
vn 0.4590 0.8422 0.2829
vn 0.3996 0.9166 -0.0084
vn 0.5575 0.8078 -0.1915
vn 0.5202 0.8512 0.0692
vn -0.5803 0.7378 0.3449
vn 0.2708 -0.4391 0.8566
vn -0.7759 0.5089 0.3729
vn 0.8134 -0.1732 -0.5553
vn -0.2785 -0.5346 -0.7979
vn -0.8802 -0.3573 -0.3124
vn -0.9073 0.0231 -0.4198
vn -0.2883 -0.8198 0.4947
vn 0.9191 -0.3763 -0.1164
vn 0.8666 -0.4703 -0.1669
vn -0.1593 0.9484 -0.2741
vn 0.9295 -0.3571 -0.0921
vn -0.5450 0.8350 0.0758
vn 0.0712 0.6190 -0.7821
vn 0.4205 0.7862 0.4528
vn -0.2203 0.9352 0.2774
vn -0.3877 0.8803 0.2732
vn 0.3308 0.9058 -0.2648
vn 0.0421 0.9983 -0.0398
vn 0.5284 0.8282 0.1864
vn 0.5644 -0.6727 0.4784
vn -0.3501 0.8283 -0.4373
vn -0.1572 -0.1669 0.9734
vn -0.4981 0.5018 0.7072
vn -0.3709 -0.2061 0.9055
vn 0.9039 -0.4237 -0.0590
vn -0.3658 0.8553 0.3669
vn 0.1222 0.1762 0.9767
vn 0.1290 0.6490 0.7498
vn -0.4551 -0.6709 0.5855
vn -0.0865 0.9631 -0.2549
vn 0.9357 0.2975 0.1893
vn -0.7172 -0.4852 0.5002
vn -0.5042 0.8500 -0.1523
vn 0.8633 0.5023 -0.0498
vn -0.2249 0.9692 -0.1005
vn 0.2592 -0.3880 0.8845
vn 0.5257 -0.8049 0.2752
vn -0.1585 -0.1793 0.9709
vn 0.8023 -0.1903 0.5658
vn 0.3182 -0.7825 0.5352
vn 0.1700 0.8296 -0.5318
vn 0.5391 0.6990 0.4699
vn 0.3478 -0.5505 -0.7589
vn 0.8915 -0.2194 0.3964
vn -0.6161 0.7797 0.1120
vn 0.6529 0.6388 -0.4070
vn -0.6113 0.7007 0.3679
vn -0.5664 0.6907 -0.4496
vn -0.0533 0.8311 -0.5535
vn -0.4159 0.7878 -0.4543
vn -0.2742 0.8852 -0.3758
vn 0.5265 0.8217 0.2180
vn 0.0505 0.9850 -0.1649
vn 0.6399 -0.4329 0.6349
vn 0.7713 -0.5176 -0.3703
vn 0.7546 -0.2449 0.6088
vn 0.9963 0.0371 -0.0774
vn 0.4834 0.8741 -0.0471
vn -0.9050 0.4024 -0.1379
vn -0.9997 0.0201 0.0143
vn 0.6648 0.5985 -0.4471
vn -0.6493 0.3635 0.6680
vn 0.1379 0.9893 -0.0477
vn -0.7077 -0.6564 0.2615
vn -0.0966 0.3166 -0.9436
vn 0.3187 0.8639 -0.3901
vn -0.4395 -0.7826 -0.4408
vn -0.2922 0.8556 -0.4272
vn 0.8102 0.3415 -0.4763
vn -0.5130 0.7892 0.3377
vn -0.5560 -0.4605 0.6919
vn -0.5417 0.6826 -0.4906
vn 0.8495 -0.4771 0.2252
vn -0.4015 -0.1655 0.9008
vn -0.7332 -0.4263 0.5298
vn -0.5524 0.7826 -0.2869
vn -0.8912 0.3326 0.3085
vn -0.2667 0.7592 -0.5937
vn 0.0966 0.9825 0.1591
vn -0.0135 0.7343 -0.6787
vn 0.9557 0.2930 -0.0274
vn 0.1556 0.9631 -0.2195
vn -0.9733 0.0095 -0.2293
vn -0.6101 0.0102 -0.7922
vn 0.3747 0.0951 -0.9223
vn -0.2129 -0.7676 -0.6045
vn 0.4902 -0.3563 -0.7955
vn 0.6318 0.6748 0.3815
vn -0.6677 0.6930 -0.2720
vn 0.7562 -0.2365 0.6101
vn -0.2456 0.8954 -0.3713
vn 0.6059 -0.2007 0.7698
vn -0.7459 0.5667 -0.3498
vn 0.8696 -0.4521 -0.1987
vn -0.3721 0.9151 -0.1554
vn -0.8446 -0.2111 0.4920
vn -0.0089 0.9861 -0.1656
vn 0.3382 -0.0810 0.9376
vn 0.2501 0.8937 -0.3725
vn 0.6739 0.5391 0.5053
vn 0.3152 -0.2724 0.9091
vn 0.5691 -0.7703 0.2876
vn -0.8903 0.0151 -0.4552
vn 0.2746 0.9467 0.1686
vn 0.8023 -0.1060 -0.5874
vn -0.8319 -0.2035 -0.5163
vn -0.2912 -0.8462 0.4463
vn -0.2429 0.9593 -0.1439
vn 0.1157 0.5058 -0.8549
vn -0.0829 0.9839 -0.1585
vn 0.9345 -0.2883 0.2085
vn -0.2734 0.9495 -0.1540
vn 0.0142 -0.6302 0.7763
vn 0.1422 0.9897 0.0171
vn 0.0525 0.8456 -0.5313
vn -0.0361 0.3509 0.9357
vn -0.1769 -0.9837 0.0310
vn -0.6118 0.7247 0.3172
vn 0.0196 -0.2507 0.9679
vn 0.2236 0.8678 -0.4438
vn -0.4514 0.8704 -0.1963
vn -0.4585 0.2191 -0.8613
vn 0.6135 0.7764 -0.1446
vn -0.0085 -0.9760 0.2178
vn 0.1924 0.8086 -0.5559
vn -0.3336 -0.9413 0.0511
vn -0.2773 -0.3114 0.9089
vn -0.8862 -0.0189 0.4629
vn 0.1284 -0.8941 -0.4290
vn -0.1898 -0.0581 -0.9801
vn 0.3223 0.5855 -0.7439
vn -0.8233 0.2123 0.5264
vn -0.2077 0.8761 -0.4351
vn 0.2912 -0.9337 0.2084
vn 0.7823 -0.1471 0.6053
vn 0.0610 -0.9770 0.2045
vn 0.5422 0.1956 0.8172
vn 0.5644 -0.4692 -0.6792
vn -0.6930 -0.6123 -0.3805
vn -0.1482 0.2979 -0.9430
vn -0.2792 -0.8692 -0.4082
vn 0.5860 0.7572 -0.2885
vn 0.5020 0.8418 -0.1984
vn 0.8989 0.0592 -0.4341
vn -0.6980 -0.4686 -0.5415
vn -0.5508 0.7622 -0.3402
vn 0.3169 -0.6766 0.6646
vn -0.6628 0.0600 -0.7464
vn -0.2081 0.9774 -0.0366
vn -0.5475 0.7430 -0.3850
vn -0.1644 -0.4186 0.8932
vn 0.6388 -0.7640 -0.0910
vn 0.1363 0.9842 -0.1133
vn 0.1370 0.9819 0.1306
vn 0.4606 0.8525 -0.2472
vn 0.2884 -0.9550 0.0687
vn -0.9135 0.3881 0.1219
vn 0.5297 0.6112 -0.5881
vn -0.3035 0.7509 -0.5866
vn -0.7769 0.4956 0.3884
vn 0.1318 -0.9089 0.3957
vn -0.7796 -0.6260 -0.0179
vn 0.6544 -0.1593 0.7392
vn -0.8266 0.4939 0.2698
vn -0.0453 0.8827 -0.4678
vn 0.7750 -0.5820 0.2461
vn 0.5022 0.8588 -0.1015
vn 0.1270 0.9766 0.1738
vn -0.5616 0.8274 -0.0082
vn 0.0659 0.9967 -0.0474
vn -0.1331 0.9683 -0.2116
vn -0.5446 -0.4655 0.6976
vn 0.1249 0.9220 -0.3664
vn -0.3322 0.9284 -0.1666
vn -0.2600 -0.0285 0.9652
vn 0.1613 0.9471 -0.2776
vn 0.1422 0.9700 -0.1973
vn 0.7603 0.4541 0.4645
vn 0.9913 -0.1242 0.0426
vn -0.5007 -0.8300 0.2459
vn -0.5603 -0.5175 0.6467
vn -0.1628 0.9170 0.3642
vn -0.6497 0.6916 -0.3156
vn 0.5546 -0.8228 0.1244
vn -0.7030 0.7073 0.0743
vn 0.9408 0.3367 0.0397
vn 0.3348 0.9407 0.0542
vn 0.0318 -0.9325 0.3597
vn -0.1271 0.9286 -0.3485
vn -0.7491 -0.6532 -0.1103
vn -0.4137 0.1349 0.9004
vn -0.8350 0.5329 0.1368
vn 0.6397 0.6794 0.3593
vn 0.6689 0.6076 0.4282
vn -0.0261 0.9483 0.3163
vn 0.1961 -0.5130 0.8357
vn 0.2920 0.9199 -0.2619
vn -0.1103 0.8693 0.4819
vn -0.4314 0.5129 0.7422
vn 0.9770 0.0992 -0.1889
vn 0.7475 0.2836 0.6007
vn 0.1954 0.1781 0.9644
vn -0.2765 0.9503 0.1434
vn 0.0357 0.9993 0.0072
vn -0.4835 -0.6120 0.6259
vn 0.6053 0.5996 0.5236
vn 0.3935 0.8906 -0.2282
vn -0.7742 0.4669 0.4273
vn -0.6715 0.1729 -0.7205
vn -0.8373 0.4099 -0.3618
vn -0.2382 0.8408 -0.4861
vn 0.6727 -0.2684 -0.6895
vn -0.3875 -0.7163 -0.5803
vn 0.9942 0.0416 -0.0995
vn 0.5143 0.6686 -0.5371
vn 0.8074 -0.3906 0.4421
vn -0.8636 -0.2152 -0.4560
vn -0.5439 0.4912 0.6804
vn -0.0324 0.9948 0.0963
vn 0.2813 -0.0442 0.9586
vn 0.2392 -0.8750 0.4209
vn -0.1756 -0.7071 -0.6850
vn -0.1756 0.0732 -0.9817
vn -0.2977 0.4042 -0.8649
vn 0.1802 0.9229 0.3402
vn -0.2978 0.4047 -0.8646
vn 0.1801 0.9229 0.3403
vn -0.1137 0.9935 0.0091
vn -0.3999 -0.3580 0.8437
vn 0.1559 0.9876 -0.0204
vn 0.6804 -0.5257 -0.5105
vn -0.7755 -0.3119 -0.5490
vn 0.7773 -0.6178 0.1186
vn -0.2720 0.9500 -0.1534
vn -0.9866 0.0512 0.1552
vn 0.8319 0.0249 0.5544
vn -0.7652 0.5245 -0.3734
vn 0.4894 0.5110 -0.7066
vn 0.7678 0.4238 0.4805
vn -0.5378 0.1294 0.8331
vn 0.8316 0.5482 0.0896
vn -0.4440 0.8404 -0.3108
vn -0.4735 0.7513 -0.4597
vn -0.4044 -0.7785 0.4800
vn -0.8625 0.5041 -0.0431
vn -0.7736 -0.5446 0.3239
vn 0.8328 -0.4058 0.3765
vn -0.5044 0.8537 0.1297
vn 0.2175 -0.7432 0.6327
vn -0.2182 0.9715 0.0921
vn -0.1700 0.8184 0.5489
vn -0.4672 0.8783 0.1021
vn 0.7228 -0.5492 0.4195
vn -0.1863 0.9698 -0.1573
vn -0.1015 -0.6844 -0.7220
vn 0.0419 0.3594 -0.9322
vn 0.5328 -0.2220 -0.8166
vn -0.3300 0.7917 0.5141
vn 0.0281 0.4297 0.9025
vn -0.8542 0.5103 0.0993
vn -0.5323 0.3719 -0.7605
vn -0.1922 0.8651 -0.4633
vn 0.4626 0.7229 0.5133
vn 0.2200 0.9615 -0.1644
vn 0.6853 -0.7228 -0.0889
vn 0.4460 0.4666 -0.7638
vn 0.9479 0.2901 0.1313
vn -0.0628 -0.6599 0.7487
vn 0.8157 -0.5605 0.1427
vn 0.1032 0.9693 -0.2230
vn 0.7581 -0.5023 0.4159
vn 0.4858 0.7243 0.4893
vn -0.1639 -0.0641 0.9844
vn 0.8224 0.0630 -0.5654
vn -0.9079 0.1870 0.3752
vn -0.7162 0.6226 0.3153
vn -0.6466 -0.2770 0.7108
vn -0.7167 -0.4196 -0.5571
vn 0.1314 0.8725 0.4706
vn -0.9070 0.3708 -0.1996
vn -0.4926 0.8032 -0.3349
vn 0.2494 -0.6836 0.6859
vn 0.7016 -0.0226 0.7122
vn 0.4858 0.8622 0.1435
vn 0.5878 0.6800 -0.4383
vn 0.9215 0.3565 -0.1541
vn -0.5777 0.6378 0.5094
vn 0.3217 0.9338 -0.1566
vn -0.6161 -0.7720 0.1562
vn -0.3316 0.8927 0.3052
vn -0.6071 0.7613 0.2276
vn -0.4441 0.8959 0.0136
vn 0.8042 0.4877 0.3397
vn -0.4163 0.8971 0.1481
vn -0.3809 0.9054 0.1874
vn 0.0928 0.9372 -0.3362
vn -0.6169 -0.2412 -0.7492
vn 0.1597 -0.3472 -0.9241
vn 0.3786 0.6846 -0.6229
vn 0.0483 0.9026 0.4278
vn -0.4610 -0.0591 -0.8854
vn 0.8679 -0.2664 -0.4193
vn -0.0266 -0.9372 -0.3478
vn 0.3495 0.7767 0.5240
vn 0.8243 -0.0719 0.5616
vn -0.1977 0.4715 0.8594
vn 0.2509 0.0043 -0.9680
vn -0.3230 0.8477 -0.4208
vn 0.4253 0.2888 -0.8577
vn 0.3267 0.3176 0.8902
vn 0.6085 0.4292 -0.6675
vn 0.2137 -0.6996 -0.6819
vn 0.2853 0.9575 0.0436
vn 0.1424 0.9648 0.2212
vn -0.5749 -0.0272 -0.8178
vn -0.1721 -0.9555 -0.2395
vn -0.8410 -0.5229 -0.1386
vn -0.5671 0.7498 -0.3408
vn -0.0520 -0.5427 -0.8383
vn 0.7119 0.4491 -0.5399
vn -0.7401 0.5189 0.4278
vn 0.1086 -0.9893 0.0976
vn -0.8155 -0.4712 0.3361
vn 0.6194 0.1141 0.7768
vn 0.0454 0.9577 0.2840
vn 0.1314 0.9601 -0.2469
vn 0.1552 -0.4840 0.8612
vn 0.9824 -0.1377 -0.1263
vn 0.1861 0.2512 0.9499
vn -0.6728 0.4322 -0.6005
vn 0.5776 -0.1630 -0.7999
vn -0.2029 0.9772 -0.0622
vn 0.7913 0.5379 -0.2908
vn 0.5044 0.6228 -0.5981
vn 0.4457 -0.7162 -0.5371
vn -0.1011 0.0092 -0.9948
vn 0.1359 0.9544 -0.2656
vn 0.6565 -0.6744 -0.3378
vn -0.5580 0.4513 -0.6964
vn -0.0598 0.9844 0.1656
vn 0.1336 -0.9090 -0.3948
vn 0.1206 0.9052 0.4075
vn 0.9771 0.2114 -0.0245
vn -0.6628 0.7486 0.0177
vn 0.9738 0.0195 -0.2267
vn -0.3562 -0.4154 -0.8370
vn -0.7617 -0.6082 0.2234
vn -0.2575 -0.7922 -0.5533
vn -0.6542 0.6354 -0.4102
vn 0.0177 0.9727 -0.2315
vn -0.8188 0.0829 -0.5680
vn -0.8187 0.0832 -0.5681
vn 0.0102 0.8543 0.5198
vn 0.3912 0.8916 0.2279
vn -0.7473 0.5963 -0.2932
vn -0.1281 -0.6349 -0.7619
vn -0.4617 0.8803 0.1096
vn -0.1014 0.7086 -0.6983
vn 0.8034 0.0884 -0.5888
vn 0.7428 -0.6113 -0.2731
vn 0.6385 0.4739 0.6064
vn 0.5082 -0.1579 -0.8466
vn 0.6597 0.7508 0.0324
vn -0.0411 -0.8464 -0.5309
vn 0.1872 0.8185 -0.5431
vn 0.1245 -0.9847 -0.1219
vn 0.4106 0.7706 -0.4875
vn -0.4650 -0.1534 -0.8719
vn 0.4045 -0.4008 -0.8220
vn 0.5080 -0.7866 -0.3511
vn 0.5014 0.7342 -0.4578
vn -0.6529 -0.6322 -0.4173
vn -0.9123 -0.1875 -0.3642
vn -0.2321 0.9727 0.0044
vn 0.3220 0.8999 0.2941
vn -0.3770 0.9212 -0.0961
vn -0.8649 -0.3073 -0.3969
vn -0.9175 -0.3917 0.0697
vn 0.0873 0.6293 0.7722
vn -0.2913 -0.9228 -0.2522
vn -0.4483 0.8925 -0.0491
vn 0.2536 0.9623 -0.0986
vn -0.6800 0.7323 0.0367
vn -0.1162 0.9930 -0.0219
vn -0.0976 0.8602 -0.5005
vn 0.4419 0.8532 0.2770
vn -0.5257 0.5578 0.6422
vn 0.8750 -0.2967 0.3827
vn 0.7087 -0.5266 0.4696
vn -0.1275 -0.6929 -0.7097
vn 0.5083 -0.1577 -0.8466
vn 0.8514 -0.2702 -0.4495
vn -0.8187 0.0831 -0.5681
vn 0.5429 0.7116 -0.4460
vn -0.3126 -0.9460 -0.0862
vn 0.4036 0.9110 0.0847
vn -0.2339 0.9712 0.0452
vn 0.3529 -0.2287 -0.9073
vn -0.6596 0.7460 -0.0913
vn -0.8187 0.0828 -0.5682
vn 0.3137 0.9068 0.2816
vn -0.0290 0.7737 -0.6328
vn 0.6768 -0.2154 -0.7040
vn -0.0802 0.9838 -0.1604
vn 0.0724 0.9967 -0.0371
vn -0.9350 -0.3487 -0.0641
vn -0.2773 0.5790 0.7667
vn -0.5809 0.7236 0.3728
vn 0.3280 0.7298 -0.5998
vn -0.0112 0.0874 -0.9961
vn -0.9226 0.3686 -0.1141
vn -0.1096 0.7590 0.6417
vn 0.8929 -0.2320 -0.3859
vn 0.6410 0.5604 0.5245
vn 0.0289 -0.7918 -0.6101
vn 0.9648 0.1942 -0.1771
vn 0.5562 -0.5741 0.6009
vn -0.4592 -0.6538 -0.6014
vn -0.0569 0.7695 -0.6361
vn 0.4753 -0.2301 -0.8492
vn 0.6750 -0.3728 -0.6367
vn 0.1769 0.8863 0.4279
vn -0.5116 -0.7531 0.4137
vn -0.9561 -0.2868 -0.0596
vn 0.6024 0.7327 -0.3168
vn 0.5907 0.2956 0.7508
vn 0.2406 0.7282 -0.6417
vn 0.7062 0.6917 0.1512
vn -0.2754 0.9281 -0.2504
vn -0.7980 -0.6013 0.0410
vn -0.2149 -0.7950 0.5672
vn 0.4531 0.1074 -0.8849
vn -0.7324 -0.6776 -0.0665
vn 0.4870 0.8379 0.2464
vn -0.5600 0.8280 -0.0265
vn -0.9501 0.3032 0.0738
vn 0.5133 0.5484 0.6601
vn -0.0285 0.9961 -0.0839
vn -0.5382 -0.0284 0.8423
vn 0.7512 -0.2882 0.5938
vn 0.5618 -0.4977 0.6608
vn 0.9475 0.0897 -0.3069
vn 0.2020 0.9763 -0.0776
vn -0.7596 -0.6438 -0.0922
vn -0.5062 0.7743 0.3797
vn -0.8685 0.2625 0.4204
vn 0.0388 0.9695 0.2420
vn -0.8078 -0.4153 -0.4184
vn 0.7887 -0.4699 0.3963
vn 0.5042 0.5164 -0.6921
vn 0.7812 -0.6242 -0.0040
vn -0.6101 0.7095 -0.3527
vn -0.0665 -0.5075 0.8591
vn -0.4272 -0.0032 0.9042
vn 0.9706 -0.2290 0.0738
vn 0.3624 0.7593 0.5405
vn -0.7477 -0.5662 -0.3469
vn -0.0714 0.2271 -0.9713
vn 0.0178 -0.9399 -0.3410
vn 0.1078 0.9889 0.1027
vn -0.5922 0.7967 0.1208
vn 0.3585 0.7297 -0.5822
vn -0.1723 0.6981 -0.6949
vn 0.1365 0.8726 0.4690
vn -0.5746 0.7154 0.3976
vn -0.1853 -0.6852 -0.7044
vn 0.7726 0.6302 0.0776
vn 0.2492 0.0419 -0.9676
vn -0.4841 0.7290 0.4840
vn -0.9951 0.0596 0.0785
vn -0.1295 0.9916 0.0020
vn -0.1402 0.9899 -0.0206
vn -0.5292 0.8263 -0.1929
vn -0.4061 0.5986 -0.6905
vn 0.7062 -0.1283 0.6963
vn -0.5895 0.5414 -0.5995
vn 0.0113 -0.5450 -0.8383
vn 0.3622 0.8976 0.2512
vn -0.6037 0.3053 -0.7364
vn -0.1836 0.8268 -0.5316
vn 0.1309 0.9914 -0.0086
vn -0.6796 0.6492 0.3415
vn -0.7802 0.3751 -0.5006
vn 0.6036 -0.2525 -0.7562
vn -0.5427 -0.2677 -0.7961
vn -0.1830 0.9334 -0.3087
vn 0.2371 0.1223 -0.9638
vn 0.0647 -0.5383 -0.8403
vn 0.9128 -0.1141 0.3920
vn 0.7353 -0.4424 -0.5135
vn 0.0034 0.7971 0.6039
vn -0.2806 0.7593 0.5871
vn -0.3242 0.0932 -0.9414
vn -0.2528 0.8268 -0.5024
vn 0.3457 0.4959 -0.7966
vn -0.8660 -0.2794 -0.4147
vn -0.1782 -0.2911 -0.9399
vn 0.2663 -0.8905 -0.3689
vn -0.2213 0.9645 -0.1444
vn -0.2255 -0.5282 -0.8186
vn -0.5040 0.6990 -0.5073
vn -0.4387 0.5715 0.6935
vn 0.7256 -0.3365 -0.6002
vn 0.0289 -0.9960 -0.0846
vn 0.8407 0.3124 -0.4424
vn -0.6138 0.4869 -0.6214
vn 0.2219 0.9714 -0.0843
vn 0.9044 -0.2690 0.3311
vn -0.9800 0.1988 0.0069
vn -0.6761 0.6940 -0.2476
vn -0.7424 -0.3451 -0.5743
vn -0.8543 -0.5102 -0.0998
vn 0.9248 0.0073 0.3803
vn -0.7714 -0.2036 0.6028
vn -0.4720 0.6813 -0.5596
vn -0.1783 0.9724 -0.1504
vn 0.1681 0.9691 0.1807
vn 0.9920 -0.0998 -0.0778
vn -0.8142 0.4611 0.3528
vn -0.6431 0.4481 -0.6210
vn 0.1368 0.9792 -0.1499
vn 0.2121 0.8722 0.4407
vn -0.1195 0.8721 0.4745
vn 0.5666 0.4566 0.6859
vn -0.3790 0.9254 -0.0081
vn 0.5483 -0.5017 -0.6691
vn -0.5101 0.4278 -0.7462
vn 0.3754 0.7985 -0.4705
vn 0.5916 0.0838 -0.8018
vn -0.7068 -0.3361 -0.6224
vn -0.5576 -0.8106 -0.1788
vn -0.1578 0.7996 0.5794
vn -0.5925 0.7965 0.1203
vn -0.2803 0.7594 0.5871
vn 0.4469 0.6383 0.6267
vn 0.9185 -0.0681 0.3895
vn -0.3785 0.6745 -0.6338
vn 0.2220 0.1114 -0.9687
vn 0.0859 0.8749 -0.4766
vn -0.5018 0.3813 -0.7764
vn 0.4210 0.9030 -0.0853
vn -0.2473 0.8257 0.5070
vn 0.5014 0.6266 0.5966
vn -0.3777 -0.8803 0.2869
vn -0.2074 0.3539 -0.9120
vn -0.0189 0.4076 -0.9130
vn 0.4716 0.0625 -0.8796
vn 0.2779 0.9602 -0.0296
vn 0.5442 0.2791 0.7912
vn 0.0051 0.5663 -0.8242
vn -0.5279 0.8384 -0.1354
vn -0.1714 0.5889 -0.7898
vn -0.1409 0.5950 -0.7912
vn -0.1716 0.9761 -0.1334
vn 0.7544 0.6332 0.1728
vn -0.0820 0.4829 -0.8718
vn -0.1007 0.9201 0.3785
vn 0.1762 -0.4461 -0.8775
vn 0.6771 -0.5847 -0.4468
vn -0.7669 -0.5748 -0.2855
vn -0.5881 -0.4052 -0.6999
vn 0.2194 -0.2005 -0.9548
vn -0.7827 -0.5561 -0.2797
vn -0.3116 0.9259 -0.2136
vn -0.7404 0.3408 -0.5794
vn -0.5486 0.1525 0.8221
vn -0.3959 0.4846 -0.7800
vn 0.0463 0.6466 0.7614
vn -0.7105 -0.4696 0.5242
vn 0.3694 0.4984 0.7843
vn 0.9846 -0.1747 0.0096
vn 0.4649 -0.7259 0.5068
vn -0.6285 0.7083 0.3213
vn 0.3694 -0.9218 -0.1172
vn -0.2073 0.3540 -0.9120
vn -0.6697 0.4502 -0.5906
vn 0.4468 0.7468 0.4926
vn 0.1077 0.9941 0.0148
vn 0.2070 0.9736 -0.0958
vn -0.2923 0.9369 0.1915
vn -0.3372 -0.0442 0.9404
vn 0.5813 0.3609 0.7293
vn 0.2149 0.3785 0.9003
vn 0.2535 0.7522 0.6082
vn -0.4694 0.2639 0.8426
vn 0.1273 0.9916 0.0244
vn -0.8098 -0.3479 -0.4724
vn 0.1611 -0.6254 -0.7635
vn 0.5362 0.3341 -0.7751
vn 0.8633 -0.4572 -0.2138
vn 0.4251 0.0214 0.9049
vn 0.2081 -0.6603 0.7216
vn 0.0113 -0.5451 -0.8383
vn -0.2072 0.3539 -0.9121
vn 0.4250 0.0213 0.9049
vn 0.0112 -0.5448 -0.8385
vn 0.1116 0.9839 0.1394
vn 0.6401 -0.5107 0.5740
vn 0.8606 -0.3363 -0.3825
vn -0.8166 0.1522 -0.5567
vn 0.6952 0.6816 0.2283
vn -0.5999 0.5330 0.5967
vn 0.3078 -0.4350 0.8462
vn 0.1666 0.8719 0.4605
vn -0.7590 -0.2404 0.6051
vn 0.7366 -0.5491 -0.3949
vn 0.2177 0.8931 -0.3937
vn -0.1208 0.9925 0.0168
vn 0.5529 0.5544 0.6221
vn 0.7960 0.2331 0.5586
vn -0.0849 0.9905 -0.1080
vn 0.2542 0.7917 0.5555
vn 0.4644 -0.4828 0.7425
vn -0.9920 0.1260 -0.0077
vn 0.4265 0.8390 -0.3380
vn 0.7678 -0.6401 -0.0278
vn 0.2831 0.8874 -0.3638
vn -0.6978 0.4224 0.5785
vn 0.2079 -0.6604 0.7216
vn -0.6011 -0.7519 0.2707
vn 0.1688 0.4448 -0.8796
vn 0.0245 0.9519 -0.3055
vn 0.4456 0.8952 -0.0028
vn -0.1204 0.8556 -0.5035
vn 0.1972 0.2406 0.9504
vn -0.3796 0.8962 -0.2295
vn -0.6979 0.4227 0.5782
vn 0.4254 0.0210 0.9048
vn 0.0112 -0.5449 -0.8384
vn -0.2530 0.3367 0.9070
vn -0.3214 0.8739 0.3646
vn 0.5468 0.3427 0.7639
vn -0.5599 0.7320 0.3883
vn 0.1035 -0.8030 -0.5869
vn -0.0762 0.8691 0.4887
vn 0.8260 0.5620 0.0438
vn -0.4497 0.7050 0.5484
vn 0.3605 -0.3323 0.8716
vn -0.2320 0.8552 0.4634
vn -0.8019 0.4436 0.4002
vn 0.3311 -0.9433 0.0239
vn -0.2708 0.2865 0.9190
vn 0.6400 -0.5107 0.5742
vn 0.6402 -0.5105 0.5740
vn -0.4912 -0.5586 0.6683
vn -0.5193 0.5094 0.6861
vn -0.3329 0.3510 0.8752
vn -0.3974 0.5340 0.7462
vn 0.1742 -0.4865 0.8561
vn -0.7456 -0.4926 0.4488
vn -0.7914 0.6108 0.0237
vn 0.9918 -0.0730 -0.1045
vn 0.0113 -0.5447 -0.8385
vn -0.6980 0.4224 0.5782
vn 0.2078 -0.6604 0.7216
vn 0.4263 0.7594 -0.4915
vn -0.0098 -0.9575 -0.2882
vn 0.5835 0.3495 0.7330
vn 0.6917 0.7216 -0.0279
vn -0.0663 0.9413 0.3311
vn -0.8129 -0.2152 0.5412
vn 0.5700 0.7158 -0.4034
vn 0.9411 0.2649 0.2101
vn -0.5570 0.7448 0.3673
vn -0.6899 0.6640 0.2883
vn -0.6367 0.6423 0.4267
vn -0.6106 -0.4320 0.6638
vn -0.2380 -0.5510 0.7999
vn -0.5766 -0.2249 0.7854
vn 0.9474 -0.2531 0.1957
vn 0.1602 0.8344 -0.5274
vn -0.0553 -0.0870 0.9947
vn 0.4549 -0.1336 0.8805
vn 0.4138 0.4012 0.8172
vn 0.4346 0.6617 0.6110
vn 0.8003 0.5986 0.0337
vn 0.6727 -0.6866 0.2759
vn -0.5481 0.7985 0.2488
vn 0.1487 0.9633 -0.2237
vn 0.9589 0.1422 -0.2455
vn 0.3575 0.9167 0.1785
vn 0.3507 -0.7069 0.6142
vn 0.3996 -0.5879 0.7033
vn -0.2572 0.0284 0.9660
vn 0.5379 -0.8014 0.2614
vn -0.5019 0.3313 0.7989
vn -0.5424 -0.4855 -0.6856
vn 0.4627 -0.7689 0.4413
vn 0.8685 -0.4913 0.0654
vn 0.4328 0.8120 -0.3915
vn 0.5823 -0.2749 0.7650
vn 0.0202 0.8967 0.4423
vn 0.5753 0.8081 0.1262
vn 0.1214 0.7737 -0.6218
vn -0.1582 0.9103 -0.3826
vn -0.4913 0.6574 0.5713
vn 0.7331 -0.4743 -0.4874
vn 0.5448 -0.4237 0.7236
vn -0.3797 -0.8356 0.3970
vn -0.2391 -0.6001 0.7634
vn -0.3579 -0.8756 0.3245
vn 0.4999 -0.5293 0.6855
vn -0.1323 0.8928 0.4306
vn 0.2639 -0.7881 0.5561
vn 0.9756 -0.2095 0.0654
vn 0.8086 0.5144 -0.2856
vn 0.7422 0.1583 -0.6512
vn -0.3863 0.9177 0.0923
vn 0.5274 0.3370 0.7799
vn -0.0924 -0.3848 0.9184
vn -0.3692 -0.1269 0.9206
vn -0.8214 -0.4454 -0.3564
vn 0.7083 -0.1303 0.6938
vn 0.4089 0.4229 -0.8087
vn -0.6346 -0.0221 0.7725
vn -0.6266 -0.7527 -0.2021
vn -0.6311 -0.7739 0.0520
vn -0.0826 0.4761 -0.8755
vn 0.5504 0.6036 -0.5768
vn -0.2845 -0.7896 -0.5437
vn -0.8721 -0.3923 -0.2925
vn -0.5837 0.5872 -0.5607
vn -0.6632 0.1240 -0.7381
vn 0.1838 0.5978 -0.7803
vn 0.0131 0.9296 -0.3683
vn 0.0303 0.8143 -0.5796
vn -0.9851 -0.1284 0.1145
vn -0.4876 0.7542 0.4398
vn -0.3041 0.9393 -0.1589
vn 0.5578 0.8271 -0.0686
vn -0.1261 0.8327 -0.5391
vn -0.3222 0.9273 0.1903
vn 0.5595 0.7074 -0.4319
vn -0.5251 0.8383 0.1468
vn -0.6315 0.7585 0.1608
vn -0.8745 0.4293 0.2258
vn 0.4531 -0.0709 -0.8886
vn -0.5731 0.0293 -0.8190
vn -0.9027 0.3327 -0.2728
vn -0.2114 -0.0500 0.9761
vn 0.9923 0.0601 -0.1081
vn 0.3724 0.2191 0.9018
vn -0.5971 -0.2436 -0.7643
vn 0.3629 0.7901 0.4940
vn 0.4457 0.2101 -0.8702
vn -0.0749 -0.7338 0.6752
vn 0.9981 -0.0054 -0.0606
vn -0.2891 -0.6950 0.6583
vn 0.5196 -0.8476 -0.1076
vn 0.0462 0.9719 0.2309
vn 0.9984 0.0513 -0.0217
vn 0.6159 0.7684 -0.1737
vn -0.9199 -0.3844 0.0770
vn -0.1605 -0.1972 -0.9671
vn -0.3501 0.7762 -0.5243
vn 0.1347 0.8554 -0.5001
vn -0.9185 -0.1318 0.3728
vn -0.2630 0.8743 -0.4079
vn -0.2688 0.9313 -0.2459
vn -0.3352 -0.9419 -0.0222
vn -0.1731 0.9620 -0.2112
vn -0.7278 -0.3125 -0.6105
vn 0.0576 0.7349 -0.6758
vn -0.1762 0.7498 -0.6378
vn -0.9214 0.2788 0.2709
vn 0.2847 0.9343 -0.2144
vn 0.7150 0.1704 -0.6780
vn -0.0716 0.9055 -0.4183
vn 0.0234 0.9307 -0.3649
vn -0.1047 0.9812 0.1622
vn -0.0033 -0.9269 0.3754
vn 0.4014 0.7638 -0.5055
vn -0.7537 0.3925 -0.5270
vn 0.8129 -0.5722 -0.1086
vn -0.9143 0.3502 -0.2035
vn 0.0302 0.8145 -0.5793
vn 0.3514 0.9139 -0.2032
vn 0.0500 0.7263 0.6856
vn 0.3512 0.9140 -0.2032
vn -0.8745 0.4292 0.2259
vn 0.0302 0.8145 -0.5794
vn 0.0033 0.0666 -0.9978
vn -0.6694 -0.2551 -0.6977
vn 0.6661 0.7006 0.2558
vn -0.3666 0.8111 -0.4558
vn -0.0343 -0.4883 -0.8720
vn 0.6891 0.6984 0.1932
vn -0.5302 -0.8435 -0.0861
vn -0.6140 0.7803 0.1186
vn -0.8932 0.0877 -0.4411
vn 0.2149 -0.5143 0.8303
vn 0.1193 0.6616 0.7403
vn 0.6114 0.4971 -0.6156
vn 0.7438 0.6532 -0.1418
vn 0.2886 -0.2043 -0.9354
vn -0.2892 0.8109 -0.5088
vn 0.7412 0.6502 0.1672
vn 0.6754 0.1081 -0.7294
vn 0.4032 0.1578 0.9014
vn -0.7119 -0.5812 -0.3941
vn 0.2276 0.9658 -0.1238
vn -0.7710 -0.0233 -0.6364
vn -0.5207 -0.0986 -0.8480
vn 0.9747 0.1176 0.1900
vn 0.4689 0.8752 0.1187
vn -0.9426 0.0212 -0.3333
vn 0.7574 -0.2643 0.5970
vn 0.9642 0.2404 -0.1116
vn -0.2798 0.8356 0.4727
vn -0.8201 0.0984 0.5636
vn 0.5428 0.8320 -0.1147
vn -0.9348 -0.2580 -0.2440
vn 0.6462 0.5709 0.5064
vn 0.5526 0.7983 -0.2395
vn -0.1337 0.9481 0.2884
vn -0.7365 0.6368 0.2282
vn 0.6765 -0.5581 0.4805
vn -0.9568 -0.2900 0.0221
vn -0.6243 0.7415 -0.2456
vn 0.6734 0.2149 0.7074
vn 0.6159 0.7684 -0.1738
vn 0.3883 0.8375 0.3844
vn -0.6264 -0.7527 -0.2025
vn 0.5113 -0.8531 -0.1037
vn 0.6160 0.7683 -0.1740
vn -0.7130 0.3846 0.5863
vn -0.6266 -0.7526 -0.2023
vn -0.7132 0.3843 0.5863
vn -0.8811 -0.3859 -0.2733
vn 0.1226 0.9780 -0.1686
vn -0.3456 0.9195 0.1874
vn 0.3002 -0.4466 -0.8429
vn -0.0084 0.9583 -0.2855
vn -0.9568 -0.2845 -0.0598
vn 0.3875 -0.7846 0.4840
vn -0.4242 -0.8857 0.1885
vn 0.8145 -0.4501 -0.3661
vn -0.2053 0.9653 -0.1616
vn -0.0286 0.7028 0.7109
vn -0.4028 0.8967 -0.1837
vn 0.0943 -0.2710 0.9579
vn 0.2366 -0.7298 0.6414
vn 0.3886 0.8375 0.3842
vn -0.1087 -0.9922 -0.0615
vn 0.2610 0.9644 -0.0420
vn -0.2782 0.9506 0.1379
vn -0.7481 0.5260 0.4046
vn 0.4228 0.9061 0.0129
vn -0.8179 -0.4795 0.3179
vn 0.8719 0.4760 -0.1151
vn -0.4102 -0.3187 0.8545
vn -0.6166 -0.3661 -0.6970
vn -0.1729 -0.9337 -0.3136
vn 0.3578 -0.2248 -0.9063
vn -0.6723 -0.3757 0.6379
vn -0.1435 0.9855 0.0910
vn 0.0434 0.9638 -0.2632
vn 0.7749 0.4211 0.4715
vn -0.2566 -0.9615 0.0979
vn -0.0448 -0.9276 0.3709
vn -0.0071 0.9674 0.2530
vn -0.2938 0.9229 -0.2488
vn -0.6835 -0.5099 0.5224
vn 0.0730 0.9566 0.2822
vn -0.8004 -0.5958 -0.0658
vn -0.0598 0.6312 0.7733
vn -0.4214 0.9060 0.0399
vn 0.2050 -0.5806 -0.7880
vn 0.3219 0.1339 -0.9373
vn -0.0340 -0.4881 -0.8721
vn -0.1050 0.9812 0.1621
vn 0.8718 0.4761 -0.1155
vn 0.5448 0.3853 0.7449
vn 0.0090 -0.1114 0.9937
vn 0.1370 0.8254 0.5477
vn 0.1577 0.6373 0.7543
vn 0.5189 -0.6848 -0.5117
vn -0.5366 0.2420 0.8084
vn 0.2548 0.9293 0.2674
vn 0.5102 0.7287 0.4568
vn -0.8254 0.2149 0.5221
vn 0.6010 -0.2844 -0.7470
vn 0.2951 0.8800 -0.3721
vn 0.9137 0.3620 0.1844
vn 0.8302 -0.2653 0.4902
vn -0.0428 0.9991 0.0048
vn -0.1503 0.9457 -0.2882
vn 0.9103 -0.1574 0.3829
vn 0.5421 -0.7879 0.2922
vn 0.8515 0.4867 0.1953
vn 0.7286 -0.6820 -0.0628
vn 0.2162 0.9647 -0.1506
vn -0.0124 0.9092 0.4161
vn 0.0927 0.9432 -0.3190
vn 0.2084 0.9609 -0.1822
vn 0.3121 0.8358 0.4517
vn -0.0848 0.9964 -0.0047
vn 0.9070 -0.4195 -0.0382
vn -0.1625 -0.8355 -0.5250
vn -0.0858 0.7673 -0.6355
vn 0.7978 0.3338 -0.5021
vn -0.9655 0.2244 0.1321
vn -0.6265 -0.1381 0.7671
vn -0.6319 0.7630 0.1357
vn -0.8377 0.3751 0.3971
vn -0.2251 0.8622 0.4537
vn 0.2763 0.9455 -0.1726
vn -0.7814 -0.3700 0.5026
vn -0.5091 0.8458 -0.1592
vn -0.9524 0.0531 -0.3001
vn 0.1554 0.9670 0.2021
vn -0.1181 0.9884 0.0952
vn -0.6247 -0.7801 0.0357
vn -0.5560 0.3909 0.7335
vn 0.7150 0.6586 0.2344
vn -0.0829 -0.3984 -0.9135
vn 0.0608 0.9822 -0.1780
vn 0.4394 -0.5862 0.6807
vn -0.4245 -0.9054 -0.0057
vn 0.0377 -0.0749 0.9965
vn -0.4776 0.3129 0.8209
vn 0.4588 -0.1329 -0.8786
vn 0.4390 -0.6803 0.5869
vn 0.0948 -0.9778 0.1868
vn 0.2505 -0.9476 0.1981
vn -0.2011 0.8566 0.4752
vn -0.1174 -0.9797 0.1625
vn -0.1337 -0.9828 0.1275
vn 0.1944 0.9757 -0.1009
vn -0.4573 0.7651 0.4534
vn -0.7039 -0.3756 0.6029
vn -0.6099 0.3433 0.7143
vn 0.2549 0.4311 -0.8656
vn -0.2446 -0.8410 -0.4825
vn -0.5336 -0.7076 0.4632
vn 0.6723 -0.0694 0.7370
vn 0.4467 -0.8615 0.2415
vn 0.4061 0.3004 -0.8630
vn 0.6657 0.7357 -0.1248
vn 0.3509 -0.5662 -0.7459
vn 0.6832 0.7052 -0.1895
vn -0.4215 -0.0318 0.9063
vn 0.0021 0.9049 -0.4255
vn 0.3153 -0.3913 -0.8646
vn 0.8579 -0.4994 -0.1209
vn -0.4694 -0.7156 -0.5172
vn -0.3263 -0.4911 -0.8077
vn -0.0151 -0.9896 0.1431
vn 0.6531 -0.4481 0.6104
vn -0.4375 0.0567 -0.8974
vn 0.3249 0.9382 0.1196
vn 0.1485 0.9871 0.0605
vn -0.4334 -0.8779 0.2034
vn -0.4005 0.7565 -0.5170
vn -0.8859 0.1508 -0.4388
vn 0.8599 0.1253 -0.4949
vn -0.6157 -0.2563 -0.7451
vn 0.1880 0.6260 -0.7568
vn 0.4227 0.8377 0.3458
vn -0.1953 -0.9799 -0.0410
vn 0.7659 -0.2640 0.5862
vn 0.0898 0.8484 -0.5217
vn 0.2324 0.7860 -0.5729
vn 0.2439 -0.5321 0.8108
vn -0.5709 0.7263 -0.3829
vn 0.8752 -0.4143 -0.2497
vn -0.8264 0.5623 0.0299
vn -0.3341 0.3013 0.8931
vn 0.0004 0.9999 -0.0104
vn -0.2235 0.9740 0.0360
vn 0.1786 0.9778 -0.1095
vn 0.2198 0.0404 0.9747
vn 0.4786 -0.2189 0.8503
vn 0.4435 0.8939 0.0656
vn 0.3319 -0.9224 0.1978
vn -0.3432 0.6073 -0.7165
vn 0.7041 0.6132 -0.3581
vn -0.1406 -0.9831 0.1176
vn -0.5973 0.8018 0.0197
vn 0.7207 -0.3409 0.6036
vn -0.6023 -0.3796 0.7022
vn -0.7734 -0.4613 -0.4349
vn 0.3460 0.8368 0.4244
vn -0.6278 0.5843 -0.5143
vn -0.2799 -0.9469 0.1585
vn 0.2996 -0.8500 0.4332
vn -0.8046 -0.5785 0.1341
vn 0.3682 0.9005 -0.2312
vn -0.3338 -0.8937 -0.2998
vn 0.7041 0.6336 -0.3207
vn 0.3760 0.8617 -0.3409
vn 0.1470 0.9864 -0.0729
vn -0.9901 -0.0812 -0.1144
vn -0.9792 -0.2026 0.0085
vn 0.4052 -0.9088 0.0998
vn 0.2379 0.9530 0.1874
vn -0.0577 0.9978 0.0334
vn -0.1162 0.8367 -0.5351
vn -0.2741 0.0698 0.9592
vn 0.0729 -0.9485 -0.3083
vn 0.4134 0.7281 -0.5469
vn 0.5374 0.4673 -0.7021
vn 0.2860 0.6382 -0.7148
vn 0.6310 0.6272 -0.4565
vn -0.9681 -0.1174 -0.2214
vn 0.0636 0.8505 -0.5221
vn -0.0341 -0.2213 0.9746
vn -0.0176 -0.8066 0.5908
vn 0.7318 -0.6322 0.2547
vn -0.2467 0.9673 -0.0595
vn 0.7305 0.6791 0.0724
vn 0.3829 0.7444 -0.5470
vn 0.1915 -0.7759 0.6011
vn 0.7406 0.3408 0.5791
vn 0.3025 0.9224 0.2403
vn 0.0626 0.1433 0.9877
vn 0.5186 0.8482 -0.1076
vn 0.8720 0.4150 0.2597
vn -0.3602 0.8943 0.2654
vn -0.1109 0.8252 0.5538
vn -0.2253 -0.2918 0.9296
vn -0.2305 -0.0445 0.9721
vn -0.1411 -0.4143 0.8991
vn 0.6862 0.7271 -0.0199
vn 0.7691 -0.0829 0.6337
vn -0.8159 0.1189 0.5658
vn -0.9880 0.0831 -0.1304
vn -0.7430 -0.5462 0.3869
vn -0.2680 0.7742 -0.5734
vn 0.1788 0.9830 0.0419
vn -0.5907 -0.6966 0.4072
vn 0.6531 0.7307 0.1989
vn -0.5895 -0.3097 0.7461
vn 0.8228 0.5437 0.1655
vn 0.4899 0.7741 0.4008
vn -0.1221 0.9683 0.2181
vn -0.2492 0.1888 0.9499
vn 0.7737 0.6188 0.1356
vn 0.8284 -0.4609 0.3182
vn -0.5109 0.8426 -0.1704
vn -0.2246 -0.6576 0.7191
vn 0.6376 0.7018 0.3177
vn -0.8453 -0.4787 0.2374
vn 0.1766 0.9495 0.2592
vn -0.0921 -0.6597 0.7458
vn -0.6780 -0.7255 0.1179
vn 0.4947 0.0031 0.8691
vn 0.2230 0.7149 0.6627
vn 0.5072 0.7741 0.3787
vn -0.7512 -0.5441 0.3737
vn 0.1323 0.9601 -0.2463
vn 0.0051 0.6206 0.7841
vn -0.0765 -0.9287 0.3629
vn -0.9070 -0.3091 0.2861
vn 0.0315 -0.7137 0.6998
vn -0.5552 0.5390 0.6335
vn -0.7930 -0.1434 0.5921
vn 0.2985 -0.6620 0.6875
vn 0.6841 0.6377 0.3542
vn 0.5918 -0.7945 0.1364
vn 0.9049 0.2076 0.3716
vn 0.3907 0.8173 0.4236
vn 0.2127 -0.6165 0.7580
vn -0.7880 -0.3054 0.5346
vn -0.5025 0.0313 0.8640
vn 0.3849 0.7856 0.4845
vn 0.1472 -0.6829 -0.7155
vn -0.5118 0.8348 -0.2027
vn -0.0590 0.7965 0.6017
vn 0.0927 -0.8944 -0.4376
vn -0.6368 -0.2805 -0.7182
vn 0.6349 -0.2204 0.7405
vn -0.8243 -0.2334 0.5157
vn 0.1430 0.9637 0.2255
vn 0.0711 -0.8074 0.5857
vn -0.5793 -0.6736 0.4589
vn -0.9955 -0.0945 -0.0111
vn 0.6424 -0.0206 -0.7661
vn -0.3734 -0.9042 -0.2072
vn 0.4015 0.8613 0.3114
vn -0.3362 0.9308 0.1432
vn 0.4643 0.6085 0.6435
vn -0.6368 -0.2802 -0.7183
vn -0.9036 0.3098 -0.2958
vn 0.3861 0.2545 -0.8866
vn -0.4354 -0.5109 -0.7412
vn 0.7657 -0.3208 -0.5576
vn -0.4203 0.7921 -0.4426
vn -0.1284 0.7412 0.6588
vn 0.1644 0.9448 0.2834
vn -0.9955 -0.0942 -0.0113
vn -0.2251 -0.6293 -0.7438
vn 0.3933 -0.7522 0.5286
vn -0.7513 0.6200 -0.2263
vn 0.2881 0.9233 -0.2540
vn 0.9237 -0.3823 0.0265
vn -0.4354 -0.5111 -0.7410
vn -0.9955 -0.0945 -0.0113
vn 0.6422 -0.0211 -0.7662
vn 0.3321 0.9399 0.0799
vn -0.9116 -0.4110 -0.0082
vn 0.2939 -0.4579 0.8390
vn -0.6398 0.7528 -0.1544
vn 0.2930 -0.4579 0.8393
vn 0.1235 -0.1462 0.9815
vn 0.9714 0.2261 0.0729
vn -0.3168 0.8335 -0.4526
vn -0.8226 0.5482 0.1511
vn 0.2116 0.9763 -0.0449
vn -0.0304 -0.3900 0.9203
vn -0.3146 0.2315 0.9205
vn -0.3975 -0.5557 0.7302
vn 0.3241 0.9048 -0.2762
vn 0.4016 0.8613 0.3113
vn -0.4093 -0.8510 0.3289
vn 0.1232 -0.1465 0.9815
vn 0.7414 0.5393 -0.3993
vn 0.1044 -0.8145 -0.5707
vn -0.4512 0.8561 0.2521
vn 0.3818 0.9233 0.0423
vn -0.5461 -0.6423 -0.5377
vn 0.7256 -0.6059 -0.3261
vn 0.2646 -0.2500 -0.9314
vn -0.8670 0.4167 -0.2732
vn 0.4765 0.8784 -0.0371
vn -0.2618 -0.6087 -0.7489
vn -0.5522 0.6828 0.4783
vn 0.4446 0.8499 -0.2828
vn 0.4229 0.8206 0.3845
vn 0.8378 -0.4287 0.3381
vn -0.7493 -0.3552 -0.5589
vn -0.9440 0.2237 0.2423
vn -0.0469 -0.1537 -0.9870
vn 0.2733 0.8841 0.3791
vn 0.8494 0.5144 0.1182
vn -0.1428 0.8580 0.4934
vn -0.9287 0.2944 -0.2256
vn -0.0222 0.7401 0.6721
vn -0.5388 -0.0514 -0.8408
vn -0.2022 0.9631 0.1777
vn -0.0105 -0.3400 -0.9404
vn 0.2554 0.5529 -0.7932
vn 0.9697 0.1601 -0.1847
vn -0.0623 0.9948 -0.0799
vn 0.9026 0.4290 0.0356
vn -0.4049 -0.2725 -0.8728
vn 0.4263 0.7113 0.5589
vn 0.3942 0.2337 -0.8888
vn -0.5502 -0.4645 -0.6939
vn -0.6201 -0.7550 -0.2133
vn -0.6200 -0.7550 -0.2135
vn -0.4390 -0.7396 -0.5102
vn 0.3945 0.2339 -0.8886
vn -0.9446 -0.3114 -0.1036
vn -0.5521 0.6336 0.5420
vn 0.4296 -0.7383 -0.5199
vn 0.2253 0.8695 0.4395
vn 0.3044 0.7380 0.6023
vn 0.1473 0.9575 0.2479
vn 0.1781 0.8859 -0.4282
vn 0.5409 -0.8411 -0.0011
vn -0.2540 0.8475 0.4660
vn 0.1205 -0.6161 -0.7784
vn 0.8133 0.3817 -0.4391
vn 0.3802 -0.3632 -0.8506
vn -0.9331 0.3337 -0.1339
vn 0.2949 0.7791 -0.5532
vn 0.2395 0.0325 -0.9703
vn -0.7053 0.1888 -0.6833
vn 0.6728 0.7359 -0.0758
vn 0.2582 0.9069 0.3329
vn -0.9288 -0.3450 -0.1352
vn -0.3749 -0.7057 -0.6011
vn 0.4482 -0.4498 -0.7725
vn -0.0261 0.9995 0.0196
vn 0.0333 0.9341 0.3555
vn 0.8347 0.5484 -0.0509
vn 0.3668 0.8675 0.3359
vn 0.4084 0.8830 -0.2315
vn 0.6994 -0.7120 -0.0619
vn -0.4157 0.3339 -0.8460
vn 0.6781 -0.1867 -0.7109
vn 0.3434 -0.0509 -0.9378
vn 0.8035 0.5840 0.1155
vn 0.2871 0.9435 -0.1654
vn 0.6535 0.6766 0.3393
vn -0.8998 0.4190 -0.1214
vn -0.2983 -0.1207 -0.9468
vn -0.2511 0.1803 -0.9510
vn 0.1021 -0.2028 -0.9739
vn 0.3721 0.1984 -0.9067
vn -0.0900 0.7978 -0.5962
vn 0.9428 0.0137 -0.3330
vn 0.3055 -0.6231 -0.7200
vn -0.5677 0.0039 -0.8232
vn 0.4944 -0.1956 -0.8469
vn 0.4243 0.9026 -0.0731
vn 0.6025 -0.6839 0.4113
vn -0.9096 -0.4142 0.0315
vn 0.9021 -0.3136 0.2965
vn 0.0339 0.9336 0.3566
vn 0.6535 0.6767 0.3392
vn 0.0339 0.9337 0.3566
vn 0.7776 -0.4851 0.3999
vn 0.6609 -0.6779 -0.3221
vn -0.9856 -0.1411 0.0934
vn -0.1596 0.9751 -0.1539
vn -0.2988 0.8424 -0.4484
vn 0.1759 0.9247 0.3375
vn -0.2586 0.7146 0.6500
vn 0.1047 -0.8156 -0.5690
vn 0.6366 -0.4346 -0.6371
vn -0.7920 -0.4295 0.4339
vn -0.9719 0.2356 -0.0037
vn -0.2894 0.8821 -0.3718
vn 0.6507 0.6043 0.4598
vn 0.7649 0.5054 -0.3994
vn 0.4754 0.8797 0.0097
vn -0.0641 0.9979 0.0065
vn 0.7984 0.4882 -0.3524
vn -0.9958 0.0512 -0.0760
vn 0.9933 0.0445 0.1070
vn 0.5506 0.4064 0.7292
vn 0.0339 0.9337 0.3565
vn -0.4122 0.4925 0.7665
vn -0.2893 -0.2859 0.9136
vn -0.5878 0.5469 -0.5962
vn -0.8131 -0.5118 -0.2774
vn 0.4159 0.9011 -0.1231
vn 0.3505 0.6714 0.6530
vn -0.6210 -0.3767 -0.6874
vn 0.2874 0.5672 -0.7718
vn 0.1457 0.9891 -0.0226
vn -0.5673 0.0038 -0.8235
vn 0.4164 0.8581 0.3006
vn -0.9718 0.2358 -0.0039
vn 0.6606 -0.6783 -0.3219
vn -0.1087 -0.8742 0.4733
vn 0.5506 0.4061 0.7293
vn 0.3418 0.9396 0.0177
vn -0.4224 0.8953 -0.1418
vn 0.4966 0.7196 0.4854
vn -0.1757 0.9730 0.1498
vn 0.6575 0.6851 0.3136
vn 0.1009 0.6589 0.7454
vn -0.7991 0.5248 0.2933
vn 0.1326 0.9829 0.1277
vn 0.1016 -0.3628 0.9263
vn 0.3349 -0.8943 0.2967
vn 0.0466 -0.9440 -0.3266
vn -0.6732 -0.1293 0.7281
vn 0.0466 -0.9440 -0.3267
vn -0.0251 0.9874 0.1560
vn 0.0511 0.8683 0.4934
vn 0.7906 0.5350 0.2979
vn -0.2029 -0.4668 0.8608
vn -0.4022 -0.6892 0.6027
vn -0.3242 -0.5188 -0.7910
vn 0.5940 -0.3217 -0.7374
vn -0.7301 0.3365 -0.5947
vn -0.4336 -0.6002 0.6721
vn -0.3901 0.8962 -0.2113
vn 0.4069 0.3351 0.8498
vn 0.0463 -0.9440 -0.3267
vn -0.9958 0.0510 -0.0760
vn 0.0462 -0.9440 -0.3267
vn -0.8672 -0.3708 -0.3325
vn 0.2410 -0.2668 0.9331
vn 0.0491 0.3155 0.9477
vn 0.9344 -0.2512 -0.2525
vn 0.4068 0.3352 0.8498
vn 0.5746 -0.7068 -0.4125
vn -0.8129 -0.5121 -0.2776
vn 0.5741 -0.7072 -0.4127
vn 0.0464 -0.9440 -0.3267
vn 0.5747 -0.7069 -0.4124
vn -0.8703 -0.4639 0.1657
vn 0.0775 0.9819 0.1727
vn -0.2780 0.5979 0.7518
vn -0.2583 0.3342 0.9064
vn 0.3075 -0.5534 0.7741
vn 0.1710 -0.0630 -0.9832
vn -0.4787 0.7732 -0.4160
vn 0.9829 0.1799 0.0381
vn -0.8357 -0.3838 0.3927
vn 0.3656 0.8501 -0.3789
vn -0.8308 -0.5566 -0.0057
vn -0.6921 0.5496 -0.4678
vn 0.9074 -0.4199 -0.0187
vn 0.6938 0.5996 -0.3990
vn -0.2811 0.0534 0.9582
vn 0.9538 0.2314 -0.1917
vn 0.3911 -0.8769 -0.2795
vn 0.7968 -0.6038 0.0226
vn 0.1577 -0.3958 0.9047
vn 0.2968 -0.6004 -0.7426
vn -0.2802 -0.5505 -0.7864
vn 0.6581 -0.1074 -0.7452
vn 0.1043 0.8716 -0.4789
vn 0.4995 0.0103 0.8662
vn -0.2613 -0.7754 0.5749
vn 0.0335 0.9608 -0.2751
vn -0.4122 0.8625 -0.2934
vn -0.0421 0.9805 0.1918
vn -0.4753 0.7367 0.4811
vn -0.7047 -0.0736 0.7057
vn -0.5587 -0.8211 0.1164
vn 0.5979 -0.4205 0.6824
vn -0.5549 0.8268 0.0921
vn -0.7179 0.1272 0.6845
vn -0.3190 0.8655 -0.3863
vn -0.1039 0.6193 0.7783
vn -0.0310 0.8325 0.5531
vn -0.9843 -0.0029 -0.1765
vn 0.9125 -0.3071 -0.2704
vn 0.0465 0.7377 0.6735
vn -0.2977 0.2017 0.9331
vn 0.5926 0.7156 -0.3699
vn 0.6993 -0.7041 0.1233
vn -0.4974 0.8414 -0.2116
vn 0.5557 0.7955 0.2418
vn -0.0786 0.9537 -0.2904
vn -0.5336 -0.8443 -0.0493
vn 0.7496 -0.3467 0.5638
vn 0.0579 0.6489 0.7587
vn -0.8281 -0.2950 0.4767
vn 0.8737 -0.4040 0.2709
vn 0.6515 0.7227 -0.2307
vn -0.6369 0.7637 0.1053
vn -0.2629 0.9431 -0.2037
vn -0.7951 0.5866 -0.1542
vn -0.3779 -0.4295 0.8202
vn -0.8679 0.4220 0.2622
vn 0.4220 -0.8642 0.2739
vn -0.8710 0.2128 0.4429
vn -0.1808 0.2689 0.9461
vn 0.8984 -0.4237 0.1155
vn -0.4472 0.2200 0.8669
vn -0.5753 0.3554 0.7367
vn 0.2201 0.9729 -0.0704
vn 0.1368 0.9451 0.2967
vn 0.7779 -0.0480 0.6266
vn 0.6041 0.4737 -0.6409
vn 0.2694 0.3214 0.9078
vn 0.5946 0.0976 -0.7981
vn 0.9674 0.1652 0.1919
vn -0.0830 0.9820 0.1699
vn 0.6929 0.5002 0.5194
vn 0.7123 0.7012 -0.0319
vn 0.2361 -0.4982 0.8343
vn 0.8652 -0.3025 -0.4000
vn -0.2871 0.9071 -0.3078
vn -0.1771 -0.4793 0.8596
vn 0.2244 -0.7254 0.6508
vn -0.8716 -0.2198 0.4381
vn -0.9096 -0.1545 0.3857
vn -0.3335 0.5912 0.7344
vn -0.9060 -0.2523 0.3399
vn 0.2621 0.9150 -0.3066
vn -0.0662 -0.7789 0.6237
vn 0.5825 -0.2204 0.7824
vn -0.3363 0.9160 -0.2188
vn 0.5731 -0.0764 0.8159
vn 0.8811 -0.0645 -0.4685
vn -0.4115 -0.2681 0.8711
vn -0.3971 0.5633 0.7246
vn -0.1479 -0.7232 0.6746
vn -0.7266 0.2560 0.6376
vn 0.0053 0.9035 -0.4286
vn 0.6159 0.7623 -0.1991
vn 0.4919 0.2944 0.8194
vn 0.4548 0.0702 0.8878
vn 0.1854 -0.4825 0.8560
vn -0.3521 -0.7470 0.5639
vn 0.3092 0.9491 -0.0603
vn 0.0268 0.9476 0.3183
vn -0.1631 0.9233 0.3478
vn -0.5466 -0.1045 0.8308
vn -0.5601 0.8087 0.1797
vn 0.2419 -0.7878 0.5664
vn 0.0141 -0.5819 0.8131
vn -0.1118 -0.3396 0.9339
vn -0.2879 0.4695 0.8347
vn 0.2972 0.0871 0.9508
vn 0.2622 0.9150 -0.3065
vn 0.1043 0.8716 -0.4791
vn 0.6404 0.6691 -0.3772
vn -0.3372 0.4447 0.8298
vn -0.6371 0.0970 0.7647
vn 0.3191 -0.4729 -0.8213
vn -0.8280 -0.5215 -0.2061
vn -0.5124 0.6474 -0.5642
vn 0.1839 0.8859 -0.4259
vn 0.7873 -0.5461 0.2864
vn 0.7653 0.5142 -0.3871
vn -0.5084 0.8516 0.1277
vn 0.3158 0.9399 -0.1295
vn -0.4024 -0.6366 0.6579
vn -0.9402 -0.0104 0.3403
vn 0.9340 -0.3192 0.1607
vn 0.5067 0.8502 0.1428
vn -0.2674 0.8059 0.5282
vn 0.3613 0.4352 0.8247
vn 0.3544 -0.2935 -0.8878
vn -0.6096 0.5874 -0.5323
vn 0.6409 0.0733 -0.7641
vn 0.7079 0.7063 0.0090
vn -0.5966 0.0639 -0.8000
vn 0.6294 -0.2649 -0.7306
vn -0.3083 -0.7668 -0.5630
vn -0.8208 -0.5301 0.2127
vn 0.4397 -0.8707 0.2202
vn 0.7910 -0.5684 0.2265
vn -0.3961 -0.1878 0.8988
vn -0.0910 0.8059 0.5850
vn -0.4821 0.5860 0.6513
vn -0.1063 0.5483 0.8295
vn -0.8368 -0.5092 -0.2012
vn 0.5106 -0.0085 0.8598
vn -0.6278 0.2942 0.7207
vn 0.8250 -0.5408 0.1642
vn -0.0840 0.8649 0.4948
vn 0.0379 -0.2871 0.9571
vt 0.738890 0.955316
vt 0.753744 0.934697
vt 0.753744 0.959014
vt 0.739160 0.961493
vt 0.590655 0.098641
vt 0.619025 0.095900
vt 0.592716 0.107165
vt 0.579886 0.122688
vt 0.772112 0.951231
vt 0.755127 0.937847
vt 0.772112 0.910997
vt 0.624614 0.095468
vt 0.632070 0.109665
vt 0.611303 0.125134
vt 0.224703 0.936777
vt 0.219309 0.964276
vt 0.210943 0.940953
vt 0.629884 0.128802
vt 0.586367 0.140383
vt 0.217155 0.924275
vt 0.371166 0.845873
vt 0.394018 0.838638
vt 0.392542 0.847902
vt 0.656781 0.067074
vt 0.687014 0.061710
vt 0.655867 0.106461
vt 0.806112 0.842575
vt 0.792034 0.821234
vt 0.831697 0.831144
vt 0.673317 0.097864
vt 0.807336 0.779197
vt 0.210943 0.923016
vt 0.980631 0.921586
vt 0.980631 0.882997
vt 0.986690 0.904703
vt 0.803860 0.067755
vt 0.816900 0.074525
vt 0.803860 0.092786
vt 0.401061 0.839408
vt 0.410455 0.849117
vt 0.901140 0.463394
vt 0.914649 0.484572
vt 0.901140 0.549708
vt 0.371166 0.804393
vt 0.822333 0.077164
vt 0.813252 0.089294
vt 0.388654 0.798749
vt 0.931525 0.492096
vt 0.941301 0.486115
vt 0.936984 0.519825
vt 0.639350 0.094740
vt 0.663766 0.002785
vt 0.639350 0.007307
vt 0.638438 0.131394
vt 0.176014 0.949005
vt 0.176014 0.907734
vt 0.180257 0.937432
vt 0.527931 0.809321
vt 0.520010 0.824756
vt 0.518988 0.810942
vt 0.527931 0.790337
vt 0.411745 0.824279
vt 0.607388 0.165730
vt 0.514636 0.822653
vt 0.505104 0.784878
vt 0.939043 0.784195
vt 0.947550 0.773906
vt 0.946570 0.796427
vt 0.179493 0.653998
vt 0.179493 0.718190
vt 0.172449 0.678101
vt 0.503629 0.799842
vt 0.831697 0.789646
vt 0.796027 0.184674
vt 0.794703 0.190140
vt 0.789123 0.188523
vt 0.331257 0.359783
vt 0.325661 0.343697
vt 0.340289 0.338963
vt 0.580766 0.386877
vt 0.590622 0.392163
vt 0.593777 0.418777
vt 0.933819 0.793879
vt 0.937717 0.477398
vt 0.580766 0.365166
vt 0.402980 0.794547
vt 0.348732 0.339722
vt 0.342898 0.352409
vt 0.596298 0.641960
vt 0.577629 0.612506
vt 0.596298 0.595378
vt 0.579886 0.163582
vt 0.557567 0.632013
vt 0.927437 0.467474
vt 0.947550 0.827329
vt 0.599685 0.429446
vt 0.631063 0.404667
vt 0.603944 0.389125
vt 0.780979 0.163516
vt 0.647853 0.000000
vt 0.911499 0.576931
vt 0.916265 0.579003
vt 0.924606 0.598713
vt 0.373902 0.794763
vt 0.592776 0.359278
vt 0.612543 0.575051
vt 0.645631 0.563713
vt 0.628452 0.582647
vt 0.633006 0.166485
vt 0.930550 0.247859
vt 0.915417 0.255358
vt 0.919942 0.241783
vt 0.993422 0.005968
vt 0.988017 0.018885
vt 0.986806 0.000000
vt 0.388774 0.789878
vt 0.941301 0.463394
vt 0.520657 0.722984
vt 0.600033 0.183707
vt 0.566222 0.589278
vt 0.720656 0.550773
vt 0.725375 0.555964
vt 0.703758 0.550104
vt 0.133501 0.957935
vt 0.126060 0.947029
vt 0.131394 0.943372
vt 0.963101 0.340562
vt 0.963728 0.321392
vt 0.973198 0.311430
vt 0.508998 0.958074
vt 0.501457 0.961531
vt 0.499020 0.948407
vt 0.624305 0.392120
vt 0.919857 0.621863
vt 0.356076 0.396065
vt 0.324028 0.372971
vt 0.336515 0.397676
vt 0.534600 0.453006
vt 0.540438 0.462760
vt 0.531444 0.462760
vt 0.601706 0.559455
vt 0.601706 0.471129
vt 0.973198 0.354400
vt 0.375623 0.989733
vt 0.371166 0.967978
vt 0.379497 0.967978
vt 0.988082 0.026792
vt 0.610226 0.355859
vt 0.719678 0.561650
vt 0.792585 0.784861
vt 0.506815 0.759976
vt 0.568187 0.553022
vt 0.920205 0.237961
vt 0.911499 0.646220
vt 0.926376 0.626777
vt 0.654951 0.877646
vt 0.634182 0.912746
vt 0.625280 0.902522
vt 0.228731 0.453585
vt 0.224570 0.441429
vt 0.236077 0.441429
vt 0.325824 0.403704
vt 0.681443 0.026741
vt 0.934887 0.354391
vt 0.934887 0.379786
vt 0.930165 0.374695
vt 0.608140 0.189268
vt 0.725375 0.582290
vt 0.126060 0.977959
vt 0.080059 0.970036
vt 0.076577 0.977087
vt 0.077482 0.950757
vt 0.925977 0.236320
vt 0.024951 0.984046
vt 0.028151 0.989468
vt 0.027016 0.994307
vt 0.986806 0.022914
vt 0.594605 0.355621
vt 0.442386 0.337530
vt 0.452883 0.328752
vt 0.426818 0.375067
vt 0.636756 0.881279
vt 0.596467 0.190322
vt 0.028151 0.977713
vt 0.700740 0.562494
vt 0.708062 0.575537
vt 0.426069 0.359965
vt 0.643841 0.675754
vt 0.628335 0.644950
vt 0.653770 0.652083
vt 0.297268 0.652953
vt 0.297268 0.627291
vt 0.313207 0.634700
vt 0.388936 0.187394
vt 0.392734 0.190963
vt 0.388936 0.192034
vt 0.775491 0.463174
vt 0.794313 0.440688
vt 0.796014 0.448141
vt 0.654951 0.912809
vt 0.974471 0.191085
vt 0.966996 0.161701
vt 0.974471 0.141892
vt 0.363136 0.379654
vt 0.540988 0.608893
vt 0.989483 0.305219
vt 0.983856 0.272428
vt 0.989483 0.269067
vt 0.499020 0.978632
vt 0.924549 0.882997
vt 0.942341 0.896218
vt 0.924549 0.928060
vt 0.323473 0.653026
vt 0.800740 0.143520
vt 0.935093 0.220606
vt 0.591713 0.345971
vt 0.911550 0.226246
vt 0.911550 0.242773
vt 0.507465 0.973108
vt 0.805347 0.427320
vt 0.069542 0.970689
vt 0.069542 0.948867
vt 0.489313 0.306029
vt 0.469032 0.310170
vt 0.470397 0.306444
vt 0.725269 0.327276
vt 0.725269 0.291036
vt 0.732597 0.323485
vt 0.775514 0.435104
vt 0.000342 0.350636
vt 0.000000 0.342769
vt 0.019715 0.357805
vt 0.780979 0.119052
vt 0.637104 0.376711
vt 0.307936 0.598966
vt 0.315754 0.615029
vt 0.951821 0.745724
vt 0.946820 0.670937
vt 0.954135 0.667797
vt 0.872672 0.146049
vt 0.887586 0.146965
vt 0.872672 0.190231
vt 0.224703 0.962776
vt 0.236775 0.980344
vt 0.224703 0.982134
vt 0.596690 0.329653
vt 0.508998 0.944749
vt 0.523737 0.944405
vt 0.517767 0.957855
vt 0.489313 0.320141
vt 0.787543 0.423043
vt 0.413914 0.341613
vt 0.954462 0.268274
vt 0.956715 0.242407
vt 0.959684 0.244117
vt 0.017129 0.343527
vt 0.655133 0.621906
vt 0.893684 0.191183
vt 0.909702 0.955370
vt 0.913219 0.961150
vt 0.909702 0.978603
vt 0.561990 0.557092
vt 0.544377 0.555016
vt 0.997108 0.170614
vt 0.992934 0.153857
vt 0.997938 0.160230
vt 0.528988 0.306029
vt 0.540123 0.314953
vt 0.528988 0.328331
vt 0.990468 0.754742
vt 0.993714 0.757447
vt 0.988219 0.769162
vt 0.601706 0.653883
vt 0.711353 0.921325
vt 0.717531 0.884419
vt 0.732551 0.882698
vt 0.711353 0.874278
vt 0.837335 0.567410
vt 0.827586 0.576768
vt 0.818034 0.573726
vt 0.630129 0.345707
vt 0.412644 0.400758
vt 0.425208 0.401135
vt 0.436529 0.471364
vt 0.432017 0.427081
vt 0.445977 0.468917
vt 0.187293 0.473892
vt 0.182146 0.453629
vt 0.195614 0.478861
vt 0.976679 0.835527
vt 0.962301 0.820157
vt 0.976679 0.818140
vt 0.486055 0.327765
vt 0.625243 0.909819
vt 0.625243 0.926702
vt 0.620395 0.923740
vt 0.609779 0.435205
vt 0.609779 0.456240
vt 0.589405 0.460230
vt 0.432373 0.416872
vt 0.984713 0.963272
vt 0.985483 0.985340
vt 0.974933 0.985340
vt 0.397531 0.329532
vt 0.964472 0.276739
vt 0.046284 0.359738
vt 0.718976 0.922067
vt 0.005867 0.587413
vt 0.033394 0.622362
vt 0.000000 0.611509
vt 0.997938 0.147190
vt 0.852313 0.569161
vt 0.523737 0.965519
vt 0.775491 0.412050
vt 0.993714 0.786435
vt 0.575511 0.711350
vt 0.558507 0.675263
vt 0.596230 0.711350
vt 0.063681 0.347782
vt 0.964472 0.227792
vt 0.335278 0.616760
vt 0.415657 0.425750
vt 0.610024 0.328752
vt 0.635975 0.367052
vt 0.992778 0.871888
vt 0.992778 0.839841
vt 0.996573 0.864205
vt 0.330255 0.646203
vt 0.596662 0.429445
vt 0.580766 0.441582
vt 0.809862 0.133827
vt 0.990834 0.787156
vt 0.995977 0.810766
vt 0.990834 0.817252
vt 0.221779 0.453456
vt 0.211172 0.442621
vt 0.221779 0.441429
vt 0.010994 0.320691
vt 0.543201 0.310740
vt 0.540368 0.286287
vt 0.562146 0.283545
vt 0.603667 0.461150
vt 0.355534 0.432972
vt 0.149152 0.895151
vt 0.149152 0.864891
vt 0.171483 0.905906
vt 0.990897 0.668589
vt 0.996048 0.654623
vt 0.996048 0.683217
vt 0.015476 0.590143
vt 0.401001 0.416452
vt 0.303951 0.977321
vt 0.309126 0.980645
vt 0.303951 0.995089
vt 0.549839 0.704105
vt 0.018195 0.630464
vt 0.535592 0.582390
vt 0.650006 0.966543
vt 0.654050 0.979900
vt 0.642628 0.979900
vt 0.985113 0.326621
vt 0.979619 0.355103
vt 0.979619 0.311430
vt 0.210188 0.496307
vt 0.204108 0.497572
vt 0.818616 0.541732
vt 0.088088 0.944336
vt 0.069542 0.914965
vt 0.088411 0.929219
vt 0.081181 0.916718
vt 0.046560 0.331819
vt 0.176014 0.875850
vt 0.007547 0.643339
vt 0.025240 0.638699
vt 0.006367 0.658375
vt 0.213193 0.909136
vt 0.226019 0.919522
vt 0.072903 0.936524
vt 0.596298 0.679391
vt 0.992934 0.124806
vt 0.998051 0.138883
vt 0.992934 0.147190
vt 0.647027 0.605769
vt 0.325212 0.593522
vt 0.417614 0.475706
vt 0.182146 0.562550
vt 0.213667 0.524640
vt 0.191255 0.569889
vt 0.855918 0.190867
vt 0.836031 0.173847
vt 0.855918 0.160546
vt 0.996388 0.463274
vt 0.996388 0.493620
vt 0.992188 0.472616
vt 0.115153 0.921395
vt 0.125540 0.901358
vt 0.134139 0.934688
vt 0.649203 0.957771
vt 0.842542 0.540345
vt 0.108649 0.796858
vt 0.113304 0.824588
vt 0.101937 0.814087
vt 0.946820 0.654623
vt 0.792208 0.107113
vt 0.017877 0.658726
vt 0.862648 0.159131
vt 0.872672 0.191594
vt 0.857639 0.191594
vt 0.223491 0.529326
vt 0.225919 0.908662
vt 0.234533 0.921706
vt 0.559648 0.321358
vt 0.113662 0.819896
vt 0.559329 0.277758
vt 0.894207 0.262190
vt 0.899519 0.270581
vt 0.885661 0.257071
vt 0.875868 0.267788
vt 0.134139 0.910824
vt 0.595203 0.001256
vt 0.591244 0.036769
vt 0.579886 0.033399
vt 0.371166 0.328752
vt 0.625477 0.628419
vt 0.369401 0.419845
vt 0.528487 0.453006
vt 0.531444 0.463187
vt 0.521598 0.463187
vt 0.607910 0.028712
vt 0.818640 0.528074
vt 0.040601 0.302465
vt 0.093032 0.988350
vt 0.096408 0.987862
vt 0.090853 0.996101
vt 0.338694 0.966888
vt 0.348263 0.942813
vt 0.351039 0.966888
vt 0.324028 0.446981
vt 0.332022 0.460534
vt 0.409814 0.428536
vt 0.336530 0.453372
vt 0.119660 0.943372
vt 0.502301 0.994515
vt 0.499020 0.985497
vt 0.506465 0.988460
vt 0.506465 0.978632
vt 0.610411 0.000000
vt 0.585470 0.279299
vt 0.115142 0.494223
vt 0.111761 0.470085
vt 0.115142 0.460665
vt 0.150407 0.968037
vt 0.155626 0.977895
vt 0.150407 0.993887
vt 0.552561 0.895344
vt 0.555482 0.899577
vt 0.552561 0.907954
vt 0.839402 0.995057
vt 0.839402 0.977532
vt 0.844781 0.989011
vt 0.983569 0.933238
vt 0.986613 0.924443
vt 0.986613 0.935824
vt 0.962130 0.706589
vt 0.954135 0.679796
vt 0.963870 0.673301
vt 0.107558 0.836631
vt 0.344291 0.649285
vt 0.340053 0.936819
vt 0.161964 0.862847
vt 0.032053 0.603126
vt 0.625280 0.932679
vt 0.634035 0.938178
vt 0.641967 0.952443
vt 0.234533 0.882259
vt 0.839098 0.528074
vt 0.988003 0.609932
vt 0.992182 0.605411
vt 0.992182 0.616899
vt 0.090853 0.970865
vt 0.507716 0.186585
vt 0.499038 0.191470
vt 0.499038 0.143177
vt 0.710597 0.615530
vt 0.706526 0.609656
vt 0.718182 0.585294
vt 0.294599 0.582580
vt 0.297268 0.603892
vt 0.294599 0.613458
vt 0.644340 0.481123
vt 0.648849 0.514070
vt 0.229895 0.536315
vt 0.711353 0.859563
vt 0.724848 0.854582
vt 0.738756 0.874278
vt 0.995123 0.433906
vt 0.988774 0.436097
vt 0.988774 0.411261
vt 0.718438 0.840894
vt 0.031445 0.650357
vt 0.809248 0.452626
vt 0.814825 0.463208
vt 0.805347 0.458546
vt 0.979761 0.641163
vt 0.970701 0.648373
vt 0.970701 0.617096
vt 0.191493 0.795906
vt 0.201017 0.805664
vt 0.188788 0.856433
vt 0.360571 0.921952
vt 0.354366 0.909839
vt 0.365383 0.901321
vt 0.352958 0.642956
vt 0.207630 0.578614
vt 0.678578 0.115210
vt 0.669392 0.118712
vt 0.674934 0.108181
vt 0.745740 0.988510
vt 0.751601 0.980963
vt 0.751601 0.994713
vt 0.616089 0.977585
vt 0.625240 0.971128
vt 0.625240 0.982305
vt 0.061749 0.314429
vt 0.062947 0.342466
vt 0.899292 0.283636
vt 0.885228 0.288842
vt 0.367747 0.623287
vt 0.771140 0.969379
vt 0.757217 0.967072
vt 0.761047 0.951231
vt 0.622998 0.988498
vt 0.618711 0.987823
vt 0.814825 0.452270
vt 0.519491 0.155594
vt 0.180258 0.857685
vt 0.903003 0.291963
vt 0.771140 0.951896
vt 0.755127 0.958999
vt 0.781856 0.092900
vt 0.881223 0.620288
vt 0.874833 0.622822
vt 0.889841 0.597403
vt 0.878800 0.608836
vt 0.669392 0.106565
vt 0.977792 0.788131
vt 0.982727 0.754742
vt 0.982727 0.804231
vt 0.074733 0.320684
vt 0.176791 0.986643
vt 0.184419 0.966736
vt 0.184419 0.991834
vt 0.771038 0.910997
vt 0.761778 0.902903
vt 0.778633 0.881537
vt 0.884486 0.650130
vt 0.349676 0.452225
vt 0.038379 0.627888
vt 0.881846 0.581043
vt 0.967377 0.358124
vt 0.962834 0.371006
vt 0.962534 0.358655
vt 0.623334 0.750361
vt 0.648395 0.675754
vt 0.648395 0.727783
vt 0.967377 0.378702
vt 0.952453 0.369833
vt 0.954135 0.654623
vt 0.579692 0.654472
vt 0.360343 0.585214
vt 0.993681 0.251218
vt 0.988708 0.260293
vt 0.988708 0.228314
vt 0.332573 0.941050
vt 0.325735 0.962044
vt 0.325441 0.936819
vt 0.755127 0.895507
vt 0.760674 0.883348
vt 0.963870 0.654623
vt 0.971189 0.694087
vt 0.963870 0.698769
vt 0.738756 0.810565
vt 0.689429 0.936218
vt 0.692711 0.950849
vt 0.677320 0.939227
vt 0.692711 0.919516
vt 0.601706 0.709398
vt 0.616633 0.746270
vt 0.607323 0.750245
vt 0.021331 0.872525
vt 0.021331 0.921189
vt 0.000000 0.895334
vt 0.591113 0.059150
vt 0.986082 0.376718
vt 0.986082 0.403976
vt 0.977071 0.377188
vt 0.839345 0.969905
vt 0.839345 0.991515
vt 0.831697 0.980784
vt 0.585470 0.311111
vt 0.687120 0.582647
vt 0.707798 0.601319
vt 0.867672 0.650396
vt 0.875196 0.596238
vt 0.641967 0.912809
vt 0.528848 0.649727
vt 0.531450 0.686670
vt 0.770843 0.333444
vt 0.800576 0.328752
vt 0.803938 0.357813
vt 0.805347 0.337584
vt 0.341504 0.902839
vt 0.343197 0.901321
vt 0.335095 0.964845
vt 0.338694 0.936819
vt 0.755127 0.873216
vt 0.869205 0.591069
vt 0.356714 0.574262
vt 0.358639 0.539991
vt 0.363442 0.579665
vt 0.737263 0.018390
vt 0.756963 0.005773
vt 0.750698 0.013262
vt 0.737263 0.053694
vt 0.634267 0.035895
vt 0.618651 0.057914
vt 0.338212 0.579665
vt 0.891372 0.293083
vt 0.879689 0.375317
vt 0.889373 0.376123
vt 0.879689 0.387755
vt 0.771024 0.861473
vt 0.723005 0.822374
vt 0.969342 0.590832
vt 0.976786 0.570670
vt 0.976786 0.615557
vt 0.867672 0.576931
vt 0.209125 0.671375
vt 0.209576 0.635575
vt 0.219177 0.655651
vt 0.581384 0.724786
vt 0.586906 0.730748
vt 0.592738 0.746466
vt 0.111489 0.853403
vt 0.972745 0.463394
vt 0.971807 0.493353
vt 0.964565 0.493921
vt 0.383202 0.379375
vt 0.800207 0.377482
vt 0.391952 0.952599
vt 0.400355 0.966625
vt 0.391952 0.983521
vt 0.028672 0.928876
vt 0.036797 0.947794
vt 0.028672 0.947223
vt 0.045333 0.661976
vt 0.364450 0.543178
vt 0.631868 0.020147
vt 0.579057 0.327574
vt 0.205439 0.839142
vt 0.632617 0.463394
vt 0.452850 0.638218
vt 0.448893 0.659094
vt 0.448893 0.619390
vt 0.682956 0.904572
vt 0.930165 0.354323
vt 0.930165 0.379786
vt 0.914245 0.355407
vt 0.039432 0.909042
vt 0.694373 0.622658
vt 0.952181 0.512013
vt 0.964249 0.504780
vt 0.964249 0.521866
vt 0.411745 0.843664
vt 0.411745 0.789878
vt 0.416364 0.819386
vt 0.956471 0.531419
vt 0.066068 0.650569
vt 0.749331 0.065172
vt 0.763775 0.052840
vt 0.770715 0.055595
vt 0.783919 0.016854
vt 0.182146 0.654685
vt 0.186232 0.614025
vt 0.537966 0.642504
vt 0.944275 0.220606
vt 0.934822 0.200413
vt 0.933439 0.173040
vt 0.944275 0.150588
vt 0.893166 0.302388
vt 0.947950 0.141892
vt 0.954276 0.167408
vt 0.947007 0.160742
vt 0.987342 0.654623
vt 0.990897 0.656613
vt 0.984552 0.669730
vt 0.101937 0.858020
vt 0.064752 0.703198
vt 0.069472 0.686738
vt 0.067676 0.727652
vt 0.029090 0.297056
vt 0.030854 0.291407
vt 0.064752 0.671223
vt 0.237596 0.650289
vt 0.585516 0.770848
vt 0.078177 0.311840
vt 0.979350 0.116190
vt 0.975749 0.100841
vt 0.981099 0.084555
vt 0.689096 0.612933
vt 0.088521 0.318626
vt 0.966467 0.506798
vt 0.238150 0.549675
vt 0.229895 0.504654
vt 0.237889 0.501367
vt 0.046418 0.933587
vt 0.601334 0.711350
vt 0.601334 0.772947
vt 0.972745 0.512568
vt 0.601706 0.582647
vt 0.778633 0.978291
vt 0.778633 0.967402
vt 0.788741 0.970597
vt 0.705612 0.643698
vt 0.341647 0.934922
vt 0.367181 0.513447
vt 0.790145 0.983759
vt 0.196402 0.425427
vt 0.180403 0.429669
vt 0.211172 0.397459
vt 0.710926 0.643272
vt 0.010078 0.274660
vt 0.950142 0.181700
vt 0.875868 0.309788
vt 0.355871 0.934922
vt 0.365383 0.935235
vt 0.351349 0.950581
vt 0.230331 0.475320
vt 0.990897 0.686215
vt 0.986082 0.366903
vt 0.991409 0.402210
vt 0.973526 0.660699
vt 0.370011 0.521376
vt 0.599718 0.081594
vt 0.585991 0.062840
vt 0.091184 0.302528
vt 0.675463 0.618909
vt 0.365383 0.962267
vt 0.772764 0.236751
vt 0.781546 0.258691
vt 0.764149 0.286224
vt 0.778756 0.288839
vt 0.782390 0.199554
vt 0.777988 0.045552
vt 0.770843 0.412050
vt 0.875868 0.264859
vt 0.842134 0.289437
vt 0.839198 0.264859
vt 0.954735 0.180887
vt 0.067622 0.661976
vt 0.682120 0.619651
vt 0.679570 0.611619
vt 0.720694 0.725779
vt 0.711353 0.695877
vt 0.737538 0.715135
vt 0.775443 0.194031
vt 0.718182 0.654025
vt 0.837940 0.314769
vt 0.845473 0.310080
vt 0.845473 0.328231
vt 0.215173 0.857685
vt 0.975749 0.070042
vt 0.246021 0.335174
vt 0.238656 0.315194
vt 0.260647 0.338963
vt 0.824645 0.084363
vt 0.842658 0.065828
vt 0.842658 0.092694
vt 0.793825 0.290999
vt 0.793825 0.192450
vt 0.556868 0.641960
vt 0.639350 0.042183
vt 0.639350 0.062165
vt 0.663253 0.888022
vt 0.656537 0.899007
vt 0.655133 0.883066
vt 0.697064 0.944104
vt 0.711180 0.904572
vt 0.711180 0.938309
vt 0.065595 0.661976
vt 0.749947 0.208783
vt 0.757162 0.211397
vt 0.758324 0.253763
vt 0.613979 0.083601
vt 0.755127 0.745705
vt 0.740744 0.738981
vt 0.744155 0.733326
vt 0.064642 0.283211
vt 0.875770 0.279834
vt 0.980560 0.070006
vt 0.049767 0.797933
vt 0.043255 0.782985
vt 0.046892 0.779405
vt 0.785406 0.000000
vt 0.383729 0.975173
vt 0.379497 0.993719
vt 0.703184 0.659781
vt 0.719042 0.152328
vt 0.706720 0.147141
vt 0.739959 0.130256
vt 0.067821 0.971292
vt 0.067821 0.994924
vt 0.061162 0.975561
vt 0.988312 0.512957
vt 0.979159 0.496025
vt 0.987117 0.499026
vt 0.979159 0.520138
vt 0.238150 0.453629
vt 0.752593 0.299796
vt 0.764149 0.303754
vt 0.610730 0.694898
vt 0.764149 0.192450
vt 0.155596 0.442446
vt 0.164908 0.413328
vt 0.699108 0.642689
vt 0.037426 0.245162
vt 0.674386 0.888014
vt 0.686046 0.895184
vt 0.677541 0.897039
vt 0.692711 0.921904
vt 0.714099 0.679557
vt 0.947007 0.310426
vt 0.947007 0.227792
vt 0.953562 0.268063
vt 0.686046 0.876737
vt 0.002921 0.501432
vt 0.015752 0.542787
vt 0.000000 0.523796
vt 0.005177 0.547873
vt 0.044993 0.754153
vt 0.199232 0.594396
vt 0.237596 0.578614
vt 0.747947 0.190322
vt 0.617569 0.091379
vt 0.661996 0.850452
vt 0.701432 0.909317
vt 0.339355 0.465850
vt 0.343745 0.460534
vt 0.343745 0.467890
vt 0.278372 0.313872
vt 0.277298 0.328098
vt 0.737600 0.293404
vt 0.149251 0.444496
vt 0.068342 0.262979
vt 0.037254 0.529829
vt 0.309975 0.327533
vt 0.400391 0.960935
vt 0.401510 0.920924
vt 0.410717 0.920871
vt 0.356714 0.467448
vt 0.751626 0.734650
vt 0.724444 0.684425
vt 0.265956 0.300665
vt 0.954462 0.262887
vt 0.078644 0.275457
vt 0.196751 0.348549
vt 0.209504 0.356266
vt 0.715878 0.096865
vt 0.662457 0.627223
vt 0.032807 0.503756
vt 0.735821 0.695664
vt 0.656282 0.864407
vt 0.909728 0.153243
vt 0.914769 0.123555
vt 0.919837 0.154831
vt 0.735828 0.245040
vt 0.745746 0.205829
vt 0.049767 0.739407
vt 0.265094 0.899988
vt 0.265094 0.870388
vt 0.269466 0.877650
vt 0.107319 0.274787
vt 0.755127 0.688294
vt 0.251308 0.233619
vt 0.862919 0.891707
vt 0.862919 0.838786
vt 0.872922 0.888574
vt 0.177181 0.375461
vt 0.655133 0.612857
vt 0.988774 0.462657
vt 0.994324 0.451142
vt 0.098179 0.910270
vt 0.114639 0.902732
vt 0.106674 0.911795
vt 0.415761 0.960935
vt 0.845238 0.309788
vt 0.742612 0.680345
vt 0.900851 0.111837
vt 0.150407 0.985235
vt 0.140012 0.985235
vt 0.142142 0.968037
vt 0.000000 0.245071
vt 0.011067 0.557466
vt 0.689339 0.582160
vt 0.690466 0.557854
vt 0.700740 0.582160
vt 0.349018 0.063722
vt 0.362111 0.049763
vt 0.349261 0.111142
vt 0.115153 0.414093
vt 0.148268 0.453629
vt 0.368393 0.492242
vt 0.216690 0.583679
vt 0.245052 0.304077
vt 0.915933 0.092900
vt 0.919837 0.096292
vt 0.930689 0.882997
vt 0.924549 0.875477
vt 0.940646 0.873329
vt 0.571166 0.469641
vt 0.601706 0.463394
vt 0.542308 0.485860
vt 0.874751 0.835662
vt 0.982945 0.459544
vt 0.977902 0.417008
vt 0.982945 0.411261
vt 0.988288 0.102589
vt 0.992783 0.113101
vt 0.988288 0.140641
vt 0.746755 0.659781
vt 0.755093 0.670259
vt 0.349380 0.301177
vt 0.380352 0.131302
vt 0.367114 0.138517
vt 0.560984 0.499118
vt 0.592384 0.277758
vt 0.597873 0.287912
vt 0.585470 0.293372
vt 0.974106 0.925666
vt 0.964786 0.921762
vt 0.974106 0.882997
vt 0.106644 0.251696
vt 0.747947 0.095517
vt 0.933660 0.848879
vt 0.891031 0.872619
vt 0.988597 0.734986
vt 0.993971 0.706589
vt 0.993971 0.738039
vt 0.046934 0.364924
vt 0.054153 0.377143
vt 0.031836 0.359738
vt 0.201311 0.348201
vt 0.138604 0.368599
vt 0.516538 0.112013
vt 0.502713 0.136713
vt 0.496024 0.134723
vt 0.655524 0.302301
vt 0.608155 0.302301
vt 0.626025 0.265413
vt 0.935116 0.333024
vt 0.914245 0.312522
vt 0.918569 0.311430
vt 0.648624 0.764053
vt 0.650259 0.739811
vt 0.653061 0.749937
vt 0.638668 0.095468
vt 0.975483 0.290189
vt 0.966261 0.309262
vt 0.966261 0.274529
vt 0.791388 0.558887
vt 0.808332 0.581524
vt 0.789610 0.581524
vt 0.004228 0.234255
vt 0.085815 0.243323
vt 0.899858 0.545162
vt 0.883925 0.574161
vt 0.883925 0.532103
vt 0.548809 0.517266
vt 0.535592 0.514977
vt 0.627491 0.257002
vt 0.043027 0.576121
vt 0.941910 0.858270
vt 0.586901 0.490789
vt 0.388503 0.038391
vt 0.176472 0.352827
vt 0.033943 0.414020
vt 0.155581 0.956426
vt 0.160111 0.940218
vt 0.160111 0.959126
vt 0.028709 0.228332
vt 0.049613 0.547241
vt 0.172449 0.694326
vt 0.134954 0.670181
vt 0.170943 0.653998
vt 0.072902 0.239694
vt 0.067860 0.229474
vt 0.024103 0.584769
vt 0.028827 0.587413
vt 0.371847 0.496724
vt 0.398219 0.478443
vt 0.371166 0.528032
vt 0.404251 0.561679
vt 0.442343 0.559501
vt 0.438559 0.567121
vt 0.924549 0.837909
vt 0.601766 0.303409
vt 0.594422 0.320907
vt 0.655133 0.714917
vt 0.160968 0.728132
vt 0.119701 0.728132
vt 0.140195 0.705728
vt 0.452569 0.619390
vt 0.448893 0.584014
vt 0.452569 0.567121
vt 0.011190 0.384021
vt 0.061090 0.501432
vt 0.069542 0.524767
vt 0.393333 0.132511
vt 0.450812 0.125525
vt 0.405129 0.151724
vt 0.551707 0.542888
vt 0.568489 0.531817
vt 0.091889 0.868679
vt 0.487997 0.078130
vt 0.056899 0.426645
vt 0.984552 0.700358
vt 0.979282 0.694976
vt 0.984552 0.670269
vt 0.114639 0.864510
vt 0.817313 0.299137
vt 0.817732 0.273408
vt 0.833734 0.280145
vt 0.914245 0.354323
vt 0.066635 0.410362
vt 0.052722 0.202802
vt 0.458310 0.100027
vt 0.894913 0.576768
vt 0.581938 0.531469
vt 0.110939 0.268156
vt 0.117348 0.698368
vt 0.607543 0.313484
vt 0.585470 0.325084
vt 0.487112 0.143177
vt 0.433939 0.537741
vt 0.001833 0.442473
vt 0.068714 0.544761
vt 0.061269 0.556632
vt 0.933759 0.341531
vt 0.597581 0.325759
vt 0.294555 0.637859
vt 0.294555 0.613458
vt 0.297268 0.626237
vt 0.614661 0.245086
vt 0.615204 0.231753
vt 0.937299 0.835662
vt 0.659376 0.456870
vt 0.667197 0.454043
vt 0.673061 0.462318
vt 0.982985 0.654623
vt 0.458310 0.104009
vt 0.000000 0.415552
vt 0.655331 0.451458
vt 0.660676 0.446354
vt 0.064644 0.200403
vt 0.089005 0.214430
vt 0.241123 0.251417
vt 0.095848 0.860523
vt 0.673061 0.441770
vt 0.115153 0.725117
vt 0.051562 0.573195
vt 0.371166 0.276400
vt 0.555623 0.835481
vt 0.565141 0.880713
vt 0.555623 0.908939
vt 0.601706 0.540331
vt 0.566055 0.551637
vt 0.452883 0.909867
vt 0.481776 0.923838
vt 0.462798 0.923838
vt 0.376150 0.159818
vt 0.370756 0.168865
vt 0.367769 0.151724
vt 0.997184 0.644166
vt 0.992650 0.625325
vt 0.997184 0.617096
vt 0.341503 0.884467
vt 0.353699 0.855796
vt 0.353090 0.901321
vt 0.764849 0.065172
vt 0.778542 0.073781
vt 0.783213 0.091824
vt 0.785367 0.065172
vt 0.683008 0.462341
vt 0.690661 0.453081
vt 0.716787 0.460336
vt 0.978362 0.358708
vt 0.970005 0.376718
vt 0.970306 0.368717
vt 0.106218 0.236999
vt 0.442343 0.502078
vt 0.617215 0.927472
vt 0.624997 0.942125
vt 0.616089 0.933749
vt 0.363876 0.859552
vt 0.455850 0.889632
vt 0.476001 0.894627
vt 0.982413 0.376718
vt 0.046049 0.479950
vt 0.115153 0.352498
vt 0.115140 0.382292
vt 0.115140 0.420945
vt 0.111855 0.408932
vt 0.992335 0.363836
vt 0.992335 0.336946
vt 0.996952 0.351881
vt 0.431641 0.480314
vt 0.941955 0.050848
vt 0.926251 0.009844
vt 0.932228 0.013670
vt 0.427563 0.858842
vt 0.421309 0.842022
vt 0.451434 0.859629
vt 0.446577 0.865493
vt 0.380165 0.179910
vt 0.949378 0.437786
vt 0.949378 0.380490
vt 0.954477 0.398492
vt 0.428482 0.056386
vt 0.941955 0.000000
vt 0.931481 0.005965
vt 0.368905 0.888019
vt 0.123412 0.336348
vt 0.952860 0.570516
vt 0.955149 0.532806
vt 0.966419 0.570516
vt 0.724476 0.462675
vt 0.730942 0.420697
vt 0.732738 0.462675
vt 0.467262 0.942594
vt 0.452655 0.930668
vt 0.459377 0.923838
vt 0.452655 0.961536
vt 0.738890 0.980963
vt 0.740730 0.961494
vt 0.751264 0.980963
vt 0.406026 0.475706
vt 0.648624 0.675754
vt 0.207695 0.881938
vt 0.210674 0.900537
vt 0.207695 0.901903
vt 0.616089 0.959261
vt 0.368793 0.179653
vt 0.350757 0.168809
vt 0.862822 0.886828
vt 0.860303 0.890401
vt 0.860303 0.873135
vt 0.749232 0.964456
vt 0.624136 0.192450
vt 0.964395 0.533480
vt 0.368905 0.853995
vt 0.431805 0.835180
vt 0.963436 0.308226
vt 0.963656 0.301251
vt 0.966261 0.276739
vt 0.498085 0.009177
vt 0.797470 0.659781
vt 0.805559 0.683597
vt 0.795396 0.675420
vt 0.827610 0.252693
vt 0.698952 0.449481
vt 0.954462 0.297540
vt 0.648849 0.577898
vt 0.669079 0.576890
vt 0.658880 0.582647
vt 0.979159 0.494925
vt 0.986600 0.463394
vt 0.986600 0.496025
vt 0.371242 0.015981
vt 0.395208 0.012592
vt 0.648849 0.563195
vt 0.666366 0.560383
vt 0.655001 0.558722
vt 0.742489 0.934697
vt 0.743120 0.893013
vt 0.409724 0.032322
vt 0.885517 0.063527
vt 0.885517 0.092202
vt 0.874854 0.082630
vt 0.683008 0.420697
vt 0.638412 0.952443
vt 0.631530 0.973887
vt 0.632824 0.954215
vt 0.638412 0.974265
vt 0.176014 0.959991
vt 0.167369 0.960245
vt 0.176014 0.940218
vt 0.027785 0.950732
vt 0.021330 0.932466
vt 0.027785 0.872525
vt 0.051703 0.457029
vt 0.869956 0.432560
vt 0.850905 0.425584
vt 0.869422 0.402987
vt 0.421172 0.826626
vt 0.427404 0.830336
vt 0.416626 0.835362
vt 0.955538 0.833905
vt 0.947550 0.835528
vt 0.950833 0.824642
vt 0.625280 0.960675
vt 0.458310 0.025637
vt 0.615681 0.202624
vt 0.594853 0.553022
vt 0.384844 0.191604
vt 0.357367 0.186350
vt 0.844456 0.447457
vt 0.735659 0.894117
vt 0.555084 0.272483
vt 0.540368 0.249432
vt 0.561937 0.255832
vt 0.986644 0.064251
vt 0.979316 0.064245
vt 0.986644 0.032093
vt 0.724476 0.449683
vt 0.711843 0.434661
vt 0.960523 0.825333
vt 0.952225 0.817476
vt 0.962301 0.814626
vt 0.959433 0.387293
vt 0.084043 0.203321
vt 0.535413 0.533560
vt 0.514981 0.554001
vt 0.482898 0.554001
vt 0.711353 0.962907
vt 0.711353 0.925952
vt 0.722698 0.962824
vt 0.844456 0.392046
vt 0.977792 0.754742
vt 0.977792 0.816987
vt 0.972673 0.776421
vt 0.067778 0.449331
vt 0.069991 0.191852
vt 0.441584 0.487638
vt 0.342491 0.194074
vt 0.618728 0.971128
vt 0.725974 0.922067
vt 0.523737 0.976864
vt 0.528755 0.944405
vt 0.528755 0.984867
vt 0.446856 0.826858
vt 0.692729 0.420773
vt 0.160111 0.960581
vt 0.732609 0.934434
vt 0.458310 0.057011
vt 0.988065 0.102589
vt 0.981099 0.086715
vt 0.988065 0.070006
vt 0.391514 0.977042
vt 0.383823 0.959812
vt 0.391514 0.939677
vt 0.962301 0.831914
vt 0.168627 0.942737
vt 0.111902 0.354586
vt 0.115140 0.341115
vt 0.565620 0.932953
vt 0.569209 0.919066
vt 0.588705 0.914783
vt 0.826009 0.224146
vt 0.839198 0.231343
vt 0.951666 0.038790
vt 0.964907 0.011195
vt 0.964960 0.032430
vt 0.349018 0.191604
vt 0.371166 0.213760
vt 0.866631 0.389302
vt 0.587141 0.277758
vt 0.178018 0.800578
vt 0.180186 0.790427
vt 0.180186 0.807113
vt 0.792386 0.676534
vt 0.434126 0.810011
vt 0.053101 0.973714
vt 0.061162 0.971292
vt 0.061162 0.990877
vt 0.860281 0.462155
vt 0.452510 0.035520
vt 0.792034 0.673605
vt 0.780792 0.686593
vt 0.774025 0.659781
vt 0.756313 0.680291
vt 0.552514 0.230325
vt 0.317672 0.192450
vt 0.273075 0.210662
vt 0.792034 0.705879
vt 0.951666 0.000000
vt 0.519516 0.050685
vt 0.010713 0.474321
vt 0.107797 0.977676
vt 0.115112 0.966035
vt 0.115112 0.992605
vt 0.985112 0.341429
vt 0.985112 0.311430
vt 0.991778 0.316151
vt 0.596267 0.271957
vt 0.817313 0.210820
vt 0.451434 0.809304
vt 0.394951 0.000000
vt 0.419168 0.001701
vt 0.595524 0.257915
vt 0.000000 0.456199
vt 0.535592 0.489068
vt 0.510862 0.463394
vt 0.417315 0.017646
vt 0.176014 0.862847
vt 0.180144 0.879420
vt 0.057805 0.475935
vt 0.812959 0.725939
vt 0.565620 0.892295
vt 0.584669 0.245125
vt 0.996365 0.532599
vt 0.996365 0.562963
vt 0.991720 0.547180
vt 0.831555 0.205692
vt 0.608154 0.260422
vt 0.603825 0.271793
vt 0.792034 0.706699
vt 0.557675 0.218965
vt 0.363082 0.653026
vt 0.370696 0.671868
vt 0.363968 0.671367
vt 0.549583 0.008306
vt 0.533460 0.024549
vt 0.543420 0.000000
vt 0.063745 0.685943
vt 0.060875 0.693390
vt 0.051206 0.661976
vt 0.687676 0.000000
vt 0.724588 0.000000
vt 0.725782 0.009652
vt 0.064752 0.707581
vt 0.755127 0.691801
vt 0.601817 0.236664
vt 0.391514 0.993877
vt 0.383950 0.987883
vt 0.022935 0.490064
vt 0.687014 0.039643
vt 0.433918 0.007148
vt 0.914649 0.537345
vt 0.919915 0.536865
vt 0.926509 0.547773
vt 0.806616 0.746146
vt 0.062456 0.742465
vt 0.056143 0.758229
vt 0.371106 0.690929
vt 0.530834 0.050576
vt 0.523852 0.043686
vt 0.548105 0.040496
vt 0.737308 0.874278
vt 0.738756 0.883826
vt 0.732656 0.878365
vt 0.833350 0.197104
vt 0.814699 0.748077
vt 0.349018 0.192450
vt 0.315652 0.190742
vt 0.332793 0.179425
vt 0.792034 0.754020
vt 0.974106 0.926889
vt 0.980631 0.900107
vt 0.123053 0.008610
vt 0.121614 0.024462
vt 0.100536 0.000000
vt 0.924902 0.554155
vt 0.768672 0.722103
vt 0.854500 0.058093
vt 0.847172 0.065828
vt 0.843030 0.048748
vt 0.332463 0.146084
vt 0.979316 0.000000
vt 0.979316 0.048976
vt 0.973356 0.009415
vt 0.048251 0.491669
vt 0.519516 0.077008
vt 0.817765 0.192450
vt 0.809478 0.779197
vt 0.365670 0.690087
vt 0.567656 0.046489
vt 0.097815 0.022741
vt 0.452883 0.496020
vt 0.839318 0.065078
vt 0.718753 0.745705
vt 0.735476 0.746375
vt 0.711353 0.766124
vt 0.487310 0.000000
vt 0.126060 0.987140
vt 0.131721 0.977959
vt 0.132747 0.993185
vt 0.793270 0.775906
vt 0.745624 0.764380
vt 0.059907 0.759811
vt 0.216190 0.191982
vt 0.177473 0.188982
vt 0.159693 0.177782
vt 0.988219 0.779569
vt 0.982727 0.793013
vt 0.732656 0.891905
vt 0.378336 0.778018
vt 0.378158 0.764229
vt 0.387355 0.775498
vt 0.165141 0.908032
vt 0.176014 0.925225
vt 0.155581 0.905906
vt 0.469784 0.009760
vt 0.659990 0.328752
vt 0.670228 0.339707
vt 0.654206 0.364713
vt 0.784087 0.906159
vt 0.785432 0.919658
vt 0.778633 0.935848
vt 0.061821 0.003687
vt 0.833566 0.437741
vt 0.805347 0.414016
vt 0.844456 0.430944
vt 0.197605 0.951389
vt 0.210237 0.949091
vt 0.197605 0.959665
vt 0.126060 0.995929
vt 0.171591 0.937539
vt 0.155581 0.934022
vt 0.533602 0.099600
vt 0.648442 0.353928
vt 0.037869 0.501432
vt 0.699149 0.128897
vt 0.704565 0.136976
vt 0.675870 0.118712
vt 0.916366 0.561509
vt 0.930940 0.575091
vt 0.914705 0.568973
vt 0.936682 0.542373
vt 0.382927 0.752160
vt 0.723780 0.042696
vt 0.897512 0.907744
vt 0.889316 0.941750
vt 0.889316 0.913768
vt 0.819363 0.389303
vt 0.807152 0.384884
vt 0.805347 0.369822
vt 0.363082 0.710105
vt 0.337977 0.720366
vt 0.350320 0.742576
vt 0.334049 0.767208
vt 0.350320 0.780131
vt 0.936259 0.559539
vt 0.935822 0.536865
vt 0.891031 0.906926
vt 0.887178 0.902152
vt 0.891031 0.891707
vt 0.820279 0.318258
vt 0.820279 0.299805
vt 0.836295 0.322275
vt 0.737263 0.033892
vt 0.905266 0.910483
vt 0.898861 0.939698
vt 0.313261 0.753482
vt 0.203688 0.946734
vt 0.196437 0.949091
vt 0.206765 0.904366
vt 0.837940 0.311414
vt 0.830300 0.300299
vt 0.456444 0.516036
vt 0.909690 0.922741
vt 0.835308 0.000000
vt 0.824645 0.048855
vt 0.991778 0.335642
vt 0.991778 0.311430
vt 0.997536 0.320848
vt 0.259077 0.164502
vt 0.521392 0.094471
vt 0.964466 0.059540
vt 0.952262 0.058885
vt 0.964466 0.038790
vt 0.951666 0.047145
vt 0.113521 0.036635
vt 0.650592 0.121308
vt 0.832540 0.452270
vt 0.959952 0.083703
vt 0.948500 0.122692
vt 0.948500 0.070006
vt 0.210237 0.937560
vt 0.737821 0.987959
vt 0.734402 0.973695
vt 0.738198 0.979936
vt 0.728644 0.984898
vt 0.831555 0.328231
vt 0.608154 0.205542
vt 0.286345 0.148271
vt 0.982047 0.604869
vt 0.982047 0.568792
vt 0.988003 0.588268
vt 0.831042 0.931329
vt 0.827249 0.921057
vt 0.831042 0.896012
vt 0.178700 0.610294
vt 0.178700 0.571305
vt 0.181554 0.588259
vt 0.998692 0.754742
vt 0.998692 0.777124
vt 0.993714 0.773525
vt 0.198099 0.972054
vt 0.716319 0.062611
vt 0.713633 0.776701
vt 0.579125 0.050902
vt 0.552737 0.908939
vt 0.561322 0.928817
vt 0.552737 0.954464
vt 0.208358 0.968238
vt 0.565141 0.921133
vt 0.643469 0.440497
vt 0.658955 0.381922
vt 0.653156 0.441770
vt 0.814241 0.339767
vt 0.668436 0.365099
vt 0.190185 0.156447
vt 0.638438 0.158417
vt 0.638438 0.122620
vt 0.667377 0.146723
vt 0.728644 0.972625
vt 0.862919 0.936667
vt 0.872200 0.958405
vt 0.862919 0.953567
vt 0.163228 0.969797
vt 0.155867 0.972894
vt 0.163073 0.960581
vt 0.651405 0.382633
vt 0.163817 0.940217
vt 0.859225 0.023341
vt 0.547486 0.091388
vt 0.231761 0.154484
vt 0.238656 0.183142
vt 0.774475 0.415281
vt 0.760622 0.453061
vt 0.769031 0.418262
vt 0.196437 0.903253
vt 0.370298 0.477939
vt 0.371065 0.483004
vt 0.370298 0.489209
vt 0.876608 0.950660
vt 0.869316 0.940643
vt 0.384253 0.736851
vt 0.371166 0.742565
vt 0.398561 0.772401
vt 0.407019 0.745573
vt 0.405858 0.787084
vt 0.413348 0.789878
vt 0.637104 0.439107
vt 0.572562 0.192519
vt 0.592375 0.192450
vt 0.752988 0.776738
vt 0.751553 0.790153
vt 0.719245 0.798122
vt 0.114836 0.751368
vt 0.114836 0.775352
vt 0.112510 0.756096
vt 0.655133 0.949995
vt 0.658758 0.939761
vt 0.657693 0.960688
vt 0.492506 0.826227
vt 0.527931 0.824756
vt 0.527931 0.871159
vt 0.873990 0.967038
vt 0.876252 0.931227
vt 0.439768 0.977655
vt 0.441445 0.968249
vt 0.450354 0.966938
vt 0.913646 0.092757
vt 0.905939 0.086748
vt 0.912917 0.068672
vt 0.974938 0.227792
vt 0.982706 0.240125
vt 0.974515 0.251341
vt 0.665777 0.371944
vt 0.846116 0.358876
vt 0.293998 0.114968
vt 0.664935 0.943673
vt 0.789551 0.904135
vt 0.904400 0.979412
vt 0.909690 0.978894
vt 0.902786 0.984317
vt 0.163786 0.977674
vt 0.155867 0.987512
vt 0.982706 0.260293
vt 0.707064 0.051646
vt 0.134139 0.992639
vt 0.134139 0.964286
vt 0.139908 0.977347
vt 0.957244 0.067586
vt 0.899739 0.642139
vt 0.909299 0.642139
vt 0.906698 0.647626
vt 0.081161 0.016963
vt 0.038544 0.021884
vt 0.981430 0.522406
vt 0.981430 0.562287
vt 0.974371 0.553004
vt 0.831156 0.412838
vt 0.283307 0.953507
vt 0.283307 0.977183
vt 0.280261 0.954651
vt 0.923222 0.069664
vt 0.683008 0.361875
vt 0.637104 0.348388
vt 0.830642 0.385469
vt 0.574782 0.038148
vt 0.963345 0.068790
vt 0.844456 0.389303
vt 0.909690 0.994732
vt 0.869327 0.375834
vt 0.879689 0.389239
vt 0.868618 0.389239
vt 0.107797 0.970865
vt 0.106200 0.984916
vt 0.096408 0.970865
vt 0.401522 0.734572
vt 0.384325 0.725824
vt 0.923222 0.091697
vt 0.781023 0.739877
vt 0.215173 0.882259
vt 0.215816 0.830602
vt 0.227367 0.824116
vt 0.853905 0.525679
vt 0.841126 0.528074
vt 0.818034 0.505568
vt 0.051206 0.784816
vt 0.555326 0.128452
vt 0.668173 0.980263
vt 0.675650 0.971876
vt 0.675650 0.992372
vt 0.194499 0.123534
vt 0.673332 0.163925
vt 0.888219 0.983586
vt 0.881065 0.972495
vt 0.888219 0.969489
vt 0.415353 0.759320
vt 0.450354 0.985413
vt 0.220334 0.819062
vt 0.816080 0.921011
vt 0.686046 0.904572
vt 0.686046 0.863501
vt 0.704897 0.850452
vt 0.979993 0.635846
vt 0.979761 0.617096
vt 0.986281 0.643022
vt 0.297268 0.781405
vt 0.398759 0.740585
vt 0.452883 0.616935
vt 0.508648 0.639913
vt 0.486151 0.650789
vt 0.234533 0.881633
vt 0.293165 0.607523
vt 0.282711 0.582580
vt 0.294411 0.587937
vt 0.900655 0.319262
vt 0.914245 0.311430
vt 0.914245 0.369652
vt 0.532047 0.120795
vt 0.914013 0.978736
vt 0.924388 0.955370
vt 0.924388 0.977721
vt 0.863439 0.092202
vt 0.859366 0.082433
vt 0.863354 0.069322
vt 0.563532 0.972984
vt 0.552737 0.964972
vt 0.563532 0.954464
vt 0.894248 0.402393
vt 0.903608 0.380490
vt 0.907671 0.384351
vt 0.087120 0.059185
vt 0.747576 0.450146
vt 0.972746 0.512958
vt 0.972746 0.463394
vt 0.979159 0.497795
vt 0.612157 0.953091
vt 0.601706 0.950125
vt 0.616089 0.927472
vt 0.324028 0.468305
vt 0.324028 0.460534
vt 0.329684 0.468235
vt 0.472830 0.465197
vt 0.893368 0.368446
vt 0.976190 0.881608
vt 0.968257 0.869404
vt 0.976190 0.835662
vt 0.687250 0.059853
vt 0.765332 0.736270
vt 0.415761 0.979073
vt 0.402751 0.979465
vt 0.830593 0.522475
vt 0.234533 0.795906
vt 0.736746 0.806845
vt 0.827885 0.946720
vt 0.899862 0.653428
vt 0.125167 0.901358
vt 0.115153 0.880255
vt 0.129314 0.857730
vt 0.143210 0.891654
vt 0.143210 0.862432
vt 0.313764 0.910987
vt 0.297268 0.902522
vt 0.325441 0.891415
vt 0.307477 0.881423
vt 0.011406 0.952532
vt 0.000000 0.921189
vt 0.016223 0.934912
vt 0.147973 0.165712
vt 0.979761 0.652550
vt 0.891238 0.399514
vt 0.616089 0.965144
vt 0.610958 0.965063
vt 0.066068 0.595075
vt 0.069515 0.587413
vt 0.069515 0.624970
vt 0.724311 0.980933
vt 0.711353 0.975146
vt 0.724311 0.962907
vt 0.879606 0.375317
vt 0.914443 0.576768
vt 0.899858 0.565051
vt 0.908292 0.570824
vt 0.405520 0.961926
vt 0.379930 0.580051
vt 0.394717 0.596388
vt 0.371166 0.576032
vt 0.557714 0.979495
vt 0.383823 0.967978
vt 0.377230 0.940297
vt 0.383823 0.939677
vt 0.711180 0.861247
vt 0.702702 0.903198
vt 0.664935 0.974196
vt 0.016887 0.953136
vt 0.048835 0.061842
vt 0.000000 0.773355
vt 0.016331 0.795673
vt 0.003517 0.802212
vt 0.786531 0.885225
vt 0.693949 0.291036
vt 0.711907 0.294498
vt 0.693949 0.326601
vt 0.344678 0.781405
vt 0.352948 0.797698
vt 0.344010 0.795359
vt 0.712389 0.079757
vt 0.933439 0.199698
vt 0.911550 0.188552
vt 0.918149 0.176848
vt 0.824645 0.005652
vt 0.561314 0.987971
vt 0.565579 0.979495
vt 0.565579 0.997241
vt 0.853905 0.479951
vt 0.832223 0.463394
vt 0.242928 0.537986
vt 0.238656 0.539326
vt 0.238656 0.509136
vt 0.913219 0.970032
vt 0.225265 0.801156
vt 0.846116 0.339840
vt 0.371166 0.965933
vt 0.052519 0.956624
vt 0.046418 0.963364
vt 0.046418 0.909042
vt 0.051822 0.920457
vt 0.579886 0.076327
vt 0.700176 0.168645
vt 0.706720 0.170585
vt 0.876608 0.959093
vt 0.884666 0.956887
vt 0.884929 0.969488
vt 0.875876 0.969850
vt 0.888218 0.959121
vt 0.778633 0.976218
vt 0.771227 0.990239
vt 0.771227 0.963513
vt 0.886680 0.947556
vt 0.411415 0.747149
vt 0.967199 0.982272
vt 0.974727 0.976384
vt 0.974727 0.993515
vt 0.982909 0.263948
vt 0.974515 0.273551
vt 0.974515 0.260293
vt 0.419371 0.772511
vt 0.420086 0.180252
vt 0.396403 0.187394
vt 0.387043 0.179366
vt 0.283494 0.600152
vt 0.697028 0.088973
vt 0.948711 0.397873
vt 0.939337 0.447709
vt 0.941960 0.380490
vt 0.641967 0.949072
vt 0.654050 0.930295
vt 0.651717 0.957771
vt 0.238656 0.124050
vt 0.395024 0.614504
vt 0.248546 0.485202
vt 0.044478 0.988076
vt 0.044478 0.963364
vt 0.052842 0.974659
vt 0.693450 0.846890
vt 0.703582 0.797426
vt 0.711063 0.846890
vt 0.180258 0.795906
vt 0.191099 0.783585
vt 0.211352 0.790991
vt 0.625190 0.908954
vt 0.620395 0.909819
vt 0.620395 0.868690
vt 0.982706 0.247654
vt 0.988708 0.224724
vt 0.967978 0.993809
vt 0.995836 0.207333
vt 0.999617 0.195206
vt 0.999617 0.221209
vt 0.876608 0.931227
vt 0.398369 0.726181
vt 0.555326 0.837125
vt 0.543304 0.894458
vt 0.528848 0.895344
vt 0.265859 0.602808
vt 0.262222 0.584414
vt 0.308597 0.918054
vt 0.314208 0.954914
vt 0.306421 0.931276
vt 0.818374 0.473203
vt 0.826632 0.330024
vt 0.838428 0.328752
vt 0.370054 0.443701
vt 0.371065 0.466139
vt 0.370054 0.477939
vt 0.735023 0.423341
vt 0.732796 0.415281
vt 0.744914 0.418624
vt 0.807169 0.397533
vt 0.725269 0.296383
vt 0.499038 0.165973
vt 0.498184 0.169105
vt 0.487122 0.161055
vt 0.180257 0.949005
vt 0.180257 0.965488
vt 0.176104 0.963237
vt 0.320995 0.981940
vt 0.325025 0.986754
vt 0.320995 0.994845
vt 0.883576 0.942613
vt 0.351971 0.810509
vt 0.194272 0.969119
vt 0.184419 0.983427
vt 0.197135 0.976210
vt 0.949379 0.447709
vt 0.239774 0.140845
vt 0.993655 0.070006
vt 0.999220 0.084557
vt 0.993655 0.090543
vt 0.874854 0.064536
vt 0.874854 0.083660
vt 0.883925 0.564597
vt 0.852313 0.576768
vt 0.883781 0.557563
vt 0.325441 0.915492
vt 0.031947 0.044322
vt 0.739700 0.462560
vt 0.341503 0.813202
vt 0.155581 0.948712
vt 0.154999 0.953576
vt 0.140012 0.950286
vt 0.416914 0.731439
vt 0.927437 0.521172
vt 0.936264 0.524056
vt 0.927437 0.536865
vt 0.276415 0.870388
vt 0.265094 0.866783
vt 0.276415 0.851952
vt 0.419371 0.739883
vt 0.555623 0.895344
vt 0.977217 0.049798
vt 0.977217 0.068790
vt 0.964466 0.061904
vt 0.307303 0.952698
vt 0.252253 0.502825
vt 0.349957 0.542457
vt 0.317998 0.579665
vt 0.356714 0.512965
vt 0.111902 0.358608
vt 0.110950 0.351314
vt 0.111902 0.341115
vt 0.251603 0.569646
vt 0.867341 0.564810
vt 0.306593 0.918054
vt 0.145281 0.155771
vt 0.133525 0.156029
vt 0.150802 0.136643
vt 0.705042 0.165108
vt 0.183165 0.754164
vt 0.695522 0.176513
vt 0.959968 0.424630
vt 0.970190 0.461826
vt 0.959433 0.455143
vt 0.970190 0.422507
vt 0.471762 0.178694
vt 0.649332 0.113235
vt 0.659616 0.107292
vt 0.659616 0.118712
vt 0.543511 0.835481
vt 0.914443 0.550358
vt 0.143563 0.857730
vt 0.149152 0.889961
vt 0.143563 0.905240
vt 0.974933 0.976384
vt 0.967199 0.962195
vt 0.974933 0.932791
vt 0.765604 0.644378
vt 0.718182 0.649227
vt 0.737307 0.643418
vt 0.458294 0.192199
vt 0.453426 0.162231
vt 0.458294 0.151724
vt 0.005594 0.957278
vt 0.631909 0.302301
vt 0.610297 0.312067
vt 0.621039 0.318322
vt 0.104373 0.053456
vt 0.850990 0.723399
vt 0.849242 0.705228
vt 0.864360 0.726230
vt 0.561314 0.991938
vt 0.556342 0.986534
vt 0.561314 0.979495
vt 0.370333 0.814353
vt 0.348031 0.823014
vt 0.553558 0.979898
vt 0.462494 0.559309
vt 0.843451 0.468392
vt 0.845837 0.370794
vt 0.719949 0.805958
vt 0.716641 0.805784
vt 0.711353 0.803530
vt 0.938752 0.227917
vt 0.935093 0.254808
vt 0.935093 0.224632
vt 0.599381 0.793988
vt 0.601532 0.774641
vt 0.601532 0.800554
vt 0.033647 0.985165
vt 0.039500 0.970673
vt 0.044079 0.984371
vt 0.000000 0.953252
vt 0.033647 0.967746
vt 0.341211 0.879843
vt 0.333748 0.873519
vt 0.341211 0.837962
vt 0.628990 0.328062
vt 0.960399 0.653479
vt 0.947753 0.642867
vt 0.960399 0.622421
vt 0.942223 0.966692
vt 0.938644 0.969096
vt 0.938644 0.957038
vt 0.726580 0.809148
vt 0.579512 0.142084
vt 0.579512 0.155793
vt 0.578193 0.149540
vt 0.859225 0.046961
vt 0.869199 0.041487
vt 0.863601 0.050486
vt 0.875378 0.042356
vt 0.862458 0.058786
vt 0.868780 0.060450
vt 0.878234 0.054710
vt 0.885684 0.063343
vt 0.885684 0.000000
vt 0.649853 0.176607
vt 0.945492 0.637486
vt 0.836031 0.182094
vt 0.826333 0.187932
vt 0.833598 0.160546
vt 0.297268 0.954914
vt 0.090524 0.997567
vt 0.084319 0.984609
vt 0.090524 0.976890
vt 0.936850 0.220606
vt 0.578193 0.154747
vt 0.578193 0.180647
vt 0.553652 0.128452
vt 0.853543 0.546453
vt 0.172358 0.194381
vt 0.194680 0.191982
vt 0.153188 0.211818
vt 0.704204 0.995168
vt 0.697534 0.994701
vt 0.704204 0.971629
vt 0.768585 0.610986
vt 0.842683 0.961703
vt 0.851319 0.940560
vt 0.845605 0.968328
vt 0.916430 0.807588
vt 0.919657 0.796315
vt 0.932514 0.791129
vt 0.537484 0.996946
vt 0.534274 0.988398
vt 0.537484 0.982074
vt 0.930443 0.815519
vt 0.930838 0.823513
vt 0.913787 0.815519
vt 0.473281 0.168486
vt 0.868254 0.711268
vt 0.384844 0.165766
vt 0.394848 0.151724
vt 0.863018 0.156050
vt 0.845811 0.159131
vt 0.846502 0.092900
vt 0.931328 0.220606
vt 0.911550 0.207844
vt 0.416598 0.567121
vt 0.427240 0.589896
vt 0.718166 0.810565
vt 0.214956 0.387346
vt 0.211172 0.336348
vt 0.223101 0.341495
vt 0.052842 0.962771
vt 0.396798 0.192034
vt 0.392734 0.190943
vt 0.396798 0.187883
vt 0.851319 0.977531
vt 0.909690 0.941785
vt 0.894889 0.951684
vt 0.894013 0.941750
vt 0.125671 0.620613
vt 0.152886 0.648256
vt 0.133592 0.639803
vt 0.317861 0.916341
vt 0.163654 0.221331
vt 0.930794 0.975231
vt 0.936343 0.966723
vt 0.936809 0.972844
vt 0.891795 0.778968
vt 0.912147 0.773906
vt 0.904161 0.790833
vt 0.468440 0.174883
vt 0.350783 0.827533
vt 0.356764 0.829869
vt 0.354184 0.838305
vt 0.552737 0.989997
vt 0.948738 0.453332
vt 0.949378 0.462342
vt 0.938786 0.462342
vt 0.941136 0.447709
vt 0.267441 0.622446
vt 0.211172 0.441081
vt 0.225505 0.441429
vt 0.872672 0.153884
vt 0.111064 0.645660
vt 0.115133 0.623409
vt 0.115133 0.664179
vt 0.406619 0.614156
vt 0.818034 0.498879
vt 0.812287 0.558887
vt 0.814676 0.484702
vt 0.097895 0.429707
vt 0.099579 0.422644
vt 0.111761 0.421062
vt 0.838224 0.969905
vt 0.832085 0.954888
vt 0.842683 0.957125
vt 0.796196 0.991117
vt 0.800951 0.981896
vt 0.800951 0.994307
vt 0.823270 0.458462
vt 0.827399 0.458991
vt 0.823131 0.463181
vt 0.278757 0.569084
vt 0.712275 0.807931
vt 0.076768 0.612547
vt 0.113843 0.596261
vt 0.070545 0.623409
vt 0.400125 0.192034
vt 0.396798 0.188975
vt 0.400125 0.187640
vt 0.452479 0.180304
vt 0.601596 0.965143
vt 0.616089 0.979538
vt 0.601596 0.980253
vt 0.155579 0.222925
vt 0.912147 0.804421
vt 0.923776 0.781627
vt 0.924550 0.964662
vt 0.458310 0.192073
vt 0.768706 0.568115
vt 0.748051 0.579904
vt 0.757151 0.567392
vt 0.344026 0.840477
vt 0.147060 0.968038
vt 0.803860 0.091779
vt 0.793632 0.088405
vt 0.371166 0.660766
vt 0.383837 0.662274
vt 0.229941 0.394164
vt 0.236077 0.440415
vt 0.863396 0.092900
vt 0.974515 0.227792
vt 0.974515 0.269947
vt 0.964472 0.249211
vt 0.562608 0.123441
vt 0.831697 0.967288
vt 0.825765 0.452270
vt 0.823131 0.454090
vt 0.912147 0.827417
vt 0.983809 0.208625
vt 0.976775 0.193486
vt 0.986235 0.193486
vt 0.081365 0.965142
vt 0.080059 0.948867
vt 0.090524 0.948867
vt 0.930595 0.092900
vt 0.937870 0.101630
vt 0.937870 0.139623
vt 0.778633 0.861473
vt 0.919837 0.132165
vt 0.922324 0.109497
vt 0.902390 0.802934
vt 0.891779 0.818848
vt 0.872243 0.967038
vt 0.869946 0.987385
vt 0.862919 0.967038
vt 0.863071 0.689008
vt 0.854343 0.695572
vt 0.855160 0.678486
vt 0.869693 0.702596
vt 0.809862 0.180291
vt 0.831509 0.895578
vt 0.821447 0.860101
vt 0.831509 0.842575
vt 0.243830 0.645203
vt 0.333524 0.469540
vt 0.344517 0.468424
vt 0.570134 0.114891
vt 0.024951 0.994081
vt 0.017375 0.986523
vt 0.024951 0.981103
vt 0.831697 0.940560
vt 0.492506 0.875284
vt 0.500446 0.879637
vt 0.493566 0.889291
vt 0.909690 0.962296
vt 0.998541 0.461451
vt 0.994324 0.449057
vt 0.998541 0.436097
vt 0.917032 0.834486
vt 0.898269 0.159954
vt 0.902064 0.176474
vt 0.894430 0.168728
vt 0.582747 0.973761
vt 0.580611 0.941654
vt 0.588705 0.970729
vt 0.080006 0.068677
vt 0.182051 0.666411
vt 0.179540 0.657681
vt 0.182051 0.640985
vt 0.722511 0.314501
vt 0.471227 0.156634
vt 0.370333 0.853995
vt 0.995102 0.823697
vt 0.988584 0.839841
vt 0.988584 0.817467
vt 0.087780 0.494223
vt 0.094684 0.415067
vt 0.260684 0.468423
vt 0.452883 0.653536
vt 0.464248 0.650789
vt 0.482546 0.651997
vt 0.079500 0.604653
vt 0.123646 0.589471
vt 0.120717 0.606516
vt 0.115153 0.605401
vt 0.498369 0.875788
vt 0.723886 0.658556
vt 0.718182 0.657755
vt 0.723886 0.649227
vt 0.831321 0.463147
vt 0.827399 0.457529
vt 0.831321 0.452270
vt 0.130423 0.617126
vt 0.852313 0.532872
vt 0.979256 0.210742
vt 0.956220 0.984254
vt 0.956220 0.967526
vt 0.967199 0.971241
vt 0.926523 0.833220
vt 0.209268 0.759965
vt 0.698391 0.190322
vt 0.991778 0.705962
vt 0.991778 0.683871
vt 0.997642 0.695044
vt 0.658133 0.190278
vt 0.787761 0.576393
vt 0.774188 0.561912
vt 0.786364 0.092873
vt 0.785406 0.088008
vt 0.140012 0.958728
vt 0.352231 0.850732
vt 0.801152 0.495336
vt 0.329184 0.507016
vt 0.937716 0.069422
vt 0.937716 0.050849
vt 0.941651 0.061314
vt 0.371166 0.870115
vt 0.371772 0.859488
vt 0.373481 0.863706
vt 0.123435 0.614947
vt 0.102058 0.590761
vt 0.111064 0.713517
vt 0.114787 0.706301
vt 0.114787 0.727183
vt 0.924550 0.979282
vt 0.180258 0.868901
vt 0.207695 0.857685
vt 0.207695 0.903253
vt 0.952181 0.475587
vt 0.956246 0.463394
vt 0.955677 0.481772
vt 0.642550 0.175371
vt 0.787761 0.535164
vt 0.758497 0.557101
vt 0.642628 0.972578
vt 0.638422 0.965806
vt 0.642628 0.957771
vt 0.794090 0.072921
vt 0.238656 0.610928
vt 0.954735 0.222103
vt 0.954735 0.181390
vt 0.965403 0.188641
vt 0.452265 0.723598
vt 0.439770 0.663720
vt 0.451769 0.669366
vt 0.087125 0.427989
vt 0.935116 0.357581
vt 0.935116 0.311430
vt 0.945147 0.332243
vt 0.969042 0.118556
vt 0.968776 0.111166
vt 0.975749 0.117115
vt 0.579886 0.102528
vt 0.024573 0.977713
vt 0.376245 0.879044
vt 0.943925 0.608261
vt 0.946736 0.589776
vt 0.957713 0.621992
vt 0.374634 0.849117
vt 0.995620 0.754742
vt 0.995620 0.736930
vt 0.999247 0.743688
vt 0.549276 0.155432
vt 0.981257 0.219469
vt 0.173767 0.244889
vt 0.106368 0.584224
vt 0.082729 0.976890
vt 0.909261 0.157227
vt 0.102025 0.398597
vt 0.087385 0.359738
vt 0.102855 0.373659
vt 0.933819 0.773906
vt 0.902407 0.835662
vt 0.912147 0.829586
vt 0.892313 0.420858
vt 0.732597 0.303883
vt 0.732597 0.291036
vt 0.735765 0.295757
vt 0.237924 0.947625
vt 0.224703 0.923016
vt 0.458310 0.143177
vt 0.764849 0.088853
vt 0.747629 0.093706
vt 0.764849 0.068989
vt 0.420086 0.156711
vt 0.813217 0.160546
vt 0.294411 0.648546
vt 0.966160 0.222242
vt 0.245026 0.111417
vt 0.485421 0.661443
vt 0.969555 0.099665
vt 0.975749 0.070006
vt 0.372381 0.890897
vt 0.377763 0.890246
vt 0.568349 0.186298
vt 0.507087 0.903956
vt 0.383140 0.873847
vt 0.382939 0.867946
vt 0.277300 0.998684
vt 0.277300 0.978881
vt 0.282826 0.991869
vt 0.633693 0.990307
vt 0.625280 0.976531
vt 0.633693 0.974265
vt 0.929367 0.983481
vt 0.948500 0.140998
vt 0.951082 0.122692
vt 0.964770 0.140998
vt 0.922408 0.808697
vt 0.758457 0.382880
vt 0.732795 0.399454
vt 0.732795 0.343843
vt 0.043255 0.741354
vt 0.043255 0.782624
vt 0.962836 0.485972
vt 0.964565 0.502084
vt 0.959763 0.502364
vt 0.371086 0.989578
vt 0.362549 0.983181
vt 0.371086 0.966697
vt 0.778620 0.541568
vt 0.768257 0.549633
vt 0.873978 0.678160
vt 0.854004 0.666903
vt 0.744521 0.065172
vt 0.738847 0.087017
vt 0.941301 0.524891
vt 0.952181 0.470961
vt 0.085869 0.415382
vt 0.803089 0.483172
vt 0.787288 0.497553
vt 0.784971 0.535164
vt 0.768152 0.505234
vt 0.087590 0.404652
vt 0.805253 0.985527
vt 0.800951 0.996915
vt 0.371153 0.366379
vt 0.371153 0.395828
vt 0.369768 0.384641
vt 0.261895 0.582580
vt 0.267533 0.582434
vt 0.432564 0.967336
vt 0.438886 0.980424
vt 0.432564 0.992417
vt 0.748051 0.510543
vt 0.748051 0.463394
vt 0.995674 0.956826
vt 0.995674 0.932339
vt 0.999946 0.947910
vt 0.740666 0.415281
vt 0.740762 0.400418
vt 0.394236 0.857603
vt 0.176209 0.635949
vt 0.846116 0.364139
vt 0.857378 0.370672
vt 0.868618 0.389302
vt 0.933819 0.815519
vt 0.416626 0.932776
vt 0.427216 0.937144
vt 0.432564 0.956120
vt 0.588705 0.932953
vt 0.005394 0.752575
vt 0.091184 0.079107
vt 0.180258 0.966736
vt 0.190850 0.949350
vt 0.197135 0.964967
vt 0.850571 0.778304
vt 0.881784 0.767008
vt 0.874161 0.776954
vt 0.197135 0.950091
vt 0.849242 0.662012
vt 0.866141 0.659781
vt 0.139284 0.948712
vt 0.147950 0.905906
vt 0.163236 0.782104
vt 0.179791 0.728132
vt 0.179791 0.787840
vt 0.965783 0.749693
vt 0.954135 0.743907
vt 0.958368 0.731552
vt 0.496177 0.666416
vt 0.266125 0.109444
vt 0.240584 0.105132
vt 0.253247 0.109470
vt 0.805253 0.973745
vt 0.812175 0.975911
vt 0.805253 0.994497
vt 0.371166 0.901490
vt 0.279991 0.109047
vt 0.541743 0.994001
vt 0.537484 0.984522
vt 0.541743 0.982074
vt 0.290221 0.542997
vt 0.385996 0.884436
vt 0.097554 0.950278
vt 0.091889 0.954477
vt 0.091889 0.911795
vt 0.957713 0.576931
vt 0.504592 0.871159
vt 0.980966 0.160575
vt 0.974471 0.183762
vt 0.295061 0.667199
vt 0.295061 0.637859
vt 0.297268 0.639918
vt 0.863155 0.373346
vt 0.397635 0.867735
vt 0.024020 0.053808
vt 0.017588 0.047508
vt 0.028047 0.051553
vt 0.091530 0.970865
vt 0.105007 0.954477
vt 0.103579 0.965599
vt 0.432564 0.916524
vt 0.092846 0.360071
vt 0.952181 0.504780
vt 0.277925 0.653111
vt 0.789610 0.556766
vt 0.432531 0.725824
vt 0.950761 0.358124
vt 0.582036 0.774641
vt 0.591887 0.774819
vt 0.582213 0.803831
vt 0.993060 0.060853
vt 0.992177 0.041570
vt 0.996724 0.051705
vt 0.111942 0.457330
vt 0.111942 0.420945
vt 0.115140 0.443275
vt 0.938798 0.989592
vt 0.937556 0.969747
vt 0.945919 0.969747
vt 0.400391 0.890356
vt 0.964786 0.932791
vt 0.955107 0.931979
vt 0.957335 0.906347
vt 0.470068 0.977030
vt 0.467262 0.961807
vt 0.480267 0.980175
vt 0.913677 0.176848
vt 0.229266 0.762526
vt 0.189215 0.120119
vt 0.115104 0.788971
vt 0.112510 0.796451
vt 0.112510 0.775352
vt 0.762823 0.328752
vt 0.111009 0.327875
vt 0.115140 0.293893
vt 0.897849 0.531964
vt 0.892371 0.523790
vt 0.901140 0.505364
vt 0.851882 0.956405
vt 0.851882 0.927758
vt 0.857640 0.949217
vt 0.861783 0.944357
vt 0.862615 0.953000
vt 0.492506 0.948407
vt 0.498916 0.964086
vt 0.492506 0.985555
vt 0.443644 0.932736
vt 0.438320 0.879258
vt 0.449898 0.935307
vt 0.050978 0.072222
vt 0.862417 0.939538
vt 0.991352 0.754742
vt 0.991352 0.738535
vt 0.995620 0.747378
vt 0.236332 0.924532
vt 0.508648 0.579330
vt 0.498881 0.722985
vt 0.276402 0.469170
vt 0.293278 0.497106
vt 0.120156 0.581355
vt 0.145907 0.589985
vt 0.079852 0.426985
vt 0.943524 0.982345
vt 0.996724 0.032093
vt 0.083172 0.590479
vt 0.480267 0.963552
vt 0.523795 0.882760
vt 0.937870 0.070006
vt 0.946368 0.089304
vt 0.941656 0.139623
vt 0.987305 0.561556
vt 0.991720 0.522406
vt 0.991720 0.562963
vt 0.594773 0.981860
vt 0.600823 0.977878
vt 0.598017 0.991918
vt 0.238090 0.914865
vt 0.234533 0.904753
vt 0.238090 0.875935
vt 0.489313 0.327253
vt 0.497593 0.316364
vt 0.509828 0.312511
vt 0.067778 0.491196
vt 0.979316 0.032093
vt 0.986806 0.008114
vt 0.576471 0.812037
vt 0.572019 0.850468
vt 0.432531 0.660778
vt 0.078116 0.593703
vt 0.069542 0.602366
vt 0.312450 0.578308
vt 0.789610 0.463394
vt 0.236650 0.436996
vt 0.236650 0.403372
vt 0.238633 0.418973
vt 0.269324 0.951430
vt 0.263576 0.956326
vt 0.261254 0.941721
vt 0.215935 0.203233
vt 0.208373 0.195109
vt 0.877809 0.540480
vt 0.527193 0.693356
vt 0.526346 0.710775
vt 0.517319 0.714156
vt 0.913677 0.155142
vt 0.520500 0.697418
vt 0.201052 0.737575
vt 0.648849 0.502160
vt 0.649122 0.494224
vt 0.665351 0.476337
vt 0.763482 0.590425
vt 0.850972 0.767138
vt 0.973198 0.343138
vt 0.979619 0.338642
vt 0.975966 0.358570
vt 0.528848 0.661936
vt 0.525820 0.665325
vt 0.523325 0.644258
vt 0.517319 0.641959
vt 0.238873 0.753115
vt 0.238656 0.749865
vt 0.252868 0.757157
vt 0.885684 0.058753
vt 0.901361 0.008870
vt 0.908867 0.062996
vt 0.908867 0.000000
vt 0.583372 0.851514
vt 0.081113 0.436369
vt 0.315497 0.474523
vt 0.432513 0.972362
vt 0.432513 0.996349
vt 0.426874 0.991989
vt 0.981430 0.532923
vt 0.987305 0.522406
vt 0.987305 0.559893
vt 0.961456 0.899151
vt 0.178700 0.653998
vt 0.177695 0.237376
vt 0.655420 0.328101
vt 0.651369 0.324332
vt 0.655420 0.302301
vt 0.948500 0.113453
vt 0.229717 0.769725
vt 0.770843 0.349995
vt 0.237963 0.793941
vt 0.231155 0.779339
vt 0.229717 0.757937
vt 0.502691 0.666179
vt 0.975483 0.305219
vt 0.975483 0.274530
vt 0.983856 0.299990
vt 0.136911 0.575805
vt 0.104883 0.953358
vt 0.009082 0.066292
vt 0.532685 0.719077
vt 0.543383 0.713052
vt 0.528848 0.732857
vt 0.508535 0.455885
vt 0.521598 0.463250
vt 0.487356 0.463394
vt 0.600823 0.997921
vt 0.449898 0.865493
vt 0.107797 0.911795
vt 0.113319 0.950469
vt 0.107797 0.966035
vt 0.865465 0.761302
vt 0.859258 0.901837
vt 0.995059 0.296913
vt 0.989483 0.279279
vt 0.995059 0.269067
vt 0.180258 0.673341
vt 0.183632 0.671375
vt 0.190907 0.684429
vt 0.737263 0.075628
vt 0.453180 0.587034
vt 0.516224 0.721500
vt 0.599381 0.851514
vt 0.596622 0.786455
vt 0.965783 0.706589
vt 0.149733 0.312400
vt 0.115153 0.302516
vt 0.116606 0.291136
vt 0.067778 0.398245
vt 0.519516 0.174484
vt 0.541187 0.189193
vt 0.303318 0.372445
vt 0.309695 0.386487
vt 0.288620 0.358991
vt 0.137138 0.453629
vt 0.129063 0.516486
vt 0.122218 0.474088
vt 0.212342 0.209180
vt 0.212004 0.222596
vt 0.140585 0.077420
vt 0.143997 0.144027
vt 0.017725 0.067837
vt 0.539270 0.711456
vt 0.237963 0.737575
vt 0.541984 0.965056
vt 0.528848 0.955076
vt 0.541984 0.933232
vt 0.050253 0.083110
vt 0.935116 0.358124
vt 0.946900 0.363180
vt 0.937515 0.362786
vt 0.849758 0.760550
vt 0.493231 0.313581
vt 0.276718 0.769090
vt 0.287666 0.788136
vt 0.988774 0.437488
vt 0.984336 0.446290
vt 0.982945 0.425690
vt 0.107797 0.928918
vt 0.526791 0.132512
vt 0.523795 0.906123
vt 0.269324 0.901254
vt 0.186635 0.894526
vt 0.897786 0.432793
vt 0.588705 0.950744
vt 0.598920 0.964048
vt 0.588705 0.977878
vt 0.594314 0.950298
vt 0.528848 0.753864
vt 0.875125 0.667407
vt 0.937870 0.133855
vt 0.995836 0.221209
vt 0.991949 0.194260
vt 0.995836 0.186960
vt 0.988288 0.133921
vt 0.981099 0.114208
vt 0.371153 0.419646
vt 0.369487 0.417699
vt 0.868618 0.311430
vt 0.488042 0.431545
vt 0.395034 0.925465
vt 0.393825 0.921228
vt 0.687046 0.465714
vt 0.684892 0.463394
vt 0.884931 0.515699
vt 0.895587 0.478214
vt 0.855802 0.903811
vt 0.139411 0.286269
vt 0.772661 0.473403
vt 0.161598 0.604933
vt 0.955107 0.882997
vt 0.932575 0.708688
vt 0.932575 0.654623
vt 0.941425 0.696172
vt 0.162688 0.761238
vt 0.115153 0.790427
vt 0.163236 0.728132
vt 0.718182 0.607207
vt 0.019772 0.075390
vt 0.935116 0.380189
vt 0.983569 0.963272
vt 0.983569 0.935824
vt 0.990860 0.950230
vt 0.281691 0.769376
vt 0.114528 0.916439
vt 0.939057 0.546852
vt 0.952860 0.539132
vt 0.952860 0.575091
vt 0.287834 0.738274
vt 0.979416 0.278794
vt 0.288390 0.558434
vt 0.367747 0.593952
vt 0.371057 0.579665
vt 0.371057 0.611367
vt 0.309814 0.092274
vt 0.275447 0.108992
vt 0.332032 0.069539
vt 0.292697 0.422553
vt 0.115153 0.497430
vt 0.988597 0.737332
vt 0.982989 0.717724
vt 0.988597 0.706589
vt 0.992848 0.592960
vt 0.998327 0.597160
vt 0.992848 0.614642
vt 0.339355 0.460534
vt 0.339355 0.467977
vt 0.334758 0.463551
vt 0.400029 0.918730
vt 0.673032 0.494987
vt 0.287834 0.796492
vt 0.875125 0.686535
vt 0.895990 0.654623
vt 0.880137 0.726230
vt 0.728644 0.934697
vt 0.738890 0.964205
vt 0.978500 0.317839
vt 0.860303 0.850897
vt 0.862711 0.872234
vt 0.565620 0.851514
vt 0.579514 0.858640
vt 0.599381 0.882387
vt 0.516224 0.652076
vt 0.135235 0.327172
vt 0.123874 0.321410
vt 0.992492 0.989478
vt 0.992492 0.963272
vt 0.997197 0.978758
vt 0.244794 0.338963
vt 0.732326 0.649227
vt 0.735934 0.651350
vt 0.732326 0.658876
vt 0.182986 0.249978
vt 0.128871 0.149493
vt 0.123859 0.127382
vt 0.651989 0.524404
vt 0.004736 0.087721
vt 0.492977 0.786437
vt 0.503629 0.814022
vt 0.493847 0.810125
vt 0.540929 0.762019
vt 0.923395 0.310560
vt 0.923395 0.257071
vt 0.938771 0.266482
vt 0.394503 0.913228
vt 0.178700 0.621791
vt 0.182051 0.610294
vt 0.675650 0.916018
vt 0.664458 0.912459
vt 0.655133 0.899007
vt 0.465001 0.326568
vt 0.443786 0.328752
vt 0.412374 0.310818
vt 0.111064 0.623409
vt 0.089434 0.648228
vt 0.091510 0.634301
vt 0.147431 0.454286
vt 0.174545 0.492742
vt 0.348066 0.989101
vt 0.348066 0.966888
vt 0.351326 0.976267
vt 0.451315 0.560675
vt 0.451315 0.545595
vt 0.452702 0.552146
vt 0.369401 0.460534
vt 0.364482 0.465760
vt 0.364287 0.460534
vt 0.140657 0.752773
vt 0.371065 0.489209
vt 0.371065 0.497001
vt 0.370045 0.493983
vt 0.901625 0.440061
vt 0.897638 0.441826
vt 0.536439 0.774641
vt 0.237596 0.709208
vt 0.206337 0.699683
vt 0.119029 0.113515
vt 0.076758 0.115218
vt 0.669705 0.924132
vt 0.565620 0.889824
vt 0.575236 0.889458
vt 0.789610 0.494598
vt 0.527161 0.140881
vt 0.573203 0.453006
vt 0.546665 0.433846
vt 0.580766 0.446585
vt 0.100028 0.625077
vt 0.004875 0.996638
vt 0.004875 0.978769
vt 0.008938 0.987951
vt 0.143277 0.508511
vt 0.229502 0.738389
vt 0.303847 0.996506
vt 0.297268 0.978340
vt 0.303847 0.977321
vt 0.139218 0.964286
vt 0.134139 0.930377
vt 0.139218 0.901358
vt 0.169977 0.077405
vt 0.860518 0.513986
vt 0.853905 0.494505
vt 0.868049 0.498675
vt 0.952453 0.375186
vt 0.993681 0.248739
vt 0.998030 0.251999
vt 0.993681 0.267877
vt 0.881784 0.727028
vt 0.249414 0.661847
vt 0.297268 0.510499
vt 0.460101 0.887067
vt 0.468076 0.854999
vt 0.490544 0.848538
vt 0.176571 0.627519
vt 0.016950 0.929396
vt 0.021330 0.921189
vt 0.021330 0.947312
vt 0.999290 0.421664
vt 0.995123 0.436097
vt 0.995123 0.410844
vt 0.218625 0.219924
vt 0.655388 0.530640
vt 0.946821 0.679824
vt 0.019061 0.739408
vt 0.218243 0.060385
vt 0.238656 0.068966
vt 0.858418 0.463394
vt 0.895990 0.706872
vt 0.583482 0.892295
vt 0.588742 0.878664
vt 0.947550 0.814626
vt 0.954507 0.792779
vt 0.962379 0.802062
vt 0.297268 0.519581
vt 0.490544 0.886591
vt 0.469032 0.302984
vt 0.449330 0.279213
vt 0.297268 0.550370
vt 0.815800 0.984721
vt 0.815800 0.946720
vt 0.820642 0.959353
vt 0.250080 0.408985
vt 0.462730 0.400813
vt 0.452883 0.423301
vt 0.217269 0.225991
vt 0.452810 0.865493
vt 0.452810 0.889069
vt 0.449898 0.884465
vt 0.115339 0.972584
vt 0.119105 0.990527
vt 0.115339 0.999581
vt 0.142756 0.109460
vt 0.869032 0.517054
vt 0.735767 0.586120
vt 0.751241 0.582647
vt 0.895029 0.252601
vt 0.899147 0.248898
vt 0.911550 0.253256
vt 0.490764 0.558568
vt 0.894430 0.239533
vt 0.991073 0.913009
vt 0.991073 0.882997
vt 0.995865 0.898447
vt 0.178700 0.574757
vt 0.078758 0.641718
vt 0.452714 0.907860
vt 0.449898 0.919805
vt 0.449898 0.905549
vt 0.984768 0.735146
vt 0.218482 0.737575
vt 0.492977 0.824606
vt 0.452610 0.890074
vt 0.449898 0.889069
vt 0.556754 0.713051
vt 0.214753 0.713525
vt 0.947550 0.787788
vt 0.298346 0.060070
vt 0.562737 0.402830
vt 0.210167 0.248753
vt 0.660067 0.550992
vt 0.648849 0.542122
vt 0.319701 0.399607
vt 0.318410 0.409069
vt 0.992848 0.601182
vt 0.988003 0.605411
vt 0.988003 0.568792
vt 0.988584 0.881171
vt 0.992778 0.855579
vt 0.519496 0.436464
vt 0.391952 0.911329
vt 0.778633 0.963513
vt 0.772232 0.958620
vt 0.778633 0.910997
vt 0.698597 0.494366
vt 0.227460 0.710741
vt 0.045366 0.089658
vt 0.237048 0.837225
vt 0.238640 0.843631
vt 0.234533 0.842723
vt 0.297247 0.959935
vt 0.285997 0.950564
vt 0.297247 0.913639
vt 0.968649 0.123231
vt 0.964771 0.140998
vt 0.964771 0.121098
vt 0.904019 0.176990
vt 0.911550 0.176848
vt 0.432564 0.931795
vt 0.437741 0.946972
vt 0.437353 0.916524
vt 0.334758 0.460534
vt 0.334758 0.467676
vt 0.329684 0.464068
vt 0.981301 0.726958
vt 0.022258 0.081996
vt 0.700298 0.790198
vt 0.691708 0.780819
vt 0.698240 0.775656
vt 0.985113 0.359152
vt 0.985583 0.343219
vt 0.992335 0.341429
vt 0.919837 0.174949
vt 0.932452 0.139623
vt 0.932452 0.176828
vt 0.469032 0.195927
vt 0.463688 0.217073
vt 0.464201 0.199885
vt 0.141382 0.571305
vt 0.907671 0.463260
vt 0.673438 0.784145
vt 0.693662 0.768839
vt 0.701543 0.797426
vt 0.655133 0.790976
vt 0.126060 0.988520
vt 0.119105 0.993714
vt 0.119105 0.972584
vt 0.655133 0.939761
vt 0.601673 0.800554
vt 0.601673 0.813031
vt 0.599381 0.805662
vt 0.939173 0.532806
vt 0.936683 0.546634
vt 0.437903 0.255647
vt 0.450680 0.242903
vt 0.995692 0.391000
vt 0.995692 0.366903
vt 1.000000 0.369873
vt 0.238633 0.375002
vt 0.238633 0.403372
vt 0.236077 0.390090
vt 0.560341 0.461949
vt 0.557379 0.453050
vt 0.564183 0.453050
vt 0.675023 0.548555
vt 0.914649 0.463394
vt 0.924714 0.484552
vt 0.927437 0.506957
vt 0.879392 0.522738
vt 0.283335 0.995274
vt 0.290007 0.977734
vt 0.290007 0.996092
vt 0.665124 0.990106
vt 0.665124 0.971876
vt 0.668173 0.982177
vt 0.947550 0.760765
vt 0.962187 0.752266
vt 0.879392 0.490950
vt 0.970190 0.439719
vt 0.977902 0.454541
vt 0.974186 0.459544
vt 0.672996 0.688620
vt 0.655133 0.660848
vt 0.657332 0.659781
vt 0.977902 0.424337
vt 0.887595 0.463394
vt 0.111064 0.707667
vt 0.098078 0.704829
vt 0.371058 0.644979
vt 0.368089 0.632603
vt 0.371058 0.611367
vt 0.453451 0.199938
vt 0.238656 0.398219
vt 0.238656 0.344404
vt 0.894013 0.984694
vt 0.888644 0.967142
vt 0.528848 0.982074
vt 0.528848 0.965055
vt 0.541743 0.968908
vt 0.012513 0.117167
vt 0.996047 0.678722
vt 0.996047 0.654623
vt 0.999346 0.675134
vt 0.565493 0.763473
vt 0.697729 0.532171
vt 0.063016 0.137237
vt 0.026263 0.143176
vt 0.916824 0.985714
vt 0.924388 0.978736
vt 0.924388 0.991526
vt 0.916896 0.994270
vt 0.666647 0.928014
vt 0.660647 0.933364
vt 0.961277 0.772791
vt 0.879392 0.508030
vt 0.972596 0.422507
vt 0.437567 0.190272
vt 0.420086 0.178300
vt 0.452480 0.182892
vt 0.909690 0.938329
vt 0.924388 0.910096
vt 0.081633 0.658718
vt 0.744512 0.321765
vt 0.732795 0.304803
vt 0.744711 0.305916
vt 0.396762 0.901490
vt 0.649332 0.107533
vt 0.642799 0.118712
vt 0.638438 0.107533
vt 0.038561 0.087415
vt 0.204770 0.714192
vt 0.191247 0.711079
vt 0.208485 0.703774
vt 0.234533 0.873268
vt 0.259265 0.666906
vt 0.634653 0.873644
vt 0.654951 0.809515
vt 0.190728 0.308251
vt 0.160730 0.287796
vt 0.069542 0.501432
vt 0.676010 0.557854
vt 0.732795 0.327742
vt 0.751328 0.328752
vt 0.990860 0.932339
vt 0.995674 0.953537
vt 0.990860 0.963271
vt 0.575505 0.711350
vt 0.871423 0.529494
vt 0.698078 0.486728
vt 0.517081 0.641561
vt 0.518926 0.630136
vt 0.527780 0.641561
vt 0.683165 0.692650
vt 0.123053 0.122412
vt 0.769685 0.655168
vt 0.768762 0.636863
vt 0.798384 0.645265
vt 0.596298 0.553022
vt 0.601527 0.556485
vt 0.596298 0.630702
vt 0.941955 0.066823
vt 0.951666 0.005459
vt 0.176014 0.964936
vt 0.163786 0.980315
vt 0.163786 0.960581
vt 0.195009 0.293766
vt 0.197077 0.251399
vt 0.186476 0.283282
vt 0.189421 0.265499
vt 0.681451 0.723473
vt 0.689027 0.713909
vt 0.696896 0.734868
vt 0.115153 0.740103
vt 0.123053 0.091482
vt 0.233527 0.719647
vt 0.665302 0.746536
vt 0.685730 0.780818
vt 0.661009 0.748849
vt 0.831042 0.953548
vt 0.820642 0.976445
vt 0.820642 0.946720
vt 0.805253 0.932981
vt 0.815540 0.950163
vt 0.981736 0.850791
vt 0.981736 0.818140
vt 0.988362 0.825383
vt 0.947007 0.263605
vt 0.938771 0.310560
vt 0.938771 0.227792
vt 0.881784 0.741059
vt 0.904478 0.768797
vt 0.889835 0.770380
vt 0.135343 0.069383
vt 0.879392 0.472328
vt 0.655133 0.734868
vt 0.954870 0.773906
vt 0.986281 0.637306
vt 0.992650 0.617096
vt 0.992650 0.646236
vt 0.399614 0.271819
vt 0.452883 0.889632
vt 0.228599 0.237757
vt 0.553160 0.360452
vt 0.580766 0.363439
vt 0.176961 0.053383
vt 0.710423 0.989180
vt 0.704458 0.994884
vt 0.704458 0.981736
vt 0.991352 0.744401
vt 0.982727 0.739933
vt 0.107455 0.145147
vt 0.440716 0.151724
vt 0.452480 0.158235
vt 0.470638 0.554001
vt 0.245347 0.670866
vt 0.528988 0.306491
vt 0.518697 0.322792
vt 0.509828 0.306029
vt 0.907035 0.772247
vt 0.184900 0.301628
vt 0.907035 0.727028
vt 0.486826 0.398709
vt 0.698170 0.709103
vt 0.694150 0.673905
vt 0.205886 0.987312
vt 0.210628 0.991805
vt 0.205360 0.996108
vt 0.247854 0.978928
vt 0.238656 0.987648
vt 0.238656 0.968399
vt 0.149896 0.793595
vt 0.178018 0.846613
vt 0.163251 0.862847
vt 0.256518 0.673734
vt 0.069215 0.885623
vt 0.063536 0.903528
vt 0.056217 0.905381
vt 0.120758 0.543348
vt 0.115153 0.523746
vt 0.706751 0.730353
vt 0.861123 0.850897
vt 0.852838 0.834422
vt 0.862919 0.846156
vt 0.211488 0.985016
vt 0.205360 0.972054
vt 0.689126 0.577876
vt 0.676559 0.581534
vt 0.689126 0.562898
vt 0.889841 0.636203
vt 0.910603 0.601360
vt 0.902104 0.639726
vt 0.089867 0.712388
vt 0.053528 0.888091
vt 0.425598 0.230822
vt 0.601680 0.695447
vt 0.596298 0.644681
vt 0.601680 0.630702
vt 0.068969 0.860632
vt 0.552330 0.933232
vt 0.552330 0.971882
vt 0.541984 0.959997
vt 0.547724 0.935704
vt 0.279052 0.439127
vt 0.700740 0.513419
vt 0.231798 0.040653
vt 0.121284 0.151352
vt 0.188289 0.726354
vt 0.911499 0.642139
vt 0.650365 0.991407
vt 0.648775 0.979900
vt 0.657485 0.979900
vt 0.902946 0.600450
vt 0.665412 0.939761
vt 0.675650 0.964306
vt 0.665412 0.971876
vt 0.788567 0.949026
vt 0.778633 0.953448
vt 0.779248 0.935848
vt 0.178100 0.332998
vt 0.328247 0.026262
vt 0.062402 0.847783
vt 0.028672 0.860632
vt 0.051777 0.845350
vt 0.887722 0.807476
vt 0.890550 0.816632
vt 0.862919 0.805677
vt 0.237608 0.875935
vt 0.609779 0.431535
vt 0.624820 0.429446
vt 0.610713 0.446322
vt 0.635457 0.440218
vt 0.421799 0.159470
vt 0.096175 0.723138
vt 0.084251 0.728145
vt 0.889840 0.576931
vt 0.287834 0.764345
vt 0.297107 0.738274
vt 0.297107 0.786888
vt 0.764272 0.130127
vt 0.774432 0.116196
vt 0.780979 0.113977
vt 0.069542 0.663341
vt 0.423896 0.267607
vt 0.177298 0.718189
vt 0.177298 0.727222
vt 0.172449 0.719363
vt 0.213033 0.291960
vt 0.891704 0.797834
vt 0.324028 0.434855
vt 0.319669 0.438725
vt 0.000000 0.110400
vt 0.066945 0.175041
vt 0.419371 0.809304
vt 0.420208 0.739147
vt 0.428853 0.733625
vt 0.508648 0.578696
vt 0.523365 0.593052
vt 0.523300 0.599019
vt 0.400263 0.288969
vt 0.899777 0.967876
vt 0.908056 0.971506
vt 0.895545 0.974988
vt 0.425680 0.725824
vt 0.441451 0.742781
vt 0.805253 0.966175
vt 0.805253 0.981896
vt 0.791744 0.971157
vt 0.523790 0.399194
vt 0.831697 0.829538
vt 0.962379 0.773906
vt 0.972673 0.798178
vt 0.962379 0.816988
vt 0.577674 0.745487
vt 0.581384 0.716583
vt 0.365382 0.966697
vt 0.365382 0.901321
vt 0.371086 0.932840
vt 0.609779 0.461424
vt 0.616200 0.450960
vt 0.627626 0.454574
vt 0.528988 0.328246
vt 0.827746 0.989756
vt 0.831321 0.976444
vt 0.831321 0.996304
vt 0.069215 0.914060
vt 0.156614 0.336348
vt 0.301068 0.021772
vt 0.344426 0.036204
vt 0.079302 0.178972
vt 0.535192 0.592702
vt 0.528864 0.630136
vt 0.783144 0.961431
vt 0.535192 0.554001
vt 0.008938 0.991442
vt 0.016887 0.978769
vt 0.016887 0.993403
vt 0.316437 0.837963
vt 0.321508 0.813140
vt 0.341503 0.831159
vt 0.002457 0.872525
vt 0.000000 0.830478
vt 0.015404 0.856835
vt 0.339832 0.817482
vt 0.870106 0.835662
vt 0.842500 0.827179
vt 0.918373 0.527417
vt 0.142574 0.055113
vt 0.669079 0.573935
vt 0.678379 0.558722
vt 0.755575 0.188436
vt 0.763986 0.151884
vt 0.766712 0.190140
vt 0.437634 0.809304
vt 0.871169 0.891707
vt 0.873457 0.897844
vt 0.862919 0.905155
vt 0.976775 0.209254
vt 0.966160 0.193486
vt 0.867965 0.260728
vt 0.873251 0.253256
vt 0.873251 0.264720
vt 0.317658 0.997558
vt 0.317658 0.981940
vt 0.320995 0.994826
vt 0.137761 0.546142
vt 0.149152 0.842814
vt 0.759144 0.147575
vt 0.766859 0.143735
vt 0.790553 0.958492
vt 0.762756 0.121017
vt 0.175470 0.995611
vt 0.170974 0.987451
vt 0.175470 0.980314
vt 0.885684 0.092757
vt 0.886912 0.077350
vt 0.905939 0.085825
vt 0.982576 0.814006
vt 0.977792 0.817897
vt 0.977792 0.804231
vt 0.203792 0.319225
vt 0.158809 0.550668
vt 0.429707 0.662274
vt 0.428257 0.683767
vt 0.399667 0.667836
vt 0.796040 0.996023
vt 0.791744 0.997609
vt 0.791744 0.981896
vt 0.180258 0.737575
vt 0.925868 0.766486
vt 0.925868 0.719843
vt 0.935199 0.764352
vt 0.995102 0.817890
vt 0.999132 0.830566
vt 0.995102 0.839841
vt 0.051206 0.801872
vt 0.058160 0.791902
vt 0.062258 0.796112
vt 0.871861 0.931227
vt 0.923222 0.068672
vt 0.926213 0.074693
vt 0.923222 0.080181
vt 0.534025 0.640706
vt 0.527780 0.640607
vt 0.534025 0.630136
vt 0.297268 0.829357
vt 0.260818 0.036527
vt 0.862919 0.779197
vt 0.891779 0.792061
vt 0.851049 0.816447
vt 0.451434 0.808553
vt 0.039670 0.963768
vt 0.033716 0.947793
vt 0.044079 0.967746
vt 0.750017 0.128111
vt 0.295190 0.737891
vt 0.277208 0.727476
vt 0.290962 0.721661
vt 0.481425 0.367181
vt 0.995692 0.399879
vt 0.991409 0.378222
vt 0.943037 0.756896
vt 0.943037 0.719843
vt 0.946749 0.729229
vt 0.177887 0.519449
vt 0.609364 0.992631
vt 0.602546 0.994289
vt 0.602546 0.980253
vt 0.704675 0.660311
vt 0.711353 0.659781
vt 0.017375 0.970820
vt 0.027786 0.967660
vt 0.027786 0.977713
vt 0.023167 0.950732
vt 0.754812 0.099942
vt 0.768050 0.108278
vt 0.435674 0.195999
vt 0.371166 0.253219
vt 0.453084 0.388715
vt 0.922421 0.531784
vt 0.007984 0.130229
vt 0.957713 0.597963
vt 0.969342 0.576931
vt 0.969342 0.615557
vt 0.557379 0.455541
vt 0.548837 0.461964
vt 0.548837 0.453051
vt 0.426874 0.986945
vt 0.416626 0.982582
vt 0.418378 0.976748
vt 0.011284 0.739407
vt 0.000000 0.733337
vt 0.000401 0.712792
vt 0.448422 0.192450
vt 0.242596 0.415427
vt 0.236347 0.250472
vt 0.237943 0.280571
vt 0.981301 0.748593
vt 0.975048 0.729279
vt 0.981301 0.706589
vt 0.432531 0.675304
vt 0.669674 0.565127
vt 0.747947 0.188038
vt 0.886846 0.891954
vt 0.886103 0.899093
vt 0.596298 0.701008
vt 0.601162 0.695447
vt 0.601162 0.704756
vt 0.291444 0.709380
vt 0.896073 0.066721
vt 0.576567 0.463363
vt 0.573956 0.453006
vt 0.580766 0.453006
vt 0.991073 0.924361
vt 0.986690 0.902234
vt 0.991073 0.899601
vt 0.028672 0.802212
vt 0.521598 0.366859
vt 0.115153 0.736843
vt 0.112510 0.751368
vt 0.112510 0.728132
vt 0.943037 0.762020
vt 0.808553 0.585954
vt 0.935151 0.720579
vt 0.598288 0.711027
vt 0.962072 0.581195
vt 0.688329 0.327745
vt 0.678336 0.326810
vt 0.688329 0.315339
vt 0.886846 0.916298
vt 0.315846 0.969399
vt 0.325441 0.961490
vt 0.313658 0.981940
vt 0.426874 0.972362
vt 0.823131 0.463331
vt 0.814825 0.456919
vt 0.823131 0.452270
vt 0.658048 0.987595
vt 0.664935 0.994434
vt 0.330189 0.804472
vt 0.295575 0.913639
vt 0.273522 0.888881
vt 0.295575 0.872362
vt 0.768585 0.602096
vt 0.028672 0.967746
vt 0.579809 0.142084
vt 0.578193 0.136579
vt 0.579809 0.128452
vt 0.325441 0.980475
vt 0.010826 0.699614
vt 0.710342 0.795733
vt 0.701544 0.760565
vt 0.710342 0.734868
vt 0.194874 0.019832
vt 0.970005 0.422507
vt 0.959433 0.387335
vt 0.970005 0.380490
vt 0.469272 0.961807
vt 0.467262 0.943733
vt 0.481776 0.958060
vt 0.909691 0.978736
vt 0.916418 0.989287
vt 0.909691 0.995036
vt 0.195676 0.323920
vt 0.259829 0.442603
vt 0.176703 0.546252
vt 0.938577 0.964662
vt 0.924550 0.956151
vt 0.932057 0.950335
vt 0.935241 0.938222
vt 0.989105 0.882997
vt 0.380725 0.232369
vt 0.977071 0.395642
vt 0.971940 0.392135
vt 0.916824 0.980670
vt 0.978127 0.709702
vt 0.477768 0.336038
vt 0.905939 0.062996
vt 0.938577 0.928060
vt 0.028672 0.848861
vt 0.200093 0.327146
vt 0.859587 0.806482
vt 0.861588 0.798595
vt 0.000053 0.138255
vt 0.169443 0.790427
vt 0.178018 0.811434
vt 0.069542 0.810461
vt 0.097402 0.860523
vt 0.070604 0.859680
vt 0.101937 0.796858
vt 0.053101 0.944491
vt 0.053101 0.929921
vt 0.069215 0.937935
vt 0.060608 0.953839
vt 0.233809 0.313651
vt 0.269592 0.877846
vt 0.988584 0.866135
vt 0.981736 0.881171
vt 0.278165 0.676905
vt 0.295190 0.674553
vt 0.238636 0.795906
vt 0.238636 0.837225
vt 0.234533 0.803323
vt 0.274307 0.457148
vt 0.145619 0.563665
vt 0.182146 0.528507
vt 0.376641 0.689522
vt 0.373613 0.662274
vt 0.012261 0.146975
vt 0.260498 0.697877
vt 0.312243 0.797511
vt 0.311654 0.000000
vt 0.205360 0.991561
vt 0.197605 0.976224
vt 0.025151 0.737412
vt 0.302225 0.804318
vt 0.000000 0.661976
vt 0.032454 0.666635
vt 0.349018 0.002975
vt 0.313646 0.954914
vt 0.313646 0.988369
vt 0.309125 0.959119
vt 0.503406 0.328752
vt 0.031646 0.159312
vt 0.069466 0.790455
vt 0.064752 0.754714
vt 0.069466 0.745065
vt 0.101937 0.856741
vt 0.261254 0.987690
vt 0.261254 0.956326
vt 0.268461 0.984720
vt 0.975043 0.413854
vt 0.218905 0.331460
vt 0.128245 0.553204
vt 0.199314 0.986884
vt 0.069542 0.851565
vt 0.065378 0.846626
vt 0.069542 0.813947
vt 0.063250 0.914060
vt 0.569263 0.347206
vt 0.914649 0.536865
vt 0.428779 0.692797
vt 0.328440 0.800380
vt 0.521598 0.359776
vt 0.065679 0.727652
vt 0.382170 0.937407
vt 0.371166 0.939677
vt 0.371166 0.912387
vt 0.949378 0.451988
vt 0.950196 0.437786
vt 0.958718 0.453244
vt 0.299705 0.464689
vt 0.609364 0.994570
vt 0.609364 0.980253
vt 0.616089 0.987123
vt 0.768585 0.582647
vt 0.631547 0.777417
vt 0.632623 0.772541
vt 0.644040 0.782354
vt 0.646707 0.809515
vt 0.239886 0.709786
vt 0.289145 0.007291
vt 0.959952 0.120325
vt 0.959952 0.070006
vt 0.968776 0.095503
vt 0.263457 0.450246
vt 0.371166 0.690194
vt 0.062725 0.827241
vt 0.151651 0.020155
vt 0.635607 0.808341
vt 0.259365 0.738274
vt 0.303853 0.792466
vt 0.050890 0.688204
vt 0.299705 0.781405
vt 0.320656 0.468424
vt 0.549959 0.328752
vt 0.964960 0.000000
vt 0.973356 0.017169
vt 0.964960 0.045288
vt 0.179548 0.548268
vt 0.297268 0.790497
vt 0.238656 0.316195
vt 0.628840 0.766550
vt 0.646707 0.750361
vt 0.645773 0.763979
vt 0.391476 0.908436
vt 0.263609 0.674752
vt 0.051206 0.701563
vt 0.033665 0.731207
vt 0.978578 0.705279
vt 0.975811 0.692951
vt 0.979282 0.682864
vt 0.417464 0.708658
vt 0.411257 0.712693
vt 0.067175 0.796858
vt 0.806466 0.582981
vt 0.381751 0.901490
vt 0.490984 0.971956
vt 0.483038 0.974389
vt 0.492386 0.959804
vt 0.482007 0.961417
vt 0.415618 0.988011
vt 0.407658 0.979465
vt 0.415761 0.981338
vt 0.949378 0.461947
vt 0.959143 0.462607
vt 0.973526 0.670803
vt 0.979282 0.654623
vt 0.174263 0.571305
vt 0.177833 0.000000
vt 0.180258 0.949350
vt 0.180258 0.903253
vt 0.196437 0.938371
vt 0.922026 0.458498
vt 0.932788 0.454441
vt 0.938103 0.458498
vt 0.384896 0.714455
vt 0.048957 0.182934
vt 0.269715 0.913639
vt 0.278532 0.921054
vt 0.269592 0.953507
vt 0.624497 0.794444
vt 0.407658 0.992713
vt 0.673061 0.457685
vt 0.677081 0.441780
vt 0.681921 0.441770
vt 0.285997 0.953507
vt 0.915232 0.716023
vt 0.918511 0.704058
vt 0.919104 0.719459
vt 0.391952 0.922476
vt 0.214911 0.869312
vt 0.681921 0.463341
vt 0.065714 0.191852
vt 0.918864 0.771144
vt 0.920498 0.732618
vt 0.925868 0.772247
vt 0.929857 0.719669
vt 0.484040 0.956632
vt 0.993878 0.186806
vt 0.986483 0.181623
vt 0.993878 0.170614
vt 0.227445 0.336348
vt 0.927408 0.704058
vt 0.732326 0.658285
vt 0.728425 0.655349
vt 0.976242 0.882579
vt 0.976242 0.866785
vt 0.981736 0.874502
vt 0.452655 0.980943
vt 0.452655 0.961537
vt 0.462513 0.966691
vt 0.745740 0.993524
vt 0.738890 0.988245
vt 0.745740 0.980963
vt 0.970295 0.047314
vt 0.623632 0.780420
vt 0.928455 0.428883
vt 0.369487 0.443701
vt 0.369487 0.419646
vt 0.371065 0.435166
vt 0.530324 0.982074
vt 0.534274 0.988849
vt 0.530324 0.993659
vt 0.238656 0.690667
vt 0.999472 0.172070
vt 0.999472 0.195206
vt 0.995836 0.192037
vt 0.518343 0.329184
vt 0.161278 0.009267
vt 0.292885 0.977258
vt 0.283335 0.977733
vt 0.297247 0.964998
vt 0.457123 0.985959
vt 0.827746 0.986857
vt 0.821443 0.981595
vt 0.256333 0.673734
vt 0.987339 0.604869
vt 0.987339 0.616806
vt 0.982047 0.611693
vt 0.283335 0.959935
vt 0.960399 0.625963
vt 0.970701 0.653479
vt 0.621031 0.773939
vt 0.989483 0.310724
vt 0.989483 0.296913
vt 0.993868 0.299396
vt 0.572249 0.980910
vt 0.565620 0.967409
vt 0.577697 0.977814
vt 0.980966 0.141892
vt 0.986484 0.169197
vt 0.982553 0.168011
vt 0.912741 0.728419
vt 0.915613 0.719843
vt 0.997957 0.733869
vt 0.993971 0.712593
vt 0.997957 0.706589
vt 0.601706 0.783222
vt 0.419150 0.808923
vt 0.416364 0.795328
vt 0.419150 0.789878
vt 0.051177 0.682414
vt 0.492386 0.944396
vt 0.565620 0.982998
vt 0.941910 0.877594
vt 0.956483 0.835662
vt 0.956483 0.880109
vt 0.972552 0.765878
vt 0.962187 0.752085
vt 0.968943 0.753685
vt 0.391837 0.725824
vt 0.608389 0.771917
vt 0.820642 0.994819
vt 0.980966 0.183146
vt 0.962187 0.773906
vt 0.438320 0.954054
vt 0.442351 0.935307
vt 0.450354 0.938071
vt 0.804343 0.842575
vt 0.821447 0.863869
vt 0.802472 0.896012
vt 0.835530 0.901837
vt 0.860303 0.864725
vt 0.856513 0.884368
vt 0.842634 0.850897
vt 0.242678 0.851952
vt 0.251898 0.854996
vt 0.238656 0.873684
vt 0.540368 0.192450
vt 0.536752 0.213769
vt 0.525434 0.194672
vt 0.647306 0.764053
vt 0.655133 0.779378
vt 0.647306 0.809433
vt 0.792034 0.856112
vt 0.831697 0.859429
vt 0.955107 0.932791
vt 0.967199 0.943564
vt 0.955107 0.967526
vt 0.790556 0.000390
vt 0.803709 0.014819
vt 0.991073 0.930186
vt 0.991073 0.913010
vt 0.996911 0.927588
vt 0.069542 0.894900
vt 0.069542 0.866339
vt 0.074767 0.860523
vt 0.893557 0.135316
vt 0.882297 0.146049
vt 0.900851 0.115460
vt 0.805206 0.024120
vt 0.790603 0.042262
vt 0.942341 0.957038
vt 0.938644 0.942862
vt 0.942341 0.928060
vt 0.506836 0.220545
vt 0.503792 0.209646
vt 0.091889 0.877480
vt 0.081931 0.914965
vt 0.941894 0.622421
vt 0.926376 0.652497
vt 0.926376 0.630914
vt 0.945492 0.635951
vt 0.689426 0.837456
vt 0.672320 0.849301
vt 0.685256 0.797426
vt 0.693450 0.815048
vt 0.924550 0.863908
vt 0.920982 0.856009
vt 0.922380 0.835662
vt 0.891586 0.108692
vt 0.692711 0.971356
vt 0.692711 0.944104
vt 0.704204 0.956350
vt 0.860303 0.851978
vt 0.974362 0.535335
vt 0.966419 0.522406
vt 0.974371 0.560588
vt 0.487556 0.196010
vt 0.477115 0.219647
vt 0.472407 0.192450
vt 0.016887 0.957278
vt 0.005096 0.970078
vt 0.700502 0.971629
vt 0.821151 0.884109
vt 0.819147 0.893188
vt 0.872672 0.136229
vt 0.469032 0.205817
vt 0.935412 0.653227
vt 0.941945 0.621126
vt 0.926376 0.577246
vt 0.943925 0.576931
vt 0.999389 0.903356
vt 0.995865 0.910424
vt 0.995865 0.882997
vt 0.903003 0.310083
vt 0.903003 0.260592
vt 0.911368 0.305191
vt 0.915232 0.704058
vt 0.915232 0.654623
vt 0.930882 0.689269
vt 0.514451 0.230947
vt 0.805888 0.034703
vt 0.851319 0.985200
vt 0.844781 0.993327
vt 0.844781 0.977532
vt 0.335348 0.985642
vt 0.338539 0.964845
vt 0.338539 0.991271
vt 0.994332 0.496025
vt 0.998167 0.499979
vt 0.994332 0.524259
vt 0.926376 0.622421
vt 0.908867 0.064300
vt 0.923405 0.002898
vt 0.926251 0.063347
vt 0.509976 0.978632
vt 0.509976 0.994191
vt 0.506465 0.985718
vt 0.923395 0.284150
vt 0.601706 0.868690
vt 0.617213 0.882232
vt 0.601706 0.927472
vt 0.792034 0.883701
vt 0.755127 0.850217
vt 0.775438 0.858060
vt 0.768375 0.861473
vt 0.245710 0.889366
vt 0.490672 0.228037
vt 0.773912 0.815973
vt 0.756933 0.810021
vt 0.950761 0.354839
vt 0.950761 0.311430
vt 0.963101 0.338525
vt 0.492386 0.974389
vt 0.492386 0.992386
vt 0.485065 0.980331
vt 0.792682 0.913249
vt 0.792034 0.896012
vt 0.801194 0.914645
vt 0.481776 0.944396
vt 0.481776 0.889632
vt 0.492386 0.941147
vt 0.911158 0.006182
vt 0.067778 0.494223
vt 0.070060 0.499796
vt 0.067778 0.501319
vt 0.798961 0.048669
vt 0.824645 0.027779
vt 0.711353 0.995349
vt 0.711353 0.980933
vt 0.717712 0.987290
vt 0.760205 0.986241
vt 0.752080 0.990290
vt 0.752080 0.969379
vt 0.809642 0.328614
vt 0.793825 0.319866
vt 0.793825 0.308069
vt 0.880357 0.311430
vt 0.885996 0.317522
vt 0.893368 0.375317
vt 0.932575 0.661452
vt 0.240003 0.888440
vt 0.848484 0.996749
vt 0.315060 0.664933
vt 0.343629 0.677130
vt 0.330089 0.683605
vt 0.345959 0.691487
vt 0.363082 0.678409
vt 0.224025 0.448261
vt 0.221779 0.449062
vt 0.801948 0.067755
vt 0.785406 0.065372
vt 0.265094 0.869568
vt 0.842658 0.086872
vt 0.848704 0.085168
vt 0.859367 0.092202
vt 0.843484 0.080608
vt 0.485065 0.989387
vt 0.480417 0.998330
vt 0.480417 0.974389
vt 0.859367 0.065828
vt 0.580611 0.986952
vt 0.580611 0.973761
vt 0.586802 0.981504
vt 0.068589 0.971292
vt 0.053101 0.956652
vt 0.068589 0.953839
vt 0.686276 0.106704
vt 0.686276 0.118712
vt 0.678578 0.108047
vt 0.803021 0.299805
vt 0.882444 0.375312
vt 0.508998 0.944405
vt 0.526211 0.906123
vt 0.526974 0.944405
vt 0.135818 0.857730
vt 0.130744 0.851081
vt 0.133298 0.833633
vt 0.245279 0.892214
vt 0.255574 0.889253
vt 0.521154 0.719429
vt 0.517319 0.718683
vt 0.517593 0.714156
vt 0.244175 0.885911
vt 0.347849 0.466508
vt 0.350427 0.460534
vt 0.352717 0.466508
vt 0.849757 0.728129
vt 0.828750 0.740699
vt 0.833500 0.735877
vt 0.690587 0.993741
vt 0.690587 0.971629
vt 0.697534 0.976662
vt 0.297247 0.981035
vt 0.290818 0.990651
vt 0.290818 0.977733
vt 0.889840 0.652220
vt 0.889840 0.642387
vt 0.894892 0.653271
vt 0.521963 0.981422
vt 0.510012 0.965519
vt 0.297268 0.671852
vt 0.325671 0.694970
vt 0.660135 0.845044
vt 0.247027 0.891841
vt 0.983316 0.817252
vt 0.982727 0.814583
vt 0.990834 0.810863
vt 0.872778 0.120283
vt 0.261254 0.907570
vt 0.259968 0.910681
vt 0.238656 0.901254
vt 0.138099 0.814897
vt 0.149152 0.811023
vt 0.584428 0.996660
vt 0.540438 0.453051
vt 0.548837 0.459638
vt 0.693527 0.323901
vt 0.688329 0.327926
vt 0.777395 0.290999
vt 0.764149 0.328319
vt 0.764149 0.303015
vt 0.692711 0.970098
vt 0.680518 0.965536
vt 0.936417 0.427868
vt 0.927020 0.382884
vt 0.939337 0.381930
vt 0.565479 0.851137
vt 0.567861 0.835481
vt 0.572019 0.851137
vt 0.363082 0.720366
vt 0.248845 0.894567
vt 0.696115 0.095283
vt 0.690058 0.096766
vt 0.691695 0.092614
vt 0.517319 0.722684
vt 0.790441 0.861473
vt 0.115153 0.969763
vt 0.126059 0.943372
vt 0.126059 0.972584
vt 0.128063 0.801583
vt 0.738756 0.893013
vt 0.749532 0.830688
vt 0.294202 0.996832
vt 0.983569 0.963271
vt 0.974933 0.948861
vt 0.983569 0.932791
vt 0.798058 0.921857
vt 0.678336 0.328627
vt 0.667828 0.325916
vt 0.678336 0.315339
vt 0.541984 0.971882
vt 0.551493 0.975866
vt 0.541984 0.987959
vt 0.611197 0.809515
vt 0.613964 0.838250
vt 0.601706 0.827015
vt 0.297636 0.653103
vt 0.693949 0.216588
vt 0.703454 0.192450
vt 0.712099 0.199476
vt 0.177298 0.718190
vt 0.180147 0.724516
vt 0.177298 0.727120
vt 0.355956 0.463579
vt 0.358467 0.460534
vt 0.358467 0.467081
vt 0.352717 0.460534
vt 0.355956 0.463522
vt 0.352717 0.466321
vt 0.384844 0.192292
vt 0.384844 0.187394
vt 0.388936 0.188947
vt 0.500920 0.222032
vt 0.497168 0.232293
vt 0.510012 0.983047
vt 0.516361 0.981422
vt 0.514963 0.994463
vt 0.753744 0.834492
vt 0.751017 0.878480
vt 0.785850 0.296434
vt 0.669319 0.106967
vt 0.338694 0.982358
vt 0.348066 0.974451
vt 0.345606 0.989360
vt 0.333214 0.964845
vt 0.335348 0.974338
vt 0.325441 0.969429
vt 0.325441 0.987441
vt 0.816080 0.919708
vt 0.295575 0.797029
vt 0.276712 0.828751
vt 0.292012 0.796492
vt 0.629664 0.827494
vt 0.867965 0.252995
vt 0.867965 0.192450
vt 0.877919 0.253256
vt 0.921122 0.891038
vt 0.620395 0.897299
vt 0.611866 0.923156
vt 0.881907 0.192764
vt 0.872672 0.100219
vt 0.886355 0.092900
vt 0.905526 0.716105
vt 0.900438 0.701996
vt 0.915232 0.711708
vt 0.880397 0.106303
vt 0.789551 0.865930
vt 0.792006 0.861474
vt 0.791938 0.866428
vt 0.115153 0.856511
vt 0.126775 0.830652
vt 0.983267 0.809208
vt 0.694629 0.096667
vt 0.695130 0.100345
vt 0.687014 0.088973
vt 0.687014 0.114081
vt 0.506084 0.234057
vt 0.251397 0.920931
vt 0.240151 0.924480
vt 0.317658 0.990238
vt 0.313658 0.996020
vt 0.828957 0.703811
vt 0.814699 0.674840
vt 0.830582 0.685433
vt 0.651369 0.328477
vt 0.631909 0.303468
vt 0.648220 0.302301
vt 0.820236 0.306201
vt 0.820279 0.321102
vt 0.956483 0.872526
vt 0.968256 0.835662
vt 0.968256 0.874401
vt 0.346878 0.653026
vt 0.655133 0.826614
vt 0.988065 0.098335
vt 0.993655 0.101425
vt 0.253612 0.901254
vt 0.792006 0.879010
vt 0.791265 0.869858
vt 0.988899 0.793013
vt 0.693349 0.104195
vt 0.789663 0.863849
vt 0.912652 0.702196
vt 0.511194 0.994463
vt 0.668673 0.804222
vt 0.805227 0.930549
vt 0.868618 0.375317
vt 0.347582 0.719298
vt 0.696658 0.103357
vt 0.705605 0.116574
vt 0.982727 0.805451
vt 0.571354 0.457564
vt 0.573082 0.454242
vt 0.573082 0.461452
vt 0.519733 0.241732
vt 0.503043 0.233358
vt 0.601706 0.867683
vt 0.610160 0.868690
vt 0.790571 0.297385
vt 0.895990 0.670264
vt 0.677541 0.959463
vt 0.250098 0.988792
vt 0.250098 0.968557
vt 0.258803 0.980650
vt 0.860683 0.970274
vt 0.852842 0.963743
vt 0.640555 0.993856
vt 0.633693 0.980593
vt 0.640555 0.974265
vt 0.631909 0.328429
vt 0.028672 0.907181
vt 0.033837 0.863072
vt 0.047425 0.867096
vt 0.369401 0.355313
vt 0.371153 0.338963
vt 0.728609 0.962907
vt 0.728609 0.995587
vt 0.724311 0.976490
vt 0.849242 0.728129
vt 0.837966 0.712204
vt 0.840335 0.701629
vt 0.261254 0.924411
vt 0.347849 0.468332
vt 0.343745 0.462254
vt 0.347849 0.460534
vt 0.833575 0.702913
vt 0.845667 0.751893
vt 0.834284 0.763864
vt 0.792034 0.932981
vt 0.278552 0.845272
vt 0.474464 0.980175
vt 0.479936 0.985813
vt 0.474464 0.997961
vt 0.351349 0.972524
vt 0.362239 0.962267
vt 0.355088 0.980980
vt 0.552561 0.933232
vt 0.538354 0.928914
vt 0.958126 0.835775
vt 0.915883 0.257071
vt 0.665609 0.285634
vt 0.655524 0.261400
vt 0.677473 0.283149
vt 0.265094 0.899642
vt 0.693362 0.112957
vt 0.984552 0.686215
vt 0.991778 0.693022
vt 0.984552 0.696319
vt 0.998226 0.001260
vt 0.993422 0.024103
vt 0.993422 0.000000
vt 0.236650 0.443329
vt 0.238433 0.436996
vt 0.238433 0.453413
vt 0.817234 0.567083
vt 0.808332 0.576777
vt 0.808332 0.558887
vt 0.979717 0.866785
vt 0.976678 0.843645
vt 0.981736 0.857008
vt 0.505944 0.906123
vt 0.508998 0.931167
vt 0.492506 0.926330
vt 0.998531 0.123480
vt 0.992783 0.115508
vt 0.998531 0.102589
vt 0.851882 0.982505
vt 0.808553 0.618680
vt 0.839685 0.631654
vt 0.828175 0.647220
vt 0.684686 0.309440
vt 0.675707 0.315223
vt 0.871274 0.314903
vt 0.894430 0.252157
vt 0.887353 0.252656
vt 0.711180 0.981736
vt 0.704458 0.980223
vt 0.711180 0.944104
vt 0.922026 0.428883
vt 0.922026 0.380490
vt 0.989731 0.705963
vt 0.655524 0.218096
vt 0.839105 0.724935
vt 0.696667 0.245170
vt 0.788992 0.837661
vt 0.480329 0.245737
vt 0.982047 0.615557
vt 0.976786 0.586645
vt 0.839185 0.671833
vt 0.502483 0.946117
vt 0.919575 0.176848
vt 0.913677 0.166775
vt 0.919575 0.155580
vt 0.943037 0.773322
vt 0.947360 0.762346
vt 0.115197 0.954022
vt 0.725375 0.575259
vt 0.746667 0.555521
vt 0.746667 0.576109
vt 0.735491 0.580257
vt 0.812545 0.655168
vt 0.845811 0.128503
vt 0.833344 0.160546
vt 0.818792 0.160366
vt 0.825674 0.590645
vt 0.053528 0.860632
vt 0.053528 0.909042
vt 0.769119 0.810021
vt 0.755127 0.775417
vt 0.756139 0.758274
vt 0.655133 0.850452
vt 0.711285 0.221073
vt 0.720757 0.196504
vt 0.429354 0.911106
vt 0.438320 0.879256
vt 0.435932 0.912835
vt 0.252447 0.934048
vt 0.734544 0.547567
vt 0.715686 0.550104
vt 0.700740 0.535619
vt 0.812531 0.299987
vt 0.536568 0.900828
vt 0.648775 0.996372
vt 0.642628 0.983021
vt 0.924550 0.896481
vt 0.719524 0.989866
vt 0.717818 0.983233
vt 0.816795 0.762557
vt 0.466111 0.793633
vt 0.452883 0.817273
vt 0.452883 0.787520
vt 0.269592 0.993695
vt 0.269592 0.978881
vt 0.277300 0.986897
vt 0.520871 0.254642
vt 0.238322 0.336348
vt 0.238322 0.357820
vt 0.236077 0.356524
vt 0.250098 0.961644
vt 0.260978 0.937007
vt 0.260486 0.954234
vt 0.488718 0.776129
vt 0.503629 0.737195
vt 0.503629 0.786437
vt 0.909690 0.889029
vt 0.814699 0.748945
vt 0.985483 0.990273
vt 0.985483 0.963272
vt 0.992492 0.980885
vt 0.804438 0.299805
vt 0.794578 0.269726
vt 0.793825 0.236802
vt 0.488245 0.822089
vt 0.793342 0.308473
vt 0.783845 0.324003
vt 0.571354 0.456619
vt 0.564183 0.461452
vt 0.618355 0.856194
vt 0.954098 0.986749
vt 0.945919 0.990050
vt 0.362239 0.984134
vt 0.588705 0.997921
vt 0.594773 0.984561
vt 0.488070 0.786190
vt 0.683332 0.294067
vt 0.687310 0.297970
vt 0.724311 0.994813
vt 0.735829 0.236373
vt 0.487395 0.842041
vt 0.482480 0.848538
vt 0.528848 0.814919
vt 0.554551 0.829816
vt 0.541084 0.827439
vt 0.836876 0.092900
vt 0.834491 0.604248
vt 0.844793 0.111348
vt 0.920425 0.910096
vt 0.991949 0.216091
vt 0.986235 0.219469
vt 0.986235 0.186960
vt 0.735079 0.218239
vt 0.981736 0.821201
vt 0.254637 0.937007
vt 0.247479 0.935262
vt 0.872243 0.995888
vt 0.875852 0.967745
vt 0.416626 0.865493
vt 0.997789 0.583371
vt 0.992848 0.568792
vt 0.260978 0.968557
vt 0.416626 0.968585
vt 0.432255 0.956120
vt 0.432255 0.972362
vt 0.760714 0.322768
vt 0.763721 0.304803
vt 0.763721 0.328237
vt 0.937716 0.050848
vt 0.937716 0.091802
vt 0.926251 0.075260
vt 0.857649 0.984365
vt 0.737696 0.550104
vt 0.482485 0.744148
vt 0.491712 0.722984
vt 0.817313 0.292185
vt 0.814320 0.249761
vt 0.250198 0.967598
vt 0.474464 0.993855
vt 0.467262 0.983293
vt 0.849242 0.659781
vt 0.528848 0.925429
vt 0.238656 0.804834
vt 0.244343 0.800642
vt 0.250636 0.812867
vt 0.673073 0.192450
vt 0.236442 0.375002
vt 0.115148 0.518541
vt 0.113843 0.508937
vt 0.115148 0.501432
vt 0.482665 0.294680
vt 0.754253 0.320676
vt 0.628792 0.866666
vt 0.554575 0.815707
vt 0.843963 0.661912
vt 0.776344 0.748319
vt 0.839685 0.585804
vt 0.764186 0.739877
vt 0.832012 0.576931
vt 0.280634 0.866186
vt 0.962441 0.141892
vt 0.964667 0.148119
vt 0.954735 0.148495
vt 0.076651 0.982235
vt 0.075515 0.990736
vt 0.069542 0.977087
vt 0.988312 0.508384
vt 0.994332 0.522287
vt 0.280261 0.978881
vt 0.269592 0.964821
vt 0.280261 0.953507
vt 0.241705 0.819068
vt 0.255247 0.837453
vt 0.240782 0.834828
vt 0.462703 0.990696
vt 0.467262 0.961537
vt 0.467262 0.993804
vt 0.782600 0.808313
vt 0.849757 0.778304
vt 0.069542 0.994920
vt 0.993681 0.244304
vt 0.999189 0.228314
vt 0.999189 0.248739
vt 0.634653 0.842638
vt 0.683008 0.375083
vt 0.693786 0.349700
vt 0.693132 0.380612
vt 0.260722 0.816910
vt 0.251640 0.796492
vt 0.845970 0.940560
vt 0.831697 0.937560
vt 0.851882 0.927688
vt 0.476101 0.270074
vt 0.726048 0.553313
vt 0.704768 0.469817
vt 0.702240 0.513371
vt 0.700740 0.487402
vt 0.238656 0.851952
vt 0.242766 0.840284
vt 0.262279 0.822671
vt 0.266169 0.847997
vt 0.852485 0.576931
vt 0.841563 0.607061
vt 0.839685 0.599426
vt 0.809862 0.121058
vt 0.508648 0.630136
vt 0.517081 0.644698
vt 0.508648 0.650386
vt 0.851364 0.915940
vt 0.416626 0.916524
vt 0.966996 0.159390
vt 0.751328 0.318559
vt 0.259494 0.849502
vt 0.469325 0.773568
vt 0.492083 0.786438
vt 0.706189 0.338331
vt 0.711524 0.328752
vt 0.721486 0.331169
vt 0.076651 0.988121
vt 0.083993 0.977087
vt 0.083993 0.994318
vt 0.111064 0.664178
vt 0.114664 0.692122
vt 0.111064 0.706301
vt 0.689597 0.262292
vt 0.706325 0.277556
vt 0.740592 0.510256
vt 0.712427 0.463394
vt 0.866440 0.580261
vt 0.857269 0.611011
vt 0.276712 0.813849
vt 0.922026 0.458603
vt 0.907671 0.432159
vt 0.909408 0.399177
vt 0.464545 0.740057
vt 0.427240 0.658441
vt 0.448893 0.588531
vt 0.447432 0.640721
vt 0.528848 0.774641
vt 0.571208 0.806295
vt 0.979648 0.818140
vt 0.891031 0.907744
vt 0.909690 0.871932
vt 0.903850 0.906631
vt 0.069515 0.654748
vt 0.066263 0.639731
vt 0.427774 0.621962
vt 0.732796 0.346556
vt 0.112350 0.794604
vt 0.079485 0.796858
vt 0.112350 0.753813
vt 0.578949 0.967409
vt 0.573300 0.932953
vt 0.578949 0.937137
vt 0.565620 0.945718
vt 0.307690 0.881204
vt 0.332754 0.872012
vt 0.325739 0.881423
vt 0.703176 0.393814
vt 0.714041 0.371124
vt 0.552162 0.784819
vt 0.831697 0.901837
vt 0.986643 0.032093
vt 0.992177 0.062313
vt 0.986643 0.064828
vt 0.748051 0.521389
vt 0.318958 0.870991
vt 0.297268 0.872986
vt 0.315653 0.839355
vt 0.298126 0.862436
vt 0.809862 0.146912
vt 0.824681 0.101264
vt 0.572019 0.832591
vt 0.570288 0.835481
vt 0.791209 0.768203
vt 0.732796 0.389464
vt 0.942341 0.944657
vt 0.954098 0.932010
vt 0.954098 0.969746
vt 0.000000 0.957278
vt 0.004770 0.973331
vt 0.000000 0.992155
vt 0.791209 0.794050
vt 0.091493 0.942663
vt 0.088411 0.935186
vt 0.091493 0.914965
vt 0.600753 0.950299
vt 0.588705 0.921388
vt 0.600753 0.904361
vt 0.982413 0.363876
vt 0.986062 0.367331
vt 0.867672 0.626828
vt 0.069542 0.765195
vt 0.089299 0.728145
vt 0.693949 0.245589
vt 0.735619 0.471649
vt 0.298503 0.845708
vt 0.995977 0.810800
vt 0.995977 0.787156
vt 0.999513 0.799260
vt 0.516866 0.282106
vt 0.454452 0.769046
vt 0.721816 0.398444
vt 0.693949 0.227539
vt 0.689719 0.210655
vt 0.110939 0.244329
vt 0.110939 0.191852
vt 0.115140 0.223272
vt 0.598825 0.892295
vt 0.995059 0.282585
vt 0.998723 0.269067
vt 0.998723 0.298156
vt 0.704881 0.263000
vt 0.297268 0.669950
vt 0.295496 0.698293
vt 0.295496 0.667199
vt 0.699693 0.420697
vt 0.693140 0.412078
vt 0.716456 0.417134
vt 0.703564 0.403172
vt 0.297268 0.837963
vt 0.230105 0.576459
vt 0.230105 0.556166
vt 0.238150 0.565004
vt 0.111040 0.257890
vt 0.115140 0.244329
vt 0.815671 0.998822
vt 0.812175 0.995497
vt 0.815671 0.973745
vt 0.528688 0.905314
vt 0.523795 0.881964
vt 0.528688 0.871159
vt 0.250098 0.953458
vt 0.246223 0.968399
vt 0.238656 0.963582
vt 0.732229 0.922067
vt 0.732229 0.934074
vt 0.725974 0.931033
vt 0.452883 0.752827
vt 0.746090 0.496151
vt 0.238656 0.944426
vt 0.333749 0.875509
vt 0.850153 0.649833
vt 0.839685 0.629932
vt 0.491977 0.306029
vt 0.232170 0.549676
vt 0.817313 0.192450
vt 0.243348 0.937007
vt 0.891031 0.835662
vt 0.986600 0.463274
vt 0.992188 0.486233
vt 0.735689 0.269914
vt 0.325441 0.939209
vt 0.314905 0.920276
vt 0.322027 0.918054
vt 0.314905 0.961490
vt 0.891238 0.389302
vt 0.891238 0.418672
vt 0.876530 0.400778
vt 0.427240 0.567121
vt 0.805873 0.203028
vt 0.869956 0.406250
vt 0.874175 0.419570
vt 0.907411 0.859630
vt 0.861472 0.192450
vt 0.863185 0.259629
vt 0.410148 0.920872
vt 0.400804 0.913261
vt 0.415823 0.891327
vt 0.400391 0.895876
vt 0.713766 0.291036
vt 0.867965 0.242910
vt 0.452845 0.545595
vt 0.442343 0.526268
vt 0.452845 0.477672
vt 0.839198 0.194492
vt 0.400391 0.849117
vt 0.870587 0.457123
vt 0.445339 0.475706
vt 0.412741 0.861800
vt 0.885931 0.449132
vt 0.979675 0.140872
vt 0.968776 0.133739
vt 0.974860 0.130665
vt 0.872111 0.463260
vt 0.885685 0.462609
vt 0.979675 0.118556
vt 0.792666 0.942588
vt 0.799385 0.932981
vt 0.805253 0.948868
vt 0.325441 0.881423
vt 0.340554 0.935831
vt 0.792034 0.961103
vt 0.771140 0.985375
vt 0.760205 0.980072
vt 0.370777 0.775883
vt 0.362271 0.773825
vt 0.370777 0.720366
vt 0.645238 0.461941
vt 0.642698 0.441770
vt 0.655331 0.458625
vt 0.338205 0.888060
vt 0.362558 0.725846
vt 0.988448 0.446290
vt 0.988448 0.461073
vt 0.982945 0.457460
vt 0.677541 0.970098
vt 0.689006 0.977698
vt 0.677541 0.984255
vt 0.728425 0.659478
vt 0.723886 0.654325
vt 0.728425 0.649227
vt 0.689083 0.981571
vt 0.637103 0.449154
vt 0.941301 0.526761
vt 0.936366 0.532501
vt 0.936366 0.519825
vt 0.442343 0.560461
vt 0.451315 0.545594
vt 0.451315 0.567117
vt 0.297268 0.956306
vt 0.309125 0.954913
vt 0.309125 0.977321
vt 0.222020 0.986105
vt 0.215739 0.986105
vt 0.224703 0.967075
vt 0.667828 0.315223
vt 0.667828 0.328627
vt 0.655524 0.317698
vt 0.965783 0.748792
vt 0.973696 0.706589
vt 0.975048 0.748792
vt 0.401272 0.990226
vt 0.407659 0.979465
vt 0.407659 0.995989
vt 0.214065 0.964276
vt 0.523046 0.993381
vt 0.516361 0.993381
vt 0.517787 0.981422
vt 0.170974 0.980315
vt 0.170974 0.993122
vt 0.163786 0.984905
vt 0.166766 0.990327
vt 0.988748 0.163387
vt 0.986484 0.170614
vt 0.988853 0.145704
vt 0.028321 0.991627
vt 0.033647 0.995974
vt 0.992934 0.141892
vt 0.370036 0.718497
vt 0.363082 0.718497
vt 0.365583 0.710105
vt 0.992442 0.165937
vt 0.986484 0.142085
vt 0.655331 0.443750
vt 0.350320 0.773354
vt 0.955107 0.932010
vt 0.946148 0.883833
vt 0.895545 0.992871
vt 0.901997 0.978894
vt 0.901997 0.995925
vt 0.942341 0.931270
s 1
usemtl Material.003
f 1/1/1 2/2/2 3/3/3
f 3/3/3 4/4/4 1/1/1
f 2/5/2 1/6/1 5/7/5
f 2/5/2 5/7/5 6/8/6
f 3/9/3 2/10/2 7/11/7
f 4/12/4 8/13/8 1/6/1
f 1/6/1 9/14/9 5/7/5
f 10/15/10 11/16/11 12/17/12
f 1/6/1 8/13/8 13/18/13
f 5/7/5 14/19/14 6/8/6
f 10/15/10 12/17/12 15/20/15
f 11/21/11 16/22/16 12/23/12
f 7/24/7 17/25/17 3/26/3
f 9/14/9 1/6/1 13/18/13
f 10/27/10 18/28/18 11/29/11
f 4/30/4 3/26/3 17/25/17
f 11/29/11 18/28/18 19/31/19
f 15/20/15 12/17/12 20/32/20
f 4/33/4 17/34/17 8/35/8
f 9/14/9 14/19/14 5/7/5
f 10/36/10 15/37/15 18/38/18
f 16/22/16 21/39/21 12/23/12
f 12/23/12 21/39/21 20/40/20
f 2/41/2 6/42/6 22/43/22
f 11/21/11 23/44/23 16/22/16
f 15/37/15 20/45/20 24/46/24
f 15/37/15 24/46/24 18/38/18
f 16/22/16 25/47/25 21/39/21
f 26/48/26 23/49/23 11/50/11
f 2/51/2 27/52/27 7/24/7
f 2/51/2 22/53/22 27/52/27
f 8/13/8 17/54/17 13/18/13
f 28/55/28 29/56/29 30/57/30
f 31/58/31 32/59/32 33/60/33
f 31/58/31 33/60/33 34/61/34
f 20/40/20 21/39/21 35/62/35
f 9/14/9 36/63/36 14/19/14
f 32/59/32 37/64/37 33/60/33
f 33/60/33 38/65/38 34/61/34
f 24/66/24 20/67/20 35/68/35
f 22/69/22 6/70/6 39/71/39
f 33/60/33 40/72/40 38/65/38
f 19/31/19 26/73/26 11/29/11
f 41/74/41 37/75/37 32/76/32
f 40/77/40 33/78/33 37/79/37
f 29/80/29 42/81/42 30/82/30
f 18/83/18 24/66/24 35/68/35
f 26/48/26 43/84/43 23/49/23
f 9/14/9 13/18/13 36/63/36
f 29/80/29 44/85/44 42/81/42
f 21/39/21 45/86/45 35/62/35
f 37/79/37 41/87/41 46/88/46
f 37/79/37 46/88/46 40/77/40
f 28/89/28 47/90/47 29/91/29
f 25/47/25 45/86/45 21/39/21
f 14/19/14 39/92/39 6/8/6
f 28/89/28 48/93/48 47/90/47
f 26/48/26 19/94/19 43/84/43
f 18/83/18 35/68/35 45/95/45
f 16/22/16 23/44/23 25/47/25
f 27/52/27 17/25/17 7/24/7
f 28/96/28 30/82/30 48/97/48
f 42/81/42 49/98/49 30/82/30
f 32/76/32 50/99/50 41/74/41
f 27/52/27 22/53/22 51/100/51
f 13/18/13 17/54/17 36/63/36
f 52/101/52 53/102/53 54/103/54
f 23/44/23 43/104/43 25/47/25
f 44/85/44 55/105/55 42/81/42
f 31/106/31 50/107/50 32/108/32
f 17/54/17 56/109/56 36/63/36
f 57/110/57 58/111/58 59/112/59
f 44/113/44 59/114/59 58/115/58
f 43/104/43 60/116/60 25/47/25
f 19/94/19 60/117/60 43/84/43
f 34/61/34 38/65/38 61/118/61
f 14/19/14 62/119/62 39/92/39
f 29/91/29 47/90/47 63/120/63
f 57/121/57 64/122/64 58/123/58
f 65/124/65 53/125/53 52/126/52
f 66/127/66 44/128/44 29/129/29
f 67/130/67 55/131/55 44/132/44
f 68/133/68 30/82/30 49/98/49
f 54/103/54 64/134/64 52/101/52
f 46/88/46 69/135/69 40/77/40
f 38/136/38 40/77/40 70/137/70
f 67/138/67 44/139/44 58/140/58
f 30/82/30 68/133/68 48/97/48
f 34/141/34 71/142/71 31/106/31
f 60/116/60 45/86/45 25/47/25
f 62/119/62 14/19/14 36/63/36
f 29/129/29 62/143/62 66/127/66
f 44/144/44 66/145/66 72/146/72
f 72/147/72 59/114/59 44/113/44
f 73/148/73 49/98/49 42/81/42
f 64/122/64 74/149/74 58/123/58
f 18/28/18 45/150/45 19/31/19
f 38/65/38 75/151/75 61/118/61
f 29/91/29 63/120/63 62/152/62
f 59/112/59 76/153/76 57/110/57
f 42/81/42 55/105/55 73/148/73
f 64/134/64 77/154/77 52/101/52
f 64/134/64 54/103/54 74/155/74
f 53/156/53 78/157/78 79/158/79
f 31/106/31 71/142/71 50/107/50
f 19/159/19 45/160/45 60/161/60
f 38/136/38 70/137/70 75/162/75
f 40/77/40 69/135/69 70/137/70
f 17/25/17 27/52/27 56/163/56
f 39/164/39 80/165/80 22/166/22
f 62/119/62 36/63/36 81/167/81
f 74/149/74 82/168/82 58/123/58
f 53/125/53 65/124/65 83/169/83
f 62/170/62 81/171/81 66/172/66
f 57/110/57 76/153/76 84/173/84
f 85/174/85 76/175/86 72/176/72
f 72/147/72 76/177/76 59/114/59
f 55/105/55 85/178/85 73/148/73
f 65/179/65 52/180/52 86/181/87
f 54/182/54 53/156/53 79/158/79
f 39/92/39 62/119/62 80/183/80
f 85/174/85 55/184/55 76/175/86
f 67/185/67 58/123/58 87/186/88
f 65/179/65 86/181/87 83/187/83
f 88/188/89 89/189/90 90/190/91
f 88/191/89 90/192/91 91/193/92
f 84/194/93 76/195/94 72/196/95
f 54/197/54 79/198/79 74/199/74
f 78/157/78 53/156/53 83/200/83
f 88/201/89 92/202/96 93/203/97
f 41/87/41 94/204/98 46/88/46
f 95/205/99 47/90/47 48/93/48
f 77/206/77 64/207/64 57/208/57
f 96/209/100 55/131/55 67/130/67
f 77/210/77 86/211/87 52/212/52
f 91/193/92 92/213/96 88/191/89
f 94/214/98 41/74/41 50/99/50
f 47/90/47 95/205/99 63/120/63
f 57/110/57 84/173/84 77/215/77
f 72/216/72 73/148/73 85/178/85
f 76/153/86 96/217/100 84/173/84
f 76/153/86 55/218/55 96/217/100
f 96/209/100 67/130/67 87/219/88
f 49/98/49 73/148/73 68/133/68
f 74/199/74 79/198/79 82/220/82
f 94/204/98 69/135/69 46/88/46
f 36/63/36 56/109/56 81/167/81
f 81/171/81 97/221/101 66/172/66
f 66/172/66 97/221/101 72/222/72
f 82/168/82 87/186/88 58/123/58
f 79/223/79 98/224/102 99/225/103
f 62/226/62 63/227/63 80/228/80
f 79/198/79 99/229/103 82/220/82
f 100/230/104 101/231/105 102/232/106
f 50/99/50 103/233/107 94/214/98
f 68/133/68 95/234/99 48/97/48
f 104/235/108 105/236/109 90/192/91
f 34/237/34 61/238/61 71/239/71
f 27/240/27 51/241/51 106/242/110
f 56/243/56 27/244/27 81/245/81
f 97/246/101 73/148/73 72/216/72
f 96/217/100 77/215/77 84/173/84
f 79/247/79 78/248/78 107/249/111
f 107/250/111 98/224/102 79/223/79
f 99/229/103 108/251/112 82/220/82
f 83/187/83 86/181/87 109/252/113
f 83/253/83 109/254/113 110/255/114
f 101/231/105 111/256/115 102/232/106
f 90/190/91 89/189/90 104/257/108
f 106/242/110 51/241/51 112/258/116
f 22/259/22 80/260/80 113/261/117
f 80/262/80 63/120/63 113/263/117
f 81/264/81 77/265/77 97/266/101
f 83/267/83 114/268/118 78/269/78
f 99/270/103 98/271/102 108/272/112
f 88/188/89 93/273/97 89/189/90
f 112/274/116 51/275/51 113/276/117
f 22/277/22 113/276/117 51/275/51
f 82/278/82 96/279/100 87/280/88
f 115/281/119 68/133/68 73/148/73
f 116/282/120 86/181/87 77/283/77
f 109/252/113 86/181/87 116/282/120
f 90/192/91 105/236/109 91/193/92
f 117/284/121 27/285/27 106/286/110
f 63/120/63 95/205/99 113/263/117
f 95/287/99 68/288/68 118/289/122
f 119/290/123 78/291/78 114/292/118
f 119/293/123 98/224/102 107/250/111
f 83/294/83 120/295/124 114/296/118
f 106/297/110 112/298/116 121/299/125
f 81/300/81 27/285/27 77/283/77
f 96/301/100 122/302/126 77/303/77
f 109/252/113 116/282/120 123/304/127
f 83/253/83 110/255/114 120/305/124
f 102/232/106 111/256/115 124/306/128
f 112/274/116 113/276/117 125/307/129
f 126/308/130 127/309/131 128/310/132
f 27/285/27 116/282/120 77/283/77
f 77/265/77 122/311/126 97/266/101
f 96/279/100 82/278/82 122/312/126
f 78/248/78 119/313/123 107/249/111
f 108/251/112 129/314/133 82/220/82
f 119/315/123 108/272/112 98/271/102
f 102/316/106 130/317/134 100/318/104
f 124/306/128 111/256/115 131/319/135
f 109/254/113 123/320/127 110/255/114
f 105/236/109 132/321/136 91/193/92
f 117/284/121 133/322/137 27/285/27
f 97/246/101 134/323/138 73/148/73
f 73/148/73 134/323/138 115/281/119
f 68/133/68 115/281/119 118/324/122
f 100/325/104 135/326/139 101/327/105
f 91/193/92 136/328/140 92/213/96
f 117/329/121 106/297/110 137/330/141
f 103/233/107 69/331/69 94/214/98
f 128/332/132 138/333/142 139/334/143
f 27/285/27 133/322/137 116/282/120
f 97/335/101 122/336/126 134/337/138
f 101/231/105 135/338/139 111/256/115
f 120/339/124 110/340/114 140/341/144
f 112/298/116 125/342/129 121/299/125
f 69/135/69 141/343/145 70/137/70
f 128/344/132 139/345/143 126/346/130
f 142/347/146 143/348/147 138/349/142
f 126/308/130 144/350/148 127/309/131
f 133/322/137 145/351/149 116/282/120
f 114/352/118 120/353/124 119/354/123
f 102/316/106 124/355/128 130/317/134
f 128/310/132 127/309/131 138/356/142
f 95/205/99 146/357/150 113/263/117
f 147/358/151 148/359/152 149/360/153
f 115/361/119 134/362/138 150/363/154
f 115/364/119 146/365/150 118/289/122
f 95/287/99 118/289/122 146/365/150
f 122/312/126 82/278/82 129/366/133
f 119/367/123 151/368/155 108/369/112
f 129/370/133 108/369/112 151/368/155
f 111/256/115 152/371/156 131/319/135
f 132/321/136 136/328/140 91/193/92
f 106/297/110 121/299/125 137/330/141
f 126/346/130 139/345/143 153/372/157
f 142/373/146 154/374/158 143/375/147
f 122/376/126 155/377/159 134/32/138
f 120/222/124 156/378/160 119/367/123
f 100/318/104 130/317/134 135/379/139
f 124/380/128 131/381/135 157/382/161
f 104/257/108 89/189/90 131/383/135
f 104/235/108 158/384/162 105/236/109
f 117/284/121 137/385/141 133/322/137
f 125/386/129 113/387/117 121/388/125
f 143/389/147 159/390/163 138/391/142
f 138/356/142 154/374/158 142/373/146
f 126/392/130 153/393/157 144/394/148
f 160/395/164 149/396/153 154/397/158
f 160/398/164 147/358/151 149/360/153
f 122/312/126 129/366/133 161/399/165
f 156/378/160 151/368/155 119/367/123
f 104/400/108 162/401/166 158/402/162
f 61/238/61 163/403/167 71/239/71
f 103/233/107 164/404/168 69/331/69
f 143/375/147 154/374/158 165/405/169
f 166/406/170 145/407/149 133/408/137
f 113/387/117 115/364/119 167/409/171
f 113/387/117 146/365/150 115/364/119
f 155/377/159 116/410/120 145/411/149
f 155/377/159 122/376/126 116/410/120
f 120/339/124 140/341/144 156/412/160
f 131/413/135 162/401/166 104/400/108
f 123/414/127 140/341/144 110/340/114
f 168/415/172 169/416/173 170/417/174
f 170/417/174 169/416/173 171/418/175
f 113/387/117 167/409/171 121/388/125
f 149/396/153 148/419/152 154/397/158
f 134/420/138 172/421/176 150/422/154
f 123/304/127 116/282/120 173/423/177
f 89/189/90 174/424/178 131/383/135
f 164/425/168 141/343/145 69/135/69
f 147/426/151 175/427/179 148/428/152
f 134/420/138 176/429/180 172/421/176
f 129/366/133 177/430/181 161/399/165
f 135/338/139 178/431/182 111/256/115
f 151/432/155 177/433/181 129/434/133
f 179/435/183 139/436/143 180/437/184
f 61/438/61 75/162/75 163/439/167
f 137/385/141 181/440/185 133/322/137
f 141/343/145 182/441/186 70/137/70
f 138/356/142 127/309/131 154/374/158
f 127/442/131 160/395/164 154/397/158
f 160/443/164 183/444/187 147/445/151
f 147/445/151 183/444/187 184/446/188
f 134/420/138 155/447/159 176/429/180
f 158/384/162 132/321/136 105/236/109
f 123/414/127 173/448/177 140/341/144
f 180/449/184 139/450/143 138/451/142
f 143/452/147 165/453/169 159/454/163
f 147/455/151 185/456/189 175/457/179
f 160/458/164 186/459/190 183/460/187
f 147/461/151 184/462/188 185/463/189
f 122/464/126 161/465/165 187/466/191
f 178/431/182 152/371/156 111/256/115
f 162/401/166 188/467/192 158/402/162
f 92/213/96 136/328/140 93/468/97
f 179/435/183 127/469/131 139/436/143
f 75/162/75 182/441/186 163/439/167
f 70/137/70 182/441/186 75/162/75
f 139/345/143 127/470/131 153/372/157
f 144/350/148 153/471/157 127/309/131
f 148/472/152 175/473/179 154/474/158
f 116/410/120 122/376/126 187/475/191
f 161/399/165 177/430/181 156/476/160
f 157/477/161 131/478/135 189/479/193
f 151/432/155 156/480/160 177/433/181
f 168/481/172 170/482/174 190/483/194
f 191/484/195 192/485/196 168/486/172
f 192/487/196 169/488/173 168/489/172
f 193/490/197 103/491/107 50/107/50
f 121/388/125 167/409/171 181/492/185
f 138/493/142 194/494/198 180/495/184
f 195/496/199 180/497/184 194/498/198
f 194/494/198 138/493/142 159/499/163
f 159/500/163 165/405/169 154/374/158
f 196/501/200 175/502/179 185/503/189
f 189/504/193 131/505/135 174/506/178
f 170/507/174 171/508/175 197/509/201
f 198/510/202 199/511/203 171/512/175
f 93/468/97 136/328/140 200/513/204
f 137/514/141 121/388/125 181/492/185
f 185/515/189 201/516/205 196/517/200
f 183/518/187 186/519/190 202/520/206
f 185/521/189 184/522/188 183/523/187
f 178/431/182 203/524/207 152/371/156
f 152/371/156 162/525/166 131/319/135
f 169/416/173 204/526/208 171/418/175
f 171/418/175 204/526/208 198/527/202
f 132/321/136 205/528/209 136/328/140
f 179/529/183 180/530/184 206/531/210
f 71/142/71 193/490/197 50/107/50
f 183/523/187 202/532/206 201/533/205
f 183/523/187 201/533/205 185/521/189
f 175/502/179 196/501/200 207/534/211
f 168/481/172 190/483/194 191/535/195
f 170/507/174 197/509/201 190/536/194
f 192/537/196 204/526/208 169/416/173
f 179/529/183 206/531/210 208/538/212
f 180/530/184 195/539/199 206/531/210
f 103/233/107 193/540/197 164/404/168
f 127/541/131 209/542/213 160/543/164
f 209/542/213 210/544/214 160/543/164
f 201/516/205 207/545/211 196/517/200
f 150/546/154 211/547/215 115/548/119
f 152/371/156 212/549/216 162/525/166
f 205/528/209 200/513/204 136/328/140
f 195/550/199 194/551/198 206/552/210
f 71/553/71 163/554/167 213/555/217
f 179/556/183 209/542/213 127/541/131
f 141/343/145 214/557/218 182/441/186
f 159/500/163 154/374/158 209/558/213
f 160/543/164 210/544/214 186/559/190
f 202/560/206 207/561/211 201/562/205
f 133/563/137 215/564/219 166/565/170
f 207/561/211 216/566/220 175/567/179
f 161/465/165 217/568/221 187/466/191
f 130/317/134 218/569/222 135/379/139
f 158/384/162 219/570/223 132/321/136
f 220/571/224 204/572/208 221/573/225
f 222/574/226 206/575/210 194/576/198
f 213/555/217 182/577/186 214/578/218
f 163/554/167 182/577/186 213/555/217
f 223/579/227 222/580/226 194/581/198
f 223/582/227 194/494/198 159/499/163
f 210/583/214 209/584/213 154/585/158
f 154/585/158 224/586/228 210/583/214
f 225/587/229 181/588/185 167/589/171
f 202/560/206 216/566/220 207/561/211
f 226/590/230 167/591/171 115/592/119
f 227/593/231 150/422/154 172/421/176
f 211/594/215 150/595/154 227/596/231
f 217/597/221 161/598/165 156/599/160
f 140/341/144 228/600/232 156/412/160
f 192/485/196 221/601/225 204/602/208
f 208/603/212 209/542/213 179/556/183
f 210/544/214 202/604/206 186/559/190
f 154/474/158 175/473/179 216/605/220
f 124/355/128 229/606/233 130/317/134
f 229/606/233 124/355/128 157/607/161
f 89/608/90 93/609/97 230/610/234
f 93/609/97 200/611/204 230/610/234
f 199/511/203 198/510/202 231/612/235
f 199/511/203 231/612/235 232/613/236
f 208/614/212 222/574/226 209/615/213
f 141/616/145 213/555/217 214/578/218
f 210/544/214 224/617/228 202/604/206
f 145/618/149 233/619/237 155/620/159
f 166/621/170 234/622/238 235/623/239
f 166/621/170 235/623/239 145/624/149
f 155/447/159 236/625/240 176/429/180
f 237/626/241 172/421/176 176/429/180
f 158/384/162 188/627/192 219/570/223
f 204/526/208 238/628/242 198/527/202
f 204/629/208 220/630/224 238/631/242
f 206/575/210 222/574/226 208/614/212
f 141/616/145 164/632/168 213/555/217
f 159/499/163 239/633/243 223/582/227
f 240/634/244 225/635/229 167/636/171
f 202/604/206 224/617/228 216/637/220
f 167/638/171 226/639/230 240/640/244
f 157/641/161 189/642/193 241/643/245
f 212/644/216 188/467/192 162/401/166
f 135/645/139 218/646/222 178/647/182
f 187/648/191 173/423/177 116/282/120
f 242/649/246 89/608/90 230/610/234
f 171/650/175 199/651/203 243/652/247
f 220/653/224 244/654/248 238/655/242
f 173/448/177 228/600/232 140/341/144
f 159/500/163 209/558/213 239/656/243
f 155/620/159 233/619/237 245/657/249
f 155/447/159 245/658/249 236/625/240
f 152/371/156 203/524/207 212/549/216
f 156/412/160 228/600/232 217/659/221
f 219/570/223 205/528/209 132/321/136
f 197/509/201 171/508/175 243/660/247
f 71/142/71 213/661/217 193/490/197
f 193/662/197 213/663/217 164/664/168
f 224/586/228 154/585/158 216/665/220
f 189/666/193 174/667/178 241/668/245
f 221/669/225 244/654/248 220/653/224
f 192/485/196 246/670/250 221/601/225
f 199/671/203 232/672/236 247/673/251
f 133/563/137 181/588/185 215/564/219
f 166/674/170 215/675/219 234/676/238
f 243/677/247 199/671/203 247/673/251
f 209/558/213 248/678/252 239/656/243
f 240/679/244 233/680/237 225/681/229
f 249/682/253 233/680/237 145/624/149
f 235/623/239 249/682/253 145/624/149
f 115/683/119 211/684/215 226/639/230
f 250/685/254 218/569/222 130/317/134
f 187/686/191 217/687/221 228/688/232
f 173/689/177 187/686/191 228/688/232
f 238/628/242 244/690/248 198/527/202
f 200/691/204 205/692/209 230/693/234
f 232/694/236 231/695/235 247/696/251
f 212/644/216 219/697/223 188/467/192
f 178/698/182 251/699/255 203/700/207
f 251/701/255 252/702/256 203/524/207
f 178/698/182 253/703/257 251/699/255
f 192/485/196 191/484/195 246/670/250
f 233/704/237 240/640/244 226/639/230
f 130/317/134 229/606/233 250/685/254
f 157/641/161 241/643/245 229/705/233
f 252/702/256 254/706/258 203/524/207
f 243/707/247 247/708/251 255/709/259
f 246/670/250 256/710/260 221/601/225
f 203/524/207 254/706/258 212/549/216
f 212/549/216 254/706/258 219/711/223
f 172/421/176 237/626/241 227/593/231
f 257/712/261 178/647/182 218/646/222
f 219/713/223 258/714/262 205/715/209
f 221/669/225 256/716/260 244/654/248
f 236/625/240 237/626/241 176/429/180
f 241/643/245 174/717/178 259/718/263
f 260/719/264 257/712/261 218/646/222
f 259/720/263 174/424/178 89/189/90
f 190/721/194 197/722/201 219/723/223
f 261/724/265 246/670/250 191/484/195
f 231/612/235 198/510/202 262/725/266
f 233/619/237 263/726/267 245/657/249
f 254/727/258 190/721/194 219/723/223
f 178/728/182 257/729/261 253/730/257
f 261/724/265 191/484/195 190/731/194
f 264/732/268 252/702/256 251/701/255
f 242/733/246 230/693/234 205/692/209
f 244/690/248 262/734/266 198/527/202
f 256/735/260 265/736/269 244/737/248
f 258/714/262 266/738/270 205/715/209
f 262/739/266 247/696/251 231/695/235
f 222/595/226 248/740/252 209/741/213
f 222/580/226 223/579/227 248/742/252
f 245/657/249 263/726/267 236/743/240
f 227/593/231 267/744/271 211/745/215
f 254/706/258 252/702/256 268/746/272
f 261/724/265 269/747/273 246/670/250
f 244/737/248 265/736/269 262/748/266
f 270/749/274 271/750/275 272/751/276
f 271/750/275 273/752/277 272/751/276
f 270/749/274 229/753/233 271/750/275
f 233/680/237 274/754/278 225/681/229
f 241/643/245 259/718/263 229/705/233
f 89/608/90 242/649/246 259/755/263
f 219/756/223 275/757/279 258/758/262
f 276/759/280 242/733/246 205/692/209
f 251/699/255 253/703/257 264/760/268
f 256/710/260 277/761/281 265/762/269
f 243/763/247 255/764/259 278/765/282
f 270/749/274 250/766/254 229/753/233
f 249/682/253 274/754/278 233/680/237
f 254/767/258 261/724/265 190/731/194
f 219/768/223 197/769/201 268/770/272
f 197/509/201 243/660/247 278/771/282
f 256/710/260 246/670/250 277/761/281
f 247/708/251 279/772/283 255/709/259
f 273/773/277 280/774/284 272/775/276
f 273/776/277 271/777/275 280/778/284
f 271/750/275 229/753/233 280/779/284
f 229/753/233 259/780/263 280/779/284
f 218/569/222 250/685/254 260/781/264
f 236/625/240 263/782/267 281/783/285
f 236/625/240 281/783/285 237/626/241
f 277/784/281 246/785/250 269/786/273
f 262/787/266 279/788/283 247/789/251
f 248/678/252 223/790/227 239/656/243
f 282/791/286 250/792/254 270/793/274
f 234/622/238 249/682/253 235/623/239
f 283/794/287 227/593/231 237/626/241
f 268/795/272 197/796/201 284/797/288
f 285/798/289 268/746/272 252/702/256
f 268/799/272 275/757/279 219/756/223
f 279/772/283 286/800/290 255/709/259
f 225/801/229 274/802/278 287/803/291
f 215/804/219 249/682/253 234/622/238
f 260/805/264 250/806/254 257/146/261
f 254/767/258 268/807/272 261/724/265
f 276/808/280 205/809/209 288/810/292
f 253/811/257 289/812/293 264/813/268
f 290/814/294 265/815/269 277/816/281
f 290/814/294 262/817/266 265/815/269
f 266/738/270 291/818/295 205/715/209
f 292/819/296 270/793/274 272/820/276
f 225/587/229 287/821/291 181/588/185
f 250/792/254 282/791/286 257/822/261
f 257/729/261 282/823/286 293/824/297
f 227/593/231 283/794/287 267/744/271
f 261/724/265 268/807/272 284/825/288
f 252/702/256 264/732/268 294/826/298
f 295/827/299 262/828/266 290/829/294
f 290/829/294 277/784/281 295/827/299
f 262/787/266 296/830/300 279/788/283
f 255/764/259 286/831/290 278/765/282
f 280/832/284 259/833/263 297/834/301
f 270/793/274 292/819/296 282/791/286
f 242/733/246 276/759/280 259/833/263
f 295/827/299 296/835/300 262/828/266
f 258/836/262 298/837/302 266/838/270
f 266/838/270 298/837/302 291/839/295
f 249/840/253 287/803/291 274/802/278
f 211/684/215 267/841/271 299/842/303
f 259/843/263 276/808/280 288/810/292
f 257/729/261 293/824/297 253/730/257
f 281/783/285 300/844/304 237/626/241
f 197/796/201 278/765/282 284/797/288
f 294/826/298 285/798/289 252/702/256
f 269/786/273 301/845/305 277/784/281
f 279/788/283 296/830/300 302/846/306
f 279/847/283 302/848/306 286/849/290
f 272/775/276 303/850/307 292/851/296
f 304/852/308 282/791/286 292/819/296
f 305/853/309 293/824/297 282/823/286
f 299/842/303 233/704/237 226/639/230
f 306/854/310 268/746/272 285/798/289
f 307/855/311 298/837/302 258/836/262
f 303/850/307 308/856/312 292/851/296
f 309/857/313 259/858/263 305/859/309
f 233/619/237 299/860/303 263/726/267
f 284/797/288 278/765/282 261/861/265
f 278/765/282 286/831/290 302/862/306
f 277/784/281 301/845/305 295/827/299
f 272/775/276 280/774/284 310/863/314
f 259/833/263 309/864/313 297/834/301
f 211/684/215 299/842/303 226/639/230
f 268/746/272 306/854/310 311/865/315
f 253/730/257 312/866/316 289/867/293
f 205/809/209 291/868/295 288/810/292
f 261/724/265 313/869/317 269/747/273
f 275/870/279 307/855/311 258/836/262
f 278/765/282 302/862/306 296/871/300
f 295/827/299 301/845/305 296/835/300
f 269/786/273 314/872/318 301/845/305
f 315/873/319 316/874/320 317/875/321
f 304/852/308 318/876/322 282/791/286
f 282/791/286 318/876/322 305/877/309
f 181/588/185 287/821/291 215/564/219
f 215/878/219 287/803/291 249/840/253
f 237/879/241 300/880/304 283/881/287
f 283/794/287 300/844/304 267/744/271
f 311/865/315 319/882/323 268/746/272
f 261/861/265 278/765/282 313/883/317
f 308/856/312 303/850/307 320/884/324
f 280/885/284 297/886/301 321/887/325
f 293/824/297 322/888/326 253/730/257
f 269/747/273 313/869/317 314/889/318
f 296/890/300 301/497/305 323/891/327
f 272/775/276 310/863/314 303/850/307
f 324/892/328 325/893/329 326/894/330
f 318/895/322 309/857/313 305/859/309
f 268/799/272 319/896/323 275/757/279
f 313/883/317 278/765/282 323/897/327
f 278/765/282 296/871/300 323/897/327
f 316/874/320 315/873/319 327/898/331
f 324/899/328 326/900/330 328/901/332
f 253/730/257 322/888/326 312/866/316
f 289/902/293 294/826/298 264/732/268
f 298/837/302 329/903/333 291/839/295
f 317/904/321 330/905/334 315/906/319
f 331/907/335 332/908/336 308/909/312
f 305/853/309 333/910/337 293/824/297
f 305/853/309 259/911/263 333/910/337
f 263/726/267 299/860/303 281/912/285
f 299/842/303 267/841/271 300/913/304
f 280/774/284 321/914/325 310/863/314
f 334/915/338 335/916/339 316/874/320
f 316/874/320 327/898/331 334/915/338
f 326/917/330 325/918/329 336/919/340
f 316/920/320 335/921/339 317/922/321
f 321/887/325 297/886/301 337/923/341
f 304/924/308 337/925/341 318/926/322
f 291/927/295 329/928/333 338/929/342
f 313/883/317 301/930/305 314/931/318
f 308/856/312 320/884/324 331/932/335
f 308/909/312 304/933/308 292/934/296
f 335/921/339 339/935/343 317/922/321
f 326/936/330 336/937/340 328/938/332
f 304/939/308 340/940/344 337/941/341
f 319/882/323 311/865/315 341/942/345
f 294/826/298 306/854/310 285/798/289
f 288/810/292 291/868/295 342/943/346
f 323/897/327 301/930/305 313/883/317
f 325/918/329 343/944/347 336/919/340
f 340/945/344 321/887/325 337/923/341
f 309/946/313 344/947/348 297/948/301
f 318/949/322 345/950/349 309/951/313
f 312/866/316 346/952/350 289/867/293
f 293/824/297 347/953/351 322/888/326
f 348/954/352 318/955/322 337/956/341
f 259/957/263 288/958/292 349/959/353
f 350/960/354 335/961/339 334/962/338
f 318/963/322 348/964/352 345/965/349
f 300/844/304 281/783/285 299/966/303
f 310/967/314 321/968/325 303/969/307
f 350/970/354 334/971/338 327/972/331
f 289/902/293 346/973/350 294/826/298
f 351/974/355 341/942/345 311/865/315
f 328/975/332 352/976/356 324/977/328
f 317/922/321 353/978/357 330/979/334
f 259/957/263 349/959/353 333/980/337
f 307/855/311 354/981/358 298/837/302
f 353/978/357 317/922/321 339/935/343
f 336/919/340 343/944/347 355/982/359
f 339/935/343 335/921/339 356/983/360
f 298/837/302 354/981/358 329/903/333
f 308/909/312 332/908/336 357/984/361
f 322/888/326 358/985/362 312/866/316
f 359/986/363 309/951/313 345/950/349
f 312/987/316 358/988/362 346/989/350
f 358/990/362 294/826/298 346/973/350
f 308/909/312 357/984/361 304/933/308
f 293/824/297 333/910/337 347/953/351
f 360/991/364 307/855/311 275/870/279
f 303/850/307 321/914/325 320/884/324
f 288/992/292 361/993/365 349/994/353
f 306/854/310 362/995/366 311/865/315
f 294/826/298 363/996/367 306/854/310
f 338/997/342 329/903/333 364/998/368
f 330/999/334 365/1000/369 315/1001/319
f 327/1002/331 366/1003/370 350/1004/354
f 325/918/329 367/1005/371 343/944/347
f 336/937/340 355/1006/359 368/1007/372
f 336/937/340 368/1007/372 328/938/332
f 348/964/352 369/1008/373 345/965/349
f 322/888/326 347/953/351 358/985/362
f 291/1009/295 338/1010/342 342/1011/346
f 354/981/358 364/998/368 329/903/333
f 297/1012/301 344/1013/348 370/1014/374
f 309/951/313 359/986/363 344/1015/348
f 275/870/279 319/1016/323 371/1017/375
f 340/1018/344 372/1019/376 321/1020/325
f 353/978/357 365/1021/369 330/979/334
f 339/935/343 373/1022/377 353/978/357
f 352/1023/356 325/893/329 324/892/328
f 374/1024/378 348/954/352 337/956/341
f 375/1025/379 359/986/363 345/950/349
f 319/1026/323 349/1027/353 371/1028/375
f 371/1017/375 360/991/364 275/870/279
f 307/855/311 360/991/364 354/981/358
f 325/893/329 352/1023/356 367/1029/371
f 331/1030/335 376/1031/380 332/1032/336
f 353/978/357 373/1022/377 365/1021/369
f 335/961/339 350/960/354 377/1033/381
f 369/1034/373 375/1025/379 345/950/349
f 294/826/298 358/990/362 378/1035/382
f 362/995/366 351/974/355 311/865/315
f 372/1019/376 340/1018/344 379/1036/383
f 328/975/332 380/1037/384 352/976/356
f 335/921/339 381/1038/385 356/983/360
f 356/983/360 373/1022/377 339/935/343
f 319/882/323 341/942/345 349/1039/353
f 288/992/292 382/1040/386 361/993/365
f 338/1010/342 382/1040/386 342/1011/346
f 355/1006/359 343/1041/347 368/1007/372
f 328/938/332 368/1007/372 380/1042/384
f 356/983/360 381/1038/385 373/1022/377
f 297/1043/301 374/1024/378 337/956/341
f 306/854/310 363/996/367 362/995/366
f 342/1011/346 382/1040/386 288/992/292
f 327/1002/331 377/1044/381 366/1003/370
f 359/986/363 383/1045/387 344/1015/348
f 371/1017/375 361/1046/365 360/991/364
f 360/991/364 384/1047/388 354/981/358
f 350/960/354 366/1048/370 377/1033/381
f 343/1041/347 385/1049/389 368/1007/372
f 344/1050/348 386/1051/390 370/1052/374
f 341/1053/345 387/1054/391 349/959/353
f 367/1005/371 385/1055/389 343/944/347
f 380/1056/384 388/1057/392 352/1058/356
f 304/933/308 357/984/361 340/1018/344
f 349/1027/353 361/1059/365 371/1028/375
f 297/1043/301 370/1060/374 374/1024/378
f 344/1015/348 383/1045/387 386/1061/390
f 349/959/353 387/1054/391 333/980/337
f 368/1062/372 385/1063/389 388/1057/392
f 368/1062/372 388/1057/392 380/1056/384
f 294/826/298 389/1064/393 363/996/367
f 351/974/355 390/1065/394 341/942/345
f 361/1046/365 384/1047/388 360/991/364
f 321/914/325 372/1066/376 320/884/324
f 352/1023/356 388/1067/392 367/1029/371
f 388/1057/392 385/1063/389 367/1068/371
f 338/1010/342 364/1069/368 382/1040/386
f 384/1047/388 382/1070/386 354/981/358
f 331/932/335 320/884/324 376/1071/380
f 335/1072/339 377/1073/381 391/1074/395
f 335/921/339 391/1075/395 381/1038/385
f 373/1022/377 392/1076/396 365/1021/369
f 393/1077/397 394/1078/398 395/1079/399
f 395/1080/399 396/1081/400 397/1082/401
f 364/1083/368 354/1084/358 382/1085/386
f 393/1086/397 398/1087/402 399/1088/403
f 393/1089/397 395/1090/399 398/1091/402
f 397/1092/401 398/1091/402 395/1090/399
f 397/1093/401 400/1094/404 398/1095/402
f 397/1096/401 401/1097/405 400/1098/404
f 351/974/355 362/995/366 390/1065/394
f 390/1065/394 387/1099/391 341/942/345
f 377/1044/381 327/1002/331 391/1100/395
f 365/1101/369 392/1102/396 402/1103/406
f 399/1088/403 398/1087/402 403/1104/407
f 399/1105/403 404/1106/408 393/1077/397
f 396/1107/400 401/1097/405 397/1096/401
f 359/986/363 405/1108/409 383/1045/387
f 347/953/351 333/910/337 406/1109/410
f 389/1110/393 362/1111/366 363/1112/367
f 361/1113/365 382/1114/386 384/1115/388
f 315/1001/319 391/1100/395 327/1002/331
f 315/1001/319 365/1000/369 407/1116/411
f 408/1117/412 403/1118/407 409/1119/413
f 410/1120/414 398/1121/402 411/1122/415
f 410/1120/416 411/1122/417 412/1123/418
f 394/1124/398 396/1081/400 395/1080/399
f 358/1125/362 413/1126/419 378/1127/382
f 340/1018/344 414/1128/420 379/1036/383
f 410/1129/414 409/1119/413 398/1130/402
f 403/1104/407 404/1131/408 399/1088/403
f 358/985/362 347/953/351 413/1132/419
f 408/1133/412 409/1134/413 415/1135/421
f 416/1136/422 403/1137/407 408/1138/412
f 340/1018/344 357/984/361 414/1128/420
f 410/1139/414 417/1140/423 409/1141/413
f 410/1139/414 411/1142/415 417/1140/423
f 393/1077/397 404/1106/408 394/1078/398
f 396/1143/400 418/1144/424 401/1145/405
f 347/953/351 406/1109/410 413/1132/419
f 365/1000/369 402/1146/406 407/1116/411
f 348/964/352 419/1147/425 369/1008/373
f 372/1148/376 420/1149/426 320/1150/324
f 392/1102/396 407/1151/411 402/1103/406
f 392/1076/396 373/1022/377 381/1038/385
f 403/1118/407 398/1130/402 409/1119/413
f 421/1152/427 418/1153/424 396/1081/400
f 422/1154/428 401/1155/405 423/1156/429
f 423/1157/429 401/1145/405 418/1144/424
f 378/1035/382 389/1064/393 294/826/298
f 333/980/337 387/1054/391 406/1158/410
f 391/1100/395 315/1001/319 407/1116/411
f 417/1159/423 415/1135/421 409/1134/413
f 403/1104/407 424/1160/430 404/1131/408
f 398/1121/402 425/1161/431 411/1122/415
f 422/1162/428 426/1163/432 401/968/405
f 401/968/405 426/1163/432 427/1164/433
f 428/1165/434 374/1024/378 370/1060/374
f 390/1065/394 362/995/366 389/1064/393
f 372/1166/376 379/1167/383 420/1168/426
f 376/1031/380 429/1169/435 332/1032/336
f 400/1094/404 401/1170/405 398/1095/402
f 396/1081/400 394/1124/398 421/1152/427
f 422/1162/428 423/1171/429 426/1163/432
f 408/1172/412 430/1173/436 416/1174/422
f 415/1175/421 417/1176/423 431/1177/437
f 332/908/336 429/1178/435 432/1179/438
f 415/1180/421 433/1181/439 408/1172/412
f 415/1180/421 431/1182/437 433/1181/439
f 416/2/422 430/1183/436 403/1184/407
f 357/984/361 434/1185/440 414/1128/420
f 404/1186/408 424/1187/430 394/1188/398
f 427/1189/433 398/1095/402 401/1170/405
f 418/1190/424 435/1191/441 423/1192/429
f 435/1191/441 418/1190/424 421/1193/427
f 426/1194/432 436/1195/442 427/1196/433
f 370/1197/374 386/1198/390 437/1199/443
f 375/1025/379 438/1200/444 359/986/363
f 408/1172/412 433/1181/439 430/1173/436
f 439/1201/445 440/1202/446 441/1203/447
f 424/1204/430 442/1205/448 394/1206/398
f 436/1207/442 426/1208/432 435/1209/441
f 435/1191/441 426/1210/432 423/1192/429
f 370/1060/374 437/1211/443 428/1165/434
f 387/1054/391 390/1212/394 406/1158/410
f 443/1213/449 381/1038/385 391/1075/395
f 394/1124/398 442/1214/448 444/1215/450
f 394/1124/398 444/1215/450 421/1152/427
f 445/1216/451 440/1202/446 439/1201/445
f 430/1183/436 424/1217/430 403/1184/407
f 440/1218/446 445/1219/451 446/1220/452
f 432/1179/438 357/984/361 332/908/336
f 425/1221/431 417/1222/423 411/1223/415
f 442/1205/448 425/1161/431 398/1121/402
f 442/1224/448 398/1095/402 447/1225/453
f 448/1226/454 435/1209/441 421/1227/427
f 448/1226/454 421/1227/427 444/1228/450
f 435/1209/441 448/1226/454 436/1207/442
f 369/1034/373 438/1200/444 375/1025/379
f 378/1127/382 413/1126/419 389/1229/393
f 389/1064/393 406/1230/410 390/1065/394
f 439/1231/445 441/1232/447 449/1233/455
f 392/1076/396 381/1038/385 443/1213/449
f 431/1234/437 417/1235/423 433/1236/439
f 440/1202/446 450/1237/456 441/1203/447
f 437/1238/443 386/1239/390 451/1240/457
f 419/1241/425 438/1200/444 369/1034/373
f 389/1064/393 413/1242/419 406/1230/410
f 391/1100/395 407/1116/411 443/1243/449
f 320/884/324 452/1244/458 376/1071/380
f 407/1151/411 392/1102/396 443/1245/449
f 433/1236/439 417/1235/423 424/1246/430
f 425/1247/431 453/1248/459 417/1249/423
f 442/1205/448 454/1250/460 425/1161/431
f 427/1189/433 455/1251/461 398/1095/402
f 436/1195/442 447/1252/453 427/1196/433
f 430/1183/436 433/1253/439 424/1217/430
f 414/1128/420 456/1254/462 379/1036/383
f 425/1255/431 454/1256/460 453/1257/459
f 442/1258/448 447/1259/453 457/1260/463
f 398/1095/402 455/1251/461 447/1225/453
f 436/1207/442 448/1226/454 447/1261/453
f 427/1196/433 447/1252/453 455/1262/461
f 374/1024/378 428/1165/434 348/954/352
f 386/1110/390 383/1263/387 451/1264/457
f 441/1265/447 458/1266/464 449/1267/455
f 376/1031/380 459/1268/465 429/1169/435
f 429/1169/435 459/1268/465 432/1269/438
f 417/1270/423 460/1271/466 424/1272/430
f 442/1214/448 457/1273/463 444/1215/450
f 376/1071/380 452/1244/458 461/1274/467
f 458/1275/464 441/1203/447 450/1237/456
f 440/1218/446 446/1220/452 450/1276/456
f 448/1277/454 444/1278/450 447/1279/453
f 420/1168/426 379/1167/383 320/1280/324
f 357/984/361 432/1179/438 434/1185/440
f 454/1250/460 442/1205/448 460/1281/466
f 444/1282/450 457/1283/463 447/1284/453
f 359/986/363 438/1200/444 405/1108/409
f 439/1201/445 462/1285/468 445/1216/451
f 434/1185/440 463/1286/469 414/1128/420
f 442/1205/448 424/1204/430 460/1281/466
f 462/1287/468 464/1288/470 445/1289/451
f 464/1288/470 465/1290/471 445/1289/451
f 445/1219/451 465/1291/471 446/1220/452
f 320/884/324 466/1292/472 452/1244/458
f 467/1293/473 466/1292/472 320/884/324
f 379/1167/383 467/1294/473 320/1280/324
f 417/1270/423 453/1295/459 460/1271/466
f 348/954/352 428/1165/434 419/1296/425
f 405/1108/409 468/1297/474 383/1045/387
f 450/1298/456 469/1299/475 458/1300/464
f 458/1301/464 469/1302/475 470/1303/476
f 446/1220/452 469/1304/475 450/1276/456
f 461/1305/467 459/1268/465 376/1031/380
f 463/1286/469 456/1254/462 414/1128/420
f 460/1281/466 453/1306/459 454/1250/460
f 432/1179/438 459/1307/465 471/1308/477
f 446/1220/452 472/1309/478 469/1304/475
f 383/1045/387 468/1297/474 451/1310/457
f 462/1311/468 439/1231/445 473/1312/479
f 432/1179/438 471/1308/477 434/1185/440
f 434/1185/440 474/1313/480 463/1286/469
f 419/56/425 428/1314/434 475/1315/481
f 419/1241/425 475/1316/481 438/1200/444
f 379/1167/383 456/1317/462 467/1294/473
f 458/1266/464 470/1318/476 449/1267/455
f 446/1220/452 476/1319/482 472/1309/478
f 434/1320/440 471/1321/477 474/1322/480
f 461/1305/467 471/1323/477 459/1268/465
f 477/1324/483 470/1325/476 469/1304/475
f 472/1309/478 477/1324/483 469/1304/475
f 473/1326/479 464/1288/470 462/1287/468
f 465/1291/471 478/1327/484 446/1220/452
f 451/1328/457 468/1329/474 437/1330/443
f 475/1316/481 405/1108/409 438/1200/444
f 479/1331/485 480/1332/486 481/1333/487
f 480/1334/486 482/1335/488 481/1336/487
f 449/1337/455 470/1338/476 477/1339/483
f 482/1335/488 480/1334/486 483/1340/489
f 464/1288/470 478/1341/484 465/1290/471
f 476/1319/482 484/1342/490 472/1309/478
f 485/1258/491 486/1343/492 487/1344/493
f 405/1108/409 488/1345/494 468/1297/474
f 477/1339/483 489/1346/495 449/1337/455
f 474/1313/480 490/1347/496 463/1286/469
f 491/1348/497 492/1349/498 493/1350/499
f 494/1351/500 467/1294/473 456/1317/462
f 472/1309/478 484/1342/490 477/1324/483
f 482/1335/488 495/1352/501 496/1353/502
f 495/1352/501 482/1335/488 483/1340/489
f 468/1329/474 488/1354/494 437/1330/443
f 480/1332/486 497/1355/503 483/1356/489
f 479/1331/485 498/1357/504 480/1332/486
f 491/1358/497 499/1359/505 492/1360/498
f 461/1305/467 490/1361/496 471/1323/477
f 463/1362/469 494/1351/500 456/1317/462
f 478/1327/484 484/1342/490 446/1220/452
f 481/1363/487 482/1364/488 500/1365/506
f 467/1294/473 494/1351/500 466/1366/472
f 471/1308/477 490/1347/496 474/1313/480
f 446/1367/452 484/941/490 476/1368/482
f 501/1369/507 502/1370/508 503/1371/509
f 491/1348/497 493/1350/499 504/1372/510
f 464/1288/470 473/1326/479 505/1373/511
f 464/1288/470 505/1373/511 478/1341/484
f 485/1374/491 487/1375/493 506/1376/512
f 481/1363/487 500/1365/506 507/1377/513
f 481/1378/487 507/1379/513 479/1380/485
f 475/1316/481 428/1381/434 405/1108/409
f 483/1356/489 497/1355/503 495/1382/501
f 480/1332/486 498/1357/504 497/1355/503
f 452/1383/458 490/1361/496 461/1305/467
f 463/1362/469 490/1384/496 494/1351/500
f 508/1385/514 437/1330/443 488/1354/494
f 479/1331/485 509/1386/515 498/1357/504
f 502/1370/508 510/1387/516 503/1371/509
f 449/1233/455 473/1312/479 439/1231/445
f 449/1233/455 511/1388/517 473/1312/479
f 487/1375/493 486/1389/492 506/1376/512
f 486/1390/492 485/1391/491 512/1392/518
f 437/1211/443 513/1393/519 428/1165/434
f 514/1394/520 515/1395/521 493/1396/499
f 494/1351/500 490/1384/496 452/1397/458
f 485/1391/491 516/1398/522 512/1392/518
f 495/1352/501 517/1399/523 496/1353/502
f 503/1400/509 518/1401/524 519/1402/525
f 520/547/526 521/1403/527 522/1404/528
f 499/1359/505 523/1405/529 492/1360/498
f 515/1406/521 514/1407/520 524/1408/530
f 466/1366/472 494/1351/500 452/1397/458
f 525/1409/531 526/1410/532 527/1411/533
f 437/1211/443 508/1412/514 513/1393/519
f 528/1413/534 529/1414/535 530/1415/536
f 531/1416/537 502/1417/508 501/1418/507
f 503/1371/509 510/1387/516 518/1419/524
f 499/1420/505 532/1421/538 533/1422/539
f 499/1423/505 533/1424/539 523/1425/529
f 493/1396/499 534/1426/540 514/1394/520
f 527/1411/533 526/1410/532 535/1427/541
f 535/1427/542 536/1428/543 527/1411/533
f 497/1355/503 537/1429/544 495/1382/501
f 530/1415/536 538/1430/545 528/1413/534
f 428/1381/434 513/1431/519 405/1108/409
f 405/1108/409 513/1431/519 488/1345/494
f 539/1432/546 540/1433/547 520/1434/526
f 541/1435/548 542/1436/549 543/1437/550
f 492/1349/498 534/1438/540 493/1350/499
f 514/1407/520 534/1439/540 524/1408/530
f 489/1346/495 477/1339/483 544/1440/551
f 545/1441/552 527/1442/533 536/1443/543
f 546/1444/553 547/1445/554 548/1446/555
f 508/1385/514 488/1354/494 513/1447/519
f 539/1448/546 520/1449/526 549/1450/556
f 549/1450/556 520/1449/526 522/1451/528
f 550/1452/557 541/1435/548 504/1372/510
f 542/1436/549 541/1435/548 550/1452/557
f 534/1438/540 492/1349/498 523/1453/529
f 534/1454/540 523/1455/529 551/1456/558
f 493/1457/499 515/1458/521 552/1459/559
f 477/1339/483 484/1460/490 544/1440/551
f 535/1461/541 525/1462/531 527/1442/533
f 539/1448/546 549/1450/556 553/1463/560
f 541/1464/548 543/1465/550 532/1466/538
f 504/1372/510 493/1350/499 550/1452/557
f 552/1459/559 515/1458/521 554/1467/561
f 515/1458/521 524/1468/530 554/1467/561
f 449/1233/455 489/1469/495 511/1388/517
f 525/1462/531 535/1461/541 526/1470/532
f 506/1376/512 555/1471/562 485/1374/491
f 486/1389/492 512/1472/518 506/1376/512
f 485/1473/491 556/1474/563 516/1475/522
f 482/1364/488 496/1476/502 500/1365/506
f 495/1382/501 537/1429/544 517/1477/523
f 557/1478/564 558/1479/565 528/1480/534
f 529/1481/535 528/1480/534 558/1479/565
f 502/1370/508 559/1482/566 510/1387/516
f 520/1434/526 540/1433/547 521/1483/527
f 491/1484/497 532/1421/538 499/1420/505
f 504/1485/510 532/1486/538 491/1487/497
f 504/1488/510 541/1464/548 532/1466/538
f 551/1489/558 560/1490/567 561/1491/568
f 523/1492/529 560/1490/567 551/1489/558
f 493/1457/499 552/1459/559 550/1493/557
f 562/1494/569 484/1342/490 478/1327/484
f 496/1476/502 563/1495/570 500/1365/506
f 547/1496/554 564/1497/571 548/1498/555
f 538/1499/545 557/1500/564 528/1501/534
f 518/1502/524 510/1503/516 565/1504/572
f 533/1505/539 566/1506/573 567/1507/574
f 533/1424/539 568/1508/575 523/1425/529
f 484/1460/490 562/1509/569 544/1440/551
f 516/1398/522 569/1510/576 512/1392/518
f 479/1331/485 570/1511/577 509/1386/515
f 543/1512/550 571/1513/578 572/1514/579
f 533/1424/539 567/1515/574 568/1508/575
f 542/1516/549 571/1513/578 543/1512/550
f 573/1517/580 545/1518/581 574/1519/582
f 527/1442/533 545/1441/552 535/1461/583
f 564/1520/571 546/1444/553 548/1446/555
f 530/1415/536 529/1414/535 575/1521/584
f 503/1400/509 519/1402/525 576/1522/585
f 521/1483/527 577/1523/586 522/1524/528
f 540/1433/547 578/1525/587 521/1483/527
f 568/1526/575 560/1490/567 523/1492/529
f 579/1527/588 552/1528/559 554/1529/561
f 561/1530/568 580/1531/589 551/1532/558
f 573/1517/580 535/1533/590 545/1518/581
f 535/1427/542 545/1534/552 536/1428/543
f 485/1374/491 555/1471/562 556/1535/563
f 497/1355/503 498/1357/504 537/1429/544
f 509/1386/515 581/1536/591 498/1357/504
f 503/1400/509 531/1537/537 501/1538/507
f 539/1539/546 582/1540/592 540/1541/547
f 543/1465/550 572/1542/579 532/1466/538
f 567/1543/574 560/1544/567 568/1545/575
f 542/1546/549 552/1528/559 583/1547/593
f 579/1527/588 583/1547/593 552/1528/559
f 580/1548/589 534/1439/540 551/1549/558
f 554/1550/561 524/1408/530 584/1551/594
f 579/1552/588 554/1550/561 585/1553/595
f 573/1517/580 586/1554/596 535/1533/590
f 478/1327/484 505/1555/511 587/1556/597
f 556/1557/563 588/1558/598 516/1398/522
f 516/1398/522 589/1559/599 569/1510/576
f 590/1560/600 591/1561/601 592/1562/602
f 593/1563/603 590/1564/600 594/1565/604
f 539/1566/546 553/1567/560 595/1568/605
f 550/1569/557 552/1528/559 542/1546/549
f 542/1546/549 583/1547/593 596/1570/606
f 583/1571/593 579/1572/588 585/1573/595
f 573/1574/580 574/1575/582 597/1576/607
f 598/1577/608 599/1578/609 600/1579/610
f 535/1533/590 530/1415/536 545/1518/581
f 545/1518/581 530/1415/536 601/1580/611
f 512/1472/518 555/1471/562 506/1376/512
f 564/1520/571 602/1581/612 546/1444/553
f 563/1495/570 603/1582/613 500/1365/506
f 592/1583/602 594/1565/604 590/1564/600
f 502/1417/508 531/1416/537 559/1584/566
f 567/1585/574 566/1586/573 560/1587/567
f 560/1588/567 604/1589/614 561/1530/568
f 534/1439/540 584/1551/594 524/1408/530
f 599/1578/609 605/1590/615 600/1579/610
f 489/1346/495 544/1440/551 606/1591/616
f 601/1580/611 530/1415/536 575/1521/584
f 575/1592/584 529/1593/535 558/1594/565
f 607/1595/617 558/1479/565 557/1478/564
f 608/1596/618 558/1597/565 607/1598/617
f 565/1599/572 582/1600/592 518/1419/524
f 539/1601/546 595/1602/605 582/1603/592
f 566/1604/573 533/1422/539 532/1421/538
f 609/1605/619 566/1606/573 610/1607/620
f 611/1608/621 573/1574/580 597/1576/607
f 587/1556/597 562/1494/569 478/1327/484
f 601/1580/611 575/1521/584 612/1609/622
f 538/1430/545 530/1415/536 613/1610/623
f 602/1581/612 614/1611/624 546/1444/553
f 581/1536/591 537/1429/544 498/1357/504
f 507/1612/513 570/1511/577 479/1331/485
f 557/1478/564 615/1613/625 607/1595/617
f 576/1522/585 531/1537/537 503/1400/509
f 532/1421/538 610/1614/620 566/1604/573
f 566/1586/573 604/1615/614 560/1587/567
f 604/1589/614 580/1531/589 561/1530/568
f 604/1616/614 616/1617/626 580/1618/589
f 583/1619/593 617/1620/627 596/1621/606
f 618/1622/628 580/1548/589 616/1623/626
f 554/1550/561 584/1551/594 585/1553/595
f 573/1574/580 611/1608/621 586/1624/596
f 619/1625/629 505/1373/511 473/1326/479
f 544/1440/551 562/1509/569 606/1591/616
f 574/1626/582 545/1627/581 620/1628/630
f 547/1629/554 546/1630/553 621/1631/631
f 496/1353/502 517/1399/523 622/1632/632
f 516/1398/522 588/1558/598 589/1559/599
f 517/1477/523 537/1429/544 623/1633/633
f 558/1634/565 608/1635/618 575/1636/584
f 576/1522/585 624/1637/634 531/1537/537
f 625/1638/635 578/1525/587 540/1433/547
f 566/1639/573 626/1640/636 604/1641/614
f 618/1622/628 534/1439/540 580/1548/589
f 584/1551/594 627/1642/637 585/1553/595
f 583/1571/593 585/1573/595 617/1643/627
f 545/1627/581 601/1644/611 620/1628/630
f 538/1499/545 615/1645/625 557/1500/564
f 628/1646/638 591/1647/601 590/1648/600
f 519/1649/525 518/1650/524 582/1651/592
f 522/1451/528 629/1652/639 549/1450/556
f 630/1653/640 534/1439/540 618/1622/628
f 631/1654/641 598/1655/608 600/1656/610
f 597/1657/607 574/1626/582 620/1628/630
f 632/1658/642 599/1659/609 598/1660/608
f 633/1661/643 535/1662/590 586/1663/596
f 623/1633/633 622/1664/632 517/1477/523
f 634/1665/644 613/1666/623 530/1667/536
f 635/1668/645 612/1669/622 575/1670/584
f 636/1671/646 538/1672/545 613/1673/623
f 637/1674/647 638/1675/648 639/1676/649
f 640/1677/650 510/1387/516 559/1482/566
f 641/1678/651 540/1541/547 582/1540/592
f 629/1679/639 522/1680/528 577/1681/586
f 642/1682/652 566/1683/573 609/1684/619
f 584/1551/594 534/1439/540 630/1653/640
f 618/1685/628 643/1686/653 630/1687/640
f 473/1312/479 511/1388/517 619/1688/629
f 586/1663/596 611/1689/621 633/1661/643
f 600/1690/610 605/1691/615 631/1692/641
f 489/1346/495 606/1591/616 511/1693/517
f 619/1625/629 587/1694/597 505/1373/511
f 535/1695/590 644/1696/654 530/895/536
f 546/1630/553 614/1697/624 621/1631/631
f 601/1644/611 635/1698/645 620/1628/630
f 588/1558/598 645/1699/655 589/1559/599
f 538/1499/545 634/1700/644 615/1645/625
f 615/1701/625 608/1596/618 607/1598/617
f 646/1702/656 647/1703/657 648/1704/658
f 649/1705/659 646/1702/656 650/1706/660
f 651/1707/661 647/1708/657 649/1709/659
f 646/1710/656 649/1709/659 647/1708/657
f 652/1711/662 592/1712/602 591/1713/601
f 576/1522/585 519/1402/525 595/1714/605
f 519/1649/525 582/1651/592 595/1715/605
f 638/1675/648 637/1674/647 653/1716/663
f 566/1683/573 654/1717/664 626/1718/636
f 566/1683/573 642/1682/652 654/1717/664
f 571/1719/578 542/1720/549 572/1721/579
f 596/1722/606 655/1723/665 542/1724/549
f 604/1616/614 656/1725/666 616/1617/626
f 633/1726/643 620/1727/630 644/1728/654
f 530/895/536 644/1696/654 634/1729/644
f 569/1730/576 589/1731/599 512/1732/518
f 623/1633/633 537/1429/544 581/1536/591
f 538/1672/545 636/1671/646 634/1733/644
f 634/1734/644 608/1735/618 615/1736/625
f 593/1737/603 657/1738/667 590/1648/600
f 592/1583/602 658/1739/668 594/1565/604
f 591/1713/601 659/1740/669 652/1711/662
f 510/1387/516 660/1741/670 565/1599/572
f 653/1742/663 661/1743/671 638/1744/648
f 531/1416/537 662/1745/672 559/1584/566
f 578/1525/587 577/1523/586 521/1483/527
f 542/1746/549 655/1747/665 572/1748/579
f 596/1749/606 617/1750/627 655/1751/665
f 606/1591/616 562/1509/569 511/1693/517
f 562/1509/569 587/1752/597 511/1693/517
f 663/1753/673 644/1754/654 535/1755/590
f 664/1756/674 555/1471/562 512/1472/518
f 620/1757/630 634/1758/644 644/1759/654
f 564/1760/571 547/1629/554 665/1761/675
f 666/1762/676 667/1763/677 668/1764/678
f 636/1765/646 613/1666/623 634/1665/644
f 635/1698/645 601/1644/611 612/1766/622
f 602/1581/612 564/1520/571 669/1767/679
f 507/1377/513 500/1365/506 603/1582/613
f 575/1768/584 608/1735/618 634/1734/644
f 590/1648/600 657/1738/667 628/1646/638
f 670/1769/680 657/1770/667 593/1771/603
f 670/1769/680 593/1771/603 594/1772/604
f 671/1773/681 509/1386/515 570/1511/577
f 672/1774/682 540/1433/547 641/1775/651
f 642/1776/652 673/1777/683 654/1778/664
f 654/1779/664 604/1641/614 626/1640/636
f 654/1778/664 673/1777/683 604/1780/614
f 674/1781/684 642/1782/652 609/1783/619
f 673/1777/683 656/1784/666 604/1780/614
f 584/1551/594 675/1785/685 627/1642/637
f 630/1786/640 643/1787/653 675/1788/685
f 618/1789/628 675/1790/685 643/1791/653
f 627/1642/637 617/1792/627 585/1553/595
f 676/1793/686 677/1794/687 678/1795/688
f 632/1658/642 679/1796/689 599/1659/609
f 619/1797/629 511/1693/517 587/1752/597
f 633/1798/643 597/1799/607 620/1800/630
f 633/1801/643 663/1802/673 535/1803/590
f 563/1495/570 496/1476/502 680/1804/690
f 664/1805/674 512/1732/518 589/1731/599
f 681/1806/691 666/1762/676 668/1764/678
f 620/1807/630 635/1808/645 682/1809/692
f 595/1810/605 553/1811/560 683/1812/693
f 639/1813/649 684/1814/694 637/1815/647
f 639/1816/649 638/1817/648 685/1818/695
f 638/572/648 661/1819/671 685/1820/695
f 630/1786/640 675/1788/685 584/1821/594
f 674/1822/684 686/1823/696 642/1824/652
f 642/1776/652 686/1825/696 673/1777/683
f 656/1826/666 618/1622/628 616/1623/626
f 664/1827/674 677/1828/687 676/1829/686
f 599/1659/609 687/1830/697 605/1831/615
f 679/1796/689 687/1830/697 599/1659/609
f 556/1832/563 555/1833/562 588/1834/598
f 547/1629/554 688/1835/698 665/1761/675
f 621/1631/631 688/1835/698 547/1629/554
f 564/1520/571 689/1836/699 690/1837/700
f 594/1838/604 658/1839/668 670/1840/680
f 510/1387/516 640/1677/650 660/1741/670
f 549/1450/556 629/1652/639 553/1463/560
f 691/1841/701 692/1842/702 532/1843/538
f 532/1421/538 692/1844/702 610/1614/620
f 655/1747/665 693/1845/703 572/1748/579
f 609/1846/619 610/1847/620 694/1848/704
f 609/1849/619 694/1850/704 674/1851/684
f 695/1852/705 656/1853/666 673/1854/683
f 686/1825/696 695/1855/705 673/1777/683
f 655/1751/665 617/1750/627 627/1856/637
f 618/551/628 696/1857/706 675/1858/685
f 675/1858/685 696/1857/706 697/1859/707
f 597/1799/607 633/1798/643 611/1860/621
f 496/1476/502 622/1861/632 680/1804/690
f 682/1862/692 634/1863/644 620/1864/630
f 575/1670/584 634/1865/644 682/1866/692
f 575/1670/584 682/1866/692 635/1668/645
f 509/1386/515 671/1773/681 581/1536/591
f 648/1867/658 647/1868/657 698/1869/708
f 649/1709/659 699/1870/709 651/1707/661
f 565/1599/572 700/1871/710 582/1600/592
f 625/1638/635 540/1433/547 672/1774/682
f 700/1872/710 532/1843/538 641/1678/651
f 627/1856/637 701/1873/711 655/1751/665
f 674/1874/684 694/1875/704 686/1876/696
f 656/1826/666 702/1877/712 618/1622/628
f 696/1878/706 618/1879/628 702/1880/712
f 627/1881/637 703/1882/713 704/1883/714
f 675/1785/685 703/1884/713 627/1642/637
f 664/1827/674 678/1885/688 677/1828/687
f 622/1886/632 623/1887/633 680/1888/690
f 588/1834/598 555/1833/562 645/1889/655
f 681/1806/691 705/1890/715 666/1762/676
f 667/1891/677 706/1892/716 668/1893/678
f 657/1894/667 707/1895/717 628/1896/638
f 667/1763/677 666/1762/676 708/1897/718
f 647/1868/657 709/1898/719 698/1869/708
f 651/1707/661 709/1899/719 647/1708/657
f 710/1900/720 595/1714/605 683/1901/693
f 576/1522/585 595/1714/605 711/1902/721
f 712/1903/722 641/1775/723 672/1774/724
f 639/1813/649 685/1904/695 684/1814/694
f 713/1905/725 625/1638/635 672/1774/682
f 532/1906/538 713/1907/725 641/1908/651
f 532/1906/538 572/1909/579 713/1907/725
f 610/1847/620 692/1910/702 694/1848/704
f 697/1911/707 703/1912/713 675/1913/685
f 676/1829/686 555/1914/562 664/1827/674
f 633/1726/643 644/1728/654 714/1915/726
f 680/1804/690 603/1582/613 563/1495/570
f 667/1916/677 708/1917/718 706/1918/716
f 589/1919/599 715/1920/727 716/1921/728
f 690/1837/700 669/1767/679 564/1520/571
f 591/1922/601 628/1923/638 659/1924/669
f 603/1925/613 570/1926/577 507/1927/513
f 652/1711/662 717/1928/729 592/1712/602
f 651/958/661 718/1929/730 709/1930/719
f 709/1930/719 718/1929/730 719/1931/731
f 662/1932/672 640/1677/650 559/1482/566
f 655/1933/665 701/1934/711 693/1935/703
f 702/1936/712 720/1937/732 696/1938/706
f 627/1856/637 704/1939/714 721/1940/733
f 720/1937/732 697/1941/707 696/1938/706
f 631/1654/641 722/1942/734 598/1655/608
f 564/1760/571 665/1761/675 689/1943/699
f 614/1611/624 602/1581/612 621/1944/631
f 589/1559/599 657/1945/667 723/1946/735
f 723/1946/735 715/1947/727 589/1559/599
f 724/1948/736 716/1949/728 715/1950/727
f 725/1951/737 716/1952/728 724/1953/736
f 658/1954/668 725/1955/737 670/1956/680
f 717/1928/729 726/1957/738 592/1712/602
f 725/1955/737 658/1954/668 727/1958/739
f 726/1959/738 658/1960/668 592/1961/602
f 728/1962/740 709/1930/719 719/1931/731
f 700/1872/710 641/1678/651 582/1540/592
f 660/1741/670 700/1871/710 565/1599/572
f 641/1775/651 713/1905/725 672/1774/682
f 700/1872/710 691/1841/701 532/1843/538
f 721/1940/733 701/1873/711 627/1856/637
f 702/1963/712 656/1964/666 729/1965/741
f 720/1966/732 703/1967/713 697/1968/707
f 589/1559/599 707/1969/717 657/1945/667
f 650/1706/660 646/1702/656 648/1704/658
f 670/1970/680 725/1971/737 724/1972/736
f 659/1973/669 730/1974/742 652/1975/662
f 652/1975/662 731/1976/743 717/1977/729
f 652/1975/662 730/1974/742 731/1976/743
f 726/1978/738 732/1979/744 733/1980/745
f 659/1973/669 734/1981/746 730/1974/742
f 717/1977/729 731/1976/743 732/1979/744
f 578/1525/587 735/1982/747 577/1523/586
f 729/1965/741 656/1964/666 695/1983/705
f 736/1984/748 737/1985/749 738/1986/750
f 589/1559/599 645/1699/655 707/1969/717
f 555/1833/562 707/1987/717 645/1889/655
f 555/1988/562 628/1989/638 707/1990/717
f 715/1950/727 670/1991/680 724/1948/736
f 739/1992/751 740/1993/752 741/1994/753
f 709/1898/719 728/1995/740 698/1869/708
f 726/1978/738 717/1977/729 732/1979/744
f 739/1996/751 742/1997/754 740/1998/752
f 651/1999/661 743/2000/755 718/2001/730
f 659/1924/669 628/1923/638 734/2002/746
f 699/2003/709 649/2004/659 744/2005/756
f 743/2006/755 745/2007/757 718/2008/730
f 745/2009/757 746/2010/758 718/2011/730
f 718/2012/730 746/2013/758 719/2014/731
f 692/1910/702 747/2015/759 694/1848/704
f 693/1935/703 701/1934/711 748/2016/760
f 749/2017/761 750/2018/762 678/1795/688
f 736/2019/748 738/2020/750 665/2021/675
f 751/2022/763 714/2023/726 644/1754/654
f 589/1731/599 716/2024/728 752/2025/764
f 723/1946/765 657/1945/667 753/2026/766
f 680/2027/690 710/2028/720 683/2029/693
f 753/2030/766 657/1770/667 670/1769/680
f 723/2031/765 753/2032/766 670/2033/680
f 650/2034/660 744/2005/756 649/2004/659
f 754/2035/767 658/2036/668 726/2037/738
f 725/2038/737 755/2039/768 716/2040/728
f 699/1870/709 743/2041/755 651/1707/661
f 742/1997/754 756/2042/769 740/1998/752
f 757/2043/770 731/2044/743 730/2045/742
f 572/2046/579 758/2047/771 759/2048/772
f 735/1982/747 578/1525/587 625/1638/635
f 747/2015/759 692/1910/702 758/2049/771
f 760/2050/773 703/2051/713 702/2052/712
f 702/1936/712 703/2053/713 720/1937/732
f 761/2054/774 762/2055/775 695/2056/705
f 761/2054/774 695/2056/705 686/2057/696
f 721/1940/733 704/1939/714 703/2051/713
f 679/1796/689 763/2058/776 687/1830/697
f 764/2059/777 680/2027/690 765/2060/778
f 736/2019/748 665/2021/675 737/2061/749
f 681/2062/691 668/2063/678 766/2064/779
f 664/1805/674 589/1731/599 767/2065/780
f 680/2027/690 683/2029/693 765/2060/778
f 555/2066/562 676/2067/686 628/2068/638
f 665/2069/675 690/2070/700 689/2071/699
f 690/2072/700 648/2073/658 669/2074/679
f 768/2075/781 769/2076/782 657/2077/783
f 723/2078/784 768/2079/785 657/2080/786
f 666/1762/676 705/1890/715 770/2081/787
f 723/1946/735 771/2082/788 715/1947/727
f 623/2083/633 710/2084/720 680/2085/690
f 666/1762/676 770/2081/787 708/1897/718
f 715/2086/727 771/2087/788 670/2088/680
f 603/1925/613 671/2089/681 570/1926/577
f 726/2090/738 733/2091/745 754/2092/767
f 772/2093/789 740/1998/752 756/2042/769
f 699/2094/709 745/2007/757 743/2006/755
f 710/1900/720 711/1902/721 595/1714/605
f 699/2094/709 773/2095/790 745/2007/757
f 731/2044/743 757/2043/770 774/2096/791
f 775/2097/792 758/2049/771 692/1910/702
f 776/2098/793 693/2099/703 748/2100/760
f 760/2050/773 702/2052/712 777/2101/794
f 760/2050/773 777/2101/794 721/1940/733
f 778/2102/795 686/1876/696 694/1875/704
f 760/2050/773 721/1940/733 703/2051/713
f 695/2103/705 762/2104/775 729/36/741
f 678/2105/688 664/1805/674 749/2106/761
f 765/2060/778 766/2107/779 779/2108/796
f 665/2021/675 688/2109/698 737/2061/749
f 751/2110/763 633/2111/643 714/2112/726
f 765/2060/778 683/2029/693 766/2107/779
f 633/1801/643 751/605/763 663/1802/673
f 581/1536/591 780/2113/797 623/1633/633
f 690/2072/700 650/2114/660 648/2073/658
f 771/2115/788 723/2078/765 670/2116/680
f 781/2117/798 719/2014/731 746/2013/758
f 782/2118/799 732/2119/744 731/2120/743
f 782/2121/799 731/2122/743 774/2123/791
f 624/1637/634 576/1522/585 711/1902/721
f 692/2124/702 691/2125/701 700/2126/710
f 624/2127/634 662/1745/672 531/1416/537
f 660/2128/670 775/2129/792 692/2124/702
f 572/2046/579 783/2130/800 713/2131/725
f 572/2046/579 759/2048/772 783/2130/800
f 778/2132/795 694/2133/704 747/2134/759
f 784/2135/801 721/2136/733 777/2137/794
f 784/2135/801 701/1934/711 721/2136/733
f 784/2135/801 785/2138/802 701/1934/711
f 786/2139/803 738/1986/750 737/1985/749
f 787/2140/804 632/2141/642 598/2142/608
f 687/1830/697 788/2143/805 605/1831/615
f 789/2144/806 766/2145/779 668/1893/678
f 749/2106/761 664/1805/674 767/2065/780
f 589/1731/599 752/2025/764 767/2065/780
f 790/2146/807 780/2113/797 581/1536/591
f 751/2022/763 644/1754/654 663/1753/673
f 791/2147/808 769/2148/809 792/2149/810
f 648/2073/658 793/2150/811 669/2074/679
f 671/1773/681 790/2146/807 581/1536/591
f 648/2151/658 794/2152/812 793/2153/811
f 727/2154/739 658/2036/668 754/2035/767
f 741/2155/753 742/2156/754 739/2157/751
f 781/2117/798 746/2013/758 795/2158/813
f 781/2159/798 728/2160/740 719/2161/731
f 730/2162/742 734/2163/746 757/2164/770
f 660/2128/670 692/2124/702 700/2126/710
f 624/2165/634 640/1677/650 662/1932/672
f 660/1741/670 640/1677/650 624/2165/634
f 660/2166/670 796/2167/814 775/2168/792
f 783/2130/800 759/2048/772 758/2047/771
f 572/1748/579 693/1845/703 776/2169/793
f 758/2049/771 778/2170/795 747/2015/759
f 702/2052/712 797/2171/815 777/2101/794
f 797/2172/815 702/2173/712 729/2174/741
f 665/2069/675 738/2175/750 650/2176/660
f 766/2177/779 705/1890/715 681/1806/691
f 621/2178/631 602/2179/612 669/2180/679
f 623/2083/633 798/2181/816 710/2084/720
f 791/2182/817 768/2183/818 657/2184/819
f 698/2185/708 794/2152/812 648/2151/658
f 799/2186/820 800/2187/821 727/2188/739
f 800/2189/821 725/2190/737 727/2191/739
f 800/2192/821 755/2039/768 725/2038/737
f 728/1995/740 801/2193/822 698/1869/708
f 782/2118/799 802/2194/823 732/2119/744
f 802/2195/823 733/2196/745 732/2197/744
f 745/2198/757 795/2158/813 746/2013/758
f 684/1814/694 803/2199/824 637/1815/647
f 713/1905/725 804/2200/825 625/1638/635
f 783/2201/800 758/2202/771 805/2203/826
f 625/1638/635 806/2204/827 735/1982/747
f 572/2205/579 776/2098/793 807/2206/828
f 778/2207/795 808/2208/829 762/2104/775
f 778/2102/795 761/2209/774 686/1876/696
f 808/2210/829 777/2101/794 797/2171/815
f 785/2138/802 748/2016/760 701/1934/711
f 809/2211/830 628/2068/638 676/2067/686
f 810/2212/831 668/1893/678 706/1892/716
f 650/2176/660 690/2070/700 665/2069/675
f 811/2213/832 671/2214/681 603/2215/613
f 768/2079/785 723/2078/784 771/2115/833
f 768/2216/818 799/2217/820 771/2218/834
f 768/2183/818 800/2192/821 799/2219/820
f 798/2181/816 812/2220/835 710/2084/720
f 813/2221/836 733/2222/745 802/2223/823
f 757/2043/770 814/2224/837 774/2096/791
f 806/2225/827 625/2226/635 804/2227/825
f 805/2228/826 758/2229/771 815/2230/838
f 735/1982/747 629/2231/639 577/1523/586
f 572/2205/579 807/2206/828 816/2232/839
f 776/2098/793 748/2100/760 807/2206/828
f 807/2206/828 748/2100/760 785/2233/802
f 778/2234/795 762/2235/775 761/2236/774
f 808/2208/829 797/2237/815 762/2104/775
f 762/2104/775 797/2237/815 729/36/741
f 631/2238/641 605/1831/615 788/2143/805
f 788/2143/805 687/1830/697 763/2058/776
f 779/2239/796 766/2240/779 789/2241/806
f 764/2242/777 817/2243/840 680/2244/690
f 668/1893/678 810/2212/831 789/2144/806
f 738/2175/750 818/2245/841 650/2176/660
f 766/2246/779 683/2247/693 819/2248/842
f 623/2249/633 780/2250/797 798/2251/816
f 811/2252/832 790/2146/807 671/1773/681
f 657/2253/843 791/2147/844 769/2148/845
f 769/2254/782 768/2216/781 771/2218/834
f 793/2255/811 820/2256/846 669/2257/679
f 771/2218/834 799/2217/820 727/2258/739
f 650/2259/660 699/2260/709 744/2261/756
f 740/1993/752 821/2262/847 741/1994/753
f 802/2194/823 782/2118/799 822/2263/848
f 772/2093/789 756/2042/769 823/2264/849
f 812/2220/835 711/2265/721 710/2084/720
f 782/2121/799 774/2123/791 822/2266/848
f 781/2159/798 824/2267/850 728/2160/740
f 699/2268/709 825/2269/851 773/2270/790
f 745/2007/757 773/2095/790 826/2271/852
f 804/2272/825 713/2131/725 827/2273/853
f 827/2273/853 713/2131/725 783/2130/800
f 828/2274/854 653/1716/663 637/1674/647
f 815/2275/838 829/2276/855 805/2277/826
f 758/2278/771 572/243/579 816/2279/839
f 778/2170/795 758/2049/771 830/2280/856
f 764/2281/777 765/2282/778 831/2283/857
f 676/1793/686 678/1795/688 832/2284/858
f 738/1986/750 786/2139/803 833/2285/859
f 632/1658/642 787/2286/804 679/1796/689
f 779/2239/796 789/2241/806 834/2287/860
f 680/1804/690 817/2288/840 603/1582/613
f 621/2178/631 669/2180/679 688/2289/698
f 780/2250/797 790/2290/807 798/2251/816
f 790/2290/807 835/2291/861 798/2251/816
f 791/2292/817 769/2254/782 836/2293/862
f 821/2262/847 740/1993/752 772/2294/789
f 794/2152/812 820/2295/846 793/2153/811
f 837/2296/863 727/2258/739 754/2297/767
f 822/2298/848 813/2299/836 802/2300/823
f 838/2301/864 781/2302/798 795/2303/813
f 839/2304/865 814/2224/837 757/2043/770
f 838/2305/864 840/2306/866 781/2307/798
f 795/2308/813 745/2007/757 826/2271/852
f 841/2309/867 683/2310/693 553/2311/560
f 842/2312/868 685/2313/695 661/1743/671
f 775/2314/792 796/2315/814 843/2316/869
f 844/2317/870 783/2318/800 805/2319/826
f 843/2316/869 815/2230/838 775/2314/792
f 775/2314/792 815/2230/838 758/2229/771
f 845/2320/871 807/2206/828 784/2321/801
f 807/2206/828 785/2233/802 784/2321/801
f 845/2322/871 777/2137/794 808/2323/829
f 846/2324/872 765/2282/778 779/2325/796
f 749/2326/761 767/117/780 847/2327/873
f 848/2328/874 650/2176/660 818/2245/841
f 836/2329/862 628/2068/638 809/2211/830
f 849/2330/875 767/2331/780 752/2332/764
f 848/2328/874 850/2333/876 650/2176/660
f 851/2334/877 790/2335/807 811/2076/832
f 835/2336/861 790/2337/807 851/2338/877
f 837/2296/863 836/2293/862 769/2254/782
f 800/2192/821 768/2183/818 791/2182/817
f 706/2339/716 708/1897/718 770/2081/787
f 852/2340/878 706/2339/716 770/2081/787
f 837/2296/863 769/2254/782 771/2218/834
f 837/2341/863 771/2342/834 727/2343/739
f 650/2176/660 850/2333/876 699/2268/709
f 716/2344/728 853/2345/879 752/2332/764
f 819/2346/842 683/2347/693 854/2348/880
f 854/2349/880 683/2310/693 855/2350/881
f 754/2297/767 733/2351/745 837/2296/863
f 800/2192/821 856/2352/882 755/2039/768
f 850/2333/876 825/2269/851 699/2268/709
f 774/2353/791 814/2354/837 822/2355/848
f 795/2308/813 826/2271/852 838/2356/864
f 855/2350/881 683/2310/693 841/2309/867
f 783/2357/800 844/2358/870 827/2359/853
f 734/2163/746 857/2360/883 757/2164/770
f 653/1742/663 828/2361/854 661/1743/671
f 624/2165/634 858/2362/884 660/1741/670
f 844/2363/870 805/2364/826 859/2365/885
f 860/2366/886 829/2367/855 815/2368/838
f 805/2364/826 829/2369/855 859/2365/885
f 845/2322/871 784/2135/801 777/2137/794
f 778/2370/795 830/2371/856 808/2323/829
f 749/2372/761 847/2373/873 750/1874/762
f 737/2374/749 688/2375/698 786/2376/803
f 847/2377/873 767/2378/780 861/2379/887
f 688/2289/698 669/2180/679 862/2380/888
f 817/2288/840 863/2381/889 603/1582/613
f 864/2382/890 865/2383/891 817/2288/840
f 669/2384/679 866/2385/892 862/2386/888
f 809/2387/830 791/2292/817 836/2293/862
f 863/2381/889 811/2388/832 603/1582/613
f 863/2389/889 851/2390/877 811/2391/832
f 705/1890/715 867/2392/893 770/2081/787
f 836/2293/862 837/2296/863 822/2393/848
f 866/2394/892 669/2395/679 868/2396/894
f 820/2256/846 868/2397/894 669/2257/679
f 698/2185/708 850/2398/876 794/2152/812
f 755/2399/768 853/2400/879 716/203/728
f 772/2401/789 823/2402/849 869/2403/895
f 839/2404/865 822/2355/848 814/2354/837
f 733/2351/745 813/2405/836 837/2296/863
f 870/2406/896 804/2407/825 827/2408/853
f 781/2409/798 840/2410/866 824/2411/850
f 684/1814/694 685/1904/695 803/2199/824
f 844/2358/870 871/2412/897 827/2359/853
f 773/2270/790 825/2269/851 826/2413/852
f 860/2414/886 815/2230/838 843/2316/869
f 678/1795/688 750/2018/762 832/2284/858
f 787/2286/804 872/2415/898 679/1796/689
f 676/2067/686 832/2416/858 809/2211/830
f 831/2417/857 817/2243/840 764/2242/777
f 766/2246/779 819/2248/842 873/2418/899
f 819/2419/842 874/2420/900 873/2421/899
f 875/2422/901 876/2423/902 818/2424/841
f 817/2288/840 865/2383/891 863/2381/889
f 767/2425/780 849/2426/875 861/2427/887
f 862/2428/888 866/2429/892 848/2430/874
f 836/2293/862 822/2393/848 877/2431/903
f 819/2432/842 854/2433/880 878/2434/904
f 854/2435/880 855/2436/881 879/2437/905
f 822/2393/848 837/2296/863 813/2405/836
f 728/2160/740 824/2267/850 801/2438/822
f 803/2199/824 880/2439/906 637/1815/647
f 624/1637/634 711/1902/721 881/2440/907
f 882/2441/908 883/2442/909 884/2443/910
f 553/2311/560 629/2444/639 841/2309/867
f 884/2445/910 885/2446/911 882/1264/908
f 660/2447/670 886/2448/912 887/2449/913
f 660/2450/670 887/2451/913 796/2452/814
f 796/2452/814 888/2453/914 843/2454/869
f 885/2455/911 889/2456/915 882/2457/908
f 757/2458/770 857/2459/883 839/2460/865
f 660/1741/670 858/2362/884 886/2461/912
f 796/2452/814 890/2462/916 888/2453/914
f 734/2463/746 891/2464/917 857/2465/883
f 758/2278/771 816/2279/839 830/2466/856
f 598/1655/608 722/1942/734 787/2467/804
f 786/2468/803 688/2289/698 862/2380/888
f 873/2469/899 892/2470/918 766/2177/779
f 791/2182/817 809/2471/830 893/2472/919
f 818/2245/841 894/2473/920 848/2328/874
f 848/2430/874 894/2474/920 862/2428/888
f 876/2423/902 895/2475/921 818/2424/841
f 791/2182/817 893/2472/919 800/2192/821
f 879/2476/905 812/2220/835 798/2181/816
f 879/2437/905 855/2436/881 812/2477/835
f 794/2152/812 896/2478/922 820/2295/846
f 884/2479/910 883/2480/909 897/2481/923
f 827/2482/853 871/2483/897 870/2484/896
f 860/2485/886 843/2486/869 898/2487/924
f 842/2312/868 661/1743/671 828/2361/854
f 842/2488/868 899/2489/925 685/2490/695
f 843/2454/869 888/2453/914 890/2462/916
f 887/2451/913 890/2462/916 796/2452/814
f 843/2491/869 890/2492/916 900/2493/926
f 808/2323/829 830/2371/856 845/2322/871
f 765/2282/778 846/2324/872 831/2283/857
f 738/2175/750 833/2494/859 818/2245/841
f 631/2495/641 788/1378/805 901/2496/927
f 789/2497/806 873/2421/899 834/2498/860
f 831/2417/857 864/2499/890 817/2243/840
f 874/2500/900 798/2181/816 864/2501/890
f 810/2212/831 706/1892/716 852/2502/878
f 879/2476/905 798/2181/816 874/2500/900
f 628/2068/638 836/2329/862 877/2503/903
f 851/2504/877 902/2505/928 835/2506/861
f 850/2507/876 698/2508/708 838/2509/864
f 903/2510/929 742/1997/754 741/2511/753
f 838/2512/864 698/1869/708 801/2193/822
f 904/2513/930 804/2514/825 855/2515/881
f 838/2516/864 801/2438/822 824/2267/850
f 855/2515/881 841/2517/867 904/2513/930
f 824/2411/850 840/2410/866 838/1619/864
f 803/2199/824 685/1904/695 905/2518/931
f 883/2519/909 882/2520/908 889/2521/915
f 891/2522/917 734/2002/746 628/1923/638
f 898/2523/924 829/2367/855 860/2366/886
f 859/2524/885 871/2525/897 844/2526/870
f 806/2527/827 906/2528/932 735/2529/747
f 629/2530/639 735/2529/747 906/2528/932
f 907/2531/933 908/2532/934 909/2533/935
f 816/2232/839 807/2206/828 845/2320/871
f 750/2534/762 847/2535/873 832/2536/858
f 847/2535/873 809/2537/830 832/2536/858
f 763/2058/776 679/1796/689 872/2415/898
f 834/2498/860 873/2421/899 846/2538/872
f 875/2539/901 818/2245/841 833/2494/859
f 910/2540/936 789/2144/806 810/2212/831
f 911/2541/937 862/2542/888 894/2543/920
f 892/2470/918 705/1890/715 766/2177/779
f 877/2544/903 912/2545/938 628/2546/638
f 819/2432/842 878/2434/904 913/2547/939
f 896/2478/922 794/2152/812 850/2398/876
f 755/2039/768 856/2352/882 853/2548/879
f 914/2549/940 823/2264/849 756/2042/769
f 855/2550/881 804/2551/825 915/2552/941
f 897/2481/923 883/2480/909 916/2553/942
f 637/1815/647 880/2439/906 917/2554/943
f 841/2309/867 629/2444/639 906/2555/932
f 918/2556/944 919/2557/945 920/2558/946
f 786/2468/803 862/2380/888 875/2559/901
f 847/2560/873 921/2561/947 809/2562/830
f 922/2563/948 893/2472/919 809/2471/830
f 892/2470/918 867/2392/893 705/1890/715
f 866/2394/892 868/2396/894 848/2564/874
f 870/2406/896 915/2565/941 804/2407/825
f 918/2566/944 923/2567/949 919/2568/945
f 924/2569/950 885/2570/911 884/2571/910
f 925/2572/951 898/2487/924 843/2486/869
f 839/2460/865 857/2459/883 891/2573/917
f 926/2574/952 858/2575/884 624/2576/634
f 898/2523/924 859/2577/885 829/2367/855
f 927/2578/953 890/2462/916 887/2451/913
f 928/2579/954 909/2580/935 908/2581/934
f 908/2582/934 907/2583/933 929/2584/955
f 846/2324/872 779/2325/796 834/2585/860
f 901/2586/927 722/1942/734 631/1654/641
f 786/2468/803 875/2559/901 833/2587/859
f 831/2588/857 874/2420/900 864/2589/890
f 873/2421/899 874/2420/900 846/2538/872
f 849/2590/875 847/2377/873 861/2379/887
f 930/2591/956 894/2592/920 818/2593/841
f 896/2594/922 850/2333/876 848/2328/874
f 931/2595/957 821/2262/847 772/2294/789
f 931/2595/957 772/2294/789 869/2596/895
f 902/2597/928 932/2598/958 835/2599/861
f 854/2600/880 933/2601/959 878/2602/904
f 903/2510/929 756/2042/769 742/1997/754
f 897/2603/923 934/2604/960 756/2042/769
f 935/2605/961 711/1902/721 812/2606/835
f 870/2406/896 936/2607/962 915/2565/941
f 937/2608/963 923/2567/949 918/2566/944
f 918/2556/944 920/2558/946 938/2609/964
f 925/2610/951 843/2611/869 900/2612/926
f 886/2461/912 858/2362/884 939/2613/965
f 890/2614/966 940/2615/967 941/2616/968
f 898/2523/924 925/2617/951 859/2577/885
f 940/223/969 900/2493/970 890/2492/971
f 941/2618/968 900/2493/926 890/2492/966
f 909/2533/935 928/2619/954 942/2620/972
f 873/2621/899 789/2622/806 910/2623/936
f 910/2623/936 892/498/918 873/2621/899
f 896/2624/922 848/2564/874 868/2396/894
f 741/1994/753 821/2262/847 943/2625/973
f 820/2295/846 896/2478/922 868/2626/894
f 838/2509/864 825/2627/851 850/2507/876
f 804/2227/825 904/2628/930 806/2225/827
f 906/2528/932 904/2513/930 841/2517/867
f 637/1674/647 917/2629/943 828/2274/854
f 826/2630/852 944/2631/974 838/2632/864
f 826/2630/852 825/2633/851 944/2631/974
f 919/2568/945 923/2567/949 920/2634/946
f 806/2527/827 904/2513/930 906/2528/932
f 859/2524/885 945/129/975 871/2525/897
f 830/2371/856 816/2635/839 845/2322/871
f 846/2538/872 874/2420/900 831/2588/857
f 897/2603/923 756/2042/769 903/2510/929
f 934/2604/960 914/2549/940 756/2042/769
f 884/2479/910 897/2481/923 903/2636/929
f 946/2637/976 937/2638/963 918/2639/944
f 838/2640/864 944/2641/974 825/927/851
f 935/2605/961 881/2440/907 711/1902/721
f 803/2337/824 905/2642/931 923/2643/949
f 822/2355/848 839/2404/865 947/2644/977
f 924/2569/950 884/2571/910 948/2645/978
f 942/2646/972 685/650/695 899/2647/925
f 949/2648/979 889/2521/915 885/2649/911
f 939/2650/965 887/2449/913 886/2448/912
f 939/2650/965 950/2651/980 887/2449/913
f 909/2533/935 942/2620/972 907/2531/933
f 887/2451/913 950/2652/980 927/2578/953
f 818/2593/841 895/2653/921 930/2591/956
f 849/2330/875 752/2332/764 951/2654/981
f 893/2472/919 952/2655/982 800/2192/821
f 913/2547/939 878/2434/904 953/2656/983
f 822/2657/848 947/2658/977 877/2659/903
f 918/2660/944 938/2661/964 946/2662/976
f 912/2663/938 891/2522/917 628/1923/638
f 936/2607/962 870/2406/896 954/2664/984
f 941/2616/968 940/2615/967 925/2665/951
f 925/2666/951 900/2667/926 941/2668/968
f 955/2669/985 942/2620/972 928/2619/954
f 858/2575/884 926/2574/952 956/2670/986
f 927/2671/953 957/2672/987 890/2673/916
f 955/2669/985 928/2619/954 958/2674/988
f 809/2562/830 921/2561/947 922/2675/948
f 770/2081/787 867/2392/893 959/2676/989
f 770/2677/787 959/2678/989 852/2679/878
f 853/2345/879 951/2654/981 752/2332/764
f 902/2680/928 851/2681/877 960/2682/990
f 835/2599/861 932/2598/958 961/2683/991
f 878/2602/904 933/2601/959 953/2684/983
f 946/2685/976 962/2686/992 937/2687/963
f 923/2688/949 963/2689/993 803/2690/824
f 937/2691/963 963/2692/993 923/2693/949
f 936/2607/962 954/2664/984 915/2565/941
f 942/2646/972 964/2694/994 685/650/695
f 889/2521/915 965/2695/995 883/2519/909
f 942/2620/972 966/2696/996 907/2531/933
f 871/2697/897 967/2698/997 870/2699/896
f 957/2700/987 940/2701/967 890/1526/916
f 871/2525/897 945/129/975 968/2702/998
f 928/2703/954 969/2704/999 958/1156/988
f 908/2705/934 929/2706/955 970/2707/1000
f 875/2559/901 862/2380/888 876/2708/902
f 894/2592/920 971/2709/1001 911/2710/937
f 894/2592/920 930/2591/956 971/2709/1001
f 876/2711/902 972/2712/1002 895/2713/921
f 863/2381/889 960/2682/990 851/2681/877
f 835/2599/861 961/2683/991 798/2714/816
f 869/2715/895 823/2716/849 973/2717/1003
f 823/2264/849 914/2549/940 973/2718/1003
f 855/2719/881 915/2720/941 812/2606/835
f 883/2519/909 965/2695/995 916/2721/942
f 954/2664/984 974/2722/1004 915/2565/941
f 685/2723/695 964/2724/994 905/2725/931
f 923/2567/949 975/2726/1005 920/2634/946
f 839/2727/865 891/2728/917 947/2729/977
f 942/2646/972 899/2647/925 966/2730/996
f 871/2168/897 968/2731/998 967/2732/997
f 928/2733/954 976/2734/1006 969/2735/999
f 862/2736/888 911/2737/937 977/2738/1007
f 810/2212/831 852/2502/878 910/2540/936
f 741/2739/753 943/2740/973 978/2741/1008
f 952/2655/982 856/2352/882 800/2192/821
f 854/2600/880 879/2742/905 979/2743/1009
f 877/2744/903 980/2745/1010 912/2746/938
f 937/2747/963 962/2748/992 963/2749/993
f 916/2750/1011 981/2751/1012 880/2752/1013
f 938/2661/964 982/2753/1014 946/2662/976
f 916/2754/1015 983/2755/1016 880/2756/1017
f 880/2757/906 983/2758/1018 917/2629/943
f 920/2634/946 975/2726/1005 938/2759/964
f 907/2583/933 966/2760/996 984/2761/1019
f 956/2762/986 985/2763/1020 858/2362/884
f 986/2764/1021 976/2734/1006 928/2733/954
f 928/2765/954 908/2705/934 986/2766/1021
f 907/2583/933 984/2761/1019 929/2584/955
f 849/2330/875 951/2654/981 952/2767/982
f 943/2625/973 821/2262/847 987/2768/1022
f 819/2769/842 913/2770/939 874/2771/900
f 741/2739/753 978/2741/1008 903/2772/929
f 902/2773/928 960/2774/990 932/2775/958
f 854/2600/880 988/2776/1023 933/2601/959
f 989/2777/1024 880/2439/906 803/2199/824
f 803/2778/824 963/2779/993 962/2780/992
f 812/2781/835 990/2782/1025 935/2783/961
f 983/2758/1018 828/2274/854 917/2629/943
f 991/2784/1026 881/2440/907 935/2605/961
f 942/2785/972 955/2786/985 992/2787/1027
f 925/2665/951 940/2615/967 993/2788/1028
f 939/2613/965 858/2362/884 985/2763/1020
f 994/2789/1029 976/2790/1006 986/2791/1021
f 945/2792/975 859/2577/885 925/2617/951
f 788/2143/805 763/2058/776 995/2793/1030
f 996/2794/1031 910/2540/936 852/2502/878
f 997/2795/1032 921/2796/947 847/2797/873
f 952/2655/982 951/2798/981 856/2352/882
f 856/2799/882 951/2800/981 853/2801/879
f 973/2802/1003 931/2803/957 869/2804/895
f 946/2805/976 934/2604/960 897/2603/923
f 981/2806/1033 916/2721/942 965/2695/995
f 980/2807/1010 877/2659/903 947/2658/977
f 842/2312/868 828/2361/854 983/2808/1018
f 998/2809/1034 926/2810/952 624/1637/634
f 955/2786/985 958/2811/988 992/2787/1027
f 870/2699/896 967/2698/997 954/2812/984
f 986/2766/1021 908/2705/934 999/2813/1035
f 1000/2814/1036 999/2813/1035 908/2705/934
f 787/2815/804 1001/2816/1037 872/2817/898
f 872/2415/898 995/2793/1030 763/2058/776
f 996/2818/1031 867/2392/893 892/2470/918
f 847/2797/873 849/2819/875 997/2795/1032
f 876/2820/902 862/2736/888 972/2821/1002
f 852/2502/878 959/2822/989 996/2794/1031
f 996/2823/1031 959/2824/989 867/2825/893
f 987/2768/1022 821/2262/847 931/2595/957
f 798/2714/816 961/2683/991 1002/2826/1038
f 1003/2827/1039 884/2571/910 903/2828/929
f 934/2604/960 1004/2829/1040 914/2549/940
f 1005/2830/1041 912/2831/938 980/2832/1010
f 803/2833/824 962/2834/992 1006/2835/1042
f 812/2606/835 915/2720/941 990/2836/1025
f 942/2785/972 992/2787/1027 964/2837/994
f 891/2522/917 1005/2838/1041 947/2839/977
f 1000/2814/1036 908/2705/934 970/2707/1000
f 1007/2840/1043 901/2841/927 1008/2842/1044
f 787/2467/804 722/1942/734 1009/2843/1045
f 901/2841/927 788/2844/805 1008/2842/1044
f 910/2845/936 996/2846/1031 892/2847/918
f 863/2381/889 865/2383/891 960/2682/990
f 893/2472/919 1010/2848/1046 952/2655/982
f 903/2772/929 978/2741/1008 1003/2849/1039
f 946/2850/976 897/2851/923 1011/2852/1047
f 946/2685/976 1011/2853/1047 962/2686/992
f 884/2571/910 1003/2827/1039 948/2645/978
f 803/2199/824 1006/2854/1042 989/2777/1024
f 912/2663/938 1005/2838/1041 891/2522/917
f 905/2725/931 964/2724/994 1012/2855/1048
f 905/2856/931 1012/2852/1048 923/2857/949
f 1012/2858/1048 975/2726/1005 923/2567/949
f 984/2761/1019 970/2859/1000 929/2584/955
f 787/2815/804 1009/2860/1045 1001/2816/1037
f 865/2383/891 1013/2861/1049 960/2682/990
f 874/2771/900 913/2770/939 1014/2862/1050
f 914/2549/940 1004/2829/1040 1015/2863/1051
f 916/2721/942 1011/2864/1047 897/2865/923
f 960/2866/990 1016/2867/1052 932/2598/958
f 1004/2868/1040 946/2869/976 982/2870/1014
f 980/2871/1010 947/2173/977 1005/2872/1041
f 948/2645/978 1017/2873/1053 924/2569/950
f 899/2647/925 842/2874/868 966/2730/996
f 624/2875/634 881/2876/907 991/2877/1026
f 949/2648/979 1018/2878/1054 889/2521/915
f 966/2760/996 1019/2879/1055 984/2761/1019
f 624/1637/634 991/2784/1026 998/2809/1034
f 985/2763/1020 1020/2880/1056 939/2613/965
f 956/2881/986 926/2882/952 1021/2883/1057
f 925/2884/951 993/2885/1028 945/2886/975
f 1007/2887/1043 722/2888/734 901/2889/927
f 943/2890/973 1008/2842/1044 788/2844/805
f 943/2890/973 987/2891/1022 1008/2842/1044
f 931/2892/957 1022/2893/1058 987/2341/1022
f 1022/2893/1058 931/2892/957 1023/2894/1059
f 946/2895/1060 934/2896/1061 1004/2897/1062
f 914/2549/940 1015/2863/1051 973/2718/1003
f 981/2806/1033 1011/2864/1047 916/2721/942
f 962/2686/992 1011/2853/1047 1006/2898/1042
f 954/2664/984 1024/2899/1063 974/2722/1004
f 1024/2900/1063 1025/2901/1064 1026/2902/1065
f 1027/2903/1066 976/2904/1006 994/2905/1029
f 940/2906/967 957/2907/987 993/2908/1028
f 987/2909/1022 1022/2910/1058 1028/2911/1067
f 922/2563/948 1010/2848/1046 893/2472/919
f 922/2563/948 921/2912/947 1010/2848/1046
f 965/2695/995 1011/2864/1047 981/2806/1033
f 989/2913/1024 983/2758/1018 880/2757/906
f 924/2569/950 1017/2873/1053 885/2570/911
f 1029/2914/1068 1025/2901/1064 1024/2900/1063
f 1018/2878/1054 965/2695/995 889/2521/915
f 1026/2902/1065 1025/2901/1064 1020/2915/1056
f 954/2916/984 967/2917/997 1024/2900/1063
f 1027/2903/1066 994/2905/1029 1030/1113/1069
f 986/2918/1021 1030/2919/1069 994/2920/1029
f 1031/2921/1070 969/2735/999 976/2734/1006
f 967/2922/997 968/2923/998 945/2924/975
f 1032/2925/1071 927/2671/953 950/2926/980
f 1033/2927/1072 1028/2911/1067 1022/2910/1058
f 1033/2927/1072 1022/2910/1058 1023/2928/1059
f 997/2929/1032 849/2930/875 952/2931/982
f 943/2740/973 1003/2849/1039 978/2741/1008
f 973/2932/1003 1015/2933/1051 931/2934/957
f 1011/2935/1047 989/2936/1024 1006/2937/1042
f 1003/2827/1039 1017/2873/1053 948/2645/978
f 1034/2938/1073 1011/2864/1047 965/2695/995
f 915/2939/941 974/2940/1004 1035/2941/1074
f 964/2837/994 992/2787/1027 1036/2942/1075
f 999/2943/1035 1037/2944/1076 986/2945/1021
f 986/2946/1021 1037/2947/1076 1030/2948/1069
f 1000/2949/1036 1038/2950/1077 999/67/1035
f 1024/2900/1063 967/2917/997 1029/2914/1068
f 992/2787/1027 958/2811/988 1039/2951/1078
f 1029/2952/1068 993/2953/1028 1025/2954/1064
f 1039/2955/1078 958/2956/988 969/2957/999
f 1029/2952/1068 945/2958/975 993/2953/1028
f 939/2650/965 1032/2959/1071 950/2651/980
f 788/2960/805 995/2961/1030 943/2740/973
f 911/2962/937 971/2963/1001 977/2964/1007
f 1028/2911/1067 1033/2927/1072 1040/2965/1079
f 1013/2861/1049 865/2383/891 864/2382/890
f 798/2714/816 1041/2966/1080 864/2967/890
f 913/2968/939 953/2969/983 1042/2037/1081
f 989/2970/1024 842/2971/868 983/2972/1018
f 1043/2973/1082 974/2722/1004 1024/2899/1063
f 885/2974/911 1017/2975/1053 949/2976/979
f 938/2759/964 975/2726/1005 1044/2977/1083
f 965/2695/995 1018/2878/1054 1045/2978/1084
f 1019/2879/1055 970/2859/1000 984/2761/1019
f 1046/2979/1085 1047/2980/1086 1020/2880/1056
f 1030/2981/1069 1037/2982/1076 1048/2983/1087
f 1030/2981/1069 1048/2983/1087 1027/2984/1066
f 1027/2985/1066 1048/2986/1087 976/2734/1006
f 1038/2950/1077 1037/2987/1076 999/67/1035
f 985/2763/1020 1046/2979/1085 1020/2880/1056
f 939/2650/965 1020/2988/1056 1032/2959/1071
f 945/2958/975 1029/2952/1068 967/2989/997
f 927/2671/953 1032/2925/1071 957/2672/987
f 1008/2990/1044 1049/2991/1088 1007/2992/1043
f 1050/2993/1089 1051/2994/1090 1052/1666/1091
f 943/2740/973 995/2961/1030 1053/2995/1092
f 989/2996/1024 1054/2997/1093 842/2998/868
f 842/2874/868 1054/2999/1093 966/2730/996
f 1019/3000/1055 966/3001/996 1054/3002/1093
f 1036/2942/1075 992/2787/1027 1039/2951/1078
f 1047/2980/1086 1026/3003/1065 1020/2880/1056
f 1031/2921/1070 976/2734/1006 1048/2986/1087
f 1055/3004/1094 1038/3005/1077 1000/3006/1036
f 1056/3007/1095 1021/2883/1057 926/2882/952
f 1057/3008/1096 995/2793/1030 872/2415/898
f 1008/3009/1044 987/3010/1022 1049/156/1088
f 1058/3011/1097 895/2653/921 972/3012/1002
f 879/2476/905 874/2500/900 1059/3013/1098
f 1060/3014/1099 1011/2864/1047 1034/2938/1073
f 1060/3015/1099 989/2996/1024 1011/3016/1047
f 1061/3017/1100 1016/3018/1052 960/3019/990
f 1045/2978/1084 1034/2938/1073 965/2695/995
f 979/2743/1009 988/2776/1023 854/2600/880
f 1062/3020/1101 975/2726/1005 1012/2858/1048
f 1012/3021/1048 964/2837/994 1036/2942/1075
f 1017/3022/1053 1018/2878/1054 949/2648/979
f 1026/3003/1065 1043/2973/1082 1024/2899/1063
f 970/2859/1000 1055/3004/1094 1000/3006/1036
f 1037/3023/1076 1063/3024/1102 1048/3025/1087
f 1031/3026/1070 1039/2955/1078 969/2957/999
f 956/2762/986 1021/3027/1057 985/2763/1020
f 1050/3028/1089 1064/3029/1103 1051/3030/1090
f 987/3031/1022 1028/3032/1067 1049/3033/1088
f 1049/3034/1088 1028/1129/1067 1040/3035/1079
f 1065/3036/1104 1066/3037/1105 1067/3038/1106
f 1053/2995/1092 1003/2849/1039 943/2740/973
f 1041/2966/1080 798/2714/816 1002/2826/1038
f 1015/2863/1051 1068/3039/1107 931/3040/957
f 931/3040/957 1033/3041/1072 1023/3042/1059
f 1012/3043/1048 1036/3044/1075 1062/3045/1101
f 982/2753/1014 938/2661/964 1069/3046/1108
f 915/2720/941 1070/3047/1109 990/2836/1025
f 1019/2879/1055 1054/3048/1093 970/2859/1000
f 1025/2901/1064 1071/3049/1110 1020/2915/1056
f 993/3050/1028 957/3051/987 1025/2901/1064
f 1001/3052/1037 1072/3053/1111 872/3054/898
f 1067/3055/1106 1066/3056/1105 1073/2384/1112
f 952/3057/982 1010/3058/1046 997/3059/1032
f 1058/3011/1097 930/2591/956 895/2653/921
f 979/3060/1009 879/3061/905 1059/3062/1098
f 982/3063/1014 1074/3064/1113 1004/3065/1040
f 990/2836/1025 1075/3066/1114 935/2605/961
f 1036/3044/1075 1039/2955/1078 1031/3026/1070
f 1025/2901/1064 957/3051/987 1071/3049/1110
f 1071/3067/1110 1032/2959/1071 1020/2988/1056
f 1071/3049/1110 957/3051/987 1032/3068/1071
f 1009/2860/1045 1072/3069/1111 1001/2816/1037
f 1057/3070/1096 872/3071/898 1072/3072/1111
f 977/2738/1007 1076/3073/1115 862/2736/888
f 1010/3074/1046 921/2796/947 997/2795/1032
f 1077/3075/1116 1015/2863/1051 1004/2829/1040
f 1068/3039/1107 1033/3041/1072 931/3040/957
f 1014/2862/1050 913/2770/939 1078/3076/1117
f 1014/2862/1050 1059/3077/1098 874/2771/900
f 961/2683/991 932/2598/958 1016/2867/1052
f 1060/3015/1099 1054/2997/1093 989/2996/1024
f 998/2809/1034 991/2784/1026 1079/3078/1118
f 1031/3079/1070 1048/3080/1087 1080/3081/1119
f 1080/3082/1119 1048/547/1087 1063/3083/1102
f 1081/3084/1120 985/2763/1020 1021/3027/1057
f 1007/2992/1043 1082/3085/1121 722/3086/734
f 1009/2843/1045 722/1942/734 1072/3087/1111
f 1057/3008/1096 1083/3088/1122 995/2793/1030
f 1065/3089/1104 1084/3090/1123 1066/3091/1105
f 862/2736/888 1076/3073/1115 972/2821/1002
f 1004/3065/1040 1074/3064/1113 1077/3092/1116
f 972/3012/1002 1085/3093/1124 1058/3011/1097
f 982/3063/1014 1069/3094/1108 1074/3064/1113
f 1086/3095/1125 1017/2873/1053 1003/2827/1039
f 1062/3045/1101 1036/3044/1075 1054/3096/1093
f 1054/3096/1093 1036/3044/1075 1087/3097/1126
f 1070/3047/1109 1075/3066/1114 990/2836/1025
f 1037/3098/1076 1080/3099/1119 1063/3100/1102
f 1055/3101/1094 1037/3102/1076 1038/3103/1077
f 1088/3104/1127 1064/3105/1103 1050/3106/1089
f 1057/3008/1096 1072/3107/1111 1083/3088/1122
f 1089/3108/1128 1090/3109/1129 1091/3110/1130
f 953/2684/983 933/2601/959 1092/3111/1131
f 953/2684/983 1092/3111/1131 1042/3112/1081
f 1062/3045/1101 1054/3096/1093 1060/3113/1099
f 1017/3114/1053 1093/3115/1132 1018/3116/1054
f 1036/3044/1075 1031/3026/1070 1087/3097/1126
f 1037/3098/1076 1094/3117/1133 1080/3099/1119
f 1055/3118/1094 1094/3117/1133 1037/3098/1076
f 1095/3119/1134 1096/3120/1135 1097/3121/1136
f 1097/3122/1136 1073/3123/1112 1095/3124/1134
f 1083/3125/1122 1053/2995/1092 995/2961/1030
f 1091/3110/1130 1098/3126/1137 1089/3108/1128
f 1033/2927/1072 1099/3127/1138 1040/2965/1079
f 864/3128/890 1041/3129/1080 1100/3130/1139
f 1089/3108/1128 1098/3126/1137 1101/3131/1140
f 1102/3132/1141 1090/3133/1129 1089/3134/1128
f 1089/3134/1128 1101/3135/1140 1102/3132/1141
f 1002/2826/1038 961/2683/991 1103/3136/1142
f 975/2726/1005 1062/3020/1101 1044/2977/1083
f 1018/2878/1054 1093/3137/1132 1045/2978/1084
f 1026/3003/1065 1047/2980/1086 1043/2973/1082
f 926/2810/952 998/2809/1034 1104/3138/1143
f 1021/3027/1057 1056/3139/1095 1081/3084/1120
f 1055/3004/1094 970/2859/1000 1105/3140/1144
f 1095/3124/1134 1073/3123/1112 1096/3141/1135
f 722/3142/734 1083/3143/1122 1072/3144/1111
f 1097/3122/1136 1106/3145/1145 1073/3123/1112
f 1073/3146/1112 1065/3147/1104 1067/3148/1106
f 1107/3149/1146 1108/3150/1147 1109/3151/1148
f 930/2591/956 1110/3152/1149 971/2709/1001
f 960/2682/990 1013/2861/1049 1111/3153/1150
f 1074/3154/1113 1069/3155/1108 1112/3156/1151
f 1060/3157/1099 1034/3158/1073 1113/3159/1152
f 926/2882/952 1104/3160/1143 1056/3007/1095
f 1055/3161/1094 1105/3162/1144 1094/3163/1133
f 1094/3163/1133 1105/3162/1144 1114/3164/1153
f 1007/2992/1043 1115/3165/1154 1082/3085/1121
f 722/3166/734 1082/3167/1121 1083/3125/1122
f 1083/3125/1122 1082/3167/1121 1053/2995/1092
f 1106/3145/1145 1065/3168/1104 1073/3123/1112
f 1116/3169/1155 1117/3170/1156 1084/3171/1123
f 1108/3172/1147 1118/3173/1157 1109/3174/1148
f 1053/2995/1092 1119/3175/1158 1003/2849/1039
f 1076/3073/1115 1085/3176/1124 972/2821/1002
f 1074/3177/1113 1003/3178/1039 1077/3179/1116
f 1068/3039/1107 1015/2863/1051 1120/3180/1159
f 1033/3041/1072 1058/3011/1097 1085/3093/1124
f 1060/3157/1099 1113/3159/1152 1062/3181/1101
f 1061/3182/1100 1121/3183/1160 1016/2867/1052
f 974/2722/1004 1043/2973/1082 1035/3184/1074
f 1046/2979/1085 1122/3185/1161 1047/2980/1086
f 1007/2992/1043 1049/2991/1088 1115/3165/1154
f 1049/3186/1088 1040/3187/1079 1123/3188/1162
f 1066/3189/1105 1084/3190/1123 1073/3191/1112
f 977/2738/1007 1124/3192/1163 1076/3073/1115
f 1118/3193/1157 1125/3194/1164 1109/3195/1148
f 1125/3194/1164 1107/1586/1146 1109/3195/1148
f 1123/3188/1162 1077/3196/1116 1119/3197/1158
f 1119/3198/1158 1077/3199/1116 1003/3200/1039
f 1099/3127/1138 1033/2927/1072 1085/3176/1124
f 1058/3011/1097 1033/3041/1072 1068/3039/1107
f 913/2770/939 1042/3201/1081 1078/3076/1117
f 961/2683/991 1016/2867/1052 1121/3183/1160
f 1086/3202/1125 1093/3115/1132 1017/3114/1053
f 938/3203/964 1044/3204/1083 1069/3205/1108
f 1069/3206/1108 1062/3020/1101 1112/3207/1151
f 1069/3206/1108 1044/2977/1083 1062/3020/1101
f 915/3208/941 1126/3209/1165 1070/3210/1109
f 1114/3164/1153 1031/3211/1070 1080/3212/1119
f 1087/3213/1126 1031/3211/1070 1114/3164/1153
f 1084/3090/1123 1065/3089/1104 1106/3214/1145
f 1127/3215/1166 1116/3216/1155 1084/3217/1123
f 1128/3218/1167 1091/3110/1130 1090/3109/1129
f 971/2709/1001 1110/3152/1149 977/3219/1007
f 1013/2861/1049 864/2382/890 1129/3220/1168
f 960/2682/990 1111/3153/1150 1061/3221/1100
f 1081/3084/1120 1130/3222/1169 985/2763/1020
f 985/2763/1020 1130/3222/1169 1046/2979/1085
f 1119/3175/1158 1053/2995/1092 1082/3167/1121
f 1073/3191/1112 1131/3223/1170 1096/3224/1135
f 1073/3191/1112 1084/3190/1123 1131/3223/1170
f 1084/722/1123 1108/3150/1147 1127/3225/1166
f 1084/3190/1123 1117/3226/1156 1131/3223/1170
f 1123/3227/1162 1132/3228/1171 1077/3229/1116
f 1098/3230/1137 1133/3231/1172 1101/3232/1140
f 1077/3075/1116 1120/3180/1159 1015/2863/1051
f 1090/3233/1129 1102/3234/1141 1134/3235/1173
f 1133/3231/1172 1135/3236/1174 1101/3232/1140
f 1045/3237/1084 1113/3159/1152 1034/3158/1073
f 1086/3202/1125 1045/3238/1084 1093/3115/1132
f 915/2939/941 1035/2941/1074 1126/3239/1165
f 935/2605/961 1136/3240/1175 991/2784/1026
f 998/2809/1034 1079/3078/1118 1104/3138/1143
f 1080/3212/1119 1094/3163/1133 1114/3164/1153
f 1097/3121/1136 1137/3241/1176 1138/3242/1177
f 1096/3120/1135 1137/3241/1176 1097/3121/1136
f 1138/3243/1177 1106/3244/1145 1097/3245/1136
f 1049/3186/1088 1123/3188/1162 1115/3246/1154
f 1115/3246/1154 1123/3188/1162 1119/3197/1158
f 1127/3247/1166 1139/3248/1178 1116/3249/1155
f 1098/3250/1137 1091/2287/1130 1140/3251/1179
f 1125/3252/1164 1141/3253/1180 1142/3254/1181
f 1101/3255/1140 1135/3256/1174 1102/3257/1141
f 933/2601/959 1143/3258/1182 1092/3111/1131
f 1050/3106/1089 1052/3259/1091 1088/3104/1127
f 1106/3244/1145 1144/3260/1183 1084/3261/1123
f 1144/3260/1183 1108/3172/1147 1084/3261/1123
f 1108/3150/1147 1139/3262/1178 1127/3225/1166
f 1107/3149/1146 1139/3262/1178 1108/3150/1147
f 1108/3172/1147 1145/3263/1184 1118/3173/1157
f 1139/3264/1178 1107/3265/1146 1125/3266/1164
f 1091/3267/1130 1128/3268/1167 1146/3269/1185
f 1118/3193/1157 1145/2154/1184 1125/3194/1164
f 1125/3270/1164 1145/3271/1184 1141/3272/1180
f 1111/3153/1150 1013/2861/1049 1129/3220/1168
f 1068/3039/1107 1147/3273/1186 1058/3011/1097
f 1014/2862/1050 1078/3076/1117 1059/3077/1098
f 988/2776/1023 1148/3274/1187 933/2601/959
f 1045/3275/1084 1149/3276/1188 1113/3277/1152
f 991/2784/1026 1136/3240/1175 1079/3078/1118
f 1056/3278/1095 1104/3279/1143 1081/3280/1120
f 1054/3048/1093 1150/3281/1189 970/2859/1000
f 970/2859/1000 1150/3281/1189 1105/3140/1144
f 1096/3282/1135 1131/3283/1170 1137/3284/1176
f 1091/3285/1130 1151/3286/1190 1140/3287/1179
f 1139/3288/1178 1125/1632/1164 1152/3289/1191
f 1139/3288/1178 1152/3289/1191 1153/3290/1192
f 1139/3248/1178 1117/3291/1156 1116/3249/1155
f 1125/3292/1164 1142/3293/1181 1152/3294/1191
f 1152/3295/1191 1142/3296/1181 1154/3297/1193
f 1140/3298/1179 1133/3231/1172 1098/3230/1137
f 864/2382/890 1100/3299/1139 1129/3220/1168
f 1062/3181/1101 1155/3300/1194 1112/3301/1151
f 933/2601/959 1148/3274/1187 1143/3258/1182
f 1045/3238/1084 1086/3202/1125 1156/3302/1195
f 1082/3303/1121 1115/3246/1154 1119/3197/1158
f 1138/3243/1177 1144/3260/1183 1106/3244/1145
f 1157/3304/1196 1158/3305/1197 1144/3306/1183
f 1144/3260/1183 1158/3307/1197 1108/3172/1147
f 1091/3308/1130 1146/3309/1185 1151/3310/1190
f 1058/3011/1097 1110/3152/1149 930/2591/956
f 1003/2827/1039 1159/3311/1198 1086/3095/1125
f 1042/3312/1081 1092/3313/1131 1160/2930/1199
f 979/3314/1009 1059/3315/1098 1161/3316/1200
f 979/2743/1009 1161/3317/1200 988/2776/1023
f 1150/3318/1189 1114/3319/1153 1105/3320/1144
f 1114/3321/1153 1150/3322/1189 1087/3097/1126
f 1158/3307/1197 1145/3263/1184 1108/3172/1147
f 1141/3323/1180 1162/3324/1201 1142/3325/1181
f 1141/3323/1180 1163/3326/1202 1162/3324/1201
f 1145/3263/1184 1163/3327/1202 1141/3328/1180
f 1132/3329/1171 1040/2965/1079 1099/3127/1138
f 1164/3330/1203 1099/3127/1138 1085/3176/1124
f 1159/3311/1198 1003/2827/1039 1074/3331/1113
f 1126/3239/1165 1035/2941/1074 1165/3332/1204
f 1136/3240/1175 935/2605/961 1075/3066/1114
f 1035/3184/1074 1043/2973/1082 1166/3333/1205
f 1166/3333/1205 1043/2973/1082 1047/2980/1086
f 1087/3097/1126 1150/3322/1189 1054/3096/1093
f 1167/3334/1206 1131/3335/1170 1117/3336/1156
f 1162/3337/1201 1168/3338/1207 1142/3339/1181
f 1169/3340/1208 1153/3341/1192 1152/3342/1191
f 1128/3343/1167 1090/3344/1129 1134/3345/1173
f 1040/2965/1079 1132/3329/1171 1123/3346/1162
f 1041/2966/1080 1002/2826/1038 1100/3347/1139
f 1132/3348/1171 1170/3349/1209 1077/3075/1116
f 1102/3350/1141 1135/3351/1174 1171/3352/1210
f 1045/3275/1084 1156/3353/1195 1149/3276/1188
f 1137/3241/1176 1172/3354/1211 1138/3242/1177
f 1138/3243/1177 1172/3355/1211 1144/3260/1183
f 1158/3356/1197 1173/3357/1212 1139/3248/1178
f 1173/3358/1212 1158/3359/1197 1174/3360/1213
f 1151/3310/1190 1146/3309/1185 1140/3361/1179
f 1146/3269/1185 1128/3268/1167 1175/3362/1214
f 1142/3363/1181 1168/3364/1207 1154/3365/1193
f 977/3366/1007 1110/3367/1149 1124/3368/1163
f 1085/3176/1124 1076/3073/1115 1164/3330/1203
f 1134/3235/1173 1102/3234/1141 1171/3369/1210
f 1042/3201/1081 1160/3370/1199 1078/3076/1117
f 1112/3156/1151 1176/3369/1215 1074/3154/1113
f 1075/3371/1114 1070/3372/1109 1136/3373/1175
f 1137/3284/1176 1131/3283/1170 1172/3374/1211
f 1064/3029/1103 1177/3375/1216 1051/3030/1090
f 1131/3283/1170 1144/3376/1183 1172/3374/1211
f 1131/3377/1170 1173/3358/1212 1174/3360/1213
f 1131/3335/1170 1167/3334/1206 1173/3378/1212
f 1157/3379/1196 1131/3380/1170 1158/3381/1197
f 1139/3248/1178 1173/3357/1212 1167/3382/1206
f 1139/3248/1178 1167/3382/1206 1117/3291/1156
f 1153/3383/1192 1169/3384/1208 1139/3385/1178
f 1152/3342/1191 1168/3386/1207 1169/3340/1208
f 1152/3387/1191 1154/3388/1193 1168/3389/1207
f 1162/3390/1201 1163/1739/1202 1168/3391/1207
f 1068/3039/1107 1120/3180/1159 1147/3273/1186
f 1133/3231/1172 1178/3392/1217 1135/3236/1174
f 1062/3181/1101 1113/3159/1152 1155/3300/1194
f 1070/3393/1109 1126/3394/1165 1136/3395/1175
f 1179/3396/1218 1177/3375/1216 1064/3029/1103
f 1157/3304/1196 1144/3306/1183 1180/3397/1219
f 1131/3398/1170 1174/3399/1213 1158/3400/1197
f 1139/3385/1178 1169/3384/1208 1158/3401/1197
f 1134/3345/1173 1181/3402/1220 1128/3343/1167
f 1170/3349/1209 1120/3180/1159 1077/3075/1116
f 1112/3403/1151 1155/3404/1194 1176/3405/1215
f 1079/3078/1118 1182/3406/1221 1104/3138/1143
f 1182/3407/1221 1081/3408/1120 1104/3409/1143
f 1131/3410/1170 1183/3411/1222 1144/3412/1183
f 1158/3307/1197 1184/943/1223 1145/3263/1184
f 1163/3413/1202 1185/3414/1224 1168/3415/1207
f 1058/3011/1097 1076/3416/1115 1110/3152/1149
f 1002/2826/1038 1103/3136/1142 1186/3417/1225
f 988/2776/1023 1161/3317/1200 1187/3418/1226
f 1158/3419/1197 1169/3420/1208 1168/3421/1207
f 1168/3421/1207 1185/3422/1224 1158/3419/1197
f 1076/3423/1115 1124/3368/1163 1110/3367/1149
f 1099/3127/1138 1188/3424/1227 1132/3329/1171
f 1145/3263/1184 1184/943/1223 1163/3327/1202
f 1058/1097/1097 1189/3425/1228 1076/3426/1115
f 1163/3413/1202 1184/3427/1223 1185/3414/1224
f 1002/2826/1038 1186/3417/1225 1100/3347/1139
f 1135/3351/1174 1178/3428/1217 1171/3352/1210
f 1176/3429/1215 1159/3311/1198 1074/3331/1113
f 988/2776/1023 1187/3418/1226 1148/3274/1187
f 1146/3269/1185 1175/3362/1214 1190/3430/1229
f 1158/3419/1197 1185/3422/1224 1184/3431/1223
f 1134/3235/1173 1171/3369/1210 1181/3432/1220
f 1147/3273/1186 1189/3433/1228 1058/3011/1097
f 1149/3434/1188 1156/3302/1195 1191/3435/1230
f 1166/3333/1205 1165/3436/1204 1035/3184/1074
f 1064/3105/1103 1192/3437/1231 1179/3438/1218
f 1052/3439/1091 1193/3440/1232 1088/3441/1127
f 1051/3442/1090 1193/3440/1232 1052/3439/1091
f 1144/3412/1183 1183/3411/1222 1194/1078/1233
f 1157/3443/1196 1180/3444/1219 1183/3445/1222
f 1157/3443/1196 1183/3445/1222 1131/3446/1170
f 1170/3349/1209 1195/3447/1234 1120/3180/1159
f 1126/3394/1165 1196/3448/1235 1136/3395/1175
f 1194/3057/1233 1180/3449/1219 1144/3450/1183
f 1197/3451/1236 1133/3452/1172 1140/3361/1179
f 1198/3453/1237 1100/3454/1139 1186/3455/1225
f 1199/3456/1238 1186/3417/1225 1103/3136/1142
f 1121/3183/1160 1103/3136/1142 961/2683/991
f 1200/3457/1239 1092/3111/1131 1143/3258/1182
f 1187/3418/1226 1161/3317/1200 1059/3458/1098
f 1201/3300/1240 1156/3302/1195 1086/3202/1125
f 1202/3459/1241 1155/3460/1194 1113/3277/1152
f 1203/3461/1242 1166/3333/1205 1047/2980/1086
f 1140/3361/1179 1146/3309/1185 1204/3462/1243
f 1133/3231/1172 1205/3463/1244 1178/3392/1217
f 1129/3220/1168 1206/3464/1245 1111/3153/1150
f 1196/3465/1235 1047/3466/1086 1136/3118/1175
f 1181/3402/1220 1175/3467/1214 1128/3343/1167
f 1133/3231/1172 1197/3468/1236 1205/3463/1244
f 1171/3469/1210 1207/3470/1246 1181/3402/1220
f 1129/3220/1168 1100/3299/1139 1206/3464/1245
f 1061/3221/1100 1111/3153/1150 1208/3471/1247
f 1061/3472/1100 1208/3473/1247 1121/3474/1160
f 1086/3095/1125 1159/3311/1198 1209/3475/1248
f 1156/3302/1195 1201/3300/1240 1191/3435/1230
f 1166/3333/1205 1203/3461/1242 1165/3436/1204
f 1210/3476/1249 1047/2980/1086 1122/3185/1161
f 1081/3477/1120 1182/3478/1221 1130/3479/1169
f 1177/3480/1216 1193/3440/1232 1051/3442/1090
f 1140/3361/1179 1204/3462/1243 1197/3451/1236
f 1164/3481/1203 1076/3482/1115 1211/3483/1250
f 1076/3426/1115 1189/3425/1228 1212/3484/1251
f 1147/3273/1186 1213/3485/1252 1189/3433/1228
f 1213/3485/1252 1147/3273/1186 1120/3180/1159
f 1092/3111/1131 1200/3457/1239 1160/3486/1199
f 1196/3465/1235 1203/3487/1242 1047/3466/1086
f 1136/3488/1175 1047/3489/1086 1214/3490/1253
f 1180/3444/1219 1194/3491/1233 1183/3445/1222
f 1164/3330/1203 1188/3424/1227 1099/3127/1138
f 1059/3077/1098 1078/3076/1117 1215/3492/1254
f 1126/3239/1165 1165/3332/1204 1196/3493/1235
f 1149/3276/1188 1191/3494/1230 1113/3277/1152
f 1079/3078/1118 1136/3240/1175 1182/3406/1221
f 1178/3392/1217 1205/3463/1244 1171/3495/1210
f 1209/3475/1248 1201/3496/1240 1086/3095/1125
f 1216/3497/1255 1130/3479/1169 1182/3478/1221
f 1217/3498/1256 1218/3499/1257 1219/3500/1258
f 1212/3501/1251 1189/3502/1228 1213/3503/1252
f 1208/3471/1247 1111/3153/1150 1206/3464/1245
f 1220/3504/1259 1103/3136/1142 1121/3183/1160
f 1199/3456/1238 1103/3136/1142 1220/3504/1259
f 1148/3274/1187 1200/3457/1239 1143/3258/1182
f 1165/3505/1204 1203/3506/1242 1196/3507/1235
f 1192/3508/1231 1177/3375/1216 1179/3396/1218
f 1221/3509/1260 1222/3510/1261 1219/3511/1258
f 1221/3509/1260 1219/3511/1258 1218/3512/1257
f 1146/3309/1185 1223/3513/1262 1204/3462/1243
f 1211/3407/1250 1076/3426/1115 1212/3484/1251
f 1206/3464/1245 1100/3299/1139 1198/3514/1237
f 1132/3515/1171 1188/3516/1227 1170/3517/1209
f 1186/3417/1225 1199/3456/1238 1198/3518/1237
f 1155/3460/1194 1202/3459/1241 1176/3519/1215
f 1047/3489/1086 1210/3520/1249 1214/3490/1253
f 1182/3406/1221 1136/3240/1175 1214/3521/1253
f 1130/3222/1169 1122/3185/1161 1046/2979/1085
f 1064/3105/1103 1088/3104/1127 1192/3437/1231
f 1221/3509/1260 1218/3512/1257 1217/3522/1256
f 1190/3523/1229 1223/3513/1262 1146/3309/1185
f 1205/3463/1244 1224/3524/1263 1171/3495/1210
f 1176/3429/1215 1209/3475/1248 1159/3311/1198
f 1207/3470/1246 1225/3525/1264 1181/3402/1220
f 1197/3468/1236 1224/3524/1263 1205/3463/1244
f 1171/3495/1210 1224/3524/1263 1207/3526/1246
f 1120/3180/1159 1195/3447/1234 1213/3485/1252
f 1121/3183/1160 1208/3527/1247 1220/3504/1259
f 1160/3370/1199 1226/3528/1265 1078/3076/1117
f 1160/3529/1199 1200/3530/1239 1226/3531/1265
f 1059/3458/1098 1215/3532/1254 1187/3418/1226
f 1197/3468/1236 1227/3533/1266 1224/3524/1263
f 1181/3402/1220 1225/3525/1264 1175/3467/1214
f 1188/3534/1227 1195/3447/1234 1170/3349/1209
f 1228/3535/1267 1229/3536/1268 1230/3537/1269
f 1219/3500/1258 1231/3538/1270 1217/3498/1256
f 1197/3451/1236 1204/3462/1243 1227/3539/1266
f 1207/3526/1246 1224/3524/1263 1227/3533/1266
f 1175/3467/1214 1223/3540/1262 1190/3541/1229
f 1198/3542/1237 1199/3543/1238 1206/3544/1245
f 1226/3528/1265 1215/3492/1254 1078/3076/1117
f 1191/3494/1230 1201/3545/1240 1232/3546/1271
f 1191/3494/1230 1232/3546/1271 1113/3277/1152
f 1210/3520/1249 1233/3547/1272 1214/3490/1253
f 1193/3548/1232 1177/3375/1216 1192/3508/1231
f 1230/3537/1269 1222/3510/1273 1228/3535/1267
f 1231/3538/1270 1219/3500/1258 1222/3549/1261
f 1234/3550/1274 1235/3551/1275 1236/3552/1276
f 1237/3553/1277 1236/3552/1276 1235/3551/1275
f 1238/3554/1278 1235/3555/1275 1234/3556/1274
f 1211/3557/1250 1212/3501/1251 1164/3558/1203
f 1225/3525/1264 1223/3540/1262 1175/3467/1214
f 1212/3501/1251 1213/3503/1252 1164/3558/1203
f 1220/3559/1259 1208/3560/1247 1206/3544/1245
f 1206/3544/1245 1199/3543/1238 1220/3559/1259
f 1215/3532/1254 1239/3561/1279 1187/3418/1226
f 1216/3562/1255 1182/3406/1221 1214/3521/1253
f 1088/3563/1127 1193/3564/1232 1192/3565/1231
f 1236/3566/1276 1238/3567/1278 1234/3568/1274
f 1239/3561/1279 1148/3274/1187 1187/3418/1226
f 1202/3459/1241 1113/3277/1152 1240/3569/1280
f 1210/3476/1249 1122/3185/1161 1233/3570/1272
f 1228/3571/1281 1221/3572/1260 1241/3573/1282
f 1228/3535/1281 1222/3510/1261 1221/3509/1260
f 1217/3522/1256 1242/3574/1283 1221/3509/1260
f 1235/3555/1275 1238/3554/1278 1237/3575/1277
f 1238/3576/1278 1243/3577/1284 1244/3578/1285
f 1188/3534/1227 1213/3485/1252 1195/3447/1234
f 1148/3274/1187 1239/3561/1279 1200/3457/1239
f 1240/3569/1280 1176/3519/1215 1202/3459/1241
f 1241/3573/1282 1221/3572/1260 1245/3579/1286
f 1228/3580/1281 1236/3581/1287 1222/3582/1261
f 1231/3538/1270 1242/3583/1283 1217/3498/1256
f 1228/1148/1288 1229/2226/1289 1246/3584/1290
f 1244/3578/1285 1237/3585/1277 1238/3576/1278
f 1130/3222/1169 1216/3586/1255 1122/3185/1161
f 1247/3587/1291 1228/3588/1281 1241/3589/1282
f 1236/3581/1287 1231/3590/1270 1222/3582/1261
f 1236/3552/1276 1237/3553/1277 1248/3591/1292
f 1238/3592/1278 1249/3593/1293 1243/3594/1284
f 1213/3485/1252 1188/3534/1227 1164/3595/1203
f 1232/3546/1271 1240/3569/1280 1113/3277/1152
f 1236/3581/1287 1248/3596/1294 1231/3590/1270
f 1249/2715/1293 1244/3597/1285 1243/3598/1284
f 1122/3185/1161 1216/3586/1255 1233/3570/1272
f 1231/3599/1270 1248/3600/1294 1250/3601/1295
f 1237/3602/1277 1244/3603/1285 1251/3604/1296
f 1249/3605/1293 1252/3606/1297 1244/3607/1285
f 1200/3530/1239 1239/3608/1279 1226/3531/1265
f 1242/3574/1283 1231/3609/1270 1221/3509/1260
f 1238/3567/1278 1236/3566/1276 1253/3610/1298
f 1238/3611/1278 1253/3612/1298 1249/3613/1293
f 1244/3614/1285 1254/3615/1299 1251/3616/1296
f 1223/3513/1262 1255/3617/1300 1204/3462/1243
f 1215/3618/1254 1226/3619/1265 1239/3620/1279
f 1209/3475/1248 1256/3621/1301 1201/3496/1240
f 1216/3562/1255 1214/3521/1253 1233/3622/1272
f 1247/3623/1291 1241/3624/1282 1257/3625/1302
f 1237/3602/1277 1251/3604/1296 1248/3626/1292
f 1249/3053/1293 1253/3627/1298 1252/3628/1297
f 1227/3539/1266 1255/3617/1300 1207/3629/1246
f 1244/3630/1285 1252/3631/1297 1254/3632/1299
f 1245/3633/1286 1257/3625/1302 1241/3624/1282
f 1247/3587/1291 1257/3092/1302 1228/3588/1281
f 1221/3634/1260 1250/506/1295 1245/3635/1286
f 1231/3609/1270 1250/3636/1295 1221/3509/1260
f 1228/3637/1281 1248/3638/1294 1236/3639/1287
f 1204/3462/1243 1255/3617/1300 1227/3539/1266
f 1254/3640/1299 1258/3641/1303 1251/3642/1296
f 1176/3643/1215 1240/3644/1280 1209/3645/1248
f 1228/3588/1281 1250/3646/1295 1248/3647/1294
f 1256/3648/1301 1232/3649/1271 1201/3650/1240
f 1257/3092/1302 1250/3646/1295 1228/3588/1281
f 1231/3609/1304 1259/3651/1305 1250/3636/1306
f 1223/3652/1262 1225/3653/1264 1255/3654/1300
f 1207/3470/1246 1255/3655/1300 1225/3525/1264
f 1236/3552/1276 1248/3591/1292 1253/3656/1298
f 1252/3657/1297 1258/3641/1303 1254/3640/1299
f 1245/3658/1286 1250/3659/1295 1257/3660/1302
f 1260/3661/1307 1231/3662/1304 1250/3663/1306
f 1256/3664/1301 1240/3569/1280 1232/3546/1271
f 1250/3636/1306 1259/3651/1305 1260/3665/1307
f 1252/3628/1297 1253/3627/1298 1258/3666/1303
f 1240/3644/1280 1256/3667/1301 1209/3645/1248
f 1231/3662/1304 1260/3661/1307 1259/3668/1305
f 1251/3669/1296 1258/3670/1303 1248/1573/1292
f 1248/1573/1292 1258/3670/1303 1253/3671/1298
f 1261/3672/1308 1262/3673/1309 1263/3674/1310
f 1261/3675/1308 1264/3676/1311 1262/3677/1309
f 1261/3675/1308 1265/3678/1312 1264/3676/1311
f 1266/3679/1313 1267/3680/1314 1268/3681/1315
f 1269/3682/1316 1270/3683/1317 1271/3684/1318
f 1261/3685/1308 1272/3686/1319 1273/3687/1320
f 1261/3672/1308 1263/3674/1310 1272/3688/1319
f 1261/3675/1308 1273/3689/1320 1265/3678/1312
f 1274/3690/1321 1275/3691/1322 1276/3692/1323
f 1276/804/1323 1277/3693/1324 1278/3694/1325
f 1276/3695/1323 1279/3696/1326 1277/3697/1324
f 1280/3698/1327 1281/3699/1328 1282/3700/1329
f 1283/3701/1330 1284/3702/1331 1285/3703/1332
f 1276/804/1323 1286/3704/1333 1274/3705/1321
f 1275/3706/1322 1279/3707/1326 1276/3708/1323
f 1270/3683/1317 1287/3709/1334 1271/3684/1318
f 1271/3684/1318 1287/3709/1334 1285/3710/1332
f 1276/804/1323 1278/3694/1325 1286/3704/1333
f 1282/3700/1329 1288/3711/1335 1289/3712/1336
f 1282/3713/1329 1290/3714/1337 1288/3715/1335
f 1282/3713/1329 1281/3716/1328 1290/3714/1337
f 1291/3717/1338 1292/3718/1339 1293/3719/1340
f 1293/3719/1341 1294/3720/1342 1291/3717/1343
f 1295/3721/1344 1296/3722/1345 1267/3723/1314
f 1297/3724/1346 1285/3703/1332 1284/3702/1331
f 1298/3725/1347 1277/3726/1324 1279/3727/1326
f 1264/3676/1311 1265/3678/1312 1292/3728/1339
f 1271/3729/1318 1297/1135/1346 1269/3730/1316
f 1297/1135/1346 1271/3729/1318 1285/3731/1332
f 1283/3732/1330 1299/3733/1348 1284/3734/1331
f 1277/3735/1324 1298/3228/1347 1278/3736/1325
f 1298/3725/1347 1279/3727/1326 1300/3737/1349
f 1264/3738/1311 1301/3739/1350 1262/3673/1309
f 1262/3673/1309 1301/3739/1350 1263/3674/1310
f 1284/3702/1331 1302/3740/1351 1297/3724/1346
f 1299/3733/1348 1302/3741/1351 1284/3734/1331
f 1290/3714/1337 1281/3716/1328 1303/3742/1352
f 1304/3743/1353 1292/3744/1339 1265/3745/1312
f 1305/3746/1354 1292/3747/1339 1291/3748/1338
f 1266/3749/1313 1306/3750/1355 1267/3751/1314
f 1269/3752/1316 1297/3753/1346 1270/3754/1317
f 1287/3709/1334 1270/3683/1317 1307/3755/1356
f 1286/3704/1333 1308/3756/1357 1274/3705/1321
f 1275/3757/1322 1300/3758/1349 1279/3759/1326
f 1309/3760/1358 1310/3761/1359 1311/3762/1360
f 1310/3763/1359 1312/3764/1361 1311/3765/1360
f 1304/3743/1353 1313/3766/1362 1292/3744/1339
f 1314/3767/1363 1297/3768/1346 1315/3769/1364
f 1264/3770/1311 1292/3771/1339 1305/3772/1354
f 1267/3751/1314 1306/3750/1355 1295/3773/1344
f 1266/3774/1313 1268/3775/1315 1306/3776/1355
f 1272/3688/1319 1263/3674/1310 1273/3777/1320
f 1291/3778/1338 1316/3779/1365 1305/3780/1354
f 1267/3680/1314 1317/3781/1366 1268/3681/1315
f 1285/3710/1332 1318/3782/1367 1283/3732/1330
f 1319/3783/1368 1316/3779/1365 1291/3778/1338
f 1293/3784/1340 1319/3783/1368 1291/3778/1338
f 1282/3700/1329 1289/3712/1336 1280/3698/1327
f 1289/3785/1336 1288/3786/1335 1320/3787/1369
f 1278/3788/1325 1298/3789/1347 1286/3790/1333
f 1303/3791/1352 1281/3792/1328 1280/3793/1327
f 1315/3794/1364 1297/3795/1346 1321/3796/1370
f 1314/3767/1363 1322/3797/1371 1297/3768/1346
f 1264/3798/1311 1305/3799/1354 1301/3800/1350
f 1287/3709/1334 1318/3782/1367 1285/3710/1332
f 1323/3801/1372 1308/3756/1357 1324/3802/1373
f 1286/3803/1333 1298/3804/1347 1325/3805/1374
f 1325/3806/1374 1298/3807/1347 1326/3808/1375
f 1314/3809/1363 1315/3810/1364 1321/3811/1370
f 1307/3812/1356 1322/3813/1371 1314/3814/1363
f 1307/3815/1356 1270/3754/1317 1297/3753/1346
f 1317/3781/1366 1327/3816/1376 1268/3681/1315
f 1299/3733/1348 1283/3732/1330 1318/3782/1367
f 1323/3801/1372 1274/3705/1321 1308/3756/1357
f 1328/3817/1377 1300/3758/1349 1275/3757/1322
f 1329/3818/1378 1330/3819/1379 1331/3820/1380
f 1330/3819/1379 1332/3821/1381 1331/3820/1380
f 1330/3819/1379 1333/3822/1382 1332/3821/1381
f 1316/337/1365 1301/3823/1350 1305/3824/1354
f 1263/3825/1310 1301/3826/1350 1323/3801/1372
f 1296/3827/1345 1317/3781/1366 1267/3680/1314
f 1301/3826/1350 1274/3705/1321 1323/3801/1372
f 1287/3828/1334 1334/3829/1383 1318/3830/1367
f 1289/3831/1336 1334/3829/1383 1287/3828/1334
f 1335/3832/1384 1336/3833/1385 1337/3834/1386
f 1289/3831/1336 1320/3835/1369 1334/3829/1383
f 1308/3836/1357 1286/3837/1333 1325/3838/1374
f 1320/3839/1369 1288/3840/1335 1290/3841/1337
f 1303/3842/1352 1338/3843/1387 1290/3844/1337
f 1321/3811/1370 1339/3845/1388 1314/3809/1363
f 1340/3846/1389 1307/3812/1356 1314/3814/1363
f 1304/3847/1353 1265/3848/1312 1341/3849/1390
f 1322/3797/1371 1307/2537/1356 1297/3768/1346
f 1301/3850/1350 1316/3851/1365 1274/3852/1321
f 1317/3781/1391 1335/3853/1384 1327/3816/1392
f 1317/3781/1366 1336/3854/1385 1335/3853/1384
f 1335/3855/1384 1317/3856/1393 1342/3857/1394
f 1342/3858/1394 1317/3781/1393 1327/3816/1392
f 1327/3859/1392 1335/3860/1384 1342/3861/1394
f 1337/3862/1386 1343/3863/1395 1335/3864/1384
f 1289/3865/1336 1344/3866/1396 1280/3867/1327
f 1300/3868/1349 1345/3869/1397 1298/3870/1347
f 1328/3871/1377 1346/3872/1398 1300/3873/1349
f 1300/3873/1349 1346/3872/1398 1347/1596/1399
f 1303/313/1352 1348/3874/1400 1338/3875/1387
f 1329/3818/1378 1331/3820/1380 1349/3876/1401
f 1331/3820/1380 1332/3821/1381 1350/3877/1402
f 1292/3718/1339 1351/3878/1403 1293/3719/1340
f 1296/3827/1345 1352/3879/1404 1317/3781/1366
f 1317/3880/1366 1352/3881/1404 1336/3882/1385
f 1302/3740/1351 1299/3883/1348 1297/3724/1346
f 1336/3884/1385 1353/3885/1405 1337/3886/1386
f 1274/3852/1321 1328/3887/1377 1275/3888/1322
f 1308/3836/1357 1325/3838/1374 1354/3889/1406
f 1290/3890/1337 1355/3891/1407 1356/139/1408
f 1290/3381/1337 1356/3892/1408 1320/3893/1369
f 1308/3894/1357 1357/3895/1409 1324/3896/1373
f 1298/3897/1347 1345/3898/1397 1326/584/1375
f 1313/3899/1362 1351/3900/1403 1292/3901/1339
f 1265/3902/1312 1273/3903/1320 1263/3904/1310
f 1333/3822/1382 1358/3905/1410 1332/3821/1381
f 1359/3906/1411 1352/3879/1404 1296/3827/1345
f 1360/3907/1412 1361/3908/1413 1317/3909/1414
f 1317/3856/1414 1335/3855/1384 1360/3910/1412
f 1316/3779/1365 1319/3783/1368 1362/3911/1415
f 1363/3912/1416 1344/3913/1396 1289/3914/1336
f 1274/3852/1321 1364/3915/1417 1328/3887/1377
f 1365/3916/1418 1310/582/1359 1309/3917/1358
f 1345/3869/1397 1300/3868/1349 1366/3918/1419
f 1354/3919/1406 1325/3920/1374 1326/3921/1375
f 1348/3922/1400 1303/3791/1352 1280/3793/1327
f 1355/3923/1407 1290/3924/1337 1338/3925/1387
f 1300/3926/1349 1347/3927/1399 1366/3928/1419
f 1312/3929/1361 1367/3930/1420 1311/3931/1360
f 1349/3876/1401 1368/3932/1421 1329/3818/1378
f 1349/3876/1401 1331/3820/1380 1350/3877/1402
f 1369/3933/1422 1263/3934/1310 1370/3935/1423
f 1336/3936/1424 1371/3937/1425 1352/3938/1426
f 1343/3939/1427 1372/3940/1428 1361/3941/1429
f 1360/3942/1412 1343/3943/1395 1361/3944/1413
f 1335/3945/1384 1343/3946/1395 1360/3947/1412
f 1318/3782/1367 1334/3948/1383 1373/3949/1430
f 1289/3950/1336 1287/3951/1334 1374/3952/1431
f 1309/3917/1358 1311/3953/1360 1353/3954/1405
f 1354/3955/1406 1357/3895/1409 1308/3894/1357
f 1356/1913/1408 1375/3956/1432 1376/516/1433
f 1355/3957/1407 1375/3958/1432 1356/3959/1408
f 1356/3960/1408 1376/3961/1433 1320/3962/1369
f 1376/3961/1433 1377/3963/1434 1320/3962/1369
f 1280/3793/1327 1344/3964/1396 1348/3922/1400
f 1355/3957/1407 1338/435/1387 1375/3958/1432
f 1310/3965/1359 1378/3966/1435 1312/3967/1361
f 1367/3930/1420 1312/3929/1361 1378/3968/1435
f 1321/3969/1370 1297/3970/1346 1339/3971/1388
f 1295/3721/1344 1379/3972/1436 1296/3722/1345
f 1268/3775/1315 1327/3973/1376 1306/3776/1355
f 1306/3776/1355 1327/3973/1376 1380/3974/1437
f 1339/3971/1388 1297/3970/1346 1381/3975/1438
f 1297/3724/1346 1382/3976/1439 1381/3977/1438
f 1263/3978/1310 1323/3979/1372 1370/3980/1423
f 1297/3724/1346 1318/3981/1367 1382/3976/1439
f 1383/3982/1440 1352/3983/1404 1359/3984/1411
f 1362/3985/1415 1384/3986/1441 1316/3851/1365
f 1383/3987/1440 1336/3882/1385 1352/3881/1404
f 1361/3908/1413 1343/3988/1395 1383/3989/1442
f 1327/3990/1376 1317/3909/1414 1361/3908/1413
f 1327/3990/1376 1361/3908/1413 1380/3991/1437
f 1297/3724/1346 1299/3883/1348 1318/3981/1367
f 1384/3986/1441 1274/3852/1321 1316/3851/1365
f 1307/3755/1356 1374/3992/1431 1287/3709/1334
f 1353/3885/1405 1385/3993/1443 1337/3886/1386
f 1365/3916/1418 1309/3917/1358 1353/3954/1405
f 1337/3886/1386 1385/3993/1443 1386/3994/1444
f 1347/3385/1399 1346/3995/1398 1366/3996/1419
f 1354/3997/1406 1326/3998/1375 1387/3999/1445
f 1304/4000/1353 1388/4001/1446 1313/4002/1362
f 1314/3809/1363 1389/4003/1447 1340/4004/1389
f 1390/4005/1448 1306/4006/1355 1391/4007/1449
f 1329/3818/1378 1392/4008/1450 1330/3819/1379
f 1293/3719/1340 1351/3878/1403 1393/4009/1451
f 1263/4010/1310 1369/1862/1422 1265/4011/1312
f 1330/3819/1379 1392/4008/1450 1333/3822/1382
f 1296/3827/1345 1394/4012/1452 1359/3906/1411
f 1394/4013/1452 1395/4014/1453 1359/3984/1411
f 1383/3987/1440 1365/4015/1418 1336/3882/1385
f 1359/3984/1411 1395/4014/1453 1383/3982/1454
f 1383/3989/1442 1395/4016/1453 1361/3908/1413
f 1359/3984/1455 1383/3982/1456 1396/4017/1457
f 1323/3979/1372 1397/4018/1458 1370/3980/1423
f 1374/3952/1431 1363/4019/1416 1289/3950/1336
f 1393/4009/1451 1319/4020/1368 1293/3719/1340
f 1344/3964/1396 1398/4021/1459 1348/3922/1400
f 1314/3809/1363 1339/3845/1388 1389/4003/1447
f 1389/4022/1447 1307/3812/1356 1340/3846/1389
f 1329/3818/1378 1368/3932/1421 1392/4008/1450
f 1332/3821/1381 1399/4023/1460 1350/3877/1402
f 1332/3821/1381 1358/3905/1410 1399/4023/1460
f 1395/4016/1461 1400/4024/1462 1365/4025/1463
f 1383/3987/1440 1400/4026/1464 1365/4015/1418
f 1383/3989/1465 1400/4024/1462 1395/4016/1461
f 1383/4027/1442 1343/4028/1395 1400/4029/1466
f 1307/3755/1356 1401/4030/1467 1374/3992/1431
f 1373/3949/1430 1334/3948/1383 1363/4031/1416
f 1353/4032/1405 1311/3931/1360 1402/4033/1468
f 1354/3955/1406 1403/4034/1469 1357/3895/1409
f 1323/3979/1372 1324/4035/1373 1357/3753/1409
f 1311/3931/1360 1367/3930/1420 1402/4033/1468
f 1345/3898/1397 1366/4036/1419 1326/584/1375
f 1404/4037/1470 1375/4038/1432 1348/4039/1400
f 1328/2450/1377 1364/4040/1417 1346/4041/1398
f 1348/4042/1400 1375/4043/1432 1338/4044/1387
f 1304/4000/1353 1341/4045/1390 1388/4001/1446
f 1341/4046/1390 1265/4047/1312 1405/4048/1471
f 1380/4049/1437 1406/4050/1472 1306/2336/1355
f 1395/4016/1453 1380/3991/1437 1361/3908/1413
f 1380/4051/1437 1407/4052/1473 1406/4053/1472
f 1362/4054/1415 1397/4055/1458 1384/4056/1441
f 1402/4057/1468 1385/3993/1443 1353/3885/1405
f 1373/4058/1430 1363/4059/1416 1374/4060/1431
f 1397/4055/1458 1403/4061/1469 1384/4056/1441
f 1337/3862/1386 1386/4062/1444 1408/4063/1474
f 1398/4021/1459 1404/4064/1470 1348/3922/1400
f 1365/3395/1418 1409/4065/1475 1310/3965/1359
f 1366/4066/1419 1387/4067/1445 1326/4068/1375
f 1346/4069/1398 1410/4070/1476 1366/4071/1419
f 1390/4072/1448 1411/4073/1477 1412/455/1478
f 1390/4005/1448 1412/4074/1478 1306/4006/1355
f 1306/3750/1355 1412/4075/1478 1295/3773/1344
f 1306/4076/1355 1406/4077/1472 1413/4078/1479
f 1296/3827/1345 1379/4079/1436 1394/4012/1452
f 1395/4016/1453 1394/4080/1452 1380/3991/1437
f 1400/4081/1466 1394/4082/1452 1365/4083/1418
f 1336/4084/1385 1365/4085/1418 1353/4086/1405
f 1400/4087/1466 1343/4088/1395 1394/4089/1452
f 1307/4090/1356 1381/4091/1438 1401/4092/1467
f 1318/4093/1367 1414/4094/1480 1382/4095/1439
f 1334/2455/1383 1377/4096/1434 1415/4097/1481
f 1354/3997/1406 1387/3999/1445 1403/4061/1469
f 1334/2455/1383 1320/4098/1369 1377/4096/1434
f 1404/4099/1470 1376/4100/1433 1375/4101/1432
f 1364/4040/1417 1410/4102/1476 1346/4041/1398
f 1350/4103/1402 1416/4104/1482 1417/4105/1483
f 1306/4076/1355 1418/4106/1484 1391/4107/1449
f 1307/3812/1356 1389/4022/1447 1381/4108/1438
f 1389/4109/1447 1419/4110/1485 1381/3975/1438
f 1339/3971/1388 1381/3975/1438 1419/4110/1485
f 1412/4111/1478 1420/4112/1486 1421/4113/1487
f 1351/3900/1403 1388/4114/1446 1362/4115/1415
f 1379/4116/1436 1365/4083/1418 1394/4082/1452
f 1406/4077/1472 1422/4117/1488 1413/4078/1479
f 1397/4055/1458 1362/4054/1415 1370/4118/1423
f 1369/3933/1422 1370/3935/1423 1423/4119/1489
f 1319/3783/1368 1393/4120/1451 1362/3911/1415
f 1373/3949/1430 1414/4121/1480 1318/3782/1367
f 1406/4122/1472 1407/4123/1473 1422/1497/1488
f 1384/4056/1441 1403/4061/1469 1424/4124/1490
f 1415/4097/1481 1363/4125/1416 1334/2455/1383
f 1363/4126/1416 1404/4127/1470 1398/4128/1459
f 1363/4129/1416 1415/3314/1481 1404/4130/1470
f 1344/3913/1396 1363/3912/1416 1398/4131/1459
f 1403/4061/1469 1387/3999/1445 1424/4124/1490
f 1409/4065/1475 1378/3966/1435 1310/3965/1359
f 1418/4132/1484 1411/4133/1477 1390/4134/1448
f 1391/4135/1449 1418/4132/1484 1390/4134/1448
f 1349/4136/1401 1350/4103/1402 1417/4105/1483
f 1313/3899/1362 1388/4114/1446 1351/3900/1403
f 1421/4137/1487 1420/4138/1486 1425/4139/1491
f 1350/4103/1402 1399/4140/1460 1416/4104/1482
f 1306/4076/1355 1413/4078/1479 1418/4106/1484
f 1405/4048/1471 1362/4141/1415 1388/4142/1446
f 1412/4143/1478 1421/4144/1487 1426/4145/1492
f 1351/3878/1403 1362/4146/1415 1393/4009/1451
f 1427/4147/1493 1370/3935/1423 1362/4148/1415
f 1428/4149/1494 1407/4150/1473 1380/4151/1437
f 1397/4018/1458 1323/3979/1372 1357/3753/1409
f 1385/3993/1443 1402/4057/1468 1429/4152/1495
f 1274/3852/1321 1430/2661/1496 1364/3915/1417
f 1431/4153/1497 1368/4154/1421 1349/4155/1401
f 1389/4003/1447 1339/3845/1388 1419/4156/1485
f 1411/4073/1477 1425/4157/1491 1412/455/1478
f 1425/4158/1491 1420/4159/1486 1412/3143/1478
f 1412/4160/1478 1379/3972/1436 1295/3721/1344
f 1428/4161/1494 1380/4162/1437 1394/1722/1452
f 1343/3863/1395 1337/3862/1386 1432/4163/1498
f 1433/4164/1499 1333/4165/1382 1392/4166/1450
f 1397/4167/1458 1434/4168/1500 1403/4169/1469
f 1374/3992/1431 1401/4030/1467 1435/4170/1501
f 1367/4171/1420 1436/4172/1502 1437/4173/1503
f 1402/4174/1468 1367/4175/1420 1437/4176/1503
f 1341/4046/1390 1405/4048/1471 1388/4142/1446
f 1438/4177/1504 1392/4178/1450 1368/4179/1421
f 1412/4160/1478 1365/4180/1418 1379/3972/1436
f 1343/3863/1395 1432/4163/1498 1394/4181/1452
f 1382/4182/1439 1401/4183/1467 1381/4184/1438
f 1265/4185/1312 1369/4186/1422 1439/4187/1505
f 1333/4165/1382 1433/4164/1499 1440/4188/1506
f 1403/4034/1469 1434/4189/1500 1441/4190/1507
f 1404/2937/1470 1415/4191/1481 1376/4192/1433
f 1367/3930/1420 1378/3968/1435 1436/4193/1502
f 1376/4194/1433 1415/4195/1481 1377/2430/1434
f 1366/4071/1419 1410/4070/1476 1387/4196/1445
f 1387/4197/1445 1410/2632/1476 1424/4198/1490
f 1431/4199/1497 1438/4177/1504 1368/4179/1421
f 1418/4106/1484 1442/4200/1508 1443/4201/1509
f 1418/4106/1484 1413/4078/1479 1442/4200/1508
f 1428/4161/1494 1394/1722/1452 1432/4202/1498
f 1362/4148/1415 1444/4203/1510 1427/4147/1493
f 1370/3935/1423 1427/4147/1493 1423/4119/1489
f 1333/4165/1382 1445/4204/1511 1358/4205/1410
f 1407/4206/1473 1446/4207/1512 1422/4208/1488
f 1403/4034/1469 1441/4190/1507 1357/3895/1409
f 1421/4137/1487 1425/4139/1491 1447/4209/1513
f 1416/4104/1482 1399/4140/1460 1448/4210/1514
f 1421/4137/1487 1447/4209/1513 1426/4211/1492
f 1412/4160/1478 1449/4212/1515 1365/4180/1418
f 1362/4213/1415 1405/4214/1471 1450/4215/1516
f 1362/4148/1415 1450/4216/1516 1444/4203/1510
f 1337/3862/1386 1408/4063/1474 1432/4163/1498
f 1414/4094/1480 1451/4217/1517 1382/4095/1439
f 1385/3993/1443 1452/4218/1518 1408/4219/1474
f 1385/3993/1443 1408/4219/1474 1386/3994/1444
f 1369/4220/1422 1423/2132/1489 1439/4221/1505
f 1407/4150/1473 1428/4149/1494 1453/4222/1519
f 1434/4223/1500 1397/2688/1458 1441/4224/1507
f 1402/4174/1468 1437/4176/1503 1454/4225/1520
f 1385/4226/1443 1429/4227/1495 1452/4228/1518
f 1455/4229/1521 1429/4230/1495 1402/4231/1468
f 1397/4232/1458 1357/4233/1409 1441/4234/1507
f 1384/3986/1441 1430/2661/1496 1274/3852/1321
f 1430/4235/1496 1410/4102/1476 1364/4040/1417
f 1456/4236/1522 1411/4133/1477 1418/4132/1484
f 1438/4177/1504 1457/4237/1523 1392/4178/1450
f 1433/4238/1499 1392/4178/1450 1457/4237/1523
f 1405/4239/1471 1265/4185/1312 1458/4240/1524
f 1454/4225/1520 1455/4241/1521 1402/4174/1468
f 1459/4066/1525 1454/4242/1520 1437/4243/1503
f 1384/4056/1441 1424/4124/1490 1430/4244/1496
f 1411/4073/1477 1456/4245/1522 1425/4157/1491
f 1428/4246/1494 1432/4247/1498 1460/4248/1526
f 1265/4185/1312 1439/4187/1505 1458/4240/1524
f 1413/4078/1479 1422/4117/1488 1461/4249/1527
f 1333/4165/1382 1440/4188/1506 1445/4204/1511
f 1462/4250/1528 1437/4173/1503 1436/4172/1502
f 1462/4251/1528 1463/4252/1529 1437/4253/1503
f 1374/3992/1431 1464/4254/1530 1373/3949/1430
f 1429/4230/1495 1455/4229/1521 1454/4255/1520
f 1436/4193/1502 1378/3968/1435 1462/4256/1528
f 1407/4206/1473 1453/4257/1519 1446/4207/1512
f 1410/4258/1476 1430/4244/1496 1424/4124/1490
f 1465/4259/1531 1412/4143/1478 1426/4145/1492
f 1399/4140/1460 1466/4260/1532 1448/4210/1514
f 1447/4261/1513 1465/4259/1531 1426/4145/1492
f 1399/4140/1460 1358/4262/1410 1466/4260/1532
f 1365/3395/1418 1462/4263/1528 1409/4065/1475
f 1463/4264/1529 1462/4265/1528 1454/4266/1520
f 1437/4267/1503 1463/4268/1529 1459/4269/1525
f 1373/3949/1430 1464/4254/1530 1414/4121/1480
f 1446/4270/1512 1461/3763/1527 1422/4271/1488
f 1417/4272/1483 1416/4273/1482 1467/4274/1533
f 1413/4275/1479 1468/4276/1534 1442/4277/1508
f 1442/4278/1508 1469/4279/1535 1443/4280/1509
f 1412/4143/1478 1465/4259/1531 1449/4281/1515
f 1408/4063/1474 1470/4282/1536 1432/4163/1498
f 1463/4268/1529 1454/4283/1520 1459/4269/1525
f 1452/4284/1518 1429/4285/1495 1471/4286/1537
f 1378/3968/1435 1409/4287/1475 1462/4256/1528
f 1416/4288/1482 1448/4289/1514 1472/4290/1538
f 1413/4275/1479 1460/4248/1526 1468/4276/1534
f 1449/4291/1515 1432/4247/1498 1365/4292/1418
f 1365/4293/1418 1432/4294/1498 1462/4295/1528
f 1414/4121/1480 1464/4254/1530 1473/4296/1539
f 1456/4236/1522 1418/4132/1484 1474/4297/1540
f 1475/4298/1541 1417/4299/1483 1467/4300/1533
f 1418/4301/1484 1443/4302/1509 1468/4276/1534
f 1460/4248/1526 1425/4303/1491 1456/4304/1522
f 1425/4303/1491 1460/4248/1526 1449/4291/1515
f 1442/4305/1508 1476/4306/1542 1469/4307/1535
f 1447/4209/1513 1425/4139/1491 1477/4308/1543
f 1449/4291/1515 1460/4248/1526 1432/4247/1498
f 1478/4309/1544 1460/4310/1526 1413/4311/1479
f 1479/4312/1545 1462/4295/1528 1432/4294/1498
f 1460/4313/1526 1453/4222/1519 1428/4149/1494
f 1479/4314/1545 1454/4266/1520 1462/4265/1528
f 1471/4315/1537 1429/4230/1495 1454/4255/1520
f 1474/4316/1540 1418/4301/1484 1468/4276/1534
f 1431/4199/1497 1480/4317/1546 1438/4177/1504
f 1456/4304/1522 1468/4276/1534 1460/4248/1526
f 1481/4318/1547 1440/4188/1506 1433/4164/1499
f 1466/4319/1532 1358/4320/1410 1445/4321/1511
f 1452/4322/1518 1470/4323/1536 1408/4324/1474
f 1482/4325/1548 1435/4326/1501 1401/4327/1467
f 1474/4316/1540 1468/4276/1534 1456/4304/1522
f 1461/4249/1527 1478/4328/1544 1413/4078/1479
f 1427/4147/1493 1444/4203/1510 1483/4329/1549
f 1349/4155/1401 1484/4330/1550 1431/4153/1497
f 1475/4298/1541 1485/4331/1551 1417/4299/1483
f 1438/4177/1504 1480/4317/1546 1457/4237/1523
f 1442/4305/1508 1468/4332/1534 1486/4333/1552
f 1449/4291/1515 1487/4334/1553 1425/4303/1491
f 1443/4335/1509 1469/4336/1535 1488/4337/1554
f 1433/4238/1499 1457/4237/1523 1481/4338/1547
f 1405/4339/1471 1489/4340/1555 1450/4341/1516
f 1453/4257/1519 1460/4342/1526 1490/4343/1556
f 1423/4119/1489 1427/4147/1493 1483/4329/1549
f 1414/4094/1480 1473/4344/1539 1451/4217/1517
f 1435/4170/1501 1464/4254/1530 1374/3992/1431
f 1349/4155/1401 1417/4299/1483 1484/4330/1550
f 1443/4345/1509 1491/4346/1557 1468/4347/1534
f 1460/4348/1526 1478/4349/1544 1492/1721/1558
f 1405/4339/1471 1458/4350/1524 1489/4340/1555
f 1445/4321/1511 1440/4351/1506 1466/4319/1532
f 1401/4352/1467 1382/4353/1439 1482/4354/1548
f 1493/4355/1559 1452/4356/1518 1471/4357/1537
f 1452/4356/1518 1493/4355/1559 1470/4358/1536
f 1467/4359/1533 1494/4360/1560 1475/4361/1541
f 1472/4290/1538 1448/4289/1514 1495/4362/1561
f 1442/4305/1508 1486/4333/1552 1476/4306/1542
f 1448/4289/1514 1466/4319/1532 1496/4363/1562
f 1460/4342/1526 1492/4364/1558 1490/4343/1556
f 1497/4365/1563 1479/4312/1545 1432/4294/1498
f 1493/2240/1559 1454/4266/1520 1479/4314/1545
f 1493/4366/1559 1471/4367/1537 1454/4368/1520
f 1498/4369/1564 1431/4153/1497 1484/4330/1550
f 1494/4360/1560 1467/4359/1533 1499/4370/1565
f 1467/4359/1533 1416/4371/1482 1499/4370/1565
f 1500/4372/1566 1416/4371/1482 1472/4373/1538
f 1495/4362/1561 1448/4289/1514 1496/4363/1562
f 1477/4308/1543 1425/4139/1491 1487/4374/1553
f 1465/4375/1531 1447/4209/1513 1477/4308/1543
f 1446/4207/1512 1501/4376/1567 1461/4377/1527
f 1449/4281/1515 1465/4259/1531 1477/4378/1543
f 1496/4363/1562 1466/4319/1532 1440/4351/1506
f 1496/4363/1562 1440/4351/1506 1481/4379/1547
f 1453/4257/1519 1501/4376/1567 1446/4207/1512
f 1498/4380/1564 1502/4381/1568 1431/4382/1497
f 1502/4383/1568 1480/4384/1546 1431/4385/1497
f 1500/4372/1566 1499/4370/1565 1416/4371/1482
f 1449/4281/1515 1477/4378/1543 1487/4386/1553
f 1469/4387/1535 1476/4388/1542 1488/4389/1554
f 1432/4390/1498 1470/4391/1536 1497/4392/1563
f 1494/4393/1560 1485/4394/1551 1475/1107/1541
f 1468/4332/1534 1503/4395/1569 1486/4333/1552
f 1382/4353/1439 1451/4396/1517 1504/4397/1570
f 1439/4398/1505 1423/4119/1489 1483/4329/1549
f 1417/4299/1483 1505/4399/1571 1484/4330/1550
f 1417/4299/1483 1485/4331/1551 1505/4399/1571
f 1495/4400/1561 1500/4372/1566 1472/4373/1538
f 1478/4401/1544 1506/4402/1572 1492/4403/1558
f 1435/4170/1501 1482/4404/1548 1464/4254/1530
f 1490/4343/1556 1501/4376/1567 1453/4257/1519
f 1480/4317/1546 1502/4405/1568 1457/4237/1523
f 1488/4337/1554 1507/4115/1573 1443/4335/1509
f 1502/4405/1568 1481/4338/1547 1457/4237/1523
f 1508/4406/1574 1496/4363/1562 1481/4379/1547
f 1506/4407/1572 1478/4328/1544 1490/4408/1556
f 1490/4408/1556 1478/4328/1544 1461/4249/1527
f 1450/4409/1516 1489/4410/1555 1444/4411/1510
f 1497/4392/1563 1470/4391/1536 1493/4412/1559
f 1506/4413/1572 1490/4414/1556 1492/4415/1558
f 1482/4354/1548 1382/4353/1439 1504/4397/1570
f 1483/4329/1575 1423/4119/1576 1509/4416/1577
f 1495/4362/1561 1496/4363/1562 1508/4406/1574
f 1501/4417/1567 1490/4418/1556 1461/4419/1527
f 1498/4420/1564 1484/4421/1550 1502/4422/1568
f 1484/4421/1550 1510/4423/1578 1508/4406/1574
f 1495/4400/1561 1510/4424/1578 1500/4372/1566
f 1510/4423/1578 1495/4362/1561 1508/4406/1574
f 1484/4425/1550 1511/4426/1579 1510/4427/1578
f 1484/4421/1550 1508/4406/1574 1502/4422/1568
f 1468/2446/1534 1491/4428/1557 1503/4429/1569
f 1451/4430/1517 1473/4431/1539 1464/4432/1530
f 1479/4433/1545 1497/4434/1563 1493/4435/1559
f 1512/4436/1580 1513/4437/1581 1514/4438/1582
f 1499/4439/1565 1485/4440/1551 1494/4441/1560
f 1502/4405/1568 1508/4442/1574 1481/4338/1547
f 1484/4330/1550 1505/4399/1571 1511/4443/1579
f 1514/4438/1582 1515/4444/1583 1512/4436/1580
f 1499/4370/1565 1500/4372/1566 1485/4445/1551
f 1476/4306/1542 1507/4446/1573 1488/4447/1554
f 1482/4404/1548 1504/4448/1570 1464/4254/1530
f 1510/4427/1578 1511/4426/1579 1500/4449/1566
f 1439/4187/1505 1516/4450/1584 1458/4240/1524
f 1515/4444/1583 1517/4451/1585 1512/4436/1580
f 1507/4452/1573 1491/4346/1557 1443/4345/1509
f 1451/4453/1517 1464/4454/1530 1504/1177/1570
f 1444/4203/1510 1489/4455/1555 1483/4329/1549
f 1476/4306/1542 1486/4333/1552 1507/4446/1573
f 1505/4456/1571 1500/4457/1566 1511/4458/1579
f 1500/4457/1566 1505/4456/1571 1485/4459/1551
f 1514/4460/1582 1518/4461/1586 1515/4462/1583
f 1516/4463/1584 1489/4340/1555 1458/4350/1524
f 1439/4187/1505 1483/4464/1549 1516/4450/1584
f 1517/4465/1585 1515/4462/1583 1519/4466/1587
f 1503/4395/1569 1507/4446/1573 1486/4333/1552
f 1491/4346/1557 1507/4452/1573 1503/4467/1569
f 1512/758/1580 1520/4468/1588 1513/4469/1581
f 1514/4470/1582 1513/4471/1581 1518/4472/1586
f 1518/4461/1586 1519/4466/1587 1515/4462/1583
f 1518/4472/1586 1513/4471/1581 1521/4473/1589
f 1489/4455/1555 1516/4474/1584 1483/4329/1549
f 1520/4468/1588 1521/4475/1589 1513/4469/1581
f 1512/4476/1580 1517/4477/1585 1522/4478/1590
f 1520/4468/1588 1512/758/1580 1522/4479/1590
f 1521/4473/1589 1520/4480/1588 1518/4472/1586
f 1519/4466/1587 1518/4461/1586 1523/4481/1591
f 1522/4478/1590 1517/4477/1585 1523/4482/1591
f 1517/4465/1585 1519/4466/1587 1523/4481/1591
f 1520/4480/1588 1524/4483/1592 1518/4472/1586
f 1518/4461/1586 1524/4484/1592 1523/4481/1591
f 1522/4485/1590 1523/4486/1591 1525/4487/1593
f 1524/4484/1592 1525/4488/1593 1523/4481/1591
f 1520/4489/1588 1525/4488/1593 1524/4484/1592
f 1525/4487/1593 1520/4490/1588 1522/4485/1590
f 1526/3198/1594 1527/4491/1595 1528/4492/1596
f 1529/4493/1597 1526/3198/1594 1528/4492/1596
f 1530/4494/1598 1531/4495/1599 1532/576/1600
f 1530/4496/1598 1527/4491/1595 1526/3198/1594
f 1527/4497/1595 1529/4498/1597 1528/529/1596
f 1532/4499/1600 1533/4500/1601 1530/4501/1598
f 1532/4502/1600 1534/4503/1602 1533/4504/1601
f 1530/4494/1598 1535/4505/1603 1531/4495/1599
f 1533/4500/1601 1536/4506/1604 1530/4501/1598
f 1530/4507/1598 1526/4508/1594 1535/4509/1603
f 1527/4510/1595 1537/4511/1605 1529/4512/1597
f 1527/4513/1595 1538/4514/1606 1537/4515/1605
f 1537/4511/1605 1539/4516/1607 1529/4512/1597
f 1531/4517/1599 1534/4503/1602 1532/4502/1600
f 1530/4518/1598 1536/4519/1604 1540/4520/1608
f 1526/4521/1594 1529/4522/1597 1541/4523/1609
f 1529/4524/1597 1539/4525/1607 1541/4526/1609
f 1530/4527/1598 1542/4528/1610 1527/4529/1595
f 1526/4530/1594 1541/4531/1609 1543/4532/1611
f 1531/4533/1599 1535/4534/1603 1534/4535/1602
f 1526/4536/1594 1543/4537/1611 1535/4538/1603
f 1527/4529/1595 1542/4528/1610 1538/4539/1606
f 1536/4540/1604 1544/4541/1612 1540/4542/1608
f 1540/4543/1608 1544/4544/1612 1530/4545/1598
f 1530/4545/1598 1544/4544/1612 1542/4546/1610
f 1542/4547/1610 1536/4548/1604 1537/4549/1605
f 1541/4550/1609 1539/1958/1607 1536/4551/1604
f 1542/4547/1610 1537/4549/1605 1538/4552/1606
f 1535/4553/1603 1541/4554/1609 1536/4555/1604
f 1542/4547/1610 1544/4556/1612 1536/4548/1604
f 1539/4557/1607 1537/4549/1605 1536/4548/1604
f 1533/4504/1601 1534/4503/1602 1545/4558/1613
f 1533/4500/1601 1545/4559/1613 1536/4506/1604
f 1545/4560/1613 1535/4561/1603 1536/2656/1604
f 1535/4562/1603 1543/4563/1611 1541/4564/1609
f 1534/4565/1602 1535/4561/1603 1545/4560/1613
